frequency,avgNoisy,avgData,postFiltering
0.0,228.07828,0.18357553,0.51084477
1.0,253.41321,0.11033166,0.32519424
2.0,258.44537,0.09549304,0.28865942
3.0,255.17647,0.104447566,0.32556385
4.0,248.66675,0.12700781,0.3691622
5.0,245.7315,0.18658805,0.52607656
6.0,258.59836,0.25679886,0.81782806
7.0,249.75473,0.32579294,0.9480933
8.0,256.87357,0.49727526,1.4948158
9.0,258.74243,0.58551717,1.8013787
10.0,256.58835,0.4841862,1.5112306
11.0,266.904,0.3911988,1.2362435
12.0,268.403,0.39105874,1.324431
13.0,273.91953,0.35133708,1.1352131
14.0,271.19827,0.34569463,1.0858042
15.0,269.64258,0.3781782,1.1633765
16.0,278.19135,0.4376711,1.382805
17.0,275.81866,0.62008774,2.0243516
18.0,274.58878,0.692659,2.162903
19.0,283.61935,0.546685,1.7977854
20.0,287.12628,0.60188603,2.0168524
21.0,292.62668,0.6745023,2.2675483
22.0,304.27332,0.6525999,2.2993612
23.0,291.7984,0.7821266,2.7005105
24.0,294.6757,1.0752892,3.5180998
25.0,295.98883,1.1625303,3.985408
26.0,308.18948,1.2633138,4.400175
27.0,317.44922,1.0897408,3.967307
28.0,311.9912,0.66500515,2.4367895
29.0,307.026,0.40532848,1.4119346
30.0,314.7739,0.33001354,1.191821
31.0,330.50797,0.29528606,1.1527343
32.0,326.28217,0.26759326,1.004452
33.0,333.04312,0.24903364,0.9869249
34.0,329.27264,0.23308492,0.9099339
35.0,338.78726,0.22469991,0.8920736
36.0,340.89056,0.20821443,0.8608913
37.0,346.68213,0.18707715,0.7331187
38.0,348.30154,0.18454544,0.74283546
39.0,352.08252,0.17985253,0.72039545
40.0,349.61127,0.16152903,0.67195326
41.0,352.09344,0.16170311,0.6629641
42.0,361.44897,0.16354872,0.678989
43.0,359.77026,0.15291835,0.64196473
44.0,356.85742,0.16613576,0.7084499
45.0,369.82867,0.16285858,0.6768848
46.0,372.84375,0.16069673,0.7229686
47.0,370.77768,0.16394404,0.7086542
48.0,375.69745,0.17991236,0.77469826
49.0,383.72003,0.2073293,0.95904034
50.0,383.05237,0.16993661,0.7395101
51.0,379.63013,0.14380313,0.651867
52.0,382.55283,0.14423576,0.6354491
53.0,394.25763,0.13677213,0.64134926
54.0,387.07773,0.13864526,0.6529117
55.0,391.4893,0.13449174,0.60712713
56.0,389.27826,0.12944347,0.57518864
57.0,383.72937,0.13853304,0.64115316
58.0,403.59442,0.1367973,0.6228568
59.0,390.25146,0.13481846,0.615855
60.0,391.13632,0.14333326,0.6393413
61.0,406.771,0.14639053,0.68079334
62.0,405.54352,0.15061226,0.67987233
63.0,405.25504,0.15999615,0.7363548
64.0,407.2558,0.15632512,0.6974484
65.0,410.73306,0.16130137,0.692378
66.0,394.3022,0.15521346,0.6552539
67.0,404.0938,0.1524696,0.67801905
68.0,412.15475,0.15668854,0.7041779
69.0,419.71613,0.16107558,0.79723316
70.0,425.1829,0.16831034,0.8351217
71.0,410.7201,0.18272321,0.84653515
72.0,414.2824,0.19265,0.88686424
73.0,419.1567,0.19468383,0.84486765
74.0,425.1421,0.20863867,0.99158746
75.0,416.07504,0.23353784,1.1010414
76.0,415.30328,0.25803646,1.1746035
77.0,421.90784,0.28513008,1.4197294
78.0,425.74344,0.30498597,1.4596363
79.0,414.27655,0.32351092,1.5564816
80.0,437.8274,0.33303726,1.7053564
81.0,425.5083,0.35309097,1.798881
82.0,426.03772,0.3418257,1.6433774
83.0,416.88425,0.34401026,1.5106308
84.0,421.34576,0.35517302,1.7231201
85.0,420.07684,0.37953392,1.8078684
86.0,421.0704,0.41483715,1.8649778
87.0,428.4394,0.48781106,2.3657408
88.0,433.2395,0.5263107,2.5828843
89.0,433.86035,0.6214897,3.0217848
90.0,427.4955,0.71764225,3.5357428
91.0,426.45215,0.82727253,3.8768904
92.0,429.37024,0.9132091,4.2250695
93.0,427.0219,0.9452457,4.4940796
94.0,435.68564,0.91815907,4.345464
95.0,429.23932,0.97648746,4.4120135
96.0,418.12665,0.9565716,4.215666
97.0,424.09393,0.9968255,4.8359523
98.0,431.6681,0.99331987,4.935149
99.0,431.17517,1.0437726,4.9357734
100.0,428.35214,1.0869935,5.212878
101.0,426.0739,1.0514269,4.7086215
102.0,436.36285,1.1494039,5.362852
103.0,435.6608,1.167804,5.4721785
104.0,438.79123,1.1484238,5.283009
105.0,443.89233,1.1785479,5.762697
106.0,428.57727,1.2025981,5.7101192
107.0,424.84628,1.2786776,5.5120473
108.0,438.93903,1.3151389,6.318131
109.0,444.96075,1.3477039,6.576179
110.0,437.82953,1.3277427,6.4372654
111.0,443.75684,1.3399197,6.495118
112.0,449.38086,1.3630049,6.7663164
113.0,436.60077,1.3832318,6.8839555
114.0,425.76517,1.3892438,6.524615
115.0,427.99493,1.4509332,6.5887947
116.0,453.10593,1.4423285,7.0818377
117.0,442.9068,1.476714,6.8422284
118.0,454.43594,1.555263,7.477547
119.0,444.3676,1.5368122,7.4092693
120.0,448.33328,1.5712671,5.2593937
121.0,461.64798,1.59153,7.8454013
122.0,474.39435,1.600427,7.8481555
123.0,473.38916,1.5900657,8.153176
124.0,458.22443,1.5163609,7.76352
125.0,474.04474,1.5076841,7.5123243
126.0,479.16367,1.4483043,7.5267196
127.0,481.11206,1.3981136,7.354068
128.0,490.8324,1.4049693,7.5777125
129.0,485.36963,1.3765026,7.344572
130.0,465.40607,1.3407029,6.282585
131.0,461.07623,1.2579606,5.9674067
132.0,450.8883,1.2103224,5.5202394
133.0,440.09143,1.1896627,5.5013385
134.0,437.09418,1.1587172,5.3934937
135.0,433.38422,1.1351705,4.936175
136.0,419.4579,1.1080657,4.977261
137.0,413.0322,1.0934982,4.900313
138.0,407.48376,1.0479834,4.4575696
139.0,415.8247,1.0400653,4.4912224
140.0,407.36163,0.98547214,4.2206964
141.0,396.43326,0.91560936,3.5332255
142.0,399.17813,0.88548064,3.523039
143.0,381.9542,0.8607858,3.465907
144.0,399.98602,0.83838445,3.5343916
145.0,393.86194,0.8298335,3.5025516
146.0,392.58737,0.82357186,3.4971397
147.0,388.61713,0.79531413,3.3439019
148.0,392.24133,0.7909598,3.1037352
149.0,396.7776,0.7889034,3.3959403
150.0,388.47504,0.77123404,3.1416297
151.0,380.01346,0.7898029,3.240778
152.0,386.147,0.8269577,3.4184477
153.0,386.08658,0.8362362,3.2425327
154.0,385.80408,0.8458825,3.4705448
155.0,386.4132,0.8790798,3.6457455
156.0,397.73172,0.8657586,3.7010324
157.0,389.98642,0.8340139,3.385424
158.0,385.67047,0.79421157,3.3524284
159.0,379.11926,0.7440863,2.809099
160.0,381.92133,0.7326277,3.1560886
161.0,385.59848,0.746866,2.8490262
162.0,383.2194,0.7359704,2.9545002
163.0,376.04352,0.71432275,2.8799245
164.0,380.09677,0.674542,2.8326051
165.0,379.4715,0.646069,2.5638793
166.0,390.1076,0.63459927,2.4554627
167.0,380.1893,0.6498852,2.6086392
168.0,375.19733,0.672673,2.7108448
169.0,386.92258,0.673345,2.8348775
170.0,371.31567,0.65616906,2.506888
171.0,368.99408,0.65499383,2.4637089
172.0,382.3099,0.6844879,2.6201863
173.0,379.44144,0.70753694,2.7840383
174.0,370.19983,0.74679995,2.9155455
175.0,377.25745,0.7726633,2.8720815
176.0,368.6492,0.8224423,3.0245376
177.0,367.47717,0.8428978,3.1726627
178.0,384.73584,0.8503662,3.3744967
179.0,373.36237,0.86633253,3.2189825
180.0,384.75745,0.8836955,3.4736073
181.0,380.86926,0.88477415,3.0090632
182.0,384.27597,0.9025879,3.2599175
183.0,365.8994,0.9136506,3.1796682
184.0,380.3694,0.910104,3.305324
185.0,367.60706,0.89935577,3.323251
186.0,368.82797,0.9334211,3.2817345
187.0,378.59995,0.9758592,3.602872
188.0,382.53104,0.9952674,3.913285
189.0,383.49362,0.98644817,3.6422482
190.0,378.8645,0.9778824,3.3804667
191.0,383.331,0.98411435,3.541929
192.0,378.32013,0.9702842,3.6483319
193.0,375.37866,0.9526073,3.514599
194.0,373.82584,0.90359783,3.36128
195.0,375.254,0.9358281,3.461011
196.0,373.2138,0.9310771,3.3961391
197.0,372.00293,0.9766637,3.5538852
198.0,379.44006,0.9995071,3.8081012
199.0,390.58127,1.0082189,3.8984866
200.0,388.89624,1.0065458,3.7125869
201.0,393.02515,0.9859702,3.5155976
202.0,397.91888,1.005359,3.8237786
203.0,393.2748,1.034524,3.8787272
204.0,389.71188,1.0511001,3.73057
205.0,382.17957,1.1126949,4.146283
206.0,388.74203,1.1519122,4.085738
207.0,377.13885,1.1416171,3.9475884
208.0,385.6821,1.1037198,4.08878
209.0,376.53052,1.0647471,3.7437065
210.0,383.73706,1.0641122,3.837724
211.0,377.13458,1.0917177,3.8821323
212.0,370.6949,1.1025866,3.6911273
213.0,380.85278,1.1082059,3.8387978
214.0,377.95505,1.1094874,3.6837056
215.0,373.67755,1.1416879,4.0888014
216.0,375.1206,1.1674072,4.0817137
217.0,379.051,1.1900239,4.3183026
218.0,376.6836,1.2051004,4.198092
219.0,381.2362,1.2069647,4.552976
220.0,374.93597,1.2122558,4.535412
221.0,374.84796,1.1793479,4.0916505
222.0,373.71143,1.19782,4.38018
223.0,375.56973,1.2100736,4.2462797
224.0,361.38947,1.2143146,4.272147
225.0,371.8319,1.2042958,4.072878
226.0,362.7551,1.2137157,4.1501117
227.0,361.42606,1.208381,4.024221
228.0,355.86005,1.1914874,4.077339
229.0,358.69955,1.1961534,4.248193
230.0,356.10126,1.2481405,4.397774
231.0,353.7422,1.2919431,4.462117
232.0,351.87338,1.3173337,4.4718103
233.0,349.0683,1.3607037,4.3853707
234.0,353.93365,1.3875065,4.6762314
235.0,348.28058,1.3861651,4.662911
236.0,338.0533,1.3107078,3.9933753
237.0,337.31824,1.2659116,3.837797
238.0,354.6218,1.2571542,4.1467657
239.0,335.23242,1.2521328,3.7325926
240.0,342.23972,1.2633811,3.747024
241.0,350.878,1.2557997,4.278539
242.0,342.2243,1.2085594,3.710599
243.0,330.8898,1.1532955,3.6560938
244.0,334.53537,1.1461962,3.4231548
245.0,346.7892,1.126596,3.5251665
246.0,333.37366,1.0891445,3.472653
247.0,333.0736,1.1166463,3.5326333
248.0,343.95435,1.0965487,3.3437665
249.0,340.6311,1.0599427,3.3702886
250.0,332.23907,1.0589623,3.1672804
251.0,332.43597,1.0042386,3.0552874
252.0,332.3845,0.9955059,2.9180958
253.0,327.06714,0.9612863,2.9412663
254.0,332.57703,0.9532282,2.9983387
255.0,333.68958,0.96734667,2.874763
256.0,337.9593,0.95804423,2.9724555
257.0,328.23456,0.9402101,2.6800277
258.0,322.649,0.9216899,2.78208
259.0,319.3731,0.86527413,2.710232
260.0,315.18497,0.8600284,2.509991
261.0,325.31226,0.8633345,2.4967635
262.0,322.3026,0.8696654,2.4620712
263.0,333.51648,0.87184805,2.678383
264.0,329.7054,0.8938532,2.570187
265.0,326.8255,0.90562963,2.7128303
266.0,313.511,0.92413646,2.5420427
267.0,320.9148,0.93033195,2.7199402
268.0,325.47897,0.9671974,2.7897358
269.0,321.7539,0.95660514,2.7950642
270.0,322.72015,0.95488393,2.7703192
271.0,319.26166,0.95200163,2.7902331
272.0,311.55392,0.9240451,2.6324239
273.0,318.99463,0.92148405,2.6918101
274.0,324.23227,0.9183102,2.5114474
275.0,308.03583,0.9202015,2.5966027
276.0,304.4096,0.89618015,2.4454913
277.0,303.7144,0.87732184,2.2446854
278.0,309.89117,0.88047606,2.3614283
279.0,315.2825,0.88233733,2.4133382
280.0,307.44376,0.86618453,2.4203403
281.0,313.8121,0.8669821,2.5228329
282.0,308.96597,0.878904,2.4375107
283.0,315.01324,0.8724161,2.5928752
284.0,306.00397,0.84647727,2.3280942
285.0,316.95306,0.85560775,2.382036
286.0,296.80786,0.86473125,2.2607248
287.0,301.8736,0.85067064,2.413214
288.0,300.30493,0.8395455,2.297029
289.0,304.35165,0.83974725,2.3149116
290.0,303.20825,0.81803334,2.2161329
291.0,318.18466,0.81123054,2.2723472
292.0,298.5946,0.8179296,2.120389
293.0,304.45648,0.8430366,2.1981552
294.0,295.385,0.8511551,2.128197
295.0,302.58936,0.86852276,2.3214922
296.0,299.64108,0.8743658,2.185114
297.0,308.70596,0.8617155,2.19451
298.0,299.64795,0.845583,2.3024933
299.0,302.3935,0.8303566,2.2650845
300.0,302.7188,0.8279406,2.1890106
301.0,303.2579,0.8165834,2.373499
302.0,295.56717,0.812862,2.2320957
303.0,295.52905,0.82079345,2.23658
304.0,292.17834,0.81868845,1.9417244
305.0,302.10715,0.8282361,2.2590485
306.0,303.825,0.85205233,2.2396743
307.0,303.69638,0.8759803,2.0996482
308.0,297.23254,0.912118,2.3635721
309.0,299.96838,0.9321087,2.699981
310.0,300.8159,0.9479577,2.5581725
311.0,296.97034,0.94471866,2.4680727
312.0,297.49304,0.9314324,2.3763728
313.0,298.08502,0.9028256,2.3255837
314.0,290.9994,0.88226026,2.2279003
315.0,296.5882,0.88057846,2.402924
316.0,294.68237,0.8828312,2.2072814
317.0,295.65933,0.8736118,2.163442
318.0,297.23547,0.8586039,2.2836657
319.0,293.4127,0.8457924,2.157127
320.0,294.35535,0.85336727,2.2915697
321.0,298.06876,0.8579162,2.1787906
322.0,305.38583,0.86861026,2.3720362
323.0,297.93036,0.8862145,2.2624424
324.0,300.9224,0.88500863,2.335306
325.0,297.15182,0.8492646,2.1729496
326.0,294.72647,0.8018755,1.9372859
327.0,296.8286,0.8001763,1.8735904
328.0,299.9309,0.8102629,2.0117154
329.0,301.63766,0.8360078,2.0915203
330.0,293.1978,0.8622671,2.0999053
331.0,303.7831,0.8822841,2.3394432
332.0,297.49207,0.89559734,2.3971546
333.0,297.9525,0.91834766,2.2777221
334.0,289.88052,0.93116343,2.277908
335.0,294.83038,0.92270607,2.4582388
336.0,303.76993,0.91003996,2.3234918
337.0,292.44928,0.90225977,2.126482
338.0,294.04007,0.89628595,2.2254882
339.0,300.504,0.9036763,2.4992878
340.0,297.3044,0.90453863,2.2821827
341.0,299.2874,0.90601254,2.342871
342.0,295.32385,0.9250936,2.2591107
343.0,302.969,0.926851,2.3492064
344.0,299.83664,0.95495623,2.3380334
345.0,290.16714,0.9775946,2.446379
346.0,296.24152,0.97031754,2.6334662
347.0,291.04926,0.94037956,2.31568
348.0,300.76694,0.9090719,2.243789
349.0,299.0031,0.90623134,2.3146327
350.0,293.01453,0.91029257,2.3140647
351.0,294.99506,0.93319386,2.2355747
352.0,289.16217,0.94198346,2.3003051
353.0,284.57047,0.9585239,2.3065946
354.0,287.5759,0.9470384,2.3263795
355.0,288.07233,0.95055306,2.2446744
356.0,290.33643,0.9854199,2.33724
357.0,298.32898,1.0103894,2.5359874
358.0,299.86945,1.0298527,2.558312
359.0,289.17615,1.0386024,2.6430838
360.0,294.11188,1.0212098,2.640361
361.0,294.94806,0.98123795,2.4844759
362.0,297.4173,0.99834764,2.4491558
363.0,302.0648,1.0158532,2.5612485
364.0,294.15738,1.0095811,2.4337597
365.0,295.34952,1.0125772,2.47168
366.0,286.29245,1.011047,2.3517885
367.0,293.05087,0.99942994,2.3910277
368.0,295.53146,0.9961103,2.5676262
369.0,289.24197,1.0012519,2.370231
370.0,293.71936,1.0195158,2.342297
371.0,291.02597,1.0000129,2.466043
372.0,296.4466,0.99937826,2.477306
373.0,297.05814,1.0036083,2.3956177
374.0,293.4005,0.98056394,2.4036865
375.0,295.07974,0.9767613,2.4339097
376.0,289.78958,0.96801805,2.302607
377.0,298.18286,0.9710869,2.2965362
378.0,297.37512,0.99397296,2.4725766
379.0,296.73004,0.96890885,2.3756652
380.0,295.0758,0.9679938,2.244719
381.0,287.52933,0.97403985,2.4234493
382.0,284.26428,1.0023676,2.3396366
383.0,296.93323,0.9848354,2.3157103
384.0,297.6709,0.98389053,2.5106442
385.0,289.16705,0.99613804,2.4642987
386.0,288.79962,0.9839443,2.2505312
387.0,293.244,0.9851493,2.369289
388.0,293.26328,0.9908833,2.3789098
389.0,297.9858,0.99745506,2.4140637
390.0,308.22394,1.0087979,2.5263295
391.0,299.1276,1.0028757,2.5933118
392.0,293.48395,1.0221332,2.4969063
393.0,297.55164,1.0705447,2.539315
394.0,295.1893,1.0361254,2.5944457
395.0,298.1099,1.0198219,2.5874364
396.0,298.60107,1.008882,2.4520915
397.0,294.98187,0.9846538,2.4685807
398.0,294.59628,0.9856875,2.5237768
399.0,295.39038,0.9664463,2.4563382
400.0,291.7488,0.9508362,2.308709
401.0,289.97964,0.9690637,2.2208393
402.0,293.24524,0.96395236,2.280357
403.0,293.92807,0.9452163,2.247224
404.0,289.35556,0.94468814,2.0834613
405.0,292.37442,0.95347166,2.2862844
406.0,296.4154,0.9303643,2.2746918
407.0,294.41718,0.92361814,2.1434758
408.0,290.52243,0.923688,2.2029228
409.0,293.43408,0.9139917,2.3147671
410.0,289.1281,0.9143229,2.2256947
411.0,294.18024,0.92571664,2.1869261
412.0,300.66425,0.9522614,2.4810166
413.0,297.89856,0.95840955,2.4098105
414.0,290.57617,0.9376199,2.16388
415.0,296.97345,0.9185564,2.271242
416.0,289.70514,0.9097772,2.112591
417.0,290.0703,0.90707684,2.1296918
418.0,294.49252,0.9068991,2.154209
419.0,299.9093,0.9101053,2.2036672
420.0,288.4931,0.90704393,2.187973
421.0,297.52847,0.910588,2.2207224
422.0,300.7724,0.9054545,2.1356022
423.0,289.77557,0.89769804,2.1628146
424.0,287.40204,0.8916089,2.1816435
425.0,299.6091,0.8899118,2.276218
426.0,289.18347,0.9103081,2.2333446
427.0,297.87122,0.925029,2.3220966
428.0,302.38617,0.92585564,2.309413
429.0,285.9406,0.9078785,2.0674527
430.0,289.99118,0.8854432,2.125345
431.0,290.21298,0.88437986,2.1597204
432.0,290.1238,0.8720298,2.0440977
433.0,291.63824,0.8594951,1.9514058
434.0,289.59775,0.8692796,2.078619
435.0,291.18097,0.8717959,2.174242
436.0,294.5652,0.8548989,2.028662
437.0,301.69052,0.8549023,2.2130198
438.0,297.0833,0.8553753,2.1263363
439.0,290.01794,0.83779377,2.0014145
440.0,299.5594,0.8307998,2.0451376
441.0,299.75366,0.82863265,2.0152297
442.0,298.45407,0.8316798,2.0533338
443.0,290.97006,0.8332513,2.0074368
444.0,295.58072,0.826604,1.9599625
445.0,306.29645,0.8132077,1.9250101
446.0,293.0671,0.8261042,2.0312963
447.0,301.13895,0.8389744,2.0483794
448.0,289.89423,0.8296517,1.8424134
449.0,291.35046,0.8145546,1.8920912
450.0,292.33383,0.80891544,1.8699725
451.0,294.48535,0.8061466,2.0093272
452.0,297.4974,0.8074441,2.0746622
453.0,294.68268,0.800383,1.9559349
454.0,299.19568,0.7649857,1.8204478
455.0,292.4489,0.76729494,1.8514861
456.0,295.78082,0.78609425,1.8610561
457.0,283.7274,0.8212591,1.8820536
458.0,286.32104,0.8413173,1.8921927
459.0,291.08994,0.8445481,1.868334
460.0,294.0392,0.8509186,2.0178761
461.0,291.32986,0.8666345,1.9030863
462.0,295.21835,0.8684717,2.1247737
463.0,293.7008,0.8747918,2.0671313
464.0,293.50607,0.8562184,2.034423
465.0,292.946,0.8386682,2.0934896
466.0,292.59293,0.8303306,2.000735
467.0,290.8766,0.8321429,2.0874724
468.0,283.54962,0.840357,1.7919924
469.0,306.88586,0.86274105,2.1572163
470.0,296.72025,0.8665633,2.193686
471.0,293.4227,0.8443441,1.9358703
472.0,298.59573,0.85848355,1.9548208
473.0,298.33618,0.8891842,2.1773286
474.0,293.957,0.87315893,2.0713768
475.0,297.08673,0.8913742,2.1687233
476.0,294.3751,0.91567266,2.1963818
477.0,297.42877,0.9000812,2.0274482
478.0,291.8984,0.9137185,2.0981035
479.0,288.78522,0.9644647,2.276212
480.0,289.12225,0.9973612,2.3710513
481.0,288.80682,1.0015111,2.2482812
482.0,287.67065,0.9756599,2.300269
483.0,290.8531,0.9606905,2.3087335
484.0,290.67114,0.9729906,2.23303
485.0,288.42722,0.9677088,2.223568
486.0,288.92343,0.9714266,2.2090693
487.0,286.4284,0.9849069,2.1592665
488.0,289.5941,0.98200196,2.287666
489.0,284.17584,0.9664402,2.0607681
490.0,290.77072,0.9679173,2.3037846
491.0,295.6306,0.9305721,2.2113872
492.0,284.07303,0.8765009,1.9235225
493.0,286.6351,0.89107627,1.9930738
494.0,288.97745,0.92744434,2.1282642
495.0,286.45816,0.9174125,2.1490703
496.0,290.57733,0.86510855,2.0625951
497.0,284.51065,0.8431519,2.0420763
498.0,294.7372,0.8536642,1.9074181
499.0,283.07257,0.84114957,1.8816142
500.0,285.29474,0.81885904,1.88472
501.0,288.73303,0.7798983,1.8726621
502.0,287.04425,0.76133317,1.7067924
503.0,286.06113,0.77166724,1.791146
504.0,288.9553,0.7419026,1.6582333
505.0,289.1485,0.7005361,1.7272644
506.0,283.41983,0.70386523,1.5787076
507.0,277.9962,0.7150196,1.5946251
508.0,281.9514,0.7165875,1.6071903
509.0,284.8245,0.7224518,1.6942827
510.0,279.09634,0.73574543,1.6298947
511.0,287.82785,0.7425353,1.7002745
512.0,287.1465,0.74105924,1.7589998
513.0,291.4063,0.73588055,1.6926086
514.0,288.89883,0.72450984,1.637457
515.0,283.734,0.7155871,1.554032
516.0,274.08603,0.72206086,1.669396
517.0,281.84457,0.6950809,1.6769856
518.0,291.3082,0.69515043,1.5493318
519.0,281.29468,0.71220493,1.5328852
520.0,289.46884,0.746736,1.718457
521.0,287.84778,0.77279556,1.8124715
522.0,278.0011,0.80967885,1.7940083
523.0,283.9086,0.8255109,1.8409513
524.0,291.19598,0.83411753,2.0510054
525.0,296.4571,0.81590366,2.0160773
526.0,289.48508,0.8161455,1.9060147
527.0,295.57178,0.81405145,1.7934433
528.0,290.62976,0.80981183,1.8821337
529.0,289.1375,0.793892,1.8270601
530.0,286.2647,0.7890043,1.8028061
531.0,284.84827,0.7791007,1.7351173
532.0,292.74564,0.76308656,1.8497521
533.0,290.63214,0.7607783,1.7254695
534.0,282.14,0.76752466,1.7128236
535.0,292.4882,0.765764,1.8056681
536.0,284.3134,0.73878086,1.702662
537.0,283.45517,0.7054958,1.5376401
538.0,273.9187,0.7008498,1.6165937
539.0,287.37436,0.72246873,1.5329492
540.0,283.66113,0.73378253,1.5383404
541.0,290.49243,0.7301426,1.5925033
542.0,282.52075,0.71458405,1.6742235
543.0,278.60364,0.70006496,1.6102169
544.0,281.41754,0.71613246,1.6681612
545.0,286.4363,0.7290034,1.6200719
546.0,286.72263,0.7284762,1.5467558
547.0,293.24225,0.7167853,1.6861439
548.0,282.29938,0.71651983,1.6724
549.0,284.17517,0.7140167,1.739874
550.0,289.3819,0.69924736,1.6698124
551.0,288.4549,0.7037098,1.5781398
552.0,286.20624,0.7136019,1.5526574
553.0,285.05692,0.7148709,1.6255765
554.0,288.3046,0.70135033,1.6983167
555.0,282.63068,0.6962378,1.5343841
556.0,289.28903,0.68915087,1.51512
557.0,288.30597,0.6818878,1.5360323
558.0,290.469,0.6935104,1.707436
559.0,286.3019,0.7078159,1.6195483
560.0,288.87714,0.70405173,1.6197565
561.0,278.96783,0.6859463,1.4938318
562.0,277.99454,0.6687427,1.5507259
563.0,279.75992,0.65921396,1.5798951
564.0,276.37683,0.66528684,1.5034077
565.0,275.65485,0.65862334,1.4669136
566.0,280.47745,0.6514955,1.4597995
567.0,274.1916,0.65798223,1.5210757
568.0,275.52496,0.64439917,1.5077617
569.0,283.3883,0.6168705,1.4333601
570.0,279.75766,0.64311004,1.4686185
571.0,276.2223,0.6682229,1.5111372
572.0,277.1676,0.6649504,1.4379963
573.0,280.8338,0.66384244,1.5157596
574.0,278.9211,0.658189,1.4650918
575.0,279.5777,0.6564101,1.4488523
576.0,285.00543,0.6495127,1.4367621
577.0,275.92432,0.62231797,1.4767461
578.0,275.56314,0.62236756,1.3760872
579.0,279.44022,0.6479299,1.4518427
580.0,277.9177,0.63920933,1.4485453
581.0,278.87585,0.5993824,1.3158112
582.0,277.4632,0.6021625,1.2152678
583.0,280.47604,0.6021357,1.2873957
584.0,278.9928,0.5895649,1.313095
585.0,280.23737,0.5953872,1.3895622
586.0,282.6167,0.60733205,1.4182574
587.0,278.91333,0.59804213,1.3746989
588.0,282.29034,0.5684587,1.2890189
589.0,276.93823,0.5701996,1.2716795
590.0,279.52176,0.60784185,1.2850665
591.0,278.17126,0.62761265,1.3853427
592.0,289.03302,0.6056238,1.3257354
593.0,291.3754,0.5962485,1.4492608
594.0,288.89505,0.57401043,1.4476072
595.0,273.44962,0.5548011,1.2541349
596.0,276.64386,0.5694923,1.2703544
597.0,274.84515,0.5941874,1.3431407
598.0,288.24173,0.58770007,1.3323832
599.0,283.91833,0.5574994,1.2556971
600.0,283.22147,0.545311,1.2460617
601.0,280.36676,0.5413542,1.2154336
602.0,285.96973,0.5533953,1.3249719
603.0,287.26218,0.5438106,1.287912
604.0,288.24066,0.5542257,1.2869864
605.0,280.60364,0.5623515,1.2407299
606.0,287.33905,0.53866637,1.2755743
607.0,290.9267,0.51281095,1.2930529
608.0,284.84985,0.5378822,1.3170679
609.0,288.04254,0.5789907,1.3980182
610.0,289.0994,0.571524,1.312925
611.0,289.0146,0.5478208,1.338729
612.0,282.69614,0.5500294,1.2678491
613.0,280.08545,0.56225616,1.3005874
614.0,285.46463,0.571155,1.4053463
615.0,275.94748,0.55133784,1.2081872
616.0,280.35297,0.56522787,1.3025903
617.0,281.65405,0.55293465,1.2834526
618.0,282.9087,0.53807366,1.1939946
619.0,287.09583,0.5097764,1.1848507
620.0,277.4295,0.52076954,1.201339
621.0,281.5498,0.5286818,1.2611264
622.0,281.08707,0.54490006,1.2483386
623.0,279.49414,0.577491,1.3181325
624.0,278.69287,0.5913245,1.3511372
625.0,277.3981,0.58336353,1.2375672
626.0,284.79105,0.5775984,1.3135282
627.0,277.29074,0.59347314,1.3462538
628.0,274.91687,0.5873712,1.2591428
629.0,272.59662,0.5807266,1.290172
630.0,286.4317,0.57021624,1.2579604
631.0,278.9453,0.55376786,1.2360624
632.0,276.49606,0.5414297,1.1928376
633.0,283.29605,0.5470153,1.2465535
634.0,282.82553,0.5429797,1.2197464
635.0,282.5315,0.5441424,1.2881196
636.0,276.5603,0.56360793,1.2889277
637.0,274.70984,0.54003656,1.2409619
638.0,281.6348,0.53290904,1.3135756
639.0,288.0773,0.518937,1.2483332
640.0,282.2786,0.4943283,1.1099322
641.0,279.88086,0.48516634,1.0876487
642.0,281.48514,0.4823042,1.1168092
643.0,284.48056,0.5030058,1.1393055
644.0,285.61212,0.50415903,1.1452403
645.0,285.80823,0.50407237,1.2527373
646.0,284.67065,0.52869946,1.2229192
647.0,282.63373,0.51739496,1.2056087
648.0,279.15973,0.5176436,1.174451
649.0,282.65686,0.50274307,1.1601397
650.0,281.4903,0.4935479,1.115445
651.0,292.4911,0.50084305,1.1821733
652.0,295.595,0.48493075,1.1999271
653.0,297.6876,0.46468163,1.0500206
654.0,307.84912,0.44977117,1.1385434
655.0,309.01712,0.4462902,1.1137347
656.0,304.53687,0.45229545,1.1392461
657.0,305.5063,0.45237866,1.0206007
658.0,305.49542,0.44383234,1.1243882
659.0,310.74896,0.43483204,1.1039826
660.0,306.79385,0.43273845,1.1055874
661.0,302.72778,0.43722457,1.0295655
662.0,312.994,0.44914892,1.1297948
663.0,321.55127,0.44197363,1.1480507
664.0,315.14243,0.41930845,1.0738913
665.0,320.5986,0.43700293,1.1230929
666.0,319.0731,0.45808682,1.1949338
667.0,311.2625,0.4593797,1.1238716
668.0,317.85626,0.4636573,1.1922492
669.0,321.82336,0.46019953,1.1990601
670.0,321.63663,0.43667623,1.0937855
671.0,314.87555,0.43452466,1.0584099
672.0,307.08264,0.44423985,1.1011194
673.0,310.18533,0.43826517,1.1690325
674.0,304.2931,0.42001024,1.0418541
675.0,315.1611,0.42193946,1.1276804
676.0,317.70605,0.43772042,1.1127962
677.0,317.49295,0.43537116,1.1635554
678.0,325.50647,0.42755884,1.0930985
679.0,316.87622,0.42798924,1.0498167
680.0,310.2524,0.40678564,1.126618
681.0,308.8702,0.3988964,1.0757324
682.0,320.66663,0.42325434,1.1375655
683.0,322.36575,0.44777173,1.2007805
684.0,323.9883,0.43665457,1.1155866
685.0,320.62643,0.41545695,1.1602397
686.0,329.49353,0.41898078,1.1279026
687.0,328.97263,0.44010502,1.1735758
688.0,339.99908,0.44575638,1.3005717
689.0,344.6837,0.43028095,1.1894015
690.0,352.73584,0.42985803,1.2049148
691.0,352.05075,0.44531438,1.2445251
692.0,359.04053,0.4434034,1.3058835
693.0,358.06906,0.4238173,1.193096
694.0,346.07492,0.40449187,1.0950164
695.0,346.56006,0.4060983,1.1279651
696.0,342.5449,0.41609803,1.1725342
697.0,339.41846,0.42665568,1.1029627
698.0,322.0026,0.42238548,1.0496762
699.0,332.35715,0.42719173,1.1805506
700.0,324.0202,0.4365389,1.2239575
701.0,335.864,0.43917224,1.2826595
702.0,337.7818,0.42781243,1.2373871
703.0,337.04364,0.40352824,1.0698241
704.0,331.00824,0.4150479,1.1362016
705.0,333.09265,0.4147085,1.142624
706.0,333.7442,0.40369514,1.1383095
707.0,326.82446,0.37959138,1.0529622
708.0,314.1223,0.37982088,0.9662182
709.0,322.8569,0.38925192,1.1008607
710.0,318.17908,0.38333976,1.0423468
711.0,311.96906,0.36868492,0.91676486
712.0,309.95602,0.35869417,0.9264985
713.0,312.17987,0.36258814,0.96394724
714.0,314.58176,0.3709023,0.93847215
715.0,327.5903,0.36500204,0.9929785
716.0,325.34113,0.35962865,0.9853843
717.0,327.6253,0.3506041,0.9333674
718.0,324.61343,0.35713017,0.9276541
719.0,328.13126,0.34674472,0.8916514
720.0,323.93976,0.3228428,0.86340153
721.0,332.42868,0.31449887,0.88020617
722.0,335.2989,0.31940672,0.93402886
723.0,322.43555,0.3184153,0.82340926
724.0,329.89072,0.32770026,0.87612355
725.0,342.7129,0.34958902,1.0012008
726.0,345.46442,0.35247847,1.0282234
727.0,341.18283,0.3590901,0.9974999
728.0,337.92648,0.356124,1.0850712
729.0,346.31018,0.36637047,1.0757293
730.0,343.35596,0.37526026,1.0781801
731.0,339.67908,0.35857323,1.1089077
732.0,340.54367,0.3568681,1.0539501
733.0,333.76743,0.35484847,1.0458499
734.0,321.9345,0.3534367,0.9855516
735.0,310.79437,0.35840222,0.98641896
736.0,302.2424,0.34787035,0.880533
737.0,303.87943,0.34718537,0.8691122
738.0,302.12677,0.3516054,0.89101887
739.0,296.1666,0.34888822,0.8531859
740.0,290.10358,0.35816953,0.8813894
741.0,296.85605,0.35467345,0.90207106
742.0,307.3728,0.34096706,0.89234746
743.0,306.33432,0.34261766,0.90238243
744.0,303.92526,0.3438606,0.85024446
745.0,301.252,0.3502098,0.90481573
746.0,291.76135,0.33785915,0.8122241
747.0,296.143,0.31106082,0.78232336
748.0,295.83957,0.29727343,0.7070554
749.0,289.9433,0.29027233,0.66237086
750.0,290.4325,0.2922311,0.6977366
751.0,297.25543,0.3149932,0.7773585
752.0,286.29044,0.32106116,0.80041116
753.0,281.31393,0.30754003,0.71398735
754.0,277.9201,0.30323267,0.7028394
755.0,281.27225,0.29817554,0.7069976
756.0,272.95404,0.2898866,0.68022406
757.0,268.0336,0.3098688,0.7144771
758.0,271.35248,0.3166935,0.7059524
759.0,270.22824,0.3021186,0.6872792
760.0,264.89526,0.29016867,0.63600445
761.0,247.94286,0.2920693,0.598637
762.0,261.70453,0.2791254,0.5746736
763.0,256.1331,0.29182243,0.65150124
764.0,254.56407,0.30246562,0.6289033
765.0,269.66696,0.30257913,0.6539867
766.0,267.9815,0.2879066,0.6446647
767.0,266.7907,0.28050768,0.62335163
768.0,266.84222,0.28690374,0.6335499
769.0,271.8545,0.29453763,0.64423066
770.0,264.64685,0.3073855,0.70610267
771.0,272.1788,0.31669092,0.7312112
772.0,264.75192,0.30525118,0.6840915
773.0,277.71307,0.2752462,0.63508123
774.0,276.21622,0.26432198,0.60375637
775.0,278.86462,0.27593195,0.67751795
776.0,279.7636,0.29174942,0.6817515
777.0,284.45233,0.3032071,0.7453812
778.0,279.99026,0.3126121,0.78655064
779.0,282.45557,0.31621277,0.7376663
780.0,279.89185,0.3056583,0.7144613
781.0,278.10092,0.28771257,0.6425117
782.0,275.77884,0.28614566,0.70679826
783.0,272.82635,0.29606298,0.67665595
784.0,272.37558,0.29899645,0.69139606
785.0,268.5456,0.29564944,0.6885853
786.0,268.8815,0.2843482,0.6657416
787.0,263.16956,0.2830092,0.6478413
788.0,264.76224,0.2981947,0.6834329
789.0,257.21912,0.3034302,0.66908216
790.0,249.06902,0.29521528,0.68472046
791.0,248.99107,0.28253853,0.60988015
792.0,259.5898,0.26957846,0.616113
793.0,261.6958,0.2755565,0.5808233
794.0,261.80508,0.27836636,0.6120641
795.0,249.32434,0.27639416,0.58854055
796.0,250.09846,0.27360597,0.5625329
797.0,238.81882,0.2634447,0.5408306
798.0,252.11502,0.26087698,0.57907915
799.0,240.48906,0.2711935,0.5461365
800.0,234.32083,0.28311062,0.5762498
801.0,233.25839,0.2871528,0.5816336
802.0,229.58954,0.2781105,0.5693288
803.0,221.15587,0.26221275,0.5192827
804.0,218.069,0.26295954,0.4764546
805.0,213.36482,0.2644401,0.4556329
806.0,214.1553,0.26325977,0.45896435
807.0,215.12991,0.26269796,0.46953136
808.0,210.16466,0.27344206,0.5024486
809.0,209.19368,0.27840137,0.51010627
810.0,208.23238,0.27522787,0.49616596
811.0,209.97852,0.26966968,0.47535157
812.0,204.4292,0.25641212,0.45129892
813.0,204.9545,0.26039293,0.43920267
814.0,199.22601,0.26403362,0.42726943
815.0,194.2839,0.2646051,0.4419394
816.0,196.16626,0.2647795,0.40343055
817.0,189.19669,0.27174306,0.4263338
818.0,195.3126,0.2739313,0.47023407
819.0,194.67221,0.27197897,0.44751367
820.0,196.81264,0.27239895,0.45038542
821.0,184.58824,0.26710758,0.38890263
822.0,184.70389,0.25970402,0.3892607
823.0,178.10237,0.26543823,0.40670365
824.0,176.86736,0.25528607,0.41791475
825.0,176.3937,0.25063127,0.3692307
826.0,178.89722,0.24927656,0.39715418
827.0,179.13174,0.24206957,0.3778432
828.0,174.75243,0.25276628,0.3587003
829.0,170.64522,0.25830665,0.3697078
830.0,168.80682,0.2630061,0.3781145
831.0,172.40648,0.2714476,0.423215
832.0,169.77325,0.27005136,0.40972105
833.0,166.57263,0.2824284,0.39601234
834.0,167.06328,0.29014042,0.4112185
835.0,166.22397,0.28670105,0.4252893
836.0,165.61476,0.27871963,0.42606428
837.0,162.7496,0.26636347,0.38894507
838.0,162.52432,0.26495543,0.3796262
839.0,163.45238,0.2721629,0.36398336
840.0,161.25247,0.2709383,0.3744417
841.0,156.3518,0.2638009,0.35732076
842.0,156.70993,0.2558519,0.33427665
843.0,158.05504,0.24870351,0.35053983
844.0,157.6822,0.25431076,0.32131267
845.0,159.43604,0.25953004,0.3628677
846.0,151.27585,0.25491866,0.32356605
847.0,153.65097,0.2440391,0.32943714
848.0,151.72195,0.2538196,0.3350991
849.0,144.85136,0.26018462,0.34772667
850.0,147.67975,0.25577644,0.32047582
851.0,151.99556,0.26434058,0.36208424
852.0,148.15047,0.26846108,0.37206277
853.0,141.84668,0.2630032,0.34032613
854.0,147.13342,0.25865775,0.33897355
855.0,144.03674,0.26205048,0.32035673
856.0,145.84172,0.25642,0.31725883
857.0,137.97235,0.25367033,0.30730397
858.0,144.57156,0.25780368,0.32003266
859.0,144.07352,0.26126292,0.34214205
860.0,143.26143,0.25776932,0.32460043
861.0,144.96109,0.25555268,0.31882015
862.0,144.98314,0.25638056,0.31315356
863.0,143.92451,0.2541724,0.3176463
864.0,148.77812,0.25040016,0.3092861
865.0,152.14572,0.25130722,0.34107596
866.0,151.61548,0.24707125,0.33137968
867.0,151.58507,0.23323964,0.30946028
868.0,156.58636,0.22735219,0.31790957
869.0,159.41113,0.2320181,0.33765697
870.0,161.70229,0.2305337,0.3315341
871.0,163.10541,0.22631286,0.32962966
872.0,164.11378,0.22735661,0.31111938
873.0,160.17667,0.23010938,0.31669566
874.0,157.11325,0.22995219,0.30062252
875.0,157.734,0.23100705,0.31841573
876.0,149.3306,0.23448612,0.30232334
877.0,149.77892,0.2353293,0.29387027
878.0,146.09256,0.22715235,0.2928923
879.0,144.00922,0.21504346,0.27330235
880.0,135.11748,0.21667008,0.25600398
881.0,131.84952,0.20828658,0.22974467
882.0,134.4078,0.19790901,0.23735753
883.0,127.97516,0.20255993,0.23366271
884.0,127.9129,0.21290949,0.23881039
885.0,121.956,0.21585117,0.22329709
886.0,121.21939,0.21369778,0.22612196
887.0,120.12515,0.21270685,0.2263292
888.0,123.07715,0.21136414,0.23547594
889.0,119.66121,0.21270129,0.23289989
890.0,118.641975,0.2102396,0.20705238
891.0,117.12595,0.20675313,0.21924904
892.0,113.5139,0.2029313,0.21428184
893.0,108.15139,0.19999674,0.18376525
894.0,107.96004,0.2037172,0.1914785
895.0,108.81331,0.2099755,0.20649862
896.0,106.31602,0.21528003,0.2177957
897.0,106.29941,0.21262777,0.20193435
898.0,103.35751,0.20487154,0.18087022
899.0,102.67973,0.1962073,0.17839126
900.0,100.19214,0.1932419,0.17535207
901.0,98.397545,0.20093775,0.18268268
902.0,97.94821,0.21110518,0.18431392
903.0,93.799736,0.2166174,0.18489937
904.0,95.08314,0.21857652,0.19025654
905.0,92.30007,0.21593381,0.16878007
906.0,95.4173,0.21276912,0.18554607
907.0,91.45652,0.21744393,0.1738348
908.0,89.7035,0.2243396,0.17228827
909.0,89.24005,0.22292219,0.19117498
910.0,86.64044,0.21397555,0.16858539
911.0,87.84422,0.20819327,0.16808066
912.0,86.59917,0.21025394,0.17254363
913.0,84.243935,0.2093929,0.1569899
914.0,82.56791,0.20861253,0.1534744
915.0,80.612686,0.20705806,0.15872453
916.0,79.63677,0.19847374,0.1375035
917.0,78.377045,0.19359672,0.12815951
918.0,79.268364,0.19925024,0.14054978
919.0,77.42498,0.20250094,0.13881494
920.0,77.39222,0.20747331,0.13875602
921.0,72.31812,0.20824137,0.1384569
922.0,74.05407,0.20165177,0.13280362
923.0,71.9478,0.21762036,0.13377576
924.0,70.40229,0.22324744,0.14731272
925.0,69.90651,0.21875095,0.1329175
926.0,69.782196,0.21601722,0.14385019
927.0,66.9785,0.20965722,0.12790962
928.0,66.33849,0.21337987,0.13019039
929.0,64.82852,0.2186309,0.12563731
930.0,65.12501,0.21655607,0.11931077
931.0,63.342876,0.21018489,0.121714726
932.0,62.225597,0.20956199,0.123690985
933.0,59.203445,0.21429822,0.119085394
934.0,57.852417,0.21765544,0.10985362
935.0,58.559326,0.22025573,0.117626265
936.0,56.862556,0.22115478,0.11724366
937.0,55.269386,0.22589336,0.113093026
938.0,55.082634,0.22677135,0.105026565
939.0,54.352783,0.21876553,0.10534205
940.0,51.818615,0.2131112,0.09872228
941.0,50.08965,0.21831559,0.09968356
942.0,50.350006,0.22337988,0.106975056
943.0,48.26828,0.22921947,0.102782704
944.0,47.7731,0.23277918,0.09915122
945.0,46.982487,0.22845414,0.09685899
946.0,45.348217,0.21828066,0.09024882
947.0,45.172325,0.2107907,0.085749224
948.0,43.56094,0.21119592,0.08305443
949.0,42.088486,0.20514163,0.0762437
950.0,41.854225,0.21072455,0.07851207
951.0,41.02078,0.216917,0.082027175
952.0,39.69271,0.2148842,0.07700547
953.0,38.622643,0.2074378,0.069109805
954.0,37.48494,0.20413335,0.06680929
955.0,36.505875,0.20235546,0.0659328
956.0,34.872326,0.20153674,0.06731848
957.0,34.163284,0.20170048,0.06098686
958.0,33.57337,0.20415916,0.060564924
959.0,32.141792,0.20290065,0.062071905
960.0,31.091785,0.19700174,0.056983013
961.0,30.984154,0.20299207,0.056471605
962.0,30.352943,0.20679384,0.059279982
963.0,29.001621,0.20843004,0.054049563
964.0,27.807718,0.20225665,0.0489336
965.0,26.617645,0.19264802,0.04802345
966.0,25.681274,0.19216958,0.04401262
967.0,25.516615,0.19323145,0.043144863
968.0,24.462027,0.191899,0.04194125
969.0,23.950817,0.19617607,0.042400584
970.0,22.53257,0.19860347,0.040896885
971.0,21.292492,0.19492476,0.037628215
972.0,21.158258,0.18956617,0.035930622
973.0,20.717829,0.1896721,0.035732783
974.0,19.733868,0.19241707,0.034220647
975.0,18.628395,0.1852772,0.033037383
976.0,17.739061,0.182371,0.029443422
977.0,17.522583,0.18469049,0.028914183
978.0,17.431595,0.18637936,0.030919466
979.0,16.617655,0.18712337,0.030069284
980.0,16.020397,0.18680155,0.027378205
981.0,15.211922,0.18835504,0.027028266
982.0,14.563876,0.18855008,0.024320174
983.0,14.2586155,0.18443061,0.023381433
984.0,13.939374,0.17712453,0.023016479
985.0,13.380604,0.17977877,0.02259992
986.0,13.2720995,0.18453278,0.022451082
987.0,12.86014,0.18263467,0.021649305
988.0,12.188324,0.18005921,0.01930511
989.0,12.370283,0.18156771,0.019968983
990.0,11.8957205,0.18150297,0.01955873
991.0,11.637968,0.17817952,0.019384028
992.0,11.411702,0.17631836,0.018009525
993.0,11.390215,0.17711534,0.017955383
994.0,11.150627,0.17537996,0.019161843
995.0,11.105221,0.17548653,0.018293232
996.0,11.182739,0.17767319,0.018484872
997.0,11.29911,0.18104704,0.019491972
998.0,11.2768955,0.18256187,0.020062745
999.0,12.0834875,0.18006453,0.021952346
1000.0,15.796356,0.17826737,0.026475456
1001.0,12.391579,0.18130443,0.020986684
1002.0,11.740608,0.18401408,0.019690095
1003.0,11.483521,0.18344758,0.020625256
1004.0,11.952021,0.17928372,0.019383851
1005.0,12.040697,0.18118522,0.0198372
1006.0,11.934436,0.18298072,0.021147741
1007.0,12.265324,0.1771987,0.02071836
1008.0,12.562753,0.18155098,0.02146944
1009.0,13.064325,0.18266797,0.022589793
1010.0,13.134111,0.18129078,0.022479199
1011.0,13.278216,0.18569928,0.023750274
1012.0,13.65799,0.1822657,0.02417008
1013.0,13.83466,0.17585559,0.022380179
1014.0,13.986635,0.17581569,0.022601841
1015.0,14.021303,0.17180738,0.022513323
1016.0,14.942699,0.17010455,0.023664085
1017.0,14.989164,0.17362337,0.023288378
1018.0,15.013269,0.17621611,0.022966353
1019.0,15.644686,0.17337945,0.025759852
1020.0,16.210587,0.17440018,0.025297482
1021.0,16.81131,0.1809093,0.02859639
1022.0,17.000309,0.18476412,0.028670251
1023.0,16.998226,0.1878372,0.028927835
1024.0,17.259624,0.1858864,0.030424384
1025.0,17.469208,0.18168603,0.029426487
1026.0,18.316372,0.17939986,0.031615656
1027.0,19.28463,0.1771981,0.031077208
1028.0,19.014992,0.17354488,0.031580295
1029.0,19.272575,0.17064686,0.030970559
1030.0,19.72974,0.17225382,0.03477387
1031.0,21.273777,0.17270331,0.0350207
1032.0,21.022993,0.18046236,0.03571555
1033.0,21.570154,0.18694836,0.04029535
1034.0,21.955294,0.18522266,0.03808096
1035.0,22.650326,0.18283083,0.037167583
1036.0,23.366814,0.18348177,0.038200833
1037.0,23.825668,0.1800243,0.04167116
1038.0,24.042616,0.17680591,0.042822637
1039.0,24.782576,0.17550342,0.03884825
1040.0,25.017496,0.17852406,0.03794084
1041.0,25.944141,0.1807247,0.041181635
1042.0,26.772568,0.17876041,0.043294273
1043.0,27.025204,0.17775612,0.045966174
1044.0,27.426413,0.18213397,0.046832304
1045.0,28.514717,0.181516,0.04844749
1046.0,28.990347,0.17457943,0.04717674
1047.0,29.169361,0.17116135,0.04895367
1048.0,30.517885,0.17596328,0.05139715
1049.0,31.15334,0.17749158,0.055587396
1050.0,31.298256,0.18285124,0.054238856
1051.0,31.527777,0.18554866,0.054147273
1052.0,32.664356,0.1829144,0.054773554
1053.0,33.286354,0.17958654,0.05641247
1054.0,33.83291,0.1874328,0.06285189
1055.0,34.106937,0.195234,0.064118564
1056.0,34.598866,0.19508874,0.06820239
1057.0,34.483524,0.19004616,0.062666796
1058.0,36.366898,0.19080079,0.06753367
1059.0,36.06465,0.19131853,0.07292666
1060.0,36.66691,0.18971565,0.067674264
1061.0,38.29756,0.19260253,0.07236702
1062.0,38.33206,0.19549513,0.07006907
1063.0,39.557907,0.19270165,0.074818805
1064.0,40.180244,0.18571801,0.074508004
1065.0,40.32015,0.18200317,0.07059202
1066.0,40.080738,0.1849069,0.0715678
1067.0,41.85087,0.18476193,0.074265756
1068.0,42.333298,0.17983948,0.075907595
1069.0,44.094685,0.17345661,0.07280191
1070.0,44.878666,0.17509991,0.074279316
1071.0,44.109886,0.17511334,0.07142976
1072.0,45.12083,0.1764212,0.07278878
1073.0,46.04045,0.18134443,0.075761005
1074.0,45.841396,0.18550387,0.07829799
1075.0,46.865273,0.18677254,0.0821462
1076.0,46.78467,0.18679956,0.08597819
1077.0,48.31434,0.18582238,0.08403259
1078.0,50.52465,0.18746315,0.095815934
1079.0,47.711372,0.19206946,0.08929681
1080.0,51.49362,0.19262776,0.095907435
1081.0,50.917995,0.19518816,0.094542146
1082.0,52.290966,0.19977738,0.10011882
1083.0,51.2548,0.19927005,0.09713258
1084.0,52.342297,0.19281904,0.09370395
1085.0,53.248707,0.18722434,0.09434309
1086.0,53.537872,0.18668622,0.09381421
1087.0,55.092384,0.19306071,0.10167394
1088.0,55.94822,0.19430232,0.10064963
1089.0,56.623447,0.19301705,0.101381436
1090.0,55.83029,0.19426148,0.10053944
1091.0,57.376534,0.19850907,0.111019425
1092.0,57.78144,0.19820659,0.11333634
1093.0,58.540726,0.19199061,0.112614
1094.0,60.66008,0.18728228,0.11106232
1095.0,58.276695,0.18814422,0.109555736
1096.0,59.19611,0.18465224,0.103569575
1097.0,58.86472,0.1799502,0.10496781
1098.0,61.41754,0.17674601,0.10540308
1099.0,62.230473,0.17812723,0.111313455
1100.0,62.349136,0.18535797,0.10977743
1101.0,63.946873,0.18605562,0.11599788
1102.0,64.93772,0.17857835,0.12004873
1103.0,65.466705,0.17627248,0.10663721
1104.0,65.607,0.17895827,0.11784353
1105.0,67.17693,0.18313722,0.11348799
1106.0,66.19869,0.18180169,0.11533515
1107.0,66.072815,0.18477193,0.11819442
1108.0,68.899445,0.18750338,0.12256146
1109.0,71.05466,0.18191801,0.12718332
1110.0,71.610306,0.17714368,0.12951785
1111.0,72.01428,0.17592224,0.12439144
1112.0,74.57491,0.18033378,0.12696216
1113.0,71.518196,0.18060225,0.1272726
1114.0,71.512535,0.17514372,0.11976177
1115.0,72.153206,0.17101206,0.12087583
1116.0,75.73215,0.17053024,0.12976111
1117.0,75.15793,0.16816929,0.1158931
1118.0,78.54026,0.16831192,0.12941177
1119.0,77.2738,0.16615085,0.1308041
1120.0,79.3538,0.16526559,0.13512388
1121.0,83.63689,0.16758898,0.14746587
1122.0,84.616425,0.1726741,0.14494738
1123.0,86.327255,0.17778541,0.15086265
1124.0,85.157265,0.17892355,0.14353214
1125.0,88.874535,0.17379594,0.14516836
1126.0,90.28265,0.1702456,0.15505446
1127.0,89.80326,0.17091544,0.14465007
1128.0,92.472,0.16830605,0.15708342
1129.0,91.59328,0.16559194,0.14419149
1130.0,89.43452,0.17727451,0.15211365
1131.0,89.67256,0.18146689,0.16437963
1132.0,87.78892,0.17478459,0.14918837
1133.0,84.70303,0.17227629,0.13953537
1134.0,84.45874,0.17862718,0.14668082
1135.0,86.30526,0.1757146,0.1495146
1136.0,82.22794,0.1669242,0.13805012
1137.0,81.809685,0.16682035,0.13128018
1138.0,80.09469,0.16421708,0.13685063
1139.0,81.89945,0.16370066,0.12987462
1140.0,80.09286,0.16422349,0.13189135
1141.0,80.34306,0.16108063,0.12357134
1142.0,80.22776,0.16601846,0.12815256
1143.0,77.065475,0.17073303,0.12839745
1144.0,80.21298,0.16913411,0.13149117
1145.0,80.52484,0.16543266,0.12907998
1146.0,82.0086,0.16765267,0.13200098
1147.0,78.399216,0.17210694,0.13119254
1148.0,80.87371,0.17403837,0.14086778
1149.0,82.74315,0.1738728,0.1527725
1150.0,81.275024,0.17251208,0.13493317
1151.0,79.011086,0.17020603,0.13318421
1152.0,81.00287,0.16666552,0.13388823
1153.0,82.32714,0.17547734,0.14537767
1154.0,81.75151,0.18437435,0.1489571
1155.0,84.30473,0.18571316,0.14826328
1156.0,84.59636,0.17930554,0.14508376
1157.0,84.382706,0.17321855,0.14105609
1158.0,84.27476,0.17741081,0.13964862
1159.0,83.74714,0.17763235,0.14511465
1160.0,84.4526,0.17171513,0.14015722
1161.0,85.942505,0.16583157,0.13330762
1162.0,85.7499,0.16612422,0.13601983
1163.0,84.40274,0.16471596,0.12879288
1164.0,86.171616,0.16469084,0.14224653
1165.0,86.51856,0.1702602,0.14934698
1166.0,88.07841,0.17227498,0.15190409
1167.0,86.25061,0.17073643,0.14708373
1168.0,87.317696,0.16845804,0.14640515
1169.0,89.065186,0.16942115,0.15560724
1170.0,87.45741,0.17112994,0.14086533
1171.0,86.839874,0.17247248,0.14277829
1172.0,88.7971,0.17364265,0.1468795
1173.0,90.7693,0.17333734,0.1548169
1174.0,89.52942,0.17554417,0.15682136
1175.0,89.36057,0.17431685,0.15209298
1176.0,89.101555,0.17171402,0.15757759
1177.0,89.37494,0.16972129,0.1532271
1178.0,92.30192,0.171517,0.1522957
1179.0,93.082726,0.17224516,0.1628556
1180.0,96.72362,0.16936871,0.16498779
1181.0,97.069214,0.16609001,0.16240568
1182.0,96.97649,0.16321439,0.14749011
1183.0,92.011856,0.16048583,0.15051618
1184.0,96.30975,0.15895201,0.15497176
1185.0,95.057106,0.15279755,0.13470522
1186.0,97.19902,0.15335128,0.14120416
1187.0,97.7281,0.15939154,0.16169925
1188.0,97.99656,0.1625959,0.15857671
1189.0,101.77442,0.164031,0.15798844
1190.0,99.24213,0.16169468,0.15405068
1191.0,99.51355,0.15946943,0.15499201
1192.0,100.30087,0.16170593,0.15367998
1193.0,100.94515,0.16538544,0.16835356
1194.0,100.681885,0.16432081,0.16290033
1195.0,100.19557,0.16363981,0.17576267
1196.0,101.42712,0.16978468,0.17567992
1197.0,102.54402,0.17440963,0.17422242
1198.0,107.02938,0.17204894,0.17449549
1199.0,107.699905,0.16666278,0.18027565
1200.0,108.18893,0.17015444,0.16649678
1201.0,110.56855,0.1735084,0.19748284
1202.0,115.10452,0.17037047,0.19254735
1203.0,109.47315,0.16417801,0.17479575
1204.0,113.47386,0.1653774,0.1878069
1205.0,113.4481,0.16427758,0.19114123
1206.0,116.74126,0.16286208,0.18876089
1207.0,117.510445,0.16129118,0.18525183
1208.0,115.86914,0.15750037,0.175515
1209.0,111.21908,0.16134903,0.18936503
1210.0,111.17955,0.16653536,0.19812143
1211.0,114.20439,0.16901396,0.19430704
1212.0,116.110954,0.16673268,0.18673447
1213.0,116.17017,0.16936077,0.20063135
1214.0,117.29231,0.17300804,0.1912372
1215.0,117.68629,0.17418844,0.20811015
1216.0,118.0007,0.17247353,0.21233442
1217.0,119.19107,0.16582517,0.21181597
1218.0,119.06522,0.16468695,0.20889741
1219.0,120.167694,0.16458754,0.19588554
1220.0,119.359146,0.16048776,0.19843358
1221.0,120.726425,0.16109513,0.19618142
1222.0,118.939926,0.16231585,0.1974204
1223.0,120.8457,0.15913922,0.20796607
1224.0,119.216515,0.16199891,0.19098783
1225.0,119.038635,0.16688861,0.20028444
1226.0,116.1234,0.16586873,0.19016469
1227.0,116.15172,0.16355804,0.1849998
1228.0,111.5919,0.1638696,0.17788154
1229.0,113.40155,0.15996613,0.18314439
1230.0,110.890274,0.16512935,0.1821273
1231.0,112.869965,0.17597847,0.19520624
1232.0,112.19333,0.17786363,0.19667338
1233.0,109.754906,0.17688584,0.1900152
1234.0,111.2336,0.18118097,0.20063344
1235.0,110.87596,0.18429606,0.21100374
1236.0,105.077614,0.18155733,0.18051454
1237.0,104.70372,0.17501408,0.19727306
1238.0,107.8526,0.17619298,0.2079315
1239.0,101.19119,0.18095939,0.18483385
1240.0,105.79701,0.18149662,0.19293046
1241.0,110.03958,0.17880256,0.20089805
1242.0,109.41307,0.17413491,0.20010164
1243.0,107.87507,0.174886,0.19240387
1244.0,107.33391,0.18456568,0.19730589
1245.0,112.655174,0.19306116,0.22168696
1246.0,108.19899,0.19379497,0.21338409
1247.0,111.17923,0.18899064,0.20946415
1248.0,113.13809,0.18578596,0.21741247
1249.0,116.49607,0.18443082,0.21674038
1250.0,112.42125,0.17833921,0.2096949
1251.0,112.46667,0.17845634,0.20337752
1252.0,114.210144,0.18299094,0.21966392
1253.0,113.378044,0.18299782,0.20835401
1254.0,110.32165,0.17935883,0.20865004
1255.0,114.54846,0.1742029,0.19229627
1256.0,115.14261,0.16858655,0.2027539
1257.0,116.61794,0.18015334,0.2138019
1258.0,115.275024,0.18669005,0.20840122
1259.0,111.29461,0.18403892,0.20952183
1260.0,107.25214,0.1792759,0.19268571
1261.0,110.51684,0.17686284,0.19794373
1262.0,111.68264,0.18027262,0.2049353
1263.0,112.69369,0.18302017,0.20835246
1264.0,111.51738,0.1888229,0.20805295
1265.0,113.91407,0.19482043,0.22842847
1266.0,117.18459,0.1962765,0.246571
1267.0,121.14886,0.19098842,0.23050916
1268.0,123.74304,0.18296741,0.22878121
1269.0,121.75267,0.18700436,0.2295292
1270.0,122.25195,0.1956149,0.24694656
1271.0,123.70203,0.19895357,0.25238106
1272.0,120.54166,0.19640478,0.2309448
1273.0,119.68002,0.19135854,0.22269815
1274.0,120.85059,0.18983275,0.21989754
1275.0,120.31516,0.19786108,0.23543322
1276.0,115.883896,0.19868754,0.2378584
1277.0,112.3831,0.19455275,0.2157457
1278.0,117.00326,0.19547504,0.2231661
1279.0,116.48894,0.19955984,0.23653209
1280.0,111.913025,0.20113118,0.22618982
1281.0,113.48457,0.19631918,0.21842602
1282.0,110.3113,0.19586204,0.22120464
1283.0,111.46591,0.20300578,0.23078333
1284.0,110.285324,0.20792118,0.23176444
1285.0,112.49693,0.2070483,0.23328574
1286.0,108.43873,0.2018711,0.22390527
1287.0,105.50481,0.19583297,0.21693023
1288.0,105.432625,0.19807768,0.21600288
1289.0,104.74939,0.20242254,0.22249681
1290.0,106.21489,0.1993336,0.21472146
1291.0,107.40818,0.20074953,0.21775922
1292.0,103.98439,0.20731848,0.2258017
1293.0,107.59926,0.21209611,0.23126851
1294.0,107.918396,0.21292478,0.23297729
1295.0,110.09079,0.20995271,0.23553324
1296.0,108.41064,0.20550917,0.22987585
1297.0,108.76182,0.20423655,0.2280489
1298.0,109.66084,0.20064567,0.23328504
1299.0,107.60841,0.19715185,0.23119535
1300.0,105.32045,0.19691238,0.21467789
1301.0,106.59212,0.19713548,0.21299732
1302.0,102.64208,0.19616126,0.20885882
1303.0,106.423904,0.19155693,0.20832518
1304.0,107.31117,0.18457718,0.20792799
1305.0,109.12714,0.18194303,0.21099259
1306.0,106.97789,0.18453702,0.20975207
1307.0,111.91066,0.18402672,0.2204719
1308.0,111.8203,0.178575,0.20725195
1309.0,109.70772,0.17139977,0.20257956
1310.0,108.346954,0.17011274,0.1924898
1311.0,106.968956,0.16952758,0.18734474
1312.0,105.15737,0.1672934,0.17544615
1313.0,101.6713,0.16346951,0.16679582
1314.0,99.81998,0.1657076,0.17112668
1315.0,97.58996,0.1673995,0.16679052
1316.0,98.51656,0.16462657,0.17942883
1317.0,97.9452,0.16324793,0.16762033
1318.0,97.93817,0.16563247,0.16700873
1319.0,94.40767,0.16398427,0.16941197
1320.0,93.96445,0.15929933,0.16140653
1321.0,95.44568,0.15657303,0.15940967
1322.0,97.62913,0.16100429,0.16606592
1323.0,94.30388,0.16754164,0.16407722
1324.0,94.62993,0.1746466,0.16216896
1325.0,93.592316,0.17582998,0.16308278
1326.0,91.26008,0.1676456,0.15051316
1327.0,89.49259,0.15850478,0.14860179
1328.0,91.35116,0.16987781,0.16112508
1329.0,93.02406,0.17715792,0.17637818
1330.0,94.47252,0.17747559,0.17460923
1331.0,93.1938,0.17055953,0.16507055
1332.0,91.24205,0.16537392,0.1572204
1333.0,90.39763,0.16912682,0.1654791
1334.0,91.63867,0.17461085,0.17067337
1335.0,91.11173,0.17609234,0.171567
1336.0,91.01145,0.17362496,0.17008996
1337.0,91.10188,0.16476345,0.15223324
1338.0,89.314896,0.16616058,0.16225888
1339.0,86.73696,0.17068978,0.15457474
1340.0,86.11821,0.17346989,0.1612221
1341.0,86.95122,0.17413521,0.15477255
1342.0,86.00292,0.17463908,0.15803094
1343.0,86.20597,0.17133224,0.14909567
1344.0,85.96754,0.16890413,0.14650103
1345.0,84.98957,0.17558189,0.15332872
1346.0,85.843346,0.17926432,0.16490905
1347.0,83.38475,0.18021958,0.14901377
1348.0,83.287994,0.17886698,0.14499176
1349.0,82.5473,0.17746484,0.15250978
1350.0,78.59307,0.18105502,0.14821096
1351.0,79.30578,0.18218727,0.15680532
1352.0,78.35085,0.17606714,0.13767315
1353.0,78.39176,0.1688261,0.12988739
1354.0,78.89859,0.17516378,0.14585207
1355.0,77.68734,0.18674044,0.14383169
1356.0,78.836494,0.19141008,0.15340455
1357.0,78.51717,0.18795386,0.15041414
1358.0,77.35596,0.17878361,0.15043479
1359.0,77.0406,0.16864085,0.14289337
1360.0,77.98837,0.18517192,0.14863579
1361.0,76.16817,0.19389963,0.15012097
1362.0,76.62298,0.19039555,0.1534992
1363.0,75.42595,0.17992687,0.14144503
1364.0,74.50865,0.17334786,0.1418837
1365.0,77.15373,0.1720076,0.14438848
1366.0,75.43966,0.17032674,0.1401552
1367.0,74.80982,0.16337569,0.12883192
1368.0,74.10273,0.16492046,0.12542348
1369.0,72.724045,0.17189835,0.13685234
1370.0,74.98303,0.1746025,0.14157906
1371.0,72.59935,0.1726543,0.12992905
1372.0,72.66053,0.16758572,0.13252345
1373.0,73.327255,0.16872498,0.13060403
1374.0,73.49408,0.17305607,0.14067253
1375.0,72.17673,0.17414518,0.13701214
1376.0,73.47282,0.17112322,0.13542898
1377.0,73.11031,0.16543494,0.12639365
1378.0,73.32774,0.16112609,0.129736
1379.0,73.83778,0.1601801,0.13115264
1380.0,72.541466,0.15602231,0.11573591
1381.0,71.99334,0.15307407,0.11707657
1382.0,71.43228,0.16216932,0.12886845
1383.0,73.88117,0.1693574,0.13859029
1384.0,71.10619,0.1740667,0.12865816
1385.0,69.71437,0.17062752,0.11916637
1386.0,72.73217,0.16549349,0.13057539
1387.0,70.59463,0.16923626,0.12436567
1388.0,71.17992,0.1760104,0.13062742
1389.0,72.200806,0.17684509,0.1269428
1390.0,73.92286,0.17479333,0.1317104
1391.0,72.51665,0.17221604,0.12970728
1392.0,71.62376,0.17448853,0.13325167
1393.0,72.959656,0.17215538,0.13699056
1394.0,71.56564,0.16684535,0.121951096
1395.0,71.18441,0.1671569,0.12809968
1396.0,71.64478,0.16883135,0.1302366
1397.0,71.40824,0.16965319,0.13210106
1398.0,70.34216,0.16838077,0.12570053
1399.0,71.07884,0.16591242,0.12096808
1400.0,69.31611,0.16262697,0.11570441
1401.0,69.279366,0.15783519,0.11150865
1402.0,71.435745,0.15802036,0.12171458
1403.0,68.41802,0.15764661,0.12098498
1404.0,67.16179,0.15238176,0.10769494
1405.0,68.60167,0.15102713,0.10283093
1406.0,69.40207,0.1535774,0.11165931
1407.0,71.05261,0.15609758,0.11778091
1408.0,69.13212,0.15858142,0.11609539
1409.0,66.38556,0.16083339,0.113122724
1410.0,66.20833,0.1647824,0.11671844
1411.0,67.79387,0.16660409,0.124636024
1412.0,69.56121,0.16353485,0.11793473
1413.0,67.637924,0.15479203,0.111192316
1414.0,67.207825,0.15603977,0.10838515
1415.0,68.17074,0.15727244,0.10939708
1416.0,66.44792,0.15727252,0.11506434
1417.0,66.529945,0.15840073,0.117521554
1418.0,66.694786,0.15991488,0.11500518
1419.0,67.67768,0.16260152,0.1182308
1420.0,66.236275,0.16931704,0.118262224
1421.0,67.47454,0.1726885,0.11696693
1422.0,66.14042,0.1717305,0.11887268
1423.0,66.43663,0.16903193,0.1140839
1424.0,66.285255,0.17072748,0.11747974
1425.0,67.61973,0.17076541,0.12267804
1426.0,66.532715,0.1699047,0.11709261
1427.0,66.636024,0.1700238,0.12836543
1428.0,67.596985,0.16856264,0.1169828
1429.0,64.73338,0.1634143,0.118501544
1430.0,65.595375,0.15828046,0.11175704
1431.0,64.83995,0.16269083,0.11854345
1432.0,65.159775,0.1635322,0.10907416
1433.0,65.069,0.16208166,0.1158372
1434.0,64.53783,0.1604069,0.11500136
1435.0,64.53537,0.1594325,0.100103036
1436.0,66.23804,0.16099954,0.109983444
1437.0,67.02904,0.16615352,0.11757367
1438.0,65.941635,0.17074598,0.11971871
1439.0,63.877537,0.17019299,0.10886371
1440.0,65.99195,0.16717497,0.12148732
1441.0,65.98286,0.16115026,0.11563946
1442.0,66.47178,0.15779948,0.11535397
1443.0,65.59049,0.15983152,0.11416154
1444.0,67.0946,0.15900922,0.11444657
1445.0,66.206276,0.1596351,0.11146223
1446.0,65.774124,0.1642044,0.11556551
1447.0,66.27408,0.16726327,0.11986752
1448.0,65.06171,0.1672908,0.11012417
1449.0,64.17389,0.16987376,0.11612402
1450.0,66.00935,0.17614257,0.122867376
1451.0,65.81472,0.17582044,0.120387
1452.0,64.06647,0.1747186,0.12268459
1453.0,66.164085,0.17598331,0.12457551
1454.0,66.37631,0.17894368,0.123838216
1455.0,64.92947,0.18400149,0.12455889
1456.0,64.51109,0.18606988,0.12908097
1457.0,63.38734,0.18053007,0.12735176
1458.0,63.21502,0.17362955,0.114928626
1459.0,64.54578,0.1682425,0.11551132
1460.0,64.42876,0.16587383,0.11949072
1461.0,65.072365,0.16758855,0.1164882
1462.0,63.34845,0.16964826,0.11854564
1463.0,64.86154,0.16705382,0.113144845
1464.0,64.92283,0.16034168,0.10713316
1465.0,64.59197,0.15705782,0.1143961
1466.0,63.48677,0.16091897,0.112017475
1467.0,65.25757,0.164471,0.11863858
1468.0,64.56701,0.16374987,0.11603303
1469.0,67.01357,0.15985864,0.115819834
1470.0,65.36731,0.17044093,0.1194416
1471.0,64.85039,0.17379329,0.11729786
1472.0,65.64981,0.17532332,0.123019844
1473.0,66.08896,0.17559998,0.119884074
1474.0,65.63307,0.17135783,0.11928794
1475.0,66.50671,0.16782105,0.124993004
1476.0,65.68944,0.17604026,0.12655519
1477.0,65.51198,0.17764293,0.12685975
1478.0,64.47766,0.17699438,0.12359169
1479.0,63.621666,0.17514436,0.121888615
1480.0,64.11322,0.16724776,0.120786905
1481.0,62.759243,0.16876298,0.12448606
1482.0,63.824562,0.17157502,0.12173786
1483.0,64.19206,0.16985822,0.10660959
1484.0,63.44178,0.1675403,0.11856987
1485.0,64.465096,0.16888617,0.120354496
1486.0,62.961353,0.16722769,0.11471659
1487.0,64.2379,0.16866519,0.12372721
1488.0,65.31173,0.16998746,0.1205832
1489.0,62.77604,0.16859032,0.11299021
1490.0,63.217606,0.17024149,0.11149434
1491.0,64.72486,0.1711534,0.11451118
1492.0,63.26678,0.17016004,0.12112767
1493.0,63.39308,0.16751817,0.10938486
1494.0,63.67001,0.16590373,0.11302466
1495.0,63.656,0.16942899,0.111576
1496.0,63.349594,0.17141475,0.12210491
1497.0,64.46286,0.17227685,0.12279359
1498.0,64.17662,0.1709195,0.11964302
1499.0,62.456448,0.16782118,0.117518604
1500.0,59.09227,0.16777386,0.11139664
1501.0,63.621773,0.16901572,0.11853692
1502.0,63.541206,0.16880238,0.119733855
1503.0,64.371155,0.16764402,0.120421894
1504.0,63.944138,0.16799018,0.12094774
1505.0,62.93123,0.16813311,0.11565527
1506.0,64.1775,0.16652134,0.11601439
1507.0,61.86236,0.16522,0.10925473
1508.0,63.51344,0.16492908,0.11217322
1509.0,64.32095,0.16605824,0.1175377
1510.0,62.56964,0.16585252,0.11357437
1511.0,63.73423,0.16833825,0.11227537
1512.0,64.60732,0.16878925,0.11375877
1513.0,65.76536,0.16322532,0.12058241
1514.0,63.822426,0.15958646,0.110705204
1515.0,64.662186,0.16232878,0.111366086
1516.0,62.455345,0.16767542,0.11321099
1517.0,64.50765,0.16928062,0.12494916
1518.0,65.37745,0.16990507,0.12408075
1519.0,63.270874,0.1696392,0.1204002
1520.0,65.066124,0.16891968,0.12063566
1521.0,64.5844,0.1657949,0.11722684
1522.0,64.56556,0.16453992,0.118224256
1523.0,64.87673,0.16783202,0.118077725
1524.0,66.59659,0.1684701,0.12370718
1525.0,67.07628,0.1649203,0.11757502
1526.0,66.240906,0.16526459,0.11289378
1527.0,67.287,0.16440131,0.1213585
1528.0,65.555466,0.16540916,0.118755594
1529.0,65.87587,0.16602013,0.124787085
1530.0,65.4521,0.16602086,0.120542675
1531.0,66.6634,0.16732943,0.12108991
1532.0,66.70152,0.16840222,0.12878032
1533.0,66.1428,0.1696657,0.13003664
1534.0,65.40349,0.17164262,0.12966679
1535.0,66.03739,0.17174989,0.1235964
1536.0,66.53638,0.16801716,0.12556307
1537.0,65.08852,0.16413583,0.11935618
1538.0,64.18251,0.16247544,0.110907614
1539.0,66.16861,0.1612684,0.113862835
1540.0,66.08839,0.1594158,0.11628463
1541.0,65.87819,0.15977111,0.12008373
1542.0,65.215004,0.16077647,0.1198444
1543.0,64.05831,0.16173276,0.11310197
1544.0,65.113335,0.1607486,0.112009756
1545.0,65.48189,0.15989292,0.111146964
1546.0,67.10494,0.15682863,0.11283376
1547.0,67.880615,0.15686925,0.112820834
1548.0,65.61573,0.16320197,0.118854284
1549.0,67.35111,0.17269987,0.13251309
1550.0,68.63513,0.17684981,0.13165657
1551.0,66.28438,0.17597182,0.13257281
1552.0,66.4064,0.17459163,0.13090809
1553.0,67.44583,0.17152211,0.13353296
1554.0,67.10604,0.16736598,0.12439562
1555.0,66.87589,0.16106002,0.117581554
1556.0,68.68674,0.16185676,0.12287196
1557.0,67.403625,0.16659713,0.11942228
1558.0,68.75547,0.16885988,0.12913556
1559.0,67.08341,0.16465035,0.11782359
1560.0,68.45353,0.1621569,0.12577462
1561.0,65.85328,0.16753623,0.11927276
1562.0,66.562065,0.17392427,0.12289738
1563.0,68.06083,0.17190808,0.1324394
1564.0,66.91722,0.16597474,0.12390725
1565.0,66.78444,0.16565277,0.12172084
1566.0,67.022545,0.16201226,0.12198814
1567.0,66.21205,0.15818273,0.11004563
1568.0,65.378746,0.1637466,0.11889642
1569.0,67.79853,0.166382,0.1234048
1570.0,67.722626,0.16106625,0.11960845
1571.0,66.30227,0.15831174,0.1142285
1572.0,67.77236,0.15936857,0.11796689
1573.0,68.65669,0.15660177,0.12777752
1574.0,67.089676,0.15510544,0.110919975
1575.0,67.94313,0.15759231,0.119715855
1576.0,68.67064,0.15657534,0.12284372
1577.0,67.42839,0.15368633,0.11478223
1578.0,66.93679,0.15939318,0.12234589
1579.0,68.44524,0.16247474,0.119944885
1580.0,68.30044,0.16099927,0.12182768
1581.0,67.91503,0.15958515,0.12249637
1582.0,67.601746,0.1590404,0.12376523
1583.0,68.93837,0.15871629,0.11979332
1584.0,68.58442,0.15538815,0.11869264
1585.0,69.04996,0.15742531,0.12719914
1586.0,68.654015,0.15933369,0.12559375
1587.0,69.32268,0.15577023,0.12608142
1588.0,70.06127,0.16244161,0.12592798
1589.0,68.75536,0.16491634,0.12360652
1590.0,68.87116,0.16172516,0.11927838
1591.0,68.479965,0.16019285,0.11756701
1592.0,71.10547,0.16328323,0.124989055
1593.0,72.55063,0.16486923,0.1341422
1594.0,72.293045,0.16908075,0.13549833
1595.0,69.23699,0.17131473,0.13330436
1596.0,69.67441,0.17039125,0.13607942
1597.0,68.642555,0.16328007,0.123094365
1598.0,72.77794,0.15913099,0.13240561
1599.0,72.03822,0.1562573,0.1301713
1600.0,70.8297,0.1588149,0.12689298
1601.0,70.720665,0.16209756,0.12962691
1602.0,72.5853,0.16231337,0.1325889
1603.0,73.01561,0.16051833,0.1276366
1604.0,73.66603,0.1602566,0.13044746
1605.0,71.80624,0.15771948,0.13148448
1606.0,72.75107,0.15457171,0.11902566
1607.0,73.82828,0.15702808,0.12862837
1608.0,73.39262,0.15858899,0.12879615
1609.0,73.8337,0.15972257,0.13506845
1610.0,74.717804,0.16370833,0.13641718
1611.0,73.11339,0.16748448,0.13696286
1612.0,72.7297,0.16726366,0.13536336
1613.0,71.916245,0.16007799,0.12238116
1614.0,73.72377,0.1557367,0.13085559
1615.0,71.018776,0.1550223,0.12356268
1616.0,72.828926,0.155813,0.12128151
1617.0,73.8021,0.15734002,0.12993892
1618.0,73.48724,0.16218424,0.13643481
1619.0,74.78341,0.1628973,0.13541345
1620.0,72.15585,0.15964265,0.1272971
1621.0,74.48203,0.15822817,0.1409534
1622.0,73.93231,0.15899025,0.1345841
1623.0,73.831726,0.16102098,0.1337394
1624.0,73.55671,0.1623445,0.13048832
1625.0,73.349815,0.1646147,0.12896217
1626.0,75.68818,0.1652314,0.14490016
1627.0,73.51675,0.16390611,0.13885668
1628.0,73.041504,0.16265936,0.13862574
1629.0,72.34231,0.1636326,0.13036308
1630.0,75.95722,0.16606231,0.14270097
1631.0,73.915215,0.1672649,0.13814914
1632.0,74.43286,0.16738804,0.14030108
1633.0,75.95487,0.16685143,0.14574556
1634.0,76.37482,0.16513208,0.14185739
1635.0,76.45486,0.1678311,0.14197433
1636.0,74.97548,0.16907617,0.139889
1637.0,74.56319,0.17048357,0.14731526
1638.0,75.7784,0.17184862,0.14294893
1639.0,77.8486,0.1736703,0.15469125
1640.0,76.6656,0.17122829,0.15099931
1641.0,75.92044,0.16661057,0.1463276
1642.0,77.33828,0.16486077,0.14566442
1643.0,77.474625,0.1655331,0.14556888
1644.0,78.592804,0.16442001,0.14071633
1645.0,78.293495,0.163411,0.14867824
1646.0,77.91249,0.16422361,0.1408982
1647.0,78.132454,0.16281804,0.14519104
1648.0,76.958206,0.1598258,0.1309187
1649.0,78.190834,0.16109814,0.13551679
1650.0,77.67966,0.16232195,0.14031674
1651.0,80.88162,0.16487898,0.15330647
1652.0,82.49044,0.16349527,0.14521623
1653.0,82.27545,0.16055168,0.14723371
1654.0,84.98051,0.16244352,0.15724327
1655.0,85.271416,0.16129819,0.15047137
1656.0,84.543106,0.15922391,0.14418557
1657.0,85.18288,0.16024932,0.1552655
1658.0,85.00708,0.15740496,0.15033951
1659.0,86.29254,0.15437058,0.14778112
1660.0,85.2985,0.1571723,0.15151128
1661.0,84.602776,0.16114283,0.15455498
1662.0,88.04862,0.16316041,0.15800455
1663.0,89.831276,0.15919071,0.16062202
1664.0,88.432434,0.15557827,0.15762964
1665.0,90.34866,0.15858735,0.16444291
1666.0,89.619804,0.15984222,0.16824836
1667.0,88.4218,0.15971462,0.16308373
1668.0,90.22924,0.16247287,0.17141755
1669.0,91.339615,0.16242631,0.16672322
1670.0,92.07048,0.16228765,0.16641313
1671.0,90.61679,0.16399856,0.16797423
1672.0,88.619156,0.16343242,0.15981527
1673.0,89.384605,0.15943156,0.16087261
1674.0,87.905396,0.15570495,0.15953232
1675.0,90.73098,0.15575601,0.15993114
1676.0,91.337776,0.15452671,0.15984946
1677.0,91.64807,0.15673557,0.17097384
1678.0,94.50366,0.15959184,0.17708698
1679.0,92.22194,0.15973847,0.17230207
1680.0,90.49913,0.16104177,0.17041685
1681.0,90.13928,0.16414882,0.16858055
1682.0,93.352325,0.16231708,0.18218906
1683.0,93.9489,0.1586517,0.16993992
1684.0,94.14153,0.16095425,0.15895529
1685.0,94.171745,0.16051956,0.17469671
1686.0,96.243095,0.15841077,0.17562164
1687.0,96.70827,0.16020492,0.18171558
1688.0,100.237144,0.16175468,0.18294075
1689.0,101.53586,0.16139716,0.18151703
1690.0,103.51646,0.15964334,0.19057553
1691.0,104.35826,0.16309737,0.18829748
1692.0,105.92874,0.16382538,0.19018927
1693.0,106.43048,0.1620734,0.19922316
1694.0,102.99908,0.1638923,0.19931178
1695.0,103.4806,0.1639068,0.19511232
1696.0,102.263275,0.16038547,0.18905403
1697.0,102.22141,0.16222678,0.1813996
1698.0,96.50203,0.16289322,0.18408944
1699.0,99.73655,0.1599061,0.17709439
1700.0,98.48636,0.15430403,0.17961968
1701.0,102.19144,0.15659916,0.18560019
1702.0,101.84519,0.15827698,0.1849101
1703.0,103.001755,0.15724276,0.18232794
1704.0,100.60463,0.15274145,0.181124
1705.0,101.1341,0.15160705,0.18435366
1706.0,102.54156,0.14952344,0.17702287
1707.0,100.35552,0.1442618,0.16935903
1708.0,96.990555,0.1415842,0.15440719
1709.0,100.23166,0.14013036,0.15735772
1710.0,98.20408,0.1422107,0.16168581
1711.0,96.69906,0.14420989,0.16976914
1712.0,96.58989,0.14600539,0.1724691
1713.0,97.22277,0.14417246,0.17029129
1714.0,97.805435,0.14157921,0.1649809
1715.0,102.14014,0.14352573,0.17225572
1716.0,101.41615,0.14358872,0.1686636
1717.0,102.58525,0.14302799,0.16564521
1718.0,102.054306,0.14530471,0.16875798
1719.0,103.106026,0.1443848,0.16950884
1720.0,101.94121,0.14242658,0.18099742
1721.0,104.05738,0.14086023,0.1754451
1722.0,105.73499,0.14069965,0.17299342
1723.0,101.981895,0.1409263,0.17119963
1724.0,104.0999,0.14034496,0.16336797
1725.0,108.286156,0.14399916,0.19242504
1726.0,110.25443,0.1478931,0.18435942
1727.0,108.299225,0.14733799,0.17999592
1728.0,107.60751,0.14692664,0.17486234
1729.0,110.43635,0.15069252,0.19017693
1730.0,109.55141,0.14977105,0.18982077
1731.0,108.83963,0.14863645,0.19724366
1732.0,109.694084,0.1492068,0.19260982
1733.0,107.36793,0.14873517,0.17871657
1734.0,104.317696,0.15002735,0.19088677
1735.0,100.94516,0.1524327,0.17486535
1736.0,98.10035,0.15474793,0.1741328
1737.0,99.14908,0.15575148,0.17926428
1738.0,99.43643,0.15408146,0.1645521
1739.0,96.6676,0.15066293,0.16075265
1740.0,95.70392,0.1475209,0.15799215
1741.0,97.59004,0.14681323,0.16606303
1742.0,101.30364,0.14608496,0.16722202
1743.0,100.7892,0.14495489,0.16232425
1744.0,100.77007,0.14404254,0.16413921
1745.0,100.15929,0.14589754,0.1653547
1746.0,97.59871,0.15154488,0.15933436
1747.0,98.50711,0.15264939,0.1760583
1748.0,97.90549,0.1508833,0.16158213
1749.0,96.90973,0.15419309,0.18212134
1750.0,97.00646,0.15669991,0.1813953
1751.0,99.31366,0.15433137,0.1822902
1752.0,96.23068,0.15153357,0.16946474
1753.0,94.26172,0.14945933,0.16455665
1754.0,94.064896,0.14967827,0.15746449
1755.0,94.825676,0.1509859,0.16141084
1756.0,93.48258,0.14983268,0.16120781
1757.0,90.92911,0.15249798,0.16382393
1758.0,91.66339,0.15525295,0.1666331
1759.0,91.89884,0.1524835,0.16372013
1760.0,91.07475,0.14854765,0.15550943
1761.0,85.21077,0.14515641,0.14600913
1762.0,89.574265,0.14310104,0.14938176
1763.0,87.925385,0.14155172,0.14249147
1764.0,87.3111,0.14123712,0.13505034
1765.0,92.495255,0.13922854,0.15858236
1766.0,92.39405,0.13619657,0.13913722
1767.0,92.323845,0.13843925,0.14153454
1768.0,91.62692,0.14307241,0.14782809
1769.0,93.77371,0.14473784,0.15624176
1770.0,91.74263,0.14496553,0.15166314
1771.0,94.64737,0.14250045,0.14910956
1772.0,92.17976,0.1410525,0.14603195
1773.0,96.76134,0.1417937,0.15932393
1774.0,96.28776,0.14118217,0.15928134
1775.0,96.924614,0.14086306,0.15157568
1776.0,97.24133,0.13970914,0.15677503
1777.0,99.93716,0.14132515,0.16203685
1778.0,98.07133,0.14222075,0.16030623
1779.0,99.384125,0.14692554,0.1752927
1780.0,98.307686,0.14837095,0.17312056
1781.0,97.92744,0.14691,0.17810227
1782.0,98.14853,0.14577934,0.1633664
1783.0,96.658844,0.1446506,0.16158783
1784.0,96.605835,0.14193067,0.1532775
1785.0,94.91425,0.13445942,0.14881532
1786.0,95.90791,0.13238236,0.15520567
1787.0,93.79176,0.1336941,0.14757326
1788.0,94.795265,0.13465057,0.15456109
1789.0,91.683334,0.13639602,0.13829395
1790.0,89.28876,0.13629709,0.1354637
1791.0,89.18046,0.13719176,0.15410069
1792.0,93.64121,0.13807234,0.15526067
1793.0,94.27024,0.14201196,0.15572448
1794.0,94.474045,0.14429072,0.15143584
1795.0,90.03539,0.145093,0.14933504
1796.0,90.61649,0.14519215,0.15617345
1797.0,86.19455,0.1421527,0.14273922
1798.0,91.29908,0.14130034,0.15627563
1799.0,87.46698,0.14278759,0.14553402
1800.0,85.11569,0.14141318,0.13494489
1801.0,85.01465,0.13620327,0.13757227
1802.0,83.595726,0.13431509,0.13212423
1803.0,81.34858,0.13403946,0.123427354
1804.0,79.960884,0.13195407,0.121666364
1805.0,78.35933,0.13099015,0.12521051
1806.0,78.4834,0.12950797,0.114361376
1807.0,79.06421,0.12800528,0.112336285
1808.0,77.78618,0.1299946,0.124382384
1809.0,77.89707,0.1314278,0.11765793
1810.0,77.222015,0.13273032,0.11550474
1811.0,77.58081,0.13345553,0.122828856
1812.0,76.160904,0.13318007,0.11623316
1813.0,76.65403,0.13572662,0.12427165
1814.0,74.09126,0.13560992,0.12143899
1815.0,72.826385,0.13638023,0.11260064
1816.0,72.95468,0.13613361,0.117229
1817.0,71.082405,0.13604954,0.11370583
1818.0,73.00891,0.13429639,0.12394966
1819.0,72.926384,0.13626546,0.116467215
1820.0,74.30318,0.13936254,0.12894426
1821.0,69.591545,0.14038862,0.11731763
1822.0,70.18011,0.13909018,0.11748922
1823.0,67.17442,0.13357703,0.10634328
1824.0,67.19649,0.13445954,0.10245475
1825.0,66.579056,0.1380021,0.10863227
1826.0,68.13612,0.13647507,0.11101189
1827.0,68.20031,0.13351735,0.109342486
1828.0,66.580215,0.13329032,0.11048508
1829.0,64.89349,0.13783465,0.103648424
1830.0,64.26722,0.13821706,0.1062213
1831.0,66.06623,0.13479875,0.101393364
1832.0,65.12468,0.1331682,0.10599522
1833.0,63.660294,0.13422583,0.103505366
1834.0,63.936634,0.13324632,0.09875199
1835.0,64.083595,0.13057704,0.09640014
1836.0,63.442726,0.13087164,0.091171704
1837.0,63.050198,0.13104075,0.09619859
1838.0,62.826008,0.13490485,0.10038432
1839.0,63.359375,0.13766363,0.10078613
1840.0,62.57471,0.139293,0.10225955
1841.0,60.669243,0.14075468,0.09751756
1842.0,60.707947,0.14158031,0.10821503
1843.0,61.324467,0.13953489,0.10459012
1844.0,61.32528,0.13791806,0.099278904
1845.0,62.30482,0.13771446,0.09861439
1846.0,59.086884,0.13697247,0.099349596
1847.0,60.40718,0.13380174,0.09980087
1848.0,59.826366,0.13411926,0.09649377
1849.0,56.631668,0.13256623,0.091573924
1850.0,57.90719,0.13178344,0.093315296
1851.0,59.489365,0.13284788,0.09835337
1852.0,58.338642,0.13571551,0.09003627
1853.0,55.846302,0.13303836,0.087585546
1854.0,57.74027,0.13083561,0.0874531
1855.0,57.163467,0.13403481,0.092173874
1856.0,57.9179,0.13271287,0.08836692
1857.0,54.91929,0.1296182,0.08347309
1858.0,57.357933,0.12844606,0.08537063
1859.0,57.16944,0.12526762,0.082750864
1860.0,56.77639,0.12731245,0.08429797
1861.0,57.457016,0.1276791,0.08726278
1862.0,57.804176,0.13007629,0.08731032
1863.0,57.156715,0.13145865,0.09085661
1864.0,59.38039,0.12849957,0.08787522
1865.0,60.136673,0.12903969,0.094158776
1866.0,60.502666,0.13052717,0.09378345
1867.0,60.7097,0.1299163,0.09535795
1868.0,62.43765,0.12513754,0.09285593
1869.0,63.27729,0.124740995,0.091890566
1870.0,65.0133,0.12756452,0.09812483
1871.0,65.27364,0.13156305,0.10147315
1872.0,65.46948,0.13420118,0.107261226
1873.0,64.103546,0.13399117,0.10353956
1874.0,62.723743,0.13192458,0.09823754
1875.0,64.01996,0.12814091,0.09909988
1876.0,60.333557,0.12713657,0.08668703
1877.0,60.410088,0.12679078,0.091784604
1878.0,58.956406,0.12443137,0.082942486
1879.0,58.474297,0.12319596,0.082721084
1880.0,54.809784,0.12217001,0.07944392
1881.0,53.920128,0.12041706,0.07674238
1882.0,54.44866,0.11963446,0.07759438
1883.0,51.982178,0.11987701,0.07218383
1884.0,51.829445,0.11754341,0.0703104
1885.0,49.86237,0.1165837,0.06895746
1886.0,49.918915,0.11542136,0.07009202
1887.0,48.912235,0.11592871,0.06622276
1888.0,50.318806,0.117476285,0.0677657
1889.0,48.953255,0.11753135,0.06480349
1890.0,48.648846,0.115670405,0.06507648
1891.0,48.101467,0.11656718,0.06663961
1892.0,46.51513,0.12007565,0.064577624
1893.0,44.567863,0.1219415,0.06326492
1894.0,44.53119,0.1219399,0.06348174
1895.0,44.68129,0.122541465,0.06860169
1896.0,43.76755,0.12242508,0.06578713
1897.0,44.011265,0.12190397,0.068800084
1898.0,42.697124,0.12063072,0.06319601
1899.0,42.602657,0.124295674,0.061904006
1900.0,41.47381,0.12553667,0.06182516
1901.0,40.576473,0.12833151,0.06501759
1902.0,40.833176,0.13093434,0.06562225
1903.0,39.27995,0.13188018,0.06567094
1904.0,40.15459,0.12922272,0.06383808
1905.0,38.42116,0.124139056,0.05707816
1906.0,39.714188,0.12311412,0.060261257
1907.0,38.436462,0.12298148,0.05926763
1908.0,37.756775,0.12468183,0.05403526
1909.0,37.442448,0.12592025,0.05518829
1910.0,36.410088,0.12573782,0.05337399
1911.0,36.92241,0.123911984,0.0539293
1912.0,36.336662,0.124276064,0.054840736
1913.0,35.45003,0.124974325,0.050919373
1914.0,34.80512,0.12486126,0.05128293
1915.0,34.26529,0.12523851,0.05288526
1916.0,33.865746,0.12314286,0.04945065
1917.0,33.14228,0.12657751,0.050540652
1918.0,33.516388,0.12686937,0.05285345
1919.0,32.906208,0.12509948,0.04995551
1920.0,32.90856,0.12527637,0.04710759
1921.0,30.545605,0.124184385,0.046152487
1922.0,31.684587,0.12544541,0.046994284
1923.0,30.572891,0.12653603,0.047687363
1924.0,29.9929,0.12453782,0.044845205
1925.0,29.726387,0.12534593,0.041386638
1926.0,29.908024,0.12953328,0.045738462
1927.0,28.612309,0.13194709,0.04479551
1928.0,28.157938,0.1300624,0.044728953
1929.0,27.827114,0.1282833,0.042340256
1930.0,27.91986,0.12935004,0.044542648
1931.0,27.033987,0.12921883,0.04201925
1932.0,27.096466,0.12931602,0.041486092
1933.0,25.18639,0.12978534,0.036240272
1934.0,24.935558,0.12773287,0.038122848
1935.0,25.392708,0.1288949,0.038269702
1936.0,24.294954,0.13022785,0.03797873
1937.0,23.920599,0.12878956,0.03715972
1938.0,23.988806,0.12701915,0.037046112
1939.0,23.681313,0.12716526,0.035691526
1940.0,22.391449,0.12360516,0.032791346
1941.0,21.876423,0.123371124,0.03216488
1942.0,21.692745,0.12632278,0.0333763
1943.0,21.298943,0.12981375,0.031431124
1944.0,20.823265,0.13054167,0.03191388
1945.0,20.498589,0.12747143,0.030572003
1946.0,19.917597,0.12639344,0.029545896
1947.0,19.78483,0.1273861,0.0308514
1948.0,19.264595,0.12855162,0.029338326
1949.0,18.444992,0.13221703,0.030744081
1950.0,18.461617,0.13238972,0.029688168
1951.0,18.170324,0.12860678,0.027192857
1952.0,17.527534,0.12631322,0.026352061
1953.0,17.094818,0.12837149,0.026211211
1954.0,16.57388,0.13191117,0.026103148
1955.0,15.997145,0.1306828,0.02523467
1956.0,15.825523,0.1283185,0.024985552
1957.0,15.266708,0.12680526,0.024146762
1958.0,15.036192,0.124619685,0.024201883
1959.0,14.43375,0.12536883,0.021963434
1960.0,14.053603,0.12634768,0.021034528
1961.0,14.049482,0.124188945,0.020691613
1962.0,13.800655,0.1234558,0.020272225
1963.0,13.197207,0.12139044,0.018881496
1964.0,12.733671,0.12007174,0.01863559
1965.0,12.107236,0.11928863,0.017217802
1966.0,11.778605,0.119498245,0.016173067
1967.0,11.750707,0.120901994,0.01652963
1968.0,11.356302,0.118285336,0.015881568
1969.0,11.169371,0.11646669,0.015669072
1970.0,10.675711,0.11624851,0.014800574
1971.0,10.189277,0.11928727,0.01501008
1972.0,10.331362,0.11916549,0.013803831
1973.0,9.968107,0.11928951,0.014048937
1974.0,9.597934,0.11981525,0.01434026
1975.0,9.225274,0.123348854,0.013297851
1976.0,8.943483,0.12562287,0.014138032
1977.0,8.754192,0.124492735,0.0128194075
1978.0,8.702603,0.12242038,0.012797701
1979.0,8.344716,0.1214187,0.0124243
1980.0,7.939678,0.12048356,0.011635961
1981.0,7.937103,0.12060736,0.011561035
1982.0,7.474414,0.12009182,0.01027251
1983.0,7.5677776,0.12015672,0.011716521
1984.0,7.418063,0.12177327,0.01132034
1985.0,7.2295575,0.12528077,0.010490058
1986.0,7.1942244,0.124579616,0.011162862
1987.0,6.9745693,0.12311674,0.01050608
1988.0,6.7222977,0.12314223,0.00999006
1989.0,6.8829775,0.12405454,0.010663309
1990.0,6.7523623,0.12414925,0.010160017
1991.0,6.755644,0.122666195,0.009927233
1992.0,6.7600775,0.11926237,0.0104712555
1993.0,6.6350603,0.11701434,0.009322536
1994.0,6.561879,0.11729183,0.009325184
1995.0,6.4574757,0.11700193,0.009176765
1996.0,6.3615847,0.117830776,0.0092570605
1997.0,6.288745,0.119926475,0.0093677435
1998.0,6.2693815,0.121536784,0.009617722
1999.0,6.4917717,0.12363851,0.009693065
2000.0,6.5860424,0.123147786,0.009891958
2001.0,6.49963,0.121134296,0.009464985
2002.0,6.4219966,0.11916413,0.00914878
2003.0,6.4181566,0.11683299,0.008738519
2004.0,6.613985,0.11948334,0.009736713
2005.0,6.775646,0.12151078,0.009585564
2006.0,6.782106,0.11985827,0.009879136
2007.0,7.0989466,0.118674345,0.01040936
2008.0,7.2227592,0.12024949,0.010663046
2009.0,7.4077406,0.1213348,0.0110060135
2010.0,7.202116,0.12169815,0.010566727
2011.0,7.3120704,0.12044054,0.010488361
2012.0,7.5041075,0.11834204,0.010771806
2013.0,7.595849,0.118031755,0.0110721905
2014.0,7.6204014,0.1161772,0.010795474
2015.0,7.768819,0.114409626,0.010728869
2016.0,7.975797,0.113558196,0.0102253035
2017.0,8.064397,0.11416575,0.011311178
2018.0,7.962889,0.11636495,0.010892569
2019.0,8.348061,0.11605298,0.011808389
2020.0,8.582712,0.11535489,0.011592206
2021.0,8.965895,0.11438989,0.012308044
2022.0,9.096693,0.118009835,0.012831794
2023.0,9.059998,0.12102709,0.012987326
2024.0,9.228864,0.1206609,0.012510662
2025.0,9.423829,0.11807291,0.013743848
2026.0,9.774459,0.118247025,0.014540771
2027.0,10.221951,0.1196121,0.014288097
2028.0,9.995863,0.119701535,0.013976508
2029.0,10.332108,0.12196529,0.014326248
2030.0,10.43231,0.12138331,0.01495918
2031.0,11.184094,0.1198836,0.016356237
2032.0,10.9454155,0.11979057,0.015935257
2033.0,11.241817,0.120387316,0.01697204
2034.0,11.4903145,0.11928841,0.016160281
2035.0,11.8178425,0.11969128,0.016669318
2036.0,12.252701,0.11786245,0.017376384
2037.0,12.38213,0.12061736,0.018832551
2038.0,12.653874,0.12153484,0.018679643
2039.0,12.955676,0.12003283,0.018427284
2040.0,13.09419,0.12060321,0.019304553
2041.0,13.662413,0.11736942,0.019447505
2042.0,14.096998,0.11723262,0.019790765
2043.0,14.31469,0.11772349,0.020268755
2044.0,14.476505,0.1181886,0.020278491
2045.0,15.085794,0.119885825,0.02128107
2046.0,15.42246,0.11848559,0.022927102
2047.0,15.336681,0.11483905,0.02161101
2048.0,16.135935,0.113001324,0.021242438
2049.0,16.509747,0.113154985,0.02242482
2050.0,16.538805,0.11315153,0.023309866
2051.0,16.594122,0.11368597,0.022024034
2052.0,17.245903,0.11271315,0.023613395
2053.0,17.485365,0.11138972,0.023658281
2054.0,18.065191,0.11058763,0.025004983
2055.0,17.884495,0.11257906,0.026511151
2056.0,18.432972,0.11342995,0.025271926
2057.0,18.347198,0.115376934,0.026067642
2058.0,19.23081,0.11690755,0.027753158
2059.0,19.170862,0.11766613,0.025666729
2060.0,19.513363,0.11691379,0.027440105
2061.0,20.27217,0.1150924,0.028584315
2062.0,20.391005,0.112683855,0.027684972
2063.0,20.988773,0.11115387,0.026582193
2064.0,21.34318,0.111604236,0.028315285
2065.0,21.407001,0.11496328,0.03002878
2066.0,21.348194,0.118796185,0.030888485
2067.0,22.246162,0.12077288,0.03106852
2068.0,22.441801,0.11935347,0.033855524
2069.0,23.385223,0.11857328,0.034592506
2070.0,24.051584,0.118417725,0.037674524
2071.0,23.557344,0.12012261,0.036356695
2072.0,23.958824,0.121650785,0.036000162
2073.0,24.748001,0.12024322,0.037648443
2074.0,24.388256,0.121638194,0.0369737
2075.0,24.921797,0.121969275,0.037482
2076.0,24.70174,0.12137311,0.036460754
2077.0,25.80426,0.11956774,0.03673749
2078.0,27.098305,0.11531708,0.037413906
2079.0,25.45836,0.1115711,0.03403912
2080.0,27.31167,0.11063761,0.0361801
2081.0,27.0415,0.1106741,0.03646417
2082.0,27.758286,0.11212509,0.040073834
2083.0,27.366034,0.11369232,0.038318317
2084.0,28.23322,0.11285459,0.038672283
2085.0,28.605885,0.10820125,0.03780367
2086.0,28.905937,0.10739897,0.036278866
2087.0,29.6297,0.107590534,0.039597955
2088.0,29.968035,0.10729343,0.039165217
2089.0,30.49403,0.105999716,0.03741835
2090.0,29.967846,0.10402419,0.037768718
2091.0,30.907898,0.10466959,0.037199456
2092.0,31.00386,0.10718767,0.04017385
2093.0,31.443676,0.10781075,0.043290786
2094.0,32.66766,0.10793919,0.04251859
2095.0,31.441257,0.10736037,0.039747562
2096.0,31.819283,0.10547473,0.0400847
2097.0,31.922783,0.10613836,0.04008793
2098.0,33.214382,0.10840334,0.044519413
2099.0,33.725372,0.109667115,0.04480231
2100.0,33.730637,0.10975271,0.048084583
2101.0,34.74218,0.1095433,0.047837812
2102.0,35.107323,0.10893923,0.045114174
2103.0,35.61225,0.10968949,0.049516607
2104.0,35.76724,0.11078825,0.04876572
2105.0,36.292374,0.11470675,0.05405254
2106.0,35.97822,0.11992557,0.053528734
2107.0,35.98557,0.12069568,0.056841955
2108.0,37.156334,0.119447,0.053221796
2109.0,38.624016,0.11833967,0.05531152
2110.0,38.921528,0.115553595,0.05677802
2111.0,39.159092,0.11475564,0.053998433
2112.0,40.567368,0.115366064,0.058049142
2113.0,39.07378,0.11392844,0.053023364
2114.0,39.28488,0.111748785,0.051811125
2115.0,39.504257,0.1132994,0.056643188
2116.0,41.13697,0.116125315,0.058434885
2117.0,41.0211,0.11738957,0.058425527
2118.0,42.794827,0.113748185,0.05476327
2119.0,42.018677,0.110912874,0.0555698
2120.0,43.41332,0.11088247,0.05954392
2121.0,45.75803,0.11290575,0.06182202
2122.0,46.26686,0.11614747,0.07026778
2123.0,47.498505,0.11823615,0.07003772
2124.0,46.5531,0.11921211,0.06753783
2125.0,48.615887,0.11767641,0.06696604
2126.0,49.945564,0.11540025,0.06929738
2127.0,49.368275,0.11425364,0.067244604
2128.0,51.112167,0.11400281,0.071170084
2129.0,50.55094,0.11732971,0.07018744
2130.0,49.255417,0.11814275,0.07043772
2131.0,49.287037,0.118277915,0.07088209
2132.0,48.40118,0.11750022,0.06816768
2133.0,46.51087,0.117526464,0.06504265
2134.0,46.648697,0.11686072,0.066101745
2135.0,47.54567,0.11727756,0.0694576
2136.0,44.721413,0.115722515,0.06334691
2137.0,45.02603,0.11348217,0.06679233
2138.0,43.803665,0.112817645,0.058367502
2139.0,45.181557,0.11169989,0.06181591
2140.0,43.99791,0.112779275,0.058945622
2141.0,44.148525,0.112510465,0.05988338
2142.0,43.97945,0.110942364,0.058950074
2143.0,42.48843,0.108904265,0.055615004
2144.0,44.020767,0.11005199,0.05619043
2145.0,44.578392,0.1134061,0.058686405
2146.0,45.121445,0.11548288,0.059247036
2147.0,42.987347,0.11765995,0.06055271
2148.0,44.57598,0.1213363,0.065554634
2149.0,45.50383,0.12126484,0.06690309
2150.0,44.862743,0.118274294,0.0669624
2151.0,43.513153,0.116599225,0.061563455
2152.0,44.895035,0.11426831,0.06675257
2153.0,45.209362,0.11300729,0.0639529
2154.0,45.379333,0.11401587,0.06303863
2155.0,46.539536,0.11137096,0.069126055
2156.0,46.576134,0.10794146,0.06550407
2157.0,46.57583,0.10618909,0.059873495
2158.0,46.948334,0.107247025,0.06056216
2159.0,46.385456,0.11110011,0.06010134
2160.0,46.60705,0.11447152,0.06919089
2161.0,47.287346,0.117670625,0.071022525
2162.0,47.81376,0.119240925,0.07117786
2163.0,46.648773,0.11814163,0.066999726
2164.0,47.601334,0.11651125,0.066093296
2165.0,47.924416,0.115433805,0.06362514
2166.0,49.151802,0.11711085,0.07357214
2167.0,47.79548,0.12040552,0.070505686
2168.0,48.61439,0.12224367,0.069744095
2169.0,49.54742,0.12031185,0.07370094
2170.0,48.860382,0.12112664,0.06853536
2171.0,48.486465,0.12283324,0.07220222
2172.0,49.48762,0.12466252,0.07748345
2173.0,50.43678,0.12286711,0.0809187
2174.0,49.87621,0.11877474,0.072023064
2175.0,49.841133,0.11546193,0.07173173
2176.0,49.823685,0.11484035,0.06752758
2177.0,50.044975,0.11954429,0.072765514
2178.0,51.64228,0.12619552,0.07562993
2179.0,52.261368,0.12902886,0.082286246
2180.0,53.61812,0.12922096,0.08768912
2181.0,54.52189,0.12692617,0.08561059
2182.0,54.561153,0.12333278,0.07809901
2183.0,51.41653,0.118739136,0.0759646
2184.0,54.20538,0.114757486,0.07671701
2185.0,53.658962,0.11309434,0.07360947
2186.0,54.716866,0.111636624,0.074350744
2187.0,54.701977,0.11007579,0.074196324
2188.0,54.81112,0.10924786,0.072218075
2189.0,57.27159,0.10903157,0.07611814
2190.0,55.733387,0.10788541,0.0703589
2191.0,56.078354,0.10847379,0.07463442
2192.0,56.839306,0.1104046,0.07567689
2193.0,56.785053,0.110681295,0.078982934
2194.0,56.6042,0.109612525,0.07236329
2195.0,57.009903,0.108639546,0.0782817
2196.0,57.04782,0.10941535,0.077030554
2197.0,57.71341,0.11113531,0.07788561
2198.0,60.438705,0.111249715,0.0847668
2199.0,60.977093,0.109380044,0.08469497
2200.0,61.370647,0.1080874,0.08200969
2201.0,62.706215,0.1097491,0.085236676
2202.0,64.93387,0.11106063,0.09043179
2203.0,62.30159,0.11193837,0.086639985
2204.0,64.40748,0.112868845,0.09101433
2205.0,64.7422,0.11304171,0.090241574
2206.0,66.13475,0.11586116,0.09537297
2207.0,66.860664,0.11536844,0.097340815
2208.0,65.7569,0.11205553,0.09545979
2209.0,63.114536,0.111582965,0.08896924
2210.0,63.53493,0.11307331,0.089087814
2211.0,64.96219,0.11419887,0.08976151
2212.0,66.20513,0.11359041,0.09181937
2213.0,66.034904,0.1125045,0.08790596
2214.0,66.61413,0.109682985,0.087051846
2215.0,67.29515,0.10772001,0.089073405
2216.0,67.10356,0.11063611,0.08900159
2217.0,68.337494,0.11327016,0.09937649
2218.0,68.08979,0.11603951,0.10165456
2219.0,68.67229,0.11659948,0.10396571
2220.0,67.91633,0.116697915,0.098709434
2221.0,69.13252,0.115759745,0.10413787
2222.0,67.85016,0.116727374,0.1014925
2223.0,69.39925,0.11475598,0.09409088
2224.0,68.20807,0.11291713,0.09387988
2225.0,68.37313,0.1149186,0.09692674
2226.0,66.61021,0.1163359,0.09757432
2227.0,66.7451,0.11632976,0.096605286
2228.0,64.071846,0.116204485,0.09397398
2229.0,64.91748,0.11716158,0.09504527
2230.0,63.859142,0.116562925,0.09190685
2231.0,64.610466,0.1149865,0.09560345
2232.0,64.64661,0.11461117,0.09792694
2233.0,62.850002,0.11732143,0.094241
2234.0,63.99746,0.11985679,0.10022443
2235.0,63.837242,0.11739306,0.09665615
2236.0,60.75877,0.11552811,0.08509233
2237.0,59.98536,0.11376923,0.081727915
2238.0,62.301815,0.11210744,0.08610261
2239.0,58.541065,0.112319924,0.08305115
2240.0,60.226357,0.11359208,0.07954934
2241.0,63.305782,0.116952024,0.09167878
2242.0,62.992184,0.11858323,0.09500836
2243.0,62.632946,0.12072652,0.093016885
2244.0,61.716625,0.12231665,0.092352524
2245.0,65.16454,0.12124551,0.098349676
2246.0,62.668644,0.12209527,0.09843311
2247.0,64.40248,0.12169996,0.098165326
2248.0,65.939964,0.120430216,0.10525727
2249.0,67.39579,0.120341204,0.09782949
2250.0,65.378075,0.12086421,0.10319216
2251.0,65.41879,0.11833645,0.09969149
2252.0,66.22134,0.11748245,0.0999737
2253.0,66.26829,0.11523566,0.09723347
2254.0,64.146255,0.111548826,0.08458448
2255.0,66.22459,0.108271465,0.088145055
2256.0,66.78135,0.10821834,0.090572074
2257.0,67.92836,0.10952255,0.09139864
2258.0,67.156364,0.11014254,0.09558826
2259.0,64.74963,0.10830711,0.08368522
2260.0,62.564537,0.10947145,0.08703039
2261.0,64.42897,0.11205371,0.097589634
2262.0,64.96988,0.11404303,0.09093354
2263.0,65.62585,0.11391268,0.09323515
2264.0,65.269035,0.11266742,0.08775389
2265.0,66.87014,0.113058046,0.09826602
2266.0,68.536674,0.11159605,0.09559961
2267.0,71.06507,0.110834084,0.09926989
2268.0,72.475266,0.112336405,0.09795904
2269.0,71.13461,0.11294317,0.09731985
2270.0,71.896484,0.11113393,0.10126062
2271.0,72.69693,0.11246362,0.11214897
2272.0,70.89347,0.11585661,0.10910461
2273.0,70.203186,0.114172444,0.09975164
2274.0,70.61237,0.11212003,0.10023178
2275.0,70.64514,0.109597474,0.09237709
2276.0,68.19272,0.10748591,0.088937305
2277.0,66.21108,0.10574823,0.08416024
2278.0,68.8224,0.10349886,0.091794446
2279.0,68.57303,0.101729825,0.08943244
2280.0,66.049164,0.10367523,0.084238335
2281.0,66.79858,0.1060766,0.08887577
2282.0,64.91709,0.108275145,0.08678216
2283.0,65.42877,0.10902294,0.08660154
2284.0,64.917725,0.10941756,0.092555724
2285.0,66.367134,0.10934654,0.092873
2286.0,64.31315,0.11065501,0.08992679
2287.0,62.50901,0.112236075,0.091137156
2288.0,62.429737,0.111215256,0.08622328
2289.0,61.581135,0.10998394,0.07822274
2290.0,62.639095,0.11092413,0.0843553
2291.0,63.009098,0.110286355,0.08617788
2292.0,61.72586,0.1102323,0.08730285
2293.0,63.516113,0.11192391,0.08550043
2294.0,63.271152,0.1092056,0.084713034
2295.0,65.27561,0.10532989,0.08583524
2296.0,64.515526,0.106429145,0.08360882
2297.0,64.217476,0.107050486,0.08704903
2298.0,65.20774,0.109190635,0.08757745
2299.0,63.620747,0.11043733,0.086578146
2300.0,62.548256,0.112446636,0.08744068
2301.0,63.16711,0.11141681,0.08752499
2302.0,61.339565,0.10864864,0.08183678
2303.0,63.119797,0.108846925,0.081780255
2304.0,63.783657,0.109597065,0.088765904
2305.0,65.11089,0.10654005,0.0812905
2306.0,63.306713,0.104663536,0.08110131
2307.0,66.48335,0.104986854,0.084370404
2308.0,66.902504,0.10580762,0.08381027
2309.0,65.40829,0.10740075,0.08471982
2310.0,64.55128,0.10976131,0.08383442
2311.0,64.08856,0.11100597,0.085451774
2312.0,62.708916,0.11015167,0.08413443
2313.0,60.82562,0.106881894,0.084966294
2314.0,59.835037,0.10613393,0.07664316
2315.0,58.175537,0.105184205,0.071361475
2316.0,59.013794,0.10338897,0.07815698
2317.0,58.699608,0.10384096,0.07959838
2318.0,58.761986,0.1045025,0.07713738
2319.0,56.473877,0.1059329,0.07587212
2320.0,56.339203,0.105138406,0.07335727
2321.0,56.976433,0.10513779,0.07371684
2322.0,58.06535,0.10422984,0.07423855
2323.0,56.524387,0.10394508,0.074192986
2324.0,56.770744,0.10553402,0.08058925
2325.0,56.126495,0.108545646,0.0757048
2326.0,54.80793,0.10724326,0.07647806
2327.0,53.578075,0.10593239,0.070840046
2328.0,54.6202,0.10484843,0.065879405
2329.0,55.62315,0.1042204,0.07593429
2330.0,56.604454,0.102058224,0.07302217
2331.0,55.99689,0.103660986,0.07303265
2332.0,54.813858,0.10717269,0.07571126
2333.0,54.502563,0.109044455,0.07247609
2334.0,55.400818,0.10924848,0.07395938
2335.0,54.87134,0.107908145,0.0770847
2336.0,54.986626,0.10715981,0.073198654
2337.0,55.048805,0.10738037,0.07594886
2338.0,53.83241,0.11049709,0.07677872
2339.0,52.442734,0.111283384,0.07100078
2340.0,51.701313,0.10919458,0.06847354
2341.0,52.480835,0.11045559,0.071595326
2342.0,52.291687,0.11328646,0.07171072
2343.0,51.868706,0.11275333,0.07335226
2344.0,51.93198,0.11229136,0.06945748
2345.0,51.275078,0.11144181,0.070302434
2346.0,51.869247,0.1083091,0.06981782
2347.0,50.210392,0.10757607,0.068904996
2348.0,50.029865,0.10710553,0.069313385
2349.0,49.886024,0.10616077,0.06848228
2350.0,47.53062,0.10532084,0.060214512
2351.0,48.10176,0.10761858,0.06517712
2352.0,47.59411,0.10908893,0.06214541
2353.0,47.282776,0.11062597,0.06352237
2354.0,47.71821,0.1107288,0.06783601
2355.0,47.15909,0.110914856,0.06802994
2356.0,47.475216,0.11291288,0.06756833
2357.0,47.52503,0.11373004,0.06891199
2358.0,46.591583,0.11272203,0.06525846
2359.0,46.787582,0.1108842,0.06654526
2360.0,47.480103,0.10586844,0.06316444
2361.0,45.939487,0.10758758,0.061707605
2362.0,46.404823,0.10975077,0.0626375
2363.0,45.442814,0.11097481,0.06530203
2364.0,45.201096,0.10854721,0.06325948
2365.0,46.761333,0.10638267,0.06110264
2366.0,45.523506,0.10450722,0.05638294
2367.0,45.22984,0.10159185,0.05939717
2368.0,44.911835,0.09973159,0.05393162
2369.0,44.223858,0.10185258,0.053348105
2370.0,45.33923,0.10434291,0.06169396
2371.0,44.26278,0.103593156,0.05803347
2372.0,44.13787,0.103585124,0.05601968
2373.0,44.593082,0.1058233,0.06085171
2374.0,44.45859,0.10846409,0.062152773
2375.0,43.70637,0.10973692,0.05988453
2376.0,44.899742,0.10904115,0.06253488
2377.0,44.22579,0.10596653,0.0606828
2378.0,44.614162,0.10620376,0.06057985
2379.0,44.82372,0.10744267,0.06263666
2380.0,44.48015,0.10783181,0.060895935
2381.0,43.668446,0.10682818,0.05790319
2382.0,43.440735,0.10744358,0.058657344
2383.0,44.935875,0.10731431,0.06210933
2384.0,43.10413,0.10862465,0.061506964
2385.0,42.696785,0.10814389,0.057797182
2386.0,44.330112,0.10441695,0.056087364
2387.0,43.013123,0.101852305,0.055631287
2388.0,43.287796,0.10019806,0.056005586
2389.0,44.108074,0.10379848,0.057832718
2390.0,44.962254,0.10474156,0.058940787
2391.0,44.272038,0.10339804,0.058959365
2392.0,43.62826,0.102539144,0.05819534
2393.0,44.43301,0.10188765,0.060336757
2394.0,43.85852,0.10324847,0.058452748
2395.0,43.676735,0.10751367,0.062288355
2396.0,43.67811,0.10918042,0.060131986
2397.0,43.500168,0.106959164,0.06099879
2398.0,42.84651,0.105545305,0.05741264
2399.0,43.571857,0.105797544,0.057928104
2400.0,42.354523,0.104508,0.05498604
2401.0,42.049004,0.10360807,0.057629857
2402.0,43.615917,0.10278107,0.057039782
2403.0,42.007812,0.10185673,0.05477531
2404.0,40.806637,0.10132721,0.051879603
2405.0,41.85547,0.099006526,0.051983874
2406.0,42.144028,0.09775591,0.053872604
2407.0,43.312923,0.09767746,0.052484166
2408.0,42.418167,0.09764069,0.05342174
2409.0,40.706997,0.098969236,0.052126836
2410.0,40.387505,0.09930613,0.05305475
2411.0,41.28704,0.10216298,0.05535585
2412.0,42.37163,0.10321295,0.055696215
2413.0,41.362198,0.10107397,0.05612791
2414.0,41.1329,0.10002885,0.052860435
2415.0,41.665913,0.100294575,0.05120448
2416.0,40.649883,0.10010535,0.050758675
2417.0,40.49437,0.10061393,0.05149734
2418.0,40.855175,0.10056781,0.05189302
2419.0,41.313484,0.10182577,0.053514067
2420.0,40.800663,0.103918046,0.05327442
2421.0,41.101543,0.10521017,0.05420467
2422.0,40.2629,0.105683796,0.053583276
2423.0,40.8152,0.105236955,0.05698683
2424.0,40.5752,0.103602506,0.05522861
2425.0,41.41452,0.10382691,0.054418676
2426.0,40.768944,0.1035252,0.054737307
2427.0,40.53881,0.10326482,0.05580723
2428.0,41.262917,0.10478172,0.054036055
2429.0,39.52255,0.10424566,0.05332533
2430.0,39.94034,0.102714986,0.051462974
2431.0,39.656452,0.10318505,0.054529704
2432.0,39.90399,0.102732144,0.053053234
2433.0,39.529484,0.10237518,0.052498862
2434.0,39.39873,0.102638386,0.05147058
2435.0,39.369633,0.10182251,0.051465392
2436.0,40.414673,0.10286165,0.04914454
2437.0,40.60632,0.1041008,0.05347054
2438.0,40.383934,0.10456796,0.053795952
2439.0,38.93847,0.10324884,0.051187042
2440.0,40.08601,0.10285457,0.052719735
2441.0,40.375957,0.10524997,0.054142226
2442.0,40.40285,0.10629388,0.056133363
2443.0,40.13088,0.106163286,0.053227596
2444.0,41.221058,0.107201375,0.055362746
2445.0,40.210526,0.11105717,0.056870785
2446.0,40.348286,0.115637876,0.059018962
2447.0,40.29443,0.11602669,0.058614887
2448.0,39.872093,0.1150765,0.058009285
2449.0,39.364513,0.1163515,0.059642456
2450.0,40.05726,0.11838006,0.06185222
2451.0,39.989105,0.119162716,0.060702648
2452.0,38.97325,0.12003843,0.057933427
2453.0,40.510147,0.12018744,0.06266916
2454.0,40.61305,0.12088593,0.061358716
2455.0,39.780098,0.12012423,0.059171412
2456.0,39.50366,0.12027299,0.061250158
2457.0,38.818996,0.12064918,0.05861115
2458.0,38.621487,0.1204582,0.05921738
2459.0,39.393456,0.1201983,0.0592557
2460.0,39.205402,0.11917936,0.059954435
2461.0,39.7155,0.11681001,0.06251552
2462.0,38.349884,0.11407138,0.055211563
2463.0,39.586403,0.11418971,0.058913432
2464.0,39.500896,0.117785916,0.06128704
2465.0,39.473373,0.118621744,0.05925513
2466.0,38.34311,0.116386496,0.05828537
2467.0,39.80044,0.11641597,0.062757775
2468.0,39.394226,0.11507936,0.05891373
2469.0,40.410492,0.11309308,0.05761639
2470.0,39.80681,0.1126642,0.055543743
2471.0,39.57788,0.11222475,0.05708956
2472.0,39.95777,0.112402976,0.05622775
2473.0,40.224346,0.11310408,0.056788523
2474.0,40.015556,0.11417849,0.057016224
2475.0,40.71489,0.11754224,0.058574777
2476.0,39.872192,0.12033691,0.06069233
2477.0,39.776886,0.118803576,0.061788253
2478.0,39.337,0.11830018,0.058696937
2479.0,38.69317,0.11992614,0.06440463
2480.0,38.992424,0.122011475,0.05987941
2481.0,38.029182,0.11997674,0.055150464
2482.0,38.674824,0.11647738,0.056042764
2483.0,39.178696,0.11464969,0.055748604
2484.0,38.50327,0.11414498,0.053196386
2485.0,39.122116,0.115296185,0.058758363
2486.0,38.256767,0.11510067,0.05682817
2487.0,38.795815,0.1150461,0.058008797
2488.0,39.757504,0.11250292,0.05610759
2489.0,38.08822,0.11023142,0.05206429
2490.0,38.3568,0.11110832,0.0539826
2491.0,39.21904,0.11011027,0.05232395
2492.0,38.38832,0.1096375,0.0550016
2493.0,38.381588,0.10935278,0.054390788
2494.0,38.50404,0.10791285,0.0543879
2495.0,38.957043,0.10955663,0.055710632
2496.0,38.32976,0.10974508,0.05235597
2497.0,39.163227,0.11238844,0.055591766
2498.0,38.905003,0.11196675,0.05572781
2499.0,37.820023,0.10961684,0.053252697
2500.0,35.983047,0.1039583,0.04893591
2501.0,38.7478,0.10378436,0.050134383
2502.0,38.747173,0.10396621,0.048491273
2503.0,38.972836,0.101951994,0.047269672
2504.0,38.848415,0.101693116,0.049149256
2505.0,37.89521,0.101957,0.047244538
2506.0,39.062828,0.103444755,0.05102529
2507.0,37.204773,0.10222418,0.047377646
2508.0,38.546806,0.10324886,0.053972743
2509.0,38.98291,0.104777105,0.05306787
2510.0,37.783714,0.10663301,0.051161185
2511.0,38.507454,0.104196005,0.049769685
2512.0,39.028557,0.1041355,0.052715983
2513.0,39.69648,0.1048933,0.053961847
2514.0,38.823784,0.10688206,0.053527974
2515.0,39.14073,0.107817195,0.05326528
2516.0,38.192326,0.10527462,0.051169746
2517.0,39.03636,0.10478395,0.053279065
2518.0,39.499046,0.10509246,0.052637376
2519.0,38.342804,0.10501094,0.052306324
2520.0,39.310886,0.10627549,0.05410257
2521.0,39.014164,0.10675561,0.05249337
2522.0,39.389156,0.105328076,0.055629615
2523.0,39.35642,0.103392996,0.05213473
2524.0,40.28418,0.103441246,0.052135605
2525.0,40.59296,0.1053084,0.057909943
2526.0,39.844738,0.10431577,0.053856507
2527.0,40.500214,0.10386156,0.05247425
2528.0,39.465874,0.10152303,0.04975297
2529.0,39.87711,0.10072946,0.051788233
2530.0,39.363567,0.10014595,0.051770687
2531.0,40.451065,0.10119999,0.053014424
2532.0,40.142277,0.10352838,0.05575616
2533.0,39.617714,0.1057161,0.05597256
2534.0,39.56581,0.106610544,0.057430618
2535.0,39.759567,0.10889404,0.05837814
2536.0,40.476704,0.10991988,0.05915321
2537.0,39.29489,0.10973047,0.05309114
2538.0,38.887444,0.10882081,0.056370277
2539.0,39.94365,0.10844769,0.054256395
2540.0,40.16433,0.1077195,0.05647056
2541.0,39.464985,0.10583112,0.053494375
2542.0,39.47213,0.106296465,0.05207646
2543.0,38.63741,0.10939854,0.052988075
2544.0,39.31169,0.11458006,0.058589797
2545.0,39.41343,0.11435809,0.057645693
2546.0,40.470123,0.11422246,0.057441305
2547.0,40.847942,0.11563255,0.061390545
2548.0,39.68425,0.118985735,0.062079225
2549.0,40.75997,0.12134945,0.062522516
2550.0,41.48591,0.1253886,0.06852887
2551.0,39.853943,0.12481974,0.06471888
2552.0,39.834663,0.12048274,0.06268352
2553.0,40.64225,0.11523594,0.05865707
2554.0,40.35311,0.11373666,0.060871698
2555.0,40.325104,0.11274168,0.055425875
2556.0,41.69905,0.11069407,0.059775375
2557.0,40.414734,0.11114369,0.060532305
2558.0,41.372482,0.11088474,0.058013067
2559.0,40.54704,0.11015285,0.058598667
2560.0,41.12418,0.107996084,0.058310375
2561.0,39.806213,0.11000137,0.05596704
2562.0,40.301903,0.113835506,0.058594946
2563.0,40.974735,0.11338369,0.061485056
2564.0,40.56357,0.11431846,0.061341375
2565.0,40.5539,0.11600737,0.055385157
2566.0,40.522762,0.11678733,0.05782082
2567.0,39.954952,0.11614209,0.06135499
2568.0,39.44858,0.11486614,0.05637275
2569.0,41.02924,0.11510791,0.05759788
2570.0,40.97176,0.11487836,0.06517538
2571.0,39.94711,0.11435493,0.061307687
2572.0,41.074184,0.11365818,0.060397137
2573.0,41.598724,0.11092464,0.056876335
2574.0,40.330925,0.10823948,0.05537457
2575.0,40.876152,0.10800154,0.05568573
2576.0,41.390007,0.107726604,0.05625463
2577.0,40.8573,0.105936795,0.05794895
2578.0,40.250984,0.10478334,0.053067856
2579.0,41.257366,0.104376934,0.052563317
2580.0,41.540737,0.10345152,0.056692965
2581.0,40.704346,0.10280737,0.054504707
2582.0,40.724697,0.10338016,0.05525796
2583.0,41.57346,0.10224189,0.056859452
2584.0,41.50814,0.101434484,0.054277614
2585.0,41.556118,0.10302482,0.056155264
2586.0,41.256756,0.10272351,0.055473156
2587.0,42.03689,0.10160042,0.05668568
2588.0,41.98942,0.10244629,0.056455247
2589.0,41.560112,0.10237206,0.05603914
2590.0,41.502472,0.101793356,0.055626616
2591.0,41.368893,0.10318367,0.058585573
2592.0,42.68584,0.10072825,0.056686975
2593.0,43.535736,0.10029068,0.05782124
2594.0,43.503304,0.10109117,0.0600597
2595.0,41.809547,0.10049553,0.054941595
2596.0,42.1772,0.10261015,0.055034198
2597.0,41.23327,0.10329741,0.055467296
2598.0,43.908066,0.10197475,0.057185106
2599.0,43.56349,0.10286421,0.05799634
2600.0,42.595695,0.10005202,0.05632293
2601.0,42.614098,0.10000663,0.05314928
2602.0,43.940647,0.100083396,0.05898732
2603.0,44.136887,0.100995034,0.058958415
2604.0,44.527023,0.10053379,0.057342876
2605.0,43.504753,0.10014283,0.055426806
2606.0,43.830883,0.099426106,0.057626247
2607.0,44.332382,0.09750795,0.055382147
2608.0,44.400936,0.09846102,0.056894567
2609.0,44.6657,0.09904964,0.05714347
2610.0,45.05556,0.0958785,0.05757894
2611.0,44.0446,0.09635942,0.05528963
2612.0,43.896084,0.0962814,0.054112438
2613.0,43.431133,0.095596336,0.056806266
2614.0,44.343468,0.093679585,0.05596083
2615.0,42.936813,0.094690874,0.054058045
2616.0,43.89633,0.09427325,0.05335881
2617.0,44.55949,0.094769135,0.05687202
2618.0,44.3907,0.09511291,0.05423765
2619.0,45.264427,0.09498182,0.054711804
2620.0,43.655,0.09488431,0.05301797
2621.0,45.039253,0.095661975,0.056281462
2622.0,44.851814,0.09622451,0.053525023
2623.0,44.588486,0.09688997,0.05673955
2624.0,44.432045,0.097464964,0.05603954
2625.0,44.380177,0.09625529,0.057361428
2626.0,46.024086,0.09586053,0.05820513
2627.0,44.72338,0.09645946,0.057961572
2628.0,44.18934,0.096941814,0.057049144
2629.0,43.863304,0.09677089,0.053409304
2630.0,45.85469,0.097619146,0.05781977
2631.0,44.84812,0.098134294,0.056101177
2632.0,45.212883,0.09827066,0.05651609
2633.0,46.0204,0.099673145,0.059195448
2634.0,46.292152,0.10015979,0.060395196
2635.0,46.27413,0.10164364,0.061949994
2636.0,45.528008,0.10046268,0.06264395
2637.0,45.25669,0.09833379,0.05868054
2638.0,45.563507,0.09845032,0.05776435
2639.0,47.16547,0.09739976,0.061821766
2640.0,46.37139,0.09553893,0.05873728
2641.0,45.84459,0.09536311,0.058164075
2642.0,46.924232,0.095929645,0.05788179
2643.0,46.86061,0.0968212,0.06205255
2644.0,47.771545,0.093281746,0.05462879
2645.0,47.696877,0.09362418,0.057388593
2646.0,47.20443,0.09321742,0.05863379
2647.0,47.57714,0.09144852,0.056711685
2648.0,46.810482,0.090763964,0.054877803
2649.0,47.785816,0.09102459,0.058184788
2650.0,47.18484,0.09053012,0.05447121
2651.0,48.952858,0.09206848,0.061662316
2652.0,49.99127,0.09351811,0.060791194
2653.0,49.763123,0.09421493,0.05731529
2654.0,51.598553,0.094331615,0.06346739
2655.0,51.69496,0.09354337,0.06338926
2656.0,51.249153,0.09353354,0.061651744
2657.0,51.642223,0.092614114,0.06191572
2658.0,51.73661,0.09333547,0.06245302
2659.0,52.261368,0.09390704,0.06434161
2660.0,51.44877,0.093519,0.060024332
2661.0,51.334274,0.09257791,0.06360408
2662.0,53.48176,0.0915037,0.061769664
2663.0,54.467136,0.09066329,0.06433429
2664.0,53.618668,0.09201314,0.06346602
2665.0,54.83692,0.09467439,0.06942031
2666.0,54.272736,0.09599054,0.06777093
2667.0,53.88056,0.09552836,0.06690588
2668.0,54.905388,0.09448354,0.068979494
2669.0,55.468803,0.09288351,0.06405253
2670.0,55.99068,0.09111043,0.068218015
2671.0,55.194687,0.0913432,0.06583562
2672.0,54.11283,0.09173022,0.06524209
2673.0,54.71718,0.09190584,0.063711174
2674.0,53.65531,0.090872526,0.0630988
2675.0,55.33602,0.090367906,0.066511594
2676.0,55.481487,0.0890127,0.063438244
2677.0,55.772404,0.08777922,0.063739724
2678.0,57.376118,0.08800527,0.06665626
2679.0,56.339058,0.08693172,0.06374444
2680.0,55.42939,0.086583406,0.06433975
2681.0,54.90565,0.08856423,0.061867796
2682.0,56.928555,0.09040453,0.06863385
2683.0,57.160275,0.090932325,0.06764665
2684.0,57.229538,0.09236641,0.06986075
2685.0,57.533592,0.092341065,0.0683298
2686.0,58.661583,0.09302846,0.07026794
2687.0,58.982418,0.093190864,0.06923615
2688.0,61.23037,0.09204814,0.07331616
2689.0,62.07033,0.09134131,0.07548938
2690.0,62.948112,0.09159422,0.07635915
2691.0,63.648716,0.091191925,0.072853506
2692.0,64.67317,0.089361385,0.077121586
2693.0,64.80199,0.08948907,0.07965533
2694.0,62.92986,0.090486825,0.07367977
2695.0,63.27085,0.09125122,0.07759111
2696.0,62.616425,0.090974204,0.074283645
2697.0,62.685055,0.08992177,0.08037511
2698.0,59.190872,0.090732,0.071120806
2699.0,60.78836,0.09064014,0.07094406
2700.0,60.390934,0.08981276,0.071537554
2701.0,62.86439,0.089493275,0.072250284
2702.0,62.14367,0.08813132,0.07117202
2703.0,63.315857,0.08809512,0.076491706
2704.0,61.657757,0.08847306,0.07120713
2705.0,61.762695,0.08725178,0.072525196
2706.0,63.078888,0.08732391,0.07520114
2707.0,61.757175,0.08603068,0.07145086
2708.0,59.802525,0.08598228,0.0650914
2709.0,61.687378,0.08670443,0.0696759
2710.0,60.241043,0.087159455,0.06971588
2711.0,59.428436,0.08681964,0.0711008
2712.0,59.67001,0.08617774,0.06399054
2713.0,60.154358,0.08681659,0.07117027
2714.0,60.19075,0.08853934,0.07008968
2715.0,62.763424,0.088607006,0.06937776
2716.0,62.306892,0.087902986,0.07152268
2717.0,63.384884,0.08758843,0.071870156
2718.0,63.157845,0.087982774,0.07175203
2719.0,63.40699,0.08764493,0.07095145
2720.0,62.94789,0.08803653,0.07485205
2721.0,63.820526,0.08923824,0.07501522
2722.0,64.96066,0.09018636,0.07332754
2723.0,62.94744,0.09036269,0.07291761
2724.0,63.988644,0.08980959,0.07504154
2725.0,66.48062,0.088301,0.08066905
2726.0,68.08447,0.08785275,0.076729074
2727.0,66.784485,0.087024614,0.07806189
2728.0,66.54607,0.08608299,0.077366866
2729.0,68.1312,0.08557124,0.07462622
2730.0,67.605156,0.08350347,0.074799
2731.0,67.11017,0.07997065,0.07387989
2732.0,67.83285,0.078657955,0.068834744
2733.0,66.3796,0.08024011,0.07016973
2734.0,64.769714,0.08152563,0.069825456
2735.0,62.708824,0.080717914,0.06623015
2736.0,60.731,0.081528716,0.065336384
2737.0,61.482834,0.08279735,0.06782158
2738.0,62.056824,0.08293301,0.06852718
2739.0,59.856304,0.083122924,0.06454935
2740.0,59.794464,0.08380604,0.06361939
2741.0,60.732594,0.08428522,0.06675312
2742.0,63.15033,0.08534912,0.06941818
2743.0,62.389717,0.08435801,0.067825094
2744.0,62.659107,0.084026955,0.07248123
2745.0,62.544838,0.08339772,0.072234206
2746.0,61.20243,0.08185762,0.066471964
2747.0,61.556885,0.0801889,0.06495651
2748.0,60.698837,0.080926396,0.06360933
2749.0,60.618122,0.08062474,0.06559594
2750.0,60.482285,0.08047187,0.06533223
2751.0,61.751305,0.08124231,0.07018299
2752.0,60.290257,0.07865369,0.063825935
2753.0,58.561607,0.07797121,0.058615156
2754.0,58.908485,0.07904001,0.062322106
2755.0,58.85112,0.08079063,0.061511967
2756.0,58.91512,0.0821555,0.06148058
2757.0,57.093483,0.08281121,0.059881948
2758.0,56.77459,0.083663024,0.06268175
2759.0,57.216335,0.083757855,0.0646679
2760.0,57.142857,0.08519739,0.062962905
2761.0,53.682484,0.08520903,0.059904058
2762.0,56.11972,0.085609026,0.06519113
2763.0,55.042767,0.08507143,0.06212621
2764.0,54.74375,0.08197898,0.059314597
2765.0,57.854145,0.08048355,0.060795695
2766.0,57.988514,0.08139202,0.06434511
2767.0,57.865078,0.08188677,0.062319774
2768.0,57.27377,0.0819406,0.062438738
2769.0,58.695103,0.08208221,0.06276926
2770.0,57.76877,0.08117841,0.0629038
2771.0,59.430317,0.082127325,0.06104422
2772.0,57.982334,0.08240774,0.06312738
2773.0,60.810596,0.082127646,0.068479545
2774.0,60.60396,0.08323575,0.06672555
2775.0,60.700836,0.08437306,0.06861633
2776.0,60.73468,0.08313698,0.068416394
2777.0,63.057587,0.08298605,0.07039152
2778.0,61.393387,0.08413123,0.06671637
2779.0,62.534912,0.08353332,0.07074539
2780.0,61.703667,0.08283542,0.06850342
2781.0,61.56676,0.08201679,0.0663673
2782.0,62.14507,0.082089745,0.071433514
2783.0,60.90554,0.08288131,0.06629971
2784.0,60.770355,0.08278823,0.06330548
2785.0,59.649437,0.083696626,0.0720455
2786.0,60.62463,0.083704166,0.06802562
2787.0,59.149124,0.08394525,0.06297142
2788.0,59.885742,0.08462142,0.0694278
2789.0,57.753067,0.084597066,0.06568724
2790.0,56.597054,0.084920436,0.06410715
2791.0,56.127815,0.08473409,0.06573273
2792.0,59.200153,0.08323288,0.06502448
2793.0,59.5449,0.08241214,0.0650688
2794.0,59.636444,0.0815164,0.065141484
2795.0,57.13612,0.0800378,0.059247162
2796.0,57.37773,0.079026066,0.057697296
2797.0,54.604443,0.07877623,0.05679671
2798.0,57.50937,0.0778536,0.058505055
2799.0,55.62558,0.07852735,0.056893174
2800.0,53.872246,0.07968097,0.056565303
2801.0,53.83427,0.07982298,0.05827252
2802.0,52.803345,0.07904103,0.055166624
2803.0,51.685627,0.07716768,0.0528827
2804.0,50.874054,0.07566666,0.0527272
2805.0,49.955017,0.07417545,0.051597815
2806.0,49.65513,0.07587516,0.05131485
2807.0,50.14698,0.076247506,0.05070952
2808.0,49.56082,0.07593697,0.05115245
2809.0,49.81699,0.07418254,0.047731996
2810.0,49.21426,0.07381662,0.052000366
2811.0,49.13298,0.07585914,0.05051367
2812.0,48.571747,0.076611094,0.048317898
2813.0,48.891647,0.07572352,0.048806828
2814.0,47.171814,0.07550608,0.047536775
2815.0,46.641666,0.07560343,0.04920921
2816.0,46.364353,0.07700701,0.048564207
2817.0,45.45831,0.07724352,0.048119813
2818.0,46.40782,0.0762862,0.045497797
2819.0,46.35046,0.076692745,0.04640797
2820.0,47.458138,0.07558932,0.046132997
2821.0,44.562996,0.07356238,0.04331104
2822.0,45.078293,0.073162824,0.04368529
2823.0,42.736237,0.07361403,0.04146064
2824.0,43.091873,0.07472951,0.04160606
2825.0,42.449684,0.07520932,0.042541593
2826.0,43.767708,0.0736771,0.043586113
2827.0,43.67461,0.074651845,0.042905197
2828.0,42.70493,0.074972525,0.041768458
2829.0,41.59185,0.07356306,0.040252108
2830.0,41.16203,0.073425986,0.04115355
2831.0,42.293533,0.07313303,0.043018095
2832.0,41.85787,0.07411242,0.04320117
2833.0,40.665066,0.07405555,0.0401591
2834.0,41.016712,0.07382095,0.040161647
2835.0,41.113354,0.07515165,0.040514134
2836.0,40.506927,0.07483983,0.03912546
2837.0,40.626446,0.07383081,0.038367648
2838.0,40.501232,0.072757676,0.03778301
2839.0,40.650352,0.07309015,0.04011801
2840.0,40.259373,0.075387016,0.041942164
2841.0,39.14314,0.076844774,0.03970382
2842.0,38.86782,0.07626326,0.039931197
2843.0,39.486347,0.075453706,0.04101275
2844.0,39.403187,0.07493388,0.038679164
2845.0,40.25676,0.07451184,0.04248379
2846.0,38.187805,0.07387311,0.03863426
2847.0,39.199554,0.07231723,0.038164187
2848.0,38.726463,0.07160881,0.036803342
2849.0,36.575882,0.0749281,0.038392495
2850.0,37.33687,0.07730719,0.039597142
2851.0,38.378456,0.07756139,0.039824
2852.0,37.660206,0.076195136,0.035859704
2853.0,35.999023,0.07441707,0.034267083
2854.0,37.289993,0.074364185,0.037013713
2855.0,37.296776,0.07371689,0.037831414
2856.0,37.467766,0.0721581,0.03546772
2857.0,35.818375,0.072496265,0.035467897
2858.0,37.126217,0.073112875,0.03521098
2859.0,36.970543,0.07350028,0.035532847
2860.0,36.807114,0.07576361,0.037197936
2861.0,37.226486,0.07689125,0.037792847
2862.0,37.413734,0.076601334,0.0389324
2863.0,37.049904,0.075995974,0.038675696
2864.0,38.35688,0.07802062,0.039752766
2865.0,38.764656,0.07858667,0.040470395
2866.0,39.16736,0.077026136,0.039677817
2867.0,39.30694,0.075643755,0.04151357
2868.0,40.43084,0.074397326,0.04018559
2869.0,40.632378,0.0745418,0.040302783
2870.0,42.30061,0.074670136,0.04201227
2871.0,42.26685,0.074521065,0.041155644
2872.0,42.345284,0.07327226,0.0443041
2873.0,41.440605,0.072037116,0.040561344
2874.0,40.375748,0.07117438,0.03858509
2875.0,41.71494,0.07038376,0.03986352
2876.0,39.140553,0.07226852,0.038428914
2877.0,39.295456,0.072756015,0.037223805
2878.0,38.25659,0.073323056,0.036875937
2879.0,38.08362,0.0744013,0.037422772
2880.0,35.691563,0.0751868,0.03638087
2881.0,35.292564,0.07477631,0.036670096
2882.0,35.454697,0.07462479,0.037434995
2883.0,33.91237,0.07571197,0.033869866
2884.0,33.750786,0.07467752,0.034475654
2885.0,32.80215,0.073099606,0.03234203
2886.0,32.883785,0.07343562,0.031354513
2887.0,31.88116,0.07187507,0.031453136
2888.0,32.875248,0.07031456,0.032278318
2889.0,31.927824,0.070565745,0.029684128
2890.0,31.794495,0.07150772,0.030739596
2891.0,31.407398,0.07230001,0.030047549
2892.0,30.398994,0.072563425,0.029897695
2893.0,29.316269,0.071829215,0.027924769
2894.0,29.299797,0.0709848,0.028232047
2895.0,29.212011,0.0720882,0.02909481
2896.0,28.754221,0.07198136,0.028093476
2897.0,28.831764,0.07050131,0.02633846
2898.0,28.006115,0.07060603,0.026582457
2899.0,28.042643,0.072005704,0.02838875
2900.0,27.254522,0.07446251,0.027077625
2901.0,26.640139,0.07526428,0.025766505
2902.0,26.871199,0.075243965,0.027649354
2903.0,26.024075,0.07414555,0.025795266
2904.0,26.700974,0.07280855,0.026627915
2905.0,25.438572,0.071254775,0.024069972
2906.0,26.149063,0.07138078,0.02449538
2907.0,25.51636,0.07242611,0.025037674
2908.0,25.084732,0.07189355,0.024110252
2909.0,24.872896,0.07113058,0.023678465
2910.0,24.097172,0.07088699,0.023074461
2911.0,24.465082,0.07019087,0.024052614
2912.0,24.000248,0.07260923,0.023813756
2913.0,23.636559,0.07224053,0.022356004
2914.0,23.107979,0.07009959,0.021910124
2915.0,22.826818,0.068865485,0.020288683
2916.0,22.636536,0.07052956,0.021935014
2917.0,22.090572,0.07072591,0.021095682
2918.0,22.290735,0.06943392,0.020782124
2919.0,21.99408,0.068533346,0.020415686
2920.0,21.942715,0.06747087,0.019791659
2921.0,20.372807,0.06663476,0.017509624
2922.0,21.23313,0.06624951,0.018264009
2923.0,20.461739,0.06717021,0.018292403
2924.0,20.101025,0.067862295,0.018026551
2925.0,19.86133,0.068218924,0.01824307
2926.0,20.27414,0.06808669,0.018463328
2927.0,19.280218,0.06873522,0.017705299
2928.0,18.791313,0.06969345,0.017892005
2929.0,18.753904,0.07082,0.018155742
2930.0,18.78667,0.07046064,0.017859256
2931.0,18.252378,0.06893539,0.01688624
2932.0,18.337374,0.06958848,0.017330833
2933.0,17.00064,0.07064805,0.016575258
2934.0,16.888079,0.07071678,0.01599149
2935.0,17.29348,0.07134112,0.017105374
2936.0,16.51778,0.071816295,0.01635212
2937.0,16.220467,0.072671704,0.016067153
2938.0,16.400204,0.07290746,0.016047854
2939.0,16.187391,0.072574,0.016243307
2940.0,15.319465,0.07192072,0.015483541
2941.0,15.035392,0.070309564,0.013937949
2942.0,14.850453,0.069855645,0.013618301
2943.0,14.785244,0.06951419,0.014643491
2944.0,14.333796,0.06806714,0.013238646
2945.0,14.235798,0.0666524,0.012590424
2946.0,13.843536,0.06769385,0.012818213
2947.0,13.650723,0.06714631,0.012252424
2948.0,13.579047,0.06665219,0.012488957
2949.0,12.97416,0.067720935,0.01185265
2950.0,12.991027,0.06935899,0.012533894
2951.0,12.818661,0.07007647,0.012087896
2952.0,12.45401,0.07019621,0.012104539
2953.0,12.106195,0.07091797,0.011868728
2954.0,11.871416,0.070567146,0.011617257
2955.0,11.422713,0.06945828,0.010717388
2956.0,11.481415,0.06876302,0.010395927
2957.0,11.079027,0.069768414,0.010422533
2958.0,10.932725,0.07036928,0.010181828
2959.0,10.434956,0.07125495,0.0097695775
2960.0,10.335142,0.07066323,0.009858655
2961.0,10.397732,0.07094042,0.010239173
2962.0,10.27102,0.07181116,0.009973055
2963.0,9.812562,0.07183548,0.009318757
2964.0,9.571671,0.070873074,0.009029069
2965.0,9.145287,0.070517905,0.009024588
2966.0,8.9460125,0.072804995,0.0089405
2967.0,8.935211,0.073625475,0.008719304
2968.0,8.808754,0.072996974,0.008870858
2969.0,8.642711,0.072229564,0.008766286
2970.0,8.348531,0.07262048,0.008175962
2971.0,8.175754,0.073654145,0.008005579
2972.0,8.274532,0.07337315,0.008441432
2973.0,7.995654,0.07325971,0.007538255
2974.0,7.7879157,0.07374913,0.007829433
2975.0,7.606712,0.07405717,0.007875023
2976.0,7.489248,0.07344942,0.0074651795
2977.0,7.363264,0.07463297,0.0070837364
2978.0,7.277787,0.07357485,0.007350176
2979.0,7.094902,0.07166134,0.006960649
2980.0,6.8803043,0.07034761,0.006390641
2981.0,6.887529,0.07088683,0.006508631
2982.0,6.5893316,0.07176484,0.00638496
2983.0,6.6811256,0.07127778,0.006182596
2984.0,6.6839175,0.07171745,0.006250181
2985.0,6.552428,0.07245675,0.006360077
2986.0,6.55271,0.07366482,0.0064675338
2987.0,6.440414,0.07456198,0.006518262
2988.0,6.2814717,0.07420609,0.0062169787
2989.0,6.4464254,0.07401339,0.006580098
2990.0,6.3577976,0.07289406,0.0061889086
2991.0,6.374163,0.07264856,0.006382299
2992.0,6.4484344,0.07227222,0.0063406173
2993.0,6.320511,0.070830084,0.006092847
2994.0,6.2957993,0.06955271,0.0057523227
2995.0,6.11018,0.06948735,0.0057790303
2996.0,6.084418,0.06864415,0.005670079
2997.0,5.9835453,0.06965184,0.005454345
2998.0,6.0015306,0.06919326,0.005461888
2999.0,6.152365,0.06888974,0.0060287523
3000.0,6.1392994,0.06877823,0.005877162
3001.0,6.0441637,0.069231376,0.005925753
3002.0,6.0765853,0.07096212,0.0057655056
3003.0,6.0383625,0.07113671,0.005403915
3004.0,6.175928,0.07041156,0.005706642
3005.0,6.290253,0.07027497,0.00598042
3006.0,6.3139067,0.07082762,0.006148296
3007.0,6.5914426,0.073079154,0.0067354734
3008.0,6.671436,0.07435426,0.007028506
3009.0,6.706332,0.07484547,0.007161224
3010.0,6.4527445,0.07442461,0.0064411657
3011.0,6.6305294,0.07327316,0.0063402243
3012.0,6.702573,0.07156118,0.0065238695
3013.0,6.789445,0.07156803,0.0064504053
3014.0,6.725897,0.072446026,0.0063882805
3015.0,6.835636,0.07276179,0.0066586942
3016.0,6.855588,0.071816266,0.0066174814
3017.0,6.9803367,0.07134725,0.006469322
3018.0,6.8817296,0.0712992,0.006572401
3019.0,7.108763,0.06942986,0.0066302307
3020.0,7.243741,0.068096526,0.006688018
3021.0,7.5191493,0.06776587,0.0073398477
3022.0,7.56344,0.06796279,0.0073652645
3023.0,7.5582585,0.06972783,0.0076198736
3024.0,7.66212,0.070757285,0.0074387453
3025.0,7.763612,0.07201171,0.0077409097
3026.0,8.044628,0.07109529,0.00797557
3027.0,8.21896,0.07012715,0.008157602
3028.0,8.102506,0.07018377,0.007823943
3029.0,8.365366,0.07075251,0.008291318
3030.0,8.371269,0.07106897,0.008246444
3031.0,8.860475,0.07088684,0.008675724
3032.0,8.615023,0.07095204,0.008444348
3033.0,8.841836,0.06992864,0.008505467
3034.0,9.037135,0.06829485,0.008576929
3035.0,9.231983,0.06694596,0.0078492565
3036.0,9.505737,0.06839828,0.008792355
3037.0,9.523564,0.06996992,0.009212021
3038.0,9.820524,0.06982075,0.009603253
3039.0,9.910105,0.06830578,0.00921913
3040.0,10.017915,0.068399794,0.00929611
3041.0,10.430814,0.0695656,0.010221914
3042.0,10.696657,0.07194707,0.010285066
3043.0,10.941492,0.07404057,0.0115044555
3044.0,10.918947,0.07515232,0.011080495
3045.0,11.344621,0.07453529,0.011605666
3046.0,11.669832,0.073751956,0.012240454
3047.0,11.476812,0.073459536,0.012074838
3048.0,11.995625,0.07376091,0.01265435
3049.0,12.303912,0.07512566,0.01288978
3050.0,12.362595,0.07616417,0.012302382
3051.0,12.387299,0.0748841,0.012916327
3052.0,12.784861,0.07307152,0.012881173
3053.0,12.873871,0.07233507,0.012581416
3054.0,13.431294,0.07097942,0.013101773
3055.0,13.126669,0.06896597,0.013298528
3056.0,13.572275,0.06827053,0.0126397
3057.0,13.424309,0.06856651,0.011910236
3058.0,13.992927,0.06914457,0.013421305
3059.0,14.138503,0.06844376,0.013894215
3060.0,14.252104,0.068720914,0.013657447
3061.0,14.714551,0.06774964,0.013071807
3062.0,14.904862,0.06737028,0.013313871
3063.0,15.237845,0.067386955,0.014379745
3064.0,15.472041,0.06781522,0.014611419
3065.0,15.566238,0.06995457,0.014049946
3066.0,15.516201,0.071690604,0.015423445
3067.0,16.041267,0.07190633,0.01564562
3068.0,16.259228,0.07183574,0.01576973
3069.0,16.921667,0.07293518,0.01735883
3070.0,17.36071,0.07468629,0.018748874
3071.0,16.970448,0.07424473,0.017275292
3072.0,17.168562,0.075221345,0.017982017
3073.0,17.956566,0.076054506,0.018803762
3074.0,17.636024,0.075098105,0.018343486
3075.0,17.897247,0.07427895,0.017773729
3076.0,17.657627,0.075864665,0.018504908
3077.0,18.554943,0.0771205,0.019351557
3078.0,19.563408,0.07783147,0.021019785
3079.0,18.35258,0.07826976,0.020187574
3080.0,19.501953,0.07754778,0.020740515
3081.0,19.366228,0.076811835,0.020391732
3082.0,19.756733,0.0764509,0.02063841
3083.0,19.623169,0.075840555,0.020274734
3084.0,20.317884,0.07564101,0.022048112
3085.0,20.494747,0.07596227,0.02131195
3086.0,20.791748,0.07651799,0.022002168
3087.0,21.174185,0.07859216,0.02284712
3088.0,21.363815,0.080789365,0.02352453
3089.0,21.864674,0.08109145,0.023531167
3090.0,21.444525,0.082350746,0.024635168
3091.0,22.171238,0.08252761,0.02499787
3092.0,22.14087,0.08252656,0.025250437
3093.0,22.444479,0.08193403,0.02469131
3094.0,23.237312,0.08167176,0.025797421
3095.0,22.567003,0.08015194,0.024913486
3096.0,22.74015,0.07761382,0.02430993
3097.0,22.874737,0.07761224,0.024998529
3098.0,23.740604,0.07699398,0.02465328
3099.0,24.058552,0.075688556,0.025248125
3100.0,24.173134,0.07275045,0.024316883
3101.0,24.877323,0.07261683,0.024509301
3102.0,25.022423,0.07418762,0.0257739
3103.0,25.4948,0.07566317,0.025855219
3104.0,25.645618,0.076605834,0.027783537
3105.0,25.798594,0.07667076,0.028129235
3106.0,25.760458,0.07537776,0.026821349
3107.0,25.72406,0.073932,0.026025575
3108.0,26.31913,0.07315742,0.026345003
3109.0,27.469759,0.07373187,0.027189689
3110.0,27.723217,0.074474744,0.02810222
3111.0,27.935888,0.074977145,0.029593255
3112.0,28.892881,0.0742821,0.030509653
3113.0,28.061901,0.07257933,0.028244643
3114.0,28.337278,0.071621165,0.02905683
3115.0,28.32039,0.073444694,0.028797897
3116.0,29.201855,0.07625608,0.030745177
3117.0,29.321072,0.07791444,0.032288015
3118.0,30.456352,0.07999396,0.03492016
3119.0,29.95867,0.081532344,0.03517611
3120.0,30.99274,0.080886535,0.034571983
3121.0,32.571144,0.0790519,0.035280686
3122.0,32.835617,0.07978659,0.035368998
3123.0,33.996323,0.07918,0.03616907
3124.0,33.161797,0.0769525,0.03580003
3125.0,34.516964,0.07569145,0.036039546
3126.0,35.59626,0.073631205,0.035103656
3127.0,35.270645,0.07304688,0.035254054
3128.0,36.699085,0.07368879,0.03670773
3129.0,36.168247,0.07490092,0.037198443
3130.0,35.21988,0.076115884,0.03743182
3131.0,35.032303,0.07615102,0.038107723
3132.0,34.49552,0.077202514,0.038234215
3133.0,33.175503,0.07807918,0.036849935
3134.0,33.44178,0.07814099,0.037132952
3135.0,33.945866,0.07853385,0.036869712
3136.0,31.614304,0.07789035,0.034022603
3137.0,32.12822,0.07566719,0.033907145
3138.0,31.27205,0.07576773,0.03191131
3139.0,32.327,0.07652749,0.033485066
3140.0,31.386057,0.07627601,0.03222546
3141.0,31.522884,0.077093914,0.03311944
3142.0,31.366028,0.0779328,0.033808827
3143.0,30.493996,0.078762315,0.033665173
3144.0,31.418648,0.078789264,0.03425241
3145.0,32.015167,0.07964816,0.033513557
3146.0,32.127617,0.0821331,0.036059026
3147.0,30.54605,0.08169461,0.03626273
3148.0,31.914455,0.08058374,0.036806278
3149.0,32.469513,0.07960446,0.035683952
3150.0,32.09836,0.08022502,0.03550809
3151.0,31.126343,0.080163054,0.033865497
3152.0,32.24537,0.080604926,0.035637178
3153.0,32.19036,0.08056319,0.034436245
3154.0,32.634357,0.07944114,0.035213754
3155.0,33.13756,0.07721321,0.035874628
3156.0,33.127167,0.075939156,0.034331422
3157.0,33.226784,0.0761261,0.03577528
3158.0,33.738224,0.07510791,0.036455683
3159.0,33.099606,0.07676677,0.036111806
3160.0,33.368973,0.07850757,0.03598309
3161.0,33.699455,0.08098877,0.037298445
3162.0,34.382526,0.08198227,0.039039206
3163.0,33.370174,0.081619635,0.038301226
3164.0,33.91408,0.081482165,0.03899947
3165.0,34.304974,0.082637005,0.039411854
3166.0,35.264988,0.08285473,0.041764498
3167.0,34.11548,0.08129771,0.038638912
3168.0,34.83915,0.080687694,0.038744453
3169.0,35.43948,0.08001871,0.038665954
3170.0,34.972137,0.07908268,0.03664051
3171.0,34.80331,0.07838935,0.0382189
3172.0,35.46595,0.0788329,0.039426014
3173.0,36.042755,0.080426514,0.042269073
3174.0,35.6409,0.081015505,0.03951948
3175.0,35.720676,0.07926377,0.03942427
3176.0,35.78946,0.08056121,0.042310342
3177.0,36.0029,0.08095701,0.04044281
3178.0,37.1613,0.07987586,0.04198717
3179.0,37.475845,0.08075721,0.04369224
3180.0,38.181667,0.08081911,0.04398866
3181.0,39.134033,0.08230726,0.04409048
3182.0,39.26749,0.084068224,0.04517452
3183.0,36.87474,0.08428228,0.042359192
3184.0,39.0035,0.08578304,0.045402713
3185.0,38.74163,0.08459055,0.04709702
3186.0,39.34282,0.08250157,0.04476304
3187.0,39.069183,0.08128553,0.04500489
3188.0,39.285603,0.08081461,0.0445954
3189.0,41.047905,0.07912671,0.043589994
3190.0,40.00518,0.07815201,0.04335746
3191.0,40.42353,0.07935508,0.04535304
3192.0,41.113434,0.081363745,0.049750376
3193.0,40.77061,0.0808968,0.047255766
3194.0,40.513065,0.08012767,0.046078622
3195.0,41.29278,0.080405265,0.04496179
3196.0,40.94844,0.08225565,0.046161458
3197.0,41.438637,0.0820502,0.046765193
3198.0,43.32006,0.08102025,0.04892987
3199.0,43.94722,0.081647255,0.050195254
3200.0,44.233284,0.0819427,0.05074999
3201.0,45.181076,0.08273666,0.05389389
3202.0,46.54512,0.08391093,0.053739984
3203.0,44.99048,0.0876512,0.05478739
3204.0,46.509136,0.089222655,0.058153316
3205.0,46.95288,0.087565154,0.056352276
3206.0,47.560566,0.08618107,0.05929355
3207.0,48.225426,0.08502454,0.059760746
3208.0,47.435677,0.08508497,0.055528432
3209.0,45.380905,0.08472949,0.05495265
3210.0,46.06324,0.08455532,0.05375555
3211.0,46.869167,0.085663244,0.056994896
3212.0,47.850975,0.08589159,0.059989
3213.0,47.569687,0.08403663,0.058092892
3214.0,48.04282,0.08498481,0.058709532
3215.0,48.745804,0.08456792,0.05900552
3216.0,48.34777,0.08258531,0.05558043
3217.0,49.59195,0.08145791,0.054521274
3218.0,49.31697,0.079934224,0.054146543
3219.0,49.656567,0.07796827,0.054855037
3220.0,48.937706,0.07925426,0.055798184
3221.0,49.938847,0.08089728,0.056617483
3222.0,48.941986,0.081811346,0.055774733
3223.0,50.250706,0.08250878,0.060526352
3224.0,49.196278,0.08239797,0.058524035
3225.0,49.555397,0.0822233,0.054639082
3226.0,48.258102,0.0839003,0.056343414
3227.0,48.41282,0.0853424,0.05895357
3228.0,46.339664,0.08567488,0.05698484
3229.0,46.89049,0.085568294,0.054960776
3230.0,46.300606,0.085261546,0.055976905
3231.0,46.531445,0.08568359,0.05788012
3232.0,46.90796,0.08685272,0.05889628
3233.0,45.409008,0.08783596,0.056606576
3234.0,46.332245,0.088947736,0.056595523
3235.0,46.240593,0.088285916,0.05609844
3236.0,44.23002,0.085233614,0.052947063
3237.0,43.26339,0.08308784,0.051972892
3238.0,45.29758,0.08062979,0.049541086
3239.0,42.706837,0.077754006,0.048477206
3240.0,43.139202,0.07809858,0.04760219
3241.0,45.711067,0.07858223,0.049739867
3242.0,45.559544,0.07933797,0.052041844
3243.0,45.713852,0.08156446,0.054264586
3244.0,44.71836,0.08175337,0.050498616
3245.0,47.27845,0.08103236,0.057410587
3246.0,45.682884,0.08172404,0.049068514
3247.0,46.757336,0.084232554,0.056504976
3248.0,48.253384,0.0855922,0.05965066
3249.0,48.799942,0.08507109,0.059254598
3250.0,47.647934,0.08568114,0.05911288
3251.0,47.702675,0.08499191,0.056657426
3252.0,48.10594,0.084282175,0.056212366
3253.0,48.480877,0.08493208,0.060114488
3254.0,46.865654,0.08587962,0.055387855
3255.0,48.0447,0.085037604,0.056786146
3256.0,48.5726,0.083908744,0.05649281
3257.0,49.44272,0.08096833,0.058111902
3258.0,49.03805,0.07964046,0.05555726
3259.0,47.058136,0.079166636,0.052676853
3260.0,45.74047,0.07850464,0.04979631
3261.0,46.93937,0.07786247,0.050556786
3262.0,47.272064,0.07855348,0.05145803
3263.0,47.58494,0.08044378,0.054733217
3264.0,47.68813,0.079529405,0.053430263
3265.0,48.95512,0.07756675,0.054393668
3266.0,49.953705,0.076854736,0.052300103
3267.0,51.92958,0.07793521,0.056135114
3268.0,52.891125,0.079581246,0.06076539
3269.0,51.794632,0.07865036,0.05813201
3270.0,52.628044,0.076592125,0.056706253
3271.0,53.162518,0.07681289,0.06238358
3272.0,51.80037,0.07735258,0.05541205
3273.0,51.26467,0.07761027,0.05849605
3274.0,51.4126,0.078055054,0.056804966
3275.0,51.473484,0.078696884,0.057825405
3276.0,49.77491,0.07890152,0.053795006
3277.0,48.542336,0.07968624,0.0542659
3278.0,50.228752,0.079427965,0.053985607
3279.0,49.99076,0.082026206,0.05874071
3280.0,48.4455,0.086184904,0.05994076
3281.0,48.845722,0.08865306,0.063569695
3282.0,47.524994,0.09026302,0.061584823
3283.0,47.780262,0.09116572,0.063030615
3284.0,47.34359,0.09039106,0.06349516
3285.0,48.541557,0.089602925,0.06185115
3286.0,47.223648,0.09031586,0.058048025
3287.0,45.945778,0.08975015,0.059810635
3288.0,45.82143,0.089072675,0.057195112
3289.0,44.937054,0.08855522,0.056280185
3290.0,45.886726,0.086678386,0.05613199
3291.0,45.950005,0.08506704,0.053531963
3292.0,45.411438,0.08533442,0.056129996
3293.0,46.415688,0.08598412,0.054296408
3294.0,46.037594,0.08570988,0.053662572
3295.0,47.817955,0.08442711,0.054741487
3296.0,47.45315,0.0844784,0.057056766
3297.0,47.01707,0.08280037,0.056282002
3298.0,47.862556,0.0826474,0.05688367
3299.0,46.565254,0.084376596,0.055255856
3300.0,45.978657,0.0872276,0.056856003
3301.0,46.130062,0.0908209,0.059031013
3302.0,45.31043,0.09134254,0.0586385
3303.0,46.33209,0.08879122,0.055532333
3304.0,46.794662,0.08824508,0.05665825
3305.0,47.848152,0.08881838,0.0580914
3306.0,46.26223,0.08941303,0.059642293
3307.0,48.621223,0.08805242,0.058671027
3308.0,49.27789,0.08935265,0.063688904
3309.0,47.97481,0.089686885,0.060526613
3310.0,47.396183,0.088165015,0.059990797
3311.0,47.24279,0.0858007,0.0567594
3312.0,46.06524,0.08498322,0.05672712
3313.0,44.88257,0.08505114,0.053382423
3314.0,44.152924,0.08617424,0.053537484
3315.0,42.763485,0.08629902,0.051393114
3316.0,43.44657,0.085584074,0.053260054
3317.0,43.319077,0.08561061,0.050416466
3318.0,43.34207,0.08551402,0.054401383
3319.0,41.56791,0.08692621,0.05109521
3320.0,41.572067,0.0851483,0.05097261
3321.0,41.89512,0.08283281,0.048333246
3322.0,42.513107,0.0820539,0.04707284
3323.0,41.681488,0.08236452,0.047842342
3324.0,41.76023,0.082959384,0.050012656
3325.0,41.35311,0.083376914,0.050005376
3326.0,40.532127,0.08207188,0.04887411
3327.0,39.529804,0.08134895,0.04660044
3328.0,40.119244,0.0799859,0.044627797
3329.0,40.950317,0.08103924,0.046181366
3330.0,41.727512,0.08150076,0.049998175
3331.0,41.30709,0.08292434,0.049622837
3332.0,40.49521,0.08462379,0.048428304
3333.0,40.30516,0.085428484,0.0481739
3334.0,40.95197,0.086830474,0.04900471
3335.0,40.48973,0.08820701,0.050766945
3336.0,40.787056,0.08762288,0.053469237
3337.0,40.780064,0.086743705,0.052689206
3338.0,39.77466,0.08506394,0.048276868
3339.0,38.823593,0.08440166,0.04644914
3340.0,38.05153,0.08403528,0.044218425
3341.0,38.72958,0.08274291,0.045366224
3342.0,38.981533,0.08267853,0.047350574
3343.0,38.197304,0.08370432,0.045967452
3344.0,38.37298,0.08370438,0.046599012
3345.0,37.90533,0.08399498,0.045276333
3346.0,38.282753,0.08358117,0.047458112
3347.0,37.0163,0.083187155,0.046338003
3348.0,36.88689,0.083226755,0.042763438
3349.0,36.80821,0.08200194,0.042618413
3350.0,35.159073,0.08224994,0.04288424
3351.0,35.728542,0.08344597,0.043838665
3352.0,35.397938,0.08357024,0.04114844
3353.0,34.851265,0.082373545,0.0410429
3354.0,35.334682,0.08224833,0.042713854
3355.0,35.092255,0.08331147,0.041226763
3356.0,34.94879,0.08620988,0.044767752
3357.0,35.165596,0.086378835,0.042702932
3358.0,34.42952,0.08672769,0.044601843
3359.0,34.658348,0.08613047,0.044202786
3360.0,35.271675,0.08585616,0.043635093
3361.0,33.999416,0.084053956,0.041731223
3362.0,34.337547,0.08173499,0.03986536
3363.0,33.53047,0.08067036,0.03995982
3364.0,33.543293,0.0793561,0.038510457
3365.0,34.64696,0.079426795,0.03775515
3366.0,33.585526,0.08065477,0.040062543
3367.0,33.386723,0.08262609,0.039672256
3368.0,33.27321,0.08420936,0.041074783
3369.0,32.864456,0.085563935,0.039563637
3370.0,33.477146,0.08566107,0.040832683
3371.0,32.96364,0.08618935,0.040300716
3372.0,32.72782,0.08603296,0.038031835
3373.0,33.17095,0.08576532,0.04017112
3374.0,32.90943,0.08680583,0.042019267
3375.0,32.413383,0.08704248,0.04127792
3376.0,33.46308,0.08721394,0.04156963
3377.0,32.738636,0.08750677,0.0404132
3378.0,33.08573,0.08733657,0.04054894
3379.0,33.18617,0.087786965,0.041961655
3380.0,33.1822,0.08872943,0.043938372
3381.0,32.366375,0.086459845,0.03898422
3382.0,32.274933,0.08250662,0.038224526
3383.0,33.30872,0.08076742,0.038322724
3384.0,31.98882,0.07923699,0.035724707
3385.0,31.782057,0.07890591,0.03647664
3386.0,32.918205,0.08045637,0.038024627
3387.0,31.920313,0.081918195,0.038212743
3388.0,32.16943,0.08180551,0.03827931
3389.0,32.737816,0.08358534,0.03976175
3390.0,33.395016,0.085711546,0.039206747
3391.0,32.833652,0.0861311,0.039517734
3392.0,32.400234,0.08495472,0.037606318
3393.0,32.80684,0.084047966,0.039462
3394.0,32.78335,0.08371112,0.03870531
3395.0,32.630775,0.083917916,0.03869172
3396.0,32.38958,0.08432307,0.040851176
3397.0,32.319557,0.08365845,0.038845938
3398.0,31.803112,0.08394157,0.03747439
3399.0,32.429447,0.08412475,0.037466183
3400.0,31.505613,0.08244505,0.03641594
3401.0,31.074795,0.080366366,0.03553797
3402.0,32.361202,0.0809847,0.0383859
3403.0,31.359804,0.08242178,0.037884522
3404.0,30.249104,0.08218716,0.034748152
3405.0,31.126577,0.08075269,0.035008263
3406.0,31.181831,0.081075,0.037850805
3407.0,32.02897,0.08192399,0.03661256
3408.0,31.59731,0.08203822,0.036704026
3409.0,30.392567,0.08145169,0.03464156
3410.0,30.010494,0.082672864,0.035543416
3411.0,30.592733,0.0832733,0.037906323
3412.0,31.375002,0.08404129,0.038688798
3413.0,30.907793,0.08467277,0.038116988
3414.0,30.546799,0.08605265,0.038448133
3415.0,30.937546,0.08541884,0.038852558
3416.0,30.274525,0.08615218,0.037706725
3417.0,30.053219,0.08560994,0.036981706
3418.0,30.44955,0.085846394,0.036245015
3419.0,30.721275,0.08845359,0.040883236
3420.0,30.544338,0.090597205,0.039759453
3421.0,30.441227,0.0883453,0.03974684
3422.0,29.930958,0.08555729,0.03743986
3423.0,30.527924,0.0856566,0.037710514
3424.0,30.203709,0.08523483,0.03511611
3425.0,30.890253,0.083576016,0.03766912
3426.0,30.389416,0.083311215,0.03702263
3427.0,30.105762,0.08480119,0.03851916
3428.0,30.61153,0.08416704,0.037552197
3429.0,29.454147,0.08342362,0.033844024
3430.0,29.667797,0.084814176,0.03630329
3431.0,29.568232,0.08422758,0.036466308
3432.0,29.65818,0.08344746,0.03475524
3433.0,29.305891,0.084727734,0.035573762
3434.0,29.312279,0.08281265,0.03506098
3435.0,29.32903,0.081909314,0.035615947
3436.0,30.053463,0.083184995,0.03670259
3437.0,30.00355,0.08321948,0.036457952
3438.0,30.132727,0.08322945,0.036600035
3439.0,28.987156,0.0837141,0.0346195
3440.0,29.681503,0.08466437,0.036753625
3441.0,30.12995,0.085157074,0.037940226
3442.0,29.96538,0.08513506,0.03531057
3443.0,29.904165,0.08412609,0.036762446
3444.0,30.827229,0.081938095,0.036475692
3445.0,29.83839,0.0798709,0.035415266
3446.0,30.096085,0.07797578,0.03312791
3447.0,29.882414,0.08002551,0.03468308
3448.0,29.70054,0.07976451,0.033781324
3449.0,29.404964,0.08015558,0.03372534
3450.0,29.632145,0.08175064,0.03559488
3451.0,29.64957,0.082589276,0.03569493
3452.0,28.92275,0.082433276,0.035071723
3453.0,30.235775,0.08458907,0.038400393
3454.0,30.236452,0.08722643,0.037662864
3455.0,29.69143,0.0872267,0.03767332
3456.0,29.561003,0.08654557,0.036372166
3457.0,28.927757,0.08743431,0.03654368
3458.0,28.788855,0.087653846,0.03447598
3459.0,29.171259,0.08714742,0.035148844
3460.0,29.123219,0.0854735,0.036316965
3461.0,29.529127,0.08372559,0.036252193
3462.0,28.469831,0.08311265,0.03514847
3463.0,29.456293,0.08341047,0.035925273
3464.0,29.36118,0.083210684,0.035693347
3465.0,29.413748,0.08201708,0.035098992
3466.0,28.358513,0.08061393,0.03444209
3467.0,29.520367,0.07926055,0.034045853
3468.0,29.332876,0.08113992,0.03431422
3469.0,29.829205,0.08244363,0.03519478
3470.0,29.481821,0.08187021,0.034747407
3471.0,29.493778,0.07946374,0.033124425
3472.0,29.61367,0.079065494,0.033504218
3473.0,29.858301,0.080686726,0.034131512
3474.0,29.738125,0.08096298,0.035724077
3475.0,30.430962,0.081148066,0.037656184
3476.0,29.625418,0.08080461,0.034583926
3477.0,29.48964,0.081291534,0.034312826
3478.0,29.40203,0.08238822,0.034222163
3479.0,28.719452,0.08394526,0.035353553
3480.0,28.939041,0.08398946,0.034107152
3481.0,28.193985,0.08368426,0.034166314
3482.0,28.611256,0.08205879,0.032948475
3483.0,29.277561,0.08293139,0.035758372
3484.0,28.610842,0.08434504,0.03431476
3485.0,28.983177,0.084772706,0.036317784
3486.0,28.52045,0.08471293,0.035554614
3487.0,28.615404,0.08300082,0.035382904
3488.0,29.61476,0.08138446,0.034855217
3489.0,28.273039,0.08062622,0.03406204
3490.0,28.549377,0.080974646,0.03307389
3491.0,29.125174,0.08032237,0.03310252
3492.0,28.465662,0.07900535,0.032645814
3493.0,28.42828,0.08131223,0.03384273
3494.0,28.57243,0.08165973,0.033734754
3495.0,29.107552,0.08123733,0.033404104
3496.0,28.463198,0.08233309,0.034146465
3497.0,29.103397,0.08075543,0.033618003
3498.0,28.95041,0.07958189,0.03421595
3499.0,28.051659,0.080053896,0.034505695
3500.0,26.74708,0.078500755,0.031043498
3501.0,28.800785,0.07576794,0.033079974
3502.0,28.8409,0.07563574,0.030983306
3503.0,28.90825,0.076801576,0.03251452
3504.0,28.901377,0.079455234,0.03391048
3505.0,28.033798,0.07981661,0.03253862
3506.0,29.033163,0.08162721,0.032872334
3507.0,27.460146,0.08415061,0.0331961
3508.0,28.64936,0.085096784,0.0356031
3509.0,28.907715,0.08430778,0.034819692
3510.0,27.988892,0.08238187,0.034002546
3511.0,28.465836,0.08197344,0.03342898
3512.0,28.88107,0.081739396,0.035175685
3513.0,29.24205,0.08127454,0.035080668
3514.0,29.00566,0.08153766,0.03493931
3515.0,28.957962,0.08134358,0.03544732
3516.0,28.551506,0.08005071,0.03304631
3517.0,28.916418,0.07875978,0.032997116
3518.0,29.179983,0.077459045,0.03156055
3519.0,28.423752,0.076479316,0.031786665
3520.0,29.072557,0.076659456,0.03263243
3521.0,28.86514,0.07788749,0.031849068
3522.0,29.434143,0.07813012,0.03256812
3523.0,29.189722,0.07660506,0.032157946
3524.0,29.76972,0.07706468,0.033350166
3525.0,30.179619,0.07787463,0.034800194
3526.0,29.400103,0.075837664,0.032689817
3527.0,29.972788,0.07488799,0.0321087
3528.0,29.154358,0.07675705,0.03367455
3529.0,29.613358,0.077580914,0.034544908
3530.0,29.001131,0.075723685,0.031831667
3531.0,30.0,0.07642747,0.033655673
3532.0,29.635508,0.076934166,0.03455924
3533.0,29.041601,0.07619708,0.031129247
3534.0,29.27492,0.077157125,0.033308327
3535.0,29.435696,0.07621761,0.03236892
3536.0,30.146597,0.07684022,0.033090502
3537.0,29.071012,0.07844191,0.03353427
3538.0,28.838764,0.0790279,0.034331907
3539.0,29.550892,0.078659385,0.032889105
3540.0,29.850273,0.07893634,0.035031714
3541.0,29.011608,0.07925358,0.034046836
3542.0,29.26226,0.07965406,0.032759815
3543.0,28.677132,0.079529144,0.03462668
3544.0,29.1605,0.07894542,0.037044566
3545.0,29.162489,0.07753863,0.033005685
3546.0,29.910885,0.07597835,0.03157051
3547.0,30.122726,0.07428065,0.033054918
3548.0,29.43353,0.07418043,0.03172184
3549.0,30.129522,0.075180344,0.03251656
3550.0,30.699776,0.07534952,0.032797396
3551.0,29.460167,0.07687401,0.03319629
3552.0,29.324411,0.07830062,0.033930033
3553.0,30.006023,0.07834406,0.03542022
3554.0,29.782028,0.07761226,0.03364814
3555.0,29.743057,0.07722836,0.034298286
3556.0,31.000395,0.07714693,0.035286855
3557.0,29.823921,0.0761123,0.03340135
3558.0,30.55943,0.07426767,0.033379428
3559.0,30.082285,0.074720316,0.03266145
3560.0,30.21426,0.076902874,0.03385734
3561.0,29.44821,0.07569283,0.034014244
3562.0,29.931288,0.07488176,0.032190986
3563.0,30.145077,0.0737038,0.03230387
3564.0,30.023632,0.072665304,0.034023933
3565.0,30.124424,0.07323829,0.03342905
3566.0,30.021183,0.0736308,0.032863133
3567.0,29.480564,0.07265281,0.031121094
3568.0,29.30561,0.07254011,0.033166375
3569.0,30.379053,0.07384801,0.033662066
3570.0,30.320374,0.075348124,0.03493955
3571.0,29.667524,0.07531199,0.032803178
3572.0,30.441813,0.07320693,0.032526445
3573.0,30.88415,0.072354086,0.032761216
3574.0,29.838228,0.07128714,0.03132332
3575.0,30.212528,0.07040857,0.031521842
3576.0,30.52525,0.06992519,0.03197857
3577.0,30.438328,0.070987694,0.031109158
3578.0,29.648003,0.07186307,0.030411776
3579.0,30.554745,0.07172256,0.032421853
3580.0,30.915712,0.072265565,0.03314711
3581.0,29.950321,0.07386775,0.03452937
3582.0,30.08847,0.073028974,0.033165388
3583.0,30.71181,0.073088735,0.034720935
3584.0,30.770737,0.073381215,0.033626057
3585.0,30.66055,0.07327228,0.03430957
3586.0,30.463545,0.073284246,0.03355987
3587.0,31.24509,0.07216385,0.03425037
3588.0,30.894865,0.07119879,0.03401636
3589.0,30.787987,0.07111964,0.032740578
3590.0,30.598848,0.072278686,0.031394348
3591.0,30.673153,0.07340741,0.03251667
3592.0,31.453794,0.07544914,0.035102095
3593.0,32.02227,0.07719084,0.03612625
3594.0,32.052757,0.07573433,0.03561824
3595.0,30.889748,0.073901914,0.033937354
3596.0,31.304508,0.073794894,0.03273582
3597.0,30.410254,0.07327985,0.03324132
3598.0,32.44755,0.071908236,0.03365496
3599.0,32.212784,0.071553476,0.032712612
3600.0,31.407299,0.07151493,0.032750614
3601.0,31.50378,0.072539,0.034063492
3602.0,32.472626,0.07562966,0.036002234
3603.0,32.63226,0.07497228,0.037058193
3604.0,32.8906,0.07378974,0.035517633
3605.0,32.27314,0.07338041,0.033752102
3606.0,32.338715,0.07268798,0.034477796
3607.0,32.664196,0.07233517,0.033787984
3608.0,32.78439,0.07149396,0.035125285
3609.0,33.07127,0.07164733,0.034530286
3610.0,33.185448,0.0731312,0.03695858
3611.0,32.579987,0.07354604,0.033368528
3612.0,32.363865,0.07241365,0.032685425
3613.0,32.14496,0.07229887,0.034814604
3614.0,32.63373,0.07145284,0.033658214
3615.0,31.764004,0.071033835,0.03296582
3616.0,32.32435,0.070817165,0.03315096
3617.0,32.951797,0.070902355,0.033006992
3618.0,32.81143,0.07072376,0.03432715
3619.0,33.495617,0.070300035,0.035087336
3620.0,32.460705,0.07192066,0.034477003
3621.0,33.20857,0.0730366,0.036541123
3622.0,33.309433,0.07204286,0.034127485
3623.0,32.92985,0.07082681,0.03306826
3624.0,32.810535,0.0712808,0.03478579
3625.0,32.74368,0.07273199,0.034013096
3626.0,34.173485,0.0734723,0.035043385
3627.0,33.277916,0.07292343,0.037159633
3628.0,32.738647,0.07152123,0.03398
3629.0,32.560074,0.069557,0.033169795
3630.0,33.80053,0.07026396,0.03443244
3631.0,33.290318,0.07129883,0.03511678
3632.0,33.449074,0.07337182,0.036033574
3633.0,33.986656,0.07398111,0.03571969
3634.0,34.253468,0.07206088,0.03515754
3635.0,34.217113,0.070246704,0.035115663
3636.0,33.67638,0.069567755,0.0338889
3637.0,33.560997,0.070816904,0.03579529
3638.0,33.490776,0.072353765,0.037516642
3639.0,34.917145,0.07232391,0.03796155
3640.0,34.324677,0.07195443,0.03757566
3641.0,33.82784,0.07109304,0.035197437
3642.0,34.675438,0.06820861,0.0334404
3643.0,34.629555,0.06872686,0.035627656
3644.0,35.300556,0.07077981,0.03698269
3645.0,35.425385,0.07116989,0.03733287
3646.0,34.938354,0.069427915,0.035296675
3647.0,35.247604,0.06992232,0.037246265
3648.0,34.70175,0.07032091,0.036675442
3649.0,35.602215,0.070684634,0.03736105
3650.0,34.957523,0.071690574,0.03838825
3651.0,36.118187,0.07228398,0.03906761
3652.0,36.913822,0.070784755,0.038320396
3653.0,36.699203,0.07029229,0.03775194
3654.0,38.285843,0.070043,0.038697846
3655.0,38.26345,0.07140148,0.03935372
3656.0,37.852592,0.07225853,0.04021705
3657.0,38.122246,0.07131298,0.039863266
3658.0,38.4738,0.07203216,0.03980322
3659.0,38.61272,0.07194484,0.042516295
3660.0,37.795586,0.06914243,0.03875405
3661.0,38.026493,0.06676993,0.036424298
3662.0,39.46493,0.0667452,0.03994516
3663.0,40.31634,0.067864366,0.040515628
3664.0,39.732544,0.066600405,0.03931891
3665.0,40.59121,0.06570696,0.039143454
3666.0,40.064358,0.06512081,0.038379323
3667.0,39.965828,0.06705436,0.040599003
3668.0,40.708458,0.06979515,0.043290075
3669.0,40.972267,0.069689706,0.04296838
3670.0,41.388058,0.07092748,0.04653094
3671.0,40.811844,0.06975495,0.04381455
3672.0,40.123535,0.06836784,0.04083668
3673.0,40.731716,0.068791404,0.042594224
3674.0,39.868416,0.06786394,0.040002543
3675.0,41.061806,0.06775219,0.041767865
3676.0,41.053383,0.07081733,0.04368408
3677.0,41.218914,0.07394805,0.044857528
3678.0,42.276608,0.0731546,0.044850722
3679.0,41.74901,0.07066783,0.04384339
3680.0,41.26057,0.06931111,0.043052923
3681.0,40.68615,0.069566675,0.04156189
3682.0,42.2181,0.06879443,0.040973045
3683.0,42.265427,0.06882488,0.044340264
3684.0,42.278732,0.06786111,0.0431883
3685.0,42.740974,0.06827836,0.043913443
3686.0,43.356853,0.067304134,0.042488623
3687.0,43.719456,0.064885706,0.042173285
3688.0,45.413097,0.064097725,0.04287655
3689.0,46.087025,0.06471192,0.04688053
3690.0,46.511765,0.06538281,0.04643531
3691.0,47.000145,0.066794254,0.04845637
3692.0,47.969105,0.06539316,0.04813862
3693.0,47.711037,0.0651751,0.046235155
3694.0,46.589813,0.06554216,0.04520353
3695.0,46.883453,0.06514503,0.046071824
3696.0,46.54749,0.06553268,0.046029203
3697.0,46.48867,0.065569386,0.04756212
3698.0,44.06128,0.064158104,0.04201524
3699.0,44.931507,0.06287271,0.040994983
3700.0,44.83114,0.062450003,0.040880065
3701.0,46.728123,0.0629638,0.042051274
3702.0,45.943485,0.063121624,0.04150343
3703.0,47.005623,0.062845655,0.04393204
3704.0,45.74771,0.064020835,0.044263422
3705.0,45.675102,0.06471662,0.042875256
3706.0,46.830807,0.06545248,0.04604322
3707.0,46.015186,0.066383354,0.04490619
3708.0,44.523193,0.0655232,0.043233603
3709.0,45.809124,0.06457481,0.042369016
3710.0,44.564587,0.06479654,0.04330924
3711.0,44.168694,0.063881874,0.042562928
3712.0,44.673004,0.064072825,0.04539736
3713.0,44.978554,0.06567531,0.04486621
3714.0,44.792934,0.06558979,0.04282618
3715.0,46.556892,0.063623704,0.042780023
3716.0,46.1453,0.062061593,0.043619424
3717.0,47.2697,0.06348333,0.045455944
3718.0,47.11034,0.06449446,0.047456067
3719.0,47.02584,0.06349837,0.044884853
3720.0,47.01646,0.06233428,0.042038497
3721.0,47.27436,0.06423341,0.047043145
3722.0,48.073547,0.06396835,0.04720685
3723.0,46.84636,0.06264634,0.0451093
3724.0,47.433525,0.06284591,0.044622436
3725.0,49.214657,0.06281677,0.047066953
3726.0,50.58982,0.06411654,0.049271468
3727.0,49.76439,0.063947976,0.048848767
3728.0,49.680058,0.063227914,0.04903873
3729.0,50.68703,0.06457339,0.04963115
3730.0,50.23806,0.064982355,0.048834044
3731.0,49.829308,0.06484192,0.050136816
3732.0,50.543133,0.06344393,0.046624888
3733.0,49.485275,0.062210627,0.047186933
3734.0,48.45626,0.062532045,0.046069697
3735.0,46.829372,0.06431986,0.047504943
3736.0,45.23104,0.06541373,0.043239325
3737.0,45.720848,0.06468597,0.04421142
3738.0,46.454605,0.064225145,0.04585349
3739.0,44.619823,0.063765086,0.041182484
3740.0,44.858562,0.061849654,0.0423053
3741.0,45.413654,0.06074157,0.04016875
3742.0,47.260704,0.060526874,0.0412249
3743.0,46.418007,0.060130686,0.041274995
3744.0,46.705856,0.061414342,0.042692836
3745.0,46.871597,0.06190239,0.04298207
3746.0,46.020287,0.060074158,0.04167556
3747.0,46.15666,0.059182774,0.040613282
3748.0,45.1718,0.059624348,0.041439954
3749.0,45.476593,0.06125218,0.041275084
3750.0,45.145584,0.062529825,0.04366909
3751.0,46.095966,0.06343539,0.04371737
3752.0,45.470722,0.06185263,0.042089198
3753.0,43.61249,0.059036337,0.038678642
3754.0,44.223385,0.059144,0.04041585
3755.0,43.75816,0.061664816,0.039486416
3756.0,44.2869,0.06253901,0.04141987
3757.0,42.992645,0.06128373,0.039784525
3758.0,42.013683,0.060855266,0.036721356
3759.0,42.60994,0.05981316,0.038920566
3760.0,42.743332,0.060574044,0.039051995
3761.0,40.52213,0.061738636,0.037343286
3762.0,42.06067,0.061041437,0.03979092
3763.0,41.196987,0.060224447,0.037528828
3764.0,41.100594,0.06059619,0.037757486
3765.0,43.289886,0.061471745,0.042094987
3766.0,43.498356,0.06228833,0.04165977
3767.0,43.33086,0.06338442,0.04218318
3768.0,42.9496,0.063002884,0.04167934
3769.0,43.93914,0.061104104,0.042655177
3770.0,43.51225,0.060353525,0.040680625
3771.0,44.51419,0.06127599,0.041398667
3772.0,43.57857,0.061183468,0.040879935
3773.0,45.606674,0.06081246,0.042840697
3774.0,45.571503,0.059403066,0.040368244
3775.0,45.478405,0.05887821,0.04183699
3776.0,45.41918,0.05921265,0.040814534
3777.0,47.47049,0.061213665,0.042735793
3778.0,45.834385,0.060417622,0.040898692
3779.0,46.95821,0.058484793,0.04233971
3780.0,46.209007,0.05938927,0.041427486
3781.0,46.2661,0.06039876,0.044586692
3782.0,46.87642,0.060384225,0.041796897
3783.0,45.785378,0.058698725,0.039539263
3784.0,45.5588,0.058397785,0.039342288
3785.0,44.79602,0.05867011,0.03838854
3786.0,45.61614,0.059025075,0.041311678
3787.0,44.4202,0.059021745,0.040385433
3788.0,45.011494,0.058473077,0.042579122
3789.0,43.4264,0.058830626,0.040050805
3790.0,42.70285,0.05815084,0.03963173
3791.0,42.022034,0.05739464,0.035434883
3792.0,44.492508,0.058226053,0.03920666
3793.0,44.80666,0.057950318,0.040100716
3794.0,44.79761,0.056859676,0.039671965
3795.0,43.2476,0.057858653,0.037667397
3796.0,43.167206,0.058014963,0.03808801
3797.0,41.25447,0.057844944,0.036992475
3798.0,42.96164,0.05728606,0.036916226
3799.0,42.12762,0.05671277,0.034233846
3800.0,40.612843,0.057618335,0.034416158
3801.0,40.518967,0.058041494,0.034984615
3802.0,39.627598,0.057015788,0.035355102
3803.0,38.957462,0.057030242,0.03267554
3804.0,38.536835,0.058075313,0.03424008
3805.0,37.853626,0.058810923,0.034288257
3806.0,37.25451,0.058268532,0.03227699
3807.0,37.76543,0.059300918,0.033548884
3808.0,37.55596,0.0601162,0.033671565
3809.0,37.73873,0.059058398,0.034105856
3810.0,37.17804,0.05743286,0.033116125
3811.0,36.88102,0.057173163,0.031064633
3812.0,36.659695,0.05614529,0.030946393
3813.0,36.854927,0.05396406,0.028651688
3814.0,35.68844,0.0566083,0.030420467
3815.0,35.39624,0.057180416,0.030364888
3816.0,35.014214,0.05856757,0.031180782
3817.0,34.53558,0.058332697,0.030633178
3818.0,34.97949,0.058447294,0.031613596
3819.0,34.956024,0.058283214,0.03197444
3820.0,35.81444,0.057335094,0.031038092
3821.0,33.83312,0.058079273,0.028864902
3822.0,34.21794,0.056432623,0.030398037
3823.0,32.29496,0.05589974,0.026672209
3824.0,32.730095,0.056944616,0.028871704
3825.0,32.085575,0.056723073,0.028601853
3826.0,33.205944,0.055452865,0.027209895
3827.0,33.10913,0.054732405,0.02784683
3828.0,32.405643,0.056300126,0.027482498
3829.0,31.536068,0.056080066,0.025975088
3830.0,31.319563,0.055129383,0.026502676
3831.0,31.997166,0.056063447,0.029116474
3832.0,31.78379,0.05644403,0.02650919
3833.0,30.693735,0.056362115,0.026576014
3834.0,31.096888,0.05681791,0.026297295
3835.0,31.072973,0.05733907,0.02754425
3836.0,30.634575,0.056564838,0.026587235
3837.0,30.833443,0.054383535,0.024472864
3838.0,30.849854,0.05357882,0.026226241
3839.0,30.778437,0.0534199,0.02729471
3840.0,30.561209,0.054434072,0.02590315
3841.0,29.880795,0.054721892,0.025501715
3842.0,29.359821,0.055291027,0.025629083
3843.0,30.046928,0.05591496,0.025330508
3844.0,29.892708,0.0559241,0.024467874
3845.0,30.587759,0.0559676,0.025794273
3846.0,29.111362,0.05682269,0.024749802
3847.0,30.034643,0.055817943,0.025153901
3848.0,29.43413,0.057281926,0.024937829
3849.0,27.916018,0.05633481,0.024196045
3850.0,28.346497,0.05511142,0.023298774
3851.0,29.177744,0.05461617,0.02342568
3852.0,28.633438,0.05649468,0.025138095
3853.0,27.446615,0.05761967,0.023450738
3854.0,28.464733,0.056251496,0.024196912
3855.0,28.62109,0.054728974,0.0239066
3856.0,28.46777,0.053652573,0.024407214
3857.0,27.567986,0.054281246,0.023028485
3858.0,28.29635,0.055434093,0.023696588
3859.0,28.097906,0.05485578,0.022906223
3860.0,28.04509,0.054489832,0.02332394
3861.0,28.456038,0.054715768,0.02476001
3862.0,28.514542,0.05538384,0.02565803
3863.0,28.254417,0.05641042,0.024138544
3864.0,29.029291,0.058494806,0.026244005
3865.0,29.508253,0.058324993,0.027059631
3866.0,29.89849,0.056408532,0.025562512
3867.0,29.941267,0.05507961,0.024823748
3868.0,30.8287,0.055609535,0.026170501
3869.0,30.740473,0.05678471,0.026244687
3870.0,32.30186,0.054391697,0.027394222
3871.0,32.2762,0.053695086,0.025681606
3872.0,32.299023,0.05451168,0.027975172
3873.0,31.568497,0.054573506,0.026151558
3874.0,30.650045,0.053457752,0.0258159
3875.0,31.839867,0.052360006,0.026713887
3876.0,29.895304,0.05313445,0.025300596
3877.0,30.143871,0.051727366,0.02508737
3878.0,29.21454,0.051126026,0.023013743
3879.0,29.121368,0.052105244,0.022430193
3880.0,27.315275,0.05204017,0.022210691
3881.0,27.13424,0.052468296,0.022890033
3882.0,27.141523,0.051088154,0.020465877
3883.0,26.034771,0.051914047,0.020663165
3884.0,25.791832,0.053351033,0.020630462
3885.0,25.343552,0.05376137,0.020646201
3886.0,25.438892,0.052626424,0.02069032
3887.0,24.439938,0.05220516,0.019297607
3888.0,25.219345,0.052127827,0.019286819
3889.0,24.45593,0.051229488,0.01907649
3890.0,24.354076,0.051965628,0.019012382
3891.0,24.087826,0.051761646,0.01862871
3892.0,23.3251,0.05175149,0.017877782
3893.0,22.607058,0.05002451,0.017163098
3894.0,22.633778,0.04896472,0.017445333
3895.0,22.470055,0.049010694,0.016228179
3896.0,22.202002,0.050159913,0.016830344
3897.0,22.138405,0.051102884,0.016986573
3898.0,21.61606,0.052231323,0.017392317
3899.0,21.643576,0.052162606,0.017533071
3900.0,21.0742,0.05198409,0.01716142
3901.0,20.591486,0.050858915,0.016179053
3902.0,20.741066,0.050816465,0.016149383
3903.0,20.189793,0.052117564,0.01689481
3904.0,20.700237,0.052246876,0.016889002
3905.0,19.794397,0.051808544,0.016285233
3906.0,20.227526,0.052285563,0.016971283
3907.0,19.898518,0.053531777,0.016404176
3908.0,19.514927,0.05396283,0.016847126
3909.0,19.41073,0.051818784,0.015367796
3910.0,18.716484,0.05178247,0.014785573
3911.0,18.980568,0.051449552,0.01492441
3912.0,18.561089,0.05134204,0.014536523
3913.0,18.50663,0.050475124,0.015381821
3914.0,17.932331,0.05201773,0.014618865
3915.0,17.827549,0.05249122,0.014305754
3916.0,17.691174,0.05150834,0.014063536
3917.0,17.258396,0.051251974,0.013105821
3918.0,17.318089,0.051466696,0.013761114
3919.0,17.220102,0.052461404,0.0139738545
3920.0,17.121819,0.051659636,0.013421085
3921.0,15.943744,0.050268658,0.012277856
3922.0,16.664928,0.05075229,0.013699814
3923.0,16.062584,0.05025327,0.01287569
3924.0,15.737365,0.051672902,0.0121845575
3925.0,15.563681,0.05108314,0.011837079
3926.0,16.079882,0.051617492,0.012479094
3927.0,15.225961,0.05081314,0.012380018
3928.0,14.776798,0.051328704,0.012075686
3929.0,14.783152,0.05090711,0.011633247
3930.0,14.811671,0.051109556,0.012283346
3931.0,14.459465,0.049998835,0.011215465
3932.0,14.524845,0.051231273,0.011209022
3933.0,13.542655,0.051535778,0.010925717
3934.0,13.3919735,0.050962392,0.010604364
3935.0,13.776318,0.05008877,0.010768082
3936.0,13.218275,0.05042937,0.010659304
3937.0,12.86866,0.050683625,0.010077499
3938.0,13.113291,0.04995235,0.009939566
3939.0,12.954122,0.049694825,0.0104464
3940.0,12.228341,0.048766386,0.009086428
3941.0,12.114626,0.050507456,0.0097951675
3942.0,11.961011,0.05114551,0.009514111
3943.0,12.0001,0.050141715,0.00916441
3944.0,11.6182995,0.049481273,0.008747939
3945.0,11.538195,0.04775549,0.008507768
3946.0,11.292433,0.047138266,0.008345873
3947.0,11.020937,0.049288318,0.008356261
3948.0,11.143877,0.049134865,0.008419698
3949.0,10.719791,0.04937463,0.008017866
3950.0,10.689382,0.049321443,0.008170736
3951.0,10.581127,0.04917397,0.008362658
3952.0,10.321389,0.04962133,0.007704872
3953.0,10.018124,0.050457895,0.008153248
3954.0,9.933616,0.05119335,0.007926933
3955.0,9.560464,0.049653146,0.007453347
3956.0,9.670025,0.04869781,0.0071826107
3957.0,9.395157,0.04749235,0.0070541054
3958.0,9.196012,0.0477256,0.006533661
3959.0,8.777483,0.048444334,0.0062705157
3960.0,8.831038,0.047128785,0.006522665
3961.0,8.870936,0.046092194,0.006465328
3962.0,8.850809,0.04595748,0.0063613923
3963.0,8.419838,0.046542082,0.0061646244
3964.0,8.278141,0.048281305,0.0062005343
3965.0,7.965493,0.046537418,0.005731647
3966.0,7.8226833,0.04766538,0.005915325
3967.0,7.8294177,0.05051592,0.0061337096
3968.0,7.8050747,0.050215364,0.0063866344
3969.0,7.6294394,0.04961848,0.00571746
3970.0,7.4068127,0.049283426,0.0054397685
3971.0,7.415358,0.048638955,0.005619031
3972.0,7.4735336,0.048094384,0.0055002724
3973.0,7.2251797,0.048938975,0.0052593336
3974.0,7.081384,0.04894584,0.0053985515
3975.0,7.020153,0.049741138,0.0054959925
3976.0,6.968111,0.050559804,0.0055338964
3977.0,6.8425083,0.049368326,0.0053200466
3978.0,6.735396,0.048326824,0.0052855117
3979.0,6.6401086,0.0494826,0.00512303
3980.0,6.5012064,0.050513223,0.0051006963
3981.0,6.503977,0.04903086,0.0050003873
3982.0,6.2889137,0.050247245,0.0050377743
3983.0,6.305664,0.050564896,0.0048445687
3984.0,6.423531,0.047759145,0.004807936
3985.0,6.3087535,0.048893686,0.0048608305
3986.0,6.2813396,0.049934525,0.0047514252
3987.0,6.2834616,0.049807116,0.0048441635
3988.0,6.1654305,0.048696175,0.0048803166
3989.0,6.2942467,0.04883248,0.004803424
3990.0,6.199284,0.04903359,0.004668337
3991.0,6.2153215,0.04919711,0.0046506026
3992.0,6.330748,0.0507598,0.004981886
3993.0,6.216351,0.049776316,0.00463964
3994.0,6.2283316,0.049697377,0.0047115823
3995.0,5.9657235,0.049654618,0.004717108
3996.0,5.992305,0.048543204,0.0045617656
3997.0,5.8516927,0.049194578,0.004501339
3998.0,5.902202,0.049575254,0.004442935
3999.0,6.0323668,0.049555156,0.004731734
4000.0,6.005443,0.048632544,0.0044665267
4001.0,5.9041643,0.049681354,0.004609175
4002.0,5.9671164,0.050239157,0.004668711
4003.0,5.900254,0.049199767,0.0045206947
4004.0,6.032542,0.049511474,0.0044417833
4005.0,6.122006,0.048900455,0.004565347
4006.0,6.190826,0.049625732,0.004731487
4007.0,6.4091434,0.04772246,0.0050466
4008.0,6.471091,0.047400452,0.004805161
4009.0,6.410606,0.048298664,0.0049145124
4010.0,6.211281,0.04921704,0.0047824974
4011.0,6.399578,0.04933383,0.005098815
4012.0,6.3988857,0.04827746,0.004950336
4013.0,6.4901633,0.048266575,0.0047605108
4014.0,6.3631086,0.048779897,0.0046647936
4015.0,6.4394407,0.048154734,0.005063971
4016.0,6.457924,0.046433665,0.004756574
4017.0,6.5443854,0.046606682,0.0046372777
4018.0,6.492152,0.04888327,0.0048487475
4019.0,6.6391506,0.04883046,0.0048546745
4020.0,6.690268,0.049216785,0.0051771505
4021.0,6.932746,0.048610635,0.00527456
4022.0,6.9577427,0.047838878,0.005378107
4023.0,6.9709253,0.048572864,0.005418522
4024.0,7.0828853,0.04992107,0.0057246364
4025.0,7.1012383,0.050172083,0.0057821246
4026.0,7.382275,0.05025262,0.005986964
4027.0,7.3868847,0.049957592,0.005818617
4028.0,7.3816795,0.050075117,0.0056772153
4029.0,7.539933,0.049762838,0.005889468
4030.0,7.5109496,0.049553312,0.0058616814
4031.0,7.8689394,0.048331685,0.0059883916
4032.0,7.6317873,0.048499327,0.0059255874
4033.0,7.8735576,0.048752178,0.005889657
4034.0,7.9952803,0.048122864,0.005913776
4035.0,8.101919,0.04834299,0.0060975133
4036.0,8.308853,0.047289338,0.0063437815
4037.0,8.270057,0.047726482,0.006563363
4038.0,8.603423,0.04873873,0.0066871024
4039.0,8.614928,0.048085403,0.0066897166
4040.0,8.712678,0.046697743,0.0064952113
4041.0,8.981123,0.04630085,0.006196062
4042.0,9.153479,0.046714503,0.006407118
4043.0,9.397091,0.046193164,0.0068918527
4044.0,9.3117485,0.04685502,0.0066975653
4045.0,9.655127,0.04826923,0.0071613574
4046.0,9.970139,0.048733857,0.007955089
4047.0,9.727347,0.047248308,0.007537808
4048.0,10.161005,0.0487976,0.0077829054
4049.0,10.38734,0.048185192,0.007793528
4050.0,10.468363,0.04839419,0.007674436
4051.0,10.53241,0.048759714,0.007902534
4052.0,10.729898,0.04829674,0.00812566
4053.0,10.760992,0.047517516,0.008115271
4054.0,11.271134,0.047764134,0.009012587
4055.0,10.95646,0.048385162,0.008167776
4056.0,11.342024,0.04810396,0.008097419
4057.0,11.200411,0.04897686,0.0086398
4058.0,11.589282,0.048508044,0.008903273
4059.0,11.841898,0.047739014,0.0091775935
4060.0,11.789585,0.04791744,0.008677166
4061.0,12.152527,0.04634027,0.008925674
4062.0,12.339881,0.04642616,0.008954092
4063.0,12.505209,0.04644288,0.00920183
4064.0,12.732401,0.04583674,0.009234464
4065.0,12.889893,0.04787032,0.009962361
4066.0,12.794985,0.048805043,0.010132008
4067.0,13.103544,0.04751413,0.009725932
4068.0,13.406524,0.04604263,0.009902859
4069.0,13.838707,0.048405435,0.010774951
4070.0,14.148582,0.04687202,0.010218192
4071.0,13.84439,0.04587073,0.010017985
4072.0,13.996278,0.047590982,0.010507811
4073.0,14.714028,0.046634726,0.010835473
4074.0,14.475802,0.044643734,0.009427438
4075.0,14.631426,0.043805517,0.010126796
4076.0,14.358573,0.043953206,0.009595806
4077.0,15.135622,0.04390575,0.010495583
4078.0,15.936794,0.045568462,0.011995184
4079.0,14.959848,0.04547471,0.010639555
4080.0,15.756021,0.04571781,0.011336254
4081.0,15.732086,0.043912344,0.010682102
4082.0,15.91828,0.04380116,0.011168733
4083.0,15.979742,0.04486738,0.011493897
4084.0,16.492887,0.044786703,0.011989054
4085.0,16.547955,0.044518456,0.011350345
4086.0,16.903225,0.04496172,0.012348658
4087.0,17.148108,0.04561036,0.012319571
4088.0,17.264038,0.04457265,0.012540674
4089.0,17.688356,0.044248052,0.012232077
4090.0,17.349352,0.04423591,0.011877252
4091.0,17.970583,0.044548497,0.012502337
4092.0,17.873802,0.045622084,0.012300768
4093.0,18.166998,0.04670501,0.012657519
4094.0,18.705528,0.0459777,0.01389949
4095.0,18.325508,0.046789717,0.013950667
4096.0,18.40644,0.04734335,0.014210063
4097.0,18.49751,0.04496141,0.013018815
4098.0,19.126106,0.045843832,0.013880904
4099.0,19.325226,0.046233565,0.014105285
4100.0,19.524254,0.045726977,0.0145188
4101.0,20.05278,0.04525357,0.014675681
4102.0,20.107037,0.044760924,0.014302651
4103.0,20.558466,0.044622913,0.014270119
4104.0,20.739622,0.04355491,0.014078941
4105.0,20.651108,0.043930627,0.0139828045
4106.0,20.82583,0.044057723,0.015201299
4107.0,20.723875,0.043214064,0.0135044325
4108.0,21.134296,0.04415395,0.014578795
4109.0,21.989243,0.044904735,0.015294304
4110.0,22.262201,0.04489734,0.015532946
4111.0,22.429699,0.044030502,0.01537335
4112.0,23.166243,0.04391986,0.015663613
4113.0,22.700668,0.04439374,0.01539754
4114.0,22.978193,0.044911843,0.01606409
4115.0,22.882101,0.04350775,0.015491793
4116.0,23.292643,0.04401476,0.016465474
4117.0,23.662106,0.04461059,0.016958328
4118.0,24.477268,0.043651953,0.016728692
4119.0,24.139267,0.044632528,0.017784325
4120.0,24.904833,0.045976613,0.018743819
4121.0,26.06219,0.046539143,0.01859598
4122.0,26.21209,0.046077006,0.018685065
4123.0,27.385246,0.045818787,0.020504816
4124.0,26.701668,0.044910543,0.018714875
4125.0,27.565563,0.04478754,0.019328909
4126.0,28.408653,0.04423335,0.020190887
4127.0,28.385485,0.04496767,0.020329233
4128.0,29.571749,0.04349654,0.020812402
4129.0,29.106472,0.044300664,0.02077324
4130.0,28.333563,0.04563994,0.0205604
4131.0,27.993048,0.043599308,0.019196032
4132.0,27.702524,0.043586284,0.019413445
4133.0,26.642683,0.045319814,0.018926784
4134.0,26.846806,0.04587458,0.019005602
4135.0,27.201498,0.044539,0.019063003
4136.0,25.212193,0.0454451,0.018527744
4137.0,25.68685,0.04503438,0.018890753
4138.0,25.16508,0.04451453,0.018031117
4139.0,25.966333,0.04548236,0.018333206
4140.0,25.239334,0.044106726,0.017283203
4141.0,25.308878,0.04499325,0.018161431
4142.0,25.211315,0.046326,0.019415263
4143.0,24.607191,0.04609516,0.018638372
4144.0,25.21769,0.047904152,0.01970373
4145.0,25.805468,0.046887383,0.020162275
4146.0,25.653837,0.04673056,0.019376546
4147.0,24.506582,0.04461801,0.017102445
4148.0,25.697882,0.04432078,0.018735757
4149.0,26.090946,0.045242894,0.019432267
4150.0,25.764448,0.04490734,0.0182671
4151.0,25.133108,0.04470056,0.017507518
4152.0,25.944891,0.044789396,0.017789116
4153.0,25.804207,0.043535136,0.017557956
4154.0,26.270834,0.044307902,0.018030815
4155.0,26.47545,0.045332365,0.01788268
4156.0,26.576893,0.045315012,0.019107293
4157.0,26.637112,0.044742595,0.01840856
4158.0,27.138294,0.04627721,0.020222778
4159.0,26.467072,0.04641589,0.019714717
4160.0,26.900517,0.045144424,0.019324953
4161.0,26.958141,0.04620094,0.02062288
4162.0,27.706326,0.04634883,0.020552807
4163.0,26.853065,0.046724543,0.019929394
4164.0,27.148384,0.046699762,0.020698097
4165.0,27.591675,0.045243938,0.019694246
4166.0,28.321756,0.045161232,0.019510739
4167.0,27.345213,0.046363503,0.019819824
4168.0,28.051022,0.046357647,0.021294402
4169.0,28.41641,0.046579894,0.021631328
4170.0,28.071175,0.04657882,0.021084838
4171.0,28.051693,0.04707312,0.020773211
4172.0,28.519705,0.04806836,0.022101425
4173.0,28.902338,0.0479812,0.022900302
4174.0,28.663456,0.047154937,0.022522042
4175.0,28.737093,0.046202928,0.021859048
4176.0,28.776428,0.046205983,0.021553926
4177.0,29.00976,0.045989517,0.021034658
4178.0,30.001328,0.04572747,0.022611482
4179.0,30.0164,0.045080997,0.021785734
4180.0,30.662785,0.044638265,0.021840205
4181.0,31.41946,0.045773234,0.022589616
4182.0,31.535416,0.044424005,0.02197454
4183.0,29.700647,0.045462564,0.022059666
4184.0,31.40944,0.045499194,0.023281304
4185.0,31.263176,0.04654428,0.021657161
4186.0,31.69122,0.04747647,0.024025932
4187.0,31.30205,0.045683317,0.023687052
4188.0,31.606823,0.04533126,0.023306642
4189.0,32.88202,0.045051143,0.024304744
4190.0,32.248226,0.046829242,0.024476722
4191.0,32.693516,0.047112346,0.025310552
4192.0,33.27023,0.04645683,0.024803557
4193.0,32.74699,0.04642888,0.024530947
4194.0,32.447456,0.046427205,0.024565725
4195.0,33.37806,0.047440648,0.025738504
4196.0,33.037846,0.04838093,0.025156772
4197.0,33.304764,0.046907797,0.025273085
4198.0,34.642017,0.046161834,0.026207991
4199.0,35.392586,0.0478676,0.026738584
4200.0,35.5955,0.046394613,0.027190942
4201.0,36.380505,0.04561313,0.025635973
4202.0,37.33969,0.044938907,0.027262116
4203.0,36.340504,0.045788564,0.027380714
4204.0,37.558792,0.046594188,0.028743464
4205.0,38.022373,0.045078352,0.028852548
4206.0,38.260147,0.045817204,0.028955646
4207.0,38.84098,0.0451876,0.028637834
4208.0,38.24623,0.044487316,0.028222885
4209.0,36.465183,0.04545612,0.027152246
4210.0,37.291348,0.045768514,0.028238315
4211.0,37.81508,0.04444894,0.027293352
4212.0,38.63075,0.044786636,0.028848317
4213.0,38.286144,0.046543397,0.029870627
4214.0,38.919422,0.046095226,0.02806042
4215.0,39.42375,0.046755128,0.029470682
4216.0,38.973507,0.046510853,0.027621275
4217.0,40.119205,0.045793608,0.028313829
4218.0,39.91987,0.0451438,0.028095137
4219.0,40.108093,0.04399116,0.0280976
4220.0,39.48017,0.046216495,0.030089935
4221.0,40.242954,0.047039803,0.03143463
4222.0,39.545574,0.04625737,0.03015757
4223.0,40.664608,0.046240874,0.02973235
4224.0,39.62829,0.045927867,0.02904419
4225.0,40.061726,0.04492486,0.028296648
4226.0,39.081482,0.044832215,0.02781835
4227.0,39.161686,0.044106726,0.028684743
4228.0,37.433678,0.044960048,0.028013228
4229.0,37.80804,0.045774892,0.028912002
4230.0,37.491653,0.043724526,0.025876744
4231.0,37.46837,0.04325893,0.027632037
4232.0,37.89143,0.04480004,0.02782509
4233.0,36.633095,0.043749347,0.026525777
4234.0,37.403572,0.04329119,0.026272034
4235.0,37.38232,0.04369897,0.025841888
4236.0,35.93967,0.04302013,0.026542364
4237.0,34.877243,0.042337656,0.024315814
4238.0,36.756916,0.04400711,0.027133334
4239.0,34.74029,0.042339407,0.024576094
4240.0,34.65892,0.042157516,0.023968872
4241.0,36.769745,0.043421987,0.025485987
4242.0,36.694904,0.043695606,0.025267247
4243.0,37.24518,0.042176675,0.025661053
4244.0,36.18423,0.043276712,0.0250448
4245.0,38.20539,0.043619394,0.0278397
4246.0,37.16082,0.042535476,0.025226075
4247.0,37.772926,0.0450436,0.02685064
4248.0,39.318264,0.045924608,0.029306395
4249.0,39.43798,0.045469914,0.030569755
4250.0,38.672512,0.044666223,0.027137823
4251.0,38.802193,0.04507863,0.028784772
4252.0,38.876347,0.044242278,0.02897244
4253.0,39.488968,0.044460602,0.028665515
4254.0,38.199974,0.045008443,0.027756317
4255.0,38.908524,0.044903878,0.028808301
4256.0,39.370728,0.04404139,0.026826289
4257.0,40.062138,0.043910716,0.028757265
4258.0,39.94703,0.04363394,0.026673377
4259.0,38.145153,0.042904958,0.027253222
4260.0,37.304596,0.043421548,0.026526332
4261.0,38.058876,0.043672524,0.026436552
4262.0,38.370007,0.043314382,0.027262542
4263.0,38.356724,0.04310788,0.026342569
4264.0,38.772957,0.044502065,0.026900925
4265.0,39.794857,0.04426203,0.028657073
4266.0,40.52956,0.045360953,0.029390223
4267.0,42.150654,0.04493374,0.03199139
4268.0,42.85334,0.045497064,0.031348485
4269.0,41.907066,0.047559813,0.033187058
4270.0,42.81521,0.047217995,0.03334437
4271.0,43.20533,0.046608392,0.03489938
4272.0,42.028786,0.04729967,0.03438662
4273.0,41.665657,0.047404382,0.031716585
4274.0,41.65357,0.04600946,0.033635844
4275.0,41.651703,0.04430143,0.02976262
4276.0,40.361874,0.045520343,0.028289134
4277.0,39.561638,0.044667393,0.027698336
4278.0,40.625336,0.045677785,0.03103446
4279.0,40.466698,0.045660928,0.030916903
4280.0,39.52764,0.04434364,0.028688911
4281.0,39.672813,0.044839375,0.028745573
4282.0,38.72478,0.044525176,0.028651113
4283.0,38.759216,0.045214094,0.028429344
4284.0,38.296547,0.045129944,0.027917335
4285.0,39.370743,0.044107698,0.028767068
4286.0,38.456413,0.04337924,0.026675895
4287.0,37.517784,0.042902566,0.026632914
4288.0,37.38538,0.044798665,0.028066816
4289.0,36.47216,0.04344116,0.02559563
4290.0,37.324127,0.042644102,0.0250725
4291.0,37.301952,0.043965735,0.026966222
4292.0,37.06363,0.04429824,0.02573674
4293.0,37.713604,0.0431875,0.026097964
4294.0,37.264297,0.04298707,0.026937919
4295.0,38.799385,0.041939776,0.026611863
4296.0,38.716663,0.042952437,0.026142653
4297.0,38.246548,0.042417385,0.026136002
4298.0,38.924362,0.0420972,0.02791164
4299.0,37.944138,0.04246002,0.02561155
4300.0,37.562233,0.041572433,0.02529593
4301.0,37.30293,0.04187317,0.025760433
4302.0,37.045116,0.04148753,0.02528285
4303.0,37.84633,0.041497346,0.025799869
4304.0,38.15892,0.041726023,0.027193027
4305.0,38.933014,0.041986223,0.02729245
4306.0,37.620872,0.041857347,0.026092691
4307.0,39.412918,0.040772803,0.02636363
4308.0,40.17731,0.040951412,0.02668963
4309.0,38.98583,0.042026028,0.027073108
4310.0,38.598846,0.041520767,0.025777286
4311.0,38.588585,0.041695993,0.027329259
4312.0,37.540554,0.042707212,0.026058573
4313.0,36.722034,0.041067656,0.02442489
4314.0,36.03517,0.039255682,0.023096435
4315.0,34.889984,0.040949978,0.024014644
4316.0,35.42092,0.042163264,0.024617435
4317.0,35.414665,0.042742148,0.025481544
4318.0,35.43357,0.04279137,0.025129667
4319.0,33.87903,0.043226466,0.023390409
4320.0,34.042294,0.04334174,0.02356267
4321.0,34.260315,0.04263628,0.023729932
4322.0,34.526127,0.042048223,0.022551453
4323.0,34.070305,0.043276988,0.023381539
4324.0,34.01339,0.044127624,0.02478148
4325.0,33.791306,0.043170363,0.022846002
4326.0,33.25226,0.043407563,0.024291288
4327.0,32.479465,0.043305255,0.023840375
4328.0,32.661858,0.042349257,0.022686424
4329.0,33.477062,0.04219033,0.023577917
4330.0,34.109447,0.042087525,0.023267915
4331.0,33.720055,0.04083243,0.022676898
4332.0,33.14288,0.04128247,0.023091147
4333.0,33.03425,0.042075016,0.023038069
4334.0,33.499077,0.042589564,0.022575913
4335.0,33.12668,0.042941436,0.023864891
4336.0,33.47874,0.044640105,0.024338182
4337.0,33.455467,0.045272123,0.024665777
4338.0,32.554977,0.043676365,0.024242356
4339.0,31.806927,0.04277701,0.02311627
4340.0,31.01984,0.04136397,0.021499146
4341.0,31.642239,0.042168457,0.021889843
4342.0,32.143734,0.0426551,0.02150456
4343.0,31.159998,0.044251148,0.021930326
4344.0,31.386307,0.043712076,0.021607708
4345.0,31.088648,0.044570856,0.021933608
4346.0,31.291616,0.04527077,0.024022995
4347.0,30.272713,0.04537333,0.02271101
4348.0,30.18331,0.044799082,0.02229344
4349.0,30.003727,0.043900646,0.021421013
4350.0,28.87133,0.043737173,0.021500641
4351.0,29.377216,0.042936776,0.020845456
4352.0,29.161213,0.043004174,0.02080874
4353.0,28.418602,0.044664774,0.020986231
4354.0,28.975521,0.042715654,0.020110749
4355.0,28.943188,0.04225876,0.020031203
4356.0,28.543785,0.04361971,0.020102322
4357.0,28.77975,0.0424036,0.020632263
4358.0,28.239977,0.04191328,0.01870196
4359.0,28.325733,0.042179164,0.01971762
4360.0,28.928846,0.043685205,0.020168673
4361.0,27.840979,0.043174192,0.020486247
4362.0,28.062012,0.043092288,0.019995539
4363.0,27.453415,0.04390628,0.019912265
4364.0,27.612427,0.043212976,0.018875835
4365.0,28.475546,0.042450164,0.019878512
4366.0,27.50888,0.041949686,0.019386088
4367.0,27.3046,0.04325003,0.02018841
4368.0,27.251213,0.044185575,0.02024809
4369.0,27.001331,0.04534315,0.019874636
4370.0,27.339195,0.04531884,0.020420684
4371.0,27.153812,0.045304887,0.019739011
4372.0,26.91531,0.043290365,0.019190187
4373.0,27.288612,0.04468294,0.020378476
4374.0,27.063728,0.04575661,0.02006651
4375.0,26.637833,0.045275476,0.019824974
4376.0,27.504038,0.046663184,0.021113457
4377.0,26.894209,0.045925193,0.020068178
4378.0,27.22227,0.04465749,0.01981908
4379.0,27.224361,0.044186655,0.020051904
4380.0,27.287075,0.04512151,0.01990259
4381.0,26.583776,0.04459777,0.019428773
4382.0,26.47821,0.043661945,0.01990561
4383.0,27.322256,0.04310383,0.01879776
4384.0,26.333654,0.04387804,0.019153506
4385.0,26.142712,0.0432403,0.019279065
4386.0,27.022758,0.04298572,0.019733736
4387.0,26.165703,0.0438239,0.019828279
4388.0,26.513994,0.044548966,0.019195374
4389.0,26.835756,0.044806693,0.018866364
4390.0,27.441372,0.044462454,0.02052604
4391.0,26.885502,0.04408558,0.019397633
4392.0,26.64325,0.04499067,0.019661028
4393.0,26.802803,0.045051016,0.019892741
4394.0,27.106405,0.04491131,0.02001057
4395.0,26.917675,0.045547303,0.019802038
4396.0,26.581633,0.045912903,0.01917279
4397.0,26.561539,0.044466525,0.019686349
4398.0,26.102398,0.043220993,0.018376375
4399.0,26.592075,0.042976256,0.018429229
4400.0,25.948969,0.04367787,0.018210901
4401.0,25.464987,0.043436512,0.018754533
4402.0,26.604534,0.042792987,0.018749615
4403.0,25.857174,0.042102672,0.0178783
4404.0,24.861925,0.0425593,0.016759735
4405.0,25.550533,0.043484908,0.018441394
4406.0,25.619026,0.04331732,0.019452596
4407.0,26.141573,0.04293482,0.018276105
4408.0,25.956137,0.041646834,0.017707985
4409.0,25.059464,0.042154163,0.017417276
4410.0,24.721767,0.04288317,0.017862104
4411.0,25.012947,0.04206579,0.017731758
4412.0,25.668892,0.042213522,0.019120391
4413.0,25.513634,0.04354069,0.01853138
4414.0,25.042704,0.041582957,0.017790217
4415.0,25.396217,0.04049849,0.017165978
4416.0,24.9756,0.040017363,0.015831804
4417.0,24.631264,0.039477304,0.016199704
4418.0,25.077919,0.03995779,0.017293077
4419.0,25.236336,0.039943907,0.017283542
4420.0,25.194273,0.041120466,0.01685768
4421.0,24.921515,0.041639116,0.016901769
4422.0,24.638344,0.04048183,0.016689554
4423.0,25.19366,0.041310243,0.016942851
4424.0,24.796404,0.04287096,0.01758083
4425.0,25.461143,0.043715656,0.019368317
4426.0,25.024914,0.042687997,0.018282382
4427.0,24.789843,0.042670675,0.01731982
4428.0,25.092827,0.043934785,0.018916242
4429.0,24.33096,0.04410437,0.018335594
4430.0,24.388906,0.04403484,0.017572748
4431.0,24.384327,0.043921385,0.017495915
4432.0,24.316809,0.043148432,0.018194627
4433.0,24.138535,0.04256909,0.01665542
4434.0,24.13402,0.04272706,0.017297579
4435.0,24.234932,0.042923544,0.017342146
4436.0,24.72544,0.042834636,0.018103182
4437.0,24.519901,0.042521607,0.01723268
4438.0,24.874138,0.043079264,0.018002957
4439.0,23.937464,0.04215322,0.016919162
4440.0,24.303173,0.041909926,0.01722406
4441.0,24.86699,0.041089647,0.017154815
4442.0,24.582582,0.040749934,0.017788405
4443.0,24.693714,0.0423106,0.018007694
4444.0,25.413586,0.043613918,0.018883519
4445.0,24.54115,0.04414929,0.018084079
4446.0,24.73573,0.043209966,0.017495345
4447.0,24.495775,0.043160345,0.018032443
4448.0,24.47435,0.044024974,0.018391134
4449.0,24.303854,0.044155903,0.017973434
4450.0,24.337776,0.04450839,0.018552875
4451.0,24.366467,0.043570556,0.017935583
4452.0,23.793056,0.042471923,0.017276214
4453.0,24.937092,0.041000634,0.017292984
4454.0,24.81361,0.041384466,0.017461605
4455.0,24.48732,0.04052923,0.016780052
4456.0,24.402187,0.040673435,0.016720822
4457.0,23.839314,0.041506886,0.016950635
4458.0,23.732407,0.043024108,0.017493684
4459.0,23.90448,0.04326903,0.016892338
4460.0,23.994164,0.043676995,0.018432902
4461.0,24.33041,0.043104578,0.017332202
4462.0,23.47606,0.043426402,0.017206168
4463.0,24.267015,0.04263073,0.017391337
4464.0,24.220818,0.044192363,0.017682983
4465.0,24.25234,0.04460448,0.01840335
4466.0,23.270544,0.043604515,0.017458748
4467.0,24.160404,0.043253597,0.017992122
4468.0,24.217216,0.04197221,0.017020946
4469.0,24.47728,0.04238581,0.018282166
4470.0,24.137465,0.042466544,0.017671749
4471.0,24.30069,0.042715926,0.017887339
4472.0,24.266893,0.043293394,0.017873561
4473.0,24.543322,0.042478397,0.017498648
4474.0,24.477901,0.04373404,0.018101176
4475.0,25.134632,0.044137493,0.018779213
4476.0,24.408102,0.04190254,0.018070541
4477.0,24.16677,0.042770334,0.017994903
4478.0,24.327658,0.043762706,0.017792055
4479.0,23.571228,0.043998025,0.017022343
4480.0,23.76598,0.043639354,0.017045677
4481.0,23.158484,0.04174564,0.016341092
4482.0,23.470257,0.04311546,0.017188387
4483.0,24.225138,0.0441279,0.017949013
4484.0,23.495987,0.04309731,0.01706066
4485.0,23.814947,0.04262135,0.017030695
4486.0,23.58043,0.045109384,0.017333169
4487.0,23.381813,0.044018503,0.017612511
4488.0,24.406464,0.041771177,0.016850285
4489.0,23.262394,0.044015132,0.016932482
4490.0,23.530048,0.04317456,0.017269315
4491.0,23.942621,0.0422145,0.01746392
4492.0,23.354843,0.043274753,0.017135533
4493.0,23.29385,0.04318211,0.016688889
4494.0,23.536938,0.042668812,0.017101953
4495.0,24.01429,0.04457401,0.018026702
4496.0,23.483831,0.044526912,0.017227981
4497.0,23.939163,0.04541708,0.017665228
4498.0,23.896479,0.044727888,0.017923485
4499.0,23.102226,0.044765167,0.018231137
4500.0,21.862488,0.044108193,0.016370896
4501.0,23.613678,0.042970236,0.01724595
4502.0,23.748386,0.043990213,0.017404776
4503.0,23.755028,0.04421715,0.017944252
4504.0,23.818642,0.042918745,0.016892094
4505.0,23.013382,0.04323698,0.016938884
4506.0,23.873898,0.0437976,0.016982235
4507.0,22.556114,0.042627025,0.016140368
4508.0,23.597778,0.04376968,0.01754522
4509.0,23.743818,0.043695293,0.016965566
4510.0,23.016651,0.0444737,0.01714526
4511.0,23.30201,0.044209797,0.017497642
4512.0,23.732681,0.043754157,0.017918793
4513.0,23.817457,0.042637274,0.017702524
4514.0,24.010002,0.04336757,0.017463572
4515.0,23.700443,0.043553017,0.017666914
4516.0,23.61311,0.04325868,0.017339706
4517.0,23.730717,0.043855447,0.018066764
4518.0,23.874054,0.04308517,0.017200556
4519.0,23.32546,0.043289203,0.016664978
4520.0,23.857956,0.043532085,0.017440813
4521.0,23.66862,0.042702276,0.017242728
4522.0,24.36272,0.042593364,0.017745955
4523.0,23.962366,0.04507235,0.017981518
4524.0,24.409363,0.044079553,0.018819232
4525.0,24.842707,0.044069454,0.019881159
4526.0,24.113935,0.0438332,0.018114576
4527.0,24.566307,0.043377522,0.017569294
4528.0,23.908358,0.044458833,0.0186046
4529.0,24.412172,0.043211773,0.018685604
4530.0,23.717028,0.04441843,0.017665166
4531.0,24.601917,0.043263253,0.019424114
4532.0,24.227848,0.043005683,0.017705442
4533.0,23.66646,0.044212352,0.017907152
4534.0,24.021116,0.04449825,0.018198464
4535.0,24.225206,0.042602096,0.016530043
4536.0,24.821728,0.042404417,0.01806887
4537.0,23.851576,0.042968154,0.017022368
4538.0,23.698238,0.04185864,0.016746325
4539.0,24.2571,0.042041607,0.017113147
4540.0,24.561554,0.043047454,0.018254383
4541.0,23.726948,0.042106923,0.01656573
4542.0,24.035282,0.042404484,0.017303139
4543.0,23.643751,0.04340644,0.01737229
4544.0,24.033197,0.04249686,0.017257545
4545.0,23.967213,0.044262912,0.018257104
4546.0,24.526901,0.04473642,0.019235598
4547.0,24.650528,0.043816496,0.018413244
4548.0,24.21261,0.044076364,0.018209636
4549.0,24.643707,0.043580245,0.01788608
4550.0,25.161285,0.044467386,0.019550828
4551.0,24.203836,0.044899374,0.019159177
4552.0,23.996674,0.04344726,0.017204953
4553.0,24.647,0.044624522,0.019079903
4554.0,24.359695,0.045585815,0.017656822
4555.0,24.367126,0.043370746,0.018419782
4556.0,25.436571,0.043177836,0.0185318
4557.0,24.523024,0.042199,0.018223505
4558.0,25.000242,0.042253748,0.018111303
4559.0,24.773115,0.042782746,0.018921295
4560.0,24.67019,0.043758187,0.018736498
4561.0,24.150396,0.04417055,0.01809751
4562.0,24.659718,0.044934027,0.01935766
4563.0,24.598743,0.044985473,0.019034874
4564.0,24.62963,0.045648474,0.019800413
4565.0,24.780954,0.04548928,0.01890654
4566.0,24.603619,0.04546407,0.020295657
4567.0,24.158216,0.046053078,0.019630047
4568.0,24.167603,0.04552528,0.0186276
4569.0,24.864515,0.0445253,0.01950216
4570.0,24.851772,0.044338174,0.019377327
4571.0,24.428686,0.044753484,0.018300138
4572.0,24.966072,0.04413168,0.019165827
4573.0,25.329288,0.04374003,0.019344423
4574.0,24.568733,0.044099305,0.018185806
4575.0,24.881668,0.04521003,0.01885688
4576.0,24.925745,0.044218324,0.0190644
4577.0,25.124542,0.04393569,0.018837543
4578.0,24.239449,0.044238944,0.018402327
4579.0,25.138538,0.045156855,0.019168178
4580.0,25.447414,0.045250915,0.019632155
4581.0,24.508165,0.04478862,0.018754046
4582.0,24.670595,0.04446262,0.018831788
4583.0,25.13937,0.045523982,0.019602817
4584.0,25.288216,0.04412156,0.019042976
4585.0,25.089754,0.04336867,0.01951751
4586.0,24.97084,0.04371234,0.019013155
4587.0,25.732103,0.043784577,0.01883763
4588.0,25.330795,0.04481778,0.01999882
4589.0,25.215363,0.04427491,0.018727673
4590.0,25.066532,0.043669626,0.018068176
4591.0,25.168623,0.044968948,0.01826174
4592.0,25.76642,0.043975092,0.019815486
4593.0,26.045036,0.045070916,0.02072633
4594.0,26.168268,0.045581777,0.021323156
4595.0,25.276821,0.043708302,0.01886629
4596.0,25.728184,0.04334087,0.019578828
4597.0,24.886425,0.042484187,0.018420082
4598.0,26.567875,0.042722434,0.019337215
4599.0,26.372047,0.04385568,0.02001786
4600.0,25.665363,0.043544255,0.01967817
4601.0,25.878992,0.0438754,0.019715134
4602.0,26.547,0.043078456,0.019342415
4603.0,26.719723,0.041982107,0.01966684
4604.0,26.898903,0.04250836,0.020109639
4605.0,26.62402,0.043379996,0.019252978
4606.0,26.47208,0.041691456,0.018399093
4607.0,26.761354,0.04330249,0.019512638
4608.0,26.834297,0.042959783,0.019722832
4609.0,27.10057,0.043607578,0.020553337
4610.0,27.12399,0.0449101,0.020970894
4611.0,26.744678,0.044869862,0.021703206
4612.0,26.456226,0.045583926,0.020475961
4613.0,26.401009,0.044362813,0.020707292
4614.0,26.652617,0.044196926,0.019748792
4615.0,26.075962,0.045454998,0.020683507
4616.0,26.420467,0.04272432,0.019100972
4617.0,27.046143,0.045016915,0.020509787
4618.0,26.85426,0.046584524,0.021966789
4619.0,27.421078,0.04470636,0.021174291
4620.0,26.812529,0.045778453,0.022153484
4621.0,27.088156,0.047214314,0.023122808
4622.0,27.438175,0.046581395,0.02123066
4623.0,26.953072,0.0443465,0.020326847
4624.0,26.88918,0.045704845,0.020454148
4625.0,26.785053,0.045538384,0.021020433
4626.0,28.011917,0.04441864,0.022069609
4627.0,27.337624,0.043283537,0.02104916
4628.0,26.90874,0.04265528,0.01927628
4629.0,26.786633,0.04344635,0.019625377
4630.0,27.54758,0.04385851,0.020485563
4631.0,27.35889,0.04396467,0.020476077
4632.0,27.369093,0.045454435,0.021398637
4633.0,27.779871,0.0467372,0.021899886
4634.0,28.000507,0.045832492,0.022528382
4635.0,28.060982,0.046182595,0.021962328
4636.0,27.55626,0.045885224,0.022346416
4637.0,27.584995,0.04665025,0.02251932
4638.0,27.33834,0.046649046,0.022757817
4639.0,28.618855,0.047324277,0.023646591
4640.0,28.215128,0.04788925,0.024118943
4641.0,27.655807,0.048649017,0.02326719
4642.0,28.354364,0.048527278,0.024397848
4643.0,28.406765,0.04804834,0.023601076
4644.0,28.763159,0.046558127,0.024796952
4645.0,29.133974,0.045765903,0.021766154
4646.0,28.673536,0.047158014,0.02303439
4647.0,28.811434,0.045130685,0.022837706
4648.0,28.471317,0.046012312,0.022299094
4649.0,29.331343,0.04633621,0.022846969
4650.0,28.690773,0.045507945,0.022280948
4651.0,29.50018,0.04661731,0.023714487
4652.0,30.203365,0.046767436,0.022723792
4653.0,29.959105,0.04527564,0.023199068
4654.0,31.429737,0.04642566,0.026674408
4655.0,31.360214,0.047081694,0.02608235
4656.0,30.98666,0.04761536,0.026546987
4657.0,31.13844,0.04765704,0.026567323
4658.0,31.683601,0.0488495,0.026028277
4659.0,31.573284,0.048578594,0.02711211
4660.0,30.753937,0.047601014,0.026232334
4661.0,31.207329,0.047652222,0.025404735
4662.0,32.18377,0.046671443,0.025547357
4663.0,33.085876,0.04565068,0.025714764
4664.0,32.670383,0.04654117,0.026707659
4665.0,33.29689,0.047195364,0.028466213
4666.0,32.815636,0.047658224,0.02658601
4667.0,32.802143,0.045647807,0.025679667
4668.0,33.485657,0.047594294,0.02875391
4669.0,33.45729,0.049019087,0.02791631
4670.0,33.837387,0.04863209,0.028937452
4671.0,33.420765,0.048515152,0.028388139
4672.0,32.837967,0.047212068,0.02600168
4673.0,33.472923,0.047665976,0.028262176
4674.0,32.81166,0.04723809,0.027891455
4675.0,33.76132,0.046523605,0.026575524
4676.0,33.600838,0.046894908,0.026079336
4677.0,33.68277,0.048775665,0.028064385
4678.0,34.467384,0.047734898,0.027493369
4679.0,34.19131,0.046462208,0.028146356
4680.0,33.982513,0.045783162,0.02684257
4681.0,33.34175,0.04839168,0.027109982
4682.0,34.714252,0.045672577,0.027387561
4683.0,34.542446,0.046486292,0.027117029
4684.0,34.597706,0.047039926,0.02744667
4685.0,35.079388,0.044680167,0.026549887
4686.0,35.355892,0.045522008,0.028185297
4687.0,35.919926,0.045750156,0.028142955
4688.0,37.22518,0.04575034,0.029502472
4689.0,37.855236,0.043611486,0.029381184
4690.0,38.043552,0.0445138,0.02878847
4691.0,38.338226,0.046106476,0.030781819
4692.0,39.29838,0.04604827,0.031135956
4693.0,38.760677,0.044497248,0.030380158
4694.0,38.078445,0.04558786,0.029893065
4695.0,38.355576,0.047025014,0.030193958
4696.0,38.295864,0.043860234,0.029407388
4697.0,38.023678,0.044249684,0.028247483
4698.0,36.24912,0.043475874,0.027382324
4699.0,36.651325,0.043700878,0.027061228
4700.0,36.770718,0.04552833,0.029387353
4701.0,38.30324,0.044255435,0.029826777
4702.0,37.62589,0.04560228,0.030362964
4703.0,38.45517,0.046319667,0.030348144
4704.0,37.515015,0.04603254,0.03021555
4705.0,37.320667,0.0438933,0.027961627
4706.0,38.271095,0.04452895,0.030093605
4707.0,37.801476,0.04467107,0.029914
4708.0,36.52784,0.042810813,0.02898066
4709.0,37.508347,0.042454973,0.026871528
4710.0,36.4618,0.042216476,0.026300985
4711.0,36.22426,0.0436139,0.026622979
4712.0,36.992813,0.044235718,0.028232671
4713.0,37.079624,0.04440237,0.029531311
4714.0,36.879795,0.044625666,0.028888343
4715.0,38.219826,0.044165663,0.029564401
4716.0,37.68948,0.044660714,0.030050792
4717.0,38.837765,0.04502056,0.030880341
4718.0,38.722054,0.045063283,0.030778198
4719.0,38.52316,0.047194693,0.03149898
4720.0,38.78524,0.04689579,0.032019477
4721.0,38.707245,0.047536716,0.03221363
4722.0,39.253662,0.045849834,0.03057776
4723.0,38.43745,0.045801837,0.029947298
4724.0,38.841995,0.046802763,0.031174796
4725.0,40.24092,0.046033654,0.03239679
4726.0,41.399784,0.045647714,0.033316467
4727.0,40.88578,0.046059996,0.033634614
4728.0,40.916325,0.04804031,0.034480337
4729.0,41.674107,0.048036978,0.035408646
4730.0,41.20699,0.046745382,0.033796594
4731.0,40.807735,0.048644733,0.034816127
4732.0,41.543926,0.04735295,0.033877324
4733.0,40.713177,0.044487428,0.032375503
4734.0,39.83936,0.046626627,0.033467516
4735.0,38.529636,0.046705484,0.0319592
4736.0,37.208897,0.04388677,0.029024122
4737.0,37.44133,0.04452365,0.030589938
4738.0,38.258408,0.045415882,0.030397648
4739.0,36.755863,0.04389668,0.02788892
4740.0,37.000004,0.04435974,0.030625982
4741.0,37.4078,0.045160506,0.029277047
4742.0,38.93673,0.044866506,0.03076521
4743.0,38.09806,0.044281624,0.030477123
4744.0,38.377815,0.044765763,0.030135239
4745.0,38.61714,0.045340877,0.031666074
4746.0,38.024323,0.045521088,0.030395426
4747.0,38.141235,0.04583078,0.030334463
4748.0,37.128468,0.04695443,0.030002905
4749.0,37.62307,0.04625933,0.03167213
4750.0,37.135128,0.045832224,0.030308299
4751.0,37.87601,0.04705459,0.031998854
4752.0,37.82007,0.04842619,0.031623453
4753.0,35.87806,0.047401905,0.029908152
4754.0,36.57929,0.04632312,0.029198043
4755.0,35.922443,0.048451483,0.030838193
4756.0,36.489952,0.046722524,0.029639145
4757.0,35.667057,0.047295064,0.029451998
4758.0,34.258675,0.048526976,0.030625567
4759.0,34.94897,0.047058553,0.029239122
4760.0,35.080185,0.047218908,0.029654995
4761.0,33.669662,0.046105806,0.028623475
4762.0,34.710884,0.04624939,0.0284806
4763.0,33.912838,0.04438275,0.026747586
4764.0,33.97164,0.043969348,0.025567546
4765.0,35.710415,0.04308499,0.027521897
4766.0,35.892952,0.045788147,0.029544579
4767.0,35.685326,0.047106963,0.030005353
4768.0,35.495323,0.044720862,0.029580688
4769.0,36.180553,0.04678668,0.029559832
4770.0,36.05623,0.047605556,0.03029037
4771.0,36.6166,0.046286985,0.029422184
4772.0,35.980213,0.04576316,0.028780537
4773.0,37.59292,0.04737801,0.032967776
4774.0,37.72294,0.04433199,0.029172784
4775.0,37.50897,0.04629738,0.030828489
4776.0,37.49835,0.047300953,0.030498713
4777.0,39.175697,0.04713294,0.032677934
4778.0,37.713844,0.047551528,0.031066747
4779.0,38.712894,0.048777726,0.034296986
4780.0,38.072712,0.047103442,0.030308388
4781.0,38.254852,0.046395063,0.030625042
4782.0,38.746155,0.04684231,0.032700323
4783.0,37.891205,0.047975972,0.031214127
4784.0,37.60583,0.04675421,0.03053154
4785.0,37.009285,0.046657387,0.029700374
4786.0,37.716217,0.048517693,0.03206286
4787.0,36.665703,0.047620527,0.03178896
4788.0,37.118122,0.046626464,0.03215207
4789.0,35.935223,0.04716192,0.028872652
4790.0,35.32022,0.0462819,0.029605675
4791.0,34.635384,0.045524023,0.029503724
4792.0,36.708668,0.04405736,0.029000318
4793.0,37.07648,0.046503153,0.029584354
4794.0,36.97613,0.04535386,0.029632777
4795.0,35.962997,0.045741517,0.02884731
4796.0,35.60337,0.045134287,0.029078234
4797.0,34.272404,0.04497282,0.02663198
4798.0,35.27129,0.046634067,0.028976578
4799.0,34.9696,0.046020824,0.02862193
4800.0,33.61903,0.04528235,0.026306788
4801.0,33.42052,0.046815563,0.028337708
4802.0,32.65038,0.04642215,0.026481407
4803.0,32.149086,0.04580523,0.026283529
4804.0,32.070087,0.046578754,0.026613243
4805.0,31.463367,0.044324685,0.025123332
4806.0,30.68869,0.044819042,0.024397215
4807.0,31.267778,0.044609226,0.024705283
4808.0,31.27883,0.045731176,0.026718589
4809.0,31.30463,0.047394898,0.025947114
4810.0,30.833855,0.047130674,0.025381044
4811.0,30.406132,0.047267567,0.025182545
4812.0,30.329855,0.04691259,0.024424091
4813.0,30.405523,0.045940652,0.024854464
4814.0,29.708492,0.046116628,0.02399327
4815.0,29.402714,0.047613144,0.025420804
4816.0,29.046124,0.04737832,0.025564285
4817.0,28.796124,0.048147857,0.025304474
4818.0,28.889706,0.048478313,0.024888117
4819.0,28.913374,0.047375243,0.022973206
4820.0,29.587837,0.04612344,0.023430223
4821.0,28.113571,0.046019837,0.022886142
4822.0,28.445505,0.04638737,0.024309393
4823.0,26.856197,0.047569804,0.023240462
4824.0,27.2441,0.04701406,0.023088403
4825.0,26.581371,0.047810163,0.022460513
4826.0,27.550526,0.047847383,0.023395082
4827.0,27.513342,0.047414348,0.023227306
4828.0,26.895308,0.04533463,0.0213187
4829.0,26.256256,0.044621155,0.020083582
4830.0,26.146381,0.044370584,0.020479435
4831.0,26.465267,0.045031685,0.020232793
4832.0,26.409962,0.04614394,0.02032255
4833.0,25.385353,0.04619819,0.020810695
4834.0,25.850882,0.04551726,0.021706633
4835.0,25.797798,0.043937042,0.019895963
4836.0,25.448385,0.04413847,0.01999758
4837.0,25.61595,0.0435273,0.020627426
4838.0,25.717867,0.044175364,0.021234987
4839.0,25.513525,0.043622494,0.019418126
4840.0,25.506296,0.042152505,0.019398255
4841.0,24.947487,0.04330549,0.01924975
4842.0,24.380993,0.042986073,0.018986491
4843.0,25.006432,0.04141479,0.018307796
4844.0,24.827742,0.03931036,0.017248224
4845.0,25.376337,0.040222913,0.017676048
4846.0,24.297125,0.04228357,0.01839474
4847.0,25.065592,0.041696463,0.018206893
4848.0,24.389824,0.043398265,0.01969325
4849.0,23.385258,0.04440241,0.018345384
4850.0,23.587425,0.04358075,0.01892328
4851.0,24.300243,0.04399238,0.019102998
4852.0,23.876793,0.045282226,0.019893315
4853.0,22.901337,0.04491223,0.018825553
4854.0,23.755337,0.045959767,0.019292401
4855.0,23.999516,0.04596017,0.01936357
4856.0,23.663204,0.04552901,0.018897196
4857.0,23.138584,0.04343865,0.018525397
4858.0,23.586428,0.0447673,0.01847263
4859.0,23.379545,0.04516088,0.018183518
4860.0,23.447052,0.042895354,0.017616797
4861.0,23.869427,0.043787863,0.01893285
4862.0,23.74739,0.045739457,0.019090364
4863.0,23.560804,0.045373347,0.018666843
4864.0,23.998306,0.04638253,0.020908525
4865.0,24.674274,0.046454255,0.02038711
4866.0,24.938135,0.046574153,0.021538377
4867.0,25.002136,0.046587482,0.020678924
4868.0,25.668276,0.04587729,0.020852063
4869.0,25.535076,0.04395705,0.020967558
4870.0,26.883873,0.04494637,0.02186326
4871.0,27.009235,0.04553135,0.02227728
4872.0,26.964787,0.043512776,0.021449864
4873.0,26.346352,0.04557972,0.021180876
4874.0,25.567495,0.046000164,0.021400483
4875.0,26.453503,0.047105767,0.02200969
4876.0,24.994476,0.04895582,0.021957545
4877.0,25.295956,0.0469575,0.021805987
4878.0,24.33208,0.0478185,0.020511376
4879.0,24.262909,0.04896349,0.021387989
4880.0,22.827017,0.050610967,0.02058176
4881.0,22.755976,0.049279276,0.019446198
4882.0,22.714071,0.04792752,0.01960951
4883.0,21.886415,0.0496942,0.02015691
4884.0,21.563545,0.047781605,0.017945437
4885.0,21.394594,0.048810627,0.019002728
4886.0,21.470327,0.04752129,0.018245775
4887.0,20.538992,0.04480688,0.016400665
4888.0,21.131521,0.046653252,0.017286493
4889.0,20.462255,0.04673568,0.016923841
4890.0,20.350054,0.045240164,0.016429625
4891.0,20.18306,0.0471042,0.016958298
4892.0,19.564985,0.048589084,0.017468646
4893.0,19.087015,0.04640081,0.015182286
4894.0,19.101692,0.048370253,0.016312769
4895.0,18.879139,0.048376422,0.016763762
4896.0,18.740633,0.04874878,0.016828367
4897.0,18.575193,0.04834353,0.016482858
4898.0,18.225817,0.04756336,0.015792023
4899.0,18.185934,0.048044927,0.01562509
4900.0,17.827183,0.04872585,0.016090497
4901.0,17.39168,0.047979787,0.015427773
4902.0,17.462124,0.047786575,0.015261522
4903.0,17.090359,0.04843517,0.015518846
4904.0,17.430992,0.04796943,0.015009317
4905.0,16.835459,0.04703892,0.014021143
4906.0,17.099024,0.048165526,0.015202887
4907.0,16.906818,0.049583048,0.014864525
4908.0,16.505154,0.047495186,0.0140816
4909.0,16.539099,0.049583923,0.015226529
4910.0,15.837428,0.049462352,0.013717226
4911.0,16.022137,0.047916934,0.013516517
4912.0,15.674866,0.04948513,0.013880222
4913.0,15.834841,0.04895301,0.01352346
4914.0,15.200525,0.04854591,0.013297463
4915.0,15.163996,0.047385994,0.012639693
4916.0,15.045715,0.048872318,0.013330869
4917.0,14.750549,0.048240967,0.012915719
4918.0,14.678936,0.045847148,0.012645333
4919.0,14.655178,0.04802892,0.012954843
4920.0,14.57102,0.04747921,0.012764388
4921.0,13.618315,0.046314828,0.011589896
4922.0,14.265583,0.047737926,0.012168091
4923.0,13.762938,0.046015896,0.010693115
4924.0,13.428074,0.047426786,0.011326417
4925.0,13.304255,0.04755483,0.011235686
4926.0,13.841909,0.04684195,0.012130813
4927.0,13.086506,0.045766175,0.01077711
4928.0,12.71355,0.04585834,0.010535362
4929.0,12.716459,0.045369737,0.010426862
4930.0,12.774656,0.04458213,0.010673901
4931.0,12.463415,0.0463588,0.010637431
4932.0,12.5071,0.046164677,0.010453215
4933.0,11.763258,0.046249807,0.009854609
4934.0,11.558377,0.046214905,0.009565322
4935.0,11.909031,0.04428712,0.009344329
4936.0,11.545793,0.044955943,0.009329658
4937.0,11.150904,0.04526036,0.009349389
4938.0,11.41239,0.04581038,0.009505855
4939.0,11.229025,0.046159092,0.00968879
4940.0,10.606749,0.045970917,0.008713657
4941.0,10.599785,0.046294566,0.008879846
4942.0,10.501392,0.046074267,0.008793017
4943.0,10.526128,0.04705483,0.008660976
4944.0,10.231311,0.047704764,0.008783574
4945.0,10.112702,0.045922577,0.008441112
4946.0,10.05698,0.048598755,0.008772673
4947.0,9.696157,0.048418768,0.008710165
4948.0,9.873983,0.04948448,0.009352418
4949.0,9.588625,0.04933222,0.008481418
4950.0,9.532337,0.04990033,0.008169262
4951.0,9.4285145,0.0496321,0.008299649
4952.0,9.25962,0.047334142,0.008142665
4953.0,8.99189,0.048383564,0.008068525
4954.0,9.003104,0.050084718,0.008047817
4955.0,8.671768,0.04936732,0.007841477
4956.0,8.744893,0.04902662,0.007788268
4957.0,8.553808,0.048297893,0.0075130276
4958.0,8.304787,0.047983773,0.007332339
4959.0,7.9640207,0.048310693,0.0067797187
4960.0,8.075083,0.047174186,0.0071334005
4961.0,8.0934305,0.045083914,0.0067431894
4962.0,8.127626,0.045696635,0.0066447975
4963.0,7.700371,0.04682271,0.0066607287
4964.0,7.6291194,0.04716655,0.006692099
4965.0,7.394041,0.04556471,0.0063566114
4966.0,7.2414246,0.044956613,0.0059220404
4967.0,7.311714,0.045399323,0.0063590147
4968.0,7.3129654,0.044427764,0.005901178
4969.0,7.122679,0.044604883,0.0058059557
4970.0,6.9586873,0.04624899,0.005832859
4971.0,7.050231,0.04451891,0.0056687263
4972.0,7.066242,0.046880715,0.0059110755
4973.0,6.8104057,0.047218315,0.005958462
4974.0,6.7460203,0.04758138,0.005875424
4975.0,6.7285256,0.05106907,0.0063803685
4976.0,6.7071257,0.04927069,0.005967368
4977.0,6.5696745,0.048978478,0.0060068397
4978.0,6.4732027,0.048561405,0.005679079
4979.0,6.429785,0.048721455,0.00571172
4980.0,6.3038044,0.04754065,0.0055132634
4981.0,6.3056474,0.048691846,0.00556573
4982.0,6.1678724,0.04633782,0.0054338034
4983.0,6.0993133,0.04983422,0.0055726403
4984.0,6.2943892,0.04860294,0.005784801
4985.0,6.1755056,0.047873717,0.005254946
4986.0,6.1221614,0.046545632,0.0052938294
4987.0,6.2050514,0.0469188,0.005407425
4988.0,6.099781,0.047603898,0.005268265
4989.0,6.1807723,0.046015043,0.0051858015
4990.0,6.087263,0.04688888,0.0052954573
4991.0,6.120624,0.04577988,0.005071597
4992.0,6.2455397,0.047877695,0.0054379296
4993.0,6.14319,0.046144962,0.0051776487
4994.0,6.17937,0.04701234,0.005320734
4995.0,5.8810053,0.04617336,0.004996623
4996.0,5.9298644,0.048269775,0.005365502
4997.0,5.7636795,0.050248586,0.005044875
4998.0,5.8255024,0.049505066,0.0050705154
4999.0,5.931234,0.05136644,0.005566648
5000.0,5.8684397,0.0491173,0.0054220227
5001.0,5.8363767,0.050273452,0.0055984408
5002.0,5.889895,0.050463043,0.0054867463
5003.0,5.81135,0.05032633,0.0053509767
5004.0,5.933192,0.049812336,0.0052891234
5005.0,6.0107403,0.048938863,0.0053642164
5006.0,6.1024313,0.049641732,0.0057589137
5007.0,6.286443,0.049017508,0.0056398273
5008.0,6.346654,0.048798554,0.0056378273
5009.0,6.228667,0.049522072,0.005886131
5010.0,6.1139097,0.04785499,0.005423569
5011.0,6.272485,0.0499149,0.0057417033
5012.0,6.2564607,0.049288757,0.005573251
5013.0,6.3287067,0.04817531,0.0055556837
5014.0,6.164054,0.049724743,0.005431145
5015.0,6.2092657,0.05016827,0.0057797325
5016.0,6.2693787,0.05069321,0.0057587028
5017.0,6.310489,0.049384408,0.0056240456
5018.0,6.286813,0.05052006,0.005692908
5019.0,6.398754,0.05114271,0.0061579137
5020.0,6.386835,0.0485863,0.005467012
5021.0,6.611445,0.046293095,0.005516383
5022.0,6.6190443,0.04728425,0.005906513
5023.0,6.669709,0.05036212,0.006057963
5024.0,6.7796335,0.04957265,0.0064081117
5025.0,6.7661953,0.04805365,0.005965095
5026.0,7.039839,0.047945317,0.0061993413
5027.0,6.943852,0.04752074,0.0059620836
5028.0,7.0341535,0.046761964,0.006121508
5029.0,7.135388,0.049108732,0.00650542
5030.0,7.074319,0.047833424,0.0061894837
5031.0,7.3644304,0.048148848,0.0064009964
5032.0,7.13735,0.047733653,0.006509204
5033.0,7.397223,0.047890767,0.0065177493
5034.0,7.4218554,0.046734154,0.006618557
5035.0,7.4925637,0.04611393,0.006459397
5036.0,7.696474,0.046260834,0.0065629203
5037.0,7.6262546,0.04728891,0.0066077337
5038.0,7.957183,0.04792514,0.00722827
5039.0,7.9544344,0.047503438,0.006861152
5040.0,8.050991,0.04825946,0.007213105
5041.0,8.175102,0.04729427,0.0072117876
5042.0,8.343903,0.04797036,0.007626512
5043.0,8.561037,0.048653003,0.008044451
5044.0,8.49093,0.04918933,0.007823056
5045.0,8.767229,0.050982438,0.008058803
5046.0,9.039676,0.05062133,0.008811576
5047.0,8.797617,0.049332224,0.007983011
5048.0,9.224941,0.048531614,0.008600639
5049.0,9.379808,0.047252767,0.00828696
5050.0,9.448523,0.048083637,0.008492156
5051.0,9.563788,0.046033386,0.008050753
5052.0,9.616495,0.046511155,0.008151715
5053.0,9.590679,0.045750596,0.007894628
5054.0,10.0806,0.047296315,0.00867856
5055.0,9.762625,0.046936125,0.008346255
5056.0,10.135081,0.04622015,0.0087021915
5057.0,10.01212,0.046729956,0.008805188
5058.0,10.299964,0.046644997,0.008946717
5059.0,10.599783,0.04715041,0.0090426775
5060.0,10.438759,0.047261033,0.008855041
5061.0,10.801713,0.047444396,0.00939017
5062.0,10.966612,0.04611398,0.00933905
5063.0,11.006866,0.046733856,0.009859775
5064.0,11.267372,0.047510874,0.010214359
5065.0,11.422714,0.047354717,0.010028141
5066.0,11.274565,0.046887103,0.009677934
5067.0,11.520794,0.048547342,0.010414702
5068.0,11.901363,0.047450114,0.010514164
5069.0,12.105096,0.046595864,0.010456726
5070.0,12.381297,0.04714683,0.010732494
5071.0,12.1122055,0.047970165,0.011004727
5072.0,12.308327,0.047881804,0.01083629
5073.0,12.923135,0.04791914,0.011303868
5074.0,12.788998,0.048432093,0.011211948
5075.0,12.8314,0.047588665,0.011109224
5076.0,12.590839,0.04671586,0.011118812
5077.0,13.266935,0.046698365,0.012152045
5078.0,13.931412,0.04612351,0.01186653
5079.0,13.141703,0.04724689,0.011313256
5080.0,13.739309,0.047289927,0.012018297
5081.0,13.762786,0.048400603,0.01276807
5082.0,13.8063135,0.048893217,0.012668276
5083.0,14.009303,0.050406616,0.013280725
5084.0,14.387773,0.051429823,0.0137081
5085.0,14.402213,0.051336396,0.013758951
5086.0,14.724536,0.048800647,0.01393645
5087.0,14.988369,0.050482433,0.013976873
5088.0,15.014786,0.04860265,0.013531034
5089.0,15.336736,0.05080435,0.014784579
5090.0,15.042501,0.050262563,0.014435612
5091.0,15.646908,0.050729755,0.015426715
5092.0,15.556961,0.049551375,0.014329844
5093.0,15.863796,0.049693584,0.014912734
5094.0,16.227049,0.047012083,0.013831849
5095.0,15.99617,0.0484121,0.014528898
5096.0,16.077368,0.0468585,0.013968458
5097.0,16.074478,0.046680674,0.013554933
5098.0,16.582167,0.04810563,0.014519521
5099.0,16.691227,0.047822908,0.015055175
5100.0,16.976912,0.048911538,0.015682377
5101.0,17.361355,0.049176548,0.01715529
5102.0,17.382332,0.047588333,0.015323753
5103.0,17.809336,0.04735491,0.016238123
5104.0,17.972778,0.048976213,0.016315434
5105.0,17.828093,0.049192596,0.016590247
5106.0,18.119333,0.049306303,0.016351119
5107.0,17.987038,0.050175995,0.017297132
5108.0,18.303076,0.047953174,0.01642108
5109.0,18.963089,0.0457627,0.016117059
5110.0,19.214798,0.04570447,0.016460648
5111.0,19.386948,0.047379047,0.017187549
5112.0,19.967993,0.047301512,0.017334014
5113.0,19.703215,0.04629283,0.017180739
5114.0,20.031834,0.046817068,0.01729136
5115.0,19.867142,0.04793514,0.017568493
5116.0,20.01452,0.049674336,0.018829182
5117.0,20.571432,0.05150267,0.020043293
5118.0,21.155321,0.047763877,0.018950263
5119.0,20.916302,0.050997946,0.019978957
5120.0,21.506464,0.050974935,0.01993882
5121.0,22.411531,0.04953135,0.020123588
5122.0,22.520958,0.050002445,0.020505846
5123.0,23.69872,0.048723094,0.021357268
5124.0,23.164227,0.0492937,0.021478217
5125.0,23.725403,0.04760453,0.020601781
5126.0,24.390682,0.049897067,0.023525156
5127.0,24.584826,0.049526274,0.023658637
5128.0,25.538345,0.049904358,0.023157988
5129.0,25.222954,0.050384026,0.024069402
5130.0,24.574451,0.048763443,0.02228073
5131.0,24.127089,0.05058368,0.022090565
5132.0,23.97333,0.048242964,0.021784097
5133.0,23.051136,0.04773243,0.020626944
5134.0,23.159845,0.048888408,0.02053261
5135.0,23.431314,0.047589254,0.019623056
5136.0,21.704008,0.04896112,0.019378323
5137.0,22.06886,0.049124155,0.020336432
5138.0,21.819279,0.049657166,0.020241566
5139.0,22.44588,0.049854916,0.020288544
5140.0,21.864016,0.050725233,0.020628965
5141.0,21.817013,0.050341144,0.020007798
5142.0,21.811695,0.049431432,0.020794189
5143.0,21.360317,0.04930484,0.01971446
5144.0,21.842066,0.04945789,0.019649705
5145.0,22.344685,0.048838653,0.020446695
5146.0,22.004347,0.04833251,0.020435216
5147.0,21.244293,0.047124602,0.0189724
5148.0,22.247107,0.04793387,0.020331848
5149.0,22.580238,0.04587618,0.019861786
5150.0,22.184753,0.04603922,0.019295545
5151.0,21.843397,0.050997015,0.020982163
5152.0,22.377718,0.04769924,0.019871274
5153.0,22.328653,0.049314525,0.02063544
5154.0,22.693394,0.049258616,0.02048327
5155.0,22.78006,0.0479169,0.021145388
5156.0,22.917305,0.04790876,0.021045545
5157.0,22.937593,0.046099752,0.02026031
5158.0,23.409235,0.046725057,0.020199869
5159.0,22.81532,0.046024036,0.019442396
5160.0,23.409481,0.0467334,0.020838093
5161.0,23.178133,0.047503967,0.021038707
5162.0,23.944948,0.04668755,0.021319991
5163.0,23.327423,0.046976242,0.020380825
5164.0,23.407194,0.048331145,0.020935183
5165.0,23.875095,0.046148468,0.020570453
5166.0,24.392803,0.047508992,0.02097328
5167.0,23.603817,0.04806146,0.021321679
5168.0,24.282127,0.044820394,0.020968098
5169.0,24.459652,0.04921873,0.022949738
5170.0,24.192001,0.048929203,0.022258457
5171.0,24.305199,0.047870647,0.0226344
5172.0,24.66379,0.048605885,0.023255259
5173.0,24.938961,0.047750466,0.023239138
5174.0,24.8711,0.049968064,0.022866722
5175.0,24.801966,0.048391,0.02314072
5176.0,24.897427,0.048313934,0.022046506
5177.0,25.084034,0.049031183,0.022755627
5178.0,25.96836,0.048575606,0.023143359
5179.0,25.844278,0.051013354,0.024831
5180.0,26.572212,0.051648814,0.02566025
5181.0,27.076366,0.05246714,0.026533999
5182.0,27.1011,0.049607884,0.025269564
5183.0,25.792765,0.05186954,0.025144879
5184.0,27.132187,0.050620828,0.025632067
5185.0,27.093222,0.051240783,0.027445965
5186.0,27.49021,0.05032668,0.026842983
5187.0,27.021446,0.050990604,0.025913842
5188.0,27.368975,0.051907144,0.027308496
5189.0,28.250828,0.050646245,0.02764851
5190.0,28.036901,0.05007788,0.027352143
5191.0,28.396881,0.050618164,0.028482871
5192.0,28.939907,0.049803272,0.02789059
5193.0,28.2822,0.048438612,0.025702452
5194.0,27.959875,0.047905456,0.02488899
5195.0,28.926817,0.04729498,0.025736004
5196.0,28.757019,0.049585864,0.027461765
5197.0,28.794321,0.04937792,0.027440848
5198.0,29.78009,0.049306367,0.027024278
5199.0,30.516466,0.049051005,0.027651543
5200.0,30.78209,0.0484351,0.029637646
5201.0,31.46038,0.050203886,0.029976679
5202.0,32.23988,0.049996007,0.030614842
5203.0,31.536983,0.05091169,0.030286117
5204.0,32.48135,0.05149165,0.029948836
5205.0,32.98549,0.050486226,0.03295167
5206.0,33.06743,0.052295774,0.032157302
5207.0,33.5716,0.05369114,0.03445838
5208.0,33.11559,0.048677847,0.031522866
5209.0,31.463947,0.049587052,0.02874441
5210.0,32.321793,0.05160761,0.031962343
5211.0,32.757523,0.049522113,0.031149168
5212.0,33.439476,0.051280834,0.03418337
5213.0,33.06836,0.04992139,0.031659577
5214.0,33.922413,0.049598586,0.0319109
5215.0,34.189877,0.050176788,0.03244961
5216.0,33.800156,0.049877442,0.031430494
5217.0,34.77671,0.05028413,0.033931945
5218.0,34.6933,0.050245095,0.033782728
5219.0,34.756668,0.049843404,0.032571487
5220.0,34.271694,0.050987735,0.032673884
5221.0,34.766438,0.051143147,0.033711135
5222.0,34.335644,0.050120723,0.031782307
5223.0,35.26954,0.04993997,0.033968925
5224.0,34.300705,0.05181257,0.035133455
5225.0,34.6619,0.050054353,0.033052303
5226.0,34.025734,0.04974212,0.03295377
5227.0,33.973434,0.050580956,0.03285686
5228.0,32.407955,0.050627846,0.032408115
5229.0,32.75402,0.048406266,0.030432811
5230.0,32.567917,0.046499074,0.028828284
5231.0,32.424667,0.04699475,0.029031402
5232.0,32.811527,0.047445174,0.029908706
5233.0,31.746468,0.046927724,0.028516931
5234.0,32.35676,0.04904822,0.03054782
5235.0,32.452553,0.04867327,0.028953848
5236.0,31.268734,0.048399407,0.029235821
5237.0,30.277626,0.04831789,0.027513681
5238.0,31.937176,0.04960207,0.031318568
5239.0,30.31771,0.048245147,0.029547645
5240.0,30.111303,0.04840681,0.028075682
5241.0,31.699648,0.048859943,0.030959131
5242.0,31.658821,0.048424825,0.028924085
5243.0,32.52439,0.04795081,0.028962744
5244.0,31.498234,0.04814088,0.028543215
5245.0,33.053932,0.046735663,0.028824884
5246.0,32.480606,0.048345193,0.030160695
5247.0,32.67899,0.04830046,0.03138483
5248.0,34.316124,0.048691567,0.031704593
5249.0,34.169132,0.048853535,0.032481402
5250.0,33.607,0.047172613,0.030786976
5251.0,33.82955,0.049071822,0.03116265
5252.0,33.627354,0.04984505,0.031687703
5253.0,34.482155,0.047278352,0.030480767
5254.0,33.424927,0.048417605,0.030526252
5255.0,33.81722,0.049505346,0.033628102
5256.0,34.172256,0.049876984,0.031941053
5257.0,34.695522,0.048622448,0.03186462
5258.0,34.834087,0.050020948,0.03368976
5259.0,33.17266,0.050195806,0.03092433
5260.0,32.58939,0.048358835,0.030963736
5261.0,33.070477,0.048246145,0.03059515
5262.0,33.382675,0.049965974,0.032438055
5263.0,33.113834,0.048675954,0.03094086
5264.0,33.74592,0.047686532,0.03186184
5265.0,34.584053,0.047098722,0.030418944
5266.0,35.22432,0.04982339,0.034255773
5267.0,36.62487,0.04930368,0.032978553
5268.0,37.151955,0.047976237,0.032935314
5269.0,36.2759,0.051042695,0.034524065
5270.0,37.286514,0.05069222,0.036825083
5271.0,37.519043,0.05000843,0.03620721
5272.0,36.57489,0.051936533,0.036285594
5273.0,36.273403,0.051521055,0.03563506
5274.0,36.21805,0.05250765,0.036289413
5275.0,36.101967,0.0529755,0.03781011
5276.0,35.025246,0.050370727,0.033117604
5277.0,34.436153,0.049708337,0.03251259
5278.0,35.1277,0.04770101,0.031216238
5279.0,35.05941,0.047961645,0.032891408
5280.0,34.541397,0.046807557,0.030953845
5281.0,34.498623,0.047262665,0.030191956
5282.0,33.82112,0.0491405,0.03134185
5283.0,33.690884,0.05047925,0.03248407
5284.0,33.1781,0.05066616,0.030886345
5285.0,34.152283,0.051239554,0.033820663
5286.0,33.431976,0.050836027,0.03184215
5287.0,32.788452,0.05047882,0.0319298
5288.0,32.68358,0.050474353,0.03314931
5289.0,31.771585,0.05274642,0.032322276
5290.0,32.48475,0.052304655,0.032155726
5291.0,32.48247,0.05030507,0.03120279
5292.0,32.31163,0.051634353,0.03041909
5293.0,32.889385,0.055162802,0.03464773
5294.0,32.379013,0.05363449,0.03360985
5295.0,33.684307,0.052686527,0.034076877
5296.0,33.759205,0.05081342,0.03438991
5297.0,33.301792,0.049740117,0.031246096
5298.0,33.853577,0.05155438,0.03229569
5299.0,33.151474,0.05214193,0.03388819
5300.0,32.76186,0.051735055,0.033529673
5301.0,32.31907,0.052064605,0.032623015
5302.0,32.336037,0.052444212,0.03252544
5303.0,33.100384,0.053398542,0.03440761
5304.0,33.33388,0.052794505,0.034836244
5305.0,33.84669,0.05037315,0.033128724
5306.0,32.89269,0.050372522,0.033222415
5307.0,34.1687,0.051595643,0.034224633
5308.0,35.008354,0.050100584,0.032832414
5309.0,33.892662,0.05043945,0.032746505
5310.0,33.628967,0.051518,0.033160456
5311.0,33.680702,0.05073971,0.032675266
5312.0,32.76841,0.052886598,0.03270352
5313.0,32.136703,0.053064693,0.0320177
5314.0,31.366858,0.051846996,0.03049164
5315.0,30.448973,0.05382397,0.030621383
5316.0,30.858362,0.054056868,0.032173388
5317.0,30.913158,0.052894965,0.03117132
5318.0,30.960573,0.053771112,0.03178757
5319.0,29.516464,0.05291983,0.030204201
5320.0,29.836124,0.0520254,0.030328885
5321.0,29.957718,0.051277276,0.030308641
5322.0,30.013449,0.052856527,0.030774051
5323.0,29.747845,0.052375507,0.030890334
5324.0,29.627642,0.05208613,0.029655587
5325.0,29.592695,0.05244347,0.02898876
5326.0,29.18783,0.050555144,0.029626478
5327.0,28.596405,0.05223795,0.029987004
5328.0,28.467834,0.052264087,0.028467363
5329.0,29.302792,0.051489856,0.028967125
5330.0,29.81557,0.052099254,0.031091113
5331.0,29.426306,0.050797608,0.027634714
5332.0,29.035662,0.051548425,0.029667253
5333.0,28.94683,0.049613915,0.028057223
5334.0,29.249731,0.051448155,0.029739099
5335.0,29.05067,0.051230256,0.029892035
5336.0,29.305761,0.05223109,0.031284906
5337.0,29.274574,0.051179398,0.029895535
5338.0,28.44609,0.05241616,0.02868614
5339.0,27.793295,0.05342928,0.028819822
5340.0,27.016388,0.05318998,0.027482219
5341.0,27.690018,0.053435568,0.028213138
5342.0,28.286797,0.051300365,0.02824829
5343.0,27.22036,0.053168,0.027952502
5344.0,27.396748,0.05289901,0.028675366
5345.0,27.273743,0.05063511,0.026976997
5346.0,27.335838,0.052755903,0.028254814
5347.0,26.448698,0.049592286,0.024889138
5348.0,26.415932,0.04951494,0.026278
5349.0,26.11899,0.04970429,0.025051955
5350.0,25.329329,0.049457937,0.025521642
5351.0,25.827179,0.048425023,0.025088303
5352.0,25.609373,0.049433086,0.024824219
5353.0,24.800783,0.049481027,0.024449691
5354.0,25.386196,0.04836819,0.024091063
5355.0,25.485401,0.047949716,0.024078524
5356.0,24.961254,0.04837865,0.023920678
5357.0,25.131151,0.048868928,0.024297528
5358.0,24.757523,0.04732438,0.022225484
5359.0,24.67044,0.047770385,0.024005692
5360.0,25.314808,0.049460433,0.02392442
5361.0,24.38245,0.04917081,0.02370711
5362.0,24.470356,0.04930495,0.023473183
5363.0,24.069862,0.050881047,0.024087023
5364.0,24.263918,0.048974834,0.023708567
5365.0,25.011145,0.049051847,0.024593769
5366.0,24.097847,0.04873276,0.022705691
5367.0,23.903053,0.04891641,0.023297586
5368.0,23.855162,0.048129063,0.02296762
5369.0,23.677422,0.04713707,0.022004642
5370.0,23.871529,0.050062165,0.023215177
5371.0,23.85298,0.048916515,0.023217471
5372.0,23.639309,0.050169513,0.02292612
5373.0,23.918959,0.0496227,0.022971336
5374.0,23.81604,0.050296873,0.024429161
5375.0,23.446999,0.048674427,0.02267458
5376.0,24.074877,0.05027185,0.023566667
5377.0,23.630924,0.047479894,0.022804292
5378.0,23.967064,0.04831744,0.02262159
5379.0,23.818872,0.04828285,0.022635404
5380.0,23.907877,0.04901674,0.02324571
5381.0,23.439217,0.047475066,0.022982286
5382.0,23.194431,0.047919516,0.021834323
5383.0,23.982693,0.0480224,0.022640139
5384.0,23.178799,0.049535695,0.02124329
5385.0,22.92942,0.049891315,0.022353819
5386.0,23.664206,0.049516793,0.023178922
5387.0,22.896933,0.049915478,0.02354402
5388.0,23.428675,0.050474305,0.023259288
5389.0,23.510857,0.04989742,0.023907814
5390.0,24.054747,0.050097656,0.024087003
5391.0,23.544823,0.049326386,0.022576246
5392.0,23.405584,0.048751928,0.021861875
5393.0,23.458649,0.049946807,0.023234261
5394.0,23.86792,0.048717823,0.022681136
5395.0,23.695097,0.048657533,0.022293454
5396.0,23.29966,0.050859213,0.023616983
5397.0,23.354366,0.04953095,0.022852916
5398.0,22.87045,0.0486273,0.021974774
5399.0,23.25153,0.04994909,0.021810802
5400.0,22.814789,0.049778443,0.02306573
5401.0,22.377148,0.049063172,0.02206969
5402.0,23.342821,0.050023876,0.02229495
5403.0,22.668442,0.048775766,0.02151423
5404.0,21.886461,0.04997109,0.02112199
5405.0,22.338636,0.05070814,0.022263464
5406.0,22.557526,0.05073304,0.022643438
5407.0,22.801262,0.051873464,0.023992196
5408.0,22.803604,0.051125396,0.023140676
5409.0,22.051416,0.04970147,0.022477752
5410.0,21.812967,0.047644373,0.020418724
5411.0,21.8314,0.048482858,0.020480292
5412.0,22.417845,0.04710922,0.020953326
5413.0,22.478807,0.045768972,0.01953815
5414.0,21.930737,0.046715323,0.01985087
5415.0,22.27331,0.04731776,0.020651253
5416.0,22.078861,0.04731121,0.020550761
5417.0,21.557117,0.047393423,0.01943128
5418.0,22.043327,0.048471678,0.02070544
5419.0,22.091898,0.047631886,0.020704484
5420.0,22.134985,0.0496646,0.021790497
5421.0,21.824268,0.05012851,0.022107938
5422.0,21.621765,0.049708825,0.021368483
5423.0,22.18295,0.048417125,0.021912543
5424.0,21.727482,0.05099474,0.021453768
5425.0,22.374428,0.048901975,0.022198789
5426.0,22.002987,0.04772571,0.021621995
5427.0,21.82283,0.050740924,0.021382093
5428.0,21.960743,0.04947496,0.02155918
5429.0,21.4493,0.049746804,0.020936383
5430.0,21.4624,0.05114696,0.021479212
5431.0,21.458212,0.05226637,0.021521928
5432.0,21.30453,0.052569095,0.022091834
5433.0,21.25209,0.052382182,0.022096992
5434.0,21.215593,0.050984576,0.022246618
5435.0,21.437841,0.05141499,0.021882033
5436.0,21.680859,0.05015522,0.022006443
5437.0,21.389362,0.04981141,0.021296736
5438.0,21.917416,0.04986035,0.02220755
5439.0,21.149637,0.048089456,0.019933825
5440.0,21.311827,0.049776245,0.02170637
5441.0,21.911474,0.049985927,0.020322882
5442.0,21.568398,0.047924265,0.019862145
5443.0,21.784779,0.048437633,0.021291649
5444.0,22.32129,0.04884442,0.022040674
5445.0,21.548744,0.04931013,0.02101143
5446.0,21.658257,0.04872909,0.022222036
5447.0,21.472569,0.048801046,0.020517878
5448.0,21.506424,0.048759703,0.02079988
5449.0,21.421587,0.047449306,0.019863635
5450.0,21.426981,0.047535013,0.02043481
5451.0,21.420982,0.048322305,0.02049284
5452.0,20.960096,0.050957575,0.020992162
5453.0,21.906357,0.05039467,0.021767883
5454.0,21.714497,0.050154593,0.021636795
5455.0,21.551348,0.05119122,0.022172522
5456.0,21.477793,0.051114764,0.022047663
5457.0,20.958017,0.049984038,0.021066256
5458.0,20.878418,0.04845296,0.02071859
5459.0,20.93559,0.05015933,0.020895787
5460.0,21.132511,0.050170988,0.020998666
5461.0,21.385815,0.05165093,0.022655953
5462.0,20.687319,0.05070546,0.020842796
5463.0,21.32455,0.053328298,0.022859437
5464.0,21.35873,0.051611148,0.022795763
5465.0,21.353085,0.051376745,0.022349915
5466.0,20.502434,0.05183841,0.020583373
5467.0,21.058237,0.05196885,0.022297395
5468.0,21.321375,0.050849985,0.022103623
5469.0,21.483526,0.049857732,0.021271957
5470.0,21.06934,0.05142447,0.021851966
5471.0,21.34761,0.05047624,0.021396067
5472.0,21.189884,0.05207894,0.021580482
5473.0,21.574316,0.052078724,0.022218522
5474.0,21.492266,0.051577892,0.02149161
5475.0,22.09641,0.051734466,0.023347402
5476.0,21.49979,0.04925143,0.021101924
5477.0,21.175869,0.05298541,0.021542743
5478.0,21.467482,0.05147308,0.0229446
5479.0,20.663345,0.049790446,0.020625316
5480.0,20.812696,0.050244782,0.01928509
5481.0,20.311523,0.047790375,0.020194627
5482.0,20.599699,0.048279516,0.020636125
5483.0,21.349373,0.04792393,0.020581467
5484.0,20.641485,0.047630843,0.019393288
5485.0,20.919167,0.04644327,0.019696612
5486.0,20.853512,0.045691136,0.018822769
5487.0,20.438251,0.046358556,0.019319955
5488.0,21.423529,0.044919178,0.019140963
5489.0,20.414234,0.04570211,0.018833514
5490.0,20.659311,0.04555404,0.01836641
5491.0,21.056562,0.047499105,0.019827453
5492.0,20.528978,0.04777009,0.020136366
5493.0,20.366182,0.04919663,0.019708015
5494.0,20.721258,0.04975453,0.020617628
5495.0,21.08836,0.052827824,0.021566786
5496.0,20.69223,0.05203708,0.021781385
5497.0,21.011309,0.05220355,0.0216381
5498.0,21.104841,0.05156358,0.02176082
5499.0,20.301449,0.05033458,0.020393707
5500.0,18.932547,0.052092064,0.020158337
5501.0,20.621038,0.05149367,0.020886293
5502.0,20.908453,0.052207813,0.022090457
5503.0,20.88837,0.05006582,0.020911764
5504.0,20.934532,0.048117574,0.01973351
5505.0,20.236217,0.048635248,0.019668609
5506.0,20.989954,0.04718763,0.019554766
5507.0,19.857092,0.0474085,0.019180827
5508.0,20.758888,0.047570895,0.020309241
5509.0,20.903608,0.049292736,0.020339083
5510.0,20.238632,0.049353547,0.020254346
5511.0,20.415176,0.04747358,0.01887789
5512.0,20.934845,0.047919422,0.019808793
5513.0,20.711393,0.04967693,0.02064771
5514.0,21.203127,0.048643555,0.020831814
5515.0,20.776114,0.048475016,0.020851504
5516.0,20.849733,0.049736377,0.021037111
5517.0,20.860813,0.04962405,0.020119015
5518.0,20.88124,0.050391335,0.020039035
5519.0,20.523518,0.050791983,0.02042684
5520.0,20.91067,0.051478658,0.021282423
5521.0,20.71411,0.054319605,0.023846408
5522.0,21.520859,0.053615727,0.022894287
5523.0,21.01803,0.053907607,0.022957273
5524.0,21.483212,0.05390524,0.02323814
5525.0,21.863222,0.052348226,0.022534592
5526.0,21.227428,0.052286167,0.02281441
5527.0,21.527836,0.050300915,0.022346146
5528.0,20.943329,0.049586415,0.0210136
5529.0,21.49802,0.05116569,0.022033641
5530.0,20.776213,0.05167549,0.021290816
5531.0,21.538532,0.05119626,0.0216221
5532.0,21.200958,0.051736042,0.022172093
5533.0,20.682379,0.05463617,0.023041472
5534.0,21.060913,0.054832395,0.023653297
5535.0,21.331425,0.053177692,0.022589006
5536.0,21.77015,0.0534923,0.023295084
5537.0,20.978174,0.05228025,0.021776028
5538.0,20.833935,0.052546438,0.022019936
5539.0,21.322971,0.051224936,0.022332234
5540.0,21.566755,0.051675506,0.023423957
5541.0,20.785822,0.0519882,0.02212753
5542.0,21.084763,0.05162207,0.02207657
5543.0,20.839722,0.050824687,0.022174606
5544.0,21.16938,0.052765135,0.022389146
5545.0,21.14292,0.053090107,0.022123944
5546.0,21.509287,0.052229714,0.023298478
5547.0,21.5987,0.052288085,0.022615258
5548.0,21.253845,0.05363215,0.022936488
5549.0,21.567024,0.05290983,0.02297473
5550.0,22.040024,0.05174463,0.023274602
5551.0,21.2658,0.055017944,0.023439474
5552.0,21.08926,0.053306,0.023003466
5553.0,21.65628,0.052920297,0.023967003
5554.0,21.33306,0.054460403,0.02310877
5555.0,21.41948,0.05253736,0.023600128
5556.0,22.254623,0.051744223,0.02306158
5557.0,21.626217,0.052618,0.023047147
5558.0,21.78746,0.051514566,0.0226397
5559.0,21.837742,0.054626442,0.024270464
5560.0,21.555506,0.053783517,0.023686273
5561.0,21.18948,0.05475246,0.023303496
5562.0,21.743984,0.0545256,0.024715433
5563.0,21.48411,0.05718609,0.024939828
5564.0,21.567547,0.058412395,0.02559347
5565.0,21.804148,0.058572285,0.026054287
5566.0,21.499481,0.057628248,0.024529396
5567.0,21.233337,0.05923529,0.02612268
5568.0,21.338306,0.05961375,0.025783902
5569.0,21.74288,0.05686739,0.026430689
5570.0,21.751347,0.057306975,0.02578513
5571.0,21.474907,0.05487701,0.025004689
5572.0,21.868637,0.052653212,0.023490632
5573.0,22.157719,0.04983246,0.022890026
5574.0,21.643528,0.051089946,0.022544108
5575.0,21.907095,0.052421357,0.02377467
5576.0,21.770119,0.053213257,0.023266217
5577.0,22.161741,0.054223247,0.025613502
5578.0,21.225216,0.055306315,0.024782822
5579.0,22.097717,0.05555235,0.024397982
5580.0,22.2996,0.055248864,0.024091346
5581.0,21.588102,0.054532997,0.023606604
5582.0,21.698484,0.052367285,0.023463666
5583.0,21.998756,0.050750103,0.02264357
5584.0,22.208853,0.052941084,0.023149733
5585.0,22.01511,0.050511476,0.023649905
5586.0,21.894684,0.05191086,0.023528326
5587.0,22.612873,0.050601866,0.024104454
5588.0,22.294405,0.052627385,0.023447659
5589.0,22.002525,0.05146691,0.022496961
5590.0,22.0002,0.051488753,0.022786787
5591.0,22.055897,0.050215315,0.022448406
5592.0,22.59835,0.05171333,0.02377359
5593.0,22.631536,0.050211437,0.022681609
5594.0,22.897102,0.04806869,0.022988077
5595.0,22.088924,0.050887134,0.023731437
5596.0,22.566126,0.050927352,0.022817029
5597.0,21.853355,0.050104182,0.021747869
5598.0,23.297352,0.051786773,0.024361635
5599.0,23.048717,0.05358127,0.024674235
5600.0,22.486832,0.052100472,0.023180071
5601.0,22.766243,0.052455362,0.023777332
5602.0,23.167862,0.0539211,0.025389917
5603.0,23.388424,0.05424788,0.026057372
5604.0,23.5249,0.053650644,0.02673154
5605.0,23.510597,0.054986194,0.027276756
5606.0,23.23118,0.054159667,0.026595686
5607.0,23.47697,0.053573802,0.02653297
5608.0,23.491245,0.05294402,0.02559269
5609.0,23.691578,0.053515766,0.026254352
5610.0,23.779179,0.055934973,0.026336234
5611.0,23.476349,0.053264547,0.026366198
5612.0,23.20591,0.055639844,0.02620136
5613.0,23.14558,0.056442406,0.026768973
5614.0,23.368656,0.055227965,0.026691241
5615.0,22.899937,0.05428178,0.025658978
5616.0,23.11757,0.058164485,0.027169244
5617.0,23.81527,0.055546906,0.027182093
5618.0,23.46568,0.053673014,0.02509602
5619.0,24.006298,0.0551944,0.026461743
5620.0,23.696903,0.056127533,0.025605686
5621.0,23.655022,0.053706437,0.025648167
5622.0,24.14043,0.05415172,0.026275758
5623.0,23.612843,0.0533113,0.024868382
5624.0,23.575008,0.055992573,0.028098982
5625.0,23.471973,0.0524362,0.025870746
5626.0,24.504147,0.05310206,0.027046915
5627.0,23.955833,0.05195771,0.02585459
5628.0,23.66326,0.053784646,0.026235728
5629.0,23.602623,0.051455952,0.025578994
5630.0,24.004612,0.055013966,0.027465263
5631.0,24.011335,0.053975467,0.025448605
5632.0,23.904545,0.05302193,0.026760034
5633.0,24.219086,0.05411375,0.02753664
5634.0,24.460648,0.05363801,0.026831912
5635.0,24.675175,0.05269104,0.026517116
5636.0,24.144571,0.054373614,0.026697494
5637.0,24.248442,0.0534624,0.027658882
5638.0,23.930857,0.052437805,0.025578063
5639.0,25.015942,0.05259091,0.027765544
5640.0,24.78495,0.055065673,0.027873993
5641.0,24.21221,0.053265776,0.026731523
5642.0,24.784706,0.053126372,0.027065989
5643.0,24.904957,0.054888528,0.028707473
5644.0,25.03439,0.054199208,0.027481586
5645.0,25.591005,0.054086424,0.029228935
5646.0,25.162415,0.05203297,0.027599577
5647.0,25.107653,0.052095205,0.02778165
5648.0,25.052422,0.05253951,0.027112853
5649.0,25.834429,0.0520816,0.027900746
5650.0,25.202837,0.05154625,0.026103517
5651.0,25.772757,0.052735046,0.028376414
5652.0,26.4339,0.05170323,0.027804675
5653.0,26.21367,0.053206287,0.028851876
5654.0,27.553692,0.052864827,0.0292865
5655.0,27.477444,0.051796537,0.029953538
5656.0,27.139753,0.054919038,0.02941973
5657.0,27.22522,0.05348548,0.030612787
5658.0,27.914782,0.052198235,0.031439666
5659.0,27.613691,0.05182179,0.029057523
5660.0,26.814478,0.05359742,0.03012492
5661.0,27.410305,0.05309051,0.030098272
5662.0,28.082052,0.050610423,0.029614195
5663.0,29.040043,0.05691428,0.035729215
5664.0,28.763582,0.054181516,0.03242108
5665.0,29.21029,0.05336731,0.031622168
5666.0,28.762894,0.056552775,0.032234594
5667.0,28.780426,0.05815655,0.03341603
5668.0,29.391033,0.05447835,0.034719303
5669.0,29.20604,0.055022806,0.033813223
5670.0,29.599693,0.05838809,0.03616276
5671.0,29.251091,0.05472532,0.03307166
5672.0,28.644316,0.054954283,0.032608904
5673.0,29.303654,0.054878946,0.03305743
5674.0,28.836496,0.053714465,0.03290841
5675.0,29.634926,0.053689566,0.03334253
5676.0,29.425781,0.054219034,0.03485697
5677.0,29.42888,0.0528633,0.032887697
5678.0,30.099401,0.05657205,0.03563782
5679.0,29.899715,0.05435328,0.03355895
5680.0,29.84564,0.05558084,0.034480613
5681.0,29.258692,0.057582512,0.035029653
5682.0,30.533327,0.052730754,0.032738578
5683.0,30.217403,0.053695347,0.0326775
5684.0,30.26387,0.05489515,0.03356247
5685.0,30.70428,0.052096512,0.032670334
5686.0,30.81638,0.05211719,0.033225384
5687.0,31.597296,0.05267649,0.035060152
5688.0,32.584763,0.05278017,0.036649212
5689.0,33.24938,0.052264515,0.0360477
5690.0,33.30365,0.0542401,0.037558146
5691.0,33.440544,0.05203072,0.03615853
5692.0,34.38409,0.053258494,0.037568003
5693.0,33.70753,0.05454995,0.03796524
5694.0,33.265385,0.05307366,0.03742945
5695.0,33.474354,0.051446907,0.03698457
5696.0,33.63466,0.05319706,0.037605315
5697.0,33.182426,0.054680306,0.037046555
5698.0,31.885464,0.05379,0.03711561
5699.0,31.940872,0.055128183,0.038042072
5700.0,32.257248,0.05543313,0.036879275
5701.0,33.49845,0.05523871,0.03855884
5702.0,32.98266,0.053837758,0.037346296
5703.0,33.51517,0.051767193,0.037498888
5704.0,32.865917,0.05410835,0.0371598
5705.0,32.632977,0.054400053,0.037975367
5706.0,33.324177,0.054904524,0.037101563
5707.0,33.12641,0.053017713,0.03730763
5708.0,31.942484,0.05304687,0.03555684
5709.0,32.75923,0.05478791,0.038283642
5710.0,31.961819,0.05352012,0.03551588
5711.0,31.688835,0.053225275,0.034718268
5712.0,32.67152,0.055657048,0.03836048
5713.0,32.54978,0.053980324,0.037788928
5714.0,32.480995,0.054454364,0.03693386
5715.0,33.483887,0.05639639,0.03898424
5716.0,32.85502,0.056876883,0.03969346
5717.0,33.967976,0.05387678,0.037620224
5718.0,33.946907,0.057882253,0.04060682
5719.0,33.727448,0.05512558,0.038747236
5720.0,34.126354,0.05609045,0.039429244
5721.0,33.91441,0.0570307,0.041224662
5722.0,34.270348,0.056318186,0.040644534
5723.0,33.704975,0.05882132,0.04197768
5724.0,34.089558,0.057200123,0.040029693
5725.0,35.205276,0.054680247,0.039968867
5726.0,36.1168,0.056951758,0.043218043
5727.0,35.831886,0.05629616,0.04193295
5728.0,35.962204,0.055975113,0.042554718
5729.0,36.57695,0.058782686,0.04433745
5730.0,36.162052,0.06090224,0.046152115
5731.0,35.631447,0.058611322,0.04456617
5732.0,36.43581,0.05495155,0.04159961
5733.0,35.784874,0.057592947,0.041832156
5734.0,34.949314,0.05575242,0.040517792
5735.0,33.793697,0.0499729,0.034338996
5736.0,32.748386,0.05448284,0.035412878
5737.0,32.678562,0.053600382,0.03528226
5738.0,33.519745,0.052246887,0.036813963
5739.0,32.367863,0.051962655,0.035737894
5740.0,32.49966,0.05033024,0.03521
5741.0,32.85155,0.052128587,0.036949206
5742.0,34.24681,0.054551065,0.040196054
5743.0,33.4369,0.05508735,0.03877336
5744.0,33.612926,0.05684274,0.040539224
5745.0,33.861214,0.059173275,0.04452146
5746.0,33.43904,0.060275633,0.04163638
5747.0,33.660133,0.05848407,0.04315841
5748.0,32.632458,0.059810482,0.041903388
5749.0,33.229412,0.05881521,0.04139294
5750.0,32.587948,0.053313844,0.03751386
5751.0,33.253963,0.05216845,0.036682114
5752.0,33.499638,0.05388715,0.038743626
5753.0,31.538305,0.05240819,0.034971695
5754.0,32.248737,0.054836314,0.037951734
5755.0,31.647802,0.051948465,0.035305165
5756.0,31.939117,0.051252473,0.034599315
5757.0,31.566687,0.0550647,0.037669618
5758.0,30.063662,0.054255325,0.035467952
5759.0,30.583864,0.054211963,0.036566462
5760.0,30.643097,0.055859953,0.03541543
5761.0,29.787855,0.055464346,0.036289413
5762.0,30.58643,0.05602111,0.037371457
5763.0,29.764015,0.057235457,0.037027232
5764.0,30.002417,0.056711167,0.035657912
5765.0,31.470793,0.05655499,0.03969391
5766.0,31.55103,0.056799393,0.038156487
5767.0,31.29665,0.057229117,0.037644137
5768.0,31.367867,0.058222957,0.040298793
5769.0,31.787828,0.056184825,0.037062608
5770.0,31.804699,0.053433787,0.03581579
5771.0,32.103302,0.056663167,0.038695045
5772.0,31.64291,0.051886424,0.035743583
5773.0,33.04574,0.05124263,0.03522724
5774.0,33.28539,0.05156187,0.03602797
5775.0,33.056313,0.052182224,0.037522342
5776.0,33.062904,0.048800968,0.03428971
5777.0,34.410896,0.04937536,0.03489817
5778.0,33.203117,0.051164452,0.03579339
5779.0,34.013634,0.050672486,0.03661408
5780.0,33.44158,0.049018696,0.03649547
5781.0,33.668972,0.050594904,0.036257543
5782.0,34.047348,0.051361237,0.03888876
5783.0,33.482178,0.05029133,0.03581093
5784.0,33.117615,0.05306308,0.03590822
5785.0,32.655922,0.055724274,0.037763957
5786.0,33.223442,0.054694537,0.038756933
5787.0,32.202465,0.056541238,0.038661856
5788.0,32.63143,0.056243267,0.03912069
5789.0,31.707214,0.053846184,0.03607871
5790.0,31.116865,0.05432005,0.036359638
5791.0,30.451845,0.05318046,0.03440766
5792.0,32.29231,0.05132407,0.03383791
5793.0,32.662865,0.054065283,0.036835235
5794.0,32.515076,0.055259194,0.038344014
5795.0,31.798294,0.053816196,0.035432767
5796.0,31.250784,0.05666929,0.036827825
5797.0,30.336258,0.05698646,0.03658684
5798.0,30.940529,0.05636065,0.037006307
5799.0,30.83551,0.057649657,0.038322203
5800.0,29.635902,0.056539286,0.035921995
5801.0,29.339851,0.05351831,0.033131022
5802.0,28.654379,0.05472725,0.033255026
5803.0,28.24709,0.054415587,0.03328016
5804.0,28.370148,0.05530957,0.033334944
5805.0,27.81484,0.05629715,0.033547413
5806.0,26.94566,0.057048127,0.032444853
5807.0,27.590202,0.057497725,0.033136543
5808.0,27.710629,0.056041688,0.031602807
5809.0,27.651587,0.057487253,0.033933304
5810.0,27.27824,0.05509148,0.032888792
5811.0,26.758001,0.0555397,0.032063346
5812.0,26.68199,0.05519814,0.03199698
5813.0,26.64756,0.056707714,0.032871462
5814.0,26.331802,0.060352873,0.03327174
5815.0,25.97596,0.05805012,0.032376662
5816.0,25.70972,0.057609536,0.031222045
5817.0,25.54538,0.059178803,0.032187495
5818.0,25.428663,0.056189746,0.02951548
5819.0,25.47336,0.05721339,0.031296164
5820.0,26.065031,0.054266628,0.03204
5821.0,24.85595,0.054800708,0.029418299
5822.0,25.192932,0.05385823,0.027306275
5823.0,23.815187,0.053642098,0.027222594
5824.0,24.077995,0.05438498,0.028595498
5825.0,23.415936,0.05419094,0.026182074
5826.0,24.293087,0.055324376,0.027835123
5827.0,24.255573,0.053473134,0.028604219
5828.0,23.74316,0.05591719,0.02864167
5829.0,23.274014,0.056229584,0.02746189
5830.0,23.18407,0.0556167,0.027333334
5831.0,23.289448,0.058279864,0.030971114
5832.0,23.35915,0.058075745,0.030041208
5833.0,22.37008,0.057580292,0.028974356
5834.0,22.877848,0.05940151,0.030425297
5835.0,22.863796,0.05518989,0.026742658
5836.0,22.451761,0.056256082,0.027510863
5837.0,22.676203,0.057614055,0.028389754
5838.0,22.80497,0.053361185,0.026771368
5839.0,22.410374,0.056912825,0.027361678
5840.0,22.629091,0.05532843,0.02796986
5841.0,22.066042,0.055324193,0.02461732
5842.0,21.625832,0.05565481,0.025061172
5843.0,22.066048,0.055383585,0.026035262
5844.0,21.930744,0.05598762,0.02759445
5845.0,22.316074,0.05450057,0.025057795
5846.0,21.587944,0.05713207,0.026566138
5847.0,22.171434,0.057536863,0.027035741
5848.0,21.461235,0.055101268,0.025906932
5849.0,20.889227,0.055805963,0.024541354
5850.0,20.89288,0.058795612,0.026247788
5851.0,21.566832,0.05551607,0.026966998
5852.0,21.171421,0.05650576,0.025984403
5853.0,20.32299,0.057050716,0.02547264
5854.0,21.079098,0.055246245,0.025276953
5855.0,21.335459,0.05564737,0.026169293
5856.0,20.910889,0.055003945,0.025745643
5857.0,20.579481,0.054727335,0.024146745
5858.0,20.88433,0.056915075,0.025911484
5859.0,20.677639,0.05552648,0.024936294
5860.0,20.84143,0.056446623,0.024793372
5861.0,21.268625,0.058549058,0.025747053
5862.0,20.954376,0.057775874,0.025981102
5863.0,20.90961,0.05687519,0.025149895
5864.0,21.10952,0.057071615,0.026573883
5865.0,21.932568,0.05563541,0.025587643
5866.0,22.066341,0.054531544,0.02576208
5867.0,22.179466,0.053993702,0.025100494
5868.0,22.752516,0.05549421,0.02753438
5869.0,22.63635,0.055242218,0.027525421
5870.0,23.763672,0.053971037,0.02697012
5871.0,24.042688,0.055501882,0.027592814
5872.0,23.90417,0.050934296,0.027008085
5873.0,23.406654,0.053624347,0.026596352
5874.0,22.803078,0.055555817,0.027211057
5875.0,23.291294,0.053427603,0.026056362
5876.0,22.223722,0.05638621,0.026639748
5877.0,22.492695,0.057674572,0.029328326
5878.0,21.543602,0.05670816,0.026783423
5879.0,21.43522,0.05750963,0.026060514
5880.0,20.283041,0.057437286,0.024428839
5881.0,20.215946,0.05606721,0.023316355
5882.0,20.151136,0.057615783,0.024633722
5883.0,19.554188,0.055483878,0.02309039
5884.0,19.142368,0.056738988,0.023336722
5885.0,19.123405,0.05414627,0.022363618
5886.0,19.20607,0.056875773,0.02427591
5887.0,18.352837,0.057574097,0.02248004
5888.0,18.778778,0.056158528,0.023804625
5889.0,18.186514,0.06069163,0.022975752
5890.0,18.061745,0.062270902,0.025110574
5891.0,17.956331,0.058117907,0.022343712
5892.0,17.419838,0.06071341,0.023022939
5893.0,17.150368,0.059799638,0.023254566
5894.0,17.150723,0.05972932,0.022146916
5895.0,16.83363,0.060282845,0.022172123
5896.0,16.81441,0.059063975,0.02222013
5897.0,16.605495,0.059288837,0.021060467
5898.0,16.354689,0.059311237,0.020750359
5899.0,16.215176,0.059454065,0.021057984
5900.0,15.996644,0.05907855,0.020996198
5901.0,15.58625,0.0616573,0.021778572
5902.0,15.6327,0.060559746,0.02052939
5903.0,15.347883,0.0584907,0.019230703
5904.0,15.553965,0.058967944,0.019642157
5905.0,15.206097,0.060123667,0.020271622
5906.0,15.354688,0.05620665,0.018917793
5907.0,15.204323,0.058011465,0.019511182
5908.0,14.778926,0.056032185,0.018190088
5909.0,14.915109,0.05636924,0.017907059
5910.0,14.212872,0.055203386,0.01710768
5911.0,14.359459,0.056527533,0.01694679
5912.0,14.071384,0.055313457,0.01627505
5913.0,14.34511,0.05653585,0.017655637
5914.0,13.700796,0.057144575,0.017842045
5915.0,13.64879,0.053660765,0.015980756
5916.0,13.574681,0.05698892,0.016712625
5917.0,13.340264,0.054664027,0.016488204
5918.0,13.199581,0.055316903,0.016326021
5919.0,13.200447,0.056173503,0.016020995
5920.0,13.1449795,0.05376496,0.015461921
5921.0,12.348126,0.056371998,0.014996019
5922.0,12.943606,0.05513495,0.015814
5923.0,12.513296,0.057683807,0.015301077
5924.0,12.136856,0.058325913,0.015133428
5925.0,12.053913,0.057334926,0.015263569
5926.0,12.55224,0.05930462,0.016917257
5927.0,11.903571,0.059110522,0.016031917
5928.0,11.587582,0.057568405,0.014335719
5929.0,11.569622,0.059355576,0.015195033
5930.0,11.666831,0.054425772,0.014177635
5931.0,11.320295,0.054029204,0.013272553
5932.0,11.372875,0.055111624,0.014021966
5933.0,10.790774,0.05487026,0.0132277915
5934.0,10.535505,0.0551122,0.012688598
5935.0,10.848433,0.05483214,0.013358926
5936.0,10.618829,0.054166522,0.012484946
5937.0,10.217163,0.05752019,0.012613958
5938.0,10.465042,0.05462527,0.012486835
5939.0,10.268745,0.05553418,0.012851871
5940.0,9.710367,0.05498705,0.0114893885
5941.0,9.797415,0.05325487,0.011482953
5942.0,9.720734,0.052432057,0.011021069
5943.0,9.698248,0.051113516,0.01057585
5944.0,9.486761,0.05116864,0.010436853
5945.0,9.28128,0.05280156,0.011068553
5946.0,9.391987,0.054644022,0.011737093
5947.0,8.999532,0.05713006,0.01144637
5948.0,9.172255,0.05523948,0.010766331
5949.0,8.982007,0.058499094,0.011437894
5950.0,8.89315,0.057031464,0.011316218
5951.0,8.80068,0.05481003,0.01051347
5952.0,8.706092,0.055431873,0.010819724
5953.0,8.462116,0.055667825,0.010517336
5954.0,8.50032,0.0552718,0.01059615
5955.0,8.203144,0.05510138,0.009881477
5956.0,8.214459,0.05793524,0.010786638
5957.0,8.110385,0.05444454,0.010039131
5958.0,7.8211684,0.05578413,0.009740028
5959.0,7.5668097,0.057495452,0.009617243
5960.0,7.671234,0.05795936,0.009812581
5961.0,7.6635756,0.05523416,0.009018539
5962.0,7.717146,0.056738626,0.010153206
5963.0,7.312105,0.05717615,0.009646158
5964.0,7.296425,0.05649744,0.008962695
5965.0,7.086236,0.05721706,0.008726439
5966.0,6.92733,0.05660845,0.008584031
5967.0,7.0652723,0.056150064,0.0090284245
5968.0,7.0559607,0.0569004,0.008890732
5969.0,6.875012,0.056995254,0.008574994
5970.0,6.746437,0.055733033,0.00846062
5971.0,6.86491,0.05370771,0.008216443
5972.0,6.8683767,0.052562673,0.007852038
5973.0,6.596866,0.052037597,0.0073658777
5974.0,6.582684,0.051752597,0.007778597
5975.0,6.596747,0.05215158,0.0074190125
5976.0,6.5594244,0.05722712,0.00789434
5977.0,6.4213705,0.055690024,0.007895524
5978.0,6.332484,0.05670727,0.008201812
5979.0,6.32059,0.05968278,0.00854204
5980.0,6.179283,0.057763554,0.007815953
5981.0,6.2112617,0.058854137,0.008347014
5982.0,6.117983,0.0586247,0.00794227
5983.0,5.9857817,0.057484258,0.007831651
5984.0,6.2238235,0.058785055,0.008134616
5985.0,6.0785227,0.06007843,0.008342698
5986.0,6.034417,0.061055537,0.0085908
5987.0,6.15222,0.0634001,0.008795344
5988.0,6.0788784,0.06405153,0.008925748
5989.0,6.0929236,0.06357725,0.008819194
5990.0,6.038287,0.0626199,0.008439722
5991.0,6.0708694,0.06197953,0.008141474
5992.0,6.1895185,0.06094181,0.008507753
5993.0,6.1057496,0.05873043,0.00812803
5994.0,6.1371202,0.058895905,0.008047212
5995.0,5.8337746,0.058826722,0.0077138143
5996.0,5.910247,0.05828071,0.0077357497
5997.0,5.705531,0.05955762,0.007444017
5998.0,5.8031955,0.06103463,0.007828811
5999.0,5.8775663,0.05775389,0.0076777413
6000.0,5.7217817,0.055640817,0.0069331676
6001.0,5.7994804,0.061399728,0.007926241
6002.0,5.843933,0.05580892,0.0073875273
6003.0,5.76488,0.056733944,0.007240842
6004.0,5.8908625,0.05835769,0.007732012
6005.0,5.932748,0.05713165,0.0073265675
6006.0,6.055193,0.05587921,0.007647979
6007.0,6.2086864,0.05360308,0.007921335
6008.0,6.2706585,0.054020036,0.008068769
6009.0,6.1430454,0.05345151,0.007140668
6010.0,6.067874,0.05455301,0.007574955
6011.0,6.157319,0.05488981,0.0075259963
6012.0,6.182233,0.052971832,0.007255514
6013.0,6.204014,0.056427862,0.007718948
6014.0,6.03376,0.05704666,0.007645393
6015.0,6.0941477,0.05627891,0.007738096
6016.0,6.191628,0.05665874,0.007886508
6017.0,6.1477137,0.055854183,0.007925833
6018.0,6.187664,0.055903777,0.0076526646
6019.0,6.263716,0.05479014,0.007918074
6020.0,6.2011814,0.05466226,0.007579707
6021.0,6.450615,0.054522235,0.0077534555
6022.0,6.4168797,0.057045735,0.008123795
6023.0,6.4963965,0.05553179,0.008088355
6024.0,6.6165676,0.055796366,0.008505545
6025.0,6.6075625,0.054161824,0.008179896
6026.0,6.813053,0.05452245,0.00859786
6027.0,6.66784,0.05678167,0.008387432
6028.0,6.8346634,0.05333309,0.008422391
6029.0,6.893835,0.053761505,0.008377247
6030.0,6.8291583,0.057679158,0.008629063
6031.0,7.05637,0.054740924,0.008756576
6032.0,6.895237,0.054978646,0.0087601375
6033.0,7.1398106,0.056746356,0.00923111
6034.0,7.0663924,0.057675384,0.009018555
6035.0,7.1179,0.05792341,0.009353939
6036.0,7.344932,0.057656348,0.009694898
6037.0,7.276826,0.05995547,0.009926088
6038.0,7.61932,0.059669483,0.010489254
6039.0,7.590774,0.0580632,0.009920555
6040.0,7.673291,0.05867868,0.009742797
6041.0,7.7130156,0.055677224,0.00939117
6042.0,7.8724184,0.052859843,0.009135228
6043.0,8.112818,0.05350005,0.009718409
6044.0,8.060419,0.05249072,0.009553039
6045.0,8.292467,0.050357044,0.00976717
6046.0,8.5352,0.05336745,0.009868396
6047.0,8.31634,0.05385213,0.010267683
6048.0,8.714081,0.05482948,0.01043246
6049.0,8.836176,0.056903686,0.011307268
6050.0,8.890688,0.058141623,0.012191004
6051.0,9.016814,0.054632984,0.01136695
6052.0,9.007395,0.055687662,0.011286831
6053.0,8.951254,0.053928953,0.010848018
6054.0,9.409765,0.05352764,0.01112657
6055.0,9.105626,0.05609348,0.011540061
6056.0,9.4733925,0.05363341,0.011382826
6057.0,9.390487,0.055716805,0.012134549
6058.0,9.609589,0.0557663,0.012187152
6059.0,9.895971,0.05522908,0.012346823
6060.0,9.669434,0.05763159,0.0123616215
6061.0,10.055297,0.055029023,0.012647802
6062.0,10.219098,0.056274097,0.012830713
6063.0,10.156017,0.055902693,0.012421434
6064.0,10.444193,0.0567959,0.013240778
6065.0,10.584854,0.05934909,0.014592119
6066.0,10.389311,0.05812852,0.013238508
6067.0,10.648966,0.056658346,0.012474219
6068.0,11.073795,0.056821175,0.013928525
6069.0,11.109224,0.05884381,0.014796449
6070.0,11.40388,0.05828248,0.01497206
6071.0,11.169966,0.05745491,0.0142812105
6072.0,11.389767,0.056697365,0.014533185
6073.0,11.882555,0.05898273,0.016427813
6074.0,11.897842,0.05802068,0.015269024
6075.0,11.813117,0.056030773,0.014682378
6076.0,11.644854,0.059433755,0.01557852
6077.0,12.237075,0.05834971,0.016361417
6078.0,12.7747965,0.05839369,0.01645697
6079.0,12.14739,0.060707927,0.016380947
6080.0,12.622792,0.059659928,0.016380034
6081.0,12.674068,0.058973715,0.016743844
6082.0,12.675607,0.059051603,0.01718865
6083.0,12.900422,0.05783262,0.017394124
6084.0,13.2023115,0.055967852,0.017275693
6085.0,13.219837,0.056557313,0.016907629
6086.0,13.48796,0.057594135,0.017607994
6087.0,13.82419,0.057498727,0.018146034
6088.0,13.763784,0.05830939,0.017954152
6089.0,13.98394,0.05837399,0.01807201
6090.0,13.72313,0.057691675,0.017701311
6091.0,14.333249,0.059370127,0.018974999
6092.0,14.271048,0.05753651,0.018830307
6093.0,14.576835,0.056145784,0.018402956
6094.0,14.832076,0.05624013,0.019691123
6095.0,14.691009,0.054202907,0.018433668
6096.0,14.787236,0.054398146,0.018222125
6097.0,14.724794,0.056440044,0.01927467
6098.0,15.172371,0.05631484,0.019644847
6099.0,15.201132,0.054827236,0.01900076
6100.0,15.546658,0.05706796,0.021022579
6101.0,15.777478,0.05635725,0.020676276
6102.0,15.856104,0.054857645,0.019843666
6103.0,16.230225,0.056445606,0.020804394
6104.0,16.41018,0.05389468,0.020390881
6105.0,16.238005,0.05226831,0.019052416
6106.0,16.584564,0.053197358,0.020697966
6107.0,16.487934,0.051754322,0.018600417
6108.0,16.738731,0.051206995,0.019755498
6109.0,17.240257,0.04842011,0.019303624
6110.0,17.45152,0.050149977,0.019235725
6111.0,17.637165,0.051766783,0.02012031
6112.0,18.166676,0.050522115,0.021173326
6113.0,17.986607,0.05090882,0.020991785
6114.0,18.381489,0.053990792,0.022424687
6115.0,18.205395,0.05379936,0.02294056
6116.0,18.235409,0.055755574,0.022779915
6117.0,18.873074,0.05709694,0.024164688
6118.0,19.31049,0.054875415,0.023591556
6119.0,19.132998,0.05652833,0.025018867
6120.0,19.584665,0.057181343,0.02502484
6121.0,20.342901,0.054691862,0.024613502
6122.0,20.485704,0.053655513,0.024454797
6123.0,21.66212,0.05405262,0.026405007
6124.0,21.218216,0.053501047,0.025717115
6125.0,21.57586,0.054241322,0.026049722
6126.0,22.092125,0.0554657,0.027144356
6127.0,22.47047,0.05481731,0.02842781
6128.0,23.192867,0.055041533,0.029016133
6129.0,23.047836,0.055641107,0.030011937
6130.0,22.484816,0.052062318,0.027184483
6131.0,21.963234,0.05177776,0.026771963
6132.0,21.867579,0.052628703,0.02639572
6133.0,21.07869,0.05020518,0.024905093
6134.0,21.078705,0.04985677,0.0243845
6135.0,21.275814,0.05162867,0.026795369
6136.0,19.789623,0.049245074,0.022056742
6137.0,20.03629,0.0507347,0.023654679
6138.0,19.96799,0.050241128,0.023300868
6139.0,20.48801,0.051416624,0.025238337
6140.0,20.009651,0.052441567,0.023952307
6141.0,19.810768,0.05417218,0.025059806
6142.0,19.904915,0.055733755,0.025325581
6143.0,19.55571,0.054843057,0.02569966
6144.0,19.945335,0.05377601,0.023709817
6145.0,20.376488,0.05409192,0.025288187
6146.0,19.99745,0.05451067,0.025017386
6147.0,19.453606,0.053555444,0.025104016
6148.0,20.29046,0.053359803,0.024555443
6149.0,20.607513,0.053342614,0.026094677
6150.0,20.147589,0.05145555,0.02442202
6151.0,20.04556,0.051184203,0.02325392
6152.0,20.33346,0.05243361,0.02456966
6153.0,20.485212,0.051036812,0.023842873
6154.0,20.665194,0.052659653,0.025871322
6155.0,20.750546,0.054139435,0.025052322
6156.0,20.863419,0.05377114,0.02512553
6157.0,20.834288,0.054502986,0.026957193
6158.0,21.208223,0.052169163,0.026641464
6159.0,20.764473,0.05283782,0.025453229
6160.0,21.490704,0.053351205,0.026670668
6161.0,21.045588,0.052052032,0.024527026
6162.0,21.778776,0.05217559,0.026286522
6163.0,21.414276,0.053321593,0.025519218
6164.0,21.315044,0.052994955,0.024442833
6165.0,21.799307,0.052490264,0.025833463
6166.0,22.141966,0.051953092,0.026602792
6167.0,21.473635,0.052323617,0.02597548
6168.0,22.16277,0.052887406,0.027678635
6169.0,22.224936,0.052100424,0.025675809
6170.0,22.03434,0.05295341,0.027003625
6171.0,22.198204,0.053851634,0.02689315
6172.0,22.509445,0.053017933,0.02791991
6173.0,22.723131,0.053596668,0.028882595
6174.0,22.825298,0.052640308,0.027720327
6175.0,22.523508,0.052461904,0.027001198
6176.0,22.734596,0.053019296,0.028350487
6177.0,22.860119,0.052031584,0.027322385
6178.0,23.718218,0.05547,0.030895373
6179.0,23.538166,0.053839356,0.02904443
6180.0,24.345757,0.054218005,0.031910874
6181.0,24.550032,0.054483734,0.030098839
6182.0,24.496237,0.051364854,0.029361054
6183.0,23.729372,0.05257483,0.02884188
6184.0,24.688822,0.051696848,0.02994707
6185.0,24.74045,0.049917817,0.029106002
6186.0,25.163584,0.050201137,0.030603513
6187.0,24.67918,0.05142841,0.029601788
6188.0,24.988811,0.05089924,0.028713593
6189.0,25.563435,0.0527938,0.030742545
6190.0,25.741055,0.05302521,0.03150584
6191.0,25.988789,0.053803984,0.03177941
6192.0,26.479197,0.051809356,0.031533975
6193.0,25.809975,0.0540741,0.031098602
6194.0,25.421694,0.053265423,0.032329265
6195.0,26.370304,0.053506836,0.03425122
6196.0,26.446383,0.053674605,0.032931097
6197.0,26.310596,0.05073628,0.02944787
6198.0,27.030117,0.055082124,0.03549909
6199.0,27.72152,0.056027155,0.035926685
6200.0,28.071629,0.054855764,0.034845464
6201.0,28.725233,0.05725493,0.03872704
6202.0,29.390501,0.058354117,0.04022031
6203.0,28.848013,0.05601768,0.03833966
6204.0,29.573565,0.055393208,0.0382291
6205.0,30.115208,0.05615262,0.03966254
6206.0,30.20251,0.05583326,0.03958641
6207.0,30.613424,0.05516345,0.039688468
6208.0,30.243805,0.05615507,0.039718892
6209.0,28.63567,0.055691294,0.039590057
6210.0,29.495668,0.055969063,0.037803035
6211.0,29.961906,0.054744497,0.037136156
6212.0,30.545536,0.05341991,0.0379547
6213.0,30.116375,0.054279327,0.038451623
6214.0,31.16595,0.052778527,0.0394141
6215.0,31.166851,0.05243879,0.039348025
6216.0,30.883177,0.053164918,0.0370077
6217.0,31.785316,0.053789366,0.04002592
6218.0,31.794323,0.052562844,0.038452085
6219.0,31.76208,0.052458383,0.040286753
6220.0,31.397907,0.0521253,0.03887826
6221.0,31.737106,0.051407408,0.03739768
6222.0,31.391264,0.051773977,0.037339415
6223.0,32.19236,0.05298829,0.0386694
6224.0,31.33744,0.051558573,0.037685633
6225.0,31.538637,0.052574698,0.03894467
6226.0,31.260887,0.05137998,0.03881243
6227.0,31.039446,0.050684545,0.03729585
6228.0,29.566067,0.050248947,0.035053834
6229.0,29.930279,0.050357264,0.034323588
6230.0,29.793953,0.04999649,0.035224438
6231.0,29.656437,0.05034309,0.037396394
6232.0,29.936035,0.050881464,0.03646988
6233.0,29.062538,0.053426616,0.035885625
6234.0,29.53171,0.055529267,0.038671035
6235.0,29.704752,0.054695312,0.0396231
6236.0,28.632206,0.054223552,0.036306575
6237.0,27.733402,0.055410594,0.03622137
6238.0,29.187592,0.05430475,0.03895181
6239.0,27.868956,0.05277193,0.033864785
6240.0,27.725288,0.05306772,0.03296519
6241.0,28.805614,0.05493546,0.03777038
6242.0,28.763134,0.05556022,0.037966266
6243.0,29.876062,0.054850973,0.038305398
6244.0,28.982813,0.056967326,0.0391957
6245.0,30.168955,0.055825397,0.039199747
6246.0,29.867453,0.055376872,0.0394092
6247.0,29.744442,0.054553848,0.038771927
6248.0,31.495865,0.054098297,0.04110926
6249.0,31.202785,0.054123357,0.039540604
6250.0,30.72339,0.054660782,0.039405942
6251.0,31.055592,0.053145833,0.039339624
6252.0,30.713017,0.053568054,0.038574703
6253.0,31.663836,0.05351419,0.040597513
6254.0,30.788527,0.053745884,0.03818782
6255.0,31.049498,0.055028573,0.039170727
6256.0,31.262392,0.055606227,0.04121686
6257.0,31.614937,0.055632517,0.041311573
6258.0,31.99189,0.054794524,0.04080082
6259.0,30.413582,0.053746846,0.03822216
6260.0,29.950903,0.05213494,0.037286043
6261.0,30.281118,0.053131077,0.038766783
6262.0,30.654633,0.051051166,0.03632945
6263.0,30.192749,0.053846747,0.03890878
6264.0,30.946785,0.05385853,0.039705317
6265.0,31.628965,0.055147327,0.04139981
6266.0,32.29466,0.056980412,0.04505028
6267.0,33.4843,0.055310957,0.04311876
6268.0,33.944847,0.057872884,0.048531123
6269.0,33.066307,0.05504243,0.043557573
6270.0,34.140232,0.054901965,0.04390519
6271.0,34.30161,0.05546722,0.045232046
6272.0,33.530853,0.052437942,0.042405903
6273.0,33.26711,0.05544331,0.043500267
6274.0,33.231262,0.05618425,0.044793185
6275.0,32.955288,0.054243233,0.0422889
6276.0,31.995003,0.05623499,0.04378822
6277.0,31.48947,0.056367226,0.04281426
6278.0,32.036667,0.052833933,0.040729843
6279.0,32.018394,0.054813307,0.04135289
6280.0,31.7464,0.05267451,0.040979076
6281.0,31.595743,0.05218438,0.040283214
6282.0,31.155046,0.051903512,0.03911812
6283.0,30.919767,0.04946079,0.036649555
6284.0,30.33165,0.051494952,0.035993367
6285.0,31.226685,0.050977472,0.03806121
6286.0,30.568642,0.050156828,0.03724538
6287.0,30.138351,0.054167226,0.03832781
6288.0,30.153095,0.052221518,0.036714904
6289.0,29.15807,0.053226724,0.03635272
6290.0,29.735313,0.053418253,0.03925188
6291.0,29.849634,0.053013876,0.03789607
6292.0,29.592815,0.053742614,0.03739307
6293.0,30.297579,0.053877063,0.04032431
6294.0,29.814545,0.051963247,0.037028786
6295.0,30.762693,0.049542215,0.03708448
6296.0,30.92297,0.049356934,0.03667818
6297.0,30.563305,0.04877867,0.034116756
6298.0,30.953184,0.05173101,0.03752559
6299.0,30.51924,0.051365245,0.03680716
6300.0,30.053415,0.05005358,0.036224596
6301.0,29.573002,0.05191756,0.036263604
6302.0,29.706919,0.052811768,0.03671578
6303.0,30.461086,0.05060734,0.03635766
6304.0,30.687708,0.05046341,0.037106413
6305.0,30.95762,0.05237507,0.039594986
6306.0,30.321493,0.05204963,0.037721537
6307.0,31.17483,0.051996328,0.039124534
6308.0,32.056366,0.053694215,0.04046281
6309.0,31.020435,0.05208185,0.037393432
6310.0,30.841312,0.055172067,0.039526716
6311.0,30.920452,0.054540403,0.03903777
6312.0,30.128202,0.053749055,0.04001378
6313.0,29.548504,0.053776804,0.037649117
6314.0,28.690664,0.05136272,0.03513128
6315.0,27.993208,0.052913737,0.036665395
6316.0,28.256027,0.05144154,0.03308572
6317.0,28.334251,0.051286478,0.03345755
6318.0,28.462467,0.05319384,0.037432265
6319.0,27.103697,0.053402755,0.03440095
6320.0,27.48696,0.05356683,0.03526747
6321.0,27.540829,0.05209838,0.035667144
6322.0,27.583553,0.051949847,0.033968195
6323.0,27.270123,0.052287385,0.034888748
6324.0,27.182,0.05257796,0.033865385
6325.0,27.271387,0.051373087,0.03296689
6326.0,26.914537,0.053120974,0.034280654
6327.0,26.510597,0.05369306,0.03395592
6328.0,26.10824,0.05228293,0.032799058
6329.0,26.97708,0.05324776,0.034088857
6330.0,27.40064,0.053115204,0.035175234
6331.0,27.027863,0.053511266,0.036235295
6332.0,26.795881,0.052985586,0.034805488
6333.0,26.674427,0.053082053,0.03333553
6334.0,26.846102,0.054981098,0.03601753
6335.0,26.822052,0.053130392,0.034358684
6336.0,26.954573,0.054190308,0.03338323
6337.0,26.9166,0.05504444,0.034879934
6338.0,26.108934,0.056328166,0.034872934
6339.0,25.540749,0.055197854,0.033813357
6340.0,24.776102,0.05579248,0.032117736
6341.0,25.468079,0.056444433,0.0329381
6342.0,26.108145,0.0543971,0.035684153
6343.0,25.07697,0.053135715,0.032048058
6344.0,25.141354,0.0558914,0.03345823
6345.0,25.182648,0.052300505,0.03199514
6346.0,25.16197,0.05099946,0.03154974
6347.0,24.314627,0.054532997,0.032256234
6348.0,24.323437,0.052830547,0.030531466
6349.0,23.938053,0.051491227,0.030342963
6350.0,23.338186,0.05268824,0.030252472
6351.0,23.908373,0.05243331,0.030276157
6352.0,23.570328,0.050134216,0.028001433
6353.0,22.841534,0.05301116,0.03108078
6354.0,23.415913,0.053970043,0.030459607
6355.0,23.568518,0.05401976,0.030235883
6356.0,22.958706,0.054574553,0.03053742
6357.0,23.07304,0.054333404,0.03005406
6358.0,22.827284,0.055111755,0.02988546
6359.0,22.593948,0.053679213,0.028967269
6360.0,23.239508,0.051875774,0.029575193
6361.0,22.522797,0.05083424,0.027317498
6362.0,22.3986,0.052244578,0.027521303
6363.0,22.252907,0.051693127,0.028195912
6364.0,22.39809,0.053152535,0.028928759
6365.0,23.088211,0.054503523,0.02936531
6366.0,22.246847,0.05219476,0.028481971
6367.0,22.047316,0.05170469,0.02853302
6368.0,21.966982,0.05217041,0.028107876
6369.0,21.872473,0.05218566,0.0275988
6370.0,21.943268,0.051361967,0.027685
6371.0,22.009998,0.051236875,0.027234273
6372.0,21.841198,0.052605987,0.028385535
6373.0,22.067127,0.051224712,0.028005678
6374.0,22.098938,0.053088173,0.030051181
6375.0,21.70397,0.052067805,0.027382378
6376.0,22.11042,0.053373702,0.028624559
6377.0,21.807133,0.05445134,0.030222775
6378.0,22.196888,0.05287271,0.028860554
6379.0,21.875275,0.053397685,0.030784367
6380.0,22.031101,0.054361723,0.029128809
6381.0,21.729746,0.053302947,0.02792351
6382.0,21.35043,0.05223622,0.027143339
6383.0,22.118908,0.052833904,0.029438768
6384.0,21.379105,0.05004602,0.026655255
6385.0,21.094545,0.05333626,0.028968183
6386.0,21.77023,0.054480404,0.029595638
6387.0,21.077753,0.05232022,0.026699398
6388.0,21.672615,0.054479048,0.028166119
6389.0,21.643986,0.05538519,0.029304482
6390.0,22.131615,0.05388284,0.028299123
6391.0,21.733603,0.053948686,0.029130533
6392.0,21.582096,0.055465147,0.030473003
6393.0,21.641361,0.053775176,0.029446783
6394.0,21.97902,0.05185036,0.027744101
6395.0,21.893028,0.052215353,0.02897371
6396.0,21.502987,0.052579913,0.026971888
6397.0,21.577612,0.05291016,0.027651953
6398.0,21.076866,0.053647522,0.026879236
6399.0,21.352564,0.053606547,0.02835391
6400.0,21.04704,0.05431333,0.028148346
6401.0,20.73522,0.054050464,0.02739298
6402.0,21.506054,0.054559663,0.029083502
6403.0,20.80437,0.055688817,0.028293751
6404.0,20.36449,0.05547583,0.027972894
6405.0,20.497635,0.052411783,0.026847126
6406.0,20.909824,0.053753357,0.027194375
6407.0,20.906658,0.052694835,0.027708104
6408.0,21.036242,0.052793395,0.028138772
6409.0,20.386236,0.05192574,0.025926815
6410.0,20.186808,0.050881937,0.02435034
6411.0,20.039852,0.052015137,0.02452623
6412.0,20.619984,0.05069063,0.024121985
6413.0,20.814291,0.049049612,0.02622668
6414.0,20.189552,0.047757592,0.02496827
6415.0,20.499996,0.048712812,0.02381392
6416.0,20.489746,0.048209034,0.02428983
6417.0,19.880005,0.047561646,0.022759983
6418.0,20.328354,0.048017792,0.024463017
6419.0,20.311005,0.047261596,0.023911346
6420.0,20.42758,0.047732305,0.024200479
6421.0,20.109928,0.046827607,0.024008576
6422.0,19.881664,0.045420278,0.022255465
6423.0,20.546719,0.046249434,0.023416674
6424.0,20.018784,0.04522367,0.02295342
6425.0,20.618374,0.045314636,0.022656687
6426.0,20.289928,0.047676753,0.024020491
6427.0,20.174538,0.047485687,0.02416395
6428.0,20.178818,0.048406128,0.02378566
6429.0,19.857399,0.049661774,0.0227721
6430.0,19.83115,0.049757455,0.024431953
6431.0,19.823761,0.047375426,0.023450343
6432.0,19.667267,0.049489502,0.02446763
6433.0,19.654716,0.048026443,0.022140974
6434.0,19.643194,0.047568105,0.023759408
6435.0,19.908575,0.04884308,0.023869798
6436.0,19.906073,0.05034209,0.02526339
6437.0,19.642223,0.04862702,0.023693927
6438.0,20.247719,0.048932128,0.023834767
6439.0,19.612516,0.051492196,0.026074277
6440.0,19.654882,0.050154824,0.02526627
6441.0,20.267546,0.050121613,0.025023
6442.0,19.872725,0.053727794,0.026509274
6443.0,20.19377,0.052273665,0.025685634
6444.0,20.546913,0.053805165,0.026836121
6445.0,19.894567,0.053319376,0.025875924
6446.0,19.898556,0.052641213,0.025784634
6447.0,19.790836,0.05127197,0.025604436
6448.0,19.834242,0.05107312,0.024773505
6449.0,19.76728,0.05257607,0.025077924
6450.0,19.869211,0.0520025,0.02384297
6451.0,19.779799,0.050896544,0.02551544
6452.0,19.40542,0.05257064,0.025899665
6453.0,20.178818,0.05416577,0.02731957
6454.0,19.959776,0.05345108,0.02685183
6455.0,19.927628,0.052314304,0.026059175
6456.0,19.823683,0.05295058,0.026199354
6457.0,19.358095,0.04928476,0.023681788
6458.0,19.322983,0.050561167,0.025544701
6459.0,19.313265,0.05186715,0.025640028
6460.0,19.5986,0.048573017,0.02338645
6461.0,19.737345,0.05008454,0.024672953
6462.0,19.185774,0.04914507,0.023912076
6463.0,19.625408,0.049209245,0.024071528
6464.0,19.82103,0.049878955,0.025074014
6465.0,19.728426,0.049850788,0.024864499
6466.0,19.043034,0.04922941,0.023892255
6467.0,19.282043,0.0516611,0.02573241
6468.0,19.69994,0.050236408,0.025308888
6469.0,19.820675,0.05035719,0.025390344
6470.0,19.326174,0.052780736,0.025424294
6471.0,19.71037,0.051498655,0.026790995
6472.0,19.444122,0.051201086,0.025228431
6473.0,19.918936,0.052334737,0.026235249
6474.0,19.828747,0.052278697,0.026038272
6475.0,20.398907,0.053065605,0.02731034
6476.0,19.89151,0.05347731,0.027440121
6477.0,19.51521,0.055386048,0.026928503
6478.0,19.874096,0.05612453,0.02823796
6479.0,19.079334,0.05532141,0.026989516
6480.0,19.142437,0.054165293,0.027508039
6481.0,18.762413,0.052128512,0.024426624
6482.0,19.037758,0.052365314,0.025547285
6483.0,19.711733,0.049895912,0.024151314
6484.0,19.107891,0.05057178,0.0252257
6485.0,19.276934,0.050834183,0.02430041
6486.0,19.376696,0.051549546,0.023631837
6487.0,18.807287,0.051718842,0.024818847
6488.0,19.75146,0.053430263,0.026691513
6489.0,18.815226,0.05585463,0.026021566
6490.0,19.01675,0.056188095,0.027015314
6491.0,19.466158,0.055201974,0.026845647
6492.0,19.015003,0.055972137,0.026779944
6493.0,18.719772,0.05627429,0.02582543
6494.0,19.238937,0.054872345,0.02627061
6495.0,19.39775,0.05353974,0.025623767
6496.0,19.181026,0.053018533,0.02534837
6497.0,19.36801,0.051141355,0.025136197
6498.0,19.579771,0.053177215,0.025109274
6499.0,18.754583,0.05277634,0.02423131
6500.0,17.107405,0.050943617,0.021242522
6501.0,18.917942,0.05292769,0.025487395
6502.0,19.393448,0.050213177,0.023954842
6503.0,19.332228,0.051218435,0.024924861
6504.0,19.30236,0.051304895,0.024943875
6505.0,18.822277,0.049976256,0.024363214
6506.0,19.433592,0.050519183,0.025350828
6507.0,18.390656,0.050014433,0.022541018
6508.0,19.173294,0.050468292,0.024865305
6509.0,19.365494,0.050703365,0.023494164
6510.0,18.775444,0.052660625,0.025749967
6511.0,18.804497,0.04909847,0.023133412
6512.0,19.471104,0.052411865,0.02650931
6513.0,18.954893,0.053118642,0.026077477
6514.0,19.608444,0.05106504,0.024811942
6515.0,19.149422,0.05241198,0.026404079
6516.0,19.321957,0.052101433,0.025023315
6517.0,19.389603,0.05072247,0.023903957
6518.0,19.211876,0.050332215,0.02480893
6519.0,18.959158,0.049263604,0.024008019
6520.0,19.229733,0.0520478,0.02619536
6521.0,19.092104,0.051709015,0.025455765
6522.0,19.935114,0.052230317,0.02615111
6523.0,19.406887,0.052181985,0.02544038
6524.0,19.882265,0.04762143,0.024698054
6525.0,20.226618,0.051806893,0.027388455
6526.0,19.657866,0.051605836,0.024716109
6527.0,19.840647,0.047885593,0.02377694
6528.0,19.309702,0.049457487,0.024042163
6529.0,19.863407,0.048197422,0.024717372
6530.0,19.16867,0.047267057,0.022301486
6531.0,19.853558,0.04885334,0.024741136
6532.0,19.563198,0.04967059,0.025343006
6533.0,19.062128,0.048870616,0.024454422
6534.0,19.383335,0.05008667,0.024874244
6535.0,19.725197,0.05275441,0.025126727
6536.0,20.026276,0.052340616,0.025675893
6537.0,19.422354,0.052767493,0.025455792
6538.0,19.24254,0.053806197,0.026055783
6539.0,19.685461,0.052438445,0.02484516
6540.0,19.87804,0.053117227,0.027256956
6541.0,19.203236,0.053826008,0.025353998
6542.0,19.427654,0.052453045,0.026022533
6543.0,19.27635,0.051556762,0.02629757
6544.0,19.62151,0.05171883,0.02632347
6545.0,19.652704,0.051565077,0.026148109
6546.0,19.863245,0.04907942,0.025122423
6547.0,19.953331,0.051908508,0.026727527
6548.0,19.57222,0.050227936,0.025169827
6549.0,19.84687,0.04795405,0.023315707
6550.0,20.267855,0.049264036,0.02572256
6551.0,19.624926,0.046558812,0.02360727
6552.0,19.56849,0.047137775,0.023170976
6553.0,19.96649,0.045913395,0.023064783
6554.0,19.693043,0.04461813,0.021870079
6555.0,19.82301,0.045931082,0.023156038
6556.0,20.460848,0.046021666,0.025381349
6557.0,20.089844,0.045344014,0.02362532
6558.0,19.942623,0.043347288,0.022489013
6559.0,20.210133,0.045606546,0.023818137
6560.0,19.807076,0.04407072,0.023205003
6561.0,19.581333,0.044981617,0.022781538
6562.0,20.162884,0.04729729,0.025299974
6563.0,19.740282,0.046796143,0.024435682
6564.0,19.829912,0.046614666,0.023671903
6565.0,20.124632,0.04740465,0.024875972
6566.0,19.787338,0.044907235,0.022825975
6567.0,19.63227,0.046400767,0.024075698
6568.0,19.762184,0.04533489,0.02271384
6569.0,19.99255,0.043758523,0.02330052
6570.0,19.973843,0.044752818,0.023623418
6571.0,19.842987,0.044013683,0.02357717
6572.0,20.130611,0.046492163,0.024471598
6573.0,20.355516,0.04770488,0.025991164
6574.0,20.063293,0.04654344,0.024198696
6575.0,20.300678,0.046525653,0.025029663
6576.0,20.004005,0.04675606,0.023513649
6577.0,20.559565,0.04878466,0.025945533
6578.0,19.591805,0.047843337,0.023542589
6579.0,20.370188,0.04791692,0.024793586
6580.0,20.507812,0.052382812,0.02804055
6581.0,20.036688,0.052099828,0.027789334
6582.0,20.096474,0.053049926,0.027343655
6583.0,20.185793,0.05299887,0.028551118
6584.0,20.500076,0.05151565,0.027165296
6585.0,20.330147,0.05183966,0.027461736
6586.0,20.188585,0.050819192,0.026161607
6587.0,20.873608,0.049337316,0.026558325
6588.0,20.625887,0.0484889,0.026358271
6589.0,20.180561,0.048789788,0.025462188
6590.0,20.298035,0.048191473,0.025451625
6591.0,20.357483,0.048530426,0.026220972
6592.0,20.899622,0.047960244,0.026190054
6593.0,20.772116,0.046555042,0.025386723
6594.0,21.097382,0.047792174,0.026407616
6595.0,20.337261,0.04793039,0.025434088
6596.0,20.788528,0.047683254,0.025972132
6597.0,20.24733,0.04906365,0.026476951
6598.0,21.505136,0.04813558,0.026708586
6599.0,21.147926,0.048170313,0.025515053
6600.0,20.808702,0.0473939,0.025967494
6601.0,21.086403,0.048727844,0.027074024
6602.0,21.255917,0.04810509,0.026308108
6603.0,21.544891,0.04624178,0.025691403
6604.0,21.65166,0.04660793,0.025966732
6605.0,21.796734,0.045675684,0.025515575
6606.0,21.501484,0.045832437,0.02665771
6607.0,21.700588,0.045978982,0.026305065
6608.0,21.63112,0.044426825,0.02577693
6609.0,21.808666,0.046191666,0.026113173
6610.0,21.930342,0.046461932,0.026861735
6611.0,21.638773,0.0468016,0.0269319
6612.0,21.468641,0.044713378,0.024918132
6613.0,21.270035,0.044771902,0.025897747
6614.0,21.57135,0.045466207,0.025420506
6615.0,21.092548,0.04537289,0.02463017
6616.0,21.267002,0.043031927,0.02403245
6617.0,22.023195,0.042812306,0.024447914
6618.0,21.509243,0.04292988,0.025446981
6619.0,22.06346,0.0433457,0.024982234
6620.0,21.95351,0.044068344,0.024248483
6621.0,21.751503,0.044431265,0.025218787
6622.0,22.318954,0.045018654,0.026664678
6623.0,21.778847,0.043971304,0.023855546
6624.0,21.793337,0.043730967,0.024555134
6625.0,21.67702,0.04388335,0.025641661
6626.0,22.518488,0.043242812,0.02570327
6627.0,22.07614,0.043157104,0.024744658
6628.0,21.896784,0.043138843,0.024507485
6629.0,21.87807,0.045876138,0.026177464
6630.0,21.982885,0.044868328,0.026183758
6631.0,22.081255,0.042875588,0.024783492
6632.0,21.965275,0.04545992,0.025387224
6633.0,22.184278,0.045749187,0.027220795
6634.0,22.471735,0.044332203,0.02695496
6635.0,22.845066,0.04609851,0.027809631
6636.0,22.290535,0.045534804,0.027684761
6637.0,22.3767,0.04567387,0.026352335
6638.0,22.090836,0.045492776,0.026810074
6639.0,22.964676,0.046563625,0.02744701
6640.0,22.91477,0.04763872,0.028366964
6641.0,22.377598,0.04702655,0.027975539
6642.0,22.835564,0.048015412,0.028210912
6643.0,22.97409,0.046496134,0.027562745
6644.0,22.946417,0.04611173,0.02742096
6645.0,23.628975,0.045783132,0.027785074
6646.0,23.24526,0.04436554,0.026936954
6647.0,23.019255,0.0451669,0.027385077
6648.0,23.237759,0.04369265,0.026551262
6649.0,23.919228,0.044859435,0.029453475
6650.0,23.263954,0.044798438,0.02763917
6651.0,23.719736,0.045741517,0.028611107
6652.0,24.31651,0.0457555,0.028541613
6653.0,24.16471,0.045441326,0.028042588
6654.0,25.34571,0.048736658,0.0328965
6655.0,25.314476,0.04687195,0.030601718
6656.0,24.985298,0.048557922,0.032243747
6657.0,25.056007,0.048383966,0.03243738
6658.0,25.880924,0.04841334,0.033619244
6659.0,25.426968,0.046679057,0.030937372
6660.0,24.663828,0.04729033,0.030170163
6661.0,25.32428,0.047630493,0.031915605
6662.0,25.861578,0.04565296,0.031019982
6663.0,26.813835,0.04557679,0.03196764
6664.0,26.622856,0.043542553,0.031788506
6665.0,26.906507,0.042010102,0.030764492
6666.0,26.55065,0.04496923,0.032094616
6667.0,26.56982,0.04684027,0.033345982
6668.0,27.07902,0.04782082,0.03407844
6669.0,26.81374,0.048291646,0.0361814
6670.0,27.261175,0.05005901,0.03762587
6671.0,26.910948,0.04622011,0.033467636
6672.0,26.277729,0.044634327,0.030264199
6673.0,26.929571,0.04176455,0.02993444
6674.0,26.654972,0.04025929,0.028887114
6675.0,27.346325,0.043222412,0.031763304
6676.0,27.101105,0.042879302,0.030880755
6677.0,27.092548,0.04357983,0.031696275
6678.0,27.658756,0.04401433,0.033429805
6679.0,27.47821,0.045776628,0.034238644
6680.0,27.537891,0.04601825,0.034625374
6681.0,27.033916,0.044267517,0.031481225
6682.0,28.263031,0.045410935,0.03312613
6683.0,27.867275,0.045226645,0.032888614
6684.0,27.890547,0.04487001,0.033790916
6685.0,28.18312,0.04484088,0.033369124
6686.0,28.30646,0.0462364,0.034972243
6687.0,29.22985,0.045539677,0.034797456
6688.0,29.99577,0.04268769,0.033772044
6689.0,30.693281,0.043308232,0.035940297
6690.0,30.67332,0.044397764,0.037603766
6691.0,30.703285,0.04253569,0.03586651
6692.0,31.685236,0.041942753,0.035972394
6693.0,30.897118,0.043666605,0.03792489
6694.0,30.558453,0.04475232,0.039213736
6695.0,30.744144,0.043977626,0.03663594
6696.0,30.951658,0.04558374,0.038606465
6697.0,30.475626,0.04529071,0.036183793
6698.0,29.460476,0.044055343,0.035528615
6699.0,29.387115,0.04220913,0.032917496
6700.0,29.77525,0.040795527,0.03391967
6701.0,30.772518,0.04308255,0.03728147
6702.0,30.50156,0.04342249,0.037681043
6703.0,30.722086,0.044549633,0.037528016
6704.0,30.323341,0.045521617,0.036399055
6705.0,30.150967,0.046091333,0.03758082
6706.0,30.460968,0.04698385,0.04027985
6707.0,30.494545,0.045584936,0.038415097
6708.0,29.366451,0.04599518,0.03679626
6709.0,30.092484,0.045863178,0.037102237
6710.0,29.469683,0.044347286,0.035168413
6711.0,29.153482,0.04412948,0.0349951
6712.0,30.259413,0.0433603,0.035059407
6713.0,30.00467,0.04298401,0.035926085
6714.0,30.109945,0.04315981,0.035420626
6715.0,30.91223,0.041011646,0.03422957
6716.0,30.1698,0.042039126,0.034904778
6717.0,31.162685,0.041441053,0.034693122
6718.0,31.250904,0.041811503,0.035090458
6719.0,31.103964,0.04134525,0.03498217
6720.0,31.514578,0.040945746,0.035323426
6721.0,31.373526,0.042387594,0.03683248
6722.0,31.519154,0.04280207,0.037838515
6723.0,31.08932,0.0420696,0.035293993
6724.0,31.500328,0.042417143,0.03616705
6725.0,32.438976,0.042390946,0.037868187
6726.0,33.158745,0.040812913,0.03632666
6727.0,33.028996,0.042782024,0.03913351
6728.0,33.237507,0.0415436,0.037179437
6729.0,33.774376,0.043034393,0.03955855
6730.0,33.49954,0.045055296,0.041892197
6731.0,32.71439,0.044702113,0.04018032
6732.0,33.60307,0.043969817,0.040644202
6733.0,33.090996,0.045206465,0.042355616
6734.0,32.21351,0.045974653,0.04151675
6735.0,31.18843,0.045164805,0.039033566
6736.0,30.386406,0.04463676,0.037221286
6737.0,29.994814,0.04554277,0.03754816
6738.0,30.805658,0.042612683,0.03581766
6739.0,29.960667,0.04140553,0.033893544
6740.0,29.975576,0.0419289,0.0338528
6741.0,30.280846,0.04019341,0.032778915
6742.0,31.689348,0.040438317,0.034386706
6743.0,30.897823,0.041528996,0.03538171
6744.0,30.971138,0.0429502,0.037762005
6745.0,31.169502,0.042195305,0.036046177
6746.0,30.816904,0.042241227,0.03711831
6747.0,31.2097,0.041567683,0.03547558
6748.0,30.170807,0.040662277,0.034320123
6749.0,30.784336,0.039808717,0.034047194
6750.0,30.109806,0.038990315,0.032633875
6751.0,30.722124,0.038671497,0.032545008
6752.0,31.109755,0.03806781,0.033914953
6753.0,29.144512,0.037210576,0.03035026
6754.0,29.839859,0.03946477,0.03359287
6755.0,29.420889,0.038765717,0.030957686
6756.0,29.31782,0.038080472,0.030568182
6757.0,29.357103,0.03823294,0.030665116
6758.0,27.849571,0.03723971,0.02860809
6759.0,28.181507,0.03787553,0.02956581
6760.0,28.133417,0.038860235,0.03088054
6761.0,27.623745,0.040900715,0.031103484
6762.0,28.384214,0.043556772,0.03497995
6763.0,27.47652,0.041642208,0.031401012
6764.0,27.899736,0.04278424,0.03223955
6765.0,29.168694,0.0431475,0.0341163
6766.0,29.162197,0.04137492,0.032826487
6767.0,28.869457,0.041494228,0.033555154
6768.0,29.18821,0.04204597,0.03289066
6769.0,29.374393,0.040905304,0.032749224
6770.0,29.407806,0.043193594,0.03485246
6771.0,29.600399,0.04293083,0.03557989
6772.0,29.24805,0.04094094,0.033783834
6773.0,30.502832,0.041534763,0.034535427
6774.0,30.876602,0.041293964,0.03630843
6775.0,30.66383,0.0422407,0.03701779
6776.0,30.669592,0.041980274,0.035964336
6777.0,31.769522,0.041725643,0.03760955
6778.0,30.769318,0.041165918,0.035767626
6779.0,31.385277,0.041094523,0.03602202
6780.0,30.93452,0.041403726,0.03621671
6781.0,31.136555,0.041393723,0.035630208
6782.0,31.428982,0.040727414,0.0366484
6783.0,31.104988,0.042983305,0.038430557
6784.0,30.596699,0.042438205,0.03630781
6785.0,30.305376,0.04189216,0.03558176
6786.0,30.754742,0.04107326,0.03444785
6787.0,29.711716,0.041961744,0.0352768
6788.0,30.146227,0.040486105,0.033625193
6789.0,29.425678,0.039925456,0.03469479
6790.0,28.820547,0.039821353,0.032156788
6791.0,28.1129,0.039683722,0.031730313
6792.0,29.877274,0.03934821,0.031939507
6793.0,30.22445,0.0396984,0.034742296
6794.0,30.013903,0.03932756,0.033846408
6795.0,29.480202,0.041558668,0.034251295
6796.0,28.877054,0.041677147,0.03494658
6797.0,28.211372,0.041351497,0.032395482
6798.0,28.63281,0.040059313,0.032311432
6799.0,28.49916,0.042612817,0.03447976
6800.0,27.470564,0.04314036,0.03127876
6801.0,27.111135,0.04034441,0.031048886
6802.0,26.457623,0.041826084,0.03100365
6803.0,26.08446,0.042147357,0.030604944
6804.0,26.300367,0.041809287,0.030785972
6805.0,25.808197,0.04338098,0.032685094
6806.0,24.889042,0.042033948,0.030191252
6807.0,25.545216,0.040831283,0.02942381
6808.0,25.764458,0.04288234,0.030790024
6809.0,25.59557,0.04154631,0.029874885
6810.0,25.354403,0.04127379,0.029135562
6811.0,24.750092,0.043047853,0.029190846
6812.0,24.662485,0.042292558,0.029131686
6813.0,24.531986,0.04157867,0.02956848
6814.0,24.53627,0.0418677,0.02849295
6815.0,24.073635,0.040940613,0.028567778
6816.0,23.889471,0.037382584,0.025104238
6817.0,23.729738,0.038568024,0.026506742
6818.0,23.602776,0.038565222,0.025387254
6819.0,23.616333,0.036062974,0.024083858
6820.0,24.161144,0.037691087,0.025127657
6821.0,23.05849,0.038793143,0.025814129
6822.0,23.389668,0.035893265,0.022749424
6823.0,22.18769,0.036647767,0.024463028
6824.0,22.326157,0.035893716,0.022935115
6825.0,21.736332,0.035471115,0.02130041
6826.0,22.516903,0.035046086,0.022492327
6827.0,22.403286,0.035588387,0.022553397
6828.0,22.02194,0.03612332,0.022167241
6829.0,21.660408,0.037701104,0.022685515
6830.0,21.52893,0.03759128,0.021903986
6831.0,21.563509,0.03667251,0.022458345
6832.0,21.685432,0.03792104,0.023413561
6833.0,20.77486,0.038060296,0.02216739
6834.0,21.27946,0.037576005,0.023431787
6835.0,21.243309,0.03752398,0.023388619
6836.0,20.802046,0.035999175,0.021840718
6837.0,21.094225,0.03562426,0.021014277
6838.0,21.219376,0.03730146,0.02208347
6839.0,20.65423,0.03733447,0.021982376
6840.0,21.072292,0.038740423,0.02343914
6841.0,20.439323,0.038007572,0.022049159
6842.0,20.211298,0.038279414,0.022334011
6843.0,20.415022,0.038325015,0.022264773
6844.0,20.3562,0.03899665,0.023103327
6845.0,20.564692,0.03665448,0.021096881
6846.0,20.092548,0.036215913,0.021012332
6847.0,20.517586,0.035231628,0.020435747
6848.0,19.85002,0.034418195,0.02006131
6849.0,19.563833,0.0351255,0.019741891
6850.0,19.4606,0.035381112,0.019609906
6851.0,20.101742,0.034461156,0.0210194
6852.0,19.71487,0.035756964,0.020112017
6853.0,18.94922,0.033693332,0.017818531
6854.0,19.57767,0.034154452,0.018782012
6855.0,19.84919,0.035610553,0.019984804
6856.0,19.436382,0.03611431,0.020392086
6857.0,19.19059,0.035627946,0.019298749
6858.0,19.422544,0.03605014,0.020495294
6859.0,19.198841,0.0360628,0.01932359
6860.0,19.453148,0.038124945,0.021326492
6861.0,19.841839,0.036665022,0.021096323
6862.0,19.447596,0.039711934,0.022617955
6863.0,19.475899,0.04008721,0.022053812
6864.0,19.51212,0.039613348,0.021525376
6865.0,20.491398,0.04198113,0.024861868
6866.0,20.491598,0.040514715,0.023685602
6867.0,20.611822,0.039335426,0.02349432
6868.0,21.168715,0.038780928,0.023575136
6869.0,21.137932,0.038006384,0.024223719
6870.0,22.043928,0.035486434,0.022187086
6871.0,22.445215,0.036366258,0.02329138
6872.0,22.254608,0.036530353,0.024049705
6873.0,21.83429,0.03436279,0.021545138
6874.0,21.327072,0.032985777,0.020409504
6875.0,21.48076,0.034052145,0.02081198
6876.0,20.727306,0.036105502,0.0217016
6877.0,20.993744,0.036352143,0.021867244
6878.0,20.048882,0.03734341,0.022659391
6879.0,19.856682,0.0368848,0.021431744
6880.0,18.927917,0.03658203,0.020627862
6881.0,18.817566,0.03545778,0.019456096
6882.0,18.746641,0.0345547,0.01845796
6883.0,18.318989,0.032111317,0.016568596
6884.0,17.80898,0.034133114,0.01721526
6885.0,17.86206,0.032493234,0.017316736
6886.0,17.971987,0.033135436,0.017418455
6887.0,17.235992,0.034427173,0.017194036
6888.0,17.49228,0.034296528,0.017981693
6889.0,16.97546,0.03577291,0.01782498
6890.0,16.797892,0.0349624,0.017798478
6891.0,16.745392,0.034747496,0.016958864
6892.0,16.246214,0.034565393,0.015953394
6893.0,16.09995,0.035276316,0.017304026
6894.0,16.09658,0.036221214,0.016919322
6895.0,15.7171135,0.0343433,0.015274963
6896.0,15.787443,0.034770664,0.01634391
6897.0,15.57361,0.03648388,0.01682693
6898.0,15.328894,0.03390975,0.01609357
6899.0,15.139772,0.034053758,0.015541747
6900.0,15.022416,0.034799367,0.015533593
6901.0,14.621861,0.03264146,0.014062782
6902.0,14.691028,0.034041785,0.014725998
6903.0,14.384746,0.033963576,0.014425568
6904.0,14.515115,0.033154298,0.014352282
6905.0,14.311869,0.03447247,0.014505852
6906.0,14.42889,0.034879006,0.014701549
6907.0,14.255059,0.033599038,0.014353966
6908.0,13.838242,0.034727525,0.014708149
6909.0,14.003944,0.032847527,0.013797368
6910.0,13.322479,0.03260274,0.012524256
6911.0,13.473405,0.033308256,0.012981503
6912.0,13.23076,0.033089302,0.012552312
6913.0,13.545216,0.032753035,0.012903277
6914.0,12.920717,0.03298424,0.011955869
6915.0,12.85564,0.032074448,0.012158121
6916.0,12.793987,0.03322264,0.012965868
6917.0,12.575732,0.033856485,0.0122011695
6918.0,12.396784,0.034328856,0.01276446
6919.0,12.388946,0.03438654,0.012429895
6920.0,12.3697605,0.034758337,0.01272651
6921.0,11.689772,0.03603161,0.012953021
6922.0,12.271278,0.03547624,0.013195982
6923.0,11.846045,0.03626877,0.012881196
6924.0,11.43418,0.036245544,0.012665213
6925.0,11.397179,0.035855807,0.012241169
6926.0,11.8389435,0.035588056,0.012721699
6927.0,11.304688,0.035259843,0.011614765
6928.0,11.012941,0.034801234,0.011345731
6929.0,10.913363,0.03612917,0.011735277
6930.0,11.089199,0.035956427,0.0117616365
6931.0,10.691369,0.035059188,0.011423193
6932.0,10.770302,0.035770986,0.0115320515
6933.0,10.27989,0.03419301,0.0106129255
6934.0,9.998364,0.033719696,0.009921975
6935.0,10.27642,0.03404241,0.010171305
6936.0,10.146961,0.033361975,0.010462178
6937.0,9.731855,0.03173765,0.009460742
6938.0,9.953583,0.031289905,0.009308221
6939.0,9.769264,0.031832274,0.009262408
6940.0,9.261503,0.032957148,0.009393858
6941.0,9.420031,0.03178453,0.009202203
6942.0,9.325157,0.032475267,0.008968769
6943.0,9.240221,0.031854477,0.008729013
6944.0,9.122698,0.03224516,0.008911293
6945.0,8.838486,0.0327001,0.008905434
6946.0,9.061993,0.03203827,0.009281766
6947.0,8.663571,0.032930978,0.008552832
6948.0,8.807345,0.034138393,0.0088612875
6949.0,8.712804,0.03412925,0.008769996
6950.0,8.565978,0.03336461,0.008807705
6951.0,8.515886,0.034553148,0.009069019
6952.0,8.431789,0.035735015,0.008939726
6953.0,8.190321,0.03592934,0.009091629
6954.0,8.245945,0.036592726,0.00867925
6955.0,7.979332,0.035728574,0.008586375
6956.0,7.9044495,0.034776963,0.008104322
6957.0,7.8813043,0.03438488,0.008134431
6958.0,7.5603037,0.033687267,0.0073716408
6959.0,7.3967347,0.03371294,0.0073318523
6960.0,7.471673,0.032538854,0.0069492385
6961.0,7.4395366,0.03243977,0.007106573
6962.0,7.4924755,0.03150355,0.007322284
6963.0,7.101817,0.031263396,0.0068320846
6964.0,7.139369,0.029910458,0.0063243215
6965.0,6.904358,0.030230321,0.006261971
6966.0,6.7760534,0.03139255,0.0063883183
6967.0,6.9644513,0.03243831,0.006993688
6968.0,6.8983583,0.031674474,0.0065430286
6969.0,6.766696,0.030995602,0.006233662
6970.0,6.64537,0.03139037,0.00638662
6971.0,6.7558446,0.032262437,0.0066558127
6972.0,6.7658205,0.030215124,0.0064184107
6973.0,6.492404,0.0323186,0.00617927
6974.0,6.531773,0.03168695,0.006228639
6975.0,6.539954,0.032567114,0.006460577
6976.0,6.4943056,0.03391687,0.006836012
6977.0,6.3488836,0.03414494,0.006372804
6978.0,6.264718,0.034443654,0.006526296
6979.0,6.2814198,0.033166107,0.006330079
6980.0,6.092738,0.033450194,0.006120038
6981.0,6.166704,0.032618277,0.005993366
6982.0,6.110154,0.03189874,0.0057336567
6983.0,5.94103,0.032541286,0.005762821
6984.0,6.1946635,0.031695217,0.0059074126
6985.0,6.025893,0.03139046,0.0057711834
6986.0,5.9723215,0.03213383,0.006043817
6987.0,6.1044254,0.03056039,0.0057988516
6988.0,6.0835466,0.030180436,0.005626922
6989.0,6.03772,0.031014817,0.0057700253
6990.0,6.0119963,0.030620987,0.0055207247
6991.0,6.0598254,0.02941853,0.0053961817
6992.0,6.1596184,0.030823024,0.0058097113
6993.0,6.106404,0.031096026,0.0059027323
6994.0,6.098217,0.031136855,0.005784756
6995.0,5.8290567,0.03147625,0.0055181426
6996.0,5.912021,0.03214536,0.0058192224
6997.0,5.688962,0.032229353,0.005751662
6998.0,5.8021584,0.030994613,0.0055289255
6999.0,5.8341365,0.03095618,0.0055423747
7000.0,5.5523953,0.029676747,0.005207263
7001.0,5.7992215,0.029771073,0.0054602204
7002.0,5.826134,0.028052798,0.005171847
7003.0,5.717105,0.028309714,0.005093522
7004.0,5.8877435,0.030730076,0.005605655
7005.0,5.8610563,0.030992212,0.0056068967
7006.0,6.037736,0.03066565,0.005801704
7007.0,6.159196,0.030106831,0.005535819
7008.0,6.210665,0.030992864,0.0059376946
7009.0,6.098383,0.03165345,0.0060277698
7010.0,6.047677,0.030354146,0.0056561595
7011.0,6.077976,0.031861704,0.0059586535
7012.0,6.1335225,0.032258872,0.0059797657
7013.0,6.1264744,0.0345503,0.0065402924
7014.0,5.96976,0.03468985,0.0064689103
7015.0,6.028472,0.034202605,0.0064822715
7016.0,6.182863,0.035078514,0.0067087873
7017.0,6.0199914,0.03555254,0.0064679678
7018.0,6.12761,0.035498735,0.0063891695
7019.0,6.1773167,0.034781843,0.006520424
7020.0,6.0939136,0.034788337,0.006275898
7021.0,6.3484974,0.034615353,0.006998521
7022.0,6.3010616,0.03258584,0.006670414
7023.0,6.3856125,0.032875203,0.0066269464
7024.0,6.528766,0.030924998,0.0065324316
7025.0,6.5488863,0.032867108,0.0066899424
7026.0,6.6763096,0.033568345,0.0069146915
7027.0,6.529351,0.032770313,0.0065773386
7028.0,6.7508345,0.033884943,0.00710994
7029.0,6.7529144,0.03348021,0.0071704043
7030.0,6.694559,0.03348113,0.0069640717
7031.0,6.868615,0.03231188,0.006984005
7032.0,6.813583,0.033644103,0.0072383876
7033.0,7.0259476,0.032930892,0.00699693
7034.0,6.861732,0.032065757,0.007043666
7035.0,6.90858,0.033874467,0.007288289
7036.0,7.1674566,0.033958722,0.007593486
7037.0,7.0972342,0.034213588,0.0077841156
7038.0,7.451391,0.033257093,0.0080478145
7039.0,7.3986273,0.03444166,0.008042545
7040.0,7.4687805,0.035195597,0.00830249
7041.0,7.464235,0.034450725,0.007845509
7042.0,7.6029663,0.033975355,0.008127513
7043.0,7.8642874,0.03535918,0.008800477
7044.0,7.8437114,0.034490462,0.008504676
7045.0,8.0435505,0.03253424,0.008305168
7046.0,8.249416,0.031884965,0.008311445
7047.0,8.097655,0.031371657,0.00787228
7048.0,8.442096,0.03128213,0.008475574
7049.0,8.536846,0.0313212,0.0085397335
7050.0,8.578822,0.03287931,0.008771466
7051.0,8.718983,0.033689808,0.009156318
7052.0,8.715055,0.035854537,0.009918626
7053.0,8.636494,0.036693227,0.009850417
7054.0,9.054901,0.03508521,0.01004646
7055.0,8.761447,0.035808966,0.009817601
7056.0,9.133148,0.033653695,0.009679692
7057.0,9.105239,0.033822574,0.009908431
7058.0,9.278299,0.0330658,0.009718369
7059.0,9.498627,0.032525674,0.009993649
7060.0,9.2658825,0.032712467,0.009579464
7061.0,9.682613,0.032533254,0.009594289
7062.0,9.843083,0.03452863,0.010402983
7063.0,9.69848,0.033860993,0.010173998
7064.0,10.032957,0.034038424,0.01062137
7065.0,10.143205,0.035827838,0.011207594
7066.0,9.928768,0.035502043,0.011406615
7067.0,10.205463,0.033970427,0.011098785
7068.0,10.650602,0.034047116,0.011929014
7069.0,10.594761,0.03492541,0.012246884
7070.0,10.94044,0.03304734,0.011564182
7071.0,10.745284,0.03393603,0.011474968
7072.0,10.931595,0.032804724,0.011503989
7073.0,11.306133,0.033138294,0.0121655315
7074.0,11.506979,0.033577103,0.012758274
7075.0,11.305744,0.034396514,0.012457095
7076.0,11.206436,0.03493588,0.012675113
7077.0,11.733347,0.034162946,0.012792643
7078.0,12.184666,0.034398172,0.012986846
7079.0,11.617121,0.033448964,0.012884578
7080.0,12.088666,0.033368144,0.012768855
7081.0,12.12611,0.03259701,0.012881004
7082.0,12.134781,0.031283718,0.011835884
7083.0,12.360509,0.03148002,0.012302993
7084.0,12.608553,0.031108411,0.012622109
7085.0,12.641087,0.030354733,0.01255882
7086.0,12.849176,0.031946044,0.013027549
7087.0,13.270498,0.02967004,0.012674483
7088.0,13.119505,0.030486332,0.0135603305
7089.0,13.293684,0.031366907,0.013792053
7090.0,13.074104,0.0302305,0.012696271
7091.0,13.71209,0.030190155,0.013796866
7092.0,13.632544,0.030838251,0.013478049
7093.0,13.952579,0.030808665,0.014408073
7094.0,14.165225,0.031491674,0.014437627
7095.0,14.079111,0.032402236,0.014851112
7096.0,14.16551,0.03193459,0.014711463
7097.0,14.092792,0.032589514,0.01490594
7098.0,14.501516,0.032639902,0.015035222
7099.0,14.466964,0.032708548,0.01596437
7100.0,14.837361,0.03252167,0.015721826
7101.0,14.95915,0.032823257,0.015571542
7102.0,15.101603,0.0314685,0.0152010685
7103.0,15.422092,0.030928034,0.015153027
7104.0,15.631219,0.029286906,0.015184515
7105.0,15.445698,0.02913823,0.014930235
7106.0,15.826843,0.029432202,0.015453634
7107.0,15.78206,0.030128788,0.014846308
7108.0,15.963982,0.03167091,0.01669081
7109.0,16.413937,0.03244025,0.017608494
7110.0,16.554106,0.0322335,0.016970327
7111.0,16.71891,0.03167764,0.017575199
7112.0,17.255737,0.03190973,0.018063009
7113.0,17.087631,0.03150337,0.018057391
7114.0,17.589108,0.031823862,0.018585838
7115.0,17.455729,0.032346167,0.01811416
7116.0,17.382402,0.03237347,0.018193645
7117.0,18.042637,0.031193532,0.018198615
7118.0,18.386223,0.030950483,0.018055353
7119.0,18.297337,0.032348037,0.020002315
7120.0,18.62811,0.03086203,0.018852064
7121.0,19.323254,0.02938563,0.018279692
7122.0,19.547958,0.031861726,0.020232633
7123.0,20.61389,0.030919975,0.020830585
7124.0,20.29031,0.030506978,0.020481162
7125.0,20.61414,0.031991247,0.02223202
7126.0,20.973888,0.03215883,0.021977628
7127.0,21.439732,0.0315484,0.022540618
7128.0,21.961391,0.031007895,0.021815442
7129.0,21.972961,0.032822814,0.024232667
7130.0,21.463394,0.03268833,0.024051128
7131.0,20.890015,0.031456452,0.021542564
7132.0,20.790804,0.031509522,0.02124068
7133.0,20.109835,0.030994553,0.020418003
7134.0,20.043688,0.03040623,0.0204682
7135.0,20.17988,0.030725732,0.020280285
7136.0,18.896727,0.030433487,0.018380776
7137.0,19.048801,0.03050852,0.018834641
7138.0,19.022953,0.030829716,0.019620504
7139.0,19.485744,0.031107275,0.020069895
7140.0,19.09211,0.031058516,0.019325487
7141.0,18.795195,0.031501174,0.019250114
7142.0,18.962868,0.032391183,0.020003311
7143.0,18.683558,0.03179644,0.019364383
7144.0,19.009949,0.03298983,0.020857453
7145.0,19.410927,0.03366114,0.02187718
7146.0,19.061205,0.03408885,0.021580039
7147.0,18.554832,0.034399692,0.02075976
7148.0,19.308813,0.034745164,0.021960905
7149.0,19.646944,0.033044904,0.022108989
7150.0,19.120716,0.03390454,0.021758385
7151.0,19.193329,0.03395819,0.021661354
7152.0,19.310863,0.03358648,0.021147568
7153.0,19.677044,0.03308296,0.02142205
7154.0,19.650589,0.032339625,0.021497048
7155.0,19.824406,0.03242175,0.021863054
7156.0,19.84447,0.031444453,0.02025782
7157.0,19.828865,0.031915322,0.020946894
7158.0,20.04694,0.030583039,0.021224206
7159.0,19.787659,0.031619612,0.021300556
7160.0,20.558819,0.033743158,0.023514245
7161.0,20.018837,0.032710254,0.021437056
7162.0,20.71162,0.033603664,0.022752628
7163.0,20.541042,0.033134166,0.022393905
7164.0,20.286964,0.031566102,0.02193737
7165.0,20.79411,0.032251973,0.022401443
7166.0,20.99737,0.03051679,0.021248698
7167.0,20.378483,0.030039897,0.02043563
7168.0,21.133268,0.030652033,0.022105046
7169.0,21.109753,0.030068893,0.022111816
7170.0,20.988092,0.029921705,0.021433285
7171.0,21.179699,0.029506985,0.021302612
7172.0,21.459047,0.030304905,0.021138001
7173.0,21.650854,0.03216366,0.02350871
7174.0,21.888771,0.03293246,0.024497539
7175.0,21.361456,0.034582935,0.024795033
7176.0,21.697697,0.03603377,0.02650366
7177.0,21.778173,0.034996185,0.02586282
7178.0,22.678865,0.035543334,0.02611143
7179.0,22.431496,0.03546598,0.025787154
7180.0,23.344707,0.0369985,0.029328432
7181.0,23.233206,0.036590334,0.028101634
7182.0,23.162525,0.036937524,0.029711617
7183.0,22.863163,0.036277525,0.027300462
7184.0,23.489344,0.036068022,0.02780939
7185.0,23.569033,0.03468872,0.026922584
7186.0,24.049307,0.032343574,0.026404282
7187.0,23.601652,0.033135228,0.026390381
7188.0,23.857618,0.03432616,0.027569158
7189.0,24.218365,0.033426017,0.027835988
7190.0,24.692705,0.033561807,0.028871402
7191.0,24.849173,0.033621687,0.0294743
7192.0,25.2225,0.03316774,0.029199688
7193.0,24.681515,0.033256885,0.027366454
7194.0,24.19349,0.03372462,0.027432531
7195.0,25.142494,0.033518627,0.028054012
7196.0,25.408205,0.032618452,0.028177526
7197.0,25.19509,0.03286115,0.028491044
7198.0,25.71212,0.03341126,0.030075492
7199.0,26.354122,0.0333988,0.029617265
7200.0,26.744165,0.031854082,0.029266724
7201.0,27.501886,0.033154722,0.030715372
7202.0,27.987514,0.03366546,0.032330766
7203.0,27.550936,0.032741506,0.031518977
7204.0,28.169788,0.03278681,0.03143388
7205.0,28.702791,0.032663945,0.031307537
7206.0,28.94685,0.034589823,0.034137793
7207.0,29.253971,0.033898972,0.033833966
7208.0,28.901281,0.032555815,0.032463398
7209.0,27.304518,0.032051325,0.029840222
7210.0,28.100836,0.031349942,0.03118569
7211.0,28.634682,0.03275501,0.03217427
7212.0,29.183735,0.032124046,0.031514663
7213.0,28.75123,0.031145653,0.031112261
7214.0,29.863155,0.031660125,0.03276115
7215.0,29.641361,0.031905163,0.032674637
7216.0,29.530434,0.030978337,0.030821478
7217.0,30.337317,0.031343896,0.032388818
7218.0,30.40517,0.030982863,0.03255115
7219.0,30.303947,0.03121264,0.03215048
7220.0,30.043217,0.031742305,0.03334318
7221.0,30.34725,0.032264248,0.033824064
7222.0,29.95773,0.032914475,0.034647565
7223.0,30.759089,0.03284401,0.035895236
7224.0,29.923306,0.033427116,0.033711232
7225.0,29.978024,0.032670423,0.035110828
7226.0,29.95822,0.0313525,0.033939485
7227.0,29.627262,0.03142489,0.03258437
7228.0,28.3127,0.03178649,0.03146947
7229.0,28.646141,0.030853475,0.03215879
7230.0,28.484276,0.028919453,0.029149853
7231.0,28.405043,0.029196244,0.029870514
7232.0,28.542906,0.027745869,0.02760596
7233.0,27.867733,0.027838618,0.027238727
7234.0,28.245285,0.027589247,0.026747178
7235.0,28.399021,0.027929021,0.027786082
7236.0,27.356497,0.029041268,0.027073298
7237.0,26.56248,0.027483365,0.025875757
7238.0,27.803186,0.027862577,0.026148373
7239.0,26.71992,0.028645147,0.02635714
7240.0,26.772554,0.02810234,0.026035016
7241.0,27.340328,0.027453419,0.025938744
7242.0,27.281937,0.029433398,0.028587021
7243.0,28.623968,0.028807592,0.02915053
7244.0,27.932093,0.030402746,0.03093056
7245.0,28.775362,0.029831676,0.031420905
7246.0,28.721054,0.030417183,0.03162846
7247.0,28.29444,0.030664958,0.030060008
7248.0,30.190018,0.029866083,0.032351624
7249.0,29.818571,0.030608548,0.033466753
7250.0,29.34592,0.030797394,0.031737313
7251.0,29.760195,0.030850641,0.032078594
7252.0,29.321194,0.030200709,0.03159194
7253.0,30.324755,0.029160952,0.032699093
7254.0,29.598864,0.030394306,0.031463407
7255.0,29.877018,0.030109635,0.03307825
7256.0,29.919226,0.029894004,0.032103088
7257.0,30.095844,0.030412974,0.03224827
7258.0,30.670155,0.028783804,0.03163409
7259.0,29.17192,0.028635673,0.029881032
7260.0,28.790474,0.02925595,0.03009103
7261.0,28.989948,0.029227426,0.030261757
7262.0,29.477667,0.02931964,0.03087364
7263.0,28.84315,0.031040506,0.031600043
7264.0,29.612797,0.031670548,0.033990495
7265.0,30.229355,0.031850826,0.035826493
7266.0,30.975653,0.03130799,0.034186378
7267.0,32.0215,0.031301342,0.03695301
7268.0,32.476692,0.030716913,0.03648522
7269.0,31.513695,0.030538892,0.036092885
7270.0,32.64505,0.030498005,0.035906054
7271.0,32.7561,0.030733647,0.03667268
7272.0,32.139664,0.03058196,0.0355367
7273.0,31.8814,0.031147359,0.036229208
7274.0,31.853119,0.030755753,0.03625906
7275.0,31.443295,0.02996174,0.035270162
7276.0,30.567192,0.03088005,0.033594936
7277.0,30.068935,0.030289602,0.032176543
7278.0,30.537966,0.02983898,0.033087663
7279.0,30.542664,0.030941263,0.034351286
7280.0,30.411694,0.031002617,0.034038335
7281.0,30.174099,0.029963959,0.031464037
7282.0,29.978456,0.031033712,0.03255933
7283.0,29.758116,0.031474054,0.034433823
7284.0,29.019564,0.032542393,0.034846865
7285.0,29.896019,0.032773487,0.035643768
7286.0,29.227076,0.032550637,0.033807445
7287.0,28.925644,0.03390361,0.035345893
7288.0,29.075335,0.033102456,0.034920912
7289.0,27.979412,0.03319738,0.033373043
7290.0,28.46344,0.03489654,0.035821248
7291.0,28.735786,0.03462045,0.03645211
7292.0,28.290087,0.035200965,0.03620333
7293.0,29.191307,0.035032123,0.038734622
7294.0,28.780582,0.034660973,0.03573623
7295.0,29.34335,0.03303225,0.035418883
7296.0,29.525845,0.031738363,0.03437786
7297.0,29.358356,0.030753484,0.032479454
7298.0,29.613964,0.030258646,0.033996403
7299.0,29.409512,0.028758438,0.031230144
7300.0,28.797468,0.028866386,0.031705722
7301.0,28.327454,0.029578507,0.030648118
7302.0,28.490002,0.028488418,0.028702864
7303.0,29.247927,0.029591262,0.030829871
7304.0,29.5556,0.028710688,0.031119933
7305.0,29.583302,0.028767852,0.031391665
7306.0,29.237633,0.030335022,0.032349393
7307.0,29.765188,0.030002562,0.032202404
7308.0,30.670534,0.032012455,0.037668098
7309.0,29.66084,0.031716894,0.034202658
7310.0,29.561417,0.03132404,0.03375454
7311.0,29.650576,0.031170197,0.033115987
7312.0,28.930992,0.029972536,0.033009205
7313.0,28.333107,0.028684981,0.02961653
7314.0,27.39237,0.029265573,0.029970791
7315.0,26.926546,0.030262988,0.030304553
7316.0,27.005192,0.028889757,0.028442113
7317.0,27.09031,0.029050704,0.02864221
7318.0,27.333874,0.027422745,0.027710207
7319.0,26.04259,0.02823114,0.028498216
7320.0,26.452263,0.027551323,0.028169202
7321.0,26.423813,0.028941821,0.02796215
7322.0,26.509924,0.029757492,0.028458944
7323.0,26.091352,0.030857433,0.029296972
7324.0,26.05391,0.031761695,0.031312026
7325.0,26.262217,0.03340397,0.033070352
7326.0,25.808807,0.033531427,0.03218244
7327.0,25.65888,0.032841027,0.03146795
7328.0,25.085213,0.033725083,0.031970695
7329.0,25.9222,0.032693412,0.032272827
7330.0,26.27997,0.032808498,0.031837977
7331.0,25.866302,0.032429274,0.031747404
7332.0,25.851185,0.031068854,0.0299366
7333.0,25.626936,0.030688146,0.029816305
7334.0,25.731474,0.0304929,0.02969873
7335.0,25.843395,0.028879771,0.027786613
7336.0,25.834908,0.027080886,0.026355239
7337.0,25.848598,0.027362676,0.026629345
7338.0,25.00088,0.026316045,0.024673067
7339.0,24.488102,0.026146306,0.023823561
7340.0,23.769445,0.02614794,0.023812512
7341.0,24.452492,0.026929932,0.02483257
7342.0,25.079933,0.027856162,0.02593594
7343.0,24.119917,0.029650599,0.026855448
7344.0,24.085205,0.029464861,0.026750132
7345.0,24.275328,0.030077916,0.027918188
7346.0,24.221735,0.030414533,0.027460475
7347.0,23.337885,0.030717418,0.027286194
7348.0,23.388092,0.02969734,0.026426189
7349.0,22.93099,0.029370686,0.025288505
7350.0,22.4096,0.030396739,0.025749683
7351.0,23.054354,0.028873809,0.026140004
7352.0,22.603539,0.029298937,0.025648048
7353.0,21.966534,0.030261012,0.025575522
7354.0,22.494673,0.030884363,0.026366506
7355.0,22.715118,0.029850408,0.02630582
7356.0,22.034561,0.02919041,0.024146233
7357.0,22.10843,0.02783854,0.023188427
7358.0,21.934233,0.027787384,0.023017785
7359.0,21.634563,0.027606625,0.022521596
7360.0,22.27031,0.028268244,0.023560617
7361.0,21.7913,0.028382288,0.024166178
7362.0,21.419804,0.028841265,0.024139758
7363.0,21.474941,0.028154625,0.024333382
7364.0,21.531761,0.026768416,0.02312209
7365.0,22.182766,0.027264435,0.023191445
7366.0,21.467325,0.028059987,0.02354614
7367.0,21.214384,0.02878975,0.023863656
7368.0,21.089,0.030375438,0.025262225
7369.0,21.109974,0.031790394,0.025808128
7370.0,21.03814,0.030863114,0.023934571
7371.0,21.147976,0.03130545,0.02601074
7372.0,21.054665,0.03170896,0.025415735
7373.0,21.225597,0.031113047,0.025492389
7374.0,21.399252,0.030711904,0.025372768
7375.0,20.882975,0.030117296,0.024458366
7376.0,21.146156,0.030197553,0.024681669
7377.0,20.96048,0.029644959,0.024054315
7378.0,21.439487,0.030177528,0.025068518
7379.0,20.966364,0.030784022,0.0256464
7380.0,21.185802,0.029973645,0.024716971
7381.0,21.019112,0.030000951,0.024126228
7382.0,20.526718,0.029082397,0.022518268
7383.0,21.27098,0.02999537,0.025294999
7384.0,20.535555,0.029674707,0.023809312
7385.0,20.242115,0.03012005,0.02357454
7386.0,20.856853,0.02874445,0.02395524
7387.0,20.282225,0.028681228,0.022488834
7388.0,20.822283,0.028652424,0.02387763
7389.0,20.78371,0.029015891,0.02476154
7390.0,21.191986,0.030230863,0.02531758
7391.0,20.916447,0.030398963,0.02527635
7392.0,20.737762,0.031846154,0.02667896
7393.0,20.859756,0.032556057,0.02622336
7394.0,21.00416,0.033424452,0.028542072
7395.0,21.053339,0.03263412,0.02733354
7396.0,20.738388,0.032292098,0.027232924
7397.0,20.76804,0.03223574,0.027408306
7398.0,20.311607,0.031363722,0.02516375
7399.0,20.48009,0.03147067,0.025586274
7400.0,20.211456,0.03000411,0.023851972
7401.0,20.089762,0.028642355,0.022399878
7402.0,20.667927,0.028709961,0.023939017
7403.0,19.837189,0.028055489,0.021415018
7404.0,19.769978,0.029686233,0.024084408
7405.0,19.64472,0.02975397,0.023135258
7406.0,20.20344,0.030986218,0.025004832
7407.0,19.993689,0.031740375,0.025496753
7408.0,20.198559,0.031825382,0.025381112
7409.0,19.627144,0.032635067,0.025307594
7410.0,19.47007,0.03209536,0.025008623
7411.0,19.273933,0.031781882,0.024326447
7412.0,19.823713,0.031427994,0.024572993
7413.0,20.072834,0.030976938,0.02484374
7414.0,19.418594,0.030501163,0.024100227
7415.0,19.664473,0.030200286,0.024180766
7416.0,19.754509,0.029135136,0.023376385
7417.0,19.198734,0.028203111,0.021535581
7418.0,19.516836,0.027869657,0.021444486
7419.0,19.485605,0.029268233,0.023091182
7420.0,19.683058,0.030309608,0.024448134
7421.0,19.417772,0.03153886,0.024242772
7422.0,19.036533,0.030078923,0.022299584
7423.0,19.82879,0.031114431,0.02486615
7424.0,19.220207,0.03140509,0.024544412
7425.0,19.746693,0.031021712,0.024714205
7426.0,19.451653,0.029968478,0.02330079
7427.0,19.4437,0.030188207,0.023504857
7428.0,19.36473,0.031219339,0.024374373
7429.0,19.120619,0.03009392,0.02349814
7430.0,19.119635,0.029908014,0.023342902
7431.0,19.108887,0.030067243,0.023621282
7432.0,18.981651,0.02841954,0.022577178
7433.0,18.923885,0.029773254,0.02289674
7434.0,18.967142,0.029591247,0.022784403
7435.0,19.266632,0.028925873,0.021805756
7436.0,19.075792,0.03063949,0.02331129
7437.0,18.88887,0.030238805,0.02318598
7438.0,19.505941,0.028144937,0.022169068
7439.0,18.925634,0.030000178,0.023062116
7440.0,18.923412,0.028743858,0.022307483
7441.0,19.514278,0.02788591,0.022896772
7442.0,19.074043,0.0284461,0.022639569
7443.0,19.449848,0.029081944,0.023427201
7444.0,19.712349,0.030475723,0.024630703
7445.0,19.140253,0.029901396,0.023456862
7446.0,19.053026,0.028705714,0.023109512
7447.0,19.058174,0.028491262,0.022598276
7448.0,19.045286,0.028255977,0.021860521
7449.0,18.982836,0.026623279,0.02053583
7450.0,19.262512,0.0276329,0.022254316
7451.0,19.023098,0.028301777,0.023336088
7452.0,18.727255,0.027518462,0.021656644
7453.0,19.334599,0.02814564,0.02271212
7454.0,19.14782,0.028853027,0.022195945
7455.0,19.148561,0.029690333,0.022999713
7456.0,19.03309,0.030190125,0.024301872
7457.0,18.615675,0.029337531,0.022359064
7458.0,18.631145,0.03041095,0.023585541
7459.0,18.577267,0.029060906,0.021941114
7460.0,18.981533,0.028890366,0.022295956
7461.0,18.979897,0.029499115,0.022379538
7462.0,18.532734,0.029737309,0.023374652
7463.0,18.821121,0.028723912,0.022384796
7464.0,19.155933,0.029949356,0.023419783
7465.0,18.991745,0.029632512,0.023695497
7466.0,18.450891,0.02899693,0.022402072
7467.0,18.42637,0.029346202,0.022794057
7468.0,18.935148,0.028627655,0.022681575
7469.0,19.070549,0.029544458,0.023543552
7470.0,18.515226,0.029531304,0.022630308
7471.0,19.016268,0.02988156,0.023992531
7472.0,18.634611,0.030396787,0.023958154
7473.0,19.13386,0.030411204,0.024345914
7474.0,19.04496,0.03052581,0.02403051
7475.0,19.597242,0.031801645,0.026359381
7476.0,19.170246,0.031486448,0.025612775
7477.0,18.741032,0.03215653,0.0243519
7478.0,19.183168,0.031962875,0.025897881
7479.0,18.373568,0.032110408,0.025367025
7480.0,18.424923,0.029786147,0.023743527
7481.0,18.11913,0.028645324,0.021793751
7482.0,18.357399,0.02868369,0.022008928
7483.0,18.902342,0.027572393,0.022800691
7484.0,18.503845,0.026578369,0.020967795
7485.0,18.496887,0.028233305,0.02235721
7486.0,18.76161,0.028398277,0.022188859
7487.0,18.082932,0.029538322,0.022272099
7488.0,18.946674,0.03058755,0.025474774
7489.0,18.084137,0.030998906,0.023206633
7490.0,18.225777,0.029704848,0.022876678
7491.0,18.73283,0.02952479,0.023816144
7492.0,18.360569,0.029651977,0.022771006
7493.0,17.910353,0.029133793,0.021674907
7494.0,18.62606,0.028647883,0.023122188
7495.0,18.513552,0.029734155,0.023863891
7496.0,18.503933,0.028320689,0.022428367
7497.0,18.60693,0.02874058,0.023097666
7498.0,18.848465,0.028601587,0.023300447
7499.0,18.065426,0.028314544,0.02217567
7500.0,16.073303,0.030788777,0.021395102
7501.0,18.113922,0.03020751,0.024111157
7502.0,18.769102,0.03066564,0.02474814
7503.0,18.617939,0.030491538,0.025034659
7504.0,18.536806,0.029480692,0.023914997
7505.0,18.315948,0.0307412,0.024566678
7506.0,18.692905,0.030599019,0.024526201
7507.0,17.793499,0.028767237,0.02128567
7508.0,18.420353,0.030381957,0.024037864
7509.0,18.695412,0.029137243,0.023748558
7510.0,18.15695,0.029405888,0.023616571
7511.0,18.078478,0.02796932,0.021262398
7512.0,18.86021,0.030234976,0.02494897
7513.0,18.129637,0.028651122,0.022445723
7514.0,18.843906,0.027664497,0.02315828
7515.0,18.441364,0.029470954,0.02351635
7516.0,18.59372,0.029193003,0.02274288
7517.0,18.797401,0.02887929,0.023614967
7518.0,18.412785,0.02910939,0.022892632
7519.0,18.191957,0.02958817,0.023144783
7520.0,18.46586,0.031011324,0.025272924
7521.0,18.383205,0.030379707,0.02469877
7522.0,19.21533,0.029468665,0.02426916
7523.0,18.704977,0.029213205,0.023329237
7524.0,19.159628,0.028574757,0.024075152
7525.0,19.523996,0.029301519,0.025128772
7526.0,18.980679,0.030759936,0.02571926
7527.0,19.092878,0.029785309,0.025670184
7528.0,18.595274,0.030376516,0.024442693
7529.0,19.073261,0.029842127,0.024782145
7530.0,18.45392,0.02875383,0.024349988
7531.0,19.081648,0.030555328,0.025524037
7532.0,18.857668,0.030082515,0.024510883
7533.0,18.353846,0.029748894,0.024087727
7534.0,18.570171,0.030217053,0.024680328
7535.0,18.998718,0.028978363,0.024526384
7536.0,19.210339,0.02953287,0.024532171
7537.0,18.748438,0.028775528,0.0240634
7538.0,18.520628,0.027397616,0.022854384
7539.0,18.942234,0.027580297,0.023297753
7540.0,19.06849,0.02737731,0.022987183
7541.0,18.52834,0.027434168,0.022037387
7542.0,18.67019,0.026663484,0.022331672
7543.0,18.591413,0.028284576,0.023708763
7544.0,18.970201,0.027815083,0.023206698
7545.0,19.043665,0.027725138,0.023617974
7546.0,19.121153,0.027823025,0.02404424
7547.0,19.25373,0.02748523,0.023732562
7548.0,18.7866,0.02834107,0.024531826
7549.0,19.057364,0.027567595,0.023789164
7550.0,19.392414,0.028205972,0.02393274
7551.0,18.918858,0.028559728,0.023742547
7552.0,18.95027,0.02882521,0.024425512
7553.0,19.147081,0.028931297,0.024326602
7554.0,18.995623,0.028961174,0.02478092
7555.0,19.116404,0.029762225,0.025067218
7556.0,19.679081,0.028928088,0.02559483
7557.0,19.4236,0.029856827,0.02612985
7558.0,19.078886,0.028295023,0.02417009
7559.0,19.48547,0.028021662,0.02415461
7560.0,18.988352,0.028141908,0.023977522
7561.0,18.918036,0.028601447,0.023745464
7562.0,19.487156,0.02768253,0.025385229
7563.0,18.912874,0.028118158,0.025142092
7564.0,19.048601,0.03017969,0.026188394
7565.0,19.330538,0.029949928,0.026415998
7566.0,19.013346,0.030638417,0.026566567
7567.0,18.910309,0.030472131,0.026411623
7568.0,19.021194,0.030149022,0.026239386
7569.0,19.164352,0.028429931,0.025147902
7570.0,19.172863,0.028309615,0.025036678
7571.0,19.102936,0.02913466,0.025423935
7572.0,19.332726,0.02768049,0.024579315
7573.0,19.48972,0.029019412,0.026298175
7574.0,19.379848,0.028262883,0.024734806
7575.0,19.640995,0.028243093,0.024717007
7576.0,19.20296,0.028521018,0.025250671
7577.0,19.848751,0.02968839,0.02651909
7578.0,18.923382,0.029341776,0.02504683
7579.0,19.528116,0.02862789,0.025296722
7580.0,19.699553,0.029712683,0.026390338
7581.0,19.403275,0.030884003,0.026513835
7582.0,19.429083,0.030396147,0.027200298
7583.0,19.303782,0.029938446,0.02733855
7584.0,19.74773,0.031183116,0.028112633
7585.0,19.601376,0.03155601,0.029295566
7586.0,19.424076,0.031152181,0.027127925
7587.0,20.08665,0.030475914,0.027664559
7588.0,19.852772,0.031154668,0.028638303
7589.0,19.331459,0.029806515,0.026683755
7590.0,19.513824,0.030436955,0.027305398
7591.0,19.619234,0.03024588,0.027592707
7592.0,20.15335,0.028883351,0.026815139
7593.0,19.951706,0.02836595,0.026062945
7594.0,20.265142,0.028295478,0.027091779
7595.0,19.585114,0.028446741,0.025172481
7596.0,19.909353,0.02789815,0.025300983
7597.0,19.642956,0.028004603,0.024949161
7598.0,20.668571,0.02959305,0.028697548
7599.0,20.225267,0.029698301,0.027886191
7600.0,20.11561,0.030681087,0.02929823
7601.0,20.397554,0.030817533,0.030296013
7602.0,20.368162,0.030338429,0.028852973
7603.0,20.744312,0.031069908,0.030199178
7604.0,20.779339,0.03088895,0.030122045
7605.0,21.03057,0.031201696,0.03141892
7606.0,20.808502,0.029780269,0.02881103
7607.0,20.89822,0.029327622,0.029041512
7608.0,20.770473,0.031172978,0.029878285
7609.0,20.935436,0.031245371,0.031187572
7610.0,21.123135,0.031989038,0.03147461
7611.0,20.808678,0.03163779,0.03128463
7612.0,20.749935,0.03237618,0.031212412
7613.0,20.363972,0.029587392,0.02825656
7614.0,20.787079,0.028849004,0.026699077
7615.0,20.229073,0.029067082,0.027776342
7616.0,20.46962,0.027927697,0.027006244
7617.0,21.241913,0.026582759,0.026313614
7618.0,20.585756,0.02615399,0.026281644
7619.0,21.11802,0.025731385,0.026407389
7620.0,21.16459,0.025671422,0.025746534
7621.0,20.921877,0.024646472,0.02469558
7622.0,21.486065,0.02276356,0.022815185
7623.0,20.965816,0.024830831,0.025168635
7624.0,21.028519,0.0242433,0.024494952
7625.0,20.879822,0.024700927,0.025130907
7626.0,21.539398,0.025582079,0.026393875
7627.0,21.223404,0.025447566,0.025543323
7628.0,21.096146,0.02673413,0.027401416
7629.0,21.124481,0.026906407,0.027550763
7630.0,21.045643,0.026219983,0.026087243
7631.0,21.173534,0.025950704,0.02639882
7632.0,21.08281,0.027782533,0.027886672
7633.0,21.23691,0.02704283,0.027425705
7634.0,21.539698,0.028229734,0.028928358
7635.0,22.089958,0.027839778,0.029354954
7636.0,21.483147,0.028074194,0.028119085
7637.0,21.502224,0.028214574,0.028120143
7638.0,21.322126,0.02743366,0.028360361
7639.0,21.95089,0.026877893,0.029425677
7640.0,22.162933,0.02769284,0.031127052
7641.0,21.57738,0.02705339,0.028153883
7642.0,21.941668,0.026451284,0.028107671
7643.0,22.088388,0.026213076,0.028247597
7644.0,22.00486,0.024488285,0.02620266
7645.0,22.73343,0.024947897,0.02678663
7646.0,22.432392,0.026476847,0.029550686
7647.0,22.019764,0.025184982,0.026799923
7648.0,22.48278,0.027435038,0.030170985
7649.0,23.061077,0.027664617,0.031295486
7650.0,22.401554,0.02795596,0.031276748
7651.0,22.852753,0.028685816,0.032202438
7652.0,23.372011,0.02901449,0.033647288
7653.0,23.259232,0.030077586,0.034207072
7654.0,24.288631,0.029249867,0.034291532
7655.0,24.32672,0.029712783,0.034968037
7656.0,24.029007,0.028222956,0.032589674
7657.0,24.104424,0.028637273,0.03397915
7658.0,25.005833,0.028420381,0.03477447
7659.0,24.432707,0.028087497,0.033608396
7660.0,23.723776,0.028641952,0.033811685
7661.0,24.416582,0.02869696,0.03467914
7662.0,24.899868,0.028775264,0.034392558
7663.0,25.814053,0.028610062,0.035064697
7664.0,25.714516,0.02718663,0.03375975
7665.0,25.854034,0.028354947,0.035872146
7666.0,25.630339,0.026417023,0.033739798
7667.0,25.596966,0.025936224,0.032870613
7668.0,25.968838,0.02555884,0.033118147
7669.0,25.779947,0.02427808,0.029790547
7670.0,26.225912,0.023796799,0.029975567
7671.0,25.879375,0.023271902,0.029087672
7672.0,25.16272,0.023843687,0.028942466
7673.0,25.804745,0.02528367,0.031411353
7674.0,25.719936,0.025528207,0.03275162
7675.0,26.297274,0.024923915,0.032777846
7676.0,26.036304,0.025165468,0.03281923
7677.0,26.032932,0.02647082,0.03416147
7678.0,26.529743,0.026481865,0.03491802
7679.0,26.38615,0.027414087,0.035866167
7680.0,26.485886,0.028104462,0.038455173
7681.0,26.03371,0.026847737,0.03466004
7682.0,27.286484,0.027427973,0.03716044
7683.0,26.926481,0.028264567,0.03782078
7684.0,26.897167,0.026507283,0.035325862
7685.0,27.00173,0.02764211,0.03754362
7686.0,27.251488,0.028446728,0.0379354
7687.0,28.230555,0.027298009,0.03888466
7688.0,28.861647,0.027683716,0.03893868
7689.0,29.559296,0.028107604,0.041151203
7690.0,29.51075,0.027526416,0.04020433
7691.0,29.542492,0.027834376,0.04196392
7692.0,30.54795,0.027102288,0.040695556
7693.0,29.660147,0.02720463,0.039822467
7694.0,29.311897,0.026614247,0.04030074
7695.0,29.512794,0.02662828,0.04030268
7696.0,29.66153,0.027147414,0.040712476
7697.0,29.258398,0.027140126,0.03935146
7698.0,28.409027,0.026474725,0.037648868
7699.0,28.267208,0.026757093,0.038414765
7700.0,28.700727,0.027149847,0.03960083
7701.0,29.492023,0.025055867,0.037411485
7702.0,29.49225,0.025444778,0.03800998
7703.0,29.400673,0.025271764,0.037542813
7704.0,29.30194,0.02465122,0.035785753
7705.0,29.144543,0.02441991,0.036148164
7706.0,29.018328,0.025051167,0.03714585
7707.0,29.255993,0.025965335,0.03969361
7708.0,28.209133,0.025691167,0.03586358
7709.0,28.835613,0.02648781,0.038254876
7710.0,28.382544,0.027020615,0.039052054
7711.0,27.987959,0.026173085,0.03659979
7712.0,29.126816,0.02759016,0.040723544
7713.0,28.873379,0.02809182,0.0416889
7714.0,29.098,0.026588582,0.039898973
7715.0,29.808899,0.026498133,0.04067709
7716.0,28.981152,0.027138809,0.04133086
7717.0,29.876286,0.026436994,0.039536104
7718.0,30.005459,0.024586806,0.037557084
7719.0,30.028137,0.02533286,0.038975958
7720.0,30.33295,0.025029384,0.03878185
7721.0,30.34919,0.025282303,0.039640088
7722.0,30.367954,0.026584867,0.04103788
7723.0,29.931778,0.026471077,0.04094033
7724.0,30.413298,0.027793428,0.043514498
7725.0,31.283262,0.02861784,0.046970572
7726.0,31.834463,0.027332194,0.045222674
7727.0,31.795813,0.027264116,0.04486801
7728.0,32.060505,0.027951242,0.04603152
7729.0,32.582466,0.02657371,0.044806674
7730.0,32.441864,0.0267076,0.043649342
7731.0,31.392391,0.025989369,0.04130369
7732.0,32.38622,0.026621098,0.044733923
7733.0,31.909628,0.027614044,0.04605069
7734.0,30.954155,0.027338939,0.04434824
7735.0,30.081863,0.028217666,0.04387902
7736.0,29.412718,0.027018763,0.039845623
7737.0,28.797802,0.027795918,0.040899593
7738.0,29.54054,0.02821218,0.04373631
7739.0,28.90531,0.026883857,0.03905997
7740.0,28.813787,0.027065739,0.039966363
7741.0,29.130882,0.026573552,0.040470883
7742.0,30.56886,0.027598333,0.04325784
7743.0,29.86733,0.028153345,0.042565256
7744.0,29.844078,0.02739301,0.04170064
7745.0,29.942701,0.027421005,0.04166141
7746.0,29.608799,0.027648706,0.042575773
7747.0,30.177742,0.027412867,0.04261696
7748.0,29.133514,0.026827484,0.039586972
7749.0,29.670855,0.026150426,0.040644784
7750.0,29.130194,0.026333483,0.04123316
7751.0,29.672295,0.026895985,0.041849468
7752.0,30.071854,0.027507182,0.04364785
7753.0,28.117207,0.027467957,0.04079269
7754.0,28.7353,0.02848385,0.044053838
7755.0,28.529587,0.028792154,0.042744506
7756.0,28.054926,0.029381098,0.04370497
7757.0,28.457878,0.02945802,0.04325342
7758.0,26.996967,0.030257616,0.041801997
7759.0,27.161144,0.031203968,0.04437397
7760.0,26.933268,0.029588666,0.04225538
7761.0,26.65271,0.029261561,0.041176923
7762.0,27.536833,0.028131334,0.042430133
7763.0,26.47771,0.02701136,0.0377404
7764.0,27.105116,0.025452286,0.036196765
7765.0,28.216434,0.025652222,0.038254164
7766.0,28.147232,0.025089309,0.036675442
7767.0,27.820553,0.025184846,0.03635104
7768.0,28.31873,0.025150308,0.03678289
7769.0,28.333496,0.023903355,0.036122315
7770.0,28.363602,0.023509346,0.035066776
7771.0,28.536247,0.025052512,0.03831031
7772.0,28.227646,0.025152653,0.03755625
7773.0,29.44643,0.026350439,0.04097048
7774.0,29.859343,0.025932485,0.040485427
7775.0,29.709208,0.025230622,0.039441686
7776.0,29.726768,0.026885057,0.04282984
7777.0,30.621494,0.025657862,0.041813396
7778.0,29.75477,0.026250025,0.041284896
7779.0,30.225124,0.026402831,0.042930193
7780.0,29.901466,0.026470723,0.0419875
7781.0,30.105244,0.026659904,0.04287377
7782.0,30.297735,0.026863573,0.04332821
7783.0,30.127354,0.02668754,0.042524114
7784.0,29.447754,0.02586648,0.039890658
7785.0,29.358582,0.02555055,0.039342288
7786.0,29.726091,0.025997693,0.039671373
7787.0,28.63566,0.025288848,0.039374005
7788.0,29.055103,0.02601285,0.0401491
7789.0,28.465187,0.025895935,0.039739877
7790.0,27.86652,0.02662562,0.04023067
7791.0,27.134365,0.028691128,0.04147272
7792.0,28.81586,0.026873738,0.041137174
7793.0,29.15342,0.02794969,0.042867795
7794.0,28.882793,0.02855104,0.044147123
7795.0,28.496767,0.026607947,0.042216588
7796.0,27.925274,0.026975019,0.040307287
7797.0,27.361399,0.027023803,0.03906528
7798.0,27.74236,0.026913969,0.040075377
7799.0,27.456446,0.02652694,0.0389297
7800.0,26.561852,0.026146,0.03716715
7801.0,26.169374,0.026719963,0.038142208
7802.0,25.549194,0.02604431,0.035793506
7803.0,25.118515,0.026326854,0.03582603
7804.0,25.363708,0.025185501,0.03512188
7805.0,24.975971,0.02535783,0.03444233
7806.0,24.03315,0.02520371,0.032285135
7807.0,24.612814,0.026169522,0.035098646
7808.0,24.994099,0.025404379,0.033711106
7809.0,24.708893,0.02491601,0.033402275
7810.0,24.566383,0.025070868,0.032703895
7811.0,23.946815,0.024700979,0.031367242
7812.0,23.778473,0.02365731,0.030394804
7813.0,23.56083,0.024226623,0.03102245
7814.0,23.8594,0.026196355,0.033625238
7815.0,23.333408,0.026925024,0.033990957
7816.0,23.21016,0.02676742,0.03373945
7817.0,22.896547,0.026697164,0.03361743
7818.0,22.888748,0.025625503,0.032056388
7819.0,22.916992,0.026115898,0.031331677
7820.0,23.308764,0.025790181,0.031427447
7821.0,22.304068,0.024847971,0.03003864
7822.0,22.589235,0.024393115,0.029629322
7823.0,21.558397,0.024834635,0.02962303
7824.0,21.568338,0.02489775,0.028813416
7825.0,21.10182,0.023893712,0.026849022
7826.0,21.787653,0.023552554,0.028347695
7827.0,21.563057,0.023068689,0.02742807
7828.0,21.297756,0.022290217,0.025744619
7829.0,21.025282,0.022586606,0.026005898
7830.0,20.83145,0.022294797,0.02604193
7831.0,20.879421,0.023516063,0.02703324
7832.0,20.985313,0.023422966,0.025986288
7833.0,20.153013,0.024465,0.027215939
7834.0,20.707106,0.02448438,0.027315399
7835.0,20.61988,0.024060495,0.026901275
7836.0,20.137783,0.025279893,0.027145931
7837.0,20.450735,0.02524997,0.028589798
7838.0,20.553223,0.026167337,0.02939601
7839.0,19.90792,0.026336769,0.029009348
7840.0,20.444374,0.026480496,0.029760424
7841.0,19.714785,0.025628015,0.027010381
7842.0,19.7286,0.024910592,0.027213888
7843.0,19.695961,0.025332011,0.028052956
7844.0,19.685268,0.025155772,0.027665142
7845.0,19.768106,0.026091034,0.028588448
7846.0,19.475855,0.026012184,0.027867848
7847.0,19.708033,0.026103627,0.027641313
7848.0,19.155804,0.02550038,0.027057715
7849.0,19.046856,0.026314717,0.027967779
7850.0,18.903143,0.025889855,0.027170006
7851.0,19.502611,0.025421131,0.027089791
7852.0,19.140362,0.026133254,0.02712305
7853.0,18.388968,0.0269317,0.028111627
7854.0,18.94341,0.025984848,0.027529698
7855.0,19.250103,0.025222132,0.026837062
7856.0,18.851505,0.025164645,0.026551606
7857.0,18.587006,0.024938624,0.025775507
7858.0,18.815231,0.02561041,0.026212214
7859.0,18.602766,0.024748871,0.025283776
7860.0,18.916344,0.0238258,0.024635699
7861.0,19.286718,0.0246097,0.02632491
7862.0,18.853632,0.02443544,0.024935925
7863.0,18.912472,0.025002565,0.026415499
7864.0,18.818312,0.024469817,0.025676476
7865.0,19.945288,0.024056414,0.026810747
7866.0,19.863964,0.02307715,0.025029004
7867.0,19.96768,0.024203008,0.027168956
7868.0,20.563152,0.025283419,0.028380644
7869.0,20.636282,0.024149451,0.027327217
7870.0,21.320675,0.025449196,0.03044157
7871.0,21.795033,0.025438776,0.031777304
7872.0,21.652596,0.025760733,0.030486882
7873.0,21.241245,0.027505264,0.032415412
7874.0,20.751072,0.027654815,0.031452805
7875.0,20.61589,0.027418703,0.0312814
7876.0,20.11356,0.026240788,0.029575447
7877.0,20.398874,0.025373437,0.029294778
7878.0,19.415144,0.023767043,0.02507692
7879.0,19.173494,0.023524826,0.024747334
7880.0,18.4272,0.023481974,0.024068885
7881.0,18.200922,0.024171323,0.024931585
7882.0,18.191874,0.025222676,0.025666244
7883.0,17.865168,0.026046738,0.026025081
7884.0,17.24818,0.025437362,0.024506824
7885.0,17.35135,0.026241159,0.025346821
7886.0,17.478798,0.02655221,0.02512251
7887.0,16.850845,0.026666494,0.025275864
7888.0,17.029707,0.02593367,0.024144381
7889.0,16.512196,0.026059743,0.024200374
7890.0,16.34644,0.025164356,0.023381181
7891.0,16.2818,0.02384201,0.021537978
7892.0,15.787245,0.02387943,0.020587927
7893.0,15.672109,0.023973292,0.020594679
7894.0,15.690419,0.022562424,0.01978964
7895.0,15.282222,0.022384958,0.019417614
7896.0,15.419483,0.02284791,0.019384224
7897.0,15.200264,0.023295633,0.019623736
7898.0,14.939568,0.023912411,0.02019699
7899.0,14.74698,0.024036027,0.019949842
7900.0,14.666748,0.023027878,0.019328743
7901.0,14.276212,0.023097338,0.018329004
7902.0,14.339987,0.025262462,0.02037835
7903.0,13.996754,0.023377901,0.017825393
7904.0,14.069272,0.023767982,0.018729381
7905.0,13.9613905,0.024779685,0.020277461
7906.0,14.058596,0.024415853,0.018882154
7907.0,13.848549,0.02488886,0.019319572
7908.0,13.479269,0.02456578,0.018751493
7909.0,13.621935,0.024368808,0.018767703
7910.0,12.948958,0.023915049,0.017974371
7911.0,13.127015,0.02537103,0.018571202
7912.0,12.932644,0.02568912,0.018329546
7913.0,13.209031,0.025151085,0.018656947
7914.0,12.663292,0.026157837,0.018576108
7915.0,12.539841,0.026894215,0.019142406
7916.0,12.479547,0.02585535,0.017840883
7917.0,12.257109,0.026114386,0.01762632
7918.0,12.045698,0.025415389,0.016981134
7919.0,12.032852,0.024712076,0.016871747
7920.0,12.0284195,0.024710149,0.016924568
7921.0,11.455568,0.02431866,0.015525962
7922.0,12.029263,0.022723423,0.015213159
7923.0,11.603953,0.024205688,0.016240934
7924.0,11.14815,0.02517058,0.015349323
7925.0,11.176409,0.02486934,0.015967503
7926.0,11.496032,0.025567997,0.016514178
7927.0,11.109905,0.025564676,0.01583253
7928.0,10.816165,0.026042543,0.016214335
7929.0,10.657715,0.025537373,0.015536505
7930.0,10.85453,0.024755087,0.015803399
7931.0,10.458187,0.024964085,0.0149807455
7932.0,10.549959,0.025573807,0.015067925
7933.0,10.09308,0.025620496,0.014432719
7934.0,9.804677,0.025307015,0.014237751
7935.0,10.053666,0.026281407,0.014907138
7936.0,9.949678,0.025980685,0.014933122
7937.0,9.575251,0.025823323,0.0137532465
7938.0,9.750162,0.026450222,0.0148138255
7939.0,9.585729,0.024803251,0.013533297
7940.0,9.132786,0.024925854,0.0130495615
7941.0,9.336245,0.024419932,0.0130770495
7942.0,9.189947,0.023837069,0.012192281
7943.0,9.047443,0.022827357,0.011678661
7944.0,9.007539,0.024718383,0.012718233
7945.0,8.664799,0.025377791,0.012538394
7946.0,8.948988,0.024312818,0.012095801
7947.0,8.556688,0.025977865,0.012416165
7948.0,8.675602,0.025286041,0.012312213
7949.0,8.635096,0.024647638,0.012207555
7950.0,8.480151,0.024338111,0.011680915
7951.0,8.438786,0.023867248,0.011471697
7952.0,8.351731,0.024301458,0.011581773
7953.0,8.073816,0.023792623,0.010775624
7954.0,8.158686,0.024597822,0.011226916
7955.0,7.942872,0.024524326,0.010779266
7956.0,7.7929993,0.024709653,0.010738327
7957.0,7.7958302,0.024632026,0.011037475
7958.0,7.505163,0.023889018,0.010512301
7959.0,7.369994,0.023400147,0.0096864775
7960.0,7.415026,0.023629954,0.009831062
7961.0,7.3550243,0.023612259,0.009987101
7962.0,7.415845,0.022759736,0.009683328
7963.0,7.0417833,0.023174426,0.009303855
7964.0,7.107798,0.022774154,0.009277383
7965.0,6.847021,0.0227571,0.008894337
7966.0,6.7589226,0.024276242,0.009029527
7967.0,6.969416,0.02529688,0.009648143
7968.0,6.8184195,0.023992019,0.00934896
7969.0,6.774582,0.024620967,0.00941699
7970.0,6.635808,0.024628276,0.009078552
7971.0,6.7168083,0.024595983,0.00948537
7972.0,6.7262926,0.024875417,0.009326814
7973.0,6.4727025,0.024010666,0.008752279
7974.0,6.5768814,0.023962859,0.008891899
7975.0,6.520997,0.023785172,0.008714363
7976.0,6.4847307,0.023566684,0.008660866
7977.0,6.3322988,0.023030853,0.008108139
7978.0,6.2477894,0.022592865,0.008004917
7979.0,6.286006,0.023333583,0.0085781235
7980.0,6.063897,0.022296362,0.007722749
7981.0,6.1401463,0.023338776,0.008247998
7982.0,6.1038513,0.023477763,0.008209494
7983.0,5.954225,0.023191264,0.007934857
7984.0,6.1879797,0.02273632,0.007872169
7985.0,6.008245,0.023710897,0.008064815
7986.0,5.9582877,0.024824325,0.00835617
7987.0,6.093189,0.022396365,0.0076909154
7988.0,6.1042933,0.024889415,0.0086060595
7989.0,6.0325756,0.024010994,0.007994317
7990.0,6.0196676,0.023554595,0.008007987
7991.0,6.0659,0.023385203,0.008103449
7992.0,6.16162,0.024052072,0.00854398
7993.0,6.1189117,0.024536885,0.008647006
7994.0,6.0482883,0.02456528,0.008390771
7995.0,5.825263,0.023838572,0.007816066
7996.0,5.8986926,0.024626093,0.008279225
7997.0,5.6935644,0.024170443,0.007734508
7998.0,5.815162,0.023971915,0.00816857
7999.0,5.8104134,0.024121445,0.008207172
8000.0,5.4237957,0.02286343,0.0076416503
