offset, x, y
3124, -1, 0
6487, -1, 0
8878, 0, -1
2864, -1, 0
3638, -1, 0
2120, -1, 0
1873, -1, 0
1621, -1, 0
1245, -1, 0
999, 0, -1
373, -1, 0
1375, -1, 0
1129, -1, 0
996, -1, 0
998, -1, 0
127, 0, -1
875, -1, 0
873, -1, 0
749, -1, 0
875, -1, 0
250, 0, -1
375, -1, 0
750, -1, 0
750, -1, 0
627, -1, 0
624, -1, 0
131, 0, -1
369, -1, 0
750, -1, 0
500, -1, 0
376, 0, -1
249, -1, 0
554, -1, 0
570, -1, 0
250, 0, -1
407, -1, 0
593, -1, 0
665, -1, -1
860, -1, 0
608, -1, 0
123, 0, -1
759, -1, 0
1024, -1, 0
211, 0, -1
530, -1, 0
970, -1, 0
702, 0, -1
173, -1, 0
907, -1, 0
95, 0, -1
748, -1, 0
785, 0, -1
340, -1, 0
1035, -1, -1
916, -1, -1
929, -1, -1
874, 0, -1
250, -1, 0
408, 0, -1
592, -1, 0
249, 0, -1
684, 0, -1
481, -1, 0
87, 0, -1
781, 0, -1
595, -1, -1
532, 0, -1
748, 0, -1
467, -1, 0
127, 0, -1
498, 0, -1
658, 0, -1
496, 0, -1
629, -1, -1
466, 0, -1
540, 0, -1
618, 0, -1
467, 0, -1
533, 0, -1
501, 0, -1
499, 0, -1
469, 0, -1
532, 0, -1
499, 0, -1
343, 0, -1
531, 0, -1
469, 0, -1
374, 0, -1
503, 0, -1
533, 0, -1
339, 0, -1
534, 0, -1
499, 1, -1
342, 0, -1
409, 0, -1
498, 0, -1
344, 0, -1
249, 1, 0
250, 0, -1
375, 0, -1
540, 0, -1
88, 1, 0
247, 0, -1
378, 0, -1
498, 0, -1
129, 1, 0
248, 0, -1
509, 0, -1
467, 1, -1
274, 0, -1
374, 0, -1
249, 1, 0
126, 0, -1
372, 0, -1
375, 1, 0
129, 0, -1
377, 0, -1
372, 1, -1
373, 0, -1
375, 1, -1
500, 0, -1
250, 1, -1
413, 0, -1
339, 1, -1
519, 0, -1
250, 1, 0
157, 0, -1
331, 0, -1
128, 1, 0
240, 0, -1
379, 1, -1
371, 0, -1
257, 1, 0
133, 0, -1
382, 0, -1
109, 1, 0
248, 0, -1
375, 1, -1
373, 0, -1
127, 1, 0
247, 0, -1
261, 1, 0
114, 0, -1
374, 0, -1
127, 1, 0
246, 0, -1
250, 1, 0
126, 0, -1
387, 1, -1
486, 1, -1
377, 0, -1
128, 1, 0
251, 0, -1
244, 1, 0
128, 0, -1
249, 1, 0
128, 0, -1
374, 1, -1
500, 1, -1
376, 1, -1
246, 0, -1
251, 1, 0
251, 0, -1
129, 1, 0
260, 0, -1
236, 1, 0
130, 0, -1
244, 1, 0
275, 0, -1
231, 1, 0
121, 0, -1
246, 1, 0
127, 0, -1
249, 1, 0
126, 0, -1
247, 1, 0
128, 0, -1
398, 1, 0
102, 0, -1
248, 1, 0
249, 0, -1
128, 1, 0
125, 0, -1
247, 1, 0
251, 0, -1
129, 1, 0
246, 0, -1
249, 1, 0
257, 0, -1
127, 1, 0
246, 0, -1
130, 1, 0
244, 0, -1
132, 1, 0
372, 1, -1
376, 1, 0
127, 0, -1
241, 1, 0
131, 0, -1
245, 1, 0
249, 0, -1
131, 1, 0
246, 1, -1
380, 1, -1
493, 1, -1
376, 1, -1
406, 1, 0
94, 0, -1
125, 1, 0
248, 0, -1
128, 1, 0
247, 0, -1
127, 1, 0
402, 1, 0
98, 0, -1
127, 1, 0
247, 0, -1
127, 1, 0
374, 0, -1
126, 1, 0
248, 1, 0
127, 0, -1
246, 1, 0
129, 0, -1
247, 1, 0
251, 0, -1
127, 1, 0
372, 1, -1
251, 1, 0
249, 0, -1
127, 1, 0
249, 0, -1
127, 1, 0
372, 1, -1
251, 1, 0
250, 0, -1
127, 1, 0
371, 1, -1
375, 1, 0
129, 0, -1
125, 1, 0
373, 1, -1
375, 1, 0
126, 0, -1
248, 1, 0
249, 0, -1
129, 1, 0
397, 1, 0
101, 0, -1
248, 1, 0
249, 1, -1
400, 1, 0
103, 0, -1
248, 1, 0
249, 0, -1
254, 1, 0
249, 1, 0
131, 0, -1
125, 1, 0
495, 1, -1
377, 1, 0
129, 0, -1
244, 1, 0
376, 1, -1
249, 1, 0
251, 0, -1
249, 1, 0
374, 1, -1
376, 1, -1
377, 1, 0
372, 1, 0
128, 0, -1
249, 1, 0
372, 0, -1
127, 1, 0
248, 1, 0
249, 0, -1
250, 1, 0
377, 1, -1
374, 1, 0
249, 0, -1
128, 1, 0
497, 1, -1
375, 1, 0
375, 1, -1
501, 1, 0
249, 0, -1
251, 1, 0
248, 1, 0
255, 0, -1
249, 1, 0
372, 0, -1
250, 1, 0
376, 1, 0
249, 0, -1
128, 1, 0
497, 1, 0
250, 0, -1
250, 1, 0
504, 1, 0
126, 0, -1
497, 1, 0
375, 0, -1
125, 1, 0
523, 1, 0
474, 0, -1
128, 1, 0
647, 1, 0
226, 0, -1
254, 1, 0
622, 1, 0
500, 0, -1
132, 1, 0
618, 1, 0
665, 0, -1
91, 1, 0
923, 1, 0
571, 1, 0
374, 0, -1
500, 1, 0
1165, 1, 0
753, 0, -1
332, 1, 0
1501, 1, 0
2167, 1, 0
9772, 0, -1
1988, -1, 0
6013, 0, -1
810, -1, 0
4805, -1, 0
2069, 0, -1
2567, -1, 0
3734, -1, 0
2995, -1, 0
1955, -1, 0
2680, -1, 0
445, 0, 1
1418, -1, 0
1375, 0, 1
83, -1, 0
1749, -1, 0
125, 0, 1
1418, -1, 0
204, 0, 1
1037, -1, 0
659, 0, 1
811, -1, 0
499, 0, 1
800, -1, 0
571, 0, 1
377, -1, 0
789, 0, 1
460, -1, 0
774, 0, 1
352, -1, 0
652, 0, 1
97, -1, 0
1030, -1, 1
876, 0, 1
94, -1, 0
749, -1, 1
906, -1, 0
95, 0, 1
778, -1, 0
97, 0, 1
623, -1, 0
406, 0, 1
497, -1, 0
221, 0, 1
529, -1, 0
221, 0, 1
405, -1, 0
402, 0, 1
476, -1, 0
217, 0, 1
377, -1, 0
373, 0, 1
250, -1, 0
542, 0, 1
212, -1, 0
501, 0, 1
130, -1, 0
619, -1, 1
664, -1, 1
585, 0, 1
131, -1, 0
619, -1, 1
500, -1, 1
624, -1, 0
128, 0, 1
374, -1, 0
313, 0, 1
311, -1, 0
247, 0, 1
250, -1, 0
250, 0, 1
250, -1, 0
404, 0, 1
221, -1, 0
375, 0, 1
128, -1, 0
497, -1, 1
533, -1, 1
497, 0, 1
97, -1, 0
374, -1, 0
127, 0, 1
526, -1, 1
502, -1, 1
345, -1, 0
249, 0, 1
250, -1, 0
250, 0, 1
250, -1, 0
250, 0, 1
250, -1, 0
404, 0, 1
98, -1, 0
387, 0, 1
115, -1, 0
373, -1, 1
510, -1, 1
491, -1, 1
375, -1, 0
131, 0, 1
368, -1, 0
131, 0, 1
369, -1, 0
133, 0, 1
243, -1, 0
250, 0, 1
250, -1, 0
250, 0, 1
131, -1, 0
370, 0, 1
125, -1, 0
373, -1, 1
376, -1, 0
129, 0, 1
246, -1, 0
249, 0, 1
373, -1, 0
128, 0, 1
247, -1, 0
250, 0, 1
128, -1, 0
373, 0, 1
127, -1, 0
373, 0, 1
127, -1, 0
377, -1, 1
373, -1, 0
127, 0, 1
372, -1, 0
126, 0, 1
247, -1, 0
250, 0, 1
250, -1, 0
250, 0, 1
128, -1, 0
373, 0, 1
131, -1, 0
403, -1, 1
340, -1, 0
128, 0, 1
405, -1, 0
217, 0, 1
128, -1, 0
247, 0, 1
250, -1, 0
404, 0, 1
98, -1, 0
248, 0, 1
129, -1, 0
404, -1, 1
500, -1, 0
95, 0, 1
406, -1, 0
93, 0, 1
251, -1, 0
250, 0, 1
130, -1, 0
494, -1, 1
375, 0, 1
131, -1, 0
374, -1, 0
128, 0, 1
367, -1, 0
131, 0, 1
369, -1, 0
131, 0, 1
369, -1, 0
250, 0, 1
127, -1, 0
372, -1, 0
128, 0, 1
372, 0, 1
127, -1, 0
375, -1, 0
126, 0, 1
372, -1, 0
375, 0, 1
128, -1, 0
372, 0, 1
128, -1, 0
497, -1, 1
500, -1, 0
128, 0, 1
373, -1, 0
127, 0, 1
374, -1, 0
377, 0, 1
273, -1, 0
484, -1, 1
491, -1, 1
500, -1, 0
249, 0, 1
250, -1, 0
500, 0, 1
128, -1, 0
497, 0, 1
128, -1, 0
621, -1, 1
499, -1, 0
251, 0, 1
374, -1, 0
376, 0, 1
374, -1, 0
377, 0, 1
250, -1, 0
676, -1, 1
748, -1, 1
451, -1, 0
249, 0, 1
714, -1, 0
163, 0, 1
499, -1, 0
499, 0, 1
128, -1, 0
787, 0, 1
211, -1, 0
625, 0, 1
126, -1, 0
1047, 0, 1
79, -1, 0
918, -1, 1
1016, -1, 1
1385, -1, 1
1056, 0, 1
246, -1, 0
1133, 0, 1
370, -1, 0
1036, 0, 1
1294, -1, 0
299, 0, 1
1434, 0, 1
1820, -1, 0
122, 0, 1
2301, 0, 1
3072, 0, 1
6616, 1, 0
275, 0, 1
6703, 1, 0
4618, 0, 1
1539, 1, 0
4651, 0, 1
1621, 1, 0
4280, 1, 0
979, 0, 1
2474, 1, 0
3128, 1, 0
773, 0, 1
1771, 1, 0
2335, 1, 0
1786, 0, 1
215, 1, 0
1758, 1, 0
1897, 1, 0
1599, 1, 0
244, 0, 1
1379, 1, 0
1135, 1, 0
1539, 1, 1
1221, 1, 0
1231, 1, 0
1123, 1, 0
1130, 1, 0
621, 0, 1
240, 1, 0
1130, 1, 0
1002, 1, 0
884, 1, 0
1008, 1, 1
1010, 1, 0
748, 1, 0
858, 1, 0
873, 1, 0
635, 1, 0
738, 0, 1
126, 1, 0
776, 1, 0
726, 1, 0
901, 1, 0
593, 1, 0
790, 1, 0
333, 0, 1
373, 1, 0
775, 1, 0
655, 1, 0
695, 1, 0
754, 1, 0
625, 1, 0
636, 0, 1
117, 1, 0
745, 1, 0
623, 1, 0
755, 1, 0
759, 1, 0
619, 1, 0
750, 1, 0
774, 1, 0
453, 0, 1
128, 1, 0
747, 1, 0
911, 1, 0
622, 1, 0
848, 1, 0
876, 1, 0
784, 1, 0
871, 1, 0
839, 1, 0
1006, 1, 0
996, 1, 0
1128, 1, 0
1169, 1, 0
1119, 1, 0
581, 0, 1
1003, 1, 0
1787, 1, 0
2762, 1, 0
21786, -1, 0
7481, 0, -1
1358, -1, 0
4971, -1, 0
1012, 0, -1
2618, -1, 0
2727, -1, 0
661, 0, -1
2384, -1, 0
2757, -1, 0
1482, 0, -1
1122, -1, 0
2887, -1, 0
986, 0, -1
1342, -1, 0
2447, -1, 0
2434, -1, 0
529, 0, -1
1645, -1, 0
2090, -1, 0
2142, -1, 0
1772, -1, 0
1743, -1, 0
2097, -1, 0
1654, -1, 0
1848, -1, 0
1782, -1, 0
1117, -1, 0
1352, -1, 0
1247, -1, 0
1231, -1, 0
368, 0, 1
753, -1, 0
1125, -1, 0
1255, -1, 0
119, 0, 1
747, -1, 0
1125, -1, 0
249, 0, 1
913, -1, 0
839, -1, 0
249, 0, 1
916, -1, 0
712, 0, 1
497, -1, 0
751, -1, 0
130, 0, 1
869, -1, 0
501, 0, 1
506, -1, 0
869, -1, 1
1028, -1, 0
100, 0, 1
870, -1, 0
374, 0, 1
502, -1, 0
627, 0, 1
376, -1, 0
750, 0, 1
124, -1, 0
874, -1, 0
125, 0, 1
875, -1, 0
125, 0, 1
779, -1, 0
218, 0, 1
502, -1, 0
637, 0, 1
389, -1, 0
531, 0, 1
442, -1, 0
501, 0, 1
250, -1, 0
624, 0, 1
375, -1, 0
629, 0, 1
123, -1, 0
749, 0, 1
130, -1, 0
778, 0, 1
217, -1, 0
500, 0, 1
374, -1, 0
628, 0, 1
131, -1, 0
495, 0, 1
621, -1, 0
127, 0, 1
778, -1, 0
96, 0, 1
786, -1, 1
714, 0, 1
127, -1, 0
784, 0, 1
213, -1, 0
530, 0, 1
346, -1, 0
554, 0, 1
328, -1, 0
246, 0, 1
656, -1, 0
92, 0, 1
873, -1, 1
809, 0, 1
68, -1, 0
651, 0, 1
221, -1, 0
503, 0, 1
655, -1, 0
94, 0, 1
651, 0, 1
222, -1, 0
676, 0, 1
576, -1, 0
130, 0, 1
752, -1, 1
775, 0, 1
467, -1, 0
250, 0, 1
658, 0, 1
216, -1, 0
657, 0, 1
343, -1, 0
523, 0, 1
603, 0, 1
127, -1, 0
747, 0, 1
629, -1, 0
124, 0, 1
927, 0, 1
320, -1, 0
517, 0, 1
859, 0, 1
141, -1, 0
638, 0, 1
1126, -1, 1
875, 0, 1
747, 0, 1
99, -1, 0
1124, 0, 1
912, 0, 1
966, -1, 0
127, 0, 1
1249, 0, 1
1250, 0, 1
1499, 0, 1
1500, 0, 1
1999, 0, 1
2344, 0, 1
2656, 1, 1
3184, 1, 0
210, 0, 1
2155, 1, 0
591, 0, 1
2033, 1, 0
1001, 0, 1
1126, 1, 0
1876, 1, 0
642, 0, 1
1341, 1, 0
1759, 0, 1
94, 1, 0
1254, 1, 0
2027, 1, 0
614, 0, 1
872, 1, 0
1498, 1, 0
994, 0, 1
527, 1, 0
1627, 1, 0
1225, 1, 0
239, 0, 1
1160, 1, 0
1464, 1, 0
636, 0, 1
617, 1, 0
1288, 1, 0
1212, 1, 0
780, 0, 1
105, 1, 0
1151, 1, 0
838, 1, 0
1032, 1, 0
843, 1, 0
871, 1, 0
785, 1, 0
716, 1, 0
131, 0, 1
632, 1, 0
772, 1, 0
622, 1, 0
600, 1, 0
642, 1, 0
604, 1, 0
657, 1, 0
590, 1, 0
533, 1, 0
479, 1, 0
836, 1, 0
284, 1, 0
529, 1, 0
498, 1, 0
499, 1, 0
467, 1, 0
540, 1, 0
334, 1, 0
535, 1, 0
481, 1, 0
493, 1, 0
500, 1, 0
375, 1, 0
532, 1, 0
333, 1, 0
532, 1, 0
343, 1, 0
375, 1, 0
509, 1, 0
371, 1, 0
501, 1, 0
244, 1, 0
533, 1, 0
343, 1, 0
374, 1, 0
503, 1, -1
381, 1, 0
380, 1, 0
371, 1, 0
390, 1, 0
363, 1, 0
366, 1, 0
376, 1, 0
375, 1, 0
371, 1, 0
132, 0, -1
243, 1, 0
378, 1, 0
372, 1, 0
387, 1, 0
367, 1, 0
302, 0, -1
208, 1, 0
132, 1, 0
360, 1, 0
368, 1, 0
374, 1, 0
251, 0, -1
128, 1, 0
246, 1, 0
376, 1, 0
375, 1, 0
127, 0, -1
126, 1, 0
551, 1, 0
196, 1, 0
374, 1, 0
250, 0, -1
128, 1, 0
249, 1, 0
375, 1, 0
249, 0, -1
127, 1, 0
373, 1, 0
249, 1, 0
376, 1, -1
375, 1, 0
249, 1, 0
250, 1, 0
128, 0, -1
247, 1, 0
376, 1, 0
250, 0, -1
127, 1, 0
247, 1, 0
251, 1, 0
374, 1, 0
128, 0, -1
247, 1, 0
251, 1, 0
374, 1, -1
427, 1, 0
199, 1, 0
127, 0, -1
247, 1, 0
250, 1, 0
375, 1, -1
251, 1, 0
381, 1, 0
134, 0, -1
238, 1, 0
248, 1, 0
249, 1, 0
133, 0, -1
243, 1, 0
374, 1, 0
132, 0, -1
122, 1, 0
375, 1, 0
250, 1, -1
375, 1, 0
251, 1, 0
127, 0, -1
243, 1, 0
467, 1, 0
162, 0, -1
129, 1, 0
119, 1, 0
373, 1, -1
376, 1, 0
249, 1, -1
374, 1, 0
251, 1, 0
128, 0, -1
247, 1, 0
375, 1, 0
128, 0, -1
124, 1, 0
248, 1, 0
250, 0, -1
127, 1, 0
373, 1, 0
127, 0, -1
125, 1, 0
372, 1, 0
250, 1, -1
501, 1, 0
129, 0, -1
123, 1, 0
249, 1, 0
375, 1, -1
375, 1, 0
127, 0, -1
248, 1, 0
249, 1, 0
128, 0, -1
246, 1, 0
375, 1, -1
251, 1, 0
375, 1, -1
500, 1, 0
250, 1, -1
375, 1, 0
128, 0, -1
246, 1, 0
256, 1, 0
261, 0, -1
120, 1, 0
375, 1, 0
132, 0, -1
237, 1, 0
251, 0, -1
125, 1, 0
370, 1, -1
377, 1, 0
248, 0, -1
249, 1, 0
376, 1, 0
128, 0, -1
247, 1, 0
374, 0, -1
129, 1, 0
373, 1, -1
373, 1, 0
251, 0, -1
128, 1, 0
501, 1, -1
370, 1, 0
254, 0, -1
255, 1, 0
122, 0, -1
370, 1, 0
376, 1, -1
374, 0, -1
260, 1, 0
514, 1, -1
495, 1, 0
119, 0, -1
375, 1, 0
129, 0, -1
494, 1, -1
491, 1, 0
126, 0, -1
531, 1, 0
94, 0, -1
499, 0, -1
130, 1, 0
493, 0, -1
128, 1, 0
372, 0, -1
250, 1, 0
378, 0, -1
552, 1, 0
73, 0, -1
531, 0, -1
496, 1, 0
223, 0, -1
623, 1, -1
656, 0, -1
626, 0, -1
217, 1, 0
375, 0, -1
677, 0, -1
584, 0, -1
647, 0, -1
97, 1, 0
529, 0, -1
591, 0, -1
627, 0, -1
758, 0, -1
622, 0, -1
776, 0, -1
595, 0, -1
536, -1, 0
213, 0, -1
549, 0, -1
611, -1, 0
94, 0, -1
652, 0, -1
344, -1, 0
376, 0, -1
506, -1, 0
242, 0, -1
498, -1, 0
126, 0, -1
757, -1, -1
755, 0, -1
117, -1, 0
520, -1, -1
636, -1, 0
107, 0, -1
506, -1, 0
250, 0, -1
373, -1, 0
257, 0, -1
92, -1, 0
502, 0, -1
123, -1, 0
373, -1, 0
124, 0, -1
374, -1, 0
502, -1, -1
503, -1, 0
122, 0, -1
248, -1, 0
377, -1, -1
374, -1, 0
249, 0, -1
249, -1, 0
250, -1, 0
272, 0, -1
229, -1, 0
373, -1, -1
374, -1, 0
322, -1, 0
52, 0, -1
250, -1, 0
375, -1, 0
126, 0, -1
126, -1, 0
374, -1, 0
249, -1, -1
375, -1, 0
252, -1, 0
125, 0, -1
248, -1, 0
247, -1, 0
250, -1, -1
407, -1, 0
218, -1, 0
128, 0, -1
125, -1, 0
247, -1, 0
250, -1, 0
128, 0, -1
248, -1, 0
249, -1, 0
250, -1, -1
250, -1, 0
250, -1, 0
250, -1, 0
128, 0, -1
125, -1, 0
247, -1, 0
250, -1, 0
128, 0, -1
125, -1, 0
247, -1, 0
250, -1, 0
127, -1, 0
126, 0, -1
125, -1, 0
247, -1, 0
250, -1, 0
252, -1, -1
251, -1, 0
125, -1, 0
249, -1, 0
248, -1, 0
128, 0, -1
124, -1, 0
248, -1, 0
128, -1, 0
247, -1, 0
128, 0, -1
124, -1, 0
125, -1, 0
248, -1, 0
251, -1, 0
131, -1, 0
244, -1, 0
131, 0, -1
137, -1, 0
122, -1, 0
243, -1, 0
136, -1, 0
238, -1, 0
133, 0, -1
118, -1, 0
124, -1, 0
125, -1, 0
243, -1, 0
251, -1, 0
131, -1, 0
125, -1, 0
124, 0, -1
126, -1, 0
244, -1, 0
131, -1, 0
244, -1, 0
127, -1, 0
125, -1, 0
247, -1, 0
251, -1, -1
127, -1, 0
127, -1, 0
246, -1, 0
127, -1, 0
124, -1, 0
344, -1, 0
31, -1, 0
247, -1, 0
250, -1, 0
128, -1, -1
124, -1, 0
248, -1, 0
128, -1, 0
124, -1, 0
125, -1, 0
248, -1, 0
128, -1, 0
124, -1, 0
247, -1, 0
128, -1, 0
126, -1, -1
125, -1, 0
247, -1, 0
128, -1, 0
247, -1, 0
127, -1, 0
126, -1, 0
246, -1, 0
128, -1, 0
126, -1, 0
125, -1, 0
125, -1, 0
248, -1, 0
127, -1, 0
127, -1, 0
248, -1, 0
125, -1, 0
126, -1, 0
124, -1, -1
125, -1, 0
248, -1, 0
130, -1, 0
124, -1, 0
246, -1, 0
133, -1, 0
119, -1, 0
125, -1, 0
125, -1, 0
247, -1, 0
128, -1, 0
125, -1, 0
125, -1, 0
248, -1, 0
127, -1, 0
125, -1, 0
125, -1, 0
125, -1, 0
250, -1, 0
127, -1, 0
123, -1, 0
125, -1, 0
125, -1, 0
125, -1, 0
125, -1, 0
248, -1, 0
127, -1, 0
125, -1, 0
125, -1, 0
247, -1, 0
128, -1, 0
125, -1, 0
125, -1, 0
125, -1, 0
126, -1, 0
124, -1, 0
247, -1, 0
128, -1, 0
125, -1, 0
125, -1, 0
125, -1, 0
125, -1, 0
125, -1, 0
248, -1, 0
132, -1, 0
127, -1, 0
124, -1, 0
126, -1, 0
129, -1, 0
119, -1, 0
243, -1, 0
131, -1, 0
125, -1, 0
126, -1, 0
127, -1, 0
124, -1, 0
125, -1, 0
125, -1, 0
242, -1, 0
130, -1, 0
126, -1, 0
125, -1, 0
124, -1, 0
126, -1, 0
125, -1, 0
125, -1, 0
126, -1, 0
245, -1, 0
126, -1, 0
125, -1, 0
123, -1, 0
127, -1, 0
124, -1, 0
125, -1, 0
127, -1, 0
246, -1, 0
253, -1, 1
250, -1, 0
124, -3, 0
129, -1, 0
122, -1, 0
124, -1, 0
247, -2, 0
250, -1, 0
127, -1, 0
125, -1, 0
126, -1, 0
124, -1, 0
126, -1, 0
125, -1, 0
125, -1, 1
125, -1, 0
124, -1, 0
127, -1, 0
246, -1, 0
127, -1, 0
126, -1, 0
125, -1, 0
125, -1, 0
125, -1, 0
125, -1, 0
124, -1, 0
248, -2, 1
249, -1, 0
129, -1, 0
125, -1, 0
125, -1, 0
124, -1, 0
125, -1, 0
125, -1, 0
126, -1, 0
125, -1, 0
247, -1, 1
127, -1, 0
125, -1, 0
126, -1, 0
125, -1, 0
125, -1, 0
124, -1, 0
125, -1, 0
247, -2, 0
252, -1, 1
126, -1, 0
126, -1, 0
126, -1, 0
123, -1, 0
125, -1, 0
125, -1, 0
247, -2, 0
128, 0, 1
125, -1, 0
126, -1, 0
128, -1, 0
123, -1, 0
124, -1, 0
125, -1, 0
125, -1, 0
125, -1, 0
125, -1, 0
249, -1, 1
127, -1, 0
124, -1, 0
125, -1, 0
125, -1, 0
126, -1, 0
125, -1, 0
125, -1, 0
248, -2, 0
126, 0, 1
125, -1, 0
125, -1, 0
125, -1, 0
125, -1, 0
125, -1, 0
125, -1, 1
125, -1, 0
125, -1, 0
125, -1, 0
247, -1, 0
128, -1, 0
125, -1, 0
125, -1, 0
125, -1, 1
127, -1, 0
246, -2, 0
250, -1, 0
127, -1, 0
125, -1, 0
125, -1, 1
125, -1, 0
125, -1, 0
125, -1, 0
247, -2, 0
250, -1, 0
128, -1, 1
125, -1, 0
125, -1, 0
125, -1, 0
125, -1, 0
247, -2, 0
250, -1, 1
128, -1, 0
125, -1, 0
125, -1, 0
126, -1, 0
124, -1, 0
131, -1, 0
122, 0, 1
125, -1, 0
313, -1, 0
188, -1, 0
131, -3, 0
118, -1, 1
125, -1, 0
125, -1, 0
244, -1, 0
131, -1, 0
125, -1, 1
125, -1, 0
125, -1, 0
125, -1, 0
244, -1, 0
131, -1, 0
125, -1, 1
125, -1, 0
125, -1, 0
127, -1, 0
125, -1, 0
124, -1, 0
126, 0, 1
121, -1, 0
124, -1, 0
125, -1, 0
125, -1, 0
125, -1, 0
125, -1, 1
125, -1, 0
125, -1, 0
247, -1, 0
128, -1, 0
126, -1, 0
124, -1, 1
247, -2, 0
250, -1, 0
128, -1, 0
125, -1, 1
125, -1, 0
125, -1, 0
247, -1, 0
129, -1, 0
124, -1, 1
125, -1, 0
125, -1, 0
125, -1, 0
125, -1, 0
247, -1, 1
129, -1, 0
123, -1, 0
124, -1, 0
249, -1, 1
128, -1, 0
125, -1, 0
125, -1, 0
125, -1, 0
125, -1, 1
125, -1, 0
249, -1, 0
127, -1, 0
124, -1, 0
125, -1, 1
125, -1, 0
247, -1, 0
130, -1, 0
124, -1, 0
124, -1, 1
247, -1, 0
128, -1, 0
125, -1, 1
125, -1, 0
125, -1, 0
247, -1, 0
128, -1, 0
125, -1, 1
247, -1, 0
128, -1, 0
125, -1, 1
132, -1, 0
118, -1, 0
247, -1, 0
128, -1, 0
125, -1, 1
125, -1, 0
247, -1, 0
129, -1, 0
125, -1, 1
246, -1, 0
128, -1, 0
125, -1, 1
247, -1, 0
128, -1, 0
125, -1, 0
125, -1, 1
247, -1, 0
128, -1, 0
128, -1, 0
122, 0, 1
126, -1, 0
170, -1, 0
88, -1, 0
241, -1, 1
129, -1, 0
122, -1, 0
252, -1, 1
125, -1, 0
124, -1, 0
250, -1, 0
124, -1, 1
125, -1, 0
247, -1, 0
228, -1, 1
23, -1, 0
248, -1, 0
127, -1, 0
124, 0, 1
126, -1, 0
125, -1, 0
247, -1, 0
129, -1, 1
252, -1, 0
123, -1, 0
125, -1, 1
248, -1, 0
249, -1, 1
128, -1, 0
124, -1, 0
258, -1, 0
121, 0, 1
123, -1, 0
125, -1, 0
249, -1, 0
127, -1, 1
123, -1, 0
246, -1, 0
251, -1, 1
127, -1, 0
247, -1, 0
128, -1, 1
248, -1, 0
249, -1, 0
128, -1, 1
247, -1, 0
250, -1, 1
129, -1, 0
246, -1, 0
131, -1, 0
122, 0, 1
126, -1, 0
248, -1, 0
126, 0, 1
124, -1, 0
247, -1, 0
129, -1, 1
246, -1, 0
251, -1, 0
127, 0, 1
125, -1, 0
126, -1, 0
246, -1, 0
128, 0, 1
125, -1, 0
248, -1, 0
250, -1, 1
250, -1, 0
127, -1, 0
125, 0, 1
247, -1, 0
250, -1, 0
129, -1, 0
125, 0, 1
124, -1, 0
399, -1, 0
102, 0, 1
125, -1, 0
126, -1, 0
372, -1, 1
252, -1, 0
247, -1, 0
127, 0, 1
248, -1, 0
249, -1, 0
251, -1, 1
249, -1, 0
376, -1, 1
262, -1, 0
370, -1, 1
374, -1, 0
249, -1, 1
377, -1, 0
415, -1, 1
336, -1, 0
244, 0, 1
126, -1, 0
373, -1, 0
250, 0, 1
249, -1, 0
409, -1, 0
94, 0, 1
247, -1, 0
659, -1, 1
520, -1, 0
74, 0, 1
405, -1, 0
499, -1, 1
721, -1, 0
130, 0, 1
503, -1, 0
241, 0, 1
514, -1, 0
367, 0, 1
623, -1, 0
375, 0, 1
748, -1, 0
248, 0, 1
1001, 0, 1
930, -1, 0
319, 0, 1
1544, 0, 1
1260, 0, 1
1739, 0, 1
622, 1, 0
961, 0, 1
750, 1, 0
877, 0, 1
747, 1, 0
913, 0, 1
211, 1, 0
1125, 0, 1
128, 1, 0
1050, 1, 1
1014, 1, 0
183, 0, 1
661, 1, 0
393, 0, 1
481, 1, 0
468, 0, 1
247, 1, 0
753, 1, 1
635, 1, 1
742, 1, 0
247, 0, 1
502, 1, 0
249, 0, 1
249, 1, 0
375, 0, 1
249, 1, 0
693, 1, 1
472, 1, 0
90, 0, 1
409, 1, 0
388, 0, 1
198, 1, 0
376, 0, 1
126, 1, 0
431, 1, 0
69, 0, 1
499, 1, 0
127, 0, 1
246, 1, 0
399, 1, 1
499, 1, 0
108, 0, 1
251, 1, 0
371, 0, 1
128, 1, 0
372, 0, 1
126, 1, 0
373, 1, 0
126, 0, 1
248, 1, 0
396, 1, 1
378, 1, 0
120, 0, 1
236, 1, 0
379, 1, 1
387, 1, 0
231, 0, 1
131, 1, 0
370, 1, 1
253, 1, 0
371, 1, 1
378, 1, 0
126, 0, 1
275, 1, 0
219, 1, 0
127, 0, 1
249, 1, 0
248, 1, 0
128, 0, 1
249, 1, 0
374, 1, 1
251, 1, 0
250, 1, 0
126, 0, 1
248, 1, 0
253, 0, 1
126, 1, 0
247, 1, 0
130, 0, 1
244, 1, 0
250, 1, 0
251, 1, 0
126, 0, 1
125, 1, 0
406, 1, 1
217, 1, 0
250, 1, 0
127, 0, 1
124, 1, 0
408, 1, 0
216, 1, 1
250, 1, 0
249, 1, 0
128, 0, 1
247, 1, 0
250, 1, 0
127, 0, 1
125, 1, 0
247, 1, 0
251, 1, 1
250, 1, 0
250, 1, 0
250, 1, 1
250, 1, 0
388, 1, 0
242, 0, 1
122, 1, 0
125, 1, 0
248, 1, 1
249, 1, 0
250, 1, 0
263, 1, 1
121, 1, 0
247, 1, 0
250, 1, 1
265, 1, 0
248, 1, 0
274, 1, 1
213, 1, 0
249, 1, 0
249, 1, 1
132, 1, 0
241, 1, 0
251, 1, 1
250, 1, 0
249, 1, 0
250, 1, 0
131, 1, 1
245, 1, 0
251, 1, 0
289, 1, 1
208, 1, 0
137, 1, 0
238, 1, 0
254, 1, 1
248, 1, 0
252, 1, 0
123, 1, 0
125, 0, 1
125, 1, 0
125, 1, 0
248, 1, 0
250, 1, 0
128, 1, 1
249, 1, 0
248, 1, 0
128, 1, 0
126, 0, 1
124, 1, 0
246, 1, 0
251, 1, 0
127, 1, 0
125, 0, 1
125, 1, 0
125, 1, 0
249, 1, 0
251, 1, 1
126, 1, 0
247, 1, 0
250, 1, 0
249, 1, 1
128, 1, 0
125, 1, 0
247, 1, 0
250, 1, 0
128, 0, 1
125, 1, 0
125, 1, 0
247, 1, 0
128, 1, 0
247, 1, 1
251, 1, 0
128, 1, 0
246, 1, 0
128, 1, 0
125, 0, 1
125, 1, 0
247, 1, 0
128, 1, 0
247, 1, 0
128, 1, 0
125, 0, 1
125, 1, 0
125, 1, 0
247, 1, 0
251, 1, 0
127, 1, 0
125, 0, 1
126, 1, 0
299, 1, 0
201, 1, 0
134, 1, 0
123, 1, 1
246, 1, 0
127, 1, 0
247, 1, 0
123, 1, 0
248, 1, 0
128, 0, 1
125, 1, 0
125, 1, 0
247, 1, 0
134, 1, 0
250, 1, 0
132, 1, 0
240, 1, 1
130, 1, 0
272, 1, 0
234, 1, 0
130, 1, 0
235, 1, 0
130, 1, 1
244, 1, 0
131, 1, 0
244, 1, 0
129, 1, 0
246, 1, 0
130, 1, 0
246, 1, 1
130, 1, 0
243, 1, 0
131, 1, 0
248, 1, 0
123, 1, 0
246, 1, 0
128, 0, 1
125, 1, 0
125, 1, 0
125, 1, 0
247, 1, 0
127, 1, 0
248, 1, 0
250, 1, 0
128, 1, 1
249, 1, 0
126, 1, 0
247, 1, 0
128, 1, 0
125, 1, 0
247, 1, 0
252, 1, 0
127, 1, 0
247, 1, 1
127, 1, 0
126, 1, 0
246, 1, 0
250, 1, 0
128, 1, 0
247, 1, 0
127, 1, 0
248, 1, 0
128, 1, 1
247, 1, 0
127, 1, 0
248, 1, 0
128, 1, 0
248, 1, 0
130, 1, 0
245, 1, 0
128, 1, 0
247, 1, 0
127, 1, 0
247, 1, 0
129, 1, 1
246, 1, 0
127, 1, 0
248, 1, 0
127, 1, 0
248, 1, 0
128, 1, 0
246, 1, 0
128, 1, 0
248, 1, 0
127, 1, 0
247, 1, 0
129, 1, 0
125, 1, 0
247, 1, 1
250, 1, 0
221, 1, 0
149, 1, 0
129, 1, 0
124, 1, 0
247, 1, 0
249, 1, 0
128, 1, 0
248, 1, 0
127, 1, 0
126, 1, 0
246, 1, 0
250, 1, 0
128, 1, 0
248, 1, 0
139, 1, 0
238, 1, 0
132, 1, 0
243, 1, 1
131, 1, 0
274, 1, 0
223, 1, 0
140, 1, 0
125, 1, 0
232, 1, 0
131, 1, 0
243, 1, 0
131, 1, 0
244, 1, 0
130, 1, 0
245, 1, 0
251, 1, 0
131, 1, 0
125, 1, 0
243, 1, 0
249, 1, 0
128, 1, 0
247, 1, 0
127, 1, 0
248, 1, 0
127, 1, 0
248, 1, 0
127, 1, 0
248, 1, 0
250, 1, 0
128, 1, 0
247, 1, 0
128, 1, 0
247, 1, 0
127, 1, 0
249, 1, 0
249, 1, 0
128, 1, 0
125, 1, 0
247, 1, 0
250, 1, 0
127, 1, 0
248, 1, 0
249, 1, 0
128, 1, 0
247, 1, 0
128, 1, 0
247, 1, 0
250, 1, 0
128, 1, 0
247, 1, 0
251, 1, 0
128, 1, 0
247, 1, 0
128, 1, 0
247, 1, 0
127, 1, 0
247, 1, 0
250, 1, 0
128, 1, 0
247, 1, 0
250, 1, 0
128, 1, 0
247, 1, 0
251, 1, 0
127, 1, 0
247, 1, 0
128, 1, 0
251, 1, 0
125, 1, 0
247, 1, 0
378, 1, 0
250, 1, 0
124, 1, 0
125, 1, -1
248, 1, 0
127, 1, 0
247, 1, 0
250, 1, 0
250, 1, 0
128, 1, 0
247, 1, 0
250, 1, 0
128, 1, 0
438, 1, 0
63, 1, -1
249, 1, 0
249, 1, 0
126, 1, 0
249, 1, 0
248, 1, 0
250, 1, 0
250, 1, -1
250, 1, 0
128, 1, 0
247, 1, 0
250, 1, 0
375, 1, 0
129, 1, 0
247, 1, 0
127, 0, -1
125, 1, 0
247, 1, 0
251, 1, 0
249, 1, 0
253, 1, 0
251, 1, 0
131, 0, -1
124, 1, 0
245, 1, 0
275, 1, 0
222, 1, 0
249, 1, 0
251, 1, 0
131, 0, -1
246, 1, 0
248, 1, 0
251, 1, 0
249, 1, 0
252, 1, 0
251, 1, -1
403, 1, 0
220, 1, 0
250, 1, 0
373, 1, -1
250, 1, 0
262, 1, 0
391, 1, 0
222, 1, 0
252, 0, -1
126, 1, 0
247, 1, 0
378, 1, 0
248, 1, 0
373, 1, 0
250, 0, -1
128, 1, 0
406, 1, 0
217, 1, 0
405, 1, 0
220, 0, -1
294, 1, 0
206, 1, 0
375, 1, 0
528, 1, 0
222, 0, -1
127, 1, 0
524, 1, 0
357, 1, 0
370, 1, 0
376, 0, -1
249, 1, 0
511, 1, 0
494, 1, 0
371, 0, -1
252, 1, 0
656, 1, 0
468, 1, 0
431, 0, -1
516, 1, 0
800, 1, 0
658, 1, 0
216, 0, -1
880, 1, 0
1398, 1, 0
234, 0, -1
1621, 1, 0
2558, 0, -1
7072, -1, 0
939, 0, -1
2560, -1, 0
424, 0, -1
1944, 0, -1
127, -1, 0
1936, 0, -1
64, -1, 0
1559, 0, -1
188, -1, 0
1131, 0, -1
240, -1, 0
1035, -1, 0
214, 0, -1
1033, 0, -1
95, -1, 0
1058, -1, 0
200, 0, -1
634, -1, 0
736, 0, -1
247, -1, 0
753, -1, 0
129, 0, -1
783, -1, 0
491, 0, -1
218, -1, 0
752, -1, -1
750, -1, 0
511, -1, -1
864, -1, 0
250, 0, -1
250, -1, 0
654, -1, 0
97, 0, -1
543, -1, 0
456, -1, 0
126, 0, -1
497, -1, 0
523, -1, -1
629, -1, 0
535, -1, -1
529, -1, 0
478, 0, -1
61, -1, 0
499, -1, 0
249, 0, -1
250, -1, 0
549, -1, 0
326, -1, -1
503, -1, 0
459, 0, -1
40, -1, 0
434, -1, 0
485, -1, 0
76, 0, -1
247, -1, 0
378, -1, 0
249, 0, -1
252, -1, 0
374, -1, 0
249, 0, -1
251, -1, 0
374, -1, 0
375, -1, -1
250, -1, 0
530, -1, 0
221, 0, -1
131, -1, 0
369, -1, 0
402, -1, -1
348, -1, 0
376, -1, 0
373, -1, 0
129, 0, -1
246, -1, 0
375, -1, 0
127, 0, -1
125, -1, 0
374, -1, 0
373, -1, -1
377, -1, 0
250, -1, 0
374, -1, 0
250, 0, -1
128, -1, 0
248, -1, 0
250, -1, 0
374, -1, 0
128, 0, -1
247, -1, 0
375, -1, 0
249, -1, -1
250, -1, 0
375, -1, 0
250, -1, 0
375, -1, 0
127, 0, -1
126, -1, 0
247, -1, 0
375, -1, 0
252, -1, 0
249, -1, -1
375, -1, 0
249, -1, 0
251, -1, 0
249, 0, -1
128, -1, 0
247, -1, 0
250, -1, 0
250, -1, 0
375, -1, -1
250, -1, 0
250, -1, 0
250, -1, 0
250, -1, 0
407, -1, 0
95, 0, -1
136, -1, 0
238, -1, 0
249, -1, 0
378, -1, 0
252, -1, -1
248, -1, 0
255, -1, 0
249, -1, 0
244, -1, 0
250, -1, 0
131, 0, -1
125, -1, 0
369, -1, 0
251, -1, 0
248, -1, 0
250, -1, 0
250, -1, 0
127, 0, -1
126, -1, 0
247, -1, 0
251, -1, 0
250, -1, 0
250, -1, 0
127, 0, -1
125, -1, 0
407, -1, 0
215, -1, 0
250, -1, 0
250, -1, 0
128, 0, -1
124, -1, 0
248, -1, 0
250, -1, 0
375, -1, 0
250, -1, 0
250, -1, 0
128, 0, -1
125, -1, 0
247, -1, 0
250, -1, 0
250, -1, 0
250, -1, 0
250, -1, 0
250, -1, -1
250, -1, 0
251, -1, 0
250, -1, 0
250, -1, 0
249, -1, 0
250, -1, -1
250, -1, 0
376, -1, 0
256, -1, 0
244, -1, 0
249, -1, 0
250, -1, 0
250, -1, 0
250, -1, -1
250, -1, 0
429, -1, 0
195, -1, 0
252, -1, 0
250, -1, 0
248, -1, -1
251, -1, 0
249, -1, 0
251, -1, 0
249, -1, 0
250, -1, 0
410, -1, 0
93, -1, 0
247, 0, -1
129, -1, 0
247, -1, 0
251, -1, 0
250, -1, 0
250, -1, 0
410, -1, 0
214, -1, 0
128, 0, -1
125, -1, 0
247, -1, 0
250, -1, 0
249, -1, 0
408, -1, 0
217, -1, 0
263, -1, 0
370, -1, 0
123, 0, -1
124, -1, 0
246, -1, 0
249, -1, 0
251, -1, 0
375, -1, 0
250, -1, 0
249, -1, 0
251, -1, -1
406, -1, 0
219, -1, 0
250, -1, 0
375, -1, 0
250, -1, 0
250, -1, 0
411, -1, -1
213, -1, 0
409, -1, 0
216, -1, 0
249, -1, 0
250, -1, 0
375, -1, 0
251, -1, 0
374, -1, 0
128, 0, -1
125, -1, 0
400, -1, 0
513, -1, 0
214, -1, 0
124, -1, 0
408, -1, 0
214, -1, -1
408, -1, 0
394, -1, 0
210, -1, 0
396, -1, 0
218, -1, 0
410, -1, 0
339, -1, 0
250, -1, -1
411, -1, 0
339, -1, 0
250, -1, 0
376, -1, 0
414, -1, 0
336, -1, 0
376, -1, 0
249, -1, 0
432, 0, -1
74, -1, 0
244, -1, 0
414, -1, 0
211, -1, 0
500, -1, 0
374, -1, 0
415, -1, 0
89, 0, -1
247, -1, 0
375, -1, 0
416, -1, 0
333, -1, 0
416, -1, 0
459, -1, 0
540, -1, 0
211, -1, 0
376, 0, -1
126, -1, 0
542, -1, 0
330, -1, 0
541, -1, 0
334, -1, 0
540, -1, 0
501, -1, 0
459, -1, 0
418, -1, 0
207, 0, -1
375, -1, 0
543, -1, 0
505, -1, 0
619, -1, 0
498, -1, 0
632, -1, 0
328, 0, -1
250, -1, 0
750, -1, 0
667, -1, 0
623, -1, 0
714, -1, 0
789, -1, 0
746, -1, 0
336, 0, -1
752, -1, 0
920, -1, 0
1002, -1, 0
1370, -1, 0
1624, -1, 0
1087, 0, -1
1248, -1, 0
14887, 1, 0
3623, 1, 0
3001, 1, 1
2254, 1, 0
1366, 0, 1
245, 1, 0
1381, 1, 0
873, 0, 1
497, 1, 0
1128, 1, 0
372, 0, 1
756, 1, 0
1002, 1, 0
367, 0, 1
376, 1, 0
1000, 1, 0
249, 0, 1
634, 1, 0
752, 1, 0
119, 0, 1
747, 1, 0
760, 1, 1
615, 1, 0
821, 1, 1
748, 1, 0
498, 1, 1
809, 1, 0
501, 0, 1
127, 1, 0
695, 1, 0
495, 0, 1
58, 1, 0
622, 1, 0
660, 1, 1
657, 1, 0
502, 0, 1
59, 1, 0
567, 1, 0
560, 1, 0
121, 0, 1
499, 1, 0
370, 1, 0
127, 0, 1
659, 1, 0
463, 0, 1
128, 1, 0
622, 1, 0
251, 0, 1
250, 1, 0
657, 1, 0
344, 0, 1
248, 1, 0
501, 1, 0
433, 0, 1
68, 1, 0
654, 1, 0
97, 0, 1
404, 1, 0
593, 1, 0
252, 0, 1
415, 1, 0
458, 1, 0
250, 0, 1
250, 1, 0
625, 1, 1
665, 1, 0
460, 1, 1
500, 1, 0
499, 0, 1
128, 1, 0
533, 1, 0
521, 1, 1
607, 1, 0
470, 1, 1
533, 1, 0
336, 0, 1
128, 1, 0
680, 1, 0
315, 0, 1
127, 1, 0
538, 1, 0
334, 0, 1
128, 1, 0
498, 1, 0
499, 1, 1
666, 1, 0
334, 0, 1
128, 1, 0
539, 1, 0
208, 0, 1
250, 1, 0
626, 1, 0
439, 1, 1
438, 1, 0
372, 0, 1
128, 1, 0
531, 1, 0
498, 1, 0
96, 0, 1
406, 1, 0
467, 1, 0
135, 0, 1
240, 1, 0
686, 1, 0
192, 0, 1
249, 1, 0
532, 1, 0
343, 0, 1
131, 1, 0
400, 1, 0
469, 1, 1
537, 1, 0
459, 0, 1
128, 1, 0
407, 1, 0
465, 1, 0
250, 0, 1
250, 1, 0
538, 1, 0
343, 0, 1
122, 1, 0
399, 1, 0
538, 0, 1
63, 1, 0
400, 1, 0
472, 1, 0
250, 0, 1
250, 1, 0
500, 1, 0
537, 1, 1
468, 1, 0
532, 1, 0
91, 0, 1
372, 1, 0
533, 1, 0
342, 0, 1
128, 1, 0
555, 1, 0
317, 1, 1
507, 1, 0
525, 1, 0
343, 0, 1
128, 1, 0
528, 1, 0
501, 1, 0
95, 0, 1
373, 1, 0
553, 1, 0
479, 1, 1
468, 1, 0
656, 1, 0
344, 0, 1
128, 1, 0
528, 1, 0
508, 1, 0
336, 1, 1
625, 1, 0
532, 1, 0
343, 1, 1
657, 1, 0
470, 1, 0
531, 1, 1
467, 1, 0
656, 1, 0
344, 1, 0
249, 0, 1
408, 1, 0
592, 1, 0
410, 1, 0
94, 0, 1
496, 1, 0
531, 1, 0
469, 1, 0
128, 0, 1
530, 1, 0
467, 1, 0
501, 1, 0
375, 0, 1
242, 1, 0
386, 1, 0
626, 1, 0
534, 1, 0
212, 0, 1
250, 1, 0
571, 1, 0
634, 1, 0
451, 1, 0
343, 0, 1
128, 1, 0
530, 1, 0
467, 1, 0
532, 1, 0
469, 1, 1
659, 1, 0
465, 1, 0
534, 1, 0
591, 1, 0
533, 1, 1
468, 1, 0
659, 1, 0
500, 1, 0
498, 1, 0
626, 1, 0
101, 0, 1
397, 1, 0
651, 1, 0
476, 1, 0
626, 1, 0
500, 1, 0
498, 1, 0
342, 0, 1
250, 1, 0
500, 1, 0
741, 1, 0
535, 1, 0
475, 1, 0
658, 1, 0
341, 0, 1
250, 1, 0
663, 1, 0
495, 1, 0
593, 1, 0
658, 1, 0
468, 1, 0
658, 1, 0
590, 1, 1
625, 1, 0
659, 1, 0
716, 1, 0
501, 1, 0
624, 1, 0
659, 1, 0
466, 1, 0
784, 1, 0
623, 1, 0
593, 1, 0
785, 1, 0
465, 1, 0
750, 1, 0
657, 1, 0
718, 1, 0
645, 1, 0
765, 1, 0
715, 1, 0
658, 1, 0
751, 1, 0
841, 1, 0
658, 1, 0
842, 1, 0
750, 1, 0
250, 0, -1
656, 1, 0
721, 1, 0
1033, 0, -1
92, 1, 0
920, 1, 0
987, 1, 0
499, 0, -1
625, 1, 0
1092, 0, -1
409, 1, 0
1251, 0, -1
340, 1, 0
1290, 0, -1
999, 1, 0
335, 0, -1
1126, 0, -1
1449, 0, -1
961, 0, -1
964, 0, -1
1288, 0, -1
838, 0, -1
999, 0, -1
1002, 0, -1
127, -1, 0
531, 0, -1
967, -1, -1
749, 0, -1
249, -1, 0
501, 0, -1
409, -1, 0
341, 0, -1
659, -1, 0
106, 0, -1
484, 0, -1
128, -1, 0
655, 0, -1
112, -1, 0
481, 0, -1
127, -1, 0
616, 0, -1
259, -1, 0
407, -1, -1
466, -1, 0
127, 0, -1
497, -1, 0
128, 0, -1
407, -1, 0
215, 0, -1
250, -1, 0
375, -1, -1
535, -1, 0
110, 0, -1
355, -1, 0
409, -1, -1
341, -1, 0
250, 0, -1
250, -1, 0
250, 0, -1
128, -1, 0
404, -1, 0
96, 0, -1
125, -1, 0
531, -1, -1
341, -1, 0
128, 0, -1
125, -1, 0
404, -1, 0
96, 0, -1
125, -1, 0
372, -1, 0
128, 0, -1
247, -1, 0
250, -1, -1
375, -1, 0
250, -1, -1
251, -1, 0
249, 0, -1
128, -1, 0
247, -1, 0
250, -1, -1
408, -1, 0
94, 0, -1
126, -1, 0
247, -1, 0
128, 0, -1
125, -1, 0
247, -1, 0
251, -1, -1
407, -1, 0
94, 0, -1
126, -1, 0
247, -1, 0
128, -1, -1
405, -1, 0
217, -1, -1
253, -1, 0
251, -1, -1
124, -1, 0
247, -1, 0
250, -1, -1
250, -1, 0
250, -1, -1
250, -1, 0
128, -1, 0
125, 0, -1
125, -1, 0
259, -1, 0
116, 0, -1
125, -1, 0
125, -1, 0
247, -1, 0
128, 0, -1
125, -1, 0
125, -1, 0
247, -1, -1
250, -1, 0
128, -1, 0
126, 0, -1
125, -1, 0
246, -1, 0
128, 0, -1
125, -1, 0
126, -1, 0
250, -1, -1
124, -1, 0
247, -1, 0
128, -1, -1
247, -1, 0
250, -1, -1
129, -1, 0
124, -1, 0
247, -1, 0
128, 0, -1
125, -1, 0
125, -1, 0
247, -1, -1
128, -1, 0
247, -1, 0
128, -1, -1
247, -1, 0
128, -1, 0
247, -1, -1
128, -1, 0
247, -1, 0
128, -1, -1
125, -1, 0
247, -1, 0
128, 0, -1
125, -1, 0
125, -1, 0
125, -1, 0
125, 0, -1
125, -1, 0
125, -1, 0
125, -1, 0
125, 0, -1
125, -1, 0
125, -1, 0
247, -1, 0
128, -1, -1
125, -1, 0
247, -1, 0
128, -1, -1
128, -1, 0
245, -1, 0
127, -1, -1
125, -1, 0
247, -1, 0
128, -1, 0
125, -1, -1
125, -1, 0
247, -1, 0
128, -1, 0
125, -1, -1
247, -1, 0
128, -1, 0
125, -1, -1
247, -1, 0
130, -1, 0
127, -1, -1
124, -1, 0
244, -1, 0
128, -1, 0
132, -1, -1
118, -1, 0
247, -1, 0
128, -1, 0
142, -1, -1
108, -1, 0
125, -1, 0
248, -1, -1
128, -1, 0
126, -1, 0
125, -1, 0
246, -1, -1
127, -1, 0
126, -1, 0
124, -1, 0
125, -1, -1
125, -1, 0
248, -1, 0
128, -1, 0
124, -1, 0
125, -1, -1
125, -1, 0
247, -1, 0
128, -1, 0
125, -1, -1
125, -1, 0
125, -1, 0
250, -1, 0
251, -1, -1
124, -2, 0
125, -1, 0
125, -1, 0
125, -1, -1
125, -1, 0
250, -2, 0
249, -1, -1
126, -1, 0
125, -1, 0
125, -1, 0
247, -2, 0
128, 0, -1
125, -1, 0
127, -1, 0
123, -1, 0
125, -1, 0
125, -1, -1
125, -1, 0
125, -1, 0
125, -1, 0
247, -1, 0
128, -1, -1
125, -1, 0
124, -1, 0
126, -1, 0
125, -1, 0
125, -1, 0
125, -1, -1
125, -1, 0
247, -1, 0
128, -1, 0
125, -1, 0
125, -1, -1
125, -1, 0
125, -1, 0
125, -1, 0
125, -1, 0
125, -1, 0
125, -1, 0
125, -1, -1
125, -1, 0
125, -1, 0
247, -2, 0
250, -2, 0
128, 0, -1
125, -1, 0
125, -1, 0
129, -1, 0
127, -1, 0
124, -1, 0
123, -1, 0
126, -1, -1
124, -1, 0
127, -1, 0
127, -1, 0
127, -1, 0
129, -1, 0
125, -1, 0
120, -1, 0
127, -1, 0
126, -1, -1
124, -1, 0
122, -1, 0
128, -1, 0
122, -1, 0
127, -1, 0
127, -1, 0
134, -1, 0
233, -2, -1
132, -1, 0
124, -1, 0
123, -1, 0
245, -2, 0
249, -2, 0
252, -2, 0
128, -1, -1
125, -1, 0
250, -2, 0
247, -1, 0
127, -2, 0
248, -2, 0
249, -2, 0
129, -1, 0
124, -1, 0
125, -1, 0
124, -1, 0
126, -1, -1
125, -1, 0
124, -1, 0
248, -2, 0
127, -1, 0
125, -1, 0
125, -1, 0
125, -1, 0
125, -1, 0
124, -1, 0
125, -1, 0
125, -1, 0
126, -1, -1
124, -1, 0
126, -1, 0
125, -1, 0
125, -1, 0
124, -1, 0
125, -1, 0
132, -1, 0
120, -1, 0
124, -1, 0
128, -1, 0
124, -1, 0
125, -1, 0
125, -1, 0
124, -1, 0
348, -1, 0
148, -1, 0
124, -3, 0
125, -1, 0
137, -2, 0
236, -1, 0
130, -1, 0
135, -1, 0
119, -2, 0
246, -2, 0
124, -1, 0
125, -1, 0
249, -2, 0
127, -1, 0
123, -1, 0
125, -1, 0
127, -1, 0
124, -1, 0
125, -1, 0
131, -1, 0
120, -1, 0
125, -1, 0
123, -1, 0
125, -1, 0
125, -1, 0
125, -1, 0
124, -1, 0
126, -1, 0
126, -1, 0
124, -1, 0
124, -1, 0
126, -1, 0
126, -1, 0
124, -1, 0
125, -2, 0
254, -2, 0
124, -1, 0
249, -2, 0
246, -2, 0
126, -1, 0
126, -1, 0
124, -1, 0
124, -1, 0
126, -1, 0
125, -1, 0
125, -1, 0
125, -1, 0
125, -1, 0
125, -1, 0
129, -1, 0
132, -1, 0
122, -1, 0
121, -1, 0
126, -2, 0
247, -2, 0
253, -1, 0
128, -2, 0
243, -2, 0
131, -1, 0
130, -1, 0
123, -1, 0
131, -1, 0
127, -1, 0
117, -1, 0
125, -1, 0
128, -1, 0
118, -1, 1
125, -1, 0
125, -1, 0
125, -1, 0
125, -2, 0
244, -2, 0
130, -1, 0
125, -1, 0
122, -1, 0
125, -1, 0
124, -1, 0
248, -2, 0
128, -1, 1
124, -1, 0
125, -1, 0
125, -1, 0
125, -1, 0
125, -1, 0
125, -1, 0
125, -1, 0
125, -1, 0
125, -1, 0
125, -1, 0
125, -1, 0
125, -1, 1
125, -1, 0
125, -1, 0
125, -1, 0
125, -1, 0
125, -1, 0
125, -1, 0
125, -1, 0
125, -1, 0
125, -1, 0
125, -1, 0
125, -1, 0
125, -1, 1
125, -1, 0
125, -1, 0
125, -2, 0
247, -2, 0
250, -1, 0
128, -2, 0
247, -1, 0
128, -1, 1
127, -2, 0
246, -2, 0
252, -2, 0
247, -2, 0
250, -1, 1
127, -1, 0
125, -1, 0
125, -2, 0
247, -1, 0
129, -1, 0
124, -1, 1
125, -1, 0
125, -2, 0
247, -1, 0
128, -1, 0
125, -1, 0
125, -1, 0
125, -1, 0
125, -1, 1
129, -1, 0
126, -1, 0
130, -1, 0
122, -1, 0
124, -1, 0
124, -1, 0
124, -1, 0
126, -1, 1
125, -1, 0
125, -1, 0
124, -1, 0
125, -1, 0
128, -1, 0
124, -1, 0
124, -1, 1
126, -1, 0
249, -2, 0
247, -2, 0
248, -2, 0
129, 0, 1
125, -1, 0
125, -1, 0
125, -1, 0
127, -1, 0
127, -1, 0
119, -1, 0
126, -1, 0
126, -1, 1
124, -1, 0
128, -1, 0
122, -1, 0
123, -1, 0
251, -2, 1
245, -1, 0
128, -1, 0
127, -1, 0
123, -1, 0
126, -1, 0
124, -1, 1
126, -1, 0
125, -1, 0
248, -2, 0
250, -1, 1
138, -1, 0
119, -1, 0
122, -1, 0
124, -1, 0
126, -1, 0
256, -2, 1
260, -1, 0
116, -1, 0
117, -1, 0
128, -1, 0
247, -1, 1
132, -1, 0
124, -1, 0
122, -1, 0
126, -1, 0
125, -1, 1
125, -1, 0
243, -1, 0
127, -1, 0
126, -1, 0
123, -1, 1
126, -1, 0
249, -1, 0
127, -1, 0
125, -1, 0
124, -1, 1
249, -1, 0
130, -1, 0
123, -1, 0
124, -1, 0
246, -1, 1
128, -1, 0
125, -1, 0
126, -1, 0
125, -1, 0
125, 0, 1
126, -1, 0
125, -1, 0
126, -1, 0
246, -1, 0
127, -1, 1
124, -1, 0
125, -1, 0
249, -1, 0
126, -1, 0
126, -1, 1
247, -1, 0
128, -1, 0
261, -1, 0
114, -1, 1
125, -1, 0
247, -1, 0
127, -1, 0
267, -1, 1
236, -1, 0
123, -1, 0
126, -1, 0
123, -1, 1
132, -1, 0
242, -1, 0
128, -1, 0
249, -1, 1
125, -1, 0
246, -1, 0
128, -1, 0
247, -1, 1
128, -1, 0
250, -1, 0
134, -1, 0
120, 0, 1
131, -1, 0
124, -1, 0
239, -1, 0
251, -1, 1
130, -1, 0
125, -1, 0
250, -1, 0
247, -1, 1
132, -1, 0
245, -1, 0
253, -1, 1
247, -1, 0
127, -1, 0
245, -1, 0
131, 0, 1
124, -1, 0
126, -1, 0
369, -1, 0
128, -1, 1
246, -1, 0
250, -1, 0
129, 0, 1
126, -1, 0
123, -1, 0
374, -1, 0
250, -1, 1
246, -1, 0
256, -1, 0
248, -1, 1
248, -1, 0
258, -1, 0
121, 0, 1
152, -1, 0
355, -1, 0
250, -1, 1
241, -1, 0
251, -1, 0
251, 0, 1
124, -1, 0
247, -1, 0
375, -1, 1
250, -1, 0
502, -1, 1
247, -1, 0
421, -1, 0
82, 0, 1
247, -1, 0
378, -1, 0
125, 0, 1
373, -1, 0
407, -1, 1
469, -1, 0
248, 0, 1
127, -1, 0
501, -1, 0
247, 0, 1
622, -1, 0
255, 0, 1
124, -1, 0
400, 0, 1
222, -1, 0
784, -1, 1
717, 0, 1
250, -1, 0
661, 0, 1
500, -1, 0
339, 0, 1
912, 0, 1
970, 0, 1
999, 0, 1
1160, 0, 1
1101, 0, 1
1128, 0, 1
606, 1, 0
503, 0, 1
873, 1, 0
409, 0, 1
715, 1, 0
374, 0, 1
504, 1, 0
502, 0, 1
377, 1, 0
751, 0, 1
120, 1, 0
750, 1, 1
788, 1, 0
86, 0, 1
498, 1, 0
542, 0, 1
84, 1, 0
624, 1, 1
659, 1, 0
93, 0, 1
382, 1, 0
557, 0, 1
65, 1, 0
539, 1, 0
86, 0, 1
459, 1, 0
416, 1, 1
540, 1, 0
203, 0, 1
251, 1, 0
393, 0, 1
108, 1, 0
407, 1, 0
215, 0, 1
128, 1, 0
532, 1, 0
216, 0, 1
128, 1, 0
379, 0, 1
122, 1, 0
374, 1, 0
248, 0, 1
128, 1, 0
409, 1, 0
89, 0, 1
373, 1, 0
376, 1, 1
411, 1, 0
213, 1, 1
500, 1, 0
128, 0, 1
125, 1, 0
408, 1, 0
91, 0, 1
248, 1, 0
250, 1, 0
127, 0, 1
248, 1, 0
375, 1, 1
250, 1, 0
250, 0, 1
127, 1, 0
373, 1, 0
130, 0, 1
122, 1, 0
377, 1, 0
249, 0, 1
124, 1, 0
126, 1, 0
245, 0, 1
128, 1, 0
248, 1, 0
249, 0, 1
128, 1, 0
248, 1, 0
250, 1, 1
377, 1, 0
128, 0, 1
123, 1, 0
373, 1, 0
128, 0, 1
125, 1, 0
246, 1, 0
250, 1, 0
128, 0, 1
125, 1, 0
247, 1, 0
128, 0, 1
125, 1, 0
409, 1, 0
91, 0, 1
125, 1, 0
247, 1, 0
128, 0, 1
125, 1, 0
373, 1, 0
127, 1, 1
248, 1, 0
380, 1, 1
244, 1, 0
250, 1, 1
250, 1, 0
250, 1, 0
128, 0, 1
125, 1, 0
247, 1, 0
250, 1, 1
250, 1, 0
254, 1, 1
258, 1, 0
240, 1, 0
129, 0, 1
126, 1, 0
246, 1, 0
250, 1, 1
252, 1, 0
250, 1, 1
247, 1, 0
131, 1, 0
126, 0, 1
123, 1, 0
244, 1, 0
251, 1, 1
250, 1, 0
250, 1, 0
132, 0, 1
124, 1, 0
125, 1, 0
244, 1, 1
250, 1, 0
250, 1, 0
128, 0, 1
126, 1, 0
246, 1, 0
127, 1, 1
246, 1, 0
251, 1, 1
250, 1, 0
128, 1, 0
247, 1, 1
127, 1, 0
247, 1, 0
128, 0, 1
126, 1, 0
246, 1, 0
128, 1, 1
408, 1, 0
217, 1, 0
125, 1, 1
124, 1, 0
247, 1, 1
128, 1, 0
247, 1, 0
250, 1, 1
128, 1, 0
247, 1, 0
250, 1, 1
128, 1, 0
249, 1, 0
132, 1, 1
243, 1, 0
130, 1, 0
244, 1, 1
250, 1, 0
131, 1, 0
126, 0, 1
124, 1, 0
244, 1, 0
131, 1, 0
125, 1, 1
244, 1, 0
250, 1, 1
131, 1, 0
244, 1, 0
131, 1, 0
125, 0, 1
126, 1, 0
124, 1, 0
244, 1, 0
129, 1, 1
250, 1, 0
126, 1, 0
125, 0, 1
125, 1, 0
123, 1, 0
247, 1, 0
128, 1, 1
248, 1, 0
127, 1, 0
247, 1, 1
128, 1, 0
247, 1, 0
128, 1, 0
125, 1, 1
247, 1, 0
128, 1, 0
126, 0, 1
128, 1, 0
121, 1, 0
252, 1, 0
124, 1, 0
248, 1, 1
127, 1, 0
125, 1, 0
249, 1, 1
129, 1, 0
269, 1, 0
128, 1, 0
230, 1, 1
125, 1, 0
242, 1, 0
128, 1, 0
127, 1, 1
248, 1, 0
125, 1, 0
246, 1, 0
128, 1, 1
127, 1, 0
247, 1, 0
127, 1, 0
130, 1, 0
119, 0, 1
125, 1, 0
125, 1, 0
248, 1, 0
128, 1, 0
128, 1, 1
245, 1, 0
132, 1, 0
241, 1, 0
139, 1, 1
114, 1, 0
246, 1, 0
129, 1, 0
126, 1, 0
248, 1, 1
128, 1, 0
123, 1, 0
249, 1, 0
126, 1, 1
248, 1, 0
127, 1, 0
316, 1, 0
184, 1, 0
125, 2, 1
247, 1, 0
128, 1, 0
246, 1, 1
128, 1, 0
125, 1, 0
247, 1, 0
128, 1, 0
125, 1, 0
247, 1, 1
134, 1, 0
125, 1, 0
244, 1, 0
130, 1, 0
125, 1, 0
132, 1, 0
118, 0, 1
125, 1, 0
125, 1, 0
125, 1, 0
247, 1, 0
127, 1, 0
244, 1, 1
131, 1, 0
127, 1, 0
249, 1, 0
125, 1, 0
129, 1, 0
239, 1, 1
131, 1, 0
125, 1, 0
127, 1, 0
243, 1, 0
128, 1, 0
123, 1, 1
248, 1, 0
127, 1, 0
125, 1, 0
247, 1, 0
128, 1, 0
247, 1, 1
128, 1, 0
125, 1, 0
247, 1, 0
128, 1, 0
125, 1, 0
247, 1, 0
128, 1, 0
125, 1, 0
125, 0, 1
125, 1, 0
125, 1, 0
125, 1, 0
125, 1, 0
247, 1, 0
128, 1, 0
248, 1, 1
128, 1, 0
124, 1, 0
247, 1, 0
128, 1, 0
125, 1, 0
248, 1, 0
132, 1, 0
248, 1, 1
147, 1, 0
110, 1, 0
245, 1, 0
129, 1, 0
118, 1, 0
126, 1, 0
248, 1, 0
126, 1, 0
125, 0, 1
124, 1, 0
126, 1, 0
125, 1, 0
247, 1, 0
128, 1, 0
248, 1, 0
126, 1, 0
125, 1, 0
125, 1, 0
125, 0, 1
125, 1, 0
125, 1, 0
247, 1, 0
128, 1, 0
125, 1, 0
126, 1, 0
247, 1, 0
127, 1, 0
248, 1, 0
127, 1, 1
125, 1, 0
251, 1, 0
124, 1, 0
125, 1, 0
248, 1, 0
127, 1, 0
253, 1, 0
124, 1, 0
123, 1, 0
247, 1, 1
127, 1, 0
125, 1, 0
247, 1, 0
128, 1, 0
247, 1, 0
128, 1, 0
248, 1, 0
127, 1, 0
247, 1, 0
128, 1, 0
125, 1, 0
248, 1, 1
127, 1, 0
247, 1, 0
128, 1, 0
125, 1, 0
247, 1, 0
128, 1, 0
125, 1, 0
248, 1, 0
127, 1, 0
247, 1, 0
127, 1, 0
248, 1, 0
128, 1, 0
250, 1, 1
135, 1, 0
119, 1, 0
244, 1, 0
131, 1, 0
245, 1, 0
131, 1, 0
244, 1, 0
130, 1, 0
244, 1, 0
131, 1, 0
125, 1, 0
244, 1, 0
131, 1, 0
244, 1, 0
131, 1, 0
126, 1, 0
247, 1, 0
265, 1, 1
110, 1, 0
247, 1, 0
128, 1, 0
125, 1, 0
254, 1, 0
122, 1, 0
245, 1, 0
129, 1, 0
246, 1, 0
127, 1, 0
247, 1, 0
128, 1, 0
247, 1, 0
128, 1, 0
247, 1, 0
250, 1, 0
130, 1, 0
251, 1, 0
131, 1, 0
121, 0, 1
121, 1, 0
124, 1, 0
249, 1, 0
249, 1, 0
127, 1, 0
249, 1, 0
130, 1, 0
123, 1, 0
250, 1, 0
247, 1, 0
127, 1, 0
246, 1, 0
250, 1, 0
128, 1, 0
248, 1, 0
128, 1, 0
246, 1, 0
128, 1, 0
247, 1, 0
252, 1, 0
127, 1, 0
246, 1, 0
128, 1, 0
336, 1, 0
167, 1, 0
122, 1, 0
247, 1, 0
250, 1, 0
142, 1, 0
233, 1, 0
250, 1, 0
129, 1, 0
246, 1, 0
250, 1, 0
128, 1, 0
255, 1, 0
242, 1, 0
250, 1, 0
127, 1, 0
248, 1, 0
250, 1, 0
127, 1, 0
248, 1, 0
250, 1, 0
250, 1, 0
128, 1, 0
398, 1, 0
101, 1, 0
248, 1, 0
250, 1, 0
128, 1, 0
254, 1, 0
242, 1, 0
254, 1, 0
249, 1, 0
250, 1, 0
130, 1, 0
244, 1, 0
250, 1, 0
251, 1, 0
250, 1, 0
250, 1, 0
250, 1, 0
254, 1, 0
248, 1, 0
247, 1, 0
250, 1, 0
132, 0, -1
124, 1, 0
243, 1, 0
250, 1, 0
251, 1, 0
249, 1, 0
250, 1, 0
250, 1, 0
255, 1, 0
251, 1, 0
249, 1, 0
246, 1, 0
249, 1, 0
253, 1, 0
247, 1, 0
127, 0, -1
248, 1, 0
253, 1, 0
249, 1, 0
250, 1, 0
248, 1, 0
377, 1, 0
248, 1, 0
250, 1, 0
375, 1, 0
252, 1, 0
249, 0, -1
132, 1, 0
333, 1, 0
168, 1, 0
414, 1, 0
203, 1, 0
249, 1, 0
375, 1, 0
129, 0, -1
247, 1, 0
249, 1, 0
467, 1, 0
359, 1, 0
175, 1, 0
249, 1, 0
411, 1, 0
92, 0, -1
247, 1, 0
408, 1, 0
218, 1, 0
376, 1, 0
533, 1, 0
216, 1, 0
250, 0, -1
127, 1, 0
408, 1, 0
215, 1, 0
549, 1, 0
358, 1, -1
218, 1, 0
502, 1, 0
374, 1, 0
500, 1, -1
249, 1, 0
540, 1, 0
335, 1, 0
502, 1, 0
249, 0, -1
130, 1, 0
499, 1, 0
500, 1, 0
370, 1, 0
249, 0, -1
251, 1, 0
500, 1, 0
534, 1, 0
216, 0, -1
251, 1, 0
533, 1, 0
500, 1, 0
216, 0, -1
249, 1, 0
628, 1, 0
498, 0, -1
127, 1, 0
519, 1, 0
645, 1, 0
86, 0, -1
548, 1, 0
611, 1, 0
213, 0, -1
505, 1, 0
808, 1, 0
69, 0, -1
656, 1, 0
465, 0, -1
249, 1, 0
785, 1, 0
215, 0, -1
625, 1, 0
624, 0, -1
249, 1, 0
1043, 1, -1
832, 1, 0
128, 0, -1
999, 1, 0
253, 0, -1
1180, 1, -1
1066, 0, -1
249, 1, 0
912, 0, -1
1002, 0, -1
89, 1, 0
999, 0, -1
999, 0, -1
1001, 0, -1
128, 1, 0
784, 0, -1
837, 0, -1
912, 0, -1
1001, 0, -1
740, 0, -1
854, 0, -1
867, 0, -1
677, 0, -1
859, 0, -1
750, 0, -1
590, 0, -1
510, -1, 0
245, 0, -1
675, 0, -1
696, 0, -1
248, -1, 0
375, 0, -1
626, 0, -1
625, -1, 0
128, 0, -1
496, 0, -1
629, -1, -1
622, 0, -1
499, -1, 0
127, 0, -1
523, 0, -1
475, -1, 0
127, 0, -1
649, 0, -1
224, -1, 0
249, 0, -1
528, -1, -1
599, 0, -1
250, -1, 0
249, 0, -1
502, -1, -1
651, -1, -1
474, 0, -1
249, -1, 0
131, 0, -1
527, -1, 0
115, 0, -1
352, 0, -1
126, -1, 0
548, 0, -1
200, -1, 0
249, 0, -1
250, -1, 0
128, 0, -1
531, -1, -1
466, 0, -1
127, -1, 0
405, 0, -1
95, -1, 0
249, 0, -1
255, -1, 0
250, 0, -1
372, -1, 0
125, 0, -1
404, -1, 0
98, 0, -1
395, -1, 0
104, 0, -1
371, -1, -1
533, -1, -1
343, -1, 0
127, 0, -1
419, -1, -1
461, -1, -1
368, -1, -1
375, 0, -1
127, -1, 0
374, 0, -1
126, -1, 0
247, 0, -1
128, -1, 0
247, 0, -1
258, -1, 0
244, 0, -1
126, -1, 0
247, 0, -1
128, -1, 0
419, -1, -1
352, 0, -1
104, -1, 0
382, -1, -1
366, 0, -1
131, -1, 0
244, -1, -1
406, -1, 0
99, 0, -1
402, -1, -1
217, -1, 0
250, 0, -1
134, -1, 0
242, 0, -1
131, -1, 0
243, 0, -1
131, -1, 0
244, -1, 0
131, 0, -1
244, -1, 0
127, 0, -1
247, -1, 0
128, 0, -1
248, -1, 0
129, 0, -1
124, -1, 0
248, 0, -1
127, -1, 0
399, -1, -1
224, -1, 0
127, 0, -1
246, -1, 0
250, -1, -1
250, 0, -1
128, -1, 0
247, -1, 0
128, 0, -1
247, -1, 0
128, 0, -1
125, -1, 0
247, 0, -1
128, -1, 0
247, -1, 0
128, 0, -1
125, -1, 0
248, 0, -1
127, -1, 0
249, -1, 0
126, 0, -1
125, -1, 0
247, 0, -1
129, -1, 0
247, -1, 0
127, 0, -1
126, -1, 0
247, -1, -1
381, -1, 0
122, 0, -1
129, -1, 0
124, -1, 0
122, 0, -1
246, -1, 0
250, -1, -1
250, -1, 0
128, 0, -1
126, -1, 0
247, -1, -1
581, -1, 0
172, -1, -1
124, -1, 0
126, 0, -1
124, -1, 0
248, -1, 0
128, 0, -1
124, -1, 0
247, -1, 0
128, 0, -1
125, -1, 0
248, -1, -1
249, -1, 0
252, -1, 0
131, 0, -1
124, -1, 0
244, -1, -1
250, -1, 0
250, -1, -1
250, -1, 0
131, -1, 0
125, 0, -1
125, -1, 0
244, -1, 0
131, 0, -1
125, -1, 0
244, -1, 0
131, 0, -1
132, -1, 0
237, -1, 0
131, -1, -1
244, -1, 0
251, -1, -1
249, -1, 0
249, -1, 0
128, 0, -1
125, -1, 0
125, -1, 0
247, -1, -1
250, -1, 0
250, -1, 0
128, 0, -1
126, -1, 0
124, -1, 0
247, -1, -1
250, -1, 0
250, -1, 0
128, -1, -1
247, -1, 0
128, -1, 0
126, 0, -1
128, -1, 0
244, -1, 0
249, -1, 0
129, -1, -1
246, -1, 0
250, -1, -1
129, -1, 0
247, -1, 0
128, -1, 0
125, 0, -1
124, -1, 0
247, -1, 0
128, -1, 0
248, -1, -1
250, -1, 0
128, -1, 0
247, -1, 0
127, 0, -1
125, -1, 0
125, -1, 0
247, -1, 0
128, -1, -1
247, -1, 0
250, -1, 0
128, -1, 0
125, 0, -1
125, -1, 0
247, -1, 0
128, -1, 0
247, -1, -1
128, -1, 0
247, -1, 0
129, -1, 0
246, -1, 0
128, 0, -1
125, -1, 0
125, -1, 0
247, -1, 0
128, -1, 0
247, -1, -1
254, -1, 0
124, -1, 0
125, -1, 0
249, -1, 0
126, -1, 0
247, -1, -1
250, -1, 0
128, -1, 0
125, -1, 0
247, -1, 0
128, -1, -1
247, -1, 0
250, -1, 0
128, -1, 0
126, -1, 0
247, -1, 0
127, 0, -1
126, -1, 0
160, -1, 0
220, -1, 0
128, -1, 0
123, -1, 0
246, -1, 0
253, -1, -1
123, -1, 0
250, -1, 0
125, -1, 0
137, -1, 0
238, -1, 0
128, -1, 0
125, -1, 0
245, -1, 0
126, -1, -1
250, -1, 0
250, -1, 0
126, -1, 0
126, -1, 0
249, -1, 0
129, -1, 0
122, -1, 0
247, -1, 0
126, -1, 0
277, -1, -1
124, -1, 0
228, -1, 0
134, -1, 0
232, -1, 0
128, -1, 0
252, -1, 0
126, -1, 0
122, -1, 0
248, -1, 0
126, -1, 0
249, -1, 0
127, -1, 0
248, -1, 0
127, -1, 0
126, 0, -1
125, -1, 0
124, -1, 0
126, -1, 0
256, -1, 0
133, -1, 0
127, -1, 0
246, -1, 0
116, -1, 0
248, -1, 0
131, -1, 0
120, -1, 0
246, -1, 0
128, -1, 0
125, -1, 0
250, -1, 0
126, -1, 0
249, -1, 0
128, -1, 0
124, -1, 0
249, -1, 0
129, -1, 0
245, -1, 0
126, -1, 0
250, -1, 0
128, -1, 0
120, -1, 0
246, -1, 0
127, -1, 0
248, -1, 0
128, -1, 0
124, -1, 0
248, -1, 0
135, -1, 0
122, -1, 0
248, -1, 0
123, -1, 0
125, -1, 0
264, -1, 0
111, -1, 0
124, -1, 0
248, -1, 0
127, -1, 0
125, -1, 0
247, -1, 0
128, -1, 0
125, -1, 0
247, -1, 0
128, -1, 0
125, -1, 0
247, -1, 0
128, -1, 0
247, -1, 0
129, -1, 0
124, -1, 0
247, -1, 0
128, -1, 0
125, -1, 0
247, -1, 0
139, -1, 0
127, 0, 1
121, -1, 0
122, -1, 0
125, -1, 0
244, -2, 0
252, -1, 0
249, -1, 0
134, -1, 0
121, -1, 0
128, -1, 0
245, -1, 0
127, -1, 0
125, -1, 0
246, -1, 1
130, -1, 0
125, -1, 0
244, -1, 0
131, -1, 0
244, -1, 0
131, -1, 0
134, -1, 0
235, -2, 0
248, -1, 0
128, -1, 1
125, -1, 0
256, -1, 0
121, -1, 0
246, -1, 0
125, -1, 0
125, -1, 0
261, -1, 1
120, -1, 0
128, -1, 0
244, -1, 0
123, -1, 0
124, -1, 0
127, -1, 0
246, -1, 0
130, -1, 0
123, -1, 1
247, -1, 0
204, -1, 0
202, -1, 0
100, -1, 0
124, -1, 0
248, -1, 1
125, -1, 0
126, -1, 0
249, -1, 0
125, -1, 0
125, -1, 0
124, -1, 0
261, -1, 1
115, -1, 0
248, -1, 0
127, -1, 0
125, -1, 0
248, -1, 0
129, -1, 1
125, -1, 0
247, -1, 0
127, -1, 0
125, -1, 0
328, -1, 0
49, -1, 1
123, -1, 0
250, -1, 0
124, -1, 0
247, -1, 1
127, -1, 0
125, -1, 0
125, -1, 0
249, -1, 0
128, -1, 1
246, -1, 0
130, -1, 0
286, -1, 0
212, -1, 0
124, -1, 1
126, -1, 0
126, -1, 0
123, -1, 0
127, -1, 0
126, 0, 1
123, -1, 0
124, -1, 0
248, -1, 0
127, -1, 0
129, -1, 0
122, 0, 1
124, -1, 0
125, -1, 0
247, -1, 1
150, -1, 0
104, -1, 0
248, -1, 0
128, -1, 0
245, -1, 1
128, -1, 0
125, -1, 0
247, -1, 0
128, -1, 0
125, -1, 1
247, -1, 0
128, -1, 0
247, -1, 1
128, -1, 0
125, -1, 0
247, -1, 0
128, -1, 0
125, 0, 1
125, -1, 0
247, -1, 0
129, -1, 0
124, -1, 1
255, -1, 0
121, -1, 0
125, -1, 0
253, -1, 1
124, -1, 0
250, -1, 0
254, -1, 1
128, -1, 0
120, -1, 0
244, -1, 1
133, -1, 0
123, -1, 0
249, -1, 0
247, -1, 1
132, -1, 0
243, -1, 0
130, -1, 0
127, -1, 1
240, -1, 0
132, -1, 0
244, -1, 1
132, -1, 0
244, -1, 0
132, -1, 1
243, -1, 0
129, -1, 0
246, -1, 0
126, -1, 1
248, -1, 0
127, -1, 0
125, 0, 1
125, -1, 0
248, -1, 0
127, -1, 1
126, -1, 0
262, -1, 0
235, -1, 1
127, -1, 0
247, -1, 0
127, 0, 1
126, -1, 0
125, -1, 0
125, -1, 0
252, -1, 1
249, -1, 0
127, -1, 0
125, 0, 1
124, -1, 0
249, -1, 0
124, -1, 1
247, -1, 0
127, -1, 0
249, -1, 1
261, -1, 0
118, -1, 0
124, 0, 1
125, -1, 0
251, -1, 0
375, -1, 1
259, -1, 0
114, -2, 1
246, -1, 0
129, -1, 0
125, 0, 1
125, -1, 0
246, -1, 0
129, 0, 1
124, -1, 0
125, -1, 0
247, -1, 1
250, -1, 0
250, -1, 1
128, -1, 0
246, -1, 0
251, -1, 1
250, -1, 0
128, -1, 1
247, -1, 0
250, -1, 1
249, -1, 0
251, -1, 1
249, -1, 0
128, -1, 0
137, 0, 1
122, -1, 0
243, -1, 0
128, 0, 1
125, -1, 0
125, -1, 0
246, 0, 1
129, -1, 0
134, -1, 0
237, -1, 1
250, -1, 0
249, -1, 1
251, -1, 0
250, -1, 1
250, -1, 0
249, -1, 1
130, -1, 0
245, -1, 1
380, -1, 0
121, -1, 1
247, -1, 0
251, -1, 1
249, -1, 0
250, -1, 1
405, -1, 0
117, 0, 1
113, -1, 0
245, -1, 0
126, 0, 1
124, -1, 0
249, -1, 0
127, 0, 1
126, -1, 0
373, -1, 1
250, -1, 0
249, -1, 1
249, -1, 0
124, 0, 1
125, -1, 0
248, -1, 0
127, 0, 1
248, -1, 0
250, -1, 1
251, -1, 0
250, 0, 1
127, -1, 0
247, -1, 0
128, 0, 1
125, -1, 0
252, 0, 1
128, -1, 0
246, -1, 0
246, -1, 1
376, -1, 1
374, -1, 1
254, -1, 0
246, 0, 1
128, -1, 0
247, -1, 0
127, 0, 1
248, -1, 0
128, 0, 1
125, -1, 0
400, 0, 1
101, -1, 0
250, -1, 0
128, 0, 1
247, -1, 0
124, 0, 1
125, -1, 0
374, 0, 1
128, -1, 0
245, -1, 0
128, 0, 1
247, -1, 0
127, 0, 1
248, -1, 0
249, 0, 1
129, -1, 0
374, 0, 1
125, -1, 0
248, 0, 1
127, -1, 0
400, -1, 1
351, -1, 1
497, -1, 1
376, -1, 0
131, 0, 1
369, -1, 1
530, -1, 1
347, -1, 0
129, 0, 1
371, -1, 1
504, 0, 1
125, -1, 0
398, -1, 1
472, 0, 1
126, -1, 0
247, 0, 1
249, -1, 0
251, 0, 1
400, -1, 0
103, 0, 1
399, 0, 1
103, -1, 0
374, 0, 1
248, -1, 0
248, 0, 1
554, -1, 1
370, 0, 1
200, -1, 0
375, 0, 1
384, 0, 1
120, -1, 0
381, 0, 1
495, -1, 1
687, 0, 1
311, -1, 1
541, 0, 1
459, 0, 1
249, -1, 0
250, 0, 1
527, 0, 1
475, 0, 1
681, 0, 1
69, -1, 0
247, 0, 1
653, 0, 1
473, 0, 1
531, 0, 1
666, 0, 1
456, 0, 1
480, 0, 1
658, 0, 1
459, 0, 1
499, 0, 1
626, 0, 1
705, 0, 1
294, 1, 0
250, 0, 1
501, 0, 1
662, 1, 1
587, 0, 1
375, 1, 0
251, 0, 1
655, 0, 1
95, 1, 0
404, 0, 1
344, 1, 0
250, 0, 1
558, 1, 0
192, 0, 1
523, 1, 1
721, 1, 1
510, 1, 1
652, 1, 0
99, 0, 1
396, 1, 0
224, 0, 1
251, 1, 0
509, 0, 1
121, 1, 0
371, 1, 1
498, 1, 0
250, 0, 1
250, 1, 0
400, 1, 0
115, 0, 1
362, 1, 0
375, 1, 1
448, 1, 0
59, 0, 1
243, 1, 0
525, 1, 1
351, 1, 0
248, 0, 1
131, 1, 0
399, 1, 0
101, 0, 1
125, 1, 0
370, 1, 0
248, 0, 1
128, 1, 0
373, 1, 1
249, 1, 0
406, 1, 1
219, 1, 0
405, 1, 0
98, 0, 1
125, 1, 0
405, 1, 1
217, 1, 0
253, 1, 0
127, 0, 1
246, 1, 0
249, 1, 0
128, 0, 1
247, 1, 0
250, 1, 1
250, 1, 0
250, 1, 0
128, 0, 1
125, 1, 0
400, 1, 0
100, 1, 1
247, 1, 0
250, 0, 1
128, 1, 0
247, 1, 0
250, 1, 1
128, 1, 0
375, 1, 0
129, 0, 1
125, 1, 0
125, 1, 0
244, 1, 0
130, 0, 1
243, 1, 0
255, 1, 0
124, 1, 1
248, 1, 0
250, 1, 1
250, 1, 0
127, 1, 0
268, 1, 1
235, 1, 0
246, 1, 0
129, 1, 1
247, 1, 0
251, 1, 1
249, 1, 0
247, 1, 0
128, 1, 1
247, 1, 0
250, 1, 0
128, 1, 1
247, 1, 0
250, 1, 1
128, 1, 0
249, 1, 0
249, 1, 1
139, 1, 0
237, 1, 0
250, 1, 0
140, 1, 1
239, 1, 0
131, 1, 0
122, 0, 1
126, 1, 0
124, 1, 0
244, 1, 0
129, 1, 1
245, 1, 0
250, 1, 0
130, 1, 0
133, 0, 1
117, 1, 0
125, 1, 0
245, 1, 0
127, 1, 1
247, 1, 0
127, 1, 0
247, 1, 0
128, 1, 1
248, 1, 0
127, 1, 0
247, 1, 1
128, 1, 0
125, 1, 0
247, 1, 0
128, 1, 0
125, 0, 1
125, 1, 0
125, 1, 0
247, 1, 0
128, 1, 0
126, 0, 1
124, 1, 0
125, 1, 0
125, 1, 0
247, 1, 0
128, 1, 1
247, 1, 0
128, 1, 0
125, 1, 0
247, 1, 0
128, 1, 1
125, 1, 0
247, 1, 0
128, 1, 0
125, 1, 0
125, 0, 1
125, 1, 0
125, 1, 0
125, 1, 0
247, 1, 0
128, 1, 0
247, 1, 1
128, 1, 0
125, 1, 0
248, 1, 0
127, 1, 0
125, 1, 0
125, 1, 0
125, 0, 1
129, 1, 0
122, 1, 0
127, 1, 0
257, 1, 0
133, 1, 0
118, 1, 0
293, 1, 0
199, 0, 1
123, 3, 0
246, 1, 0
128, 1, 0
125, 1, 0
124, 1, 0
125, 1, 1
248, 1, 0
127, 1, 0
125, 1, 0
125, 1, 0
247, 1, 0
128, 1, 0
125, 1, 0
125, 1, 1
140, 1, 0
233, 1, 0
131, 1, 0
122, 1, 0
124, 1, 0
266, 2, 0
234, 1, 0
130, 1, 0
127, 1, 1
124, 1, 0
125, 1, 0
244, 1, 0
130, 1, 0
125, 1, 0
125, 1, 0
125, 1, 0
125, 1, 0
244, 1, 0
131, 1, 0
126, 1, 0
124, 1, 0
127, 1, 0
134, 1, 0
119, 1, 0
121, 1, 1
244, 2, 0
249, 1, 0
130, 1, 0
124, 1, 0
123, 1, 0
125, 1, 0
125, 1, 0
248, 2, 0
250, 1, 0
127, 1, 0
125, 1, 0
126, 1, 0
125, 1, 0
124, 1, 0
125, 1, 0
125, 1, 0
125, 1, 0
125, 1, 0
247, 2, 0
130, 1, 0
124, 1, 0
248, 2, 0
248, 1, 0
128, 1, 0
124, 1, 0
125, 1, 0
125, 1, 0
125, 1, 0
125, 1, 0
126, 1, 1
124, 1, 0
125, 1, 0
125, 1, 0
125, 1, 0
125, 1, 0
128, 1, 0
122, 1, 0
125, 1, 0
125, 1, 0
125, 1, 0
125, 1, 0
125, 1, 0
125, 1, 0
248, 1, 0
127, 1, 0
125, 1, 0
126, 2, 0
246, 1, 0
128, 1, 0
125, 2, 0
247, 2, 0
251, 2, 0
249, 1, 0
128, 2, 0
247, 2, 0
250, 2, 0
250, 2, 0
250, 2, 0
128, 1, 0
125, 0, -1
125, 2, 0
251, 2, 0
128, 1, 0
125, 1, 0
125, 1, 0
366, 1, 0
258, 1, 0
123, 4, 0
125, 1, 0
124, 1, 0
126, 1, 0
125, 1, -1
125, 1, 0
124, 1, 0
125, 1, 0
126, 1, 0
124, 1, 0
126, 1, 0
125, 1, 0
124, 1, 0
125, 1, 0
125, 1, 0
125, 2, -1
125, 1, 0
126, 1, 0
124, 1, 0
125, 1, 0
125, 1, 0
125, 1, 0
125, 1, 0
125, 1, 0
125, 1, 0
125, 1, -1
134, 1, 0
123, 1, 0
123, 1, 0
125, 1, 0
126, 2, 0
245, 2, 0
249, 1, 0
131, 2, -1
124, 1, 0
125, 1, 0
125, 1, 0
124, 1, 0
126, 1, 0
125, 1, 0
125, 1, 0
128, 2, -1
242, 1, 0
130, 2, 0
244, 2, 0
132, 1, 0
124, 1, -1
125, 1, 0
124, 1, 0
126, 1, 0
122, 1, 0
124, 1, 0
125, 1, 0
124, 1, 0
125, 1, 0
126, 2, -1
247, 2, 0
128, 1, 0
124, 1, 0
126, 1, 0
124, 1, 0
125, 1, -1
126, 1, 0
125, 1, 0
124, 1, 0
127, 2, 0
245, 2, -1
128, 1, 0
125, 1, 0
125, 1, 0
125, 1, 0
125, 1, 0
125, 1, 0
125, 1, -1
125, 1, 0
125, 2, 0
125, 1, 0
125, 1, 0
125, 1, -1
125, 1, 0
125, 1, 0
125, 1, 0
125, 1, 0
125, 1, 0
126, 1, -1
125, 1, 0
124, 2, 0
125, 1, 0
125, 1, 0
127, 1, 0
124, 1, -1
124, 1, 0
125, 2, 0
287, 1, 0
99, 2, -1
244, 2, 0
124, 1, 0
127, 1, 0
124, 1, -1
122, 1, 0
124, 1, 0
124, 2, 0
125, 1, 0
248, 2, -1
127, 1, 0
125, 1, 0
126, 1, 0
125, 1, 0
126, 1, -1
125, 2, 0
124, 1, 0
125, 1, 0
125, 1, 0
125, 1, -1
132, 1, 0
118, 1, 0
125, 1, 0
126, 1, 0
138, 2, -1
381, 2, 0
234, 1, 0
120, 3, -1
125, 1, 0
125, 1, 0
125, 2, -1
248, 2, 0
127, 1, 0
125, 1, 0
125, 1, -1
125, 1, 0
125, 1, 0
125, 1, 0
126, 1, 0
125, 1, -1
126, 2, 0
247, 2, 0
128, 1, -1
123, 1, 0
125, 1, 0
126, 1, 0
124, 1, 0
125, 1, -1
127, 1, 0
126, 1, 0
124, 2, 0
129, 0, -1
120, 2, 0
125, 1, 0
125, 1, 0
125, 1, 0
124, 1, -1
125, 1, 0
125, 1, 0
125, 1, 0
125, 1, 0
125, 1, -1
125, 1, 0
125, 2, 0
125, 1, 0
125, 1, -1
125, 1, 0
125, 1, 0
125, 1, 0
126, 1, -1
124, 1, 0
125, 2, 0
247, 1, -1
128, 2, 0
125, 1, 0
133, 1, 0
130, 1, 0
125, 1, -1
129, 1, 0
116, 1, 0
123, 1, 0
125, 1, -1
125, 1, 0
124, 1, 0
127, 2, 0
125, 0, -1
124, 2, 0
124, 1, 0
125, 1, 0
128, 1, -1
123, 1, 0
124, 1, 0
125, 1, 0
125, 1, -1
127, 1, 0
125, 1, 0
125, 1, 0
132, 1, -1
117, 1, 0
124, 2, 0
125, 1, 0
125, 1, -1
125, 1, 0
143, 1, 0
103, 1, 0
124, 1, -1
126, 1, 0
124, 1, 0
126, 1, 0
125, 1, -1
124, 1, 0
125, 1, 0
125, 1, 0
126, 1, -1
125, 2, 0
247, 2, 0
129, 0, -1
124, 1, 0
126, 2, 0
247, 2, -1
133, 1, 0
119, 1, 0
125, 1, -1
125, 1, 0
125, 1, 0
125, 1, 0
125, 1, -1
125, 1, 0
125, 1, 0
128, 1, 0
122, 1, -1
125, 1, 0
125, 1, 0
125, 1, 0
125, 1, -1
125, 1, 0
125, 1, 0
125, 1, -1
125, 1, 0
125, 1, 0
125, 1, 0
125, 1, -1
125, 1, 0
125, 2, 0
247, 1, -1
129, 1, 0
124, 2, 0
248, 1, -1
131, 1, 0
295, 1, 0
201, 2, -1
124, 2, 0
129, 1, -1
121, 1, 0
125, 2, 0
247, 1, -1
128, 1, 0
125, 1, 0
125, 1, 0
125, 1, -1
125, 1, 0
125, 1, 0
125, 1, -1
125, 1, 0
125, 1, 0
125, 1, 0
125, 1, -1
128, 1, 0
122, 1, 0
125, 1, -1
136, 1, 0
122, 1, 0
123, 1, 0
124, 1, -1
140, 1, 0
119, 1, 0
239, 2, -1
247, 1, 0
132, 1, -1
126, 1, 0
123, 1, 0
124, 1, 0
125, 1, -1
125, 1, 0
125, 1, 0
126, 1, 0
124, 1, -1
246, 1, 0
129, 1, -1
125, 1, 0
125, 1, 0
126, 1, 0
124, 1, -1
125, 1, 0
124, 1, 0
126, 1, -1
130, 1, 0
237, 1, 0
128, 1, -1
124, 1, 0
125, 1, 0
125, 1, -1
126, 1, 0
125, 1, 0
124, 1, -1
248, 1, 0
127, 1, 0
125, 1, -1
125, 1, 0
126, 1, 0
125, 1, 0
128, 0, -1
122, 1, 0
125, 1, 0
125, 1, -1
126, 1, 0
124, 1, 0
247, 1, -1
130, 1, 0
124, 1, 0
124, 1, -1
248, 1, 0
127, 1, 0
125, 1, -1
125, 1, 0
126, 1, 0
125, 1, -1
249, 1, 0
125, 1, -1
125, 1, 0
125, 1, 0
125, 1, 0
125, 0, -1
125, 1, 0
126, 1, 0
124, 1, -1
248, 1, 0
127, 1, 0
130, 1, -1
121, 1, 0
247, 1, 0
127, 1, -1
125, 1, 0
247, 1, -1
128, 1, 0
125, 1, 0
247, 1, -1
128, 1, 0
247, 1, -1
128, 1, 0
125, 1, 0
125, 1, 0
125, 0, -1
125, 1, 0
125, 1, 0
125, 1, -1
125, 1, 0
247, 1, 0
128, 0, -1
125, 1, 0
126, 1, 0
126, 1, 0
124, 0, -1
124, 1, 0
125, 1, -1
325, 1, 0
52, 1, 0
127, 0, -1
123, 1, 0
123, 1, 0
126, 1, -1
247, 1, 0
249, 1, -1
128, 1, 0
125, 1, 0
247, 1, -1
128, 1, 0
247, 1, -1
250, 1, 0
127, 1, -1
248, 1, 0
128, 1, 0
125, 0, -1
125, 1, 0
125, 1, 0
125, 0, -1
125, 1, 0
250, 1, 0
132, 1, -1
242, 1, 0
126, 0, -1
125, 1, 0
125, 1, 0
124, 0, -1
126, 1, 0
247, 1, 0
127, 0, -1
126, 1, 0
124, 1, 0
126, 0, -1
124, 1, 0
248, 1, -1
250, 1, 0
148, 1, 0
233, 1, -1
248, 1, -1
249, 1, 0
248, 1, -1
251, 1, 0
250, 1, -1
250, 1, 0
130, 0, -1
125, 1, 0
244, 1, 0
131, 0, -1
127, 1, 0
243, 1, 0
130, 0, -1
125, 1, 0
250, 1, -1
246, 1, 0
248, 1, -1
422, 1, 0
80, 0, -1
125, 1, 0
248, 1, -1
249, 1, 0
250, 0, -1
128, 1, 0
247, 1, -1
376, 1, 0
127, 0, -1
125, 1, 0
373, 1, -1
375, 1, 0
127, 0, -1
125, 1, 0
406, 1, -1
342, 1, -1
374, 1, 0
251, 0, -1
127, 1, 0
372, 1, -1
406, 1, 0
97, 0, -1
373, 1, -1
375, 1, 0
127, 0, -1
373, 1, 0
127, 0, -1
372, 1, 0
253, 0, -1
250, 1, 0
248, 0, -1
374, 1, 0
128, 0, -1
400, 1, 0
223, 0, -1
405, 1, 0
102, 0, -1
524, 0, -1
97, 1, 0
524, 0, -1
401, 1, 0
73, 0, -1
653, 1, -1
497, 0, -1
633, 0, -1
492, 1, -1
598, 0, -1
499, 0, -1
754, 0, -1
628, 0, -1
663, 0, -1
766, 0, -1
567, 0, -1
659, 0, -1
773, 0, -1
478, -1, 0
340, 0, -1
532, 0, -1
95, -1, 0
787, -1, -1
592, -1, -1
619, -1, -1
625, -1, -1
498, -1, 0
407, 0, -1
95, -1, 0
393, -1, 0
111, 0, -1
378, -1, 0
243, 0, -1
249, -1, 0
526, -1, -1
348, -1, 0
250, 0, -1
128, -1, 0
399, -1, 0
223, 0, -1
250, -1, 0
375, -1, -1
250, -1, 0
249, 0, -1
251, -1, 0
249, -1, 0
250, 0, -1
128, -1, 0
399, -1, 0
101, 0, -1
247, -1, 0
251, -1, 0
249, 0, -1
128, -1, 0
247, -1, 0
250, 0, -1
128, -1, 0
430, -1, -1
192, -1, 0
257, -1, 0
246, 0, -1
126, -1, 0
248, -1, 0
252, -1, -1
255, -1, 0
257, -1, 0
256, 0, -1
113, -1, 0
247, -1, 0
247, -1, -1
131, -1, 0
369, -1, 0
129, 0, -1
125, -1, 0
126, -1, 0
243, -1, 0
131, 0, -1
125, -1, 0
245, -1, 0
250, -1, -1
248, -1, 0
251, -1, 0
127, 0, -1
125, -1, 0
247, -1, 0
129, -1, -1
247, -1, 0
249, -1, 0
251, -1, -1
249, -1, 0
128, -1, 0
248, -1, -1
251, -1, 0
126, -1, 0
327, -1, -1
172, -1, 0
126, -1, 0
125, -1, 0
127, 0, -1
123, -1, 0
247, -1, 0
127, -1, 0
126, 0, -1
124, -1, 0
247, -1, 0
128, -1, 0
248, -1, -1
127, -1, 0
248, -1, 0
127, -1, 0
126, 0, -1
124, -1, 0
248, -1, 0
127, -1, 0
126, -1, -1
246, -1, 0
128, -1, 0
247, -1, -1
128, -1, 0
247, -1, 0
129, -1, 0
246, -1, -1
133, -1, 0
245, -1, 0
129, -1, 0
125, 0, -1
125, -1, 0
137, -1, 0
114, -1, 0
249, -1, 0
126, -1, -1
295, -1, 0
85, -1, 0
147, -1, -1
229, -1, 0
124, -1, 0
243, -1, 0
135, -1, 0
122, -1, -1
249, -1, 0
130, -1, 0
125, -1, 0
120, 0, -1
123, -1, 0
129, -1, 0
244, -1, 0
127, -1, 0
123, -1, -1
250, -1, 0
128, -1, 0
121, -1, 0
246, -1, -1
126, -1, 0
127, -1, 0
124, -1, 0
248, -1, 0
129, -1, -1
125, -1, 0
249, -1, 0
128, -1, 0
120, -1, 0
247, -1, -1
128, -1, 0
124, -1, 0
128, -1, 0
253, -1, 0
120, -1, -1
125, -1, 0
125, -1, 0
248, -1, 0
127, -1, 0
126, -1, -1
249, -2, 0
248, -1, 0
128, -1, 0
125, -1, 0
125, 0, -1
125, -1, 0
125, -1, 0
126, -1, 0
124, -1, 0
124, -1, 0
125, -1, 0
248, -1, -1
128, -1, 0
124, -1, 0
248, -1, 0
128, -1, 0
125, -1, -1
125, -1, 0
124, -1, 0
125, -1, 0
253, -1, 0
123, -1, 0
124, -1, 0
133, -1, -1
122, -1, 0
123, -1, 0
255, -1, 0
117, -1, 0
124, -1, 0
129, -1, 0
123, -1, 0
124, -1, -1
124, -1, 0
247, -2, 0
250, -1, 0
129, -1, 0
124, -1, 0
125, -1, 0
125, -1, -1
126, -1, 0
248, -2, 0
249, -1, 0
127, -1, 0
125, -1, 0
125, -1, 0
126, -1, 0
124, -1, 0
125, -1, -1
125, -1, 0
125, -1, 0
126, -1, 0
250, -2, 0
246, -1, 0
128, -1, 0
125, -1, 0
125, -1, 0
125, -1, 0
125, -1, 0
125, -1, -1
125, -1, 0
125, -1, 0
125, -1, 0
125, -1, 0
247, -2, 0
128, -1, 0
125, -1, 0
248, -2, 0
249, -1, 0
128, -1, 0
125, -1, 0
125, -1, 0
125, -1, 0
125, -1, -1
125, -1, 0
125, -1, 0
125, -1, 0
125, -1, 0
125, -1, 0
125, -1, 0
125, -1, 0
125, -1, 0
125, -1, 0
125, -1, 0
135, -1, 0
120, -1, 0
135, -1, 0
117, -1, 0
123, -1, 0
124, -1, 0
127, -1, 0
126, -1, 0
122, -1, 0
126, -1, 0
133, -1, 0
122, -1, 0
123, -1, 0
124, -1, 0
126, -1, 0
125, -1, 0
124, -1, 0
127, -1, 0
125, -1, 0
126, -1, 0
127, -1, 0
122, -1, 0
123, -1, 0
125, -1, 0
130, -1, 0
118, -1, 0
126, -1, 0
125, -1, 0
123, -2, 0
247, -2, 0
249, -1, 0
129, -2, 0
248, -2, 0
251, -2, 0
126, -1, 0
125, -1, 0
125, -1, 0
125, -1, 0
125, -1, 0
125, -1, 0
125, -1, 0
125, -1, 0
125, -1, 0
124, -1, 0
126, -1, 0
124, -1, 0
125, -2, 0
247, -2, 0
128, -1, 0
125, -1, 0
125, -1, 0
126, -1, 0
125, -1, 0
124, -1, 0
123, -1, 0
128, -1, 0
126, -2, 0
245, -2, 0
127, -1, 0
126, -1, 0
307, -1, 0
192, -1, 0
123, -3, 0
125, -1, 0
125, -2, 0
125, -1, 0
125, -1, 0
126, -1, 0
129, -1, 0
125, -1, 1
121, -1, 0
126, -1, 0
125, -1, 0
123, -2, 0
247, -2, 0
128, -1, 0
125, -1, 0
125, -1, 0
131, -1, 0
120, -1, 0
124, -1, 0
125, -2, 0
125, -1, 1
125, -1, 0
125, -1, 0
126, -1, 0
124, -1, 0
125, -2, 0
247, -1, 0
139, -2, 0
118, -1, 0
124, -1, 0
125, -1, 0
125, -2, 1
247, -2, 0
127, -1, 0
126, -1, 0
125, -1, 0
125, -1, 0
124, -1, 0
126, -1, 0
125, -1, 1
125, -1, 0
131, -2, 0
120, -1, 0
124, -1, 0
124, -1, 0
125, -2, 0
125, -1, 0
249, -2, 0
127, -1, 0
125, -1, 1
125, -1, 0
125, -1, 0
127, -1, 0
124, -2, 0
125, -1, 0
126, -1, 0
126, -1, 0
122, -2, 0
127, -1, 0
123, 0, 1
128, -2, 0
120, -1, 0
124, -1, 0
125, -1, 0
125, -2, 0
248, -2, 0
128, -1, 0
124, -1, 1
125, -1, 0
125, -1, 0
125, -2, 0
125, -1, 0
125, -1, 0
125, -1, 0
127, -2, 0
124, -1, 0
124, -1, 1
125, -1, 0
125, -1, 0
125, -1, 0
125, -1, 0
126, -2, 0
124, -1, 0
125, -1, 1
125, -1, 0
130, -2, 0
245, -2, 0
129, -1, 0
128, -1, 1
122, -1, 0
125, -1, 0
127, -2, 0
123, -1, 0
127, -1, 0
132, -1, 0
117, -1, 0
127, -1, 1
125, -2, 0
123, -1, 0
125, -1, 0
125, -1, 0
125, -1, 0
126, -1, 0
130, -1, 0
119, -2, 1
124, -1, 0
126, -1, 0
125, -1, 0
124, -2, 0
126, -1, 0
125, -1, 1
125, -1, 0
128, -1, 0
118, -1, 0
125, -1, 0
125, -2, 0
124, -1, 1
125, -1, 0
127, -1, 0
124, -2, 0
124, -1, 0
126, -1, 0
124, -1, 1
306, -2, 0
196, -1, 0
122, -3, 0
126, -1, 0
126, -1, 1
124, -2, 0
124, -1, 0
126, -1, 0
124, -1, 0
126, -1, 1
124, -1, 0
125, -1, 0
125, -2, 0
126, -1, 0
125, -1, 0
125, -1, 0
124, -2, 1
125, -1, 0
126, -1, 0
124, -1, 0
126, -1, 1
124, -1, 0
126, -1, 0
125, -2, 0
246, -2, 0
129, -1, 1
124, -2, 0
247, -2, 0
128, -1, 0
126, -1, 1
124, -1, 0
148, -2, 0
228, -1, 0
135, -2, 0
142, -1, 1
104, -1, 0
127, -1, 0
124, -1, 0
122, -1, 0
125, -2, 1
127, -1, 0
126, -1, 0
128, -1, 0
135, -1, 0
113, -1, 1
132, -1, 0
120, -2, 0
126, -1, 0
124, -1, 0
124, -1, 0
126, -1, 1
125, -1, 0
123, -2, 0
126, -1, 0
244, -2, 1
130, -1, 0
125, -1, 0
119, -1, 0
124, -1, 1
126, -1, 0
125, -2, 0
125, -1, 0
126, -1, 0
125, -1, 1
131, -1, 0
120, -1, 0
125, -1, 0
125, -2, 0
124, 0, 1
131, -2, 0
121, -1, 0
123, -1, 0
131, -1, 0
120, -1, 1
124, -1, 0
127, -1, 0
125, -1, 0
123, -1, 1
127, -2, 0
248, -2, 0
125, -1, 0
126, -1, 1
124, -1, 0
126, -1, 0
126, -1, 0
121, -1, 0
124, -1, 1
125, -1, 0
125, -2, 0
125, -1, 0
125, -1, 1
126, -1, 0
124, -1, 0
125, -1, 0
132, -1, 1
120, -1, 0
125, -1, 0
125, -1, 0
124, -1, 0
126, -2, 0
125, 0, 1
126, -2, 0
124, -1, 0
126, -1, 1
125, -1, 0
124, -1, 0
123, -1, 0
126, -1, 0
125, -1, 1
124, -1, 0
126, -1, 0
124, -1, 0
128, -1, 0
127, -1, 1
122, -2, 0
245, -2, 1
129, -1, 0
124, -1, 0
125, -1, 0
125, -1, 0
132, -1, 1
118, -1, 0
125, -1, 0
127, -1, 0
124, -1, 1
124, -1, 0
244, -1, 0
258, -1, 0
122, -3, 1
126, -1, 0
124, -1, 0
126, -1, 1
124, -1, 0
125, -1, 0
126, -1, 1
124, -1, 0
126, -1, 0
124, -1, 0
125, -1, 1
126, -1, 0
124, -1, 0
125, -1, 0
126, -1, 1
124, -1, 0
125, -1, 0
126, -1, 0
124, -1, 0
125, -1, 1
126, -2, 0
248, -1, 0
128, -1, 1
124, -1, 0
125, -1, 0
124, -1, 0
126, -1, 1
125, -1, 0
124, -1, 0
125, -1, 0
126, -1, 1
124, -1, 0
125, -1, 0
125, -1, 0
125, -1, 1
126, -1, 0
125, -1, 0
124, -1, 0
126, -1, 1
125, -1, 0
124, -1, 0
125, -1, 0
125, 0, 1
126, -2, 0
125, -1, 0
247, -1, 1
127, -1, 0
125, -1, 0
125, -1, 0
125, -1, 1
125, -1, 0
125, -1, 0
125, -1, 0
131, -1, 1
124, -1, 0
247, -2, 0
128, 0, 1
126, -1, 0
124, -1, 0
125, -1, 0
134, -1, 0
129, -1, 1
120, -1, 0
123, -1, 0
125, -1, 0
126, 0, 1
119, -1, 0
139, -1, 0
111, -1, 0
124, -1, 1
125, -1, 0
125, -1, 0
125, -1, 0
125, 0, 1
126, -2, 0
244, -1, 0
130, -1, 1
125, -1, 0
125, -1, 0
244, -1, 1
127, -1, 0
125, -1, 0
124, -1, 0
126, -1, 1
125, -1, 0
247, -1, 0
127, -1, 0
126, -1, 1
125, -1, 0
125, -1, 0
250, -1, 1
125, -1, 0
125, -1, 0
125, -1, 0
124, 0, 1
126, -1, 0
124, -1, 0
126, -1, 0
125, -1, 1
125, -1, 0
247, -1, 0
128, -1, 0
132, -1, 1
242, -1, 0
126, -1, 0
247, -1, 1
128, -1, 0
124, -1, 0
125, -1, 1
248, -1, 0
128, -1, 0
124, -1, 0
126, 0, 1
126, -1, 0
124, -1, 0
125, -1, 0
125, 0, 1
124, -1, 0
282, -1, 0
100, -1, 0
119, -1, 1
247, -1, 0
129, -1, 0
124, 0, 1
125, -1, 0
125, -1, 0
125, -1, 0
250, -1, 1
126, -1, 0
249, -1, 0
127, -1, 1
249, -1, 0
124, -1, 0
255, -1, 1
121, -1, 0
247, -1, 0
128, -1, 0
124, 0, 1
125, -1, 0
125, -1, 0
247, -1, 0
250, -1, 1
251, -1, 0
129, -1, 0
123, -1, 1
248, -1, 0
249, -1, 0
255, -1, 1
248, -1, 0
248, -1, 1
126, -1, 0
249, -1, 0
126, 0, 1
125, -1, 0
248, -1, 0
129, -1, 0
248, -1, 1
248, -1, 0
251, -1, 0
131, 0, 1
125, -1, 0
244, -1, 0
250, -1, 0
130, 0, 1
126, -1, 0
248, -1, 0
252, -1, 1
247, -1, 0
417, -1, 1
246, -1, 0
228, -1, 0
266, 0, 1
102, -1, 0
246, -1, 0
250, -1, 0
123, 0, 1
243, -1, 0
255, -1, 0
258, 0, 1
121, -1, 0
256, -1, 0
378, -1, 1
388, -1, 0
232, -1, 0
248, 0, 1
248, -1, 0
376, -1, 0
127, 0, 1
247, -1, 0
383, -1, 0
247, 0, 1
248, -1, 0
499, -1, 0
127, 0, 1
371, -1, 0
505, -1, 1
626, -1, 0
366, 0, 1
125, -1, 0
878, -1, 0
121, 0, 1
752, -1, 0
138, 0, 1
992, -1, 0
369, 0, 1
1381, 0, 1
1373, 0, 1
2378, 0, 1
1906, 1, 0
336, 0, 1
1002, 1, 0
878, 1, 1
998, 1, 0
620, 1, 0
375, 0, 1
388, 1, 0
628, 1, 0
240, 0, 1
365, 1, 0
626, 1, 0
375, 1, 0
250, 0, 1
378, 1, 0
498, 1, 0
375, 1, 0
132, 0, 1
368, 1, 0
380, 1, 0
370, 1, 0
249, 0, 1
131, 1, 0
497, 1, 0
252, 1, 0
375, 1, 0
250, 1, 0
385, 0, 1
121, 1, 0
245, 1, 0
377, 1, 0
249, 1, 0
248, 1, 0
128, 0, 1
248, 1, 0
250, 1, 0
248, 1, 0
250, 1, 0
375, 1, 0
261, 1, 1
362, 1, 0
247, 1, 0
128, 1, 0
379, 1, 0
263, 1, 0
115, 1, 0
243, 1, 1
376, 1, 0
126, 1, 0
378, 1, 0
248, 1, 0
126, 1, 0
126, 0, 1
122, 1, 0
248, 1, 0
132, 1, 0
376, 1, 0
120, 1, 0
252, 1, 0
246, 1, 0
128, 1, 0
249, 1, 0
248, 1, 0
126, 1, 0
127, 0, 1
123, 1, 0
247, 1, 0
252, 1, 0
127, 1, 0
126, 1, 0
246, 1, 0
250, 1, 0
307, 1, 0
199, 1, 0
122, 1, 1
126, 1, 0
123, 1, 0
249, 1, 0
248, 1, 0
127, 1, 0
248, 1, 0
127, 1, 0
125, 1, 0
248, 1, 0
129, 1, 0
254, 1, 1
123, 1, 0
128, 1, 0
245, 1, 0
246, 1, 0
126, 1, 0
134, 1, 0
241, 1, 0
131, 1, 0
122, 1, 0
247, 1, 0
132, 1, 0
121, 1, 0
247, 1, 0
128, 1, 0
124, 1, 0
125, 1, 0
249, 1, 1
126, 1, 0
247, 1, 0
128, 1, 0
137, 1, 0
113, 1, 0
247, 1, 0
129, 1, 0
124, 1, 0
125, 1, 0
247, 1, 0
128, 1, 0
126, 1, 0
124, 1, 0
248, 1, 0
132, 1, 0
125, 1, 0
128, 1, 0
122, 1, 0
242, 1, 0
130, 1, 0
126, 1, 0
125, 1, 0
124, 1, 0
131, 1, 0
240, 1, 0
130, 1, 0
126, 1, 0
126, 1, 0
126, 1, 0
123, 1, 0
243, 1, 0
131, 1, 0
126, 1, 1
124, 1, 0
125, 1, 0
125, 1, 0
126, 1, 0
246, 1, 0
125, 1, 0
126, 1, 0
131, 1, 0
118, 1, 0
124, 1, 0
125, 1, 0
125, 1, 0
125, 1, 0
125, 1, 0
124, 1, 0
274, 1, 0
102, 1, 0
124, 1, 0
126, 1, 0
125, 1, 0
125, 1, 0
126, 1, 0
126, 1, 0
122, 1, 0
125, 1, 0
125, 1, 0
125, 1, 0
125, 1, 0
125, 1, 0
125, 1, 0
125, 1, 0
127, 1, 0
123, 1, 0
125, 1, 0
125, 1, 0
125, 1, 0
247, 2, 0
250, 2, 0
250, 2, 0
251, 2, 0
128, 1, 0
123, 1, 0
126, 1, 0
333, 1, 0
173, 1, 0
122, 3, 0
124, 1, 0
130, 1, 0
119, 1, 0
124, 1, 0
125, 1, 0
124, 1, 0
125, 1, 0
126, 1, 0
125, 1, 0
124, 1, 0
125, 1, 0
126, 1, 0
124, 1, 0
126, 1, 0
124, 1, 0
125, 2, 0
126, 1, 0
125, 1, 0
125, 1, 0
125, 1, 0
124, 1, 0
126, 1, 0
124, 1, 0
125, 1, 0
125, 1, 0
126, 1, 0
130, 2, 0
249, 2, 0
128, 1, -1
126, 1, 0
121, 1, 0
127, 1, 0
125, 1, 0
123, 1, 0
125, 2, 0
244, 2, 0
131, 1, 0
125, 1, 0
124, 1, 0
530, 5, 0
97, 1, 0
124, 1, 0
126, 1, -1
124, 1, 0
125, 1, 0
125, 1, 0
124, 1, 0
126, 2, 0
125, 1, 0
121, 1, 0
124, 1, 0
125, 1, 0
125, 1, 0
125, 1, 0
126, 2, -1
124, 1, 0
125, 1, 0
125, 1, 0
126, 1, 0
127, 1, 0
124, 1, 0
125, 2, 0
125, 1, 0
124, 1, 0
125, 1, 0
126, 1, 0
124, 1, 0
125, 2, -1
125, 1, 0
125, 1, 0
125, 1, 0
127, 1, 0
123, 2, 0
247, 2, 0
129, 1, 0
124, 1, 0
125, 1, 0
126, 2, -1
129, 1, 0
122, 1, 0
123, 1, 0
130, 2, 0
132, 1, 0
122, 1, 0
116, 1, 0
132, 1, 0
124, 2, 0
120, 1, 0
126, 1, 0
124, 1, -1
125, 1, 0
125, 1, 0
126, 2, 0
127, 1, 0
122, 1, 0
128, 1, 0
121, 2, 0
124, 1, 0
126, 1, -1
125, 2, 0
248, 2, 0
127, 1, 0
125, 1, 0
125, 1, 0
125, 1, 0
124, 2, 0
125, 1, -1
125, 1, 0
125, 1, 0
126, 2, 0
125, 1, 0
126, 1, 0
123, 1, 0
126, 2, 0
124, 1, 0
128, 1, -1
126, 2, 0
244, 2, 0
130, 1, 0
123, 2, 0
125, 1, 0
243, 1, 0
258, 1, -1
123, 4, 0
126, 1, 0
124, 1, 0
126, 2, 0
124, 1, 0
126, 1, 0
124, 1, -1
127, 2, 0
124, 1, 0
125, 2, 0
125, 1, 0
125, 1, 0
125, 1, 0
124, 1, 0
126, 2, -1
124, 1, 0
125, 1, 0
126, 1, 0
124, 2, 0
126, 1, 0
124, 2, 0
125, 1, 0
125, 1, -1
126, 1, 0
125, 1, 0
125, 2, 0
125, 1, 0
124, 1, 0
125, 1, 0
136, 2, 0
119, 1, 0
125, 2, -1
125, 1, 0
125, 1, 0
125, 1, 0
124, 1, 0
126, 2, 0
124, 1, 0
125, 2, 0
125, 1, -1
125, 1, 0
125, 1, 0
125, 2, 0
125, 1, 0
127, 2, 0
123, 1, 0
125, 1, -1
125, 1, 0
125, 1, 0
125, 2, 0
125, 1, 0
126, 2, 0
124, 1, 0
125, 1, 0
125, 1, -1
125, 2, 0
143, 1, 0
104, 1, 0
124, 2, 0
126, 1, 0
124, 1, 0
125, 1, -1
125, 2, 0
124, 1, 0
128, 1, 0
123, 2, 0
124, 1, 0
126, 1, -1
125, 2, 0
136, 1, 0
120, 1, 0
121, 1, 0
128, 1, 0
124, 2, 0
123, 1, 0
126, 2, -1
126, 1, 0
123, 1, 0
125, 1, 0
125, 2, 0
125, 1, 0
125, 1, -1
125, 2, 0
125, 1, 0
125, 1, 0
125, 1, 0
125, 2, 0
126, 1, 0
126, 1, 0
124, 2, -1
124, 1, 0
126, 1, 0
124, 1, 0
125, 2, 0
124, 1, 0
126, 1, 0
125, 2, 0
125, 1, -1
129, 1, 0
121, 2, 0
124, 1, 0
125, 1, -1
126, 1, 0
125, 1, 0
124, 2, 0
125, 1, 0
125, 2, 0
126, 1, 0
124, 1, 0
125, 1, 0
125, 2, -1
125, 1, 0
126, 1, 0
125, 1, 0
124, 2, 0
126, 1, -1
125, 1, 0
125, 2, 0
124, 1, 0
127, 1, 0
124, 1, 0
125, 2, 0
125, 1, -1
125, 2, 0
126, 1, 0
127, 1, 0
122, 1, 0
125, 1, 0
125, 2, -1
343, 1, 0
159, 1, 0
122, 4, 0
126, 2, -1
124, 1, 0
126, 1, 0
124, 1, 0
125, 1, 0
125, 2, 0
126, 1, 0
125, 1, -1
125, 1, 0
125, 2, 0
124, 1, 0
126, 2, 0
125, 1, 0
124, 1, 0
126, 1, -1
124, 1, 0
130, 2, 0
121, 1, 0
124, 1, 0
125, 1, 0
127, 2, -1
123, 1, 0
131, 1, 0
138, 1, 0
106, 1, 0
125, 2, -1
124, 1, 0
125, 1, 0
126, 1, 0
127, 2, 0
126, 1, 0
123, 1, -1
124, 1, 0
127, 2, 0
123, 1, 0
125, 1, 0
124, 2, 0
125, 0, -1
125, 2, 0
125, 1, 0
125, 1, 0
125, 1, 0
125, 2, 0
126, 1, -1
124, 1, 0
125, 2, 0
125, 1, 0
130, 1, 0
133, 1, 0
121, 1, -1
128, 1, 0
130, 2, 0
114, 1, 0
123, 1, 0
126, 1, 0
125, 2, -1
124, 1, 0
126, 1, 0
125, 1, 0
125, 1, 0
126, 2, -1
245, 2, 0
130, 1, 0
125, 1, 0
125, 1, 0
124, 2, -1
125, 1, 0
125, 1, 0
134, 1, 0
117, 1, 0
124, 2, 0
126, 1, -1
127, 1, 0
124, 1, 0
133, 1, 0
111, 2, 0
126, 1, 0
124, 1, -1
125, 1, 0
125, 1, 0
125, 1, 0
126, 2, -1
248, 2, 0
131, 1, 0
122, 1, 0
124, 1, 0
127, 1, 0
124, 1, -1
126, 2, 0
132, 1, 0
120, 1, 0
124, 1, -1
127, 1, 0
128, 2, 0
240, 2, 0
130, 1, 0
125, 1, 0
123, 1, -1
125, 1, 0
126, 1, 0
124, 1, 0
125, 2, 0
123, 1, 0
125, 1, -1
125, 1, 0
124, 1, 0
125, 1, 0
125, 1, 0
125, 1, -1
126, 2, 0
125, 1, 0
125, 1, 0
124, 1, 0
125, 1, 0
125, 1, 0
125, 1, -1
125, 1, 0
126, 1, 0
125, 1, 0
126, 1, 0
125, 2, 0
125, 0, -1
124, 2, 0
128, 1, 0
450, 2, 0
175, 1, -1
122, 3, 0
124, 1, 0
129, 1, 0
121, 1, -1
125, 1, 0
126, 1, 0
124, 1, 0
125, 1, 0
126, 1, 0
125, 1, -1
125, 1, 0
126, 2, 0
245, 2, 0
129, 1, 0
124, 1, -1
125, 1, 0
248, 2, 0
249, 2, 0
128, 0, -1
125, 2, 0
125, 1, 0
125, 1, 0
131, 1, 0
125, 1, 0
126, 1, -1
242, 2, 0
250, 2, 0
252, 2, -1
249, 2, 0
250, 2, 0
249, 1, -1
131, 1, 0
125, 1, 0
126, 1, 0
127, 1, 0
133, 1, -1
117, 1, 0
125, 1, 0
130, 1, 0
120, 1, 0
245, 2, -1
247, 1, 0
131, 1, 0
123, 1, 0
123, 1, 0
125, 1, -1
125, 1, 0
125, 1, 0
126, 1, 0
247, 2, 0
128, 0, -1
125, 1, 0
124, 1, 0
125, 1, 0
125, 1, 0
247, 2, -1
250, 1, 0
128, 1, 0
125, 1, 0
126, 1, -1
247, 2, 0
249, 1, 0
129, 1, 0
124, 1, -1
125, 1, 0
125, 1, 0
248, 1, 0
127, 1, 0
125, 1, -1
125, 1, 0
267, 1, 0
107, 1, 0
126, 1, -1
124, 1, 0
125, 1, 0
248, 1, 0
128, 1, 0
249, 2, -1
248, 1, 0
128, 1, 0
125, 1, 0
134, 0, -1
133, 1, 0
110, 1, 0
135, 1, 0
236, 1, -1
128, 1, 0
250, 1, 0
125, 1, 0
125, 1, 0
124, 0, -1
125, 1, 0
125, 1, 0
125, 1, 0
248, 1, -1
128, 1, 0
246, 1, 0
128, 1, 0
251, 1, -1
124, 1, 0
248, 1, 0
128, 1, 0
124, 1, 0
259, 0, -1
246, 1, 0
124, 2, 0
249, 1, -1
121, 1, 0
247, 1, 0
128, 1, 0
125, 0, -1
125, 1, 0
247, 1, 0
128, 1, 0
247, 1, -1
250, 1, 0
128, 1, 0
247, 1, 0
149, 1, -1
228, 1, 0
250, 1, 0
250, 1, -1
249, 1, 0
131, 1, 0
244, 1, 0
133, 0, -1
124, 1, 0
244, 1, 0
250, 1, 0
130, 0, -1
126, 1, 0
244, 1, 0
249, 1, 0
132, 0, -1
125, 1, 0
244, 1, 0
249, 1, -1
254, 1, 0
245, 1, 0
250, 1, 0
128, 0, -1
247, 1, 0
250, 1, 0
128, 0, -1
125, 1, 0
247, 1, 0
251, 1, 0
249, 0, -1
131, 1, 0
247, 1, 0
372, 1, -1
249, 1, 0
534, 1, -1
217, 1, 0
416, 1, 0
333, 1, -1
375, 1, 0
376, 1, 0
127, 0, -1
255, 1, 0
373, 1, 0
252, 0, -1
247, 1, 0
549, 1, 0
74, 0, -1
248, 1, 0
501, 1, 0
406, 0, -1
217, 1, 0
502, 1, 0
250, 0, -1
655, 1, 0
344, 0, -1
249, 1, 0
933, 1, 0
192, 0, -1
877, 1, 0
398, 0, -1
1357, 1, 0
126, 0, -1
1924, 0, -1
2851, 0, -1
885, -1, 0
1459, -1, 0
249, 0, -1
1255, -1, 0
1121, 0, -1
251, -1, 0
1164, -1, 0
516, 0, -1
193, -1, 0
942, -1, -1
593, -1, 0
499, 0, -1
93, -1, 0
709, -1, 0
291, 0, -1
247, -1, 0
501, -1, 0
127, 0, -1
405, -1, 0
471, -1, -1
626, -1, 0
252, 0, -1
129, -1, 0
632, -1, 0
242, 0, -1
126, -1, 0
501, -1, 0
255, 0, -1
240, -1, 0
379, -1, 0
247, 0, -1
249, -1, 0
389, -1, 0
366, -1, -1
373, -1, 0
384, -1, -1
368, -1, 0
366, -1, 0
250, 0, -1
127, -1, 0
251, -1, 0
377, -1, -1
377, -1, 0
246, -1, 0
126, 0, -1
249, -1, 0
249, -1, 0
254, -1, 0
124, 0, -1
245, -1, 0
250, -1, 0
249, -1, -1
251, -1, 0
248, -1, 0
259, 0, -1
120, -1, 0
136, -1, 0
370, -1, 0
124, 0, -1
124, -1, 0
275, -1, 0
111, -1, 0
247, -1, -1
453, -1, 0
169, -1, 0
241, -1, 0
126, -1, -1
246, -1, 0
250, -1, 0
125, -1, 0
128, 0, -1
124, -1, 0
246, -1, 0
251, -1, 0
250, -1, -1
127, -1, 0
248, -1, 0
249, -1, 0
128, -1, -1
248, -1, 0
251, -1, 0
139, -1, 0
236, -1, -1
131, -1, 0
252, -1, 0
245, -1, 0
128, -1, 0
125, 0, -1
127, -1, 0
123, -1, 0
243, -1, 0
132, -1, 0
244, -1, -1
130, -1, 0
245, -1, 0
130, -1, 0
245, -1, 0
131, -1, 0
125, 0, -1
127, -1, 0
122, -1, 0
122, -1, 0
247, -1, 0
127, -1, 0
249, -1, -1
126, -1, 0
126, -1, 0
247, -1, 0
128, -1, 0
132, -1, 0
118, 0, -1
125, -1, 0
125, -1, 0
247, -1, 0
135, -1, 0
118, -1, 0
125, -1, 0
124, -1, 0
125, 0, -1
127, -1, 0
124, -1, 0
124, -1, 0
248, -1, 0
129, -1, 0
125, -1, 0
126, -1, -1
246, -1, 0
133, -1, 0
118, -1, 0
247, -1, 0
130, -1, 0
124, -1, 0
125, -1, 0
124, -1, -1
124, -1, 0
248, -1, 0
127, -1, 0
126, -1, 0
126, -1, 0
137, -1, 0
235, -1, -1
126, -1, 0
126, -1, 0
125, -1, 0
126, -1, 0
124, -1, 0
247, -1, 0
127, -1, 0
126, -1, 0
124, -1, 0
125, -1, -1
125, -1, 0
247, -2, 0
251, -1, 0
127, -1, 0
125, -1, 0
125, -1, 0
126, -1, 0
124, -1, 0
248, -2, 0
252, -1, -1
127, -1, 0
124, -1, 0
275, -1, 0
225, -1, 0
125, -3, 0
124, -1, 0
125, -1, 0
125, -1, 0
125, -1, 0
248, -2, 0
249, -2, -1
250, -2, 0
251, -2, 0
249, -1, 0
129, -1, 0
124, -1, 0
130, -1, 0
124, -1, 0
121, -1, 0
128, -1, 0
122, -1, 0
125, -1, 0
125, -1, 0
127, -1, 0
123, -1, -1
125, -1, 0
125, -1, 0
125, -1, 0
125, -1, 0
125, -1, 0
125, -1, 0
132, -1, 0
133, -1, 0
117, -1, 0
126, -1, 0
128, -1, 0
121, -1, 0
124, -1, 0
126, -1, 0
124, -1, 0
125, -1, 0
125, -1, 0
125, -1, 0
278, -2, 0
98, -1, 0
124, -1, 0
126, -1, -1
124, -1, 0
125, -1, 0
126, -1, 0
124, -1, 0
125, -1, 0
125, -1, 0
126, -1, 0
124, -2, 0
244, -1, 0
131, -2, 0
244, -2, 0
249, -2, 0
127, -1, 0
126, -1, 0
125, -1, 0
126, -1, 0
124, -1, 0
125, -1, 0
125, -1, 0
125, -1, 0
125, -1, 0
127, -1, 0
126, -1, 0
123, -1, 0
125, -2, 0
246, -2, 0
128, -1, 0
247, -2, 0
128, -1, 0
125, -1, 0
125, -1, 0
125, -1, 0
124, -1, 0
126, -1, 0
125, -1, 0
124, -1, 0
126, -1, 0
125, -1, 0
125, -2, 0
247, -2, 0
128, -1, 0
124, -1, 0
128, -1, 0
123, -1, 0
125, -1, 0
126, -1, 0
132, -1, 0
117, -1, 0
124, -2, 0
126, -1, 0
125, -1, 0
125, -1, 0
125, -1, 0
124, -1, 0
125, -1, 0
126, -1, 0
125, -2, 0
125, -1, 0
125, -1, 0
124, -1, 0
126, -1, 0
125, -1, 0
124, -1, 0
125, -2, 0
247, -2, 0
128, -1, 0
125, -1, 0
126, -1, 0
125, -2, 0
247, -2, 0
128, -1, 0
124, -1, 0
313, -1, 0
190, -1, 0
123, -4, 1
125, -1, 0
130, -1, 0
119, -1, 0
126, -1, 0
124, -2, 0
126, -1, 0
125, -1, 0
125, -1, 0
125, -1, 0
125, -1, 0
124, -2, 0
126, -1, 0
125, -1, 0
125, -1, 0
125, -1, 1
126, -2, 0
124, -1, 0
126, -1, 0
124, -1, 0
125, -2, 0
125, -1, 0
125, -1, 0
130, -1, 0
119, -2, 0
124, -1, 0
251, -2, 0
131, -1, 0
124, -1, 1
124, -1, 0
126, -2, 0
128, -1, 0
126, -1, 0
121, -1, 0
127, -2, 0
123, -1, 0
130, -1, 0
123, -1, 0
122, -1, 1
125, -2, 0
125, -1, 0
125, -1, 0
125, -1, 0
129, -2, 0
121, -1, 0
125, -2, 0
125, 0, 1
125, -1, 0
125, -2, 0
125, -1, 0
126, -1, 0
124, -1, 0
125, -2, 0
122, -1, 0
127, -2, 1
123, -1, 0
127, -1, 0
125, -1, 0
124, -1, 0
125, -2, 0
124, -1, 0
124, -1, 0
126, -1, 0
126, -2, 1
125, -1, 0
123, -2, 0
125, -1, 0
125, -1, 0
125, -1, 0
125, -1, 0
127, -2, 1
123, -1, 0
125, -1, 0
125, -1, 0
126, -2, 0
124, -1, 0
125, -2, 1
127, -1, 0
126, -1, 0
123, -1, 0
125, -1, 0
125, -2, 0
127, -1, 0
124, -2, 1
125, -1, 0
125, -1, 0
123, -1, 0
130, -2, 0
121, -1, 1
126, -2, 0
124, -1, 0
130, -1, 0
119, -1, 0
130, -1, 0
130, -2, 1
119, -1, 0
126, -1, 0
122, -2, 0
124, -1, 0
123, -1, 0
125, -2, 1
126, -1, 0
127, -1, 0
126, -2, 0
123, -1, 1
124, -1, 0
126, -1, 0
127, -2, 0
124, -1, 0
126, -2, 0
123, -1, 1
126, -1, 0
125, -1, 0
125, -1, 0
123, -2, 0
126, -1, 1
123, -2, 0
134, -1, 0
118, -1, 0
128, -2, 0
126, -1, 1
124, -1, 0
125, -2, 0
139, -1, 0
113, -1, 0
121, -2, 1
123, -1, 0
124, -1, 0
126, -2, 0
248, -1, 1
256, -1, 0
123, -5, 1
122, -1, 0
125, -1, 0
125, -1, 0
128, -1, 0
124, -2, 0
127, -1, 1
127, -2, 0
122, -1, 0
139, -2, 1
233, -2, 0
131, -1, 0
118, -2, 0
125, -1, 1
125, -1, 0
124, -2, 0
132, -1, 0
120, -1, 1
127, -1, 0
125, -2, 0
125, -1, 0
127, -2, 1
125, -1, 0
124, -2, 0
124, -1, 0
124, -1, 0
133, -1, 1
121, -1, 0
126, -2, 0
124, -1, 0
124, -2, 1
131, -1, 0
117, -2, 0
122, -1, 0
127, -1, 1
123, -1, 0
126, -1, 0
132, -2, 0
120, -1, 1
129, -2, 0
122, -1, 0
124, -1, 0
125, -1, 1
125, -2, 0
124, -1, 0
125, -2, 0
128, -1, 1
122, -1, 0
133, -2, 0
120, -1, 0
127, -1, 1
130, -1, 0
119, -2, 0
120, -1, 0
124, -2, 1
126, -1, 0
132, -1, 0
119, -1, 1
124, -2, 0
130, -1, 0
123, -1, 0
124, -2, 1
127, -1, 0
120, -2, 0
129, -1, 0
123, -1, 1
124, -1, 0
131, -2, 0
119, -1, 1
137, -1, 0
114, -2, 0
133, -1, 0
120, -1, 1
122, -1, 0
124, -2, 0
125, -1, 0
124, -2, 1
128, -1, 0
131, -1, 0
126, -1, 1
119, -2, 0
128, -1, 0
123, -1, 0
124, -2, 1
125, -1, 0
126, -1, 0
124, -2, 1
125, -1, 0
125, -1, 0
127, -2, 1
123, -1, 0
127, -1, 0
126, -1, 1
125, -1, 0
126, -2, 0
123, -1, 0
126, -2, 1
124, -1, 0
125, -1, 0
124, -1, 0
125, -2, 1
125, -1, 0
126, -1, 0
130, -2, 1
120, -1, 0
124, -1, 0
131, -1, 1
123, -2, 0
126, -1, 0
123, -1, 1
127, -1, 0
122, -2, 0
123, -1, 0
127, -1, 1
128, -2, 0
136, -1, 0
114, -1, 1
132, -1, 0
116, -2, 0
119, -1, 1
126, -1, 0
125, -1, 0
123, -2, 1
127, -1, 0
127, -1, 0
129, -2, 0
124, 0, 1
121, -2, 0
282, -1, 0
219, -2, 1
123, -3, 1
124, -2, 0
124, -1, 0
127, -1, 1
123, -1, 0
125, -1, 0
125, -2, 1
125, -1, 0
124, -1, 0
125, -1, 1
126, -2, 0
125, -1, 0
125, -1, 1
124, -1, 0
126, -1, 0
126, -2, 1
125, -1, 0
131, -1, 0
119, -1, 1
124, -2, 0
125, -1, 0
124, -1, 1
125, -1, 0
126, -2, 0
125, -1, 1
124, -1, 0
128, -1, 0
125, -1, 0
124, -2, 1
125, -1, 0
124, -1, 0
125, -1, 1
123, -2, 0
247, -2, 1
128, -1, 0
126, -1, 0
125, -1, 1
125, -1, 0
126, -2, 0
124, 0, 1
125, -2, 0
125, -1, 0
125, -1, 1
149, -1, 0
103, -2, 0
124, -1, 1
126, -1, 0
124, -1, 0
126, -1, 1
122, -1, 0
125, -1, 0
126, -2, 1
124, -1, 0
125, -1, 0
125, -1, 1
125, -1, 0
125, -1, 0
130, -1, 1
122, -2, 0
248, -2, 1
125, -1, 0
125, -1, 1
125, -1, 0
125, -2, 0
247, -2, 1
128, -1, 0
126, -1, 0
127, -1, 1
126, -1, 0
122, -1, 1
124, -1, 0
125, -2, 0
247, -2, 1
128, -1, 0
126, -1, 1
124, -1, 0
125, -1, 0
125, -1, 1
125, -1, 0
125, -1, 0
125, -1, 1
125, -1, 0
125, -1, 0
125, -2, 1
125, -1, 0
125, -1, 0
125, -1, 1
249, -2, 0
126, -1, 1
125, -1, 0
125, -1, 0
125, -1, 1
128, -1, 0
122, -1, 0
125, -1, 1
125, -1, 0
125, -1, 0
125, -1, 1
125, -1, 0
125, -1, 0
125, -1, 1
125, -1, 0
125, -1, 0
125, -1, 1
135, -1, 0
121, -1, 0
125, -1, 1
125, -1, 0
128, -1, 0
121, -1, 1
125, -1, 0
125, -1, 1
127, -1, 0
124, -1, 0
125, -1, 0
125, -1, 1
124, -1, 0
127, -1, 1
123, -1, 0
127, -1, 0
126, -1, 1
123, -1, 0
125, -1, 0
126, 0, 1
350, -2, 0
281, -1, 1
123, -3, 1
126, -1, 0
120, -1, 0
123, -1, 1
121, -1, 0
125, -1, 0
128, -1, 1
247, -1, 0
126, -1, 0
124, -1, 1
124, -1, 0
126, -1, 1
124, -1, 0
248, -1, 1
128, -1, 0
130, -1, 0
120, -1, 1
125, -1, 0
124, -1, 0
125, -1, 1
248, -1, 0
128, -1, 0
125, -1, 1
126, -1, 0
129, 0, 1
123, -1, 0
123, -1, 0
132, -1, 1
119, -1, 0
125, -1, 0
128, 0, 1
121, -1, 0
124, -1, 0
125, -1, 0
125, -1, 1
249, -1, 0
128, -1, 1
123, -1, 0
258, -1, 1
119, -1, 0
248, -1, 1
127, -1, 0
123, -1, 0
125, -1, 1
247, -1, 0
128, -1, 1
125, -1, 0
247, -1, 1
250, -1, 0
128, -1, 0
125, -1, 1
248, -1, 0
131, -1, 1
250, -1, 0
126, -1, 1
120, -1, 0
247, -1, 1
313, -1, 0
186, -1, 1
128, -1, 0
125, -1, 0
125, 0, 1
125, -1, 0
247, -1, 1
128, -1, 0
248, -1, 1
252, -1, 0
249, -1, 1
249, -1, 0
127, -1, 1
247, -1, 0
251, -1, 1
249, -1, 0
129, 0, 1
124, -1, 0
248, -1, 1
250, -1, 0
250, -1, 1
127, -1, 0
248, 0, 1
131, -1, 0
246, -1, 0
126, 0, 1
125, -1, 0
247, -1, 0
128, 0, 1
125, -1, 0
394, -1, 1
229, -1, 0
127, 0, 1
248, -1, 0
252, -1, 1
377, -1, 0
127, 0, 1
253, -1, 0
125, 0, 1
239, -1, 0
253, -1, 1
526, -1, 0
100, 0, 1
246, -1, 0
251, 0, 1
257, -1, 0
250, 0, 1
126, -1, 0
373, 0, 1
122, -1, 0
377, 0, 1
124, -1, 0
509, 0, 1
237, -1, 0
251, 0, 1
375, -1, 0
248, 0, 1
656, -1, 1
636, 0, 1
587, 0, 1
124, -1, 0
523, 0, 1
754, 0, 1
627, 0, 1
882, 0, 1
712, 0, 1
941, 0, 1
562, 1, 0
373, 0, 1
780, 1, 0
95, 0, 1
750, 1, 0
126, 0, 1
625, 1, 0
403, 0, 1
346, 1, 0
500, 1, 0
127, 0, 1
531, 1, 0
343, 0, 1
248, 1, 0
374, 1, 0
401, 0, 1
224, 1, 0
400, 1, 0
108, 0, 1
373, 1, 0
371, 1, 1
379, 1, 0
375, 0, 1
150, 1, 0
373, 1, 0
228, 1, 0
129, 0, 1
379, 1, 0
237, 1, 0
132, 0, 1
244, 1, 0
251, 1, 0
126, 0, 1
246, 1, 0
410, 1, 1
215, 1, 0
250, 1, 0
440, 1, 1
186, 1, 0
249, 1, 0
128, 0, 1
126, 1, 0
246, 1, 0
253, 0, 1
126, 1, 0
248, 1, 0
249, 1, 1
249, 1, 0
255, 1, 0
250, 1, 1
247, 1, 0
248, 1, 0
128, 1, 1
247, 1, 0
250, 1, 0
128, 0, 1
124, 1, 0
248, 1, 0
128, 0, 1
125, 1, 0
124, 1, 0
248, 1, 0
127, 0, 1
129, 1, 0
244, 1, 0
127, 1, 0
248, 1, 1
250, 1, 0
128, 1, 0
247, 1, 1
128, 1, 0
247, 1, 0
249, 1, 1
128, 1, 0
248, 1, 0
128, 1, 0
125, 0, 1
126, 1, 0
128, 1, 0
247, 1, 0
127, 1, 0
123, 0, 1
127, 1, 0
122, 1, 0
246, 1, 1
129, 1, 0
320, 1, 0
179, 1, 0
126, 1, 1
124, 1, 0
130, 1, 0
242, 1, 0
128, 1, 1
125, 1, 0
247, 1, 0
128, 1, 1
125, 1, 0
247, 1, 0
128, 1, 0
125, 1, 0
125, 1, 1
258, 1, 0
122, 1, 0
124, 1, 0
245, 1, 1
130, 1, 0
126, 1, 0
125, 1, 0
250, 1, 1
126, 1, 0
124, 1, 0
125, 1, 0
139, 1, 0
239, 1, 1
124, 1, 0
126, 1, 0
123, 1, 0
245, 1, 1
129, 1, 0
125, 1, 0
142, 1, 0
109, 1, 0
245, 2, 1
248, 1, 0
128, 1, 0
125, 1, 0
123, 1, 0
125, 0, 1
125, 2, 0
248, 1, 0
127, 1, 0
125, 1, 0
125, 1, 1
125, 1, 0
125, 1, 0
125, 1, 0
124, 1, 0
249, 2, 1
250, 1, 0
128, 1, 0
124, 1, 0
125, 1, 0
125, 1, 0
126, 1, 1
125, 1, 0
124, 1, 0
126, 1, 0
124, 1, 0
248, 2, 0
127, 0, 1
124, 1, 0
126, 1, 0
125, 2, 0
248, 1, 0
127, 1, 0
125, 1, 0
130, 1, 1
119, 1, 0
125, 1, 0
125, 1, 0
125, 1, 0
125, 1, 0
125, 1, 0
125, 1, 1
126, 1, 0
124, 1, 0
125, 1, 0
125, 1, 0
125, 1, 0
125, 1, 0
125, 1, 0
126, 2, 1
247, 2, 0
128, 1, 0
247, 2, 0
249, 2, 0
128, 1, 1
125, 1, 0
126, 1, 0
124, 1, 0
125, 1, 0
125, 1, 0
125, 1, 0
125, 1, 0
125, 1, 0
125, 1, 1
125, 1, 0
125, 1, 0
125, 1, 0
125, 1, 0
126, 2, 0
124, 1, 0
125, 1, 0
125, 1, 0
127, 1, 1
123, 1, 0
125, 1, 0
126, 1, 0
124, 1, 0
125, 2, 0
247, 2, 0
129, 1, 0
125, 1, 1
124, 1, 0
125, 1, 0
126, 1, 0
124, 1, 0
125, 1, 0
125, 2, 0
125, 1, 0
125, 1, 0
126, 1, 0
125, 1, 1
124, 1, 0
126, 1, 0
125, 1, 0
125, 2, 0
128, 1, 0
123, 1, 0
125, 1, 0
123, 1, 0
126, 1, 0
124, 2, 0
130, 1, 0
125, 1, 1
124, 1, 0
125, 1, 0
125, 1, 0
125, 1, 0
128, 2, 0
127, 1, 0
124, 1, 0
124, 1, 0
126, 2, 0
126, 1, 0
121, 1, 0
125, 1, 1
125, 1, 0
124, 2, 0
126, 1, 0
125, 1, 0
125, 1, 0
125, 1, 0
125, 1, 0
125, 2, 0
126, 1, 0
125, 2, 0
124, 1, 1
125, 1, 0
125, 1, 0
125, 1, 0
123, 2, 0
123, 1, 0
125, 1, 0
126, 1, 0
124, 2, 0
129, 1, 0
121, 1, 0
125, 1, 0
125, 1, 0
125, 2, 0
125, 1, 0
125, 2, 1
125, 1, 0
125, 1, 0
125, 1, 0
125, 2, 0
125, 1, 0
125, 1, 0
125, 2, 0
125, 1, 0
125, 1, 0
125, 1, 0
127, 2, 0
123, 1, 0
126, 1, 0
124, 1, 0
125, 2, 0
125, 1, 0
125, 2, 0
125, 1, 0
125, 1, 0
125, 1, 0
125, 1, 0
125, 2, 1
126, 1, 0
124, 2, 0
125, 1, 0
125, 1, 0
125, 2, 0
125, 1, 0
125, 1, 0
129, 2, 0
122, 1, 0
125, 1, 0
124, 2, 0
125, 1, 0
125, 1, 0
124, 1, 0
126, 2, 0
125, 1, 0
125, 2, 0
125, 1, 0
125, 1, 0
125, 2, 0
124, 1, 0
126, 1, 0
124, 1, 0
126, 2, 0
137, 1, 0
112, 2, 0
125, 1, 0
125, 2, 0
126, 1, 0
124, 1, 0
126, 2, 0
124, 1, 0
125, 1, 0
125, 1, 0
126, 2, 0
124, 1, 0
126, 2, 0
124, 1, 0
126, 2, 0
124, 1, 0
126, 1, 0
125, 2, 0
125, 1, 0
124, 1, 0
125, 1, 0
126, 2, 0
125, 1, 0
292, 2, 0
208, 1, 0
124, 5, 0
125, 1, 0
125, 1, 0
125, 1, 0
125, 2, 0
125, 1, 0
125, 1, 0
125, 2, 0
125, 1, 0
125, 2, 0
125, 1, 0
125, 2, 0
125, 1, 0
125, 2, 0
125, 1, 0
125, 1, 0
125, 2, 0
127, 1, 0
123, 2, 0
125, 1, 0
125, 1, 0
125, 1, 0
125, 2, 0
125, 1, 0
125, 2, 0
125, 1, 0
126, 1, 0
128, 2, 0
123, 1, 0
123, 2, 0
126, 1, 0
125, 2, 0
124, 1, 0
125, 2, 0
125, 1, 0
125, 2, 0
125, 1, 0
125, 1, 0
125, 2, 0
125, 1, 0
125, 2, 0
125, 1, 0
125, 1, 0
125, 1, 0
125, 2, 0
125, 1, 0
125, 2, 0
125, 1, 0
125, 1, 0
125, 2, 0
125, 1, 0
125, 2, 0
125, 1, 0
125, 2, 0
125, 1, 0
125, 2, 0
126, 1, 0
139, 2, 0
120, 1, 0
121, 1, 0
125, 2, 0
124, 1, 0
128, 2, -1
121, 1, 0
125, 1, 0
124, 2, 0
128, 1, 0
126, 1, 0
122, 2, 0
125, 1, 0
124, 1, 0
128, 2, 0
123, 1, 0
139, 2, 0
114, 1, 0
125, 2, 0
122, 1, 0
125, 2, 0
125, 1, 0
125, 2, 0
125, 1, -1
125, 1, 0
125, 2, 0
125, 1, 0
125, 2, 0
121, 1, 0
126, 2, 0
124, 1, 0
125, 1, 0
125, 2, 0
125, 1, 0
125, 2, 0
127, 1, 0
123, 2, 0
125, 1, 0
126, 1, 0
124, 2, -1
128, 1, 0
123, 1, 0
124, 2, 0
126, 1, 0
124, 2, 0
125, 1, 0
125, 2, 0
125, 1, 0
125, 1, 0
125, 2, 0
125, 1, 0
125, 2, 0
125, 1, 0
125, 2, -1
125, 1, 0
125, 2, 0
125, 1, 0
125, 1, 0
125, 2, 0
125, 1, 0
126, 2, 0
126, 1, 0
123, 2, 0
125, 1, 0
126, 2, 0
124, 1, 0
125, 2, -1
125, 1, 0
125, 1, 0
125, 2, 0
125, 1, 0
125, 1, 0
314, 2, 0
187, 1, 0
125, 4, 0
132, 2, -1
125, 1, 0
118, 1, 0
124, 2, 0
125, 1, 0
125, 2, 0
125, 1, 0
125, 2, 0
125, 1, 0
125, 2, 0
125, 1, 0
128, 2, -1
123, 1, 0
125, 2, 0
125, 1, 0
125, 1, 0
124, 2, 0
126, 1, 0
124, 1, 0
125, 2, 0
125, 1, 0
126, 1, 0
124, 2, -1
125, 1, 0
126, 2, 0
124, 1, 0
127, 1, 0
127, 2, 0
125, 1, 0
122, 2, 0
125, 1, 0
126, 1, 0
124, 1, 0
125, 2, -1
124, 1, 0
125, 2, 0
125, 1, 0
125, 1, 0
125, 2, 0
125, 1, 0
125, 2, 0
125, 1, 0
125, 1, -1
129, 2, 0
122, 1, 0
127, 1, 0
122, 2, 0
125, 1, 0
125, 1, 0
125, 2, 0
125, 1, -1
126, 2, 0
124, 1, 0
125, 1, 0
125, 2, 0
125, 1, 0
125, 1, 0
125, 2, 0
125, 1, -1
125, 1, 0
125, 2, 0
126, 1, 0
124, 1, 0
125, 2, 0
125, 1, 0
125, 1, 0
125, 2, -1
125, 1, 0
125, 2, 0
125, 1, 0
127, 1, 0
128, 2, 0
122, 1, 0
125, 1, 0
124, 1, -1
125, 2, 0
125, 1, 0
129, 2, 0
124, 1, 0
131, 1, 0
120, 2, 0
244, 2, -1
134, 1, 0
122, 2, 0
124, 1, 0
126, 2, 0
125, 1, 0
124, 1, 0
127, 1, 0
124, 2, -1
124, 1, 0
126, 1, 0
124, 2, 0
125, 1, 0
126, 1, 0
125, 1, 0
125, 2, -1
125, 1, 0
125, 2, 0
125, 1, 0
124, 1, 0
126, 1, 0
124, 2, 0
126, 1, -1
120, 1, 0
124, 1, 0
126, 1, 0
126, 2, 0
124, 1, 0
125, 1, 0
125, 2, 0
125, 1, -1
125, 1, 0
125, 2, 0
125, 1, 0
125, 1, 0
125, 1, 0
125, 1, -1
125, 2, 0
125, 1, 0
125, 2, 0
250, 2, 0
125, 1, 0
126, 2, -1
124, 1, 0
125, 1, 0
125, 1, 0
229, 1, 0
22, 2, 0
125, 1, 0
124, 1, -1
124, 1, 0
126, 2, 0
125, 1, 0
125, 1, 0
125, 1, 0
125, 1, -1
125, 1, 0
125, 2, 0
125, 1, 0
125, 1, 0
125, 1, 0
127, 1, 0
123, 2, -1
125, 1, 0
124, 1, 0
125, 1, 0
126, 1, 0
133, 2, 0
117, 1, -1
125, 1, 0
124, 1, 0
126, 2, 0
247, 2, 0
128, 1, 0
125, 1, -1
124, 1, 0
126, 1, 0
125, 2, 0
247, 2, -1
129, 1, 0
128, 1, 0
127, 1, 0
119, 2, 0
127, 1, 0
124, 1, 0
124, 1, -1
125, 1, 0
125, 1, 0
124, 1, 0
126, 2, 0
125, 0, -1
125, 2, 0
125, 1, 0
124, 1, 0
125, 1, 0
126, 1, 0
125, 1, 0
126, 1, -1
124, 2, 0
247, 2, 0
130, 1, 0
123, 1, -1
125, 1, 0
125, 1, 0
125, 1, 0
125, 1, 0
125, 1, 0
125, 1, -1
124, 1, 0
126, 1, 0
125, 2, 0
125, 1, 0
125, 1, 0
125, 1, 0
125, 1, -1
125, 1, 0
125, 1, 0
127, 1, 0
122, 1, 0
125, 1, 0
126, 1, -1
124, 1, 0
125, 1, 0
125, 1, 0
125, 1, 0
125, 2, 0
126, 0, -1
124, 2, 0
248, 2, 0
250, 1, 0
128, 2, -1
246, 2, 0
251, 2, 0
250, 2, -1
250, 2, 0
250, 1, 0
127, 1, 0
126, 1, 0
126, 1, -1
138, 1, 0
119, 1, 0
122, 1, 0
124, 1, 0
127, 1, 0
131, 1, -1
124, 1, 0
123, 1, 0
123, 1, 0
124, 1, 0
125, 1, 0
125, 1, -1
123, 1, 0
126, 1, 0
126, 1, 0
242, 2, -1
252, 1, 0
130, 1, 0
125, 1, 0
124, 1, 0
126, 1, -1
124, 1, 0
126, 1, 0
125, 1, 0
245, 2, 0
126, 0, -1
125, 1, 0
264, 1, 0
238, 1, 0
123, 3, 0
126, 0, -1
123, 1, 0
125, 1, 0
125, 1, 0
125, 1, 0
125, 1, -1
126, 1, 0
249, 1, 0
126, 1, 0
124, 1, -1
125, 1, 0
125, 1, 0
248, 1, 0
128, 1, 0
128, 1, 0
122, 1, -1
250, 1, 0
124, 1, 0
125, 1, 0
125, 1, 0
125, 1, -1
248, 1, 0
127, 1, 0
125, 1, 0
125, 0, -1
125, 1, 0
125, 1, 0
125, 1, 0
125, 1, 0
248, 1, 0
127, 1, -1
251, 1, 0
128, 1, 0
123, 1, 0
246, 1, -1
130, 1, 0
245, 1, 0
128, 1, 0
124, 1, 0
125, 0, -1
126, 1, 0
125, 1, 0
247, 1, 0
129, 1, 0
127, 0, -1
123, 1, 0
124, 1, 0
124, 1, 0
248, 1, 0
127, 0, -1
128, 1, 0
122, 1, 0
125, 1, 0
247, 1, 0
128, 0, -1
125, 1, 0
125, 1, 0
249, 1, 0
250, 1, -1
126, 1, 0
125, 1, 0
270, 1, 0
239, 1, -1
256, 1, 0
126, 1, 0
234, 1, 0
251, 1, -1
246, 1, 0
131, 1, 0
248, 1, -1
254, 1, 0
245, 1, 0
250, 1, -1
250, 1, 0
249, 1, 0
130, 1, 0
244, 1, -1
251, 1, 0
251, 1, 0
248, 1, -1
406, 1, 0
218, 1, 0
250, 1, -1
251, 1, 0
249, 1, 0
405, 1, -1
347, 1, 0
254, 1, 0
342, 1, -1
284, 1, 0
368, 1, -1
375, 1, 0
403, 1, -1
222, 1, 0
402, 1, 0
244, 0, -1
230, 1, 0
401, 1, 0
222, 0, -1
252, 1, 0
501, 1, 0
130, 0, -1
402, 1, 0
499, 1, 0
99, 0, -1
526, 1, 0
222, 0, -1
380, 1, 0
651, 0, -1
236, 1, 0
859, 0, -1
373, 1, 0
623, 0, -1
1001, 0, -1
410, 1, 0
737, 0, -1
1138, 0, -1
1383, 0, -1
1082, 0, -1
248, -1, 0
1297, 0, -1
80, -1, 0
999, -1, 0
249, 0, -1
782, -1, 0
406, 0, -1
489, -1, 0
449, 0, -1
135, -1, 0
866, -1, 0
129, 0, -1
661, -1, 0
493, 0, -1
95, -1, 0
527, -1, 0
218, 0, -1
375, -1, 0
376, 0, -1
248, -1, 0
507, -1, 0
246, 0, -1
248, -1, 0
501, -1, -1
505, -1, 0
259, 0, -1
236, -1, 0
376, -1, 0
247, 0, -1
127, -1, 0
498, -1, -1
403, -1, 0
347, -1, 0
254, 0, -1
126, -1, 0
370, -1, 0
250, 0, -1
127, -1, 0
402, -1, 0
222, 0, -1
127, -1, 0
247, -1, 0
402, -1, -1
223, -1, 0
377, -1, 0
127, 0, -1
125, -1, 0
246, -1, 0
249, 0, -1
128, -1, 0
250, -1, 0
248, -1, 0
128, 0, -1
124, -1, 0
275, -1, 0
348, -1, -1
249, -1, 0
250, -1, 0
128, 0, -1
125, -1, 0
247, -1, 0
250, -1, 0
250, -1, -1
250, -1, 0
250, -1, 0
130, 0, -1
123, -1, 0
247, -1, 0
251, -1, -1
250, -1, 0
131, -1, 0
244, -1, 0
132, 0, -1
124, -1, 0
244, -1, 0
250, -1, 0
131, -1, -1
244, -1, 0
250, -1, 0
131, 0, -1
125, -1, 0
125, -1, 0
244, -1, 0
131, -1, 0
138, 0, -1
112, -1, 0
244, -1, 0
255, -1, 0
125, -1, -1
124, -1, 0
249, -1, 0
249, -1, 0
128, -1, -1
125, -1, 0
248, -1, 0
247, -1, 0
128, -1, 0
125, 0, -1
127, -1, 0
124, -1, 0
125, -1, 0
250, -1, 0
125, -1, -1
247, -1, 0
127, -1, 0
125, -1, 0
248, -1, 0
127, -1, 0
125, -1, -1
249, -1, 0
126, -1, 0
247, -1, 0
127, -1, -1
125, -1, 0
248, -1, 0
127, -1, 0
125, -1, 0
249, -1, -1
126, -1, 0
250, -2, 0
251, -1, 0
130, -1, 0
122, -1, 0
246, -1, -1
127, -1, 0
124, -1, 0
125, -1, 0
248, -1, 0
127, -1, 0
126, -1, 0
125, -1, -1
124, -1, 0
247, -1, 0
129, -1, 0
124, -1, 0
125, -1, 0
248, -1, 0
146, -1, -1
106, -1, 0
125, -1, 0
126, -1, 0
125, -1, 0
125, -1, 0
250, -1, 0
146, -1, 0
103, -1, 0
125, -1, 0
126, -1, -1
316, -1, 0
194, -1, 0
114, -2, 0
125, -1, 0
125, -1, 0
125, -1, 0
125, -1, -1
125, -1, 0
125, -1, 0
125, -1, 0
125, -1, 0
125, -1, 0
125, -1, 0
124, -1, 0
248, -2, 0
250, -1, 0
128, -1, -1
124, -1, 0
126, -1, 0
125, -1, 0
125, -1, 0
125, -1, 0
124, -1, 0
126, -1, 0
125, -1, 0
125, -1, 0
128, -1, 0
126, -1, 0
125, -1, 0
125, -1, 0
125, -1, 0
124, -1, 0
126, -1, 0
125, -1, -1
124, -1, 0
126, -1, 0
124, -1, 0
126, -1, 0
131, -1, 0
119, -1, 0
125, -1, 0
124, -1, 0
125, -1, 0
126, -1, 0
126, -1, 0
124, -1, 0
125, -1, 0
125, -1, 0
125, -1, 0
125, -1, 0
124, -1, 0
126, -1, 0
125, -1, 0
125, -2, 0
132, -1, 0
116, -1, 0
123, -1, 0
130, -1, 0
123, -1, 0
125, -1, 0
126, -1, 0
124, -1, 0
123, -1, -1
125, -1, 0
125, -1, 0
125, -1, 0
125, -2, 0
126, -1, 0
124, -1, 0
125, -1, 0
125, -1, 0
126, -1, 0
124, -1, 0
125, -1, 0
125, -1, 0
125, -2, 0
125, -1, 0
125, -1, 0
127, -1, 0
123, -1, 0
125, -1, 0
125, -1, 0
125, -1, 0
125, -1, 0
125, -2, 0
124, -1, 0
126, -1, 0
124, -1, 0
126, -1, 0
125, -1, 0
125, -2, 0
247, -2, 0
127, -1, 0
126, -1, 0
125, -1, 0
124, -1, 0
126, -2, 0
125, -1, 0
125, -1, 0
125, -1, 0
125, -1, 0
125, -1, 0
125, -1, 0
125, -2, 0
125, -1, 0
125, -1, 0
125, -1, 0
125, -2, 0
125, -1, 0
125, -1, 0
125, -1, 0
125, -2, 0
125, -1, 0
125, -1, 0
124, -1, 0
125, -1, 0
125, -2, 0
247, -2, 0
128, -1, 0
125, -2, 0
125, -1, 0
125, -1, 0
128, -1, 0
123, -1, 0
124, -2, 0
127, -1, 0
123, -1, 0
125, -1, 0
232, -2, 0
18, -1, 0
126, -1, 0
124, -1, 0
125, -2, 0
125, -1, 0
126, -1, 0
124, -1, 0
125, -1, 0
125, -2, 0
125, -1, 0
125, -2, 0
125, 0, 1
125, -2, 0
125, -1, 0
125, -2, 0
125, -1, 0
125, -1, 0
126, -1, 0
124, -1, 0
125, -2, 0
126, -1, 0
125, -2, 0
124, -1, 0
125, -1, 0
125, -1, 0
125, -2, 0
125, -1, 0
125, -1, 0
125, -2, 0
125, -1, 0
125, -1, 0
125, -1, 0
125, -2, 1
125, -1, 0
125, -2, 0
125, -1, 0
125, -1, 0
125, -1, 0
125, -2, 0
125, -1, 0
125, -1, 0
125, -2, 0
126, -1, 0
124, -2, 0
125, -1, 0
125, -1, 1
125, -1, 0
126, -2, 0
124, -1, 0
125, -2, 0
137, -1, 0
118, -1, 0
124, -1, 0
125, -2, 0
125, -1, 0
125, -1, 0
126, -2, 1
124, -1, 0
125, -2, 0
125, -1, 0
126, -1, 0
124, -2, 0
125, -1, 0
125, -1, 0
125, -2, 0
125, -1, 0
125, -1, 0
125, -2, 1
125, -1, 0
125, -2, 0
126, -1, 0
125, -1, 0
124, -2, 0
128, -1, 0
123, -1, 0
125, -2, 0
125, -1, 1
138, -1, 0
108, -2, 0
124, -1, 0
125, -2, 0
125, -1, 0
125, -2, 0
125, -1, 0
125, -1, 1
125, -2, 0
125, -1, 0
125, -1, 0
125, -1, 0
125, -2, 0
125, -1, 0
125, -2, 0
125, -1, 1
125, -2, 0
125, -1, 0
125, -2, 0
125, -1, 0
125, -1, 0
125, -2, 0
125, -1, 1
126, -2, 0
124, -1, 0
125, -1, 0
125, -2, 0
125, -1, 0
125, -1, 0
125, -2, 0
125, -1, 0
125, -1, 1
125, -2, 0
126, -1, 0
126, -2, 0
124, -1, 0
126, -2, 0
125, -1, 0
124, -2, 1
123, -1, 0
126, -1, 0
125, -2, 0
124, -1, 0
126, -1, 0
125, -2, 0
125, -2, 1
125, -1, 0
125, -1, 0
125, -2, 0
125, -1, 0
125, -2, 0
125, -1, 1
125, -1, 0
125, -2, 0
125, -1, 0
264, -2, 0
248, -1, 0
112, -4, 1
125, -2, 0
125, -1, 0
125, -2, 0
125, -1, 0
125, -1, 1
126, -2, 0
124, -1, 0
125, -2, 0
125, -1, 0
125, -2, 0
125, -1, 1
125, -2, 0
125, -1, 0
125, -2, 0
125, -1, 0
125, -1, 0
127, -2, 0
123, -1, 1
125, -2, 0
125, -1, 0
125, -2, 0
125, -1, 0
125, -2, 0
125, -1, 1
125, -2, 0
125, -1, 0
125, -1, 0
125, -2, 0
125, -1, 0
128, -2, 1
122, -1, 0
125, -2, 0
125, -1, 0
125, -2, 0
125, -1, 0
125, -2, 1
125, -1, 0
125, -1, 0
125, -2, 0
125, -1, 0
125, -2, 1
125, -1, 0
125, -2, 0
150, -1, 0
106, -2, 0
126, -1, 0
124, -1, 1
125, -2, 0
124, -1, 0
127, -1, 0
123, -2, 0
125, -2, 1
125, -1, 0
125, -1, 0
126, -2, 0
128, -1, 0
123, -1, 0
123, -2, 1
124, -1, 0
127, -2, 0
127, -1, 0
123, -1, 0
123, -2, 1
126, -1, 0
125, -2, 0
124, -1, 0
125, -2, 0
125, -1, 0
125, -2, 1
127, -1, 0
124, -1, 0
122, -2, 0
123, -1, 0
126, -2, 1
124, -1, 0
126, -2, 0
126, -1, 0
125, -2, 0
124, -1, 1
125, -2, 0
125, -1, 0
125, -1, 0
125, -2, 0
125, -1, 0
125, -2, 1
124, -1, 0
125, -1, 0
125, -2, 0
125, -1, 1
125, -1, 0
126, -2, 0
125, -1, 0
125, -2, 0
124, -1, 0
125, -1, 1
126, -2, 0
136, -1, 0
114, -2, 0
126, -1, 0
125, -2, 1
125, -1, 0
125, -2, 0
124, -1, 0
125, -1, 0
125, -2, 1
124, -1, 0
125, -1, 0
125, -2, 0
125, -1, 0
125, -1, 0
125, -2, 1
125, -1, 0
125, -2, 0
125, -1, 0
125, -2, 0
125, -1, 0
125, -1, 1
125, -2, 0
125, -1, 0
125, -1, 0
125, -2, 1
125, -1, 0
125, -1, 0
126, -2, 0
124, -1, 0
125, -2, 1
125, -1, 0
125, -1, 0
310, -2, 0
191, -1, 0
124, -4, 1
126, -1, 0
131, -2, 0
124, -1, 0
120, -2, 1
127, -1, 0
127, -1, 0
122, -2, 0
124, -1, 1
125, -2, 0
125, -1, 0
125, -1, 0
124, -1, 0
126, -2, 1
125, -1, 0
125, -2, 0
129, -1, 0
134, -1, 0
121, -1, 1
131, -2, 0
113, -1, 0
125, -1, 0
125, -2, 0
125, -1, 1
126, -2, 0
124, -1, 0
125, -1, 0
127, -1, 1
124, -1, 0
124, -2, 0
125, -1, 0
125, -2, 0
127, -1, 1
127, -1, 0
124, -1, 0
124, -2, 0
124, -1, 0
125, -2, 0
125, -1, 1
125, -1, 0
126, -1, 0
126, -1, 0
123, -2, 1
128, -1, 0
122, -1, 0
121, -2, 0
125, -1, 0
125, -1, 1
125, -2, 0
125, -1, 0
125, -1, 0
125, -1, 0
125, -1, 1
125, -2, 0
125, -1, 0
125, -2, 0
125, 0, 1
125, -2, 0
125, -1, 0
125, -1, 0
125, -1, 0
125, -1, 0
125, -2, 1
125, -1, 0
125, -1, 0
125, -1, 0
125, -2, 1
126, -1, 0
124, -1, 0
125, -2, 0
125, -1, 0
125, -1, 0
125, -1, 1
125, -1, 0
125, -1, 0
125, -2, 0
125, -1, 0
125, -1, 1
125, -1, 0
125, -2, 0
125, -1, 0
125, -1, 1
125, -1, 0
125, -1, 0
125, -2, 0
125, -1, 0
125, -1, 1
125, -1, 0
125, -1, 0
125, -1, 0
125, -2, 0
125, -1, 1
125, -1, 0
125, -1, 0
125, -1, 0
125, -1, 1
125, -1, 0
125, -2, 0
125, -1, 0
125, -1, 0
125, -1, 0
125, -1, 1
125, -1, 0
125, -2, 0
125, -1, 0
125, -1, 1
125, -1, 0
125, -1, 0
125, -1, 0
125, -1, 0
125, -1, 1
125, -1, 0
125, -2, 0
247, -2, 0
128, -1, 1
124, -1, 0
126, -1, 0
125, -1, 0
125, -1, 1
125, -1, 0
125, -1, 0
125, -1, 0
125, -2, 0
247, -2, 1
250, -2, 0
128, -1, 0
125, -1, 1
223, -1, 0
28, -1, 0
124, -1, 0
125, -1, 0
125, -1, 1
125, -1, 0
125, -1, 0
125, -1, 0
125, -1, 1
125, -1, 0
125, -1, 0
124, -1, 0
125, -1, 0
126, -1, 0
124, -1, 1
132, -1, 0
121, -1, 0
125, -1, 0
122, -1, 1
125, -1, 0
125, -1, 0
139, -1, 0
116, -1, 0
126, 0, 1
123, -2, 0
245, -2, 0
250, -2, 1
250, -1, 0
131, -1, 0
125, -1, 1
125, -1, 0
124, -1, 0
126, -1, 0
125, -1, 0
124, -1, 1
244, -2, 0
250, -1, 0
131, -1, 0
126, -1, 1
125, -1, 0
244, -2, 0
250, -1, 1
127, -1, 0
124, -1, 0
125, -1, 0
126, -1, 1
247, -2, 0
249, -1, 0
128, -1, 1
125, -1, 0
125, -1, 0
247, -1, 0
128, -1, 0
126, -1, 1
124, -1, 0
125, -1, 0
247, -1, 1
128, -1, 0
247, -1, 0
129, -1, 0
124, -1, 0
125, 0, 1
128, -1, 0
123, -1, 0
124, -1, 0
247, -1, 1
128, -1, 0
247, -1, 0
128, -1, 0
125, -1, 1
247, -1, 0
128, -1, 0
125, -1, 0
125, 0, 1
126, -1, 0
124, -1, 0
247, -1, 0
128, 0, 1
125, -1, 0
125, -1, 0
125, -1, 0
247, -1, 0
128, 0, 1
125, -1, 0
126, -1, 0
246, -1, 0
128, 0, 1
126, -1, 0
127, -1, 0
244, -1, 0
128, -1, 0
125, 0, 1
125, -1, 0
411, -1, 0
89, -1, 0
125, 0, 1
125, -1, 0
125, -1, 0
247, -1, 0
128, 0, 1
125, -1, 0
247, -1, 0
250, -1, 0
128, 0, 1
126, -1, 0
246, -1, 0
534, -1, 1
232, -1, 0
112, -1, 0
247, -1, 0
128, 0, 1
246, -1, 0
250, -1, 0
251, -1, 1
402, -1, 0
222, -1, 0
250, 0, 1
131, -1, 0
400, -1, 0
219, 0, 1
128, -1, 0
401, -1, 0
348, -1, 0
131, 0, 1
404, -1, 0
597, -1, 1
403, -1, 0
590, -1, 1
786, -1, 0
339, 0, 1
374, -1, 0
877, 0, 1
414, -1, 0
1128, 0, 1
2207, 0, 1
2797, 0, 1
328, 1, 0
1368, 1, 0
261, 0, 1
784, 1, 0
608, 0, 1
228, 1, 0
876, 1, 0
414, 0, 1
496, 1, 0
504, 1, 1
756, 1, 0
365, 0, 1
214, 1, 0
500, 1, 0
250, 0, 1
250, 1, 0
547, 1, 0
364, 0, 1
92, 1, 0
539, 1, 0
333, 1, 1
374, 1, 0
501, 1, 1
536, 1, 0
215, 1, 0
249, 0, 1
250, 1, 0
410, 1, 0
340, 1, 1
374, 1, 0
412, 1, 0
91, 0, 1
125, 1, 0
373, 1, 0
411, 1, 1
214, 1, 0
374, 1, 0
250, 1, 0
250, 1, 1
251, 1, 0
374, 1, 0
250, 1, 0
128, 0, 1
126, 1, 0
371, 1, 0
129, 1, 0
407, 1, 1
215, 1, 0
249, 1, 0
251, 1, 0
127, 0, 1
125, 1, 0
247, 1, 0
250, 1, 0
250, 1, 0
128, 1, 1
247, 1, 0
251, 1, 0
249, 1, 0
250, 1, 1
129, 1, 0
246, 1, 0
251, 1, 0
249, 1, 0
128, 1, 0
248, 1, 1
249, 1, 0
128, 1, 0
247, 1, 0
128, 1, 0
247, 1, 0
128, 0, 1
125, 1, 0
126, 1, 0
246, 1, 0
128, 1, 0
247, 1, 0
128, 1, 0
125, 0, 1
125, 1, 0
125, 1, 0
247, 1, 0
128, 1, 0
247, 1, 0
128, 1, 0
125, 0, 1
125, 1, 0
125, 1, 0
125, 1, 0
247, 1, 0
128, 1, 0
125, 1, 0
247, 1, 0
128, 1, 1
247, 1, 0
128, 1, 0
125, 1, 0
247, 1, 0
130, 1, 0
123, 1, 0
247, 1, 1
128, 1, 0
247, 1, 0
128, 1, 0
125, 1, 0
125, 1, 0
125, 1, 0
247, 1, 0
128, 1, 0
125, 1, 0
247, 1, 1
128, 1, 0
125, 1, 0
125, 1, 0
125, 1, 0
125, 1, 0
247, 1, 0
128, 1, 0
125, 1, 0
247, 1, 0
128, 1, 1
125, 1, 0
125, 1, 0
125, 1, 0
125, 1, 0
247, 1, 0
128, 1, 0
125, 1, 0
125, 1, 0
125, 1, 0
125, 1, 0
247, 1, 0
128, 1, 0
125, 1, 0
125, 1, 0
125, 1, 1
125, 1, 0
128, 1, 0
123, 1, 0
248, 2, 0
248, 1, 0
128, 1, 0
125, 1, 0
125, 1, 0
125, 1, 0
125, 1, 0
128, 1, 0
257, 1, 0
241, 1, 1
124, 3, 0
247, 1, 0
128, 1, 0
125, 1, 0
125, 1, 0
125, 1, 0
125, 1, 0
125, 1, 0
125, 1, 0
125, 1, 0
125, 1, 0
125, 1, 0
125, 1, 0
125, 1, 0
125, 1, 0
125, 1, 0
126, 1, 0
124, 1, 0
247, 1, 0
128, 1, 0
125, 1, 1
125, 1, 0
125, 2, 0
247, 1, 0
128, 1, 0
125, 1, 0
125, 1, 0
125, 1, 0
125, 1, 0
125, 1, 0
125, 1, 0
125, 1, 0
125, 1, 0
125, 1, 0
125, 1, 0
125, 1, 0
125, 1, 0
125, 1, 0
125, 1, 0
125, 1, 0
124, 1, 0
126, 2, 0
247, 2, 0
250, 2, 0
128, 1, 0
125, 1, 0
125, 1, 0
247, 2, 0
250, 2, 0
128, 1, 1
125, 1, 0
125, 1, 0
125, 1, 0
125, 1, 0
125, 1, 0
125, 1, 0
125, 1, 0
125, 1, 0
125, 1, 0
125, 1, 0
125, 1, 0
125, 2, 0
247, 2, 0
128, 1, 0
125, 1, 0
125, 1, 0
125, 1, 0
125, 1, 0
125, 1, 0
125, 1, 0
125, 1, 0
125, 1, 0
125, 1, 0
125, 2, 0
125, 1, 0
125, 1, 0
125, 1, 0
125, 1, 0
125, 1, 0
125, 1, 0
125, 1, 0
125, 1, 0
125, 1, 0
125, 1, 0
125, 2, 0
125, 1, 0
125, 1, 0
125, 1, 0
125, 1, 0
126, 1, 0
124, 1, 0
125, 1, 0
125, 1, 0
125, 2, 0
125, 1, 0
124, 1, 0
126, 1, 0
125, 1, 0
125, 1, 0
125, 2, 0
125, 1, 0
125, 1, 0
125, 1, 0
125, 1, 0
125, 1, 0
125, 1, 0
125, 2, 0
247, 2, 0
128, 1, 0
125, 1, 0
125, 1, 0
125, 1, 0
124, 1, 0
126, 1, 0
125, 2, 0
125, 1, 0
125, 1, 0
125, 1, 0
125, 1, 0
125, 1, 0
297, 2, 0
204, 1, 0
124, 3, 0
125, 1, 0
125, 1, 0
125, 2, 0
124, 1, 0
126, 1, 0
125, 1, 0
125, 2, 0
125, 1, 0
124, 1, 0
126, 1, 0
124, 1, 0
126, 1, 0
125, 1, 0
125, 2, 0
125, 1, 0
125, 1, -1
125, 1, 0
125, 2, 0
125, 1, 0
124, 1, 0
125, 1, 0
126, 1, 0
125, 1, 0
125, 1, 0
124, 2, 0
126, 1, 0
125, 1, 0
124, 1, 0
126, 2, 0
124, 1, 0
126, 1, 0
125, 1, 0
125, 1, 0
125, 2, 0
125, 1, -1
124, 1, 0
125, 1, 0
125, 1, 0
126, 2, 0
125, 1, 0
125, 1, 0
124, 1, 0
125, 1, 0
126, 1, 0
125, 2, 0
124, 1, 0
125, 1, 0
126, 1, 0
125, 2, 0
125, 1, 0
125, 1, 0
125, 1, -1
124, 2, 0
126, 1, 0
124, 1, 0
126, 1, 0
125, 1, 0
125, 2, 0
125, 1, 0
124, 1, 0
125, 1, 0
125, 2, 0
126, 1, 0
125, 1, 0
125, 1, 0
124, 1, 0
126, 1, -1
124, 1, 0
126, 2, 0
124, 1, 0
126, 1, 0
125, 1, 0
125, 2, 0
125, 1, 0
124, 1, 0
125, 1, 0
125, 1, 0
125, 2, 0
125, 1, -1
126, 1, 0
125, 1, 0
124, 2, 0
125, 1, 0
125, 1, 0
126, 1, 0
125, 2, 0
124, 1, 0
125, 1, 0
125, 1, 0
126, 1, -1
125, 2, 0
124, 1, 0
125, 1, 0
125, 1, 0
125, 2, 0
126, 1, 0
124, 1, 0
126, 1, 0
125, 2, 0
125, 1, -1
124, 1, 0
126, 1, 0
124, 1, 0
125, 1, 0
125, 2, 0
125, 1, 0
126, 1, 0
124, 1, 0
125, 1, 0
125, 2, 0
126, 1, -1
125, 1, 0
124, 1, 0
125, 1, 0
126, 2, 0
124, 1, 0
125, 1, 0
125, 1, 0
125, 2, -1
125, 1, 0
125, 1, 0
126, 1, 0
125, 1, 0
126, 2, 0
123, 1, 0
125, 1, 0
125, 1, 0
125, 2, 0
341, 2, -1
37, 1, 0
144, 1, 0
103, 1, 0
125, 1, 0
126, 2, 0
125, 1, 0
124, 1, 0
126, 1, 0
125, 2, -1
126, 1, 0
124, 1, 0
125, 1, 0
124, 2, 0
127, 1, 0
124, 1, 0
125, 1, 0
137, 1, 0
118, 1, -1
122, 1, 0
123, 2, 0
126, 1, 0
123, 1, 0
125, 1, 0
127, 2, 0
124, 1, 0
136, 1, 0
114, 1, -1
124, 1, 0
125, 1, 0
125, 1, 0
125, 2, 0
125, 1, 0
125, 1, 0
125, 1, 0
126, 2, -1
124, 1, 0
125, 1, 0
125, 1, 0
125, 1, 0
125, 2, 0
247, 2, 0
128, 1, 0
126, 1, -1
126, 1, 0
125, 2, 0
126, 1, 0
123, 1, 0
124, 1, 0
124, 1, 0
126, 1, 0
125, 1, -1
125, 2, 0
125, 1, 0
125, 1, 0
125, 1, 0
125, 1, 0
125, 1, 0
125, 2, -1
125, 1, 0
125, 1, 0
125, 1, 0
125, 1, 0
125, 1, 0
125, 1, 0
125, 2, 0
125, 1, 0
125, 1, -1
125, 1, 0
125, 1, 0
125, 1, 0
125, 1, 0
125, 2, 0
128, 1, 0
122, 1, -1
125, 1, 0
125, 1, 0
125, 1, 0
125, 2, 0
125, 1, 0
127, 1, 0
125, 1, 0
123, 1, -1
125, 1, 0
125, 1, 0
125, 1, 0
125, 1, 0
125, 2, 0
125, 1, 0
125, 1, -1
125, 1, 0
125, 1, 0
125, 1, 0
125, 2, 0
125, 1, 0
247, 2, -1
128, 1, 0
125, 1, 0
126, 1, 0
125, 1, 0
125, 1, 0
124, 1, -1
125, 1, 0
125, 2, 0
125, 1, 0
125, 1, 0
125, 1, 0
125, 1, 0
125, 1, -1
125, 1, 0
139, 2, 0
233, 2, 0
128, 1, 0
125, 1, 0
125, 1, 0
125, 1, -1
125, 1, 0
125, 1, 0
125, 1, 0
125, 1, 0
125, 1, 0
125, 1, -1
125, 2, 0
125, 1, 0
125, 1, 0
125, 1, 0
125, 1, 0
125, 1, 0
125, 1, -1
125, 1, 0
267, 1, 0
233, 1, 0
125, 3, 0
125, 2, -1
247, 2, 0
250, 1, 0
128, 2, 0
125, 1, 0
125, 1, -1
125, 1, 0
125, 1, 0
125, 1, 0
125, 1, 0
125, 1, 0
125, 1, -1
125, 1, 0
125, 1, 0
127, 1, 0
123, 1, 0
125, 1, 0
125, 1, 0
125, 1, 0
125, 1, 0
125, 1, -1
125, 1, 0
125, 2, 0
247, 2, 0
128, 0, -1
125, 1, 0
125, 1, 0
125, 1, 0
125, 1, 0
125, 1, 0
125, 2, 0
125, 0, -1
125, 2, 0
247, 2, 0
128, 1, 0
247, 2, 0
250, 2, -1
252, 2, 0
248, 2, 0
250, 2, -1
128, 1, 0
247, 2, 0
250, 1, -1
128, 1, 0
130, 1, 0
124, 1, 0
125, 1, 0
127, 1, 0
127, 1, 0
125, 1, -1
129, 1, 0
120, 1, 0
123, 1, 0
124, 1, 0
125, 1, 0
125, 1, -1
125, 1, 0
138, 1, 0
112, 1, 0
126, 1, 0
124, 1, -1
125, 1, 0
126, 1, 0
243, 1, 0
133, 1, 0
124, 1, 0
125, 1, -1
124, 1, 0
126, 1, 0
125, 1, 0
125, 1, 0
146, 1, 0
100, 0, -1
125, 1, 0
124, 1, 0
125, 1, 0
126, 1, 0
124, 1, 0
125, 1, -1
125, 1, 0
125, 1, 0
126, 1, 0
124, 1, 0
252, 2, -1
246, 1, 0
127, 1, 0
125, 1, 0
126, 1, 0
124, 1, -1
125, 1, 0
248, 1, 0
127, 1, 0
125, 1, -1
125, 1, 0
248, 2, 0
249, 1, 0
128, 1, -1
125, 1, 0
126, 1, 0
124, 1, 0
248, 1, 0
127, 1, -1
125, 1, 0
125, 1, 0
248, 2, 0
250, 1, -1
128, 1, 0
124, 1, 0
301, 1, -1
85, 1, 0
114, 1, 0
125, 1, 0
250, 1, 0
125, 1, 0
125, 1, -1
125, 1, 0
125, 1, 0
247, 1, -1
128, 1, 0
125, 1, 0
247, 1, 0
128, 1, 0
125, 1, -1
247, 1, 0
128, 1, 0
125, 1, 0
125, 1, -1
247, 1, 0
128, 1, 0
125, 1, 0
125, 0, -1
125, 1, 0
125, 1, 0
247, 1, 0
128, 1, 0
125, 1, -1
247, 1, 0
128, 1, 0
125, 1, 0
247, 1, -1
128, 1, 0
247, 1, 0
128, 1, 0
125, 0, -1
125, 1, 0
125, 1, 0
248, 1, 0
127, 1, -1
247, 1, 0
128, 1, 0
247, 1, 0
128, 1, -1
249, 1, 0
131, 1, 0
125, 0, -1
125, 1, 0
124, 1, 0
244, 1, 0
131, 1, 0
245, 1, -1
250, 1, 0
249, 1, 0
131, 1, -1
244, 1, 0
132, 1, 0
243, 1, -1
250, 1, 0
131, 1, 0
246, 1, -1
249, 1, 0
249, 1, 0
249, 1, -1
128, 1, 0
247, 1, 0
251, 1, 0
127, 0, -1
125, 1, 0
247, 1, 0
250, 1, -1
251, 1, 0
130, 1, 0
249, 0, -1
125, 1, 0
245, 1, 0
249, 1, 0
129, 0, -1
125, 1, 0
247, 1, 0
409, 1, -1
93, 1, 0
248, 1, 0
375, 1, -1
250, 1, 0
375, 1, -1
254, 1, 0
450, 1, 0
49, 0, -1
217, 1, 0
281, 1, 0
249, 1, 0
128, 0, -1
247, 1, 0
404, 1, -1
377, 1, 0
219, 1, 0
128, 0, -1
372, 1, 0
434, 1, 0
68, 0, -1
247, 1, 0
519, 1, -1
387, 1, 0
345, 1, -1
626, 1, 0
403, 0, -1
100, 1, 0
497, 1, 0
127, 0, -1
527, 1, 0
502, 0, -1
99, 1, 0
788, 1, -1
708, 1, 0
429, 0, -1
696, 1, 0
131, 0, -1
1243, 1, -1
1669, 0, -1
1497, 0, -1
2222, 0, -1
2630, -1, 0
411, 0, -1
1321, -1, 0
1544, -1, 0
84, 0, -1
1121, -1, 0
1250, -1, 0
250, 0, -1
750, -1, 0
876, -1, 0
250, 0, -1
749, -1, 0
751, -1, 0
250, 0, -1
500, -1, 0
750, -1, 0
750, -1, -1
625, -1, 0
625, -1, 0
250, 0, -1
375, -1, 0
633, -1, 0
497, -1, 0
369, 0, -1
128, -1, 0
623, -1, 0
500, -1, 0
500, -1, -1
501, -1, 0
413, -1, 0
336, -1, 0
376, -1, 0
249, 0, -1
250, -1, 0
501, -1, 0
249, -1, 0
375, -1, 0
376, -1, 0
416, -1, 0
333, -1, 0
419, -1, 0
206, -1, -1
414, -1, 0
336, -1, 0
250, -1, 0
249, -1, 0
376, -1, 0
415, -1, 0
211, -1, 0
248, -1, 0
376, -1, 0
249, -1, 0
250, -1, 0
250, -1, 0
250, -1, 0
411, -1, 0
214, -1, 0
250, -1, 0
251, -1, 0
249, -1, 0
250, -1, 0
251, -1, 0
249, -1, 0
250, -1, 0
250, -1, 0
250, -1, 0
128, -1, 0
247, -1, 0
250, -1, 0
250, -1, 0
250, -1, 0
253, -1, 0
125, -1, 0
247, -1, 0
250, -1, 0
219, -1, 0
173, -1, 0
233, -1, 0
250, -1, 0
128, -1, 1
247, -1, 0
250, -1, 0
128, -1, 0
247, -1, 0
128, -1, 0
248, -1, 0
249, -1, 0
128, -1, 0
248, -1, 1
127, -1, 0
247, -1, 0
250, -1, 0
128, -1, 0
247, -1, 0
128, -1, 0
125, -1, 0
247, -1, 0
128, -1, 1
247, -1, 0
128, -1, 0
247, -1, 0
128, -1, 0
248, -1, 0
127, -1, 1
247, -1, 0
128, -1, 0
125, -1, 0
247, -1, 0
128, -1, 0
125, 0, 1
126, -1, 0
125, -1, 0
125, -1, 0
248, -1, 0
126, -1, 0
125, -1, 0
125, 0, 1
124, -1, 0
125, -1, 0
126, -1, 0
247, -1, 0
128, -1, 0
125, -1, 1
247, -1, 0
128, -1, 0
125, -1, 0
247, -1, 0
132, -1, 1
122, -1, 0
246, -1, 0
128, -1, 0
125, -1, 0
125, -1, 0
125, 0, 1
125, -1, 0
128, -1, 0
122, -1, 0
247, -1, 0
128, -1, 1
125, -1, 0
125, -1, 0
125, -1, 0
247, -1, 0
128, -1, 0
125, -1, 1
125, -1, 0
247, -1, 0
128, -1, 0
128, -1, 0
122, -1, 1
125, -1, 0
247, -1, 0
128, -1, 1
125, -1, 0
125, -1, 0
125, -1, 0
247, -1, 1
128, -1, 0
125, -1, 0
125, -1, 0
125, -1, 0
125, 0, 1
125, -2, 0
247, -1, 0
128, -1, 0
125, -1, 1
125, -1, 0
247, -1, 0
128, -1, 1
125, -1, 0
125, -1, 0
125, -1, 0
125, -1, 0
125, -1, 1
125, -1, 0
125, -1, 0
249, -1, 0
260, -1, 1
243, -1, 0
123, -3, 1
125, -1, 0
125, -1, 0
125, -1, 0
126, 0, 1
124, -1, 0
125, -1, 0
125, -1, 0
125, -1, 1
125, -1, 0
125, -1, 0
125, -1, 0
126, -1, 1
247, -2, 0
250, -1, 1
130, -1, 0
123, -1, 0
124, -1, 0
126, -1, 1
124, -1, 0
125, -1, 0
125, -1, 0
125, -1, 1
125, -1, 0
125, -1, 0
248, -1, 1
127, -1, 0
125, -1, 0
126, -1, 0
124, -1, 0
125, -1, 1
125, -1, 0
125, -1, 0
126, -1, 1
124, -1, 0
247, -2, 0
128, 0, 1
125, -1, 0
125, -1, 0
125, -1, 0
125, -1, 1
134, -1, 0
116, -1, 0
125, -1, 1
125, -1, 0
125, -1, 0
125, -1, 0
125, -1, 1
125, -1, 0
125, -1, 0
125, -1, 0
125, 0, 1
125, -1, 0
125, -1, 0
125, -1, 1
125, -1, 0
125, -1, 0
125, -1, 1
125, -1, 0
125, -1, 0
125, -1, 0
125, -1, 1
125, -1, 0
125, -1, 0
125, -1, 0
125, -1, 1
125, -1, 0
125, -1, 0
125, -1, 1
125, -1, 0
125, -1, 0
125, -1, 0
125, -1, 1
247, -2, 0
250, -1, 1
128, -1, 0
124, -1, 0
126, -1, 1
125, -1, 0
144, -1, 0
106, -1, 1
125, -1, 0
125, -1, 0
125, -1, 0
125, -1, 1
125, -1, 0
125, -1, 0
125, -1, 1
125, -1, 0
125, -1, 0
125, 0, 1
127, -2, 0
246, -2, 1
248, -2, 0
250, -1, 1
128, -1, 0
125, -1, 0
125, -1, 1
125, -1, 0
125, -1, 0
125, -1, 1
125, -1, 0
126, -1, 0
124, -1, 1
125, -1, 0
125, -1, 0
125, -1, 0
125, -1, 1
125, -1, 0
125, -1, 0
125, -1, 1
125, -1, 0
125, -1, 0
125, -1, 1
248, -2, 0
127, -1, 1
125, -1, 0
125, -1, 0
125, -1, 1
298, -2, 0
201, -1, 1
126, -1, 0
125, -1, 0
126, -1, 1
124, -1, 0
125, -1, 0
125, -1, 1
125, -1, 0
125, -1, 0
125, -1, 1
125, -1, 0
125, -1, 0
125, -1, 0
125, -1, 1
125, -1, 0
125, -1, 0
125, -1, 1
125, -1, 0
125, -1, 0
126, -1, 1
124, -1, 0
125, -1, 0
125, 0, 1
125, -2, 0
247, -2, 1
250, -1, 0
128, -1, 0
125, -1, 1
125, -1, 0
125, -1, 0
125, -1, 1
125, -1, 0
125, -1, 0
125, -1, 0
125, -1, 1
125, -1, 0
125, -1, 0
125, -1, 1
125, -1, 0
125, -1, 0
125, -1, 1
247, -1, 0
130, -1, 1
123, -1, 0
125, -1, 0
126, -1, 1
124, -1, 0
125, -1, 0
125, -1, 1
125, -1, 0
125, -1, 0
125, -1, 1
125, -1, 0
125, -1, 0
125, -1, 1
247, -2, 0
250, -2, 1
250, -1, 0
128, -1, 1
125, -1, 0
125, -1, 0
125, -1, 1
125, -1, 0
125, -1, 0
125, -1, 0
125, -1, 1
125, -1, 0
125, -1, 0
125, -1, 1
125, -1, 0
125, -1, 0
125, -1, 1
125, -1, 0
247, -1, 0
129, -1, 1
125, -1, 0
124, -1, 0
125, -1, 1
125, -1, 0
127, -1, 0
123, -1, 1
125, -1, 0
129, -1, 0
126, -1, 0
122, -1, 1
124, -1, 0
247, -2, 1
251, -1, 0
126, -1, 1
125, -1, 0
125, -1, 0
125, -1, 1
125, -1, 0
125, -1, 0
125, -1, 0
125, -1, 1
125, -1, 0
247, -1, 1
130, -1, 0
124, -1, 0
125, -1, 1
124, -1, 0
124, -1, 0
126, -1, 0
128, -1, 1
122, -1, 0
125, -1, 0
125, -1, 1
125, -1, 0
125, -1, 0
248, -1, 1
127, -1, 0
125, -1, 0
125, -1, 1
128, -1, 0
122, -1, 0
125, -1, 1
125, -1, 0
125, -1, 0
125, -1, 0
216, 0, 1
34, -2, 0
248, -1, 1
126, -1, 0
126, -1, 0
124, -1, 1
125, -1, 0
125, -1, 0
126, -1, 0
125, 0, 1
124, -2, 0
248, -1, 1
128, -1, 0
124, -1, 0
125, -1, 1
125, -1, 0
125, -1, 0
125, -1, 0
125, 0, 1
126, -2, 0
246, -1, 0
128, -1, 1
125, -1, 0
125, -1, 0
126, -1, 1
124, -1, 0
263, -2, 1
235, -1, 0
127, -1, 0
125, -1, 1
125, -1, 0
125, -1, 0
125, 0, 1
125, -1, 0
125, -1, 0
125, -1, 0
125, -1, 1
125, -1, 0
127, -1, 0
123, -1, 1
248, -1, 0
127, -1, 1
126, -1, 0
124, -1, 0
125, -1, 0
125, -1, 0
126, 0, 1
124, -1, 0
125, -1, 0
125, -1, 1
125, -1, 0
125, -1, 0
126, -1, 1
124, -1, 0
248, -1, 0
127, -1, 1
125, -1, 0
125, -1, 0
126, -1, 1
246, -1, 0
128, -1, 0
126, -1, 1
125, -1, 0
247, -2, 0
127, 0, 1
128, -1, 0
122, -1, 0
125, -1, 1
248, -1, 0
127, -1, 1
125, -1, 0
125, -1, 0
125, -1, 0
125, -1, 0
126, 0, 1
125, -1, 0
147, -1, 0
102, -1, 1
125, -1, 0
125, -1, 0
247, -1, 1
128, -1, 0
125, -1, 0
248, -1, 1
127, -1, 0
126, -1, 0
124, -1, 0
125, -1, 1
248, -1, 0
157, -1, 0
103, -1, 1
242, -1, 0
130, -1, 0
125, -1, 1
125, -1, 0
266, -1, 0
110, -1, 1
124, -1, 0
243, -1, 0
136, -1, 1
121, -1, 0
244, -1, 0
131, -1, 1
126, -1, 0
244, -1, 0
130, -1, 0
125, -1, 1
244, -1, 0
131, -1, 1
126, -1, 0
125, -1, 0
242, -1, 0
129, -1, 1
252, -1, 0
124, -1, 0
122, -1, 1
248, -1, 0
128, -1, 1
246, -1, 0
128, -1, 0
125, -1, 0
125, 0, 1
127, -1, 0
123, -1, 0
248, -1, 1
127, -1, 0
248, -1, 0
127, -1, 1
247, -1, 0
129, -1, 0
124, -1, 0
248, -1, 1
250, -1, 0
127, -1, 0
125, -1, 1
248, -1, 0
128, -1, 0
124, 0, 1
125, -1, 0
125, -1, 0
247, -1, 0
128, 0, 1
125, -1, 0
125, -1, 0
247, -1, 0
128, -1, 1
248, -1, 0
127, -1, 0
248, -1, 1
250, -1, 0
127, -1, 0
125, -1, 0
248, -1, 1
250, -1, 0
250, -1, 1
127, -1, 0
247, -1, 0
251, -1, 0
128, 0, 1
124, -1, 0
130, -1, 0
244, -1, 0
249, -1, 0
128, -1, 1
248, -1, 0
250, -1, 0
130, 0, 1
125, -1, 0
245, -1, 0
250, -1, 0
130, 0, 1
128, -1, 0
125, -1, 0
410, -1, 0
88, 0, 1
126, -1, 0
243, -1, 0
131, -1, 0
244, 0, 1
130, -1, 0
245, -1, 0
249, -1, 0
256, -1, 1
244, -1, 0
412, -1, 0
91, 0, 1
125, -1, 0
247, -1, 0
410, -1, 0
215, -1, 0
128, 0, 1
125, -1, 0
407, -1, 0
340, -1, 1
250, -1, 0
420, -1, 0
383, -1, 1
370, -1, 0
453, -1, 0
249, -1, 1
527, -1, 0
500, -1, 0
222, 0, 1
128, -1, 0
549, -1, 0
486, -1, 0
101, 0, 1
516, -1, 0
722, -1, 0
535, -1, 0
213, 0, 1
752, -1, 0
1375, 0, 1
130, -1, 0
7372, 0, 1
125, 1, 0
1873, 1, 0
1301, 1, 0
1106, 1, 0
1123, 1, 0
344, 0, 1
405, 1, 0
719, 1, 0
784, 1, 0
621, 1, 0
595, 1, 0
625, 1, 0
500, 1, 0
657, 1, 0
469, 1, 0
532, 1, 0
347, 1, 0
498, 1, 0
409, 1, 0
339, 1, 0
536, 1, 0
213, 1, 0
559, 1, 0
371, 1, 0
321, 1, 0
408, 1, 0
216, 1, 0
253, 1, 0
413, 1, 0
335, 1, 0
385, 1, 0
240, 1, 0
250, 1, 0
254, 1, 0
380, 1, 0
241, 1, 0
250, 1, 0
250, 1, 0
375, 1, 0
250, 1, 0
250, 1, 0
250, 1, 0
250, 1, 0
250, 1, 0
250, 1, 0
250, 1, 0
250, 1, 0
128, 1, 0
247, 1, 0
250, 1, 0
250, 1, 0
250, 1, 0
128, 1, 0
247, 1, 0
251, 1, 0
249, 1, 0
128, 1, 0
248, 1, 0
250, 1, 0
128, 1, 0
247, 1, 0
127, 1, -1
247, 1, 0
250, 1, 0
251, 1, 0
127, 1, 0
247, 1, 0
128, 1, 0
125, 1, 0
247, 1, 0
250, 1, 0
128, 1, 0
125, 1, 0
247, 1, -1
250, 1, 0
128, 1, 0
125, 1, 0
248, 1, 0
127, 1, 0
247, 1, 0
128, 1, 0
143, 1, 0
229, 1, 0
128, 1, 0
125, 1, 0
247, 1, 0
128, 1, 0
246, 1, 0
130, 1, 0
124, 1, 0
126, 0, -1
125, 1, 0
124, 1, 0
125, 1, 0
247, 1, 0
128, 1, 0
125, 1, 0
248, 1, 0
128, 1, 0
124, 1, 0
125, 1, 0
247, 1, 0
128, 1, 0
125, 1, 0
125, 0, -1
125, 1, 0
125, 1, 0
125, 1, 0
125, 1, 0
125, 1, 0
247, 1, 0
128, 1, 0
125, 1, 0
247, 1, 0
128, 1, 0
125, 1, 0
125, 1, -1
125, 1, 0
125, 1, 0
248, 1, 0
127, 1, 0
125, 1, 0
125, 1, 0
125, 1, 0
297, 1, 0
90, 1, 0
112, 1, 0
125, 1, 0
125, 1, -1
125, 1, 0
248, 1, 0
127, 1, 0
125, 1, 0
125, 1, 0
125, 1, 0
125, 1, 0
125, 1, 0
247, 1, 0
129, 1, -1
124, 1, 0
125, 1, 0
125, 1, 0
125, 1, 0
125, 1, 0
126, 1, 0
246, 1, 0
128, 1, 0
125, 1, 0
125, 1, 0
125, 1, -1
125, 1, 0
125, 1, 0
125, 1, 0
125, 1, 0
125, 1, 0
125, 1, 0
125, 1, 0
125, 1, 0
125, 1, 0
125, 1, 0
125, 1, -1
247, 2, 0
250, 1, 0
128, 1, 0
125, 1, 0
125, 1, 0
128, 1, 0
123, 1, 0
125, 1, 0
125, 1, 0
124, 1, -1
125, 1, 0
125, 1, 0
125, 1, 0
125, 1, 0
125, 1, 0
125, 1, 0
125, 1, 0
125, 1, 0
125, 1, 0
125, 1, -1
125, 1, 0
125, 1, 0
125, 1, 0
125, 1, 0
125, 1, 0
125, 1, 0
125, 1, 0
125, 1, 0
125, 1, 0
125, 1, -1
125, 1, 0
125, 1, 0
125, 1, 0
126, 1, 0
125, 1, 0
125, 1, 0
124, 1, 0
125, 1, -1
125, 1, 0
125, 1, 0
125, 1, 0
127, 1, 0
125, 1, 0
123, 1, 0
125, 1, 0
125, 1, 0
125, 1, -1
125, 1, 0
126, 1, 0
124, 1, 0
125, 1, 0
125, 1, 0
125, 1, 0
125, 1, 0
125, 1, 0
125, 1, 0
125, 1, 0
125, 1, -1
125, 1, 0
125, 1, 0
125, 2, 0
247, 2, 0
129, 1, 0
124, 1, -1
142, 1, 0
108, 1, 0
125, 1, 0
125, 1, 0
125, 1, 0
125, 1, 0
125, 1, 0
125, 1, 0
143, 1, -1
107, 1, 0
125, 1, 0
125, 1, 0
127, 2, 0
246, 2, 0
127, 0, -1
125, 2, 0
125, 1, 0
248, 2, 0
130, 1, 0
121, 1, 0
126, 1, 0
125, 1, -1
124, 1, 0
127, 1, 0
217, 1, 0
33, 1, 0
130, 1, 0
119, 2, 0
125, 1, 0
126, 1, 0
146, 1, -1
103, 1, 0
124, 1, 0
126, 1, 0
124, 1, 0
125, 1, 0
125, 1, 0
125, 1, -1
125, 2, 0
247, 2, 0
128, 1, 0
125, 1, 0
125, 1, 0
125, 1, 0
126, 1, 0
124, 1, -1
125, 1, 0
125, 1, 0
125, 1, 0
125, 1, 0
126, 2, 0
246, 2, 0
135, 1, 0
119, 1, -1
128, 1, 0
121, 1, 0
125, 1, 0
125, 1, 0
125, 1, 0
125, 1, 0
125, 1, -1
125, 2, 0
126, 1, 0
124, 1, 0
125, 1, 0
125, 1, 0
125, 1, 0
125, 1, -1
126, 1, 0
124, 1, 0
125, 1, 0
125, 1, 0
125, 2, 0
126, 1, 0
124, 1, -1
125, 1, 0
125, 1, 0
125, 1, 0
125, 1, 0
125, 1, 0
125, 2, 0
247, 2, -1
128, 1, 0
247, 2, 0
128, 1, 0
125, 1, 0
125, 1, 0
125, 1, 0
125, 1, -1
125, 2, 0
247, 2, 0
128, 1, 0
125, 1, 0
134, 1, 0
116, 1, 0
125, 1, -1
125, 1, 0
147, 1, 0
103, 1, 0
125, 1, 0
125, 1, 0
125, 1, 0
125, 1, -1
126, 2, 0
128, 1, 0
121, 1, 0
125, 1, 0
125, 1, 0
125, 1, 0
125, 1, 0
125, 1, 0
125, 1, -1
125, 1, 0
125, 2, 0
247, 1, 0
128, 2, 0
125, 1, 0
125, 1, -1
125, 1, 0
125, 1, 0
125, 1, 0
125, 1, 0
125, 1, 0
125, 2, 0
247, 2, -1
128, 1, 0
125, 1, 0
125, 1, 0
125, 1, 0
125, 1, 0
125, 1, 0
125, 1, 0
125, 1, 0
125, 1, -1
125, 1, 0
125, 1, 0
125, 1, 0
125, 2, 0
247, 2, 0
128, 1, -1
125, 1, 0
125, 1, 0
126, 1, 0
124, 1, 0
125, 1, 0
125, 1, 0
125, 1, 0
125, 1, -1
125, 1, 0
257, 1, 0
244, 1, 0
124, 4, 0
125, 1, 0
125, 1, -1
125, 1, 0
125, 1, 0
125, 1, 0
126, 1, 0
124, 1, 0
125, 1, 0
125, 1, 0
125, 1, -1
125, 1, 0
125, 2, 0
247, 1, 0
128, 1, 0
125, 1, 0
130, 2, 0
242, 2, -1
250, 2, 0
128, 1, 0
125, 1, 0
125, 1, 0
125, 1, 0
125, 1, -1
125, 1, 0
125, 1, 0
125, 1, 0
125, 1, 0
125, 1, 0
125, 1, 0
125, 1, 0
125, 1, 0
125, 1, 0
125, 1, -1
125, 1, 0
125, 1, 0
125, 1, 0
125, 1, 0
125, 1, 0
125, 1, 0
125, 1, 0
125, 1, 0
125, 1, -1
125, 1, 0
125, 1, 0
125, 1, 0
125, 1, 0
125, 1, 0
125, 1, 0
125, 1, 0
125, 1, 0
125, 0, -1
125, 1, 0
135, 1, 0
120, 1, 0
125, 1, 0
124, 1, 0
125, 1, 0
125, 1, 0
125, 1, 0
125, 1, 0
125, 1, 0
125, 1, -1
125, 1, 0
125, 1, 0
125, 1, 0
125, 1, 0
125, 1, 0
126, 1, 0
124, 1, 0
245, 1, 0
131, 1, 0
124, 1, -1
125, 1, 0
125, 1, 0
125, 1, 0
127, 1, 0
126, 1, 0
122, 1, 0
125, 1, 0
120, 1, 0
248, 2, 0
250, 1, 0
128, 1, -1
125, 1, 0
125, 1, 0
125, 1, 0
125, 1, 0
125, 1, 0
248, 1, 0
131, 1, 0
121, 1, 0
125, 1, 0
125, 1, 0
125, 1, 0
247, 1, -1
128, 1, 0
125, 1, 0
125, 1, 0
125, 1, 0
125, 1, 0
141, 1, 0
231, 1, 0
128, 1, 0
125, 1, -1
125, 1, 0
126, 1, 0
124, 1, 0
247, 1, 0
128, 1, 0
125, 1, 0
247, 1, 0
128, 1, 0
125, 1, 0
125, 1, 0
132, 1, 0
118, 1, 0
125, 0, -1
296, 1, 0
204, 1, 0
125, 2, 0
125, 1, 0
125, 1, 0
125, 1, 0
125, 1, 0
247, 1, 0
128, 1, 0
247, 1, 0
128, 1, 0
125, 1, -1
125, 1, 0
247, 1, 0
128, 1, 0
125, 1, 0
247, 1, 0
128, 1, 0
125, 1, 0
247, 1, 0
128, 1, 0
125, 1, 0
247, 1, -1
128, 1, 0
125, 1, 0
247, 1, 0
128, 1, 0
247, 1, 0
128, 1, 0
125, 1, 0
247, 1, 0
128, 1, 0
250, 1, 0
125, 1, 0
249, 1, 0
130, 0, -1
122, 1, 0
124, 1, 0
125, 1, 0
247, 1, 0
250, 1, 0
128, 1, 0
248, 1, 0
131, 1, 0
244, 1, 0
132, 1, 0
124, 0, -1
125, 1, 0
244, 1, 0
131, 1, 0
244, 1, 0
250, 1, 0
131, 1, 0
244, 1, 0
251, 1, -1
130, 1, 0
244, 1, 0
250, 1, 0
130, 1, 0
245, 1, 0
249, 1, 0
250, 1, 0
250, 1, 0
250, 1, 0
250, 1, -1
128, 1, 0
247, 1, 0
250, 1, 0
249, 1, 0
251, 1, 0
250, 1, 0
250, 1, 0
250, 1, 0
250, 1, -1
408, 1, 0
217, 1, 0
250, 1, 0
250, 1, 0
407, 1, 0
217, 1, 0
375, 1, 0
252, 1, 0
127, 0, -1
247, 1, 0
251, 1, 0
374, 1, 0
250, 1, 0
403, 1, 0
376, 1, 0
376, 1, 0
345, 1, 0
416, 1, 0
334, 1, 0
128, 0, -1
247, 1, 0
531, 1, 0
344, 1, 0
655, 1, 0
624, 1, 0
596, 1, 0
655, 1, 0
977, 1, 0
1494, 1, 0
7877, 0, -1
405, -1, 0
2378, -1, 0
2150, -1, -1
1853, -1, 0
1463, -1, 0
408, 0, -1
841, -1, 0
1124, -1, 0
1125, -1, 0
383, 0, -1
371, -1, 0
922, -1, 0
862, -1, 0
587, -1, 0
751, -1, -1
743, -1, 0
382, -1, 0
664, -1, 0
586, -1, 0
499, -1, 0
389, -1, 0
653, -1, 0
459, -1, 0
127, 0, -1
249, -1, 0
412, -1, 0
462, -1, 0
409, -1, 0
465, -1, 0
251, -1, 0
532, -1, 0
342, -1, 0
250, -1, 0
422, -1, 0
328, -1, 0
250, -1, 0
250, -1, 0
410, -1, 0
215, -1, 0
430, -1, 0
374, -1, 0
196, -1, 0
250, -1, 0
376, -1, 0
249, -1, 0
250, -1, 0
250, -1, 0
250, -1, 0
250, -1, 0
250, -1, 0
375, -1, 0
250, -1, 0
250, -1, 0
250, -1, 0
250, -1, 0
250, -1, 0
249, -1, 0
251, -1, 0
250, -1, 0
250, -1, 0
128, -1, 0
248, -1, 0
127, 0, 1
124, -1, 0
248, -1, 0
250, -1, 0
128, -1, 0
247, -1, 0
339, -1, 0
162, -1, 0
126, -1, 1
247, -1, 0
251, -1, 0
250, -1, 0
127, -1, 0
248, -1, 0
249, -1, 0
129, -1, 0
247, -1, 0
127, 0, 1
125, -1, 0
125, -1, 0
248, -1, 0
250, -1, 0
128, -1, 0
124, -1, 0
125, 0, 1
125, -1, 0
248, -1, 0
127, -1, 0
248, -1, 0
249, -1, 0
128, -1, 0
125, -1, 0
125, 0, 1
126, -1, 0
246, -1, 0
129, -1, 0
124, -1, 0
248, -1, 0
127, -1, 0
125, 0, 1
126, -1, 0
247, -1, 0
127, -1, 0
125, -1, 0
247, -1, 0
129, -1, 1
124, -1, 0
247, -1, 0
251, -1, 0
127, -1, 0
125, 0, 1
126, -1, 0
125, -1, 0
124, -1, 0
248, -1, 0
127, -1, 1
125, -1, 0
247, -1, 0
251, -1, 0
131, -1, 0
122, -1, 0
125, -1, 1
246, -1, 0
128, -1, 0
247, -1, 0
128, -1, 1
247, -1, 0
129, -1, 0
125, -1, 0
124, -1, 0
247, -1, 1
128, -1, 0
125, -1, 0
247, -1, 0
128, -1, 0
125, -1, 0
125, 0, 1
125, -1, 0
125, -1, 0
247, -1, 0
128, -1, 1
125, -1, 0
125, -1, 0
247, -1, 0
128, -1, 0
125, -1, 0
125, -1, 1
247, -1, 0
128, -1, 0
247, -1, 1
128, -1, 0
125, -1, 0
125, -1, 0
125, -1, 0
247, -1, 1
128, -1, 0
125, -1, 0
247, -1, 0
128, -1, 1
125, -1, 0
125, -1, 0
247, -1, 0
128, -1, 1
125, -1, 0
125, -1, 0
125, -1, 0
271, -1, 1
106, -1, 0
123, -1, 0
125, -1, 0
247, -1, 1
128, -1, 0
125, -1, 0
247, -1, 0
128, -1, 0
125, -1, 1
125, -1, 0
247, -2, 0
250, -1, 1
128, -1, 0
125, -1, 0
125, -1, 0
128, -1, 1
244, -1, 0
131, -1, 0
124, -1, 0
127, -1, 1
245, -1, 0
129, -1, 0
125, -1, 0
122, -1, 1
126, -1, 0
246, -1, 0
129, -1, 0
125, -1, 1
125, -1, 0
247, -1, 0
127, -1, 1
126, -1, 0
125, -1, 0
124, -1, 0
248, -2, 1
250, -1, 0
128, -1, 0
125, -1, 0
124, -1, 1
248, -2, 0
250, -1, 1
127, -1, 0
125, -1, 0
125, -1, 0
126, -1, 1
124, -1, 0
248, -1, 0
127, -1, 0
125, -1, 1
126, -1, 0
124, -1, 0
248, -2, 1
250, -1, 0
128, -1, 0
124, 0, 1
125, -2, 0
247, -2, 0
251, -1, 1
127, -1, 0
125, -1, 0
125, -1, 0
125, -1, 1
125, -1, 0
248, -1, 0
127, -1, 1
127, -1, 0
124, -1, 0
125, -1, 0
125, -1, 0
125, -1, 1
247, -1, 0
128, -1, 1
125, -1, 0
125, -1, 0
125, -1, 0
125, -1, 1
125, -1, 0
125, -1, 0
125, -1, 0
125, -1, 1
247, -1, 0
128, -1, 0
125, -1, 0
125, -1, 1
124, -1, 0
126, -1, 0
247, -2, 1
250, -2, 0
250, -1, 1
128, -1, 0
125, -1, 0
125, -1, 0
124, -1, 0
126, -1, 1
247, -1, 0
128, -1, 1
125, -1, 0
124, -1, 0
125, -1, 0
125, -1, 0
126, -1, 1
125, -1, 0
247, -2, 1
250, -1, 0
128, -1, 0
294, -1, 1
207, -1, 0
124, -3, 1
247, -1, 0
127, -1, 0
125, -1, 0
126, -1, 1
124, -1, 0
126, -1, 0
124, -1, 0
125, -1, 1
125, -1, 0
125, -1, 0
247, -1, 1
128, -1, 0
125, -1, 0
125, -1, 1
125, -1, 0
125, -1, 0
247, -2, 1
250, -1, 0
128, -1, 0
125, -1, 0
125, -1, 1
125, -1, 0
125, -1, 0
125, -1, 0
125, -1, 1
247, -1, 0
128, -1, 1
125, -1, 0
125, -1, 0
125, -1, 0
125, -1, 1
247, -2, 0
250, -1, 0
128, -1, 1
125, -1, 0
125, -1, 0
129, -1, 0
121, -1, 1
247, -1, 0
128, -1, 0
126, -1, 1
124, -1, 0
125, -1, 0
127, -1, 0
123, -1, 1
247, -1, 0
128, -1, 0
125, -1, 1
125, -1, 0
125, -1, 0
125, -1, 0
125, 0, 1
125, -1, 0
125, -1, 0
125, -1, 0
125, -1, 0
125, -1, 1
125, -1, 0
247, -1, 0
128, -1, 1
125, -1, 0
125, -1, 0
125, -1, 0
125, 0, 1
125, -1, 0
125, -1, 0
125, -1, 1
125, -1, 0
125, -1, 0
125, -1, 0
247, -1, 1
128, -1, 0
125, -1, 0
125, -1, 0
125, -1, 1
125, -1, 0
248, -1, 0
128, -1, 1
125, -1, 0
124, -1, 0
125, -1, 0
247, -1, 1
128, -1, 0
125, -1, 0
248, -2, 1
250, -1, 0
126, -1, 0
125, -1, 1
126, -1, 0
247, -1, 0
128, -1, 0
125, -1, 1
248, -2, 0
261, -1, 1
129, -1, 0
238, -1, 0
128, -1, 0
124, -1, 1
125, -1, 0
136, -1, 0
236, -1, 1
126, -1, 0
129, -1, 0
127, -1, 0
242, -1, 1
130, -1, 0
124, -1, 0
359, -1, 1
13, -1, 0
129, -1, 0
129, -1, 0
124, -1, 0
120, 0, 1
155, -1, 0
95, -1, 0
248, -1, 1
128, -1, 0
124, -1, 0
126, -1, 0
125, -1, 0
125, 0, 1
124, -1, 0
125, -1, 0
248, -1, 1
127, -1, 0
125, -1, 0
248, -1, 0
128, -1, 1
125, -1, 0
125, -1, 0
247, -1, 0
128, -1, 1
125, -1, 0
246, -1, 0
129, -1, 0
126, -1, 1
246, -1, 0
128, -1, 0
126, -1, 1
249, -1, 0
125, -1, 0
247, -1, 0
128, -1, 1
126, -1, 0
247, -1, 0
128, -1, 0
125, -1, 1
247, -1, 0
250, -1, 0
143, -1, 1
231, -1, 0
149, -1, 0
104, -1, 0
125, 0, 1
125, -1, 0
132, -1, 0
243, -1, 0
125, -1, 0
125, 0, 1
125, -1, 0
125, -1, 0
247, -1, 1
129, -1, 0
248, -1, 0
127, -1, 0
256, -1, 1
129, -1, 0
237, -1, 0
249, -1, 0
131, -1, 1
122, -1, 0
247, -1, 0
250, -1, 0
128, -1, 1
247, -1, 0
127, -1, 0
247, -1, 0
128, 0, 1
125, -1, 0
125, -1, 0
247, -1, 0
250, -1, 1
127, -1, 0
248, -1, 0
270, -1, 0
108, -1, 1
247, -1, 0
250, -1, 0
250, -1, 1
128, -1, 0
247, -1, 0
250, -1, 0
128, -1, 0
125, 0, 1
248, -1, 0
127, -1, 0
247, -1, 0
250, -1, 1
251, -1, 0
250, -1, 0
249, -1, 0
250, -1, 1
279, -1, 0
222, -1, 0
250, -1, 0
127, 0, 1
127, -1, 0
246, -1, 0
249, -1, 0
250, -1, 0
128, 0, 1
125, -1, 0
389, -1, 0
250, -1, 0
235, -1, 0
130, 0, 1
246, -1, 0
138, -1, 0
361, -1, 0
375, -1, 0
130, 0, 1
125, -1, 0
244, -1, 0
375, -1, 0
377, -1, 0
129, 0, 1
126, -1, 0
369, -1, 0
376, -1, 0
381, -1, 0
242, -1, 0
376, -1, 1
510, -1, 0
365, -1, 0
373, -1, 0
375, 0, 1
128, -1, 0
373, -1, 0
500, -1, 0
499, -1, 0
500, -1, 0
501, -1, 0
750, -1, 0
550, 0, 1
75, -1, 0
818, -1, 0
805, -1, 0
1036, -1, 0
1463, -1, 0
12903, 1, 0
2637, 1, 0
2354, 1, 0
1650, 1, 0
1482, 1, 0
1152, 1, 0
999, 1, 0
998, 1, 0
872, 1, 0
762, 1, 0
714, 1, 0
777, 1, 0
465, 1, 0
787, 1, 0
621, 1, 0
577, 1, 0
530, 1, 0
594, 1, 0
533, 1, 0
468, 1, 0
676, 1, 0
448, 1, 0
385, 1, 0
615, 1, 0
532, 1, 0
343, 1, 0
532, 1, 0
343, 1, 0
558, 1, 0
445, 1, 0
374, 1, 0
375, 1, 0
541, 1, 0
208, 1, 0
540, 1, 0
335, 1, 0
416, 1, 0
399, 1, 0
435, 1, 0
250, 1, 0
540, 1, 0
335, 1, 0
250, 1, 0
415, 1, 0
460, 1, 0
250, 1, 0
418, 1, 0
333, 1, 0
377, 1, 0
247, 1, 0
375, 1, 0
375, 1, 0
254, 1, 0
374, 1, 0
375, 1, 0
249, 1, 0
376, 1, 0
377, 1, 0
248, 1, 0
374, 1, 0
375, 1, 0
250, 1, 0
374, 1, 0
250, 1, 0
252, 1, 0
374, 1, 0
429, 1, 0
195, 1, 0
375, 1, 0
249, 1, 0
375, 1, 0
250, 1, 0
249, 1, 0
376, 1, 0
409, 1, 0
216, 1, 0
249, 1, 0
407, 1, 0
218, 1, 0
250, 1, 0
375, 1, 0
250, 1, 0
252, 1, 0
249, 1, 0
249, 1, 0
375, 1, 0
378, 1, 0
250, 1, 0
247, 1, 0
128, 0, 1
125, 1, 0
372, 1, 0
250, 1, 0
250, 1, 0
376, 1, 0
250, 1, 0
250, 1, 0
250, 1, 0
250, 1, 0
376, 1, 0
248, 1, 0
250, 1, 0
414, 1, 0
212, 1, 0
250, 1, 1
250, 1, 0
413, 1, 0
89, 1, 0
403, 1, 0
220, 1, 0
250, 1, 0
376, 1, 0
249, 1, 0
249, 1, 0
251, 1, 0
250, 1, 0
127, 0, 1
247, 1, 0
250, 1, 0
251, 1, 0
407, 1, 0
218, 1, 0
249, 1, 0
460, 1, 0
166, 1, 0
249, 1, 0
346, 1, 0
282, 1, 1
247, 1, 0
251, 1, 0
250, 1, 0
379, 1, 0
246, 1, 0
249, 1, 0
250, 1, 0
380, 1, 1
245, 1, 0
404, 1, 0
221, 1, 0
250, 1, 0
404, 1, 0
221, 1, 0
250, 1, 0
404, 1, 0
221, 1, 0
250, 1, 0
128, 0, 1
247, 1, 0
250, 1, 0
403, 1, 0
222, 1, 0
250, 1, 0
403, 1, 0
222, 1, 0
250, 0, 1
128, 1, 0
247, 1, 0
406, 1, 0
220, 1, 0
377, 1, 0
250, 1, 0
247, 1, 0
387, 1, 1
366, 1, 0
252, 1, 0
383, 1, 0
253, 1, 0
364, 1, 0
247, 1, 0
249, 0, 1
127, 1, 0
247, 1, 0
375, 1, 0
375, 1, 0
250, 1, 0
375, 1, 0
376, 1, 1
375, 1, 0
249, 1, 0
375, 1, 0
250, 1, 0
376, 1, 0
374, 1, 1
383, 1, 0
243, 1, 0
374, 1, 0
375, 1, 0
250, 1, 0
500, 1, 0
375, 1, 0
128, 0, 1
247, 1, 0
377, 1, 0
248, 1, 0
500, 1, 1
250, 1, 0
376, 1, 0
374, 1, 0
500, 1, 0
250, 1, 0
376, 1, 0
502, 1, 0
247, 0, 1
128, 1, 0
373, 1, 0
373, 1, 0
501, 1, 0
375, 1, 0
251, 0, 1
127, 1, 0
497, 1, 0
376, 1, 0
377, 1, 0
498, 1, 0
376, 1, 0
126, 0, 1
372, 1, 0
500, 1, 0
375, 1, 0
500, 1, 0
502, 1, 1
498, 1, 0
377, 1, 0
499, 1, 0
518, 1, 0
355, 0, 1
129, 1, 0
622, 1, 0
558, 1, 0
346, 1, 0
600, 1, 0
501, 0, 1
127, 1, 0
494, 1, 0
626, 1, 0
625, 1, 0
499, 1, 1
749, 1, 0
750, 1, 0
500, 1, 0
500, 0, 1
249, 1, 0
877, 1, 0
780, 1, 0
403, 0, 1
191, 1, 0
1034, 1, 0
717, 1, 0
1001, 1, 0
248, 0, 1
657, 1, 0
899, 1, 0
1102, 1, 0
341, 0, 1
783, 1, 0
1127, 1, 0
999, 1, 0
466, 0, 1
752, 1, 0
1500, 1, 0
1403, 1, 0
221, 0, 1
1533, 1, 0
1770, 1, 0
2375, 1, 0
607, 0, 1
3380, 1, 0
49619, 0, 1
12889, -1, 0
2987, -1, 0
2114, -1, 0
1755, 0, 1
117, -1, 0
1380, -1, 0
1526, -1, 0
1104, -1, 0
1249, -1, 1
751, -1, 0
994, -1, 0
1000, -1, 0
873, -1, 0
754, -1, 1
740, -1, 0
749, -1, 0
626, -1, 0
761, -1, 1
638, -1, 0
607, -1, 0
621, -1, 0
632, -1, 0
613, -1, 0
253, 0, 1
249, -1, 0
500, -1, 0
499, -1, 0
624, -1, 0
380, -1, 0
502, -1, 1
622, -1, 0
372, -1, 0
492, -1, 0
510, -1, 0
373, -1, 0
497, -1, 0
498, -1, 0
371, -1, 1
385, -1, 0
376, -1, 0
375, -1, 0
492, -1, 0
378, -1, 0
373, -1, 0
401, -1, 0
348, -1, 0
246, 0, 1
126, -1, 0
245, -1, 0
500, -1, 0
252, -1, 0
510, -1, 0
246, -1, 0
374, -1, 0
252, -1, 0
377, -1, 0
372, -1, 0
371, -1, 1
248, -1, 0
250, -1, 0
386, -1, 0
370, -1, 0
246, -1, 0
380, -1, 0
248, -1, 0
377, -1, 0
289, -1, 0
213, -1, 0
277, 0, 1
102, -1, 0
247, -1, 0
251, -1, 0
374, -1, 0
278, -1, 0
347, -1, 0
120, -1, 0
382, -1, 0
243, -1, 0
374, -1, 0
248, -1, 0
250, -1, 0
259, -1, 0
245, -1, 0
373, -1, 0
247, -1, 0
252, -1, 1
252, -1, 0
278, -1, 0
246, -1, 0
251, -1, 0
249, -1, 0
349, -1, 0
249, -1, 0
251, -1, 0
247, -1, 0
249, -1, 0
251, -1, 0
250, -1, 0
250, -1, 0
249, -1, 0
251, -1, 0
374, -1, 1
250, -1, 0
251, -1, 0
251, -1, 0
251, -1, 0
248, -1, 0
250, -1, 0
250, -1, 0
250, -1, 0
249, -1, 0
128, -1, 0
373, -1, 0
250, -1, 0
250, -1, 0
250, -1, 0
248, -1, 0
132, -1, 0
247, -1, 0
246, -1, 0
252, -1, 0
252, -1, 0
250, -1, 0
249, -1, 0
265, -1, 0
242, -1, 1
243, -1, 0
248, -1, 0
251, -1, 0
127, -1, 0
549, -1, 0
200, -1, 0
123, -1, 0
127, -1, 0
377, -1, 0
122, -1, 0
246, -1, 0
250, -1, 0
251, -1, 0
251, -1, 0
248, -1, 0
249, -1, 0
252, -1, 0
250, -1, 0
126, -1, 0
247, -1, 0
251, -1, 0
379, -1, 0
246, -1, 0
127, -1, 0
247, -1, 0
250, -1, 0
250, -1, 0
249, -1, 0
251, -1, 0
249, -1, 0
252, -1, 0
262, -1, 0
237, -1, 0
250, -1, 0
249, -1, 0
251, -1, 0
130, -1, 0
245, -1, 0
252, -1, 0
375, -1, 0
248, -1, 0
250, -1, 0
250, -1, 0
251, -1, 0
248, -1, 0
251, -1, 0
131, -1, 0
392, -1, 0
107, -1, 0
245, -1, 0
376, -1, 0
249, -1, 0
250, -1, 0
250, -1, 0
250, -1, 0
250, -1, 0
252, -1, 0
248, -1, 0
377, -1, 0
248, -1, 0
250, -1, 0
250, -1, 0
250, -1, 0
375, -1, 0
250, -1, 0
250, -1, 0
250, -1, 0
375, -1, 0
251, -1, 0
249, -1, 0
250, -1, 0
377, -1, 0
252, -1, 0
374, -1, 0
249, -1, 0
377, -1, 0
251, -1, 0
375, -1, 0
246, -1, 0
376, -1, 0
250, -1, 0
376, -1, 0
373, -1, 0
375, -1, 0
249, -1, 0
500, -1, 0
250, -1, 0
375, -1, 0
375, -1, 0
377, -1, 0
499, -1, 0
374, -1, 0
378, -1, 0
374, -1, 0
247, 0, -1
250, -1, 0
501, -1, 0
502, -1, 0
373, -1, 0
500, -1, 0
627, -1, 0
540, -1, 0
583, 0, -1
128, -1, 0
625, -1, 0
747, -1, 0
694, -1, 0
931, -1, 0
249, 0, -1
1002, -1, 0
1409, -1, 0
11602, 1, 0
2868, 1, 0
1875, 1, 0
1621, 1, 0
1411, 1, 0
993, 1, 0
998, 1, 0
1004, 1, 0
752, 1, 0
753, 1, 0
643, 1, 0
639, 1, 0
557, 1, 0
778, 1, 0
473, 1, 0
534, 1, 0
595, 1, 0
375, 1, 0
504, 1, 0
498, 1, 0
371, 1, 0
499, 1, 0
424, 1, 0
325, 1, 0
388, 1, 0
117, 0, 1
245, 1, 0
468, 1, 0
405, 1, 0
374, 1, 0
404, 1, 0
221, 1, 0
406, 1, 0
418, 1, 0
176, 1, 0
446, 1, 0
356, 1, 1
199, 1, 0
249, 1, 0
380, 1, 0
248, 1, 0
407, 1, 0
218, 1, 0
250, 1, 0
375, 1, 0
250, 1, 0
251, 1, 0
374, 1, 0
250, 1, 0
128, 0, 1
125, 1, 0
247, 1, 0
250, 1, 0
405, 1, 0
98, 1, 0
248, 1, 0
405, 1, 0
220, 1, 0
127, 1, 0
374, 1, 0
248, 1, 0
250, 1, 1
250, 1, 0
250, 1, 0
250, 1, 0
252, 1, 0
249, 1, 0
128, 1, 0
247, 1, 0
249, 1, 0
250, 1, 0
250, 1, 0
128, 1, 0
125, 0, 1
125, 1, 0
247, 1, 0
250, 1, 0
250, 1, 0
127, 1, 0
248, 1, 0
250, 1, 0
250, 1, 0
128, 1, 0
247, 1, 0
250, 1, 0
128, 1, 0
125, 0, 1
131, 1, 0
241, 1, 0
247, 1, 0
128, 1, 0
248, 1, 0
249, 1, 0
128, 1, 0
260, 1, 0
237, 1, 0
128, 1, 0
248, 1, 0
137, 1, 0
245, 1, 0
254, 1, 1
129, 1, 0
243, 1, 0
126, 1, 0
244, 1, 0
131, 1, 0
244, 1, 0
141, 1, 0
236, 1, 0
136, 1, 0
237, 1, 0
132, 1, 0
244, 1, 0
249, 1, 0
132, 1, 0
132, 1, 0
237, 1, 0
126, 1, 0
246, 1, 0
250, 1, 0
128, 1, 1
126, 1, 0
246, 1, 0
128, 1, 0
247, 1, 0
130, 1, 0
245, 1, 0
128, 1, 0
248, 1, 0
127, 1, 0
125, 1, 0
303, 1, 0
76, 1, 0
248, 1, 0
129, 1, 0
246, 1, 0
126, 1, 0
248, 1, 0
128, 1, 0
124, 1, 0
248, 1, 0
126, 1, 0
249, 1, 0
126, 1, 0
126, 1, 0
247, 1, 0
127, 1, 0
126, 1, 0
247, 1, 0
127, 1, 0
248, 1, 0
127, 1, 0
125, 1, 0
249, 1, 0
132, 1, 0
119, 1, 0
247, 1, 0
129, 1, 0
247, 1, 0
126, 1, 0
125, 1, 0
249, 1, 0
127, 1, 0
129, 1, 0
244, 1, 0
127, 1, 0
247, 1, 0
128, 1, 0
124, 1, 0
125, 1, 0
247, 1, 0
128, 1, 0
125, 1, 0
125, 1, 0
248, 1, 0
128, 1, 0
246, 1, 0
128, 1, 0
125, 1, 0
248, 1, 0
131, 1, 0
120, 1, 0
247, 1, 0
128, 1, 0
125, 1, 0
126, 1, 0
247, 1, 0
321, 1, 0
182, 1, 0
125, 2, 0
125, 1, 0
247, 1, 0
126, 1, 0
126, 1, 0
247, 1, 0
128, 1, 0
125, 1, 0
125, 1, 0
248, 1, 0
127, 1, 0
124, 1, 0
125, 1, 0
248, 1, 0
128, 1, 0
125, 1, 0
248, 1, 0
127, 1, 0
125, 1, 0
125, 1, 0
247, 1, 0
128, 1, 0
125, 1, 0
247, 1, 0
128, 1, 0
125, 1, 0
126, 1, 0
124, 1, 0
247, 1, -1
128, 1, 0
247, 1, 0
128, 1, 0
125, 1, 0
124, 1, 0
125, 1, 0
248, 1, 0
127, 1, 0
125, 1, 0
126, 1, 0
247, 1, 0
128, 1, 0
125, 1, 0
248, 1, 0
127, 1, 0
124, 1, 0
125, 1, 0
248, 1, 0
128, 1, 0
124, 1, 0
126, 0, -1
125, 2, 0
247, 1, 0
128, 1, 0
129, 1, 0
253, 1, 0
125, 1, 0
125, 1, 0
124, 1, 0
243, 1, 0
132, 1, 0
125, 1, 0
244, 1, 0
130, 1, 0
126, 1, 0
124, 1, 0
125, 0, -1
126, 1, 0
127, 1, 0
125, 1, 0
124, 1, 0
124, 1, 0
244, 1, 0
130, 1, 0
126, 1, 0
243, 1, 0
131, 1, 0
122, 1, 0
125, 1, -1
247, 1, 0
128, 1, 0
124, 1, 0
125, 1, 0
125, 1, 0
248, 1, 0
128, 1, 0
124, 1, 0
125, 1, 0
248, 1, 0
127, 1, 0
125, 1, -1
248, 1, 0
128, 1, 0
124, 1, 0
125, 1, 0
254, 1, 0
121, 1, 0
126, 1, 0
247, 1, 0
127, 1, 0
129, 1, 0
122, 1, -1
246, 1, 0
128, 1, 0
125, 1, 0
248, 1, 0
130, 1, 0
121, 1, 0
125, 1, 0
126, 1, 0
247, 1, -1
127, 1, 0
125, 1, 0
125, 1, 0
249, 1, 0
126, 1, 0
127, 1, 0
248, 1, 0
127, 1, 0
124, 1, 0
247, 1, -1
129, 1, 0
124, 1, 0
125, 1, 0
248, 1, 0
128, 1, 0
124, 1, 0
248, 1, 0
127, 1, 0
125, 1, 0
125, 1, -1
249, 1, 0
127, 1, 0
124, 1, 0
248, 2, 0
251, 1, 0
126, 1, 0
249, 1, -1
131, 1, 0
124, 1, 0
244, 1, 0
132, 1, 0
124, 1, 0
126, 1, 0
245, 1, 0
129, 1, -1
125, 1, 0
245, 1, 0
131, 1, 0
124, 1, 0
245, 1, 0
130, 1, 0
125, 1, -1
125, 1, 0
244, 1, 0
131, 1, 0
125, 1, 0
244, 1, 0
127, 1, 0
126, 1, 0
124, 0, -1
125, 1, 0
129, 1, 0
122, 1, 0
247, 1, 0
128, 1, 0
247, 2, 0
128, 0, -1
124, 1, 0
125, 1, 0
122, 1, 0
247, 1, 0
128, 1, 0
247, 1, 0
128, 1, 0
125, 1, -1
247, 1, 0
128, 1, 0
125, 1, 0
247, 1, 0
128, 1, 0
125, 1, 0
125, 0, -1
128, 1, 0
122, 1, 0
125, 1, 0
247, 1, 0
128, 1, 0
247, 1, 0
129, 1, 0
124, 1, -1
247, 1, 0
128, 1, 0
247, 1, 0
128, 1, 0
125, 1, 0
247, 1, -1
130, 1, 0
123, 1, 0
247, 1, 0
128, 1, 0
247, 1, 0
128, 1, 0
248, 1, -1
127, 1, 0
247, 1, 0
251, 1, 0
254, 1, 0
122, 2, 0
125, 0, -1
125, 1, 0
247, 1, 0
130, 1, 0
123, 1, 0
247, 1, 0
128, 1, -1
247, 1, 0
128, 1, 0
247, 1, 0
128, 1, 0
247, 1, -1
250, 1, 0
128, 1, 0
247, 1, 0
128, 1, 0
247, 1, 0
128, 1, -1
247, 1, 0
128, 1, 0
247, 1, 0
250, 1, 0
128, 1, -1
247, 1, 0
128, 1, 0
247, 1, 0
250, 1, 0
128, 1, 0
124, 0, -1
150, 1, 0
224, 1, 0
250, 1, 0
131, 1, 0
125, 1, 0
244, 1, -1
250, 1, 0
250, 1, 0
250, 1, 0
137, 1, 0
119, 0, -1
125, 1, 0
244, 1, 0
252, 1, 0
131, 1, 0
243, 1, 0
148, 0, -1
107, 1, 0
243, 1, 0
250, 1, 0
128, 1, 0
247, 1, 0
250, 1, 0
128, 0, -1
125, 1, 0
247, 1, 0
250, 1, 0
250, 1, 0
128, 1, 0
247, 1, -1
251, 1, 0
249, 1, 0
250, 1, 0
263, 1, 0
237, 1, -1
407, 1, 0
218, 1, 0
250, 1, 0
250, 1, 0
250, 1, 0
128, 0, -1
247, 1, 0
250, 1, 0
250, 1, 0
250, 1, 0
250, 0, -1
128, 1, 0
247, 1, 0
250, 1, 0
412, 1, 0
213, 1, 0
128, 0, -1
247, 1, 0
375, 1, 0
250, 1, 0
376, 1, 0
249, 1, 0
128, 0, -1
247, 1, 0
375, 1, 0
405, 1, 0
407, 1, 0
314, 1, 0
249, 0, -1
128, 1, 0
410, 1, 0
497, 1, 0
340, 1, 0
411, 0, -1
92, 1, 0
497, 1, 0
537, 1, 0
463, 1, 0
412, 0, -1
91, 1, 0
523, 1, 0
761, 1, 0
626, 1, 0
627, 0, -1
99, 1, 0
612, 1, 0
1038, 1, 0
586, 0, -1
413, 1, 0
1232, 1, 0
2022, 1, 0
584, 0, -1
7315, 0, -1
2857, 0, -1
328, -1, 0
1752, -1, 0
249, 0, -1
1123, -1, 0
788, 0, -1
337, -1, 0
1288, -1, -1
712, -1, 0
914, -1, -1
995, -1, 0
630, -1, 0
89, 0, -1
532, -1, 0
626, 0, -1
92, -1, 0
651, -1, 0
629, -1, 0
467, -1, -1
660, -1, 0
499, -1, 0
101, 0, -1
524, -1, 0
501, -1, 0
465, 0, -1
129, -1, 0
496, -1, 0
500, -1, 0
412, -1, -1
462, -1, 0
627, -1, 0
249, 0, -1
128, -1, 0
498, -1, 0
375, -1, 0
499, -1, 0
375, -1, -1
501, -1, 0
250, -1, 0
500, -1, 0
375, -1, -1
500, -1, 0
375, -1, 0
374, -1, 0
293, -1, 0
90, 0, -1
243, -1, 0
374, -1, 0
500, -1, 0
250, -1, 0
375, -1, -1
412, -1, 0
213, -1, 0
376, -1, 0
249, -1, 0
264, -1, 0
392, -1, 0
219, 0, -1
128, -1, 0
247, -1, 0
380, -1, 0
246, -1, 0
251, -1, 0
250, -1, 0
376, -1, 0
125, 0, -1
125, -1, 0
247, -1, 0
250, -1, 0
250, -1, 0
250, -1, 0
250, -1, 0
250, -1, 0
250, -1, 0
250, 0, -1
128, -1, 0
124, -1, 0
248, -1, 0
250, -1, 0
250, -1, 0
251, -1, 0
249, -1, 0
250, -1, 0
250, -1, 0
250, -1, 0
128, -1, 0
247, -1, 0
250, -1, 0
128, -1, -1
247, -1, 0
250, -1, 0
250, -1, 0
128, -1, 0
247, -1, 0
250, -1, 0
128, -1, 0
247, -1, 0
250, -1, 0
128, -1, 0
247, -1, 0
128, -1, 0
247, -1, 0
250, -1, 0
127, -1, 0
248, -1, 0
128, -1, 0
247, -1, 0
128, -1, 0
125, -1, 0
247, -1, 0
250, -1, 0
127, -1, 0
248, -1, 0
128, -1, 0
125, -1, 0
247, -1, 0
226, -1, 0
176, -1, 0
100, -1, 0
248, -1, 0
128, -1, 0
247, -1, 0
128, -1, 0
124, -1, 0
248, -1, 0
128, -1, 0
247, -1, 0
127, -1, 0
126, -1, 0
124, -1, 0
248, -1, 0
127, -1, 0
125, -1, 0
248, -1, 0
128, -1, 0
124, -1, 0
247, -1, 0
129, -1, 0
125, -1, 0
247, -2, 0
250, -1, 0
128, -1, 0
247, -1, 0
127, -1, 0
125, -1, 0
126, -1, 0
124, -1, 0
248, -1, 0
127, -1, 0
125, -1, 0
125, -1, 0
249, -1, 0
127, -1, 0
124, -1, 0
126, -1, 0
125, -1, 0
247, -2, 0
250, -1, 0
128, -1, 0
124, -1, 0
126, -1, 0
247, -1, 0
128, -1, 0
125, -1, 0
124, -1, 1
125, -1, 0
125, -1, 0
248, -1, 0
127, -1, 0
125, -1, 0
125, -1, 0
126, -1, 0
124, -1, 0
126, -1, 0
247, -2, 0
250, -1, 0
130, -1, 0
122, -1, 0
126, -1, 1
124, -1, 0
125, -1, 0
125, -1, 0
126, -1, 0
247, -1, 0
127, -1, 0
128, -1, 0
122, -1, 0
125, -1, 0
125, -1, 0
125, -1, 1
125, -1, 0
125, -1, 0
125, -1, 0
125, -1, 0
125, -1, 0
125, -1, 0
125, -1, 0
250, -1, 0
126, -1, 0
124, -1, 0
125, -1, 0
126, -1, 1
124, -1, 0
126, -1, 0
124, -1, 0
125, -1, 0
125, -1, 0
125, -1, 0
126, -1, 0
124, -1, 0
125, -1, 0
125, -1, 0
126, -1, 0
124, -1, 1
126, -1, 0
124, -1, 0
125, -1, 0
125, -1, 0
125, -1, 0
125, -1, 0
127, -1, 0
125, -1, 0
126, -1, 0
125, -1, 0
125, -1, 1
122, -1, 0
126, -1, 0
125, -1, 0
243, -1, 0
257, -1, 0
124, -3, 0
125, -1, 0
125, -1, 1
126, -1, 0
125, -1, 0
124, -1, 0
126, -1, 0
124, -1, 0
125, -1, 0
125, -1, 0
125, -1, 0
125, -1, 0
125, -1, 1
125, -1, 0
125, -1, 0
126, -1, 0
124, -1, 0
125, -1, 0
126, -2, 0
246, -1, 0
128, -2, 0
125, 0, 1
125, -2, 0
125, -1, 0
125, -1, 0
125, -1, 0
125, -1, 0
125, -1, 0
125, -1, 0
125, -1, 1
125, -1, 0
125, -1, 0
125, -1, 0
125, -1, 0
125, -1, 0
125, -2, 0
126, -1, 0
124, -1, 0
126, -1, 1
124, -1, 0
125, -1, 0
125, -1, 0
125, -1, 0
125, -1, 0
129, -2, 0
243, -2, 1
128, -1, 0
125, -1, 0
125, -1, 0
125, -1, 0
125, -1, 0
138, -1, 0
112, -2, 0
247, -2, 1
128, -1, 0
125, -1, 0
125, -1, 0
125, -1, 0
125, -1, 0
125, -2, 0
125, 0, 1
125, -2, 0
125, -1, 0
125, -1, 0
125, -1, 0
125, -1, 0
125, -1, 0
125, -1, 0
125, -1, 0
125, -1, 1
125, -2, 0
125, -1, 0
125, -1, 0
125, -1, 0
125, -1, 0
125, -1, 0
125, -1, 0
125, -2, 1
125, -1, 0
125, -1, 0
125, -1, 0
125, -1, 0
125, -1, 0
125, -1, 0
125, -1, 0
125, -2, 1
125, -1, 0
125, -1, 0
125, -1, 0
125, -1, 0
125, -1, 0
125, -1, 0
125, -2, 0
125, -1, 1
125, -1, 0
125, -1, 0
125, -1, 0
126, -1, 0
124, -1, 0
125, -2, 0
125, -1, 0
125, -1, 0
125, -1, 1
125, -1, 0
125, -1, 0
125, -2, 0
125, -1, 0
125, -1, 0
125, -1, 0
125, -1, 0
125, -1, 0
125, -1, 1
125, -2, 0
125, -1, 0
125, -1, 0
124, -1, 0
126, -1, 0
125, -1, 0
125, -2, 0
125, -1, 1
125, -1, 0
125, -1, 0
125, -1, 0
125, -2, 0
125, -1, 0
125, -1, 0
282, -1, 1
219, -1, 0
124, -4, 0
126, -1, 0
124, -1, 0
125, -1, 0
125, -1, 1
127, -1, 0
124, -2, 0
124, -1, 0
137, -1, 0
114, -1, 0
127, -2, 0
123, -1, 0
126, -1, 1
127, -1, 0
125, -1, 0
126, -1, 0
134, -1, 0
111, -2, 0
126, -1, 0
124, -1, 1
125, -1, 0
125, -1, 0
125, -1, 0
125, -2, 0
125, -1, 0
125, -1, 0
125, -1, 0
125, -1, 0
125, -2, 1
247, -2, 0
128, -1, 0
125, -1, 0
125, -1, 0
126, -2, 0
127, -1, 1
245, -2, 0
129, -1, 0
124, -1, 0
124, -1, 0
126, -2, 0
125, -1, 0
124, -1, 0
125, -1, 1
126, -2, 0
247, -2, 0
136, -1, 0
116, -1, 0
125, -1, 0
125, -1, 0
125, -2, 0
125, -1, 1
125, -1, 0
125, -1, 0
127, -1, 0
123, -1, 0
125, -2, 0
125, -1, 0
125, -1, 1
125, -1, 0
125, -1, 0
125, -2, 0
126, -1, 0
124, -1, 0
125, -1, 0
125, -1, 1
125, -1, 0
125, -2, 0
125, -1, 0
126, -1, 0
140, -1, 0
109, -1, 0
125, -1, 0
125, -1, 0
128, -2, 1
122, -1, 0
124, -1, 0
126, -1, 0
126, -2, 0
124, -1, 0
247, -2, 0
128, -1, 1
125, -1, 0
126, -1, 0
124, -2, 0
125, -1, 0
125, -1, 0
125, -1, 0
125, -1, 0
125, -1, 1
125, -1, 0
125, -2, 0
125, -1, 0
125, -1, 0
125, -1, 0
125, -1, 0
125, -1, 0
126, -2, 1
124, -1, 0
125, -1, 0
125, -1, 0
125, -1, 0
125, -1, 0
125, -1, 0
125, -2, 0
125, -1, 1
125, -1, 0
125, -1, 0
125, -1, 0
125, -1, 0
125, -2, 0
125, -1, 0
247, -2, 1
128, -1, 0
125, -1, 0
125, -1, 0
125, -2, 0
125, -1, 0
125, -1, 1
125, -1, 0
125, -1, 0
125, -1, 0
125, -1, 0
125, -2, 0
247, -2, 0
212, -1, 0
43, -1, 0
128, -1, 1
120, -1, 0
125, -2, 0
125, -1, 0
124, -1, 0
127, -1, 0
123, -1, 0
125, -1, 1
125, -1, 0
125, -1, 0
125, -2, 0
125, -1, 0
126, -1, 0
124, -1, 0
125, -1, 1
125, -1, 0
125, -1, 0
125, -2, 0
247, -2, 0
128, -1, 0
125, -1, 1
125, -1, 0
125, -1, 0
125, -1, 0
125, -2, 0
247, -1, 0
142, -2, 0
111, -1, 1
125, -1, 0
125, -1, 0
125, -1, 0
127, -1, 0
123, -1, 0
125, -1, 0
126, -2, 1
124, -1, 0
125, -1, 0
125, -1, 0
125, -1, 0
125, -1, 0
125, -1, 0
125, -1, 1
125, -1, 0
127, -2, 0
258, -2, 0
127, -1, 0
118, -1, 0
126, -1, 0
125, -1, 0
146, -1, 1
103, -1, 0
124, -1, 0
126, -1, 0
125, -1, 0
125, -1, 0
125, -1, 0
126, -1, 1
125, -2, 0
124, -1, 0
125, -1, 0
125, -1, 0
125, -1, 0
125, -1, 0
124, -1, 0
126, -1, 1
125, -1, 0
125, -1, 0
125, -1, 0
125, -1, 0
125, -1, 0
126, -1, 0
123, -1, 0
122, -1, 1
125, -1, 0
124, -1, 0
126, -1, 0
124, -1, 0
125, -2, 0
247, -1, 0
128, -1, 1
147, -1, 0
103, -1, 0
125, -1, 0
126, -2, 0
246, -2, 0
251, -1, 1
127, -1, 0
126, -2, 0
247, -1, 0
127, -1, 0
125, -1, 0
125, -1, 0
138, -1, 0
133, -1, 1
105, -1, 0
125, -1, 0
129, -1, 0
124, -1, 0
125, -1, 0
124, -1, 0
125, -1, 0
126, -1, 1
125, -1, 0
124, -1, 0
125, -1, 0
248, -2, 0
251, -1, 0
127, -1, 0
126, -1, 1
123, -1, 0
125, -1, 0
125, -1, 0
125, -1, 0
125, -1, 0
125, -1, 0
125, -1, 0
247, -1, 1
128, -1, 0
125, -1, 0
125, -1, 0
125, -1, 0
267, -1, 0
231, -2, 0
124, -1, 0
125, -1, 1
126, -1, 0
124, -1, 0
247, -1, 0
128, -1, 0
125, -1, 0
125, -1, 0
125, -1, 0
247, -1, 0
128, -1, 1
125, -1, 0
125, -1, 0
247, -1, 0
128, -1, 0
125, -1, 0
248, -1, 0
127, -1, 0
125, -1, 1
247, -1, 0
128, -1, 0
125, -1, 0
125, -1, 0
247, -1, 0
128, -1, 0
125, -1, 0
247, -1, 0
250, -2, 1
250, -1, 0
250, -1, 0
128, -1, 0
247, -1, 0
258, -2, 0
242, -1, 0
250, -1, 0
128, -1, 0
248, -1, 1
252, -1, 0
129, -1, 0
244, -1, 0
131, -1, 0
244, -1, 0
130, -1, 0
245, -1, 0
250, -1, 0
250, -1, 0
250, -1, 0
250, -1, 0
131, -1, 0
244, -1, 0
133, 0, 1
124, -1, 0
244, -1, 0
250, -1, 0
248, -1, 0
375, -1, 0
251, -1, 0
249, -1, 0
251, -1, 0
410, -1, 0
215, -1, 0
249, -1, 0
419, -1, 0
207, -1, 0
416, -1, 0
86, 0, 1
247, -1, 0
400, -1, 0
389, -1, 0
498, -1, 0
502, -1, 0
336, -1, 0
662, -1, 0
624, -1, 0
621, -1, 0
874, -1, 0
1737, -1, 0
6151, 1, 0
1995, 1, 0
1461, 1, 0
1306, 1, 0
1216, 1, 0
734, 1, 0
903, 1, 0
874, 1, 0
625, 1, 0
624, 1, 0
718, 1, 0
405, 1, 0
470, 1, 0
533, 1, 0
496, 1, 0
346, 1, 0
533, 1, 0
341, 1, 0
409, 1, 0
341, 1, 0
375, 1, 0
409, 1, 0
341, 1, 0
250, 1, 0
251, 1, 0
407, 1, 0
343, 1, 0
249, 1, 0
375, 1, 0
250, 1, 0
251, 1, 0
250, 1, 0
249, 1, 0
252, 1, 0
250, 1, 0
249, 1, 0
251, 1, 0
249, 1, 0
250, 1, 0
251, 1, 0
249, 1, 0
250, 1, 0
250, 1, 0
250, 1, 0
128, 1, 0
248, 1, 0
249, 1, 0
128, 1, 0
247, 1, 0
128, 1, 0
377, 1, 0
123, 1, 0
247, 1, 0
128, 1, 0
253, 1, 0
130, 1, 0
240, 1, 0
249, 1, 0
127, 1, 0
125, 1, 0
248, 1, 0
127, 1, 0
247, 1, 0
129, 1, 0
246, 1, 0
128, 1, 0
247, 1, 0
128, 1, 0
125, 1, 0
248, 1, 0
127, 1, 0
125, 1, 0
248, 1, 0
127, 1, 0
125, 1, 0
125, 1, 0
247, 1, 0
128, 1, 0
125, 1, 0
247, 1, 0
128, 1, 0
125, 1, 0
125, 1, 0
247, 1, 0
128, 1, 0
125, 1, -1
125, 1, 0
125, 1, 0
247, 1, 0
128, 1, 0
125, 1, 0
125, 1, 0
125, 1, 0
125, 1, 0
247, 1, 0
128, 1, 0
125, 1, 0
125, 1, 0
125, 1, 0
125, 1, 0
247, 1, 0
128, 1, 0
125, 1, 0
125, 1, 0
139, 1, 0
111, 1, -1
125, 1, 0
125, 1, 0
125, 1, 0
125, 1, 0
247, 2, 0
250, 2, 0
251, 1, 0
127, 1, 0
125, 1, 0
125, 1, 0
125, 1, 0
125, 1, 0
125, 1, 0
125, 1, 0
125, 1, 0
125, 1, -1
125, 1, 0
125, 1, 0
125, 1, 0
125, 1, 0
125, 1, 0
125, 1, 0
125, 1, 0
125, 1, 0
125, 1, 0
125, 1, 0
125, 1, 0
125, 1, 0
125, 1, 0
125, 1, 0
125, 2, -1
247, 2, 0
250, 1, 0
128, 2, 0
125, 1, 0
125, 1, 0
125, 1, 0
125, 1, 0
125, 1, 0
125, 1, 0
125, 1, 0
125, 1, -1
125, 1, 0
125, 1, 0
125, 1, 0
125, 1, 0
125, 2, 0
125, 1, 0
125, 1, 0
125, 1, 0
125, 1, 0
125, 1, 0
125, 1, -1
125, 1, 0
125, 1, 0
125, 2, 0
247, 2, 0
128, 1, 0
125, 1, 0
125, 1, 0
281, 2, 0
219, 2, -1
125, 2, 0
125, 1, 0
125, 1, 0
125, 2, 0
125, 1, 0
125, 1, 0
125, 1, 0
125, 1, 0
125, 1, -1
125, 2, 0
125, 1, 0
125, 1, 0
125, 1, 0
125, 1, 0
125, 2, 0
125, 1, 0
125, 1, 0
125, 1, 0
125, 2, -1
125, 1, 0
125, 1, 0
125, 1, 0
125, 1, 0
125, 2, 0
247, 2, 0
128, 1, -1
125, 1, 0
125, 2, 0
125, 1, 0
125, 1, 0
125, 2, 0
247, 2, 0
128, 1, -1
125, 1, 0
125, 2, 0
125, 1, 0
125, 1, 0
125, 1, 0
125, 2, 0
125, 1, 0
125, 1, -1
125, 1, 0
125, 1, 0
125, 2, 0
125, 1, 0
125, 2, 0
125, 1, 0
125, 1, 0
125, 1, -1
125, 2, 0
125, 1, 0
125, 2, 0
125, 1, 0
125, 1, 0
125, 1, 0
125, 1, 0
125, 2, -1
125, 1, 0
125, 2, 0
125, 1, 0
125, 1, 0
125, 1, 0
125, 2, 0
125, 1, -1
125, 1, 0
125, 2, 0
125, 1, 0
125, 2, 0
125, 1, 0
125, 1, 0
125, 1, -1
125, 2, 0
125, 1, 0
125, 2, 0
125, 1, 0
125, 1, 0
125, 2, 0
125, 1, -1
125, 1, 0
125, 1, 0
125, 2, 0
125, 1, 0
125, 2, 0
125, 1, -1
125, 1, 0
125, 2, 0
125, 1, 0
125, 1, 0
125, 1, 0
128, 2, -1
122, 1, 0
125, 2, 0
125, 1, 0
125, 2, 0
125, 1, 0
125, 1, 0
125, 1, 0
125, 2, -1
125, 2, 0
125, 1, 0
125, 1, 0
124, 1, 0
126, 2, 0
125, 1, 0
125, 2, -1
124, 1, 0
126, 2, 0
125, 1, 0
125, 1, 0
125, 2, -1
125, 1, 0
125, 1, 0
124, 1, 0
126, 2, 0
125, 1, 0
125, 2, -1
125, 1, 0
125, 2, 0
124, 1, 0
125, 1, 0
126, 2, 0
125, 1, -1
125, 2, 0
125, 1, 0
125, 1, 0
125, 2, 0
125, 1, 0
125, 2, -1
195, 1, 0
55, 1, 0
124, 2, 0
126, 1, 0
125, 1, 0
125, 2, -1
124, 1, 0
126, 2, 0
125, 1, 0
124, 2, 0
126, 1, -1
125, 2, 0
125, 1, 0
124, 1, 0
126, 2, 0
125, 1, 0
124, 2, -1
125, 1, 0
137, 1, 0
115, 2, 0
124, 1, -1
125, 2, 0
126, 1, 0
127, 1, 0
124, 2, 0
123, 1, 0
133, 1, 0
124, 2, -1
122, 1, 0
122, 2, 0
124, 1, 0
125, 2, 0
125, 1, -1
125, 2, 0
125, 1, 0
126, 1, 0
124, 2, 0
125, 1, 0
125, 2, -1
125, 1, 0
125, 2, 0
125, 1, 0
125, 2, 0
125, 1, -1
126, 1, 0
124, 2, 0
126, 1, 0
124, 1, 0
126, 2, 0
125, 1, -1
124, 2, 0
125, 1, 0
126, 1, 0
125, 2, 0
125, 1, 0
125, 2, -1
124, 1, 0
125, 1, 0
130, 2, 0
123, 1, 0
125, 2, -1
123, 1, 0
127, 2, 0
123, 1, 0
124, 2, 0
126, 1, 0
124, 1, -1
126, 1, 0
125, 2, 0
124, 1, 0
125, 2, 0
125, 1, -1
125, 1, 0
125, 2, 0
125, 1, 0
126, 2, 0
124, 1, 0
126, 2, -1
124, 1, 0
125, 1, 0
125, 2, 0
125, 1, 0
125, 2, -1
125, 1, 0
125, 2, 0
126, 1, 0
125, 1, 0
124, 2, -1
125, 1, 0
125, 1, 0
125, 2, 0
125, 1, 0
125, 1, 0
125, 2, -1
125, 1, 0
125, 2, 0
125, 1, 0
125, 2, 0
125, 1, -1
125, 2, 0
125, 1, 0
137, 1, 0
113, 2, 0
125, 1, 0
125, 1, -1
126, 1, 0
124, 2, 0
125, 1, 0
125, 2, -1
126, 1, 0
124, 2, 0
126, 1, 0
125, 1, 0
125, 2, 0
125, 1, -1
124, 1, 0
125, 2, 0
125, 1, 0
125, 1, 0
125, 2, -1
125, 1, 0
125, 1, 0
125, 2, 0
125, 1, 0
125, 2, -1
125, 1, 0
125, 1, 0
125, 1, 0
125, 2, 0
125, 1, -1
125, 2, 0
125, 1, 0
125, 2, 0
251, 1, 0
249, 1, -1
125, 4, 0
124, 1, 0
126, 2, -1
125, 1, 0
125, 2, 0
125, 1, 0
124, 1, 0
126, 2, -1
125, 1, 0
124, 1, 0
125, 1, 0
126, 2, 0
125, 1, -1
124, 2, 0
125, 1, 0
126, 1, 0
125, 2, -1
247, 2, 0
128, 1, 0
125, 2, 0
125, 1, 0
124, 1, -1
125, 2, 0
125, 1, 0
125, 1, 0
125, 2, -1
127, 1, 0
124, 1, 0
125, 1, 0
125, 2, 0
125, 1, -1
125, 1, 0
125, 2, 0
125, 1, 0
125, 1, 0
125, 2, 0
125, 1, -1
125, 1, 0
125, 1, 0
125, 1, 0
125, 2, 0
125, 1, -1
125, 1, 0
125, 2, 0
125, 1, 0
125, 1, 0
125, 2, -1
125, 1, 0
125, 1, 0
125, 2, 0
125, 1, 0
127, 1, -1
123, 1, 0
125, 1, 0
129, 2, 0
127, 1, 0
132, 1, -1
124, 1, 0
120, 2, 0
125, 1, 0
124, 1, -1
126, 1, 0
124, 1, 0
125, 2, 0
125, 1, 0
125, 1, 0
125, 1, -1
125, 1, 0
125, 1, 0
125, 2, 0
127, 1, 0
123, 1, -1
125, 1, 0
125, 1, 0
125, 2, 0
125, 1, 0
125, 1, -1
125, 1, 0
126, 2, 0
243, 2, 0
131, 1, -1
130, 1, 0
117, 1, 0
123, 1, 0
126, 2, 0
125, 0, -1
124, 2, 0
125, 1, 0
125, 1, 0
126, 1, -1
126, 1, 0
124, 1, 0
124, 2, 0
125, 1, 0
126, 0, -1
125, 2, 0
125, 1, 0
124, 1, 0
125, 1, 0
125, 1, 0
125, 1, -1
126, 2, 0
248, 2, 0
127, 1, 0
125, 0, -1
125, 2, 0
126, 1, 0
125, 1, 0
124, 1, -1
125, 1, 0
125, 1, 0
125, 1, 0
125, 1, 0
125, 1, 0
125, 1, 0
126, 1, -1
124, 1, 0
125, 1, 0
125, 1, 0
125, 1, 0
126, 2, -1
248, 2, 0
249, 2, 0
127, 0, -1
289, 1, 0
212, 1, 0
124, 3, -1
126, 2, 0
246, 1, 0
128, 1, 0
125, 1, 0
124, 1, -1
126, 1, 0
125, 1, 0
125, 1, 0
125, 1, 0
124, 1, -1
125, 1, 0
126, 1, 0
124, 1, 0
125, 1, 0
126, 1, -1
125, 1, 0
247, 1, 0
127, 1, 0
125, 1, 0
125, 1, 0
125, 1, -1
125, 1, 0
125, 1, 0
125, 1, 0
125, 1, 0
247, 1, -1
128, 1, 0
125, 1, 0
125, 1, 0
125, 1, 0
125, 1, 0
125, 0, -1
125, 2, 0
247, 1, 0
128, 1, 0
125, 1, 0
125, 1, 0
125, 0, -1
125, 1, 0
125, 1, 0
126, 1, 0
125, 1, 0
143, 0, -1
113, 1, 0
122, 1, 0
123, 1, 0
244, 1, 0
134, 1, 0
124, 1, -1
245, 1, 0
128, 1, 0
126, 1, 0
249, 1, -1
128, 1, 0
128, 1, 0
241, 1, 0
131, 1, 0
244, 1, -1
131, 1, 0
125, 1, 0
245, 1, 0
137, 1, 0
237, 1, -1
128, 1, 0
247, 1, 0
127, 1, 0
247, 1, 0
128, 1, 0
125, 0, -1
125, 1, 0
247, 1, 0
128, 1, 0
246, 1, -1
129, 1, 0
247, 1, 0
249, 1, 0
128, 1, 0
247, 1, 0
252, 1, -1
249, 1, 0
251, 1, 0
249, 1, 0
128, 1, -1
247, 1, 0
249, 1, 0
251, 1, 0
251, 1, 0
130, 0, -1
121, 1, 0
372, 1, 0
249, 1, 0
250, 1, 0
251, 1, 0
128, 0, -1
124, 1, 0
661, 1, 0
215, 1, 0
247, 1, -1
250, 1, 0
376, 1, 0
375, 1, 0
374, 1, 0
128, 0, -1
407, 1, 0
340, 1, 0
501, 1, 0
534, 1, -1
627, 1, 0
611, 1, 0
762, 1, 0
215, 0, -1
786, 1, 0
1594, 1, 0
6182, -1, 0
439, 0, -1
2319, -1, 0
2228, -1, 0
1743, 0, -1
87, -1, 0
1499, -1, 0
1144, -1, 0
1105, -1, 0
131, 0, -1
994, -1, 0
922, -1, 0
747, -1, -1
750, -1, 0
830, -1, 0
625, -1, 0
127, 0, -1
547, -1, 0
576, -1, 0
668, -1, 0
332, -1, 0
665, -1, 0
242, 0, -1
221, -1, 0
535, -1, 0
497, -1, 0
627, -1, 0
391, -1, 0
322, -1, 0
538, -1, -1
390, -1, 0
358, -1, 0
374, -1, 0
340, -1, 0
380, -1, 0
372, -1, 0
499, -1, 0
248, -1, 0
404, -1, 0
221, -1, 0
254, 0, -1
128, -1, 0
408, -1, 0
211, -1, 0
250, -1, 0
413, -1, 0
212, -1, 0
415, -1, 0
211, -1, 0
249, -1, 0
250, -1, 0
418, -1, 0
207, -1, 0
250, -1, 0
249, -1, 0
250, -1, 0
375, -1, 0
250, -1, 0
251, -1, 0
249, -1, 0
250, -1, 0
250, -1, 0
250, -1, 0
250, -1, 0
128, -1, 0
247, -1, 0
250, -1, 0
250, -1, 0
250, -1, 0
250, -1, 0
128, -1, 0
247, -1, 0
250, -1, 0
250, -1, 0
250, -1, 0
251, -1, 0
127, -1, 0
248, -1, 0
323, -1, 0
54, -1, 0
247, -1, 0
128, 0, 1
125, -1, 0
125, -1, 0
247, -1, 0
128, -1, 0
247, -1, 0
250, -1, 0
128, -1, 0
247, -1, 0
128, -1, 0
247, -1, 0
128, -1, 0
248, -1, 0
127, -1, 0
247, -1, 0
131, 0, 1
122, -1, 0
125, -1, 0
125, -1, 0
247, -1, 0
250, -1, 0
128, -1, 0
125, -1, 0
247, -1, 0
128, -1, 0
247, -1, 0
128, -1, 0
125, 0, 1
125, -1, 0
125, -1, 0
125, -1, 0
125, -1, 0
247, -1, 0
250, -1, 0
128, -1, 0
125, -1, 0
247, -1, 0
128, -1, 0
125, -1, 0
125, 0, 1
125, -1, 0
125, -1, 0
125, -1, 0
247, -1, 0
128, -1, 0
125, -1, 0
247, -1, 0
131, -1, 0
124, -1, 0
124, -1, 1
245, -1, 0
129, -1, 0
124, -1, 0
248, -1, 0
127, -1, 0
125, -1, 0
125, -1, 0
125, -1, 1
247, -1, 0
128, -1, 0
125, -1, 0
125, -1, 0
247, -1, 0
128, -1, 0
125, -1, 1
125, -1, 0
125, -1, 0
247, -1, 0
128, -1, 0
125, -1, 0
125, -1, 1
125, -1, 0
247, -1, 0
128, -1, 0
125, -1, 0
125, -1, 0
129, -1, 0
121, -1, 0
125, -1, 1
247, -1, 0
128, -1, 0
125, -1, 0
125, -1, 0
126, -1, 0
124, -1, 0
125, -1, 1
125, -1, 0
247, -2, 0
250, -1, 0
128, -1, 0
125, -1, 0
125, -1, 1
125, -1, 0
125, -1, 0
246, -2, 0
251, -2, 0
253, -2, 1
249, -1, 0
127, -1, 0
124, -1, 0
240, -1, 0
261, -1, 1
124, -3, 0
124, -1, 0
127, -1, 0
124, -1, 0
125, -1, 0
125, -1, 1
125, -1, 0
125, -1, 0
125, -1, 0
125, -1, 0
125, -1, 1
125, -1, 0
247, -2, 0
128, -1, 0
125, -1, 0
125, -1, 1
125, -1, 0
125, -1, 0
125, -1, 0
125, -1, 0
247, -2, 0
128, -1, 1
125, -1, 0
125, -1, 0
125, -1, 0
125, -1, 0
125, -1, 1
125, -1, 0
125, -1, 0
125, -1, 0
125, -1, 0
125, -1, 0
125, -1, 1
125, -1, 0
125, -1, 0
143, -1, 0
106, -1, 0
125, -1, 0
126, -1, 1
125, -2, 0
246, -1, 0
129, -2, 0
247, -2, 1
128, -1, 0
125, -1, 0
125, -1, 0
125, -1, 1
126, -1, 0
123, -1, 0
125, -1, 0
125, -1, 0
126, -1, 0
124, -1, 0
126, -2, 1
247, -2, 0
127, -1, 0
126, -1, 1
125, -1, 0
124, -1, 0
125, -1, 0
125, -1, 0
131, -2, 0
123, 0, 1
123, -2, 0
126, -1, 0
124, -1, 0
126, -1, 1
125, -1, 0
124, -1, 0
129, -1, 0
125, -1, 0
126, -1, 0
123, -2, 1
125, -1, 0
123, -1, 0
124, -1, 0
125, -1, 0
128, -1, 1
125, -1, 0
125, -2, 0
125, -1, 0
125, -1, 0
125, -1, 1
125, -1, 0
124, -1, 0
125, -1, 0
126, -1, 0
125, -2, 1
125, -1, 0
126, -1, 0
124, -1, 0
125, -2, 1
248, -2, 0
127, -1, 0
125, -1, 0
125, -1, 1
125, -1, 0
125, -2, 0
124, -1, 0
125, -1, 1
126, -1, 0
124, -2, 0
126, -1, 0
124, -1, 1
125, -1, 0
125, -1, 0
125, -1, 0
125, -1, 0
125, -2, 1
126, -1, 0
124, -1, 0
134, -1, 0
116, -2, 1
125, -1, 0
125, -1, 0
125, -1, 0
125, -1, 1
126, -2, 0
124, -1, 0
125, -1, 0
125, -1, 1
126, -1, 0
125, -2, 0
296, -1, 0
203, -1, 1
144, -3, 0
105, -2, 1
124, -1, 0
125, -2, 0
249, -2, 1
126, -1, 0
125, -2, 0
126, -1, 0
125, -1, 1
125, -1, 0
125, -1, 0
124, -1, 0
126, -1, 1
124, -2, 0
125, -1, 0
125, -1, 0
126, -2, 0
125, -1, 1
125, -1, 0
124, -2, 0
125, -1, 1
125, -1, 0
126, -1, 0
124, -1, 0
125, -2, 1
126, -1, 0
125, -1, 0
124, -1, 0
125, -2, 1
125, -1, 0
126, -1, 0
145, -1, 0
104, -1, 1
125, -2, 0
125, -1, 0
125, -2, 0
125, -1, 1
125, -1, 0
125, -1, 0
153, -2, 0
98, -1, 1
125, -1, 0
125, -1, 0
128, -2, 1
122, -1, 0
125, -1, 0
125, -2, 0
124, -1, 1
125, -1, 0
125, -1, 0
126, -2, 0
124, -1, 1
126, -1, 0
124, -1, 0
125, -2, 0
126, -1, 1
124, -1, 0
125, -2, 0
125, -1, 0
125, -1, 1
125, -1, 0
126, -2, 0
124, -1, 1
125, -1, 0
125, -2, 0
126, -1, 0
125, -1, 1
125, -1, 0
125, -2, 0
124, -1, 0
126, -1, 1
124, -1, 0
126, -2, 0
125, -1, 1
125, -2, 0
124, -1, 0
125, -1, 0
125, -1, 1
125, -1, 0
125, -2, 0
125, -1, 1
125, -1, 0
125, -1, 0
125, -2, 0
125, -1, 0
125, -2, 1
125, -1, 0
131, -1, 1
123, -1, 0
128, -1, 0
123, -2, 0
124, -1, 0
127, -2, 1
243, -2, 0
145, -1, 1
113, -2, 0
123, -1, 0
124, -1, 0
125, -2, 1
126, -1, 0
127, -1, 0
124, -1, 0
146, -2, 1
108, -1, 0
123, -1, 0
124, -1, 1
124, -2, 0
124, -1, 0
126, -2, 0
124, -1, 1
126, -1, 0
125, -1, 0
124, -1, 0
126, -2, 1
120, -1, 0
125, -1, 0
124, -1, 0
125, -2, 1
497, -4, 1
7, -1, 0
123, -1, 0
125, -1, 0
124, -2, 0
126, -1, 1
124, -1, 0
126, -2, 0
225, -1, 0
28, -1, 1
122, -2, 0
123, -1, 0
126, -1, 1
124, -1, 0
125, -1, 0
125, -2, 0
127, -1, 1
124, -2, 0
124, -1, 0
125, -1, 0
126, -1, 1
125, -2, 0
124, -1, 0
126, -1, 0
125, -1, 1
125, -1, 0
124, -2, 0
125, -1, 0
126, -2, 1
137, -1, 0
113, -1, 0
124, -1, 0
126, -2, 1
124, -1, 0
125, -1, 0
125, -1, 0
126, -2, 1
124, -1, 0
125, -1, 0
126, -2, 1
124, -1, 0
126, -1, 0
124, -1, 0
125, -2, 1
125, -1, 0
125, -1, 0
125, -1, 0
125, -2, 0
125, -1, 1
126, -1, 0
124, -1, 0
125, -1, 0
125, -2, 1
126, -1, 0
125, -2, 0
126, -1, 1
125, -1, 0
124, -1, 0
125, -2, 0
125, -1, 0
125, -1, 1
126, -1, 0
123, -1, 0
123, -2, 0
125, -1, 1
125, -2, 0
248, -2, 1
127, -1, 0
125, -1, 0
125, -2, 0
125, -1, 0
125, -1, 1
130, -1, 0
121, -2, 0
124, -1, 1
125, -1, 0
125, -1, 0
125, -2, 0
125, -1, 1
126, -1, 0
125, -1, 0
125, -1, 0
125, -2, 1
124, -1, 0
126, -1, 0
124, -1, 0
125, -2, 1
125, -1, 0
125, -1, 0
125, -1, 0
125, -2, 1
125, -1, 0
125, -1, 0
125, -1, 0
125, -1, 0
125, -2, 1
125, -1, 0
125, -1, 0
128, -1, 0
126, -2, 1
122, -1, 0
125, -1, 0
125, -1, 0
124, -1, 1
126, -2, 0
125, -1, 0
124, -1, 0
125, -1, 0
126, -2, 1
125, -1, 0
125, -1, 0
125, -1, 1
125, -2, 0
125, -1, 0
124, -1, 0
126, -1, 0
124, -1, 1
126, -1, 0
126, -1, 0
124, -2, 0
125, -1, 1
124, -1, 0
125, -1, 0
125, -2, 0
125, -1, 1
125, -1, 0
125, -1, 0
125, -1, 0
125, -1, 0
125, -1, 1
126, -2, 0
125, -1, 0
124, -1, 0
125, -1, 1
125, -1, 0
126, -1, 0
124, -1, 0
125, -2, 0
125, -1, 1
125, -1, 0
249, -1, 0
252, -1, 0
125, -4, 1
125, -1, 0
125, -1, 0
125, -1, 1
124, -1, 0
130, -1, 0
125, -2, 0
248, -2, 1
128, -1, 0
124, -1, 0
125, -1, 0
126, -1, 0
124, -1, 1
125, -1, 0
129, -2, 0
242, -2, 0
130, -1, 1
124, -1, 0
125, -1, 0
146, -1, 1
104, -1, 0
125, -1, 0
125, -1, 0
125, -1, 0
125, -2, 0
126, 0, 1
125, -2, 0
243, -2, 0
131, -1, 0
125, -1, 1
134, -1, 0
117, -1, 0
120, -1, 0
124, -1, 0
125, -1, 1
125, -1, 0
128, -1, 0
123, -1, 0
124, -1, 0
127, -1, 1
124, -1, 0
125, -1, 0
130, -1, 0
120, -1, 0
125, -1, 1
125, -1, 0
125, -1, 0
125, -1, 0
125, -1, 0
125, -1, 0
135, -1, 1
115, -1, 0
125, -1, 0
125, -1, 0
124, -1, 0
126, -1, 1
125, -1, 0
124, -1, 0
126, -1, 0
125, -1, 0
125, -1, 1
125, -1, 0
125, -1, 0
124, -1, 0
126, -1, 0
125, -1, 0
125, 0, 1
125, -1, 0
125, -1, 0
125, -1, 0
125, -1, 0
125, -1, 0
125, -1, 0
125, -1, 1
139, -1, 0
110, -1, 0
126, -1, 0
247, -1, 1
128, -1, 0
126, -1, 0
124, -1, 0
125, -1, 0
125, -1, 0
124, -1, 0
248, -2, 1
250, -1, 0
127, -1, 0
248, -1, 0
128, -1, 0
124, -1, 1
125, -1, 0
125, -1, 0
126, -1, 0
250, -1, 0
124, -1, 1
125, -1, 0
247, -1, 0
128, -1, 0
125, -1, 0
247, -1, 0
128, -1, 0
126, -1, 1
124, -1, 0
125, -1, 0
247, -1, 0
128, -1, 0
247, -1, 1
128, -1, 0
125, -1, 0
247, -1, 0
128, -1, 0
248, -1, 0
128, -1, 0
124, 0, 1
125, -1, 0
282, -1, 0
218, -1, 0
125, -2, 0
247, -1, 0
250, -1, 1
128, -1, 0
247, -1, 0
250, -1, 0
128, -1, 0
247, -1, 0
128, -1, 1
247, -1, 0
250, -1, 0
250, -1, 0
128, -1, 0
247, -1, 0
250, -1, 0
250, -1, 0
128, 0, 1
125, -1, 0
247, -1, 0
250, -1, 0
250, -1, 0
250, -1, 0
250, -1, 0
250, -1, 0
250, -1, 1
250, -1, 0
379, -1, 0
247, -1, 0
252, -1, 0
374, -1, 0
250, -1, 0
418, -1, 0
332, -1, 0
250, 0, 1
131, -1, 0
406, -1, 0
338, -1, 0
545, -1, 0
330, -1, 0
546, -1, 0
453, -1, 0
626, -1, 0
624, -1, 0
876, -1, 0
1126, -1, 0
9262, 1, 0
2033, 1, 0
88, 0, 1
1744, 1, 0
1302, 1, 0
1195, 1, 0
875, 1, 0
922, 1, 0
828, 1, 0
805, 1, 0
612, 1, 1
639, 1, 0
445, 1, 0
683, 1, 0
482, 1, 0
503, 1, 0
331, 1, 0
499, 1, 0
417, 1, 0
500, 1, 0
333, 1, 0
446, 1, 0
368, 1, 0
369, 1, 0
367, 1, 0
346, 1, 0
229, 1, 0
414, 1, 0
336, 1, 0
250, 1, 0
414, 1, 0
211, 1, 0
250, 1, 0
250, 1, 0
415, 1, 0
210, 1, 0
250, 1, 0
250, 1, 0
250, 1, 0
250, 1, 0
376, 1, 0
249, 1, 0
128, 1, 0
247, 1, 0
250, 1, 0
250, 1, 0
255, 1, 0
245, 1, 0
128, 0, -1
125, 1, 0
124, 1, 0
247, 1, 0
250, 1, 0
250, 1, 0
128, 1, 0
247, 1, 0
128, 1, 0
247, 1, 0
250, 1, 0
250, 1, 0
128, 1, 0
247, 1, 0
250, 1, 0
286, 1, -1
218, 1, 0
124, 2, 0
247, 1, 0
128, 1, 0
247, 1, 0
128, 1, 0
249, 1, 0
126, 1, 0
125, 1, 0
247, 1, 0
128, 1, -1
247, 1, 0
128, 1, 0
248, 1, 0
127, 1, 0
125, 1, 0
125, 1, 0
247, 1, 0
128, 1, 0
247, 1, 0
128, 1, -1
125, 1, 0
247, 1, 0
128, 1, 0
125, 1, 0
125, 1, 0
247, 1, 0
128, 1, 0
125, 1, 0
125, 1, 0
125, 0, -1
125, 1, 0
125, 1, 0
125, 1, 0
125, 1, 0
125, 1, 0
247, 1, 0
129, 1, 0
124, 1, 0
125, 1, 0
125, 1, -1
247, 2, 0
250, 1, 0
128, 1, 0
125, 1, 0
125, 1, 0
247, 2, 0
251, 1, -1
127, 1, 0
125, 1, 0
125, 1, 0
125, 1, 0
125, 1, 0
125, 1, 0
125, 1, 0
125, 1, 0
125, 1, -1
247, 2, 0
250, 1, 0
128, 1, 0
125, 1, 0
125, 1, 0
125, 1, 0
125, 1, -1
125, 1, 0
128, 1, 0
122, 1, 0
125, 1, 0
125, 1, 0
125, 1, 0
125, 1, 0
125, 1, -1
125, 1, 0
125, 1, 0
125, 1, 0
125, 1, 0
125, 1, 0
125, 1, 0
125, 1, 0
125, 1, -1
125, 1, 0
125, 1, 0
125, 1, 0
125, 1, 0
125, 1, 0
125, 1, 0
125, 1, 0
125, 1, 0
125, 1, 0
125, 1, -1
125, 1, 0
125, 2, 0
247, 2, 0
128, 1, -1
125, 1, 0
125, 1, 0
125, 1, 0
125, 1, 0
125, 1, 0
125, 1, 0
125, 1, -1
125, 1, 0
125, 1, 0
125, 2, 0
125, 1, 0
125, 1, 0
125, 1, 0
125, 1, 0
125, 1, -1
125, 1, 0
125, 1, 0
125, 1, 0
125, 2, 0
211, 1, 0
39, 1, -1
146, 1, 0
104, 1, 0
125, 1, 0
125, 1, 0
125, 2, 0
247, 2, -1
128, 1, 0
125, 1, 0
125, 1, 0
125, 2, 0
126, 1, -1
124, 1, 0
125, 1, 0
125, 1, 0
125, 1, 0
125, 1, 0
125, 2, -1
125, 1, 0
125, 1, 0
125, 1, 0
125, 2, 0
125, 1, 0
125, 1, -1
125, 1, 0
125, 1, 0
125, 2, 0
247, 2, 0
128, 1, -1
125, 1, 0
125, 1, 0
125, 2, 0
125, 1, 0
125, 1, -1
125, 1, 0
125, 2, 0
125, 1, 0
125, 1, 0
125, 2, 0
247, 2, -1
128, 1, 0
125, 2, 0
125, 1, 0
125, 1, 0
125, 1, -1
125, 1, 0
125, 2, 0
125, 1, 0
125, 1, 0
125, 1, 0
125, 2, -1
125, 1, 0
125, 1, 0
125, 1, 0
125, 2, 0
125, 1, -1
124, 1, 0
126, 2, 0
125, 1, 0
125, 1, -1
125, 1, 0
125, 2, 0
125, 1, 0
125, 2, 0
125, 1, 0
125, 1, -1
125, 1, 0
125, 1, 0
125, 2, 0
125, 1, 0
125, 2, -1
125, 1, 0
125, 1, 0
125, 1, 0
125, 2, 0
125, 1, 0
125, 2, -1
125, 1, 0
125, 1, 0
125, 2, 0
125, 1, 0
125, 1, -1
125, 1, 0
125, 2, 0
125, 1, 0
125, 2, 0
125, 1, -1
125, 1, 0
125, 2, 0
125, 1, 0
125, 1, 0
125, 1, -1
125, 2, 0
125, 1, 0
125, 2, 0
125, 1, 0
125, 2, -1
125, 1, 0
125, 1, 0
125, 1, 0
126, 2, -1
124, 1, 0
125, 1, 0
125, 2, 0
124, 1, 0
126, 2, -1
125, 1, 0
124, 2, 0
126, 1, 0
125, 1, 0
125, 2, -1
126, 1, 0
124, 1, 0
124, 1, 0
126, 2, -1
125, 1, 0
125, 2, 0
125, 1, 0
125, 2, 0
125, 1, 0
125, 2, -1
125, 1, 0
124, 2, 0
126, 1, 0
125, 1, 0
125, 1, -1
125, 2, 0
124, 1, 0
126, 1, 0
237, 2, 0
264, 1, -1
124, 5, 0
125, 1, -1
126, 1, 0
123, 2, 0
126, 1, 0
125, 2, 0
125, 1, -1
125, 2, 0
124, 1, 0
126, 1, 0
125, 2, 0
125, 1, -1
125, 2, 0
125, 1, 0
124, 1, 0
126, 2, -1
124, 1, 0
126, 1, 0
125, 2, 0
125, 1, 0
125, 2, -1
125, 1, 0
126, 2, 0
124, 1, 0
125, 2, -1
128, 1, 0
123, 1, 0
127, 2, 0
123, 1, -1
124, 2, 0
125, 1, 0
126, 2, 0
126, 1, 0
124, 2, -1
124, 1, 0
128, 1, 0
124, 2, 0
130, 1, -1
120, 1, 0
124, 2, 0
125, 1, 0
126, 2, -1
124, 1, 0
126, 2, 0
125, 1, 0
125, 1, 0
125, 2, -1
124, 1, 0
125, 1, 0
125, 2, 0
126, 1, -1
124, 2, 0
125, 1, 0
125, 2, 0
125, 1, -1
126, 2, 0
125, 1, 0
124, 2, 0
125, 1, -1
126, 1, 0
124, 2, 0
125, 1, 0
126, 2, 0
125, 1, -1
124, 2, 0
126, 1, 0
128, 2, 0
124, 1, -1
123, 2, 0
124, 1, 0
125, 1, 0
126, 2, -1
124, 1, 0
125, 2, 0
126, 1, 0
127, 1, -1
122, 2, 0
125, 1, 0
125, 2, 0
125, 1, -1
126, 2, 0
124, 1, 0
125, 1, 0
125, 2, 0
126, 1, -1
124, 2, 0
125, 1, 0
125, 1, -1
125, 2, 0
125, 1, 0
125, 2, 0
125, 1, 0
125, 1, -1
126, 2, 0
125, 1, 0
124, 2, 0
125, 1, 0
125, 2, -1
126, 1, 0
125, 2, 0
124, 1, -1
125, 2, 0
125, 1, 0
125, 1, 0
126, 2, -1
124, 1, 0
125, 2, 0
125, 1, 0
125, 1, -1
126, 2, 0
124, 1, 0
125, 1, -1
125, 2, 0
126, 1, 0
124, 2, 0
125, 1, -1
125, 1, 0
128, 2, 0
123, 1, 0
125, 2, -1
124, 1, 0
125, 2, 0
125, 1, 0
125, 1, -1
125, 2, 0
125, 1, 0
125, 2, 0
125, 1, 0
125, 1, -1
302, 2, 0
199, 1, 0
124, 4, -1
125, 2, 0
125, 1, 0
125, 2, -1
125, 1, 0
125, 1, 0
125, 2, 0
125, 1, 0
126, 1, -1
126, 2, 0
123, 1, 0
125, 1, 0
126, 2, -1
124, 1, 0
125, 2, 0
125, 1, -1
125, 1, 0
125, 2, 0
125, 1, 0
125, 1, 0
125, 2, -1
125, 1, 0
125, 1, 0
125, 2, 0
125, 1, 0
125, 2, -1
125, 1, 0
125, 1, 0
125, 1, 0
125, 2, -1
125, 1, 0
124, 1, 0
126, 2, 0
125, 1, -1
124, 2, 0
126, 1, 0
125, 2, 0
125, 0, -1
125, 2, 0
125, 1, 0
125, 1, 0
125, 2, 0
125, 1, -1
125, 2, 0
125, 1, 0
129, 1, -1
122, 1, 0
125, 2, 0
130, 1, 0
130, 2, 0
121, 1, -1
123, 1, 0
124, 2, 0
125, 1, 0
127, 1, 0
123, 1, -1
127, 2, 0
127, 1, 0
122, 2, 0
126, 1, -1
125, 1, 0
124, 1, 0
126, 1, 0
125, 2, -1
124, 1, 0
126, 2, 0
124, 1, 0
126, 1, -1
125, 1, 0
124, 2, 0
126, 1, 0
125, 2, 0
125, 0, -1
125, 2, 0
124, 1, 0
124, 1, 0
122, 2, -1
124, 1, 0
125, 2, 0
248, 2, -1
127, 1, 0
126, 2, 0
125, 1, 0
125, 1, -1
124, 1, 0
125, 1, 0
126, 2, 0
124, 1, 0
126, 2, -1
125, 1, 0
125, 1, 0
125, 1, 0
124, 2, 0
126, 1, 0
124, 1, -1
127, 1, 0
125, 1, 0
125, 2, 0
125, 1, -1
124, 1, 0
125, 1, 0
126, 2, 0
125, 1, -1
124, 1, 0
125, 1, 0
126, 2, 0
125, 1, 0
124, 1, -1
125, 1, 0
126, 1, 0
125, 1, 0
124, 2, 0
126, 1, -1
124, 1, 0
125, 1, 0
125, 1, 0
126, 2, -1
125, 1, 0
125, 1, 0
124, 1, 0
126, 1, 0
125, 2, -1
124, 1, 0
125, 1, 0
126, 1, 0
124, 1, 0
126, 1, -1
124, 2, 0
126, 1, 0
375, 1, 0
125, 3, -1
124, 1, 0
125, 2, 0
126, 1, 0
124, 1, -1
125, 1, 0
125, 1, 0
125, 1, 0
126, 2, -1
124, 1, 0
248, 2, 0
127, 1, 0
125, 1, 0
125, 1, -1
124, 1, 0
125, 1, 0
126, 2, 0
125, 1, 0
126, 1, -1
124, 1, 0
125, 1, 0
126, 1, 0
124, 1, 0
125, 1, -1
125, 1, 0
125, 2, 0
125, 1, 0
124, 1, 0
124, 1, -1
124, 1, 0
125, 1, 0
126, 1, 0
124, 1, 0
125, 1, 0
130, 1, -1
120, 1, 0
125, 1, 0
125, 1, 0
125, 2, 0
125, 0, -1
125, 1, 0
125, 1, 0
125, 1, 0
125, 2, 0
126, 0, -1
124, 2, 0
247, 2, 0
254, 2, 0
130, 0, -1
125, 2, 0
123, 1, 0
245, 2, 0
131, 1, -1
125, 1, 0
124, 1, 0
125, 1, 0
245, 2, -1
251, 2, 0
130, 1, 0
309, 1, 0
69, 1, -1
123, 1, 0
124, 1, 0
127, 1, 0
122, 1, 0
127, 1, -1
124, 1, 0
124, 1, 0
147, 1, 0
109, 1, 0
114, 1, 0
249, 2, -1
249, 1, 0
128, 1, 0
136, 1, 0
114, 1, 0
125, 1, -1
125, 1, 0
125, 1, 0
247, 1, 0
128, 1, 0
125, 1, 0
128, 1, -1
122, 1, 0
125, 1, 0
248, 1, 0
127, 1, 0
126, 1, -1
124, 1, 0
125, 1, 0
125, 1, 0
247, 1, 0
128, 1, 0
125, 1, -1
125, 1, 0
247, 1, 0
128, 1, 0
125, 1, 0
125, 1, 0
125, 1, -1
251, 1, 0
125, 1, 0
124, 1, 0
247, 1, -1
129, 1, 0
124, 1, 0
248, 1, 0
128, 1, 0
247, 1, -1
128, 1, 0
125, 1, 0
124, 1, 0
366, 1, 0
261, 1, -1
123, 2, 0
248, 1, 0
127, 1, 0
125, 1, 0
125, 0, -1
125, 1, 0
125, 1, 0
247, 1, 0
128, 1, 0
247, 1, -1
128, 1, 0
247, 1, 0
250, 1, 0
129, 1, 0
128, 1, 0
243, 1, -1
250, 1, 0
128, 1, 0
247, 1, 0
250, 1, -1
251, 1, 0
250, 1, 0
127, 1, 0
247, 1, 0
250, 1, -1
250, 1, 0
250, 1, 0
250, 1, 0
250, 1, 0
128, 0, -1
125, 1, 0
247, 1, 0
250, 1, 0
250, 1, 0
407, 1, -1
218, 1, 0
250, 1, 0
250, 1, 0
407, 1, -1
343, 1, 0
249, 1, 0
410, 1, 0
371, 1, 0
374, 1, -1
378, 1, 0
373, 1, 0
376, 1, 0
476, 1, -1
371, 1, 0
625, 1, 0
499, 1, 0
656, 1, 0
220, 0, -1
499, 1, 0
935, 1, 0
1067, 1, 0
2288, 0, -1
8772, -1, 0
2116, -1, 0
1118, 0, -1
872, -1, 0
1478, -1, 0
984, -1, -1
1246, -1, 0
913, -1, 0
393, 0, -1
472, -1, 0
726, -1, 0
674, -1, 0
765, -1, 0
182, 0, -1
408, -1, 0
471, -1, 0
682, -1, 0
566, -1, 0
431, -1, 0
193, 0, -1
434, -1, 0
498, -1, 0
499, -1, 0
333, -1, 0
418, -1, 0
444, -1, 0
422, -1, -1
372, -1, 0
331, -1, 0
424, -1, 0
200, -1, 0
501, -1, 0
249, -1, 0
375, -1, 0
250, -1, 0
423, -1, 0
388, -1, 0
192, -1, 0
249, -1, 0
499, -1, 0
250, -1, 0
124, -1, 0
371, -1, 0
250, -1, 0
250, -1, 0
250, -1, 0
128, 0, -1
125, -1, 0
247, -1, 0
402, -1, 0
224, -1, 0
128, -1, 0
371, -1, 0
128, -1, 0
248, -1, 0
249, -1, 0
250, -1, 0
250, -1, 0
250, -1, 0
251, -1, 0
128, -1, 0
247, -1, 0
248, -1, 0
251, -1, 0
127, -1, 0
248, -1, 0
250, -1, 0
250, -1, 0
128, -1, 0
125, -1, 1
408, -1, 0
91, -1, 0
125, -1, 0
248, -1, 0
249, -1, 0
128, -1, 0
125, -1, 0
247, -1, 0
250, -1, 0
128, -1, 0
125, 0, 1
125, -1, 0
248, -1, 0
128, -1, 0
125, -1, 0
247, -1, 0
128, -1, 0
247, -1, 0
127, -1, 0
125, -1, 0
125, 0, 1
125, -1, 0
126, -1, 0
124, -1, 0
247, -1, 0
250, -1, 0
128, -1, 0
125, -1, 0
126, -1, 1
246, -1, 0
128, -1, 0
125, -1, 0
247, -1, 0
129, -1, 0
247, -1, 0
127, -1, 0
126, -1, 1
124, -1, 0
125, -1, 0
247, -1, 0
128, -1, 0
125, -1, 0
125, -1, 0
247, -1, 1
128, -1, 0
125, -1, 0
247, -1, 0
128, -1, 0
125, -1, 0
125, -1, 1
247, -1, 0
128, -1, 0
125, -1, 0
125, -1, 0
125, -1, 0
126, -1, 1
124, -1, 0
247, -1, 0
279, -1, 0
225, -1, 0
125, -3, 1
246, -1, 0
128, -1, 0
125, -1, 0
125, -1, 0
125, -1, 0
125, -1, 1
125, -1, 0
125, -1, 0
247, -1, 0
128, -1, 0
125, -1, 1
125, -1, 0
125, -1, 0
125, -1, 0
125, -1, 0
125, -1, 0
125, -1, 0
125, -1, 1
247, -2, 0
250, -1, 0
128, -1, 0
125, -1, 1
128, -1, 0
122, -1, 0
125, -1, 0
125, -1, 0
125, -1, 0
125, -1, 1
125, -1, 0
125, -1, 0
125, -1, 0
125, -1, 0
125, -1, 0
125, -1, 1
125, -1, 0
125, -1, 0
125, -1, 0
125, -1, 0
125, -1, 0
125, -1, 1
126, -1, 0
124, -1, 0
125, -1, 0
125, -1, 0
125, -1, 1
125, -1, 0
125, -1, 0
125, -1, 0
125, -1, 0
125, -1, 0
125, -1, 0
125, -1, 1
125, -1, 0
125, -1, 0
125, -1, 0
125, -1, 0
125, -1, 1
125, -1, 0
125, -2, 0
247, -2, 0
128, 0, 1
126, -1, 0
124, -2, 0
247, -2, 0
129, -1, 1
124, -1, 0
125, -1, 0
125, -1, 0
125, -1, 0
125, -1, 1
125, -1, 0
125, -1, 0
125, -2, 0
247, -2, 1
250, -2, 0
128, -1, 0
125, -1, 0
125, -1, 1
125, -1, 0
125, -1, 0
125, -1, 0
126, -2, 1
124, -1, 0
125, -1, 0
125, -1, 0
125, -1, 1
125, -1, 0
125, -1, 0
125, -1, 0
126, -2, 0
124, -1, 1
125, -1, 0
125, -1, 0
125, -1, 0
125, -1, 0
125, -1, 0
125, -2, 1
125, -1, 0
125, -1, 0
125, -1, 0
125, -1, 1
125, -1, 0
125, -1, 0
125, -2, 0
125, -1, 1
126, -1, 0
123, -1, 0
125, -1, 0
125, -1, 0
126, -2, 1
125, -1, 0
125, -1, 0
125, -1, 0
125, -1, 1
125, -2, 0
124, -1, 0
125, -1, 0
137, -1, 1
160, -2, 0
94, -1, 0
111, -1, 0
268, -1, 1
232, -1, 0
125, -4, 1
125, -1, 0
134, -1, 0
116, -1, 0
125, -2, 1
124, -1, 0
125, -1, 0
128, -1, 0
125, -2, 1
123, -1, 0
125, -1, 0
125, -1, 0
125, -1, 1
124, -2, 0
125, -1, 0
125, -1, 0
125, -1, 1
127, -2, 0
124, -1, 0
125, -1, 0
124, -1, 1
126, -2, 0
125, -1, 0
124, -1, 0
125, -1, 1
126, -1, 0
125, -2, 0
124, -1, 0
125, -2, 1
248, -2, 0
128, -1, 0
124, -1, 1
125, -2, 0
126, -1, 0
124, -1, 1
126, -1, 0
124, -2, 0
125, -1, 0
125, -1, 1
125, -1, 0
125, -2, 0
125, -1, 0
125, -2, 1
126, -1, 0
124, -1, 0
125, -1, 1
125, -1, 0
125, -2, 0
125, -1, 0
125, -1, 1
125, -2, 0
126, -1, 0
124, -1, 0
125, -2, 1
125, -1, 0
125, -1, 0
125, -1, 1
125, -1, 0
125, -2, 0
125, -1, 0
125, -2, 1
125, -1, 0
125, -1, 0
125, -1, 1
125, -2, 0
125, -1, 0
125, -1, 0
126, -2, 1
124, -1, 0
125, -1, 0
126, -1, 0
124, -2, 1
125, -1, 0
125, -2, 0
126, -1, 1
124, -1, 0
125, -1, 0
125, -1, 0
125, -2, 1
125, -1, 0
125, -2, 0
125, -1, 1
125, -1, 0
125, -2, 0
125, -1, 0
125, -1, 1
125, -1, 0
125, -2, 0
125, -1, 0
125, -2, 1
127, -1, 0
124, -1, 1
126, -1, 0
123, -2, 0
126, -1, 0
124, -2, 1
129, -1, 0
122, -1, 0
124, -2, 0
126, -1, 1
126, -1, 0
124, -1, 0
125, -2, 1
125, -1, 0
125, -2, 0
125, -1, 0
125, -1, 1
125, -1, 0
125, -1, 0
125, -2, 1
124, -1, 0
126, -2, 0
125, -1, 1
134, -2, 0
115, -1, 0
125, -1, 0
126, -2, 1
125, -1, 0
124, -1, 0
125, -1, 0
126, -2, 1
124, -1, 0
126, -2, 1
125, -1, 0
125, -1, 0
125, -1, 0
124, -2, 0
125, -1, 1
242, -2, 0
259, -1, 0
123, -4, 1
126, -1, 1
125, -2, 0
124, -1, 0
125, -1, 0
125, -2, 1
125, -1, 0
125, -2, 0
125, -1, 0
125, -1, 1
126, -2, 0
124, -1, 0
125, -1, 0
125, -2, 1
125, -1, 0
125, -1, 0
125, -2, 1
125, -1, 0
126, -2, 0
129, -1, 0
121, -1, 1
125, -2, 0
125, -1, 0
125, -1, 0
128, -2, 1
121, -1, 0
129, -1, 0
123, -2, 1
124, -1, 0
125, -2, 0
125, -1, 0
125, -2, 1
125, -1, 0
125, -1, 0
125, -2, 1
125, -1, 0
125, -1, 0
125, -1, 0
125, -2, 1
125, -1, 0
125, -2, 0
125, -1, 1
125, -1, 0
125, -2, 0
126, -1, 0
127, -2, 1
122, -1, 0
125, -1, 0
125, -1, 1
125, -2, 0
125, -1, 0
125, -2, 0
125, -1, 1
125, -2, 0
125, -1, 0
125, -1, 0
127, -2, 1
127, -1, 0
131, -1, 0
119, -2, 1
126, -1, 0
125, -1, 0
123, -2, 0
125, -1, 1
127, -2, 0
126, -1, 0
122, -1, 1
125, -2, 0
126, -1, 0
126, -2, 0
128, -1, 1
123, -1, 0
125, -1, 0
124, -2, 1
125, -1, 0
124, -2, 0
126, -1, 0
127, -1, 1
123, -2, 0
125, -1, 0
125, -2, 0
125, -1, 1
124, -1, 0
125, -1, 0
134, -2, 0
113, -1, 1
125, -2, 0
125, -1, 0
125, -1, 0
125, -2, 1
125, -1, 0
126, -1, 0
124, -2, 1
147, -1, 0
105, -1, 0
123, -2, 1
125, -1, 0
125, -2, 0
125, -1, 0
125, -1, 1
124, -2, 0
126, -1, 0
124, -1, 0
126, -1, 1
125, -2, 0
125, -1, 0
125, -2, 1
124, -1, 0
126, -2, 0
138, -1, 0
114, -1, 1
123, -2, 0
124, -1, 0
125, -1, 1
126, -1, 0
125, -2, 0
124, -1, 0
137, -2, 1
114, -1, 0
125, -1, 0
125, -2, 0
125, -1, 0
124, -1, 1
125, -1, 0
125, -2, 1
126, -1, 0
123, -2, 0
126, -1, 0
125, -2, 0
284, -1, 1
217, -1, 0
125, -4, 1
124, -1, 0
125, -2, 0
125, -1, 1
125, -2, 0
125, -1, 0
125, -1, 0
125, -1, 1
125, -2, 0
125, -1, 0
125, -1, 0
125, -2, 1
125, -1, 0
125, -2, 0
125, -1, 1
125, -1, 0
125, -1, 0
125, -2, 0
126, -1, 1
124, -2, 0
126, -1, 0
124, -1, 0
125, -1, 1
125, -1, 0
125, -2, 0
126, -1, 0
124, -2, 1
125, -1, 0
125, -1, 0
125, -2, 0
125, -1, 1
125, -1, 0
125, -1, 0
125, -2, 1
125, -1, 0
125, -1, 0
125, -1, 0
125, -2, 0
126, -1, 1
124, -2, 0
125, -1, 0
126, -1, 1
124, -1, 0
125, -1, 0
125, -2, 0
126, -1, 0
124, -2, 1
126, -1, 0
124, -1, 0
125, -1, 0
125, -2, 1
125, -1, 0
125, -1, 0
125, -1, 0
125, -1, 0
125, -2, 1
126, -1, 0
124, -1, 0
125, -2, 0
126, -1, 1
124, -1, 0
125, -2, 0
125, -1, 1
126, -1, 0
124, -1, 0
125, -1, 0
125, -2, 0
125, -1, 1
125, -1, 0
125, -1, 0
125, -2, 0
126, -1, 1
124, -1, 0
126, -1, 0
124, -2, 0
126, -1, 0
124, -1, 1
125, -1, 0
125, -1, 0
125, -2, 0
125, -1, 0
126, -1, 1
124, -1, 0
125, -2, 0
125, -1, 0
126, -1, 1
124, -1, 0
125, -1, 0
125, -1, 0
125, -1, 0
126, -2, 1
124, -1, 0
125, -1, 0
125, -1, 0
125, -1, 1
125, -1, 0
125, -2, 0
125, -1, 0
126, -1, 0
124, -1, 1
125, -1, 0
125, -1, 0
125, -1, 0
126, -2, 0
124, -1, 1
125, -1, 0
127, -1, 0
124, -1, 0
124, -1, 0
125, -1, 0
125, -1, 1
125, -1, 0
125, -2, 0
125, -1, 0
125, -1, 0
131, -1, 1
123, -1, 0
134, -1, 0
117, -1, 0
124, -1, 0
126, -1, 1
125, -1, 0
124, -1, 0
125, -1, 0
125, -1, 0
126, -2, 0
243, -2, 1
250, -2, 0
300, -1, 0
208, -1, 0
124, -3, 1
125, -1, 0
138, -1, 0
112, -1, 0
125, -1, 1
125, -1, 0
126, -1, 0
125, -1, 0
125, -1, 0
120, -1, 0
125, -1, 1
124, -1, 0
126, -1, 0
124, -1, 0
144, -1, 0
137, -1, 0
218, -2, 1
252, -2, 0
248, -1, 0
127, -1, 0
124, -1, 0
126, -1, 1
124, -1, 0
125, -1, 0
125, -1, 0
125, -1, 0
126, -1, 0
124, -1, 0
126, -1, 1
247, -1, 0
128, -1, 0
125, -1, 0
124, -1, 0
126, -1, 0
247, -2, 1
250, -1, 0
127, -1, 0
125, -1, 0
126, -1, 0
247, -1, 0
127, -1, 1
125, -1, 0
125, -1, 0
125, -1, 0
247, -1, 0
128, -1, 0
125, -1, 0
247, -1, 1
128, -1, 0
125, -1, 0
125, -1, 0
248, -1, 0
127, -1, 0
125, -1, 0
248, -1, 1
127, -1, 0
247, -1, 0
128, -1, 0
124, -1, 0
252, -1, 0
124, -1, 0
124, -1, 0
247, -1, 1
128, -1, 0
247, -1, 0
250, -1, 0
128, -1, 0
125, -1, 0
247, -1, 0
128, -1, 0
247, -1, 0
128, -1, 1
247, -1, 0
250, -1, 0
128, -1, 0
247, -1, 0
254, -1, 0
246, -1, 0
251, -1, 0
127, -1, 0
247, -1, 0
250, -1, 1
250, -1, 0
250, -1, 0
250, -1, 0
250, -1, 0
251, -1, 0
249, -1, 0
250, -1, 0
250, -1, 0
376, -1, 0
249, -1, 0
250, -1, 0
376, -1, 0
254, -1, 0
123, 0, 1
247, -1, 0
406, -1, 0
404, -1, 0
345, -1, 0
347, -1, 0
437, -1, 0
438, -1, 0
499, -1, 0
671, -1, 0
616, -1, 0
718, -1, 0
1129, -1, 0
9189, 1, 0
1709, 1, 0
1246, 1, 0
1258, 1, 0
749, 0, 1
215, 1, 0
766, 1, 0
750, 1, 0
625, 1, 0
656, 1, 0
620, 1, 0
531, 1, 0
478, 1, 0
475, 1, 0
496, 1, 0
371, 1, 0
531, 1, 0
216, 1, 0
500, 1, 0
376, 1, 0
248, 1, 0
391, 1, 0
362, 1, 0
375, 1, 0
249, 1, 0
376, 1, 0
249, 1, 0
249, 1, 0
375, 1, 0
250, 1, 0
235, 1, 0
249, 1, 0
251, 1, 0
250, 1, 0
249, 1, 0
259, 1, 0
241, 1, 0
251, 1, 0
249, 1, 0
250, 1, 0
128, 1, 0
247, 1, 0
250, 1, 0
250, 1, 0
250, 1, 0
128, 1, 0
247, 1, 0
250, 1, 0
250, 1, 0
128, 1, 0
247, 1, -1
128, 1, 0
247, 1, 0
127, 1, 0
247, 1, 0
251, 1, 0
127, 1, 0
248, 1, 0
127, 1, 0
125, 1, 0
248, 1, 0
127, 1, 0
125, 1, 0
126, 0, -1
125, 1, 0
125, 1, 0
248, 1, 0
127, 1, 0
125, 1, 0
248, 1, 0
127, 1, 0
125, 1, 0
247, 1, 0
128, 1, -1
125, 1, 0
125, 1, 0
247, 1, 0
128, 1, 0
125, 1, 0
247, 1, 0
128, 1, 0
125, 1, 0
125, 1, 0
125, 1, 0
247, 1, 0
128, 1, -1
125, 1, 0
125, 1, 0
125, 1, 0
125, 1, 0
247, 1, 0
128, 1, 0
125, 1, 0
125, 1, 0
125, 1, 0
125, 1, -1
247, 2, 0
250, 1, 0
128, 1, 0
125, 1, 0
125, 1, 0
125, 1, 0
125, 1, 0
125, 1, 0
125, 1, 0
125, 1, -1
125, 1, 0
247, 2, 0
254, 1, 0
126, 1, 0
125, 1, 0
131, 1, 0
117, 1, 0
125, 1, -1
125, 1, 0
124, 1, 0
126, 1, 0
124, 1, 0
125, 1, 0
126, 2, 0
246, 2, 0
128, 1, -1
248, 1, 0
128, 1, 0
124, 2, 0
249, 2, 0
127, 1, 0
124, 1, -1
125, 1, 0
125, 1, 0
126, 1, 0
125, 1, 0
124, 1, 0
126, 1, 0
124, 1, -1
125, 1, 0
232, 2, 0
149, 2, 0
120, 1, 0
124, 1, 0
125, 1, -1
126, 1, 0
124, 1, 0
125, 1, 0
125, 1, 0
125, 1, 0
125, 2, 0
125, 1, 0
125, 1, -1
125, 1, 0
125, 1, 0
125, 1, 0
143, 2, 0
108, 1, 0
124, 1, 0
126, 1, -1
125, 1, 0
126, 1, 0
125, 1, 0
125, 2, 0
123, 1, 0
125, 1, -1
125, 1, 0
126, 2, 0
124, 1, 0
128, 1, 0
123, 1, 0
124, 1, 0
125, 1, -1
126, 2, 0
124, 1, 0
125, 1, 0
125, 2, 0
125, 0, -1
126, 2, 0
124, 1, 0
125, 1, 0
125, 2, 0
248, 2, 0
128, 1, -1
124, 2, 0
125, 1, 0
126, 1, 0
124, 1, 0
125, 2, -1
125, 1, 0
125, 1, 0
126, 1, 0
124, 2, 0
125, 1, 0
125, 1, 0
125, 2, -1
125, 1, 0
125, 1, 0
125, 1, 0
126, 2, 0
124, 1, -1
125, 1, 0
125, 2, 0
125, 1, 0
125, 2, 0
125, 1, -1
125, 1, 0
125, 1, 0
125, 2, 0
125, 1, 0
125, 2, 0
125, 1, -1
125, 2, 0
126, 1, 0
124, 1, 0
125, 1, 0
125, 1, 0
125, 2, -1
125, 1, 0
125, 2, 0
125, 1, 0
125, 2, -1
125, 1, 0
125, 2, 0
125, 1, 0
125, 1, 0
125, 1, 0
125, 2, -1
125, 1, 0
125, 1, 0
125, 2, 0
125, 1, -1
125, 2, 0
125, 1, 0
125, 2, 0
125, 1, 0
125, 1, 0
125, 2, -1
125, 1, 0
125, 2, 0
126, 1, 0
124, 2, 0
125, 1, -1
125, 2, 0
125, 1, 0
125, 2, 0
125, 1, -1
125, 1, 0
126, 2, 0
125, 1, 0
124, 2, 0
125, 1, -1
125, 2, 0
125, 1, 0
125, 1, 0
125, 2, -1
126, 2, 0
124, 1, 0
125, 1, 0
125, 2, 0
125, 1, -1
125, 2, 0
125, 1, 0
125, 2, 0
125, 1, 0
125, 2, -1
126, 1, 0
124, 2, 0
125, 1, 0
125, 2, -1
125, 1, 0
272, 1, 0
228, 2, 0
125, 4, -1
125, 2, 0
125, 2, 0
125, 1, -1
125, 2, 0
125, 2, 0
125, 1, 0
125, 1, 0
125, 2, -1
125, 1, 0
125, 2, 0
125, 1, 0
125, 2, 0
125, 1, -1
125, 2, 0
125, 1, 0
125, 2, 0
125, 2, -1
125, 1, 0
126, 2, 0
124, 1, 0
125, 2, -1
125, 1, 0
125, 2, 0
125, 1, 0
125, 2, -1
125, 2, 0
125, 1, 0
125, 1, 0
125, 2, -1
125, 2, 0
125, 1, 0
125, 2, 0
125, 1, 0
125, 2, -1
125, 1, 0
125, 2, 0
125, 2, 0
125, 1, -1
125, 2, 0
125, 1, 0
125, 2, 0
125, 1, -1
125, 2, 0
125, 2, 0
125, 1, 0
125, 2, -1
125, 2, 0
125, 1, 0
125, 2, 0
126, 1, -1
124, 1, 0
127, 2, 0
123, 2, 0
125, 2, -1
125, 1, 0
125, 2, 0
125, 1, 0
125, 2, -1
126, 2, 0
123, 1, 0
125, 2, 0
125, 2, -1
126, 1, 0
124, 1, 0
125, 2, 0
127, 2, -1
126, 1, 0
123, 2, 0
125, 2, 0
129, 1, -1
126, 2, 0
124, 1, 0
124, 2, -1
123, 2, 0
126, 1, 0
125, 2, 0
124, 1, -1
125, 2, 0
126, 1, 0
124, 2, 0
125, 2, 0
126, 2, -1
125, 1, 0
124, 2, 0
126, 1, -1
124, 1, 0
126, 2, 0
135, 2, 0
115, 2, -1
124, 1, 0
126, 2, 0
125, 1, 0
125, 2, -1
125, 2, 0
125, 2, 0
125, 1, 0
125, 1, -1
126, 2, 0
124, 2, 0
125, 2, 0
125, 1, 0
125, 2, -1
125, 1, 0
125, 2, 0
126, 1, -1
123, 2, 0
126, 2, 0
125, 1, 0
125, 2, -1
124, 1, 0
126, 2, 0
142, 2, 0
107, 2, -1
125, 1, 0
125, 2, 0
125, 1, -1
125, 2, 0
126, 1, 0
124, 2, 0
125, 2, -1
126, 1, 0
124, 2, 0
125, 1, 0
126, 2, -1
125, 1, 0
125, 2, 0
124, 2, 0
126, 2, -1
323, 1, 0
177, 2, 0
125, 4, -1
124, 2, 0
125, 2, 0
125, 1, -1
125, 2, 0
125, 1, 0
126, 2, -1
124, 1, 0
125, 2, 0
125, 2, 0
125, 1, 0
125, 2, -1
125, 1, 0
126, 2, 0
124, 2, 0
125, 1, -1
125, 2, 0
125, 2, 0
126, 1, -1
125, 2, 0
128, 1, 0
121, 2, 0
126, 2, -1
125, 1, 0
126, 2, 0
128, 1, 0
124, 2, -1
123, 1, 0
125, 2, 0
125, 2, 0
125, 2, -1
125, 1, 0
124, 2, 0
126, 1, -1
125, 1, 0
125, 2, 0
125, 1, 0
125, 2, -1
125, 2, 0
125, 2, 0
125, 1, -1
125, 2, 0
125, 1, 0
125, 2, 0
125, 1, 0
126, 2, -1
124, 2, 0
125, 1, 0
125, 2, -1
125, 1, 0
125, 2, 0
125, 1, 0
125, 2, -1
125, 1, 0
125, 2, 0
125, 2, 0
125, 1, -1
125, 2, 0
124, 1, 0
126, 2, 0
125, 1, -1
125, 2, 0
125, 1, 0
125, 2, 0
125, 1, -1
125, 2, 0
125, 2, 0
125, 1, 0
125, 2, -1
125, 1, 0
125, 2, 0
124, 1, 0
128, 2, -1
123, 1, 0
125, 2, 0
124, 1, 0
126, 2, -1
125, 1, 0
125, 2, 0
125, 1, 0
125, 1, -1
125, 2, 0
125, 1, 0
125, 2, 0
125, 2, -1
125, 1, 0
125, 2, 0
125, 1, 0
125, 2, -1
125, 1, 0
125, 2, 0
125, 1, 0
125, 2, -1
125, 1, 0
124, 2, 0
126, 1, 0
125, 2, -1
124, 1, 0
126, 2, 0
125, 1, 0
124, 2, -1
126, 1, 0
125, 2, 0
124, 1, 0
125, 1, -1
125, 2, 0
125, 1, 0
125, 2, 0
125, 1, -1
125, 2, 0
130, 1, 0
125, 2, 0
134, 1, -1
116, 2, 0
126, 1, 0
133, 1, 0
116, 2, 0
126, 1, -1
125, 2, 0
126, 1, 0
125, 2, -1
124, 1, 0
124, 2, 0
125, 1, 0
125, 2, -1
125, 1, 0
125, 1, 0
125, 1, 0
126, 2, 0
129, 2, -1
287, 1, 0
208, 1, 0
125, 4, -1
125, 2, 0
127, 1, 0
122, 1, 0
123, 2, -1
123, 1, 0
125, 2, 0
125, 1, 0
125, 2, -1
125, 1, 0
125, 2, 0
125, 1, 0
125, 2, -1
144, 1, 0
105, 1, 0
125, 1, 0
126, 2, 0
125, 1, -1
125, 1, 0
125, 2, 0
124, 1, 0
126, 2, -1
125, 1, 0
124, 2, 0
125, 1, 0
126, 1, 0
125, 1, -1
128, 1, 0
124, 2, 0
124, 1, 0
126, 2, -1
124, 1, 0
125, 1, 0
125, 1, 0
125, 2, -1
125, 1, 0
125, 1, 0
126, 2, 0
124, 1, 0
125, 1, -1
132, 1, 0
123, 2, 0
122, 1, 0
127, 1, -1
126, 1, 0
121, 2, 0
124, 1, 0
126, 2, 0
124, 1, -1
124, 1, 0
123, 1, 0
125, 1, 0
126, 2, 0
144, 1, -1
105, 1, 0
125, 1, 0
125, 2, 0
126, 1, 0
124, 1, -1
125, 1, 0
125, 2, 0
125, 1, -1
125, 1, 0
125, 1, 0
125, 1, 0
125, 2, 0
126, 1, 0
125, 1, -1
125, 1, 0
124, 2, 0
125, 1, 0
126, 1, -1
124, 1, 0
126, 1, 0
124, 1, 0
125, 1, 0
125, 2, -1
131, 1, 0
119, 1, 0
125, 1, 0
125, 1, 0
125, 1, -1
125, 2, 0
125, 1, 0
125, 1, 0
125, 1, 0
125, 1, -1
127, 1, 0
122, 1, 0
125, 2, 0
248, 2, -1
128, 1, 0
125, 1, 0
125, 1, 0
125, 1, 0
125, 1, -1
127, 1, 0
123, 1, 0
124, 1, 0
125, 2, 0
258, 2, -1
123, 1, 0
126, 1, 0
127, 1, 0
117, 1, -1
126, 1, 0
124, 1, 0
146, 1, 0
104, 1, 0
125, 1, -1
125, 1, 0
125, 1, 0
125, 1, 0
125, 1, 0
125, 1, 0
125, 1, -1
125, 1, 0
125, 1, 0
125, 1, 0
125, 1, 0
125, 1, -1
126, 1, 0
125, 1, 0
124, 1, 0
125, 1, 0
125, 1, 0
126, 1, -1
290, 1, 0
211, 1, 0
123, 3, 0
125, 1, -1
125, 1, 0
248, 2, 0
249, 1, -1
128, 1, 0
125, 1, 0
125, 1, 0
125, 1, 0
125, 1, 0
247, 2, -1
250, 1, 0
128, 1, 0
125, 1, 0
129, 1, 0
121, 1, -1
125, 1, 0
247, 1, 0
128, 1, 0
125, 1, 0
125, 1, -1
125, 1, 0
247, 1, 0
128, 1, 0
125, 1, 0
261, 1, -1
114, 1, 0
125, 1, 0
125, 1, 0
247, 1, 0
128, 1, -1
125, 1, 0
247, 1, 0
128, 1, 0
125, 1, 0
248, 1, -1
127, 1, 0
247, 1, 0
128, 1, 0
250, 1, 0
134, 1, -1
242, 1, 0
129, 1, 0
246, 1, 0
250, 1, -1
131, 1, 0
122, 1, 0
245, 1, 0
250, 1, 0
131, 1, 0
243, 1, -1
251, 1, 0
251, 1, 0
130, 1, 0
246, 1, -1
249, 1, 0
135, 1, 0
364, 1, 0
252, 1, -1
247, 1, 0
127, 1, 0
247, 1, 0
249, 1, 0
251, 1, 0
128, 0, -1
247, 1, 0
249, 1, 0
251, 1, 0
405, 1, 0
220, 1, -1
400, 1, 0
225, 1, 0
403, 1, 0
347, 1, 0
128, 0, -1
247, 1, 0
377, 1, 0
499, 1, 0
500, 1, -1
382, 1, 0
618, 1, 0
652, 1, 0
499, 0, -1
222, 1, 0
1158, 1, 0
1845, 0, -1
7749, -1, 0
1912, -1, 0
587, 0, -1
1039, -1, 0
1244, -1, 0
872, -1, 0
1004, -1, -1
745, -1, 0
751, -1, 0
750, -1, 0
374, 0, -1
221, -1, 0
625, -1, 0
530, -1, 0
644, -1, 0
343, 0, -1
132, -1, 0
489, -1, 0
498, -1, 0
378, -1, 0
509, -1, 0
381, -1, 0
486, -1, 0
130, 0, -1
244, -1, 0
401, -1, 0
371, -1, 0
371, -1, 0
378, -1, 0
381, -1, 0
237, -1, 0
384, -1, -1
369, -1, 0
245, -1, 0
378, -1, 0
245, -1, 0
381, -1, 0
244, -1, 0
250, -1, 0
387, -1, 0
246, -1, 0
344, -1, 0
293, -1, 0
125, -1, 0
242, -1, 0
247, -1, 0
121, 0, -1
129, -1, 0
347, -1, 0
150, -1, 0
225, -1, 0
247, -1, 0
250, -1, 0
252, -1, 0
250, -1, 0
250, -1, 0
250, -1, 0
126, -1, 0
251, -1, 0
247, -1, 0
127, -1, 0
248, -1, 0
249, -1, 0
127, -1, 0
248, -1, 0
253, -1, 0
126, -1, 0
246, -1, 0
249, -1, 0
128, -1, 0
126, -1, 0
251, -1, 0
247, -1, 0
126, -1, 0
248, -1, 0
127, -1, 0
125, -1, 0
247, -1, 0
250, -1, 0
128, -1, 0
125, -1, 0
247, -1, 0
131, -1, 0
247, -1, 0
128, -1, 0
130, -1, 0
240, -1, 1
147, -1, 0
108, -1, 0
248, -1, 0
125, -1, 0
128, -1, 0
126, -1, 0
243, -1, 0
128, -1, 0
126, -1, 0
247, -1, 0
133, -1, 0
118, -1, 0
134, -1, 1
246, -1, 0
125, -1, 0
123, -1, 0
124, -1, 0
125, -1, 0
248, -1, 0
129, -1, 0
123, -1, 0
124, -1, 0
250, -1, 0
127, -1, 1
121, -1, 0
132, -1, 0
121, -1, 0
123, -1, 0
131, -1, 0
244, -1, 0
125, -1, 0
126, -1, 0
124, -1, 1
126, -1, 0
127, -1, 0
123, -1, 0
124, -1, 0
127, -1, 0
125, -1, 0
125, -1, 0
249, -1, 0
125, -1, 1
127, -1, 0
127, -1, 0
122, -1, 0
125, -1, 0
127, -1, 0
123, -1, 0
126, -1, 0
339, -1, 1
168, -1, 0
115, -3, 0
127, -1, 0
126, -1, 0
124, -1, 1
127, -1, 0
126, -1, 0
122, -1, 0
124, -1, 0
123, -2, 0
128, 0, 1
124, -1, 0
125, -1, 0
124, -1, 0
124, -1, 0
128, -1, 0
130, -2, 0
244, -2, 1
126, -1, 0
124, -1, 0
130, -1, 0
120, -1, 0
125, -1, 0
131, -1, 1
118, -1, 0
131, -1, 0
121, -2, 0
249, -2, 1
126, -1, 0
123, -1, 0
127, -1, 0
124, -1, 0
131, -1, 0
120, -1, 1
123, -2, 0
125, -1, 0
124, -1, 0
123, -1, 0
127, -1, 0
126, -1, 1
124, -2, 0
132, -1, 0
120, -1, 0
125, -1, 0
127, -1, 0
128, -2, 1
247, -2, 0
122, -1, 0
127, -1, 1
122, -1, 0
127, -2, 0
126, -1, 0
122, -1, 0
125, -1, 0
127, -1, 1
125, -2, 0
124, -1, 0
126, -1, 0
124, -1, 1
125, -2, 0
125, -1, 0
132, -1, 0
126, -1, 1
122, -2, 0
125, -1, 0
123, -1, 0
125, -1, 0
126, -1, 1
122, -2, 0
125, -1, 0
126, -2, 0
123, -1, 0
125, -1, 1
124, -1, 0
125, -2, 0
125, -1, 1
125, -1, 0
125, -2, 0
125, -1, 0
125, -1, 1
125, -1, 0
126, -2, 0
126, -1, 0
123, -2, 0
124, -1, 1
125, -1, 0
127, -1, 0
126, -1, 0
123, -2, 1
124, -1, 0
125, -2, 0
132, -1, 0
121, -2, 1
125, -1, 0
124, -1, 0
126, -1, 0
126, -2, 1
124, -1, 0
125, -1, 0
124, -2, 0
125, -1, 1
126, -2, 0
125, -1, 0
124, -2, 0
126, -1, 1
125, -1, 0
125, -2, 0
125, -1, 0
125, -2, 1
125, -1, 0
124, -1, 0
126, -2, 0
125, -1, 1
125, -1, 0
125, -2, 0
125, -1, 0
124, -2, 1
125, -1, 0
126, -2, 1
125, -1, 0
124, -1, 0
125, -2, 0
125, -1, 1
125, -2, 0
127, -1, 0
123, -2, 0
125, -1, 1
125, -2, 0
245, -1, 0
257, -2, 1
123, -4, 1
128, -1, 0
127, -2, 0
121, -1, 0
127, -2, 1
123, -1, 0
123, -2, 0
125, -1, 1
127, -2, 0
126, -2, 0
123, -1, 1
124, -2, 0
126, -1, 0
127, -2, 1
125, -1, 0
130, -2, 0
118, -1, 0
127, -2, 1
124, -1, 0
124, -2, 1
125, -1, 0
125, -2, 0
125, -1, 0
125, -2, 1
126, -2, 0
124, -1, 0
125, -2, 1
125, -1, 0
124, -2, 0
126, -1, 0
125, -2, 1
125, -1, 0
125, -2, 0
125, -2, 1
125, -1, 0
126, -2, 0
127, -1, 0
124, -2, 1
123, -1, 0
125, -2, 1
125, -2, 0
125, -2, 0
125, -1, 1
124, -2, 0
127, -1, 0
124, -1, 0
125, -2, 1
124, -2, 0
126, -2, 0
125, -1, 1
124, -2, 0
125, -1, 0
126, -2, 1
124, -1, 0
126, -2, 1
124, -2, 0
125, -2, 0
125, -1, 0
126, -1, 1
125, -2, 0
125, -2, 1
125, -2, 0
124, -1, 0
126, -2, 1
125, -1, 0
124, -2, 0
126, -2, 1
124, -2, 0
126, -1, 0
125, -1, 1
125, -3, 0
126, -1, 0
124, -2, 1
125, -1, 0
125, -2, 1
125, -2, 0
124, -2, 0
127, -1, 1
124, -2, 0
125, -1, 1
125, -2, 0
125, -2, 0
125, -1, 1
125, -2, 0
124, -2, 0
126, -2, 1
125, -1, 0
125, -2, 1
124, -1, 0
126, -3, 1
125, -1, 0
124, -1, 0
127, -2, 1
124, -2, 0
124, -2, 1
126, -1, 0
125, -2, 0
125, -2, 1
126, -2, 0
124, -1, 0
126, -2, 1
124, -2, 0
125, -2, 1
124, -1, 0
126, -2, 0
125, -2, 1
126, -1, 0
124, -2, 0
125, -2, 1
124, -2, 0
127, -1, 0
123, -2, 1
126, -2, 0
125, -2, 1
125, -1, 0
126, -2, 0
124, -2, 1
124, -1, 0
125, -2, 0
136, -2, 1
120, -2, 0
123, -1, 1
124, -2, 0
128, -2, 0
125, -2, 1
123, -1, 0
123, -2, 0
125, -2, 1
124, -1, 0
294, -2, 1
207, -2, 0
125, -6, 1
124, -1, 1
125, -2, 0
125, -2, 0
126, -1, 1
124, -2, 0
124, -2, 0
126, -2, 1
125, -1, 0
125, -2, 1
125, -2, 0
126, -2, 1
124, -2, 0
125, -2, 0
130, -1, 0
121, -2, 1
124, -2, 0
125, -1, 1
127, -2, 0
124, -2, 0
124, -2, 1
125, -1, 0
125, -3, 1
125, -1, 0
125, -2, 0
125, -2, 1
125, -2, 0
126, -1, 1
124, -2, 0
125, -2, 0
126, -1, 1
124, -3, 0
125, -1, 0
125, -2, 1
125, -2, 0
125, -2, 1
125, -1, 0
125, -3, 0
125, -1, 1
125, -2, 0
129, -2, 0
121, -1, 1
125, -2, 0
125, -2, 1
125, -2, 0
127, -2, 0
126, -2, 1
124, -1, 0
126, -2, 1
125, -2, 0
126, -1, 0
122, -2, 1
124, -2, 0
126, -2, 1
124, -1, 0
125, -3, 0
125, -1, 1
125, -2, 0
126, -2, 1
124, -2, 0
125, -1, 0
125, -2, 1
124, -2, 0
126, -1, 1
125, -3, 0
125, -1, 0
125, -2, 1
125, -2, 0
125, -2, 0
126, -1, 1
124, -3, 0
130, -1, 1
121, -2, 0
124, -2, 0
125, -1, 1
125, -2, 0
125, -2, 0
126, -2, 1
124, -2, 0
125, -2, 1
126, -1, 0
124, -3, 1
126, -1, 0
125, -2, 1
124, -2, 0
124, -1, 0
125, -2, 1
125, -2, 0
126, -2, 0
124, -2, 1
129, -2, 0
123, -1, 1
126, -2, 0
122, -2, 1
125, -2, 0
126, -1, 0
128, -2, 1
123, -2, 0
130, -1, 1
120, -3, 0
123, -1, 0
125, -2, 1
125, -2, 0
126, -2, 0
124, -1, 1
125, -2, 0
130, -2, 1
125, -2, 0
124, -2, 1
125, -1, 0
125, -2, 0
126, -2, 1
124, -2, 0
127, -1, 0
126, -2, 1
122, -2, 0
127, -2, 1
125, -1, 0
124, -2, 1
125, -2, 0
124, -2, 0
126, -2, 1
125, -1, 0
125, -2, 1
125, -2, 0
125, -2, 1
125, -1, 0
126, -3, 0
125, -1, 1
350, -2, 0
276, -1, 0
143, -8, 2
101, -1, 0
126, -2, 1
124, -2, 0
125, -2, 0
126, -1, 1
125, -2, 0
124, -2, 1
125, -1, 0
125, -2, 0
125, -2, 1
125, -2, 0
125, -1, 0
125, -3, 1
125, -1, 0
125, -2, 1
132, -1, 0
119, -2, 0
125, -2, 1
125, -1, 0
124, -2, 0
125, -2, 1
125, -2, 0
125, -1, 1
125, -3, 0
125, -1, 0
126, -2, 1
125, -1, 0
124, -3, 1
125, -1, 0
125, -1, 0
125, -2, 1
125, -2, 0
125, -2, 0
126, -1, 1
124, -2, 0
125, -2, 1
126, -2, 0
124, -1, 0
125, -2, 1
125, -2, 0
126, -1, 0
125, -2, 1
126, -1, 0
125, -2, 1
123, -2, 0
125, -2, 0
125, -1, 1
125, -2, 0
125, -2, 0
125, -2, 1
125, -1, 0
125, -1, 0
125, -2, 1
125, -2, 0
125, -2, 0
125, -1, 1
125, -2, 0
125, -1, 1
125, -2, 0
125, -2, 0
126, -2, 1
124, -1, 0
125, -1, 0
126, -2, 1
124, -2, 0
125, -2, 0
125, -1, 1
125, -2, 0
126, -1, 1
124, -2, 0
136, -2, 0
114, -2, 1
125, -1, 0
125, -1, 0
125, -2, 1
125, -1, 0
125, -2, 0
125, -2, 1
125, -2, 0
125, -1, 0
125, -2, 1
125, -1, 0
125, -2, 0
125, -1, 1
125, -1, 0
125, -2, 0
125, -2, 0
126, -2, 1
125, -1, 0
124, -2, 1
126, -1, 0
124, -2, 0
125, -1, 0
126, -2, 1
124, -1, 0
125, -2, 0
125, -1, 1
125, -2, 0
125, -1, 0
125, -2, 1
124, -1, 0
126, -2, 0
123, -1, 1
125, -2, 0
125, -2, 0
125, -1, 1
125, -1, 0
125, -2, 0
125, -1, 0
125, -2, 1
125, -1, 0
125, -2, 1
125, -1, 0
125, -2, 0
125, -1, 0
125, -2, 1
125, -1, 0
125, -1, 0
125, -2, 0
125, -1, 1
125, -2, 0
125, -1, 0
126, -2, 1
125, -1, 0
123, -1, 0
125, -2, 0
125, -1, 1
126, -1, 0
240, -2, 0
262, -1, 1
123, -4, 0
124, -2, 1
127, -1, 0
123, -2, 0
126, -1, 1
124, -1, 0
125, -1, 0
125, -2, 0
125, -1, 1
125, -1, 0
125, -2, 0
125, -1, 0
125, -2, 1
149, -1, 0
101, -1, 0
125, -1, 0
125, -2, 1
125, -1, 0
126, -1, 0
124, -2, 0
126, -1, 1
124, -1, 0
125, -1, 0
135, -2, 0
132, -1, 1
112, -1, 0
125, -1, 0
125, -2, 0
126, -1, 1
144, -1, 0
106, -1, 0
125, -1, 0
125, -2, 1
133, -1, 0
118, -1, 0
126, -1, 0
124, -2, 1
145, -1, 0
103, -1, 0
126, -1, 0
124, -2, 0
125, -1, 1
125, -1, 0
130, -1, 0
121, -1, 0
124, -1, 1
125, -1, 0
125, -2, 0
125, -1, 0
126, -1, 1
124, -1, 0
122, -1, 0
124, -1, 0
125, -1, 0
126, -1, 1
124, -1, 0
125, -2, 0
125, -1, 0
126, -1, 0
124, -1, 0
125, -1, 1
147, -1, 0
103, -1, 0
126, -1, 0
124, -1, 1
126, -1, 0
124, -1, 0
125, -1, 0
125, -1, 0
125, -1, 1
125, -1, 0
125, -2, 0
248, -2, 0
249, -1, 1
130, -2, 0
246, -1, 0
128, -1, 0
125, -1, 0
124, -1, 1
125, -1, 0
125, -1, 0
125, -1, 0
125, -1, 0
125, -1, 1
125, -1, 0
125, -1, 0
125, -1, 0
247, -1, 0
128, -1, 0
125, -1, 1
125, -1, 0
125, -1, 0
125, -1, 0
126, -1, 0
247, -1, 1
127, -1, 0
125, -1, 0
125, -1, 0
247, -1, 0
128, -1, 0
125, -1, 1
125, -1, 0
247, -1, 0
128, -1, 0
125, -1, 0
248, -1, 0
128, -1, 1
247, -1, 0
147, -1, 0
228, -1, 0
127, -1, 0
247, -1, 1
128, -1, 0
126, -1, 0
246, -1, 0
250, -1, 0
281, -1, 0
223, -1, 0
124, -1, 1
247, -1, 0
128, -1, 0
247, -1, 0
250, -1, 0
128, -1, 0
125, 0, 1
247, -1, 0
250, -1, 0
252, -1, 0
128, -1, 0
372, -1, 0
251, -1, 0
247, -1, 1
376, -1, 0
250, -1, 0
250, -1, 0
537, -1, 0
213, -1, 0
405, -1, 0
345, -1, 0
376, 0, 1
130, -1, 0
529, -1, 0
625, -1, 0
589, -1, 0
1001, -1, 0
7150, 1, 0
1229, 1, 0
1276, 1, 0
469, 0, 1
501, 1, 0
999, 1, 0
906, 1, 0
749, 1, 0
594, 1, 0
674, 1, 0
468, 1, 0
126, 0, 1
512, 1, 0
486, 1, 0
373, 1, 0
500, 1, 0
501, 1, 0
377, 1, 0
373, 1, 0
428, 1, 0
324, 1, 0
373, 1, 0
377, 1, 0
382, 1, 0
394, 1, 0
209, 1, 0
414, 1, 0
210, 1, 0
250, 1, 0
415, 1, 0
210, 1, 0
250, 1, 0
128, 0, 1
125, 1, 0
247, 1, 0
250, 1, 0
375, 1, 0
251, 1, 0
250, 1, 0
355, 1, 0
21, 1, 0
248, 1, 0
249, 1, 0
251, 1, 0
127, 1, 0
247, 1, 0
250, 1, 0
128, 1, 0
248, 1, 0
249, 1, 0
128, 1, 0
247, 1, 0
251, 1, 0
127, 1, 0
247, 1, 0
128, 1, 0
247, 1, 0
128, 1, 0
248, 1, 0
127, 1, 0
247, 1, 0
128, 1, 0
125, 1, 0
248, 1, -1
127, 1, 0
247, 1, 0
128, 1, 0
125, 1, 0
125, 1, 0
247, 1, 0
128, 1, 0
247, 1, 0
128, 1, 0
125, 1, 0
247, 1, 0
128, 1, 0
125, 1, 0
125, 1, 0
125, 1, -1
247, 1, 0
128, 1, 0
125, 1, 0
125, 1, 0
247, 1, 0
128, 1, 0
125, 1, 0
125, 1, 0
125, 1, 0
125, 1, 0
247, 1, -1
128, 1, 0
125, 1, 0
126, 1, 0
126, 1, 0
124, 1, 0
125, 1, 0
125, 1, 0
124, 1, 0
125, 1, 0
248, 2, -1
249, 1, 0
128, 1, 0
125, 1, 0
125, 1, 0
125, 1, 0
125, 1, 0
125, 1, 0
125, 1, 0
125, 1, 0
125, 1, 0
125, 1, -1
126, 1, 0
124, 1, 0
125, 1, 0
125, 1, 0
125, 1, 0
125, 1, 0
125, 1, -1
125, 1, 0
125, 1, 0
125, 1, 0
125, 1, 0
125, 1, 0
125, 1, 0
125, 2, 0
125, 1, 0
125, 1, -1
125, 1, 0
125, 1, 0
125, 1, 0
125, 1, 0
125, 1, 0
125, 1, 0
125, 1, 0
125, 1, -1
125, 1, 0
125, 2, 0
125, 1, 0
125, 1, 0
125, 1, 0
125, 1, -1
125, 1, 0
125, 1, 0
128, 1, 0
122, 2, 0
125, 1, 0
125, 1, 0
125, 1, -1
125, 1, 0
269, 1, 0
232, 2, 0
124, 3, 0
125, 1, -1
125, 2, 0
125, 1, 0
125, 1, 0
125, 1, 0
125, 2, 0
125, 1, -1
125, 1, 0
125, 1, 0
125, 2, 0
125, 1, 0
247, 2, -1
128, 1, 0
125, 2, 0
125, 1, 0
125, 1, 0
125, 1, 0
125, 2, -1
125, 1, 0
125, 1, 0
125, 1, 0
125, 2, 0
125, 1, 0
125, 1, 0
125, 2, -1
125, 1, 0
125, 1, 0
125, 1, 0
125, 2, 0
125, 1, -1
125, 2, 0
125, 1, 0
125, 1, 0
125, 1, 0
125, 2, -1
125, 1, 0
125, 1, 0
125, 2, 0
125, 1, 0
125, 2, -1
125, 1, 0
125, 1, 0
125, 1, 0
125, 2, 0
125, 1, -1
125, 1, 0
125, 2, 0
125, 1, 0
126, 2, 0
124, 1, -1
125, 2, 0
125, 1, 0
125, 2, 0
125, 1, 0
125, 1, -1
125, 2, 0
125, 1, 0
125, 1, 0
125, 2, -1
125, 1, 0
125, 2, 0
125, 1, 0
125, 1, 0
125, 2, -1
124, 1, 0
126, 2, 0
125, 1, 0
125, 2, -1
125, 1, 0
125, 2, 0
125, 1, 0
125, 1, -1
124, 2, 0
125, 1, 0
126, 2, 0
125, 1, 0
125, 2, -1
124, 1, 0
125, 2, 0
125, 1, 0
126, 2, -1
124, 1, 0
126, 2, 0
125, 1, 0
125, 2, -1
125, 2, 0
125, 1, 0
125, 1, 0
124, 2, -1
125, 1, 0
126, 2, 0
125, 1, 0
125, 2, -1
125, 1, 0
125, 2, 0
124, 1, 0
126, 2, 0
124, 1, -1
125, 2, 0
125, 2, 0
126, 1, 0
124, 2, -1
126, 1, 0
125, 2, 0
124, 1, 0
126, 2, -1
125, 1, 0
124, 2, 0
125, 2, 0
126, 1, -1
125, 2, 0
124, 1, 0
125, 2, 0
125, 1, -1
125, 2, 0
126, 1, 0
124, 2, 0
125, 2, -1
126, 2, 0
124, 1, 0
126, 1, 0
125, 2, -1
125, 2, 0
125, 1, 0
125, 2, -1
125, 2, 0
125, 1, 0
303, 2, 0
197, 1, -1
125, 5, 0
124, 2, -1
125, 1, 0
125, 2, 0
126, 1, -1
125, 2, 0
124, 1, 0
125, 2, 0
125, 2, -1
125, 2, 0
125, 1, 0
131, 1, 0
119, 2, -1
125, 2, 0
125, 2, 0
125, 1, -1
125, 2, 0
125, 1, 0
125, 2, -1
125, 1, 0
125, 3, 0
125, 1, 0
125, 1, 0
125, 2, -1
125, 1, 0
131, 2, 0
120, 2, 0
126, 2, -1
123, 1, 0
126, 2, 0
124, 1, -1
125, 2, 0
125, 2, 0
125, 1, 0
125, 2, -1
125, 1, 0
125, 3, -1
125, 1, 0
126, 2, 0
124, 1, 0
125, 2, -1
125, 1, 0
125, 3, 0
125, 1, 0
125, 1, -1
125, 2, 0
125, 1, 0
125, 2, -1
125, 2, 0
125, 2, 0
125, 1, -1
125, 2, 0
125, 2, 0
125, 2, 0
125, 1, -1
125, 2, 0
125, 1, 0
125, 2, -1
125, 2, 0
125, 1, 0
125, 2, 0
125, 2, -1
125, 2, 0
125, 1, 0
125, 2, -1
125, 2, 0
125, 1, 0
125, 2, 0
125, 1, -1
125, 2, 0
125, 2, 0
125, 2, -1
125, 1, 0
125, 2, 0
125, 1, 0
125, 3, -1
125, 1, 0
125, 1, 0
125, 2, -1
125, 2, 0
125, 2, 0
125, 1, -1
125, 2, 0
126, 1, 0
124, 2, -1
125, 2, 0
128, 2, 0
123, 1, 0
124, 2, -1
125, 2, 0
125, 1, 0
128, 2, -1
123, 1, 0
124, 2, 0
128, 2, 0
129, 2, -1
127, 1, 0
119, 2, 0
125, 2, -1
124, 2, 0
125, 1, 0
142, 1, -1
108, 2, 0
126, 2, 0
146, 2, -1
104, 1, 0
124, 2, 0
146, 2, 0
104, 2, -1
125, 1, 0
125, 2, 0
125, 1, -1
125, 2, 0
125, 2, 0
125, 1, -1
125, 2, 0
125, 2, 0
129, 2, -1
121, 1, 0
125, 2, 0
126, 1, -1
124, 2, 0
125, 2, 0
125, 1, -1
125, 2, 0
126, 2, 0
125, 2, -1
124, 1, 0
130, 2, 0
123, 2, 0
263, 2, -1
236, 1, 0
124, 5, -1
123, 2, 0
130, 1, -1
120, 2, 0
125, 2, 0
155, 2, -1
94, 1, 0
125, 2, 0
126, 1, -1
124, 3, 0
125, 1, 0
125, 1, -1
125, 2, 0
125, 2, 0
125, 2, -1
127, 1, 0
128, 2, 0
131, 2, -1
122, 1, 0
128, 2, 0
119, 2, -1
125, 1, 0
125, 2, 0
125, 2, 0
126, 1, -1
125, 2, 0
125, 2, 0
125, 2, -1
140, 1, 0
112, 2, 0
122, 1, -1
125, 2, 0
125, 2, 0
125, 1, -1
126, 2, 0
124, 2, 0
125, 2, -1
126, 1, 0
124, 2, 0
125, 1, -1
125, 3, 0
125, 1, 0
126, 2, -1
125, 1, 0
152, 1, 0
94, 3, -1
125, 1, 0
124, 2, 0
125, 1, 0
125, 2, -1
125, 2, 0
132, 2, 0
118, 1, -1
125, 2, 0
125, 1, 0
125, 2, -1
125, 2, 0
125, 1, 0
125, 2, -1
124, 1, 0
125, 2, 0
126, 2, -1
125, 2, 0
125, 1, 0
125, 2, -1
125, 1, 0
125, 2, 0
125, 2, 0
125, 1, -1
124, 2, 0
126, 1, 0
125, 2, -1
130, 2, 0
120, 2, 0
125, 1, -1
125, 2, 0
125, 1, 0
145, 2, -1
105, 2, 0
124, 1, 0
125, 2, 0
125, 1, -1
125, 2, 0
126, 1, 0
124, 2, -1
125, 2, 0
126, 2, 0
124, 1, 0
126, 2, -1
125, 1, 0
124, 2, 0
125, 2, -1
125, 1, 0
126, 2, 0
126, 1, 0
124, 2, -1
124, 1, 0
126, 2, 0
125, 2, -1
124, 1, 0
125, 2, 0
126, 1, 0
124, 2, -1
126, 1, 0
125, 2, 0
124, 1, -1
125, 2, 0
125, 2, 0
126, 2, -1
124, 1, 0
125, 2, 0
126, 1, -1
124, 1, 0
125, 2, 0
126, 2, -1
125, 2, 0
124, 1, 0
125, 2, -1
125, 1, 0
126, 2, 0
124, 1, 0
125, 2, -1
125, 1, 0
125, 2, 0
126, 2, -1
125, 1, 0
125, 2, 0
125, 1, -1
124, 2, 0
270, 1, 0
231, 2, 0
124, 4, -1
125, 2, 0
126, 1, -1
124, 2, 0
125, 2, -1
125, 1, 0
125, 2, 0
125, 1, 0
125, 2, -1
125, 1, 0
125, 2, 0
125, 1, -1
125, 1, 0
125, 2, 0
125, 2, 0
125, 1, -1
125, 2, 0
125, 1, -1
136, 2, 0
120, 2, 0
125, 1, 0
124, 2, -1
147, 1, 0
104, 1, 0
125, 2, 0
125, 1, -1
125, 2, 0
124, 1, 0
126, 2, -1
124, 1, 0
125, 2, 0
125, 1, -1
124, 2, 0
125, 2, 0
127, 1, 0
124, 1, -1
125, 2, 0
126, 2, 0
125, 1, 0
124, 2, -1
125, 1, 0
125, 2, 0
125, 1, -1
125, 2, 0
125, 1, 0
126, 2, -1
119, 1, 0
126, 1, 0
124, 2, 0
125, 1, -1
125, 2, 0
125, 1, 0
125, 2, 0
126, 1, -1
124, 2, 0
125, 1, 0
125, 2, -1
125, 1, 0
125, 1, 0
125, 2, -1
125, 1, 0
125, 2, 0
126, 1, 0
124, 2, -1
125, 1, 0
125, 1, 0
125, 2, 0
125, 2, -1
125, 1, 0
125, 1, 0
125, 2, 0
126, 1, -1
136, 2, 0
133, 1, 0
106, 1, -1
124, 2, 0
125, 1, 0
125, 1, 0
132, 2, -1
118, 1, 0
125, 1, 0
125, 2, -1
125, 1, 0
125, 2, 0
125, 1, 0
125, 2, -1
125, 1, 0
125, 2, 0
125, 1, 0
125, 1, -1
125, 2, 0
125, 1, 0
125, 2, -1
125, 1, 0
125, 1, 0
125, 1, 0
125, 2, -1
125, 1, 0
125, 2, 0
126, 1, 0
124, 2, -1
125, 1, 0
126, 1, 0
124, 1, -1
125, 2, 0
125, 1, 0
125, 1, 0
126, 2, -1
124, 1, 0
128, 2, 0
123, 1, 0
124, 1, -1
125, 1, 0
125, 2, 0
125, 1, -1
125, 1, 0
125, 2, 0
125, 1, 0
125, 2, -1
125, 1, 0
125, 1, 0
125, 1, 0
125, 2, -1
127, 1, 0
122, 1, 0
126, 2, 0
124, 1, -1
127, 1, 0
124, 1, 0
306, 2, -1
194, 1, 0
125, 4, -1
125, 1, 0
125, 1, 0
125, 2, -1
125, 1, 0
125, 1, 0
125, 1, 0
125, 2, -1
125, 1, 0
126, 1, 0
124, 1, 0
125, 2, -1
125, 1, 0
125, 1, 0
125, 1, 0
125, 1, -1
125, 2, 0
125, 1, 0
125, 1, 0
128, 1, -1
122, 2, 0
125, 1, 0
125, 1, 0
125, 1, -1
125, 1, 0
125, 2, 0
125, 1, 0
133, 1, -1
120, 1, 0
126, 1, 0
125, 1, 0
125, 2, -1
125, 1, 0
125, 1, 0
124, 1, 0
126, 1, 0
125, 2, -1
244, 2, 0
131, 1, 0
125, 1, -1
125, 1, 0
125, 1, 0
124, 1, 0
126, 2, -1
125, 1, 0
125, 1, 0
125, 1, 0
125, 1, 0
125, 1, -1
125, 1, 0
124, 1, 0
126, 1, 0
125, 2, -1
125, 1, 0
125, 1, 0
125, 1, 0
121, 1, -1
125, 1, 0
124, 1, 0
131, 1, 0
119, 1, 0
126, 1, -1
125, 1, 0
125, 1, 0
125, 1, 0
125, 2, -1
247, 1, 0
127, 2, 0
248, 2, -1
250, 2, 0
250, 2, 0
128, 0, -1
125, 2, 0
247, 2, 0
128, 1, 0
125, 0, -1
125, 1, 0
125, 1, 0
124, 1, 0
125, 1, -1
125, 1, 0
126, 1, 0
125, 1, 0
124, 1, 0
125, 1, -1
125, 1, 0
126, 1, 0
125, 1, 0
127, 1, 0
123, 1, -1
246, 1, 0
129, 1, 0
125, 1, 0
125, 1, -1
125, 1, 0
124, 1, 0
125, 1, 0
125, 1, 0
125, 1, -1
125, 1, 0
248, 1, 0
127, 1, 0
125, 1, -1
125, 1, 0
253, 1, 0
122, 1, 0
126, 1, -1
124, 1, 0
126, 1, 0
246, 1, 0
128, 1, -1
126, 1, 0
124, 1, 0
249, 1, 0
127, 1, -1
125, 1, 0
124, 1, 0
248, 1, 0
227, 1, -1
26, 1, 0
133, 1, 0
239, 1, 0
127, 1, 0
125, 0, -1
125, 1, 0
126, 1, 0
124, 1, 0
247, 1, 0
128, 1, -1
125, 1, 0
248, 1, 0
127, 1, 0
125, 0, -1
125, 1, 0
125, 1, 0
126, 1, 0
247, 1, 0
127, 1, 0
125, 0, -1
125, 1, 0
125, 1, 0
247, 1, 0
128, 0, -1
125, 1, 0
125, 1, 0
247, 1, 0
128, 1, 0
125, 0, -1
125, 1, 0
125, 1, 0
247, 1, 0
250, 1, 0
128, 0, -1
125, 1, 0
125, 1, 0
247, 1, 0
251, 1, -1
250, 1, 0
250, 1, 0
250, 1, 0
127, 0, -1
125, 1, 0
125, 1, 0
247, 1, 0
409, 1, -1
216, 1, 0
250, 1, 0
250, 1, 0
251, 1, -1
406, 1, 0
219, 1, 0
250, 1, -1
250, 1, 0
407, 1, 0
346, 1, 0
249, 0, -1
126, 1, 0
402, 1, 0
344, 1, 0
128, 0, -1
248, 1, 0
565, 1, 0
310, 1, -1
532, 1, 0
499, 1, 0
626, 1, -1
625, 1, 0
857, 1, 0
705, 0, -1
696, 1, 0
2252, 1, 0
3583, 0, -1
2001, -1, 0
2037, -1, 0
212, 0, -1
1878, -1, 0
660, 0, -1
337, -1, 0
1384, -1, -1
993, -1, 0
875, 0, -1
126, -1, 0
908, -1, 0
749, -1, 0
216, 0, -1
500, -1, 0
657, -1, 0
625, 0, -1
95, -1, 0
652, -1, 0
472, -1, 0
529, -1, -1
595, -1, 0
530, -1, 0
469, -1, 0
531, -1, 0
98, 0, -1
247, -1, 0
531, -1, 0
399, -1, 0
348, -1, 0
503, -1, 0
218, 0, -1
128, -1, 0
402, -1, 0
375, -1, 0
221, -1, 0
375, -1, 0
403, -1, 0
391, -1, 0
83, 0, -1
247, -1, 0
251, -1, 0
406, -1, 0
218, -1, 0
250, -1, 0
250, -1, 0
407, -1, 0
218, -1, 0
250, -1, 0
405, -1, 0
220, -1, 0
250, -1, 0
250, -1, -1
357, -1, 0
143, -1, 0
250, -1, 0
254, -1, 0
250, -1, 0
248, -1, 0
250, -1, 0
247, -1, 0
129, -1, 0
372, -1, 0
250, -1, 0
132, -1, 0
245, -1, 0
251, -1, 0
132, -1, 0
244, -1, 0
248, -1, 0
249, -1, 0
130, -1, 0
246, -1, 0
249, -1, 0
131, -1, 0
243, -1, 0
251, -1, 0
131, -1, 0
125, -1, 0
244, -1, 0
130, -1, 0
246, -1, 0
248, -1, 0
128, -1, 0
124, -1, 0
248, -1, 0
128, -1, 0
247, -1, 0
128, -1, 0
125, 0, 1
124, -1, 0
125, -1, 0
248, -1, 0
128, -1, 0
125, -1, 0
247, -1, 0
128, -1, 0
124, -1, 0
248, -1, 0
128, -1, 0
125, -1, 0
127, -1, 1
247, -1, 0
126, -1, 0
125, -1, 0
247, -1, 0
128, -1, 0
125, -1, 0
125, -1, 0
247, -1, 1
128, -1, 0
125, -1, 0
247, -1, 0
128, -1, 0
125, -1, 0
125, -1, 0
125, -1, 0
125, -1, 0
125, 0, 1
125, -1, 0
125, -1, 0
125, -1, 0
125, -1, 0
125, -1, 0
125, -1, 0
125, -1, 0
125, 0, 1
125, -1, 0
125, -1, 0
125, -1, 0
125, -1, 0
125, -1, 0
125, -1, 0
125, -1, 0
247, -1, 1
128, -1, 0
125, -1, 0
125, -1, 0
125, -1, 0
125, -1, 0
125, -1, 0
125, -1, 0
126, -1, 1
125, -1, 0
126, -1, 0
123, -1, 0
125, -1, 0
247, -1, 1
128, -1, 0
125, -1, 0
125, -1, 0
125, -1, 0
125, -1, 0
269, -1, 0
244, -1, 1
111, -3, 0
125, -2, 0
125, 0, 1
125, -1, 0
126, -1, 0
124, -1, 0
126, -1, 0
124, -1, 0
125, -2, 1
247, -2, 0
128, -1, 0
125, -1, 0
125, -1, 0
126, -1, 1
124, -1, 0
125, -1, 0
125, -1, 0
125, -1, 0
125, -1, 1
125, -1, 0
125, -1, 0
125, -1, 0
125, -1, 0
125, -1, 0
125, -1, 1
125, -1, 0
125, -1, 0
125, -2, 0
125, -1, 0
126, -1, 1
124, -1, 0
125, -1, 0
125, -1, 0
125, -1, 0
125, -1, 1
125, -1, 0
125, -2, 0
125, -1, 0
126, -1, 1
124, -1, 0
125, -1, 0
125, -1, 0
125, -2, 0
130, 0, 1
126, -2, 0
124, -1, 0
125, -1, 0
125, -1, 1
124, -1, 0
125, -2, 0
244, -2, 0
132, -1, 1
125, -1, 0
125, -1, 0
125, -2, 0
125, -1, 1
124, -1, 0
126, -1, 0
124, -1, 0
126, -2, 1
125, -1, 0
124, -1, 0
126, -1, 0
125, -2, 0
125, -1, 1
124, -1, 0
126, -1, 0
124, -1, 0
126, -2, 0
125, -1, 1
121, -1, 0
125, -1, 0
125, -2, 1
125, -1, 0
124, -1, 0
126, -1, 0
125, -2, 1
125, -1, 0
125, -1, 0
125, -1, 0
125, -2, 1
125, -1, 0
125, -1, 0
124, -2, 0
132, -1, 1
118, -1, 0
126, -1, 0
125, -2, 0
125, -1, 1
124, -1, 0
126, -2, 0
124, -1, 0
125, -1, 1
126, -1, 0
125, -2, 0
125, -1, 0
125, -2, 1
124, -1, 0
125, -1, 0
126, -1, 0
124, -1, 1
126, -2, 0
124, -1, 0
126, -2, 1
125, -1, 0
125, -2, 0
124, -1, 0
126, -1, 1
124, -1, 0
125, -2, 0
125, -1, 1
126, -1, 0
124, -2, 0
125, -1, 0
125, -2, 1
127, -1, 0
123, -2, 0
125, -1, 0
125, -1, 1
127, -1, 0
124, -2, 0
125, -1, 1
125, -2, 0
124, -1, 0
125, -1, 1
125, -2, 0
134, -1, 0
310, -2, 1
186, -1, 0
123, -5, 1
125, -1, 0
125, -1, 0
125, -2, 1
124, -1, 0
125, -2, 0
125, -1, 0
126, -2, 1
124, -1, 0
125, -2, 0
126, -1, 1
125, -2, 0
125, -1, 0
127, -1, 1
123, -2, 0
124, -1, 0
126, -2, 1
125, -1, 0
125, -2, 1
124, -1, 0
126, -2, 0
124, -1, 0
126, -2, 1
124, -1, 0
125, -2, 0
126, -1, 1
125, -2, 0
124, -1, 0
126, -2, 1
125, -2, 0
124, -1, 0
126, -2, 1
124, -1, 0
125, -2, 0
126, -1, 1
124, -1, 0
125, -2, 0
126, -1, 0
125, -2, 1
124, -1, 0
125, -2, 1
125, -2, 0
125, -2, 0
126, -1, 1
124, -2, 0
126, -1, 0
131, -2, 1
118, -1, 0
125, -1, 0
138, -2, 1
116, -2, 0
139, -2, 1
112, -1, 0
124, -2, 0
125, -1, 1
126, -2, 0
128, -1, 0
123, -2, 1
126, -2, 0
140, -1, 0
107, -2, 1
127, -1, 0
126, -2, 0
127, -1, 1
121, -3, 0
125, -1, 1
125, -2, 0
124, -1, 0
125, -2, 1
125, -1, 0
126, -2, 0
125, -2, 1
125, -1, 0
125, -2, 1
128, -1, 0
121, -2, 0
126, -2, 1
120, -2, 0
131, -1, 0
119, -2, 1
125, -1, 0
125, -1, 0
125, -3, 1
141, -1, 0
109, -2, 1
125, -1, 0
125, -2, 1
125, -2, 0
125, -2, 0
125, -1, 1
125, -2, 0
125, -2, 0
125, -1, 1
125, -2, 0
125, -1, 1
125, -2, 0
125, -2, 0
125, -2, 1
126, -1, 0
124, -2, 1
125, -2, 0
125, -2, 0
125, -1, 1
125, -2, 0
125, -2, 1
125, -1, 0
125, -2, 0
125, -2, 1
125, -2, 0
126, -1, 0
123, -2, 1
125, -2, 0
126, -2, 1
130, -1, 0
120, -1, 1
125, -2, 0
125, -2, 0
126, -2, 1
140, -1, 0
111, -3, 1
124, -1, 0
136, -2, 1
116, -2, 0
124, -2, 0
123, -1, 1
126, -2, 0
124, -2, 0
125, -1, 1
126, -2, 0
124, -2, 1
241, -2, 0
260, -1, 0
124, -6, 2
125, -1, 0
126, -2, 0
125, -2, 1
124, -1, 0
125, -2, 1
125, -2, 0
125, -2, 0
125, -1, 1
125, -3, 0
126, -1, 1
123, -2, 0
126, -2, 1
124, -1, 0
126, -2, 0
125, -2, 1
126, -2, 0
124, -1, 0
126, -3, 1
124, -1, 0
125, -2, 1
125, -2, 0
125, -2, 1
125, -1, 0
125, -2, 0
125, -2, 1
125, -1, 0
125, -3, 1
125, -1, 0
125, -2, 1
125, -2, 0
125, -2, 0
125, -1, 1
126, -3, 0
125, -1, 1
124, -2, 0
124, -2, 0
125, -1, 1
125, -3, 0
126, -1, 1
124, -2, 0
125, -2, 1
125, -2, 0
125, -1, 0
127, -3, 1
124, -1, 0
124, -2, 1
125, -2, 0
125, -1, 0
125, -3, 1
125, -1, 0
125, -2, 1
125, -2, 0
125, -2, 1
125, -1, 0
126, -3, 0
125, -1, 1
126, -2, 0
125, -2, 1
124, -1, 0
126, -3, 1
124, -1, 0
125, -2, 0
125, -2, 1
125, -2, 0
125, -2, 1
125, -2, 0
125, -1, 0
125, -2, 1
125, -2, 0
125, -2, 1
125, -2, 0
125, -1, 0
125, -3, 1
126, -1, 0
127, -2, 1
122, -2, 0
125, -2, 1
125, -2, 0
125, -1, 0
124, -2, 1
126, -2, 0
125, -2, 1
125, -2, 0
125, -2, 1
125, -1, 0
125, -3, 0
125, -1, 1
124, -2, 0
126, -2, 1
125, -1, 0
124, -3, 0
126, -1, 1
124, -3, 0
125, -1, 1
125, -2, 0
125, -2, 0
126, -2, 1
125, -2, 0
125, -2, 1
125, -1, 0
125, -2, 1
124, -2, 0
125, -2, 0
126, -2, 1
124, -2, 0
125, -2, 1
125, -1, 0
127, -3, 1
124, -1, 0
125, -2, 0
125, -2, 1
125, -1, 0
125, -3, 1
125, -1, 0
125, -2, 0
125, -2, 1
124, -2, 0
125, -2, 0
125, -2, 1
126, -2, 1
123, -2, 0
124, -1, 0
126, -2, 1
125, -2, 0
125, -2, 0
125, -2, 1
124, -1, 0
126, -3, 1
282, -1, 0
225, -3, 1
124, -5, 1
126, -1, 0
123, -3, 1
124, -1, 0
126, -2, 0
132, -2, 1
117, -2, 0
125, -2, 1
124, -2, 0
126, -1, 0
125, -3, 1
125, -1, 0
125, -2, 0
125, -2, 1
134, -2, 0
116, -2, 1
124, -1, 0
126, -3, 1
126, -1, 0
124, -2, 0
125, -2, 1
125, -2, 0
125, -2, 1
125, -1, 0
125, -2, 0
126, -2, 1
120, -2, 0
125, -2, 1
124, -2, 0
126, -1, 0
125, -3, 1
124, -1, 0
126, -3, 1
124, -1, 0
126, -2, 0
124, -2, 1
125, -1, 0
125, -3, 0
126, -1, 1
124, -2, 0
125, -2, 0
125, -2, 1
126, -1, 0
125, -3, 1
124, -1, 0
126, -2, 0
124, -2, 1
126, -1, 0
126, -3, 1
124, -1, 0
124, -2, 0
125, -2, 1
125, -2, 0
125, -2, 0
125, -2, 1
126, -1, 0
125, -2, 0
126, -2, 1
123, -1, 0
126, -3, 1
125, -1, 0
124, -2, 0
125, -2, 1
125, -2, 0
126, -2, 1
124, -2, 0
128, -1, 0
123, -2, 1
125, -2, 0
124, -1, 0
126, -3, 1
126, -1, 0
125, -2, 1
124, -2, 0
125, -2, 0
125, -1, 1
125, -3, 0
124, -1, 0
125, -1, 1
125, -2, 0
126, -2, 0
124, -2, 1
125, -2, 0
125, -2, 0
125, -1, 1
125, -2, 0
126, -2, 0
124, -2, 1
125, -1, 0
125, -2, 0
125, -2, 1
125, -1, 0
125, -3, 0
125, -1, 1
126, -2, 0
126, -1, 1
124, -3, 0
124, -1, 0
125, -2, 0
126, -2, 1
124, -1, 0
125, -2, 1
126, -1, 0
125, -3, 0
141, -1, 1
108, -2, 0
125, -1, 0
128, -3, 1
122, -1, 0
125, -2, 0
125, -2, 1
126, -1, 0
125, -2, 0
125, -1, 0
125, -3, 1
125, -1, 0
125, -2, 0
125, -1, 1
126, -3, 0
124, -1, 1
125, -2, 0
125, -1, 0
125, -2, 0
125, -2, 1
125, -1, 0
126, -2, 0
124, -2, 1
125, -2, 0
125, -1, 0
308, -2, 1
192, -1, 0
124, -5, 1
125, -2, 0
125, -1, 0
125, -3, 1
126, -1, 0
125, -2, 0
124, -1, 1
125, -2, 0
125, -2, 0
125, -2, 1
125, -1, 0
126, -1, 0
124, -2, 1
126, -1, 0
124, -2, 0
125, -2, 0
125, -2, 1
125, -1, 0
126, -2, 0
124, -1, 1
125, -2, 0
125, -2, 0
125, -1, 0
125, -2, 1
125, -1, 0
125, -3, 0
125, -1, 1
140, -2, 0
110, -1, 0
125, -2, 0
125, -1, 1
125, -2, 0
125, -1, 0
125, -2, 0
126, -2, 1
145, -1, 0
104, -2, 0
125, -1, 1
125, -2, 0
125, -1, 0
133, -2, 0
135, -2, 1
114, -2, 0
123, -1, 0
125, -1, 0
126, -2, 1
124, -1, 0
126, -2, 0
124, -1, 1
125, -2, 0
125, -1, 0
125, -2, 0
125, -1, 1
125, -2, 0
125, -2, 0
125, -1, 0
125, -2, 1
124, -1, 0
126, -2, 0
127, -1, 0
122, -2, 1
125, -1, 0
125, -2, 0
126, -1, 0
124, -2, 1
126, -1, 0
125, -1, 0
125, -2, 0
122, -1, 1
123, -2, 0
126, -1, 0
124, -2, 1
126, -1, 0
124, -2, 0
125, -1, 0
125, -2, 0
126, -1, 1
124, -1, 0
125, -2, 0
125, -1, 0
125, -2, 1
125, -1, 0
125, -2, 0
125, -1, 0
125, -2, 1
125, -1, 0
125, -1, 0
125, -2, 0
125, -1, 0
125, -2, 1
125, -1, 0
125, -1, 0
125, -1, 0
125, -2, 0
126, -1, 1
124, -2, 0
125, -1, 0
125, -2, 0
126, -1, 1
125, -1, 0
124, -1, 0
125, -2, 0
126, -1, 1
124, -1, 0
125, -2, 0
125, -1, 0
125, -2, 0
126, -1, 0
124, -1, 1
125, -1, 0
125, -1, 0
125, -2, 0
125, -1, 0
125, -2, 1
125, -1, 0
126, -1, 0
124, -1, 0
125, -2, 0
125, -1, 1
125, -1, 0
125, -1, 0
125, -1, 0
125, -2, 0
125, -1, 1
126, -1, 0
125, -1, 0
124, -2, 0
125, -1, 0
125, -1, 1
128, -1, 0
221, -2, 0
26, -1, 0
126, -1, 0
124, -1, 0
125, -1, 1
125, -1, 0
125, -1, 0
125, -2, 0
126, -1, 0
124, -1, 0
125, -1, 1
125, -1, 0
125, -1, 0
125, -1, 0
125, -2, 0
125, -1, 0
129, -1, 1
123, -1, 0
125, -1, 0
125, -1, 0
125, -2, 0
248, -2, 0
128, -1, 1
125, -1, 0
123, -1, 0
126, -1, 0
125, -1, 0
125, -1, 0
126, -1, 1
124, -1, 0
125, -1, 0
125, -1, 0
125, -2, 0
247, -1, 0
128, -1, 1
125, -1, 0
125, -1, 0
125, -1, 0
125, -1, 0
125, -1, 0
125, -1, 0
125, -1, 1
125, -1, 0
125, -1, 0
125, -1, 0
125, -1, 0
126, -1, 0
124, -1, 0
125, -1, 0
125, -1, 0
126, -1, 1
124, -1, 0
125, -1, 0
125, -1, 0
125, -1, 0
247, -1, 0
128, -1, 1
138, -1, 0
117, -1, 0
124, -1, 0
123, -1, 0
125, -1, 0
244, -1, 0
131, -1, 0
125, -1, 0
125, -1, 0
125, -1, 1
244, -1, 0
131, -1, 0
125, -1, 0
126, -1, 0
243, -1, 0
131, -1, 0
126, -1, 0
124, 0, 1
125, -1, 0
125, -1, 0
125, -1, 0
244, -1, 0
131, -1, 0
244, -1, 0
127, -1, 0
125, -1, 0
125, 0, 1
125, -1, 0
125, -1, 0
247, -1, 0
250, -1, 0
131, -1, 0
124, -1, 0
247, -1, 0
251, -1, 0
128, -1, 1
247, -1, 0
250, -1, 0
250, -1, 0
249, -1, 0
251, -1, 0
127, -1, 0
373, -1, 0
250, -1, 0
250, -1, 0
250, -1, 0
128, 0, 1
125, -1, 0
399, -1, 0
223, -1, 0
395, -1, 0
356, -1, 0
374, -1, 0
377, -1, 0
373, -1, 0
500, -1, 0
500, -1, 0
680, -1, 0
741, -1, 0
1247, -1, 0
6006, 1, 0
1201, 1, 0
1043, 1, 0
207, 0, 1
791, 1, 0
835, 1, 0
750, 1, 0
745, 1, 0
380, 1, 0
661, 1, 0
400, 1, 0
474, 1, 0
514, 1, 0
325, 1, 0
374, 1, 0
251, 0, 1
127, 1, 0
409, 1, 0
338, 1, 0
410, 1, 0
215, 1, 0
250, 1, 0
406, 1, 0
219, 1, 0
429, 1, 0
197, 1, 0
249, 1, 0
251, 1, 0
249, 1, 0
250, 1, 0
250, 1, 0
250, 1, 0
250, 1, 0
128, 1, 0
247, 1, 0
250, 1, 0
250, 1, 0
128, 1, 0
248, 1, 0
250, 1, 0
128, 1, 0
247, 1, 0
127, 1, 0
248, 1, 0
127, 1, 0
247, 1, 0
128, 1, 0
247, 1, 0
128, 1, 0
247, 1, 0
128, 1, 0
125, 1, 0
125, 1, 0
247, 1, 0
127, 1, 0
126, 1, 0
247, 1, 0
128, 1, 0
125, 1, 0
125, 1, 0
247, 1, 0
128, 1, 0
125, 1, 0
125, 1, 0
125, 1, 0
247, 1, 0
128, 1, 0
125, 1, 0
125, 1, 0
126, 1, -1
124, 1, 0
247, 2, 0
250, 1, 0
128, 1, 0
125, 1, 0
125, 1, 0
125, 1, 0
124, 1, 0
126, 1, 0
126, 1, 0
124, 1, 0
126, 1, -1
124, 1, 0
222, 1, 0
29, 1, 0
132, 1, 0
117, 1, 0
125, 1, 0
125, 1, 0
124, 1, 0
126, 1, 0
124, 1, 0
125, 1, 0
125, 1, 0
125, 1, -1
126, 1, 0
124, 1, 0
125, 1, 0
126, 1, 0
126, 2, 0
246, 2, 0
128, 1, 0
125, 1, 0
124, 1, 0
126, 1, 0
125, 1, -1
125, 2, 0
125, 1, 0
125, 1, 0
125, 1, 0
125, 1, 0
124, 1, 0
126, 1, 0
124, 2, 0
127, 1, -1
124, 1, 0
124, 1, 0
126, 2, 0
125, 1, 0
124, 1, 0
126, 1, 0
125, 1, 0
125, 2, 0
124, 1, -1
125, 2, 0
126, 1, 0
125, 1, 0
124, 1, 0
126, 2, 0
124, 1, 0
126, 1, 0
125, 2, -1
125, 1, 0
125, 1, 0
125, 1, 0
125, 2, 0
125, 1, 0
128, 2, -1
121, 1, 0
126, 2, 0
125, 1, 0
125, 1, 0
125, 2, 0
125, 1, 0
125, 1, -1
125, 2, 0
124, 1, 0
125, 2, 0
125, 1, 0
126, 1, 0
125, 2, 0
125, 1, -1
124, 2, 0
125, 1, 0
126, 2, 0
125, 1, 0
125, 2, 0
125, 1, 0
125, 2, -1
125, 1, 0
125, 2, 0
125, 1, 0
125, 2, 0
125, 1, 0
124, 2, 0
126, 1, -1
125, 2, 0
125, 1, 0
125, 2, 0
125, 1, 0
125, 2, 0
124, 1, -1
126, 2, 0
125, 2, 0
124, 1, 0
126, 2, 0
125, 1, -1
124, 2, 0
127, 1, 0
124, 2, 0
125, 2, 0
124, 2, -1
125, 1, 0
126, 1, 0
125, 2, 0
124, 2, 0
128, 2, 0
122, 1, -1
125, 2, 0
125, 1, 0
125, 2, 0
125, 2, -1
126, 2, 0
124, 1, 0
126, 1, 0
125, 3, 0
125, 1, 0
124, 2, 0
126, 1, -1
125, 2, 0
125, 2, 0
124, 2, 0
125, 1, 0
126, 2, -1
125, 2, 0
124, 1, 0
125, 2, 0
126, 2, 0
124, 2, -1
125, 1, 0
126, 3, 0
125, 1, 0
125, 2, -1
125, 2, 0
125, 2, 0
262, 1, 0
238, 2, 0
124, 5, -1
126, 2, 0
125, 2, 0
124, 2, 0
125, 2, -1
125, 1, 0
125, 2, 0
126, 2, 0
124, 2, -1
126, 2, 0
125, 1, 0
125, 2, 0
125, 2, -1
124, 2, 0
126, 2, 0
124, 2, 0
125, 1, 0
125, 3, -1
126, 1, 0
125, 3, 0
125, 1, 0
125, 2, -1
125, 2, 0
125, 1, 0
128, 3, 0
121, 1, 0
125, 3, -1
125, 1, 0
125, 2, 0
125, 2, -1
125, 2, 0
125, 2, 0
126, 2, 0
125, 2, -1
124, 1, 0
125, 3, 0
125, 2, 0
125, 2, 0
125, 1, -1
126, 3, 0
124, 1, 0
125, 3, 0
125, 1, 0
125, 2, -1
125, 2, 0
126, 2, 0
124, 3, 0
125, 1, -1
125, 3, 0
125, 1, 0
126, 3, -1
124, 1, 0
125, 3, 0
125, 1, 0
125, 2, -1
125, 3, 0
125, 1, 0
125, 2, 0
125, 2, -1
125, 3, 0
125, 1, 0
125, 3, -1
125, 1, 0
125, 3, 0
126, 2, 0
125, 1, -1
124, 3, 0
125, 1, 0
125, 3, 0
125, 1, -1
125, 3, 0
126, 2, 0
125, 2, -1
125, 2, 0
125, 2, 0
125, 2, 0
125, 2, -1
124, 2, 0
125, 2, 0
125, 2, -1
125, 2, 0
126, 3, 0
124, 1, 0
125, 3, -1
125, 2, 0
126, 2, 0
124, 2, -1
126, 1, 0
124, 3, 0
125, 2, 0
125, 2, -1
125, 2, 0
125, 3, 0
125, 1, -1
125, 3, 0
125, 2, 0
139, 2, 0
111, 2, -1
125, 3, 0
126, 1, 0
124, 2, -1
125, 3, 0
126, 1, 0
125, 3, 0
126, 2, -1
123, 2, 0
124, 2, 0
126, 3, -1
136, 1, 0
116, 3, 0
123, 2, 0
125, 1, -1
131, 3, 0
128, 2, 0
116, 2, -1
125, 2, 0
125, 3, 0
125, 1, 0
126, 3, -1
124, 2, 0
125, 3, 0
125, 1, 0
125, 2, -1
125, 3, 0
125, 2, 0
126, 2, -1
128, 2, 0
123, 3, 0
124, 1, 0
318, 3, -1
182, 2, 0
124, 6, -1
126, 3, 0
124, 2, -1
125, 2, 0
125, 2, 0
126, 3, -1
124, 1, 0
125, 3, 0
125, 2, 0
126, 3, -1
124, 1, 0
125, 2, 0
125, 3, -1
125, 2, 0
125, 2, 0
125, 2, 0
125, 3, -1
126, 2, 0
125, 2, 0
125, 2, -1
124, 3, 0
126, 2, 0
124, 1, 0
125, 3, -1
125, 2, 0
125, 3, 0
125, 1, -1
125, 3, 0
125, 2, 0
125, 3, -1
125, 1, 0
125, 3, 0
125, 2, 0
125, 2, 0
126, 2, -1
124, 2, 0
125, 3, -1
125, 2, 0
125, 2, 0
125, 2, -1
150, 3, 0
100, 2, 0
125, 2, 0
126, 2, -1
127, 2, 0
123, 3, 0
124, 2, -1
125, 2, 0
125, 2, 0
125, 3, -1
126, 2, 0
123, 2, 0
126, 2, 0
125, 3, -1
125, 2, 0
125, 2, 0
126, 2, -1
125, 2, 0
124, 3, 0
125, 2, -1
125, 2, 0
125, 2, 0
125, 3, -1
125, 2, 0
125, 2, -1
125, 2, 0
125, 2, 0
146, 3, 0
104, 2, -1
125, 2, 0
125, 2, 0
125, 3, -1
126, 2, 0
124, 3, 0
125, 1, -1
146, 3, 0
104, 2, 0
125, 2, -1
125, 3, 0
125, 1, 0
125, 3, -1
125, 2, 0
125, 3, 0
125, 2, 0
125, 2, -1
125, 2, 0
125, 3, 0
125, 2, -1
124, 1, 0
126, 3, 0
125, 2, -1
125, 3, 0
124, 2, 0
126, 2, -1
125, 2, 0
125, 3, 0
125, 2, -1
124, 2, 0
126, 2, 0
125, 2, -1
125, 3, 0
124, 2, 0
126, 2, -1
124, 2, 0
126, 3, 0
124, 2, -1
126, 3, 0
125, 1, 0
125, 3, -1
125, 2, 0
125, 2, 0
125, 3, -1
125, 1, 0
125, 3, 0
125, 2, -1
124, 3, 0
126, 2, 0
125, 2, -1
125, 2, 0
124, 3, 0
126, 2, -1
124, 1, 0
126, 3, 0
125, 2, -1
125, 3, 0
125, 2, 0
125, 2, -1
125, 2, 0
125, 3, 0
125, 2, -1
239, 2, 0
262, 2, 0
124, 6, -1
125, 3, -1
127, 2, 0
122, 3, -1
125, 2, 0
125, 2, 0
125, 2, 0
125, 3, -1
125, 2, 0
125, 2, 0
125, 2, -1
125, 2, 0
125, 2, 0
129, 2, -1
126, 3, 0
124, 2, 0
126, 2, -1
124, 2, 0
126, 3, 0
125, 2, -1
127, 2, 0
122, 2, 0
125, 2, -1
126, 3, 0
125, 1, 0
125, 3, -1
125, 2, 0
125, 2, 0
125, 2, -1
125, 3, 0
126, 2, 0
124, 2, -1
125, 2, 0
125, 2, 0
125, 2, -1
125, 2, 0
125, 3, 0
125, 1, -1
125, 3, 0
124, 2, 0
126, 3, -1
143, 2, 0
103, 2, 0
125, 2, -1
125, 2, 0
125, 2, 0
125, 2, -1
125, 3, 0
125, 2, 0
124, 2, -1
126, 2, 0
125, 3, 0
124, 1, -1
127, 3, 0
123, 2, 0
125, 2, 0
125, 2, -1
125, 2, 0
126, 3, -1
124, 1, 0
126, 3, 0
124, 2, 0
125, 2, -1
125, 2, 0
125, 2, 0
125, 2, -1
125, 2, 0
125, 2, 0
125, 2, -1
125, 3, 0
125, 1, -1
127, 3, 0
124, 2, 0
125, 2, 0
126, 2, -1
124, 3, 0
125, 1, 0
126, 2, -1
124, 3, 0
124, 1, 0
124, 3, -1
124, 1, 0
125, 3, 0
125, 2, 0
125, 2, -1
125, 2, 0
125, 2, 0
126, 2, -1
125, 2, 0
124, 2, 0
125, 2, -1
125, 2, 0
125, 2, 0
126, 3, -1
124, 1, 0
125, 3, 0
125, 2, -1
125, 2, 0
126, 2, 0
124, 2, -1
126, 2, 0
124, 2, 0
125, 2, -1
125, 2, 0
125, 2, 0
125, 2, 0
125, 2, -1
137, 2, 0
113, 2, 0
125, 2, -1
126, 2, 0
124, 2, 0
125, 2, -1
125, 2, 0
125, 2, 0
125, 2, -1
125, 2, 0
125, 2, 0
125, 2, -1
125, 2, 0
125, 2, 0
125, 2, -1
125, 2, 0
126, 2, 0
126, 2, 0
124, 1, -1
125, 3, 0
125, 2, 0
125, 2, -1
270, 2, 0
243, 2, 0
111, 5, -1
126, 2, 0
124, 2, -1
125, 2, 0
125, 2, 0
125, 2, -1
125, 2, 0
125, 2, 0
130, 2, -1
120, 1, 0
126, 3, 0
125, 1, -1
124, 2, 0
125, 2, 0
125, 2, -1
126, 2, 0
124, 2, 0
125, 2, 0
126, 1, -1
125, 3, 0
124, 1, 0
125, 2, -1
125, 2, 0
125, 2, 0
125, 2, -1
125, 1, 0
125, 3, 0
125, 1, 0
126, 2, -1
124, 2, 0
125, 2, -1
125, 1, 0
125, 3, 0
125, 1, 0
125, 2, -1
125, 2, 0
128, 1, 0
122, 2, -1
125, 2, 0
125, 2, 0
125, 1, 0
125, 3, -1
125, 1, 0
125, 2, 0
126, 2, -1
124, 1, 0
125, 2, 0
125, 2, 0
125, 2, -1
125, 1, 0
126, 2, 0
136, 2, -1
120, 2, 0
124, 1, 0
124, 3, 0
125, 1, -1
125, 1, 0
125, 2, 0
125, 2, -1
125, 2, 0
125, 1, 0
124, 2, 0
126, 2, -1
124, 2, 0
126, 1, 0
125, 2, -1
124, 2, 0
126, 2, 0
125, 1, 0
124, 2, -1
129, 2, 0
122, 1, 0
126, 2, -1
123, 1, 0
126, 2, 0
125, 2, 0
125, 2, -1
125, 1, 0
124, 2, 0
122, 1, 0
124, 2, -1
125, 2, 0
125, 1, 0
125, 2, 0
126, 1, -1
125, 2, 0
124, 1, 0
126, 3, -1
124, 1, 0
125, 2, 0
125, 1, 0
125, 1, -1
126, 2, 0
124, 1, 0
125, 2, 0
125, 2, -1
125, 2, 0
126, 1, 0
125, 2, 0
125, 1, -1
125, 2, 0
125, 1, 0
124, 1, 0
126, 2, -1
124, 1, 0
125, 2, 0
125, 2, 0
125, 1, -1
125, 2, 0
126, 1, 0
125, 2, 0
125, 2, -1
125, 1, 0
125, 1, 0
125, 2, -1
125, 1, 0
125, 2, 0
125, 1, 0
124, 2, 0
126, 1, -1
125, 2, 0
125, 1, 0
125, 2, -1
125, 1, 0
125, 1, 0
125, 2, 0
125, 1, -1
125, 2, 0
125, 1, 0
303, 2, 0
198, 1, 0
123, 4, -1
125, 1, -1
125, 2, 0
125, 1, 0
125, 1, 0
125, 2, 0
125, 1, -1
125, 2, 0
125, 1, 0
125, 1, -1
126, 2, 0
124, 1, 0
125, 1, 0
125, 2, 0
125, 1, -1
125, 1, 0
125, 2, 0
125, 1, 0
126, 1, -1
124, 1, 0
125, 2, 0
125, 1, 0
125, 2, -1
125, 1, 0
125, 1, 0
125, 1, 0
125, 1, -1
125, 2, 0
125, 1, 0
125, 1, 0
125, 1, -1
125, 2, 0
125, 1, 0
125, 1, -1
125, 1, 0
125, 2, 0
125, 1, 0
247, 2, -1
128, 1, 0
125, 1, 0
125, 1, 0
125, 2, -1
125, 1, 0
125, 1, 0
125, 1, 0
125, 1, 0
125, 1, -1
125, 1, 0
125, 2, 0
125, 1, 0
125, 1, -1
125, 1, 0
125, 1, 0
125, 1, 0
138, 1, -1
118, 1, 0
125, 2, 0
124, 1, 0
124, 1, 0
125, 1, -1
126, 1, 0
124, 1, 0
126, 1, 0
125, 1, -1
124, 1, 0
125, 1, 0
125, 1, 0
125, 1, -1
126, 1, 0
124, 1, 0
126, 1, 0
125, 1, 0
124, 1, -1
129, 1, 0
121, 1, 0
125, 1, -1
125, 1, 0
126, 1, 0
125, 1, 0
125, 1, 0
125, 0, -1
124, 2, 0
244, 1, 0
129, 1, 0
123, 1, -1
125, 1, 0
125, 1, 0
125, 1, 0
125, 1, -1
125, 1, 0
247, 2, 0
250, 1, -1
129, 1, 0
124, 1, 0
248, 2, -1
253, 1, 0
124, 1, 0
125, 1, 0
125, 0, -1
125, 1, 0
125, 1, 0
125, 1, 0
125, 1, 0
247, 1, -1
128, 1, 0
125, 1, 0
248, 1, -1
127, 1, 0
247, 1, 0
128, 1, 0
125, 1, -1
247, 1, 0
129, 1, 0
246, 1, -1
129, 1, 0
246, 1, 0
250, 1, 0
223, 1, -1
160, 1, 0
242, 1, 0
128, 1, -1
258, 1, 0
240, 1, 0
249, 1, -1
251, 1, 0
249, 1, 0
128, 0, -1
125, 1, 0
247, 1, 0
250, 1, 0
129, 0, -1
124, 1, 0
408, 1, 0
214, 1, -1
375, 1, 0
251, 1, 0
127, 0, -1
247, 1, 0
411, 1, 0
214, 0, -1
128, 1, 0
534, 1, 0
215, 0, -1
129, 1, 0
666, 1, 0
204, 0, -1
414, 1, 0
751, 0, -1
210, 1, 0
915, 0, -1
626, 1, 0
1002, 0, -1
2251, -1, 0
206, 0, -1
876, -1, 0
874, 0, -1
250, -1, 0
759, -1, 0
753, -1, -1
616, -1, 0
659, -1, 0
214, 0, -1
250, -1, 0
531, -1, 0
520, 0, -1
77, -1, 0
528, -1, 0
417, -1, 0
54, 0, -1
374, -1, 0
379, -1, 0
371, 0, -1
127, -1, 0
402, -1, 0
345, -1, 0
250, -1, 0
249, 0, -1
128, -1, 0
374, -1, 0
374, -1, 0
249, -1, 0
128, 0, -1
125, -1, 0
373, -1, 0
249, -1, 0
251, -1, 0
415, -1, -1
210, -1, 0
249, -1, 0
250, -1, 0
251, -1, 0
249, -1, 0
250, -1, -1
250, -1, 0
250, -1, 0
128, -1, 0
247, -1, 0
250, -1, 0
250, -1, -1
128, -1, 0
248, -1, 0
128, -1, 0
247, -1, 0
250, -1, 0
128, -1, 0
248, -1, 0
126, -1, 0
247, -1, 0
128, -1, -1
247, -1, 0
128, -1, 0
248, -1, 0
127, -1, 0
125, -1, 0
247, -1, 0
128, -1, 0
125, -1, 0
247, -1, 0
128, -1, 0
247, -1, 0
128, -1, 0
127, -1, -1
248, -1, 0
324, -1, 0
180, -1, 0
128, -2, 0
119, -1, 0
124, -1, 0
127, -1, 0
132, -1, 0
241, -2, 0
248, -1, 0
128, -1, 0
124, -1, 0
126, -1, 0
125, -1, 0
125, -1, 0
248, -2, 0
251, -1, 0
139, -1, 0
123, -1, 0
118, -1, 0
128, -1, 0
124, -1, 0
124, -1, 0
124, -1, 0
124, -1, 0
125, -1, 0
125, -1, 0
125, -1, 0
126, -1, 0
126, -1, 0
123, -1, 0
125, -1, 0
125, -1, 0
125, -1, 0
125, -1, 0
125, -1, 0
125, -2, 0
125, -1, 0
125, -1, 0
125, -1, 0
126, -1, 0
126, -1, 0
123, -1, 0
125, -1, 0
126, -1, 0
123, -2, 0
122, -1, 0
125, -1, 0
125, -1, 0
125, -2, 0
247, -2, 0
128, -1, 0
125, -1, 0
125, -1, 0
125, -1, 0
125, -2, 0
125, -1, 1
125, -1, 0
124, -1, 0
126, -2, 0
125, -1, 0
125, -1, 0
125, -1, 0
125, -2, 0
125, -1, 0
125, -1, 0
125, -2, 1
125, -1, 0
125, -1, 0
125, -1, 0
125, -2, 0
125, -1, 0
124, -2, 0
126, -1, 0
125, -2, 0
125, -1, 1
125, -1, 0
125, -2, 0
125, -1, 0
125, -1, 0
124, -2, 0
126, -1, 1
125, -1, 0
124, -2, 0
126, -1, 0
125, -2, 0
124, -1, 0
125, -2, 0
126, -1, 1
124, -2, 0
125, -1, 0
126, -2, 0
124, -2, 0
126, -1, 1
125, -2, 0
125, -1, 0
126, -2, 0
124, -1, 0
125, -1, 1
125, -2, 0
125, -1, 0
125, -2, 0
125, -2, 1
124, -2, 0
125, -1, 0
126, -2, 0
124, -1, 0
126, -2, 1
124, -2, 0
126, -1, 0
124, -2, 0
125, -1, 1
125, -2, 0
125, -2, 0
125, -2, 0
125, -1, 0
125, -2, 1
126, -2, 0
125, -2, 0
124, -1, 0
126, -1, 1
125, -2, 0
124, -2, 0
126, -2, 0
125, -2, 1
125, -2, 0
125, -1, 0
125, -2, 0
223, -2, 1
26, -2, 0
126, -1, 0
129, -2, 1
120, -2, 0
125, -2, 0
127, -2, 1
123, -1, 0
125, -3, 0
125, -1, 0
125, -2, 1
125, -2, 0
125, -2, 1
125, -2, 0
125, -1, 0
125, -3, 0
125, -1, 1
125, -2, 0
125, -2, 0
125, -2, 1
125, -2, 0
125, -2, 0
125, -2, 1
125, -2, 0
125, -2, 0
125, -2, 1
125, -2, 0
125, -2, 0
125, -2, 1
125, -2, 0
125, -2, 1
138, -2, 0
118, -2, 0
124, -2, 1
126, -3, 0
125, -1, 0
124, -3, 1
124, -1, 0
125, -2, 1
126, -3, 0
125, -1, 0
126, -3, 1
124, -2, 0
124, -2, 1
126, -2, 0
123, -3, 1
125, -1, 0
125, -3, 0
133, -2, 1
120, -2, 0
125, -2, 0
125, -2, 1
124, -3, 0
128, -1, 1
124, -3, 0
125, -2, 0
125, -3, 1
126, -1, 0
125, -3, 1
119, -2, 0
124, -2, 1
127, -2, 0
127, -2, 0
124, -3, 1
125, -2, 0
127, -3, 1
122, -1, 0
128, -3, 1
123, -2, 0
125, -3, 1
123, -2, 0
126, -2, 0
125, -3, 1
124, -2, 0
125, -2, 1
126, -2, 0
126, -3, 1
123, -2, 0
125, -3, 1
126, -2, 0
125, -3, 1
124, -2, 0
125, -2, 1
126, -3, 0
125, -2, 1
124, -3, 0
126, -2, 1
124, -3, 0
125, -1, 1
125, -3, 0
126, -2, 1
124, -3, 0
126, -2, 1
124, -3, 0
126, -2, 1
124, -3, 0
125, -3, 1
148, -2, 0
102, -3, 1
125, -2, 0
126, -3, 1
124, -2, 0
125, -3, 1
125, -2, 0
125, -2, 1
146, -3, 0
104, -3, 1
125, -3, 1
125, -2, 0
125, -3, 1
125, -2, 0
126, -3, 1
126, -2, 0
123, -3, 1
124, -2, 0
126, -4, 1
126, -2, 0
131, -2, 1
121, -3, 0
123, -2, 1
126, -4, 0
126, -2, 1
123, -3, 1
124, -2, 0
125, -3, 1
126, -2, 0
125, -4, 1
124, -2, 0
127, -2, 1
124, -3, 1
125, -3, 0
125, -3, 1
125, -2, 0
283, -4, 1
217, -2, 0
125, -9, 2
124, -2, 1
125, -2, 0
125, -4, 1
125, -2, 0
125, -3, 1
126, -3, 1
124, -3, 0
125, -2, 1
125, -4, 1
126, -2, 0
124, -4, 1
125, -2, 0
125, -3, 1
125, -3, 0
125, -2, 1
125, -4, 1
125, -2, 0
126, -3, 1
124, -3, 1
126, -3, 0
124, -3, 1
125, -3, 0
125, -2, 1
125, -4, 1
126, -2, 0
124, -3, 1
125, -3, 0
125, -3, 1
125, -3, 1
126, -3, 0
124, -3, 1
125, -3, 0
125, -3, 1
125, -3, 1
125, -3, 0
125, -3, 1
126, -2, 1
124, -4, 0
125, -2, 1
125, -4, 0
125, -2, 1
125, -4, 1
125, -2, 0
125, -4, 1
125, -2, 1
125, -4, 0
126, -3, 1
124, -2, 0
125, -4, 1
125, -2, 1
125, -4, 1
124, -2, 0
126, -4, 1
125, -3, 0
124, -3, 1
147, -3, 1
103, -4, 0
126, -2, 1
126, -3, 1
124, -3, 0
129, -3, 1
122, -4, 1
125, -2, 0
124, -4, 1
125, -3, 1
124, -3, 0
126, -3, 1
125, -4, 1
125, -2, 0
125, -4, 1
125, -3, 1
125, -2, 0
126, -4, 1
124, -3, 1
125, -4, 1
124, -2, 0
126, -4, 1
125, -3, 0
125, -4, 1
124, -2, 1
125, -4, 0
126, -3, 1
129, -2, 0
125, -4, 1
126, -3, 1
124, -4, 1
125, -2, 0
126, -4, 1
124, -3, 1
125, -4, 1
126, -2, 0
124, -4, 1
125, -3, 0
125, -3, 1
125, -4, 1
124, -2, 1
125, -4, 0
126, -3, 1
124, -4, 1
125, -2, 0
126, -5, 1
124, -2, 1
125, -4, 1
126, -3, 0
124, -3, 1
125, -4, 1
126, -2, 0
124, -4, 1
125, -3, 1
125, -4, 0
122, -2, 1
124, -5, 1
125, -2, 0
125, -4, 1
125, -3, 1
126, -4, 1
125, -3, 0
126, -2, 1
124, -4, 1
125, -3, 0
125, -4, 1
125, -3, 1
125, -4, 1
124, -3, 0
126, -4, 1
125, -2, 1
125, -4, 0
130, -3, 1
310, -3, 1
187, -4, 0
123, -9, 3
125, -5, 0
125, -2, 1
146, -4, 1
103, -3, 1
125, -4, 0
126, -3, 1
125, -3, 1
125, -4, 0
124, -3, 1
125, -4, 1
125, -3, 0
125, -4, 1
125, -3, 1
126, -4, 1
124, -2, 0
126, -4, 1
125, -3, 1
125, -3, 0
124, -4, 1
126, -3, 1
125, -4, 0
125, -3, 1
125, -4, 1
125, -3, 1
124, -4, 0
126, -3, 1
125, -4, 1
124, -3, 1
125, -2, 0
125, -5, 1
125, -2, 1
125, -5, 0
125, -2, 1
125, -5, 1
126, -2, 0
125, -4, 1
125, -3, 1
125, -5, 1
125, -2, 0
125, -3, 1
125, -4, 1
125, -3, 0
124, -4, 1
125, -3, 1
124, -4, 1
124, -3, 0
125, -4, 1
125, -3, 1
126, -4, 1
124, -3, 0
125, -3, 1
125, -4, 1
125, -3, 0
129, -4, 1
121, -3, 1
125, -4, 1
125, -3, 0
125, -4, 1
125, -3, 1
125, -4, 0
125, -3, 1
125, -3, 1
125, -4, 0
125, -3, 1
125, -4, 1
125, -3, 1
125, -4, 0
125, -3, 1
125, -4, 1
125, -3, 1
125, -4, 0
125, -3, 1
125, -3, 1
125, -4, 1
125, -3, 0
125, -4, 1
125, -3, 1
125, -4, 0
138, -3, 1
120, -4, 1
125, -3, 1
121, -4, 0
126, -3, 1
127, -3, 1
123, -4, 0
126, -3, 1
125, -4, 1
125, -3, 0
124, -4, 1
125, -3, 1
126, -4, 1
124, -3, 0
125, -4, 1
128, -3, 1
122, -4, 1
125, -3, 0
125, -3, 1
127, -4, 1
144, -3, 0
104, -4, 1
125, -3, 1
126, -4, 1
125, -3, 0
125, -4, 1
124, -3, 1
125, -4, 0
167, -3, 1
79, -3, 1
125, -4, 1
125, -3, 0
125, -4, 1
125, -3, 0
125, -4, 1
125, -3, 1
125, -4, 1
125, -3, 0
125, -4, 1
125, -3, 1
125, -3, 0
125, -4, 1
125, -3, 0
125, -4, 1
125, -3, 1
125, -4, 1
125, -3, 0
128, -4, 1
122, -3, 1
125, -4, 1
125, -3, 0
220, -2, 1
30, -5, 0
128, -2, 1
122, -5, 1
124, -2, 0
125, -4, 1
125, -3, 1
125, -4, 1
125, -3, 0
126, -4, 1
125, -3, 1
124, -3, 0
126, -4, 1
125, -3, 1
124, -4, 0
126, -3, 1
125, -4, 1
125, -3, 0
124, -4, 1
125, -2, 1
126, -5, 0
124, -2, 1
126, -3, 0
124, -4, 1
125, -3, 1
125, -4, 1
125, -3, 0
126, -4, 1
125, -3, 0
124, -4, 1
125, -3, 1
125, -4, 1
125, -2, 0
125, -5, 1
125, -2, 1
125, -3, 0
125, -4, 1
126, -3, 0
125, -4, 1
124, -2, 1
125, -5, 0
147, -2, 1
103, -4, 1
125, -3, 0
126, -4, 1
124, -3, 1
125, -3, 0
137, -4, 1
120, -2, 1
124, -4, 0
124, -3, 1
126, -4, 1
124, -3, 0
125, -3, 1
125, -3, 0
125, -4, 1
125, -3, 1
125, -3, 0
125, -4, 1
125, -2, 0
124, -4, 1
126, -3, 1
126, -4, 0
124, -2, 1
125, -4, 1
124, -3, 0
126, -4, 1
125, -3, 0
125, -2, 1
125, -4, 1
125, -3, 0
125, -4, 1
125, -2, 0
144, -4, 1
106, -3, 1
122, -4, 0
125, -2, 1
124, -4, 1
126, -3, 0
139, -3, 1
118, -3, 0
124, -3, 1
123, -4, 1
132, -2, 0
119, -4, 1
125, -3, 0
123, -4, 1
125, -3, 1
125, -3, 0
124, -3, 1
125, -4, 0
126, -3, 1
125, -2, 0
124, -4, 1
125, -2, 1
126, -4, 0
124, -3, 1
126, -4, 0
125, -2, 1
125, -4, 1
125, -3, 0
126, -3, 1
125, -3, 0
124, -2, 1
126, -4, 0
123, -3, 1
126, -3, 0
124, -3, 1
126, -4, 1
124, -2, 0
125, -4, 1
126, -2, 0
125, -4, 1
124, -3, 0
126, -2, 1
125, -4, 0
125, -2, 1
125, -4, 0
124, -3, 1
127, -3, 1
126, -3, 0
124, -3, 1
126, -3, 0
123, -4, 1
125, -2, 0
123, -2, 1
126, -4, 0
125, -3, 1
126, -3, 0
125, -3, 1
124, -3, 0
125, -3, 1
124, -3, 1
278, -3, 0
226, -4, 1
120, -8, 1
126, -2, 1
124, -4, 0
126, -2, 1
125, -4, 0
125, -2, 1
125, -3, 0
126, -3, 1
124, -3, 0
125, -3, 1
128, -2, 0
125, -3, 1
123, -3, 0
124, -3, 1
124, -2, 0
125, -4, 1
125, -2, 0
125, -4, 1
127, -2, 0
125, -3, 1
124, -3, 0
125, -3, 1
125, -2, 0
125, -2, 1
124, -4, 1
125, -2, 0
125, -3, 0
125, -3, 1
125, -3, 1
125, -2, 0
125, -4, 1
125, -2, 0
125, -3, 1
125, -2, 0
125, -3, 0
125, -3, 1
126, -2, 0
124, -4, 1
126, -2, 0
124, -3, 1
147, -2, 0
103, -3, 1
125, -2, 0
125, -4, 1
128, -2, 0
122, -2, 0
125, -3, 1
126, -3, 0
125, -3, 1
124, -2, 0
125, -3, 1
125, -2, 0
125, -3, 1
125, -3, 0
139, -3, 1
126, -2, 0
120, -2, 1
128, -3, 0
118, -2, 0
124, -3, 1
126, -2, 0
125, -3, 1
127, -2, 0
123, -3, 1
124, -3, 0
125, -3, 1
124, -2, 0
127, -3, 1
123, -2, 0
124, -2, 0
125, -3, 1
125, -2, 0
125, -3, 1
124, -2, 0
126, -3, 1
124, -2, 0
125, -3, 1
126, -2, 0
124, -3, 0
125, -2, 1
125, -2, 0
125, -2, 1
121, -2, 0
125, -3, 0
125, -2, 1
125, -3, 0
125, -2, 0
125, -3, 1
125, -2, 0
125, -3, 1
125, -1, 0
125, -2, 1
125, -3, 0
126, -2, 0
124, -3, 1
125, -2, 0
125, -2, 1
125, -2, 0
126, -3, 0
126, -2, 1
125, -3, 0
125, -2, 0
125, -1, 1
124, -3, 0
125, -2, 0
125, -3, 1
124, -1, 0
125, -3, 1
126, -2, 0
124, -2, 0
126, -2, 1
125, -3, 0
125, -2, 0
124, -1, 1
126, -3, 0
125, -2, 0
125, -2, 1
124, -2, 0
126, -2, 0
124, -2, 1
125, -2, 0
125, -2, 1
125, -3, 0
125, -1, 0
125, -2, 0
127, -2, 1
124, -2, 0
124, -2, 0
126, -2, 1
310, -2, 0
193, -2, 0
121, -6, 1
125, -2, 1
125, -1, 0
125, -3, 0
125, -1, 1
125, -2, 0
125, -2, 0
125, -2, 1
125, -2, 0
125, -2, 0
125, -2, 0
126, -2, 1
125, -1, 0
125, -2, 0
125, -2, 1
124, -1, 0
125, -2, 0
125, -2, 0
125, -2, 1
125, -1, 0
125, -2, 0
125, -2, 1
125, -2, 0
125, -1, 0
125, -2, 0
125, -1, 0
125, -2, 1
125, -2, 0
125, -1, 0
125, -2, 1
125, -1, 0
125, -2, 0
125, -1, 0
130, -3, 1
127, -1, 0
124, -1, 0
126, -2, 0
125, -1, 1
125, -2, 0
126, -1, 0
124, -2, 0
125, -1, 1
126, -2, 0
125, -1, 0
123, -2, 0
126, -1, 1
123, -2, 0
126, -1, 0
125, -1, 0
124, -2, 0
125, -1, 0
125, -1, 1
125, -1, 0
125, -2, 0
125, -1, 0
125, -2, 0
126, -1, 1
124, -1, 0
125, -1, 0
125, -1, 0
125, -2, 0
122, -1, 1
125, -1, 0
124, -1, 0
125, -2, 0
125, -1, 0
125, -1, 1
125, -1, 0
124, -1, 0
126, -1, 0
124, -1, 0
125, -1, 0
126, -1, 0
125, -2, 0
125, 0, 1
126, -2, 0
123, -1, 0
126, -1, 0
125, -1, 0
125, -1, 0
125, -1, 0
124, -1, 0
126, -1, 1
247, -2, 0
250, -1, 0
127, -1, 0
125, -1, 0
125, -1, 0
126, -1, 0
125, -1, 0
247, -1, 1
128, -1, 0
124, -1, 0
248, -1, 0
129, -1, 0
124, -1, 0
247, -1, 0
127, -1, 0
248, -1, 0
128, -1, 0
247, -1, 1
128, -1, 0
250, -1, 0
248, -1, 0
126, -1, 0
247, -1, 0
251, -1, 0
250, -1, 0
249, -1, 0
410, -1, 0
216, -1, 0
669, -1, 0
209, -1, 0
497, -1, 0
653, -1, 0
999, -1, 0
3359, 0, -1
129, 1, 0
684, 1, 0
457, 1, 0
474, 1, 0
376, 1, 0
375, 1, 0
428, 1, 0
197, 1, 0
396, 1, 0
109, 0, -1
125, 1, 0
247, 1, 0
248, 1, 0
248, 1, 0
251, 1, 0
249, 1, 0
133, 1, -1
242, 1, 0
249, 1, 0
128, 1, 0
247, 1, 0
129, 1, 0
246, 1, 0
128, 1, 0
125, 0, -1
125, 1, 0
126, 1, 0
121, 1, 0
247, 1, 0
127, 1, 0
125, 1, 0
125, 1, 0
247, 1, 0
128, 1, -1
125, 1, 0
125, 1, 0
125, 1, 0
125, 1, 0
125, 1, 0
125, 1, 0
248, 2, -1
127, 1, 0
125, 1, 0
125, 1, 0
125, 1, 0
247, 2, 0
128, 1, 0
248, 2, -1
127, 1, 0
125, 1, 0
125, 1, 0
128, 1, 0
262, 1, 0
236, 2, 0
125, 3, -1
123, 1, 0
125, 2, 0
126, 1, 0
125, 1, -1
125, 1, 0
125, 2, 0
124, 1, 0
125, 1, 0
126, 2, 0
125, 1, -1
124, 1, 0
126, 2, 0
125, 1, 0
125, 1, 0
125, 2, 0
124, 1, -1
126, 2, 0
125, 1, 0
125, 2, 0
125, 1, 0
125, 2, -1
125, 1, 0
125, 2, 0
124, 1, 0
125, 1, -1
126, 2, 0
125, 1, 0
124, 2, 0
126, 1, 0
124, 3, -1
126, 1, 0
125, 2, 0
125, 1, 0
125, 2, 0
124, 1, -1
126, 2, 0
136, 2, 0
119, 1, 0
126, 2, -1
123, 2, 0
125, 2, 0
125, 1, 0
125, 3, 0
125, 1, -1
126, 2, 0
124, 1, 0
125, 2, 0
126, 2, -1
124, 2, 0
125, 2, 0
125, 2, 0
125, 2, -1
125, 1, 0
126, 3, 0
124, 1, 0
125, 2, -1
125, 2, 0
125, 2, 0
125, 2, -1
125, 2, 0
125, 2, 0
125, 2, 0
125, 2, -1
142, 2, 0
104, 2, 0
125, 2, 0
125, 2, -1
127, 2, 0
124, 2, 0
125, 2, -1
126, 2, 0
123, 3, 0
125, 1, 0
125, 3, -1
125, 2, 0
125, 2, 0
127, 2, -1
123, 3, 0
125, 1, 0
126, 2, 0
124, 3, -1
125, 2, 0
125, 3, 0
125, 2, -1
125, 2, 0
125, 2, 0
125, 3, -1
126, 2, 0
124, 3, 0
125, 1, -1
125, 2, 0
125, 3, 0
125, 2, 0
125, 3, -1
125, 2, 0
125, 3, 0
125, 2, -1
125, 3, 0
125, 2, 0
125, 3, -1
125, 2, 0
125, 2, 0
125, 3, -1
125, 2, 0
125, 3, 0
125, 2, -1
125, 3, 0
125, 2, 0
125, 3, -1
125, 2, 0
125, 3, 0
125, 2, -1
126, 2, 0
124, 4, 0
125, 2, -1
125, 3, 0
125, 2, 0
125, 4, -1
125, 2, 0
125, 3, 0
125, 2, -1
125, 4, 0
125, 2, 0
125, 2, -1
125, 3, 0
125, 2, 0
125, 4, -1
125, 2, 0
301, 4, -1
199, 2, 0
125, 9, -1
125, 2, 0
125, 3, -1
125, 3, 0
125, 2, 0
125, 4, -1
125, 2, 0
125, 4, -1
125, 2, 0
125, 4, 0
125, 2, -1
125, 4, 0
125, 2, 0
125, 4, -1
125, 2, 0
125, 3, 0
125, 3, -1
125, 3, 0
126, 4, -1
124, 2, 0
125, 4, 0
126, 2, -1
124, 4, 0
125, 3, -1
125, 3, 0
125, 3, 0
125, 2, -1
125, 4, 0
125, 3, -1
125, 3, 0
125, 3, 0
125, 4, -1
125, 3, 0
125, 3, -1
125, 3, 0
125, 4, -1
125, 3, 0
125, 2, 0
125, 4, -1
125, 3, 0
125, 4, -1
125, 2, 0
125, 4, -1
125, 3, 0
125, 4, 0
126, 3, -1
124, 4, 0
125, 3, -1
125, 2, 0
125, 4, -1
125, 3, 0
124, 4, -1
125, 3, 0
125, 4, -1
125, 3, 0
127, 4, 0
128, 3, -1
123, 4, 0
124, 3, -1
126, 3, 0
125, 4, -1
125, 3, 0
125, 4, -1
123, 3, 0
125, 4, -1
125, 3, 0
124, 4, -1
125, 3, 0
126, 3, -1
124, 4, 0
126, 3, -1
124, 5, 0
126, 3, -1
125, 4, 0
126, 3, -1
124, 4, 0
125, 3, -1
125, 5, 0
124, 3, -1
126, 3, 0
125, 4, -1
125, 3, 0
125, 5, -1
124, 3, 0
125, 4, -1
125, 3, 0
125, 5, -1
126, 3, 0
124, 4, -1
125, 3, -1
125, 4, 0
125, 4, -1
125, 3, 0
125, 5, -1
125, 3, 0
125, 4, -1
126, 4, 0
126, 4, -1
208, 3, 0
41, 5, -1
126, 3, 0
124, 3, -1
125, 5, 0
125, 3, -1
124, 5, -1
125, 3, 0
125, 5, -1
125, 3, 0
125, 5, -1
125, 3, 0
125, 5, -1
125, 3, 0
125, 3, -1
132, 5, 0
122, 3, -1
124, 5, 0
126, 3, -1
124, 5, -1
125, 3, 0
125, 5, -1
125, 3, 0
129, 5, -1
121, 3, -1
125, 3, 0
125, 5, -1
126, 4, 0
124, 4, -1
125, 4, 0
125, 5, -1
125, 3, -1
231, 5, 0
18, 3, -1
124, 5, 0
124, 3, -1
125, 4, 0
126, 5, -1
125, 3, 0
124, 5, -1
126, 3, -1
124, 5, 0
125, 4, -1
125, 5, -1
125, 3, 0
125, 5, -1
125, 4, 0
125, 3, -1
125, 5, -1
125, 3, 0
125, 5, -1
125, 4, 0
125, 5, -1
125, 3, -1
126, 5, 0
124, 4, -1
125, 5, -1
125, 3, 0
125, 4, -1
125, 5, 0
125, 3, -1
125, 6, 0
125, 3, -1
126, 5, -1
125, 4, 0
126, 5, -1
125, 3, 0
124, 6, -1
124, 3, -1
125, 3, 0
125, 6, -1
125, 3, 0
125, 5, -1
134, 4, -1
116, 5, 0
125, 3, -1
125, 5, -1
126, 4, 0
124, 5, -1
125, 4, -1
127, 5, 0
124, 4, -1
125, 3, 0
124, 5, -1
126, 4, -1
124, 5, 0
125, 4, -1
125, 5, -1
125, 4, 0
125, 5, -1
125, 3, 0
125, 6, -1
125, 3, -1
125, 4, 0
125, 5, -1
125, 3, 0
125, 6, -1
125, 3, -1
125, 6, 0
125, 3, -1
125, 6, -1
125, 3, 0
125, 5, -1
125, 4, -1
125, 4, 0
125, 5, -1
125, 4, 0
125, 5, -1
125, 3, -1
125, 6, 0
125, 3, -1
125, 6, -1
125, 3, 0
125, 6, -1
125, 3, -1
125, 4, 0
125, 5, -1
125, 4, 0
125, 5, -1
125, 4, -1
125, 5, -1
125, 4, 0
125, 5, -1
125, 4, 0
125, 5, -1
125, 4, -1
125, 4, 0
125, 5, -1
125, 4, -1
125, 5, 0
124, 4, -1
126, 5, 0
125, 4, -1
125, 5, -1
125, 4, 0
126, 5, -1
124, 4, -1
125, 4, 0
125, 5, -1
125, 4, 0
125, 5, -1
125, 4, -1
125, 5, -1
125, 4, 0
125, 5, -1
125, 4, -1
125, 6, 0
125, 3, -1
125, 4, 0
125, 5, -1
125, 4, -1
125, 6, 0
125, 3, -1
125, 6, -1
125, 3, 0
125, 6, -1
125, 3, -1
125, 6, -1
125, 3, 0
125, 4, -1
126, 6, 0
130, 3, -1
123, 6, -1
124, 3, 0
127, 6, -1
268, 4, -1
228, 5, 0
139, 13, -2
123, 3, -1
116, 6, 0
126, 3, -1
123, 6, -1
126, 3, 0
124, 6, -1
130, 4, -1
125, 5, 0
122, 4, -1
125, 5, -1
130, 4, 0
125, 4, -1
120, 5, -1
124, 4, 0
125, 5, -1
124, 4, 0
125, 5, -1
126, 4, -1
126, 6, -1
125, 3, 0
125, 6, -1
125, 3, 0
125, 4, -1
125, 5, -1
125, 4, 0
125, 6, -1
141, 3, -1
114, 6, 0
121, 3, -1
123, 6, 0
125, 4, -1
168, 5, -1
82, 4, 0
126, 3, -1
124, 6, -1
126, 4, 0
124, 5, -1
124, 4, 0
125, 5, -1
124, 4, -1
124, 5, 0
127, 4, -1
124, 5, -1
125, 4, 0
126, 4, -1
122, 5, 0
127, 4, -1
123, 5, -1
125, 4, 0
125, 5, -1
125, 4, 0
126, 5, -1
124, 4, -1
127, 5, 0
125, 4, -1
124, 3, 0
126, 6, -1
125, 3, -1
125, 6, 0
125, 3, -1
131, 6, -1
125, 3, 0
127, 6, -1
120, 3, 0
123, 6, -1
125, 3, -1
128, 4, 0
123, 5, -1
124, 4, 0
125, 5, -1
129, 4, -1
122, 5, 0
124, 4, -1
125, 5, -1
125, 3, 0
126, 6, -1
125, 3, 0
124, 4, -1
125, 5, -1
126, 4, 0
124, 5, -1
123, 4, 0
124, 5, -1
126, 4, -1
124, 5, 0
126, 4, -1
125, 5, 0
125, 3, -1
124, 4, 0
125, 5, -1
126, 4, -1
130, 5, 0
120, 4, -1
124, 5, -1
126, 3, 0
124, 6, -1
127, 3, 0
130, 6, -1
119, 3, -1
126, 4, 0
125, 5, -1
124, 3, 0
124, 6, -1
125, 3, -1
125, 5, 0
125, 4, -1
125, 5, -1
125, 4, 0
125, 5, -1
126, 3, 0
127, 4, -1
122, 5, 0
125, 4, -1
125, 5, -1
125, 3, 0
125, 6, -1
125, 3, 0
126, 5, -1
125, 4, -1
125, 5, 0
124, 4, -1
125, 3, 0
125, 5, -1
126, 4, -1
125, 5, 0
125, 3, -1
128, 6, -1
121, 3, 0
317, 5, -1
184, 4, 0
124, 12, -2
126, 5, -1
125, 3, 0
147, 5, -1
102, 4, 0
125, 5, -1
125, 3, 0
125, 6, -1
125, 3, -1
125, 5, 0
124, 3, -1
126, 4, 0
124, 5, -1
126, 3, 0
124, 5, -1
126, 4, -1
124, 5, 0
125, 3, -1
127, 5, 0
123, 3, -1
125, 5, -1
126, 4, 0
124, 3, -1
125, 5, 0
126, 3, -1
124, 5, 0
125, 4, -1
125, 5, -1
125, 3, 0
127, 5, -1
124, 3, 0
125, 5, -1
125, 4, 0
124, 3, -1
125, 5, 0
126, 3, -1
125, 5, -1
124, 3, 0
125, 5, -1
126, 4, 0
125, 5, -1
124, 3, 0
125, 5, -1
126, 3, 0
125, 3, -1
125, 5, 0
124, 3, -1
125, 5, -1
125, 3, 0
125, 5, -1
125, 3, 0
125, 5, -1
125, 4, 0
125, 4, -1
125, 4, 0
125, 3, 0
128, 5, -1
124, 3, 0
123, 5, -1
126, 3, 0
124, 4, -1
125, 4, -1
125, 4, 0
125, 3, -1
125, 5, 0
125, 3, -1
125, 4, 0
125, 4, -1
125, 3, 0
125, 5, -1
125, 3, 0
125, 5, -1
126, 3, 0
125, 5, -1
125, 3, -1
126, 4, 0
124, 3, -1
125, 3, 0
124, 5, -1
125, 3, 0
125, 5, 0
125, 3, -1
125, 4, -1
125, 3, 0
125, 5, -1
125, 3, 0
125, 5, -1
125, 3, 0
125, 3, 0
125, 4, -1
126, 3, 0
124, 5, -1
125, 3, 0
125, 4, -1
142, 3, 0
114, 5, -1
124, 3, 0
129, 4, -1
122, 3, 0
124, 3, -1
126, 5, 0
124, 3, -1
125, 4, 0
125, 3, -1
125, 4, 0
125, 3, -1
126, 5, 0
124, 3, -1
125, 4, 0
125, 3, -1
127, 3, 0
124, 4, -1
125, 3, 0
125, 4, 0
125, 3, -1
125, 4, 0
124, 3, -1
125, 5, 0
125, 3, -1
125, 4, 0
125, 2, -1
125, 3, 0
121, 4, -1
125, 3, 0
125, 5, -1
125, 2, 0
125, 5, -1
126, 2, 0
125, 4, 0
124, 3, -1
220, 4, 0
31, 3, -1
124, 3, 0
125, 4, -1
125, 3, 0
125, 4, -1
125, 3, 0
125, 4, -1
125, 2, 0
147, 5, -1
102, 2, 0
125, 4, 0
126, 3, -1
125, 3, 0
124, 4, -1
126, 2, 0
125, 4, -1
125, 3, 0
124, 4, -1
126, 3, 0
125, 4, -1
124, 2, 0
126, 4, 0
124, 3, -1
125, 3, 0
125, 4, -1
125, 2, 0
125, 4, -1
125, 3, 0
125, 4, -1
126, 2, 0
130, 4, 0
121, 3, -1
123, 3, 0
125, 3, -1
125, 3, 0
126, 3, -1
124, 3, 0
132, 4, 0
122, 2, -1
124, 4, 0
137, 3, -1
113, 3, 0
125, 3, -1
125, 4, 0
125, 2, -1
125, 2, 0
125, 4, -1
128, 3, 0
123, 3, -1
124, 3, 0
125, 3, 0
126, 3, -1
124, 3, 0
128, 3, -1
124, 4, 0
122, 2, 0
125, 4, -1
124, 2, 0
125, 2, 0
125, 4, -1
125, 2, 0
124, 4, -1
126, 2, 0
125, 4, -1
125, 2, 0
125, 3, 0
124, 3, -1
126, 3, 0
125, 3, -1
125, 2, 0
125, 3, 0
125, 3, -1
130, 3, 0
120, 2, -1
126, 4, 0
124, 2, 0
125, 3, -1
125, 3, 0
125, 3, -1
125, 2, 0
125, 2, 0
125, 4, -1
125, 2, 0
125, 3, -1
125, 2, 0
125, 4, 0
125, 2, -1
125, 3, 0
125, 2, 0
125, 3, -1
125, 3, 0
125, 2, 0
125, 3, -1
125, 2, 0
125, 3, -1
125, 2, 0
125, 4, 0
125, 2, -1
128, 3, 0
124, 2, -1
123, 3, 0
141, 2, 0
114, 3, -1
125, 2, 0
126, 2, 0
123, 3, -1
123, 2, 0
127, 3, -1
124, 2, 0
124, 3, -1
125, 2, 0
127, 4, 0
124, 1, -1
124, 3, 0
126, 2, -1
129, 3, 0
124, 2, 0
123, 2, -1
126, 3, 0
124, 2, -1
126, 3, 0
124, 2, 0
125, 3, -1
126, 2, 0
124, 2, -1
126, 2, 0
124, 3, -1
143, 2, 0
108, 2, 0
124, 3, -1
126, 1, 0
124, 3, -1
295, 2, 0
202, 3, 0
124, 6, -1
125, 3, -1
126, 1, 0
124, 3, -1
125, 2, 0
125, 2, 0
125, 2, -1
125, 2, 0
125, 2, -1
126, 2, 0
124, 3, 0
125, 2, -1
129, 2, 0
125, 2, 0
126, 2, -1
126, 2, 0
123, 1, -1
125, 3, 0
126, 2, 0
125, 2, -1
125, 2, 0
124, 2, -1
125, 2, 0
125, 2, -1
125, 2, 0
125, 2, 0
125, 2, -1
125, 1, 0
125, 3, -1
126, 1, 0
124, 2, 0
125, 2, -1
125, 2, 0
125, 2, -1
125, 2, 0
125, 1, -1
125, 2, 0
125, 2, 0
125, 1, -1
129, 2, 0
118, 2, -1
124, 2, 0
125, 1, 0
125, 3, -1
125, 1, 0
126, 2, -1
124, 1, 0
125, 2, -1
126, 2, 0
125, 1, 0
125, 2, -1
125, 1, 0
125, 2, -1
125, 2, 0
125, 2, 0
125, 1, -1
125, 2, 0
125, 1, 0
126, 2, -1
124, 1, 0
124, 1, -1
125, 2, 0
125, 1, 0
125, 2, -1
126, 2, 0
124, 1, -1
126, 1, 0
124, 2, 0
125, 1, -1
125, 2, 0
125, 1, -1
127, 1, 0
123, 2, 0
125, 1, -1
125, 2, 0
125, 1, -1
125, 1, 0
127, 1, 0
125, 2, -1
124, 1, 0
124, 1, 0
125, 1, -1
125, 1, 0
124, 2, -1
126, 1, 0
125, 1, 0
125, 1, -1
125, 2, 0
125, 1, 0
125, 1, -1
125, 1, 0
125, 1, -1
125, 1, 0
125, 1, 0
125, 1, -1
125, 1, 0
125, 1, 0
125, 1, -1
126, 2, 0
124, 0, -1
125, 2, 0
247, 2, -1
250, 1, 0
128, 1, -1
126, 1, 0
124, 1, -1
125, 1, 0
125, 1, 0
125, 0, -1
125, 1, 0
125, 1, 0
125, 1, -1
125, 1, 0
247, 1, -1
128, 1, 0
125, 1, 0
125, 0, -1
125, 1, 0
125, 1, 0
125, 1, -1
247, 1, -1
251, 1, 0
127, 1, 0
125, 0, -1
312, 1, 0
192, 1, -1
121, 1, 0
124, 1, -1
248, 1, 0
127, 0, -1
126, 1, 0
401, 1, -1
424, 1, -1
172, 1, 0
127, 0, -1
248, 1, 0
255, 0, -1
245, 1, 0
250, 0, -1
250, 1, 0
127, 0, -1
534, 0, -1
392, 1, -1
479, 0, -1
626, 0, -1
530, 0, -1
562, 0, -1
407, -1, 0
218, 0, -1
536, -1, -1
465, -1, 0
127, 0, -1
374, -1, 0
139, 0, -1
238, -1, 0
262, -1, -1
367, -1, 0
134, 0, -1
253, -1, 0
238, -1, 0
126, 0, -1
125, -1, 0
243, 0, -1
130, -1, 0
244, -1, 0
131, 0, -1
125, -1, 0
244, -1, 0
131, -1, -1
244, -1, 0
250, -1, -1
255, -1, 0
122, -1, 0
126, 0, -1
123, -1, 0
247, -1, -1
128, -1, 0
247, -1, 0
131, -1, -1
246, -1, 0
128, -1, 0
124, 0, -1
124, -1, 0
126, -1, 0
124, -1, 0
125, 0, -1
126, -1, 0
124, -1, 0
125, -1, 0
125, -1, -1
248, -1, 0
129, -1, 0
124, -1, -1
124, -1, 0
127, -1, 0
123, 0, -1
125, -1, 0
126, -1, 0
126, -1, 0
226, -1, -1
23, -1, 0
125, -1, 0
124, -1, 0
125, -1, -1
125, -1, 0
132, -1, 0
118, -1, 0
125, -1, -1
125, -1, 0
125, -1, 0
125, -1, 0
125, -1, 0
125, -1, -1
125, -1, 0
125, -1, 0
125, -1, 0
125, -1, -1
125, -1, 0
125, -2, 0
247, -2, -1
129, -1, 0
124, -1, 0
125, -1, 0
125, -1, -1
125, -1, 0
128, -2, 0
148, -1, 0
100, -1, 0
124, -1, -1
125, -2, 0
125, -1, 0
125, -1, 0
125, -2, 0
125, -1, -1
125, -1, 0
125, -1, 0
125, -1, 0
125, -2, -1
125, -1, 0
125, -2, 0
125, -1, 0
125, -2, 0
125, -1, 0
125, -1, -1
125, -2, 0
126, -1, 0
127, -2, 0
127, -1, 0
120, -2, 0
125, -1, -1
125, -2, 0
125, -1, 0
125, -2, 0
125, -1, 0
125, -2, -1
125, -1, 0
125, -1, 0
125, -2, 0
125, -1, 0
125, -2, 0
125, -2, 0
125, -2, -1
125, -1, 0
125, -2, 0
125, -1, 0
125, -2, 0
125, -2, 0
125, -2, 0
125, -1, -1
125, -2, 0
125, -2, 0
125, -1, 0
125, -2, 0
126, -2, 0
124, -2, 0
125, -1, -1
125, -3, 0
125, -1, 0
140, -2, 0
115, -2, 0
136, -1, 0
118, -2, 0
122, -2, 0
129, -2, -1
122, -2, 0
125, -2, 0
125, -2, 0
125, -2, 0
124, -2, 0
124, -2, 0
124, -2, 0
125, -1, 0
126, -3, 0
124, -1, 0
126, -3, -1
125, -1, 0
124, -3, 0
126, -2, 0
124, -2, 0
126, -2, 0
126, -2, 0
124, -2, 0
128, -2, 0
121, -2, 0
125, -2, 0
125, -3, 0
122, -1, 0
125, -3, 0
124, -2, 0
125, -2, 0
125, -2, 0
125, -3, 0
125, -2, -1
125, -2, 0
125, -2, 0
126, -2, 0
125, -3, 0
124, -2, 0
125, -3, 0
125, -1, 0
125, -3, 0
125, -2, 0
125, -3, 0
125, -2, 0
125, -3, 0
125, -2, 0
126, -2, 0
124, -3, 0
126, -2, 0
124, -3, 0
125, -2, 0
261, -3, 0
240, -2, 0
124, -8, 0
125, -2, 0
125, -2, 0
125, -3, 0
125, -2, 0
125, -3, 0
125, -3, 0
125, -3, 0
125, -2, 0
125, -3, 0
125, -2, 1
125, -3, 0
125, -3, 0
125, -2, 0
126, -3, 0
124, -2, 0
125, -4, 0
125, -2, 0
125, -3, 0
125, -2, 0
125, -4, 1
125, -2, 0
125, -4, 0
125, -2, 0
125, -3, 0
125, -3, 0
125, -2, 0
125, -4, 0
125, -2, 1
125, -3, 0
125, -3, 0
125, -3, 0
125, -3, 0
125, -3, 0
125, -3, 1
125, -3, 0
125, -3, 0
125, -2, 0
125, -4, 0
125, -2, 0
125, -4, 1
125, -2, 0
125, -4, 0
125, -3, 0
125, -3, 0
126, -3, 1
124, -4, 0
125, -2, 0
125, -3, 0
125, -3, 1
125, -3, 0
125, -4, 0
125, -2, 0
125, -4, 1
129, -3, 0
125, -3, 0
125, -3, 0
126, -4, 0
124, -3, 1
125, -2, 0
125, -4, 0
125, -3, 1
125, -4, 0
125, -2, 0
125, -4, 0
125, -3, 1
125, -4, 0
125, -3, 0
125, -4, 0
125, -3, 1
125, -4, 0
127, -2, 0
123, -3, 1
124, -4, 0
125, -3, 0
136, -4, 1
125, -3, 0
120, -4, 0
122, -3, 1
124, -4, 0
128, -3, 0
126, -4, 1
137, -3, 0
105, -3, 0
125, -4, 1
124, -3, 0
125, -4, 0
126, -3, 1
124, -4, 0
126, -3, 1
124, -5, 0
125, -3, 0
125, -4, 1
125, -3, 0
125, -3, 0
125, -4, 1
125, -3, 0
126, -5, 1
125, -3, 0
124, -4, 1
126, -3, 0
125, -5, 0
125, -3, 1
126, -4, 0
126, -3, 1
125, -3, 0
123, -5, 0
125, -3, 1
125, -5, 0
125, -3, 1
125, -4, 1
124, -3, 0
125, -5, 0
126, -3, 1
125, -5, 0
125, -3, 1
125, -3, 0
124, -5, 1
126, -3, 0
124, -5, 1
126, -3, 0
125, -5, 1
124, -3, 0
126, -5, 1
125, -3, 0
126, -5, 1
124, -3, 0
125, -3, 1
125, -5, 0
306, -3, 1
194, -5, 0
125, -12, 2
124, -5, 1
125, -3, 0
125, -5, 1
126, -3, 0
124, -4, 1
125, -5, 0
125, -3, 1
125, -5, 0
125, -3, 1
125, -5, 1
125, -4, 0
125, -5, 1
125, -3, 0
125, -5, 1
125, -4, 0
128, -3, 1
122, -5, 1
127, -4, 0
123, -5, 1
126, -3, 0
125, -5, 1
125, -4, 1
125, -5, 0
124, -3, 1
125, -6, 1
125, -3, 0
125, -5, 1
125, -4, 1
125, -3, 0
126, -6, 1
126, -3, 1
125, -6, 0
125, -3, 1
126, -5, 1
123, -4, 0
124, -5, 1
125, -4, 1
125, -5, 0
124, -4, 1
125, -3, 1
126, -6, 0
125, -3, 1
124, -6, 1
126, -3, 0
125, -6, 1
125, -4, 1
125, -5, 1
125, -4, 0
125, -5, 1
124, -4, 1
126, -4, 0
125, -5, 1
125, -4, 1
125, -5, 1
125, -4, 0
124, -6, 1
125, -3, 0
126, -6, 1
125, -4, 1
125, -5, 1
125, -4, 1
124, -4, 0
126, -5, 1
125, -4, 1
125, -6, 1
124, -3, 0
126, -6, 1
124, -4, 1
126, -5, 1
129, -4, 0
124, -6, 1
129, -4, 1
124, -4, 0
125, -6, 1
124, -3, 1
125, -6, 1
123, -4, 0
125, -6, 1
126, -4, 1
125, -5, 1
126, -4, 1
125, -6, 1
124, -4, 0
124, -4, 1
127, -6, 1
124, -4, 1
125, -5, 1
125, -4, 0
125, -6, 1
124, -4, 1
126, -6, 1
125, -4, 1
125, -6, 0
125, -4, 1
125, -4, 1
125, -5, 1
125, -4, 0
123, -6, 2
124, -4, 0
124, -6, 1
125, -4, 1
126, -6, 1
124, -4, 1
125, -6, 0
125, -4, 1
125, -4, 1
125, -6, 1
125, -4, 1
125, -6, 1
124, -4, 0
126, -6, 2
125, -4, 0
125, -6, 1
125, -4, 1
125, -6, 1
125, -4, 1
125, -6, 1
125, -4, 0
125, -4, 1
125, -6, 1
125, -5, 1
125, -6, 1
125, -4, 0
125, -6, 1
125, -3, 1
125, -7, 1
125, -4, 1
125, -6, 1
125, -4, 1
222, -4, 0
30, -6, 1
123, -4, 1
125, -6, 1
125, -4, 1
125, -7, 1
125, -4, 1
124, -6, 1
126, -4, 1
125, -6, 1
125, -4, 0
125, -5, 1
125, -6, 1
124, -4, 1
126, -6, 1
125, -4, 1
124, -6, 1
126, -5, 1
125, -6, 1
124, -4, 0
126, -6, 1
125, -4, 1
126, -5, 1
124, -6, 1
125, -4, 1
125, -6, 1
124, -4, 1
125, -6, 1
126, -5, 0
125, -6, 2
124, -4, 0
126, -6, 2
125, -5, 0
125, -4, 1
125, -6, 1
125, -4, 1
124, -6, 1
126, -5, 1
124, -6, 1
126, -4, 1
125, -6, 1
124, -4, 1
129, -7, 1
132, -4, 0
120, -6, 2
123, -5, 0
125, -4, 1
125, -6, 1
128, -4, 1
124, -7, 1
124, -4, 1
125, -6, 1
125, -5, 1
124, -6, 1
125, -4, 0
126, -6, 2
125, -5, 0
125, -4, 1
125, -6, 1
125, -4, 1
124, -7, 1
126, -4, 1
125, -6, 1
125, -5, 1
125, -6, 1
125, -4, 1
125, -7, 1
124, -4, 1
126, -4, 0
125, -7, 2
122, -4, 0
124, -6, 1
125, -4, 1
125, -7, 1
124, -4, 1
126, -6, 1
125, -5, 1
125, -6, 1
125, -4, 1
125, -4, 1
125, -7, 1
125, -4, 1
124, -6, 1
126, -5, 0
125, -6, 2
124, -4, 0
125, -6, 2
126, -5, 0
125, -6, 2
126, -4, 0
124, -4, 1
125, -7, 1
125, -4, 1
125, -6, 1
125, -5, 1
125, -6, 1
125, -4, 1
124, -7, 1
126, -4, 1
124, -6, 1
125, -5, 1
126, -4, 1
125, -6, 1
129, -4, 0
122, -7, 1
124, -4, 1
125, -6, 1
125, -4, 1
125, -7, 1
125, -4, 1
125, -6, 1
125, -5, 1
125, -4, 1
125, -6, 1
125, -5, 1
125, -6, 1
125, -4, 1
125, -6, 1
125, -5, 1
125, -6, 1
125, -4, 1
131, -6, 1
119, -4, 0
125, -5, 1
125, -6, 1
124, -4, 1
126, -7, 1
125, -4, 1
125, -6, 1
125, -4, 1
125, -7, 1
125, -4, 1
125, -6, 1
274, -4, 1
258, -4, 1
93, -17, 3
124, -4, 0
125, -6, 1
125, -4, 1
125, -7, 1
125, -4, 1
128, -6, 1
122, -4, 1
125, -4, 1
125, -6, 1
125, -4, 1
125, -6, 1
125, -4, 0
125, -7, 1
125, -4, 1
125, -6, 1
143, -4, 1
107, -6, 1
125, -4, 1
126, -6, 1
123, -4, 1
126, -5, 1
125, -6, 1
125, -4, 1
127, -6, 1
124, -4, 0
125, -6, 2
125, -4, 0
125, -6, 1
125, -5, 1
124, -6, 1
126, -4, 1
124, -4, 1
126, -6, 1
124, -4, 1
125, -6, 1
125, -4, 1
126, -6, 1
124, -4, 0
125, -6, 1
125, -4, 1
126, -6, 1
129, -4, 1
127, -4, 1
124, -6, 1
126, -4, 0
124, -6, 2
124, -4, 0
125, -6, 1
127, -4, 1
124, -6, 1
124, -4, 1
125, -6, 1
125, -4, 1
125, -4, 0
125, -6, 1
125, -4, 1
126, -6, 1
124, -4, 1
125, -5, 1
125, -5, 1
125, -5, 1
125, -4, 0
125, -6, 1
126, -4, 1
124, -4, 1
125, -6, 1
125, -4, 1
125, -6, 1
125, -3, 0
140, -6, 1
108, -4, 1
123, -6, 1
125, -3, 1
125, -6, 1
125, -4, 0
125, -4, 1
125, -6, 1
125, -3, 1
125, -6, 1
125, -4, 1
125, -6, 1
125, -4, 0
125, -5, 1
125, -4, 1
125, -6, 1
125, -3, 0
125, -4, 1
136, -6, 1
114, -4, 1
124, -5, 1
125, -4, 0
125, -5, 1
125, -4, 1
125, -6, 1
125, -3, 1
144, -6, 1
106, -4, 1
125, -3, 0
127, -6, 1
123, -4, 1
125, -5, 1
125, -4, 1
125, -5, 0
125, -4, 1
125, -5, 1
125, -4, 1
125, -6, 1
125, -3, 0
125, -4, 1
125, -5, 1
125, -4, 1
125, -5, 1
125, -4, 0
125, -5, 1
125, -4, 1
125, -5, 1
125, -4, 1
125, -5, 1
125, -4, 0
125, -5, 1
125, -4, 1
125, -3, 0
125, -5, 1
125, -4, 1
126, -5, 1
124, -4, 1
125, -5, 1
125, -3, 0
297, -6, 1
204, -3, 1
124, -12, 2
125, -5, 1
125, -4, 0
125, -5, 1
125, -4, 1
126, -5, 1
124, -3, 0
125, -5, 1
126, -4, 1
124, -5, 1
125, -3, 0
125, -4, 1
125, -5, 1
125, -3, 1
125, -5, 1
125, -4, 0
125, -5, 1
125, -3, 1
126, -5, 1
143, -3, 0
108, -5, 1
131, -4, 1
118, -3, 0
130, -5, 1
126, -3, 1
122, -5, 1
135, -4, 0
115, -4, 1
125, -4, 1
125, -5, 1
124, -3, 0
126, -5, 1
124, -3, 1
125, -3, 0
125, -5, 1
125, -3, 1
125, -5, 1
125, -4, 0
125, -4, 1
126, -3, 1
124, -5, 1
125, -3, 0
125, -5, 1
126, -3, 1
125, -3, 0
126, -5, 1
124, -3, 1
125, -5, 1
125, -3, 0
129, -5, 1
126, -3, 1
126, -4, 1
124, -4, 0
124, -4, 1
125, -3, 1
126, -3, 0
125, -5, 1
125, -3, 1
125, -5, 0
124, -3, 1
126, -4, 1
125, -3, 0
125, -5, 1
125, -3, 1
125, -4, 1
124, -3, 0
125, -3, 1
125, -5, 1
123, -3, 0
126, -4, 1
126, -3, 1
125, -5, 0
124, -2, 1
125, -5, 1
126, -3, 0
121, -4, 1
123, -3, 1
125, -3, 0
125, -4, 1
125, -3, 1
125, -4, 1
125, -3, 0
132, -5, 1
124, -2, 1
123, -5, 0
126, -2, 1
123, -5, 1
124, -2, 0
126, -3, 1
124, -4, 1
129, -3, 0
121, -4, 1
124, -3, 0
125, -4, 1
124, -3, 1
124, -4, 0
124, -2, 1
126, -5, 1
130, -2, 0
121, -4, 1
125, -3, 0
127, -3, 1
124, -4, 1
124, -2, 0
126, -4, 1
124, -3, 0
125, -4, 1
125, -2, 1
124, -4, 1
124, -3, 0
125, -4, 1
125, -2, 0
125, -3, 1
125, -4, 0
125, -2, 1
128, -4, 1
125, -3, 0
126, -3, 1
125, -3, 0
122, -4, 1
126, -2, 0
123, -4, 1
125, -2, 1
127, -3, 0
124, -3, 1
126, -3, 0
123, -3, 1
126, -3, 0
124, -3, 1
126, -3, 1
224, -3, 0
26, -3, 1
124, -3, 1
125, -3, 0
125, -2, 1
125, -4, 0
125, -2, 1
125, -4, 0
125, -2, 1
125, -3, 0
125, -3, 1
125, -3, 1
125, -2, 0
125, -4, 1
125, -2, 0
124, -2, 0
126, -3, 1
124, -3, 0
126, -3, 1
125, -2, 1
124, -3, 0
126, -3, 1
126, -3, 0
124, -2, 1
125, -3, 0
125, -2, 1
124, -2, 0
126, -4, 1
124, -2, 0
125, -3, 1
125, -2, 0
125, -3, 1
125, -2, 0
126, -3, 1
124, -2, 0
126, -3, 1
124, -2, 0
125, -2, 0
125, -3, 1
129, -2, 1
123, -3, 0
124, -2, 0
126, -3, 1
124, -2, 0
125, -2, 1
125, -2, 0
125, -3, 1
125, -2, 0
129, -3, 1
121, -2, 0
125, -2, 0
125, -2, 1
125, -2, 0
126, -3, 1
124, -2, 0
125, -2, 1
125, -2, 0
148, -3, 0
102, -1, 1
125, -3, 0
125, -2, 1
127, -1, 0
123, -3, 0
125, -2, 1
125, -2, 0
125, -2, 1
125, -2, 0
125, -2, 0
125, -2, 1
125, -2, 0
125, -2, 1
125, -2, 0
125, -1, 0
125, -3, 1
125, -1, 0
138, -2, 0
116, -2, 1
121, -2, 0
125, -2, 0
125, -2, 1
125, -1, 0
125, -2, 0
126, -2, 1
129, -1, 0
120, -2, 0
125, -2, 1
126, -2, 0
124, -1, 0
125, -2, 1
125, -2, 0
125, -2, 0
125, -1, 1
125, -2, 0
125, -1, 0
125, -2, 0
125, -1, 1
125, -2, 0
125, -1, 0
125, -2, 1
125, -1, 0
125, -2, 0
125, -1, 0
126, -2, 1
124, -1, 0
125, -1, 0
125, -2, 1
125, -1, 0
124, -1, 0
125, -2, 0
126, -1, 0
125, -2, 1
125, -1, 0
124, -1, 0
126, -1, 0
125, -2, 0
125, -1, 1
125, -1, 0
125, -1, 0
125, -1, 0
125, -1, 1
125, -1, 0
125, -2, 0
129, -1, 0
126, -1, 0
127, -1, 0
124, -1, 1
124, -1, 0
125, -1, 0
126, -1, 0
124, -1, 0
125, -1, 0
124, -1, 1
126, -1, 0
280, -1, 0
220, -1, 0
123, -2, 0
126, -1, 1
125, -1, 0
244, -1, 0
131, -1, 0
125, -1, 0
244, -1, 1
132, -1, 0
243, -1, 0
132, -1, 0
243, -1, 0
250, -1, 0
128, -1, 0
247, -1, 0
252, -1, 1
407, -1, 0
215, -1, 0
381, -1, 0
400, -1, 0
501, -1, 0
499, -1, 0
991, -1, 0
2762, 1, 0
506, 1, 0
492, 1, 0
345, 1, 0
541, 1, 0
216, 1, 0
247, 1, 0
245, 1, 0
413, 1, 0
236, 1, 0
229, 1, -1
248, 1, 0
127, 1, 0
249, 1, 0
126, 1, 0
248, 1, 0
250, 1, 0
127, 1, 0
247, 1, 0
128, 1, -1
125, 1, 0
247, 1, 0
128, 1, 0
125, 1, 0
125, 1, 0
247, 1, 0
128, 1, 0
125, 1, 0
125, 1, 0
125, 1, 0
126, 0, -1
124, 2, 0
249, 2, 0
316, 1, 0
61, 1, 0
125, 1, 0
124, 1, -1
124, 1, 0
125, 2, 0
126, 1, 0
124, 1, 0
125, 1, 0
125, 1, 0
130, 1, 0
121, 1, -1
124, 1, 0
125, 1, 0
125, 2, 0
125, 1, 0
125, 1, 0
125, 1, 0
126, 2, -1
124, 1, 0
125, 1, 0
127, 1, 0
123, 1, 0
126, 2, 0
125, 1, 0
124, 2, -1
125, 1, 0
125, 1, 0
125, 2, 0
126, 1, -1
124, 1, 0
125, 2, 0
125, 1, 0
125, 2, 0
125, 1, 0
125, 1, -1
125, 2, 0
126, 2, 0
125, 1, 0
124, 2, 0
125, 2, -1
126, 1, 0
125, 2, 0
126, 1, 0
123, 1, -1
127, 2, 0
124, 2, 0
127, 2, 0
133, 1, 0
115, 2, -1
124, 2, 0
125, 2, 0
125, 1, 0
125, 2, -1
125, 1, 0
125, 2, 0
125, 2, 0
125, 2, -1
125, 2, 0
125, 1, 0
125, 3, 0
125, 1, -1
125, 2, 0
125, 2, 0
126, 2, -1
127, 2, 0
122, 1, 0
125, 3, 0
126, 1, -1
126, 2, 0
124, 2, 0
124, 2, 0
126, 2, -1
125, 2, 0
125, 2, 0
125, 2, -1
124, 2, 0
126, 2, 0
125, 2, -1
124, 2, 0
125, 2, 0
125, 2, 0
125, 3, -1
125, 1, 0
125, 3, 0
125, 2, -1
126, 2, 0
125, 2, 0
125, 2, -1
124, 3, 0
126, 1, 0
125, 3, -1
124, 2, 0
125, 3, 0
125, 1, -1
125, 3, 0
125, 2, 0
126, 3, -1
124, 2, 0
125, 2, 0
125, 2, -1
126, 2, 0
124, 3, 0
127, 2, -1
123, 3, 0
125, 2, 0
125, 3, -1
125, 2, 0
125, 3, 0
125, 2, -1
125, 2, 0
125, 3, 0
125, 2, -1
125, 3, 0
126, 2, 0
124, 3, -1
125, 2, 0
125, 3, 0
125, 2, -1
125, 3, 0
130, 2, 0
131, 2, -1
118, 3, 0
126, 2, -1
125, 4, 0
125, 2, 0
126, 3, -1
124, 2, 0
126, 3, -1
131, 3, 0
118, 3, 0
125, 2, -1
125, 3, 0
240, 3, 0
264, 2, -1
123, 9, -1
124, 2, 0
128, 4, -1
121, 2, 0
125, 3, -1
125, 3, 0
125, 3, 0
125, 2, -1
125, 3, 0
125, 3, -1
125, 2, 0
122, 4, -1
123, 2, 0
125, 4, 0
125, 2, -1
125, 4, 0
125, 2, -1
125, 4, 0
125, 3, 0
125, 2, -1
125, 4, 0
125, 2, -1
125, 4, 0
125, 2, -1
125, 4, 0
125, 3, 0
125, 3, -1
125, 3, 0
125, 4, -1
126, 2, 0
124, 3, 0
125, 4, -1
125, 2, 0
125, 4, -1
124, 3, -1
125, 4, 0
126, 2, 0
125, 4, -1
125, 3, 0
126, 4, -1
126, 2, 0
123, 3, -1
125, 4, 0
125, 3, -1
126, 4, -1
124, 2, 0
125, 4, -1
130, 3, 0
120, 4, 0
124, 3, -1
126, 4, 0
124, 3, -1
125, 3, 0
125, 4, -1
125, 2, 0
125, 5, -1
125, 3, 0
125, 4, -1
125, 2, 0
125, 5, -1
128, 2, -1
122, 5, 0
125, 3, -1
125, 3, 0
127, 4, -1
141, 3, 0
111, 4, -1
121, 3, 0
125, 4, -1
124, 3, 0
135, 5, -1
119, 2, -1
124, 5, 0
131, 3, -1
124, 4, 0
123, 3, -1
124, 3, 0
123, 5, -1
125, 3, 0
125, 4, -1
125, 3, 0
125, 5, -1
125, 3, -1
125, 4, 0
125, 3, -1
125, 5, 0
125, 3, -1
125, 3, 0
125, 5, -1
125, 3, -1
125, 5, 0
125, 3, -1
125, 4, 0
125, 4, -1
125, 4, -1
125, 3, 0
125, 5, -1
125, 3, 0
126, 4, -1
126, 4, 0
126, 4, -1
123, 4, -1
124, 3, 0
125, 5, -1
125, 3, 0
125, 5, -1
125, 3, -1
125, 5, 0
125, 4, -1
125, 3, 0
125, 5, -1
125, 3, 0
125, 5, -1
125, 3, -1
125, 5, 0
125, 3, -1
125, 5, -1
125, 4, 0
125, 5, -1
125, 3, 0
125, 3, -1
125, 5, -1
125, 4, 0
125, 5, -1
127, 3, 0
123, 5, -1
126, 4, -1
124, 5, 0
125, 3, -1
287, 5, -1
213, 4, 0
123, 12, -2
125, 5, -1
126, 4, 0
128, 5, -1
122, 3, -1
125, 5, 0
124, 4, -1
125, 5, -1
125, 4, 0
126, 3, -1
124, 6, -1
125, 3, 0
125, 5, -1
125, 4, 0
125, 5, -1
125, 4, -1
125, 5, -1
125, 4, 0
126, 5, -1
124, 4, -1
125, 3, 0
125, 6, -1
125, 3, -1
125, 6, 0
125, 3, -1
125, 6, -1
125, 3, 0
125, 6, -1
125, 3, -1
125, 6, -1
125, 3, 0
125, 4, -1
125, 6, -1
125, 3, 0
125, 6, -1
126, 4, -1
124, 5, -1
125, 4, 0
125, 5, -1
125, 4, -1
125, 6, 0
125, 3, -1
125, 6, -1
131, 4, 0
124, 3, -1
134, 6, -1
117, 4, 0
127, 5, -1
122, 4, -1
125, 6, -1
127, 3, 0
125, 6, -1
125, 4, -1
138, 6, 0
130, 3, -1
115, 4, -1
124, 6, -1
129, 4, 0
184, 6, -1
63, 3, -1
121, 6, -1
122, 4, 0
126, 6, -1
125, 4, -1
126, 5, -1
126, 4, 0
122, 4, -1
126, 6, -1
124, 4, 0
125, 6, -1
126, 3, -1
125, 6, -1
124, 4, 0
139, 6, -1
105, 4, -1
124, 6, -1
125, 4, 0
125, 3, -1
125, 6, -1
125, 4, 0
125, 6, -1
125, 4, -1
126, 6, -1
124, 4, 0
124, 6, -1
126, 4, -1
125, 6, -1
126, 4, -1
126, 3, 0
125, 6, -1
124, 4, -1
126, 6, -1
125, 4, 0
125, 6, -1
125, 4, -1
137, 6, -1
113, 4, -1
126, 6, 0
130, 4, -1
123, 4, -1
122, 6, -1
127, 4, 0
124, 6, -1
124, 4, -1
125, 6, -1
125, 4, 0
131, 6, -1
120, 4, -1
122, 6, -1
125, 4, 0
124, 4, -1
126, 7, -1
125, 4, -1
125, 6, -1
127, 4, 0
129, 6, -1
125, 4, -1
122, 6, -1
125, 4, -1
124, 6, 0
127, 4, -1
124, 4, -1
125, 6, -1
125, 5, 0
124, 6, -1
126, 4, -1
123, 6, -1
124, 4, -1
125, 6, -1
316, 4, 0
185, 6, -1
124, 15, -2
127, 4, -1
124, 6, -1
128, 4, -1
121, 6, -1
123, 4, 0
126, 6, -1
124, 5, -1
128, 6, -1
124, 4, -1
124, 6, -1
124, 4, 0
125, 4, -1
125, 6, -1
126, 4, -1
130, 7, -1
121, 4, 0
124, 6, -1
130, 4, -1
121, 6, -1
125, 4, 0
125, 7, -2
126, 4, 0
124, 4, -1
125, 6, -1
125, 4, 0
126, 7, -1
124, 4, -1
125, 6, -1
126, 4, -1
130, 6, -1
124, 5, 0
128, 6, -1
120, 4, -1
126, 4, -1
125, 6, -1
124, 5, 0
127, 6, -1
124, 4, -1
125, 6, -1
125, 4, 0
126, 7, -1
125, 4, -1
127, 6, -1
123, 4, -1
123, 6, -1
126, 5, -1
124, 4, 0
125, 6, -1
125, 4, -1
125, 7, -1
124, 4, -1
125, 6, 0
125, 4, -1
125, 6, -1
128, 5, -1
123, 6, -1
132, 4, 0
114, 4, -1
125, 7, -1
125, 4, -1
124, 6, -1
125, 4, 0
125, 6, -1
125, 4, -1
125, 7, -1
125, 4, -1
125, 6, -1
125, 4, -1
125, 5, 0
125, 6, -1
125, 4, -1
126, 6, -1
124, 4, -1
125, 7, 0
125, 4, -1
125, 6, -1
126, 4, -1
125, 7, -1
124, 4, -1
125, 4, 0
125, 6, -1
126, 5, -1
125, 6, -1
124, 4, -1
126, 6, -1
124, 4, 0
126, 7, -1
125, 4, -1
125, 6, -1
125, 4, -1
126, 5, 0
127, 6, -1
127, 4, -1
122, 6, -1
124, 4, 0
124, 7, -1
149, 4, -1
124, 6, -1
116, 4, -1
116, 6, -1
127, 5, 0
123, 6, -1
128, 4, -1
119, 4, -1
129, 6, -1
130, 4, 0
117, 7, -1
124, 4, -1
124, 6, -1
125, 4, -1
127, 6, -1
124, 4, 0
124, 6, -1
125, 4, -1
125, 5, -1
124, 6, -1
125, 4, -1
125, 6, -1
125, 4, 0
125, 6, -1
125, 4, -1
125, 7, -1
125, 4, -1
127, 6, -1
129, 4, 0
123, 4, -1
124, 6, -1
124, 4, -1
126, 6, -1
236, 4, 0
264, 7, -1
124, 14, -3
126, 6, -1
123, 4, 0
126, 4, -1
124, 7, -1
125, 4, -1
125, 6, -1
125, 4, -1
125, 6, -1
126, 4, 0
124, 6, -1
128, 4, -1
130, 6, -1
120, 4, -1
126, 4, 0
121, 7, -2
126, 4, 0
124, 6, -1
127, 4, -1
125, 6, -1
124, 4, -1
124, 6, -1
125, 4, 0
125, 6, -1
125, 4, -1
124, 4, -1
125, 6, -1
126, 4, 0
125, 6, -1
124, 4, -1
125, 6, -1
126, 4, -1
124, 6, -1
125, 4, 0
126, 6, -1
125, 4, -1
125, 4, -1
126, 6, -1
133, 4, -1
120, 6, -1
127, 4, 0
122, 6, -1
125, 4, -1
125, 6, -1
143, 4, -1
115, 6, -1
129, 4, -1
117, 6, 0
127, 4, -1
127, 4, -1
128, 6, -1
119, 4, -1
124, 5, -1
124, 4, 0
125, 6, -1
124, 4, -1
125, 6, -1
125, 4, -1
129, 6, -1
124, 4, -1
121, 4, 0
130, 6, -1
122, 4, -1
124, 5, -1
127, 4, -1
123, 6, -1
124, 4, 0
125, 6, -1
126, 4, -1
126, 6, -1
133, 3, -1
119, 4, 0
123, 6, -2
127, 4, 0
123, 5, -1
122, 4, -1
125, 6, -1
124, 4, -1
125, 6, -1
124, 3, 0
126, 6, -1
130, 4, -1
123, 4, -1
121, 5, -1
129, 4, 0
123, 6, -1
125, 3, -1
123, 6, -1
125, 4, -1
124, 5, -1
126, 4, 0
132, 6, -1
116, 3, -1
130, 4, -1
125, 6, -1
127, 3, 0
123, 6, -2
126, 4, 0
125, 5, -1
125, 4, -1
123, 6, -1
126, 3, -1
129, 6, -1
116, 3, 0
125, 4, -1
131, 6, -1
124, 3, -1
122, 6, -1
127, 3, 0
124, 6, -1
126, 4, -1
125, 5, -1
123, 4, 0
131, 5, -1
119, 4, -1
123, 5, -1
135, 4, -1
119, 3, 0
126, 6, -1
122, 3, -1
125, 6, -1
126, 3, -1
124, 6, 0
124, 3, -1
153, 6, -1
103, 3, -1
123, 6, -1
122, 3, 0
130, 4, -1
278, 5, -1
219, 4, -1
121, 14, -2
126, 3, -1
128, 5, -1
128, 4, 0
119, 5, -1
133, 3, -1
122, 4, -1
125, 5, -1
123, 4, 0
123, 5, -1
125, 3, -1
125, 5, -1
125, 4, -1
124, 5, -1
123, 3, 0
134, 5, -1
124, 4, -1
120, 3, -1
126, 5, 0
126, 4, -1
124, 5, -1
125, 3, -1
129, 5, -1
121, 3, -1
126, 5, -1
122, 4, 0
127, 5, -1
123, 3, -1
140, 3, 0
115, 5, -1
125, 3, -1
126, 5, -1
123, 3, -1
125, 5, 0
127, 3, -1
129, 5, -1
122, 4, -1
133, 4, -1
125, 4, 0
119, 3, -1
124, 5, -1
124, 3, 0
125, 5, -1
126, 3, -1
123, 5, -1
126, 3, 0
124, 5, -1
126, 3, -1
125, 4, -1
124, 4, -1
124, 3, 0
124, 4, -1
125, 4, -1
126, 4, -1
124, 3, 0
124, 5, -1
122, 3, -1
125, 5, -1
125, 3, 0
125, 5, -1
124, 3, -1
124, 3, -1
130, 4, 0
121, 3, -1
125, 5, -1
125, 3, -1
126, 4, 0
124, 3, -1
126, 5, -1
124, 3, -1
125, 4, 0
149, 3, -1
102, 3, -1
124, 5, -1
125, 3, 0
124, 4, -1
125, 3, -1
125, 5, 0
125, 2, -1
125, 5, -1
125, 3, -1
125, 4, 0
125, 3, -1
125, 3, -1
125, 4, 0
125, 3, -1
125, 4, -1
125, 3, 0
125, 5, -1
125, 2, -1
125, 5, -1
125, 3, 0
125, 4, -1
125, 2, -1
125, 5, 0
125, 3, -1
125, 2, 0
125, 4, -1
127, 3, -1
123, 4, -1
125, 3, 0
125, 4, -1
125, 3, -1
125, 4, 0
125, 3, -1
125, 4, -1
125, 2, 0
125, 3, -1
125, 4, -1
126, 3, 0
125, 4, -1
125, 2, -1
124, 4, -1
125, 3, 0
125, 3, -1
125, 3, -1
125, 4, 0
125, 3, -1
125, 2, 0
125, 4, -1
125, 3, -1
125, 4, 0
125, 2, -1
125, 4, -1
125, 2, 0
126, 4, -1
124, 3, 0
125, 4, -1
125, 2, -1
302, 3, -1
198, 3, 0
125, 9, -2
124, 4, -1
125, 2, 0
126, 4, -1
124, 2, -1
126, 4, 0
124, 2, -1
125, 3, 0
125, 3, -1
125, 3, 0
125, 3, -1
125, 2, -1
125, 4, 0
125, 2, -1
126, 4, -1
124, 2, 0
125, 4, -1
125, 2, -1
126, 3, 0
124, 2, -1
125, 3, 0
125, 3, -1
125, 2, 0
125, 4, -1
125, 2, 0
126, 3, -1
124, 3, -1
125, 3, -1
125, 2, 0
125, 3, -1
125, 3, 0
125, 2, -1
125, 3, 0
125, 2, -1
125, 3, -1
125, 3, 0
125, 3, -1
125, 2, 0
125, 3, -1
129, 2, 0
121, 3, -1
125, 3, -1
125, 2, 0
125, 3, -1
125, 2, 0
130, 3, -1
123, 2, -1
123, 3, 0
125, 2, -1
125, 3, 0
125, 2, -1
125, 3, -1
125, 2, 0
125, 2, 0
125, 3, -1
125, 2, 0
125, 3, -1
137, 2, -1
117, 3, 0
124, 2, -1
127, 3, 0
124, 2, -1
126, 2, -1
124, 2, 0
126, 2, -1
124, 3, 0
124, 2, -1
126, 3, 0
125, 1, -1
125, 3, 0
125, 2, -1
125, 3, 0
127, 2, -1
123, 2, -1
125, 2, 0
125, 3, -1
125, 2, 0
125, 2, 0
124, 2, -1
126, 2, -1
125, 3, 0
125, 1, -1
126, 3, 0
124, 2, -1
125, 2, 0
122, 2, -1
124, 2, -1
125, 2, 0
125, 2, 0
125, 2, -1
125, 2, 0
125, 2, -1
125, 2, 0
124, 2, -1
126, 2, 0
125, 2, -1
125, 2, 0
125, 2, -1
127, 2, 0
123, 1, -1
125, 3, 0
125, 1, -1
125, 3, 0
124, 1, -1
126, 3, 0
124, 1, -1
127, 2, 0
124, 2, -1
125, 2, 0
124, 2, -1
126, 1, 0
125, 2, -1
125, 2, 0
124, 2, -1
126, 2, 0
125, 2, -1
125, 1, 0
125, 2, -1
125, 2, 0
125, 2, -1
126, 1, 0
124, 2, -1
125, 2, 0
125, 1, -1
126, 2, 0
128, 1, -1
122, 2, 0
124, 2, -1
125, 2, 0
125, 1, -1
216, 2, 0
35, 1, -1
125, 2, 0
124, 1, -1
126, 1, 0
124, 2, -1
127, 2, 0
123, 1, -1
125, 2, 0
125, 1, -1
125, 1, 0
125, 2, -1
125, 1, 0
125, 2, -1
125, 1, 0
125, 1, -1
125, 2, 0
125, 1, -1
125, 2, 0
125, 1, 0
125, 1, -1
125, 1, -1
126, 2, 0
124, 1, -1
125, 2, 0
125, 1, 0
125, 1, -1
125, 1, -1
125, 1, 0
125, 2, -1
247, 2, 0
128, 1, -1
125, 1, 0
125, 1, -1
125, 2, 0
125, 1, -1
125, 1, 0
125, 1, -1
125, 1, 0
125, 1, -1
125, 1, 0
125, 1, -1
125, 1, 0
125, 1, -1
125, 1, 0
125, 1, -1
125, 1, 0
127, 1, 0
123, 1, -1
125, 1, 0
125, 1, -1
248, 2, -1
249, 1, -1
128, 1, 0
125, 1, 0
135, 1, -1
119, 1, 0
125, 0, -1
125, 1, 0
125, 1, -1
125, 1, 0
125, 1, -1
244, 1, 0
131, 1, -1
125, 1, 0
125, 0, -1
125, 1, 0
125, 1, 0
126, 0, -1
124, 1, 0
245, 1, -1
130, 1, 0
125, 1, -1
244, 1, -1
252, 1, 0
130, 0, -1
125, 1, 0
244, 1, -1
249, 1, -1
374, 1, -1
250, 1, 0
128, 0, -1
125, 1, 0
247, 0, -1
128, 1, 0
247, 0, -1
128, 1, 0
247, 0, -1
128, 1, 0
248, 0, -1
249, 1, 0
128, 0, -1
410, 0, -1
90, 1, 0
247, 0, -1
411, 0, -1
91, 1, 0
248, 0, -1
375, 0, -1
541, 0, -1
209, 0, -1
729, 0, -1
149, 0, -1
372, 0, -1
412, 0, -1
417, 0, -1
171, -1, 0
250, 0, -1
375, -1, -1
418, 0, -1
208, -1, 0
127, 0, -1
247, -1, 0
128, 0, -1
247, -1, 0
128, 0, -1
247, -1, 0
128, 0, -1
247, -1, 0
128, 0, -1
125, -1, 0
247, 0, -1
128, -1, 0
248, -1, -1
249, -1, 0
128, 0, -1
247, -1, 0
128, 0, -1
125, -1, 0
247, -1, -1
250, -1, -1
128, -1, 0
247, -1, 0
128, 0, -1
125, -1, 0
125, -1, -1
250, -1, 0
140, -1, -1
232, -1, 0
133, 0, -1
125, -1, 0
123, -1, 0
124, 0, -1
125, -1, 0
128, -1, 0
124, 0, -1
142, -1, 0
109, -1, 0
134, 0, -1
117, -1, 0
129, -1, -1
125, -1, 0
251, -1, -1
119, -1, 0
126, -1, -1
245, -1, 0
131, -1, 0
125, -1, -1
129, -1, 0
240, -1, -1
131, -1, 0
123, -1, -1
123, -1, 0
126, -1, 0
248, -1, -1
127, -2, 0
248, -1, -1
125, -1, 0
124, -1, -1
125, -1, 0
126, -1, 0
124, -1, -1
128, -1, 0
123, -1, 0
127, -1, 0
125, -1, -1
124, -1, 0
125, -1, 0
126, -1, -1
123, -1, 0
126, -1, 0
125, -1, -1
124, -1, 0
125, -1, 0
124, -1, -1
126, -1, 0
124, -1, 0
130, -1, 0
122, -1, -1
125, -1, 0
126, -2, 0
124, -1, -1
127, -1, 0
124, -1, 0
125, -2, -1
246, -1, 0
128, -2, -1
124, -1, 0
125, -1, 0
125, -1, 0
341, -2, -1
159, -1, 0
125, -4, -1
125, -1, 0
125, -1, 0
125, -1, -1
125, -2, 0
125, -1, 0
125, -1, -1
125, -2, 0
125, -1, 0
123, -2, 0
125, -1, -1
125, -1, 0
126, -2, 0
124, -1, 0
126, -1, 0
125, -2, -1
125, -1, 0
124, -1, 0
127, -2, -1
122, -1, 0
125, -2, 0
125, -1, -1
124, -2, 0
126, -1, 0
125, -2, 0
125, -1, -1
124, -2, 0
126, -2, 0
125, -1, 0
125, -2, 0
125, -1, -1
125, -2, 0
124, -1, 0
126, -2, 0
125, -1, -1
125, -2, 0
125, -2, 0
125, -1, 0
125, -2, -1
125, -1, 0
125, -2, 0
124, -2, 0
126, -2, 0
125, -1, -1
125, -2, 0
125, -2, 0
125, -1, 0
125, -2, -1
125, -2, 0
125, -2, 0
125, -1, 0
125, -2, 0
125, -2, -1
125, -2, 0
125, -1, 0
125, -3, 0
125, -1, 0
125, -2, 0
125, -2, -1
133, -1, 0
117, -3, 0
127, -1, 0
123, -2, 0
126, -2, -1
124, -2, 0
125, -2, 0
125, -2, 0
125, -2, 0
125, -1, 0
125, -3, 0
125, -1, -1
128, -3, 0
124, -2, 0
124, -2, 0
127, -1, 0
131, -3, 0
120, -2, -1
125, -2, 0
125, -2, 0
126, -1, 0
123, -3, 0
130, -2, 0
121, -2, -1
125, -2, 0
124, -3, 0
126, -1, 0
123, -3, 0
125, -2, 0
124, -2, 0
124, -2, 0
125, -3, -1
124, -2, 0
126, -2, 0
124, -2, 0
126, -2, 0
124, -3, 0
125, -1, 0
126, -3, 0
134, -2, 0
116, -3, 0
124, -2, 0
128, -2, 0
124, -2, 0
124, -2, -1
124, -3, 0
125, -2, 0
126, -3, 0
125, -2, 0
124, -3, 0
125, -2, 0
125, -3, 0
125, -2, 0
126, -1, 0
124, -3, 0
125, -2, 0
126, -3, 0
125, -2, 0
125, -4, 0
125, -1, 0
124, -4, 0
125, -2, 0
125, -3, 0
126, -2, 0
125, -2, 0
124, -3, 0
127, -2, 0
123, -3, 0
125, -2, 0
126, -3, 0
124, -3, 0
229, -3, 0
23, -2, 0
124, -3, 0
124, -2, 0
125, -2, 0
125, -4, 0
125, -2, 0
126, -3, 0
125, -2, 0
131, -4, 0
126, -2, 0
124, -3, 0
125, -2, 0
124, -4, 0
125, -2, 0
125, -2, 0
128, -4, 0
124, -2, 0
127, -3, 0
124, -3, 0
126, -3, 0
122, -3, 0
126, -3, 1
124, -2, 0
125, -4, 0
125, -2, 0
130, -4, 0
123, -2, 0
121, -3, 1
124, -3, 0
125, -3, 0
124, -3, 0
126, -3, 0
124, -3, 0
126, -3, 0
125, -3, 1
125, -3, 0
125, -3, 0
122, -3, 0
124, -2, 0
125, -4, 1
125, -2, 0
125, -4, 0
125, -2, 0
125, -4, 1
125, -3, 0
125, -3, 0
125, -3, 0
131, -4, 0
120, -2, 1
124, -3, 0
125, -3, 0
125, -3, 0
126, -4, 1
124, -3, 0
125, -4, 0
126, -2, 0
124, -4, 1
125, -3, 0
125, -4, 0
125, -2, 0
125, -3, 1
125, -4, 0
125, -3, 0
125, -4, 1
125, -2, 0
125, -4, 0
125, -3, 1
125, -4, 0
128, -3, 0
126, -4, 0
123, -2, 1
123, -3, 0
125, -4, 0
125, -3, 1
126, -4, 0
124, -3, 0
125, -4, 1
125, -3, 0
125, -4, 1
125, -3, 0
125, -4, 1
126, -3, 0
128, -4, 0
124, -3, 1
124, -3, 0
125, -4, 0
132, -3, 1
116, -4, 0
125, -3, 0
124, -5, 1
125, -3, 0
126, -4, 1
124, -3, 0
126, -4, 1
125, -3, 0
126, -3, 0
130, -4, 1
121, -3, 0
125, -5, 1
125, -3, 0
125, -4, 1
129, -3, 0
122, -5, 1
126, -3, 0
123, -4, 1
125, -3, 0
125, -3, 0
124, -5, 1
129, -3, 0
125, -4, 1
124, -3, 0
125, -5, 1
125, -3, 0
126, -5, 1
124, -3, 0
124, -5, 1
125, -3, 0
126, -3, 1
125, -4, 1
125, -4, 0
125, -4, 1
124, -3, 0
125, -5, 1
126, -3, 0
124, -5, 1
125, -3, 1
124, -5, 0
133, -3, 1
120, -3, 0
131, -5, 1
118, -3, 0
124, -5, 1
271, -3, 0
229, -5, 1
123, -12, 2
125, -5, 1
125, -3, 0
126, -3, 1
124, -5, 0
125, -3, 1
126, -5, 1
124, -4, 0
125, -5, 1
127, -3, 0
124, -5, 1
125, -4, 1
125, -5, 1
125, -3, 0
125, -3, 1
125, -5, 0
125, -4, 1
125, -5, 1
125, -3, 0
125, -6, 1
125, -3, 1
125, -5, 0
126, -4, 1
124, -5, 1
124, -3, 0
125, -4, 1
126, -5, 1
124, -3, 0
126, -5, 1
126, -4, 1
128, -5, 1
122, -4, 0
126, -5, 1
124, -3, 1
124, -5, 1
124, -4, 0
126, -3, 1
124, -6, 1
125, -3, 0
125, -6, 1
125, -3, 1
125, -5, 1
126, -4, 0
124, -5, 1
125, -4, 1
126, -5, 1
125, -4, 1
125, -3, 0
125, -6, 1
124, -3, 1
126, -6, 1
124, -3, 0
126, -6, 1
125, -3, 1
124, -6, 1
126, -3, 0
125, -6, 2
124, -3, 0
125, -4, 1
125, -6, 1
125, -3, 0
125, -6, 1
126, -3, 1
124, -6, 1
126, -3, 1
124, -6, 1
125, -4, 0
127, -5, 1
126, -4, 1
124, -6, 1
125, -3, 1
148, -4, 0
105, -5, 1
120, -4, 1
128, -6, 1
123, -4, 1
125, -5, 1
124, -4, 0
125, -6, 1
125, -4, 1
125, -5, 1
125, -4, 1
126, -4, 1
122, -5, 1
125, -4, 0
125, -6, 2
125, -3, 0
126, -6, 1
124, -4, 1
126, -5, 1
124, -4, 1
125, -6, 1
126, -4, 1
125, -4, 0
125, -5, 2
125, -4, 0
125, -6, 1
125, -4, 1
139, -6, 1
111, -3, 1
125, -6, 1
125, -4, 1
124, -6, 1
125, -4, 1
125, -4, 0
125, -5, 1
125, -4, 1
125, -6, 1
125, -4, 1
125, -6, 1
125, -4, 1
125, -6, 1
129, -4, 1
123, -5, 1
125, -4, 1
124, -4, 1
125, -6, 1
125, -4, 0
125, -6, 2
125, -4, 0
125, -6, 2
125, -4, 0
125, -6, 1
125, -4, 1
125, -6, 1
127, -3, 1
124, -6, 1
124, -4, 1
125, -4, 1
311, -6, 1
189, -4, 1
124, -16, 3
125, -4, 1
129, -6, 1
132, -4, 1
127, -6, 1
122, -4, 1
119, -4, 1
125, -6, 1
129, -4, 1
125, -6, 1
123, -4, 1
125, -6, 1
125, -4, 1
125, -6, 1
123, -4, 1
126, -6, 1
125, -4, 0
130, -6, 2
129, -4, 1
117, -4, 0
124, -6, 1
126, -4, 1
127, -6, 2
127, -4, 0
125, -6, 2
125, -4, 0
149, -6, 2
105, -4, 0
121, -7, 2
136, -4, 0
130, -3, 1
102, -7, 2
125, -4, 0
125, -6, 2
125, -4, 0
135, -6, 1
120, -4, 1
124, -6, 1
128, -4, 1
123, -6, 1
124, -5, 1
126, -4, 1
122, -6, 1
125, -4, 1
125, -6, 1
129, -4, 1
122, -6, 1
123, -4, 1
126, -7, 1
125, -3, 1
125, -7, 1
124, -4, 1
127, -6, 1
123, -4, 1
125, -4, 1
126, -6, 1
126, -4, 1
125, -6, 2
122, -4, 0
125, -7, 2
126, -4, 0
125, -6, 2
125, -4, 0
128, -6, 2
123, -4, 0
123, -4, 1
126, -6, 1
124, -5, 1
124, -6, 1
126, -4, 1
127, -6, 2
130, -4, 0
120, -6, 2
124, -4, 1
125, -6, 1
125, -4, 1
130, -6, 1
128, -4, 1
120, -5, 1
126, -6, 1
121, -4, 1
131, -6, 1
120, -4, 1
124, -6, 1
126, -4, 1
124, -6, 1
124, -4, 1
126, -6, 1
122, -5, 1
125, -4, 1
124, -6, 1
125, -4, 1
126, -6, 1
126, -4, 1
124, -6, 1
124, -4, 1
125, -7, 1
126, -4, 1
134, -6, 1
116, -4, 1
125, -4, 1
126, -6, 1
126, -4, 1
124, -6, 1
124, -4, 1
125, -6, 1
125, -5, 1
125, -6, 1
125, -4, 1
125, -6, 1
125, -4, 1
125, -4, 1
125, -6, 1
125, -4, 1
125, -6, 1
125, -4, 1
125, -6, 1
125, -4, 1
125, -7, 1
125, -4, 1
125, -6, 1
124, -4, 1
126, -4, 1
125, -6, 1
125, -4, 1
126, -6, 1
124, -4, 1
125, -6, 1
125, -4, 1
125, -6, 1
230, -4, 1
21, -7, 1
124, -3, 1
124, -4, 0
125, -7, 2
126, -3, 0
126, -6, 2
123, -4, 1
125, -6, 1
126, -4, 0
124, -6, 2
125, -5, 0
125, -6, 2
126, -3, 0
124, -4, 1
126, -6, 1
125, -5, 1
124, -5, 1
129, -5, 1
122, -6, 1
125, -4, 1
125, -5, 1
126, -4, 1
124, -7, 1
124, -3, 1
126, -5, 1
125, -6, 1
125, -3, 1
125, -6, 1
124, -4, 0
126, -6, 2
124, -4, 0
125, -7, 1
125, -3, 1
125, -6, 1
126, -4, 1
125, -4, 1
125, -6, 1
126, -4, 1
124, -6, 1
125, -4, 1
125, -6, 1
124, -3, 1
126, -6, 1
124, -4, 0
125, -6, 1
125, -4, 1
125, -4, 1
131, -6, 1
121, -4, 1
124, -5, 1
125, -5, 1
126, -5, 1
124, -4, 0
126, -6, 2
125, -4, 0
125, -6, 1
127, -4, 1
125, -3, 1
124, -6, 1
123, -4, 1
125, -6, 1
124, -4, 0
125, -5, 1
126, -4, 1
124, -6, 1
125, -4, 1
125, -5, 1
126, -4, 1
124, -4, 1
125, -6, 1
125, -3, 0
125, -6, 1
125, -4, 1
126, -5, 1
126, -4, 1
125, -6, 1
124, -3, 1
125, -6, 1
124, -4, 0
125, -4, 1
125, -5, 1
125, -4, 1
125, -5, 1
126, -4, 1
125, -6, 1
124, -3, 0
125, -6, 1
125, -4, 1
126, -5, 1
126, -4, 1
125, -3, 0
124, -6, 1
125, -4, 1
126, -5, 1
124, -4, 1
134, -5, 1
119, -4, 0
126, -5, 1
124, -4, 1
130, -5, 1
121, -4, 1
126, -4, 0
123, -5, 1
126, -4, 1
130, -5, 1
124, -4, 1
123, -5, 1
123, -4, 0
126, -5, 1
124, -4, 1
125, -5, 1
126, -4, 0
139, -3, 1
110, -5, 1
126, -4, 1
124, -5, 1
124, -4, 0
126, -5, 1
125, -4, 1
125, -5, 1
125, -3, 0
126, -6, 1
124, -3, 1
125, -4, 0
133, -5, 1
113, -3, 1
125, -6, 1
129, -3, 1
121, -5, 1
124, -4, 0
126, -5, 1
125, -3, 1
274, -5, 1
227, -4, 0
124, -12, 2
125, -5, 1
126, -3, 1
124, -5, 1
126, -4, 1
125, -5, 1
125, -3, 0
125, -5, 1
124, -4, 1
125, -3, 0
125, -5, 1
125, -3, 1
125, -5, 1
125, -4, 0
125, -5, 1
125, -3, 1
126, -5, 0
124, -4, 1
125, -4, 1
125, -4, 1
125, -3, 0
124, -5, 1
125, -3, 1
126, -5, 0
124, -3, 1
126, -5, 1
125, -3, 1
125, -5, 0
125, -3, 1
124, -5, 1
126, -3, 0
125, -4, 1
125, -4, 1
127, -4, 0
125, -4, 1
128, -4, 1
121, -4, 1
126, -4, 0
125, -4, 1
124, -4, 0
126, -4, 1
125, -3, 1
124, -4, 0
128, -4, 1
122, -3, 1
126, -5, 1
122, -3, 0
125, -5, 1
125, -3, 0
125, -5, 1
125, -3, 1
125, -4, 1
125, -3, 0
125, -3, 1
125, -5, 1
126, -3, 0
133, -5, 1
118, -3, 1
126, -4, 1
127, -3, 0
127, -5, 1
122, -3, 0
125, -4, 1
122, -3, 1
125, -3, 0
125, -5, 1
128, -3, 0
121, -4, 1
125, -3, 1
125, -4, 1
125, -3, 0
134, -5, 1
116, -2, 0
125, -5, 1
125, -3, 1
125, -3, 0
126, -4, 1
124, -3, 0
125, -4, 1
125, -3, 1
125, -4, 1
125, -3, 0
125, -4, 1
125, -3, 0
126, -4, 1
135, -3, 1
121, -3, 0
126, -4, 1
122, -3, 1
127, -4, 0
123, -3, 1
125, -4, 0
127, -2, 1
126, -5, 1
124, -2, 0
124, -5, 1
124, -2, 0
125, -3, 1
127, -4, 1
126, -3, 0
122, -4, 1
125, -3, 0
126, -4, 1
124, -2, 0
126, -4, 1
125, -3, 0
125, -4, 1
126, -2, 1
124, -3, 0
125, -4, 1
126, -3, 0
124, -3, 1
124, -3, 1
150, -4, 0
101, -2, 1
121, -4, 0
123, -3, 1
125, -3, 1
128, -3, 0
123, -2, 0
124, -4, 1
125, -3, 1
126, -3, 0
124, -3, 0
125, -3, 1
126, -3, 1
125, -4, 0
124, -2, 1
125, -4, 0
300, -2, 1
202, -2, 0
124, -10, 2
125, -2, 0
124, -4, 1
125, -2, 0
126, -3, 1
124, -3, 0
125, -3, 1
126, -3, 0
127, -2, 1
124, -3, 0
123, -3, 1
130, -3, 0
121, -2, 1
125, -4, 0
125, -2, 1
133, -3, 0
122, -2, 0
127, -3, 1
127, -3, 0
116, -2, 1
124, -3, 0
126, -2, 1
124, -3, 0
125, -3, 1
125, -3, 0
126, -2, 1
125, -3, 0
124, -2, 1
133, -3, 0
122, -2, 1
125, -2, 0
124, -3, 0
126, -3, 1
124, -3, 0
126, -2, 1
125, -2, 0
124, -3, 1
127, -2, 0
125, -2, 0
124, -3, 1
127, -2, 0
123, -2, 1
126, -3, 0
124, -2, 0
125, -3, 1
126, -2, 0
124, -2, 1
128, -2, 0
124, -3, 1
124, -2, 0
123, -2, 0
125, -2, 0
126, -2, 1
124, -3, 0
125, -2, 1
125, -2, 0
123, -2, 0
123, -2, 1
125, -2, 0
124, -3, 0
126, -1, 1
125, -3, 0
125, -2, 0
125, -1, 1
124, -3, 0
126, -1, 0
125, -3, 1
126, -2, 0
124, -2, 0
135, -1, 1
125, -3, 0
130, -1, 0
128, -3, 1
124, -1, 0
117, -2, 0
124, -2, 0
121, -2, 1
132, -2, 0
118, -1, 0
125, -3, 1
122, -1, 0
125, -2, 0
124, -2, 0
125, -2, 1
125, -1, 0
125, -2, 0
126, -2, 1
126, -1, 0
123, -2, 0
126, -2, 0
124, -1, 1
125, -2, 0
125, -2, 0
125, -1, 0
126, -2, 1
124, -1, 0
125, -1, 0
126, -2, 0
147, -2, 1
105, -1, 0
123, -2, 0
125, -1, 0
127, -2, 0
124, -1, 1
124, -1, 0
125, -2, 0
127, -1, 0
124, -1, 1
130, -2, 0
119, -1, 0
125, -2, 0
124, -1, 0
125, -1, 0
126, -1, 1
126, -2, 0
124, -1, 0
125, -1, 0
125, -1, 0
125, -1, 0
125, -2, 1
124, -1, 0
125, -1, 0
125, -1, 0
125, -1, 0
125, -1, 0
126, -2, 1
248, -2, 0
126, -1, 0
349, -2, 0
26, -1, 0
249, -1, 1
126, -2, 0
248, -1, 0
127, -1, 0
125, -1, 0
126, -1, 0
247, -1, 0
134, -1, 0
120, -1, 0
125, -1, 0
123, -1, 1
249, -1, 0
127, -1, 0
251, -1, 0
247, -1, 0
130, -1, 0
125, -1, 0
244, -1, 0
251, -1, 0
249, -1, 0
250, -1, 0
131, 0, 1
244, -1, 0
250, -1, 0
375, -1, 0
410, -1, 0
340, -1, 0
625, -1, 0
1038, -1, 0
2841, 1, 0
130, 0, -1
649, 1, 0
375, 1, 0
474, 1, 0
499, 1, 0
252, 1, 0
249, 1, 0
247, 0, -1
123, 1, 0
249, 1, 0
249, 1, 0
250, 1, 0
249, 1, 0
251, 1, 0
251, 1, 0
250, 1, -1
127, 1, 0
248, 1, 0
253, 1, 0
137, 1, 0
116, 1, 0
247, 1, 0
126, 1, -1
247, 1, 0
270, 1, 0
233, 1, 0
124, 2, 0
124, 1, 0
125, 1, -1
126, 1, 0
127, 1, 0
245, 1, 0
127, 1, 0
125, 1, 0
125, 1, 0
126, 1, -1
124, 1, 0
126, 1, 0
125, 1, 0
126, 1, 0
125, 1, 0
124, 1, 0
125, 1, -1
125, 1, 0
129, 1, 0
121, 1, 0
124, 2, 0
249, 2, -1
126, 1, 0
125, 1, 0
125, 1, 0
125, 1, 0
126, 2, 0
124, 1, -1
125, 1, 0
125, 1, 0
125, 2, 0
126, 1, 0
130, 1, -1
133, 1, 0
126, 2, 0
131, 1, 0
121, 1, 0
115, 2, -1
123, 1, 0
125, 1, 0
125, 1, 0
126, 2, 0
124, 1, -1
126, 2, 0
126, 1, 0
124, 2, 0
124, 1, -1
125, 1, 0
126, 2, 0
126, 1, 0
124, 2, -1
125, 1, 0
125, 2, 0
124, 2, 0
126, 1, 0
125, 2, -1
124, 2, 0
126, 1, 0
124, 1, 0
124, 2, -1
123, 2, 0
128, 2, 0
120, 1, 0
125, 2, -1
126, 1, 0
125, 2, -1
125, 2, 0
125, 2, 0
127, 1, 0
134, 2, 0
118, 2, -1
123, 1, 0
128, 2, 0
124, 2, 0
125, 2, -1
122, 1, 0
128, 3, -1
126, 1, 0
134, 3, 0
127, 1, 0
111, 2, -1
136, 2, 0
125, 1, 0
116, 3, -1
127, 1, 0
122, 3, 0
125, 1, 0
127, 3, -1
123, 1, 0
126, 3, -1
122, 2, 0
125, 1, 0
125, 3, 0
125, 1, -1
125, 3, 0
125, 2, 0
126, 2, -1
125, 2, 0
125, 2, 0
125, 2, -1
126, 3, 0
124, 2, 0
124, 1, -1
123, 3, 0
125, 2, 0
125, 2, -1
126, 2, 0
124, 3, -1
125, 2, 0
125, 3, 0
126, 1, -1
124, 3, 0
127, 2, 0
126, 2, -1
124, 3, 0
125, 2, 0
125, 3, -1
126, 1, 0
124, 3, -1
125, 2, 0
125, 3, 0
125, 2, -1
126, 3, 0
125, 2, 0
126, 2, -1
124, 3, 0
124, 2, -1
304, 3, 0
196, 2, 0
123, 8, -2
125, 2, 0
125, 3, -1
126, 2, 0
124, 2, 0
125, 3, -1
129, 2, 0
122, 3, -1
122, 2, 0
125, 4, 0
125, 2, -1
125, 3, 0
125, 2, 0
125, 3, -1
125, 3, 0
125, 2, -1
125, 3, 0
125, 2, -1
134, 3, 0
127, 3, -1
123, 3, 0
125, 2, 0
125, 4, -1
125, 2, 0
125, 3, -1
125, 3, 0
124, 2, -1
125, 3, 0
125, 3, -1
125, 3, 0
125, 2, 0
125, 4, -1
125, 2, 0
125, 4, -1
125, 2, 0
126, 4, -1
124, 2, 0
125, 2, -1
124, 4, 0
126, 3, 0
125, 3, -1
125, 3, 0
124, 3, -1
126, 3, 0
125, 3, -1
125, 3, 0
122, 4, -1
123, 2, 0
125, 3, -1
124, 3, 0
125, 3, -1
125, 4, 0
125, 2, -1
125, 4, 0
125, 3, -1
125, 4, 0
125, 2, -1
125, 4, 0
125, 2, -1
125, 3, 0
126, 4, -1
124, 3, 0
125, 3, -1
125, 3, 0
125, 4, -1
125, 2, 0
125, 5, -1
128, 2, 0
125, 4, -1
124, 3, 0
125, 3, 0
124, 4, -1
126, 2, -1
126, 4, 0
125, 3, -1
128, 4, 0
143, 3, -1
109, 4, 0
127, 3, -1
124, 4, 0
121, 3, -1
123, 3, 0
123, 4, -1
126, 3, 0
125, 4, -1
125, 3, -1
126, 4, 0
125, 3, -1
131, 4, 0
135, 3, -1
107, 4, 0
128, 3, -1
137, 3, 0
112, 4, -1
130, 3, -1
118, 5, 0
126, 3, -1
125, 4, 0
130, 3, -1
120, 4, -1
125, 3, 0
125, 5, -1
124, 3, 0
126, 3, -1
124, 4, 0
125, 3, -1
125, 5, -1
125, 3, 0
125, 4, -1
126, 3, 0
125, 5, -1
125, 3, 0
124, 5, -1
125, 3, -1
125, 3, 0
126, 4, -1
125, 3, 0
124, 5, -1
125, 3, -1
126, 5, 0
124, 3, -1
125, 5, 0
126, 3, -1
125, 5, -1
125, 3, 0
126, 4, -1
123, 4, 0
125, 3, -1
126, 4, -1
125, 4, 0
240, 4, -1
261, 4, 0
124, 12, -2
125, 4, -1
124, 5, 0
126, 3, -1
124, 3, -1
125, 5, 0
125, 3, -1
125, 5, -1
125, 4, 0
125, 5, -1
125, 3, -1
125, 5, 0
125, 3, -1
125, 5, -1
125, 4, 0
125, 3, 0
125, 5, -1
125, 3, -1
126, 5, -1
125, 4, 0
125, 5, -1
124, 3, 0
125, 5, -1
126, 4, -1
124, 5, -1
125, 3, 0
125, 4, -1
126, 5, 0
124, 3, -1
127, 6, -1
123, 3, 0
125, 5, -1
125, 4, -1
126, 5, 0
124, 3, -1
125, 6, -1
125, 3, 0
124, 3, -1
126, 6, -1
125, 3, 0
125, 5, -1
125, 4, -1
125, 5, 0
126, 4, -1
132, 5, -1
116, 3, 0
125, 6, -1
125, 4, -1
127, 3, 0
125, 5, -1
133, 4, -1
121, 5, 0
131, 4, -1
125, 5, -1
121, 4, 0
121, 5, -1
125, 4, -1
125, 5, -1
125, 4, 0
125, 4, -1
124, 5, -1
126, 4, 0
125, 5, -1
125, 4, -1
126, 5, -1
135, 4, 0
114, 6, -1
125, 3, 0
126, 4, -1
129, 5, -1
121, 4, -1
126, 6, 0
124, 4, -1
125, 5, -1
124, 4, -1
125, 5, 0
129, 4, -1
123, 6, -1
163, 3, 0
83, 4, -1
123, 6, -1
126, 3, -1
125, 6, 0
124, 4, -1
126, 5, -1
124, 4, 0
125, 6, -1
125, 4, -1
126, 5, -1
124, 4, -1
126, 4, 0
124, 6, -1
125, 3, 0
126, 6, -1
128, 4, -1
123, 6, -1
124, 3, 0
125, 6, -1
126, 4, -1
123, 6, -1
126, 4, 0
124, 4, -1
128, 5, -1
132, 4, 0
119, 6, -1
122, 3, -1
126, 6, -1
128, 4, -1
141, 6, -1
111, 4, 0
134, 6, -1
120, 4, -1
116, 3, 0
127, 6, -1
123, 4, -1
127, 6, -1
123, 4, 0
125, 6, -1
125, 4, -1
123, 6, -1
125, 4, -1
125, 6, 0
125, 3, -1
125, 4, -1
130, 6, -1
120, 4, 0
125, 6, -1
125, 4, -1
125, 6, -1
295, 4, 0
208, 6, -1
123, 14, -2
124, 4, -1
125, 6, -1
125, 4, -1
125, 6, -1
125, 4, 0
125, 5, -1
131, 4, -1
121, 6, -1
123, 4, 0
125, 6, -1
125, 4, -1
125, 4, -1
124, 6, 0
126, 4, -1
125, 6, -1
124, 4, -1
125, 6, -1
127, 4, 0
127, 6, -1
122, 4, -1
124, 6, -1
125, 4, 0
126, 4, -1
124, 6, -1
125, 4, -1
126, 7, -1
124, 4, 0
127, 5, -1
124, 5, -1
125, 6, -1
124, 4, 0
126, 6, -1
125, 4, -1
126, 4, 0
124, 6, -1
125, 4, -1
125, 6, -1
125, 4, -1
125, 6, -1
125, 4, 0
125, 6, -1
125, 4, -1
125, 4, -1
125, 6, 0
126, 4, -1
124, 6, -1
125, 4, -1
125, 6, -1
138, 4, 0
117, 7, -1
124, 4, -1
125, 6, -1
125, 4, 0
125, 4, -1
125, 6, -1
125, 4, -1
125, 6, -1
125, 4, 0
125, 6, -1
125, 4, -1
124, 6, -1
126, 4, -1
125, 7, -1
124, 3, 0
126, 7, -1
125, 4, -1
124, 4, 0
125, 6, -1
126, 4, -1
125, 6, -1
126, 4, -1
124, 6, -1
125, 4, 0
125, 6, -1
125, 4, -1
135, 6, -1
111, 4, -1
126, 5, 0
126, 6, -1
123, 4, -1
125, 6, -1
126, 4, -1
126, 6, 0
128, 4, -1
120, 6, -1
137, 4, -1
123, 4, 0
115, 6, -1
126, 5, -1
125, 6, -1
124, 4, -1
127, 6, -1
125, 4, 0
125, 6, -1
124, 4, -1
125, 6, -1
125, 4, -1
138, 6, -1
111, 4, 0
125, 4, -1
126, 7, -1
125, 4, 0
124, 6, -1
123, 4, -1
125, 6, -1
125, 4, -1
125, 6, -1
125, 4, 0
125, 6, -1
125, 4, -1
125, 4, 0
126, 6, -1
124, 4, -1
126, 6, -1
124, 4, -1
130, 7, -1
123, 4, 0
122, 6, -1
125, 4, -1
125, 6, -1
125, 4, 0
128, 4, -1
122, 6, -1
125, 4, -1
127, 6, -1
123, 4, 0
125, 6, -1
124, 4, -1
309, 6, -1
193, 4, 0
124, 14, -3
125, 6, -1
125, 4, 0
125, 6, -1
125, 4, -1
125, 7, -1
124, 3, 0
125, 7, -1
126, 4, -1
124, 6, -1
126, 4, 0
124, 4, -1
125, 6, -1
125, 4, -1
125, 6, 0
126, 4, -1
124, 6, -1
125, 4, -1
128, 6, 0
123, 4, -1
124, 6, -1
125, 4, -1
125, 4, 0
126, 6, -1
130, 4, -1
130, 6, -1
119, 4, 0
124, 5, -1
125, 5, -1
125, 5, -1
125, 5, -1
125, 5, -1
125, 4, 0
126, 4, -1
124, 6, -1
125, 4, 0
126, 6, -1
124, 4, -1
125, 6, -1
125, 4, -1
125, 6, -1
125, 4, 0
126, 6, -1
124, 4, -1
126, 4, 0
126, 6, -1
124, 4, -1
124, 6, -1
126, 4, 0
124, 6, -1
125, 3, -1
125, 6, -1
126, 4, -1
120, 7, -1
125, 3, 0
125, 4, -1
126, 6, -1
124, 4, -1
125, 6, 0
125, 4, -1
127, 6, -1
125, 4, -1
124, 6, 0
125, 4, -1
124, 5, -1
125, 4, -1
126, 4, 0
125, 6, -1
124, 4, -1
126, 6, -1
124, 4, 0
125, 6, -1
127, 4, -1
123, 5, -1
125, 4, 0
126, 6, -1
124, 4, -1
125, 4, -1
126, 6, -1
124, 4, 0
126, 5, -1
126, 4, -1
124, 6, 0
125, 4, -1
125, 6, -1
128, 4, -1
127, 5, -1
123, 4, 0
123, 6, -1
126, 4, -1
123, 4, 0
128, 5, -1
122, 4, -1
125, 6, -1
125, 4, 0
126, 6, -1
123, 4, -1
126, 5, -1
128, 4, -1
122, 6, 0
126, 4, -1
125, 4, -1
125, 5, 0
128, 4, -1
124, 6, -1
122, 4, -1
125, 5, -1
125, 4, 0
124, 6, -1
126, 4, -1
125, 5, 0
125, 4, -1
125, 4, -1
125, 5, -1
125, 4, 0
126, 6, -1
128, 4, -1
121, 6, -1
125, 3, 0
125, 6, -1
125, 3, -1
125, 6, 0
124, 4, -1
125, 3, -1
126, 6, -1
125, 4, 0
125, 5, -1
125, 4, -1
125, 6, -1
124, 4, 0
218, 5, -1
33, 4, -1
126, 5, -1
123, 4, 0
126, 5, -1
125, 4, -1
125, 4, 0
125, 5, -1
124, 4, -1
126, 5, -1
124, 4, 0
126, 5, -1
125, 4, -1
125, 6, -1
124, 3, 0
125, 6, -1
126, 3, -1
125, 4, -1
124, 6, 0
127, 3, -1
125, 6, -1
125, 3, -1
127, 6, 0
124, 3, -1
127, 6, -1
122, 3, 0
124, 6, -1
124, 3, -1
126, 4, 0
124, 5, -1
125, 4, -1
125, 5, -1
125, 4, 0
125, 5, -1
140, 4, -1
114, 5, -1
132, 4, 0
119, 5, -1
124, 3, -1
125, 4, -1
126, 5, -1
124, 4, 0
125, 5, -1
125, 4, -1
125, 5, -1
125, 4, 0
125, 5, -1
125, 3, -1
128, 5, -1
122, 4, 0
125, 3, -1
125, 6, -1
125, 3, 0
127, 5, -1
123, 4, -1
125, 5, -1
125, 4, 0
125, 5, -1
125, 3, -1
125, 5, -1
125, 4, 0
145, 3, -1
101, 6, -1
125, 3, 0
125, 5, -1
125, 3, -1
125, 6, -1
125, 3, 0
125, 5, -1
125, 4, -1
125, 5, -1
125, 3, 0
125, 3, -1
125, 6, -1
125, 3, 0
126, 5, -1
124, 3, -1
125, 5, -1
125, 4, 0
125, 5, -1
125, 3, -1
125, 5, 0
125, 3, -1
127, 4, -1
123, 4, 0
126, 4, -1
125, 5, -1
131, 3, 0
122, 5, -1
124, 3, -1
125, 5, -1
126, 4, 0
124, 4, -1
125, 4, -1
125, 3, -1
125, 5, 0
126, 3, -1
125, 5, -1
124, 3, 0
125, 5, -1
125, 3, -1
125, 5, -1
125, 3, 0
125, 5, -1
125, 4, -1
126, 3, 0
126, 5, -1
124, 3, -1
125, 5, -1
126, 3, 0
155, 4, -1
103, 4, 0
116, 4, -1
136, 4, -1
117, 4, -1
124, 3, 0
131, 3, -1
118, 5, -1
124, 3, 0
125, 5, -1
124, 3, -1
124, 5, -1
134, 3, 0
124, 4, -1
119, 4, -1
126, 3, 0
123, 4, -1
129, 4, -1
145, 4, -1
102, 3, 0
128, 5, -1
125, 3, -1
121, 4, -1
275, 3, 0
225, 5, -1
123, 10, -2
124, 4, 0
127, 4, -1
124, 3, -1
124, 5, -1
125, 3, 0
125, 4, -1
125, 3, -1
125, 5, -1
125, 3, 0
125, 4, -1
125, 3, 0
125, 3, -1
125, 4, -1
125, 3, 0
125, 5, -1
125, 3, -1
125, 4, -1
126, 3, 0
125, 4, -1
124, 3, -1
125, 4, 0
125, 3, -1
125, 3, -1
125, 4, 0
125, 3, -1
125, 5, -1
125, 2, 0
125, 5, -1
125, 2, -1
125, 5, 0
125, 2, -1
130, 5, -1
125, 2, 0
126, 3, -1
124, 4, 0
125, 3, -1
127, 5, -1
125, 2, -1
123, 5, 0
126, 2, -1
127, 4, -1
133, 3, 0
116, 4, -1
125, 3, -1
126, 3, 0
124, 4, -1
125, 3, -1
127, 4, 0
124, 2, -1
126, 5, -1
121, 2, 0
126, 4, -1
126, 3, -1
126, 4, 0
123, 2, -1
134, 3, 0
120, 4, -1
133, 3, -1
119, 4, -1
124, 2, 0
119, 4, -1
122, 3, 0
125, 4, -1
125, 2, -1
125, 4, 0
125, 3, -1
125, 4, -1
125, 2, 0
126, 3, -1
124, 4, -1
146, 2, 0
106, 4, -1
124, 3, -1
128, 3, 0
124, 3, -1
123, 4, -1
125, 2, 0
125, 4, -1
125, 2, -1
124, 3, 0
125, 4, -1
128, 2, 0
124, 4, -1
123, 2, -1
125, 4, 0
125, 3, -1
125, 3, -1
125, 3, 0
125, 3, -1
125, 3, -1
125, 2, 0
125, 4, -1
125, 2, -1
125, 4, 0
125, 2, -1
125, 4, -1
125, 2, 0
125, 4, -1
126, 2, 0
124, 4, -1
125, 2, -1
125, 2, 0
125, 4, -1
125, 2, -1
125, 4, 0
125, 2, -1
125, 3, -1
125, 3, 0
125, 3, -1
125, 2, -1
125, 4, 0
125, 2, -1
125, 3, -1
125, 2, 0
125, 3, -1
125, 3, 0
127, 2, -1
123, 4, -1
126, 2, 0
124, 3, -1
125, 2, -1
125, 3, -1
125, 3, 0
125, 3, -1
126, 2, 0
124, 2, -1
125, 4, -1
125, 2, 0
307, 3, -1
195, 2, -1
123, 8, -2
125, 2, 0
125, 3, -1
126, 3, 0
124, 2, -1
125, 3, -1
125, 2, 0
125, 3, -1
125, 2, 0
125, 3, -1
127, 2, -1
123, 3, -1
125, 2, 0
125, 3, -1
125, 2, 0
125, 2, -1
125, 3, 0
125, 2, -1
128, 3, -1
122, 2, 0
125, 3, -1
125, 2, -1
125, 3, 0
125, 2, -1
125, 3, -1
125, 2, 0
125, 3, -1
125, 2, 0
125, 1, -1
125, 3, -1
125, 2, 0
125, 3, -1
125, 2, 0
125, 2, -1
125, 2, -1
125, 3, 0
125, 2, -1
125, 3, -1
125, 1, 0
125, 2, -1
125, 3, -1
125, 2, 0
125, 2, -1
126, 2, -1
125, 3, 0
124, 1, -1
126, 3, -1
124, 2, 0
125, 2, -1
125, 2, 0
125, 2, -1
125, 2, -1
125, 2, -1
125, 2, 0
126, 2, -1
124, 3, 0
125, 1, -1
125, 3, -1
125, 1, 0
125, 3, -1
125, 1, -1
124, 2, 0
125, 2, -1
126, 2, 0
124, 2, -1
125, 2, -1
126, 2, -1
125, 1, 0
125, 3, -1
125, 1, 0
125, 3, -1
125, 1, -1
125, 2, 0
125, 2, -1
124, 1, -1
126, 2, 0
126, 2, -1
126, 2, -1
124, 2, 0
125, 2, -1
124, 1, -1
129, 2, 0
125, 2, -1
125, 1, 0
125, 2, -1
125, 2, 0
125, 2, -1
125, 1, -1
125, 2, -1
125, 2, 0
125, 1, -1
126, 2, 0
123, 2, -1
126, 1, 0
125, 2, -1
125, 2, -1
125, 1, 0
125, 2, -1
128, 1, 0
122, 2, -1
125, 1, -1
131, 2, -1
120, 1, 0
125, 2, -1
127, 1, 0
130, 1, -1
119, 2, -1
127, 1, 0
124, 2, -1
120, 1, 0
126, 2, -1
122, 1, 0
125, 2, -1
125, 1, -1
125, 1, 0
125, 2, -1
125, 1, -1
125, 1, 0
125, 1, -1
125, 2, 0
125, 1, -1
125, 2, 0
126, 1, -1
125, 1, -1
124, 1, 0
127, 2, -1
124, 1, 0
124, 1, -1
127, 1, -1
127, 1, 0
221, 2, 0
27, 1, -1
124, 1, -1
124, 1, 0
125, 1, -1
124, 2, 0
125, 1, -1
126, 1, 0
125, 1, -1
125, 1, 0
125, 1, -1
125, 1, 0
124, 1, -1
125, 1, -1
125, 1, 0
126, 1, -1
124, 1, 0
126, 1, -1
134, 1, 0
121, 1, -1
124, 1, 0
125, 1, -1
127, 1, 0
123, 1, -1
125, 1, 0
127, 1, -1
125, 1, -1
245, 1, -1
130, 1, 0
125, 1, -1
126, 1, 0
124, 1, -1
243, 1, -1
130, 1, 0
126, 1, -1
125, 1, 0
126, 0, -1
126, 1, 0
122, 1, -1
245, 1, -1
131, 1, 0
125, 1, -1
244, 1, -1
263, 1, -1
114, 1, 0
126, 0, -1
128, 1, 0
119, 1, -1
251, 1, -1
248, 1, -1
248, 1, -1
250, 1, -1
250, 1, -1
250, 0, -1
128, 1, 0
125, 0, -1
125, 1, 0
126, 0, -1
124, 1, 0
125, 0, -1
248, 1, -1
249, 0, -1
129, 1, 0
247, 0, -1
128, 1, 0
125, 0, -1
246, 0, -1
128, 1, 0
125, 0, -1
247, 0, -1
250, 1, -1
376, 0, -1
249, 0, -1
128, 1, 0
126, 0, -1
247, 0, -1
250, 0, -1
474, 0, -1
151, 0, -1
250, 0, -1
251, 0, -1
376, 0, -1
247, 0, -1
250, 0, -1
382, 0, -1
244, 0, -1
249, 0, -1
128, -1, 0
125, 0, -1
404, 0, -1
224, -1, -1
253, 0, -1
118, -1, 0
393, 0, -1
233, -1, -1
246, -1, -1
250, 0, -1
128, -1, 0
124, 0, -1
248, -1, -1
400, -1, -1
225, -1, -1
249, -1, 0
128, 0, -1
125, -1, 0
137, 0, -1
118, -1, 0
244, -1, -1
250, -1, -1
250, -1, 0
130, -1, -1
244, -1, -1
250, -1, -1
132, -1, 0
244, -1, -1
249, -1, -1
132, -1, 0
244, -1, -1
130, -1, 0
125, 0, -1
125, -1, 0
126, -1, 0
125, 0, -1
124, -1, 0
139, -1, -1
109, -1, 0
123, 0, -1
125, -1, 0
125, -1, 0
125, -1, -1
248, -1, -1
127, -1, 0
125, -1, 0
125, -1, -1
247, -1, -1
128, -1, 0
125, -1, 0
125, -1, -1
125, -1, 0
248, -2, -1
249, -1, -1
128, -1, 0
125, -1, 0
125, -1, -1
125, -1, 0
125, -1, -1
125, -1, 0
127, -1, 0
126, -1, -1
122, -1, 0
125, -1, 0
125, -1, -1
125, -1, 0
125, -1, -1
125, -1, 0
125, -1, 0
126, -1, -1
124, -1, 0
125, -1, -1
125, -1, 0
125, -1, 0
125, -1, 0
125, -1, -1
125, -1, 0
125, -1, -1
125, -2, 0
247, -2, -1
128, -1, 0
125, -1, 0
125, -1, -1
125, -2, 0
126, -1, 0
125, -1, -1
124, -1, 0
125, -1, 0
125, -2, -1
125, -1, 0
125, -1, -1
125, -1, 0
125, -2, 0
125, -1, 0
125, -1, -1
125, -1, 0
125, -2, -1
125, -1, 0
125, -1, 0
125, -2, 0
125, -1, -1
126, -2, 0
124, -1, 0
125, -2, -1
125, -1, 0
125, -1, 0
125, -1, 0
126, -2, -1
124, -1, 0
125, -2, 0
125, -1, -1
125, -1, 0
125, -2, 0
125, -1, 0
125, -2, -1
125, -1, 0
125, -2, 0
288, -1, -1
214, -2, 0
124, -4, -1
132, -2, 0
122, -2, 0
125, -1, 0
124, -2, -1
124, -1, 0
125, -2, 0
124, -1, 0
125, -2, -1
126, -2, 0
124, -2, 0
125, -1, -1
125, -1, 0
125, -2, 0
126, -2, 0
124, -2, 0
126, -1, -1
124, -2, 0
128, -1, 0
123, -3, 0
125, -1, 0
124, -2, -1
139, -2, 0
116, -1, 0
130, -2, 0
119, -1, -1
126, -3, 0
143, -1, 0
107, -2, 0
125, -2, 0
124, -2, -1
126, -2, 0
125, -2, 0
124, -1, 0
125, -2, 0
126, -2, -1
125, -2, 0
125, -2, 0
125, -2, 0
124, -2, 0
126, -1, 0
125, -3, -1
125, -1, 0
124, -3, 0
126, -1, 0
125, -2, 0
125, -2, -1
125, -2, 0
125, -3, 0
125, -1, 0
121, -3, 0
124, -1, 0
125, -3, 0
125, -2, -1
125, -2, 0
125, -2, 0
125, -2, 0
125, -2, 0
125, -2, 0
125, -3, 0
125, -1, 0
125, -3, -1
125, -2, 0
125, -2, 0
125, -2, 0
125, -3, 0
125, -2, 0
125, -1, 0
125, -3, 0
125, -2, 0
125, -3, 0
125, -2, -1
126, -2, 0
124, -2, 0
125, -3, 0
125, -2, 0
125, -3, 0
125, -1, 0
125, -2, 0
125, -3, 0
124, -2, 0
126, -3, 0
125, -2, 0
125, -3, 0
125, -2, 0
125, -3, 0
125, -2, -1
125, -3, 0
125, -2, 0
125, -2, 0
125, -3, 0
124, -2, 0
126, -3, 0
125, -2, 0
125, -3, 0
125, -2, 0
125, -3, 0
125, -2, 0
127, -3, 0
124, -2, 0
147, -2, 0
102, -4, 0
125, -2, 0
124, -3, 0
126, -2, 0
126, -3, 0
124, -2, 0
125, -4, 0
124, -2, 0
126, -3, 0
125, -3, 0
124, -2, 0
125, -3, 0
125, -2, 0
126, -4, 0
125, -2, 0
125, -3, 0
124, -2, 0
126, -4, 0
125, -2, 0
125, -4, 0
124, -2, 0
126, -2, 1
124, -4, 0
125, -2, 0
126, -4, 0
126, -2, 0
124, -3, 0
126, -3, 0
124, -3, 0
206, -3, 0
45, -3, 1
135, -2, 0
114, -3, 0
124, -3, 0
126, -3, 0
124, -3, 1
125, -3, 0
125, -3, 0
126, -3, 0
125, -3, 0
124, -3, 0
125, -4, 1
125, -2, 0
125, -3, 0
126, -4, 0
124, -2, 0
125, -4, 1
126, -2, 0
124, -4, 0
126, -2, 0
124, -4, 1
126, -3, 0
124, -4, 0
125, -2, 0
125, -3, 0
125, -4, 1
126, -2, 0
124, -4, 0
125, -3, 1
125, -4, 0
126, -2, 0
124, -4, 0
125, -3, 1
126, -4, 0
125, -3, 0
125, -2, 0
125, -4, 1
124, -3, 0
126, -4, 0
124, -3, 1
144, -4, 0
106, -3, 0
125, -4, 1
125, -2, 0
125, -5, 0
125, -2, 1
126, -3, 0
126, -4, 0
144, -3, 1
105, -4, 0
125, -3, 0
125, -4, 1
124, -3, 0
125, -4, 0
126, -3, 1
125, -4, 0
124, -3, 1
125, -3, 0
125, -4, 0
125, -3, 1
125, -4, 0
125, -3, 1
125, -4, 0
125, -3, 0
125, -5, 1
125, -3, 0
125, -4, 1
125, -3, 0
126, -3, 0
124, -4, 1
125, -3, 0
125, -5, 1
125, -3, 0
125, -4, 1
125, -3, 0
126, -5, 1
125, -3, 0
125, -4, 1
125, -3, 0
125, -3, 0
125, -5, 1
125, -3, 1
124, -5, 0
126, -3, 0
124, -4, 1
125, -3, 1
125, -5, 0
125, -3, 1
125, -5, 0
126, -3, 1
124, -3, 0
125, -5, 1
125, -3, 0
125, -5, 1
125, -3, 0
126, -4, 1
124, -3, 0
125, -5, 1
125, -3, 1
125, -5, 0
125, -3, 1
126, -5, 1
124, -3, 0
126, -4, 0
124, -4, 1
125, -4, 1
126, -5, 0
124, -3, 1
126, -5, 0
124, -3, 1
125, -5, 1
125, -3, 0
125, -5, 1
125, -3, 0
125, -4, 1
125, -5, 0
125, -3, 1
125, -5, 1
125, -3, 0
125, -5, 1
125, -3, 1
125, -6, 0
125, -3, 1
125, -5, 0
125, -3, 1
125, -4, 1
125, -5, 0
126, -3, 1
124, -6, 1
125, -3, 0
125, -5, 1
126, -4, 1
245, -5, 0
255, -3, 1
124, -12, 2
125, -5, 1
125, -4, 0
125, -5, 1
125, -3, 1
125, -6, 1
125, -3, 0
125, -5, 1
125, -4, 1
125, -5, 0
125, -4, 1
125, -3, 1
125, -5, 1
126, -4, 0
127, -5, 1
122, -4, 1
125, -5, 1
125, -4, 0
126, -5, 1
125, -4, 1
124, -5, 1
125, -4, 0
126, -3, 1
125, -6, 1
124, -3, 0
126, -6, 1
124, -3, 1
125, -6, 1
125, -3, 1
125, -6, 1
125, -3, 0
126, -6, 1
124, -4, 1
126, -3, 1
124, -6, 0
126, -4, 1
124, -5, 1
125, -4, 1
125, -5, 1
126, -4, 0
125, -6, 1
124, -3, 1
125, -6, 1
125, -4, 0
125, -3, 1
126, -6, 1
124, -4, 1
125, -5, 1
125, -4, 1
125, -6, 1
125, -4, 0
126, -5, 1
124, -4, 1
125, -6, 1
125, -4, 1
125, -3, 1
127, -6, 1
124, -4, 0
127, -5, 1
123, -4, 1
125, -6, 1
123, -4, 1
126, -6, 1
125, -4, 1
125, -5, 1
125, -4, 0
125, -6, 1
125, -4, 1
125, -4, 1
125, -6, 1
125, -3, 1
126, -6, 1
128, -4, 1
122, -6, 1
125, -4, 0
125, -6, 2
124, -4, 0
125, -5, 1
125, -4, 1
125, -4, 1
126, -6, 1
124, -4, 1
125, -6, 1
125, -4, 1
125, -6, 1
125, -4, 0
125, -6, 1
125, -4, 1
125, -6, 1
125, -4, 1
125, -4, 1
125, -6, 1
125, -4, 1
125, -6, 1
125, -4, 1
125, -6, 1
126, -4, 1
124, -6, 1
125, -4, 1
125, -6, 1
126, -4, 1
124, -4, 1
126, -6, 1
124, -4, 1
126, -6, 1
124, -5, 1
125, -6, 1
125, -4, 1
125, -6, 1
125, -4, 1
125, -6, 1
125, -4, 1
125, -7, 1
125, -3, 1
125, -5, 0
125, -6, 2
126, -4, 0
124, -6, 2
125, -4, 0
125, -7, 2
125, -4, 0
125, -6, 2
125, -4, 0
125, -4, 1
125, -6, 1
125, -4, 1
125, -7, 1
125, -4, 1
125, -6, 1
289, -4, 1
212, -7, 1
124, -14, 3
125, -5, 1
125, -6, 1
125, -4, 1
125, -6, 1
125, -4, 1
125, -7, 1
125, -4, 1
125, -7, 1
125, -4, 1
125, -6, 1
125, -4, 1
125, -5, 1
125, -6, 1
125, -4, 1
125, -6, 1
125, -5, 1
125, -6, 1
126, -4, 1
125, -7, 1
124, -4, 1
126, -6, 1
124, -4, 1
125, -5, 1
125, -6, 1
125, -4, 1
125, -7, 1
126, -4, 1
124, -7, 1
125, -4, 1
125, -6, 1
125, -5, 1
125, -6, 2
125, -4, 0
125, -5, 1
125, -6, 1
125, -4, 1
125, -7, 2
125, -4, 0
125, -7, 2
125, -4, 1
125, -6, 1
125, -5, 1
125, -6, 1
125, -5, 1
125, -4, 1
126, -6, 1
124, -5, 1
125, -6, 1
125, -4, 1
125, -7, 1
125, -4, 1
125, -7, 1
125, -4, 1
125, -7, 1
125, -4, 1
125, -4, 1
125, -7, 2
125, -4, 0
125, -7, 1
125, -4, 1
125, -7, 2
125, -4, 1
125, -7, 1
125, -4, 1
125, -6, 1
125, -5, 1
125, -4, 0
125, -7, 2
125, -4, 1
125, -7, 1
125, -4, 1
126, -6, 1
124, -5, 1
125, -6, 1
125, -5, 1
125, -6, 1
125, -5, 1
125, -4, 1
125, -7, 1
127, -4, 1
124, -6, 1
124, -5, 1
125, -6, 1
126, -5, 1
126, -6, 1
123, -5, 1
125, -6, 1
125, -5, 1
125, -4, 1
125, -7, 2
124, -4, 0
126, -7, 2
125, -4, 1
125, -7, 1
125, -4, 1
125, -7, 1
125, -4, 1
127, -7, 1
124, -4, 1
125, -7, 1
124, -4, 1
126, -5, 1
124, -6, 1
125, -5, 1
125, -6, 1
125, -5, 1
125, -6, 1
125, -4, 1
125, -7, 2
125, -4, 0
125, -7, 2
125, -4, 0
125, -5, 1
125, -6, 2
125, -5, 0
125, -6, 2
125, -5, 0
125, -6, 2
125, -5, 0
125, -6, 2
125, -5, 0
125, -4, 1
125, -7, 2
125, -4, 1
125, -6, 1
125, -5, 1
125, -6, 1
125, -5, 1
125, -6, 1
204, -4, 1
48, -7, 1
132, -4, 1
116, -5, 0
125, -6, 2
125, -5, 1
125, -6, 1
125, -5, 1
128, -6, 1
122, -5, 1
126, -6, 1
128, -4, 1
123, -7, 1
129, -4, 1
122, -5, 1
123, -6, 1
125, -5, 1
134, -6, 1
123, -4, 1
120, -7, 1
124, -4, 1
127, -7, 1
124, -4, 1
124, -7, 1
125, -4, 1
126, -4, 1
125, -7, 1
125, -4, 1
125, -7, 1
125, -4, 1
134, -7, 1
122, -4, 1
125, -7, 1
123, -4, 1
122, -6, 1
123, -4, 1
123, -5, 0
126, -6, 2
125, -4, 0
128, -7, 2
126, -4, 1
124, -7, 1
125, -4, 0
124, -6, 2
127, -4, 1
125, -7, 1
125, -4, 0
128, -6, 2
182, -5, 0
95, -4, 1
111, -6, 1
139, -5, 1
135, -6, 1
97, -4, 1
135, -7, 1
101, -4, 1
128, -6, 1
124, -5, 1
133, -4, 1
120, -6, 1
123, -5, 1
126, -6, 1
122, -4, 1
125, -7, 1
125, -4, 1
125, -6, 1
122, -4, 1
125, -7, 1
123, -4, 1
131, -6, 1
121, -4, 1
124, -5, 0
126, -6, 2
125, -4, 0
124, -6, 1
126, -4, 1
125, -7, 1
125, -4, 1
125, -6, 1
128, -4, 1
127, -7, 1
124, -4, 1
123, -4, 1
123, -6, 1
123, -5, 1
126, -6, 1
125, -4, 0
125, -6, 2
125, -4, 0
126, -7, 1
125, -4, 1
125, -6, 1
125, -4, 1
125, -4, 1
126, -6, 1
125, -4, 1
128, -7, 1
144, -4, 1
105, -6, 1
134, -4, 0
122, -6, 2
120, -4, 0
126, -6, 1
119, -5, 1
125, -3, 1
126, -6, 1
123, -5, 1
125, -6, 1
125, -4, 0
125, -6, 2
124, -4, 0
126, -6, 1
124, -4, 1
126, -4, 1
124, -6, 1
125, -4, 1
126, -6, 1
124, -4, 1
128, -6, 1
123, -4, 0
124, -6, 2
126, -4, 0
125, -6, 1
125, -4, 1
124, -6, 1
126, -4, 1
125, -4, 1
125, -6, 1
131, -4, 0
118, -6, 1
125, -4, 1
126, -6, 1
124, -4, 1
263, -6, 1
239, -3, 1
123, -14, 2
125, -6, 1
125, -4, 1
126, -6, 1
124, -4, 1
125, -6, 1
125, -3, 1
125, -6, 1
125, -4, 0
125, -4, 1
125, -6, 1
126, -3, 1
124, -6, 1
125, -4, 1
125, -6, 0
130, -4, 1
131, -5, 1
127, -4, 1
117, -6, 1
124, -4, 1
125, -3, 0
125, -6, 1
125, -4, 1
126, -5, 1
125, -4, 1
125, -6, 1
124, -3, 0
127, -6, 1
126, -4, 1
125, -5, 1
127, -4, 1
122, -6, 1
124, -3, 0
125, -4, 1
129, -6, 1
125, -3, 1
125, -6, 1
126, -3, 0
121, -6, 2
126, -4, 0
124, -5, 1
130, -4, 1
122, -5, 1
122, -4, 1
120, -4, 0
135, -5, 1
115, -4, 1
126, -5, 1
125, -4, 0
125, -5, 2
128, -4, 0
130, -5, 1
123, -4, 1
132, -5, 1
128, -4, 1
115, -3, 0
124, -5, 1
132, -4, 1
118, -5, 1
124, -4, 0
123, -5, 1
126, -4, 1
122, -5, 1
129, -3, 0
123, -6, 2
130, -3, 0
118, -4, 1
126, -5, 1
124, -3, 0
125, -6, 1
125, -3, 1
127, -6, 1
123, -3, 1
127, -5, 1
124, -4, 0
126, -5, 1
124, -3, 1
125, -4, 0
125, -5, 1
136, -3, 1
115, -5, 1
123, -4, 0
126, -5, 1
123, -3, 1
126, -5, 1
126, -4, 0
124, -5, 1
125, -3, 1
124, -3, 0
127, -5, 1
124, -4, 1
126, -5, 1
124, -3, 0
124, -5, 1
126, -3, 1
125, -5, 1
125, -4, 0
124, -4, 1
127, -4, 1
125, -3, 0
136, -5, 1
112, -3, 1
127, -5, 1
124, -3, 0
127, -5, 1
126, -3, 1
123, -5, 1
130, -3, 0
119, -4, 1
126, -4, 1
125, -3, 0
123, -4, 1
125, -4, 1
126, -4, 1
124, -3, 0
125, -5, 1
126, -3, 1
124, -5, 0
125, -3, 1
125, -5, 0
125, -3, 1
125, -3, 1
126, -5, 0
125, -3, 1
124, -4, 1
126, -3, 0
129, -5, 1
121, -3, 1
128, -4, 1
302, -3, 0
196, -5, 1
123, -10, 2
126, -3, 0
124, -5, 1
127, -3, 0
123, -4, 1
126, -3, 1
124, -4, 0
125, -3, 1
127, -4, 1
127, -3, 0
123, -4, 1
125, -3, 0
125, -3, 1
124, -5, 1
125, -2, 0
124, -5, 1
135, -3, 0
120, -4, 1
131, -2, 1
120, -5, 0
123, -2, 1
125, -5, 0
125, -2, 1
125, -3, 0
125, -4, 1
126, -3, 0
124, -4, 1
126, -3, 1
126, -4, 0
124, -2, 1
125, -4, 0
125, -3, 1
125, -4, 0
125, -3, 1
125, -2, 0
125, -4, 1
127, -3, 0
124, -4, 1
124, -2, 1
125, -4, 0
124, -3, 1
126, -4, 0
125, -2, 1
127, -4, 0
124, -2, 1
123, -3, 0
122, -4, 1
125, -2, 0
135, -4, 1
116, -2, 0
130, -4, 1
121, -3, 0
124, -3, 1
126, -3, 0
124, -3, 1
125, -3, 0
124, -2, 1
125, -4, 0
124, -2, 1
126, -4, 0
124, -2, 1
125, -4, 0
126, -2, 1
125, -3, 0
125, -3, 0
125, -3, 1
125, -3, 0
126, -2, 1
124, -3, 0
126, -2, 1
123, -4, 0
126, -2, 0
126, -4, 1
124, -2, 0
125, -3, 1
125, -2, 0
124, -4, 1
126, -2, 0
125, -2, 0
124, -3, 1
126, -2, 0
125, -3, 1
125, -3, 0
125, -3, 0
124, -2, 1
125, -3, 0
126, -2, 1
124, -3, 0
125, -2, 0
126, -2, 1
126, -3, 0
124, -2, 1
126, -3, 0
125, -2, 0
125, -3, 1
127, -2, 0
122, -3, 0
125, -2, 1
128, -3, 0
122, -2, 0
125, -1, 1
125, -3, 0
125, -2, 0
125, -3, 1
126, -2, 0
124, -2, 0
126, -2, 1
124, -3, 0
124, -2, 0
126, -2, 1
124, -2, 0
125, -3, 0
126, -2, 1
124, -1, 0
126, -3, 0
124, -2, 1
126, -2, 0
125, -2, 0
124, -2, 0
125, -2, 1
125, -2, 0
125, -2, 0
125, -2, 1
125, -2, 0
125, -2, 0
126, -2, 0
125, -2, 1
124, -2, 0
125, -1, 0
125, -3, 0
219, -1, 1
32, -2, 0
125, -2, 0
128, -2, 0
123, -1, 1
123, -2, 0
125, -2, 0
125, -1, 0
125, -2, 0
125, -2, 1
125, -2, 0
125, -1, 0
125, -2, 0
125, -2, 1
125, -2, 0
125, -1, 0
125, -1, 0
125, -2, 0
125, -1, 1
125, -2, 0
125, -1, 0
125, -2, 0
125, -1, 0
126, -2, 1
124, -1, 0
125, -2, 0
125, -1, 0
125, -1, 0
125, -2, 0
125, -1, 0
125, -2, 1
133, -1, 0
122, -1, 0
130, -2, 0
119, -1, 0
125, -1, 0
125, -2, 1
125, -1, 0
125, -1, 0
125, -1, 0
126, -1, 0
124, -1, 0
125, -1, 0
125, -2, 0
125, -1, 1
125, -1, 0
125, -1, 0
125, -1, 0
127, -1, 0
129, -1, 0
126, -1, 0
122, -1, 0
125, -1, 0
126, -1, 0
124, -1, 1
122, -1, 0
124, -1, 0
243, -1, 0
128, -1, 0
125, -1, 0
125, -1, 0
247, -1, 0
128, -1, 0
125, -1, 0
247, -1, 0
128, -1, 0
125, -1, 0
247, -1, 0
128, 0, 1
125, -1, 0
125, -1, 0
247, -1, 0
250, -1, 0
250, -1, 0
250, -1, 0
405, -1, 0
345, -1, 0
407, -1, 0
344, -1, 0
658, -1, 0
594, -1, 0
1152, 0, -1
1626, 0, -1
97, 1, 0
513, 1, 0
487, 1, 0
372, 1, -1
250, 1, 0
404, 1, 0
373, 1, 0
101, 1, 0
125, 0, -1
247, 1, 0
255, 1, 0
245, 1, -1
129, 1, 0
246, 1, 0
250, 1, 0
127, 1, 0
126, 0, -1
124, 1, 0
248, 1, 0
128, 1, 0
124, 1, -1
248, 1, 0
127, 1, 0
125, 1, 0
125, 1, -1
126, 1, 0
246, 1, 0
128, 1, 0
125, 1, 0
125, 1, -1
125, 1, 0
125, 1, 0
248, 1, 0
128, 1, -1
125, 1, 0
125, 1, 0
127, 1, 0
127, 1, -1
124, 1, 0
128, 1, 0
120, 1, 0
129, 2, -1
245, 2, 0
128, 1, 0
125, 1, -1
125, 1, 0
127, 1, 0
125, 1, 0
170, 1, -1
81, 2, 0
126, 1, 0
124, 1, 0
126, 1, -1
124, 2, 0
132, 1, 0
123, 1, 0
121, 2, -1
123, 1, 0
128, 1, 0
121, 1, -1
127, 2, 0
124, 1, 0
125, 2, -1
125, 1, 0
124, 2, 0
126, 1, 0
125, 2, -1
125, 1, 0
127, 2, 0
119, 1, -1
125, 1, 0
125, 2, 0
125, 1, -1
125, 2, 0
124, 1, 0
125, 2, 0
125, 2, -1
126, 2, 0
124, 1, 0
126, 2, -1
124, 1, 0
125, 2, 0
125, 2, -1
126, 1, 0
125, 2, -1
126, 1, 0
124, 3, 0
125, 1, -1
126, 2, 0
125, 1, 0
125, 3, -1
127, 1, 0
122, 2, 0
125, 2, -1
125, 1, 0
126, 3, 0
154, 1, -1
100, 2, 0
124, 2, -1
122, 2, 0
124, 2, 0
125, 2, -1
127, 2, 0
123, 1, 0
126, 3, -1
123, 1, 0
125, 3, -1
124, 1, 0
125, 3, -1
126, 2, 0
126, 2, 0
124, 2, -1
125, 2, 0
124, 2, -1
125, 2, 0
125, 2, 0
298, 2, -1
204, 2, 0
125, 6, -1
124, 3, -1
125, 2, 0
127, 3, -1
124, 1, 0
126, 3, -1
125, 2, 0
124, 2, 0
125, 2, -1
125, 2, 0
125, 3, -1
124, 2, 0
125, 3, 0
125, 2, -1
126, 2, -1
124, 2, 0
124, 3, 0
127, 2, -1
133, 2, 0
116, 3, -1
125, 2, 0
126, 3, -1
124, 2, 0
125, 3, -1
126, 2, 0
127, 3, 0
122, 2, -1
125, 3, 0
127, 2, -1
125, 2, 0
125, 3, -1
125, 2, 0
125, 3, -1
123, 2, 0
128, 3, -1
124, 2, 0
123, 3, -1
125, 2, 0
125, 4, 0
125, 2, -1
127, 3, 0
150, 2, -1
97, 2, 0
125, 4, -1
126, 2, 0
124, 3, -1
126, 2, 0
132, 4, -1
121, 2, 0
123, 3, -1
123, 2, 0
126, 4, -1
131, 2, 0
127, 3, -1
124, 3, 0
132, 2, -1
118, 4, 0
125, 2, -1
123, 3, 0
135, 3, -1
142, 3, 0
103, 2, -1
124, 4, 0
133, 2, -1
117, 3, 0
123, 3, -1
123, 3, 0
129, 3, -1
121, 3, 0
129, 3, -1
122, 3, 0
124, 3, -1
127, 3, 0
126, 4, -1
122, 2, 0
124, 4, -1
126, 2, -1
126, 3, 0
125, 3, -1
125, 3, 0
124, 4, -1
126, 2, 0
125, 4, -1
123, 3, 0
121, 3, -1
126, 3, -1
124, 4, 0
125, 2, -1
125, 3, 0
126, 4, -1
124, 2, 0
126, 4, -1
124, 3, 0
125, 4, -1
126, 2, -1
126, 4, 0
124, 3, -1
123, 4, 0
135, 3, -1
117, 2, 0
127, 4, -1
125, 3, 0
124, 4, -1
124, 3, -1
124, 4, 0
124, 3, -1
126, 4, 0
124, 2, -1
128, 4, 0
128, 3, -1
124, 5, -1
131, 2, 0
128, 3, -1
122, 4, 0
116, 3, -1
124, 4, -1
125, 3, 0
127, 5, -1
122, 2, 0
125, 5, -1
125, 2, 0
126, 5, -1
148, 3, -1
107, 3, 0
121, 4, -1
125, 3, 0
126, 4, -1
126, 3, -1
123, 5, 0
125, 3, -1
210, 4, 0
41, 3, -1
123, 4, -1
125, 3, 0
125, 3, -1
125, 5, 0
125, 3, -1
126, 4, -1
126, 3, 0
124, 5, -1
125, 3, 0
126, 5, -1
125, 3, -1
124, 4, 0
125, 3, -1
125, 3, 0
124, 5, -1
126, 3, -1
124, 5, 0
126, 3, -1
124, 5, -1
125, 3, 0
128, 4, -1
123, 4, -1
125, 4, 0
124, 4, -1
126, 3, 0
125, 5, -1
124, 3, -1
125, 4, 0
126, 4, -1
125, 4, -1
125, 3, 0
124, 5, -1
126, 4, -1
125, 4, 0
124, 4, -1
126, 5, -1
129, 3, 0
126, 3, -1
121, 5, 0
128, 4, -1
123, 4, -1
125, 4, 0
122, 5, -1
126, 3, -1
127, 5, -1
122, 3, 0
127, 6, -1
123, 3, 0
125, 3, -1
125, 5, -1
125, 4, 0
124, 5, -1
126, 3, -1
125, 5, 0
125, 4, -1
125, 5, -1
125, 3, 0
126, 6, -1
129, 3, 0
134, 3, -1
118, 6, -1
136, 3, 0
118, 5, -1
120, 4, -1
132, 5, -1
120, 4, 0
127, 5, -1
121, 3, -1
127, 6, 0
122, 3, -1
128, 4, 0
125, 5, -1
125, 4, -1
126, 5, -1
124, 3, 0
123, 6, -1
125, 3, -1
129, 6, -1
121, 3, 0
128, 6, -1
121, 3, 0
126, 6, -1
123, 3, -1
126, 4, 0
125, 5, -1
126, 4, -1
124, 6, -1
125, 3, 0
126, 6, -1
125, 3, 0
120, 6, -2
124, 4, 0
125, 5, -1
126, 4, 0
124, 3, -1
125, 6, -1
125, 4, 0
124, 5, -1
126, 4, -1
124, 6, -1
125, 3, 0
125, 6, -1
126, 4, -1
124, 5, 0
124, 4, -1
128, 4, -1
123, 6, 0
129, 3, -1
128, 6, -1
121, 4, -1
123, 6, 0
125, 3, -1
126, 6, -1
127, 4, -1
124, 6, 0
127, 3, -1
122, 4, -1
126, 6, 0
124, 4, -1
123, 6, -1
128, 4, 0
124, 5, -1
123, 4, -1
125, 6, -1
127, 4, 0
126, 6, -1
128, 3, -1
122, 6, 0
124, 4, -1
126, 4, -1
124, 6, -1
260, 4, 0
244, 5, -1
120, 14, -2
125, 6, -1
125, 4, 0
125, 6, -1
125, 4, -1
125, 4, 0
125, 6, -1
125, 4, -1
125, 6, -1
125, 4, 0
125, 5, -1
125, 4, -1
125, 6, -1
125, 4, 0
125, 7, -1
136, 3, -1
118, 4, 0
135, 6, -1
116, 4, -1
125, 7, -1
124, 4, 0
125, 5, -1
126, 5, -1
125, 6, -1
124, 4, 0
125, 6, -1
126, 4, -1
124, 6, -1
125, 4, 0
125, 4, -1
125, 6, -1
125, 4, 0
126, 6, -1
124, 4, -1
125, 6, 0
125, 4, -1
125, 6, -1
125, 4, -1
125, 7, 0
125, 4, -1
125, 4, -1
125, 6, -1
125, 4, 0
122, 6, -1
124, 4, -1
125, 7, -1
125, 4, 0
126, 6, -1
124, 4, -1
125, 6, -1
125, 4, 0
125, 4, -1
125, 7, -1
125, 4, -1
125, 6, 0
125, 4, -1
125, 6, -1
125, 5, -1
125, 6, 0
126, 4, -1
127, 6, -1
125, 4, -1
132, 4, 0
120, 7, -1
125, 4, -1
124, 6, -1
124, 4, 0
124, 7, -1
124, 4, -1
126, 6, -1
124, 4, 0
130, 7, -1
121, 4, -1
125, 4, 0
134, 6, -1
118, 4, -1
124, 7, -1
125, 4, -1
125, 6, 0
126, 4, -1
126, 7, -1
126, 4, -1
123, 6, -1
125, 4, 0
126, 7, -1
124, 4, -1
124, 4, 0
125, 6, -1
124, 5, -1
125, 6, -1
126, 4, 0
125, 6, -1
124, 5, -1
125, 6, -1
127, 4, -1
124, 7, -1
124, 4, 0
125, 4, -1
127, 7, -1
125, 4, 0
124, 6, -1
125, 4, -1
126, 7, -1
123, 4, 0
125, 7, -1
125, 4, -1
128, 6, -1
123, 4, 0
124, 5, -1
125, 6, -1
127, 4, -1
124, 7, -1
127, 4, 0
125, 7, -1
122, 4, -1
128, 6, -1
123, 4, -1
125, 7, 0
126, 4, -1
124, 5, -1
124, 6, -1
126, 4, 0
124, 7, -1
126, 4, -1
125, 6, -1
129, 5, 0
121, 6, -1
125, 4, -1
127, 7, -1
328, 4, -1
171, 5, 0
129, 17, -3
128, 4, 0
119, 6, -1
127, 5, -1
122, 6, -1
126, 4, -1
121, 7, -1
129, 4, 0
120, 5, -1
127, 6, -1
127, 4, 0
123, 7, -1
124, 4, -1
131, 6, -1
123, 5, -1
124, 6, -1
124, 4, 0
124, 7, -1
129, 4, -1
121, 6, -1
124, 5, 0
126, 4, -1
125, 6, -1
127, 5, -1
125, 6, -1
129, 4, 0
126, 7, -1
124, 4, -1
124, 7, -1
125, 4, 0
126, 6, -1
124, 5, -1
125, 4, 0
125, 6, -1
126, 5, -1
131, 6, -1
119, 4, -1
125, 7, -1
125, 4, 0
126, 6, -1
124, 5, -1
124, 6, -1
126, 4, 0
126, 5, -1
124, 6, -1
127, 4, -1
125, 7, -1
123, 4, 0
126, 6, -1
123, 5, -1
125, 6, -1
125, 4, 0
125, 7, -1
120, 4, -1
127, 7, -1
124, 4, -1
125, 4, 0
125, 6, -1
124, 5, -1
125, 6, -1
125, 4, 0
126, 7, -1
124, 4, -1
127, 7, -1
125, 4, -1
124, 6, 0
127, 5, -1
124, 4, -1
126, 6, -1
131, 4, 0
138, 7, -1
112, 4, -1
135, 7, -1
131, 4, 0
140, 6, -2
107, 4, 0
119, 7, -1
113, 4, -1
127, 4, 0
128, 7, -1
117, 4, -1
126, 6, -1
128, 4, -1
121, 7, -1
130, 4, 0
121, 6, -1
124, 5, -1
133, 6, -1
121, 4, 0
126, 7, -1
123, 4, -1
130, 4, 0
122, 6, -1
123, 5, -1
124, 6, -1
127, 4, -1
123, 7, -1
126, 4, 0
142, 6, -1
105, 4, -1
124, 7, -1
125, 4, 0
124, 4, -1
125, 6, -1
125, 5, 0
128, 6, -1
124, 4, -1
124, 6, -1
125, 5, -1
125, 6, -1
125, 4, 0
126, 6, -1
124, 5, -1
127, 4, -1
124, 6, -1
123, 4, 0
127, 7, -1
124, 4, -1
124, 6, -1
126, 4, 0
124, 7, -1
126, 4, -1
125, 6, -1
124, 4, -1
126, 4, 0
126, 7, -1
124, 4, -1
125, 6, -1
125, 4, 0
124, 6, -1
219, 5, -1
33, 6, -1
122, 4, 0
125, 6, -1
124, 5, -1
126, 6, -1
124, 4, -1
125, 4, 0
125, 6, -1
125, 4, -1
125, 7, -1
125, 4, 0
125, 6, -1
125, 4, -1
125, 6, -1
125, 4, -1
125, 7, -1
125, 4, 0
125, 4, -1
125, 6, -1
125, 4, -1
125, 6, 0
126, 4, -1
128, 6, -1
133, 4, -1
117, 7, -1
125, 4, 0
125, 6, -1
125, 4, -1
125, 4, -1
126, 6, 0
125, 4, -1
124, 6, -1
126, 4, -1
126, 7, -1
124, 4, 0
125, 6, -1
126, 4, -1
124, 6, -1
125, 4, 0
125, 6, -1
124, 4, -1
125, 4, -1
126, 6, -1
124, 4, 0
125, 6, -1
125, 4, -1
126, 6, -1
129, 5, 0
127, 6, -1
121, 4, -1
125, 6, -1
123, 4, 0
123, 4, -1
126, 6, -1
123, 4, -1
124, 6, 0
128, 4, -1
121, 6, -1
126, 4, -1
125, 6, -1
124, 4, 0
126, 6, -1
125, 4, -1
126, 4, -1
124, 6, -1
124, 4, 0
127, 6, -1
125, 4, -1
126, 6, -1
128, 4, 0
124, 6, -1
122, 4, -1
124, 5, -1
124, 4, -1
126, 4, 0
124, 6, -1
128, 4, -1
125, 6, -1
122, 4, 0
125, 6, -1
125, 4, -1
125, 6, -1
125, 3, -1
126, 6, 0
124, 4, -1
125, 6, -1
125, 4, -1
125, 4, 0
126, 6, -1
124, 4, -1
125, 5, -1
125, 4, -1
125, 6, -1
125, 4, 0
125, 6, -1
125, 4, -1
129, 5, -1
124, 4, -1
123, 4, 0
127, 6, -1
125, 4, -1
129, 5, -1
118, 4, 0
126, 6, -2
124, 4, 0
125, 6, -1
126, 4, -1
125, 5, 0
126, 4, -1
125, 4, -1
125, 6, -1
125, 4, 0
124, 5, -1
125, 4, -1
125, 6, -1
125, 4, -1
124, 6, 0
125, 3, -1
126, 6, -1
125, 4, -1
124, 6, -1
127, 3, -1
124, 4, 0
125, 6, -1
127, 3, -1
124, 6, -1
124, 4, 0
128, 6, -1
126, 3, -1
120, 6, -1
130, 4, -1
120, 5, -1
267, 4, 0
237, 4, -1
124, 14, -2
123, 4, -1
124, 5, -1
125, 4, -1
125, 6, -1
125, 3, 0
125, 6, -1
125, 3, -1
125, 4, 0
125, 6, -1
124, 3, -1
126, 6, -1
129, 3, -1
124, 6, -1
123, 4, 0
124, 5, -1
125, 4, -1
125, 5, -1
125, 4, -1
125, 3, 0
125, 5, -1
136, 4, -1
120, 5, -1
124, 4, 0
124, 5, -1
131, 4, -1
120, 5, -1
124, 4, -1
125, 5, -1
125, 4, 0
125, 5, -1
125, 3, -1
125, 4, -1
125, 5, -1
125, 4, 0
125, 5, -1
125, 4, -1
125, 5, -1
126, 3, 0
124, 6, -1
125, 3, -1
125, 5, -1
125, 4, -1
125, 3, 0
125, 6, -1
127, 3, -1
123, 5, -1
125, 4, -1
125, 5, -1
125, 4, 0
121, 5, -1
125, 3, -1
125, 5, -1
125, 4, -1
125, 3, 0
125, 5, -1
125, 4, -1
125, 5, -1
125, 3, 0
129, 6, -1
121, 3, -1
125, 5, -1
125, 3, -1
125, 5, -1
125, 4, 0
125, 3, -1
125, 5, -1
125, 4, -1
125, 5, -1
125, 3, 0
125, 5, -1
127, 3, -1
123, 5, -1
126, 4, 0
126, 5, -1
124, 3, -1
125, 5, -1
126, 3, -1
123, 3, 0
124, 5, -1
125, 4, -1
125, 5, -1
125, 3, -1
126, 5, -1
124, 3, 0
125, 5, -1
126, 3, -1
125, 5, -1
125, 3, 0
124, 4, -1
125, 5, -1
125, 3, -1
125, 5, -1
125, 3, 0
125, 5, -1
125, 3, -1
126, 5, -1
124, 3, 0
126, 5, -1
125, 3, -1
124, 3, -1
125, 5, -1
125, 3, 0
125, 5, -1
125, 3, -1
126, 4, -1
125, 3, 0
124, 5, -1
125, 3, -1
125, 5, -1
125, 3, -1
125, 5, -1
125, 3, 0
126, 3, -1
124, 5, -1
125, 3, 0
126, 4, -1
124, 3, -1
125, 5, -1
126, 3, -1
124, 4, -1
125, 3, 0
125, 5, -1
125, 3, -1
125, 3, -1
126, 5, -1
127, 3, 0
122, 4, -1
125, 3, -1
290, 5, -1
211, 3, -1
124, 11, -2
125, 3, -1
125, 3, 0
126, 5, -1
124, 3, -1
125, 4, -1
125, 3, -1
125, 4, -1
125, 3, 0
125, 5, -1
125, 3, -1
125, 4, -1
125, 3, 0
125, 3, -1
125, 4, -1
125, 3, 0
125, 4, -1
125, 3, -1
128, 4, -1
122, 3, -1
125, 4, -1
125, 3, 0
125, 4, -1
129, 3, -1
125, 4, -1
125, 3, 0
125, 3, -1
125, 4, -1
125, 3, 0
125, 4, -1
125, 3, -1
125, 4, -1
125, 3, 0
125, 4, -2
125, 3, 0
125, 4, -1
125, 3, -1
125, 2, 0
125, 4, -1
125, 3, -1
127, 4, -1
123, 3, -1
125, 4, 0
126, 2, -1
124, 4, -1
126, 3, -1
124, 4, -1
126, 3, 0
124, 3, -1
125, 3, -1
123, 3, 0
123, 4, -1
125, 3, -1
125, 4, -1
125, 2, 0
125, 4, -1
125, 3, -1
125, 4, -1
125, 2, 0
125, 3, -1
125, 4, -1
125, 2, 0
125, 4, -1
125, 2, -1
125, 4, -1
125, 3, -1
125, 4, -1
125, 2, 0
125, 4, -1
125, 3, -1
125, 3, -1
125, 3, 0
126, 2, -1
124, 4, -1
125, 3, 0
125, 3, -1
125, 3, -1
125, 3, -1
125, 3, 0
125, 3, -1
125, 3, -1
125, 4, -1
125, 2, 0
125, 2, -1
125, 4, -1
125, 2, 0
125, 4, -1
125, 3, -1
125, 3, -1
125, 3, 0
125, 3, -1
125, 3, -1
125, 3, 0
125, 3, -1
125, 2, 0
125, 3, -1
125, 3, -1
125, 3, -1
131, 3, 0
121, 3, -1
136, 2, -1
112, 4, -1
125, 2, 0
126, 4, -1
124, 2, -1
126, 2, 0
125, 4, -1
125, 2, -1
125, 3, -1
125, 2, 0
125, 4, -1
125, 2, -1
125, 3, -1
125, 3, 0
125, 3, -1
126, 2, -1
124, 4, 0
125, 2, -1
124, 2, -1
126, 3, 0
125, 2, -1
125, 4, -1
124, 2, 0
126, 3, -1
124, 2, -1
126, 3, -1
125, 3, 0
125, 3, -1
125, 2, -1
125, 2, 0
200, 3, -1
52, 2, -1
132, 3, -1
116, 2, 0
124, 3, -1
126, 2, -1
125, 3, -1
125, 3, 0
125, 3, -1
125, 2, -1
125, 2, 0
124, 3, -1
126, 2, -1
125, 3, 0
124, 2, -1
126, 3, -1
125, 2, 0
125, 3, -1
125, 2, -1
128, 2, -1
121, 3, 0
126, 1, -1
125, 3, -1
125, 2, 0
124, 3, -1
126, 2, -1
124, 3, -1
125, 2, 0
126, 3, -1
124, 1, -1
125, 3, -1
125, 2, 0
125, 2, -1
126, 3, -1
124, 2, 0
126, 2, -1
124, 2, -1
126, 3, -1
124, 2, 0
126, 2, -1
125, 2, -1
124, 3, -1
126, 2, 0
124, 2, -1
126, 2, -1
124, 2, 0
125, 2, -1
125, 2, -1
128, 3, -1
123, 1, 0
125, 3, -1
125, 1, -1
124, 3, -1
125, 2, 0
125, 2, -1
125, 2, -1
125, 1, 0
126, 3, -1
125, 2, -1
124, 2, -1
126, 2, 0
124, 2, -1
125, 2, -1
126, 2, 0
124, 2, -1
125, 2, -1
126, 2, -1
125, 1, 0
125, 3, -1
124, 1, -1
125, 3, 0
125, 1, -1
125, 2, -1
126, 2, 0
124, 2, -1
126, 2, -1
125, 2, -1
125, 2, 0
124, 1, -1
125, 2, -1
125, 2, 0
125, 2, -1
125, 2, 0
125, 2, -1
126, 1, -1
124, 2, -1
125, 2, 0
125, 2, -1
125, 1, -1
125, 2, 0
125, 2, -1
125, 1, -1
126, 2, 0
124, 2, -1
125, 2, -1
125, 1, 0
126, 2, -1
124, 1, -1
126, 3, -1
124, 1, 0
126, 2, -1
124, 1, 0
126, 1, -1
125, 2, -1
124, 2, 0
125, 2, -1
125, 1, -1
125, 2, -1
125, 1, 0
127, 2, -1
125, 1, 0
123, 2, -1
125, 1, -1
125, 2, 0
125, 1, -1
125, 2, -1
125, 1, 0
125, 2, -1
125, 1, -1
125, 1, 0
125, 2, -1
125, 1, -1
125, 2, 0
125, 1, -1
125, 1, 0
125, 2, -1
125, 1, -1
125, 2, -1
127, 1, 0
123, 2, -1
124, 1, 0
125, 1, -1
126, 1, -1
245, 2, 0
258, 1, -1
124, 4, -2
124, 2, -1
126, 1, 0
123, 1, -1
125, 1, 0
124, 2, -1
126, 1, -1
125, 1, 0
125, 1, -1
125, 2, -1
125, 1, 0
125, 1, -1
125, 1, 0
125, 1, -1
125, 1, -1
125, 1, 0
125, 2, -1
125, 1, 0
125, 1, -1
125, 1, -1
125, 1, -1
125, 1, 0
125, 1, 0
125, 1, -1
125, 1, -1
125, 1, 0
125, 1, -1
125, 1, -1
125, 1, 0
125, 2, -1
247, 2, -1
128, 0, -1
125, 1, 0
125, 1, -1
124, 1, 0
126, 1, -1
124, 1, -1
126, 1, 0
125, 1, -1
125, 1, -1
125, 1, 0
125, 1, -1
124, 0, -1
125, 1, 0
126, 1, -1
124, 1, 0
126, 1, -1
247, 2, -1
127, 0, -1
125, 1, 0
126, 1, -1
124, 1, -1
248, 1, -1
127, 1, -1
126, 1, 0
124, 1, -1
248, 1, -1
127, 1, -1
247, 1, -1
128, 1, 0
125, 0, -1
126, 1, 0
124, 1, -1
125, 0, -1
125, 1, 0
125, 1, -1
126, 0, -1
125, 1, 0
124, 0, -1
126, 1, 0
124, 1, -1
125, 0, -1
125, 1, 0
126, 0, -1
124, 1, 0
125, 0, -1
126, 1, -1
247, 1, -1
127, 0, -1
126, 1, 0
124, 0, -1
125, 1, 0
125, 0, -1
125, 1, -1
248, 1, -1
249, 1, -1
251, 0, -1
144, 1, -1
231, 1, -1
127, 0, -1
247, 1, -1
250, 0, -1
128, 1, -1
247, 0, -1
250, 1, -1
250, 0, -1
128, 1, -1
247, 0, -1
250, 1, -1
128, 0, -1
247, 0, -1
128, 0, -1
247, 1, -1
250, 0, -1
128, 0, -1
247, 0, -1
128, 1, 0
125, 0, -1
285, 0, -1
216, 0, -1
124, 0, -1
125, 0, -1
248, 0, -1
127, 0, -1
247, 0, -1
250, 0, -1
128, 0, -1
247, 0, -1
128, 0, -1
406, 0, -1
96, 0, -1
247, 0, -1
126, 0, -1
247, 0, -1
250, 0, -1
128, 0, -1
247, 0, -1
128, -1, 0
125, 0, -1
125, 0, -1
247, 0, -1
128, -1, -1
247, 0, -1
250, 0, -1
128, -1, -1
247, 0, -1
128, -1, 0
125, 0, -1
247, -1, -1
131, 0, -1
244, 0, -1
128, -1, -1
247, 0, -1
128, -1, 0
125, 0, -1
125, -1, -1
247, 0, -1
128, -1, 0
125, 0, -1
125, -1, 0
125, 0, -1
125, -1, -1
247, 0, -1
128, -1, 0
125, -1, -1
247, 0, -1
128, -1, -1
247, -1, -1
128, 0, -1
125, -1, 0
247, -1, -1
128, 0, -1
125, -1, 0
125, -1, -1
247, -1, -1
128, -1, -1
247, -1, -1
250, -1, -1
128, -1, 0
125, 0, -1
125, -1, -1
247, -1, -1
128, -1, 0
125, -1, -1
247, -1, -1
250, -1, -1
128, -1, -1
247, -1, -1
128, -1, 0
125, -1, -1
125, -1, 0
125, 0, -1
125, -1, 0
125, -1, -1
125, -1, -1
125, -1, 0
125, 0, -1
126, -1, 0
125, -1, -1
124, -1, 0
125, -1, -1
247, -1, -1
128, -1, 0
125, -1, -1
125, -1, 0
125, -1, -1
125, -1, 0
125, -1, -1
125, -1, 0
125, 0, -1
125, -1, -1
125, -1, 0
125, -1, -1
125, -1, 0
125, -1, -1
125, -1, 0
125, -1, -1
125, -1, 0
125, -1, -1
125, -1, 0
199, -1, -1
53, -1, 0
130, -1, -1
118, -1, 0
125, -1, -1
125, -1, 0
125, -1, -1
125, -1, -1
125, -1, 0
125, -2, 0
125, 0, -1
125, -2, 0
125, -1, -1
125, -1, 0
125, -1, -1
125, -1, 0
125, -1, -1
125, -1, 0
125, -2, -1
125, -1, 0
125, -1, -1
125, -1, 0
125, -1, -1
125, -1, 0
125, -1, 0
125, -2, -1
125, -1, 0
125, -1, -1
125, -1, 0
125, -2, -1
125, -1, 0
125, -1, -1
125, -1, 0
125, -2, -1
125, -1, 0
125, -1, -1
125, -2, 0
125, -1, 0
125, -2, -1
125, 0, -1
125, -2, 0
125, -1, 0
125, -2, -1
125, -1, 0
125, -2, -1
125, -1, 0
125, -1, -1
125, -1, 0
126, -2, 0
124, -1, -1
125, -1, 0
125, -2, -1
126, -1, 0
124, -2, -1
125, -1, 0
125, -2, 0
125, -1, -1
126, -2, 0
127, -1, -1
123, -2, 0
126, -2, 0
124, -1, -1
123, -2, 0
126, -1, -1
125, -2, 0
124, -1, 0
126, -2, -1
125, -1, 0
125, -2, -1
125, -1, 0
125, -2, 0
125, -2, -1
125, -1, 0
125, -2, -1
125, -1, 0
125, -2, 0
125, -2, -1
125, -2, 0
125, -1, 0
125, -2, -1
125, -1, 0
125, -2, 0
125, -2, -1
125, -1, 0
125, -2, 0
125, -2, -1
125, -2, 0
125, -1, 0
125, -3, -1
125, -1, 0
125, -2, 0
125, -2, -1
125, -2, 0
125, -1, 0
125, -2, 0
125, -2, -1
125, -2, 0
125, -2, 0
125, -1, -1
125, -3, 0
125, -1, 0
125, -2, 0
125, -2, -1
125, -2, 0
125, -2, 0
125, -1, 0
125, -3, -1
125, -1, 0
125, -3, 0
125, -1, 0
125, -3, -1
125, -1, 0
125, -3, 0
125, -1, 0
125, -3, 0
125, -1, -1
125, -3, 0
125, -1, 0
125, -2, 0
125, -3, -1
125, -1, 0
125, -3, 0
125, -1, 0
125, -3, 0
125, -2, 0
125, -2, -1
125, -2, 0
125, -2, 0
126, -2, 0
124, -2, 0
125, -3, -1
125, -1, 0
125, -3, 0
241, -2, 0
259, -2, 0
125, -7, -1
125, -2, 0
125, -2, 0
125, -3, 0
125, -2, 0
125, -2, 0
125, -2, 0
125, -2, 0
125, -3, -1
125, -2, 0
125, -2, 0
125, -2, 0
125, -3, 0
125, -2, 0
125, -3, 0
125, -2, 0
125, -2, 0
125, -3, 0
125, -1, 0
125, -3, 0
125, -2, -1
125, -3, 0
125, -2, 0
125, -3, 0
125, -2, 0
125, -3, 0
125, -2, 0
125, -3, 0
125, -2, 0
125, -2, 0
125, -3, 0
125, -2, 0
125, -3, 0
125, -2, 0
125, -3, 0
125, -2, 0
125, -3, 0
125, -2, 0
125, -3, 0
125, -2, 0
125, -2, 0
125, -3, 0
125, -2, 0
125, -4, 0
125, -2, 0
125, -3, 0
125, -2, 0
125, -3, 0
125, -3, 0
128, -3, 0
122, -2, 0
125, -2, 0
125, -3, 0
125, -3, 1
125, -3, 0
125, -2, 0
125, -3, 0
125, -3, 0
125, -3, 0
125, -2, 0
125, -3, 0
125, -3, 1
125, -2, 0
125, -3, 0
125, -3, 0
125, -3, 0
125, -2, 0
125, -4, 0
125, -2, 0
125, -3, 1
125, -3, 0
126, -3, 0
123, -2, 0
136, -3, 0
115, -3, 1
124, -2, 0
128, -4, 0
125, -2, 0
123, -4, 1
127, -2, 0
127, -3, 0
122, -3, 0
127, -3, 0
123, -3, 0
126, -3, 1
125, -3, 0
127, -2, 0
123, -4, 0
124, -2, 1
126, -4, 0
124, -2, 0
126, -4, 0
126, -2, 1
123, -4, 0
126, -2, 0
123, -4, 1
125, -3, 0
125, -2, 0
128, -4, 0
125, -2, 1
123, -4, 0
126, -2, 0
126, -4, 1
123, -3, 0
126, -4, 0
125, -2, 1
125, -4, 0
126, -2, 0
124, -3, 1
125, -4, 0
126, -2, 0
124, -4, 1
124, -3, 0
125, -4, 1
125, -2, 0
123, -4, 0
125, -3, 0
126, -4, 1
124, -2, 0
126, -4, 1
124, -3, 0
126, -3, 0
125, -4, 1
124, -2, 0
125, -4, 1
126, -3, 0
124, -4, 0
125, -3, 1
126, -4, 0
288, -2, 1
211, -4, 0
125, -10, 2
125, -3, 0
125, -4, 0
126, -2, 1
124, -4, 0
125, -3, 1
125, -4, 0
125, -3, 0
125, -4, 1
125, -3, 1
125, -3, 0
125, -4, 1
125, -3, 0
125, -4, 0
125, -3, 1
125, -4, 1
125, -3, 0
128, -4, 1
125, -3, 0
125, -4, 1
123, -3, 0
124, -4, 1
125, -3, 0
125, -3, 1
125, -4, 0
125, -3, 1
125, -5, 0
125, -2, 1
126, -5, 1
124, -3, 0
125, -4, 1
125, -3, 0
125, -5, 1
125, -2, 0
125, -3, 1
125, -5, 1
125, -3, 0
127, -4, 1
123, -3, 0
125, -5, 1
125, -3, 0
125, -4, 1
125, -3, 1
125, -5, 0
125, -3, 1
125, -3, 0
125, -4, 1
125, -3, 1
125, -5, 0
126, -3, 1
124, -4, 1
125, -3, 0
125, -5, 1
125, -3, 1
125, -4, 0
125, -4, 1
125, -3, 1
125, -4, 0
125, -3, 1
125, -5, 1
125, -3, 0
125, -4, 1
125, -4, 1
125, -4, 1
125, -3, 0
125, -5, 1
125, -3, 1
125, -5, 1
125, -3, 0
125, -3, 1
125, -5, 0
125, -3, 1
125, -5, 1
125, -3, 1
125, -5, 1
125, -3, 0
125, -5, 1
127, -3, 1
123, -5, 0
126, -3, 1
124, -3, 1
125, -5, 1
125, -3, 0
125, -5, 1
125, -3, 1
126, -5, 1
124, -3, 0
125, -5, 1
136, -3, 1
114, -5, 1
125, -3, 1
125, -4, 0
126, -4, 1
124, -4, 1
126, -4, 1
125, -4, 0
125, -5, 1
125, -3, 1
125, -5, 1
125, -3, 1
125, -5, 1
125, -3, 0
124, -4, 1
125, -5, 1
126, -3, 1
124, -5, 1
125, -3, 0
125, -5, 1
125, -4, 1
125, -5, 1
125, -3, 1
126, -5, 1
127, -3, 1
125, -4, 0
125, -5, 1
123, -3, 1
124, -5, 1
126, -4, 1
125, -5, 1
124, -3, 1
127, -5, 1
124, -4, 1
125, -5, 1
124, -3, 0
125, -6, 1
126, -3, 1
124, -3, 1
126, -6, 1
124, -3, 1
126, -5, 1
200, -4, 0
50, -5, 2
133, -3, 0
116, -5, 2
126, -4, 0
125, -5, 1
124, -3, 1
125, -4, 1
126, -5, 1
124, -4, 1
125, -5, 1
125, -3, 0
125, -6, 2
125, -3, 0
126, -5, 2
125, -4, 0
124, -5, 2
125, -4, 0
125, -3, 1
125, -6, 1
125, -3, 1
125, -5, 1
126, -4, 1
125, -5, 1
125, -4, 1
124, -5, 1
126, -4, 1
124, -5, 1
125, -4, 1
125, -5, 1
125, -3, 1
126, -4, 1
126, -5, 1
124, -4, 1
125, -5, 1
124, -4, 0
126, -5, 2
124, -4, 0
125, -5, 2
125, -4, 1
125, -6, 1
125, -3, 1
125, -4, 0
131, -5, 1
120, -4, 1
124, -5, 2
125, -4, 0
125, -5, 2
128, -4, 1
122, -5, 1
125, -4, 1
125, -5, 1
125, -4, 1
125, -4, 0
125, -5, 2
125, -4, 0
125, -6, 2
125, -3, 0
125, -6, 1
125, -3, 1
125, -6, 1
125, -4, 1
125, -5, 2
125, -4, 0
125, -4, 1
125, -5, 1
125, -4, 1
125, -5, 2
125, -4, 0
125, -6, 2
125, -4, 1
125, -5, 1
125, -4, 1
125, -6, 1
125, -3, 1
125, -4, 1
125, -6, 1
125, -3, 1
125, -6, 1
125, -4, 1
125, -5, 1
125, -4, 1
125, -6, 1
125, -3, 1
125, -6, 1
125, -4, 1
125, -4, 1
125, -5, 1
126, -4, 1
124, -6, 2
125, -3, 1
125, -6, 1
125, -4, 1
125, -5, 1
125, -4, 1
125, -6, 1
125, -4, 1
125, -5, 2
125, -4, 0
128, -4, 1
124, -6, 2
125, -4, 1
124, -5, 1
127, -4, 1
122, -6, 1
126, -4, 1
124, -5, 1
125, -4, 1
125, -6, 1
125, -4, 1
126, -3, 1
125, -6, 1
124, -4, 1
125, -6, 2
125, -4, 0
125, -6, 2
125, -3, 1
125, -6, 1
125, -4, 1
125, -6, 1
125, -4, 1
125, -3, 1
125, -6, 2
125, -4, 0
125, -6, 2
125, -4, 1
125, -5, 1
125, -4, 1
128, -6, 1
122, -4, 1
125, -5, 2
125, -4, 0
125, -4, 1
243, -6, 2
258, -4, 0
124, -15, 4
125, -4, 1
125, -6, 1
125, -4, 1
125, -6, 2
125, -4, 1
125, -6, 1
125, -4, 1
127, -3, 1
123, -6, 1
125, -4, 1
125, -6, 1
125, -4, 1
125, -6, 1
125, -3, 1
125, -6, 2
125, -4, 1
125, -6, 1
126, -4, 1
124, -4, 1
125, -6, 1
125, -4, 1
125, -5, 2
125, -4, 0
125, -6, 2
125, -4, 1
125, -6, 1
125, -4, 1
126, -5, 1
124, -4, 1
125, -4, 1
126, -6, 2
124, -4, 1
125, -6, 1
125, -4, 1
125, -6, 1
125, -4, 1
125, -5, 1
125, -4, 1
125, -6, 2
125, -4, 1
125, -4, 1
125, -6, 1
125, -4, 1
125, -6, 1
128, -3, 1
124, -6, 2
124, -4, 0
128, -6, 2
123, -4, 1
125, -6, 1
126, -4, 1
124, -3, 1
125, -6, 1
125, -4, 1
125, -6, 1
125, -4, 1
126, -6, 2
125, -4, 1
124, -6, 1
125, -3, 1
125, -6, 1
125, -4, 1
125, -4, 1
126, -6, 1
124, -4, 1
126, -6, 2
125, -4, 1
124, -5, 1
126, -4, 1
124, -6, 1
129, -4, 1
122, -6, 1
125, -4, 1
124, -4, 1
126, -6, 1
124, -4, 1
125, -6, 2
125, -3, 0
130, -6, 2
122, -4, 1
126, -6, 1
123, -4, 1
124, -6, 1
123, -3, 1
125, -4, 1
126, -6, 1
124, -4, 1
125, -6, 1
125, -4, 1
125, -5, 1
125, -4, 1
125, -6, 2
126, -4, 1
125, -6, 1
124, -4, 1
125, -6, 1
126, -4, 1
125, -4, 1
124, -5, 1
125, -4, 1
125, -6, 1
125, -4, 1
126, -6, 1
124, -4, 1
125, -6, 1
126, -3, 1
125, -6, 2
124, -4, 1
125, -4, 0
125, -6, 2
126, -4, 0
125, -6, 2
124, -3, 1
125, -6, 1
126, -4, 1
125, -6, 1
124, -4, 1
125, -5, 1
125, -4, 1
126, -4, 1
125, -6, 1
124, -4, 1
125, -6, 1
126, -3, 1
124, -6, 1
125, -4, 1
125, -6, 1
125, -4, 1
300, -5, 1
202, -4, 1
123, -14, 3
126, -5, 1
124, -4, 1
128, -6, 1
123, -4, 1
124, -6, 1
125, -3, 1
125, -6, 1
125, -4, 1
125, -6, 1
125, -4, 1
125, -3, 1
125, -6, 1
125, -4, 1
125, -5, 1
125, -4, 1
125, -6, 1
125, -4, 1
127, -6, 1
126, -3, 1
122, -6, 1
125, -4, 1
125, -4, 1
125, -5, 1
125, -4, 1
125, -6, 1
125, -3, 1
125, -6, 1
125, -4, 1
125, -6, 1
125, -3, 1
125, -6, 1
128, -4, 1
122, -3, 1
125, -6, 1
127, -4, 1
125, -5, 1
125, -4, 1
124, -6, 1
126, -3, 1
125, -6, 1
123, -4, 1
125, -5, 1
125, -4, 1
125, -3, 0
126, -6, 2
124, -4, 0
125, -5, 2
125, -4, 0
125, -5, 1
125, -4, 1
125, -6, 1
125, -3, 1
125, -6, 1
125, -3, 1
125, -6, 1
126, -3, 1
124, -4, 1
125, -6, 1
138, -3, 1
123, -6, 1
122, -3, 0
124, -6, 1
125, -4, 1
125, -5, 1
125, -4, 1
132, -5, 1
118, -4, 1
125, -3, 0
125, -6, 1
125, -3, 1
124, -6, 1
126, -3, 1
125, -6, 1
124, -3, 1
126, -6, 1
125, -4, 1
124, -5, 1
126, -3, 1
124, -4, 0
125, -5, 1
125, -4, 1
126, -5, 1
125, -4, 1
125, -5, 1
125, -4, 1
125, -5, 1
122, -4, 0
124, -5, 1
124, -3, 1
125, -4, 1
125, -5, 1
125, -4, 0
126, -5, 2
124, -4, 0
125, -5, 1
125, -4, 1
125, -5, 1
128, -3, 1
123, -6, 1
125, -3, 0
124, -5, 1
125, -4, 1
125, -3, 1
125, -6, 1
125, -3, 1
125, -5, 1
126, -4, 0
126, -5, 1
123, -3, 1
125, -5, 1
125, -4, 1
125, -5, 1
125, -3, 0
125, -4, 1
125, -5, 1
125, -3, 1
126, -5, 1
125, -4, 0
124, -5, 1
125, -3, 1
125, -5, 1
125, -4, 1
125, -5, 1
125, -3, 0
126, -4, 1
124, -5, 1
125, -3, 1
125, -5, 1
125, -4, 0
202, -5, 1
50, -3, 1
125, -5, 1
124, -4, 1
124, -5, 1
125, -3, 0
125, -3, 1
125, -5, 1
125, -4, 0
125, -4, 1
125, -4, 1
125, -5, 1
125, -3, 1
125, -5, 1
125, -3, 0
125, -5, 1
125, -4, 1
125, -4, 1
125, -4, 0
125, -3, 1
125, -5, 1
125, -3, 0
126, -5, 1
124, -3, 1
125, -5, 1
125, -3, 1
125, -5, 0
125, -3, 1
125, -5, 1
125, -3, 1
125, -4, 0
125, -5, 1
125, -3, 1
125, -4, 1
125, -4, 0
125, -4, 1
125, -4, 1
125, -4, 1
125, -3, 0
125, -5, 1
125, -3, 1
125, -4, 1
125, -4, 0
125, -3, 1
125, -5, 1
125, -3, 0
125, -5, 1
125, -3, 1
127, -5, 1
123, -3, 1
125, -4, 0
125, -4, 1
125, -3, 1
125, -4, 0
125, -3, 1
125, -5, 1
137, -3, 1
117, -5, 0
126, -3, 1
125, -4, 1
141, -3, 0
110, -5, 1
127, -3, 1
127, -4, 1
124, -4, 0
124, -3, 1
133, -4, 1
118, -3, 0
124, -5, 1
123, -3, 1
129, -4, 0
122, -3, 1
126, -4, 1
125, -3, 0
123, -5, 1
124, -3, 1
124, -3, 0
124, -4, 1
125, -3, 1
126, -4, 0
124, -3, 1
146, -5, 1
107, -3, 1
129, -4, 0
130, -3, 1
114, -4, 1
123, -3, 0
127, -3, 1
121, -4, 1
133, -3, 0
122, -4, 1
124, -3, 0
125, -5, 1
124, -2, 1
125, -5, 0
126, -2, 1
124, -5, 1
125, -3, 0
125, -2, 1
125, -5, 1
126, -2, 0
125, -5, 1
127, -2, 0
124, -5, 1
125, -2, 1
126, -5, 0
122, -2, 1
125, -4, 1
126, -3, 0
129, -3, 1
120, -4, 0
125, -3, 1
126, -4, 1
124, -3, 0
125, -4, 1
125, -2, 1
125, -4, 0
126, -3, 1
125, -4, 1
124, -3, 0
125, -4, 1
125, -3, 0
125, -2, 0
125, -4, 1
125, -3, 1
125, -4, 0
125, -2, 1
125, -4, 1
134, -3, 0
118, -4, 1
128, -2, 0
125, -4, 1
122, -3, 0
257, -3, 1
245, -4, 0
119, -9, 2
125, -3, 1
125, -3, 0
125, -4, 1
125, -2, 0
125, -4, 1
125, -3, 0
125, -2, 1
125, -4, 0
125, -2, 1
125, -4, 0
125, -3, 1
125, -3, 0
125, -3, 1
125, -4, 1
125, -2, 0
125, -4, 1
125, -2, 0
126, -3, 0
125, -3, 1
125, -3, 1
124, -3, 0
128, -3, 0
122, -4, 1
125, -2, 0
125, -3, 1
125, -3, 0
125, -3, 1
125, -3, 0
125, -2, 1
125, -4, 0
125, -2, 1
125, -3, 0
125, -3, 1
125, -3, 0
125, -3, 1
125, -3, 0
125, -2, 1
125, -4, 0
125, -2, 1
125, -2, 0
125, -4, 1
125, -2, 0
125, -3, 1
125, -3, 0
126, -3, 0
124, -2, 1
125, -4, 0
125, -2, 1
124, -3, 0
126, -2, 1
125, -4, 0
124, -2, 0
126, -2, 1
125, -3, 0
125, -2, 1
145, -4, 0
105, -2, 1
125, -3, 0
125, -2, 0
125, -3, 1
125, -2, 0
127, -3, 1
135, -3, 0
114, -1, 0
124, -4, 1
125, -2, 0
126, -3, 1
124, -2, 0
125, -3, 1
126, -2, 0
140, -3, 0
110, -2, 1
124, -3, 0
125, -2, 0
128, -2, 1
122, -3, 0
125, -2, 0
125, -3, 1
125, -1, 0
124, -3, 1
126, -2, 0
125, -3, 0
125, -2, 0
125, -3, 1
125, -2, 0
128, -2, 0
122, -2, 1
125, -2, 0
124, -3, 1
126, -2, 0
124, -3, 0
126, -1, 0
128, -3, 1
121, -2, 0
123, -3, 0
126, -1, 1
125, -2, 0
125, -3, 0
124, -2, 1
126, -2, 0
124, -2, 0
125, -3, 1
126, -1, 0
125, -3, 0
125, -2, 0
124, -2, 1
128, -2, 0
123, -2, 0
124, -2, 0
126, -1, 1
125, -3, 0
124, -1, 0
125, -3, 1
126, -2, 0
125, -2, 0
124, -1, 0
125, -3, 1
126, -1, 0
124, -3, 0
125, -1, 0
125, -2, 0
125, -2, 1
126, -2, 0
125, -2, 0
132, -1, 0
126, -2, 1
135, -2, 0
113, -2, 0
321, -1, 0
179, -3, 0
124, -5, 1
126, -1, 0
125, -2, 0
134, -1, 1
116, -2, 0
125, -2, 0
125, -2, 0
126, -1, 0
124, -2, 1
127, -1, 0
123, -2, 0
126, -1, 0
123, -2, 0
124, -2, 0
126, -1, 0
124, -2, 1
126, -1, 0
126, -2, 0
127, -1, 0
121, -2, 0
127, -1, 0
120, -2, 1
123, -1, 0
126, -1, 0
125, -1, 0
125, -2, 0
125, -1, 0
125, -1, 0
125, -2, 0
125, -1, 0
124, -2, 0
126, -1, 0
124, -1, 0
126, -1, 1
124, -1, 0
126, -2, 0
125, -1, 0
125, -1, 0
125, -1, 0
125, -2, 0
125, -1, 0
125, -1, 0
125, -1, 0
124, -1, 0
126, -1, 0
126, -1, 0
128, -1, 0
121, -1, 0
125, -2, 1
250, -2, 0
124, -1, 0
125, -1, 0
248, -2, 0
250, -1, 0
128, -1, 0
124, -1, 0
126, -1, 0
125, -1, 0
124, -1, 0
248, -1, 0
127, -1, 0
125, -1, 0
125, -1, 0
249, -1, 0
127, -1, 0
125, -1, 0
247, -1, 0
127, -1, 0
248, -1, 0
249, -1, 0
251, -1, 0
127, -1, 0
248, -1, 0
250, -1, 0
249, -1, 0
381, -1, 0
246, -1, 0
375, -1, 0
248, 0, -1
260, -1, 0
402, -1, 0
717, -1, 0
373, 0, -1
1381, 0, -1
1377, 0, -1
637, 1, 0
382, 1, 0
530, 1, -1
365, 1, 0
201, 1, 0
250, 1, -1
376, 1, 0
249, 1, 0
251, 1, 0
249, 1, -1
250, 1, 0
128, 1, 0
247, 1, 0
128, 1, 0
126, 0, -1
123, 1, 0
126, 1, 0
248, 1, 0
127, 1, 0
125, 0, -1
125, 1, 0
126, 1, 0
125, 1, 0
126, 1, 0
131, 0, -1
118, 1, 0
124, 1, 0
125, 1, 0
125, 1, 0
249, 2, -1
248, 1, 0
128, 1, 0
124, 1, 0
125, 1, -1
126, 1, 0
125, 1, 0
125, 1, 0
125, 1, -1
124, 1, 0
125, 1, 0
126, 1, 0
125, 1, -1
124, 1, 0
127, 2, 0
130, 1, 0
129, 1, 0
122, 1, -1
122, 1, 0
126, 2, 0
249, 2, -1
129, 1, 0
126, 2, 0
123, 1, 0
125, 1, -1
123, 1, 0
126, 2, 0
130, 1, 0
121, 1, 0
130, 2, -1
118, 1, 0
126, 2, 0
130, 1, 0
118, 2, -1
126, 1, 0
124, 1, 0
126, 2, -1
125, 2, 0
125, 1, 0
125, 2, -1
125, 1, 0
183, 1, 0
63, 2, 0
128, 2, -1
124, 1, 0
125, 2, 0
124, 2, -1
124, 1, 0
125, 2, 0
125, 1, 0
125, 3, -1
124, 1, 0
126, 1, -1
125, 2, 0
125, 2, 0
128, 2, 0
124, 1, -1
123, 3, 0
124, 1, 0
125, 2, -1
125, 2, 0
125, 2, 0
125, 2, -1
125, 1, 0
125, 2, 0
125, 2, -1
125, 2, 0
125, 2, 0
125, 2, -1
126, 2, 0
124, 2, -1
126, 2, 0
131, 2, 0
119, 2, 0
125, 2, -1
124, 2, 0
125, 2, 0
271, 2, -1
238, 2, 0
119, 7, -1
122, 1, -1
125, 3, 0
127, 2, 0
123, 2, -1
125, 2, 0
125, 2, 0
126, 3, -1
124, 2, 0
124, 2, -1
126, 2, 0
126, 3, 0
125, 2, -1
125, 3, 0
125, 2, 0
126, 1, -1
125, 3, 0
123, 2, 0
126, 3, -1
124, 2, 0
125, 3, -1
124, 2, 0
127, 3, 0
124, 2, -1
124, 3, 0
126, 2, -1
125, 2, 0
125, 3, 0
125, 2, -1
124, 3, 0
125, 2, 0
127, 3, -1
125, 2, 0
124, 3, -1
127, 2, 0
123, 3, -1
126, 2, 0
126, 4, 0
124, 2, -1
124, 2, 0
125, 3, -1
125, 2, 0
125, 4, 0
125, 2, -1
125, 3, 0
125, 2, 0
125, 4, -1
125, 2, 0
125, 3, -1
125, 2, 0
125, 3, -1
132, 3, 0
122, 2, 0
134, 4, -1
122, 2, 0
129, 3, -1
115, 3, 0
125, 3, -1
126, 2, 0
124, 4, 0
125, 2, -1
127, 3, 0
126, 3, -1
123, 3, 0
124, 3, -1
126, 3, 0
125, 3, -1
125, 3, 0
126, 3, -1
124, 3, 0
125, 4, 0
127, 2, -1
123, 3, 0
124, 3, -1
125, 3, 0
125, 3, -1
124, 3, 0
129, 4, -1
123, 2, 0
124, 4, -1
127, 2, 0
121, 4, -1
123, 3, 0
126, 2, 0
124, 4, -1
124, 3, 0
127, 4, -1
124, 2, 0
126, 4, -1
125, 3, 0
125, 4, -1
128, 2, 0
121, 4, -1
126, 3, 0
124, 2, -1
126, 4, 0
127, 3, -1
124, 4, 0
125, 3, -1
147, 4, 0
104, 3, -1
124, 4, 0
126, 3, -1
124, 4, 0
123, 2, -1
126, 3, 0
125, 4, -1
124, 3, 0
126, 4, -1
125, 3, 0
125, 4, -1
123, 3, 0
126, 4, -1
125, 3, 0
125, 4, -1
125, 3, 0
127, 3, -1
123, 4, 0
124, 3, -1
125, 4, 0
125, 3, -1
127, 4, 0
124, 3, -1
124, 5, 0
125, 2, -1
126, 5, -1
128, 3, 0
184, 4, -1
68, 3, 0
297, 3, -1
199, 5, 0
125, 10, -2
123, 5, 0
125, 3, -1
129, 4, -1
122, 3, 0
124, 5, -1
125, 3, 0
126, 3, 0
125, 4, -1
124, 3, -1
125, 5, 0
126, 3, -1
124, 5, 0
125, 3, -1
125, 4, 0
125, 3, -1
126, 5, -1
124, 3, 0
131, 3, 0
120, 5, -1
125, 3, -1
136, 5, 0
118, 3, -1
124, 5, 0
126, 3, -1
125, 5, -1
124, 3, 0
144, 4, -1
107, 4, 0
129, 3, -1
122, 5, -1
125, 3, 0
125, 5, -1
125, 3, 0
126, 5, -1
124, 3, 0
125, 5, -1
125, 3, 0
126, 5, -1
123, 3, -1
125, 4, 0
125, 5, -1
125, 3, 0
125, 5, -1
126, 3, -1
126, 5, 0
125, 3, -1
124, 5, -1
123, 4, 0
123, 5, -1
124, 3, 0
124, 3, -1
125, 5, -1
126, 4, 0
124, 5, -1
132, 3, 0
121, 5, -1
123, 3, -1
125, 5, 0
130, 4, -1
120, 5, -1
127, 3, 0
130, 3, -1
122, 6, 0
128, 3, -1
249, 9, -1
125, 5, -1
127, 3, 0
127, 5, -1
121, 4, -1
126, 5, -1
123, 3, 0
135, 4, -1
118, 5, 0
123, 4, -1
130, 5, -1
126, 3, 0
116, 6, -1
127, 3, -1
126, 5, 0
122, 4, -1
127, 5, -1
130, 4, 0
122, 3, -1
130, 6, -1
117, 3, 0
131, 5, -1
123, 4, -1
123, 5, 0
127, 4, -1
124, 5, -1
124, 4, 0
124, 5, -1
124, 4, -1
126, 5, 0
125, 4, -1
125, 3, 0
130, 6, -1
127, 3, -1
118, 6, -1
125, 3, 0
129, 6, -1
124, 3, -1
140, 6, 0
111, 4, -1
123, 5, -1
122, 4, 0
131, 3, -1
120, 6, -1
134, 3, 0
121, 6, -1
125, 4, 0
122, 5, -1
127, 3, -1
122, 6, 0
126, 4, -1
123, 5, -1
126, 4, 0
123, 4, -1
125, 5, -1
125, 4, 0
127, 5, -1
123, 4, -1
125, 6, 0
127, 3, -1
123, 6, -1
125, 4, 0
126, 5, -1
123, 4, -1
335, 4, 0
167, 5, -1
123, 13, -2
125, 6, -1
125, 4, 0
125, 5, -1
126, 4, -1
124, 6, -1
125, 4, 0
125, 3, -1
127, 6, -1
122, 4, 0
128, 5, -1
126, 4, -1
126, 6, 0
121, 4, -1
127, 5, -1
123, 4, 0
126, 6, -1
126, 4, -1
123, 5, -1
122, 4, 0
125, 4, -1
125, 6, -1
125, 4, 0
125, 5, -1
125, 4, -1
126, 6, 0
124, 4, -1
125, 6, -1
141, 3, 0
116, 6, -1
131, 4, -1
121, 4, -1
125, 6, 0
121, 4, -1
127, 5, -1
127, 4, 0
126, 6, -1
123, 4, -1
127, 6, -1
125, 4, -1
122, 6, 0
125, 4, -1
124, 4, -1
136, 5, -1
123, 5, 0
120, 5, -1
121, 4, 0
124, 6, -1
126, 4, -1
123, 6, -1
126, 4, 0
125, 6, -1
129, 4, -1
125, 4, -1
124, 6, 0
123, 4, -1
129, 6, -1
125, 3, -1
116, 6, 0
126, 4, -1
124, 6, -1
123, 4, 0
125, 6, -1
125, 4, -1
127, 4, -1
126, 6, 0
126, 4, -1
132, 6, -1
121, 4, 0
125, 5, -1
128, 4, -1
121, 6, -1
138, 4, -1
115, 6, 0
149, 4, -1
128, 6, -1
133, 4, 0
92, 4, -1
118, 6, -1
128, 4, 0
120, 6, -1
127, 4, -1
126, 6, -1
124, 4, 0
125, 6, -1
126, 4, -1
127, 6, -1
120, 4, 0
128, 4, -1
123, 6, -1
124, 4, 0
125, 6, -1
127, 4, -1
123, 6, -1
126, 4, 0
129, 6, -1
123, 3, -1
123, 6, -1
127, 4, 0
121, 4, -1
126, 6, -1
125, 4, 0
124, 6, -1
125, 4, -1
125, 6, -1
125, 4, 0
126, 6, -1
123, 4, -1
125, 6, -1
127, 4, -1
125, 4, 0
125, 7, -1
130, 4, -1
121, 5, 0
124, 5, -1
127, 6, -1
123, 4, -1
125, 6, -1
128, 4, 0
120, 6, -1
125, 4, 0
125, 4, -1
125, 6, -1
126, 4, 0
136, 6, -1
117, 4, -1
122, 6, -1
126, 4, -1
124, 6, 0
262, 4, -1
239, 6, -1
123, 14, -2
125, 4, -1
125, 6, -1
125, 4, 0
125, 6, -1
125, 4, -1
125, 7, -1
125, 4, 0
125, 6, -1
125, 4, -1
125, 6, -1
125, 4, 0
125, 4, -1
125, 6, -1
125, 4, 0
125, 6, -1
133, 4, -1
123, 6, -1
125, 4, 0
125, 6, -1
124, 4, -1
125, 6, -1
124, 4, 0
127, 4, -1
124, 7, -1
125, 4, 0
126, 6, -1
125, 4, -1
125, 6, -1
128, 4, 0
122, 6, -1
125, 4, -1
125, 6, 0
125, 4, -1
124, 4, -1
126, 6, -1
124, 4, 0
126, 6, -1
124, 4, -1
129, 6, -1
122, 4, -1
126, 6, 0
124, 4, -1
125, 6, -1
119, 4, 0
127, 4, -1
124, 6, -1
125, 4, 0
124, 6, -1
126, 4, -1
126, 6, -1
124, 4, 0
125, 6, -1
125, 5, -1
125, 5, -1
124, 5, 0
126, 3, -1
125, 7, -1
124, 4, -1
126, 6, -1
124, 4, 0
126, 6, -1
124, 4, -1
125, 6, -1
126, 4, 0
125, 6, -1
124, 4, -1
125, 4, -1
126, 6, 0
127, 4, -1
123, 6, -1
131, 4, -1
128, 6, -1
117, 4, 0
124, 6, -1
125, 4, -1
125, 6, -1
125, 4, 0
126, 4, -1
124, 6, -1
125, 4, -1
125, 6, 0
128, 4, -1
123, 6, -1
125, 4, -1
124, 6, -1
125, 4, 0
125, 6, -1
126, 4, -1
124, 6, -1
126, 4, 0
124, 4, -1
125, 6, -1
126, 4, -1
124, 6, 0
125, 4, -1
125, 6, -1
126, 4, -1
125, 6, -1
125, 4, 0
124, 6, -1
127, 4, -1
124, 3, -1
129, 7, 0
121, 4, -1
127, 5, -1
123, 4, -1
124, 6, -1
125, 4, 0
125, 6, -1
125, 4, -1
126, 6, -1
125, 4, 0
124, 4, -1
125, 6, -1
126, 4, -1
124, 6, -1
126, 4, 0
127, 6, -1
122, 4, -1
125, 6, -1
125, 3, 0
125, 7, -1
125, 3, -1
125, 4, 0
126, 6, -1
125, 4, -1
125, 6, -1
124, 4, 0
292, 6, -1
208, 4, -1
124, 15, -3
125, 4, 0
125, 4, -1
130, 6, -1
120, 4, 0
125, 6, -1
125, 3, -1
125, 6, -1
125, 4, -1
125, 6, -1
125, 4, 0
125, 6, -1
125, 4, -1
125, 4, -1
125, 5, -1
125, 4, 0
125, 6, -1
137, 4, -1
121, 6, -1
122, 4, 0
124, 5, -1
126, 4, -1
124, 6, -1
125, 4, 0
126, 6, -1
124, 4, -1
125, 4, -1
126, 6, -1
124, 3, 0
125, 6, -1
125, 4, -1
125, 6, -1
125, 4, -1
125, 6, 0
125, 3, -1
125, 4, -1
125, 6, -1
125, 4, 0
125, 6, -1
125, 4, -1
125, 5, -1
125, 4, -1
125, 6, -1
125, 4, 0
124, 6, -1
123, 3, -1
124, 4, -1
125, 6, 0
125, 4, -1
125, 6, -1
127, 3, -1
123, 6, -1
125, 4, 0
125, 5, -1
125, 4, -1
125, 6, -1
125, 4, -1
125, 5, -1
125, 4, 0
125, 4, -1
125, 5, -1
125, 4, -1
125, 6, -1
125, 3, 0
126, 6, -1
124, 4, -1
125, 5, -1
125, 4, -1
125, 6, -1
125, 3, 0
125, 4, -1
125, 6, -1
125, 3, 0
125, 6, -1
125, 4, -1
125, 5, -1
125, 4, -1
125, 5, -1
125, 4, 0
125, 6, -1
125, 3, -1
125, 4, 0
125, 6, -2
125, 3, 0
125, 6, -1
125, 3, -1
125, 6, -1
125, 4, 0
125, 5, -1
125, 4, -1
125, 5, -1
125, 4, -1
125, 3, 0
125, 6, -1
125, 3, -1
125, 6, -1
125, 3, -1
125, 6, -1
129, 3, 0
121, 6, -1
125, 3, -1
125, 6, -1
125, 3, -1
125, 4, 0
125, 5, -1
125, 4, -1
125, 5, -1
125, 4, -1
125, 5, -1
125, 4, 0
125, 6, -1
125, 3, -1
124, 5, -1
126, 4, -1
125, 5, -1
124, 4, 0
126, 3, -1
125, 6, -1
125, 3, -1
125, 5, -1
125, 4, 0
125, 5, -1
125, 4, -1
125, 5, -1
125, 4, -1
125, 5, -1
125, 3, 0
125, 4, -1
125, 5, -1
124, 3, -1
198, 6, -1
54, 3, 0
124, 5, -2
124, 4, 0
125, 5, -1
126, 3, -1
124, 5, -1
125, 4, 0
126, 3, -1
124, 6, -1
125, 3, -1
126, 5, -1
124, 4, -1
125, 5, 0
126, 3, -1
124, 5, -1
125, 4, -1
126, 5, -1
124, 3, -1
125, 3, 0
125, 6, -1
126, 3, -1
126, 5, -1
135, 3, 0
118, 5, -1
125, 4, -1
125, 5, -1
125, 3, -1
125, 5, -1
125, 4, -1
124, 3, 0
126, 5, -1
125, 3, -1
125, 5, -1
125, 3, -1
125, 5, -1
124, 4, 0
126, 5, -1
125, 3, -1
124, 5, -1
126, 3, -1
124, 3, 0
126, 5, -1
125, 4, -1
125, 4, -1
125, 4, -1
125, 4, -1
125, 4, 0
126, 5, -1
124, 3, -1
124, 5, -1
122, 3, -1
125, 4, -1
125, 4, 0
125, 3, -1
124, 5, -1
126, 3, -1
125, 5, -1
125, 3, 0
125, 5, -1
124, 3, -1
125, 4, -1
125, 3, -1
129, 5, -1
121, 3, 0
125, 3, -1
125, 5, -1
126, 3, -1
124, 5, -1
125, 3, 0
125, 5, -1
125, 2, -1
125, 5, -1
126, 3, -1
124, 5, -1
126, 3, 0
125, 3, -1
124, 5, -1
125, 3, -1
126, 4, -1
124, 3, 0
126, 5, -2
125, 3, 0
125, 4, -1
125, 3, -1
125, 5, -1
124, 3, 0
125, 4, -1
125, 3, -1
126, 3, -1
124, 5, -1
125, 3, 0
126, 4, -1
124, 3, -1
126, 4, -1
124, 3, -1
125, 5, -1
125, 3, 0
126, 4, -1
124, 3, -1
126, 3, -1
125, 4, -1
125, 3, 0
125, 4, -1
124, 3, -1
125, 5, -1
125, 2, 0
125, 5, -1
126, 3, -1
125, 4, -1
124, 3, -1
126, 3, 0
130, 4, -1
123, 3, -1
124, 4, -1
124, 3, 0
125, 4, -1
125, 3, -1
125, 4, -1
125, 3, -1
125, 4, 0
125, 2, -1
125, 5, -1
125, 2, -1
125, 3, 0
125, 4, -1
125, 3, -1
125, 4, -1
129, 3, 0
122, 4, -1
124, 3, -1
125, 4, -1
125, 2, -1
252, 4, 0
251, 3, -1
122, 9, -2
125, 4, -1
125, 3, -1
125, 4, -1
125, 3, 0
125, 3, -1
125, 3, -1
125, 4, -1
125, 3, 0
125, 2, -1
125, 4, -1
125, 3, 0
125, 4, -1
125, 2, -1
125, 4, -1
125, 2, 0
125, 4, -1
125, 3, -1
125, 4, -1
125, 2, 0
125, 3, -1
125, 3, -1
125, 3, -1
125, 4, 0
130, 2, -1
121, 4, -1
124, 2, -1
126, 4, 0
125, 2, -1
124, 4, -1
124, 3, -1
126, 2, 0
125, 4, -1
125, 2, -1
125, 4, -1
125, 2, 0
125, 4, -1
126, 2, -1
126, 3, -1
124, 3, 0
124, 3, -1
126, 3, -1
126, 2, 0
124, 4, -1
126, 2, -1
123, 3, 0
124, 3, -1
125, 3, -1
125, 3, 0
125, 3, -1
125, 2, -1
125, 4, -1
124, 2, 0
126, 3, -1
125, 3, -1
125, 2, 0
125, 3, -1
125, 2, -1
124, 4, -1
126, 2, 0
125, 4, -1
124, 2, -1
126, 3, 0
125, 2, -1
125, 4, -1
124, 2, 0
126, 2, -1
124, 3, -1
125, 2, 0
125, 4, -1
125, 2, 0
129, 3, -1
122, 2, -1
125, 3, -1
124, 2, 0
125, 3, -1
126, 3, -1
124, 2, 0
125, 3, -1
125, 2, 0
125, 3, -1
125, 2, -1
125, 3, -1
125, 2, 0
126, 3, -1
124, 2, -1
125, 3, -1
126, 2, 0
124, 3, -1
125, 2, 0
126, 2, -1
124, 3, -1
125, 2, 0
125, 3, -1
125, 2, -1
125, 3, -1
125, 2, 0
125, 3, -1
126, 2, -1
124, 2, 0
125, 3, -1
125, 2, -1
127, 3, 0
124, 1, -1
125, 3, -1
125, 2, 0
125, 3, -1
125, 2, 0
125, 2, -1
125, 2, -1
125, 2, 0
125, 3, -1
125, 2, -1
125, 2, 0
125, 2, -1
125, 3, -1
125, 1, 0
125, 3, -1
125, 2, -1
125, 2, 0
125, 2, -1
125, 3, -1
125, 1, 0
125, 2, -1
125, 3, -1
125, 1, 0
125, 3, -1
125, 2, -1
125, 2, 0
284, 2, -1
216, 2, -1
125, 6, -1
125, 1, -1
125, 3, -1
124, 1, 0
129, 3, -1
125, 1, -1
125, 3, 0
124, 1, -1
123, 3, -1
124, 1, 0
126, 2, -1
124, 2, 0
125, 1, -1
126, 3, -1
124, 1, 0
125, 2, -1
125, 2, 0
125, 2, -1
129, 1, -1
122, 3, 0
125, 1, -1
125, 2, -1
124, 2, 0
125, 1, -1
125, 2, -1
125, 2, 0
126, 2, -1
124, 1, 0
125, 2, -1
125, 1, -1
125, 3, 0
125, 1, -1
125, 2, -1
128, 1, 0
123, 1, -1
124, 2, 0
125, 2, -1
125, 2, 0
125, 1, -1
125, 2, -1
125, 1, 0
125, 2, -1
125, 1, 0
125, 2, -1
125, 1, -1
125, 1, 0
125, 2, -1
125, 1, 0
125, 2, -1
125, 1, -1
125, 2, 0
125, 1, -1
128, 2, 0
123, 1, -1
125, 2, 0
125, 1, -1
124, 1, 0
126, 2, -1
124, 1, -1
125, 1, 0
125, 1, -1
125, 2, 0
125, 1, -1
125, 2, 0
125, 1, -1
125, 1, 0
125, 1, -1
125, 2, 0
125, 1, -1
125, 1, 0
125, 1, -1
125, 1, 0
126, 2, -1
124, 1, -1
125, 1, 0
125, 1, -1
125, 1, 0
125, 1, -1
125, 2, 0
125, 1, -1
247, 2, -1
128, 1, 0
125, 1, -1
125, 1, 0
125, 1, -1
125, 1, 0
125, 1, -1
125, 1, 0
125, 1, -1
125, 1, 0
125, 1, -1
125, 1, -1
125, 1, 0
125, 1, 0
125, 1, -1
125, 1, 0
125, 1, -1
127, 1, -1
123, 1, 0
125, 1, 0
125, 0, -1
125, 1, 0
125, 1, -1
125, 1, 0
125, 1, -1
247, 1, -1
128, 1, 0
126, 1, -1
246, 1, -1
130, 1, 0
124, 1, 0
126, 1, -1
250, 1, -1
125, 1, -1
250, 1, 0
124, 1, -1
248, 1, -1
248, 1, -1
129, 1, 0
124, 0, -1
125, 1, 0
247, 1, -1
251, 1, -1
250, 1, -1
127, 1, 0
125, 0, -1
247, 1, 0
128, 0, -1
125, 1, 0
125, 0, -1
125, 1, 0
125, 0, -1
247, 1, -1
250, 1, 0
128, 0, -1
247, 1, -1
252, 0, -1
127, 1, 0
246, 0, -1
128, 1, 0
125, 0, -1
409, 1, -1
338, 0, -1
250, 1, -1
250, 0, -1
410, 0, -1
93, 1, 0
125, 0, -1
406, 0, -1
216, 0, -1
376, 0, -1
410, 0, -1
214, 0, -1
250, 0, -1
410, 0, -1
340, 0, -1
408, 0, -1
217, 0, -1
410, 0, -1
215, 0, -1
128, -1, 0
248, 0, -1
415, -1, -1
209, 0, -1
250, -1, 0
128, 0, -1
247, -1, -1
375, 0, -1
129, -1, 0
246, 0, -1
128, -1, 0
125, 0, -1
125, -1, 0
247, 0, -1
128, -1, 0
247, 0, -1
128, -1, 0
125, 0, -1
125, -1, 0
247, -1, -1
409, -1, -1
216, -1, 0
128, 0, -1
125, -1, 0
125, 0, -1
125, -1, 0
251, -1, -1
127, -1, 0
248, -1, -1
249, -1, -1
248, -1, 0
127, -1, -1
247, -1, 0
128, -1, -1
252, -1, -1
245, -1, 0
128, -1, -1
364, -1, 0
261, -1, -1
125, -2, -1
247, -2, -1
250, -1, 0
128, -1, -1
247, -1, 0
128, -1, -1
125, -1, 0
247, -1, -1
128, -1, 0
125, -1, 0
125, -1, -1
249, -1, 0
126, -1, -1
125, -1, 0
125, -1, 0
125, -1, -1
247, -2, -1
250, -1, 0
128, -1, -1
125, -1, 0
125, -1, 0
125, -1, -1
125, -1, 0
125, -1, 0
125, -1, -1
125, -1, 0
125, -1, 0
125, -1, -1
125, -1, 0
125, -1, 0
125, 0, -1
125, -2, 0
247, -2, -1
128, -1, 0
125, -1, -1
125, -1, 0
125, -1, 0
127, -1, 0
123, -1, -1
125, -1, 0
125, -1, -1
125, -1, 0
125, -1, 0
125, -2, 0
125, -1, -1
125, -1, 0
124, -1, 0
126, -1, -1
125, -1, 0
125, -2, 0
125, -1, -1
125, -1, 0
125, -1, 0
125, -1, 0
125, -2, -1
125, -1, 0
125, -1, 0
125, -1, -1
125, -2, 0
125, -1, 0
125, -1, -1
131, -1, 0
120, -2, 0
127, -1, -1
122, -1, 0
127, -2, 0
124, -1, 0
126, -1, -1
124, -1, 0
125, -2, 0
124, -1, -1
125, -2, 0
146, -1, 0
104, -2, 0
125, -1, -1
124, -1, 0
126, -2, 0
125, -1, -1
125, -2, 0
125, -1, 0
125, -2, 0
125, -1, -1
125, -1, 0
125, -2, 0
125, -2, 0
124, -1, -1
126, -1, 0
125, -2, 0
125, -1, 0
133, -2, -1
122, -1, 0
125, -2, 0
124, -1, 0
126, -2, -1
124, -2, 0
125, -2, 0
125, -1, 0
125, -1, 0
125, -2, -1
125, -1, 0
125, -2, 0
134, -2, 0
120, -2, -1
122, -1, 0
126, -2, 0
124, -2, 0
124, -2, -1
124, -1, 0
127, -1, 0
124, -2, 0
125, -2, 0
126, -2, -1
124, -2, 0
122, -2, 0
130, -1, 0
123, -2, 0
124, -2, -1
126, -2, 0
122, -1, 0
124, -2, 0
125, -2, -1
296, -2, 0
206, -2, 0
123, -5, 0
125, -3, -1
125, -1, 0
125, -3, 0
128, -1, 0
124, -2, 0
124, -2, 0
137, -2, -1
116, -2, 0
123, -2, 0
124, -2, 0
127, -2, 0
125, -2, 0
131, -2, 0
120, -2, 0
123, -2, -1
124, -2, 0
126, -2, 0
133, -2, 0
119, -2, 0
124, -2, 0
125, -3, 0
127, -1, 0
126, -3, -1
128, -2, 0
117, -2, 0
130, -2, 0
121, -3, 0
126, -2, 0
129, -1, 0
121, -3, 0
123, -2, 0
125, -2, 0
128, -2, 0
124, -3, 0
126, -2, 0
126, -3, 0
124, -1, -1
123, -3, 0
126, -2, 0
125, -2, 0
124, -3, 0
127, -2, 0
127, -2, 0
122, -2, 0
125, -3, 0
127, -2, 0
122, -3, 0
123, -2, 0
130, -3, 0
124, -2, 0
125, -2, 0
122, -3, 0
135, -2, 0
116, -3, 0
124, -2, 0
123, -3, 0
126, -2, 0
134, -3, 0
118, -2, 0
123, -3, 0
133, -2, 0
121, -2, 0
126, -3, 0
125, -2, 0
124, -3, 0
124, -2, 0
124, -4, 0
127, -2, 0
123, -3, 0
123, -2, 0
131, -3, 0
122, -2, 0
125, -3, 0
124, -3, 0
125, -2, 0
125, -3, 0
125, -3, 0
126, -3, 0
124, -2, 1
124, -3, 0
132, -3, 0
121, -3, 0
125, -2, 0
123, -2, 0
123, -3, 0
128, -3, 1
124, -3, 0
124, -3, 0
128, -3, 0
122, -2, 0
128, -4, 1
132, -2, 0
119, -3, 0
125, -3, 0
123, -3, 0
125, -3, 0
124, -2, 1
134, -3, 0
121, -3, 0
132, -3, 0
120, -3, 1
126, -3, 0
123, -3, 0
131, -3, 0
120, -3, 0
124, -3, 1
122, -3, 0
142, -2, 0
109, -4, 1
126, -3, 0
126, -3, 0
128, -3, 1
124, -3, 0
123, -3, 0
125, -4, 0
125, -2, 1
124, -4, 0
125, -2, 1
124, -3, 0
124, -4, 0
128, -2, 0
125, -4, 1
123, -3, 0
125, -3, 0
137, -3, 1
113, -4, 0
124, -2, 1
124, -4, 0
124, -3, 0
303, -3, 1
200, -4, 0
126, -9, 1
125, -4, 1
122, -3, 0
125, -4, 1
128, -2, 0
122, -4, 0
126, -3, 1
124, -3, 0
124, -4, 1
125, -3, 0
124, -4, 1
127, -2, 0
124, -5, 1
124, -2, 0
125, -4, 1
126, -3, 0
130, -4, 1
118, -3, 0
133, -3, 0
118, -4, 1
125, -3, 0
124, -4, 1
126, -3, 1
124, -5, 0
124, -2, 1
126, -5, 0
124, -3, 1
125, -4, 0
126, -3, 1
126, -3, 0
126, -4, 1
126, -3, 0
122, -4, 1
125, -3, 0
124, -5, 1
125, -3, 0
127, -4, 1
124, -3, 1
125, -4, 0
125, -4, 1
124, -2, 0
126, -5, 1
124, -3, 1
126, -5, 0
130, -3, 1
120, -4, 1
124, -3, 0
125, -5, 1
125, -3, 0
125, -4, 1
125, -3, 1
125, -3, 0
125, -5, 1
125, -3, 0
125, -5, 1
125, -3, 1
125, -4, 1
125, -4, 0
125, -4, 1
125, -4, 0
125, -4, 1
125, -3, 1
125, -4, 0
125, -4, 1
125, -3, 1
125, -5, 0
125, -4, 1
125, -4, 1
125, -3, 0
125, -5, 1
125, -4, 1
125, -4, 1
125, -4, 0
125, -3, 1
125, -5, 1
125, -3, 0
125, -5, 1
125, -3, 1
125, -5, 1
125, -3, 1
125, -5, 0
125, -3, 1
125, -5, 1
125, -4, 1
125, -3, 0
125, -5, 1
125, -3, 1
125, -6, 1
125, -3, 1
125, -5, 1
125, -3, 0
125, -5, 1
125, -4, 1
125, -5, 1
125, -3, 1
135, -4, 0
123, -5, 1
121, -3, 1
126, -5, 1
124, -4, 1
125, -5, 1
125, -3, 1
125, -6, 0
125, -3, 1
125, -5, 1
126, -4, 1
124, -3, 1
126, -6, 1
132, -3, 1
120, -5, 1
127, -4, 0
119, -5, 1
124, -4, 1
127, -5, 1
138, -4, 1
113, -5, 1
126, -3, 1
143, -6, 1
104, -3, 1
125, -4, 0
125, -5, 1
128, -4, 1
122, -5, 1
122, -4, 1
132, -5, 1
118, -4, 1
124, -5, 1
125, -4, 1
125, -5, 1
238, -4, 1
263, -4, 0
124, -14, 4
125, -4, 0
125, -5, 2
125, -4, 0
125, -6, 2
125, -3, 0
125, -6, 2
125, -4, 1
125, -3, 0
125, -6, 2
125, -4, 0
125, -5, 2
125, -4, 0
126, -6, 2
124, -3, 0
125, -6, 1
125, -4, 1
126, -5, 2
125, -4, 0
124, -4, 1
125, -5, 2
126, -4, 0
125, -6, 2
124, -4, 1
125, -6, 1
126, -3, 1
129, -6, 1
121, -4, 1
125, -6, 1
125, -4, 1
125, -5, 1
125, -4, 1
125, -4, 1
128, -6, 1
125, -4, 1
123, -6, 1
125, -3, 1
125, -6, 2
124, -4, 0
125, -6, 2
124, -4, 1
126, -5, 1
124, -4, 1
125, -4, 1
125, -6, 1
126, -4, 1
124, -6, 1
125, -4, 1
125, -6, 1
125, -4, 1
125, -6, 2
125, -4, 1
126, -6, 1
124, -4, 1
125, -4, 1
125, -6, 1
125, -4, 1
125, -6, 1
125, -4, 1
125, -6, 1
125, -4, 1
125, -6, 2
125, -4, 1
125, -6, 1
125, -4, 1
125, -4, 1
125, -6, 1
125, -4, 1
125, -6, 2
125, -4, 1
125, -6, 1
128, -4, 1
123, -7, 1
124, -4, 2
125, -6, 1
125, -4, 1
125, -6, 1
126, -4, 1
124, -4, 1
125, -6, 2
125, -4, 1
125, -6, 1
130, -4, 1
124, -7, 1
125, -4, 1
125, -6, 2
126, -4, 1
124, -6, 1
125, -4, 1
125, -5, 1
125, -6, 2
125, -4, 1
125, -6, 1
126, -4, 1
124, -6, 2
125, -4, 1
125, -7, 1
125, -4, 1
131, -6, 2
120, -4, 1
124, -4, 1
125, -7, 1
125, -4, 1
125, -6, 1
125, -4, 1
125, -7, 2
125, -4, 1
125, -6, 1
125, -4, 1
125, -6, 2
123, -5, 1
124, -4, 1
124, -6, 1
125, -5, 1
125, -6, 2
125, -4, 1
125, -7, 1
125, -4, 1
125, -6, 1
125, -4, 1
125, -7, 2
125, -4, 1
125, -6, 1
125, -5, 1
125, -4, 1
125, -6, 2
125, -4, 1
125, -7, 1
125, -4, 1
278, -6, 2
223, -5, 1
124, -17, 4
125, -4, 1
125, -5, 1
128, -6, 1
122, -4, 1
125, -7, 2
125, -4, 1
125, -7, 1
125, -4, 1
125, -6, 2
125, -5, 1
125, -6, 1
125, -5, 1
125, -4, 1
125, -6, 2
125, -5, 1
125, -6, 1
125, -5, 1
128, -6, 2
122, -4, 1
125, -7, 1
125, -4, 1
125, -7, 2
125, -4, 1
125, -4, 1
125, -7, 1
125, -4, 1
125, -7, 2
125, -4, 1
125, -7, 1
125, -4, 1
125, -7, 2
125, -4, 1
125, -7, 1
125, -4, 1
125, -4, 1
125, -7, 2
125, -4, 1
125, -7, 1
125, -4, 1
125, -7, 2
125, -4, 1
125, -7, 1
125, -4, 1
125, -6, 2
135, -5, 1
115, -4, 1
125, -7, 1
125, -4, 1
125, -7, 2
125, -4, 1
125, -7, 1
125, -4, 1
125, -7, 2
125, -4, 1
125, -7, 2
125, -4, 1
125, -4, 1
125, -7, 1
125, -4, 1
125, -7, 2
125, -4, 1
125, -7, 1
125, -4, 1
125, -7, 2
128, -4, 1
122, -7, 1
125, -4, 2
125, -5, 0
125, -6, 2
125, -4, 1
131, -7, 2
124, -4, 1
124, -7, 1
127, -5, 1
123, -6, 2
125, -4, 1
125, -7, 1
125, -4, 1
125, -7, 2
126, -4, 1
124, -5, 1
125, -6, 1
125, -5, 1
125, -6, 2
125, -5, 1
125, -6, 1
125, -5, 1
125, -6, 2
125, -5, 1
125, -6, 1
125, -5, 1
125, -4, 1
125, -7, 2
125, -4, 1
125, -7, 1
125, -4, 1
125, -7, 2
128, -4, 1
119, -7, 1
124, -4, 1
130, -6, 2
120, -5, 1
125, -4, 1
125, -7, 1
125, -4, 1
125, -7, 2
125, -4, 1
125, -6, 1
126, -5, 1
126, -6, 2
125, -5, 1
123, -6, 1
125, -5, 1
125, -4, 1
125, -7, 2
125, -4, 1
125, -7, 1
125, -4, 1
125, -6, 1
125, -5, 1
125, -7, 2
126, -4, 1
124, -6, 1
125, -5, 1
126, -4, 1
124, -7, 2
125, -4, 1
125, -6, 1
125, -5, 1
197, -6, 2
55, -5, 1
123, -6, 1
125, -4, 1
125, -7, 1
126, -4, 1
124, -7, 2
125, -4, 1
125, -4, 1
125, -7, 1
125, -4, 1
125, -7, 1
125, -4, 1
125, -6, 2
125, -5, 1
125, -6, 1
125, -4, 1
125, -7, 2
125, -4, 0
125, -4, 2
125, -7, 1
125, -4, 1
125, -7, 1
125, -4, 1
125, -6, 2
125, -4, 1
125, -7, 1
125, -4, 1
125, -7, 1
125, -4, 1
125, -4, 1
125, -6, 1
126, -5, 2
124, -6, 1
124, -4, 1
126, -7, 1
125, -4, 1
124, -6, 1
126, -4, 1
124, -7, 2
126, -4, 1
125, -4, 1
125, -6, 1
125, -5, 1
125, -6, 1
125, -4, 1
125, -7, 2
125, -4, 0
131, -6, 2
123, -4, 1
124, -7, 1
123, -4, 1
124, -4, 1
125, -6, 1
125, -4, 1
125, -7, 1
125, -4, 1
133, -6, 2
122, -4, 1
125, -6, 1
124, -5, 1
125, -6, 1
125, -4, 1
125, -4, 1
125, -6, 1
125, -4, 1
125, -7, 1
125, -4, 1
125, -6, 1
125, -4, 1
128, -6, 2
124, -4, 0
124, -7, 2
124, -4, 1
125, -4, 0
125, -6, 2
125, -4, 1
125, -6, 1
125, -4, 1
125, -6, 1
125, -4, 1
125, -6, 1
125, -5, 1
125, -6, 1
124, -4, 1
122, -4, 1
125, -6, 1
125, -4, 1
125, -6, 1
125, -4, 1
125, -6, 1
125, -4, 1
125, -6, 2
125, -4, 0
130, -6, 2
122, -4, 0
124, -4, 1
125, -6, 2
130, -4, 1
122, -6, 1
123, -4, 1
124, -7, 1
125, -3, 1
125, -6, 1
125, -5, 1
124, -5, 1
126, -4, 1
125, -4, 0
125, -6, 2
125, -4, 0
125, -6, 2
125, -4, 1
125, -6, 1
131, -4, 1
126, -6, 1
124, -4, 1
124, -6, 1
123, -4, 0
129, -4, 1
126, -6, 1
123, -4, 1
124, -5, 2
124, -4, 0
130, -6, 2
124, -4, 0
125, -6, 2
124, -4, 0
122, -6, 2
134, -3, 0
116, -4, 1
121, -6, 1
125, -4, 1
125, -6, 1
258, -4, 1
248, -5, 1
125, -14, 3
121, -5, 1
126, -4, 1
126, -4, 1
125, -6, 1
125, -4, 1
126, -5, 1
125, -4, 1
125, -6, 1
125, -3, 1
124, -6, 1
125, -4, 1
125, -6, 1
125, -3, 1
126, -4, 0
125, -6, 1
124, -3, 1
126, -6, 1
124, -4, 1
126, -5, 1
124, -4, 1
125, -5, 1
126, -4, 1
124, -6, 1
124, -3, 1
125, -4, 0
125, -6, 2
125, -3, 0
126, -6, 1
125, -4, 1
126, -5, 1
123, -4, 1
125, -5, 1
125, -4, 1
125, -5, 1
125, -4, 1
125, -4, 0
125, -5, 1
125, -4, 1
124, -5, 1
126, -3, 1
126, -6, 1
124, -4, 1
125, -5, 1
125, -3, 1
126, -6, 1
125, -3, 0
125, -4, 1
125, -5, 1
124, -4, 1
123, -5, 1
125, -4, 1
125, -5, 1
124, -3, 0
125, -6, 1
125, -3, 1
125, -5, 1
125, -4, 1
125, -3, 1
125, -5, 1
125, -4, 0
125, -5, 1
125, -3, 1
125, -6, 1
125, -3, 1
126, -5, 1
124, -4, 0
125, -5, 1
125, -3, 1
125, -5, 1
125, -4, 1
129, -3, 1
122, -5, 1
124, -4, 0
125, -5, 2
125, -3, 0
125, -5, 1
125, -3, 1
126, -5, 1
124, -4, 1
126, -5, 1
124, -3, 0
125, -3, 1
126, -5, 1
124, -3, 1
125, -5, 1
125, -4, 0
125, -5, 1
125, -3, 1
126, -5, 1
124, -3, 1
128, -5, 1
122, -3, 0
125, -3, 1
130, -5, 1
132, -3, 1
118, -5, 1
125, -3, 0
125, -5, 1
125, -3, 1
124, -5, 1
126, -3, 0
124, -5, 1
129, -3, 1
128, -3, 1
122, -5, 0
125, -3, 1
125, -5, 1
125, -3, 1
130, -4, 1
126, -3, 0
118, -5, 1
125, -3, 1
123, -5, 1
126, -3, 0
126, -3, 1
123, -4, 1
124, -3, 0
126, -5, 1
124, -3, 1
124, -4, 1
126, -3, 0
119, -5, 1
127, -3, 1
124, -4, 1
126, -3, 0
124, -5, 1
125, -2, 0
125, -3, 1
279, -5, 1
223, -3, 0
123, -12, 3
125, -2, 0
125, -5, 1
128, -3, 1
122, -4, 1
126, -3, 0
125, -3, 1
125, -4, 1
125, -3, 0
124, -4, 1
125, -3, 0
125, -4, 1
125, -3, 1
126, -4, 1
124, -3, 0
125, -4, 1
125, -3, 1
125, -2, 0
136, -5, 1
115, -2, 0
124, -4, 1
125, -3, 1
125, -4, 0
125, -3, 1
125, -4, 1
125, -2, 0
125, -4, 1
125, -3, 1
125, -3, 0
125, -4, 1
125, -2, 0
125, -4, 1
125, -3, 1
125, -4, 0
125, -2, 1
125, -4, 1
125, -3, 0
126, -4, 1
124, -2, 0
125, -3, 1
125, -4, 1
125, -2, 0
125, -4, 1
125, -2, 0
125, -4, 1
135, -3, 0
115, -3, 1
125, -3, 0
125, -4, 1
125, -2, 0
125, -2, 1
131, -4, 1
122, -3, 0
122, -3, 1
125, -3, 0
125, -3, 1
125, -2, 0
127, -4, 1
126, -2, 0
125, -4, 1
124, -2, 0
125, -2, 1
123, -4, 0
125, -2, 1
126, -4, 0
127, -2, 1
123, -3, 0
125, -2, 1
125, -4, 1
124, -2, 0
125, -3, 1
125, -2, 0
126, -3, 0
124, -3, 1
125, -2, 0
125, -3, 1
125, -3, 0
125, -3, 1
125, -2, 0
125, -3, 1
125, -2, 0
125, -3, 1
125, -2, 0
125, -2, 0
125, -3, 1
125, -3, 0
125, -3, 1
125, -2, 0
125, -3, 1
125, -2, 0
125, -3, 0
125, -2, 1
125, -3, 0
125, -2, 1
125, -2, 0
125, -3, 1
125, -1, 0
130, -3, 0
129, -2, 1
123, -3, 0
127, -2, 0
123, -3, 1
127, -2, 0
126, -2, 0
124, -2, 1
125, -2, 0
125, -3, 1
126, -2, 0
124, -2, 0
126, -2, 0
124, -3, 1
126, -2, 0
124, -2, 1
125, -2, 0
124, -3, 0
128, -2, 1
123, -1, 0
125, -3, 0
125, -1, 0
126, -3, 1
124, -2, 0
127, -2, 1
123, -2, 0
125, -2, 0
150, -2, 0
197, -2, 1
22, -2, 0
124, -2, 0
125, -2, 0
125, -2, 1
278, -2, 0
223, -1, 0
125, -6, 1
125, -2, 0
124, -2, 1
125, -2, 0
125, -1, 0
126, -2, 0
125, -2, 1
126, -2, 0
124, -1, 0
127, -2, 0
124, -2, 0
124, -2, 1
124, -1, 0
126, -2, 0
132, -1, 0
118, -2, 1
126, -2, 0
123, -1, 0
127, -2, 0
128, -1, 0
119, -2, 1
124, -1, 0
126, -2, 0
124, -1, 0
125, -2, 0
125, -1, 1
125, -2, 0
125, -1, 0
125, -1, 0
125, -2, 0
125, -1, 1
125, -2, 0
126, -1, 0
124, -2, 0
126, -1, 0
125, -1, 0
125, -1, 0
125, -2, 1
124, -1, 0
125, -1, 0
125, -1, 0
125, -2, 0
125, -1, 0
125, -1, 0
130, -1, 1
121, -1, 0
124, -2, 0
247, -2, 0
128, -1, 0
247, -2, 1
128, -1, 0
125, -1, 0
125, -1, 0
125, -1, 0
125, -1, 0
125, -1, 0
125, -1, 0
125, -1, 0
125, 0, 1
125, -1, 0
125, -1, 0
126, -1, 0
124, -1, 0
247, -1, 0
128, -1, 0
134, -1, 0
122, -1, 0
245, -1, 0
254, -1, 0
126, -1, 0
125, -1, 0
245, -1, 0
249, -1, 0
131, -1, 0
127, 0, 1
123, -1, 0
243, -1, 0
250, -1, 0
412, -1, 0
408, -1, 0
375, -1, 0
308, -1, 0
658, -1, 0
843, -1, 0
1659, 0, -1
895, 1, 0
443, 1, 0
499, 1, 0
126, 0, -1
125, 1, 0
375, 1, 0
372, 1, 0
250, 1, 0
250, 1, -1
251, 1, 0
249, 1, 0
250, 1, 0
250, 1, 0
128, 1, 0
125, 0, -1
125, 1, 0
247, 1, 0
128, 1, 0
139, 1, 0
291, 1, -1
91, 1, 0
119, 1, 0
240, 1, 0
128, 1, 0
244, 1, -1
131, 1, 0
123, 1, 0
131, 1, 0
122, 1, 0
125, 1, -1
124, 1, 0
244, 1, 0
133, 1, 0
129, 1, 0
119, 1, -1
125, 1, 0
128, 1, 0
122, 1, 0
121, 1, -1
125, 1, 0
125, 2, 0
244, 2, 0
127, 1, -1
125, 1, 0
125, 1, 0
125, 1, 0
125, 1, 0
125, 1, -1
126, 2, 0
124, 1, 0
125, 1, 0
125, 1, -1
133, 2, 0
119, 1, 0
124, 1, 0
125, 1, -1
125, 2, 0
125, 1, 0
125, 2, 0
125, 1, -1
125, 1, 0
125, 2, 0
124, 1, -1
125, 2, 0
126, 1, 0
125, 1, 0
124, 2, -1
125, 1, 0
126, 2, 0
124, 1, 0
125, 2, -1
127, 2, 0
124, 1, 0
125, 2, -1
124, 2, 0
125, 1, 0
125, 1, 0
126, 2, -1
125, 2, 0
125, 2, 0
124, 1, -1
126, 2, 0
124, 1, 0
126, 2, -1
124, 2, 0
125, 2, 0
125, 1, -1
129, 2, 0
122, 2, 0
124, 1, -1
125, 3, 0
125, 1, 0
125, 2, -1
125, 2, 0
126, 2, 0
124, 2, -1
125, 2, 0
125, 2, 0
125, 1, -1
125, 3, 0
125, 1, 0
126, 3, -1
124, 1, 0
125, 3, -1
125, 1, 0
126, 3, 0
126, 1, -1
125, 3, 0
123, 1, 0
126, 2, -1
304, 3, 0
198, 1, -1
123, 7, -1
124, 2, 0
125, 3, -1
126, 1, 0
124, 3, 0
125, 2, -1
125, 2, 0
125, 2, -1
125, 2, 0
125, 3, -1
126, 2, 0
131, 2, 0
121, 2, -1
124, 3, 0
125, 2, -1
125, 3, 0
125, 2, -1
125, 1, 0
128, 3, 0
123, 2, -1
124, 3, 0
125, 2, 0
125, 3, -1
124, 2, 0
125, 3, -1
126, 2, 0
125, 3, -1
125, 2, 0
124, 2, -1
126, 3, 0
124, 2, 0
128, 3, -1
131, 2, 0
121, 3, -1
127, 2, 0
127, 4, -1
126, 2, 0
121, 3, -1
129, 2, 0
121, 2, 0
127, 3, -1
125, 2, 0
126, 4, -1
122, 2, 0
126, 3, -1
125, 2, 0
127, 3, -1
123, 3, 0
125, 3, -1
123, 2, 0
126, 2, -1
124, 4, 0
126, 2, -1
125, 3, 0
126, 2, -1
124, 4, 0
126, 2, -1
125, 4, 0
125, 2, 0
125, 3, -1
124, 3, 0
123, 2, -1
124, 3, -1
123, 3, 0
125, 3, -1
126, 3, 0
125, 3, -1
124, 3, 0
125, 3, -1
125, 3, 0
124, 4, -1
127, 2, 0
125, 2, 0
124, 4, -1
125, 2, 0
124, 4, -1
125, 2, -1
126, 4, 0
125, 2, 0
125, 4, -1
124, 3, -1
126, 4, 0
125, 2, -1
125, 3, 0
125, 4, -1
124, 2, 0
126, 4, -1
125, 2, 0
125, 4, -1
125, 3, 0
126, 4, -1
124, 2, -1
125, 4, 0
126, 3, -1
125, 3, 0
129, 3, -1
118, 3, 0
125, 4, -1
128, 3, 0
123, 4, -1
124, 2, 0
124, 4, -1
126, 3, -1
125, 4, 0
124, 3, -1
125, 3, 0
126, 4, -1
125, 3, 0
125, 4, -1
125, 3, 0
125, 4, -1
125, 2, -1
124, 5, 0
126, 3, -1
125, 4, 0
125, 2, -1
124, 3, 0
130, 5, -1
124, 2, 0
122, 5, -1
129, 2, -1
124, 5, 0
124, 3, -1
125, 4, -1
125, 3, 0
126, 4, -1
124, 3, 0
124, 3, -1
124, 4, -1
125, 3, 0
284, 5, -1
216, 3, 0
125, 11, -2
125, 3, -1
126, 5, 0
124, 3, -1
126, 4, -1
124, 3, 0
125, 3, -1
126, 5, 0
125, 3, -1
128, 4, -1
121, 3, 0
130, 5, -1
121, 3, 0
127, 4, -1
123, 3, -1
125, 5, 0
126, 3, -1
123, 3, 0
126, 5, -1
124, 3, -1
124, 5, 0
125, 3, -1
126, 4, -1
125, 4, 0
125, 4, -1
125, 3, -1
124, 5, 0
127, 3, -1
124, 3, 0
125, 5, -1
125, 3, -1
124, 5, 0
126, 3, -1
126, 5, -1
124, 3, 0
125, 5, -1
125, 3, 0
128, 5, -1
122, 3, -1
126, 4, 0
133, 5, -1
120, 3, -1
124, 5, 0
140, 3, -1
133, 5, -1
104, 3, 0
125, 5, -1
121, 4, -1
124, 5, 0
126, 3, -1
124, 5, -1
152, 3, 0
103, 4, -1
125, 4, -1
121, 4, 0
125, 5, -1
125, 3, -1
125, 5, 0
147, 4, -1
139, 5, -1
93, 3, 0
121, 5, -1
124, 4, -1
126, 3, 0
125, 5, -1
138, 4, 0
118, 5, -1
124, 3, -1
119, 6, -1
140, 3, 0
114, 5, -1
130, 4, -1
130, 5, -1
127, 3, 0
123, 4, -1
119, 5, 0
130, 3, -1
119, 6, -1
136, 3, 0
141, 5, -1
108, 4, -1
126, 5, -1
128, 4, 0
114, 5, -1
125, 3, -1
124, 4, 0
122, 5, -1
124, 4, -1
145, 5, 0
127, 4, -1
108, 5, -1
120, 4, 0
124, 5, -1
126, 3, -1
127, 6, -1
137, 3, 0
119, 6, -1
126, 3, 0
122, 4, -1
133, 5, -1
124, 4, 0
108, 5, -1
149, 4, -1
106, 5, -1
126, 4, 0
133, 5, -1
117, 4, -1
122, 6, -1
121, 3, 0
125, 4, -1
132, 5, -1
151, 4, 0
111, 6, -1
108, 3, -1
125, 6, 0
127, 3, -1
148, 6, -1
125, 4, 0
110, 5, -1
118, 4, -1
140, 4, -1
119, 5, -1
128, 4, 0
154, 5, -1
96, 4, -1
117, 6, 0
119, 4, -1
126, 5, -1
129, 4, 0
390, 5, -1
230, 4, -1
124, 19, -3
125, 4, -1
124, 5, 0
126, 4, -1
125, 6, -1
125, 3, 0
126, 6, -1
126, 4, -1
125, 6, -1
126, 3, 0
124, 4, -1
125, 6, -1
125, 4, 0
124, 6, -1
127, 3, -1
124, 6, -1
127, 4, 0
122, 6, -1
124, 4, -1
125, 5, -1
126, 4, 0
123, 4, -1
125, 6, -1
126, 4, 0
125, 5, -1
125, 4, -1
126, 6, -1
124, 4, 0
125, 6, -1
124, 3, -1
125, 6, -1
125, 4, 0
125, 4, -1
126, 6, -1
124, 4, 0
125, 6, -1
125, 4, -1
125, 5, -1
125, 4, 0
141, 6, -1
118, 4, -1
125, 6, -1
125, 4, 0
130, 4, -1
127, 5, -1
117, 4, 0
121, 6, -1
131, 4, -1
121, 6, -1
134, 4, -1
135, 6, -1
119, 4, 0
184, 6, -1
62, 4, -1
118, 4, 0
126, 6, -1
124, 3, -1
126, 7, -1
127, 3, -1
120, 6, 0
125, 4, -1
131, 6, -1
119, 4, -1
126, 6, 0
126, 4, -1
124, 4, -1
126, 6, -1
138, 4, 0
158, 6, -1
75, 4, -1
133, 6, -1
115, 4, 0
124, 6, -1
124, 4, -1
126, 6, -1
125, 4, 0
125, 4, -1
125, 6, -1
126, 4, -1
124, 6, -1
126, 4, 0
127, 6, -1
124, 4, -1
123, 6, -1
126, 4, 0
126, 6, -1
124, 4, -1
125, 4, 0
125, 6, -1
127, 4, -1
125, 6, -1
122, 4, 0
126, 6, -1
123, 4, -1
128, 6, -1
125, 4, -1
124, 6, 0
124, 4, -1
124, 4, -1
124, 6, 0
125, 4, -1
125, 6, -1
125, 4, -1
126, 6, -1
123, 4, 0
127, 6, -1
126, 4, -1
124, 6, -1
125, 4, 0
128, 6, -1
128, 4, -1
120, 4, -1
125, 6, -1
124, 4, 0
126, 6, -1
128, 4, -1
124, 6, -1
125, 4, 0
123, 6, -1
125, 5, -1
125, 5, -1
124, 5, 0
126, 3, -1
126, 7, -1
126, 4, -1
124, 6, 0
124, 4, -1
125, 6, -1
293, 4, -1
208, 6, 0
123, 14, -3
125, 4, 0
125, 6, -1
130, 4, -1
121, 6, -1
124, 4, 0
126, 6, -1
124, 4, -1
125, 6, -1
125, 4, 0
126, 6, -1
125, 4, -1
125, 4, 0
125, 7, -1
124, 4, -1
126, 6, -1
124, 4, -1
126, 6, -1
136, 4, 0
120, 6, -1
123, 4, -1
128, 6, -1
120, 4, 0
127, 4, -1
124, 6, -1
121, 4, 0
127, 6, -1
126, 4, -1
124, 6, -1
124, 4, -1
125, 7, 0
124, 4, -1
125, 6, -1
125, 4, -1
125, 4, -1
125, 6, 0
126, 4, -1
124, 6, -1
125, 4, -1
125, 6, -1
125, 4, 0
125, 6, -1
125, 4, -1
125, 6, -1
126, 4, -1
125, 4, 0
124, 6, -1
125, 4, -1
127, 6, -1
132, 4, 0
123, 6, -1
129, 4, -1
127, 6, -1
147, 4, 0
105, 6, -1
113, 4, -1
124, 4, -1
130, 6, 0
120, 4, -1
126, 6, -1
126, 4, -1
125, 6, -1
125, 4, 0
124, 6, -1
125, 4, -1
126, 6, -1
123, 4, 0
125, 4, -1
126, 6, -1
124, 4, -1
126, 6, -1
126, 4, 0
131, 6, -1
121, 4, -1
124, 6, -1
124, 4, 0
124, 6, -1
146, 4, -1
100, 6, -1
124, 4, 0
126, 4, -1
125, 6, -1
124, 4, -1
126, 6, -1
125, 4, 0
125, 6, -1
125, 4, -1
126, 6, -1
124, 4, -1
125, 6, 0
124, 4, -1
125, 4, -1
126, 6, -1
124, 4, 0
127, 5, -1
124, 4, -1
124, 6, -1
126, 4, -1
136, 6, -1
114, 4, 0
124, 6, -1
126, 4, -1
125, 4, 0
124, 6, -1
126, 4, -1
125, 6, -1
124, 3, 0
126, 6, -1
125, 4, -1
124, 6, -1
125, 4, 0
127, 6, -1
126, 4, -1
123, 3, -1
124, 7, -1
125, 3, 0
125, 6, -1
125, 4, -1
125, 6, -1
127, 4, 0
124, 6, -1
124, 4, -1
126, 5, -1
125, 4, 0
126, 4, -1
138, 6, -1
112, 4, -1
123, 6, -1
126, 3, 0
124, 6, -1
295, 4, -1
206, 6, -1
125, 14, -2
124, 4, 0
125, 5, -1
125, 4, -1
125, 6, -1
126, 4, 0
125, 5, -1
124, 4, -1
125, 6, -1
125, 4, 0
125, 6, -1
125, 3, -1
125, 4, -1
125, 6, 0
125, 4, -1
125, 5, -1
125, 4, -1
125, 6, -1
125, 4, 0
125, 5, -1
125, 4, -1
125, 6, -1
129, 4, 0
131, 4, -1
122, 5, -1
129, 4, 0
119, 6, -1
126, 4, -1
124, 5, -1
124, 4, 0
125, 6, -1
125, 3, -1
125, 6, -1
125, 4, 0
126, 4, -1
124, 5, -1
125, 4, 0
125, 5, -1
125, 4, -1
125, 6, -1
124, 4, 0
126, 5, -1
125, 4, -1
125, 5, -1
129, 4, 0
122, 4, -1
125, 5, -1
124, 4, 0
124, 6, -1
126, 3, -1
123, 6, -1
123, 4, 0
125, 5, -1
125, 4, -1
125, 5, -1
125, 4, -1
125, 3, 0
125, 6, -1
125, 4, -1
125, 5, -1
125, 4, 0
125, 5, -1
125, 4, -1
125, 5, 0
125, 4, -1
125, 5, -1
125, 4, 0
125, 4, -1
125, 5, -1
125, 4, -1
125, 5, 0
125, 4, -1
128, 5, -1
122, 4, -1
125, 5, 0
125, 4, -1
125, 5, -1
125, 4, -1
125, 3, 0
125, 6, -1
125, 3, -1
125, 6, -1
125, 3, 0
125, 6, -1
125, 3, -1
125, 5, 0
125, 4, -1
125, 5, -1
125, 4, -1
125, 3, 0
125, 6, -1
125, 3, -1
125, 5, -1
125, 4, 0
125, 5, -1
125, 4, -1
125, 5, -1
125, 3, 0
125, 6, -1
125, 3, -1
125, 6, -1
125, 3, 0
124, 3, -1
126, 6, -1
125, 3, 0
125, 5, -1
125, 4, -1
125, 5, -1
124, 4, 0
126, 5, -1
126, 3, -1
126, 5, -1
124, 4, 0
125, 3, -1
125, 5, -1
125, 4, 0
125, 5, -1
125, 3, -1
125, 5, -1
125, 4, 0
124, 5, -1
126, 3, -1
125, 5, 0
125, 4, -1
129, 3, -1
121, 5, -1
128, 3, 0
122, 6, -1
125, 3, -1
235, 5, -1
265, 3, 0
125, 14, -3
124, 3, 0
126, 4, -1
125, 5, 0
124, 3, -1
126, 5, -1
125, 3, -1
125, 5, -1
125, 3, 0
125, 5, -1
125, 4, -1
125, 5, 0
124, 3, -1
126, 3, 0
125, 5, -1
125, 3, -1
125, 5, -1
125, 3, 0
125, 5, -1
125, 3, -1
125, 5, -1
125, 4, 0
124, 4, -1
126, 4, -1
124, 3, 0
125, 5, -1
130, 3, -1
125, 5, -1
125, 3, 0
124, 5, -1
126, 3, -1
125, 5, 0
125, 3, -1
125, 5, -1
125, 3, 0
125, 3, -1
125, 5, -1
125, 3, -1
125, 4, 0
125, 3, -1
125, 5, -1
125, 3, 0
125, 5, -1
125, 3, -1
125, 5, -1
125, 3, 0
125, 3, -1
125, 5, -1
125, 3, 0
124, 4, -1
126, 3, -1
125, 5, -1
125, 3, 0
124, 4, -1
122, 4, -1
125, 4, -1
125, 3, 0
124, 3, -1
125, 5, 0
126, 3, -1
125, 4, -1
125, 3, 0
124, 5, -1
125, 3, -1
126, 4, -1
125, 3, 0
125, 5, -1
125, 3, -1
124, 3, 0
126, 4, -1
124, 3, -1
134, 5, 0
117, 3, -1
125, 4, -1
125, 3, 0
125, 5, -1
125, 3, -1
125, 4, 0
124, 3, -1
125, 3, -1
125, 4, 0
126, 3, -1
125, 4, -1
125, 3, 0
124, 5, -1
126, 2, -1
124, 5, 0
125, 3, -1
126, 4, -1
124, 3, 0
126, 3, -1
125, 4, -1
124, 3, 0
125, 4, -1
126, 3, -1
124, 4, 0
125, 3, -1
125, 4, -1
126, 3, 0
125, 4, -1
124, 3, -1
126, 2, 0
125, 4, -1
124, 3, -1
125, 4, 0
125, 3, -1
125, 4, -1
126, 3, 0
124, 4, -1
126, 3, -1
125, 4, -1
125, 2, 0
124, 3, -1
125, 4, -1
126, 3, 0
125, 4, -1
124, 3, 0
126, 4, -1
124, 2, -1
126, 4, -1
125, 3, 0
125, 4, -1
124, 2, 0
125, 4, -1
126, 3, -1
125, 3, 0
124, 3, -1
126, 3, -1
124, 4, 0
274, 2, -1
227, 4, -1
124, 9, -1
125, 4, -1
126, 3, -1
125, 2, -1
124, 4, 0
125, 2, -1
125, 4, 0
125, 3, -1
126, 4, -1
124, 2, 0
125, 4, -1
126, 2, -1
125, 4, -1
124, 2, 0
126, 3, -1
124, 3, 0
126, 3, -1
124, 4, -1
129, 2, 0
121, 4, -1
126, 2, -1
124, 4, 0
125, 2, -1
125, 4, -1
126, 2, 0
124, 3, -1
125, 3, -1
126, 3, 0
124, 3, -1
125, 3, 0
125, 3, -1
125, 3, 0
125, 3, -1
125, 2, -1
125, 4, 0
125, 2, -1
125, 2, 0
125, 4, -1
125, 2, -1
125, 4, 0
125, 2, -1
125, 3, 0
125, 3, -1
143, 3, -1
107, 2, 0
125, 4, -1
125, 2, -1
125, 2, 0
125, 4, -1
126, 2, 0
124, 3, -1
125, 3, 0
125, 3, -1
125, 2, -1
125, 4, 0
125, 2, -1
125, 3, -1
125, 2, 0
125, 2, -1
125, 4, 0
125, 2, -1
125, 3, -1
125, 2, 0
125, 3, -1
125, 3, 0
125, 3, -1
125, 2, 0
125, 3, -1
125, 2, -1
125, 2, 0
125, 4, -1
125, 2, 0
125, 3, -1
125, 2, -1
125, 3, 0
125, 2, -1
125, 3, -1
125, 2, 0
125, 3, -1
125, 2, 0
127, 2, -1
126, 3, 0
126, 2, -1
123, 3, -1
123, 2, 0
123, 3, -1
126, 2, 0
125, 3, -1
125, 2, 0
125, 3, -1
125, 2, -1
125, 3, 0
125, 2, -1
125, 2, 0
125, 3, -1
125, 2, -1
125, 3, 0
125, 2, -1
125, 3, 0
125, 2, -1
125, 2, -1
125, 2, 0
125, 3, -1
125, 2, 0
125, 2, -1
125, 3, 0
125, 2, -1
125, 2, 0
125, 2, -1
125, 3, -1
125, 2, 0
126, 2, -1
125, 2, 0
124, 3, -1
125, 2, 0
125, 2, -1
125, 2, 0
125, 2, -1
125, 3, -1
128, 2, 0
124, 2, -1
123, 2, 0
125, 3, -1
125, 1, 0
125, 3, -1
125, 2, -1
125, 1, 0
125, 3, -1
125, 2, 0
125, 2, -1
266, 2, 0
234, 3, -1
125, 5, -2
125, 3, 0
125, 2, -1
125, 2, 0
125, 2, -1
125, 1, 0
125, 3, -1
125, 1, -1
125, 3, 0
125, 2, -1
125, 2, 0
125, 2, -1
125, 2, -1
125, 1, 0
125, 3, -1
125, 1, 0
125, 2, -1
125, 2, 0
125, 2, -1
125, 2, -1
125, 2, 0
125, 2, -1
125, 1, 0
125, 3, -1
125, 1, 0
125, 2, -1
125, 2, 0
125, 1, -1
125, 2, -1
125, 2, 0
125, 2, -1
127, 1, 0
125, 2, -1
125, 2, 0
126, 2, -1
123, 1, 0
124, 2, -1
125, 2, -1
125, 2, 0
125, 1, -1
125, 2, 0
125, 2, -1
125, 1, -1
125, 2, 0
125, 1, -1
125, 2, 0
125, 2, -1
125, 1, -1
125, 2, 0
125, 2, -1
125, 1, 0
125, 1, -1
125, 2, 0
125, 2, -1
125, 2, 0
125, 1, -1
125, 2, 0
125, 1, -1
125, 2, -1
125, 1, 0
125, 2, -1
125, 1, 0
125, 1, -1
125, 2, 0
125, 1, -1
125, 2, 0
125, 1, -1
125, 2, -1
125, 1, 0
125, 2, -1
125, 1, 0
125, 1, -1
125, 1, 0
125, 2, -1
125, 1, 0
125, 1, -1
125, 2, 0
125, 1, -1
125, 2, 0
125, 1, -1
125, 1, 0
125, 1, -1
125, 2, -1
125, 1, 0
125, 1, 0
125, 1, -1
125, 1, 0
125, 2, -1
125, 1, -1
125, 1, 0
125, 1, -1
125, 2, 0
125, 1, -1
125, 1, 0
125, 1, -1
125, 1, 0
125, 2, -1
247, 2, -1
128, 1, 0
125, 1, -1
125, 1, 0
125, 1, -1
125, 1, 0
125, 1, -1
125, 1, 0
125, 1, -1
125, 1, 0
124, 1, -1
127, 1, 0
125, 1, -1
124, 1, 0
124, 1, -1
126, 1, 0
125, 1, -1
126, 1, 0
124, 1, -1
125, 1, 0
125, 1, -1
125, 1, 0
125, 1, -1
125, 1, 0
125, 1, -1
247, 2, -1
250, 1, -1
128, 1, 0
125, 1, -1
231, 1, 0
152, 1, -1
118, 1, 0
125, 1, -1
125, 1, 0
124, 0, -1
125, 1, 0
125, 1, -1
125, 1, 0
125, 0, -1
125, 1, 0
125, 1, -1
125, 1, 0
125, 0, -1
125, 1, 0
125, 1, -1
247, 1, -1
128, 1, 0
125, 0, -1
125, 1, 0
125, 1, -1
248, 1, 0
127, 0, -1
125, 1, 0
125, 0, -1
125, 1, 0
125, 1, -1
247, 1, -1
250, 1, -1
250, 1, -1
250, 1, -1
250, 1, -1
250, 1, -1
250, 1, 0
128, 0, -1
247, 1, -1
250, 1, -1
251, 1, -1
250, 0, -1
127, 1, 0
125, 0, -1
413, 1, -1
209, 0, -1
128, 1, 0
125, 0, -1
247, 1, -1
250, 0, -1
413, 1, -1
212, 0, -1
250, 0, -1
128, 1, 0
125, 0, -1
248, 0, -1
250, 0, -1
418, 1, -1
206, 0, -1
250, 0, -1
250, 0, -1
415, 0, -1
210, 0, -1
250, 0, -1
250, 0, -1
416, 0, -1
209, 0, -1
251, 0, -1
250, 0, -1
413, 0, -1
211, 0, -1
250, 0, -1
376, -1, -1
128, 0, -1
411, 0, -1
91, -1, 0
245, 0, -1
249, -1, -1
250, 0, -1
250, -1, 0
129, 0, -1
247, -1, -1
400, 0, -1
227, -1, -1
247, -1, -1
251, 0, -1
132, -1, 0
123, 0, -1
122, -1, 0
246, 0, -1
128, -1, 0
125, 0, -1
125, -1, 0
247, 0, -1
128, -1, 0
125, 0, -1
125, -1, 0
247, -1, -1
251, -1, -1
250, -1, 0
127, 0, -1
125, -1, 0
125, 0, -1
125, -1, 0
125, 0, -1
125, -1, 0
247, -1, -1
250, -1, -1
128, -1, 0
125, 0, -1
247, -1, 0
128, -1, -1
249, -1, 0
126, -1, -1
247, -1, -1
251, -1, -1
128, -1, 0
246, -1, -1
128, -1, 0
128, -1, -1
244, -1, 0
128, -1, -1
247, -1, -1
128, -1, 0
247, -1, -1
128, -1, 0
125, -1, 0
125, 0, -1
125, -1, 0
125, -1, -1
125, -1, 0
125, -1, 0
125, 0, -1
125, -1, 0
125, -1, -1
247, -2, 0
128, 0, -1
125, -1, 0
125, -1, 0
125, -1, -1
125, -1, 0
125, -1, -1
247, -1, -1
128, -1, 0
125, -1, 0
125, -1, 0
125, -1, -1
125, -1, 0
125, 0, -1
125, -2, 0
247, -1, -1
128, -1, 0
125, -1, -1
125, -1, 0
125, -1, 0
125, -1, -1
125, -1, 0
125, -1, 0
125, -1, -1
125, -1, 0
125, -1, 0
125, -1, -1
125, -1, 0
125, -1, -1
125, -1, 0
125, -2, 0
247, -1, -1
128, -2, 0
125, 0, -1
125, -2, 0
125, -1, 0
125, -1, -1
125, -1, 0
125, -1, -1
125, -1, 0
125, -2, 0
125, -1, 0
125, 0, -1
125, -2, 0
125, -1, 0
125, -1, -1
125, -1, 0
125, -2, -1
125, -1, 0
125, -1, 0
125, -1, -1
125, -2, 0
125, -1, 0
125, -1, -1
125, -1, 0
125, -1, 0
125, -2, -1
125, -1, 0
375, -1, 0
125, -4, -1
125, -2, -1
125, -1, 0
125, -1, 0
125, -2, -1
125, -1, 0
125, -1, 0
125, -1, 0
125, -2, -1
125, -1, 0
125, -2, 0
125, -1, -1
125, -2, 0
125, -1, 0
125, -2, -1
125, -1, 0
125, -1, 0
125, -2, 0
125, -1, -1
125, -2, 0
125, -1, 0
125, -2, -1
125, -1, 0
125, -2, 0
125, -1, 0
125, -2, -1
125, -1, 0
125, -1, 0
125, -2, -1
125, -2, 0
125, -2, 0
125, -1, 0
126, -2, -1
129, -1, 0
122, -2, 0
126, -1, 0
123, -2, -1
124, -2, 0
125, -1, 0
125, -2, 0
125, -1, 0
125, -2, -1
125, -2, 0
125, -2, 0
125, -1, -1
125, -2, 0
125, -2, 0
125, -2, 0
125, -1, 0
125, -2, 0
125, -2, -1
125, -1, 0
125, -2, 0
125, -2, 0
125, -2, -1
125, -2, 0
125, -2, 0
125, -1, 0
125, -2, -1
125, -2, 0
125, -2, 0
125, -2, 0
125, -2, 0
125, -2, 0
125, -1, -1
125, -3, 0
125, -1, 0
125, -2, 0
126, -2, 0
125, -2, -1
124, -2, 0
125, -2, 0
125, -2, 0
161, -2, 0
120, -2, 0
123, -2, 0
96, -2, -1
125, -2, 0
125, -2, 0
126, -2, 0
124, -2, 0
125, -2, 0
125, -3, 0
125, -1, 0
125, -2, 0
125, -3, -1
125, -1, 0
125, -3, 0
125, -2, 0
125, -2, 0
125, -2, 0
125, -3, 0
125, -1, 0
126, -3, 0
124, -2, -1
125, -2, 0
125, -2, 0
125, -2, 0
125, -3, 0
126, -1, 0
124, -3, 0
125, -2, 0
125, -3, 0
125, -2, 0
126, -2, 0
124, -2, 0
125, -3, 0
125, -2, 0
125, -2, 0
125, -2, 0
126, -2, 0
124, -3, 0
127, -2, 0
124, -3, 0
124, -2, -1
125, -3, 0
125, -2, 0
125, -3, 0
125, -2, 0
125, -2, 0
125, -3, 0
125, -2, 0
125, -3, 0
125, -2, 0
125, -3, 0
125, -2, 0
126, -3, 0
124, -2, 0
125, -3, 0
125, -2, 0
233, -2, 0
19, -3, 0
127, -2, 0
121, -3, 1
125, -2, 0
125, -4, 0
125, -2, 0
126, -3, 0
125, -2, 0
124, -3, 0
125, -2, 0
125, -2, 0
125, -4, 0
126, -2, 1
125, -3, 0
124, -2, 0
126, -4, 0
124, -2, 0
125, -3, 0
126, -2, 1
125, -4, 0
124, -2, 0
126, -3, 0
124, -3, 0
125, -2, 0
126, -3, 1
125, -2, 0
126, -4, 0
125, -2, 0
125, -4, 0
125, -2, 0
125, -3, 1
125, -3, 0
126, -3, 0
128, -2, 0
121, -3, 0
127, -3, 1
124, -2, 0
126, -4, 0
124, -2, 1
126, -4, 0
123, -2, 0
127, -4, 0
123, -2, 1
127, -4, 0
123, -2, 0
127, -2, 0
123, -4, 1
127, -2, 0
124, -4, 0
128, -2, 1
121, -4, 0
125, -2, 0
125, -4, 1
125, -2, 0
126, -4, 0
125, -3, 1
125, -2, 0
125, -4, 1
126, -2, 0
123, -4, 0
127, -3, 1
123, -4, 0
126, -2, 0
124, -4, 1
125, -2, 0
126, -4, 0
125, -3, 1
125, -4, 0
124, -2, 1
126, -3, 0
124, -4, 1
127, -2, 0
122, -4, 0
128, -3, 1
129, -4, 0
120, -2, 1
124, -4, 0
126, -3, 1
125, -4, 0
124, -3, 0
126, -2, 1
124, -4, 0
127, -3, 1
123, -4, 0
126, -3, 1
124, -4, 0
127, -3, 1
123, -4, 0
126, -2, 1
124, -4, 0
126, -3, 1
125, -3, 0
125, -4, 1
125, -3, 0
124, -4, 1
126, -3, 0
124, -4, 1
127, -3, 0
123, -4, 1
126, -3, 0
124, -4, 1
126, -3, 0
125, -2, 1
125, -5, 0
124, -2, 1
126, -5, 1
124, -3, 0
126, -4, 1
125, -3, 0
125, -4, 1
125, -3, 0
125, -4, 1
125, -3, 1
124, -3, 0
127, -4, 1
123, -3, 0
128, -5, 1
122, -2, 1
127, -5, 0
123, -3, 1
126, -4, 1
126, -3, 0
124, -5, 1
124, -3, 0
126, -4, 1
125, -3, 1
125, -3, 0
125, -5, 1
125, -3, 1
125, -4, 0
124, -3, 1
127, -5, 1
275, -3, 0
223, -5, 1
126, -10, 2
125, -3, 1
125, -5, 1
126, -3, 0
123, -5, 1
127, -3, 1
124, -4, 0
125, -4, 1
124, -4, 1
126, -3, 0
124, -5, 1
125, -3, 1
125, -3, 0
126, -5, 1
125, -3, 1
125, -5, 1
125, -3, 1
124, -5, 0
131, -3, 1
120, -4, 1
125, -4, 0
124, -4, 1
126, -4, 1
123, -3, 1
126, -5, 0
125, -3, 1
125, -5, 1
126, -3, 1
123, -5, 0
127, -3, 1
124, -5, 1
125, -3, 1
124, -5, 1
126, -3, 0
125, -5, 1
125, -3, 1
126, -4, 0
124, -4, 1
126, -4, 1
123, -5, 1
126, -3, 1
126, -5, 1
124, -3, 0
124, -5, 1
124, -4, 1
125, -5, 1
125, -3, 1
126, -3, 0
128, -5, 1
123, -4, 1
126, -5, 1
124, -3, 1
123, -5, 1
125, -3, 0
126, -5, 1
125, -4, 1
125, -5, 1
124, -3, 1
125, -5, 1
125, -4, 0
126, -3, 1
124, -5, 1
126, -4, 1
124, -5, 1
126, -3, 1
124, -6, 1
125, -3, 0
125, -5, 2
126, -4, 0
124, -4, 1
125, -4, 1
125, -3, 1
126, -6, 1
124, -3, 1
126, -5, 1
124, -4, 0
125, -5, 1
125, -4, 1
125, -5, 1
125, -3, 1
125, -6, 1
125, -3, 0
126, -4, 1
124, -5, 1
125, -3, 1
125, -6, 1
125, -3, 1
125, -6, 1
125, -3, 1
125, -6, 1
129, -3, 0
123, -5, 2
126, -4, 0
123, -5, 1
124, -4, 1
125, -3, 1
125, -6, 1
125, -3, 1
125, -6, 1
126, -3, 1
124, -6, 1
125, -3, 1
125, -6, 1
125, -4, 0
125, -5, 2
125, -4, 0
125, -3, 1
125, -6, 1
125, -3, 1
125, -6, 1
125, -3, 1
125, -6, 1
126, -4, 1
125, -5, 1
124, -4, 1
125, -5, 1
127, -4, 0
124, -4, 1
124, -5, 1
125, -4, 1
125, -5, 1
125, -4, 1
125, -6, 1
125, -3, 1
125, -6, 1
126, -4, 1
124, -5, 1
125, -4, 1
125, -4, 1
309, -5, 1
198, -4, 1
119, -15, 3
124, -4, 1
125, -5, 1
125, -4, 1
125, -6, 1
125, -3, 1
125, -4, 1
125, -6, 1
125, -3, 1
125, -6, 1
125, -4, 1
125, -5, 1
126, -4, 1
124, -6, 1
125, -4, 1
125, -5, 1
125, -4, 1
125, -4, 1
125, -6, 1
125, -3, 1
125, -6, 1
125, -4, 1
125, -5, 1
125, -4, 1
125, -6, 1
125, -4, 1
125, -6, 1
125, -3, 1
125, -6, 1
125, -4, 1
125, -4, 1
125, -6, 1
125, -3, 1
125, -6, 1
125, -4, 1
125, -6, 1
125, -3, 1
125, -6, 1
125, -4, 1
128, -6, 2
122, -4, 0
125, -3, 1
125, -6, 1
125, -4, 1
125, -6, 2
125, -4, 0
126, -5, 2
124, -4, 1
125, -6, 1
125, -4, 1
125, -6, 1
125, -4, 1
125, -4, 1
124, -5, 1
126, -4, 1
125, -6, 1
125, -4, 1
125, -6, 1
125, -4, 1
125, -5, 1
125, -4, 1
125, -6, 1
125, -4, 1
124, -4, 1
126, -6, 1
125, -4, 1
125, -5, 1
125, -5, 1
125, -5, 1
125, -4, 1
125, -6, 1
124, -4, 1
126, -6, 1
125, -4, 1
124, -6, 2
126, -4, 0
124, -4, 1
125, -6, 1
126, -3, 1
124, -6, 2
125, -4, 1
126, -6, 1
125, -4, 0
124, -6, 2
125, -4, 1
125, -6, 1
125, -4, 1
125, -4, 0
125, -5, 2
125, -4, 1
126, -6, 1
124, -4, 1
125, -6, 1
125, -4, 1
125, -6, 1
125, -4, 1
125, -6, 1
125, -4, 1
126, -4, 1
125, -6, 1
124, -4, 1
125, -6, 1
125, -4, 1
125, -6, 1
125, -4, 1
125, -5, 2
125, -4, 0
125, -6, 2
125, -4, 1
125, -4, 0
125, -6, 2
125, -4, 1
126, -6, 1
124, -4, 1
125, -6, 1
126, -4, 1
124, -6, 1
125, -4, 1
125, -6, 1
125, -4, 1
125, -4, 1
125, -5, 1
125, -4, 1
126, -6, 1
124, -4, 1
125, -6, 1
125, -4, 1
126, -6, 1
124, -4, 1
125, -6, 1
230, -4, 1
22, -6, 1
132, -4, 1
116, -4, 1
127, -6, 1
124, -4, 1
124, -6, 1
125, -4, 1
125, -6, 1
125, -4, 1
125, -6, 1
126, -4, 1
124, -6, 1
125, -4, 1
125, -4, 1
125, -6, 1
125, -4, 1
125, -5, 1
125, -4, 1
125, -6, 1
125, -4, 1
125, -6, 1
126, -4, 1
124, -6, 1
125, -4, 1
125, -4, 1
126, -6, 1
124, -4, 1
125, -6, 1
125, -4, 1
125, -6, 1
125, -4, 1
125, -6, 1
125, -4, 1
125, -6, 1
125, -4, 1
125, -3, 0
125, -6, 2
125, -4, 1
125, -6, 1
125, -4, 1
125, -6, 1
125, -4, 1
125, -6, 1
126, -4, 1
124, -6, 1
125, -3, 0
125, -4, 1
125, -6, 1
125, -4, 1
125, -6, 1
125, -4, 1
125, -6, 1
125, -4, 1
125, -6, 1
125, -4, 1
125, -6, 1
125, -3, 1
125, -6, 1
125, -4, 1
125, -4, 1
125, -6, 1
125, -4, 1
125, -6, 1
126, -3, 1
124, -6, 1
125, -4, 1
125, -6, 1
125, -4, 1
125, -6, 1
125, -3, 1
125, -4, 0
125, -6, 2
125, -4, 0
125, -6, 1
125, -4, 1
125, -5, 1
125, -4, 1
125, -6, 1
125, -4, 1
125, -6, 1
125, -4, 1
125, -4, 1
125, -5, 1
125, -4, 1
125, -6, 1
125, -4, 1
125, -6, 1
125, -3, 1
125, -6, 1
125, -4, 1
125, -6, 1
125, -4, 1
125, -3, 0
125, -6, 1
125, -4, 1
125, -6, 1
125, -4, 1
125, -5, 1
125, -4, 1
125, -6, 1
126, -4, 1
124, -5, 1
126, -4, 1
124, -4, 0
125, -6, 2
125, -4, 0
125, -5, 1
125, -4, 1
125, -6, 1
125, -4, 1
125, -5, 1
125, -4, 1
125, -6, 1
125, -3, 1
125, -6, 1
126, -4, 0
125, -4, 1
125, -5, 1
124, -4, 1
125, -6, 1
125, -4, 1
125, -5, 1
125, -4, 1
125, -6, 1
125, -3, 1
125, -6, 1
125, -4, 0
125, -3, 1
125, -6, 1
125, -4, 1
125, -6, 1
125, -3, 1
272, -6, 1
228, -4, 1
125, -14, 3
125, -4, 0
125, -4, 1
126, -5, 1
124, -4, 1
125, -5, 1
125, -4, 1
125, -6, 1
125, -3, 0
125, -6, 2
125, -4, 0
125, -5, 1
125, -4, 1
130, -3, 1
122, -6, 1
125, -4, 0
123, -5, 2
125, -4, 0
125, -5, 1
126, -4, 1
124, -6, 1
125, -3, 1
126, -5, 1
124, -4, 1
125, -4, 0
125, -5, 1
125, -4, 1
125, -5, 1
125, -4, 1
128, -5, 1
122, -4, 1
125, -5, 1
125, -4, 0
125, -5, 1
125, -4, 1
125, -3, 1
125, -6, 1
125, -3, 1
125, -6, 0
125, -3, 1
125, -6, 1
127, -3, 1
123, -6, 1
125, -3, 1
125, -6, 1
125, -3, 0
125, -5, 1
125, -4, 1
125, -3, 1
125, -6, 1
125, -3, 0
125, -6, 1
125, -3, 1
126, -6, 1
124, -3, 1
125, -5, 1
125, -4, 0
125, -5, 1
125, -4, 1
125, -3, 1
125, -6, 1
125, -3, 0
125, -5, 1
125, -4, 1
125, -5, 1
125, -3, 1
125, -6, 1
125, -3, 1
125, -5, 0
125, -4, 1
125, -3, 1
125, -5, 1
125, -4, 1
125, -5, 1
125, -3, 0
125, -6, 1
125, -3, 1
125, -5, 1
125, -4, 1
125, -5, 1
125, -3, 0
125, -4, 1
125, -5, 1
125, -3, 0
125, -5, 2
125, -3, 0
125, -6, 1
125, -3, 1
125, -5, 1
125, -3, 0
125, -5, 2
125, -4, 0
125, -5, 1
125, -3, 1
125, -4, 0
125, -5, 1
125, -3, 1
125, -5, 1
125, -3, 1
125, -5, 1
125, -4, 0
125, -4, 1
125, -4, 1
125, -5, 1
125, -3, 0
125, -3, 1
125, -5, 1
125, -3, 1
126, -5, 1
124, -3, 0
126, -5, 1
124, -3, 1
125, -5, 1
125, -4, 0
125, -5, 1
125, -3, 1
125, -3, 1
125, -5, 1
125, -3, 0
125, -5, 1
125, -3, 1
125, -5, 1
126, -3, 0
124, -5, 1
125, -3, 1
126, -5, 1
126, -3, 0
125, -3, 1
126, -5, 1
319, -3, 1
179, -5, 1
124, -11, 2
127, -5, 0
129, -3, 1
122, -4, 1
128, -4, 1
121, -3, 0
126, -4, 1
125, -4, 1
125, -4, 1
126, -3, 0
129, -5, 1
125, -3, 1
123, -5, 0
124, -3, 1
125, -4, 1
124, -3, 1
126, -5, 1
122, -3, 0
125, -3, 1
126, -5, 1
124, -3, 0
129, -4, 1
122, -3, 1
126, -5, 0
124, -3, 1
124, -4, 1
125, -3, 0
123, -5, 1
125, -3, 1
125, -3, 0
125, -4, 1
125, -3, 1
125, -5, 1
125, -3, 0
125, -4, 1
125, -3, 1
125, -4, 1
126, -3, 0
125, -5, 1
125, -3, 1
126, -3, 0
124, -4, 1
127, -3, 1
124, -4, 1
124, -3, 0
125, -4, 1
126, -3, 0
124, -5, 1
125, -2, 1
125, -5, 1
125, -2, 0
125, -3, 1
125, -4, 0
125, -4, 1
125, -4, 1
125, -3, 0
125, -4, 1
125, -3, 1
125, -4, 1
125, -3, 0
125, -4, 1
125, -2, 0
125, -3, 1
125, -4, 1
125, -3, 0
126, -4, 1
124, -3, 1
125, -4, 0
126, -3, 1
125, -4, 1
124, -3, 0
125, -4, 1
127, -2, 0
126, -3, 1
123, -4, 1
124, -3, 0
125, -4, 1
125, -2, 0
125, -5, 1
125, -2, 1
125, -4, 0
125, -3, 1
125, -4, 1
125, -2, 0
125, -4, 1
125, -3, 0
125, -3, 1
125, -3, 1
125, -3, 0
125, -4, 1
125, -3, 0
125, -3, 1
125, -3, 1
125, -4, 0
125, -2, 1
125, -4, 0
125, -3, 1
125, -2, 0
125, -4, 1
126, -3, 1
124, -3, 0
125, -3, 1
126, -4, 0
124, -2, 1
125, -4, 1
128, -2, 0
123, -4, 1
123, -2, 0
126, -3, 1
124, -3, 0
126, -3, 1
124, -4, 0
126, -2, 1
125, -4, 1
124, -2, 0
133, -4, 1
122, -2, 0
125, -3, 1
123, -3, 0
125, -2, 1
125, -4, 0
125, -2, 1
125, -3, 0
125, -3, 1
125, -3, 0
131, -3, 1
119, -3, 1
125, -2, 0
125, -3, 1
125, -3, 0
247, -2, 0
251, -3, 1
124, -8, 1
128, -3, 1
126, -2, 0
124, -4, 1
127, -2, 0
124, -3, 1
129, -2, 1
121, -4, 0
124, -2, 0
127, -2, 1
126, -3, 0
124, -2, 1
126, -3, 0
124, -2, 1
126, -4, 0
124, -2, 1
126, -3, 0
124, -2, 1
126, -3, 0
124, -2, 1
127, -2, 0
126, -3, 1
123, -2, 0
124, -3, 1
126, -2, 0
125, -3, 0
124, -2, 1
125, -3, 0
122, -2, 1
125, -3, 0
126, -2, 1
123, -2, 0
124, -3, 0
125, -2, 1
125, -3, 0
126, -2, 1
124, -2, 0
125, -2, 0
125, -3, 1
125, -2, 0
125, -3, 1
125, -2, 0
125, -1, 0
125, -3, 1
125, -2, 0
126, -3, 1
128, -2, 0
121, -2, 0
125, -2, 1
125, -3, 0
125, -1, 0
125, -3, 1
125, -2, 0
125, -1, 1
125, -3, 0
125, -2, 0
125, -2, 1
125, -2, 0
125, -3, 0
125, -1, 1
125, -3, 0
132, -1, 1
122, -3, 0
124, -2, 0
125, -2, 1
125, -2, 0
125, -1, 0
125, -3, 1
127, -1, 0
126, -3, 0
126, -1, 1
145, -2, 0
107, -2, 0
127, -2, 1
126, -2, 0
124, -2, 0
121, -2, 0
126, -1, 1
124, -2, 0
127, -2, 0
124, -2, 1
122, -1, 0
124, -2, 0
126, -2, 0
125, -2, 1
124, -1, 0
127, -3, 0
124, -1, 0
126, -1, 1
123, -2, 0
128, -1, 0
124, -3, 1
124, -1, 0
126, -2, 0
125, -1, 0
124, -2, 1
125, -2, 0
127, -2, 0
124, -1, 0
124, -1, 1
124, -2, 0
132, -1, 0
114, -2, 0
126, -1, 1
124, -2, 0
126, -1, 0
125, -2, 0
125, -1, 0
127, -2, 1
124, -1, 0
125, -1, 0
127, -2, 0
123, -1, 1
126, -2, 0
123, -1, 0
125, -2, 0
125, -1, 0
124, -1, 1
126, -1, 0
124, -2, 0
127, -1, 0
124, -1, 0
125, -1, 0
126, -1, 1
124, -2, 0
126, -1, 0
124, -1, 0
125, -1, 0
124, -2, 1
284, -1, 0
217, -1, 0
125, -3, 0
124, -1, 0
125, -1, 1
133, -1, 0
120, -1, 0
127, -1, 0
134, -2, 0
245, -1, 0
120, -1, 1
124, -1, 0
126, -1, 0
124, -1, 0
125, -1, 0
125, -1, 0
125, -1, 0
125, 0, 1
126, -1, 0
133, -1, 0
117, -1, 0
124, -1, 0
125, -1, 0
249, -1, 0
145, -1, 0
233, -1, 0
128, -1, 1
124, -1, 0
244, -1, 0
250, -1, 0
131, -1, 0
246, -1, 0
248, -1, 0
287, -1, 0
93, -1, 0
131, 0, 1
240, -1, 0
249, -1, 0
248, -1, 0
375, -1, 0
249, -1, 0
530, -1, 0
502, -1, 0
745, -1, 0
3653, 1, 0
324, 1, 0
500, 1, 0
378, 1, 0
371, 1, 0
135, 0, -1
239, 1, 0
251, 1, 0
249, 1, 0
251, 1, 0
248, 1, 0
250, 1, 0
129, 1, 0
246, 1, -1
251, 1, 0
127, 1, 0
448, 1, 0
177, 1, 0
125, 2, 0
124, 0, -1
126, 1, 0
123, 1, 0
248, 1, 0
127, 1, 0
126, 1, 0
124, 1, 0
126, 1, -1
247, 1, 0
128, 1, 0
126, 1, 0
124, 1, 0
126, 1, 0
124, 1, 0
125, 1, -1
125, 1, 0
248, 2, 0
249, 2, 0
127, 0, -1
125, 2, 0
248, 1, 0
128, 2, 0
247, 2, 0
128, 1, 0
133, 1, -1
140, 1, 0
113, 1, 0
124, 1, 0
124, 2, 0
121, 1, -1
134, 1, 0
117, 1, 0
126, 1, 0
124, 2, 0
162, 1, 0
104, 2, -1
116, 1, 0
127, 1, 0
142, 1, 0
108, 2, 0
115, 1, -1
125, 2, 0
124, 1, 0
125, 1, 0
125, 1, 0
125, 2, -1
124, 1, 0
126, 2, 0
125, 1, 0
125, 2, -1
124, 1, 0
125, 1, 0
125, 2, 0
122, 2, 0
131, 1, -1
118, 2, 0
126, 1, 0
124, 2, 0
125, 1, -1
127, 2, 0
129, 1, 0
121, 2, 0
127, 2, -1
125, 2, 0
124, 1, 0
123, 1, 0
125, 2, -1
127, 2, 0
124, 2, 0
126, 1, 0
124, 2, -1
128, 2, 0
122, 2, 0
125, 1, 0
124, 3, -1
125, 1, 0
124, 1, 0
126, 3, -1
125, 1, 0
125, 2, 0
125, 2, 0
125, 2, -1
125, 2, 0
125, 2, 0
128, 1, -1
122, 3, 0
125, 1, 0
125, 2, 0
125, 2, -1
125, 2, 0
124, 3, 0
127, 1, 0
128, 3, -1
122, 1, 0
124, 3, 0
125, 1, -1
125, 3, 0
125, 2, 0
124, 1, 0
125, 3, -1
126, 2, 0
125, 2, -1
125, 2, 0
124, 3, 0
125, 1, 0
128, 3, -1
122, 2, 0
125, 2, 0
126, 2, -1
124, 3, 0
125, 2, 0
125, 1, 0
126, 3, -1
124, 2, 0
125, 3, -1
125, 1, 0
126, 3, 0
124, 2, 0
126, 3, -1
125, 2, 0
128, 3, 0
125, 2, -1
124, 2, 0
244, 2, 0
256, 2, 0
124, 8, -1
124, 2, -1
125, 3, 0
126, 2, 0
125, 3, -1
124, 2, 0
125, 2, 0
125, 3, -1
125, 3, 0
125, 2, 0
125, 3, -1
125, 3, 0
125, 2, 0
125, 3, -1
125, 2, 0
125, 3, 0
139, 2, -1
115, 3, 0
125, 3, -1
125, 2, 0
136, 3, 0
114, 2, -1
125, 3, 0
125, 3, 0
144, 3, -1
105, 2, 0
126, 3, 0
125, 3, -1
125, 2, 0
125, 3, -1
125, 2, 0
125, 4, 0
125, 2, 0
127, 3, -1
124, 3, -1
123, 3, 0
126, 2, 0
125, 4, 0
125, 2, -1
124, 2, 0
128, 4, -1
124, 2, 0
127, 4, 0
184, 2, -1
67, 4, 0
124, 2, -1
132, 4, 0
112, 2, 0
125, 4, -1
124, 2, 0
126, 3, 0
124, 3, -1
125, 3, 0
125, 3, -1
124, 3, 0
125, 3, -1
125, 3, 0
126, 4, 0
125, 2, -1
125, 4, 0
125, 3, -1
125, 2, 0
124, 4, -1
127, 2, 0
123, 4, 0
126, 3, -1
124, 4, 0
125, 2, -1
125, 4, 0
127, 3, -1
123, 4, 0
125, 2, 0
126, 3, -1
141, 4, 0
108, 3, -1
125, 3, 0
126, 3, -1
125, 4, 0
124, 3, -1
125, 4, 0
126, 2, -1
125, 4, 0
125, 3, 0
124, 3, -1
125, 4, 0
125, 3, -1
125, 4, 0
128, 2, 0
124, 4, -1
123, 3, 0
125, 4, -1
126, 3, 0
145, 4, -1
111, 3, 0
122, 3, -1
123, 4, 0
125, 3, -1
125, 4, 0
125, 3, 0
124, 4, -1
126, 3, 0
133, 4, -1
117, 3, 0
125, 4, -1
125, 3, 0
125, 3, -1
126, 4, 0
125, 3, -1
125, 4, 0
125, 3, -1
125, 5, 0
125, 3, -1
125, 4, 0
132, 3, -1
118, 5, 0
125, 3, -1
122, 3, 0
125, 4, -1
125, 3, 0
125, 4, -1
126, 3, 0
124, 5, -1
126, 3, 0
125, 4, -1
125, 3, 0
125, 5, -1
124, 3, 0
125, 4, -1
125, 3, 0
331, 4, -1
175, 4, 0
122, 11, -2
123, 5, 0
124, 3, -1
126, 4, 0
124, 3, -1
125, 5, 0
125, 3, -1
125, 3, 0
125, 5, -1
125, 3, 0
125, 5, -1
125, 3, 0
125, 5, -1
124, 3, 0
126, 5, -1
124, 3, -1
126, 5, 0
124, 3, -1
126, 3, 0
125, 5, -1
125, 3, 0
125, 5, -1
134, 3, 0
132, 5, -1
137, 3, 0
112, 5, -1
117, 3, 0
125, 5, -1
124, 4, 0
126, 3, -1
125, 5, 0
123, 3, -1
125, 5, 0
125, 3, -1
124, 5, 0
124, 4, -1
125, 5, -1
126, 3, 0
125, 5, 0
125, 3, -1
125, 4, 0
125, 5, -1
135, 3, -1
119, 5, 0
124, 3, -1
126, 5, 0
127, 4, -1
121, 5, 0
125, 3, -1
126, 5, 0
124, 4, -1
122, 5, 0
124, 3, -1
130, 4, 0
129, 5, -1
120, 3, -1
131, 6, 0
133, 3, -1
111, 5, 0
123, 4, -1
127, 5, -1
124, 3, 0
126, 6, -1
123, 3, 0
124, 4, 0
124, 5, -1
125, 3, -1
126, 5, 0
124, 4, -1
126, 5, 0
124, 4, -1
125, 5, -1
126, 3, 0
126, 6, -1
123, 3, 0
125, 4, -1
126, 5, -1
131, 4, 0
118, 5, -1
124, 3, 0
125, 6, -1
136, 3, 0
116, 6, -1
129, 3, 0
147, 6, -1
106, 3, 0
126, 6, -1
122, 3, -1
126, 4, 0
121, 5, -1
126, 4, 0
128, 5, -1
123, 4, 0
128, 5, -1
121, 4, 0
129, 6, -1
123, 3, -1
123, 6, 0
145, 3, -1
107, 4, 0
124, 6, -1
123, 3, 0
125, 6, -1
129, 4, 0
121, 5, -1
124, 4, -1
128, 5, 0
123, 4, -1
125, 6, 0
126, 3, -1
126, 4, 0
123, 6, -1
122, 4, -1
124, 5, 0
127, 4, -1
126, 6, 0
126, 3, -1
126, 6, -1
126, 4, 0
127, 5, -1
119, 4, 0
126, 4, -1
125, 6, 0
125, 3, -1
128, 6, 0
123, 4, -1
123, 5, -1
124, 4, 0
126, 6, -1
358, 4, 0
273, 5, -1
122, 18, -2
125, 5, -1
124, 4, 0
128, 6, -1
128, 4, 0
122, 5, -1
122, 4, -1
125, 6, 0
126, 4, -1
127, 6, -1
121, 3, 0
125, 4, -1
122, 6, 0
126, 4, -1
124, 6, -1
126, 4, 0
125, 6, -1
124, 3, 0
126, 6, -1
124, 4, 0
126, 6, -1
124, 4, -1
125, 4, 0
126, 5, -1
137, 4, 0
118, 6, -1
137, 4, -1
111, 6, 0
125, 4, -1
129, 6, -1
127, 3, 0
126, 7, -1
124, 4, 0
121, 3, -1
127, 6, -1
122, 4, 0
125, 6, -1
126, 4, 0
124, 6, -1
124, 4, 0
127, 6, -1
125, 3, -1
130, 6, 0
120, 4, -1
139, 4, -1
110, 6, 0
137, 4, -1
115, 6, 0
139, 4, -1
117, 6, -1
122, 4, 0
123, 6, -1
122, 4, 0
125, 6, -1
124, 4, -1
122, 4, 0
126, 6, -1
124, 4, 0
125, 6, -1
125, 4, -1
125, 6, 0
126, 4, -1
125, 6, -1
124, 4, 0
128, 6, -1
130, 4, 0
128, 6, -1
121, 4, -1
124, 4, 0
124, 6, -1
122, 4, 0
128, 6, -1
122, 4, -1
126, 6, 0
124, 4, -1
123, 6, -1
127, 4, 0
123, 6, -1
125, 4, 0
125, 4, -1
125, 6, -1
126, 4, 0
125, 6, -1
125, 5, 0
125, 6, -1
125, 4, 0
124, 6, -1
125, 4, -1
126, 6, -1
124, 4, 0
125, 4, -1
125, 6, 0
125, 4, -1
125, 6, -1
125, 4, 0
125, 6, -1
127, 4, 0
124, 6, -1
126, 4, -1
123, 7, 0
125, 4, -1
126, 4, -1
124, 6, 0
126, 4, -1
124, 6, -1
125, 4, 0
125, 6, -1
125, 4, -1
125, 6, 0
125, 5, -1
125, 6, -1
125, 4, 0
125, 4, -1
125, 6, -1
127, 4, 0
123, 6, -1
124, 4, 0
125, 6, -1
126, 4, -1
125, 6, 0
124, 4, -1
125, 6, -1
126, 4, 0
125, 7, -1
124, 4, -1
126, 4, 0
124, 6, -1
125, 4, 0
125, 6, -1
242, 4, -1
264, 6, 0
122, 14, -2
125, 7, -1
124, 4, -1
124, 4, 0
124, 6, -1
125, 4, 0
126, 6, -1
125, 4, -1
126, 6, -1
124, 4, 0
125, 6, -1
125, 4, 0
124, 6, -1
125, 5, 0
125, 4, -1
126, 6, -1
125, 4, 0
138, 6, -1
116, 4, 0
125, 6, -1
125, 4, -1
125, 6, -1
125, 4, 0
126, 6, -1
124, 4, 0
125, 7, -1
125, 4, -1
125, 4, 0
126, 6, -1
124, 4, 0
127, 6, -1
125, 4, -1
124, 6, 0
127, 4, -1
124, 6, -1
123, 4, 0
127, 6, -1
123, 4, -1
125, 5, 0
126, 6, -1
124, 4, 0
125, 6, -1
129, 4, -1
122, 6, -1
125, 4, 0
127, 6, -1
118, 4, 0
125, 6, -1
124, 4, -1
125, 4, 0
127, 6, -1
124, 4, -1
125, 6, -1
125, 4, 0
125, 6, -1
125, 4, 0
125, 6, -1
124, 4, -1
126, 6, -1
125, 5, 0
124, 5, -1
125, 5, 0
126, 4, -1
125, 6, -1
124, 4, 0
126, 6, -1
125, 4, 0
125, 6, -1
124, 4, -1
125, 6, 0
125, 4, -1
125, 6, -1
127, 4, 0
123, 4, -1
125, 6, -1
125, 4, 0
129, 6, -1
122, 4, 0
124, 6, -1
136, 4, -1
120, 6, -1
124, 4, 0
127, 5, -1
122, 5, -1
124, 3, 0
125, 6, -1
125, 4, 0
124, 6, -1
125, 4, -1
125, 6, 0
125, 4, -1
125, 6, -1
125, 4, 0
125, 6, -1
125, 4, 0
125, 4, -1
126, 6, -1
124, 4, 0
126, 6, -1
124, 3, 0
126, 6, -1
124, 4, -1
125, 6, -1
125, 4, 0
125, 6, -1
125, 4, 0
125, 4, -1
126, 6, -1
124, 4, 0
125, 5, -1
125, 4, 0
125, 6, -1
125, 4, -1
125, 6, 0
125, 4, -1
125, 5, -1
125, 4, 0
125, 4, -1
125, 6, 0
125, 4, -1
125, 6, -1
125, 4, 0
125, 5, -1
125, 4, 0
125, 6, -1
128, 4, -1
124, 6, -1
124, 3, 0
124, 6, -1
284, 4, -1
216, 4, 0
123, 15, -2
125, 4, 0
125, 5, -1
127, 4, -1
123, 6, 0
125, 4, -1
125, 6, -1
125, 3, 0
125, 4, -1
125, 6, -1
125, 4, 0
125, 5, -1
125, 4, 0
127, 6, -1
125, 4, -1
124, 5, 0
125, 4, -1
124, 6, -1
125, 3, 0
140, 4, -1
120, 6, 0
123, 3, -1
125, 6, -1
124, 3, 0
125, 6, -1
124, 4, 0
126, 5, -1
125, 4, 0
124, 6, -1
125, 3, -1
125, 4, 0
125, 6, -1
126, 3, 0
125, 6, -1
124, 3, -1
125, 6, 0
126, 4, -1
124, 5, -1
125, 4, 0
125, 5, -1
125, 4, 0
125, 3, -1
125, 6, -1
125, 4, 0
125, 5, -1
126, 4, 0
125, 5, -1
122, 4, 0
122, 5, -1
125, 4, -1
124, 5, 0
125, 3, -1
126, 4, 0
124, 5, -1
125, 4, -1
125, 5, 0
126, 4, -1
125, 5, -1
124, 4, 0
126, 5, -1
124, 3, 0
126, 6, -1
125, 3, -1
124, 4, 0
125, 5, -1
125, 3, 0
126, 6, -1
125, 3, -1
124, 5, 0
126, 4, -1
124, 5, 0
125, 3, -1
126, 6, -1
125, 3, 0
125, 5, -1
125, 4, -1
124, 3, 0
125, 5, -1
125, 4, 0
126, 5, -1
124, 3, 0
126, 5, -1
125, 4, -1
124, 5, 0
125, 3, -1
126, 5, -1
124, 4, 0
126, 3, -1
124, 5, 0
126, 3, -1
124, 5, 0
125, 4, -1
126, 5, 0
124, 3, -1
126, 5, -1
124, 4, 0
126, 5, -1
124, 3, 0
125, 3, -1
126, 5, 0
125, 3, -1
124, 5, 0
125, 4, -1
126, 5, -1
124, 3, 0
125, 4, -1
125, 4, 0
126, 5, -1
124, 3, 0
125, 3, -1
125, 5, -1
125, 3, 0
125, 5, -1
125, 3, 0
126, 5, -1
124, 3, 0
136, 5, -1
114, 3, 0
125, 5, -1
125, 3, -1
125, 3, 0
126, 5, -1
124, 3, 0
125, 5, -1
125, 3, 0
127, 4, -1
124, 4, 0
124, 4, -1
126, 3, 0
304, 5, -1
199, 3, -1
123, 11, -1
123, 5, -1
125, 3, 0
125, 4, -1
125, 3, -1
124, 5, 0
126, 3, -1
125, 5, 0
125, 2, -1
125, 4, 0
125, 4, -1
125, 3, 0
125, 5, -1
125, 3, 0
125, 4, -1
125, 3, 0
124, 4, -1
126, 3, 0
125, 5, -1
125, 3, 0
124, 3, -1
126, 4, 0
125, 3, -1
125, 4, -1
125, 3, 0
125, 5, -1
125, 3, 0
125, 4, -1
125, 3, 0
125, 4, -1
125, 3, 0
125, 4, -1
125, 3, 0
125, 3, -1
125, 4, 0
125, 3, -1
125, 4, -1
124, 2, 0
126, 5, 0
124, 3, -1
125, 4, 0
126, 2, -1
125, 5, -1
125, 2, 0
125, 3, 0
125, 4, -1
126, 3, 0
124, 4, -1
125, 3, 0
125, 4, -1
125, 3, 0
125, 4, -1
125, 2, 0
124, 4, -1
126, 3, 0
125, 3, -1
138, 4, 0
123, 2, -1
122, 4, 0
125, 3, -1
123, 4, 0
126, 2, -1
124, 5, 0
126, 2, -1
124, 4, 0
125, 3, -1
126, 2, 0
130, 4, -1
124, 3, 0
127, 3, 0
117, 3, -1
126, 4, 0
124, 2, -1
125, 4, 0
125, 3, -1
125, 3, 0
125, 3, -1
125, 4, 0
125, 2, -1
125, 3, 0
125, 3, -1
125, 3, 0
125, 4, -1
125, 2, 0
122, 4, -1
124, 2, 0
124, 4, -1
126, 2, 0
124, 4, 0
125, 2, -1
125, 3, 0
126, 3, -1
124, 3, 0
125, 3, -1
125, 3, 0
125, 3, 0
125, 3, -1
126, 3, -1
124, 2, 0
126, 4, 0
124, 2, -1
125, 3, 0
125, 3, -1
125, 2, 0
125, 4, 0
126, 2, -1
124, 4, 0
125, 2, -1
125, 3, 0
126, 2, -1
124, 4, 0
125, 2, -1
125, 2, 0
125, 4, 0
125, 2, -1
125, 3, 0
125, 3, -1
125, 3, 0
125, 2, 0
125, 3, -1
125, 3, 0
126, 3, -1
124, 2, 0
125, 3, -1
125, 3, 0
125, 2, 0
126, 3, -1
125, 2, 0
124, 3, 0
126, 2, -1
230, 3, 0
21, 3, -1
133, 3, 0
115, 2, 0
131, 3, -1
120, 2, 0
125, 2, 0
127, 3, -1
125, 2, 0
127, 3, -1
124, 2, 0
122, 3, -1
125, 2, 0
124, 3, 0
125, 2, -1
125, 4, 0
125, 2, 0
130, 1, -1
128, 3, 0
118, 2, 0
124, 3, -1
126, 2, 0
125, 3, -1
124, 2, 0
126, 3, -1
124, 2, 0
125, 3, 0
125, 2, -1
125, 2, 0
125, 2, 0
125, 2, -1
125, 3, 0
125, 2, 0
125, 3, -1
125, 1, 0
125, 3, -1
125, 2, 0
125, 3, 0
125, 1, -1
125, 2, 0
125, 3, 0
125, 2, -1
125, 2, 0
125, 2, 0
125, 3, -1
125, 2, 0
125, 2, -1
125, 2, 0
125, 3, 0
126, 1, 0
124, 2, -1
125, 2, 0
125, 2, 0
125, 3, -1
125, 1, 0
125, 3, -1
125, 2, 0
125, 2, 0
125, 2, -1
125, 2, 0
125, 2, 0
125, 1, -1
125, 3, 0
125, 1, 0
129, 3, -1
121, 1, 0
125, 3, 0
125, 1, -1
125, 3, 0
125, 1, 0
125, 3, -1
128, 1, 0
124, 2, 0
123, 2, 0
125, 2, -1
125, 2, 0
125, 1, 0
125, 2, -1
125, 2, 0
125, 2, 0
125, 2, 0
125, 2, -1
125, 1, 0
125, 3, -1
125, 1, 0
125, 1, 0
125, 2, -1
125, 2, 0
125, 2, 0
125, 1, -1
125, 3, 0
125, 1, 0
125, 2, 0
125, 1, -1
125, 2, 0
125, 2, 0
125, 1, 0
125, 2, -1
125, 1, 0
125, 2, 0
126, 2, -1
124, 1, 0
125, 2, 0
125, 2, -1
125, 1, 0
125, 2, 0
125, 1, 0
125, 1, -1
125, 2, 0
125, 1, 0
125, 2, -1
125, 1, 0
125, 2, 0
125, 1, 0
125, 2, -1
125, 1, 0
125, 2, 0
127, 1, 0
126, 2, -1
122, 1, 0
125, 1, 0
125, 2, -1
125, 1, 0
125, 2, 0
144, 1, 0
106, 2, -1
125, 1, 0
125, 1, 0
125, 1, 0
125, 2, -1
125, 1, 0
125, 1, 0
125, 1, 0
276, 1, -1
225, 2, 0
124, 4, -1
125, 1, 0
125, 1, 0
124, 1, 0
125, 1, 0
126, 2, -1
124, 1, 0
126, 1, 0
124, 1, 0
125, 1, -1
125, 1, 0
125, 1, 0
125, 2, 0
125, 1, -1
125, 1, 0
125, 1, 0
125, 1, 0
125, 1, -1
125, 1, 0
125, 1, 0
125, 1, 0
125, 1, -1
125, 1, 0
125, 1, 0
125, 1, 0
125, 1, 0
125, 1, -1
125, 1, 0
125, 1, 0
247, 1, -1
128, 1, 0
125, 1, 0
125, 1, 0
125, 1, -1
124, 1, 0
126, 1, 0
247, 1, -1
127, 1, 0
126, 1, 0
125, 1, 0
247, 1, -1
128, 1, 0
125, 1, 0
126, 1, 0
125, 0, -1
125, 1, 0
124, 1, 0
247, 1, -1
128, 1, 0
247, 1, 0
251, 1, -1
127, 1, 0
247, 1, 0
129, 1, -1
247, 1, 0
249, 1, 0
250, 1, -1
250, 1, 0
250, 1, -1
251, 1, 0
249, 1, 0
251, 1, -1
410, 1, 0
92, 0, -1
247, 1, 0
250, 1, 0
250, 0, -1
128, 1, 0
532, 1, -1
496, 1, 0
97, 0, -1
373, 1, 0
537, 0, -1
113, 1, 0
638, 0, -1
336, 1, 0
410, 0, -1
873, 0, -1
717, 0, -1
814, 0, -1
725, 0, -1
748, 0, -1
338, -1, 0
377, 0, -1
374, -1, 0
250, 0, -1
249, -1, 0
517, -1, -1
363, -1, 0
250, 0, -1
249, -1, 0
249, -1, 0
129, 0, -1
372, -1, 0
127, 0, -1
253, -1, 0
248, -1, 0
130, 0, -1
122, -1, 0
372, -1, 0
130, 0, -1
124, -1, 0
248, -1, 0
127, 0, -1
250, -1, 0
123, -1, 0
248, 0, -1
125, -1, 0
245, -1, 0
127, 0, -1
126, -1, 0
247, -1, -1
251, -1, 0
249, -1, 0
128, -1, 0
126, 0, -1
124, -1, 0
247, -1, 0
128, 0, -1
125, -1, 0
124, -1, 0
125, -1, 0
126, 0, -1
124, -1, 0
248, -1, 0
250, -1, -1
127, -1, 0
248, -1, 0
128, -1, 0
124, -1, -1
248, -1, 0
127, 0, -1
125, -1, 0
125, -1, 0
126, -1, 0
247, -1, -1
127, -1, 0
248, -2, 0
126, 0, -1
126, -1, 0
125, -1, 0
125, -1, 0
247, -1, -1
128, -1, 0
124, -1, 0
126, -1, 0
124, 0, -1
127, -1, 0
124, -1, 0
125, -1, 0
125, -1, -1
124, -1, 0
253, -1, 0
127, -1, -1
122, -1, 0
125, -1, 0
125, -1, 0
126, -1, 0
123, -1, -1
359, -1, 0
38, -1, 0
110, -1, -1
120, -1, 0
122, -1, 0
126, -1, 0
125, -1, 0
128, -1, -1
122, -1, 0
125, -1, 0
124, -1, 0
126, -1, -1
124, -1, 0
128, -1, 0
121, -1, 0
125, -1, 0
125, -1, -1
124, -1, 0
126, -1, 0
125, -1, 0
125, -1, 0
124, -1, -1
126, -1, 0
125, -2, 0
125, -1, 0
124, -1, -1
126, -1, 0
125, -1, 0
125, -1, 0
124, -1, 0
126, -1, -1
124, -1, 0
127, -2, 0
123, -1, 0
125, -1, 0
126, -1, -1
124, -1, 0
126, -1, 0
124, -2, 0
126, -1, -1
124, -1, 0
126, -1, 0
124, -1, 0
126, -2, -1
124, -1, 0
126, -1, 0
124, -1, 0
126, -2, 0
124, -1, -1
126, -2, 0
124, -1, 0
127, -1, 0
123, -1, 0
126, -1, 0
125, -2, -1
124, -1, 0
126, -2, 0
124, -1, 0
126, -1, 0
124, -1, -1
126, -2, 0
124, -1, 0
125, -1, 0
125, -2, -1
126, -1, 0
124, -1, 0
125, -2, 0
125, -2, 0
126, -1, 0
124, -1, -1
126, -1, 0
124, -2, 0
126, -1, 0
124, -2, 0
127, -1, -1
123, -2, 0
126, -1, 0
124, -2, 0
126, -1, 0
124, -2, -1
125, -1, 0
125, -2, 0
127, -1, 0
123, -2, 0
125, -2, -1
126, -1, 0
124, -1, 0
126, -2, 0
124, -1, 0
126, -2, -1
124, -2, 0
126, -1, 0
124, -2, 0
129, -2, 0
124, -1, 0
125, -2, -1
124, -2, 0
126, -2, 0
123, -1, 0
125, -1, 0
124, -2, -1
126, -2, 0
125, -2, 0
125, -1, 0
126, -2, 0
127, -2, 0
124, -2, 0
126, -1, -1
124, -2, 0
125, -2, 0
125, -1, 0
125, -2, 0
126, -2, 0
124, -2, 0
125, -1, -1
125, -3, 0
126, -1, 0
125, -2, 0
124, -2, 0
125, -2, 0
125, -2, 0
125, -1, 0
126, -3, -1
124, -1, 0
125, -2, 0
124, -2, 0
127, -2, 0
124, -2, 0
126, -2, -1
123, -2, 0
123, -2, 0
125, -2, 0
125, -1, 0
269, -3, 0
232, -1, 0
124, -7, -1
125, -2, 0
127, -2, 0
123, -2, 0
125, -2, 0
125, -2, 0
125, -1, 0
125, -3, -1
125, -2, 0
125, -2, 0
125, -2, 0
125, -3, 0
125, -1, 0
125, -3, 0
125, -2, 0
125, -2, 0
125, -2, 0
125, -2, 0
125, -2, 0
126, -2, -1
127, -3, 0
122, -1, 0
125, -3, 0
125, -2, 0
125, -3, 0
125, -1, 0
125, -3, 0
125, -2, 0
125, -3, 0
125, -2, 0
125, -1, 0
125, -3, -1
125, -2, 0
125, -3, 0
125, -2, 0
125, -2, 0
125, -2, 0
125, -3, 0
125, -2, 0
125, -3, 0
125, -2, 0
125, -2, 0
125, -3, 0
125, -2, 0
125, -3, 0
126, -2, 0
124, -3, 0
125, -1, 0
125, -3, 0
125, -3, 0
125, -3, 0
125, -1, 0
125, -3, 0
125, -3, 0
125, -1, 0
125, -4, 0
125, -2, 0
125, -3, 0
125, -2, 0
125, -3, 0
125, -2, 0
125, -3, 0
125, -2, 0
125, -2, 0
125, -3, 0
125, -2, 0
125, -4, 0
125, -2, 0
125, -3, 0
125, -2, 0
125, -3, 0
125, -2, 0
125, -4, 0
125, -2, 0
125, -2, 0
125, -3, 0
125, -3, 0
125, -3, 0
125, -2, 0
125, -3, 0
125, -3, 0
125, -3, 0
125, -2, 0
125, -4, 0
125, -2, 0
125, -3, 1
125, -2, 0
125, -3, 0
125, -3, 0
125, -2, 0
125, -4, 0
125, -2, 0
125, -4, 0
125, -2, 0
125, -3, 1
125, -3, 0
125, -3, 0
125, -3, 0
125, -2, 0
127, -4, 0
123, -2, 1
125, -4, 0
125, -2, 0
125, -4, 0
125, -2, 0
125, -4, 0
125, -2, 0
125, -4, 1
125, -2, 0
125, -2, 0
125, -4, 0
125, -3, 0
125, -4, 0
127, -2, 1
124, -4, 0
127, -2, 0
128, -4, 0
124, -2, 0
124, -4, 1
123, -3, 0
127, -2, 0
124, -4, 0
125, -3, 0
126, -3, 1
123, -3, 0
126, -4, 0
131, -2, 0
120, -4, 1
124, -3, 0
314, -4, 0
186, -2, 1
125, -9, 0
125, -4, 0
125, -3, 1
125, -4, 0
126, -3, 0
126, -3, 1
126, -3, 0
122, -4, 0
127, -3, 0
124, -4, 1
126, -2, 0
123, -3, 0
126, -4, 0
124, -3, 1
126, -4, 0
125, -3, 0
126, -4, 1
123, -3, 0
125, -4, 1
126, -3, 0
124, -4, 0
125, -2, 0
126, -3, 1
126, -4, 0
124, -3, 0
125, -4, 1
124, -3, 0
124, -5, 0
127, -2, 1
124, -5, 0
125, -3, 0
126, -4, 1
123, -3, 0
127, -3, 0
124, -4, 1
125, -3, 0
126, -4, 0
123, -3, 1
126, -4, 0
125, -3, 0
125, -5, 1
126, -2, 0
123, -5, 1
127, -3, 0
125, -3, 0
124, -4, 1
127, -3, 0
123, -5, 0
127, -3, 1
124, -4, 0
124, -3, 0
125, -5, 1
125, -3, 0
125, -4, 1
124, -3, 0
128, -3, 1
123, -5, 0
125, -3, 0
125, -5, 1
126, -3, 0
124, -4, 1
125, -3, 0
125, -5, 1
126, -3, 0
124, -5, 1
125, -3, 0
126, -3, 0
125, -4, 1
124, -4, 0
125, -4, 1
125, -3, 0
125, -5, 1
125, -3, 0
126, -5, 1
125, -3, 0
125, -5, 1
124, -3, 0
125, -5, 1
126, -3, 0
123, -3, 0
126, -5, 1
125, -3, 0
125, -5, 1
126, -3, 0
124, -5, 1
126, -3, 0
124, -5, 1
125, -3, 0
126, -5, 1
124, -3, 0
125, -4, 1
125, -5, 0
125, -3, 1
125, -5, 0
125, -3, 1
125, -5, 0
126, -3, 1
123, -5, 0
123, -4, 1
126, -5, 1
123, -3, 0
128, -3, 1
126, -6, 0
125, -3, 0
123, -5, 1
124, -3, 1
125, -5, 0
125, -4, 1
125, -5, 0
125, -3, 1
125, -5, 1
125, -4, 0
125, -3, 0
125, -5, 1
125, -4, 1
125, -5, 0
125, -3, 1
125, -5, 1
125, -4, 0
125, -5, 1
125, -4, 0
125, -5, 1
125, -3, 0
125, -4, 1
125, -5, 1
125, -4, 0
125, -5, 1
125, -4, 0
125, -5, 1
125, -3, 1
229, -6, 1
21, -3, 0
138, -6, 1
112, -3, 0
125, -4, 1
126, -5, 1
125, -4, 0
124, -5, 1
126, -4, 1
124, -5, 0
125, -4, 1
125, -5, 1
125, -4, 0
125, -5, 1
128, -4, 1
122, -3, 0
126, -6, 1
126, -3, 0
124, -6, 1
125, -3, 1
124, -6, 1
125, -4, 0
126, -5, 1
124, -4, 0
125, -5, 1
125, -4, 1
125, -4, 0
125, -5, 1
125, -4, 1
125, -5, 1
125, -4, 0
125, -6, 1
125, -4, 0
125, -5, 1
125, -4, 1
125, -6, 1
125, -3, 0
125, -6, 1
125, -4, 1
125, -3, 1
125, -6, 0
125, -4, 1
125, -6, 1
125, -3, 0
125, -6, 1
125, -4, 1
125, -6, 1
125, -4, 0
125, -5, 1
125, -4, 1
125, -4, 0
125, -6, 1
125, -3, 1
125, -6, 1
125, -4, 0
125, -6, 1
125, -4, 1
125, -6, 1
125, -3, 0
125, -6, 1
125, -4, 1
125, -4, 1
125, -6, 1
125, -4, 0
125, -6, 1
125, -4, 1
125, -6, 1
125, -4, 0
125, -5, 1
125, -4, 1
125, -6, 1
125, -4, 0
125, -4, 1
125, -6, 1
125, -4, 1
125, -6, 1
125, -4, 0
125, -6, 1
125, -4, 1
125, -6, 1
125, -4, 0
125, -6, 1
125, -4, 1
125, -4, 1
125, -6, 0
125, -4, 1
125, -6, 1
125, -4, 1
125, -6, 1
125, -4, 0
125, -6, 1
125, -4, 1
125, -6, 1
125, -4, 0
125, -4, 1
125, -6, 1
124, -4, 1
126, -6, 1
125, -4, 0
125, -6, 1
124, -4, 1
126, -7, 1
125, -4, 1
125, -6, 1
125, -4, 0
124, -4, 1
126, -6, 1
125, -4, 1
124, -6, 1
126, -4, 0
125, -6, 1
124, -5, 1
126, -5, 1
125, -5, 0
125, -6, 2
125, -4, 0
125, -4, 1
125, -6, 1
125, -4, 1
125, -6, 1
125, -4, 0
125, -7, 1
125, -4, 1
125, -6, 1
124, -4, 1
126, -6, 1
124, -4, 0
126, -4, 1
125, -6, 1
125, -5, 1
125, -6, 1
125, -4, 0
125, -6, 1
266, -4, 1
234, -6, 1
125, -15, 2
124, -4, 1
126, -6, 1
125, -5, 1
125, -6, 1
125, -4, 0
124, -6, 1
126, -4, 1
125, -7, 1
124, -4, 1
126, -6, 1
125, -4, 0
124, -4, 1
126, -7, 1
124, -4, 1
125, -6, 1
125, -4, 0
126, -6, 2
124, -5, 0
126, -6, 1
125, -4, 1
124, -6, 1
125, -4, 1
125, -4, 0
125, -7, 1
125, -4, 1
125, -6, 1
126, -4, 0
125, -7, 1
124, -4, 1
125, -6, 1
125, -4, 1
125, -6, 1
125, -4, 0
125, -7, 1
125, -4, 1
125, -4, 1
126, -6, 1
124, -4, 0
125, -7, 1
126, -4, 1
124, -6, 1
125, -4, 1
125, -7, 1
127, -4, 0
124, -6, 1
125, -4, 1
124, -4, 1
125, -6, 1
125, -5, 0
125, -6, 1
126, -4, 1
124, -6, 1
126, -5, 1
124, -6, 1
125, -4, 0
126, -6, 1
124, -5, 1
126, -4, 1
124, -6, 1
125, -4, 0
125, -6, 1
126, -4, 1
124, -7, 1
125, -4, 0
125, -6, 2
125, -4, 0
126, -7, 1
124, -4, 1
126, -4, 0
125, -6, 2
124, -4, 0
126, -6, 1
124, -5, 1
125, -6, 1
125, -4, 0
125, -6, 1
126, -4, 1
124, -7, 1
125, -4, 1
125, -4, 0
125, -6, 1
125, -4, 1
125, -7, 1
125, -4, 1
125, -6, 1
125, -4, 0
125, -6, 1
125, -5, 1
126, -6, 1
124, -4, 1
125, -4, 0
125, -6, 1
125, -4, 1
126, -6, 1
125, -5, 1
124, -6, 0
127, -4, 1
124, -6, 1
125, -4, 1
125, -6, 1
124, -4, 0
125, -5, 1
125, -6, 1
126, -4, 0
124, -6, 1
126, -4, 1
124, -6, 1
125, -4, 0
125, -7, 1
125, -4, 1
125, -6, 1
125, -4, 0
125, -6, 1
125, -4, 1
125, -4, 1
126, -6, 1
124, -4, 0
125, -6, 1
125, -4, 1
125, -7, 1
125, -4, 1
125, -6, 0
125, -4, 1
125, -6, 1
126, -4, 1
125, -4, 0
124, -6, 1
125, -4, 1
319, -6, 1
181, -5, 0
125, -16, 3
125, -4, 0
125, -6, 1
128, -4, 1
123, -4, 1
124, -6, 1
125, -4, 0
125, -6, 1
125, -4, 1
126, -6, 1
124, -4, 0
125, -6, 1
125, -4, 1
125, -6, 1
125, -4, 0
125, -4, 1
125, -6, 1
125, -4, 0
125, -6, 1
125, -4, 1
125, -6, 1
125, -4, 0
125, -6, 1
125, -4, 1
125, -6, 1
126, -4, 0
124, -4, 1
125, -6, 1
125, -4, 0
125, -6, 1
127, -4, 1
125, -6, 1
124, -4, 0
124, -5, 1
126, -4, 1
124, -6, 0
125, -4, 1
125, -6, 1
126, -4, 0
124, -4, 1
126, -6, 1
124, -4, 0
125, -6, 1
126, -4, 1
124, -5, 1
125, -4, 0
126, -6, 1
124, -4, 1
125, -6, 1
126, -4, 0
125, -4, 1
124, -6, 1
125, -4, 0
125, -5, 1
125, -4, 1
126, -6, 0
125, -4, 1
124, -6, 1
125, -3, 0
126, -6, 1
125, -4, 1
124, -4, 0
125, -6, 1
125, -4, 1
125, -5, 1
125, -4, 0
126, -6, 1
124, -4, 1
125, -5, 0
127, -4, 1
125, -6, 1
126, -4, 0
125, -4, 1
122, -5, 1
125, -4, 0
125, -6, 1
125, -3, 1
125, -6, 0
126, -4, 1
124, -5, 1
126, -4, 0
125, -6, 1
124, -4, 1
125, -3, 0
126, -6, 1
124, -4, 0
126, -5, 1
124, -4, 1
126, -5, 1
125, -4, 0
124, -6, 1
125, -3, 0
125, -6, 1
125, -4, 1
125, -5, 0
125, -4, 1
125, -3, 1
127, -6, 0
124, -3, 1
126, -6, 1
124, -4, 0
127, -5, 1
123, -4, 1
125, -5, 0
125, -4, 1
125, -5, 1
124, -4, 0
126, -4, 1
124, -5, 0
125, -4, 1
126, -5, 1
125, -4, 0
125, -5, 1
125, -4, 1
124, -5, 0
126, -4, 1
125, -5, 1
125, -3, 0
125, -4, 1
125, -5, 1
125, -4, 0
125, -5, 1
125, -4, 0
125, -5, 1
124, -4, 0
126, -5, 1
125, -3, 1
125, -6, 1
125, -3, 0
125, -4, 1
229, -5, 0
21, -3, 1
138, -6, 0
114, -3, 1
125, -5, 1
125, -4, 0
125, -5, 1
125, -3, 0
125, -5, 1
127, -4, 0
126, -3, 1
122, -5, 0
143, -4, 1
108, -5, 1
124, -3, 0
125, -5, 1
125, -4, 0
126, -5, 1
124, -3, 0
125, -5, 1
125, -4, 1
126, -5, 0
126, -3, 1
124, -3, 0
125, -6, 1
125, -3, 0
125, -5, 1
125, -3, 1
124, -5, 0
125, -3, 1
125, -5, 0
126, -4, 1
125, -5, 0
125, -3, 1
125, -3, 0
125, -5, 1
125, -3, 0
125, -5, 1
125, -3, 1
125, -5, 0
124, -4, 1
126, -4, 0
125, -4, 1
125, -5, 1
125, -3, 0
125, -3, 0
124, -5, 1
125, -3, 0
126, -5, 1
125, -3, 0
124, -5, 1
125, -3, 0
126, -5, 1
124, -3, 1
126, -4, 0
125, -4, 1
125, -3, 0
131, -4, 1
118, -4, 0
126, -4, 1
125, -3, 0
125, -5, 1
125, -3, 0
125, -5, 1
125, -3, 0
125, -4, 1
124, -3, 0
126, -3, 1
124, -5, 0
126, -3, 0
125, -5, 1
125, -2, 0
125, -5, 1
125, -3, 0
125, -4, 1
126, -3, 0
125, -5, 1
125, -3, 0
124, -4, 1
125, -3, 0
125, -3, 1
124, -5, 0
125, -3, 0
125, -4, 1
126, -3, 1
125, -4, 0
125, -3, 0
125, -5, 1
125, -2, 0
125, -5, 1
124, -3, 0
126, -3, 1
124, -4, 0
125, -3, 1
125, -4, 0
126, -3, 0
125, -4, 1
125, -3, 0
125, -4, 1
124, -3, 0
125, -4, 1
126, -3, 0
126, -2, 0
125, -5, 1
121, -2, 0
125, -4, 1
125, -3, 0
125, -4, 1
125, -3, 0
125, -4, 0
125, -3, 1
125, -4, 0
125, -2, 0
125, -3, 1
125, -4, 0
125, -3, 1
125, -4, 0
124, -2, 0
126, -4, 1
125, -3, 0
125, -3, 1
125, -3, 0
125, -4, 0
125, -3, 1
125, -2, 0
125, -4, 1
125, -2, 0
125, -4, 0
128, -3, 1
123, -3, 0
124, -3, 0
125, -4, 1
124, -2, 0
275, -4, 1
226, -2, 0
124, -9, 1
126, -3, 0
125, -3, 1
125, -3, 0
125, -3, 0
125, -3, 1
125, -3, 0
125, -3, 0
125, -3, 1
125, -3, 0
125, -2, 0
125, -3, 1
125, -3, 0
125, -2, 0
125, -4, 1
125, -2, 0
125, -3, 0
124, -3, 0
127, -3, 1
125, -2, 0
124, -3, 0
125, -3, 1
125, -2, 0
125, -3, 0
125, -2, 0
125, -4, 1
125, -2, 0
125, -3, 0
125, -2, 1
125, -3, 0
125, -2, 0
125, -3, 0
125, -2, 1
125, -3, 0
125, -3, 0
125, -2, 0
125, -3, 1
125, -2, 0
124, -3, 0
125, -2, 1
126, -3, 0
124, -2, 0
126, -3, 0
124, -2, 0
126, -2, 1
125, -2, 0
125, -2, 0
124, -3, 0
126, -2, 0
125, -3, 1
125, -2, 0
124, -3, 0
125, -1, 0
126, -3, 1
124, -2, 0
125, -2, 0
125, -2, 0
126, -2, 0
124, -3, 0
126, -2, 1
124, -2, 0
125, -2, 0
125, -3, 0
125, -1, 0
126, -3, 1
125, -2, 0
124, -1, 0
125, -3, 0
125, -1, 0
126, -3, 0
124, -1, 0
125, -3, 0
126, -2, 1
125, -2, 0
124, -2, 0
125, -2, 0
125, -1, 0
125, -2, 0
126, -2, 0
126, -2, 1
123, -2, 0
125, -2, 0
126, -2, 0
125, -1, 0
124, -3, 0
125, -1, 0
125, -2, 0
125, -1, 0
125, -2, 1
126, -2, 0
125, -1, 0
124, -2, 0
125, -2, 0
126, -2, 0
129, -1, 0
124, -2, 0
126, -1, 0
124, -2, 0
126, -2, 0
125, -1, 0
125, -2, 0
124, -1, 0
126, -2, 1
124, -1, 0
126, -2, 0
125, -1, 0
124, -2, 0
126, -1, 0
125, -2, 0
124, -1, 0
126, -1, 0
125, -2, 0
125, -1, 0
124, -1, 0
125, -2, 0
126, -1, 0
125, -1, 0
124, -2, 0
126, -1, 0
124, -1, 0
125, -1, 0
122, -1, 0
125, -2, 0
124, -1, 0
125, -1, 0
127, -1, 0
137, -1, 0
118, -1, 0
127, -2, 1
305, -1, 0
187, -1, 0
124, -3, 0
125, -1, 0
132, -1, 0
118, -1, 0
125, -1, 0
248, -2, 0
250, -2, 0
249, -1, 0
128, -1, 0
125, -1, 0
125, -1, 0
248, -1, 0
128, -1, 0
124, -1, 0
248, -1, 0
127, -1, 0
247, -1, 0
128, -1, 0
248, -1, 0
249, -1, 0
128, -1, 0
125, 0, -1
125, -1, 0
418, -1, 0
205, -1, 0
249, -1, 0
405, -1, 0
501, -1, 0
97, 0, -1
405, -1, 0
843, -1, 0
625, 0, -1
1751, 0, -1
134, 1, 0
661, 1, 0
329, 1, 0
378, 1, 0
374, 1, 0
127, 0, -1
126, 1, 0
248, 1, 0
250, 1, 0
250, 1, 0
251, 1, 0
260, 1, 0
604, 3, -1
209, 1, 0
343, 2, 0
256, 1, -1
116, 1, 0
115, 1, 0
111, 1, 0
131, 1, 0
419, 2, 0
87, 1, 0
120, 1, -1
379, 3, 0
126, 1, 0
645, 4, -1
210, 3, 0
1090, 9, -2
176, 2, 0
109, 1, 0
126, 1, 0
124, 2, 0
125, 1, -1
125, 1, 0
125, 1, 0
125, 2, 0
125, 1, 0
126, 2, -1
124, 1, 0
125, 1, 0
126, 2, 0
125, 1, 0
124, 1, -1
126, 1, 0
124, 2, 0
210, 1, 0
125, 2, 0
103, 2, 0
66, 1, -1
119, 2, 0
125, 1, 0
119, 2, 0
125, 1, -1
125, 2, 0
125, 1, 0
125, 2, 0
125, 2, -1
125, 2, 0
126, 1, 0
125, 2, 0
126, 1, 0
125, 2, -1
132, 2, 0
120, 1, 0
124, 2, 0
124, 2, -1
125, 2, 0
125, 2, 0
126, 2, 0
125, 1, -1
124, 2, 0
129, 2, 0
120, 2, 0
125, 2, -1
125, 1, 0
126, 3, 0
125, 1, 0
124, 3, -1
125, 1, 0
128, 2, 0
124, 2, 0
125, 2, -1
127, 2, 0
122, 3, 0
126, 1, 0
125, 2, -1
124, 2, 0
123, 2, 0
127, 3, 0
127, 1, -1
124, 3, 0
125, 2, 0
124, 2, -1
125, 2, 0
125, 3, 0
125, 2, -1
125, 1, 0
125, 3, 0
126, 2, 0
130, 3, -1
120, 2, 0
129, 2, 0
123, 2, -1
123, 3, 0
127, 2, 0
124, 3, -1
122, 2, 0
126, 1, 0
125, 3, 0
129, 2, -1
122, 3, 0
125, 2, 0
125, 3, -1
125, 2, 0
123, 3, 0
126, 2, -1
124, 3, 0
125, 2, 0
127, 2, 0
125, 3, -1
125, 2, 0
126, 3, 0
124, 2, -1
125, 3, 0
123, 2, 0
126, 3, -1
124, 3, 0
125, 3, 0
124, 2, -1
125, 3, 0
126, 2, 0
125, 2, -1
124, 4, 0
126, 2, 0
125, 3, -1
126, 2, 0
128, 4, 0
121, 2, -1
125, 3, 0
125, 2, 0
125, 3, -1
125, 3, 0
125, 2, 0
125, 4, -1
125, 2, 0
126, 3, -1
124, 2, 0
125, 4, 0
125, 2, -1
281, 4, 0
219, 2, 0
125, 8, -1
124, 4, -1
125, 2, 0
126, 4, -1
124, 2, 0
125, 4, 0
125, 2, -1
125, 4, 0
126, 2, -1
124, 4, 0
125, 2, -1
125, 3, 0
128, 3, 0
129, 3, 0
119, 3, -1
124, 3, 0
125, 3, -1
125, 3, 0
125, 4, -1
126, 2, 0
124, 4, 0
125, 3, -1
125, 2, 0
125, 4, -1
125, 2, 0
125, 4, -1
125, 3, 0
125, 4, 0
125, 2, -1
125, 4, 0
125, 3, -1
125, 4, 0
125, 2, -1
125, 3, 0
125, 4, 0
125, 3, -1
125, 4, 0
125, 2, -1
125, 4, 0
125, 3, -1
125, 4, 0
125, 3, -1
125, 4, 0
125, 3, 0
125, 2, -1
126, 4, 0
124, 3, -1
125, 4, 0
125, 3, -1
133, 4, 0
121, 3, -1
128, 4, 0
121, 3, -1
126, 4, 0
125, 3, -1
124, 3, 0
125, 4, -1
127, 3, 0
123, 4, -1
125, 3, 0
125, 4, -1
125, 3, 0
125, 4, -1
125, 3, 0
125, 4, -1
125, 3, 0
125, 3, -1
125, 4, 0
125, 3, -1
125, 5, 0
133, 3, -1
121, 4, 0
126, 3, -1
124, 4, 0
125, 3, -1
125, 5, 0
126, 3, -1
125, 3, 0
124, 4, -1
126, 3, -1
125, 5, 0
125, 3, -1
126, 4, 0
125, 3, -1
122, 5, -1
130, 3, 0
124, 4, -1
127, 3, 0
124, 3, -1
125, 5, 0
126, 3, -1
123, 4, 0
126, 3, -1
128, 5, -1
125, 3, 0
126, 5, -1
119, 3, 0
124, 5, -1
133, 3, 0
111, 3, -1
124, 4, -1
126, 4, 0
124, 4, -1
125, 3, 0
125, 5, -1
125, 3, 0
125, 5, -1
125, 3, -1
125, 5, 0
125, 3, -1
125, 3, -1
125, 5, 0
125, 3, -1
125, 5, 0
125, 3, -1
125, 5, -1
125, 4, 0
125, 4, -1
125, 4, -1
125, 4, 0
125, 4, -1
125, 3, 0
125, 5, -1
125, 3, -1
125, 5, 0
126, 3, -1
124, 5, -1
125, 3, 0
125, 5, -1
329, 4, -1
177, 5, 0
121, 11, -2
125, 4, -1
125, 5, -1
125, 3, 0
126, 5, -1
124, 3, 0
125, 5, -1
125, 4, -1
125, 5, 0
125, 3, -1
125, 3, 0
125, 5, -1
125, 4, -1
126, 5, -1
126, 3, 0
124, 6, -1
124, 3, 0
125, 5, -1
125, 4, -1
126, 5, -1
124, 3, 0
125, 3, -1
125, 6, 0
125, 3, -1
125, 5, -1
125, 4, 0
125, 5, -1
125, 3, -1
125, 5, -1
125, 4, 0
125, 5, -1
125, 3, 0
125, 4, -1
125, 5, -1
125, 3, 0
126, 6, -1
124, 3, -1
126, 6, -1
124, 3, 0
125, 5, -1
125, 4, -1
125, 5, 0
125, 4, -1
126, 3, -1
127, 5, 0
122, 4, -1
126, 5, -1
124, 4, -1
125, 5, 0
125, 3, -1
125, 6, -1
125, 3, 0
125, 6, -1
125, 3, -1
125, 4, 0
125, 5, -1
126, 4, -1
124, 5, -1
125, 4, 0
125, 5, -1
125, 3, -1
125, 6, -1
125, 3, 0
125, 6, -1
125, 3, -1
129, 4, 0
121, 5, -1
125, 4, -1
125, 6, -1
125, 3, 0
125, 6, -1
137, 3, -1
119, 6, -1
124, 3, 0
127, 6, -1
122, 3, -1
125, 4, 0
125, 6, -1
129, 3, -1
127, 6, -1
120, 3, 0
124, 6, -1
134, 3, 0
123, 6, -1
126, 4, -1
120, 5, -1
124, 4, 0
127, 4, -1
120, 5, -1
124, 4, -1
125, 5, -1
125, 4, 0
125, 5, -1
126, 4, -1
124, 6, 0
125, 3, -1
125, 6, -1
126, 4, -1
124, 4, 0
122, 5, -1
125, 4, -1
124, 5, -1
125, 4, 0
125, 6, -1
125, 3, -1
125, 6, 0
125, 4, -1
124, 6, -1
126, 3, 0
125, 4, -1
125, 6, -1
125, 3, -1
125, 6, 0
125, 4, -1
125, 5, -1
125, 4, -1
125, 6, 0
125, 4, -1
126, 5, -1
127, 4, 0
125, 4, -1
133, 6, -1
123, 3, -1
121, 6, -1
122, 4, 0
124, 5, -1
125, 4, -1
124, 6, 0
125, 4, -1
125, 5, -1
242, 4, 0
258, 4, -1
125, 15, -3
125, 4, 0
126, 6, -1
134, 4, -1
118, 5, -1
124, 4, 0
126, 6, -1
124, 4, -1
125, 3, 0
125, 6, -1
126, 4, -1
124, 6, -1
125, 3, 0
126, 6, -1
124, 4, -1
125, 6, -1
125, 4, 0
125, 5, -1
126, 4, -1
124, 4, -1
129, 6, 0
122, 4, -1
125, 6, -1
124, 3, -1
126, 6, -1
124, 4, 0
125, 6, -1
127, 4, -1
123, 6, -1
125, 4, 0
125, 3, -1
125, 6, -1
125, 4, 0
125, 6, -1
126, 4, -1
124, 5, -1
125, 4, 0
126, 6, -1
124, 4, -1
125, 6, -1
126, 4, 0
124, 4, -1
126, 6, -1
124, 3, 0
126, 6, -2
125, 4, 0
124, 6, -1
125, 4, -1
125, 6, -1
126, 4, 0
125, 5, -1
125, 4, -1
124, 4, 0
126, 6, -1
125, 4, -1
124, 6, -1
126, 4, 0
125, 6, -1
124, 3, -1
126, 6, -1
124, 4, 0
125, 6, -1
126, 4, -1
124, 4, 0
131, 6, -1
125, 4, -1
121, 5, -1
125, 5, -1
125, 5, -1
125, 4, 0
126, 6, -1
131, 4, -1
127, 6, -1
122, 4, 0
127, 4, -1
127, 6, -1
123, 4, 0
123, 6, -1
125, 3, -1
125, 6, -1
124, 4, 0
127, 6, -1
120, 4, -1
123, 6, -1
125, 4, 0
127, 4, -1
125, 6, -1
125, 4, 0
128, 6, -1
124, 4, -1
125, 5, -1
125, 4, -1
123, 6, -1
120, 4, 0
124, 6, -1
125, 4, -1
125, 3, 0
125, 6, -1
126, 4, -1
124, 6, -1
125, 4, 0
125, 6, -1
125, 4, -1
125, 6, -1
125, 4, 0
125, 5, -1
131, 4, -1
124, 4, 0
125, 6, -1
125, 4, -1
125, 6, -1
129, 4, 0
123, 5, -1
124, 4, -1
124, 6, -1
125, 4, 0
126, 6, -2
124, 4, 0
125, 4, -1
125, 6, -1
125, 3, 0
125, 6, -1
125, 4, -1
125, 6, -1
125, 4, 0
125, 6, -1
126, 4, -1
124, 6, -1
125, 3, 0
281, 4, -1
218, 6, -1
122, 14, -2
124, 6, -1
124, 4, -1
126, 5, -1
125, 4, 0
124, 6, -1
126, 4, 0
125, 4, -1
125, 6, -1
125, 4, -1
126, 6, -1
126, 4, 0
124, 5, -1
128, 4, -1
123, 6, -1
126, 4, 0
124, 6, -1
124, 4, -1
123, 4, -1
127, 5, 0
124, 4, -1
124, 6, -1
125, 4, -1
125, 6, 0
125, 4, -1
125, 6, -1
125, 4, -1
125, 5, 0
126, 4, -1
125, 4, -1
124, 6, -1
125, 3, 0
126, 6, -1
124, 4, -1
125, 6, -1
126, 4, 0
127, 5, -1
123, 5, -1
124, 5, -1
125, 4, 0
125, 4, -1
126, 6, -1
124, 4, 0
125, 5, -1
125, 4, -1
126, 6, -1
129, 4, 0
120, 6, -1
125, 3, -1
125, 6, -1
125, 4, 0
125, 4, -1
128, 6, -1
127, 3, 0
125, 6, -1
123, 4, -1
126, 5, -1
123, 4, 0
124, 6, -1
125, 4, -1
124, 6, -1
125, 3, -1
126, 4, 0
125, 6, -1
133, 4, 0
123, 5, -1
125, 4, -1
125, 6, -1
124, 4, 0
125, 5, -1
124, 4, -1
127, 4, -1
127, 5, 0
124, 4, -1
124, 6, -1
125, 4, -1
124, 5, 0
128, 4, -1
126, 6, -1
124, 4, -1
123, 5, -1
126, 4, 0
126, 4, -1
126, 5, -1
123, 4, 0
130, 6, -1
123, 3, -1
121, 6, 0
125, 3, -1
123, 6, -1
127, 4, -1
125, 5, -1
121, 4, 0
125, 4, -1
125, 5, -1
126, 4, 0
125, 6, -1
125, 3, -1
126, 6, -1
123, 4, 0
122, 5, -1
125, 4, -1
125, 5, -1
125, 4, 0
125, 4, -1
125, 5, -1
125, 4, 0
125, 5, -1
125, 4, -1
125, 6, 0
125, 3, -1
126, 6, -1
124, 3, -1
126, 6, 0
125, 4, -1
125, 5, -1
126, 4, -1
127, 3, 0
127, 6, -1
123, 3, -1
123, 6, 0
124, 4, -1
124, 5, -1
125, 4, -1
125, 5, 0
126, 3, -1
124, 6, -1
126, 3, 0
124, 4, -1
323, 5, -1
181, 4, 0
133, 14, -3
114, 4, 0
132, 5, -1
120, 4, -1
127, 5, -1
127, 4, 0
123, 3, -1
122, 6, 0
124, 3, -1
125, 6, -1
125, 3, -1
125, 6, 0
124, 3, -1
126, 6, -1
124, 3, 0
125, 5, -1
125, 4, -1
125, 4, -1
125, 5, 0
126, 3, -1
124, 5, -1
126, 4, 0
124, 5, -1
125, 4, -1
126, 5, -1
124, 3, 0
125, 6, -1
126, 3, -1
125, 4, 0
124, 5, -1
126, 3, -1
124, 6, -1
125, 3, 0
125, 5, -1
126, 4, -1
124, 5, 0
125, 3, -1
126, 6, -1
124, 3, -1
125, 3, 0
125, 6, -1
125, 3, -1
125, 5, -1
125, 4, 0
125, 5, -1
125, 3, -1
126, 5, 0
124, 4, -1
125, 5, -1
126, 3, 0
124, 4, -1
125, 5, -1
125, 3, -1
125, 5, 0
125, 4, -1
136, 5, -1
115, 3, 0
124, 5, -1
124, 4, -1
125, 5, -1
136, 3, 0
120, 3, -1
124, 5, 0
126, 4, -1
124, 5, -1
125, 3, 0
125, 5, -1
125, 4, -1
125, 5, -1
125, 3, 0
125, 5, -1
125, 3, -1
125, 3, 0
138, 5, -1
131, 4, -1
125, 5, -1
199, 3, 0
164, 8, -2
119, 5, -1
130, 3, 0
124, 5, -1
122, 3, -1
125, 4, 0
127, 4, -1
124, 4, -1
125, 4, 0
125, 4, -1
120, 5, -1
123, 3, 0
124, 4, -1
125, 4, -1
125, 4, -1
125, 4, 0
125, 3, -1
126, 5, 0
129, 3, -1
123, 4, -1
126, 4, 0
125, 4, -1
124, 3, -1
126, 5, 0
125, 3, -1
124, 5, -1
126, 3, 0
125, 5, -1
125, 3, -1
125, 3, -1
125, 4, 0
126, 4, -1
124, 4, -1
125, 3, 0
125, 5, -1
125, 3, -1
125, 5, -1
126, 3, 0
124, 4, -1
125, 3, -1
125, 3, 0
126, 5, -1
126, 3, 0
128, 5, -1
123, 3, -1
123, 4, -1
125, 3, 0
126, 5, -1
126, 3, -1
125, 4, 0
124, 3, -1
125, 3, -1
234, 5, 0
262, 3, -1
124, 12, -2
125, 3, -1
125, 4, -1
126, 3, 0
125, 4, -1
125, 3, -1
124, 3, 0
125, 4, -1
125, 3, 0
125, 5, -1
126, 2, -1
125, 5, -1
124, 3, 0
125, 4, -1
125, 3, -1
125, 4, 0
124, 3, -1
126, 3, 0
138, 4, -1
112, 3, -1
125, 4, -1
125, 3, 0
124, 4, -1
126, 3, 0
125, 4, -1
125, 3, -1
125, 4, -1
133, 3, 0
125, 3, -1
122, 4, 0
124, 3, -1
127, 4, -1
124, 3, 0
123, 4, -1
128, 3, -1
124, 4, 0
124, 3, -1
126, 4, -1
125, 3, 0
123, 4, -1
127, 3, -1
126, 2, 0
123, 4, -1
126, 3, 0
125, 4, -1
126, 2, -1
123, 4, -1
125, 3, 0
125, 4, -1
125, 3, 0
125, 4, -1
125, 2, -1
125, 3, 0
125, 4, -1
125, 2, 0
125, 4, -1
125, 3, -1
125, 4, 0
125, 2, -1
125, 4, -1
125, 3, 0
125, 4, -1
125, 2, 0
125, 3, -1
125, 4, -1
125, 2, 0
126, 4, -1
129, 3, 0
125, 3, -1
125, 3, -1
125, 4, 0
134, 2, -1
116, 4, -1
125, 2, 0
125, 3, -1
125, 4, 0
125, 2, -1
125, 4, -1
125, 2, 0
125, 4, -1
125, 2, 0
125, 4, -1
125, 2, -1
127, 4, 0
121, 2, -1
125, 4, -1
128, 2, 0
129, 3, -1
122, 4, 0
126, 2, -1
125, 3, -1
122, 3, 0
125, 3, -1
123, 3, 0
151, 3, -1
94, 3, 0
123, 3, -1
125, 2, -1
132, 4, 0
118, 2, -1
125, 3, 0
125, 3, -1
125, 2, 0
125, 4, -1
125, 2, -1
125, 4, 0
125, 2, -1
125, 3, 0
125, 2, -1
125, 3, 0
126, 3, -1
125, 2, -1
125, 4, 0
124, 2, -1
126, 3, 0
125, 2, -1
126, 4, -1
128, 2, 0
123, 3, -1
125, 2, 0
125, 2, -1
122, 4, 0
126, 2, -1
124, 3, -1
124, 2, 0
127, 4, -1
133, 2, 0
122, 3, -1
124, 2, 0
279, 3, -1
217, 2, 0
124, 8, -2
125, 3, -1
125, 2, 0
125, 3, -1
125, 2, 0
124, 3, -1
125, 2, 0
125, 3, -1
126, 2, -1
125, 3, 0
124, 2, -1
125, 2, 0
126, 3, -1
125, 2, 0
125, 3, -1
125, 2, 0
125, 3, -1
126, 2, 0
124, 3, -1
126, 2, 0
124, 3, -1
124, 1, 0
125, 2, 0
125, 3, -1
125, 2, -1
125, 3, 0
126, 2, -1
125, 3, 0
125, 2, -1
124, 2, 0
126, 2, -1
124, 3, 0
125, 2, -1
125, 2, 0
126, 2, -1
125, 2, 0
124, 3, -1
125, 2, 0
126, 3, -1
124, 1, 0
126, 3, -1
124, 2, 0
125, 3, -1
125, 1, 0
125, 2, 0
126, 3, -1
126, 1, 0
124, 3, -1
125, 2, 0
124, 2, -1
125, 2, 0
125, 3, -1
134, 1, 0
116, 3, -1
125, 1, 0
125, 2, -1
125, 3, 0
125, 1, -1
125, 3, 0
126, 2, 0
125, 2, -1
125, 2, 0
125, 2, -1
126, 2, 0
125, 2, -1
123, 2, 0
125, 1, -1
125, 3, 0
125, 1, -1
125, 3, 0
125, 1, 0
130, 3, -1
125, 1, 0
125, 2, -1
124, 2, 0
131, 2, -1
119, 2, 0
125, 1, 0
126, 3, -1
127, 1, 0
131, 2, -1
122, 2, 0
132, 2, -1
118, 2, 0
125, 2, -1
125, 1, 0
125, 2, -1
127, 2, 0
123, 1, 0
124, 3, -1
125, 1, 0
125, 2, -1
126, 2, 0
125, 2, 0
125, 1, -1
124, 2, 0
125, 2, -1
126, 2, 0
135, 1, 0
110, 1, -1
121, 2, 0
124, 2, -1
125, 2, 0
125, 1, 0
125, 2, -1
126, 1, 0
125, 2, -1
124, 1, 0
125, 2, 0
125, 2, -1
125, 1, 0
127, 2, -1
123, 1, 0
125, 2, 0
126, 1, -1
124, 2, 0
125, 1, 0
125, 2, -1
126, 1, 0
126, 2, -1
123, 1, 0
126, 1, 0
127, 2, -1
124, 1, 0
124, 2, 0
126, 1, -1
124, 2, 0
124, 1, 0
126, 2, -1
339, 1, 0
164, 2, -1
122, 4, -1
124, 1, 0
125, 1, -1
126, 1, 0
124, 2, 0
125, 1, -1
127, 2, 0
125, 1, 0
132, 1, -1
121, 1, 0
128, 1, 0
120, 1, -1
125, 1, 0
125, 2, -1
124, 1, 0
125, 1, 0
125, 1, -1
125, 2, 0
125, 1, 0
127, 1, -1
124, 1, 0
128, 1, 0
121, 1, -1
125, 1, 0
125, 1, 0
126, 1, -1
125, 2, 0
247, 2, -1
127, 1, 0
126, 1, -1
124, 1, 0
126, 1, 0
124, 1, 0
126, 0, -1
124, 2, 0
248, 2, -1
250, 2, -1
250, 1, 0
127, 1, -1
126, 1, 0
125, 1, 0
125, 1, -1
126, 1, 0
246, 1, -1
127, 1, 0
127, 1, 0
124, 1, -1
247, 1, 0
127, 1, -1
130, 1, 0
245, 1, -1
130, 1, 0
126, 1, 0
243, 1, -1
131, 1, 0
125, 1, -1
244, 1, 0
250, 1, 0
131, 1, -1
244, 1, -1
131, 1, 0
245, 1, 0
130, 0, -1
125, 1, 0
125, 1, 0
264, 0, -1
111, 1, 0
244, 1, -1
131, 1, 0
371, 1, -1
252, 1, 0
248, 0, -1
127, 1, 0
251, 1, -1
246, 1, 0
251, 0, -1
126, 1, 0
500, 1, -1
264, 1, 0
234, 0, -1
250, 1, 0
250, 0, -1
250, 1, 0
376, 0, -1
374, 1, 0
260, 0, -1
491, 0, -1
125, 1, 0
498, 0, -1
625, 0, -1
624, 0, -1
501, 0, -1
625, 0, -1
375, 0, -1
627, 0, -1
375, -1, 0
250, 0, -1
499, -1, -1
377, -1, 0
249, 0, -1
374, -1, -1
376, -1, 0
250, 0, -1
127, -1, 0
412, -1, -1
406, -1, 0
58, 0, -1
124, -1, 0
401, -1, -1
401, -1, 0
73, 0, -1
130, -1, 0
247, -1, 0
126, 0, -1
243, -1, 0
250, -1, 0
131, 0, -1
125, -1, 0
243, -1, 0
132, 0, -1
125, -1, 0
244, -1, 0
130, 0, -1
128, -1, 0
243, -1, 0
148, -1, -1
232, -1, 0
128, -1, 0
243, -1, -1
253, -1, 0
127, -1, -1
240, -1, 0
250, -1, 0
127, -1, -1
248, -1, 0
127, -1, 0
126, 0, -1
125, -1, 0
125, -1, 0
247, -1, 0
127, -1, -1
125, -1, 0
248, -1, 0
128, -1, 0
126, 0, -1
130, -1, 0
123, -2, 0
247, -1, 0
128, -1, -1
245, -1, 0
127, -1, 0
130, -1, 0
122, -1, -1
122, -1, 0
249, -1, 0
126, -1, -1
125, -1, 0
124, -1, 0
249, -1, 0
127, -1, 0
125, -1, -1
125, -1, 0
278, -1, 0
223, -1, 0
124, -3, -1
248, -1, 0
137, -1, 0
120, -1, 0
124, -2, -1
248, -2, 0
249, -2, 0
128, -1, -1
125, -1, 0
126, -1, 0
246, -2, 0
250, -2, -1
128, -1, 0
127, -1, 0
124, -1, 0
124, -1, 0
125, -1, 0
126, -2, -1
247, -1, 0
127, -2, 0
125, -1, 0
125, -1, 0
125, -1, 0
126, -1, -1
124, -1, 0
125, -2, 0
126, -1, 0
125, -1, 0
125, -1, 0
124, -1, 0
125, -2, -1
125, -1, 0
125, -1, 0
125, -1, 0
125, -2, 0
125, -1, 0
125, -1, 0
125, -1, 0
125, -2, -1
126, -1, 0
124, -1, 0
125, -2, 0
125, -1, 0
125, -1, 0
125, -1, 0
125, -2, 0
125, -1, -1
130, -2, 0
124, -1, 0
125, -2, 0
126, -1, 0
125, -1, 0
124, -2, 0
144, -1, 0
107, -1, -1
125, -2, 0
125, -1, 0
125, -2, 0
125, -1, 0
125, -2, 0
125, -1, 0
125, -2, 0
125, -1, 0
125, -2, -1
125, -1, 0
125, -2, 0
139, -1, 0
115, -2, 0
121, -1, 0
125, -2, 0
125, -1, 0
126, -2, 0
124, -2, 0
125, -2, -1
125, -1, 0
116, -1, 0
125, -2, 0
124, -2, 0
126, -2, 0
125, -1, 0
125, -2, 0
125, -1, 0
125, -2, 0
124, -2, 0
125, -2, 0
125, -1, 0
126, -1, 0
124, -3, 0
125, -1, 0
125, -2, 0
125, -2, 0
125, -2, 0
126, -1, 0
135, -2, 0
114, -2, 0
125, -2, 0
125, -1, -1
125, -2, 0
125, -2, 0
125, -1, 0
125, -3, 0
125, -1, 0
125, -3, 0
125, -1, 0
125, -2, 0
125, -2, 0
125, -2, 0
125, -2, 0
125, -1, 0
125, -3, 0
125, -1, 0
128, -3, 0
128, -1, 0
128, -3, 0
119, -1, 0
123, -3, 0
124, -1, 0
125, -3, 0
125, -1, 0
125, -3, 0
125, -2, 0
125, -1, 0
125, -3, 0
309, -1, 0
193, -3, 0
122, -6, 0
125, -2, 0
126, -2, 0
124, -3, 0
125, -1, 0
125, -2, 0
125, -3, 0
126, -2, 0
124, -2, 0
125, -2, 1
125, -3, 0
126, -2, 0
124, -2, 0
126, -2, 0
124, -3, 0
125, -2, 0
125, -2, 0
125, -2, 0
126, -2, 0
125, -3, 1
124, -2, 0
125, -3, 0
125, -1, 0
125, -3, 0
125, -2, 0
125, -3, 0
125, -2, 1
126, -2, 0
124, -3, 0
125, -2, 0
125, -3, 0
126, -2, 0
124, -2, 0
125, -2, 1
125, -3, 0
125, -2, 0
125, -3, 0
125, -2, 0
125, -2, 1
125, -3, 0
125, -2, 0
125, -3, 0
125, -2, 0
125, -3, 1
125, -2, 0
125, -4, 0
125, -2, 0
125, -3, 1
125, -2, 0
125, -2, 0
125, -3, 0
125, -2, 0
125, -3, 1
125, -2, 0
125, -4, 0
125, -2, 0
136, -3, 1
120, -2, 0
126, -3, 0
123, -2, 1
124, -4, 0
125, -2, 0
126, -2, 0
124, -3, 0
125, -3, 1
125, -3, 0
125, -2, 0
126, -3, 1
131, -3, 0
121, -3, 0
127, -2, 1
125, -4, 0
123, -2, 0
124, -2, 0
125, -4, 1
124, -2, 0
126, -3, 1
124, -2, 0
126, -4, 0
125, -2, 1
124, -4, 0
126, -2, 0
124, -4, 1
125, -2, 0
125, -3, 0
124, -3, 1
125, -2, 0
124, -4, 1
136, -2, 0
113, -4, 1
124, -2, 0
126, -4, 0
124, -2, 1
125, -4, 0
125, -2, 1
126, -3, 0
124, -3, 0
125, -3, 1
126, -3, 0
125, -3, 1
124, -4, 0
126, -2, 0
124, -4, 1
125, -2, 0
126, -4, 1
125, -3, 0
125, -2, 1
125, -4, 0
124, -2, 1
125, -4, 0
126, -3, 1
125, -4, 0
125, -2, 1
125, -4, 0
124, -3, 1
125, -3, 0
126, -3, 1
125, -3, 0
124, -4, 1
126, -2, 0
125, -4, 1
124, -3, 0
126, -4, 1
124, -2, 0
127, -4, 1
123, -3, 0
126, -4, 1
125, -3, 0
125, -4, 1
125, -2, 0
237, -3, 1
263, -4, 1
124, -10, 1
126, -4, 1
124, -2, 0
125, -4, 1
125, -3, 1
127, -4, 0
123, -3, 1
124, -3, 0
126, -4, 1
124, -3, 0
125, -4, 1
126, -2, 1
125, -5, 0
124, -2, 1
126, -5, 1
125, -2, 0
126, -5, 1
126, -3, 0
124, -2, 1
124, -5, 1
125, -3, 0
125, -4, 1
125, -3, 0
125, -4, 1
125, -3, 1
125, -4, 0
125, -3, 1
125, -4, 1
125, -3, 0
125, -3, 1
125, -5, 1
125, -3, 0
125, -4, 1
125, -3, 1
125, -4, 0
125, -3, 1
125, -5, 1
127, -3, 0
122, -4, 1
126, -3, 1
127, -4, 1
123, -4, 0
126, -3, 1
123, -4, 1
125, -3, 0
126, -5, 1
123, -3, 1
127, -4, 0
124, -3, 1
125, -5, 1
125, -3, 0
125, -4, 1
126, -3, 1
124, -3, 1
125, -5, 0
125, -3, 1
125, -5, 1
125, -3, 1
125, -4, 0
125, -3, 1
125, -5, 1
125, -3, 1
125, -5, 1
125, -3, 0
125, -3, 1
125, -5, 1
125, -3, 0
125, -5, 1
125, -3, 1
125, -5, 1
125, -3, 0
132, -5, 1
124, -3, 1
124, -5, 1
125, -3, 1
125, -3, 0
126, -5, 1
124, -3, 1
124, -5, 1
129, -3, 0
124, -5, 1
123, -3, 1
125, -5, 1
125, -3, 0
125, -5, 1
125, -3, 1
127, -5, 1
124, -3, 1
124, -3, 0
125, -5, 1
125, -4, 1
125, -5, 1
126, -3, 1
123, -5, 1
126, -3, 1
125, -5, 0
125, -3, 1
126, -5, 1
128, -4, 1
123, -3, 0
126, -5, 1
121, -3, 1
125, -5, 1
122, -4, 1
124, -5, 1
125, -3, 1
125, -5, 1
126, -3, 0
125, -5, 1
124, -4, 1
129, -3, 1
121, -5, 1
125, -4, 0
125, -5, 2
125, -3, 0
126, -5, 1
124, -4, 1
127, -5, 1
128, -3, 1
124, -5, 1
124, -4, 1
126, -3, 0
128, -5, 1
121, -4, 1
126, -5, 1
123, -3, 1
124, -6, 1
124, -3, 1
125, -5, 1
278, -4, 1
223, -5, 1
124, -12, 3
125, -3, 0
125, -6, 1
125, -3, 1
125, -5, 1
126, -4, 1
125, -5, 1
124, -4, 1
126, -5, 1
124, -3, 1
126, -4, 0
125, -5, 2
124, -4, 0
125, -5, 1
125, -4, 1
126, -5, 1
126, -3, 1
126, -6, 1
124, -3, 1
125, -6, 1
125, -3, 1
125, -5, 1
125, -4, 1
125, -3, 0
126, -6, 1
124, -3, 1
125, -6, 2
125, -3, 0
134, -6, 1
118, -3, 1
125, -6, 1
124, -3, 1
125, -5, 1
127, -4, 1
123, -4, 1
126, -5, 1
124, -4, 0
125, -5, 2
127, -4, 0
125, -5, 1
124, -4, 1
126, -5, 1
124, -4, 1
126, -5, 1
128, -4, 1
123, -3, 1
124, -6, 1
123, -4, 0
125, -5, 1
125, -4, 1
126, -5, 1
124, -4, 1
126, -5, 1
126, -4, 1
125, -6, 1
125, -3, 1
135, -4, 1
115, -5, 1
123, -4, 1
125, -6, 1
125, -3, 1
125, -6, 1
125, -4, 1
125, -5, 1
125, -4, 1
125, -6, 1
125, -3, 1
125, -4, 0
127, -5, 2
123, -4, 0
126, -6, 2
124, -3, 0
125, -6, 1
124, -4, 1
128, -5, 1
124, -4, 1
126, -5, 1
123, -4, 1
125, -6, 1
124, -3, 1
126, -4, 1
125, -6, 1
128, -3, 1
126, -6, 1
121, -4, 1
125, -5, 1
125, -4, 1
124, -6, 1
125, -3, 1
126, -6, 1
124, -3, 1
125, -4, 0
126, -6, 2
124, -3, 0
125, -6, 1
126, -4, 1
125, -5, 2
124, -4, 0
126, -6, 2
125, -3, 0
125, -6, 2
125, -4, 0
125, -4, 1
124, -5, 1
126, -4, 1
127, -6, 1
123, -4, 1
125, -5, 1
125, -4, 1
124, -6, 1
126, -4, 1
125, -5, 1
125, -4, 1
125, -5, 1
125, -4, 1
125, -4, 1
125, -6, 1
125, -3, 1
136, -6, 1
119, -4, 1
124, -5, 1
126, -4, 1
124, -6, 1
125, -4, 1
125, -5, 1
125, -4, 1
126, -4, 1
125, -6, 1
124, -3, 1
344, -6, 1
154, -4, 1
124, -15, 3
125, -4, 1
125, -5, 1
125, -4, 1
125, -4, 1
125, -6, 1
125, -4, 1
125, -5, 1
125, -4, 1
125, -6, 1
125, -3, 1
125, -6, 1
125, -4, 1
121, -6, 1
125, -4, 1
125, -5, 1
125, -4, 1
125, -4, 1
126, -6, 1
126, -3, 1
124, -6, 1
125, -4, 1
125, -6, 1
124, -3, 1
126, -6, 1
125, -4, 1
126, -6, 1
125, -3, 1
123, -4, 1
127, -6, 1
123, -4, 1
125, -5, 1
125, -4, 1
125, -6, 1
128, -4, 1
125, -5, 1
124, -4, 1
125, -6, 1
124, -3, 1
126, -4, 0
125, -6, 2
123, -4, 0
125, -5, 2
124, -4, 0
126, -6, 1
125, -3, 1
137, -6, 1
120, -4, 1
124, -5, 1
125, -4, 1
126, -6, 1
125, -4, 1
124, -3, 1
125, -6, 1
127, -4, 1
127, -5, 1
124, -4, 1
126, -6, 1
124, -3, 0
123, -6, 2
125, -4, 0
128, -5, 2
123, -4, 0
123, -4, 1
125, -6, 1
125, -3, 1
126, -6, 1
124, -4, 1
125, -5, 1
125, -4, 1
125, -5, 1
125, -4, 1
126, -6, 1
124, -3, 1
127, -4, 0
127, -6, 2
125, -3, 0
119, -6, 2
131, -4, 0
117, -5, 1
125, -4, 1
126, -6, 1
124, -3, 1
125, -6, 1
128, -4, 1
124, -3, 1
125, -6, 1
125, -4, 0
163, -5, 2
86, -4, 0
125, -5, 1
125, -4, 1
125, -6, 1
126, -3, 1
124, -6, 1
124, -4, 1
126, -3, 1
125, -6, 1
126, -4, 1
126, -5, 1
123, -4, 1
124, -5, 1
126, -4, 0
129, -5, 1
122, -4, 1
125, -5, 1
126, -4, 1
126, -4, 1
124, -5, 1
126, -4, 0
124, -5, 2
124, -4, 0
127, -6, 1
125, -3, 1
123, -6, 1
123, -3, 1
126, -6, 1
124, -3, 1
125, -4, 0
125, -5, 1
126, -4, 1
127, -5, 1
122, -4, 1
127, -5, 1
125, -4, 1
123, -6, 1
125, -3, 0
125, -6, 2
125, -3, 0
125, -4, 1
239, -5, 1
264, -4, 1
124, -14, 3
124, -4, 0
124, -5, 1
125, -4, 1
124, -5, 1
125, -4, 1
125, -3, 0
127, -5, 1
126, -4, 1
125, -5, 1
125, -4, 1
126, -5, 1
125, -4, 0
123, -5, 1
126, -4, 1
122, -5, 1
125, -3, 1
125, -4, 0
127, -5, 2
126, -4, 0
132, -5, 1
118, -3, 1
126, -6, 1
123, -3, 1
132, -5, 0
118, -4, 1
125, -5, 1
123, -4, 1
127, -3, 0
121, -5, 1
129, -4, 1
123, -5, 1
123, -3, 1
135, -5, 1
128, -4, 0
118, -5, 1
124, -4, 1
124, -5, 1
124, -3, 1
124, -3, 0
126, -6, 1
124, -3, 1
128, -5, 1
130, -4, 0
124, -5, 1
121, -3, 1
122, -5, 1
130, -4, 1
121, -5, 1
125, -3, 0
127, -5, 1
125, -4, 1
129, -3, 1
123, -5, 1
128, -4, 0
123, -5, 1
127, -3, 1
123, -5, 1
126, -3, 0
124, -5, 1
125, -4, 1
130, -5, 1
126, -3, 1
120, -3, 0
123, -5, 1
127, -4, 1
127, -5, 1
122, -3, 0
125, -5, 1
126, -3, 1
125, -6, 1
124, -3, 0
129, -5, 1
121, -3, 1
124, -3, 1
127, -5, 1
125, -3, 0
125, -5, 1
125, -4, 1
122, -5, 1
128, -3, 0
132, -5, 1
118, -3, 1
128, -5, 1
120, -3, 0
123, -3, 1
125, -5, 1
124, -3, 0
128, -5, 1
120, -3, 1
126, -5, 1
127, -4, 0
127, -4, 1
130, -3, 1
117, -5, 1
126, -3, 0
132, -4, 1
118, -4, 1
122, -3, 0
127, -5, 1
123, -3, 0
131, -5, 1
120, -3, 1
131, -5, 1
125, -3, 0
122, -5, 1
126, -3, 1
127, -3, 1
123, -5, 0
125, -3, 1
124, -4, 1
123, -4, 0
125, -4, 1
125, -3, 1
125, -5, 1
124, -3, 0
125, -5, 1
125, -3, 1
126, -3, 0
124, -5, 1
126, -3, 0
124, -4, 1
125, -3, 1
125, -5, 1
135, -3, 0
133, -4, 1
108, -3, 1
126, -5, 1
153, -3, 0
265, -5, 1
205, -3, 1
130, -10, 1
120, -5, 1
125, -3, 1
128, -4, 1
123, -3, 0
124, -4, 1
125, -3, 1
126, -5, 0
122, -3, 1
124, -3, 0
126, -4, 1
126, -3, 1
124, -4, 0
126, -3, 1
126, -5, 1
125, -2, 0
123, -5, 1
125, -3, 1
124, -4, 0
127, -3, 1
123, -3, 1
125, -4, 0
125, -3, 1
126, -4, 1
125, -3, 0
125, -4, 1
125, -3, 0
126, -4, 1
125, -3, 1
124, -4, 0
126, -3, 1
124, -4, 1
125, -3, 0
125, -3, 1
125, -4, 0
124, -3, 1
128, -4, 1
125, -3, 0
123, -4, 1
124, -3, 0
126, -4, 1
124, -3, 1
125, -4, 0
126, -3, 1
124, -2, 0
126, -4, 1
124, -3, 0
125, -4, 1
125, -3, 1
125, -4, 1
125, -2, 0
125, -5, 1
126, -2, 0
126, -4, 1
123, -3, 0
125, -3, 1
125, -4, 0
125, -2, 1
125, -4, 1
125, -3, 0
126, -4, 1
129, -2, 0
121, -4, 1
124, -3, 0
125, -4, 1
125, -2, 1
125, -3, 0
125, -4, 1
147, -2, 0
103, -4, 1
125, -2, 0
125, -4, 1
128, -3, 0
122, -4, 1
125, -2, 0
125, -4, 1
125, -2, 1
125, -4, 0
125, -3, 1
125, -2, 0
125, -4, 1
125, -2, 0
125, -4, 1
130, -2, 0
126, -4, 1
129, -3, 0
119, -3, 1
127, -3, 0
124, -3, 1
127, -3, 0
201, -2, 1
56, -4, 0
124, -2, 1
122, -4, 0
127, -2, 1
128, -4, 0
118, -2, 1
127, -3, 0
123, -3, 1
129, -3, 0
122, -3, 1
136, -2, 0
120, -3, 1
120, -3, 0
134, -3, 1
117, -2, 0
129, -4, 1
117, -2, 0
132, -3, 1
120, -3, 0
125, -3, 1
124, -2, 0
120, -2, 0
127, -4, 1
128, -2, 0
124, -3, 1
123, -2, 0
124, -4, 1
125, -2, 0
127, -3, 1
125, -2, 0
124, -3, 1
125, -3, 0
126, -3, 0
124, -2, 1
125, -2, 0
125, -4, 1
125, -2, 0
125, -3, 1
335, -2, 0
165, -3, 1
124, -7, 1
125, -3, 0
125, -2, 1
125, -2, 0
124, -3, 0
126, -2, 1
126, -3, 0
123, -2, 0
125, -3, 1
125, -2, 0
125, -3, 1
125, -2, 0
125, -3, 1
126, -2, 0
124, -2, 0
124, -3, 1
126, -2, 0
125, -3, 0
126, -2, 1
125, -2, 0
124, -2, 0
125, -3, 1
125, -2, 0
124, -3, 1
126, -2, 0
125, -2, 0
125, -2, 1
125, -2, 0
125, -3, 0
136, -2, 1
115, -2, 0
125, -2, 0
126, -3, 1
124, -1, 0
124, -3, 1
126, -2, 0
126, -1, 0
122, -3, 0
123, -2, 1
125, -2, 0
125, -2, 1
125, -2, 0
125, -2, 0
127, -3, 0
123, -2, 1
125, -2, 0
125, -1, 0
125, -2, 1
125, -2, 0
125, -2, 0
125, -2, 0
125, -2, 1
125, -2, 0
125, -2, 0
125, -2, 1
125, -2, 0
125, -2, 0
125, -2, 0
125, -1, 0
125, -2, 1
125, -2, 0
125, -2, 0
140, -1, 1
113, -3, 0
123, -1, 0
124, -2, 0
125, -2, 1
127, -2, 0
126, -1, 0
123, -2, 0
124, -2, 1
125, -1, 0
125, -2, 0
125, -2, 0
125, -2, 1
125, -1, 0
132, -2, 0
120, -1, 0
124, -2, 0
125, -1, 1
125, -2, 0
126, -2, 0
126, -1, 0
122, -2, 0
125, -1, 1
125, -2, 0
125, -1, 0
125, -2, 0
125, -1, 0
125, -2, 1
125, -1, 0
125, -2, 0
125, -1, 0
125, -1, 0
125, -2, 0
125, -1, 0
125, -2, 1
125, -1, 0
125, -1, 0
126, -1, 0
124, -2, 0
125, -1, 1
125, -2, 0
125, -1, 0
125, -1, 0
125, -1, 0
125, -1, 0
125, -2, 0
125, -1, 0
131, -1, 0
126, -1, 1
132, -1, 0
117, -1, 0
127, -2, 0
122, -1, 0
124, -1, 0
125, -1, 0
126, -1, 0
125, -1, 0
130, -1, 1
122, -1, 0
128, -1, 0
123, -1, 0
124, -1, 0
127, -1, 0
137, -1, 0
113, -1, 0
123, -1, 0
134, -1, 0
120, -1, 0
254, -1, 1
242, -1, 0
123, -2, 0
125, -1, 0
124, -1, 0
127, -1, 0
244, -1, 0
126, -1, 0
125, -1, 0
246, -1, 0
128, -1, 0
248, -1, 0
127, -1, 0
125, -1, 0
248, -1, 0
250, -1, 0
128, -1, 0
247, -1, 0
250, -1, 0
250, -1, 0
250, -1, 0
375, -1, 0
250, -1, 0
376, -1, 0
374, -1, 0
501, -1, 0
501, -1, 0
1003, -1, 0
3000, 1, 0
373, 0, -1
377, 1, 0
500, 1, 0
373, 1, 0
374, 1, 0
253, 0, -1
124, 1, 0
378, 1, 0
249, 1, 0
373, 1, 0
251, 1, 0
249, 1, -1
249, 1, 0
250, 1, 0
248, 1, 0
127, 1, 0
247, 1, -1
250, 1, 0
129, 1, 0
251, 1, 0
126, 1, 0
249, 1, -1
124, 1, 0
401, 1, 0
228, 1, 0
128, 2, -1
120, 1, 0
125, 1, 0
248, 1, 0
128, 1, 0
124, 1, -1
123, 1, 0
248, 2, 0
250, 1, 0
127, 1, 0
124, 1, -1
124, 1, 0
127, 1, 0
124, 1, 0
125, 1, -1
126, 1, 0
127, 1, 0
120, 1, 0
126, 1, 0
129, 1, 0
123, 1, -1
123, 1, 0
149, 1, 0
105, 2, 0
245, 2, -1
128, 1, 0
125, 1, 0
126, 1, 0
128, 1, 0
125, 1, -1
140, 1, 0
111, 2, 0
123, 1, 0
126, 1, -1
123, 1, 0
129, 2, 0
121, 1, 0
124, 1, 0
125, 1, -1
125, 1, 0
123, 2, 0
127, 1, 0
122, 2, -1
125, 1, 0
125, 1, 0
125, 1, 0
125, 2, -1
125, 1, 0
140, 1, 0
110, 2, 0
125, 1, -1
125, 2, 0
125, 1, 0
162, 2, 0
99, 1, -1
124, 2, 0
3124, -1, 0
6487, -1, 0
8878, 0, -1
2864, -1, 0
3638, -1, 0
2120, -1, 0
1873, -1, 0
1621, -1, 0
1245, -1, 0
999, 0, -1
373, -1, 0
1375, -1, 0
1129, -1, 0
996, -1, 0
998, -1, 0
127, 0, -1
875, -1, 0
873, -1, 0
749, -1, 0
875, -1, 0
250, 0, -1
375, -1, 0
750, -1, 0
750, -1, 0
627, -1, 0
624, -1, 0
131, 0, -1
369, -1, 0
750, -1, 0
500, -1, 0
376, 0, -1
249, -1, 0
554, -1, 0
570, -1, 0
250, 0, -1
407, -1, 0
593, -1, 0
665, -1, -1
860, -1, 0
608, -1, 0
123, 0, -1
759, -1, 0
1024, -1, 0
211, 0, -1
530, -1, 0
970, -1, 0
702, 0, -1
173, -1, 0
907, -1, 0
95, 0, -1
748, -1, 0
785, 0, -1
340, -1, 0
1035, -1, -1
916, -1, -1
929, -1, -1
874, 0, -1
250, -1, 0
408, 0, -1
592, -1, 0
249, 0, -1
684, 0, -1
481, -1, 0
87, 0, -1
781, 0, -1
595, -1, -1
532, 0, -1
748, 0, -1
467, -1, 0
127, 0, -1
498, 0, -1
658, 0, -1
496, 0, -1
629, -1, -1
466, 0, -1
540, 0, -1
618, 0, -1
467, 0, -1
533, 0, -1
501, 0, -1
499, 0, -1
469, 0, -1
532, 0, -1
499, 0, -1
343, 0, -1
531, 0, -1
469, 0, -1
374, 0, -1
503, 0, -1
533, 0, -1
339, 0, -1
534, 0, -1
499, 1, -1
342, 0, -1
409, 0, -1
498, 0, -1
344, 0, -1
249, 1, 0
250, 0, -1
375, 0, -1
540, 0, -1
88, 1, 0
247, 0, -1
378, 0, -1
498, 0, -1
129, 1, 0
248, 0, -1
509, 0, -1
467, 1, -1
274, 0, -1
374, 0, -1
249, 1, 0
126, 0, -1
372, 0, -1
375, 1, 0
129, 0, -1
377, 0, -1
372, 1, -1
373, 0, -1
375, 1, -1
500, 0, -1
250, 1, -1
413, 0, -1
339, 1, -1
519, 0, -1
250, 1, 0
157, 0, -1
331, 0, -1
128, 1, 0
240, 0, -1
379, 1, -1
371, 0, -1
257, 1, 0
133, 0, -1
382, 0, -1
109, 1, 0
248, 0, -1
375, 1, -1
373, 0, -1
127, 1, 0
247, 0, -1
261, 1, 0
114, 0, -1
374, 0, -1
127, 1, 0
246, 0, -1
250, 1, 0
126, 0, -1
387, 1, -1
486, 1, -1
377, 0, -1
128, 1, 0
251, 0, -1
244, 1, 0
128, 0, -1
249, 1, 0
128, 0, -1
374, 1, -1
500, 1, -1
376, 1, -1
246, 0, -1
251, 1, 0
251, 0, -1
129, 1, 0
260, 0, -1
236, 1, 0
130, 0, -1
244, 1, 0
275, 0, -1
231, 1, 0
121, 0, -1
246, 1, 0
127, 0, -1
249, 1, 0
126, 0, -1
247, 1, 0
128, 0, -1
398, 1, 0
102, 0, -1
248, 1, 0
249, 0, -1
128, 1, 0
125, 0, -1
247, 1, 0
251, 0, -1
129, 1, 0
246, 0, -1
249, 1, 0
257, 0, -1
127, 1, 0
246, 0, -1
130, 1, 0
244, 0, -1
132, 1, 0
372, 1, -1
376, 1, 0
127, 0, -1
241, 1, 0
131, 0, -1
245, 1, 0
249, 0, -1
131, 1, 0
246, 1, -1
380, 1, -1
493, 1, -1
376, 1, -1
406, 1, 0
94, 0, -1
125, 1, 0
248, 0, -1
128, 1, 0
247, 0, -1
127, 1, 0
402, 1, 0
98, 0, -1
127, 1, 0
247, 0, -1
127, 1, 0
374, 0, -1
126, 1, 0
248, 1, 0
127, 0, -1
246, 1, 0
129, 0, -1
247, 1, 0
251, 0, -1
127, 1, 0
372, 1, -1
251, 1, 0
249, 0, -1
127, 1, 0
249, 0, -1
127, 1, 0
372, 1, -1
251, 1, 0
250, 0, -1
127, 1, 0
371, 1, -1
375, 1, 0
129, 0, -1
125, 1, 0
373, 1, -1
375, 1, 0
126, 0, -1
248, 1, 0
249, 0, -1
129, 1, 0
397, 1, 0
101, 0, -1
248, 1, 0
249, 1, -1
400, 1, 0
103, 0, -1
248, 1, 0
249, 0, -1
254, 1, 0
249, 1, 0
131, 0, -1
125, 1, 0
495, 1, -1
377, 1, 0
129, 0, -1
244, 1, 0
376, 1, -1
249, 1, 0
251, 0, -1
249, 1, 0
374, 1, -1
376, 1, -1
377, 1, 0
372, 1, 0
128, 0, -1
249, 1, 0
372, 0, -1
127, 1, 0
248, 1, 0
249, 0, -1
250, 1, 0
377, 1, -1
374, 1, 0
249, 0, -1
128, 1, 0
497, 1, -1
375, 1, 0
375, 1, -1
501, 1, 0
249, 0, -1
251, 1, 0
248, 1, 0
255, 0, -1
249, 1, 0
372, 0, -1
250, 1, 0
376, 1, 0
249, 0, -1
128, 1, 0
497, 1, 0
250, 0, -1
250, 1, 0
504, 1, 0
126, 0, -1
497, 1, 0
375, 0, -1
125, 1, 0
523, 1, 0
474, 0, -1
128, 1, 0
647, 1, 0
226, 0, -1
254, 1, 0
622, 1, 0
500, 0, -1
132, 1, 0
618, 1, 0
665, 0, -1
91, 1, 0
923, 1, 0
571, 1, 0
374, 0, -1
500, 1, 0
1165, 1, 0
753, 0, -1
332, 1, 0
1501, 1, 0
2167, 1, 0
9772, 0, -1
1988, -1, 0
6013, 0, -1
810, -1, 0
4805, -1, 0
2069, 0, -1
2567, -1, 0
3734, -1, 0
2995, -1, 0
1955, -1, 0
2680, -1, 0
445, 0, 1
1418, -1, 0
1375, 0, 1
83, -1, 0
1749, -1, 0
125, 0, 1
1418, -1, 0
204, 0, 1
1037, -1, 0
659, 0, 1
811, -1, 0
499, 0, 1
800, -1, 0
571, 0, 1
377, -1, 0
789, 0, 1
460, -1, 0
774, 0, 1
352, -1, 0
652, 0, 1
97, -1, 0
1030, -1, 1
876, 0, 1
94, -1, 0
749, -1, 1
906, -1, 0
95, 0, 1
778, -1, 0
97, 0, 1
623, -1, 0
406, 0, 1
497, -1, 0
221, 0, 1
529, -1, 0
221, 0, 1
405, -1, 0
402, 0, 1
476, -1, 0
217, 0, 1
377, -1, 0
373, 0, 1
250, -1, 0
542, 0, 1
212, -1, 0
501, 0, 1
130, -1, 0
619, -1, 1
664, -1, 1
585, 0, 1
131, -1, 0
619, -1, 1
500, -1, 1
624, -1, 0
128, 0, 1
374, -1, 0
313, 0, 1
311, -1, 0
247, 0, 1
250, -1, 0
250, 0, 1
250, -1, 0
404, 0, 1
221, -1, 0
375, 0, 1
128, -1, 0
497, -1, 1
533, -1, 1
497, 0, 1
97, -1, 0
374, -1, 0
127, 0, 1
526, -1, 1
502, -1, 1
345, -1, 0
249, 0, 1
250, -1, 0
250, 0, 1
250, -1, 0
250, 0, 1
250, -1, 0
404, 0, 1
98, -1, 0
387, 0, 1
115, -1, 0
373, -1, 1
510, -1, 1
491, -1, 1
375, -1, 0
131, 0, 1
368, -1, 0
131, 0, 1
369, -1, 0
133, 0, 1
243, -1, 0
250, 0, 1
250, -1, 0
250, 0, 1
131, -1, 0
370, 0, 1
125, -1, 0
373, -1, 1
376, -1, 0
129, 0, 1
246, -1, 0
249, 0, 1
373, -1, 0
128, 0, 1
247, -1, 0
250, 0, 1
128, -1, 0
373, 0, 1
127, -1, 0
373, 0, 1
127, -1, 0
377, -1, 1
373, -1, 0
127, 0, 1
372, -1, 0
126, 0, 1
247, -1, 0
250, 0, 1
250, -1, 0
250, 0, 1
128, -1, 0
373, 0, 1
131, -1, 0
403, -1, 1
340, -1, 0
128, 0, 1
405, -1, 0
217, 0, 1
128, -1, 0
247, 0, 1
250, -1, 0
404, 0, 1
98, -1, 0
248, 0, 1
129, -1, 0
404, -1, 1
500, -1, 0
95, 0, 1
406, -1, 0
93, 0, 1
251, -1, 0
250, 0, 1
130, -1, 0
494, -1, 1
375, 0, 1
131, -1, 0
374, -1, 0
128, 0, 1
367, -1, 0
131, 0, 1
369, -1, 0
131, 0, 1
369, -1, 0
250, 0, 1
127, -1, 0
372, -1, 0
128, 0, 1
372, 0, 1
127, -1, 0
375, -1, 0
126, 0, 1
372, -1, 0
375, 0, 1
128, -1, 0
372, 0, 1
128, -1, 0
497, -1, 1
500, -1, 0
128, 0, 1
373, -1, 0
127, 0, 1
374, -1, 0
377, 0, 1
273, -1, 0
484, -1, 1
491, -1, 1
500, -1, 0
249, 0, 1
250, -1, 0
500, 0, 1
128, -1, 0
497, 0, 1
128, -1, 0
621, -1, 1
499, -1, 0
251, 0, 1
374, -1, 0
376, 0, 1
374, -1, 0
377, 0, 1
250, -1, 0
676, -1, 1
748, -1, 1
451, -1, 0
249, 0, 1
714, -1, 0
163, 0, 1
499, -1, 0
499, 0, 1
128, -1, 0
787, 0, 1
211, -1, 0
625, 0, 1
126, -1, 0
1047, 0, 1
79, -1, 0
918, -1, 1
1016, -1, 1
1385, -1, 1
1056, 0, 1
246, -1, 0
1133, 0, 1
370, -1, 0
1036, 0, 1
1294, -1, 0
299, 0, 1
1434, 0, 1
1820, -1, 0
122, 0, 1
2301, 0, 1
3072, 0, 1
6616, 1, 0
275, 0, 1
6703, 1, 0
4618, 0, 1
1539, 1, 0
4651, 0, 1
1621, 1, 0
4280, 1, 0
979, 0, 1
2474, 1, 0
3128, 1, 0
773, 0, 1
1771, 1, 0
2335, 1, 0
1786, 0, 1
215, 1, 0
1758, 1, 0
1897, 1, 0
1599, 1, 0
244, 0, 1
1379, 1, 0
1135, 1, 0
1539, 1, 1
1221, 1, 0
1231, 1, 0
1123, 1, 0
1130, 1, 0
621, 0, 1
240, 1, 0
1130, 1, 0
1002, 1, 0
884, 1, 0
1008, 1, 1
1010, 1, 0
748, 1, 0
858, 1, 0
873, 1, 0
635, 1, 0
738, 0, 1
126, 1, 0
776, 1, 0
726, 1, 0
901, 1, 0
593, 1, 0
790, 1, 0
333, 0, 1
373, 1, 0
775, 1, 0
655, 1, 0
695, 1, 0
754, 1, 0
625, 1, 0
636, 0, 1
117, 1, 0
745, 1, 0
623, 1, 0
755, 1, 0
759, 1, 0
619, 1, 0
750, 1, 0
774, 1, 0
453, 0, 1
128, 1, 0
747, 1, 0
911, 1, 0
622, 1, 0
848, 1, 0
876, 1, 0
784, 1, 0
871, 1, 0
839, 1, 0
1006, 1, 0
996, 1, 0
1128, 1, 0
1169, 1, 0
1119, 1, 0
581, 0, 1
1003, 1, 0
1787, 1, 0
2762, 1, 0
21786, -1, 0
7481, 0, -1
1358, -1, 0
4971, -1, 0
1012, 0, -1
2618, -1, 0
2727, -1, 0
661, 0, -1
2384, -1, 0
2757, -1, 0
1482, 0, -1
1122, -1, 0
2887, -1, 0
986, 0, -1
1342, -1, 0
2447, -1, 0
2434, -1, 0
529, 0, -1
1645, -1, 0
2090, -1, 0
2142, -1, 0
1772, -1, 0
1743, -1, 0
2097, -1, 0
1654, -1, 0
1848, -1, 0
1782, -1, 0
1117, -1, 0
1352, -1, 0
1247, -1, 0
1231, -1, 0
368, 0, 1
753, -1, 0
1125, -1, 0
1255, -1, 0
119, 0, 1
747, -1, 0
1125, -1, 0
249, 0, 1
913, -1, 0
839, -1, 0
249, 0, 1
916, -1, 0
712, 0, 1
497, -1, 0
751, -1, 0
130, 0, 1
869, -1, 0
501, 0, 1
506, -1, 0
869, -1, 1
1028, -1, 0
100, 0, 1
870, -1, 0
374, 0, 1
502, -1, 0
627, 0, 1
376, -1, 0
750, 0, 1
124, -1, 0
874, -1, 0
125, 0, 1
875, -1, 0
125, 0, 1
779, -1, 0
218, 0, 1
502, -1, 0
637, 0, 1
389, -1, 0
531, 0, 1
442, -1, 0
501, 0, 1
250, -1, 0
624, 0, 1
375, -1, 0
629, 0, 1
123, -1, 0
749, 0, 1
130, -1, 0
778, 0, 1
217, -1, 0
500, 0, 1
374, -1, 0
628, 0, 1
131, -1, 0
495, 0, 1
621, -1, 0
127, 0, 1
778, -1, 0
96, 0, 1
786, -1, 1
714, 0, 1
127, -1, 0
784, 0, 1
213, -1, 0
530, 0, 1
346, -1, 0
554, 0, 1
328, -1, 0
246, 0, 1
656, -1, 0
92, 0, 1
873, -1, 1
809, 0, 1
68, -1, 0
651, 0, 1
221, -1, 0
503, 0, 1
655, -1, 0
94, 0, 1
651, 0, 1
222, -1, 0
676, 0, 1
576, -1, 0
130, 0, 1
752, -1, 1
775, 0, 1
467, -1, 0
250, 0, 1
658, 0, 1
216, -1, 0
657, 0, 1
343, -1, 0
523, 0, 1
603, 0, 1
127, -1, 0
747, 0, 1
629, -1, 0
124, 0, 1
927, 0, 1
320, -1, 0
517, 0, 1
859, 0, 1
141, -1, 0
638, 0, 1
1126, -1, 1
875, 0, 1
747, 0, 1
99, -1, 0
1124, 0, 1
912, 0, 1
966, -1, 0
127, 0, 1
1249, 0, 1
1250, 0, 1
1499, 0, 1
1500, 0, 1
1999, 0, 1
2344, 0, 1
2656, 1, 1
3184, 1, 0
210, 0, 1
2155, 1, 0
591, 0, 1
2033, 1, 0
1001, 0, 1
1126, 1, 0
1876, 1, 0
642, 0, 1
1341, 1, 0
1759, 0, 1
94, 1, 0
1254, 1, 0
2027, 1, 0
614, 0, 1
872, 1, 0
1498, 1, 0
994, 0, 1
527, 1, 0
1627, 1, 0
1225, 1, 0
239, 0, 1
1160, 1, 0
1464, 1, 0
636, 0, 1
617, 1, 0
1288, 1, 0
1212, 1, 0
780, 0, 1
105, 1, 0
1151, 1, 0
838, 1, 0
1032, 1, 0
843, 1, 0
871, 1, 0
785, 1, 0
716, 1, 0
131, 0, 1
632, 1, 0
772, 1, 0
622, 1, 0
600, 1, 0
642, 1, 0
604, 1, 0
657, 1, 0
590, 1, 0
533, 1, 0
479, 1, 0
836, 1, 0
284, 1, 0
529, 1, 0
498, 1, 0
499, 1, 0
467, 1, 0
540, 1, 0
334, 1, 0
535, 1, 0
481, 1, 0
493, 1, 0
500, 1, 0
375, 1, 0
532, 1, 0
333, 1, 0
532, 1, 0
343, 1, 0
375, 1, 0
509, 1, 0
371, 1, 0
501, 1, 0
244, 1, 0
533, 1, 0
343, 1, 0
374, 1, 0
503, 1, -1
381, 1, 0
380, 1, 0
371, 1, 0
390, 1, 0
363, 1, 0
366, 1, 0
376, 1, 0
375, 1, 0
371, 1, 0
132, 0, -1
243, 1, 0
378, 1, 0
372, 1, 0
387, 1, 0
367, 1, 0
302, 0, -1
208, 1, 0
132, 1, 0
360, 1, 0
368, 1, 0
374, 1, 0
251, 0, -1
128, 1, 0
246, 1, 0
376, 1, 0
375, 1, 0
127, 0, -1
126, 1, 0
551, 1, 0
196, 1, 0
374, 1, 0
250, 0, -1
128, 1, 0
249, 1, 0
375, 1, 0
249, 0, -1
127, 1, 0
373, 1, 0
249, 1, 0
376, 1, -1
375, 1, 0
249, 1, 0
250, 1, 0
128, 0, -1
247, 1, 0
376, 1, 0
250, 0, -1
127, 1, 0
247, 1, 0
251, 1, 0
374, 1, 0
128, 0, -1
247, 1, 0
251, 1, 0
374, 1, -1
427, 1, 0
199, 1, 0
127, 0, -1
247, 1, 0
250, 1, 0
375, 1, -1
251, 1, 0
381, 1, 0
134, 0, -1
238, 1, 0
248, 1, 0
249, 1, 0
133, 0, -1
243, 1, 0
374, 1, 0
132, 0, -1
122, 1, 0
375, 1, 0
250, 1, -1
375, 1, 0
251, 1, 0
127, 0, -1
243, 1, 0
467, 1, 0
162, 0, -1
129, 1, 0
119, 1, 0
373, 1, -1
376, 1, 0
249, 1, -1
374, 1, 0
251, 1, 0
128, 0, -1
247, 1, 0
375, 1, 0
128, 0, -1
124, 1, 0
248, 1, 0
250, 0, -1
127, 1, 0
373, 1, 0
127, 0, -1
125, 1, 0
372, 1, 0
250, 1, -1
501, 1, 0
129, 0, -1
123, 1, 0
249, 1, 0
375, 1, -1
375, 1, 0
127, 0, -1
248, 1, 0
249, 1, 0
128, 0, -1
246, 1, 0
375, 1, -1
251, 1, 0
375, 1, -1
500, 1, 0
250, 1, -1
375, 1, 0
128, 0, -1
246, 1, 0
256, 1, 0
261, 0, -1
120, 1, 0
375, 1, 0
132, 0, -1
237, 1, 0
251, 0, -1
125, 1, 0
370, 1, -1
377, 1, 0
248, 0, -1
249, 1, 0
376, 1, 0
128, 0, -1
247, 1, 0
374, 0, -1
129, 1, 0
373, 1, -1
373, 1, 0
251, 0, -1
128, 1, 0
501, 1, -1
370, 1, 0
254, 0, -1
255, 1, 0
122, 0, -1
370, 1, 0
376, 1, -1
374, 0, -1
260, 1, 0
514, 1, -1
495, 1, 0
119, 0, -1
375, 1, 0
129, 0, -1
494, 1, -1
491, 1, 0
126, 0, -1
531, 1, 0
94, 0, -1
499, 0, -1
130, 1, 0
493, 0, -1
128, 1, 0
372, 0, -1
250, 1, 0
378, 0, -1
552, 1, 0
73, 0, -1
531, 0, -1
496, 1, 0
223, 0, -1
623, 1, -1
656, 0, -1
626, 0, -1
217, 1, 0
375, 0, -1
677, 0, -1
584, 0, -1
647, 0, -1
97, 1, 0
529, 0, -1
591, 0, -1
627, 0, -1
758, 0, -1
622, 0, -1
776, 0, -1
595, 0, -1
536, -1, 0
213, 0, -1
549, 0, -1
611, -1, 0
94, 0, -1
652, 0, -1
344, -1, 0
376, 0, -1
506, -1, 0
242, 0, -1
498, -1, 0
126, 0, -1
757, -1, -1
755, 0, -1
117, -1, 0
520, -1, -1
636, -1, 0
107, 0, -1
506, -1, 0
250, 0, -1
373, -1, 0
257, 0, -1
92, -1, 0
502, 0, -1
123, -1, 0
373, -1, 0
124, 0, -1
374, -1, 0
502, -1, -1
503, -1, 0
122, 0, -1
248, -1, 0
377, -1, -1
374, -1, 0
249, 0, -1
249, -1, 0
250, -1, 0
272, 0, -1
229, -1, 0
373, -1, -1
374, -1, 0
322, -1, 0
52, 0, -1
250, -1, 0
375, -1, 0
126, 0, -1
126, -1, 0
374, -1, 0
249, -1, -1
375, -1, 0
252, -1, 0
125, 0, -1
248, -1, 0
247, -1, 0
250, -1, -1
407, -1, 0
218, -1, 0
128, 0, -1
125, -1, 0
247, -1, 0
250, -1, 0
128, 0, -1
248, -1, 0
249, -1, 0
250, -1, -1
250, -1, 0
250, -1, 0
250, -1, 0
128, 0, -1
125, -1, 0
247, -1, 0
250, -1, 0
128, 0, -1
125, -1, 0
247, -1, 0
250, -1, 0
127, -1, 0
126, 0, -1
125, -1, 0
247, -1, 0
250, -1, 0
252, -1, -1
251, -1, 0
125, -1, 0
249, -1, 0
248, -1, 0
128, 0, -1
124, -1, 0
248, -1, 0
128, -1, 0
247, -1, 0
128, 0, -1
124, -1, 0
125, -1, 0
248, -1, 0
251, -1, 0
131, -1, 0
244, -1, 0
131, 0, -1
137, -1, 0
122, -1, 0
243, -1, 0
136, -1, 0
238, -1, 0
133, 0, -1
118, -1, 0
124, -1, 0
125, -1, 0
243, -1, 0
251, -1, 0
131, -1, 0
125, -1, 0
124, 0, -1
126, -1, 0
244, -1, 0
131, -1, 0
244, -1, 0
127, -1, 0
125, -1, 0
247, -1, 0
251, -1, -1
127, -1, 0
127, -1, 0
246, -1, 0
127, -1, 0
124, -1, 0
344, -1, 0
31, -1, 0
247, -1, 0
250, -1, 0
128, -1, -1
124, -1, 0
248, -1, 0
128, -1, 0
124, -1, 0
125, -1, 0
248, -1, 0
128, -1, 0
124, -1, 0
247, -1, 0
128, -1, 0
126, -1, -1
125, -1, 0
247, -1, 0
128, -1, 0
247, -1, 0
127, -1, 0
126, -1, 0
246, -1, 0
128, -1, 0
126, -1, 0
125, -1, 0
125, -1, 0
248, -1, 0
127, -1, 0
127, -1, 0
248, -1, 0
125, -1, 0
126, -1, 0
124, -1, -1
125, -1, 0
248, -1, 0
130, -1, 0
124, -1, 0
246, -1, 0
133, -1, 0
119, -1, 0
125, -1, 0
125, -1, 0
247, -1, 0
128, -1, 0
125, -1, 0
125, -1, 0
248, -1, 0
127, -1, 0
125, -1, 0
125, -1, 0
125, -1, 0
250, -1, 0
127, -1, 0
123, -1, 0
125, -1, 0
125, -1, 0
125, -1, 0
125, -1, 0
248, -1, 0
127, -1, 0
125, -1, 0
125, -1, 0
247, -1, 0
128, -1, 0
125, -1, 0
125, -1, 0
125, -1, 0
126, -1, 0
124, -1, 0
247, -1, 0
128, -1, 0
125, -1, 0
125, -1, 0
125, -1, 0
125, -1, 0
125, -1, 0
248, -1, 0
132, -1, 0
127, -1, 0
124, -1, 0
126, -1, 0
129, -1, 0
119, -1, 0
243, -1, 0
131, -1, 0
125, -1, 0
126, -1, 0
127, -1, 0
124, -1, 0
125, -1, 0
125, -1, 0
242, -1, 0
130, -1, 0
126, -1, 0
125, -1, 0
124, -1, 0
126, -1, 0
125, -1, 0
125, -1, 0
126, -1, 0
245, -1, 0
126, -1, 0
125, -1, 0
123, -1, 0
127, -1, 0
124, -1, 0
125, -1, 0
127, -1, 0
246, -1, 0
253, -1, 1
250, -1, 0
124, -3, 0
129, -1, 0
122, -1, 0
124, -1, 0
247, -2, 0
250, -1, 0
127, -1, 0
125, -1, 0
126, -1, 0
124, -1, 0
126, -1, 0
125, -1, 0
125, -1, 1
125, -1, 0
124, -1, 0
127, -1, 0
246, -1, 0
127, -1, 0
126, -1, 0
125, -1, 0
125, -1, 0
125, -1, 0
125, -1, 0
124, -1, 0
248, -2, 1
249, -1, 0
129, -1, 0
125, -1, 0
125, -1, 0
124, -1, 0
125, -1, 0
125, -1, 0
126, -1, 0
125, -1, 0
247, -1, 1
127, -1, 0
125, -1, 0
126, -1, 0
125, -1, 0
125, -1, 0
124, -1, 0
125, -1, 0
247, -2, 0
252, -1, 1
126, -1, 0
126, -1, 0
126, -1, 0
123, -1, 0
125, -1, 0
125, -1, 0
247, -2, 0
128, 0, 1
125, -1, 0
126, -1, 0
128, -1, 0
123, -1, 0
124, -1, 0
125, -1, 0
125, -1, 0
125, -1, 0
125, -1, 0
249, -1, 1
127, -1, 0
124, -1, 0
125, -1, 0
125, -1, 0
126, -1, 0
125, -1, 0
125, -1, 0
248, -2, 0
126, 0, 1
125, -1, 0
125, -1, 0
125, -1, 0
125, -1, 0
125, -1, 0
125, -1, 1
125, -1, 0
125, -1, 0
125, -1, 0
247, -1, 0
128, -1, 0
125, -1, 0
125, -1, 0
125, -1, 1
127, -1, 0
246, -2, 0
250, -1, 0
127, -1, 0
125, -1, 0
125, -1, 1
125, -1, 0
125, -1, 0
125, -1, 0
247, -2, 0
250, -1, 0
128, -1, 1
125, -1, 0
125, -1, 0
125, -1, 0
125, -1, 0
247, -2, 0
250, -1, 1
128, -1, 0
125, -1, 0
125, -1, 0
126, -1, 0
124, -1, 0
131, -1, 0
122, 0, 1
125, -1, 0
313, -1, 0
188, -1, 0
131, -3, 0
118, -1, 1
125, -1, 0
125, -1, 0
244, -1, 0
131, -1, 0
125, -1, 1
125, -1, 0
125, -1, 0
125, -1, 0
244, -1, 0
131, -1, 0
125, -1, 1
125, -1, 0
125, -1, 0
127, -1, 0
125, -1, 0
124, -1, 0
126, 0, 1
121, -1, 0
124, -1, 0
125, -1, 0
125, -1, 0
125, -1, 0
125, -1, 1
125, -1, 0
125, -1, 0
247, -1, 0
128, -1, 0
126, -1, 0
124, -1, 1
247, -2, 0
250, -1, 0
128, -1, 0
125, -1, 1
125, -1, 0
125, -1, 0
247, -1, 0
129, -1, 0
124, -1, 1
125, -1, 0
125, -1, 0
125, -1, 0
125, -1, 0
247, -1, 1
129, -1, 0
123, -1, 0
124, -1, 0
249, -1, 1
128, -1, 0
125, -1, 0
125, -1, 0
125, -1, 0
125, -1, 1
125, -1, 0
249, -1, 0
127, -1, 0
124, -1, 0
125, -1, 1
125, -1, 0
247, -1, 0
130, -1, 0
124, -1, 0
124, -1, 1
247, -1, 0
128, -1, 0
125, -1, 1
125, -1, 0
125, -1, 0
247, -1, 0
128, -1, 0
125, -1, 1
247, -1, 0
128, -1, 0
125, -1, 1
132, -1, 0
118, -1, 0
247, -1, 0
128, -1, 0
125, -1, 1
125, -1, 0
247, -1, 0
129, -1, 0
125, -1, 1
246, -1, 0
128, -1, 0
125, -1, 1
247, -1, 0
128, -1, 0
125, -1, 0
125, -1, 1
247, -1, 0
128, -1, 0
128, -1, 0
122, 0, 1
126, -1, 0
170, -1, 0
88, -1, 0
241, -1, 1
129, -1, 0
122, -1, 0
252, -1, 1
125, -1, 0
124, -1, 0
250, -1, 0
124, -1, 1
125, -1, 0
247, -1, 0
228, -1, 1
23, -1, 0
248, -1, 0
127, -1, 0
124, 0, 1
126, -1, 0
125, -1, 0
247, -1, 0
129, -1, 1
252, -1, 0
123, -1, 0
125, -1, 1
248, -1, 0
249, -1, 1
128, -1, 0
124, -1, 0
258, -1, 0
121, 0, 1
123, -1, 0
125, -1, 0
249, -1, 0
127, -1, 1
123, -1, 0
246, -1, 0
251, -1, 1
127, -1, 0
247, -1, 0
128, -1, 1
248, -1, 0
249, -1, 0
128, -1, 1
247, -1, 0
250, -1, 1
129, -1, 0
246, -1, 0
131, -1, 0
122, 0, 1
126, -1, 0
248, -1, 0
126, 0, 1
124, -1, 0
247, -1, 0
129, -1, 1
246, -1, 0
251, -1, 0
127, 0, 1
125, -1, 0
126, -1, 0
246, -1, 0
128, 0, 1
125, -1, 0
248, -1, 0
250, -1, 1
250, -1, 0
127, -1, 0
125, 0, 1
247, -1, 0
250, -1, 0
129, -1, 0
125, 0, 1
124, -1, 0
399, -1, 0
102, 0, 1
125, -1, 0
126, -1, 0
372, -1, 1
252, -1, 0
247, -1, 0
127, 0, 1
248, -1, 0
249, -1, 0
251, -1, 1
249, -1, 0
376, -1, 1
262, -1, 0
370, -1, 1
374, -1, 0
249, -1, 1
377, -1, 0
415, -1, 1
336, -1, 0
244, 0, 1
126, -1, 0
373, -1, 0
250, 0, 1
249, -1, 0
409, -1, 0
94, 0, 1
247, -1, 0
659, -1, 1
520, -1, 0
74, 0, 1
405, -1, 0
499, -1, 1
721, -1, 0
130, 0, 1
503, -1, 0
241, 0, 1
514, -1, 0
367, 0, 1
623, -1, 0
375, 0, 1
748, -1, 0
248, 0, 1
1001, 0, 1
930, -1, 0
319, 0, 1
1544, 0, 1
1260, 0, 1
1739, 0, 1
622, 1, 0
961, 0, 1
750, 1, 0
877, 0, 1
747, 1, 0
913, 0, 1
211, 1, 0
1125, 0, 1
128, 1, 0
1050, 1, 1
1014, 1, 0
183, 0, 1
661, 1, 0
393, 0, 1
481, 1, 0
468, 0, 1
247, 1, 0
753, 1, 1
635, 1, 1
742, 1, 0
247, 0, 1
502, 1, 0
249, 0, 1
249, 1, 0
375, 0, 1
249, 1, 0
693, 1, 1
472, 1, 0
90, 0, 1
409, 1, 0
388, 0, 1
198, 1, 0
376, 0, 1
126, 1, 0
431, 1, 0
69, 0, 1
499, 1, 0
127, 0, 1
246, 1, 0
399, 1, 1
499, 1, 0
108, 0, 1
251, 1, 0
371, 0, 1
128, 1, 0
372, 0, 1
126, 1, 0
373, 1, 0
126, 0, 1
248, 1, 0
396, 1, 1
378, 1, 0
120, 0, 1
236, 1, 0
379, 1, 1
387, 1, 0
231, 0, 1
131, 1, 0
370, 1, 1
253, 1, 0
371, 1, 1
378, 1, 0
126, 0, 1
275, 1, 0
219, 1, 0
127, 0, 1
249, 1, 0
248, 1, 0
128, 0, 1
249, 1, 0
374, 1, 1
251, 1, 0
250, 1, 0
126, 0, 1
248, 1, 0
253, 0, 1
126, 1, 0
247, 1, 0
130, 0, 1
244, 1, 0
250, 1, 0
251, 1, 0
126, 0, 1
125, 1, 0
406, 1, 1
217, 1, 0
250, 1, 0
127, 0, 1
124, 1, 0
408, 1, 0
216, 1, 1
250, 1, 0
249, 1, 0
128, 0, 1
247, 1, 0
250, 1, 0
127, 0, 1
125, 1, 0
247, 1, 0
251, 1, 1
250, 1, 0
250, 1, 0
250, 1, 1
250, 1, 0
388, 1, 0
242, 0, 1
122, 1, 0
125, 1, 0
248, 1, 1
249, 1, 0
250, 1, 0
263, 1, 1
121, 1, 0
247, 1, 0
250, 1, 1
265, 1, 0
248, 1, 0
274, 1, 1
213, 1, 0
249, 1, 0
249, 1, 1
132, 1, 0
241, 1, 0
251, 1, 1
250, 1, 0
249, 1, 0
250, 1, 0
131, 1, 1
245, 1, 0
251, 1, 0
289, 1, 1
208, 1, 0
137, 1, 0
238, 1, 0
254, 1, 1
248, 1, 0
252, 1, 0
123, 1, 0
125, 0, 1
125, 1, 0
125, 1, 0
248, 1, 0
250, 1, 0
128, 1, 1
249, 1, 0
248, 1, 0
128, 1, 0
126, 0, 1
124, 1, 0
246, 1, 0
251, 1, 0
127, 1, 0
125, 0, 1
125, 1, 0
125, 1, 0
249, 1, 0
251, 1, 1
126, 1, 0
247, 1, 0
250, 1, 0
249, 1, 1
128, 1, 0
125, 1, 0
247, 1, 0
250, 1, 0
128, 0, 1
125, 1, 0
125, 1, 0
247, 1, 0
128, 1, 0
247, 1, 1
251, 1, 0
128, 1, 0
246, 1, 0
128, 1, 0
125, 0, 1
125, 1, 0
247, 1, 0
128, 1, 0
247, 1, 0
128, 1, 0
125, 0, 1
125, 1, 0
125, 1, 0
247, 1, 0
251, 1, 0
127, 1, 0
125, 0, 1
126, 1, 0
299, 1, 0
201, 1, 0
134, 1, 0
123, 1, 1
246, 1, 0
127, 1, 0
247, 1, 0
123, 1, 0
248, 1, 0
128, 0, 1
125, 1, 0
125, 1, 0
247, 1, 0
134, 1, 0
250, 1, 0
132, 1, 0
240, 1, 1
130, 1, 0
272, 1, 0
234, 1, 0
130, 1, 0
235, 1, 0
130, 1, 1
244, 1, 0
131, 1, 0
244, 1, 0
129, 1, 0
246, 1, 0
130, 1, 0
246, 1, 1
130, 1, 0
243, 1, 0
131, 1, 0
248, 1, 0
123, 1, 0
246, 1, 0
128, 0, 1
125, 1, 0
125, 1, 0
125, 1, 0
247, 1, 0
127, 1, 0
248, 1, 0
250, 1, 0
128, 1, 1
249, 1, 0
126, 1, 0
247, 1, 0
128, 1, 0
125, 1, 0
247, 1, 0
252, 1, 0
127, 1, 0
247, 1, 1
127, 1, 0
126, 1, 0
246, 1, 0
250, 1, 0
128, 1, 0
247, 1, 0
127, 1, 0
248, 1, 0
128, 1, 1
247, 1, 0
127, 1, 0
248, 1, 0
128, 1, 0
248, 1, 0
130, 1, 0
245, 1, 0
128, 1, 0
247, 1, 0
127, 1, 0
247, 1, 0
129, 1, 1
246, 1, 0
127, 1, 0
248, 1, 0
127, 1, 0
248, 1, 0
128, 1, 0
246, 1, 0
128, 1, 0
248, 1, 0
127, 1, 0
247, 1, 0
129, 1, 0
125, 1, 0
247, 1, 1
250, 1, 0
221, 1, 0
149, 1, 0
129, 1, 0
124, 1, 0
247, 1, 0
249, 1, 0
128, 1, 0
248, 1, 0
127, 1, 0
126, 1, 0
246, 1, 0
250, 1, 0
128, 1, 0
248, 1, 0
139, 1, 0
238, 1, 0
132, 1, 0
243, 1, 1
131, 1, 0
274, 1, 0
223, 1, 0
140, 1, 0
125, 1, 0
232, 1, 0
131, 1, 0
243, 1, 0
131, 1, 0
244, 1, 0
130, 1, 0
245, 1, 0
251, 1, 0
131, 1, 0
125, 1, 0
243, 1, 0
249, 1, 0
128, 1, 0
247, 1, 0
127, 1, 0
248, 1, 0
127, 1, 0
248, 1, 0
127, 1, 0
248, 1, 0
250, 1, 0
128, 1, 0
247, 1, 0
128, 1, 0
247, 1, 0
127, 1, 0
249, 1, 0
249, 1, 0
128, 1, 0
125, 1, 0
247, 1, 0
250, 1, 0
127, 1, 0
248, 1, 0
249, 1, 0
128, 1, 0
247, 1, 0
128, 1, 0
247, 1, 0
250, 1, 0
128, 1, 0
247, 1, 0
251, 1, 0
128, 1, 0
247, 1, 0
128, 1, 0
247, 1, 0
127, 1, 0
247, 1, 0
250, 1, 0
128, 1, 0
247, 1, 0
250, 1, 0
128, 1, 0
247, 1, 0
251, 1, 0
127, 1, 0
247, 1, 0
128, 1, 0
251, 1, 0
125, 1, 0
247, 1, 0
378, 1, 0
250, 1, 0
124, 1, 0
125, 1, -1
248, 1, 0
127, 1, 0
247, 1, 0
250, 1, 0
250, 1, 0
128, 1, 0
247, 1, 0
250, 1, 0
128, 1, 0
438, 1, 0
63, 1, -1
249, 1, 0
249, 1, 0
126, 1, 0
249, 1, 0
248, 1, 0
250, 1, 0
250, 1, -1
250, 1, 0
128, 1, 0
247, 1, 0
250, 1, 0
375, 1, 0
129, 1, 0
247, 1, 0
127, 0, -1
125, 1, 0
247, 1, 0
251, 1, 0
249, 1, 0
253, 1, 0
251, 1, 0
131, 0, -1
124, 1, 0
245, 1, 0
275, 1, 0
222, 1, 0
249, 1, 0
251, 1, 0
131, 0, -1
246, 1, 0
248, 1, 0
251, 1, 0
249, 1, 0
252, 1, 0
251, 1, -1
403, 1, 0
220, 1, 0
250, 1, 0
373, 1, -1
250, 1, 0
262, 1, 0
391, 1, 0
222, 1, 0
252, 0, -1
126, 1, 0
247, 1, 0
378, 1, 0
248, 1, 0
373, 1, 0
250, 0, -1
128, 1, 0
406, 1, 0
217, 1, 0
405, 1, 0
220, 0, -1
294, 1, 0
206, 1, 0
375, 1, 0
528, 1, 0
222, 0, -1
127, 1, 0
524, 1, 0
357, 1, 0
370, 1, 0
376, 0, -1
249, 1, 0
511, 1, 0
494, 1, 0
371, 0, -1
252, 1, 0
656, 1, 0
468, 1, 0
431, 0, -1
516, 1, 0
800, 1, 0
658, 1, 0
216, 0, -1
880, 1, 0
1398, 1, 0
234, 0, -1
1621, 1, 0
2558, 0, -1
7072, -1, 0
939, 0, -1
2560, -1, 0
424, 0, -1
1944, 0, -1
127, -1, 0
1936, 0, -1
64, -1, 0
1559, 0, -1
188, -1, 0
1131, 0, -1
240, -1, 0
1035, -1, 0
214, 0, -1
1033, 0, -1
95, -1, 0
1058, -1, 0
200, 0, -1
634, -1, 0
736, 0, -1
247, -1, 0
753, -1, 0
129, 0, -1
783, -1, 0
491, 0, -1
218, -1, 0
752, -1, -1
750, -1, 0
511, -1, -1
864, -1, 0
250, 0, -1
250, -1, 0
654, -1, 0
97, 0, -1
543, -1, 0
456, -1, 0
126, 0, -1
497, -1, 0
523, -1, -1
629, -1, 0
535, -1, -1
529, -1, 0
478, 0, -1
61, -1, 0
499, -1, 0
249, 0, -1
250, -1, 0
549, -1, 0
326, -1, -1
503, -1, 0
459, 0, -1
40, -1, 0
434, -1, 0
485, -1, 0
76, 0, -1
247, -1, 0
378, -1, 0
249, 0, -1
252, -1, 0
374, -1, 0
249, 0, -1
251, -1, 0
374, -1, 0
375, -1, -1
250, -1, 0
530, -1, 0
221, 0, -1
131, -1, 0
369, -1, 0
402, -1, -1
348, -1, 0
376, -1, 0
373, -1, 0
129, 0, -1
246, -1, 0
375, -1, 0
127, 0, -1
125, -1, 0
374, -1, 0
373, -1, -1
377, -1, 0
250, -1, 0
374, -1, 0
250, 0, -1
128, -1, 0
248, -1, 0
250, -1, 0
374, -1, 0
128, 0, -1
247, -1, 0
375, -1, 0
249, -1, -1
250, -1, 0
375, -1, 0
250, -1, 0
375, -1, 0
127, 0, -1
126, -1, 0
247, -1, 0
375, -1, 0
252, -1, 0
249, -1, -1
375, -1, 0
249, -1, 0
251, -1, 0
249, 0, -1
128, -1, 0
247, -1, 0
250, -1, 0
250, -1, 0
375, -1, -1
250, -1, 0
250, -1, 0
250, -1, 0
250, -1, 0
407, -1, 0
95, 0, -1
136, -1, 0
238, -1, 0
249, -1, 0
378, -1, 0
252, -1, -1
248, -1, 0
255, -1, 0
249, -1, 0
244, -1, 0
250, -1, 0
131, 0, -1
125, -1, 0
369, -1, 0
251, -1, 0
248, -1, 0
250, -1, 0
250, -1, 0
127, 0, -1
126, -1, 0
247, -1, 0
251, -1, 0
250, -1, 0
250, -1, 0
127, 0, -1
125, -1, 0
407, -1, 0
215, -1, 0
250, -1, 0
250, -1, 0
128, 0, -1
124, -1, 0
248, -1, 0
250, -1, 0
375, -1, 0
250, -1, 0
250, -1, 0
128, 0, -1
125, -1, 0
247, -1, 0
250, -1, 0
250, -1, 0
250, -1, 0
250, -1, 0
250, -1, -1
250, -1, 0
251, -1, 0
250, -1, 0
250, -1, 0
249, -1, 0
250, -1, -1
250, -1, 0
376, -1, 0
256, -1, 0
244, -1, 0
249, -1, 0
250, -1, 0
250, -1, 0
250, -1, -1
250, -1, 0
429, -1, 0
195, -1, 0
252, -1, 0
250, -1, 0
248, -1, -1
251, -1, 0
249, -1, 0
251, -1, 0
249, -1, 0
250, -1, 0
410, -1, 0
93, -1, 0
247, 0, -1
129, -1, 0
247, -1, 0
251, -1, 0
250, -1, 0
250, -1, 0
410, -1, 0
214, -1, 0
128, 0, -1
125, -1, 0
247, -1, 0
250, -1, 0
249, -1, 0
408, -1, 0
217, -1, 0
263, -1, 0
370, -1, 0
123, 0, -1
124, -1, 0
246, -1, 0
249, -1, 0
251, -1, 0
375, -1, 0
250, -1, 0
249, -1, 0
251, -1, -1
406, -1, 0
219, -1, 0
250, -1, 0
375, -1, 0
250, -1, 0
250, -1, 0
411, -1, -1
213, -1, 0
409, -1, 0
216, -1, 0
249, -1, 0
250, -1, 0
375, -1, 0
251, -1, 0
374, -1, 0
128, 0, -1
125, -1, 0
400, -1, 0
513, -1, 0
214, -1, 0
124, -1, 0
408, -1, 0
214, -1, -1
408, -1, 0
394, -1, 0
210, -1, 0
396, -1, 0
218, -1, 0
410, -1, 0
339, -1, 0
250, -1, -1
411, -1, 0
339, -1, 0
250, -1, 0
376, -1, 0
414, -1, 0
336, -1, 0
376, -1, 0
249, -1, 0
432, 0, -1
74, -1, 0
244, -1, 0
414, -1, 0
211, -1, 0
500, -1, 0
374, -1, 0
415, -1, 0
89, 0, -1
247, -1, 0
375, -1, 0
416, -1, 0
333, -1, 0
416, -1, 0
459, -1, 0
540, -1, 0
211, -1, 0
376, 0, -1
126, -1, 0
542, -1, 0
330, -1, 0
541, -1, 0
334, -1, 0
540, -1, 0
501, -1, 0
459, -1, 0
418, -1, 0
207, 0, -1
375, -1, 0
543, -1, 0
505, -1, 0
619, -1, 0
498, -1, 0
632, -1, 0
328, 0, -1
250, -1, 0
750, -1, 0
667, -1, 0
623, -1, 0
714, -1, 0
789, -1, 0
746, -1, 0
336, 0, -1
752, -1, 0
920, -1, 0
1002, -1, 0
1370, -1, 0
1624, -1, 0
1087, 0, -1
1248, -1, 0
14887, 1, 0
3623, 1, 0
3001, 1, 1
2254, 1, 0
1366, 0, 1
245, 1, 0
1381, 1, 0
873, 0, 1
497, 1, 0
1128, 1, 0
372, 0, 1
756, 1, 0
1002, 1, 0
367, 0, 1
376, 1, 0
1000, 1, 0
249, 0, 1
634, 1, 0
752, 1, 0
119, 0, 1
747, 1, 0
760, 1, 1
615, 1, 0
821, 1, 1
748, 1, 0
498, 1, 1
809, 1, 0
501, 0, 1
127, 1, 0
695, 1, 0
495, 0, 1
58, 1, 0
622, 1, 0
660, 1, 1
657, 1, 0
502, 0, 1
59, 1, 0
567, 1, 0
560, 1, 0
121, 0, 1
499, 1, 0
370, 1, 0
127, 0, 1
659, 1, 0
463, 0, 1
128, 1, 0
622, 1, 0
251, 0, 1
250, 1, 0
657, 1, 0
344, 0, 1
248, 1, 0
501, 1, 0
433, 0, 1
68, 1, 0
654, 1, 0
97, 0, 1
404, 1, 0
593, 1, 0
252, 0, 1
415, 1, 0
458, 1, 0
250, 0, 1
250, 1, 0
625, 1, 1
665, 1, 0
460, 1, 1
500, 1, 0
499, 0, 1
128, 1, 0
533, 1, 0
521, 1, 1
607, 1, 0
470, 1, 1
533, 1, 0
336, 0, 1
128, 1, 0
680, 1, 0
315, 0, 1
127, 1, 0
538, 1, 0
334, 0, 1
128, 1, 0
498, 1, 0
499, 1, 1
666, 1, 0
334, 0, 1
128, 1, 0
539, 1, 0
208, 0, 1
250, 1, 0
626, 1, 0
439, 1, 1
438, 1, 0
372, 0, 1
128, 1, 0
531, 1, 0
498, 1, 0
96, 0, 1
406, 1, 0
467, 1, 0
135, 0, 1
240, 1, 0
686, 1, 0
192, 0, 1
249, 1, 0
532, 1, 0
343, 0, 1
131, 1, 0
400, 1, 0
469, 1, 1
537, 1, 0
459, 0, 1
128, 1, 0
407, 1, 0
465, 1, 0
250, 0, 1
250, 1, 0
538, 1, 0
343, 0, 1
122, 1, 0
399, 1, 0
538, 0, 1
63, 1, 0
400, 1, 0
472, 1, 0
250, 0, 1
250, 1, 0
500, 1, 0
537, 1, 1
468, 1, 0
532, 1, 0
91, 0, 1
372, 1, 0
533, 1, 0
342, 0, 1
128, 1, 0
555, 1, 0
317, 1, 1
507, 1, 0
525, 1, 0
343, 0, 1
128, 1, 0
528, 1, 0
501, 1, 0
95, 0, 1
373, 1, 0
553, 1, 0
479, 1, 1
468, 1, 0
656, 1, 0
344, 0, 1
128, 1, 0
528, 1, 0
508, 1, 0
336, 1, 1
625, 1, 0
532, 1, 0
343, 1, 1
657, 1, 0
470, 1, 0
531, 1, 1
467, 1, 0
656, 1, 0
344, 1, 0
249, 0, 1
408, 1, 0
592, 1, 0
410, 1, 0
94, 0, 1
496, 1, 0
531, 1, 0
469, 1, 0
128, 0, 1
530, 1, 0
467, 1, 0
501, 1, 0
375, 0, 1
242, 1, 0
386, 1, 0
626, 1, 0
534, 1, 0
212, 0, 1
250, 1, 0
571, 1, 0
634, 1, 0
451, 1, 0
343, 0, 1
128, 1, 0
530, 1, 0
467, 1, 0
532, 1, 0
469, 1, 1
659, 1, 0
465, 1, 0
534, 1, 0
591, 1, 0
533, 1, 1
468, 1, 0
659, 1, 0
500, 1, 0
498, 1, 0
626, 1, 0
101, 0, 1
397, 1, 0
651, 1, 0
476, 1, 0
626, 1, 0
500, 1, 0
498, 1, 0
342, 0, 1
250, 1, 0
500, 1, 0
741, 1, 0
535, 1, 0
475, 1, 0
658, 1, 0
341, 0, 1
250, 1, 0
663, 1, 0
495, 1, 0
593, 1, 0
658, 1, 0
468, 1, 0
658, 1, 0
590, 1, 1
625, 1, 0
659, 1, 0
716, 1, 0
501, 1, 0
624, 1, 0
659, 1, 0
466, 1, 0
784, 1, 0
623, 1, 0
593, 1, 0
785, 1, 0
465, 1, 0
750, 1, 0
657, 1, 0
718, 1, 0
645, 1, 0
765, 1, 0
715, 1, 0
658, 1, 0
751, 1, 0
841, 1, 0
658, 1, 0
842, 1, 0
750, 1, 0
250, 0, -1
656, 1, 0
721, 1, 0
1033, 0, -1
92, 1, 0
920, 1, 0
987, 1, 0
499, 0, -1
625, 1, 0
1092, 0, -1
409, 1, 0
1251, 0, -1
340, 1, 0
1290, 0, -1
999, 1, 0
335, 0, -1
1126, 0, -1
1449, 0, -1
961, 0, -1
964, 0, -1
1288, 0, -1
838, 0, -1
999, 0, -1
1002, 0, -1
127, -1, 0
531, 0, -1
967, -1, -1
749, 0, -1
249, -1, 0
501, 0, -1
409, -1, 0
341, 0, -1
659, -1, 0
106, 0, -1
484, 0, -1
128, -1, 0
655, 0, -1
112, -1, 0
481, 0, -1
127, -1, 0
616, 0, -1
259, -1, 0
407, -1, -1
466, -1, 0
127, 0, -1
497, -1, 0
128, 0, -1
407, -1, 0
215, 0, -1
250, -1, 0
375, -1, -1
535, -1, 0
110, 0, -1
355, -1, 0
409, -1, -1
341, -1, 0
250, 0, -1
250, -1, 0
250, 0, -1
128, -1, 0
404, -1, 0
96, 0, -1
125, -1, 0
531, -1, -1
341, -1, 0
128, 0, -1
125, -1, 0
404, -1, 0
96, 0, -1
125, -1, 0
372, -1, 0
128, 0, -1
247, -1, 0
250, -1, -1
375, -1, 0
250, -1, -1
251, -1, 0
249, 0, -1
128, -1, 0
247, -1, 0
250, -1, -1
408, -1, 0
94, 0, -1
126, -1, 0
247, -1, 0
128, 0, -1
125, -1, 0
247, -1, 0
251, -1, -1
407, -1, 0
94, 0, -1
126, -1, 0
247, -1, 0
128, -1, -1
405, -1, 0
217, -1, -1
253, -1, 0
251, -1, -1
124, -1, 0
247, -1, 0
250, -1, -1
250, -1, 0
250, -1, -1
250, -1, 0
128, -1, 0
125, 0, -1
125, -1, 0
259, -1, 0
116, 0, -1
125, -1, 0
125, -1, 0
247, -1, 0
128, 0, -1
125, -1, 0
125, -1, 0
247, -1, -1
250, -1, 0
128, -1, 0
126, 0, -1
125, -1, 0
246, -1, 0
128, 0, -1
125, -1, 0
126, -1, 0
250, -1, -1
124, -1, 0
247, -1, 0
128, -1, -1
247, -1, 0
250, -1, -1
129, -1, 0
124, -1, 0
247, -1, 0
128, 0, -1
125, -1, 0
125, -1, 0
247, -1, -1
128, -1, 0
247, -1, 0
128, -1, -1
247, -1, 0
128, -1, 0
247, -1, -1
128, -1, 0
247, -1, 0
128, -1, -1
125, -1, 0
247, -1, 0
128, 0, -1
125, -1, 0
125, -1, 0
125, -1, 0
125, 0, -1
125, -1, 0
125, -1, 0
125, -1, 0
125, 0, -1
125, -1, 0
125, -1, 0
247, -1, 0
128, -1, -1
125, -1, 0
247, -1, 0
128, -1, -1
128, -1, 0
245, -1, 0
127, -1, -1
125, -1, 0
247, -1, 0
128, -1, 0
125, -1, -1
125, -1, 0
247, -1, 0
128, -1, 0
125, -1, -1
247, -1, 0
128, -1, 0
125, -1, -1
247, -1, 0
130, -1, 0
127, -1, -1
124, -1, 0
244, -1, 0
128, -1, 0
132, -1, -1
118, -1, 0
247, -1, 0
128, -1, 0
142, -1, -1
108, -1, 0
125, -1, 0
248, -1, -1
128, -1, 0
126, -1, 0
125, -1, 0
246, -1, -1
127, -1, 0
126, -1, 0
124, -1, 0
125, -1, -1
125, -1, 0
248, -1, 0
128, -1, 0
124, -1, 0
125, -1, -1
125, -1, 0
247, -1, 0
128, -1, 0
125, -1, -1
125, -1, 0
125, -1, 0
250, -1, 0
251, -1, -1
124, -2, 0
125, -1, 0
125, -1, 0
125, -1, -1
125, -1, 0
250, -2, 0
249, -1, -1
126, -1, 0
125, -1, 0
125, -1, 0
247, -2, 0
128, 0, -1
125, -1, 0
127, -1, 0
123, -1, 0
125, -1, 0
125, -1, -1
125, -1, 0
125, -1, 0
125, -1, 0
247, -1, 0
128, -1, -1
125, -1, 0
124, -1, 0
126, -1, 0
125, -1, 0
125, -1, 0
125, -1, -1
125, -1, 0
247, -1, 0
128, -1, 0
125, -1, 0
125, -1, -1
125, -1, 0
125, -1, 0
125, -1, 0
125, -1, 0
125, -1, 0
125, -1, 0
125, -1, -1
125, -1, 0
125, -1, 0
247, -2, 0
250, -2, 0
128, 0, -1
125, -1, 0
125, -1, 0
129, -1, 0
127, -1, 0
124, -1, 0
123, -1, 0
126, -1, -1
124, -1, 0
127, -1, 0
127, -1, 0
127, -1, 0
129, -1, 0
125, -1, 0
120, -1, 0
127, -1, 0
126, -1, -1
124, -1, 0
122, -1, 0
128, -1, 0
122, -1, 0
127, -1, 0
127, -1, 0
134, -1, 0
233, -2, -1
132, -1, 0
124, -1, 0
123, -1, 0
245, -2, 0
249, -2, 0
252, -2, 0
128, -1, -1
125, -1, 0
250, -2, 0
247, -1, 0
127, -2, 0
248, -2, 0
249, -2, 0
129, -1, 0
124, -1, 0
125, -1, 0
124, -1, 0
126, -1, -1
125, -1, 0
124, -1, 0
248, -2, 0
127, -1, 0
125, -1, 0
125, -1, 0
125, -1, 0
125, -1, 0
124, -1, 0
125, -1, 0
125, -1, 0
126, -1, -1
124, -1, 0
126, -1, 0
125, -1, 0
125, -1, 0
124, -1, 0
125, -1, 0
132, -1, 0
120, -1, 0
124, -1, 0
128, -1, 0
124, -1, 0
125, -1, 0
125, -1, 0
124, -1, 0
348, -1, 0
148, -1, 0
124, -3, 0
125, -1, 0
137, -2, 0
236, -1, 0
130, -1, 0
135, -1, 0
119, -2, 0
246, -2, 0
124, -1, 0
125, -1, 0
249, -2, 0
127, -1, 0
123, -1, 0
125, -1, 0
127, -1, 0
124, -1, 0
125, -1, 0
131, -1, 0
120, -1, 0
125, -1, 0
123, -1, 0
125, -1, 0
125, -1, 0
125, -1, 0
124, -1, 0
126, -1, 0
126, -1, 0
124, -1, 0
124, -1, 0
126, -1, 0
126, -1, 0
124, -1, 0
125, -2, 0
254, -2, 0
124, -1, 0
249, -2, 0
246, -2, 0
126, -1, 0
126, -1, 0
124, -1, 0
124, -1, 0
126, -1, 0
125, -1, 0
125, -1, 0
125, -1, 0
125, -1, 0
125, -1, 0
129, -1, 0
132, -1, 0
122, -1, 0
121, -1, 0
126, -2, 0
247, -2, 0
253, -1, 0
128, -2, 0
243, -2, 0
131, -1, 0
130, -1, 0
123, -1, 0
131, -1, 0
127, -1, 0
117, -1, 0
125, -1, 0
128, -1, 0
118, -1, 1
125, -1, 0
125, -1, 0
125, -1, 0
125, -2, 0
244, -2, 0
130, -1, 0
125, -1, 0
122, -1, 0
125, -1, 0
124, -1, 0
248, -2, 0
128, -1, 1
124, -1, 0
125, -1, 0
125, -1, 0
125, -1, 0
125, -1, 0
125, -1, 0
125, -1, 0
125, -1, 0
125, -1, 0
125, -1, 0
125, -1, 0
125, -1, 1
125, -1, 0
125, -1, 0
125, -1, 0
125, -1, 0
125, -1, 0
125, -1, 0
125, -1, 0
125, -1, 0
125, -1, 0
125, -1, 0
125, -1, 0
125, -1, 1
125, -1, 0
125, -1, 0
125, -2, 0
247, -2, 0
250, -1, 0
128, -2, 0
247, -1, 0
128, -1, 1
127, -2, 0
246, -2, 0
252, -2, 0
247, -2, 0
250, -1, 1
127, -1, 0
125, -1, 0
125, -2, 0
247, -1, 0
129, -1, 0
124, -1, 1
125, -1, 0
125, -2, 0
247, -1, 0
128, -1, 0
125, -1, 0
125, -1, 0
125, -1, 0
125, -1, 1
129, -1, 0
126, -1, 0
130, -1, 0
122, -1, 0
124, -1, 0
124, -1, 0
124, -1, 0
126, -1, 1
125, -1, 0
125, -1, 0
124, -1, 0
125, -1, 0
128, -1, 0
124, -1, 0
124, -1, 1
126, -1, 0
249, -2, 0
247, -2, 0
248, -2, 0
129, 0, 1
125, -1, 0
125, -1, 0
125, -1, 0
127, -1, 0
127, -1, 0
119, -1, 0
126, -1, 0
126, -1, 1
124, -1, 0
128, -1, 0
122, -1, 0
123, -1, 0
251, -2, 1
245, -1, 0
128, -1, 0
127, -1, 0
123, -1, 0
126, -1, 0
124, -1, 1
126, -1, 0
125, -1, 0
248, -2, 0
250, -1, 1
138, -1, 0
119, -1, 0
122, -1, 0
124, -1, 0
126, -1, 0
256, -2, 1
260, -1, 0
116, -1, 0
117, -1, 0
128, -1, 0
247, -1, 1
132, -1, 0
124, -1, 0
122, -1, 0
126, -1, 0
125, -1, 1
125, -1, 0
243, -1, 0
127, -1, 0
126, -1, 0
123, -1, 1
126, -1, 0
249, -1, 0
127, -1, 0
125, -1, 0
124, -1, 1
249, -1, 0
130, -1, 0
123, -1, 0
124, -1, 0
246, -1, 1
128, -1, 0
125, -1, 0
126, -1, 0
125, -1, 0
125, 0, 1
126, -1, 0
125, -1, 0
126, -1, 0
246, -1, 0
127, -1, 1
124, -1, 0
125, -1, 0
249, -1, 0
126, -1, 0
126, -1, 1
247, -1, 0
128, -1, 0
261, -1, 0
114, -1, 1
125, -1, 0
247, -1, 0
127, -1, 0
267, -1, 1
236, -1, 0
123, -1, 0
126, -1, 0
123, -1, 1
132, -1, 0
242, -1, 0
128, -1, 0
249, -1, 1
125, -1, 0
246, -1, 0
128, -1, 0
247, -1, 1
128, -1, 0
250, -1, 0
134, -1, 0
120, 0, 1
131, -1, 0
124, -1, 0
239, -1, 0
251, -1, 1
130, -1, 0
125, -1, 0
250, -1, 0
247, -1, 1
132, -1, 0
245, -1, 0
253, -1, 1
247, -1, 0
127, -1, 0
245, -1, 0
131, 0, 1
124, -1, 0
126, -1, 0
369, -1, 0
128, -1, 1
246, -1, 0
250, -1, 0
129, 0, 1
126, -1, 0
123, -1, 0
374, -1, 0
250, -1, 1
246, -1, 0
256, -1, 0
248, -1, 1
248, -1, 0
258, -1, 0
121, 0, 1
152, -1, 0
355, -1, 0
250, -1, 1
241, -1, 0
251, -1, 0
251, 0, 1
124, -1, 0
247, -1, 0
375, -1, 1
250, -1, 0
502, -1, 1
247, -1, 0
421, -1, 0
82, 0, 1
247, -1, 0
378, -1, 0
125, 0, 1
373, -1, 0
407, -1, 1
469, -1, 0
248, 0, 1
127, -1, 0
501, -1, 0
247, 0, 1
622, -1, 0
255, 0, 1
124, -1, 0
400, 0, 1
222, -1, 0
784, -1, 1
717, 0, 1
250, -1, 0
661, 0, 1
500, -1, 0
339, 0, 1
912, 0, 1
970, 0, 1
999, 0, 1
1160, 0, 1
1101, 0, 1
1128, 0, 1
606, 1, 0
503, 0, 1
873, 1, 0
409, 0, 1
715, 1, 0
374, 0, 1
504, 1, 0
502, 0, 1
377, 1, 0
751, 0, 1
120, 1, 0
750, 1, 1
788, 1, 0
86, 0, 1
498, 1, 0
542, 0, 1
84, 1, 0
624, 1, 1
659, 1, 0
93, 0, 1
382, 1, 0
557, 0, 1
65, 1, 0
539, 1, 0
86, 0, 1
459, 1, 0
416, 1, 1
540, 1, 0
203, 0, 1
251, 1, 0
393, 0, 1
108, 1, 0
407, 1, 0
215, 0, 1
128, 1, 0
532, 1, 0
216, 0, 1
128, 1, 0
379, 0, 1
122, 1, 0
374, 1, 0
248, 0, 1
128, 1, 0
409, 1, 0
89, 0, 1
373, 1, 0
376, 1, 1
411, 1, 0
213, 1, 1
500, 1, 0
128, 0, 1
125, 1, 0
408, 1, 0
91, 0, 1
248, 1, 0
250, 1, 0
127, 0, 1
248, 1, 0
375, 1, 1
250, 1, 0
250, 0, 1
127, 1, 0
373, 1, 0
130, 0, 1
122, 1, 0
377, 1, 0
249, 0, 1
124, 1, 0
126, 1, 0
245, 0, 1
128, 1, 0
248, 1, 0
249, 0, 1
128, 1, 0
248, 1, 0
250, 1, 1
377, 1, 0
128, 0, 1
123, 1, 0
373, 1, 0
128, 0, 1
125, 1, 0
246, 1, 0
250, 1, 0
128, 0, 1
125, 1, 0
247, 1, 0
128, 0, 1
125, 1, 0
409, 1, 0
91, 0, 1
125, 1, 0
247, 1, 0
128, 0, 1
125, 1, 0
373, 1, 0
127, 1, 1
248, 1, 0
380, 1, 1
244, 1, 0
250, 1, 1
250, 1, 0
250, 1, 0
128, 0, 1
125, 1, 0
247, 1, 0
250, 1, 1
250, 1, 0
254, 1, 1
258, 1, 0
240, 1, 0
129, 0, 1
126, 1, 0
246, 1, 0
250, 1, 1
252, 1, 0
250, 1, 1
247, 1, 0
131, 1, 0
126, 0, 1
123, 1, 0
244, 1, 0
251, 1, 1
250, 1, 0
250, 1, 0
132, 0, 1
124, 1, 0
125, 1, 0
244, 1, 1
250, 1, 0
250, 1, 0
128, 0, 1
126, 1, 0
246, 1, 0
127, 1, 1
246, 1, 0
251, 1, 1
250, 1, 0
128, 1, 0
247, 1, 1
127, 1, 0
247, 1, 0
128, 0, 1
126, 1, 0
246, 1, 0
128, 1, 1
408, 1, 0
217, 1, 0
125, 1, 1
124, 1, 0
247, 1, 1
128, 1, 0
247, 1, 0
250, 1, 1
128, 1, 0
247, 1, 0
250, 1, 1
128, 1, 0
249, 1, 0
132, 1, 1
243, 1, 0
130, 1, 0
244, 1, 1
250, 1, 0
131, 1, 0
126, 0, 1
124, 1, 0
244, 1, 0
131, 1, 0
125, 1, 1
244, 1, 0
250, 1, 1
131, 1, 0
244, 1, 0
131, 1, 0
125, 0, 1
126, 1, 0
124, 1, 0
244, 1, 0
129, 1, 1
250, 1, 0
126, 1, 0
125, 0, 1
125, 1, 0
123, 1, 0
247, 1, 0
128, 1, 1
248, 1, 0
127, 1, 0
247, 1, 1
128, 1, 0
247, 1, 0
128, 1, 0
125, 1, 1
247, 1, 0
128, 1, 0
126, 0, 1
128, 1, 0
121, 1, 0
252, 1, 0
124, 1, 0
248, 1, 1
127, 1, 0
125, 1, 0
249, 1, 1
129, 1, 0
269, 1, 0
128, 1, 0
230, 1, 1
125, 1, 0
242, 1, 0
128, 1, 0
127, 1, 1
248, 1, 0
125, 1, 0
246, 1, 0
128, 1, 1
127, 1, 0
247, 1, 0
127, 1, 0
130, 1, 0
119, 0, 1
125, 1, 0
125, 1, 0
248, 1, 0
128, 1, 0
128, 1, 1
245, 1, 0
132, 1, 0
241, 1, 0
139, 1, 1
114, 1, 0
246, 1, 0
129, 1, 0
126, 1, 0
248, 1, 1
128, 1, 0
123, 1, 0
249, 1, 0
126, 1, 1
248, 1, 0
127, 1, 0
316, 1, 0
184, 1, 0
125, 2, 1
247, 1, 0
128, 1, 0
246, 1, 1
128, 1, 0
125, 1, 0
247, 1, 0
128, 1, 0
125, 1, 0
247, 1, 1
134, 1, 0
125, 1, 0
244, 1, 0
130, 1, 0
125, 1, 0
132, 1, 0
118, 0, 1
125, 1, 0
125, 1, 0
125, 1, 0
247, 1, 0
127, 1, 0
244, 1, 1
131, 1, 0
127, 1, 0
249, 1, 0
125, 1, 0
129, 1, 0
239, 1, 1
131, 1, 0
125, 1, 0
127, 1, 0
243, 1, 0
128, 1, 0
123, 1, 1
248, 1, 0
127, 1, 0
125, 1, 0
247, 1, 0
128, 1, 0
247, 1, 1
128, 1, 0
125, 1, 0
247, 1, 0
128, 1, 0
125, 1, 0
247, 1, 0
128, 1, 0
125, 1, 0
125, 0, 1
125, 1, 0
125, 1, 0
125, 1, 0
125, 1, 0
247, 1, 0
128, 1, 0
248, 1, 1
128, 1, 0
124, 1, 0
247, 1, 0
128, 1, 0
125, 1, 0
248, 1, 0
132, 1, 0
248, 1, 1
147, 1, 0
110, 1, 0
245, 1, 0
129, 1, 0
118, 1, 0
126, 1, 0
248, 1, 0
126, 1, 0
125, 0, 1
124, 1, 0
126, 1, 0
125, 1, 0
247, 1, 0
128, 1, 0
248, 1, 0
126, 1, 0
125, 1, 0
125, 1, 0
125, 0, 1
125, 1, 0
125, 1, 0
247, 1, 0
128, 1, 0
125, 1, 0
126, 1, 0
247, 1, 0
127, 1, 0
248, 1, 0
127, 1, 1
125, 1, 0
251, 1, 0
124, 1, 0
125, 1, 0
248, 1, 0
127, 1, 0
253, 1, 0
124, 1, 0
123, 1, 0
247, 1, 1
127, 1, 0
125, 1, 0
247, 1, 0
128, 1, 0
247, 1, 0
128, 1, 0
248, 1, 0
127, 1, 0
247, 1, 0
128, 1, 0
125, 1, 0
248, 1, 1
127, 1, 0
247, 1, 0
128, 1, 0
125, 1, 0
247, 1, 0
128, 1, 0
125, 1, 0
248, 1, 0
127, 1, 0
247, 1, 0
127, 1, 0
248, 1, 0
128, 1, 0
250, 1, 1
135, 1, 0
119, 1, 0
244, 1, 0
131, 1, 0
245, 1, 0
131, 1, 0
244, 1, 0
130, 1, 0
244, 1, 0
131, 1, 0
125, 1, 0
244, 1, 0
131, 1, 0
244, 1, 0
131, 1, 0
126, 1, 0
247, 1, 0
265, 1, 1
110, 1, 0
247, 1, 0
128, 1, 0
125, 1, 0
254, 1, 0
122, 1, 0
245, 1, 0
129, 1, 0
246, 1, 0
127, 1, 0
247, 1, 0
128, 1, 0
247, 1, 0
128, 1, 0
247, 1, 0
250, 1, 0
130, 1, 0
251, 1, 0
131, 1, 0
121, 0, 1
121, 1, 0
124, 1, 0
249, 1, 0
249, 1, 0
127, 1, 0
249, 1, 0
130, 1, 0
123, 1, 0
250, 1, 0
247, 1, 0
127, 1, 0
246, 1, 0
250, 1, 0
128, 1, 0
248, 1, 0
128, 1, 0
246, 1, 0
128, 1, 0
247, 1, 0
252, 1, 0
127, 1, 0
246, 1, 0
128, 1, 0
336, 1, 0
167, 1, 0
122, 1, 0
247, 1, 0
250, 1, 0
142, 1, 0
233, 1, 0
250, 1, 0
129, 1, 0
246, 1, 0
250, 1, 0
128, 1, 0
255, 1, 0
242, 1, 0
250, 1, 0
127, 1, 0
248, 1, 0
250, 1, 0
127, 1, 0
248, 1, 0
250, 1, 0
250, 1, 0
128, 1, 0
398, 1, 0
101, 1, 0
248, 1, 0
250, 1, 0
128, 1, 0
254, 1, 0
242, 1, 0
254, 1, 0
249, 1, 0
250, 1, 0
130, 1, 0
244, 1, 0
250, 1, 0
251, 1, 0
250, 1, 0
250, 1, 0
250, 1, 0
254, 1, 0
248, 1, 0
247, 1, 0
250, 1, 0
132, 0, -1
124, 1, 0
243, 1, 0
250, 1, 0
251, 1, 0
249, 1, 0
250, 1, 0
250, 1, 0
255, 1, 0
251, 1, 0
249, 1, 0
246, 1, 0
249, 1, 0
253, 1, 0
247, 1, 0
127, 0, -1
248, 1, 0
253, 1, 0
249, 1, 0
250, 1, 0
248, 1, 0
377, 1, 0
248, 1, 0
250, 1, 0
375, 1, 0
252, 1, 0
249, 0, -1
132, 1, 0
333, 1, 0
168, 1, 0
414, 1, 0
203, 1, 0
249, 1, 0
375, 1, 0
129, 0, -1
247, 1, 0
249, 1, 0
467, 1, 0
359, 1, 0
175, 1, 0
249, 1, 0
411, 1, 0
92, 0, -1
247, 1, 0
408, 1, 0
218, 1, 0
376, 1, 0
533, 1, 0
216, 1, 0
250, 0, -1
127, 1, 0
408, 1, 0
215, 1, 0
549, 1, 0
358, 1, -1
218, 1, 0
502, 1, 0
374, 1, 0
500, 1, -1
249, 1, 0
540, 1, 0
335, 1, 0
502, 1, 0
249, 0, -1
130, 1, 0
499, 1, 0
500, 1, 0
370, 1, 0
249, 0, -1
251, 1, 0
500, 1, 0
534, 1, 0
216, 0, -1
251, 1, 0
533, 1, 0
500, 1, 0
216, 0, -1
249, 1, 0
628, 1, 0
498, 0, -1
127, 1, 0
519, 1, 0
645, 1, 0
86, 0, -1
548, 1, 0
611, 1, 0
213, 0, -1
505, 1, 0
808, 1, 0
69, 0, -1
656, 1, 0
465, 0, -1
249, 1, 0
785, 1, 0
215, 0, -1
625, 1, 0
624, 0, -1
249, 1, 0
1043, 1, -1
832, 1, 0
128, 0, -1
999, 1, 0
253, 0, -1
1180, 1, -1
1066, 0, -1
249, 1, 0
912, 0, -1
1002, 0, -1
89, 1, 0
999, 0, -1
999, 0, -1
1001, 0, -1
128, 1, 0
784, 0, -1
837, 0, -1
912, 0, -1
1001, 0, -1
740, 0, -1
854, 0, -1
867, 0, -1
677, 0, -1
859, 0, -1
750, 0, -1
590, 0, -1
510, -1, 0
245, 0, -1
675, 0, -1
696, 0, -1
248, -1, 0
375, 0, -1
626, 0, -1
625, -1, 0
128, 0, -1
496, 0, -1
629, -1, -1
622, 0, -1
499, -1, 0
127, 0, -1
523, 0, -1
475, -1, 0
127, 0, -1
649, 0, -1
224, -1, 0
249, 0, -1
528, -1, -1
599, 0, -1
250, -1, 0
249, 0, -1
502, -1, -1
651, -1, -1
474, 0, -1
249, -1, 0
131, 0, -1
527, -1, 0
115, 0, -1
352, 0, -1
126, -1, 0
548, 0, -1
200, -1, 0
249, 0, -1
250, -1, 0
128, 0, -1
531, -1, -1
466, 0, -1
127, -1, 0
405, 0, -1
95, -1, 0
249, 0, -1
255, -1, 0
250, 0, -1
372, -1, 0
125, 0, -1
404, -1, 0
98, 0, -1
395, -1, 0
104, 0, -1
371, -1, -1
533, -1, -1
343, -1, 0
127, 0, -1
419, -1, -1
461, -1, -1
368, -1, -1
375, 0, -1
127, -1, 0
374, 0, -1
126, -1, 0
247, 0, -1
128, -1, 0
247, 0, -1
258, -1, 0
244, 0, -1
126, -1, 0
247, 0, -1
128, -1, 0
419, -1, -1
352, 0, -1
104, -1, 0
382, -1, -1
366, 0, -1
131, -1, 0
244, -1, -1
406, -1, 0
99, 0, -1
402, -1, -1
217, -1, 0
250, 0, -1
134, -1, 0
242, 0, -1
131, -1, 0
243, 0, -1
131, -1, 0
244, -1, 0
131, 0, -1
244, -1, 0
127, 0, -1
247, -1, 0
128, 0, -1
248, -1, 0
129, 0, -1
124, -1, 0
248, 0, -1
127, -1, 0
399, -1, -1
224, -1, 0
127, 0, -1
246, -1, 0
250, -1, -1
250, 0, -1
128, -1, 0
247, -1, 0
128, 0, -1
247, -1, 0
128, 0, -1
125, -1, 0
247, 0, -1
128, -1, 0
247, -1, 0
128, 0, -1
125, -1, 0
248, 0, -1
127, -1, 0
249, -1, 0
126, 0, -1
125, -1, 0
247, 0, -1
129, -1, 0
247, -1, 0
127, 0, -1
126, -1, 0
247, -1, -1
381, -1, 0
122, 0, -1
129, -1, 0
124, -1, 0
122, 0, -1
246, -1, 0
250, -1, -1
250, -1, 0
128, 0, -1
126, -1, 0
247, -1, -1
581, -1, 0
172, -1, -1
124, -1, 0
126, 0, -1
124, -1, 0
248, -1, 0
128, 0, -1
124, -1, 0
247, -1, 0
128, 0, -1
125, -1, 0
248, -1, -1
249, -1, 0
252, -1, 0
131, 0, -1
124, -1, 0
244, -1, -1
250, -1, 0
250, -1, -1
250, -1, 0
131, -1, 0
125, 0, -1
125, -1, 0
244, -1, 0
131, 0, -1
125, -1, 0
244, -1, 0
131, 0, -1
132, -1, 0
237, -1, 0
131, -1, -1
244, -1, 0
251, -1, -1
249, -1, 0
249, -1, 0
128, 0, -1
125, -1, 0
125, -1, 0
247, -1, -1
250, -1, 0
250, -1, 0
128, 0, -1
126, -1, 0
124, -1, 0
247, -1, -1
250, -1, 0
250, -1, 0
128, -1, -1
247, -1, 0
128, -1, 0
126, 0, -1
128, -1, 0
244, -1, 0
249, -1, 0
129, -1, -1
246, -1, 0
250, -1, -1
129, -1, 0
247, -1, 0
128, -1, 0
125, 0, -1
124, -1, 0
247, -1, 0
128, -1, 0
248, -1, -1
250, -1, 0
128, -1, 0
247, -1, 0
127, 0, -1
125, -1, 0
125, -1, 0
247, -1, 0
128, -1, -1
247, -1, 0
250, -1, 0
128, -1, 0
125, 0, -1
125, -1, 0
247, -1, 0
128, -1, 0
247, -1, -1
128, -1, 0
247, -1, 0
129, -1, 0
246, -1, 0
128, 0, -1
125, -1, 0
125, -1, 0
247, -1, 0
128, -1, 0
247, -1, -1
254, -1, 0
124, -1, 0
125, -1, 0
249, -1, 0
126, -1, 0
247, -1, -1
250, -1, 0
128, -1, 0
125, -1, 0
247, -1, 0
128, -1, -1
247, -1, 0
250, -1, 0
128, -1, 0
126, -1, 0
247, -1, 0
127, 0, -1
126, -1, 0
160, -1, 0
220, -1, 0
128, -1, 0
123, -1, 0
246, -1, 0
253, -1, -1
123, -1, 0
250, -1, 0
125, -1, 0
137, -1, 0
238, -1, 0
128, -1, 0
125, -1, 0
245, -1, 0
126, -1, -1
250, -1, 0
250, -1, 0
126, -1, 0
126, -1, 0
249, -1, 0
129, -1, 0
122, -1, 0
247, -1, 0
126, -1, 0
277, -1, -1
124, -1, 0
228, -1, 0
134, -1, 0
232, -1, 0
128, -1, 0
252, -1, 0
126, -1, 0
122, -1, 0
248, -1, 0
126, -1, 0
249, -1, 0
127, -1, 0
248, -1, 0
127, -1, 0
126, 0, -1
125, -1, 0
124, -1, 0
126, -1, 0
256, -1, 0
133, -1, 0
127, -1, 0
246, -1, 0
116, -1, 0
248, -1, 0
131, -1, 0
120, -1, 0
246, -1, 0
128, -1, 0
125, -1, 0
250, -1, 0
126, -1, 0
249, -1, 0
128, -1, 0
124, -1, 0
249, -1, 0
129, -1, 0
245, -1, 0
126, -1, 0
250, -1, 0
128, -1, 0
120, -1, 0
246, -1, 0
127, -1, 0
248, -1, 0
128, -1, 0
124, -1, 0
248, -1, 0
135, -1, 0
122, -1, 0
248, -1, 0
123, -1, 0
125, -1, 0
264, -1, 0
111, -1, 0
124, -1, 0
248, -1, 0
127, -1, 0
125, -1, 0
247, -1, 0
128, -1, 0
125, -1, 0
247, -1, 0
128, -1, 0
125, -1, 0
247, -1, 0
128, -1, 0
247, -1, 0
129, -1, 0
124, -1, 0
247, -1, 0
128, -1, 0
125, -1, 0
247, -1, 0
139, -1, 0
127, 0, 1
121, -1, 0
122, -1, 0
125, -1, 0
244, -2, 0
252, -1, 0
249, -1, 0
134, -1, 0
121, -1, 0
128, -1, 0
245, -1, 0
127, -1, 0
125, -1, 0
246, -1, 1
130, -1, 0
125, -1, 0
244, -1, 0
131, -1, 0
244, -1, 0
131, -1, 0
134, -1, 0
235, -2, 0
248, -1, 0
128, -1, 1
125, -1, 0
256, -1, 0
121, -1, 0
246, -1, 0
125, -1, 0
125, -1, 0
261, -1, 1
120, -1, 0
128, -1, 0
244, -1, 0
123, -1, 0
124, -1, 0
127, -1, 0
246, -1, 0
130, -1, 0
123, -1, 1
247, -1, 0
204, -1, 0
202, -1, 0
100, -1, 0
124, -1, 0
248, -1, 1
125, -1, 0
126, -1, 0
249, -1, 0
125, -1, 0
125, -1, 0
124, -1, 0
261, -1, 1
115, -1, 0
248, -1, 0
127, -1, 0
125, -1, 0
248, -1, 0
129, -1, 1
125, -1, 0
247, -1, 0
127, -1, 0
125, -1, 0
328, -1, 0
49, -1, 1
123, -1, 0
250, -1, 0
124, -1, 0
247, -1, 1
127, -1, 0
125, -1, 0
125, -1, 0
249, -1, 0
128, -1, 1
246, -1, 0
130, -1, 0
286, -1, 0
212, -1, 0
124, -1, 1
126, -1, 0
126, -1, 0
123, -1, 0
127, -1, 0
126, 0, 1
123, -1, 0
124, -1, 0
248, -1, 0
127, -1, 0
129, -1, 0
122, 0, 1
124, -1, 0
125, -1, 0
247, -1, 1
150, -1, 0
104, -1, 0
248, -1, 0
128, -1, 0
245, -1, 1
128, -1, 0
125, -1, 0
247, -1, 0
128, -1, 0
125, -1, 1
247, -1, 0
128, -1, 0
247, -1, 1
128, -1, 0
125, -1, 0
247, -1, 0
128, -1, 0
125, 0, 1
125, -1, 0
247, -1, 0
129, -1, 0
124, -1, 1
255, -1, 0
121, -1, 0
125, -1, 0
253, -1, 1
124, -1, 0
250, -1, 0
254, -1, 1
128, -1, 0
120, -1, 0
244, -1, 1
133, -1, 0
123, -1, 0
249, -1, 0
247, -1, 1
132, -1, 0
243, -1, 0
130, -1, 0
127, -1, 1
240, -1, 0
132, -1, 0
244, -1, 1
132, -1, 0
244, -1, 0
132, -1, 1
243, -1, 0
129, -1, 0
246, -1, 0
126, -1, 1
248, -1, 0
127, -1, 0
125, 0, 1
125, -1, 0
248, -1, 0
127, -1, 1
126, -1, 0
262, -1, 0
235, -1, 1
127, -1, 0
247, -1, 0
127, 0, 1
126, -1, 0
125, -1, 0
125, -1, 0
252, -1, 1
249, -1, 0
127, -1, 0
125, 0, 1
124, -1, 0
249, -1, 0
124, -1, 1
247, -1, 0
127, -1, 0
249, -1, 1
261, -1, 0
118, -1, 0
124, 0, 1
125, -1, 0
251, -1, 0
375, -1, 1
259, -1, 0
114, -2, 1
246, -1, 0
129, -1, 0
125, 0, 1
125, -1, 0
246, -1, 0
129, 0, 1
124, -1, 0
125, -1, 0
247, -1, 1
250, -1, 0
250, -1, 1
128, -1, 0
246, -1, 0
251, -1, 1
250, -1, 0
128, -1, 1
247, -1, 0
250, -1, 1
249, -1, 0
251, -1, 1
249, -1, 0
128, -1, 0
137, 0, 1
122, -1, 0
243, -1, 0
128, 0, 1
125, -1, 0
125, -1, 0
246, 0, 1
129, -1, 0
134, -1, 0
237, -1, 1
250, -1, 0
249, -1, 1
251, -1, 0
250, -1, 1
250, -1, 0
249, -1, 1
130, -1, 0
245, -1, 1
380, -1, 0
121, -1, 1
247, -1, 0
251, -1, 1
249, -1, 0
250, -1, 1
405, -1, 0
117, 0, 1
113, -1, 0
245, -1, 0
126, 0, 1
124, -1, 0
249, -1, 0
127, 0, 1
126, -1, 0
373, -1, 1
250, -1, 0
249, -1, 1
249, -1, 0
124, 0, 1
125, -1, 0
248, -1, 0
127, 0, 1
248, -1, 0
250, -1, 1
251, -1, 0
250, 0, 1
127, -1, 0
247, -1, 0
128, 0, 1
125, -1, 0
252, 0, 1
128, -1, 0
246, -1, 0
246, -1, 1
376, -1, 1
374, -1, 1
254, -1, 0
246, 0, 1
128, -1, 0
247, -1, 0
127, 0, 1
248, -1, 0
128, 0, 1
125, -1, 0
400, 0, 1
101, -1, 0
250, -1, 0
128, 0, 1
247, -1, 0
124, 0, 1
125, -1, 0
374, 0, 1
128, -1, 0
245, -1, 0
128, 0, 1
247, -1, 0
127, 0, 1
248, -1, 0
249, 0, 1
129, -1, 0
374, 0, 1
125, -1, 0
248, 0, 1
127, -1, 0
400, -1, 1
351, -1, 1
497, -1, 1
376, -1, 0
131, 0, 1
369, -1, 1
530, -1, 1
347, -1, 0
129, 0, 1
371, -1, 1
504, 0, 1
125, -1, 0
398, -1, 1
472, 0, 1
126, -1, 0
247, 0, 1
249, -1, 0
251, 0, 1
400, -1, 0
103, 0, 1
399, 0, 1
103, -1, 0
374, 0, 1
248, -1, 0
248, 0, 1
554, -1, 1
370, 0, 1
200, -1, 0
375, 0, 1
384, 0, 1
120, -1, 0
381, 0, 1
495, -1, 1
687, 0, 1
311, -1, 1
541, 0, 1
459, 0, 1
249, -1, 0
250, 0, 1
527, 0, 1
475, 0, 1
681, 0, 1
69, -1, 0
247, 0, 1
653, 0, 1
473, 0, 1
531, 0, 1
666, 0, 1
456, 0, 1
480, 0, 1
658, 0, 1
459, 0, 1
499, 0, 1
626, 0, 1
705, 0, 1
294, 1, 0
250, 0, 1
501, 0, 1
662, 1, 1
587, 0, 1
375, 1, 0
251, 0, 1
655, 0, 1
95, 1, 0
404, 0, 1
344, 1, 0
250, 0, 1
558, 1, 0
192, 0, 1
523, 1, 1
721, 1, 1
510, 1, 1
652, 1, 0
99, 0, 1
396, 1, 0
224, 0, 1
251, 1, 0
509, 0, 1
121, 1, 0
371, 1, 1
498, 1, 0
250, 0, 1
250, 1, 0
400, 1, 0
115, 0, 1
362, 1, 0
375, 1, 1
448, 1, 0
59, 0, 1
243, 1, 0
525, 1, 1
351, 1, 0
248, 0, 1
131, 1, 0
399, 1, 0
101, 0, 1
125, 1, 0
370, 1, 0
248, 0, 1
128, 1, 0
373, 1, 1
249, 1, 0
406, 1, 1
219, 1, 0
405, 1, 0
98, 0, 1
125, 1, 0
405, 1, 1
217, 1, 0
253, 1, 0
127, 0, 1
246, 1, 0
249, 1, 0
128, 0, 1
247, 1, 0
250, 1, 1
250, 1, 0
250, 1, 0
128, 0, 1
125, 1, 0
400, 1, 0
100, 1, 1
247, 1, 0
250, 0, 1
128, 1, 0
247, 1, 0
250, 1, 1
128, 1, 0
375, 1, 0
129, 0, 1
125, 1, 0
125, 1, 0
244, 1, 0
130, 0, 1
243, 1, 0
255, 1, 0
124, 1, 1
248, 1, 0
250, 1, 1
250, 1, 0
127, 1, 0
268, 1, 1
235, 1, 0
246, 1, 0
129, 1, 1
247, 1, 0
251, 1, 1
249, 1, 0
247, 1, 0
128, 1, 1
247, 1, 0
250, 1, 0
128, 1, 1
247, 1, 0
250, 1, 1
128, 1, 0
249, 1, 0
249, 1, 1
139, 1, 0
237, 1, 0
250, 1, 0
140, 1, 1
239, 1, 0
131, 1, 0
122, 0, 1
126, 1, 0
124, 1, 0
244, 1, 0
129, 1, 1
245, 1, 0
250, 1, 0
130, 1, 0
133, 0, 1
117, 1, 0
125, 1, 0
245, 1, 0
127, 1, 1
247, 1, 0
127, 1, 0
247, 1, 0
128, 1, 1
248, 1, 0
127, 1, 0
247, 1, 1
128, 1, 0
125, 1, 0
247, 1, 0
128, 1, 0
125, 0, 1
125, 1, 0
125, 1, 0
247, 1, 0
128, 1, 0
126, 0, 1
124, 1, 0
125, 1, 0
125, 1, 0
247, 1, 0
128, 1, 1
247, 1, 0
128, 1, 0
125, 1, 0
247, 1, 0
128, 1, 1
125, 1, 0
247, 1, 0
128, 1, 0
125, 1, 0
125, 0, 1
125, 1, 0
125, 1, 0
125, 1, 0
247, 1, 0
128, 1, 0
247, 1, 1
128, 1, 0
125, 1, 0
248, 1, 0
127, 1, 0
125, 1, 0
125, 1, 0
125, 0, 1
129, 1, 0
122, 1, 0
127, 1, 0
257, 1, 0
133, 1, 0
118, 1, 0
293, 1, 0
199, 0, 1
123, 3, 0
246, 1, 0
128, 1, 0
125, 1, 0
124, 1, 0
125, 1, 1
248, 1, 0
127, 1, 0
125, 1, 0
125, 1, 0
247, 1, 0
128, 1, 0
125, 1, 0
125, 1, 1
140, 1, 0
233, 1, 0
131, 1, 0
122, 1, 0
124, 1, 0
266, 2, 0
234, 1, 0
130, 1, 0
127, 1, 1
124, 1, 0
125, 1, 0
244, 1, 0
130, 1, 0
125, 1, 0
125, 1, 0
125, 1, 0
125, 1, 0
244, 1, 0
131, 1, 0
126, 1, 0
124, 1, 0
127, 1, 0
134, 1, 0
119, 1, 0
121, 1, 1
244, 2, 0
249, 1, 0
130, 1, 0
124, 1, 0
123, 1, 0
125, 1, 0
125, 1, 0
248, 2, 0
250, 1, 0
127, 1, 0
125, 1, 0
126, 1, 0
125, 1, 0
124, 1, 0
125, 1, 0
125, 1, 0
125, 1, 0
125, 1, 0
247, 2, 0
130, 1, 0
124, 1, 0
248, 2, 0
248, 1, 0
128, 1, 0
124, 1, 0
125, 1, 0
125, 1, 0
125, 1, 0
125, 1, 0
126, 1, 1
124, 1, 0
125, 1, 0
125, 1, 0
125, 1, 0
125, 1, 0
128, 1, 0
122, 1, 0
125, 1, 0
125, 1, 0
125, 1, 0
125, 1, 0
125, 1, 0
125, 1, 0
248, 1, 0
127, 1, 0
125, 1, 0
126, 2, 0
246, 1, 0
128, 1, 0
125, 2, 0
247, 2, 0
251, 2, 0
249, 1, 0
128, 2, 0
247, 2, 0
250, 2, 0
250, 2, 0
250, 2, 0
128, 1, 0
125, 0, -1
125, 2, 0
251, 2, 0
128, 1, 0
125, 1, 0
125, 1, 0
366, 1, 0
258, 1, 0
123, 4, 0
125, 1, 0
124, 1, 0
126, 1, 0
125, 1, -1
125, 1, 0
124, 1, 0
125, 1, 0
126, 1, 0
124, 1, 0
126, 1, 0
125, 1, 0
124, 1, 0
125, 1, 0
125, 1, 0
125, 2, -1
125, 1, 0
126, 1, 0
124, 1, 0
125, 1, 0
125, 1, 0
125, 1, 0
125, 1, 0
125, 1, 0
125, 1, 0
125, 1, -1
134, 1, 0
123, 1, 0
123, 1, 0
125, 1, 0
126, 2, 0
245, 2, 0
249, 1, 0
131, 2, -1
124, 1, 0
125, 1, 0
125, 1, 0
124, 1, 0
126, 1, 0
125, 1, 0
125, 1, 0
128, 2, -1
242, 1, 0
130, 2, 0
244, 2, 0
132, 1, 0
124, 1, -1
125, 1, 0
124, 1, 0
126, 1, 0
122, 1, 0
124, 1, 0
125, 1, 0
124, 1, 0
125, 1, 0
126, 2, -1
247, 2, 0
128, 1, 0
124, 1, 0
126, 1, 0
124, 1, 0
125, 1, -1
126, 1, 0
125, 1, 0
124, 1, 0
127, 2, 0
245, 2, -1
128, 1, 0
125, 1, 0
125, 1, 0
125, 1, 0
125, 1, 0
125, 1, 0
125, 1, -1
125, 1, 0
125, 2, 0
125, 1, 0
125, 1, 0
125, 1, -1
125, 1, 0
125, 1, 0
125, 1, 0
125, 1, 0
125, 1, 0
126, 1, -1
125, 1, 0
124, 2, 0
125, 1, 0
125, 1, 0
127, 1, 0
124, 1, -1
124, 1, 0
125, 2, 0
287, 1, 0
99, 2, -1
244, 2, 0
124, 1, 0
127, 1, 0
124, 1, -1
122, 1, 0
124, 1, 0
124, 2, 0
125, 1, 0
248, 2, -1
127, 1, 0
125, 1, 0
126, 1, 0
125, 1, 0
126, 1, -1
125, 2, 0
124, 1, 0
125, 1, 0
125, 1, 0
125, 1, -1
132, 1, 0
118, 1, 0
125, 1, 0
126, 1, 0
138, 2, -1
381, 2, 0
234, 1, 0
120, 3, -1
125, 1, 0
125, 1, 0
125, 2, -1
248, 2, 0
127, 1, 0
125, 1, 0
125, 1, -1
125, 1, 0
125, 1, 0
125, 1, 0
126, 1, 0
125, 1, -1
126, 2, 0
247, 2, 0
128, 1, -1
123, 1, 0
125, 1, 0
126, 1, 0
124, 1, 0
125, 1, -1
127, 1, 0
126, 1, 0
124, 2, 0
129, 0, -1
120, 2, 0
125, 1, 0
125, 1, 0
125, 1, 0
124, 1, -1
125, 1, 0
125, 1, 0
125, 1, 0
125, 1, 0
125, 1, -1
125, 1, 0
125, 2, 0
125, 1, 0
125, 1, -1
125, 1, 0
125, 1, 0
125, 1, 0
126, 1, -1
124, 1, 0
125, 2, 0
247, 1, -1
128, 2, 0
125, 1, 0
133, 1, 0
130, 1, 0
125, 1, -1
129, 1, 0
116, 1, 0
123, 1, 0
125, 1, -1
125, 1, 0
124, 1, 0
127, 2, 0
125, 0, -1
124, 2, 0
124, 1, 0
125, 1, 0
128, 1, -1
123, 1, 0
124, 1, 0
125, 1, 0
125, 1, -1
127, 1, 0
125, 1, 0
125, 1, 0
132, 1, -1
117, 1, 0
124, 2, 0
125, 1, 0
125, 1, -1
125, 1, 0
143, 1, 0
103, 1, 0
124, 1, -1
126, 1, 0
124, 1, 0
126, 1, 0
125, 1, -1
124, 1, 0
125, 1, 0
125, 1, 0
126, 1, -1
125, 2, 0
247, 2, 0
129, 0, -1
124, 1, 0
126, 2, 0
247, 2, -1
133, 1, 0
119, 1, 0
125, 1, -1
125, 1, 0
125, 1, 0
125, 1, 0
125, 1, -1
125, 1, 0
125, 1, 0
128, 1, 0
122, 1, -1
125, 1, 0
125, 1, 0
125, 1, 0
125, 1, -1
125, 1, 0
125, 1, 0
125, 1, -1
125, 1, 0
125, 1, 0
125, 1, 0
125, 1, -1
125, 1, 0
125, 2, 0
247, 1, -1
129, 1, 0
124, 2, 0
248, 1, -1
131, 1, 0
295, 1, 0
201, 2, -1
124, 2, 0
129, 1, -1
121, 1, 0
125, 2, 0
247, 1, -1
128, 1, 0
125, 1, 0
125, 1, 0
125, 1, -1
125, 1, 0
125, 1, 0
125, 1, -1
125, 1, 0
125, 1, 0
125, 1, 0
125, 1, -1
128, 1, 0
122, 1, 0
125, 1, -1
136, 1, 0
122, 1, 0
123, 1, 0
124, 1, -1
140, 1, 0
119, 1, 0
239, 2, -1
247, 1, 0
132, 1, -1
126, 1, 0
123, 1, 0
124, 1, 0
125, 1, -1
125, 1, 0
125, 1, 0
126, 1, 0
124, 1, -1
246, 1, 0
129, 1, -1
125, 1, 0
125, 1, 0
126, 1, 0
124, 1, -1
125, 1, 0
124, 1, 0
126, 1, -1
130, 1, 0
237, 1, 0
128, 1, -1
124, 1, 0
125, 1, 0
125, 1, -1
126, 1, 0
125, 1, 0
124, 1, -1
248, 1, 0
127, 1, 0
125, 1, -1
125, 1, 0
126, 1, 0
125, 1, 0
128, 0, -1
122, 1, 0
125, 1, 0
125, 1, -1
126, 1, 0
124, 1, 0
247, 1, -1
130, 1, 0
124, 1, 0
124, 1, -1
248, 1, 0
127, 1, 0
125, 1, -1
125, 1, 0
126, 1, 0
125, 1, -1
249, 1, 0
125, 1, -1
125, 1, 0
125, 1, 0
125, 1, 0
125, 0, -1
125, 1, 0
126, 1, 0
124, 1, -1
248, 1, 0
127, 1, 0
130, 1, -1
121, 1, 0
247, 1, 0
127, 1, -1
125, 1, 0
247, 1, -1
128, 1, 0
125, 1, 0
247, 1, -1
128, 1, 0
247, 1, -1
128, 1, 0
125, 1, 0
125, 1, 0
125, 0, -1
125, 1, 0
125, 1, 0
125, 1, -1
125, 1, 0
247, 1, 0
128, 0, -1
125, 1, 0
126, 1, 0
126, 1, 0
124, 0, -1
124, 1, 0
125, 1, -1
325, 1, 0
52, 1, 0
127, 0, -1
123, 1, 0
123, 1, 0
126, 1, -1
247, 1, 0
249, 1, -1
128, 1, 0
125, 1, 0
247, 1, -1
128, 1, 0
247, 1, -1
250, 1, 0
127, 1, -1
248, 1, 0
128, 1, 0
125, 0, -1
125, 1, 0
125, 1, 0
125, 0, -1
125, 1, 0
250, 1, 0
132, 1, -1
242, 1, 0
126, 0, -1
125, 1, 0
125, 1, 0
124, 0, -1
126, 1, 0
247, 1, 0
127, 0, -1
126, 1, 0
124, 1, 0
126, 0, -1
124, 1, 0
248, 1, -1
250, 1, 0
148, 1, 0
233, 1, -1
248, 1, -1
249, 1, 0
248, 1, -1
251, 1, 0
250, 1, -1
250, 1, 0
130, 0, -1
125, 1, 0
244, 1, 0
131, 0, -1
127, 1, 0
243, 1, 0
130, 0, -1
125, 1, 0
250, 1, -1
246, 1, 0
248, 1, -1
422, 1, 0
80, 0, -1
125, 1, 0
248, 1, -1
249, 1, 0
250, 0, -1
128, 1, 0
247, 1, -1
376, 1, 0
127, 0, -1
125, 1, 0
373, 1, -1
375, 1, 0
127, 0, -1
125, 1, 0
406, 1, -1
342, 1, -1
374, 1, 0
251, 0, -1
127, 1, 0
372, 1, -1
406, 1, 0
97, 0, -1
373, 1, -1
375, 1, 0
127, 0, -1
373, 1, 0
127, 0, -1
372, 1, 0
253, 0, -1
250, 1, 0
248, 0, -1
374, 1, 0
128, 0, -1
400, 1, 0
223, 0, -1
405, 1, 0
102, 0, -1
524, 0, -1
97, 1, 0
524, 0, -1
401, 1, 0
73, 0, -1
653, 1, -1
497, 0, -1
633, 0, -1
492, 1, -1
598, 0, -1
499, 0, -1
754, 0, -1
628, 0, -1
663, 0, -1
766, 0, -1
567, 0, -1
659, 0, -1
773, 0, -1
478, -1, 0
340, 0, -1
532, 0, -1
95, -1, 0
787, -1, -1
592, -1, -1
619, -1, -1
625, -1, -1
498, -1, 0
407, 0, -1
95, -1, 0
393, -1, 0
111, 0, -1
378, -1, 0
243, 0, -1
249, -1, 0
526, -1, -1
348, -1, 0
250, 0, -1
128, -1, 0
399, -1, 0
223, 0, -1
250, -1, 0
375, -1, -1
250, -1, 0
249, 0, -1
251, -1, 0
249, -1, 0
250, 0, -1
128, -1, 0
399, -1, 0
101, 0, -1
247, -1, 0
251, -1, 0
249, 0, -1
128, -1, 0
247, -1, 0
250, 0, -1
128, -1, 0
430, -1, -1
192, -1, 0
257, -1, 0
246, 0, -1
126, -1, 0
248, -1, 0
252, -1, -1
255, -1, 0
257, -1, 0
256, 0, -1
113, -1, 0
247, -1, 0
247, -1, -1
131, -1, 0
369, -1, 0
129, 0, -1
125, -1, 0
126, -1, 0
243, -1, 0
131, 0, -1
125, -1, 0
245, -1, 0
250, -1, -1
248, -1, 0
251, -1, 0
127, 0, -1
125, -1, 0
247, -1, 0
129, -1, -1
247, -1, 0
249, -1, 0
251, -1, -1
249, -1, 0
128, -1, 0
248, -1, -1
251, -1, 0
126, -1, 0
327, -1, -1
172, -1, 0
126, -1, 0
125, -1, 0
127, 0, -1
123, -1, 0
247, -1, 0
127, -1, 0
126, 0, -1
124, -1, 0
247, -1, 0
128, -1, 0
248, -1, -1
127, -1, 0
248, -1, 0
127, -1, 0
126, 0, -1
124, -1, 0
248, -1, 0
127, -1, 0
126, -1, -1
246, -1, 0
128, -1, 0
247, -1, -1
128, -1, 0
247, -1, 0
129, -1, 0
246, -1, -1
133, -1, 0
245, -1, 0
129, -1, 0
125, 0, -1
125, -1, 0
137, -1, 0
114, -1, 0
249, -1, 0
126, -1, -1
295, -1, 0
85, -1, 0
147, -1, -1
229, -1, 0
124, -1, 0
243, -1, 0
135, -1, 0
122, -1, -1
249, -1, 0
130, -1, 0
125, -1, 0
120, 0, -1
123, -1, 0
129, -1, 0
244, -1, 0
127, -1, 0
123, -1, -1
250, -1, 0
128, -1, 0
121, -1, 0
246, -1, -1
126, -1, 0
127, -1, 0
124, -1, 0
248, -1, 0
129, -1, -1
125, -1, 0
249, -1, 0
128, -1, 0
120, -1, 0
247, -1, -1
128, -1, 0
124, -1, 0
128, -1, 0
253, -1, 0
120, -1, -1
125, -1, 0
125, -1, 0
248, -1, 0
127, -1, 0
126, -1, -1
249, -2, 0
248, -1, 0
128, -1, 0
125, -1, 0
125, 0, -1
125, -1, 0
125, -1, 0
126, -1, 0
124, -1, 0
124, -1, 0
125, -1, 0
248, -1, -1
128, -1, 0
124, -1, 0
248, -1, 0
128, -1, 0
125, -1, -1
125, -1, 0
124, -1, 0
125, -1, 0
253, -1, 0
123, -1, 0
124, -1, 0
133, -1, -1
122, -1, 0
123, -1, 0
255, -1, 0
117, -1, 0
124, -1, 0
129, -1, 0
123, -1, 0
124, -1, -1
124, -1, 0
247, -2, 0
250, -1, 0
129, -1, 0
124, -1, 0
125, -1, 0
125, -1, -1
126, -1, 0
248, -2, 0
249, -1, 0
127, -1, 0
125, -1, 0
125, -1, 0
126, -1, 0
124, -1, 0
125, -1, -1
125, -1, 0
125, -1, 0
126, -1, 0
250, -2, 0
246, -1, 0
128, -1, 0
125, -1, 0
125, -1, 0
125, -1, 0
125, -1, 0
125, -1, -1
125, -1, 0
125, -1, 0
125, -1, 0
125, -1, 0
247, -2, 0
128, -1, 0
125, -1, 0
248, -2, 0
249, -1, 0
128, -1, 0
125, -1, 0
125, -1, 0
125, -1, 0
125, -1, -1
125, -1, 0
125, -1, 0
125, -1, 0
125, -1, 0
125, -1, 0
125, -1, 0
125, -1, 0
125, -1, 0
125, -1, 0
125, -1, 0
135, -1, 0
120, -1, 0
135, -1, 0
117, -1, 0
123, -1, 0
124, -1, 0
127, -1, 0
126, -1, 0
122, -1, 0
126, -1, 0
133, -1, 0
122, -1, 0
123, -1, 0
124, -1, 0
126, -1, 0
125, -1, 0
124, -1, 0
127, -1, 0
125, -1, 0
126, -1, 0
127, -1, 0
122, -1, 0
123, -1, 0
125, -1, 0
130, -1, 0
118, -1, 0
126, -1, 0
125, -1, 0
123, -2, 0
247, -2, 0
249, -1, 0
129, -2, 0
248, -2, 0
251, -2, 0
126, -1, 0
125, -1, 0
125, -1, 0
125, -1, 0
125, -1, 0
125, -1, 0
125, -1, 0
125, -1, 0
125, -1, 0
124, -1, 0
126, -1, 0
124, -1, 0
125, -2, 0
247, -2, 0
128, -1, 0
125, -1, 0
125, -1, 0
126, -1, 0
125, -1, 0
124, -1, 0
123, -1, 0
128, -1, 0
126, -2, 0
245, -2, 0
127, -1, 0
126, -1, 0
307, -1, 0
192, -1, 0
123, -3, 0
125, -1, 0
125, -2, 0
125, -1, 0
125, -1, 0
126, -1, 0
129, -1, 0
125, -1, 1
121, -1, 0
126, -1, 0
125, -1, 0
123, -2, 0
247, -2, 0
128, -1, 0
125, -1, 0
125, -1, 0
131, -1, 0
120, -1, 0
124, -1, 0
125, -2, 0
125, -1, 1
125, -1, 0
125, -1, 0
126, -1, 0
124, -1, 0
125, -2, 0
247, -1, 0
139, -2, 0
118, -1, 0
124, -1, 0
125, -1, 0
125, -2, 1
247, -2, 0
127, -1, 0
126, -1, 0
125, -1, 0
125, -1, 0
124, -1, 0
126, -1, 0
125, -1, 1
125, -1, 0
131, -2, 0
120, -1, 0
124, -1, 0
124, -1, 0
125, -2, 0
125, -1, 0
249, -2, 0
127, -1, 0
125, -1, 1
125, -1, 0
125, -1, 0
127, -1, 0
124, -2, 0
125, -1, 0
126, -1, 0
126, -1, 0
122, -2, 0
127, -1, 0
123, 0, 1
128, -2, 0
120, -1, 0
124, -1, 0
125, -1, 0
125, -2, 0
248, -2, 0
128, -1, 0
124, -1, 1
125, -1, 0
125, -1, 0
125, -2, 0
125, -1, 0
125, -1, 0
125, -1, 0
127, -2, 0
124, -1, 0
124, -1, 1
125, -1, 0
125, -1, 0
125, -1, 0
125, -1, 0
126, -2, 0
124, -1, 0
125, -1, 1
125, -1, 0
130, -2, 0
245, -2, 0
129, -1, 0
128, -1, 1
122, -1, 0
125, -1, 0
127, -2, 0
123, -1, 0
127, -1, 0
132, -1, 0
117, -1, 0
127, -1, 1
125, -2, 0
123, -1, 0
125, -1, 0
125, -1, 0
125, -1, 0
126, -1, 0
130, -1, 0
119, -2, 1
124, -1, 0
126, -1, 0
125, -1, 0
124, -2, 0
126, -1, 0
125, -1, 1
125, -1, 0
128, -1, 0
118, -1, 0
125, -1, 0
125, -2, 0
124, -1, 1
125, -1, 0
127, -1, 0
124, -2, 0
124, -1, 0
126, -1, 0
124, -1, 1
306, -2, 0
196, -1, 0
122, -3, 0
126, -1, 0
126, -1, 1
124, -2, 0
124, -1, 0
126, -1, 0
124, -1, 0
126, -1, 1
124, -1, 0
125, -1, 0
125, -2, 0
126, -1, 0
125, -1, 0
125, -1, 0
124, -2, 1
125, -1, 0
126, -1, 0
124, -1, 0
126, -1, 1
124, -1, 0
126, -1, 0
125, -2, 0
246, -2, 0
129, -1, 1
124, -2, 0
247, -2, 0
128, -1, 0
126, -1, 1
124, -1, 0
148, -2, 0
228, -1, 0
135, -2, 0
142, -1, 1
104, -1, 0
127, -1, 0
124, -1, 0
122, -1, 0
125, -2, 1
127, -1, 0
126, -1, 0
128, -1, 0
135, -1, 0
113, -1, 1
132, -1, 0
120, -2, 0
126, -1, 0
124, -1, 0
124, -1, 0
126, -1, 1
125, -1, 0
123, -2, 0
126, -1, 0
244, -2, 1
130, -1, 0
125, -1, 0
119, -1, 0
124, -1, 1
126, -1, 0
125, -2, 0
125, -1, 0
126, -1, 0
125, -1, 1
131, -1, 0
120, -1, 0
125, -1, 0
125, -2, 0
124, 0, 1
131, -2, 0
121, -1, 0
123, -1, 0
131, -1, 0
120, -1, 1
124, -1, 0
127, -1, 0
125, -1, 0
123, -1, 1
127, -2, 0
248, -2, 0
125, -1, 0
126, -1, 1
124, -1, 0
126, -1, 0
126, -1, 0
121, -1, 0
124, -1, 1
125, -1, 0
125, -2, 0
125, -1, 0
125, -1, 1
126, -1, 0
124, -1, 0
125, -1, 0
132, -1, 1
120, -1, 0
125, -1, 0
125, -1, 0
124, -1, 0
126, -2, 0
125, 0, 1
126, -2, 0
124, -1, 0
126, -1, 1
125, -1, 0
124, -1, 0
123, -1, 0
126, -1, 0
125, -1, 1
124, -1, 0
126, -1, 0
124, -1, 0
128, -1, 0
127, -1, 1
122, -2, 0
245, -2, 1
129, -1, 0
124, -1, 0
125, -1, 0
125, -1, 0
132, -1, 1
118, -1, 0
125, -1, 0
127, -1, 0
124, -1, 1
124, -1, 0
244, -1, 0
258, -1, 0
122, -3, 1
126, -1, 0
124, -1, 0
126, -1, 1
124, -1, 0
125, -1, 0
126, -1, 1
124, -1, 0
126, -1, 0
124, -1, 0
125, -1, 1
126, -1, 0
124, -1, 0
125, -1, 0
126, -1, 1
124, -1, 0
125, -1, 0
126, -1, 0
124, -1, 0
125, -1, 1
126, -2, 0
248, -1, 0
128, -1, 1
124, -1, 0
125, -1, 0
124, -1, 0
126, -1, 1
125, -1, 0
124, -1, 0
125, -1, 0
126, -1, 1
124, -1, 0
125, -1, 0
125, -1, 0
125, -1, 1
126, -1, 0
125, -1, 0
124, -1, 0
126, -1, 1
125, -1, 0
124, -1, 0
125, -1, 0
125, 0, 1
126, -2, 0
125, -1, 0
247, -1, 1
127, -1, 0
125, -1, 0
125, -1, 0
125, -1, 1
125, -1, 0
125, -1, 0
125, -1, 0
131, -1, 1
124, -1, 0
247, -2, 0
128, 0, 1
126, -1, 0
124, -1, 0
125, -1, 0
134, -1, 0
129, -1, 1
120, -1, 0
123, -1, 0
125, -1, 0
126, 0, 1
119, -1, 0
139, -1, 0
111, -1, 0
124, -1, 1
125, -1, 0
125, -1, 0
125, -1, 0
125, 0, 1
126, -2, 0
244, -1, 0
130, -1, 1
125, -1, 0
125, -1, 0
244, -1, 1
127, -1, 0
125, -1, 0
124, -1, 0
126, -1, 1
125, -1, 0
247, -1, 0
127, -1, 0
126, -1, 1
125, -1, 0
125, -1, 0
250, -1, 1
125, -1, 0
125, -1, 0
125, -1, 0
124, 0, 1
126, -1, 0
124, -1, 0
126, -1, 0
125, -1, 1
125, -1, 0
247, -1, 0
128, -1, 0
132, -1, 1
242, -1, 0
126, -1, 0
247, -1, 1
128, -1, 0
124, -1, 0
125, -1, 1
248, -1, 0
128, -1, 0
124, -1, 0
126, 0, 1
126, -1, 0
124, -1, 0
125, -1, 0
125, 0, 1
124, -1, 0
282, -1, 0
100, -1, 0
119, -1, 1
247, -1, 0
129, -1, 0
124, 0, 1
125, -1, 0
125, -1, 0
125, -1, 0
250, -1, 1
126, -1, 0
249, -1, 0
127, -1, 1
249, -1, 0
124, -1, 0
255, -1, 1
121, -1, 0
247, -1, 0
128, -1, 0
124, 0, 1
125, -1, 0
125, -1, 0
247, -1, 0
250, -1, 1
251, -1, 0
129, -1, 0
123, -1, 1
248, -1, 0
249, -1, 0
255, -1, 1
248, -1, 0
248, -1, 1
126, -1, 0
249, -1, 0
126, 0, 1
125, -1, 0
248, -1, 0
129, -1, 0
248, -1, 1
248, -1, 0
251, -1, 0
131, 0, 1
125, -1, 0
244, -1, 0
250, -1, 0
130, 0, 1
126, -1, 0
248, -1, 0
252, -1, 1
247, -1, 0
417, -1, 1
246, -1, 0
228, -1, 0
266, 0, 1
102, -1, 0
246, -1, 0
250, -1, 0
123, 0, 1
243, -1, 0
255, -1, 0
258, 0, 1
121, -1, 0
256, -1, 0
378, -1, 1
388, -1, 0
232, -1, 0
248, 0, 1
248, -1, 0
376, -1, 0
127, 0, 1
247, -1, 0
383, -1, 0
247, 0, 1
248, -1, 0
499, -1, 0
127, 0, 1
371, -1, 0
505, -1, 1
626, -1, 0
366, 0, 1
125, -1, 0
878, -1, 0
121, 0, 1
752, -1, 0
138, 0, 1
992, -1, 0
369, 0, 1
1381, 0, 1
1373, 0, 1
2378, 0, 1
1906, 1, 0
336, 0, 1
1002, 1, 0
878, 1, 1
998, 1, 0
620, 1, 0
375, 0, 1
388, 1, 0
628, 1, 0
240, 0, 1
365, 1, 0
626, 1, 0
375, 1, 0
250, 0, 1
378, 1, 0
498, 1, 0
375, 1, 0
132, 0, 1
368, 1, 0
380, 1, 0
370, 1, 0
249, 0, 1
131, 1, 0
497, 1, 0
252, 1, 0
375, 1, 0
250, 1, 0
385, 0, 1
121, 1, 0
245, 1, 0
377, 1, 0
249, 1, 0
248, 1, 0
128, 0, 1
248, 1, 0
250, 1, 0
248, 1, 0
250, 1, 0
375, 1, 0
261, 1, 1
362, 1, 0
247, 1, 0
128, 1, 0
379, 1, 0
263, 1, 0
115, 1, 0
243, 1, 1
376, 1, 0
126, 1, 0
378, 1, 0
248, 1, 0
126, 1, 0
126, 0, 1
122, 1, 0
248, 1, 0
132, 1, 0
376, 1, 0
120, 1, 0
252, 1, 0
246, 1, 0
128, 1, 0
249, 1, 0
248, 1, 0
126, 1, 0
127, 0, 1
123, 1, 0
247, 1, 0
252, 1, 0
127, 1, 0
126, 1, 0
246, 1, 0
250, 1, 0
307, 1, 0
199, 1, 0
122, 1, 1
126, 1, 0
123, 1, 0
249, 1, 0
248, 1, 0
127, 1, 0
248, 1, 0
127, 1, 0
125, 1, 0
248, 1, 0
129, 1, 0
254, 1, 1
123, 1, 0
128, 1, 0
245, 1, 0
246, 1, 0
126, 1, 0
134, 1, 0
241, 1, 0
131, 1, 0
122, 1, 0
247, 1, 0
132, 1, 0
121, 1, 0
247, 1, 0
128, 1, 0
124, 1, 0
125, 1, 0
249, 1, 1
126, 1, 0
247, 1, 0
128, 1, 0
137, 1, 0
113, 1, 0
247, 1, 0
129, 1, 0
124, 1, 0
125, 1, 0
247, 1, 0
128, 1, 0
126, 1, 0
124, 1, 0
248, 1, 0
132, 1, 0
125, 1, 0
128, 1, 0
122, 1, 0
242, 1, 0
130, 1, 0
126, 1, 0
125, 1, 0
124, 1, 0
131, 1, 0
240, 1, 0
130, 1, 0
126, 1, 0
126, 1, 0
126, 1, 0
123, 1, 0
243, 1, 0
131, 1, 0
126, 1, 1
124, 1, 0
125, 1, 0
125, 1, 0
126, 1, 0
246, 1, 0
125, 1, 0
126, 1, 0
131, 1, 0
118, 1, 0
124, 1, 0
125, 1, 0
125, 1, 0
125, 1, 0
125, 1, 0
124, 1, 0
274, 1, 0
102, 1, 0
124, 1, 0
126, 1, 0
125, 1, 0
125, 1, 0
126, 1, 0
126, 1, 0
122, 1, 0
125, 1, 0
125, 1, 0
125, 1, 0
125, 1, 0
125, 1, 0
125, 1, 0
125, 1, 0
127, 1, 0
123, 1, 0
125, 1, 0
125, 1, 0
125, 1, 0
247, 2, 0
250, 2, 0
250, 2, 0
251, 2, 0
128, 1, 0
123, 1, 0
126, 1, 0
333, 1, 0
173, 1, 0
122, 3, 0
124, 1, 0
130, 1, 0
119, 1, 0
124, 1, 0
125, 1, 0
124, 1, 0
125, 1, 0
126, 1, 0
125, 1, 0
124, 1, 0
125, 1, 0
126, 1, 0
124, 1, 0
126, 1, 0
124, 1, 0
125, 2, 0
126, 1, 0
125, 1, 0
125, 1, 0
125, 1, 0
124, 1, 0
126, 1, 0
124, 1, 0
125, 1, 0
125, 1, 0
126, 1, 0
130, 2, 0
249, 2, 0
128, 1, -1
126, 1, 0
121, 1, 0
127, 1, 0
125, 1, 0
123, 1, 0
125, 2, 0
244, 2, 0
131, 1, 0
125, 1, 0
124, 1, 0
530, 5, 0
97, 1, 0
124, 1, 0
126, 1, -1
124, 1, 0
125, 1, 0
125, 1, 0
124, 1, 0
126, 2, 0
125, 1, 0
121, 1, 0
124, 1, 0
125, 1, 0
125, 1, 0
125, 1, 0
126, 2, -1
124, 1, 0
125, 1, 0
125, 1, 0
126, 1, 0
127, 1, 0
124, 1, 0
125, 2, 0
125, 1, 0
124, 1, 0
125, 1, 0
126, 1, 0
124, 1, 0
125, 2, -1
125, 1, 0
125, 1, 0
125, 1, 0
127, 1, 0
123, 2, 0
247, 2, 0
129, 1, 0
124, 1, 0
125, 1, 0
126, 2, -1
129, 1, 0
122, 1, 0
123, 1, 0
130, 2, 0
132, 1, 0
122, 1, 0
116, 1, 0
132, 1, 0
124, 2, 0
120, 1, 0
126, 1, 0
124, 1, -1
125, 1, 0
125, 1, 0
126, 2, 0
127, 1, 0
122, 1, 0
128, 1, 0
121, 2, 0
124, 1, 0
126, 1, -1
125, 2, 0
248, 2, 0
127, 1, 0
125, 1, 0
125, 1, 0
125, 1, 0
124, 2, 0
125, 1, -1
125, 1, 0
125, 1, 0
126, 2, 0
125, 1, 0
126, 1, 0
123, 1, 0
126, 2, 0
124, 1, 0
128, 1, -1
126, 2, 0
244, 2, 0
130, 1, 0
123, 2, 0
125, 1, 0
243, 1, 0
258, 1, -1
123, 4, 0
126, 1, 0
124, 1, 0
126, 2, 0
124, 1, 0
126, 1, 0
124, 1, -1
127, 2, 0
124, 1, 0
125, 2, 0
125, 1, 0
125, 1, 0
125, 1, 0
124, 1, 0
126, 2, -1
124, 1, 0
125, 1, 0
126, 1, 0
124, 2, 0
126, 1, 0
124, 2, 0
125, 1, 0
125, 1, -1
126, 1, 0
125, 1, 0
125, 2, 0
125, 1, 0
124, 1, 0
125, 1, 0
136, 2, 0
119, 1, 0
125, 2, -1
125, 1, 0
125, 1, 0
125, 1, 0
124, 1, 0
126, 2, 0
124, 1, 0
125, 2, 0
125, 1, -1
125, 1, 0
125, 1, 0
125, 2, 0
125, 1, 0
127, 2, 0
123, 1, 0
125, 1, -1
125, 1, 0
125, 1, 0
125, 2, 0
125, 1, 0
126, 2, 0
124, 1, 0
125, 1, 0
125, 1, -1
125, 2, 0
143, 1, 0
104, 1, 0
124, 2, 0
126, 1, 0
124, 1, 0
125, 1, -1
125, 2, 0
124, 1, 0
128, 1, 0
123, 2, 0
124, 1, 0
126, 1, -1
125, 2, 0
136, 1, 0
120, 1, 0
121, 1, 0
128, 1, 0
124, 2, 0
123, 1, 0
126, 2, -1
126, 1, 0
123, 1, 0
125, 1, 0
125, 2, 0
125, 1, 0
125, 1, -1
125, 2, 0
125, 1, 0
125, 1, 0
125, 1, 0
125, 2, 0
126, 1, 0
126, 1, 0
124, 2, -1
124, 1, 0
126, 1, 0
124, 1, 0
125, 2, 0
124, 1, 0
126, 1, 0
125, 2, 0
125, 1, -1
129, 1, 0
121, 2, 0
124, 1, 0
125, 1, -1
126, 1, 0
125, 1, 0
124, 2, 0
125, 1, 0
125, 2, 0
126, 1, 0
124, 1, 0
125, 1, 0
125, 2, -1
125, 1, 0
126, 1, 0
125, 1, 0
124, 2, 0
126, 1, -1
125, 1, 0
125, 2, 0
124, 1, 0
127, 1, 0
124, 1, 0
125, 2, 0
125, 1, -1
125, 2, 0
126, 1, 0
127, 1, 0
122, 1, 0
125, 1, 0
125, 2, -1
343, 1, 0
159, 1, 0
122, 4, 0
126, 2, -1
124, 1, 0
126, 1, 0
124, 1, 0
125, 1, 0
125, 2, 0
126, 1, 0
125, 1, -1
125, 1, 0
125, 2, 0
124, 1, 0
126, 2, 0
125, 1, 0
124, 1, 0
126, 1, -1
124, 1, 0
130, 2, 0
121, 1, 0
124, 1, 0
125, 1, 0
127, 2, -1
123, 1, 0
131, 1, 0
138, 1, 0
106, 1, 0
125, 2, -1
124, 1, 0
125, 1, 0
126, 1, 0
127, 2, 0
126, 1, 0
123, 1, -1
124, 1, 0
127, 2, 0
123, 1, 0
125, 1, 0
124, 2, 0
125, 0, -1
125, 2, 0
125, 1, 0
125, 1, 0
125, 1, 0
125, 2, 0
126, 1, -1
124, 1, 0
125, 2, 0
125, 1, 0
130, 1, 0
133, 1, 0
121, 1, -1
128, 1, 0
130, 2, 0
114, 1, 0
123, 1, 0
126, 1, 0
125, 2, -1
124, 1, 0
126, 1, 0
125, 1, 0
125, 1, 0
126, 2, -1
245, 2, 0
130, 1, 0
125, 1, 0
125, 1, 0
124, 2, -1
125, 1, 0
125, 1, 0
134, 1, 0
117, 1, 0
124, 2, 0
126, 1, -1
127, 1, 0
124, 1, 0
133, 1, 0
111, 2, 0
126, 1, 0
124, 1, -1
125, 1, 0
125, 1, 0
125, 1, 0
126, 2, -1
248, 2, 0
131, 1, 0
122, 1, 0
124, 1, 0
127, 1, 0
124, 1, -1
126, 2, 0
132, 1, 0
120, 1, 0
124, 1, -1
127, 1, 0
128, 2, 0
240, 2, 0
130, 1, 0
125, 1, 0
123, 1, -1
125, 1, 0
126, 1, 0
124, 1, 0
125, 2, 0
123, 1, 0
125, 1, -1
125, 1, 0
124, 1, 0
125, 1, 0
125, 1, 0
125, 1, -1
126, 2, 0
125, 1, 0
125, 1, 0
124, 1, 0
125, 1, 0
125, 1, 0
125, 1, -1
125, 1, 0
126, 1, 0
125, 1, 0
126, 1, 0
125, 2, 0
125, 0, -1
124, 2, 0
128, 1, 0
450, 2, 0
175, 1, -1
122, 3, 0
124, 1, 0
129, 1, 0
121, 1, -1
125, 1, 0
126, 1, 0
124, 1, 0
125, 1, 0
126, 1, 0
125, 1, -1
125, 1, 0
126, 2, 0
245, 2, 0
129, 1, 0
124, 1, -1
125, 1, 0
248, 2, 0
249, 2, 0
128, 0, -1
125, 2, 0
125, 1, 0
125, 1, 0
131, 1, 0
125, 1, 0
126, 1, -1
242, 2, 0
250, 2, 0
252, 2, -1
249, 2, 0
250, 2, 0
249, 1, -1
131, 1, 0
125, 1, 0
126, 1, 0
127, 1, 0
133, 1, -1
117, 1, 0
125, 1, 0
130, 1, 0
120, 1, 0
245, 2, -1
247, 1, 0
131, 1, 0
123, 1, 0
123, 1, 0
125, 1, -1
125, 1, 0
125, 1, 0
126, 1, 0
247, 2, 0
128, 0, -1
125, 1, 0
124, 1, 0
125, 1, 0
125, 1, 0
247, 2, -1
250, 1, 0
128, 1, 0
125, 1, 0
126, 1, -1
247, 2, 0
249, 1, 0
129, 1, 0
124, 1, -1
125, 1, 0
125, 1, 0
248, 1, 0
127, 1, 0
125, 1, -1
125, 1, 0
267, 1, 0
107, 1, 0
126, 1, -1
124, 1, 0
125, 1, 0
248, 1, 0
128, 1, 0
249, 2, -1
248, 1, 0
128, 1, 0
125, 1, 0
134, 0, -1
133, 1, 0
110, 1, 0
135, 1, 0
236, 1, -1
128, 1, 0
250, 1, 0
125, 1, 0
125, 1, 0
124, 0, -1
125, 1, 0
125, 1, 0
125, 1, 0
248, 1, -1
128, 1, 0
246, 1, 0
128, 1, 0
251, 1, -1
124, 1, 0
248, 1, 0
128, 1, 0
124, 1, 0
259, 0, -1
246, 1, 0
124, 2, 0
249, 1, -1
121, 1, 0
247, 1, 0
128, 1, 0
125, 0, -1
125, 1, 0
247, 1, 0
128, 1, 0
247, 1, -1
250, 1, 0
128, 1, 0
247, 1, 0
149, 1, -1
228, 1, 0
250, 1, 0
250, 1, -1
249, 1, 0
131, 1, 0
244, 1, 0
133, 0, -1
124, 1, 0
244, 1, 0
250, 1, 0
130, 0, -1
126, 1, 0
244, 1, 0
249, 1, 0
132, 0, -1
125, 1, 0
244, 1, 0
249, 1, -1
254, 1, 0
245, 1, 0
250, 1, 0
128, 0, -1
247, 1, 0
250, 1, 0
128, 0, -1
125, 1, 0
247, 1, 0
251, 1, 0
249, 0, -1
131, 1, 0
247, 1, 0
372, 1, -1
249, 1, 0
534, 1, -1
217, 1, 0
416, 1, 0
333, 1, -1
375, 1, 0
376, 1, 0
127, 0, -1
255, 1, 0
373, 1, 0
252, 0, -1
247, 1, 0
549, 1, 0
74, 0, -1
248, 1, 0
501, 1, 0
406, 0, -1
217, 1, 0
502, 1, 0
250, 0, -1
655, 1, 0
344, 0, -1
249, 1, 0
933, 1, 0
192, 0, -1
877, 1, 0
398, 0, -1
1357, 1, 0
126, 0, -1
1924, 0, -1
2851, 0, -1
885, -1, 0
1459, -1, 0
249, 0, -1
1255, -1, 0
1121, 0, -1
251, -1, 0
1164, -1, 0
516, 0, -1
193, -1, 0
942, -1, -1
593, -1, 0
499, 0, -1
93, -1, 0
709, -1, 0
291, 0, -1
247, -1, 0
501, -1, 0
127, 0, -1
405, -1, 0
471, -1, -1
626, -1, 0
252, 0, -1
129, -1, 0
632, -1, 0
242, 0, -1
126, -1, 0
501, -1, 0
255, 0, -1
240, -1, 0
379, -1, 0
247, 0, -1
249, -1, 0
389, -1, 0
366, -1, -1
373, -1, 0
384, -1, -1
368, -1, 0
366, -1, 0
250, 0, -1
127, -1, 0
251, -1, 0
377, -1, -1
377, -1, 0
246, -1, 0
126, 0, -1
249, -1, 0
249, -1, 0
254, -1, 0
124, 0, -1
245, -1, 0
250, -1, 0
249, -1, -1
251, -1, 0
248, -1, 0
259, 0, -1
120, -1, 0
136, -1, 0
370, -1, 0
124, 0, -1
124, -1, 0
275, -1, 0
111, -1, 0
247, -1, -1
453, -1, 0
169, -1, 0
241, -1, 0
126, -1, -1
246, -1, 0
250, -1, 0
125, -1, 0
128, 0, -1
124, -1, 0
246, -1, 0
251, -1, 0
250, -1, -1
127, -1, 0
248, -1, 0
249, -1, 0
128, -1, -1
248, -1, 0
251, -1, 0
139, -1, 0
236, -1, -1
131, -1, 0
252, -1, 0
245, -1, 0
128, -1, 0
125, 0, -1
127, -1, 0
123, -1, 0
243, -1, 0
132, -1, 0
244, -1, -1
130, -1, 0
245, -1, 0
130, -1, 0
245, -1, 0
131, -1, 0
125, 0, -1
127, -1, 0
122, -1, 0
122, -1, 0
247, -1, 0
127, -1, 0
249, -1, -1
126, -1, 0
126, -1, 0
247, -1, 0
128, -1, 0
132, -1, 0
118, 0, -1
125, -1, 0
125, -1, 0
247, -1, 0
135, -1, 0
118, -1, 0
125, -1, 0
124, -1, 0
125, 0, -1
127, -1, 0
124, -1, 0
124, -1, 0
248, -1, 0
129, -1, 0
125, -1, 0
126, -1, -1
246, -1, 0
133, -1, 0
118, -1, 0
247, -1, 0
130, -1, 0
124, -1, 0
125, -1, 0
124, -1, -1
124, -1, 0
248, -1, 0
127, -1, 0
126, -1, 0
126, -1, 0
137, -1, 0
235, -1, -1
126, -1, 0
126, -1, 0
125, -1, 0
126, -1, 0
124, -1, 0
247, -1, 0
127, -1, 0
126, -1, 0
124, -1, 0
125, -1, -1
125, -1, 0
247, -2, 0
251, -1, 0
127, -1, 0
125, -1, 0
125, -1, 0
126, -1, 0
124, -1, 0
248, -2, 0
252, -1, -1
127, -1, 0
124, -1, 0
275, -1, 0
225, -1, 0
125, -3, 0
124, -1, 0
125, -1, 0
125, -1, 0
125, -1, 0
248, -2, 0
249, -2, -1
250, -2, 0
251, -2, 0
249, -1, 0
129, -1, 0
124, -1, 0
130, -1, 0
124, -1, 0
121, -1, 0
128, -1, 0
122, -1, 0
125, -1, 0
125, -1, 0
127, -1, 0
123, -1, -1
125, -1, 0
125, -1, 0
125, -1, 0
125, -1, 0
125, -1, 0
125, -1, 0
132, -1, 0
133, -1, 0
117, -1, 0
126, -1, 0
128, -1, 0
121, -1, 0
124, -1, 0
126, -1, 0
124, -1, 0
125, -1, 0
125, -1, 0
125, -1, 0
278, -2, 0
98, -1, 0
124, -1, 0
126, -1, -1
124, -1, 0
125, -1, 0
126, -1, 0
124, -1, 0
125, -1, 0
125, -1, 0
126, -1, 0
124, -2, 0
244, -1, 0
131, -2, 0
244, -2, 0
249, -2, 0
127, -1, 0
126, -1, 0
125, -1, 0
126, -1, 0
124, -1, 0
125, -1, 0
125, -1, 0
125, -1, 0
125, -1, 0
127, -1, 0
126, -1, 0
123, -1, 0
125, -2, 0
246, -2, 0
128, -1, 0
247, -2, 0
128, -1, 0
125, -1, 0
125, -1, 0
125, -1, 0
124, -1, 0
126, -1, 0
125, -1, 0
124, -1, 0
126, -1, 0
125, -1, 0
125, -2, 0
247, -2, 0
128, -1, 0
124, -1, 0
128, -1, 0
123, -1, 0
125, -1, 0
126, -1, 0
132, -1, 0
117, -1, 0
124, -2, 0
126, -1, 0
125, -1, 0
125, -1, 0
125, -1, 0
124, -1, 0
125, -1, 0
126, -1, 0
125, -2, 0
125, -1, 0
125, -1, 0
124, -1, 0
126, -1, 0
125, -1, 0
124, -1, 0
125, -2, 0
247, -2, 0
128, -1, 0
125, -1, 0
126, -1, 0
125, -2, 0
247, -2, 0
128, -1, 0
124, -1, 0
313, -1, 0
190, -1, 0
123, -4, 1
125, -1, 0
130, -1, 0
119, -1, 0
126, -1, 0
124, -2, 0
126, -1, 0
125, -1, 0
125, -1, 0
125, -1, 0
125, -1, 0
124, -2, 0
126, -1, 0
125, -1, 0
125, -1, 0
125, -1, 1
126, -2, 0
124, -1, 0
126, -1, 0
124, -1, 0
125, -2, 0
125, -1, 0
125, -1, 0
130, -1, 0
119, -2, 0
124, -1, 0
251, -2, 0
131, -1, 0
124, -1, 1
124, -1, 0
126, -2, 0
128, -1, 0
126, -1, 0
121, -1, 0
127, -2, 0
123, -1, 0
130, -1, 0
123, -1, 0
122, -1, 1
125, -2, 0
125, -1, 0
125, -1, 0
125, -1, 0
129, -2, 0
121, -1, 0
125, -2, 0
125, 0, 1
125, -1, 0
125, -2, 0
125, -1, 0
126, -1, 0
124, -1, 0
125, -2, 0
122, -1, 0
127, -2, 1
123, -1, 0
127, -1, 0
125, -1, 0
124, -1, 0
125, -2, 0
124, -1, 0
124, -1, 0
126, -1, 0
126, -2, 1
125, -1, 0
123, -2, 0
125, -1, 0
125, -1, 0
125, -1, 0
125, -1, 0
127, -2, 1
123, -1, 0
125, -1, 0
125, -1, 0
126, -2, 0
124, -1, 0
125, -2, 1
127, -1, 0
126, -1, 0
123, -1, 0
125, -1, 0
125, -2, 0
127, -1, 0
124, -2, 1
125, -1, 0
125, -1, 0
123, -1, 0
130, -2, 0
121, -1, 1
126, -2, 0
124, -1, 0
130, -1, 0
119, -1, 0
130, -1, 0
130, -2, 1
119, -1, 0
126, -1, 0
122, -2, 0
124, -1, 0
123, -1, 0
125, -2, 1
126, -1, 0
127, -1, 0
126, -2, 0
123, -1, 1
124, -1, 0
126, -1, 0
127, -2, 0
124, -1, 0
126, -2, 0
123, -1, 1
126, -1, 0
125, -1, 0
125, -1, 0
123, -2, 0
126, -1, 1
123, -2, 0
134, -1, 0
118, -1, 0
128, -2, 0
126, -1, 1
124, -1, 0
125, -2, 0
139, -1, 0
113, -1, 0
121, -2, 1
123, -1, 0
124, -1, 0
126, -2, 0
248, -1, 1
256, -1, 0
123, -5, 1
122, -1, 0
125, -1, 0
125, -1, 0
128, -1, 0
124, -2, 0
127, -1, 1
127, -2, 0
122, -1, 0
139, -2, 1
233, -2, 0
131, -1, 0
118, -2, 0
125, -1, 1
125, -1, 0
124, -2, 0
132, -1, 0
120, -1, 1
127, -1, 0
125, -2, 0
125, -1, 0
127, -2, 1
125, -1, 0
124, -2, 0
124, -1, 0
124, -1, 0
133, -1, 1
121, -1, 0
126, -2, 0
124, -1, 0
124, -2, 1
131, -1, 0
117, -2, 0
122, -1, 0
127, -1, 1
123, -1, 0
126, -1, 0
132, -2, 0
120, -1, 1
129, -2, 0
122, -1, 0
124, -1, 0
125, -1, 1
125, -2, 0
124, -1, 0
125, -2, 0
128, -1, 1
122, -1, 0
133, -2, 0
120, -1, 0
127, -1, 1
130, -1, 0
119, -2, 0
120, -1, 0
124, -2, 1
126, -1, 0
132, -1, 0
119, -1, 1
124, -2, 0
130, -1, 0
123, -1, 0
124, -2, 1
127, -1, 0
120, -2, 0
129, -1, 0
123, -1, 1
124, -1, 0
131, -2, 0
119, -1, 1
137, -1, 0
114, -2, 0
133, -1, 0
120, -1, 1
122, -1, 0
124, -2, 0
125, -1, 0
124, -2, 1
128, -1, 0
131, -1, 0
126, -1, 1
119, -2, 0
128, -1, 0
123, -1, 0
124, -2, 1
125, -1, 0
126, -1, 0
124, -2, 1
125, -1, 0
125, -1, 0
127, -2, 1
123, -1, 0
127, -1, 0
126, -1, 1
125, -1, 0
126, -2, 0
123, -1, 0
126, -2, 1
124, -1, 0
125, -1, 0
124, -1, 0
125, -2, 1
125, -1, 0
126, -1, 0
130, -2, 1
120, -1, 0
124, -1, 0
131, -1, 1
123, -2, 0
126, -1, 0
123, -1, 1
127, -1, 0
122, -2, 0
123, -1, 0
127, -1, 1
128, -2, 0
136, -1, 0
114, -1, 1
132, -1, 0
116, -2, 0
119, -1, 1
126, -1, 0
125, -1, 0
123, -2, 1
127, -1, 0
127, -1, 0
129, -2, 0
124, 0, 1
121, -2, 0
282, -1, 0
219, -2, 1
123, -3, 1
124, -2, 0
124, -1, 0
127, -1, 1
123, -1, 0
125, -1, 0
125, -2, 1
125, -1, 0
124, -1, 0
125, -1, 1
126, -2, 0
125, -1, 0
125, -1, 1
124, -1, 0
126, -1, 0
126, -2, 1
125, -1, 0
131, -1, 0
119, -1, 1
124, -2, 0
125, -1, 0
124, -1, 1
125, -1, 0
126, -2, 0
125, -1, 1
124, -1, 0
128, -1, 0
125, -1, 0
124, -2, 1
125, -1, 0
124, -1, 0
125, -1, 1
123, -2, 0
247, -2, 1
128, -1, 0
126, -1, 0
125, -1, 1
125, -1, 0
126, -2, 0
124, 0, 1
125, -2, 0
125, -1, 0
125, -1, 1
149, -1, 0
103, -2, 0
124, -1, 1
126, -1, 0
124, -1, 0
126, -1, 1
122, -1, 0
125, -1, 0
126, -2, 1
124, -1, 0
125, -1, 0
125, -1, 1
125, -1, 0
125, -1, 0
130, -1, 1
122, -2, 0
248, -2, 1
125, -1, 0
125, -1, 1
125, -1, 0
125, -2, 0
247, -2, 1
128, -1, 0
126, -1, 0
127, -1, 1
126, -1, 0
122, -1, 1
124, -1, 0
125, -2, 0
247, -2, 1
128, -1, 0
126, -1, 1
124, -1, 0
125, -1, 0
125, -1, 1
125, -1, 0
125, -1, 0
125, -1, 1
125, -1, 0
125, -1, 0
125, -2, 1
125, -1, 0
125, -1, 0
125, -1, 1
249, -2, 0
126, -1, 1
125, -1, 0
125, -1, 0
125, -1, 1
128, -1, 0
122, -1, 0
125, -1, 1
125, -1, 0
125, -1, 0
125, -1, 1
125, -1, 0
125, -1, 0
125, -1, 1
125, -1, 0
125, -1, 0
125, -1, 1
135, -1, 0
121, -1, 0
125, -1, 1
125, -1, 0
128, -1, 0
121, -1, 1
125, -1, 0
125, -1, 1
127, -1, 0
124, -1, 0
125, -1, 0
125, -1, 1
124, -1, 0
127, -1, 1
123, -1, 0
127, -1, 0
126, -1, 1
123, -1, 0
125, -1, 0
126, 0, 1
350, -2, 0
281, -1, 1
123, -3, 1
126, -1, 0
120, -1, 0
123, -1, 1
121, -1, 0
125, -1, 0
128, -1, 1
247, -1, 0
126, -1, 0
124, -1, 1
124, -1, 0
126, -1, 1
124, -1, 0
248, -1, 1
128, -1, 0
130, -1, 0
120, -1, 1
125, -1, 0
124, -1, 0
125, -1, 1
248, -1, 0
128, -1, 0
125, -1, 1
126, -1, 0
129, 0, 1
123, -1, 0
123, -1, 0
132, -1, 1
119, -1, 0
125, -1, 0
128, 0, 1
121, -1, 0
124, -1, 0
125, -1, 0
125, -1, 1
249, -1, 0
128, -1, 1
123, -1, 0
258, -1, 1
119, -1, 0
248, -1, 1
127, -1, 0
123, -1, 0
125, -1, 1
247, -1, 0
128, -1, 1
125, -1, 0
247, -1, 1
250, -1, 0
128, -1, 0
125, -1, 1
248, -1, 0
131, -1, 1
250, -1, 0
126, -1, 1
120, -1, 0
247, -1, 1
313, -1, 0
186, -1, 1
128, -1, 0
125, -1, 0
125, 0, 1
125, -1, 0
247, -1, 1
128, -1, 0
248, -1, 1
252, -1, 0
249, -1, 1
249, -1, 0
127, -1, 1
247, -1, 0
251, -1, 1
249, -1, 0
129, 0, 1
124, -1, 0
248, -1, 1
250, -1, 0
250, -1, 1
127, -1, 0
248, 0, 1
131, -1, 0
246, -1, 0
126, 0, 1
125, -1, 0
247, -1, 0
128, 0, 1
125, -1, 0
394, -1, 1
229, -1, 0
127, 0, 1
248, -1, 0
252, -1, 1
377, -1, 0
127, 0, 1
253, -1, 0
125, 0, 1
239, -1, 0
253, -1, 1
526, -1, 0
100, 0, 1
246, -1, 0
251, 0, 1
257, -1, 0
250, 0, 1
126, -1, 0
373, 0, 1
122, -1, 0
377, 0, 1
124, -1, 0
509, 0, 1
237, -1, 0
251, 0, 1
375, -1, 0
248, 0, 1
656, -1, 1
636, 0, 1
587, 0, 1
124, -1, 0
523, 0, 1
754, 0, 1
627, 0, 1
882, 0, 1
712, 0, 1
941, 0, 1
562, 1, 0
373, 0, 1
780, 1, 0
95, 0, 1
750, 1, 0
126, 0, 1
625, 1, 0
403, 0, 1
346, 1, 0
500, 1, 0
127, 0, 1
531, 1, 0
343, 0, 1
248, 1, 0
374, 1, 0
401, 0, 1
224, 1, 0
400, 1, 0
108, 0, 1
373, 1, 0
371, 1, 1
379, 1, 0
375, 0, 1
150, 1, 0
373, 1, 0
228, 1, 0
129, 0, 1
379, 1, 0
237, 1, 0
132, 0, 1
244, 1, 0
251, 1, 0
126, 0, 1
246, 1, 0
410, 1, 1
215, 1, 0
250, 1, 0
440, 1, 1
186, 1, 0
249, 1, 0
128, 0, 1
126, 1, 0
246, 1, 0
253, 0, 1
126, 1, 0
248, 1, 0
249, 1, 1
249, 1, 0
255, 1, 0
250, 1, 1
247, 1, 0
248, 1, 0
128, 1, 1
247, 1, 0
250, 1, 0
128, 0, 1
124, 1, 0
248, 1, 0
128, 0, 1
125, 1, 0
124, 1, 0
248, 1, 0
127, 0, 1
129, 1, 0
244, 1, 0
127, 1, 0
248, 1, 1
250, 1, 0
128, 1, 0
247, 1, 1
128, 1, 0
247, 1, 0
249, 1, 1
128, 1, 0
248, 1, 0
128, 1, 0
125, 0, 1
126, 1, 0
128, 1, 0
247, 1, 0
127, 1, 0
123, 0, 1
127, 1, 0
122, 1, 0
246, 1, 1
129, 1, 0
320, 1, 0
179, 1, 0
126, 1, 1
124, 1, 0
130, 1, 0
242, 1, 0
128, 1, 1
125, 1, 0
247, 1, 0
128, 1, 1
125, 1, 0
247, 1, 0
128, 1, 0
125, 1, 0
125, 1, 1
258, 1, 0
122, 1, 0
124, 1, 0
245, 1, 1
130, 1, 0
126, 1, 0
125, 1, 0
250, 1, 1
126, 1, 0
124, 1, 0
125, 1, 0
139, 1, 0
239, 1, 1
124, 1, 0
126, 1, 0
123, 1, 0
245, 1, 1
129, 1, 0
125, 1, 0
142, 1, 0
109, 1, 0
245, 2, 1
248, 1, 0
128, 1, 0
125, 1, 0
123, 1, 0
125, 0, 1
125, 2, 0
248, 1, 0
127, 1, 0
125, 1, 0
125, 1, 1
125, 1, 0
125, 1, 0
125, 1, 0
124, 1, 0
249, 2, 1
250, 1, 0
128, 1, 0
124, 1, 0
125, 1, 0
125, 1, 0
126, 1, 1
125, 1, 0
124, 1, 0
126, 1, 0
124, 1, 0
248, 2, 0
127, 0, 1
124, 1, 0
126, 1, 0
125, 2, 0
248, 1, 0
127, 1, 0
125, 1, 0
130, 1, 1
119, 1, 0
125, 1, 0
125, 1, 0
125, 1, 0
125, 1, 0
125, 1, 0
125, 1, 1
126, 1, 0
124, 1, 0
125, 1, 0
125, 1, 0
125, 1, 0
125, 1, 0
125, 1, 0
126, 2, 1
247, 2, 0
128, 1, 0
247, 2, 0
249, 2, 0
128, 1, 1
125, 1, 0
126, 1, 0
124, 1, 0
125, 1, 0
125, 1, 0
125, 1, 0
125, 1, 0
125, 1, 0
125, 1, 1
125, 1, 0
125, 1, 0
125, 1, 0
125, 1, 0
126, 2, 0
124, 1, 0
125, 1, 0
125, 1, 0
127, 1, 1
123, 1, 0
125, 1, 0
126, 1, 0
124, 1, 0
125, 2, 0
247, 2, 0
129, 1, 0
125, 1, 1
124, 1, 0
125, 1, 0
126, 1, 0
124, 1, 0
125, 1, 0
125, 2, 0
125, 1, 0
125, 1, 0
126, 1, 0
125, 1, 1
124, 1, 0
126, 1, 0
125, 1, 0
125, 2, 0
128, 1, 0
123, 1, 0
125, 1, 0
123, 1, 0
126, 1, 0
124, 2, 0
130, 1, 0
125, 1, 1
124, 1, 0
125, 1, 0
125, 1, 0
125, 1, 0
128, 2, 0
127, 1, 0
124, 1, 0
124, 1, 0
126, 2, 0
126, 1, 0
121, 1, 0
125, 1, 1
125, 1, 0
124, 2, 0
126, 1, 0
125, 1, 0
125, 1, 0
125, 1, 0
125, 1, 0
125, 2, 0
126, 1, 0
125, 2, 0
124, 1, 1
125, 1, 0
125, 1, 0
125, 1, 0
123, 2, 0
123, 1, 0
125, 1, 0
126, 1, 0
124, 2, 0
129, 1, 0
121, 1, 0
125, 1, 0
125, 1, 0
125, 2, 0
125, 1, 0
125, 2, 1
125, 1, 0
125, 1, 0
125, 1, 0
125, 2, 0
125, 1, 0
125, 1, 0
125, 2, 0
125, 1, 0
125, 1, 0
125, 1, 0
127, 2, 0
123, 1, 0
126, 1, 0
124, 1, 0
125, 2, 0
125, 1, 0
125, 2, 0
125, 1, 0
125, 1, 0
125, 1, 0
125, 1, 0
125, 2, 1
126, 1, 0
124, 2, 0
125, 1, 0
125, 1, 0
125, 2, 0
125, 1, 0
125, 1, 0
129, 2, 0
122, 1, 0
125, 1, 0
124, 2, 0
125, 1, 0
125, 1, 0
124, 1, 0
126, 2, 0
125, 1, 0
125, 2, 0
125, 1, 0
125, 1, 0
125, 2, 0
124, 1, 0
126, 1, 0
124, 1, 0
126, 2, 0
137, 1, 0
112, 2, 0
125, 1, 0
125, 2, 0
126, 1, 0
124, 1, 0
126, 2, 0
124, 1, 0
125, 1, 0
125, 1, 0
126, 2, 0
124, 1, 0
126, 2, 0
124, 1, 0
126, 2, 0
124, 1, 0
126, 1, 0
125, 2, 0
125, 1, 0
124, 1, 0
125, 1, 0
126, 2, 0
125, 1, 0
292, 2, 0
208, 1, 0
124, 5, 0
125, 1, 0
125, 1, 0
125, 1, 0
125, 2, 0
125, 1, 0
125, 1, 0
125, 2, 0
125, 1, 0
125, 2, 0
125, 1, 0
125, 2, 0
125, 1, 0
125, 2, 0
125, 1, 0
125, 1, 0
125, 2, 0
127, 1, 0
123, 2, 0
125, 1, 0
125, 1, 0
125, 1, 0
125, 2, 0
125, 1, 0
125, 2, 0
125, 1, 0
126, 1, 0
128, 2, 0
123, 1, 0
123, 2, 0
126, 1, 0
125, 2, 0
124, 1, 0
125, 2, 0
125, 1, 0
125, 2, 0
125, 1, 0
125, 1, 0
125, 2, 0
125, 1, 0
125, 2, 0
125, 1, 0
125, 1, 0
125, 1, 0
125, 2, 0
125, 1, 0
125, 2, 0
125, 1, 0
125, 1, 0
125, 2, 0
125, 1, 0
125, 2, 0
125, 1, 0
125, 2, 0
125, 1, 0
125, 2, 0
126, 1, 0
139, 2, 0
120, 1, 0
121, 1, 0
125, 2, 0
124, 1, 0
128, 2, -1
121, 1, 0
125, 1, 0
124, 2, 0
128, 1, 0
126, 1, 0
122, 2, 0
125, 1, 0
124, 1, 0
128, 2, 0
123, 1, 0
139, 2, 0
114, 1, 0
125, 2, 0
122, 1, 0
125, 2, 0
125, 1, 0
125, 2, 0
125, 1, -1
125, 1, 0
125, 2, 0
125, 1, 0
125, 2, 0
121, 1, 0
126, 2, 0
124, 1, 0
125, 1, 0
125, 2, 0
125, 1, 0
125, 2, 0
127, 1, 0
123, 2, 0
125, 1, 0
126, 1, 0
124, 2, -1
128, 1, 0
123, 1, 0
124, 2, 0
126, 1, 0
124, 2, 0
125, 1, 0
125, 2, 0
125, 1, 0
125, 1, 0
125, 2, 0
125, 1, 0
125, 2, 0
125, 1, 0
125, 2, -1
125, 1, 0
125, 2, 0
125, 1, 0
125, 1, 0
125, 2, 0
125, 1, 0
126, 2, 0
126, 1, 0
123, 2, 0
125, 1, 0
126, 2, 0
124, 1, 0
125, 2, -1
125, 1, 0
125, 1, 0
125, 2, 0
125, 1, 0
125, 1, 0
314, 2, 0
187, 1, 0
125, 4, 0
132, 2, -1
125, 1, 0
118, 1, 0
124, 2, 0
125, 1, 0
125, 2, 0
125, 1, 0
125, 2, 0
125, 1, 0
125, 2, 0
125, 1, 0
128, 2, -1
123, 1, 0
125, 2, 0
125, 1, 0
125, 1, 0
124, 2, 0
126, 1, 0
124, 1, 0
125, 2, 0
125, 1, 0
126, 1, 0
124, 2, -1
125, 1, 0
126, 2, 0
124, 1, 0
127, 1, 0
127, 2, 0
125, 1, 0
122, 2, 0
125, 1, 0
126, 1, 0
124, 1, 0
125, 2, -1
124, 1, 0
125, 2, 0
125, 1, 0
125, 1, 0
125, 2, 0
125, 1, 0
125, 2, 0
125, 1, 0
125, 1, -1
129, 2, 0
122, 1, 0
127, 1, 0
122, 2, 0
125, 1, 0
125, 1, 0
125, 2, 0
125, 1, -1
126, 2, 0
124, 1, 0
125, 1, 0
125, 2, 0
125, 1, 0
125, 1, 0
125, 2, 0
125, 1, -1
125, 1, 0
125, 2, 0
126, 1, 0
124, 1, 0
125, 2, 0
125, 1, 0
125, 1, 0
125, 2, -1
125, 1, 0
125, 2, 0
125, 1, 0
127, 1, 0
128, 2, 0
122, 1, 0
125, 1, 0
124, 1, -1
125, 2, 0
125, 1, 0
129, 2, 0
124, 1, 0
131, 1, 0
120, 2, 0
244, 2, -1
134, 1, 0
122, 2, 0
124, 1, 0
126, 2, 0
125, 1, 0
124, 1, 0
127, 1, 0
124, 2, -1
124, 1, 0
126, 1, 0
124, 2, 0
125, 1, 0
126, 1, 0
125, 1, 0
125, 2, -1
125, 1, 0
125, 2, 0
125, 1, 0
124, 1, 0
126, 1, 0
124, 2, 0
126, 1, -1
120, 1, 0
124, 1, 0
126, 1, 0
126, 2, 0
124, 1, 0
125, 1, 0
125, 2, 0
125, 1, -1
125, 1, 0
125, 2, 0
125, 1, 0
125, 1, 0
125, 1, 0
125, 1, -1
125, 2, 0
125, 1, 0
125, 2, 0
250, 2, 0
125, 1, 0
126, 2, -1
124, 1, 0
125, 1, 0
125, 1, 0
229, 1, 0
22, 2, 0
125, 1, 0
124, 1, -1
124, 1, 0
126, 2, 0
125, 1, 0
125, 1, 0
125, 1, 0
125, 1, -1
125, 1, 0
125, 2, 0
125, 1, 0
125, 1, 0
125, 1, 0
127, 1, 0
123, 2, -1
125, 1, 0
124, 1, 0
125, 1, 0
126, 1, 0
133, 2, 0
117, 1, -1
125, 1, 0
124, 1, 0
126, 2, 0
247, 2, 0
128, 1, 0
125, 1, -1
124, 1, 0
126, 1, 0
125, 2, 0
247, 2, -1
129, 1, 0
128, 1, 0
127, 1, 0
119, 2, 0
127, 1, 0
124, 1, 0
124, 1, -1
125, 1, 0
125, 1, 0
124, 1, 0
126, 2, 0
125, 0, -1
125, 2, 0
125, 1, 0
124, 1, 0
125, 1, 0
126, 1, 0
125, 1, 0
126, 1, -1
124, 2, 0
247, 2, 0
130, 1, 0
123, 1, -1
125, 1, 0
125, 1, 0
125, 1, 0
125, 1, 0
125, 1, 0
125, 1, -1
124, 1, 0
126, 1, 0
125, 2, 0
125, 1, 0
125, 1, 0
125, 1, 0
125, 1, -1
125, 1, 0
125, 1, 0
127, 1, 0
122, 1, 0
125, 1, 0
126, 1, -1
124, 1, 0
125, 1, 0
125, 1, 0
125, 1, 0
125, 2, 0
126, 0, -1
124, 2, 0
248, 2, 0
250, 1, 0
128, 2, -1
246, 2, 0
251, 2, 0
250, 2, -1
250, 2, 0
250, 1, 0
127, 1, 0
126, 1, 0
126, 1, -1
138, 1, 0
119, 1, 0
122, 1, 0
124, 1, 0
127, 1, 0
131, 1, -1
124, 1, 0
123, 1, 0
123, 1, 0
124, 1, 0
125, 1, 0
125, 1, -1
123, 1, 0
126, 1, 0
126, 1, 0
242, 2, -1
252, 1, 0
130, 1, 0
125, 1, 0
124, 1, 0
126, 1, -1
124, 1, 0
126, 1, 0
125, 1, 0
245, 2, 0
126, 0, -1
125, 1, 0
264, 1, 0
238, 1, 0
123, 3, 0
126, 0, -1
123, 1, 0
125, 1, 0
125, 1, 0
125, 1, 0
125, 1, -1
126, 1, 0
249, 1, 0
126, 1, 0
124, 1, -1
125, 1, 0
125, 1, 0
248, 1, 0
128, 1, 0
128, 1, 0
122, 1, -1
250, 1, 0
124, 1, 0
125, 1, 0
125, 1, 0
125, 1, -1
248, 1, 0
127, 1, 0
125, 1, 0
125, 0, -1
125, 1, 0
125, 1, 0
125, 1, 0
125, 1, 0
248, 1, 0
127, 1, -1
251, 1, 0
128, 1, 0
123, 1, 0
246, 1, -1
130, 1, 0
245, 1, 0
128, 1, 0
124, 1, 0
125, 0, -1
126, 1, 0
125, 1, 0
247, 1, 0
129, 1, 0
127, 0, -1
123, 1, 0
124, 1, 0
124, 1, 0
248, 1, 0
127, 0, -1
128, 1, 0
122, 1, 0
125, 1, 0
247, 1, 0
128, 0, -1
125, 1, 0
125, 1, 0
249, 1, 0
250, 1, -1
126, 1, 0
125, 1, 0
270, 1, 0
239, 1, -1
256, 1, 0
126, 1, 0
234, 1, 0
251, 1, -1
246, 1, 0
131, 1, 0
248, 1, -1
254, 1, 0
245, 1, 0
250, 1, -1
250, 1, 0
249, 1, 0
130, 1, 0
244, 1, -1
251, 1, 0
251, 1, 0
248, 1, -1
406, 1, 0
218, 1, 0
250, 1, -1
251, 1, 0
249, 1, 0
405, 1, -1
347, 1, 0
254, 1, 0
342, 1, -1
284, 1, 0
368, 1, -1
375, 1, 0
403, 1, -1
222, 1, 0
402, 1, 0
244, 0, -1
230, 1, 0
401, 1, 0
222, 0, -1
252, 1, 0
501, 1, 0
130, 0, -1
402, 1, 0
499, 1, 0
99, 0, -1
526, 1, 0
222, 0, -1
380, 1, 0
651, 0, -1
236, 1, 0
859, 0, -1
373, 1, 0
623, 0, -1
1001, 0, -1
410, 1, 0
737, 0, -1
1138, 0, -1
1383, 0, -1
1082, 0, -1
248, -1, 0
1297, 0, -1
80, -1, 0
999, -1, 0
249, 0, -1
782, -1, 0
406, 0, -1
489, -1, 0
449, 0, -1
135, -1, 0
866, -1, 0
129, 0, -1
661, -1, 0
493, 0, -1
95, -1, 0
527, -1, 0
218, 0, -1
375, -1, 0
376, 0, -1
248, -1, 0
507, -1, 0
246, 0, -1
248, -1, 0
501, -1, -1
505, -1, 0
259, 0, -1
236, -1, 0
376, -1, 0
247, 0, -1
127, -1, 0
498, -1, -1
403, -1, 0
347, -1, 0
254, 0, -1
126, -1, 0
370, -1, 0
250, 0, -1
127, -1, 0
402, -1, 0
222, 0, -1
127, -1, 0
247, -1, 0
402, -1, -1
223, -1, 0
377, -1, 0
127, 0, -1
125, -1, 0
246, -1, 0
249, 0, -1
128, -1, 0
250, -1, 0
248, -1, 0
128, 0, -1
124, -1, 0
275, -1, 0
348, -1, -1
249, -1, 0
250, -1, 0
128, 0, -1
125, -1, 0
247, -1, 0
250, -1, 0
250, -1, -1
250, -1, 0
250, -1, 0
130, 0, -1
123, -1, 0
247, -1, 0
251, -1, -1
250, -1, 0
131, -1, 0
244, -1, 0
132, 0, -1
124, -1, 0
244, -1, 0
250, -1, 0
131, -1, -1
244, -1, 0
250, -1, 0
131, 0, -1
125, -1, 0
125, -1, 0
244, -1, 0
131, -1, 0
138, 0, -1
112, -1, 0
244, -1, 0
255, -1, 0
125, -1, -1
124, -1, 0
249, -1, 0
249, -1, 0
128, -1, -1
125, -1, 0
248, -1, 0
247, -1, 0
128, -1, 0
125, 0, -1
127, -1, 0
124, -1, 0
125, -1, 0
250, -1, 0
125, -1, -1
247, -1, 0
127, -1, 0
125, -1, 0
248, -1, 0
127, -1, 0
125, -1, -1
249, -1, 0
126, -1, 0
247, -1, 0
127, -1, -1
125, -1, 0
248, -1, 0
127, -1, 0
125, -1, 0
249, -1, -1
126, -1, 0
250, -2, 0
251, -1, 0
130, -1, 0
122, -1, 0
246, -1, -1
127, -1, 0
124, -1, 0
125, -1, 0
248, -1, 0
127, -1, 0
126, -1, 0
125, -1, -1
124, -1, 0
247, -1, 0
129, -1, 0
124, -1, 0
125, -1, 0
248, -1, 0
146, -1, -1
106, -1, 0
125, -1, 0
126, -1, 0
125, -1, 0
125, -1, 0
250, -1, 0
146, -1, 0
103, -1, 0
125, -1, 0
126, -1, -1
316, -1, 0
194, -1, 0
114, -2, 0
125, -1, 0
125, -1, 0
125, -1, 0
125, -1, -1
125, -1, 0
125, -1, 0
125, -1, 0
125, -1, 0
125, -1, 0
125, -1, 0
124, -1, 0
248, -2, 0
250, -1, 0
128, -1, -1
124, -1, 0
126, -1, 0
125, -1, 0
125, -1, 0
125, -1, 0
124, -1, 0
126, -1, 0
125, -1, 0
125, -1, 0
128, -1, 0
126, -1, 0
125, -1, 0
125, -1, 0
125, -1, 0
124, -1, 0
126, -1, 0
125, -1, -1
124, -1, 0
126, -1, 0
124, -1, 0
126, -1, 0
131, -1, 0
119, -1, 0
125, -1, 0
124, -1, 0
125, -1, 0
126, -1, 0
126, -1, 0
124, -1, 0
125, -1, 0
125, -1, 0
125, -1, 0
125, -1, 0
124, -1, 0
126, -1, 0
125, -1, 0
125, -2, 0
132, -1, 0
116, -1, 0
123, -1, 0
130, -1, 0
123, -1, 0
125, -1, 0
126, -1, 0
124, -1, 0
123, -1, -1
125, -1, 0
125, -1, 0
125, -1, 0
125, -2, 0
126, -1, 0
124, -1, 0
125, -1, 0
125, -1, 0
126, -1, 0
124, -1, 0
125, -1, 0
125, -1, 0
125, -2, 0
125, -1, 0
125, -1, 0
127, -1, 0
123, -1, 0
125, -1, 0
125, -1, 0
125, -1, 0
125, -1, 0
125, -2, 0
124, -1, 0
126, -1, 0
124, -1, 0
126, -1, 0
125, -1, 0
125, -2, 0
247, -2, 0
127, -1, 0
126, -1, 0
125, -1, 0
124, -1, 0
126, -2, 0
125, -1, 0
125, -1, 0
125, -1, 0
125, -1, 0
125, -1, 0
125, -1, 0
125, -2, 0
125, -1, 0
125, -1, 0
125, -1, 0
125, -2, 0
125, -1, 0
125, -1, 0
125, -1, 0
125, -2, 0
125, -1, 0
125, -1, 0
124, -1, 0
125, -1, 0
125, -2, 0
247, -2, 0
128, -1, 0
125, -2, 0
125, -1, 0
125, -1, 0
128, -1, 0
123, -1, 0
124, -2, 0
127, -1, 0
123, -1, 0
125, -1, 0
232, -2, 0
18, -1, 0
126, -1, 0
124, -1, 0
125, -2, 0
125, -1, 0
126, -1, 0
124, -1, 0
125, -1, 0
125, -2, 0
125, -1, 0
125, -2, 0
125, 0, 1
125, -2, 0
125, -1, 0
125, -2, 0
125, -1, 0
125, -1, 0
126, -1, 0
124, -1, 0
125, -2, 0
126, -1, 0
125, -2, 0
124, -1, 0
125, -1, 0
125, -1, 0
125, -2, 0
125, -1, 0
125, -1, 0
125, -2, 0
125, -1, 0
125, -1, 0
125, -1, 0
125, -2, 1
125, -1, 0
125, -2, 0
125, -1, 0
125, -1, 0
125, -1, 0
125, -2, 0
125, -1, 0
125, -1, 0
125, -2, 0
126, -1, 0
124, -2, 0
125, -1, 0
125, -1, 1
125, -1, 0
126, -2, 0
124, -1, 0
125, -2, 0
137, -1, 0
118, -1, 0
124, -1, 0
125, -2, 0
125, -1, 0
125, -1, 0
126, -2, 1
124, -1, 0
125, -2, 0
125, -1, 0
126, -1, 0
124, -2, 0
125, -1, 0
125, -1, 0
125, -2, 0
125, -1, 0
125, -1, 0
125, -2, 1
125, -1, 0
125, -2, 0
126, -1, 0
125, -1, 0
124, -2, 0
128, -1, 0
123, -1, 0
125, -2, 0
125, -1, 1
138, -1, 0
108, -2, 0
124, -1, 0
125, -2, 0
125, -1, 0
125, -2, 0
125, -1, 0
125, -1, 1
125, -2, 0
125, -1, 0
125, -1, 0
125, -1, 0
125, -2, 0
125, -1, 0
125, -2, 0
125, -1, 1
125, -2, 0
125, -1, 0
125, -2, 0
125, -1, 0
125, -1, 0
125, -2, 0
125, -1, 1
126, -2, 0
124, -1, 0
125, -1, 0
125, -2, 0
125, -1, 0
125, -1, 0
125, -2, 0
125, -1, 0
125, -1, 1
125, -2, 0
126, -1, 0
126, -2, 0
124, -1, 0
126, -2, 0
125, -1, 0
124, -2, 1
123, -1, 0
126, -1, 0
125, -2, 0
124, -1, 0
126, -1, 0
125, -2, 0
125, -2, 1
125, -1, 0
125, -1, 0
125, -2, 0
125, -1, 0
125, -2, 0
125, -1, 1
125, -1, 0
125, -2, 0
125, -1, 0
264, -2, 0
248, -1, 0
112, -4, 1
125, -2, 0
125, -1, 0
125, -2, 0
125, -1, 0
125, -1, 1
126, -2, 0
124, -1, 0
125, -2, 0
125, -1, 0
125, -2, 0
125, -1, 1
125, -2, 0
125, -1, 0
125, -2, 0
125, -1, 0
125, -1, 0
127, -2, 0
123, -1, 1
125, -2, 0
125, -1, 0
125, -2, 0
125, -1, 0
125, -2, 0
125, -1, 1
125, -2, 0
125, -1, 0
125, -1, 0
125, -2, 0
125, -1, 0
128, -2, 1
122, -1, 0
125, -2, 0
125, -1, 0
125, -2, 0
125, -1, 0
125, -2, 1
125, -1, 0
125, -1, 0
125, -2, 0
125, -1, 0
125, -2, 1
125, -1, 0
125, -2, 0
150, -1, 0
106, -2, 0
126, -1, 0
124, -1, 1
125, -2, 0
124, -1, 0
127, -1, 0
123, -2, 0
125, -2, 1
125, -1, 0
125, -1, 0
126, -2, 0
128, -1, 0
123, -1, 0
123, -2, 1
124, -1, 0
127, -2, 0
127, -1, 0
123, -1, 0
123, -2, 1
126, -1, 0
125, -2, 0
124, -1, 0
125, -2, 0
125, -1, 0
125, -2, 1
127, -1, 0
124, -1, 0
122, -2, 0
123, -1, 0
126, -2, 1
124, -1, 0
126, -2, 0
126, -1, 0
125, -2, 0
124, -1, 1
125, -2, 0
125, -1, 0
125, -1, 0
125, -2, 0
125, -1, 0
125, -2, 1
124, -1, 0
125, -1, 0
125, -2, 0
125, -1, 1
125, -1, 0
126, -2, 0
125, -1, 0
125, -2, 0
124, -1, 0
125, -1, 1
126, -2, 0
136, -1, 0
114, -2, 0
126, -1, 0
125, -2, 1
125, -1, 0
125, -2, 0
124, -1, 0
125, -1, 0
125, -2, 1
124, -1, 0
125, -1, 0
125, -2, 0
125, -1, 0
125, -1, 0
125, -2, 1
125, -1, 0
125, -2, 0
125, -1, 0
125, -2, 0
125, -1, 0
125, -1, 1
125, -2, 0
125, -1, 0
125, -1, 0
125, -2, 1
125, -1, 0
125, -1, 0
126, -2, 0
124, -1, 0
125, -2, 1
125, -1, 0
125, -1, 0
310, -2, 0
191, -1, 0
124, -4, 1
126, -1, 0
131, -2, 0
124, -1, 0
120, -2, 1
127, -1, 0
127, -1, 0
122, -2, 0
124, -1, 1
125, -2, 0
125, -1, 0
125, -1, 0
124, -1, 0
126, -2, 1
125, -1, 0
125, -2, 0
129, -1, 0
134, -1, 0
121, -1, 1
131, -2, 0
113, -1, 0
125, -1, 0
125, -2, 0
125, -1, 1
126, -2, 0
124, -1, 0
125, -1, 0
127, -1, 1
124, -1, 0
124, -2, 0
125, -1, 0
125, -2, 0
127, -1, 1
127, -1, 0
124, -1, 0
124, -2, 0
124, -1, 0
125, -2, 0
125, -1, 1
125, -1, 0
126, -1, 0
126, -1, 0
123, -2, 1
128, -1, 0
122, -1, 0
121, -2, 0
125, -1, 0
125, -1, 1
125, -2, 0
125, -1, 0
125, -1, 0
125, -1, 0
125, -1, 1
125, -2, 0
125, -1, 0
125, -2, 0
125, 0, 1
125, -2, 0
125, -1, 0
125, -1, 0
125, -1, 0
125, -1, 0
125, -2, 1
125, -1, 0
125, -1, 0
125, -1, 0
125, -2, 1
126, -1, 0
124, -1, 0
125, -2, 0
125, -1, 0
125, -1, 0
125, -1, 1
125, -1, 0
125, -1, 0
125, -2, 0
125, -1, 0
125, -1, 1
125, -1, 0
125, -2, 0
125, -1, 0
125, -1, 1
125, -1, 0
125, -1, 0
125, -2, 0
125, -1, 0
125, -1, 1
125, -1, 0
125, -1, 0
125, -1, 0
125, -2, 0
125, -1, 1
125, -1, 0
125, -1, 0
125, -1, 0
125, -1, 1
125, -1, 0
125, -2, 0
125, -1, 0
125, -1, 0
125, -1, 0
125, -1, 1
125, -1, 0
125, -2, 0
125, -1, 0
125, -1, 1
125, -1, 0
125, -1, 0
125, -1, 0
125, -1, 0
125, -1, 1
125, -1, 0
125, -2, 0
247, -2, 0
128, -1, 1
124, -1, 0
126, -1, 0
125, -1, 0
125, -1, 1
125, -1, 0
125, -1, 0
125, -1, 0
125, -2, 0
247, -2, 1
250, -2, 0
128, -1, 0
125, -1, 1
223, -1, 0
28, -1, 0
124, -1, 0
125, -1, 0
125, -1, 1
125, -1, 0
125, -1, 0
125, -1, 0
125, -1, 1
125, -1, 0
125, -1, 0
124, -1, 0
125, -1, 0
126, -1, 0
124, -1, 1
132, -1, 0
121, -1, 0
125, -1, 0
122, -1, 1
125, -1, 0
125, -1, 0
139, -1, 0
116, -1, 0
126, 0, 1
123, -2, 0
245, -2, 0
250, -2, 1
250, -1, 0
131, -1, 0
125, -1, 1
125, -1, 0
124, -1, 0
126, -1, 0
125, -1, 0
124, -1, 1
244, -2, 0
250, -1, 0
131, -1, 0
126, -1, 1
125, -1, 0
244, -2, 0
250, -1, 1
127, -1, 0
124, -1, 0
125, -1, 0
126, -1, 1
247, -2, 0
249, -1, 0
128, -1, 1
125, -1, 0
125, -1, 0
247, -1, 0
128, -1, 0
126, -1, 1
124, -1, 0
125, -1, 0
247, -1, 1
128, -1, 0
247, -1, 0
129, -1, 0
124, -1, 0
125, 0, 1
128, -1, 0
123, -1, 0
124, -1, 0
247, -1, 1
128, -1, 0
247, -1, 0
128, -1, 0
125, -1, 1
247, -1, 0
128, -1, 0
125, -1, 0
125, 0, 1
126, -1, 0
124, -1, 0
247, -1, 0
128, 0, 1
125, -1, 0
125, -1, 0
125, -1, 0
247, -1, 0
128, 0, 1
125, -1, 0
126, -1, 0
246, -1, 0
128, 0, 1
126, -1, 0
127, -1, 0
244, -1, 0
128, -1, 0
125, 0, 1
125, -1, 0
411, -1, 0
89, -1, 0
125, 0, 1
125, -1, 0
125, -1, 0
247, -1, 0
128, 0, 1
125, -1, 0
247, -1, 0
250, -1, 0
128, 0, 1
126, -1, 0
246, -1, 0
534, -1, 1
232, -1, 0
112, -1, 0
247, -1, 0
128, 0, 1
246, -1, 0
250, -1, 0
251, -1, 1
402, -1, 0
222, -1, 0
250, 0, 1
131, -1, 0
400, -1, 0
219, 0, 1
128, -1, 0
401, -1, 0
348, -1, 0
131, 0, 1
404, -1, 0
597, -1, 1
403, -1, 0
590, -1, 1
786, -1, 0
339, 0, 1
374, -1, 0
877, 0, 1
414, -1, 0
1128, 0, 1
2207, 0, 1
2797, 0, 1
328, 1, 0
1368, 1, 0
261, 0, 1
784, 1, 0
608, 0, 1
228, 1, 0
876, 1, 0
414, 0, 1
496, 1, 0
504, 1, 1
756, 1, 0
365, 0, 1
214, 1, 0
500, 1, 0
250, 0, 1
250, 1, 0
547, 1, 0
364, 0, 1
92, 1, 0
539, 1, 0
333, 1, 1
374, 1, 0
501, 1, 1
536, 1, 0
215, 1, 0
249, 0, 1
250, 1, 0
410, 1, 0
340, 1, 1
374, 1, 0
412, 1, 0
91, 0, 1
125, 1, 0
373, 1, 0
411, 1, 1
214, 1, 0
374, 1, 0
250, 1, 0
250, 1, 1
251, 1, 0
374, 1, 0
250, 1, 0
128, 0, 1
126, 1, 0
371, 1, 0
129, 1, 0
407, 1, 1
215, 1, 0
249, 1, 0
251, 1, 0
127, 0, 1
125, 1, 0
247, 1, 0
250, 1, 0
250, 1, 0
128, 1, 1
247, 1, 0
251, 1, 0
249, 1, 0
250, 1, 1
129, 1, 0
246, 1, 0
251, 1, 0
249, 1, 0
128, 1, 0
248, 1, 1
249, 1, 0
128, 1, 0
247, 1, 0
128, 1, 0
247, 1, 0
128, 0, 1
125, 1, 0
126, 1, 0
246, 1, 0
128, 1, 0
247, 1, 0
128, 1, 0
125, 0, 1
125, 1, 0
125, 1, 0
247, 1, 0
128, 1, 0
247, 1, 0
128, 1, 0
125, 0, 1
125, 1, 0
125, 1, 0
125, 1, 0
247, 1, 0
128, 1, 0
125, 1, 0
247, 1, 0
128, 1, 1
247, 1, 0
128, 1, 0
125, 1, 0
247, 1, 0
130, 1, 0
123, 1, 0
247, 1, 1
128, 1, 0
247, 1, 0
128, 1, 0
125, 1, 0
125, 1, 0
125, 1, 0
247, 1, 0
128, 1, 0
125, 1, 0
247, 1, 1
128, 1, 0
125, 1, 0
125, 1, 0
125, 1, 0
125, 1, 0
247, 1, 0
128, 1, 0
125, 1, 0
247, 1, 0
128, 1, 1
125, 1, 0
125, 1, 0
125, 1, 0
125, 1, 0
247, 1, 0
128, 1, 0
125, 1, 0
125, 1, 0
125, 1, 0
125, 1, 0
247, 1, 0
128, 1, 0
125, 1, 0
125, 1, 0
125, 1, 1
125, 1, 0
128, 1, 0
123, 1, 0
248, 2, 0
248, 1, 0
128, 1, 0
125, 1, 0
125, 1, 0
125, 1, 0
125, 1, 0
128, 1, 0
257, 1, 0
241, 1, 1
124, 3, 0
247, 1, 0
128, 1, 0
125, 1, 0
125, 1, 0
125, 1, 0
125, 1, 0
125, 1, 0
125, 1, 0
125, 1, 0
125, 1, 0
125, 1, 0
125, 1, 0
125, 1, 0
125, 1, 0
125, 1, 0
126, 1, 0
124, 1, 0
247, 1, 0
128, 1, 0
125, 1, 1
125, 1, 0
125, 2, 0
247, 1, 0
128, 1, 0
125, 1, 0
125, 1, 0
125, 1, 0
125, 1, 0
125, 1, 0
125, 1, 0
125, 1, 0
125, 1, 0
125, 1, 0
125, 1, 0
125, 1, 0
125, 1, 0
125, 1, 0
125, 1, 0
125, 1, 0
124, 1, 0
126, 2, 0
247, 2, 0
250, 2, 0
128, 1, 0
125, 1, 0
125, 1, 0
247, 2, 0
250, 2, 0
128, 1, 1
125, 1, 0
125, 1, 0
125, 1, 0
125, 1, 0
125, 1, 0
125, 1, 0
125, 1, 0
125, 1, 0
125, 1, 0
125, 1, 0
125, 1, 0
125, 2, 0
247, 2, 0
128, 1, 0
125, 1, 0
125, 1, 0
125, 1, 0
125, 1, 0
125, 1, 0
125, 1, 0
125, 1, 0
125, 1, 0
125, 1, 0
125, 2, 0
125, 1, 0
125, 1, 0
125, 1, 0
125, 1, 0
125, 1, 0
125, 1, 0
125, 1, 0
125, 1, 0
125, 1, 0
125, 1, 0
125, 2, 0
125, 1, 0
125, 1, 0
125, 1, 0
125, 1, 0
126, 1, 0
124, 1, 0
125, 1, 0
125, 1, 0
125, 2, 0
125, 1, 0
124, 1, 0
126, 1, 0
125, 1, 0
125, 1, 0
125, 2, 0
125, 1, 0
125, 1, 0
125, 1, 0
125, 1, 0
125, 1, 0
125, 1, 0
125, 2, 0
247, 2, 0
128, 1, 0
125, 1, 0
125, 1, 0
125, 1, 0
124, 1, 0
126, 1, 0
125, 2, 0
125, 1, 0
125, 1, 0
125, 1, 0
125, 1, 0
125, 1, 0
297, 2, 0
204, 1, 0
124, 3, 0
125, 1, 0
125, 1, 0
125, 2, 0
124, 1, 0
126, 1, 0
125, 1, 0
125, 2, 0
125, 1, 0
124, 1, 0
126, 1, 0
124, 1, 0
126, 1, 0
125, 1, 0
125, 2, 0
125, 1, 0
125, 1, -1
125, 1, 0
125, 2, 0
125, 1, 0
124, 1, 0
125, 1, 0
126, 1, 0
125, 1, 0
125, 1, 0
124, 2, 0
126, 1, 0
125, 1, 0
124, 1, 0
126, 2, 0
124, 1, 0
126, 1, 0
125, 1, 0
125, 1, 0
125, 2, 0
125, 1, -1
124, 1, 0
125, 1, 0
125, 1, 0
126, 2, 0
125, 1, 0
125, 1, 0
124, 1, 0
125, 1, 0
126, 1, 0
125, 2, 0
124, 1, 0
125, 1, 0
126, 1, 0
125, 2, 0
125, 1, 0
125, 1, 0
125, 1, -1
124, 2, 0
126, 1, 0
124, 1, 0
126, 1, 0
125, 1, 0
125, 2, 0
125, 1, 0
124, 1, 0
125, 1, 0
125, 2, 0
126, 1, 0
125, 1, 0
125, 1, 0
124, 1, 0
126, 1, -1
124, 1, 0
126, 2, 0
124, 1, 0
126, 1, 0
125, 1, 0
125, 2, 0
125, 1, 0
124, 1, 0
125, 1, 0
125, 1, 0
125, 2, 0
125, 1, -1
126, 1, 0
125, 1, 0
124, 2, 0
125, 1, 0
125, 1, 0
126, 1, 0
125, 2, 0
124, 1, 0
125, 1, 0
125, 1, 0
126, 1, -1
125, 2, 0
124, 1, 0
125, 1, 0
125, 1, 0
125, 2, 0
126, 1, 0
124, 1, 0
126, 1, 0
125, 2, 0
125, 1, -1
124, 1, 0
126, 1, 0
124, 1, 0
125, 1, 0
125, 2, 0
125, 1, 0
126, 1, 0
124, 1, 0
125, 1, 0
125, 2, 0
126, 1, -1
125, 1, 0
124, 1, 0
125, 1, 0
126, 2, 0
124, 1, 0
125, 1, 0
125, 1, 0
125, 2, -1
125, 1, 0
125, 1, 0
126, 1, 0
125, 1, 0
126, 2, 0
123, 1, 0
125, 1, 0
125, 1, 0
125, 2, 0
341, 2, -1
37, 1, 0
144, 1, 0
103, 1, 0
125, 1, 0
126, 2, 0
125, 1, 0
124, 1, 0
126, 1, 0
125, 2, -1
126, 1, 0
124, 1, 0
125, 1, 0
124, 2, 0
127, 1, 0
124, 1, 0
125, 1, 0
137, 1, 0
118, 1, -1
122, 1, 0
123, 2, 0
126, 1, 0
123, 1, 0
125, 1, 0
127, 2, 0
124, 1, 0
136, 1, 0
114, 1, -1
124, 1, 0
125, 1, 0
125, 1, 0
125, 2, 0
125, 1, 0
125, 1, 0
125, 1, 0
126, 2, -1
124, 1, 0
125, 1, 0
125, 1, 0
125, 1, 0
125, 2, 0
247, 2, 0
128, 1, 0
126, 1, -1
126, 1, 0
125, 2, 0
126, 1, 0
123, 1, 0
124, 1, 0
124, 1, 0
126, 1, 0
125, 1, -1
125, 2, 0
125, 1, 0
125, 1, 0
125, 1, 0
125, 1, 0
125, 1, 0
125, 2, -1
125, 1, 0
125, 1, 0
125, 1, 0
125, 1, 0
125, 1, 0
125, 1, 0
125, 2, 0
125, 1, 0
125, 1, -1
125, 1, 0
125, 1, 0
125, 1, 0
125, 1, 0
125, 2, 0
128, 1, 0
122, 1, -1
125, 1, 0
125, 1, 0
125, 1, 0
125, 2, 0
125, 1, 0
127, 1, 0
125, 1, 0
123, 1, -1
125, 1, 0
125, 1, 0
125, 1, 0
125, 1, 0
125, 2, 0
125, 1, 0
125, 1, -1
125, 1, 0
125, 1, 0
125, 1, 0
125, 2, 0
125, 1, 0
247, 2, -1
128, 1, 0
125, 1, 0
126, 1, 0
125, 1, 0
125, 1, 0
124, 1, -1
125, 1, 0
125, 2, 0
125, 1, 0
125, 1, 0
125, 1, 0
125, 1, 0
125, 1, -1
125, 1, 0
139, 2, 0
233, 2, 0
128, 1, 0
125, 1, 0
125, 1, 0
125, 1, -1
125, 1, 0
125, 1, 0
125, 1, 0
125, 1, 0
125, 1, 0
125, 1, -1
125, 2, 0
125, 1, 0
125, 1, 0
125, 1, 0
125, 1, 0
125, 1, 0
125, 1, -1
125, 1, 0
267, 1, 0
233, 1, 0
125, 3, 0
125, 2, -1
247, 2, 0
250, 1, 0
128, 2, 0
125, 1, 0
125, 1, -1
125, 1, 0
125, 1, 0
125, 1, 0
125, 1, 0
125, 1, 0
125, 1, -1
125, 1, 0
125, 1, 0
127, 1, 0
123, 1, 0
125, 1, 0
125, 1, 0
125, 1, 0
125, 1, 0
125, 1, -1
125, 1, 0
125, 2, 0
247, 2, 0
128, 0, -1
125, 1, 0
125, 1, 0
125, 1, 0
125, 1, 0
125, 1, 0
125, 2, 0
125, 0, -1
125, 2, 0
247, 2, 0
128, 1, 0
247, 2, 0
250, 2, -1
252, 2, 0
248, 2, 0
250, 2, -1
128, 1, 0
247, 2, 0
250, 1, -1
128, 1, 0
130, 1, 0
124, 1, 0
125, 1, 0
127, 1, 0
127, 1, 0
125, 1, -1
129, 1, 0
120, 1, 0
123, 1, 0
124, 1, 0
125, 1, 0
125, 1, -1
125, 1, 0
138, 1, 0
112, 1, 0
126, 1, 0
124, 1, -1
125, 1, 0
126, 1, 0
243, 1, 0
133, 1, 0
124, 1, 0
125, 1, -1
124, 1, 0
126, 1, 0
125, 1, 0
125, 1, 0
146, 1, 0
100, 0, -1
125, 1, 0
124, 1, 0
125, 1, 0
126, 1, 0
124, 1, 0
125, 1, -1
125, 1, 0
125, 1, 0
126, 1, 0
124, 1, 0
252, 2, -1
246, 1, 0
127, 1, 0
125, 1, 0
126, 1, 0
124, 1, -1
125, 1, 0
248, 1, 0
127, 1, 0
125, 1, -1
125, 1, 0
248, 2, 0
249, 1, 0
128, 1, -1
125, 1, 0
126, 1, 0
124, 1, 0
248, 1, 0
127, 1, -1
125, 1, 0
125, 1, 0
248, 2, 0
250, 1, -1
128, 1, 0
124, 1, 0
301, 1, -1
85, 1, 0
114, 1, 0
125, 1, 0
250, 1, 0
125, 1, 0
125, 1, -1
125, 1, 0
125, 1, 0
247, 1, -1
128, 1, 0
125, 1, 0
247, 1, 0
128, 1, 0
125, 1, -1
247, 1, 0
128, 1, 0
125, 1, 0
125, 1, -1
247, 1, 0
128, 1, 0
125, 1, 0
125, 0, -1
125, 1, 0
125, 1, 0
247, 1, 0
128, 1, 0
125, 1, -1
247, 1, 0
128, 1, 0
125, 1, 0
247, 1, -1
128, 1, 0
247, 1, 0
128, 1, 0
125, 0, -1
125, 1, 0
125, 1, 0
248, 1, 0
127, 1, -1
247, 1, 0
128, 1, 0
247, 1, 0
128, 1, -1
249, 1, 0
131, 1, 0
125, 0, -1
125, 1, 0
124, 1, 0
244, 1, 0
131, 1, 0
245, 1, -1
250, 1, 0
249, 1, 0
131, 1, -1
244, 1, 0
132, 1, 0
243, 1, -1
250, 1, 0
131, 1, 0
246, 1, -1
249, 1, 0
249, 1, 0
249, 1, -1
128, 1, 0
247, 1, 0
251, 1, 0
127, 0, -1
125, 1, 0
247, 1, 0
250, 1, -1
251, 1, 0
130, 1, 0
249, 0, -1
125, 1, 0
245, 1, 0
249, 1, 0
129, 0, -1
125, 1, 0
247, 1, 0
409, 1, -1
93, 1, 0
248, 1, 0
375, 1, -1
250, 1, 0
375, 1, -1
254, 1, 0
450, 1, 0
49, 0, -1
217, 1, 0
281, 1, 0
249, 1, 0
128, 0, -1
247, 1, 0
404, 1, -1
377, 1, 0
219, 1, 0
128, 0, -1
372, 1, 0
434, 1, 0
68, 0, -1
247, 1, 0
519, 1, -1
387, 1, 0
345, 1, -1
626, 1, 0
403, 0, -1
100, 1, 0
497, 1, 0
127, 0, -1
527, 1, 0
502, 0, -1
99, 1, 0
788, 1, -1
708, 1, 0
429, 0, -1
696, 1, 0
131, 0, -1
1243, 1, -1
1669, 0, -1
1497, 0, -1
2222, 0, -1
2630, -1, 0
411, 0, -1
1321, -1, 0
1544, -1, 0
84, 0, -1
1121, -1, 0
1250, -1, 0
250, 0, -1
750, -1, 0
876, -1, 0
250, 0, -1
749, -1, 0
751, -1, 0
250, 0, -1
500, -1, 0
750, -1, 0
750, -1, -1
625, -1, 0
625, -1, 0
250, 0, -1
375, -1, 0
633, -1, 0
497, -1, 0
369, 0, -1
128, -1, 0
623, -1, 0
500, -1, 0
500, -1, -1
501, -1, 0
413, -1, 0
336, -1, 0
376, -1, 0
249, 0, -1
250, -1, 0
501, -1, 0
249, -1, 0
375, -1, 0
376, -1, 0
416, -1, 0
333, -1, 0
419, -1, 0
206, -1, -1
414, -1, 0
336, -1, 0
250, -1, 0
249, -1, 0
376, -1, 0
415, -1, 0
211, -1, 0
248, -1, 0
376, -1, 0
249, -1, 0
250, -1, 0
250, -1, 0
250, -1, 0
411, -1, 0
214, -1, 0
250, -1, 0
251, -1, 0
249, -1, 0
250, -1, 0
251, -1, 0
249, -1, 0
250, -1, 0
250, -1, 0
250, -1, 0
128, -1, 0
247, -1, 0
250, -1, 0
250, -1, 0
250, -1, 0
253, -1, 0
125, -1, 0
247, -1, 0
250, -1, 0
219, -1, 0
173, -1, 0
233, -1, 0
250, -1, 0
128, -1, 1
247, -1, 0
250, -1, 0
128, -1, 0
247, -1, 0
128, -1, 0
248, -1, 0
249, -1, 0
128, -1, 0
248, -1, 1
127, -1, 0
247, -1, 0
250, -1, 0
128, -1, 0
247, -1, 0
128, -1, 0
125, -1, 0
247, -1, 0
128, -1, 1
247, -1, 0
128, -1, 0
247, -1, 0
128, -1, 0
248, -1, 0
127, -1, 1
247, -1, 0
128, -1, 0
125, -1, 0
247, -1, 0
128, -1, 0
125, 0, 1
126, -1, 0
125, -1, 0
125, -1, 0
248, -1, 0
126, -1, 0
125, -1, 0
125, 0, 1
124, -1, 0
125, -1, 0
126, -1, 0
247, -1, 0
128, -1, 0
125, -1, 1
247, -1, 0
128, -1, 0
125, -1, 0
247, -1, 0
132, -1, 1
122, -1, 0
246, -1, 0
128, -1, 0
125, -1, 0
125, -1, 0
125, 0, 1
125, -1, 0
128, -1, 0
122, -1, 0
247, -1, 0
128, -1, 1
125, -1, 0
125, -1, 0
125, -1, 0
247, -1, 0
128, -1, 0
125, -1, 1
125, -1, 0
247, -1, 0
128, -1, 0
128, -1, 0
122, -1, 1
125, -1, 0
247, -1, 0
128, -1, 1
125, -1, 0
125, -1, 0
125, -1, 0
247, -1, 1
128, -1, 0
125, -1, 0
125, -1, 0
125, -1, 0
125, 0, 1
125, -2, 0
247, -1, 0
128, -1, 0
125, -1, 1
125, -1, 0
247, -1, 0
128, -1, 1
125, -1, 0
125, -1, 0
125, -1, 0
125, -1, 0
125, -1, 1
125, -1, 0
125, -1, 0
249, -1, 0
260, -1, 1
243, -1, 0
123, -3, 1
125, -1, 0
125, -1, 0
125, -1, 0
126, 0, 1
124, -1, 0
125, -1, 0
125, -1, 0
125, -1, 1
125, -1, 0
125, -1, 0
125, -1, 0
126, -1, 1
247, -2, 0
250, -1, 1
130, -1, 0
123, -1, 0
124, -1, 0
126, -1, 1
124, -1, 0
125, -1, 0
125, -1, 0
125, -1, 1
125, -1, 0
125, -1, 0
248, -1, 1
127, -1, 0
125, -1, 0
126, -1, 0
124, -1, 0
125, -1, 1
125, -1, 0
125, -1, 0
126, -1, 1
124, -1, 0
247, -2, 0
128, 0, 1
125, -1, 0
125, -1, 0
125, -1, 0
125, -1, 1
134, -1, 0
116, -1, 0
125, -1, 1
125, -1, 0
125, -1, 0
125, -1, 0
125, -1, 1
125, -1, 0
125, -1, 0
125, -1, 0
125, 0, 1
125, -1, 0
125, -1, 0
125, -1, 1
125, -1, 0
125, -1, 0
125, -1, 1
125, -1, 0
125, -1, 0
125, -1, 0
125, -1, 1
125, -1, 0
125, -1, 0
125, -1, 0
125, -1, 1
125, -1, 0
125, -1, 0
125, -1, 1
125, -1, 0
125, -1, 0
125, -1, 0
125, -1, 1
247, -2, 0
250, -1, 1
128, -1, 0
124, -1, 0
126, -1, 1
125, -1, 0
144, -1, 0
106, -1, 1
125, -1, 0
125, -1, 0
125, -1, 0
125, -1, 1
125, -1, 0
125, -1, 0
125, -1, 1
125, -1, 0
125, -1, 0
125, 0, 1
127, -2, 0
246, -2, 1
248, -2, 0
250, -1, 1
128, -1, 0
125, -1, 0
125, -1, 1
125, -1, 0
125, -1, 0
125, -1, 1
125, -1, 0
126, -1, 0
124, -1, 1
125, -1, 0
125, -1, 0
125, -1, 0
125, -1, 1
125, -1, 0
125, -1, 0
125, -1, 1
125, -1, 0
125, -1, 0
125, -1, 1
248, -2, 0
127, -1, 1
125, -1, 0
125, -1, 0
125, -1, 1
298, -2, 0
201, -1, 1
126, -1, 0
125, -1, 0
126, -1, 1
124, -1, 0
125, -1, 0
125, -1, 1
125, -1, 0
125, -1, 0
125, -1, 1
125, -1, 0
125, -1, 0
125, -1, 0
125, -1, 1
125, -1, 0
125, -1, 0
125, -1, 1
125, -1, 0
125, -1, 0
126, -1, 1
124, -1, 0
125, -1, 0
125, 0, 1
125, -2, 0
247, -2, 1
250, -1, 0
128, -1, 0
125, -1, 1
125, -1, 0
125, -1, 0
125, -1, 1
125, -1, 0
125, -1, 0
125, -1, 0
125, -1, 1
125, -1, 0
125, -1, 0
125, -1, 1
125, -1, 0
125, -1, 0
125, -1, 1
247, -1, 0
130, -1, 1
123, -1, 0
125, -1, 0
126, -1, 1
124, -1, 0
125, -1, 0
125, -1, 1
125, -1, 0
125, -1, 0
125, -1, 1
125, -1, 0
125, -1, 0
125, -1, 1
247, -2, 0
250, -2, 1
250, -1, 0
128, -1, 1
125, -1, 0
125, -1, 0
125, -1, 1
125, -1, 0
125, -1, 0
125, -1, 0
125, -1, 1
125, -1, 0
125, -1, 0
125, -1, 1
125, -1, 0
125, -1, 0
125, -1, 1
125, -1, 0
247, -1, 0
129, -1, 1
125, -1, 0
124, -1, 0
125, -1, 1
125, -1, 0
127, -1, 0
123, -1, 1
125, -1, 0
129, -1, 0
126, -1, 0
122, -1, 1
124, -1, 0
247, -2, 1
251, -1, 0
126, -1, 1
125, -1, 0
125, -1, 0
125, -1, 1
125, -1, 0
125, -1, 0
125, -1, 0
125, -1, 1
125, -1, 0
247, -1, 1
130, -1, 0
124, -1, 0
125, -1, 1
124, -1, 0
124, -1, 0
126, -1, 0
128, -1, 1
122, -1, 0
125, -1, 0
125, -1, 1
125, -1, 0
125, -1, 0
248, -1, 1
127, -1, 0
125, -1, 0
125, -1, 1
128, -1, 0
122, -1, 0
125, -1, 1
125, -1, 0
125, -1, 0
125, -1, 0
216, 0, 1
34, -2, 0
248, -1, 1
126, -1, 0
126, -1, 0
124, -1, 1
125, -1, 0
125, -1, 0
126, -1, 0
125, 0, 1
124, -2, 0
248, -1, 1
128, -1, 0
124, -1, 0
125, -1, 1
125, -1, 0
125, -1, 0
125, -1, 0
125, 0, 1
126, -2, 0
246, -1, 0
128, -1, 1
125, -1, 0
125, -1, 0
126, -1, 1
124, -1, 0
263, -2, 1
235, -1, 0
127, -1, 0
125, -1, 1
125, -1, 0
125, -1, 0
125, 0, 1
125, -1, 0
125, -1, 0
125, -1, 0
125, -1, 1
125, -1, 0
127, -1, 0
123, -1, 1
248, -1, 0
127, -1, 1
126, -1, 0
124, -1, 0
125, -1, 0
125, -1, 0
126, 0, 1
124, -1, 0
125, -1, 0
125, -1, 1
125, -1, 0
125, -1, 0
126, -1, 1
124, -1, 0
248, -1, 0
127, -1, 1
125, -1, 0
125, -1, 0
126, -1, 1
246, -1, 0
128, -1, 0
126, -1, 1
125, -1, 0
247, -2, 0
127, 0, 1
128, -1, 0
122, -1, 0
125, -1, 1
248, -1, 0
127, -1, 1
125, -1, 0
125, -1, 0
125, -1, 0
125, -1, 0
126, 0, 1
125, -1, 0
147, -1, 0
102, -1, 1
125, -1, 0
125, -1, 0
247, -1, 1
128, -1, 0
125, -1, 0
248, -1, 1
127, -1, 0
126, -1, 0
124, -1, 0
125, -1, 1
248, -1, 0
157, -1, 0
103, -1, 1
242, -1, 0
130, -1, 0
125, -1, 1
125, -1, 0
266, -1, 0
110, -1, 1
124, -1, 0
243, -1, 0
136, -1, 1
121, -1, 0
244, -1, 0
131, -1, 1
126, -1, 0
244, -1, 0
130, -1, 0
125, -1, 1
244, -1, 0
131, -1, 1
126, -1, 0
125, -1, 0
242, -1, 0
129, -1, 1
252, -1, 0
124, -1, 0
122, -1, 1
248, -1, 0
128, -1, 1
246, -1, 0
128, -1, 0
125, -1, 0
125, 0, 1
127, -1, 0
123, -1, 0
248, -1, 1
127, -1, 0
248, -1, 0
127, -1, 1
247, -1, 0
129, -1, 0
124, -1, 0
248, -1, 1
250, -1, 0
127, -1, 0
125, -1, 1
248, -1, 0
128, -1, 0
124, 0, 1
125, -1, 0
125, -1, 0
247, -1, 0
128, 0, 1
125, -1, 0
125, -1, 0
247, -1, 0
128, -1, 1
248, -1, 0
127, -1, 0
248, -1, 1
250, -1, 0
127, -1, 0
125, -1, 0
248, -1, 1
250, -1, 0
250, -1, 1
127, -1, 0
247, -1, 0
251, -1, 0
128, 0, 1
124, -1, 0
130, -1, 0
244, -1, 0
249, -1, 0
128, -1, 1
248, -1, 0
250, -1, 0
130, 0, 1
125, -1, 0
245, -1, 0
250, -1, 0
130, 0, 1
128, -1, 0
125, -1, 0
410, -1, 0
88, 0, 1
126, -1, 0
243, -1, 0
131, -1, 0
244, 0, 1
130, -1, 0
245, -1, 0
249, -1, 0
256, -1, 1
244, -1, 0
412, -1, 0
91, 0, 1
125, -1, 0
247, -1, 0
410, -1, 0
215, -1, 0
128, 0, 1
125, -1, 0
407, -1, 0
340, -1, 1
250, -1, 0
420, -1, 0
383, -1, 1
370, -1, 0
453, -1, 0
249, -1, 1
527, -1, 0
500, -1, 0
222, 0, 1
128, -1, 0
549, -1, 0
486, -1, 0
101, 0, 1
516, -1, 0
722, -1, 0
535, -1, 0
213, 0, 1
752, -1, 0
1375, 0, 1
130, -1, 0
7372, 0, 1
125, 1, 0
1873, 1, 0
1301, 1, 0
1106, 1, 0
1123, 1, 0
344, 0, 1
405, 1, 0
719, 1, 0
784, 1, 0
621, 1, 0
595, 1, 0
625, 1, 0
500, 1, 0
657, 1, 0
469, 1, 0
532, 1, 0
347, 1, 0
498, 1, 0
409, 1, 0
339, 1, 0
536, 1, 0
213, 1, 0
559, 1, 0
371, 1, 0
321, 1, 0
408, 1, 0
216, 1, 0
253, 1, 0
413, 1, 0
335, 1, 0
385, 1, 0
240, 1, 0
250, 1, 0
254, 1, 0
380, 1, 0
241, 1, 0
250, 1, 0
250, 1, 0
375, 1, 0
250, 1, 0
250, 1, 0
250, 1, 0
250, 1, 0
250, 1, 0
250, 1, 0
250, 1, 0
250, 1, 0
128, 1, 0
247, 1, 0
250, 1, 0
250, 1, 0
250, 1, 0
128, 1, 0
247, 1, 0
251, 1, 0
249, 1, 0
128, 1, 0
248, 1, 0
250, 1, 0
128, 1, 0
247, 1, 0
127, 1, -1
247, 1, 0
250, 1, 0
251, 1, 0
127, 1, 0
247, 1, 0
128, 1, 0
125, 1, 0
247, 1, 0
250, 1, 0
128, 1, 0
125, 1, 0
247, 1, -1
250, 1, 0
128, 1, 0
125, 1, 0
248, 1, 0
127, 1, 0
247, 1, 0
128, 1, 0
143, 1, 0
229, 1, 0
128, 1, 0
125, 1, 0
247, 1, 0
128, 1, 0
246, 1, 0
130, 1, 0
124, 1, 0
126, 0, -1
125, 1, 0
124, 1, 0
125, 1, 0
247, 1, 0
128, 1, 0
125, 1, 0
248, 1, 0
128, 1, 0
124, 1, 0
125, 1, 0
247, 1, 0
128, 1, 0
125, 1, 0
125, 0, -1
125, 1, 0
125, 1, 0
125, 1, 0
125, 1, 0
125, 1, 0
247, 1, 0
128, 1, 0
125, 1, 0
247, 1, 0
128, 1, 0
125, 1, 0
125, 1, -1
125, 1, 0
125, 1, 0
248, 1, 0
127, 1, 0
125, 1, 0
125, 1, 0
125, 1, 0
297, 1, 0
90, 1, 0
112, 1, 0
125, 1, 0
125, 1, -1
125, 1, 0
248, 1, 0
127, 1, 0
125, 1, 0
125, 1, 0
125, 1, 0
125, 1, 0
125, 1, 0
247, 1, 0
129, 1, -1
124, 1, 0
125, 1, 0
125, 1, 0
125, 1, 0
125, 1, 0
126, 1, 0
246, 1, 0
128, 1, 0
125, 1, 0
125, 1, 0
125, 1, -1
125, 1, 0
125, 1, 0
125, 1, 0
125, 1, 0
125, 1, 0
125, 1, 0
125, 1, 0
125, 1, 0
125, 1, 0
125, 1, 0
125, 1, -1
247, 2, 0
250, 1, 0
128, 1, 0
125, 1, 0
125, 1, 0
128, 1, 0
123, 1, 0
125, 1, 0
125, 1, 0
124, 1, -1
125, 1, 0
125, 1, 0
125, 1, 0
125, 1, 0
125, 1, 0
125, 1, 0
125, 1, 0
125, 1, 0
125, 1, 0
125, 1, -1
125, 1, 0
125, 1, 0
125, 1, 0
125, 1, 0
125, 1, 0
125, 1, 0
125, 1, 0
125, 1, 0
125, 1, 0
125, 1, -1
125, 1, 0
125, 1, 0
125, 1, 0
126, 1, 0
125, 1, 0
125, 1, 0
124, 1, 0
125, 1, -1
125, 1, 0
125, 1, 0
125, 1, 0
127, 1, 0
125, 1, 0
123, 1, 0
125, 1, 0
125, 1, 0
125, 1, -1
125, 1, 0
126, 1, 0
124, 1, 0
125, 1, 0
125, 1, 0
125, 1, 0
125, 1, 0
125, 1, 0
125, 1, 0
125, 1, 0
125, 1, -1
125, 1, 0
125, 1, 0
125, 2, 0
247, 2, 0
129, 1, 0
124, 1, -1
142, 1, 0
108, 1, 0
125, 1, 0
125, 1, 0
125, 1, 0
125, 1, 0
125, 1, 0
125, 1, 0
143, 1, -1
107, 1, 0
125, 1, 0
125, 1, 0
127, 2, 0
246, 2, 0
127, 0, -1
125, 2, 0
125, 1, 0
248, 2, 0
130, 1, 0
121, 1, 0
126, 1, 0
125, 1, -1
124, 1, 0
127, 1, 0
217, 1, 0
33, 1, 0
130, 1, 0
119, 2, 0
125, 1, 0
126, 1, 0
146, 1, -1
103, 1, 0
124, 1, 0
126, 1, 0
124, 1, 0
125, 1, 0
125, 1, 0
125, 1, -1
125, 2, 0
247, 2, 0
128, 1, 0
125, 1, 0
125, 1, 0
125, 1, 0
126, 1, 0
124, 1, -1
125, 1, 0
125, 1, 0
125, 1, 0
125, 1, 0
126, 2, 0
246, 2, 0
135, 1, 0
119, 1, -1
128, 1, 0
121, 1, 0
125, 1, 0
125, 1, 0
125, 1, 0
125, 1, 0
125, 1, -1
125, 2, 0
126, 1, 0
124, 1, 0
125, 1, 0
125, 1, 0
125, 1, 0
125, 1, -1
126, 1, 0
124, 1, 0
125, 1, 0
125, 1, 0
125, 2, 0
126, 1, 0
124, 1, -1
125, 1, 0
125, 1, 0
125, 1, 0
125, 1, 0
125, 1, 0
125, 2, 0
247, 2, -1
128, 1, 0
247, 2, 0
128, 1, 0
125, 1, 0
125, 1, 0
125, 1, 0
125, 1, -1
125, 2, 0
247, 2, 0
128, 1, 0
125, 1, 0
134, 1, 0
116, 1, 0
125, 1, -1
125, 1, 0
147, 1, 0
103, 1, 0
125, 1, 0
125, 1, 0
125, 1, 0
125, 1, -1
126, 2, 0
128, 1, 0
121, 1, 0
125, 1, 0
125, 1, 0
125, 1, 0
125, 1, 0
125, 1, 0
125, 1, -1
125, 1, 0
125, 2, 0
247, 1, 0
128, 2, 0
125, 1, 0
125, 1, -1
125, 1, 0
125, 1, 0
125, 1, 0
125, 1, 0
125, 1, 0
125, 2, 0
247, 2, -1
128, 1, 0
125, 1, 0
125, 1, 0
125, 1, 0
125, 1, 0
125, 1, 0
125, 1, 0
125, 1, 0
125, 1, -1
125, 1, 0
125, 1, 0
125, 1, 0
125, 2, 0
247, 2, 0
128, 1, -1
125, 1, 0
125, 1, 0
126, 1, 0
124, 1, 0
125, 1, 0
125, 1, 0
125, 1, 0
125, 1, -1
125, 1, 0
257, 1, 0
244, 1, 0
124, 4, 0
125, 1, 0
125, 1, -1
125, 1, 0
125, 1, 0
125, 1, 0
126, 1, 0
124, 1, 0
125, 1, 0
125, 1, 0
125, 1, -1
125, 1, 0
125, 2, 0
247, 1, 0
128, 1, 0
125, 1, 0
130, 2, 0
242, 2, -1
250, 2, 0
128, 1, 0
125, 1, 0
125, 1, 0
125, 1, 0
125, 1, -1
125, 1, 0
125, 1, 0
125, 1, 0
125, 1, 0
125, 1, 0
125, 1, 0
125, 1, 0
125, 1, 0
125, 1, 0
125, 1, -1
125, 1, 0
125, 1, 0
125, 1, 0
125, 1, 0
125, 1, 0
125, 1, 0
125, 1, 0
125, 1, 0
125, 1, -1
125, 1, 0
125, 1, 0
125, 1, 0
125, 1, 0
125, 1, 0
125, 1, 0
125, 1, 0
125, 1, 0
125, 0, -1
125, 1, 0
135, 1, 0
120, 1, 0
125, 1, 0
124, 1, 0
125, 1, 0
125, 1, 0
125, 1, 0
125, 1, 0
125, 1, 0
125, 1, -1
125, 1, 0
125, 1, 0
125, 1, 0
125, 1, 0
125, 1, 0
126, 1, 0
124, 1, 0
245, 1, 0
131, 1, 0
124, 1, -1
125, 1, 0
125, 1, 0
125, 1, 0
127, 1, 0
126, 1, 0
122, 1, 0
125, 1, 0
120, 1, 0
248, 2, 0
250, 1, 0
128, 1, -1
125, 1, 0
125, 1, 0
125, 1, 0
125, 1, 0
125, 1, 0
248, 1, 0
131, 1, 0
121, 1, 0
125, 1, 0
125, 1, 0
125, 1, 0
247, 1, -1
128, 1, 0
125, 1, 0
125, 1, 0
125, 1, 0
125, 1, 0
141, 1, 0
231, 1, 0
128, 1, 0
125, 1, -1
125, 1, 0
126, 1, 0
124, 1, 0
247, 1, 0
128, 1, 0
125, 1, 0
247, 1, 0
128, 1, 0
125, 1, 0
125, 1, 0
132, 1, 0
118, 1, 0
125, 0, -1
296, 1, 0
204, 1, 0
125, 2, 0
125, 1, 0
125, 1, 0
125, 1, 0
125, 1, 0
247, 1, 0
128, 1, 0
247, 1, 0
128, 1, 0
125, 1, -1
125, 1, 0
247, 1, 0
128, 1, 0
125, 1, 0
247, 1, 0
128, 1, 0
125, 1, 0
247, 1, 0
128, 1, 0
125, 1, 0
247, 1, -1
128, 1, 0
125, 1, 0
247, 1, 0
128, 1, 0
247, 1, 0
128, 1, 0
125, 1, 0
247, 1, 0
128, 1, 0
250, 1, 0
125, 1, 0
249, 1, 0
130, 0, -1
122, 1, 0
124, 1, 0
125, 1, 0
247, 1, 0
250, 1, 0
128, 1, 0
248, 1, 0
131, 1, 0
244, 1, 0
132, 1, 0
124, 0, -1
125, 1, 0
244, 1, 0
131, 1, 0
244, 1, 0
250, 1, 0
131, 1, 0
244, 1, 0
251, 1, -1
130, 1, 0
244, 1, 0
250, 1, 0
130, 1, 0
245, 1, 0
249, 1, 0
250, 1, 0
250, 1, 0
250, 1, 0
250, 1, -1
128, 1, 0
247, 1, 0
250, 1, 0
249, 1, 0
251, 1, 0
250, 1, 0
250, 1, 0
250, 1, 0
250, 1, -1
408, 1, 0
217, 1, 0
250, 1, 0
250, 1, 0
407, 1, 0
217, 1, 0
375, 1, 0
252, 1, 0
127, 0, -1
247, 1, 0
251, 1, 0
374, 1, 0
250, 1, 0
403, 1, 0
376, 1, 0
376, 1, 0
345, 1, 0
416, 1, 0
334, 1, 0
128, 0, -1
247, 1, 0
531, 1, 0
344, 1, 0
655, 1, 0
624, 1, 0
596, 1, 0
655, 1, 0
977, 1, 0
1494, 1, 0
7877, 0, -1
405, -1, 0
2378, -1, 0
2150, -1, -1
1853, -1, 0
1463, -1, 0
408, 0, -1
841, -1, 0
1124, -1, 0
1125, -1, 0
383, 0, -1
371, -1, 0
922, -1, 0
862, -1, 0
587, -1, 0
751, -1, -1
743, -1, 0
382, -1, 0
664, -1, 0
586, -1, 0
499, -1, 0
389, -1, 0
653, -1, 0
459, -1, 0
127, 0, -1
249, -1, 0
412, -1, 0
462, -1, 0
409, -1, 0
465, -1, 0
251, -1, 0
532, -1, 0
342, -1, 0
250, -1, 0
422, -1, 0
328, -1, 0
250, -1, 0
250, -1, 0
410, -1, 0
215, -1, 0
430, -1, 0
374, -1, 0
196, -1, 0
250, -1, 0
376, -1, 0
249, -1, 0
250, -1, 0
250, -1, 0
250, -1, 0
250, -1, 0
250, -1, 0
375, -1, 0
250, -1, 0
250, -1, 0
250, -1, 0
250, -1, 0
250, -1, 0
249, -1, 0
251, -1, 0
250, -1, 0
250, -1, 0
128, -1, 0
248, -1, 0
127, 0, 1
124, -1, 0
248, -1, 0
250, -1, 0
128, -1, 0
247, -1, 0
339, -1, 0
162, -1, 0
126, -1, 1
247, -1, 0
251, -1, 0
250, -1, 0
127, -1, 0
248, -1, 0
249, -1, 0
129, -1, 0
247, -1, 0
127, 0, 1
125, -1, 0
125, -1, 0
248, -1, 0
250, -1, 0
128, -1, 0
124, -1, 0
125, 0, 1
125, -1, 0
248, -1, 0
127, -1, 0
248, -1, 0
249, -1, 0
128, -1, 0
125, -1, 0
125, 0, 1
126, -1, 0
246, -1, 0
129, -1, 0
124, -1, 0
248, -1, 0
127, -1, 0
125, 0, 1
126, -1, 0
247, -1, 0
127, -1, 0
125, -1, 0
247, -1, 0
129, -1, 1
124, -1, 0
247, -1, 0
251, -1, 0
127, -1, 0
125, 0, 1
126, -1, 0
125, -1, 0
124, -1, 0
248, -1, 0
127, -1, 1
125, -1, 0
247, -1, 0
251, -1, 0
131, -1, 0
122, -1, 0
125, -1, 1
246, -1, 0
128, -1, 0
247, -1, 0
128, -1, 1
247, -1, 0
129, -1, 0
125, -1, 0
124, -1, 0
247, -1, 1
128, -1, 0
125, -1, 0
247, -1, 0
128, -1, 0
125, -1, 0
125, 0, 1
125, -1, 0
125, -1, 0
247, -1, 0
128, -1, 1
125, -1, 0
125, -1, 0
247, -1, 0
128, -1, 0
125, -1, 0
125, -1, 1
247, -1, 0
128, -1, 0
247, -1, 1
128, -1, 0
125, -1, 0
125, -1, 0
125, -1, 0
247, -1, 1
128, -1, 0
125, -1, 0
247, -1, 0
128, -1, 1
125, -1, 0
125, -1, 0
247, -1, 0
128, -1, 1
125, -1, 0
125, -1, 0
125, -1, 0
271, -1, 1
106, -1, 0
123, -1, 0
125, -1, 0
247, -1, 1
128, -1, 0
125, -1, 0
247, -1, 0
128, -1, 0
125, -1, 1
125, -1, 0
247, -2, 0
250, -1, 1
128, -1, 0
125, -1, 0
125, -1, 0
128, -1, 1
244, -1, 0
131, -1, 0
124, -1, 0
127, -1, 1
245, -1, 0
129, -1, 0
125, -1, 0
122, -1, 1
126, -1, 0
246, -1, 0
129, -1, 0
125, -1, 1
125, -1, 0
247, -1, 0
127, -1, 1
126, -1, 0
125, -1, 0
124, -1, 0
248, -2, 1
250, -1, 0
128, -1, 0
125, -1, 0
124, -1, 1
248, -2, 0
250, -1, 1
127, -1, 0
125, -1, 0
125, -1, 0
126, -1, 1
124, -1, 0
248, -1, 0
127, -1, 0
125, -1, 1
126, -1, 0
124, -1, 0
248, -2, 1
250, -1, 0
128, -1, 0
124, 0, 1
125, -2, 0
247, -2, 0
251, -1, 1
127, -1, 0
125, -1, 0
125, -1, 0
125, -1, 1
125, -1, 0
248, -1, 0
127, -1, 1
127, -1, 0
124, -1, 0
125, -1, 0
125, -1, 0
125, -1, 1
247, -1, 0
128, -1, 1
125, -1, 0
125, -1, 0
125, -1, 0
125, -1, 1
125, -1, 0
125, -1, 0
125, -1, 0
125, -1, 1
247, -1, 0
128, -1, 0
125, -1, 0
125, -1, 1
124, -1, 0
126, -1, 0
247, -2, 1
250, -2, 0
250, -1, 1
128, -1, 0
125, -1, 0
125, -1, 0
124, -1, 0
126, -1, 1
247, -1, 0
128, -1, 1
125, -1, 0
124, -1, 0
125, -1, 0
125, -1, 0
126, -1, 1
125, -1, 0
247, -2, 1
250, -1, 0
128, -1, 0
294, -1, 1
207, -1, 0
124, -3, 1
247, -1, 0
127, -1, 0
125, -1, 0
126, -1, 1
124, -1, 0
126, -1, 0
124, -1, 0
125, -1, 1
125, -1, 0
125, -1, 0
247, -1, 1
128, -1, 0
125, -1, 0
125, -1, 1
125, -1, 0
125, -1, 0
247, -2, 1
250, -1, 0
128, -1, 0
125, -1, 0
125, -1, 1
125, -1, 0
125, -1, 0
125, -1, 0
125, -1, 1
247, -1, 0
128, -1, 1
125, -1, 0
125, -1, 0
125, -1, 0
125, -1, 1
247, -2, 0
250, -1, 0
128, -1, 1
125, -1, 0
125, -1, 0
129, -1, 0
121, -1, 1
247, -1, 0
128, -1, 0
126, -1, 1
124, -1, 0
125, -1, 0
127, -1, 0
123, -1, 1
247, -1, 0
128, -1, 0
125, -1, 1
125, -1, 0
125, -1, 0
125, -1, 0
125, 0, 1
125, -1, 0
125, -1, 0
125, -1, 0
125, -1, 0
125, -1, 1
125, -1, 0
247, -1, 0
128, -1, 1
125, -1, 0
125, -1, 0
125, -1, 0
125, 0, 1
125, -1, 0
125, -1, 0
125, -1, 1
125, -1, 0
125, -1, 0
125, -1, 0
247, -1, 1
128, -1, 0
125, -1, 0
125, -1, 0
125, -1, 1
125, -1, 0
248, -1, 0
128, -1, 1
125, -1, 0
124, -1, 0
125, -1, 0
247, -1, 1
128, -1, 0
125, -1, 0
248, -2, 1
250, -1, 0
126, -1, 0
125, -1, 1
126, -1, 0
247, -1, 0
128, -1, 0
125, -1, 1
248, -2, 0
261, -1, 1
129, -1, 0
238, -1, 0
128, -1, 0
124, -1, 1
125, -1, 0
136, -1, 0
236, -1, 1
126, -1, 0
129, -1, 0
127, -1, 0
242, -1, 1
130, -1, 0
124, -1, 0
359, -1, 1
13, -1, 0
129, -1, 0
129, -1, 0
124, -1, 0
120, 0, 1
155, -1, 0
95, -1, 0
248, -1, 1
128, -1, 0
124, -1, 0
126, -1, 0
125, -1, 0
125, 0, 1
124, -1, 0
125, -1, 0
248, -1, 1
127, -1, 0
125, -1, 0
248, -1, 0
128, -1, 1
125, -1, 0
125, -1, 0
247, -1, 0
128, -1, 1
125, -1, 0
246, -1, 0
129, -1, 0
126, -1, 1
246, -1, 0
128, -1, 0
126, -1, 1
249, -1, 0
125, -1, 0
247, -1, 0
128, -1, 1
126, -1, 0
247, -1, 0
128, -1, 0
125, -1, 1
247, -1, 0
250, -1, 0
143, -1, 1
231, -1, 0
149, -1, 0
104, -1, 0
125, 0, 1
125, -1, 0
132, -1, 0
243, -1, 0
125, -1, 0
125, 0, 1
125, -1, 0
125, -1, 0
247, -1, 1
129, -1, 0
248, -1, 0
127, -1, 0
256, -1, 1
129, -1, 0
237, -1, 0
249, -1, 0
131, -1, 1
122, -1, 0
247, -1, 0
250, -1, 0
128, -1, 1
247, -1, 0
127, -1, 0
247, -1, 0
128, 0, 1
125, -1, 0
125, -1, 0
247, -1, 0
250, -1, 1
127, -1, 0
248, -1, 0
270, -1, 0
108, -1, 1
247, -1, 0
250, -1, 0
250, -1, 1
128, -1, 0
247, -1, 0
250, -1, 0
128, -1, 0
125, 0, 1
248, -1, 0
127, -1, 0
247, -1, 0
250, -1, 1
251, -1, 0
250, -1, 0
249, -1, 0
250, -1, 1
279, -1, 0
222, -1, 0
250, -1, 0
127, 0, 1
127, -1, 0
246, -1, 0
249, -1, 0
250, -1, 0
128, 0, 1
125, -1, 0
389, -1, 0
250, -1, 0
235, -1, 0
130, 0, 1
246, -1, 0
138, -1, 0
361, -1, 0
375, -1, 0
130, 0, 1
125, -1, 0
244, -1, 0
375, -1, 0
377, -1, 0
129, 0, 1
126, -1, 0
369, -1, 0
376, -1, 0
381, -1, 0
242, -1, 0
376, -1, 1
510, -1, 0
365, -1, 0
373, -1, 0
375, 0, 1
128, -1, 0
373, -1, 0
500, -1, 0
499, -1, 0
500, -1, 0
501, -1, 0
750, -1, 0
550, 0, 1
75, -1, 0
818, -1, 0
805, -1, 0
1036, -1, 0
1463, -1, 0
12903, 1, 0
2637, 1, 0
2354, 1, 0
1650, 1, 0
1482, 1, 0
1152, 1, 0
999, 1, 0
998, 1, 0
872, 1, 0
762, 1, 0
714, 1, 0
777, 1, 0
465, 1, 0
787, 1, 0
621, 1, 0
577, 1, 0
530, 1, 0
594, 1, 0
533, 1, 0
468, 1, 0
676, 1, 0
448, 1, 0
385, 1, 0
615, 1, 0
532, 1, 0
343, 1, 0
532, 1, 0
343, 1, 0
558, 1, 0
445, 1, 0
374, 1, 0
375, 1, 0
541, 1, 0
208, 1, 0
540, 1, 0
335, 1, 0
416, 1, 0
399, 1, 0
435, 1, 0
250, 1, 0
540, 1, 0
335, 1, 0
250, 1, 0
415, 1, 0
460, 1, 0
250, 1, 0
418, 1, 0
333, 1, 0
377, 1, 0
247, 1, 0
375, 1, 0
375, 1, 0
254, 1, 0
374, 1, 0
375, 1, 0
249, 1, 0
376, 1, 0
377, 1, 0
248, 1, 0
374, 1, 0
375, 1, 0
250, 1, 0
374, 1, 0
250, 1, 0
252, 1, 0
374, 1, 0
429, 1, 0
195, 1, 0
375, 1, 0
249, 1, 0
375, 1, 0
250, 1, 0
249, 1, 0
376, 1, 0
409, 1, 0
216, 1, 0
249, 1, 0
407, 1, 0
218, 1, 0
250, 1, 0
375, 1, 0
250, 1, 0
252, 1, 0
249, 1, 0
249, 1, 0
375, 1, 0
378, 1, 0
250, 1, 0
247, 1, 0
128, 0, 1
125, 1, 0
372, 1, 0
250, 1, 0
250, 1, 0
376, 1, 0
250, 1, 0
250, 1, 0
250, 1, 0
250, 1, 0
376, 1, 0
248, 1, 0
250, 1, 0
414, 1, 0
212, 1, 0
250, 1, 1
250, 1, 0
413, 1, 0
89, 1, 0
403, 1, 0
220, 1, 0
250, 1, 0
376, 1, 0
249, 1, 0
249, 1, 0
251, 1, 0
250, 1, 0
127, 0, 1
247, 1, 0
250, 1, 0
251, 1, 0
407, 1, 0
218, 1, 0
249, 1, 0
460, 1, 0
166, 1, 0
249, 1, 0
346, 1, 0
282, 1, 1
247, 1, 0
251, 1, 0
250, 1, 0
379, 1, 0
246, 1, 0
249, 1, 0
250, 1, 0
380, 1, 1
245, 1, 0
404, 1, 0
221, 1, 0
250, 1, 0
404, 1, 0
221, 1, 0
250, 1, 0
404, 1, 0
221, 1, 0
250, 1, 0
128, 0, 1
247, 1, 0
250, 1, 0
403, 1, 0
222, 1, 0
250, 1, 0
403, 1, 0
222, 1, 0
250, 0, 1
128, 1, 0
247, 1, 0
406, 1, 0
220, 1, 0
377, 1, 0
250, 1, 0
247, 1, 0
387, 1, 1
366, 1, 0
252, 1, 0
383, 1, 0
253, 1, 0
364, 1, 0
247, 1, 0
249, 0, 1
127, 1, 0
247, 1, 0
375, 1, 0
375, 1, 0
250, 1, 0
375, 1, 0
376, 1, 1
375, 1, 0
249, 1, 0
375, 1, 0
250, 1, 0
376, 1, 0
374, 1, 1
383, 1, 0
243, 1, 0
374, 1, 0
375, 1, 0
250, 1, 0
500, 1, 0
375, 1, 0
128, 0, 1
247, 1, 0
377, 1, 0
248, 1, 0
500, 1, 1
250, 1, 0
376, 1, 0
374, 1, 0
500, 1, 0
250, 1, 0
376, 1, 0
502, 1, 0
247, 0, 1
128, 1, 0
373, 1, 0
373, 1, 0
501, 1, 0
375, 1, 0
251, 0, 1
127, 1, 0
497, 1, 0
376, 1, 0
377, 1, 0
498, 1, 0
376, 1, 0
126, 0, 1
372, 1, 0
500, 1, 0
375, 1, 0
500, 1, 0
502, 1, 1
498, 1, 0
377, 1, 0
499, 1, 0
518, 1, 0
355, 0, 1
129, 1, 0
622, 1, 0
558, 1, 0
346, 1, 0
600, 1, 0
501, 0, 1
127, 1, 0
494, 1, 0
626, 1, 0
625, 1, 0
499, 1, 1
749, 1, 0
750, 1, 0
500, 1, 0
500, 0, 1
249, 1, 0
877, 1, 0
780, 1, 0
403, 0, 1
191, 1, 0
1034, 1, 0
717, 1, 0
1001, 1, 0
248, 0, 1
657, 1, 0
899, 1, 0
1102, 1, 0
341, 0, 1
783, 1, 0
1127, 1, 0
999, 1, 0
466, 0, 1
752, 1, 0
1500, 1, 0
1403, 1, 0
221, 0, 1
1533, 1, 0
1770, 1, 0
2375, 1, 0
607, 0, 1
3380, 1, 0
49619, 0, 1
12889, -1, 0
2987, -1, 0
2114, -1, 0
1755, 0, 1
117, -1, 0
1380, -1, 0
1526, -1, 0
1104, -1, 0
1249, -1, 1
751, -1, 0
994, -1, 0
1000, -1, 0
873, -1, 0
754, -1, 1
740, -1, 0
749, -1, 0
626, -1, 0
761, -1, 1
638, -1, 0
607, -1, 0
621, -1, 0
632, -1, 0
613, -1, 0
253, 0, 1
249, -1, 0
500, -1, 0
499, -1, 0
624, -1, 0
380, -1, 0
502, -1, 1
622, -1, 0
372, -1, 0
492, -1, 0
510, -1, 0
373, -1, 0
497, -1, 0
498, -1, 0
371, -1, 1
385, -1, 0
376, -1, 0
375, -1, 0
492, -1, 0
378, -1, 0
373, -1, 0
401, -1, 0
348, -1, 0
246, 0, 1
126, -1, 0
245, -1, 0
500, -1, 0
252, -1, 0
510, -1, 0
246, -1, 0
374, -1, 0
252, -1, 0
377, -1, 0
372, -1, 0
371, -1, 1
248, -1, 0
250, -1, 0
386, -1, 0
370, -1, 0
246, -1, 0
380, -1, 0
248, -1, 0
377, -1, 0
289, -1, 0
213, -1, 0
277, 0, 1
102, -1, 0
247, -1, 0
251, -1, 0
374, -1, 0
278, -1, 0
347, -1, 0
120, -1, 0
382, -1, 0
243, -1, 0
374, -1, 0
248, -1, 0
250, -1, 0
259, -1, 0
245, -1, 0
373, -1, 0
247, -1, 0
252, -1, 1
252, -1, 0
278, -1, 0
246, -1, 0
251, -1, 0
249, -1, 0
349, -1, 0
249, -1, 0
251, -1, 0
247, -1, 0
249, -1, 0
251, -1, 0
250, -1, 0
250, -1, 0
249, -1, 0
251, -1, 0
374, -1, 1
250, -1, 0
251, -1, 0
251, -1, 0
251, -1, 0
248, -1, 0
250, -1, 0
250, -1, 0
250, -1, 0
249, -1, 0
128, -1, 0
373, -1, 0
250, -1, 0
250, -1, 0
250, -1, 0
248, -1, 0
132, -1, 0
247, -1, 0
246, -1, 0
252, -1, 0
252, -1, 0
250, -1, 0
249, -1, 0
265, -1, 0
242, -1, 1
243, -1, 0
248, -1, 0
251, -1, 0
127, -1, 0
549, -1, 0
200, -1, 0
123, -1, 0
127, -1, 0
377, -1, 0
122, -1, 0
246, -1, 0
250, -1, 0
251, -1, 0
251, -1, 0
248, -1, 0
249, -1, 0
252, -1, 0
250, -1, 0
126, -1, 0
247, -1, 0
251, -1, 0
379, -1, 0
246, -1, 0
127, -1, 0
247, -1, 0
250, -1, 0
250, -1, 0
249, -1, 0
251, -1, 0
249, -1, 0
252, -1, 0
262, -1, 0
237, -1, 0
250, -1, 0
249, -1, 0
251, -1, 0
130, -1, 0
245, -1, 0
252, -1, 0
375, -1, 0
248, -1, 0
250, -1, 0
250, -1, 0
251, -1, 0
248, -1, 0
251, -1, 0
131, -1, 0
392, -1, 0
107, -1, 0
245, -1, 0
376, -1, 0
249, -1, 0
250, -1, 0
250, -1, 0
250, -1, 0
250, -1, 0
252, -1, 0
248, -1, 0
377, -1, 0
248, -1, 0
250, -1, 0
250, -1, 0
250, -1, 0
375, -1, 0
250, -1, 0
250, -1, 0
250, -1, 0
375, -1, 0
251, -1, 0
249, -1, 0
250, -1, 0
377, -1, 0
252, -1, 0
374, -1, 0
249, -1, 0
377, -1, 0
251, -1, 0
375, -1, 0
246, -1, 0
376, -1, 0
250, -1, 0
376, -1, 0
373, -1, 0
375, -1, 0
249, -1, 0
500, -1, 0
250, -1, 0
375, -1, 0
375, -1, 0
377, -1, 0
499, -1, 0
374, -1, 0
378, -1, 0
374, -1, 0
247, 0, -1
250, -1, 0
501, -1, 0
502, -1, 0
373, -1, 0
500, -1, 0
627, -1, 0
540, -1, 0
583, 0, -1
128, -1, 0
625, -1, 0
747, -1, 0
694, -1, 0
931, -1, 0
249, 0, -1
1002, -1, 0
1409, -1, 0
11602, 1, 0
2868, 1, 0
1875, 1, 0
1621, 1, 0
1411, 1, 0
993, 1, 0
998, 1, 0
1004, 1, 0
752, 1, 0
753, 1, 0
643, 1, 0
639, 1, 0
557, 1, 0
778, 1, 0
473, 1, 0
534, 1, 0
595, 1, 0
375, 1, 0
504, 1, 0
498, 1, 0
371, 1, 0
499, 1, 0
424, 1, 0
325, 1, 0
388, 1, 0
117, 0, 1
245, 1, 0
468, 1, 0
405, 1, 0
374, 1, 0
404, 1, 0
221, 1, 0
406, 1, 0
418, 1, 0
176, 1, 0
446, 1, 0
356, 1, 1
199, 1, 0
249, 1, 0
380, 1, 0
248, 1, 0
407, 1, 0
218, 1, 0
250, 1, 0
375, 1, 0
250, 1, 0
251, 1, 0
374, 1, 0
250, 1, 0
128, 0, 1
125, 1, 0
247, 1, 0
250, 1, 0
405, 1, 0
98, 1, 0
248, 1, 0
405, 1, 0
220, 1, 0
127, 1, 0
374, 1, 0
248, 1, 0
250, 1, 1
250, 1, 0
250, 1, 0
250, 1, 0
252, 1, 0
249, 1, 0
128, 1, 0
247, 1, 0
249, 1, 0
250, 1, 0
250, 1, 0
128, 1, 0
125, 0, 1
125, 1, 0
247, 1, 0
250, 1, 0
250, 1, 0
127, 1, 0
248, 1, 0
250, 1, 0
250, 1, 0
128, 1, 0
247, 1, 0
250, 1, 0
128, 1, 0
125, 0, 1
131, 1, 0
241, 1, 0
247, 1, 0
128, 1, 0
248, 1, 0
249, 1, 0
128, 1, 0
260, 1, 0
237, 1, 0
128, 1, 0
248, 1, 0
137, 1, 0
245, 1, 0
254, 1, 1
129, 1, 0
243, 1, 0
126, 1, 0
244, 1, 0
131, 1, 0
244, 1, 0
141, 1, 0
236, 1, 0
136, 1, 0
237, 1, 0
132, 1, 0
244, 1, 0
249, 1, 0
132, 1, 0
132, 1, 0
237, 1, 0
126, 1, 0
246, 1, 0
250, 1, 0
128, 1, 1
126, 1, 0
246, 1, 0
128, 1, 0
247, 1, 0
130, 1, 0
245, 1, 0
128, 1, 0
248, 1, 0
127, 1, 0
125, 1, 0
303, 1, 0
76, 1, 0
248, 1, 0
129, 1, 0
246, 1, 0
126, 1, 0
248, 1, 0
128, 1, 0
124, 1, 0
248, 1, 0
126, 1, 0
249, 1, 0
126, 1, 0
126, 1, 0
247, 1, 0
127, 1, 0
126, 1, 0
247, 1, 0
127, 1, 0
248, 1, 0
127, 1, 0
125, 1, 0
249, 1, 0
132, 1, 0
119, 1, 0
247, 1, 0
129, 1, 0
247, 1, 0
126, 1, 0
125, 1, 0
249, 1, 0
127, 1, 0
129, 1, 0
244, 1, 0
127, 1, 0
247, 1, 0
128, 1, 0
124, 1, 0
125, 1, 0
247, 1, 0
128, 1, 0
125, 1, 0
125, 1, 0
248, 1, 0
128, 1, 0
246, 1, 0
128, 1, 0
125, 1, 0
248, 1, 0
131, 1, 0
120, 1, 0
247, 1, 0
128, 1, 0
125, 1, 0
126, 1, 0
247, 1, 0
321, 1, 0
182, 1, 0
125, 2, 0
125, 1, 0
247, 1, 0
126, 1, 0
126, 1, 0
247, 1, 0
128, 1, 0
125, 1, 0
125, 1, 0
248, 1, 0
127, 1, 0
124, 1, 0
125, 1, 0
248, 1, 0
128, 1, 0
125, 1, 0
248, 1, 0
127, 1, 0
125, 1, 0
125, 1, 0
247, 1, 0
128, 1, 0
125, 1, 0
247, 1, 0
128, 1, 0
125, 1, 0
126, 1, 0
124, 1, 0
247, 1, -1
128, 1, 0
247, 1, 0
128, 1, 0
125, 1, 0
124, 1, 0
125, 1, 0
248, 1, 0
127, 1, 0
125, 1, 0
126, 1, 0
247, 1, 0
128, 1, 0
125, 1, 0
248, 1, 0
127, 1, 0
124, 1, 0
125, 1, 0
248, 1, 0
128, 1, 0
124, 1, 0
126, 0, -1
125, 2, 0
247, 1, 0
128, 1, 0
129, 1, 0
253, 1, 0
125, 1, 0
125, 1, 0
124, 1, 0
243, 1, 0
132, 1, 0
125, 1, 0
244, 1, 0
130, 1, 0
126, 1, 0
124, 1, 0
125, 0, -1
126, 1, 0
127, 1, 0
125, 1, 0
124, 1, 0
124, 1, 0
244, 1, 0
130, 1, 0
126, 1, 0
243, 1, 0
131, 1, 0
122, 1, 0
125, 1, -1
247, 1, 0
128, 1, 0
124, 1, 0
125, 1, 0
125, 1, 0
248, 1, 0
128, 1, 0
124, 1, 0
125, 1, 0
248, 1, 0
127, 1, 0
125, 1, -1
248, 1, 0
128, 1, 0
124, 1, 0
125, 1, 0
254, 1, 0
121, 1, 0
126, 1, 0
247, 1, 0
127, 1, 0
129, 1, 0
122, 1, -1
246, 1, 0
128, 1, 0
125, 1, 0
248, 1, 0
130, 1, 0
121, 1, 0
125, 1, 0
126, 1, 0
247, 1, -1
127, 1, 0
125, 1, 0
125, 1, 0
249, 1, 0
126, 1, 0
127, 1, 0
248, 1, 0
127, 1, 0
124, 1, 0
247, 1, -1
129, 1, 0
124, 1, 0
125, 1, 0
248, 1, 0
128, 1, 0
124, 1, 0
248, 1, 0
127, 1, 0
125, 1, 0
125, 1, -1
249, 1, 0
127, 1, 0
124, 1, 0
248, 2, 0
251, 1, 0
126, 1, 0
249, 1, -1
131, 1, 0
124, 1, 0
244, 1, 0
132, 1, 0
124, 1, 0
126, 1, 0
245, 1, 0
129, 1, -1
125, 1, 0
245, 1, 0
131, 1, 0
124, 1, 0
245, 1, 0
130, 1, 0
125, 1, -1
125, 1, 0
244, 1, 0
131, 1, 0
125, 1, 0
244, 1, 0
127, 1, 0
126, 1, 0
124, 0, -1
125, 1, 0
129, 1, 0
122, 1, 0
247, 1, 0
128, 1, 0
247, 2, 0
128, 0, -1
124, 1, 0
125, 1, 0
122, 1, 0
247, 1, 0
128, 1, 0
247, 1, 0
128, 1, 0
125, 1, -1
247, 1, 0
128, 1, 0
125, 1, 0
247, 1, 0
128, 1, 0
125, 1, 0
125, 0, -1
128, 1, 0
122, 1, 0
125, 1, 0
247, 1, 0
128, 1, 0
247, 1, 0
129, 1, 0
124, 1, -1
247, 1, 0
128, 1, 0
247, 1, 0
128, 1, 0
125, 1, 0
247, 1, -1
130, 1, 0
123, 1, 0
247, 1, 0
128, 1, 0
247, 1, 0
128, 1, 0
248, 1, -1
127, 1, 0
247, 1, 0
251, 1, 0
254, 1, 0
122, 2, 0
125, 0, -1
125, 1, 0
247, 1, 0
130, 1, 0
123, 1, 0
247, 1, 0
128, 1, -1
247, 1, 0
128, 1, 0
247, 1, 0
128, 1, 0
247, 1, -1
250, 1, 0
128, 1, 0
247, 1, 0
128, 1, 0
247, 1, 0
128, 1, -1
247, 1, 0
128, 1, 0
247, 1, 0
250, 1, 0
128, 1, -1
247, 1, 0
128, 1, 0
247, 1, 0
250, 1, 0
128, 1, 0
124, 0, -1
150, 1, 0
224, 1, 0
250, 1, 0
131, 1, 0
125, 1, 0
244, 1, -1
250, 1, 0
250, 1, 0
250, 1, 0
137, 1, 0
119, 0, -1
125, 1, 0
244, 1, 0
252, 1, 0
131, 1, 0
243, 1, 0
148, 0, -1
107, 1, 0
243, 1, 0
250, 1, 0
128, 1, 0
247, 1, 0
250, 1, 0
128, 0, -1
125, 1, 0
247, 1, 0
250, 1, 0
250, 1, 0
128, 1, 0
247, 1, -1
251, 1, 0
249, 1, 0
250, 1, 0
263, 1, 0
237, 1, -1
407, 1, 0
218, 1, 0
250, 1, 0
250, 1, 0
250, 1, 0
128, 0, -1
247, 1, 0
250, 1, 0
250, 1, 0
250, 1, 0
250, 0, -1
128, 1, 0
247, 1, 0
250, 1, 0
412, 1, 0
213, 1, 0
128, 0, -1
247, 1, 0
375, 1, 0
250, 1, 0
376, 1, 0
249, 1, 0
128, 0, -1
247, 1, 0
375, 1, 0
405, 1, 0
407, 1, 0
314, 1, 0
249, 0, -1
128, 1, 0
410, 1, 0
497, 1, 0
340, 1, 0
411, 0, -1
92, 1, 0
497, 1, 0
537, 1, 0
463, 1, 0
412, 0, -1
91, 1, 0
523, 1, 0
761, 1, 0
626, 1, 0
627, 0, -1
99, 1, 0
612, 1, 0
1038, 1, 0
586, 0, -1
413, 1, 0
1232, 1, 0
2022, 1, 0
584, 0, -1
7315, 0, -1
2857, 0, -1
328, -1, 0
1752, -1, 0
249, 0, -1
1123, -1, 0
788, 0, -1
337, -1, 0
1288, -1, -1
712, -1, 0
914, -1, -1
995, -1, 0
630, -1, 0
89, 0, -1
532, -1, 0
626, 0, -1
92, -1, 0
651, -1, 0
629, -1, 0
467, -1, -1
660, -1, 0
499, -1, 0
101, 0, -1
524, -1, 0
501, -1, 0
465, 0, -1
129, -1, 0
496, -1, 0
500, -1, 0
412, -1, -1
462, -1, 0
627, -1, 0
249, 0, -1
128, -1, 0
498, -1, 0
375, -1, 0
499, -1, 0
375, -1, -1
501, -1, 0
250, -1, 0
500, -1, 0
375, -1, -1
500, -1, 0
375, -1, 0
374, -1, 0
293, -1, 0
90, 0, -1
243, -1, 0
374, -1, 0
500, -1, 0
250, -1, 0
375, -1, -1
412, -1, 0
213, -1, 0
376, -1, 0
249, -1, 0
264, -1, 0
392, -1, 0
219, 0, -1
128, -1, 0
247, -1, 0
380, -1, 0
246, -1, 0
251, -1, 0
250, -1, 0
376, -1, 0
125, 0, -1
125, -1, 0
247, -1, 0
250, -1, 0
250, -1, 0
250, -1, 0
250, -1, 0
250, -1, 0
250, -1, 0
250, 0, -1
128, -1, 0
124, -1, 0
248, -1, 0
250, -1, 0
250, -1, 0
251, -1, 0
249, -1, 0
250, -1, 0
250, -1, 0
250, -1, 0
128, -1, 0
247, -1, 0
250, -1, 0
128, -1, -1
247, -1, 0
250, -1, 0
250, -1, 0
128, -1, 0
247, -1, 0
250, -1, 0
128, -1, 0
247, -1, 0
250, -1, 0
128, -1, 0
247, -1, 0
128, -1, 0
247, -1, 0
250, -1, 0
127, -1, 0
248, -1, 0
128, -1, 0
247, -1, 0
128, -1, 0
125, -1, 0
247, -1, 0
250, -1, 0
127, -1, 0
248, -1, 0
128, -1, 0
125, -1, 0
247, -1, 0
226, -1, 0
176, -1, 0
100, -1, 0
248, -1, 0
128, -1, 0
247, -1, 0
128, -1, 0
124, -1, 0
248, -1, 0
128, -1, 0
247, -1, 0
127, -1, 0
126, -1, 0
124, -1, 0
248, -1, 0
127, -1, 0
125, -1, 0
248, -1, 0
128, -1, 0
124, -1, 0
247, -1, 0
129, -1, 0
125, -1, 0
247, -2, 0
250, -1, 0
128, -1, 0
247, -1, 0
127, -1, 0
125, -1, 0
126, -1, 0
124, -1, 0
248, -1, 0
127, -1, 0
125, -1, 0
125, -1, 0
249, -1, 0
127, -1, 0
124, -1, 0
126, -1, 0
125, -1, 0
247, -2, 0
250, -1, 0
128, -1, 0
124, -1, 0
126, -1, 0
247, -1, 0
128, -1, 0
125, -1, 0
124, -1, 1
125, -1, 0
125, -1, 0
248, -1, 0
127, -1, 0
125, -1, 0
125, -1, 0
126, -1, 0
124, -1, 0
126, -1, 0
247, -2, 0
250, -1, 0
130, -1, 0
122, -1, 0
126, -1, 1
124, -1, 0
125, -1, 0
125, -1, 0
126, -1, 0
247, -1, 0
127, -1, 0
128, -1, 0
122, -1, 0
125, -1, 0
125, -1, 0
125, -1, 1
125, -1, 0
125, -1, 0
125, -1, 0
125, -1, 0
125, -1, 0
125, -1, 0
125, -1, 0
250, -1, 0
126, -1, 0
124, -1, 0
125, -1, 0
126, -1, 1
124, -1, 0
126, -1, 0
124, -1, 0
125, -1, 0
125, -1, 0
125, -1, 0
126, -1, 0
124, -1, 0
125, -1, 0
125, -1, 0
126, -1, 0
124, -1, 1
126, -1, 0
124, -1, 0
125, -1, 0
125, -1, 0
125, -1, 0
125, -1, 0
127, -1, 0
125, -1, 0
126, -1, 0
125, -1, 0
125, -1, 1
122, -1, 0
126, -1, 0
125, -1, 0
243, -1, 0
257, -1, 0
124, -3, 0
125, -1, 0
125, -1, 1
126, -1, 0
125, -1, 0
124, -1, 0
126, -1, 0
124, -1, 0
125, -1, 0
125, -1, 0
125, -1, 0
125, -1, 0
125, -1, 1
125, -1, 0
125, -1, 0
126, -1, 0
124, -1, 0
125, -1, 0
126, -2, 0
246, -1, 0
128, -2, 0
125, 0, 1
125, -2, 0
125, -1, 0
125, -1, 0
125, -1, 0
125, -1, 0
125, -1, 0
125, -1, 0
125, -1, 1
125, -1, 0
125, -1, 0
125, -1, 0
125, -1, 0
125, -1, 0
125, -2, 0
126, -1, 0
124, -1, 0
126, -1, 1
124, -1, 0
125, -1, 0
125, -1, 0
125, -1, 0
125, -1, 0
129, -2, 0
243, -2, 1
128, -1, 0
125, -1, 0
125, -1, 0
125, -1, 0
125, -1, 0
138, -1, 0
112, -2, 0
247, -2, 1
128, -1, 0
125, -1, 0
125, -1, 0
125, -1, 0
125, -1, 0
125, -2, 0
125, 0, 1
125, -2, 0
125, -1, 0
125, -1, 0
125, -1, 0
125, -1, 0
125, -1, 0
125, -1, 0
125, -1, 0
125, -1, 1
125, -2, 0
125, -1, 0
125, -1, 0
125, -1, 0
125, -1, 0
125, -1, 0
125, -1, 0
125, -2, 1
125, -1, 0
125, -1, 0
125, -1, 0
125, -1, 0
125, -1, 0
125, -1, 0
125, -1, 0
125, -2, 1
125, -1, 0
125, -1, 0
125, -1, 0
125, -1, 0
125, -1, 0
125, -1, 0
125, -2, 0
125, -1, 1
125, -1, 0
125, -1, 0
125, -1, 0
126, -1, 0
124, -1, 0
125, -2, 0
125, -1, 0
125, -1, 0
125, -1, 1
125, -1, 0
125, -1, 0
125, -2, 0
125, -1, 0
125, -1, 0
125, -1, 0
125, -1, 0
125, -1, 0
125, -1, 1
125, -2, 0
125, -1, 0
125, -1, 0
124, -1, 0
126, -1, 0
125, -1, 0
125, -2, 0
125, -1, 1
125, -1, 0
125, -1, 0
125, -1, 0
125, -2, 0
125, -1, 0
125, -1, 0
282, -1, 1
219, -1, 0
124, -4, 0
126, -1, 0
124, -1, 0
125, -1, 0
125, -1, 1
127, -1, 0
124, -2, 0
124, -1, 0
137, -1, 0
114, -1, 0
127, -2, 0
123, -1, 0
126, -1, 1
127, -1, 0
125, -1, 0
126, -1, 0
134, -1, 0
111, -2, 0
126, -1, 0
124, -1, 1
125, -1, 0
125, -1, 0
125, -1, 0
125, -2, 0
125, -1, 0
125, -1, 0
125, -1, 0
125, -1, 0
125, -2, 1
247, -2, 0
128, -1, 0
125, -1, 0
125, -1, 0
126, -2, 0
127, -1, 1
245, -2, 0
129, -1, 0
124, -1, 0
124, -1, 0
126, -2, 0
125, -1, 0
124, -1, 0
125, -1, 1
126, -2, 0
247, -2, 0
136, -1, 0
116, -1, 0
125, -1, 0
125, -1, 0
125, -2, 0
125, -1, 1
125, -1, 0
125, -1, 0
127, -1, 0
123, -1, 0
125, -2, 0
125, -1, 0
125, -1, 1
125, -1, 0
125, -1, 0
125, -2, 0
126, -1, 0
124, -1, 0
125, -1, 0
125, -1, 1
125, -1, 0
125, -2, 0
125, -1, 0
126, -1, 0
140, -1, 0
109, -1, 0
125, -1, 0
125, -1, 0
128, -2, 1
122, -1, 0
124, -1, 0
126, -1, 0
126, -2, 0
124, -1, 0
247, -2, 0
128, -1, 1
125, -1, 0
126, -1, 0
124, -2, 0
125, -1, 0
125, -1, 0
125, -1, 0
125, -1, 0
125, -1, 1
125, -1, 0
125, -2, 0
125, -1, 0
125, -1, 0
125, -1, 0
125, -1, 0
125, -1, 0
126, -2, 1
124, -1, 0
125, -1, 0
125, -1, 0
125, -1, 0
125, -1, 0
125, -1, 0
125, -2, 0
125, -1, 1
125, -1, 0
125, -1, 0
125, -1, 0
125, -1, 0
125, -2, 0
125, -1, 0
247, -2, 1
128, -1, 0
125, -1, 0
125, -1, 0
125, -2, 0
125, -1, 0
125, -1, 1
125, -1, 0
125, -1, 0
125, -1, 0
125, -1, 0
125, -2, 0
247, -2, 0
212, -1, 0
43, -1, 0
128, -1, 1
120, -1, 0
125, -2, 0
125, -1, 0
124, -1, 0
127, -1, 0
123, -1, 0
125, -1, 1
125, -1, 0
125, -1, 0
125, -2, 0
125, -1, 0
126, -1, 0
124, -1, 0
125, -1, 1
125, -1, 0
125, -1, 0
125, -2, 0
247, -2, 0
128, -1, 0
125, -1, 1
125, -1, 0
125, -1, 0
125, -1, 0
125, -2, 0
247, -1, 0
142, -2, 0
111, -1, 1
125, -1, 0
125, -1, 0
125, -1, 0
127, -1, 0
123, -1, 0
125, -1, 0
126, -2, 1
124, -1, 0
125, -1, 0
125, -1, 0
125, -1, 0
125, -1, 0
125, -1, 0
125, -1, 1
125, -1, 0
127, -2, 0
258, -2, 0
127, -1, 0
118, -1, 0
126, -1, 0
125, -1, 0
146, -1, 1
103, -1, 0
124, -1, 0
126, -1, 0
125, -1, 0
125, -1, 0
125, -1, 0
126, -1, 1
125, -2, 0
124, -1, 0
125, -1, 0
125, -1, 0
125, -1, 0
125, -1, 0
124, -1, 0
126, -1, 1
125, -1, 0
125, -1, 0
125, -1, 0
125, -1, 0
125, -1, 0
126, -1, 0
123, -1, 0
122, -1, 1
125, -1, 0
124, -1, 0
126, -1, 0
124, -1, 0
125, -2, 0
247, -1, 0
128, -1, 1
147, -1, 0
103, -1, 0
125, -1, 0
126, -2, 0
246, -2, 0
251, -1, 1
127, -1, 0
126, -2, 0
247, -1, 0
127, -1, 0
125, -1, 0
125, -1, 0
138, -1, 0
133, -1, 1
105, -1, 0
125, -1, 0
129, -1, 0
124, -1, 0
125, -1, 0
124, -1, 0
125, -1, 0
126, -1, 1
125, -1, 0
124, -1, 0
125, -1, 0
248, -2, 0
251, -1, 0
127, -1, 0
126, -1, 1
123, -1, 0
125, -1, 0
125, -1, 0
125, -1, 0
125, -1, 0
125, -1, 0
125, -1, 0
247, -1, 1
128, -1, 0
125, -1, 0
125, -1, 0
125, -1, 0
267, -1, 0
231, -2, 0
124, -1, 0
125, -1, 1
126, -1, 0
124, -1, 0
247, -1, 0
128, -1, 0
125, -1, 0
125, -1, 0
125, -1, 0
247, -1, 0
128, -1, 1
125, -1, 0
125, -1, 0
247, -1, 0
128, -1, 0
125, -1, 0
248, -1, 0
127, -1, 0
125, -1, 1
247, -1, 0
128, -1, 0
125, -1, 0
125, -1, 0
247, -1, 0
128, -1, 0
125, -1, 0
247, -1, 0
250, -2, 1
250, -1, 0
250, -1, 0
128, -1, 0
247, -1, 0
258, -2, 0
242, -1, 0
250, -1, 0
128, -1, 0
248, -1, 1
252, -1, 0
129, -1, 0
244, -1, 0
131, -1, 0
244, -1, 0
130, -1, 0
245, -1, 0
250, -1, 0
250, -1, 0
250, -1, 0
250, -1, 0
131, -1, 0
244, -1, 0
133, 0, 1
124, -1, 0
244, -1, 0
250, -1, 0
248, -1, 0
375, -1, 0
251, -1, 0
249, -1, 0
251, -1, 0
410, -1, 0
215, -1, 0
249, -1, 0
419, -1, 0
207, -1, 0
416, -1, 0
86, 0, 1
247, -1, 0
400, -1, 0
389, -1, 0
498, -1, 0
502, -1, 0
336, -1, 0
662, -1, 0
624, -1, 0
621, -1, 0
874, -1, 0
1737, -1, 0
6151, 1, 0
1995, 1, 0
1461, 1, 0
1306, 1, 0
1216, 1, 0
734, 1, 0
903, 1, 0
874, 1, 0
625, 1, 0
624, 1, 0
718, 1, 0
405, 1, 0
470, 1, 0
533, 1, 0
496, 1, 0
346, 1, 0
533, 1, 0
341, 1, 0
409, 1, 0
341, 1, 0
375, 1, 0
409, 1, 0
341, 1, 0
250, 1, 0
251, 1, 0
407, 1, 0
343, 1, 0
249, 1, 0
375, 1, 0
250, 1, 0
251, 1, 0
250, 1, 0
249, 1, 0
252, 1, 0
250, 1, 0
249, 1, 0
251, 1, 0
249, 1, 0
250, 1, 0
251, 1, 0
249, 1, 0
250, 1, 0
250, 1, 0
250, 1, 0
128, 1, 0
248, 1, 0
249, 1, 0
128, 1, 0
247, 1, 0
128, 1, 0
377, 1, 0
123, 1, 0
247, 1, 0
128, 1, 0
253, 1, 0
130, 1, 0
240, 1, 0
249, 1, 0
127, 1, 0
125, 1, 0
248, 1, 0
127, 1, 0
247, 1, 0
129, 1, 0
246, 1, 0
128, 1, 0
247, 1, 0
128, 1, 0
125, 1, 0
248, 1, 0
127, 1, 0
125, 1, 0
248, 1, 0
127, 1, 0
125, 1, 0
125, 1, 0
247, 1, 0
128, 1, 0
125, 1, 0
247, 1, 0
128, 1, 0
125, 1, 0
125, 1, 0
247, 1, 0
128, 1, 0
125, 1, -1
125, 1, 0
125, 1, 0
247, 1, 0
128, 1, 0
125, 1, 0
125, 1, 0
125, 1, 0
125, 1, 0
247, 1, 0
128, 1, 0
125, 1, 0
125, 1, 0
125, 1, 0
125, 1, 0
247, 1, 0
128, 1, 0
125, 1, 0
125, 1, 0
139, 1, 0
111, 1, -1
125, 1, 0
125, 1, 0
125, 1, 0
125, 1, 0
247, 2, 0
250, 2, 0
251, 1, 0
127, 1, 0
125, 1, 0
125, 1, 0
125, 1, 0
125, 1, 0
125, 1, 0
125, 1, 0
125, 1, 0
125, 1, -1
125, 1, 0
125, 1, 0
125, 1, 0
125, 1, 0
125, 1, 0
125, 1, 0
125, 1, 0
125, 1, 0
125, 1, 0
125, 1, 0
125, 1, 0
125, 1, 0
125, 1, 0
125, 1, 0
125, 2, -1
247, 2, 0
250, 1, 0
128, 2, 0
125, 1, 0
125, 1, 0
125, 1, 0
125, 1, 0
125, 1, 0
125, 1, 0
125, 1, 0
125, 1, -1
125, 1, 0
125, 1, 0
125, 1, 0
125, 1, 0
125, 2, 0
125, 1, 0
125, 1, 0
125, 1, 0
125, 1, 0
125, 1, 0
125, 1, -1
125, 1, 0
125, 1, 0
125, 2, 0
247, 2, 0
128, 1, 0
125, 1, 0
125, 1, 0
281, 2, 0
219, 2, -1
125, 2, 0
125, 1, 0
125, 1, 0
125, 2, 0
125, 1, 0
125, 1, 0
125, 1, 0
125, 1, 0
125, 1, -1
125, 2, 0
125, 1, 0
125, 1, 0
125, 1, 0
125, 1, 0
125, 2, 0
125, 1, 0
125, 1, 0
125, 1, 0
125, 2, -1
125, 1, 0
125, 1, 0
125, 1, 0
125, 1, 0
125, 2, 0
247, 2, 0
128, 1, -1
125, 1, 0
125, 2, 0
125, 1, 0
125, 1, 0
125, 2, 0
247, 2, 0
128, 1, -1
125, 1, 0
125, 2, 0
125, 1, 0
125, 1, 0
125, 1, 0
125, 2, 0
125, 1, 0
125, 1, -1
125, 1, 0
125, 1, 0
125, 2, 0
125, 1, 0
125, 2, 0
125, 1, 0
125, 1, 0
125, 1, -1
125, 2, 0
125, 1, 0
125, 2, 0
125, 1, 0
125, 1, 0
125, 1, 0
125, 1, 0
125, 2, -1
125, 1, 0
125, 2, 0
125, 1, 0
125, 1, 0
125, 1, 0
125, 2, 0
125, 1, -1
125, 1, 0
125, 2, 0
125, 1, 0
125, 2, 0
125, 1, 0
125, 1, 0
125, 1, -1
125, 2, 0
125, 1, 0
125, 2, 0
125, 1, 0
125, 1, 0
125, 2, 0
125, 1, -1
125, 1, 0
125, 1, 0
125, 2, 0
125, 1, 0
125, 2, 0
125, 1, -1
125, 1, 0
125, 2, 0
125, 1, 0
125, 1, 0
125, 1, 0
128, 2, -1
122, 1, 0
125, 2, 0
125, 1, 0
125, 2, 0
125, 1, 0
125, 1, 0
125, 1, 0
125, 2, -1
125, 2, 0
125, 1, 0
125, 1, 0
124, 1, 0
126, 2, 0
125, 1, 0
125, 2, -1
124, 1, 0
126, 2, 0
125, 1, 0
125, 1, 0
125, 2, -1
125, 1, 0
125, 1, 0
124, 1, 0
126, 2, 0
125, 1, 0
125, 2, -1
125, 1, 0
125, 2, 0
124, 1, 0
125, 1, 0
126, 2, 0
125, 1, -1
125, 2, 0
125, 1, 0
125, 1, 0
125, 2, 0
125, 1, 0
125, 2, -1
195, 1, 0
55, 1, 0
124, 2, 0
126, 1, 0
125, 1, 0
125, 2, -1
124, 1, 0
126, 2, 0
125, 1, 0
124, 2, 0
126, 1, -1
125, 2, 0
125, 1, 0
124, 1, 0
126, 2, 0
125, 1, 0
124, 2, -1
125, 1, 0
137, 1, 0
115, 2, 0
124, 1, -1
125, 2, 0
126, 1, 0
127, 1, 0
124, 2, 0
123, 1, 0
133, 1, 0
124, 2, -1
122, 1, 0
122, 2, 0
124, 1, 0
125, 2, 0
125, 1, -1
125, 2, 0
125, 1, 0
126, 1, 0
124, 2, 0
125, 1, 0
125, 2, -1
125, 1, 0
125, 2, 0
125, 1, 0
125, 2, 0
125, 1, -1
126, 1, 0
124, 2, 0
126, 1, 0
124, 1, 0
126, 2, 0
125, 1, -1
124, 2, 0
125, 1, 0
126, 1, 0
125, 2, 0
125, 1, 0
125, 2, -1
124, 1, 0
125, 1, 0
130, 2, 0
123, 1, 0
125, 2, -1
123, 1, 0
127, 2, 0
123, 1, 0
124, 2, 0
126, 1, 0
124, 1, -1
126, 1, 0
125, 2, 0
124, 1, 0
125, 2, 0
125, 1, -1
125, 1, 0
125, 2, 0
125, 1, 0
126, 2, 0
124, 1, 0
126, 2, -1
124, 1, 0
125, 1, 0
125, 2, 0
125, 1, 0
125, 2, -1
125, 1, 0
125, 2, 0
126, 1, 0
125, 1, 0
124, 2, -1
125, 1, 0
125, 1, 0
125, 2, 0
125, 1, 0
125, 1, 0
125, 2, -1
125, 1, 0
125, 2, 0
125, 1, 0
125, 2, 0
125, 1, -1
125, 2, 0
125, 1, 0
137, 1, 0
113, 2, 0
125, 1, 0
125, 1, -1
126, 1, 0
124, 2, 0
125, 1, 0
125, 2, -1
126, 1, 0
124, 2, 0
126, 1, 0
125, 1, 0
125, 2, 0
125, 1, -1
124, 1, 0
125, 2, 0
125, 1, 0
125, 1, 0
125, 2, -1
125, 1, 0
125, 1, 0
125, 2, 0
125, 1, 0
125, 2, -1
125, 1, 0
125, 1, 0
125, 1, 0
125, 2, 0
125, 1, -1
125, 2, 0
125, 1, 0
125, 2, 0
251, 1, 0
249, 1, -1
125, 4, 0
124, 1, 0
126, 2, -1
125, 1, 0
125, 2, 0
125, 1, 0
124, 1, 0
126, 2, -1
125, 1, 0
124, 1, 0
125, 1, 0
126, 2, 0
125, 1, -1
124, 2, 0
125, 1, 0
126, 1, 0
125, 2, -1
247, 2, 0
128, 1, 0
125, 2, 0
125, 1, 0
124, 1, -1
125, 2, 0
125, 1, 0
125, 1, 0
125, 2, -1
127, 1, 0
124, 1, 0
125, 1, 0
125, 2, 0
125, 1, -1
125, 1, 0
125, 2, 0
125, 1, 0
125, 1, 0
125, 2, 0
125, 1, -1
125, 1, 0
125, 1, 0
125, 1, 0
125, 2, 0
125, 1, -1
125, 1, 0
125, 2, 0
125, 1, 0
125, 1, 0
125, 2, -1
125, 1, 0
125, 1, 0
125, 2, 0
125, 1, 0
127, 1, -1
123, 1, 0
125, 1, 0
129, 2, 0
127, 1, 0
132, 1, -1
124, 1, 0
120, 2, 0
125, 1, 0
124, 1, -1
126, 1, 0
124, 1, 0
125, 2, 0
125, 1, 0
125, 1, 0
125, 1, -1
125, 1, 0
125, 1, 0
125, 2, 0
127, 1, 0
123, 1, -1
125, 1, 0
125, 1, 0
125, 2, 0
125, 1, 0
125, 1, -1
125, 1, 0
126, 2, 0
243, 2, 0
131, 1, -1
130, 1, 0
117, 1, 0
123, 1, 0
126, 2, 0
125, 0, -1
124, 2, 0
125, 1, 0
125, 1, 0
126, 1, -1
126, 1, 0
124, 1, 0
124, 2, 0
125, 1, 0
126, 0, -1
125, 2, 0
125, 1, 0
124, 1, 0
125, 1, 0
125, 1, 0
125, 1, -1
126, 2, 0
248, 2, 0
127, 1, 0
125, 0, -1
125, 2, 0
126, 1, 0
125, 1, 0
124, 1, -1
125, 1, 0
125, 1, 0
125, 1, 0
125, 1, 0
125, 1, 0
125, 1, 0
126, 1, -1
124, 1, 0
125, 1, 0
125, 1, 0
125, 1, 0
126, 2, -1
248, 2, 0
249, 2, 0
127, 0, -1
289, 1, 0
212, 1, 0
124, 3, -1
126, 2, 0
246, 1, 0
128, 1, 0
125, 1, 0
124, 1, -1
126, 1, 0
125, 1, 0
125, 1, 0
125, 1, 0
124, 1, -1
125, 1, 0
126, 1, 0
124, 1, 0
125, 1, 0
126, 1, -1
125, 1, 0
247, 1, 0
127, 1, 0
125, 1, 0
125, 1, 0
125, 1, -1
125, 1, 0
125, 1, 0
125, 1, 0
125, 1, 0
247, 1, -1
128, 1, 0
125, 1, 0
125, 1, 0
125, 1, 0
125, 1, 0
125, 0, -1
125, 2, 0
247, 1, 0
128, 1, 0
125, 1, 0
125, 1, 0
125, 0, -1
125, 1, 0
125, 1, 0
126, 1, 0
125, 1, 0
143, 0, -1
113, 1, 0
122, 1, 0
123, 1, 0
244, 1, 0
134, 1, 0
124, 1, -1
245, 1, 0
128, 1, 0
126, 1, 0
249, 1, -1
128, 1, 0
128, 1, 0
241, 1, 0
131, 1, 0
244, 1, -1
131, 1, 0
125, 1, 0
245, 1, 0
137, 1, 0
237, 1, -1
128, 1, 0
247, 1, 0
127, 1, 0
247, 1, 0
128, 1, 0
125, 0, -1
125, 1, 0
247, 1, 0
128, 1, 0
246, 1, -1
129, 1, 0
247, 1, 0
249, 1, 0
128, 1, 0
247, 1, 0
252, 1, -1
249, 1, 0
251, 1, 0
249, 1, 0
128, 1, -1
247, 1, 0
249, 1, 0
251, 1, 0
251, 1, 0
130, 0, -1
121, 1, 0
372, 1, 0
249, 1, 0
250, 1, 0
251, 1, 0
128, 0, -1
124, 1, 0
661, 1, 0
215, 1, 0
247, 1, -1
250, 1, 0
376, 1, 0
375, 1, 0
374, 1, 0
128, 0, -1
407, 1, 0
340, 1, 0
501, 1, 0
534, 1, -1
627, 1, 0
611, 1, 0
762, 1, 0
215, 0, -1
786, 1, 0
1594, 1, 0
6182, -1, 0
439, 0, -1
2319, -1, 0
2228, -1, 0
1743, 0, -1
87, -1, 0
1499, -1, 0
1144, -1, 0
1105, -1, 0
131, 0, -1
994, -1, 0
922, -1, 0
747, -1, -1
750, -1, 0
830, -1, 0
625, -1, 0
127, 0, -1
547, -1, 0
576, -1, 0
668, -1, 0
332, -1, 0
665, -1, 0
242, 0, -1
221, -1, 0
535, -1, 0
497, -1, 0
627, -1, 0
391, -1, 0
322, -1, 0
538, -1, -1
390, -1, 0
358, -1, 0
374, -1, 0
340, -1, 0
380, -1, 0
372, -1, 0
499, -1, 0
248, -1, 0
404, -1, 0
221, -1, 0
254, 0, -1
128, -1, 0
408, -1, 0
211, -1, 0
250, -1, 0
413, -1, 0
212, -1, 0
415, -1, 0
211, -1, 0
249, -1, 0
250, -1, 0
418, -1, 0
207, -1, 0
250, -1, 0
249, -1, 0
250, -1, 0
375, -1, 0
250, -1, 0
251, -1, 0
249, -1, 0
250, -1, 0
250, -1, 0
250, -1, 0
250, -1, 0
128, -1, 0
247, -1, 0
250, -1, 0
250, -1, 0
250, -1, 0
250, -1, 0
128, -1, 0
247, -1, 0
250, -1, 0
250, -1, 0
250, -1, 0
251, -1, 0
127, -1, 0
248, -1, 0
323, -1, 0
54, -1, 0
247, -1, 0
128, 0, 1
125, -1, 0
125, -1, 0
247, -1, 0
128, -1, 0
247, -1, 0
250, -1, 0
128, -1, 0
247, -1, 0
128, -1, 0
247, -1, 0
128, -1, 0
248, -1, 0
127, -1, 0
247, -1, 0
131, 0, 1
122, -1, 0
125, -1, 0
125, -1, 0
247, -1, 0
250, -1, 0
128, -1, 0
125, -1, 0
247, -1, 0
128, -1, 0
247, -1, 0
128, -1, 0
125, 0, 1
125, -1, 0
125, -1, 0
125, -1, 0
125, -1, 0
247, -1, 0
250, -1, 0
128, -1, 0
125, -1, 0
247, -1, 0
128, -1, 0
125, -1, 0
125, 0, 1
125, -1, 0
125, -1, 0
125, -1, 0
247, -1, 0
128, -1, 0
125, -1, 0
247, -1, 0
131, -1, 0
124, -1, 0
124, -1, 1
245, -1, 0
129, -1, 0
124, -1, 0
248, -1, 0
127, -1, 0
125, -1, 0
125, -1, 0
125, -1, 1
247, -1, 0
128, -1, 0
125, -1, 0
125, -1, 0
247, -1, 0
128, -1, 0
125, -1, 1
125, -1, 0
125, -1, 0
247, -1, 0
128, -1, 0
125, -1, 0
125, -1, 1
125, -1, 0
247, -1, 0
128, -1, 0
125, -1, 0
125, -1, 0
129, -1, 0
121, -1, 0
125, -1, 1
247, -1, 0
128, -1, 0
125, -1, 0
125, -1, 0
126, -1, 0
124, -1, 0
125, -1, 1
125, -1, 0
247, -2, 0
250, -1, 0
128, -1, 0
125, -1, 0
125, -1, 1
125, -1, 0
125, -1, 0
246, -2, 0
251, -2, 0
253, -2, 1
249, -1, 0
127, -1, 0
124, -1, 0
240, -1, 0
261, -1, 1
124, -3, 0
124, -1, 0
127, -1, 0
124, -1, 0
125, -1, 0
125, -1, 1
125, -1, 0
125, -1, 0
125, -1, 0
125, -1, 0
125, -1, 1
125, -1, 0
247, -2, 0
128, -1, 0
125, -1, 0
125, -1, 1
125, -1, 0
125, -1, 0
125, -1, 0
125, -1, 0
247, -2, 0
128, -1, 1
125, -1, 0
125, -1, 0
125, -1, 0
125, -1, 0
125, -1, 1
125, -1, 0
125, -1, 0
125, -1, 0
125, -1, 0
125, -1, 0
125, -1, 1
125, -1, 0
125, -1, 0
143, -1, 0
106, -1, 0
125, -1, 0
126, -1, 1
125, -2, 0
246, -1, 0
129, -2, 0
247, -2, 1
128, -1, 0
125, -1, 0
125, -1, 0
125, -1, 1
126, -1, 0
123, -1, 0
125, -1, 0
125, -1, 0
126, -1, 0
124, -1, 0
126, -2, 1
247, -2, 0
127, -1, 0
126, -1, 1
125, -1, 0
124, -1, 0
125, -1, 0
125, -1, 0
131, -2, 0
123, 0, 1
123, -2, 0
126, -1, 0
124, -1, 0
126, -1, 1
125, -1, 0
124, -1, 0
129, -1, 0
125, -1, 0
126, -1, 0
123, -2, 1
125, -1, 0
123, -1, 0
124, -1, 0
125, -1, 0
128, -1, 1
125, -1, 0
125, -2, 0
125, -1, 0
125, -1, 0
125, -1, 1
125, -1, 0
124, -1, 0
125, -1, 0
126, -1, 0
125, -2, 1
125, -1, 0
126, -1, 0
124, -1, 0
125, -2, 1
248, -2, 0
127, -1, 0
125, -1, 0
125, -1, 1
125, -1, 0
125, -2, 0
124, -1, 0
125, -1, 1
126, -1, 0
124, -2, 0
126, -1, 0
124, -1, 1
125, -1, 0
125, -1, 0
125, -1, 0
125, -1, 0
125, -2, 1
126, -1, 0
124, -1, 0
134, -1, 0
116, -2, 1
125, -1, 0
125, -1, 0
125, -1, 0
125, -1, 1
126, -2, 0
124, -1, 0
125, -1, 0
125, -1, 1
126, -1, 0
125, -2, 0
296, -1, 0
203, -1, 1
144, -3, 0
105, -2, 1
124, -1, 0
125, -2, 0
249, -2, 1
126, -1, 0
125, -2, 0
126, -1, 0
125, -1, 1
125, -1, 0
125, -1, 0
124, -1, 0
126, -1, 1
124, -2, 0
125, -1, 0
125, -1, 0
126, -2, 0
125, -1, 1
125, -1, 0
124, -2, 0
125, -1, 1
125, -1, 0
126, -1, 0
124, -1, 0
125, -2, 1
126, -1, 0
125, -1, 0
124, -1, 0
125, -2, 1
125, -1, 0
126, -1, 0
145, -1, 0
104, -1, 1
125, -2, 0
125, -1, 0
125, -2, 0
125, -1, 1
125, -1, 0
125, -1, 0
153, -2, 0
98, -1, 1
125, -1, 0
125, -1, 0
128, -2, 1
122, -1, 0
125, -1, 0
125, -2, 0
124, -1, 1
125, -1, 0
125, -1, 0
126, -2, 0
124, -1, 1
126, -1, 0
124, -1, 0
125, -2, 0
126, -1, 1
124, -1, 0
125, -2, 0
125, -1, 0
125, -1, 1
125, -1, 0
126, -2, 0
124, -1, 1
125, -1, 0
125, -2, 0
126, -1, 0
125, -1, 1
125, -1, 0
125, -2, 0
124, -1, 0
126, -1, 1
124, -1, 0
126, -2, 0
125, -1, 1
125, -2, 0
124, -1, 0
125, -1, 0
125, -1, 1
125, -1, 0
125, -2, 0
125, -1, 1
125, -1, 0
125, -1, 0
125, -2, 0
125, -1, 0
125, -2, 1
125, -1, 0
131, -1, 1
123, -1, 0
128, -1, 0
123, -2, 0
124, -1, 0
127, -2, 1
243, -2, 0
145, -1, 1
113, -2, 0
123, -1, 0
124, -1, 0
125, -2, 1
126, -1, 0
127, -1, 0
124, -1, 0
146, -2, 1
108, -1, 0
123, -1, 0
124, -1, 1
124, -2, 0
124, -1, 0
126, -2, 0
124, -1, 1
126, -1, 0
125, -1, 0
124, -1, 0
126, -2, 1
120, -1, 0
125, -1, 0
124, -1, 0
125, -2, 1
497, -4, 1
7, -1, 0
123, -1, 0
125, -1, 0
124, -2, 0
126, -1, 1
124, -1, 0
126, -2, 0
225, -1, 0
28, -1, 1
122, -2, 0
123, -1, 0
126, -1, 1
124, -1, 0
125, -1, 0
125, -2, 0
127, -1, 1
124, -2, 0
124, -1, 0
125, -1, 0
126, -1, 1
125, -2, 0
124, -1, 0
126, -1, 0
125, -1, 1
125, -1, 0
124, -2, 0
125, -1, 0
126, -2, 1
137, -1, 0
113, -1, 0
124, -1, 0
126, -2, 1
124, -1, 0
125, -1, 0
125, -1, 0
126, -2, 1
124, -1, 0
125, -1, 0
126, -2, 1
124, -1, 0
126, -1, 0
124, -1, 0
125, -2, 1
125, -1, 0
125, -1, 0
125, -1, 0
125, -2, 0
125, -1, 1
126, -1, 0
124, -1, 0
125, -1, 0
125, -2, 1
126, -1, 0
125, -2, 0
126, -1, 1
125, -1, 0
124, -1, 0
125, -2, 0
125, -1, 0
125, -1, 1
126, -1, 0
123, -1, 0
123, -2, 0
125, -1, 1
125, -2, 0
248, -2, 1
127, -1, 0
125, -1, 0
125, -2, 0
125, -1, 0
125, -1, 1
130, -1, 0
121, -2, 0
124, -1, 1
125, -1, 0
125, -1, 0
125, -2, 0
125, -1, 1
126, -1, 0
125, -1, 0
125, -1, 0
125, -2, 1
124, -1, 0
126, -1, 0
124, -1, 0
125, -2, 1
125, -1, 0
125, -1, 0
125, -1, 0
125, -2, 1
125, -1, 0
125, -1, 0
125, -1, 0
125, -1, 0
125, -2, 1
125, -1, 0
125, -1, 0
128, -1, 0
126, -2, 1
122, -1, 0
125, -1, 0
125, -1, 0
124, -1, 1
126, -2, 0
125, -1, 0
124, -1, 0
125, -1, 0
126, -2, 1
125, -1, 0
125, -1, 0
125, -1, 1
125, -2, 0
125, -1, 0
124, -1, 0
126, -1, 0
124, -1, 1
126, -1, 0
126, -1, 0
124, -2, 0
125, -1, 1
124, -1, 0
125, -1, 0
125, -2, 0
125, -1, 1
125, -1, 0
125, -1, 0
125, -1, 0
125, -1, 0
125, -1, 1
126, -2, 0
125, -1, 0
124, -1, 0
125, -1, 1
125, -1, 0
126, -1, 0
124, -1, 0
125, -2, 0
125, -1, 1
125, -1, 0
249, -1, 0
252, -1, 0
125, -4, 1
125, -1, 0
125, -1, 0
125, -1, 1
124, -1, 0
130, -1, 0
125, -2, 0
248, -2, 1
128, -1, 0
124, -1, 0
125, -1, 0
126, -1, 0
124, -1, 1
125, -1, 0
129, -2, 0
242, -2, 0
130, -1, 1
124, -1, 0
125, -1, 0
146, -1, 1
104, -1, 0
125, -1, 0
125, -1, 0
125, -1, 0
125, -2, 0
126, 0, 1
125, -2, 0
243, -2, 0
131, -1, 0
125, -1, 1
134, -1, 0
117, -1, 0
120, -1, 0
124, -1, 0
125, -1, 1
125, -1, 0
128, -1, 0
123, -1, 0
124, -1, 0
127, -1, 1
124, -1, 0
125, -1, 0
130, -1, 0
120, -1, 0
125, -1, 1
125, -1, 0
125, -1, 0
125, -1, 0
125, -1, 0
125, -1, 0
135, -1, 1
115, -1, 0
125, -1, 0
125, -1, 0
124, -1, 0
126, -1, 1
125, -1, 0
124, -1, 0
126, -1, 0
125, -1, 0
125, -1, 1
125, -1, 0
125, -1, 0
124, -1, 0
126, -1, 0
125, -1, 0
125, 0, 1
125, -1, 0
125, -1, 0
125, -1, 0
125, -1, 0
125, -1, 0
125, -1, 0
125, -1, 1
139, -1, 0
110, -1, 0
126, -1, 0
247, -1, 1
128, -1, 0
126, -1, 0
124, -1, 0
125, -1, 0
125, -1, 0
124, -1, 0
248, -2, 1
250, -1, 0
127, -1, 0
248, -1, 0
128, -1, 0
124, -1, 1
125, -1, 0
125, -1, 0
126, -1, 0
250, -1, 0
124, -1, 1
125, -1, 0
247, -1, 0
128, -1, 0
125, -1, 0
247, -1, 0
128, -1, 0
126, -1, 1
124, -1, 0
125, -1, 0
247, -1, 0
128, -1, 0
247, -1, 1
128, -1, 0
125, -1, 0
247, -1, 0
128, -1, 0
248, -1, 0
128, -1, 0
124, 0, 1
125, -1, 0
282, -1, 0
218, -1, 0
125, -2, 0
247, -1, 0
250, -1, 1
128, -1, 0
247, -1, 0
250, -1, 0
128, -1, 0
247, -1, 0
128, -1, 1
247, -1, 0
250, -1, 0
250, -1, 0
128, -1, 0
247, -1, 0
250, -1, 0
250, -1, 0
128, 0, 1
125, -1, 0
247, -1, 0
250, -1, 0
250, -1, 0
250, -1, 0
250, -1, 0
250, -1, 0
250, -1, 1
250, -1, 0
379, -1, 0
247, -1, 0
252, -1, 0
374, -1, 0
250, -1, 0
418, -1, 0
332, -1, 0
250, 0, 1
131, -1, 0
406, -1, 0
338, -1, 0
545, -1, 0
330, -1, 0
546, -1, 0
453, -1, 0
626, -1, 0
624, -1, 0
876, -1, 0
1126, -1, 0
9262, 1, 0
2033, 1, 0
88, 0, 1
1744, 1, 0
1302, 1, 0
1195, 1, 0
875, 1, 0
922, 1, 0
828, 1, 0
805, 1, 0
612, 1, 1
639, 1, 0
445, 1, 0
683, 1, 0
482, 1, 0
503, 1, 0
331, 1, 0
499, 1, 0
417, 1, 0
500, 1, 0
333, 1, 0
446, 1, 0
368, 1, 0
369, 1, 0
367, 1, 0
346, 1, 0
229, 1, 0
414, 1, 0
336, 1, 0
250, 1, 0
414, 1, 0
211, 1, 0
250, 1, 0
250, 1, 0
415, 1, 0
210, 1, 0
250, 1, 0
250, 1, 0
250, 1, 0
250, 1, 0
376, 1, 0
249, 1, 0
128, 1, 0
247, 1, 0
250, 1, 0
250, 1, 0
255, 1, 0
245, 1, 0
128, 0, -1
125, 1, 0
124, 1, 0
247, 1, 0
250, 1, 0
250, 1, 0
128, 1, 0
247, 1, 0
128, 1, 0
247, 1, 0
250, 1, 0
250, 1, 0
128, 1, 0
247, 1, 0
250, 1, 0
286, 1, -1
218, 1, 0
124, 2, 0
247, 1, 0
128, 1, 0
247, 1, 0
128, 1, 0
249, 1, 0
126, 1, 0
125, 1, 0
247, 1, 0
128, 1, -1
247, 1, 0
128, 1, 0
248, 1, 0
127, 1, 0
125, 1, 0
125, 1, 0
247, 1, 0
128, 1, 0
247, 1, 0
128, 1, -1
125, 1, 0
247, 1, 0
128, 1, 0
125, 1, 0
125, 1, 0
247, 1, 0
128, 1, 0
125, 1, 0
125, 1, 0
125, 0, -1
125, 1, 0
125, 1, 0
125, 1, 0
125, 1, 0
125, 1, 0
247, 1, 0
129, 1, 0
124, 1, 0
125, 1, 0
125, 1, -1
247, 2, 0
250, 1, 0
128, 1, 0
125, 1, 0
125, 1, 0
247, 2, 0
251, 1, -1
127, 1, 0
125, 1, 0
125, 1, 0
125, 1, 0
125, 1, 0
125, 1, 0
125, 1, 0
125, 1, 0
125, 1, -1
247, 2, 0
250, 1, 0
128, 1, 0
125, 1, 0
125, 1, 0
125, 1, 0
125, 1, -1
125, 1, 0
128, 1, 0
122, 1, 0
125, 1, 0
125, 1, 0
125, 1, 0
125, 1, 0
125, 1, -1
125, 1, 0
125, 1, 0
125, 1, 0
125, 1, 0
125, 1, 0
125, 1, 0
125, 1, 0
125, 1, -1
125, 1, 0
125, 1, 0
125, 1, 0
125, 1, 0
125, 1, 0
125, 1, 0
125, 1, 0
125, 1, 0
125, 1, 0
125, 1, -1
125, 1, 0
125, 2, 0
247, 2, 0
128, 1, -1
125, 1, 0
125, 1, 0
125, 1, 0
125, 1, 0
125, 1, 0
125, 1, 0
125, 1, -1
125, 1, 0
125, 1, 0
125, 2, 0
125, 1, 0
125, 1, 0
125, 1, 0
125, 1, 0
125, 1, -1
125, 1, 0
125, 1, 0
125, 1, 0
125, 2, 0
211, 1, 0
39, 1, -1
146, 1, 0
104, 1, 0
125, 1, 0
125, 1, 0
125, 2, 0
247, 2, -1
128, 1, 0
125, 1, 0
125, 1, 0
125, 2, 0
126, 1, -1
124, 1, 0
125, 1, 0
125, 1, 0
125, 1, 0
125, 1, 0
125, 2, -1
125, 1, 0
125, 1, 0
125, 1, 0
125, 2, 0
125, 1, 0
125, 1, -1
125, 1, 0
125, 1, 0
125, 2, 0
247, 2, 0
128, 1, -1
125, 1, 0
125, 1, 0
125, 2, 0
125, 1, 0
125, 1, -1
125, 1, 0
125, 2, 0
125, 1, 0
125, 1, 0
125, 2, 0
247, 2, -1
128, 1, 0
125, 2, 0
125, 1, 0
125, 1, 0
125, 1, -1
125, 1, 0
125, 2, 0
125, 1, 0
125, 1, 0
125, 1, 0
125, 2, -1
125, 1, 0
125, 1, 0
125, 1, 0
125, 2, 0
125, 1, -1
124, 1, 0
126, 2, 0
125, 1, 0
125, 1, -1
125, 1, 0
125, 2, 0
125, 1, 0
125, 2, 0
125, 1, 0
125, 1, -1
125, 1, 0
125, 1, 0
125, 2, 0
125, 1, 0
125, 2, -1
125, 1, 0
125, 1, 0
125, 1, 0
125, 2, 0
125, 1, 0
125, 2, -1
125, 1, 0
125, 1, 0
125, 2, 0
125, 1, 0
125, 1, -1
125, 1, 0
125, 2, 0
125, 1, 0
125, 2, 0
125, 1, -1
125, 1, 0
125, 2, 0
125, 1, 0
125, 1, 0
125, 1, -1
125, 2, 0
125, 1, 0
125, 2, 0
125, 1, 0
125, 2, -1
125, 1, 0
125, 1, 0
125, 1, 0
126, 2, -1
124, 1, 0
125, 1, 0
125, 2, 0
124, 1, 0
126, 2, -1
125, 1, 0
124, 2, 0
126, 1, 0
125, 1, 0
125, 2, -1
126, 1, 0
124, 1, 0
124, 1, 0
126, 2, -1
125, 1, 0
125, 2, 0
125, 1, 0
125, 2, 0
125, 1, 0
125, 2, -1
125, 1, 0
124, 2, 0
126, 1, 0
125, 1, 0
125, 1, -1
125, 2, 0
124, 1, 0
126, 1, 0
237, 2, 0
264, 1, -1
124, 5, 0
125, 1, -1
126, 1, 0
123, 2, 0
126, 1, 0
125, 2, 0
125, 1, -1
125, 2, 0
124, 1, 0
126, 1, 0
125, 2, 0
125, 1, -1
125, 2, 0
125, 1, 0
124, 1, 0
126, 2, -1
124, 1, 0
126, 1, 0
125, 2, 0
125, 1, 0
125, 2, -1
125, 1, 0
126, 2, 0
124, 1, 0
125, 2, -1
128, 1, 0
123, 1, 0
127, 2, 0
123, 1, -1
124, 2, 0
125, 1, 0
126, 2, 0
126, 1, 0
124, 2, -1
124, 1, 0
128, 1, 0
124, 2, 0
130, 1, -1
120, 1, 0
124, 2, 0
125, 1, 0
126, 2, -1
124, 1, 0
126, 2, 0
125, 1, 0
125, 1, 0
125, 2, -1
124, 1, 0
125, 1, 0
125, 2, 0
126, 1, -1
124, 2, 0
125, 1, 0
125, 2, 0
125, 1, -1
126, 2, 0
125, 1, 0
124, 2, 0
125, 1, -1
126, 1, 0
124, 2, 0
125, 1, 0
126, 2, 0
125, 1, -1
124, 2, 0
126, 1, 0
128, 2, 0
124, 1, -1
123, 2, 0
124, 1, 0
125, 1, 0
126, 2, -1
124, 1, 0
125, 2, 0
126, 1, 0
127, 1, -1
122, 2, 0
125, 1, 0
125, 2, 0
125, 1, -1
126, 2, 0
124, 1, 0
125, 1, 0
125, 2, 0
126, 1, -1
124, 2, 0
125, 1, 0
125, 1, -1
125, 2, 0
125, 1, 0
125, 2, 0
125, 1, 0
125, 1, -1
126, 2, 0
125, 1, 0
124, 2, 0
125, 1, 0
125, 2, -1
126, 1, 0
125, 2, 0
124, 1, -1
125, 2, 0
125, 1, 0
125, 1, 0
126, 2, -1
124, 1, 0
125, 2, 0
125, 1, 0
125, 1, -1
126, 2, 0
124, 1, 0
125, 1, -1
125, 2, 0
126, 1, 0
124, 2, 0
125, 1, -1
125, 1, 0
128, 2, 0
123, 1, 0
125, 2, -1
124, 1, 0
125, 2, 0
125, 1, 0
125, 1, -1
125, 2, 0
125, 1, 0
125, 2, 0
125, 1, 0
125, 1, -1
302, 2, 0
199, 1, 0
124, 4, -1
125, 2, 0
125, 1, 0
125, 2, -1
125, 1, 0
125, 1, 0
125, 2, 0
125, 1, 0
126, 1, -1
126, 2, 0
123, 1, 0
125, 1, 0
126, 2, -1
124, 1, 0
125, 2, 0
125, 1, -1
125, 1, 0
125, 2, 0
125, 1, 0
125, 1, 0
125, 2, -1
125, 1, 0
125, 1, 0
125, 2, 0
125, 1, 0
125, 2, -1
125, 1, 0
125, 1, 0
125, 1, 0
125, 2, -1
125, 1, 0
124, 1, 0
126, 2, 0
125, 1, -1
124, 2, 0
126, 1, 0
125, 2, 0
125, 0, -1
125, 2, 0
125, 1, 0
125, 1, 0
125, 2, 0
125, 1, -1
125, 2, 0
125, 1, 0
129, 1, -1
122, 1, 0
125, 2, 0
130, 1, 0
130, 2, 0
121, 1, -1
123, 1, 0
124, 2, 0
125, 1, 0
127, 1, 0
123, 1, -1
127, 2, 0
127, 1, 0
122, 2, 0
126, 1, -1
125, 1, 0
124, 1, 0
126, 1, 0
125, 2, -1
124, 1, 0
126, 2, 0
124, 1, 0
126, 1, -1
125, 1, 0
124, 2, 0
126, 1, 0
125, 2, 0
125, 0, -1
125, 2, 0
124, 1, 0
124, 1, 0
122, 2, -1
124, 1, 0
125, 2, 0
248, 2, -1
127, 1, 0
126, 2, 0
125, 1, 0
125, 1, -1
124, 1, 0
125, 1, 0
126, 2, 0
124, 1, 0
126, 2, -1
125, 1, 0
125, 1, 0
125, 1, 0
124, 2, 0
126, 1, 0
124, 1, -1
127, 1, 0
125, 1, 0
125, 2, 0
125, 1, -1
124, 1, 0
125, 1, 0
126, 2, 0
125, 1, -1
124, 1, 0
125, 1, 0
126, 2, 0
125, 1, 0
124, 1, -1
125, 1, 0
126, 1, 0
125, 1, 0
124, 2, 0
126, 1, -1
124, 1, 0
125, 1, 0
125, 1, 0
126, 2, -1
125, 1, 0
125, 1, 0
124, 1, 0
126, 1, 0
125, 2, -1
124, 1, 0
125, 1, 0
126, 1, 0
124, 1, 0
126, 1, -1
124, 2, 0
126, 1, 0
375, 1, 0
125, 3, -1
124, 1, 0
125, 2, 0
126, 1, 0
124, 1, -1
125, 1, 0
125, 1, 0
125, 1, 0
126, 2, -1
124, 1, 0
248, 2, 0
127, 1, 0
125, 1, 0
125, 1, -1
124, 1, 0
125, 1, 0
126, 2, 0
125, 1, 0
126, 1, -1
124, 1, 0
125, 1, 0
126, 1, 0
124, 1, 0
125, 1, -1
125, 1, 0
125, 2, 0
125, 1, 0
124, 1, 0
124, 1, -1
124, 1, 0
125, 1, 0
126, 1, 0
124, 1, 0
125, 1, 0
130, 1, -1
120, 1, 0
125, 1, 0
125, 1, 0
125, 2, 0
125, 0, -1
125, 1, 0
125, 1, 0
125, 1, 0
125, 2, 0
126, 0, -1
124, 2, 0
247, 2, 0
254, 2, 0
130, 0, -1
125, 2, 0
123, 1, 0
245, 2, 0
131, 1, -1
125, 1, 0
124, 1, 0
125, 1, 0
245, 2, -1
251, 2, 0
130, 1, 0
309, 1, 0
69, 1, -1
123, 1, 0
124, 1, 0
127, 1, 0
122, 1, 0
127, 1, -1
124, 1, 0
124, 1, 0
147, 1, 0
109, 1, 0
114, 1, 0
249, 2, -1
249, 1, 0
128, 1, 0
136, 1, 0
114, 1, 0
125, 1, -1
125, 1, 0
125, 1, 0
247, 1, 0
128, 1, 0
125, 1, 0
128, 1, -1
122, 1, 0
125, 1, 0
248, 1, 0
127, 1, 0
126, 1, -1
124, 1, 0
125, 1, 0
125, 1, 0
247, 1, 0
128, 1, 0
125, 1, -1
125, 1, 0
247, 1, 0
128, 1, 0
125, 1, 0
125, 1, 0
125, 1, -1
251, 1, 0
125, 1, 0
124, 1, 0
247, 1, -1
129, 1, 0
124, 1, 0
248, 1, 0
128, 1, 0
247, 1, -1
128, 1, 0
125, 1, 0
124, 1, 0
366, 1, 0
261, 1, -1
123, 2, 0
248, 1, 0
127, 1, 0
125, 1, 0
125, 0, -1
125, 1, 0
125, 1, 0
247, 1, 0
128, 1, 0
247, 1, -1
128, 1, 0
247, 1, 0
250, 1, 0
129, 1, 0
128, 1, 0
243, 1, -1
250, 1, 0
128, 1, 0
247, 1, 0
250, 1, -1
251, 1, 0
250, 1, 0
127, 1, 0
247, 1, 0
250, 1, -1
250, 1, 0
250, 1, 0
250, 1, 0
250, 1, 0
128, 0, -1
125, 1, 0
247, 1, 0
250, 1, 0
250, 1, 0
407, 1, -1
218, 1, 0
250, 1, 0
250, 1, 0
407, 1, -1
343, 1, 0
249, 1, 0
410, 1, 0
371, 1, 0
374, 1, -1
378, 1, 0
373, 1, 0
376, 1, 0
476, 1, -1
371, 1, 0
625, 1, 0
499, 1, 0
656, 1, 0
220, 0, -1
499, 1, 0
935, 1, 0
1067, 1, 0
2288, 0, -1
8772, -1, 0
2116, -1, 0
1118, 0, -1
872, -1, 0
1478, -1, 0
984, -1, -1
1246, -1, 0
913, -1, 0
393, 0, -1
472, -1, 0
726, -1, 0
674, -1, 0
765, -1, 0
182, 0, -1
408, -1, 0
471, -1, 0
682, -1, 0
566, -1, 0
431, -1, 0
193, 0, -1
434, -1, 0
498, -1, 0
499, -1, 0
333, -1, 0
418, -1, 0
444, -1, 0
422, -1, -1
372, -1, 0
331, -1, 0
424, -1, 0
200, -1, 0
501, -1, 0
249, -1, 0
375, -1, 0
250, -1, 0
423, -1, 0
388, -1, 0
192, -1, 0
249, -1, 0
499, -1, 0
250, -1, 0
124, -1, 0
371, -1, 0
250, -1, 0
250, -1, 0
250, -1, 0
128, 0, -1
125, -1, 0
247, -1, 0
402, -1, 0
224, -1, 0
128, -1, 0
371, -1, 0
128, -1, 0
248, -1, 0
249, -1, 0
250, -1, 0
250, -1, 0
250, -1, 0
251, -1, 0
128, -1, 0
247, -1, 0
248, -1, 0
251, -1, 0
127, -1, 0
248, -1, 0
250, -1, 0
250, -1, 0
128, -1, 0
125, -1, 1
408, -1, 0
91, -1, 0
125, -1, 0
248, -1, 0
249, -1, 0
128, -1, 0
125, -1, 0
247, -1, 0
250, -1, 0
128, -1, 0
125, 0, 1
125, -1, 0
248, -1, 0
128, -1, 0
125, -1, 0
247, -1, 0
128, -1, 0
247, -1, 0
127, -1, 0
125, -1, 0
125, 0, 1
125, -1, 0
126, -1, 0
124, -1, 0
247, -1, 0
250, -1, 0
128, -1, 0
125, -1, 0
126, -1, 1
246, -1, 0
128, -1, 0
125, -1, 0
247, -1, 0
129, -1, 0
247, -1, 0
127, -1, 0
126, -1, 1
124, -1, 0
125, -1, 0
247, -1, 0
128, -1, 0
125, -1, 0
125, -1, 0
247, -1, 1
128, -1, 0
125, -1, 0
247, -1, 0
128, -1, 0
125, -1, 0
125, -1, 1
247, -1, 0
128, -1, 0
125, -1, 0
125, -1, 0
125, -1, 0
126, -1, 1
124, -1, 0
247, -1, 0
279, -1, 0
225, -1, 0
125, -3, 1
246, -1, 0
128, -1, 0
125, -1, 0
125, -1, 0
125, -1, 0
125, -1, 1
125, -1, 0
125, -1, 0
247, -1, 0
128, -1, 0
125, -1, 1
125, -1, 0
125, -1, 0
125, -1, 0
125, -1, 0
125, -1, 0
125, -1, 0
125, -1, 1
247, -2, 0
250, -1, 0
128, -1, 0
125, -1, 1
128, -1, 0
122, -1, 0
125, -1, 0
125, -1, 0
125, -1, 0
125, -1, 1
125, -1, 0
125, -1, 0
125, -1, 0
125, -1, 0
125, -1, 0
125, -1, 1
125, -1, 0
125, -1, 0
125, -1, 0
125, -1, 0
125, -1, 0
125, -1, 1
126, -1, 0
124, -1, 0
125, -1, 0
125, -1, 0
125, -1, 1
125, -1, 0
125, -1, 0
125, -1, 0
125, -1, 0
125, -1, 0
125, -1, 0
125, -1, 1
125, -1, 0
125, -1, 0
125, -1, 0
125, -1, 0
125, -1, 1
125, -1, 0
125, -2, 0
247, -2, 0
128, 0, 1
126, -1, 0
124, -2, 0
247, -2, 0
129, -1, 1
124, -1, 0
125, -1, 0
125, -1, 0
125, -1, 0
125, -1, 1
125, -1, 0
125, -1, 0
125, -2, 0
247, -2, 1
250, -2, 0
128, -1, 0
125, -1, 0
125, -1, 1
125, -1, 0
125, -1, 0
125, -1, 0
126, -2, 1
124, -1, 0
125, -1, 0
125, -1, 0
125, -1, 1
125, -1, 0
125, -1, 0
125, -1, 0
126, -2, 0
124, -1, 1
125, -1, 0
125, -1, 0
125, -1, 0
125, -1, 0
125, -1, 0
125, -2, 1
125, -1, 0
125, -1, 0
125, -1, 0
125, -1, 1
125, -1, 0
125, -1, 0
125, -2, 0
125, -1, 1
126, -1, 0
123, -1, 0
125, -1, 0
125, -1, 0
126, -2, 1
125, -1, 0
125, -1, 0
125, -1, 0
125, -1, 1
125, -2, 0
124, -1, 0
125, -1, 0
137, -1, 1
160, -2, 0
94, -1, 0
111, -1, 0
268, -1, 1
232, -1, 0
125, -4, 1
125, -1, 0
134, -1, 0
116, -1, 0
125, -2, 1
124, -1, 0
125, -1, 0
128, -1, 0
125, -2, 1
123, -1, 0
125, -1, 0
125, -1, 0
125, -1, 1
124, -2, 0
125, -1, 0
125, -1, 0
125, -1, 1
127, -2, 0
124, -1, 0
125, -1, 0
124, -1, 1
126, -2, 0
125, -1, 0
124, -1, 0
125, -1, 1
126, -1, 0
125, -2, 0
124, -1, 0
125, -2, 1
248, -2, 0
128, -1, 0
124, -1, 1
125, -2, 0
126, -1, 0
124, -1, 1
126, -1, 0
124, -2, 0
125, -1, 0
125, -1, 1
125, -1, 0
125, -2, 0
125, -1, 0
125, -2, 1
126, -1, 0
124, -1, 0
125, -1, 1
125, -1, 0
125, -2, 0
125, -1, 0
125, -1, 1
125, -2, 0
126, -1, 0
124, -1, 0
125, -2, 1
125, -1, 0
125, -1, 0
125, -1, 1
125, -1, 0
125, -2, 0
125, -1, 0
125, -2, 1
125, -1, 0
125, -1, 0
125, -1, 1
125, -2, 0
125, -1, 0
125, -1, 0
126, -2, 1
124, -1, 0
125, -1, 0
126, -1, 0
124, -2, 1
125, -1, 0
125, -2, 0
126, -1, 1
124, -1, 0
125, -1, 0
125, -1, 0
125, -2, 1
125, -1, 0
125, -2, 0
125, -1, 1
125, -1, 0
125, -2, 0
125, -1, 0
125, -1, 1
125, -1, 0
125, -2, 0
125, -1, 0
125, -2, 1
127, -1, 0
124, -1, 1
126, -1, 0
123, -2, 0
126, -1, 0
124, -2, 1
129, -1, 0
122, -1, 0
124, -2, 0
126, -1, 1
126, -1, 0
124, -1, 0
125, -2, 1
125, -1, 0
125, -2, 0
125, -1, 0
125, -1, 1
125, -1, 0
125, -1, 0
125, -2, 1
124, -1, 0
126, -2, 0
125, -1, 1
134, -2, 0
115, -1, 0
125, -1, 0
126, -2, 1
125, -1, 0
124, -1, 0
125, -1, 0
126, -2, 1
124, -1, 0
126, -2, 1
125, -1, 0
125, -1, 0
125, -1, 0
124, -2, 0
125, -1, 1
242, -2, 0
259, -1, 0
123, -4, 1
126, -1, 1
125, -2, 0
124, -1, 0
125, -1, 0
125, -2, 1
125, -1, 0
125, -2, 0
125, -1, 0
125, -1, 1
126, -2, 0
124, -1, 0
125, -1, 0
125, -2, 1
125, -1, 0
125, -1, 0
125, -2, 1
125, -1, 0
126, -2, 0
129, -1, 0
121, -1, 1
125, -2, 0
125, -1, 0
125, -1, 0
128, -2, 1
121, -1, 0
129, -1, 0
123, -2, 1
124, -1, 0
125, -2, 0
125, -1, 0
125, -2, 1
125, -1, 0
125, -1, 0
125, -2, 1
125, -1, 0
125, -1, 0
125, -1, 0
125, -2, 1
125, -1, 0
125, -2, 0
125, -1, 1
125, -1, 0
125, -2, 0
126, -1, 0
127, -2, 1
122, -1, 0
125, -1, 0
125, -1, 1
125, -2, 0
125, -1, 0
125, -2, 0
125, -1, 1
125, -2, 0
125, -1, 0
125, -1, 0
127, -2, 1
127, -1, 0
131, -1, 0
119, -2, 1
126, -1, 0
125, -1, 0
123, -2, 0
125, -1, 1
127, -2, 0
126, -1, 0
122, -1, 1
125, -2, 0
126, -1, 0
126, -2, 0
128, -1, 1
123, -1, 0
125, -1, 0
124, -2, 1
125, -1, 0
124, -2, 0
126, -1, 0
127, -1, 1
123, -2, 0
125, -1, 0
125, -2, 0
125, -1, 1
124, -1, 0
125, -1, 0
134, -2, 0
113, -1, 1
125, -2, 0
125, -1, 0
125, -1, 0
125, -2, 1
125, -1, 0
126, -1, 0
124, -2, 1
147, -1, 0
105, -1, 0
123, -2, 1
125, -1, 0
125, -2, 0
125, -1, 0
125, -1, 1
124, -2, 0
126, -1, 0
124, -1, 0
126, -1, 1
125, -2, 0
125, -1, 0
125, -2, 1
124, -1, 0
126, -2, 0
138, -1, 0
114, -1, 1
123, -2, 0
124, -1, 0
125, -1, 1
126, -1, 0
125, -2, 0
124, -1, 0
137, -2, 1
114, -1, 0
125, -1, 0
125, -2, 0
125, -1, 0
124, -1, 1
125, -1, 0
125, -2, 1
126, -1, 0
123, -2, 0
126, -1, 0
125, -2, 0
284, -1, 1
217, -1, 0
125, -4, 1
124, -1, 0
125, -2, 0
125, -1, 1
125, -2, 0
125, -1, 0
125, -1, 0
125, -1, 1
125, -2, 0
125, -1, 0
125, -1, 0
125, -2, 1
125, -1, 0
125, -2, 0
125, -1, 1
125, -1, 0
125, -1, 0
125, -2, 0
126, -1, 1
124, -2, 0
126, -1, 0
124, -1, 0
125, -1, 1
125, -1, 0
125, -2, 0
126, -1, 0
124, -2, 1
125, -1, 0
125, -1, 0
125, -2, 0
125, -1, 1
125, -1, 0
125, -1, 0
125, -2, 1
125, -1, 0
125, -1, 0
125, -1, 0
125, -2, 0
126, -1, 1
124, -2, 0
125, -1, 0
126, -1, 1
124, -1, 0
125, -1, 0
125, -2, 0
126, -1, 0
124, -2, 1
126, -1, 0
124, -1, 0
125, -1, 0
125, -2, 1
125, -1, 0
125, -1, 0
125, -1, 0
125, -1, 0
125, -2, 1
126, -1, 0
124, -1, 0
125, -2, 0
126, -1, 1
124, -1, 0
125, -2, 0
125, -1, 1
126, -1, 0
124, -1, 0
125, -1, 0
125, -2, 0
125, -1, 1
125, -1, 0
125, -1, 0
125, -2, 0
126, -1, 1
124, -1, 0
126, -1, 0
124, -2, 0
126, -1, 0
124, -1, 1
125, -1, 0
125, -1, 0
125, -2, 0
125, -1, 0
126, -1, 1
124, -1, 0
125, -2, 0
125, -1, 0
126, -1, 1
124, -1, 0
125, -1, 0
125, -1, 0
125, -1, 0
126, -2, 1
124, -1, 0
125, -1, 0
125, -1, 0
125, -1, 1
125, -1, 0
125, -2, 0
125, -1, 0
126, -1, 0
124, -1, 1
125, -1, 0
125, -1, 0
125, -1, 0
126, -2, 0
124, -1, 1
125, -1, 0
127, -1, 0
124, -1, 0
124, -1, 0
125, -1, 0
125, -1, 1
125, -1, 0
125, -2, 0
125, -1, 0
125, -1, 0
131, -1, 1
123, -1, 0
134, -1, 0
117, -1, 0
124, -1, 0
126, -1, 1
125, -1, 0
124, -1, 0
125, -1, 0
125, -1, 0
126, -2, 0
243, -2, 1
250, -2, 0
300, -1, 0
208, -1, 0
124, -3, 1
125, -1, 0
138, -1, 0
112, -1, 0
125, -1, 1
125, -1, 0
126, -1, 0
125, -1, 0
125, -1, 0
120, -1, 0
125, -1, 1
124, -1, 0
126, -1, 0
124, -1, 0
144, -1, 0
137, -1, 0
218, -2, 1
252, -2, 0
248, -1, 0
127, -1, 0
124, -1, 0
126, -1, 1
124, -1, 0
125, -1, 0
125, -1, 0
125, -1, 0
126, -1, 0
124, -1, 0
126, -1, 1
247, -1, 0
128, -1, 0
125, -1, 0
124, -1, 0
126, -1, 0
247, -2, 1
250, -1, 0
127, -1, 0
125, -1, 0
126, -1, 0
247, -1, 0
127, -1, 1
125, -1, 0
125, -1, 0
125, -1, 0
247, -1, 0
128, -1, 0
125, -1, 0
247, -1, 1
128, -1, 0
125, -1, 0
125, -1, 0
248, -1, 0
127, -1, 0
125, -1, 0
248, -1, 1
127, -1, 0
247, -1, 0
128, -1, 0
124, -1, 0
252, -1, 0
124, -1, 0
124, -1, 0
247, -1, 1
128, -1, 0
247, -1, 0
250, -1, 0
128, -1, 0
125, -1, 0
247, -1, 0
128, -1, 0
247, -1, 0
128, -1, 1
247, -1, 0
250, -1, 0
128, -1, 0
247, -1, 0
254, -1, 0
246, -1, 0
251, -1, 0
127, -1, 0
247, -1, 0
250, -1, 1
250, -1, 0
250, -1, 0
250, -1, 0
250, -1, 0
251, -1, 0
249, -1, 0
250, -1, 0
250, -1, 0
376, -1, 0
249, -1, 0
250, -1, 0
376, -1, 0
254, -1, 0
123, 0, 1
247, -1, 0
406, -1, 0
404, -1, 0
345, -1, 0
347, -1, 0
437, -1, 0
438, -1, 0
499, -1, 0
671, -1, 0
616, -1, 0
718, -1, 0
1129, -1, 0
9189, 1, 0
1709, 1, 0
1246, 1, 0
1258, 1, 0
749, 0, 1
215, 1, 0
766, 1, 0
750, 1, 0
625, 1, 0
656, 1, 0
620, 1, 0
531, 1, 0
478, 1, 0
475, 1, 0
496, 1, 0
371, 1, 0
531, 1, 0
216, 1, 0
500, 1, 0
376, 1, 0
248, 1, 0
391, 1, 0
362, 1, 0
375, 1, 0
249, 1, 0
376, 1, 0
249, 1, 0
249, 1, 0
375, 1, 0
250, 1, 0
235, 1, 0
249, 1, 0
251, 1, 0
250, 1, 0
249, 1, 0
259, 1, 0
241, 1, 0
251, 1, 0
249, 1, 0
250, 1, 0
128, 1, 0
247, 1, 0
250, 1, 0
250, 1, 0
250, 1, 0
128, 1, 0
247, 1, 0
250, 1, 0
250, 1, 0
128, 1, 0
247, 1, -1
128, 1, 0
247, 1, 0
127, 1, 0
247, 1, 0
251, 1, 0
127, 1, 0
248, 1, 0
127, 1, 0
125, 1, 0
248, 1, 0
127, 1, 0
125, 1, 0
126, 0, -1
125, 1, 0
125, 1, 0
248, 1, 0
127, 1, 0
125, 1, 0
248, 1, 0
127, 1, 0
125, 1, 0
247, 1, 0
128, 1, -1
125, 1, 0
125, 1, 0
247, 1, 0
128, 1, 0
125, 1, 0
247, 1, 0
128, 1, 0
125, 1, 0
125, 1, 0
125, 1, 0
247, 1, 0
128, 1, -1
125, 1, 0
125, 1, 0
125, 1, 0
125, 1, 0
247, 1, 0
128, 1, 0
125, 1, 0
125, 1, 0
125, 1, 0
125, 1, -1
247, 2, 0
250, 1, 0
128, 1, 0
125, 1, 0
125, 1, 0
125, 1, 0
125, 1, 0
125, 1, 0
125, 1, 0
125, 1, -1
125, 1, 0
247, 2, 0
254, 1, 0
126, 1, 0
125, 1, 0
131, 1, 0
117, 1, 0
125, 1, -1
125, 1, 0
124, 1, 0
126, 1, 0
124, 1, 0
125, 1, 0
126, 2, 0
246, 2, 0
128, 1, -1
248, 1, 0
128, 1, 0
124, 2, 0
249, 2, 0
127, 1, 0
124, 1, -1
125, 1, 0
125, 1, 0
126, 1, 0
125, 1, 0
124, 1, 0
126, 1, 0
124, 1, -1
125, 1, 0
232, 2, 0
149, 2, 0
120, 1, 0
124, 1, 0
125, 1, -1
126, 1, 0
124, 1, 0
125, 1, 0
125, 1, 0
125, 1, 0
125, 2, 0
125, 1, 0
125, 1, -1
125, 1, 0
125, 1, 0
125, 1, 0
143, 2, 0
108, 1, 0
124, 1, 0
126, 1, -1
125, 1, 0
126, 1, 0
125, 1, 0
125, 2, 0
123, 1, 0
125, 1, -1
125, 1, 0
126, 2, 0
124, 1, 0
128, 1, 0
123, 1, 0
124, 1, 0
125, 1, -1
126, 2, 0
124, 1, 0
125, 1, 0
125, 2, 0
125, 0, -1
126, 2, 0
124, 1, 0
125, 1, 0
125, 2, 0
248, 2, 0
128, 1, -1
124, 2, 0
125, 1, 0
126, 1, 0
124, 1, 0
125, 2, -1
125, 1, 0
125, 1, 0
126, 1, 0
124, 2, 0
125, 1, 0
125, 1, 0
125, 2, -1
125, 1, 0
125, 1, 0
125, 1, 0
126, 2, 0
124, 1, -1
125, 1, 0
125, 2, 0
125, 1, 0
125, 2, 0
125, 1, -1
125, 1, 0
125, 1, 0
125, 2, 0
125, 1, 0
125, 2, 0
125, 1, -1
125, 2, 0
126, 1, 0
124, 1, 0
125, 1, 0
125, 1, 0
125, 2, -1
125, 1, 0
125, 2, 0
125, 1, 0
125, 2, -1
125, 1, 0
125, 2, 0
125, 1, 0
125, 1, 0
125, 1, 0
125, 2, -1
125, 1, 0
125, 1, 0
125, 2, 0
125, 1, -1
125, 2, 0
125, 1, 0
125, 2, 0
125, 1, 0
125, 1, 0
125, 2, -1
125, 1, 0
125, 2, 0
126, 1, 0
124, 2, 0
125, 1, -1
125, 2, 0
125, 1, 0
125, 2, 0
125, 1, -1
125, 1, 0
126, 2, 0
125, 1, 0
124, 2, 0
125, 1, -1
125, 2, 0
125, 1, 0
125, 1, 0
125, 2, -1
126, 2, 0
124, 1, 0
125, 1, 0
125, 2, 0
125, 1, -1
125, 2, 0
125, 1, 0
125, 2, 0
125, 1, 0
125, 2, -1
126, 1, 0
124, 2, 0
125, 1, 0
125, 2, -1
125, 1, 0
272, 1, 0
228, 2, 0
125, 4, -1
125, 2, 0
125, 2, 0
125, 1, -1
125, 2, 0
125, 2, 0
125, 1, 0
125, 1, 0
125, 2, -1
125, 1, 0
125, 2, 0
125, 1, 0
125, 2, 0
125, 1, -1
125, 2, 0
125, 1, 0
125, 2, 0
125, 2, -1
125, 1, 0
126, 2, 0
124, 1, 0
125, 2, -1
125, 1, 0
125, 2, 0
125, 1, 0
125, 2, -1
125, 2, 0
125, 1, 0
125, 1, 0
125, 2, -1
125, 2, 0
125, 1, 0
125, 2, 0
125, 1, 0
125, 2, -1
125, 1, 0
125, 2, 0
125, 2, 0
125, 1, -1
125, 2, 0
125, 1, 0
125, 2, 0
125, 1, -1
125, 2, 0
125, 2, 0
125, 1, 0
125, 2, -1
125, 2, 0
125, 1, 0
125, 2, 0
126, 1, -1
124, 1, 0
127, 2, 0
123, 2, 0
125, 2, -1
125, 1, 0
125, 2, 0
125, 1, 0
125, 2, -1
126, 2, 0
123, 1, 0
125, 2, 0
125, 2, -1
126, 1, 0
124, 1, 0
125, 2, 0
127, 2, -1
126, 1, 0
123, 2, 0
125, 2, 0
129, 1, -1
126, 2, 0
124, 1, 0
124, 2, -1
123, 2, 0
126, 1, 0
125, 2, 0
124, 1, -1
125, 2, 0
126, 1, 0
124, 2, 0
125, 2, 0
126, 2, -1
125, 1, 0
124, 2, 0
126, 1, -1
124, 1, 0
126, 2, 0
135, 2, 0
115, 2, -1
124, 1, 0
126, 2, 0
125, 1, 0
125, 2, -1
125, 2, 0
125, 2, 0
125, 1, 0
125, 1, -1
126, 2, 0
124, 2, 0
125, 2, 0
125, 1, 0
125, 2, -1
125, 1, 0
125, 2, 0
126, 1, -1
123, 2, 0
126, 2, 0
125, 1, 0
125, 2, -1
124, 1, 0
126, 2, 0
142, 2, 0
107, 2, -1
125, 1, 0
125, 2, 0
125, 1, -1
125, 2, 0
126, 1, 0
124, 2, 0
125, 2, -1
126, 1, 0
124, 2, 0
125, 1, 0
126, 2, -1
125, 1, 0
125, 2, 0
124, 2, 0
126, 2, -1
323, 1, 0
177, 2, 0
125, 4, -1
124, 2, 0
125, 2, 0
125, 1, -1
125, 2, 0
125, 1, 0
126, 2, -1
124, 1, 0
125, 2, 0
125, 2, 0
125, 1, 0
125, 2, -1
125, 1, 0
126, 2, 0
124, 2, 0
125, 1, -1
125, 2, 0
125, 2, 0
126, 1, -1
125, 2, 0
128, 1, 0
121, 2, 0
126, 2, -1
125, 1, 0
126, 2, 0
128, 1, 0
124, 2, -1
123, 1, 0
125, 2, 0
125, 2, 0
125, 2, -1
125, 1, 0
124, 2, 0
126, 1, -1
125, 1, 0
125, 2, 0
125, 1, 0
125, 2, -1
125, 2, 0
125, 2, 0
125, 1, -1
125, 2, 0
125, 1, 0
125, 2, 0
125, 1, 0
126, 2, -1
124, 2, 0
125, 1, 0
125, 2, -1
125, 1, 0
125, 2, 0
125, 1, 0
125, 2, -1
125, 1, 0
125, 2, 0
125, 2, 0
125, 1, -1
125, 2, 0
124, 1, 0
126, 2, 0
125, 1, -1
125, 2, 0
125, 1, 0
125, 2, 0
125, 1, -1
125, 2, 0
125, 2, 0
125, 1, 0
125, 2, -1
125, 1, 0
125, 2, 0
124, 1, 0
128, 2, -1
123, 1, 0
125, 2, 0
124, 1, 0
126, 2, -1
125, 1, 0
125, 2, 0
125, 1, 0
125, 1, -1
125, 2, 0
125, 1, 0
125, 2, 0
125, 2, -1
125, 1, 0
125, 2, 0
125, 1, 0
125, 2, -1
125, 1, 0
125, 2, 0
125, 1, 0
125, 2, -1
125, 1, 0
124, 2, 0
126, 1, 0
125, 2, -1
124, 1, 0
126, 2, 0
125, 1, 0
124, 2, -1
126, 1, 0
125, 2, 0
124, 1, 0
125, 1, -1
125, 2, 0
125, 1, 0
125, 2, 0
125, 1, -1
125, 2, 0
130, 1, 0
125, 2, 0
134, 1, -1
116, 2, 0
126, 1, 0
133, 1, 0
116, 2, 0
126, 1, -1
125, 2, 0
126, 1, 0
125, 2, -1
124, 1, 0
124, 2, 0
125, 1, 0
125, 2, -1
125, 1, 0
125, 1, 0
125, 1, 0
126, 2, 0
129, 2, -1
287, 1, 0
208, 1, 0
125, 4, -1
125, 2, 0
127, 1, 0
122, 1, 0
123, 2, -1
123, 1, 0
125, 2, 0
125, 1, 0
125, 2, -1
125, 1, 0
125, 2, 0
125, 1, 0
125, 2, -1
144, 1, 0
105, 1, 0
125, 1, 0
126, 2, 0
125, 1, -1
125, 1, 0
125, 2, 0
124, 1, 0
126, 2, -1
125, 1, 0
124, 2, 0
125, 1, 0
126, 1, 0
125, 1, -1
128, 1, 0
124, 2, 0
124, 1, 0
126, 2, -1
124, 1, 0
125, 1, 0
125, 1, 0
125, 2, -1
125, 1, 0
125, 1, 0
126, 2, 0
124, 1, 0
125, 1, -1
132, 1, 0
123, 2, 0
122, 1, 0
127, 1, -1
126, 1, 0
121, 2, 0
124, 1, 0
126, 2, 0
124, 1, -1
124, 1, 0
123, 1, 0
125, 1, 0
126, 2, 0
144, 1, -1
105, 1, 0
125, 1, 0
125, 2, 0
126, 1, 0
124, 1, -1
125, 1, 0
125, 2, 0
125, 1, -1
125, 1, 0
125, 1, 0
125, 1, 0
125, 2, 0
126, 1, 0
125, 1, -1
125, 1, 0
124, 2, 0
125, 1, 0
126, 1, -1
124, 1, 0
126, 1, 0
124, 1, 0
125, 1, 0
125, 2, -1
131, 1, 0
119, 1, 0
125, 1, 0
125, 1, 0
125, 1, -1
125, 2, 0
125, 1, 0
125, 1, 0
125, 1, 0
125, 1, -1
127, 1, 0
122, 1, 0
125, 2, 0
248, 2, -1
128, 1, 0
125, 1, 0
125, 1, 0
125, 1, 0
125, 1, -1
127, 1, 0
123, 1, 0
124, 1, 0
125, 2, 0
258, 2, -1
123, 1, 0
126, 1, 0
127, 1, 0
117, 1, -1
126, 1, 0
124, 1, 0
146, 1, 0
104, 1, 0
125, 1, -1
125, 1, 0
125, 1, 0
125, 1, 0
125, 1, 0
125, 1, 0
125, 1, -1
125, 1, 0
125, 1, 0
125, 1, 0
125, 1, 0
125, 1, -1
126, 1, 0
125, 1, 0
124, 1, 0
125, 1, 0
125, 1, 0
126, 1, -1
290, 1, 0
211, 1, 0
123, 3, 0
125, 1, -1
125, 1, 0
248, 2, 0
249, 1, -1
128, 1, 0
125, 1, 0
125, 1, 0
125, 1, 0
125, 1, 0
247, 2, -1
250, 1, 0
128, 1, 0
125, 1, 0
129, 1, 0
121, 1, -1
125, 1, 0
247, 1, 0
128, 1, 0
125, 1, 0
125, 1, -1
125, 1, 0
247, 1, 0
128, 1, 0
125, 1, 0
261, 1, -1
114, 1, 0
125, 1, 0
125, 1, 0
247, 1, 0
128, 1, -1
125, 1, 0
247, 1, 0
128, 1, 0
125, 1, 0
248, 1, -1
127, 1, 0
247, 1, 0
128, 1, 0
250, 1, 0
134, 1, -1
242, 1, 0
129, 1, 0
246, 1, 0
250, 1, -1
131, 1, 0
122, 1, 0
245, 1, 0
250, 1, 0
131, 1, 0
243, 1, -1
251, 1, 0
251, 1, 0
130, 1, 0
246, 1, -1
249, 1, 0
135, 1, 0
364, 1, 0
252, 1, -1
247, 1, 0
127, 1, 0
247, 1, 0
249, 1, 0
251, 1, 0
128, 0, -1
247, 1, 0
249, 1, 0
251, 1, 0
405, 1, 0
220, 1, -1
400, 1, 0
225, 1, 0
403, 1, 0
347, 1, 0
128, 0, -1
247, 1, 0
377, 1, 0
499, 1, 0
500, 1, -1
382, 1, 0
618, 1, 0
652, 1, 0
499, 0, -1
222, 1, 0
1158, 1, 0
1845, 0, -1
7749, -1, 0
1912, -1, 0
587, 0, -1
1039, -1, 0
1244, -1, 0
872, -1, 0
1004, -1, -1
745, -1, 0
751, -1, 0
750, -1, 0
374, 0, -1
221, -1, 0
625, -1, 0
530, -1, 0
644, -1, 0
343, 0, -1
132, -1, 0
489, -1, 0
498, -1, 0
378, -1, 0
509, -1, 0
381, -1, 0
486, -1, 0
130, 0, -1
244, -1, 0
401, -1, 0
371, -1, 0
371, -1, 0
378, -1, 0
381, -1, 0
237, -1, 0
384, -1, -1
369, -1, 0
245, -1, 0
378, -1, 0
245, -1, 0
381, -1, 0
244, -1, 0
250, -1, 0
387, -1, 0
246, -1, 0
344, -1, 0
293, -1, 0
125, -1, 0
242, -1, 0
247, -1, 0
121, 0, -1
129, -1, 0
347, -1, 0
150, -1, 0
225, -1, 0
247, -1, 0
250, -1, 0
252, -1, 0
250, -1, 0
250, -1, 0
250, -1, 0
126, -1, 0
251, -1, 0
247, -1, 0
127, -1, 0
248, -1, 0
249, -1, 0
127, -1, 0
248, -1, 0
253, -1, 0
126, -1, 0
246, -1, 0
249, -1, 0
128, -1, 0
126, -1, 0
251, -1, 0
247, -1, 0
126, -1, 0
248, -1, 0
127, -1, 0
125, -1, 0
247, -1, 0
250, -1, 0
128, -1, 0
125, -1, 0
247, -1, 0
131, -1, 0
247, -1, 0
128, -1, 0
130, -1, 0
240, -1, 1
147, -1, 0
108, -1, 0
248, -1, 0
125, -1, 0
128, -1, 0
126, -1, 0
243, -1, 0
128, -1, 0
126, -1, 0
247, -1, 0
133, -1, 0
118, -1, 0
134, -1, 1
246, -1, 0
125, -1, 0
123, -1, 0
124, -1, 0
125, -1, 0
248, -1, 0
129, -1, 0
123, -1, 0
124, -1, 0
250, -1, 0
127, -1, 1
121, -1, 0
132, -1, 0
121, -1, 0
123, -1, 0
131, -1, 0
244, -1, 0
125, -1, 0
126, -1, 0
124, -1, 1
126, -1, 0
127, -1, 0
123, -1, 0
124, -1, 0
127, -1, 0
125, -1, 0
125, -1, 0
249, -1, 0
125, -1, 1
127, -1, 0
127, -1, 0
122, -1, 0
125, -1, 0
127, -1, 0
123, -1, 0
126, -1, 0
339, -1, 1
168, -1, 0
115, -3, 0
127, -1, 0
126, -1, 0
124, -1, 1
127, -1, 0
126, -1, 0
122, -1, 0
124, -1, 0
123, -2, 0
128, 0, 1
124, -1, 0
125, -1, 0
124, -1, 0
124, -1, 0
128, -1, 0
130, -2, 0
244, -2, 1
126, -1, 0
124, -1, 0
130, -1, 0
120, -1, 0
125, -1, 0
131, -1, 1
118, -1, 0
131, -1, 0
121, -2, 0
249, -2, 1
126, -1, 0
123, -1, 0
127, -1, 0
124, -1, 0
131, -1, 0
120, -1, 1
123, -2, 0
125, -1, 0
124, -1, 0
123, -1, 0
127, -1, 0
126, -1, 1
124, -2, 0
132, -1, 0
120, -1, 0
125, -1, 0
127, -1, 0
128, -2, 1
247, -2, 0
122, -1, 0
127, -1, 1
122, -1, 0
127, -2, 0
126, -1, 0
122, -1, 0
125, -1, 0
127, -1, 1
125, -2, 0
124, -1, 0
126, -1, 0
124, -1, 1
125, -2, 0
125, -1, 0
132, -1, 0
126, -1, 1
122, -2, 0
125, -1, 0
123, -1, 0
125, -1, 0
126, -1, 1
122, -2, 0
125, -1, 0
126, -2, 0
123, -1, 0
125, -1, 1
124, -1, 0
125, -2, 0
125, -1, 1
125, -1, 0
125, -2, 0
125, -1, 0
125, -1, 1
125, -1, 0
126, -2, 0
126, -1, 0
123, -2, 0
124, -1, 1
125, -1, 0
127, -1, 0
126, -1, 0
123, -2, 1
124, -1, 0
125, -2, 0
132, -1, 0
121, -2, 1
125, -1, 0
124, -1, 0
126, -1, 0
126, -2, 1
124, -1, 0
125, -1, 0
124, -2, 0
125, -1, 1
126, -2, 0
125, -1, 0
124, -2, 0
126, -1, 1
125, -1, 0
125, -2, 0
125, -1, 0
125, -2, 1
125, -1, 0
124, -1, 0
126, -2, 0
125, -1, 1
125, -1, 0
125, -2, 0
125, -1, 0
124, -2, 1
125, -1, 0
126, -2, 1
125, -1, 0
124, -1, 0
125, -2, 0
125, -1, 1
125, -2, 0
127, -1, 0
123, -2, 0
125, -1, 1
125, -2, 0
245, -1, 0
257, -2, 1
123, -4, 1
128, -1, 0
127, -2, 0
121, -1, 0
127, -2, 1
123, -1, 0
123, -2, 0
125, -1, 1
127, -2, 0
126, -2, 0
123, -1, 1
124, -2, 0
126, -1, 0
127, -2, 1
125, -1, 0
130, -2, 0
118, -1, 0
127, -2, 1
124, -1, 0
124, -2, 1
125, -1, 0
125, -2, 0
125, -1, 0
125, -2, 1
126, -2, 0
124, -1, 0
125, -2, 1
125, -1, 0
124, -2, 0
126, -1, 0
125, -2, 1
125, -1, 0
125, -2, 0
125, -2, 1
125, -1, 0
126, -2, 0
127, -1, 0
124, -2, 1
123, -1, 0
125, -2, 1
125, -2, 0
125, -2, 0
125, -1, 1
124, -2, 0
127, -1, 0
124, -1, 0
125, -2, 1
124, -2, 0
126, -2, 0
125, -1, 1
124, -2, 0
125, -1, 0
126, -2, 1
124, -1, 0
126, -2, 1
124, -2, 0
125, -2, 0
125, -1, 0
126, -1, 1
125, -2, 0
125, -2, 1
125, -2, 0
124, -1, 0
126, -2, 1
125, -1, 0
124, -2, 0
126, -2, 1
124, -2, 0
126, -1, 0
125, -1, 1
125, -3, 0
126, -1, 0
124, -2, 1
125, -1, 0
125, -2, 1
125, -2, 0
124, -2, 0
127, -1, 1
124, -2, 0
125, -1, 1
125, -2, 0
125, -2, 0
125, -1, 1
125, -2, 0
124, -2, 0
126, -2, 1
125, -1, 0
125, -2, 1
124, -1, 0
126, -3, 1
125, -1, 0
124, -1, 0
127, -2, 1
124, -2, 0
124, -2, 1
126, -1, 0
125, -2, 0
125, -2, 1
126, -2, 0
124, -1, 0
126, -2, 1
124, -2, 0
125, -2, 1
124, -1, 0
126, -2, 0
125, -2, 1
126, -1, 0
124, -2, 0
125, -2, 1
124, -2, 0
127, -1, 0
123, -2, 1
126, -2, 0
125, -2, 1
125, -1, 0
126, -2, 0
124, -2, 1
124, -1, 0
125, -2, 0
136, -2, 1
120, -2, 0
123, -1, 1
124, -2, 0
128, -2, 0
125, -2, 1
123, -1, 0
123, -2, 0
125, -2, 1
124, -1, 0
294, -2, 1
207, -2, 0
125, -6, 1
124, -1, 1
125, -2, 0
125, -2, 0
126, -1, 1
124, -2, 0
124, -2, 0
126, -2, 1
125, -1, 0
125, -2, 1
125, -2, 0
126, -2, 1
124, -2, 0
125, -2, 0
130, -1, 0
121, -2, 1
124, -2, 0
125, -1, 1
127, -2, 0
124, -2, 0
124, -2, 1
125, -1, 0
125, -3, 1
125, -1, 0
125, -2, 0
125, -2, 1
125, -2, 0
126, -1, 1
124, -2, 0
125, -2, 0
126, -1, 1
124, -3, 0
125, -1, 0
125, -2, 1
125, -2, 0
125, -2, 1
125, -1, 0
125, -3, 0
125, -1, 1
125, -2, 0
129, -2, 0
121, -1, 1
125, -2, 0
125, -2, 1
125, -2, 0
127, -2, 0
126, -2, 1
124, -1, 0
126, -2, 1
125, -2, 0
126, -1, 0
122, -2, 1
124, -2, 0
126, -2, 1
124, -1, 0
125, -3, 0
125, -1, 1
125, -2, 0
126, -2, 1
124, -2, 0
125, -1, 0
125, -2, 1
124, -2, 0
126, -1, 1
125, -3, 0
125, -1, 0
125, -2, 1
125, -2, 0
125, -2, 0
126, -1, 1
124, -3, 0
130, -1, 1
121, -2, 0
124, -2, 0
125, -1, 1
125, -2, 0
125, -2, 0
126, -2, 1
124, -2, 0
125, -2, 1
126, -1, 0
124, -3, 1
126, -1, 0
125, -2, 1
124, -2, 0
124, -1, 0
125, -2, 1
125, -2, 0
126, -2, 0
124, -2, 1
129, -2, 0
123, -1, 1
126, -2, 0
122, -2, 1
125, -2, 0
126, -1, 0
128, -2, 1
123, -2, 0
130, -1, 1
120, -3, 0
123, -1, 0
125, -2, 1
125, -2, 0
126, -2, 0
124, -1, 1
125, -2, 0
130, -2, 1
125, -2, 0
124, -2, 1
125, -1, 0
125, -2, 0
126, -2, 1
124, -2, 0
127, -1, 0
126, -2, 1
122, -2, 0
127, -2, 1
125, -1, 0
124, -2, 1
125, -2, 0
124, -2, 0
126, -2, 1
125, -1, 0
125, -2, 1
125, -2, 0
125, -2, 1
125, -1, 0
126, -3, 0
125, -1, 1
350, -2, 0
276, -1, 0
143, -8, 2
101, -1, 0
126, -2, 1
124, -2, 0
125, -2, 0
126, -1, 1
125, -2, 0
124, -2, 1
125, -1, 0
125, -2, 0
125, -2, 1
125, -2, 0
125, -1, 0
125, -3, 1
125, -1, 0
125, -2, 1
132, -1, 0
119, -2, 0
125, -2, 1
125, -1, 0
124, -2, 0
125, -2, 1
125, -2, 0
125, -1, 1
125, -3, 0
125, -1, 0
126, -2, 1
125, -1, 0
124, -3, 1
125, -1, 0
125, -1, 0
125, -2, 1
125, -2, 0
125, -2, 0
126, -1, 1
124, -2, 0
125, -2, 1
126, -2, 0
124, -1, 0
125, -2, 1
125, -2, 0
126, -1, 0
125, -2, 1
126, -1, 0
125, -2, 1
123, -2, 0
125, -2, 0
125, -1, 1
125, -2, 0
125, -2, 0
125, -2, 1
125, -1, 0
125, -1, 0
125, -2, 1
125, -2, 0
125, -2, 0
125, -1, 1
125, -2, 0
125, -1, 1
125, -2, 0
125, -2, 0
126, -2, 1
124, -1, 0
125, -1, 0
126, -2, 1
124, -2, 0
125, -2, 0
125, -1, 1
125, -2, 0
126, -1, 1
124, -2, 0
136, -2, 0
114, -2, 1
125, -1, 0
125, -1, 0
125, -2, 1
125, -1, 0
125, -2, 0
125, -2, 1
125, -2, 0
125, -1, 0
125, -2, 1
125, -1, 0
125, -2, 0
125, -1, 1
125, -1, 0
125, -2, 0
125, -2, 0
126, -2, 1
125, -1, 0
124, -2, 1
126, -1, 0
124, -2, 0
125, -1, 0
126, -2, 1
124, -1, 0
125, -2, 0
125, -1, 1
125, -2, 0
125, -1, 0
125, -2, 1
124, -1, 0
126, -2, 0
123, -1, 1
125, -2, 0
125, -2, 0
125, -1, 1
125, -1, 0
125, -2, 0
125, -1, 0
125, -2, 1
125, -1, 0
125, -2, 1
125, -1, 0
125, -2, 0
125, -1, 0
125, -2, 1
125, -1, 0
125, -1, 0
125, -2, 0
125, -1, 1
125, -2, 0
125, -1, 0
126, -2, 1
125, -1, 0
123, -1, 0
125, -2, 0
125, -1, 1
126, -1, 0
240, -2, 0
262, -1, 1
123, -4, 0
124, -2, 1
127, -1, 0
123, -2, 0
126, -1, 1
124, -1, 0
125, -1, 0
125, -2, 0
125, -1, 1
125, -1, 0
125, -2, 0
125, -1, 0
125, -2, 1
149, -1, 0
101, -1, 0
125, -1, 0
125, -2, 1
125, -1, 0
126, -1, 0
124, -2, 0
126, -1, 1
124, -1, 0
125, -1, 0
135, -2, 0
132, -1, 1
112, -1, 0
125, -1, 0
125, -2, 0
126, -1, 1
144, -1, 0
106, -1, 0
125, -1, 0
125, -2, 1
133, -1, 0
118, -1, 0
126, -1, 0
124, -2, 1
145, -1, 0
103, -1, 0
126, -1, 0
124, -2, 0
125, -1, 1
125, -1, 0
130, -1, 0
121, -1, 0
124, -1, 1
125, -1, 0
125, -2, 0
125, -1, 0
126, -1, 1
124, -1, 0
122, -1, 0
124, -1, 0
125, -1, 0
126, -1, 1
124, -1, 0
125, -2, 0
125, -1, 0
126, -1, 0
124, -1, 0
125, -1, 1
147, -1, 0
103, -1, 0
126, -1, 0
124, -1, 1
126, -1, 0
124, -1, 0
125, -1, 0
125, -1, 0
125, -1, 1
125, -1, 0
125, -2, 0
248, -2, 0
249, -1, 1
130, -2, 0
246, -1, 0
128, -1, 0
125, -1, 0
124, -1, 1
125, -1, 0
125, -1, 0
125, -1, 0
125, -1, 0
125, -1, 1
125, -1, 0
125, -1, 0
125, -1, 0
247, -1, 0
128, -1, 0
125, -1, 1
125, -1, 0
125, -1, 0
125, -1, 0
126, -1, 0
247, -1, 1
127, -1, 0
125, -1, 0
125, -1, 0
247, -1, 0
128, -1, 0
125, -1, 1
125, -1, 0
247, -1, 0
128, -1, 0
125, -1, 0
248, -1, 0
128, -1, 1
247, -1, 0
147, -1, 0
228, -1, 0
127, -1, 0
247, -1, 1
128, -1, 0
126, -1, 0
246, -1, 0
250, -1, 0
281, -1, 0
223, -1, 0
124, -1, 1
247, -1, 0
128, -1, 0
247, -1, 0
250, -1, 0
128, -1, 0
125, 0, 1
247, -1, 0
250, -1, 0
252, -1, 0
128, -1, 0
372, -1, 0
251, -1, 0
247, -1, 1
376, -1, 0
250, -1, 0
250, -1, 0
537, -1, 0
213, -1, 0
405, -1, 0
345, -1, 0
376, 0, 1
130, -1, 0
529, -1, 0
625, -1, 0
589, -1, 0
1001, -1, 0
7150, 1, 0
1229, 1, 0
1276, 1, 0
469, 0, 1
501, 1, 0
999, 1, 0
906, 1, 0
749, 1, 0
594, 1, 0
674, 1, 0
468, 1, 0
126, 0, 1
512, 1, 0
486, 1, 0
373, 1, 0
500, 1, 0
501, 1, 0
377, 1, 0
373, 1, 0
428, 1, 0
324, 1, 0
373, 1, 0
377, 1, 0
382, 1, 0
394, 1, 0
209, 1, 0
414, 1, 0
210, 1, 0
250, 1, 0
415, 1, 0
210, 1, 0
250, 1, 0
128, 0, 1
125, 1, 0
247, 1, 0
250, 1, 0
375, 1, 0
251, 1, 0
250, 1, 0
355, 1, 0
21, 1, 0
248, 1, 0
249, 1, 0
251, 1, 0
127, 1, 0
247, 1, 0
250, 1, 0
128, 1, 0
248, 1, 0
249, 1, 0
128, 1, 0
247, 1, 0
251, 1, 0
127, 1, 0
247, 1, 0
128, 1, 0
247, 1, 0
128, 1, 0
248, 1, 0
127, 1, 0
247, 1, 0
128, 1, 0
125, 1, 0
248, 1, -1
127, 1, 0
247, 1, 0
128, 1, 0
125, 1, 0
125, 1, 0
247, 1, 0
128, 1, 0
247, 1, 0
128, 1, 0
125, 1, 0
247, 1, 0
128, 1, 0
125, 1, 0
125, 1, 0
125, 1, -1
247, 1, 0
128, 1, 0
125, 1, 0
125, 1, 0
247, 1, 0
128, 1, 0
125, 1, 0
125, 1, 0
125, 1, 0
125, 1, 0
247, 1, -1
128, 1, 0
125, 1, 0
126, 1, 0
126, 1, 0
124, 1, 0
125, 1, 0
125, 1, 0
124, 1, 0
125, 1, 0
248, 2, -1
249, 1, 0
128, 1, 0
125, 1, 0
125, 1, 0
125, 1, 0
125, 1, 0
125, 1, 0
125, 1, 0
125, 1, 0
125, 1, 0
125, 1, -1
126, 1, 0
124, 1, 0
125, 1, 0
125, 1, 0
125, 1, 0
125, 1, 0
125, 1, -1
125, 1, 0
125, 1, 0
125, 1, 0
125, 1, 0
125, 1, 0
125, 1, 0
125, 2, 0
125, 1, 0
125, 1, -1
125, 1, 0
125, 1, 0
125, 1, 0
125, 1, 0
125, 1, 0
125, 1, 0
125, 1, 0
125, 1, -1
125, 1, 0
125, 2, 0
125, 1, 0
125, 1, 0
125, 1, 0
125, 1, -1
125, 1, 0
125, 1, 0
128, 1, 0
122, 2, 0
125, 1, 0
125, 1, 0
125, 1, -1
125, 1, 0
269, 1, 0
232, 2, 0
124, 3, 0
125, 1, -1
125, 2, 0
125, 1, 0
125, 1, 0
125, 1, 0
125, 2, 0
125, 1, -1
125, 1, 0
125, 1, 0
125, 2, 0
125, 1, 0
247, 2, -1
128, 1, 0
125, 2, 0
125, 1, 0
125, 1, 0
125, 1, 0
125, 2, -1
125, 1, 0
125, 1, 0
125, 1, 0
125, 2, 0
125, 1, 0
125, 1, 0
125, 2, -1
125, 1, 0
125, 1, 0
125, 1, 0
125, 2, 0
125, 1, -1
125, 2, 0
125, 1, 0
125, 1, 0
125, 1, 0
125, 2, -1
125, 1, 0
125, 1, 0
125, 2, 0
125, 1, 0
125, 2, -1
125, 1, 0
125, 1, 0
125, 1, 0
125, 2, 0
125, 1, -1
125, 1, 0
125, 2, 0
125, 1, 0
126, 2, 0
124, 1, -1
125, 2, 0
125, 1, 0
125, 2, 0
125, 1, 0
125, 1, -1
125, 2, 0
125, 1, 0
125, 1, 0
125, 2, -1
125, 1, 0
125, 2, 0
125, 1, 0
125, 1, 0
125, 2, -1
124, 1, 0
126, 2, 0
125, 1, 0
125, 2, -1
125, 1, 0
125, 2, 0
125, 1, 0
125, 1, -1
124, 2, 0
125, 1, 0
126, 2, 0
125, 1, 0
125, 2, -1
124, 1, 0
125, 2, 0
125, 1, 0
126, 2, -1
124, 1, 0
126, 2, 0
125, 1, 0
125, 2, -1
125, 2, 0
125, 1, 0
125, 1, 0
124, 2, -1
125, 1, 0
126, 2, 0
125, 1, 0
125, 2, -1
125, 1, 0
125, 2, 0
124, 1, 0
126, 2, 0
124, 1, -1
125, 2, 0
125, 2, 0
126, 1, 0
124, 2, -1
126, 1, 0
125, 2, 0
124, 1, 0
126, 2, -1
125, 1, 0
124, 2, 0
125, 2, 0
126, 1, -1
125, 2, 0
124, 1, 0
125, 2, 0
125, 1, -1
125, 2, 0
126, 1, 0
124, 2, 0
125, 2, -1
126, 2, 0
124, 1, 0
126, 1, 0
125, 2, -1
125, 2, 0
125, 1, 0
125, 2, -1
125, 2, 0
125, 1, 0
303, 2, 0
197, 1, -1
125, 5, 0
124, 2, -1
125, 1, 0
125, 2, 0
126, 1, -1
125, 2, 0
124, 1, 0
125, 2, 0
125, 2, -1
125, 2, 0
125, 1, 0
131, 1, 0
119, 2, -1
125, 2, 0
125, 2, 0
125, 1, -1
125, 2, 0
125, 1, 0
125, 2, -1
125, 1, 0
125, 3, 0
125, 1, 0
125, 1, 0
125, 2, -1
125, 1, 0
131, 2, 0
120, 2, 0
126, 2, -1
123, 1, 0
126, 2, 0
124, 1, -1
125, 2, 0
125, 2, 0
125, 1, 0
125, 2, -1
125, 1, 0
125, 3, -1
125, 1, 0
126, 2, 0
124, 1, 0
125, 2, -1
125, 1, 0
125, 3, 0
125, 1, 0
125, 1, -1
125, 2, 0
125, 1, 0
125, 2, -1
125, 2, 0
125, 2, 0
125, 1, -1
125, 2, 0
125, 2, 0
125, 2, 0
125, 1, -1
125, 2, 0
125, 1, 0
125, 2, -1
125, 2, 0
125, 1, 0
125, 2, 0
125, 2, -1
125, 2, 0
125, 1, 0
125, 2, -1
125, 2, 0
125, 1, 0
125, 2, 0
125, 1, -1
125, 2, 0
125, 2, 0
125, 2, -1
125, 1, 0
125, 2, 0
125, 1, 0
125, 3, -1
125, 1, 0
125, 1, 0
125, 2, -1
125, 2, 0
125, 2, 0
125, 1, -1
125, 2, 0
126, 1, 0
124, 2, -1
125, 2, 0
128, 2, 0
123, 1, 0
124, 2, -1
125, 2, 0
125, 1, 0
128, 2, -1
123, 1, 0
124, 2, 0
128, 2, 0
129, 2, -1
127, 1, 0
119, 2, 0
125, 2, -1
124, 2, 0
125, 1, 0
142, 1, -1
108, 2, 0
126, 2, 0
146, 2, -1
104, 1, 0
124, 2, 0
146, 2, 0
104, 2, -1
125, 1, 0
125, 2, 0
125, 1, -1
125, 2, 0
125, 2, 0
125, 1, -1
125, 2, 0
125, 2, 0
129, 2, -1
121, 1, 0
125, 2, 0
126, 1, -1
124, 2, 0
125, 2, 0
125, 1, -1
125, 2, 0
126, 2, 0
125, 2, -1
124, 1, 0
130, 2, 0
123, 2, 0
263, 2, -1
236, 1, 0
124, 5, -1
123, 2, 0
130, 1, -1
120, 2, 0
125, 2, 0
155, 2, -1
94, 1, 0
125, 2, 0
126, 1, -1
124, 3, 0
125, 1, 0
125, 1, -1
125, 2, 0
125, 2, 0
125, 2, -1
127, 1, 0
128, 2, 0
131, 2, -1
122, 1, 0
128, 2, 0
119, 2, -1
125, 1, 0
125, 2, 0
125, 2, 0
126, 1, -1
125, 2, 0
125, 2, 0
125, 2, -1
140, 1, 0
112, 2, 0
122, 1, -1
125, 2, 0
125, 2, 0
125, 1, -1
126, 2, 0
124, 2, 0
125, 2, -1
126, 1, 0
124, 2, 0
125, 1, -1
125, 3, 0
125, 1, 0
126, 2, -1
125, 1, 0
152, 1, 0
94, 3, -1
125, 1, 0
124, 2, 0
125, 1, 0
125, 2, -1
125, 2, 0
132, 2, 0
118, 1, -1
125, 2, 0
125, 1, 0
125, 2, -1
125, 2, 0
125, 1, 0
125, 2, -1
124, 1, 0
125, 2, 0
126, 2, -1
125, 2, 0
125, 1, 0
125, 2, -1
125, 1, 0
125, 2, 0
125, 2, 0
125, 1, -1
124, 2, 0
126, 1, 0
125, 2, -1
130, 2, 0
120, 2, 0
125, 1, -1
125, 2, 0
125, 1, 0
145, 2, -1
105, 2, 0
124, 1, 0
125, 2, 0
125, 1, -1
125, 2, 0
126, 1, 0
124, 2, -1
125, 2, 0
126, 2, 0
124, 1, 0
126, 2, -1
125, 1, 0
124, 2, 0
125, 2, -1
125, 1, 0
126, 2, 0
126, 1, 0
124, 2, -1
124, 1, 0
126, 2, 0
125, 2, -1
124, 1, 0
125, 2, 0
126, 1, 0
124, 2, -1
126, 1, 0
125, 2, 0
124, 1, -1
125, 2, 0
125, 2, 0
126, 2, -1
124, 1, 0
125, 2, 0
126, 1, -1
124, 1, 0
125, 2, 0
126, 2, -1
125, 2, 0
124, 1, 0
125, 2, -1
125, 1, 0
126, 2, 0
124, 1, 0
125, 2, -1
125, 1, 0
125, 2, 0
126, 2, -1
125, 1, 0
125, 2, 0
125, 1, -1
124, 2, 0
270, 1, 0
231, 2, 0
124, 4, -1
125, 2, 0
126, 1, -1
124, 2, 0
125, 2, -1
125, 1, 0
125, 2, 0
125, 1, 0
125, 2, -1
125, 1, 0
125, 2, 0
125, 1, -1
125, 1, 0
125, 2, 0
125, 2, 0
125, 1, -1
125, 2, 0
125, 1, -1
136, 2, 0
120, 2, 0
125, 1, 0
124, 2, -1
147, 1, 0
104, 1, 0
125, 2, 0
125, 1, -1
125, 2, 0
124, 1, 0
126, 2, -1
124, 1, 0
125, 2, 0
125, 1, -1
124, 2, 0
125, 2, 0
127, 1, 0
124, 1, -1
125, 2, 0
126, 2, 0
125, 1, 0
124, 2, -1
125, 1, 0
125, 2, 0
125, 1, -1
125, 2, 0
125, 1, 0
126, 2, -1
119, 1, 0
126, 1, 0
124, 2, 0
125, 1, -1
125, 2, 0
125, 1, 0
125, 2, 0
126, 1, -1
124, 2, 0
125, 1, 0
125, 2, -1
125, 1, 0
125, 1, 0
125, 2, -1
125, 1, 0
125, 2, 0
126, 1, 0
124, 2, -1
125, 1, 0
125, 1, 0
125, 2, 0
125, 2, -1
125, 1, 0
125, 1, 0
125, 2, 0
126, 1, -1
136, 2, 0
133, 1, 0
106, 1, -1
124, 2, 0
125, 1, 0
125, 1, 0
132, 2, -1
118, 1, 0
125, 1, 0
125, 2, -1
125, 1, 0
125, 2, 0
125, 1, 0
125, 2, -1
125, 1, 0
125, 2, 0
125, 1, 0
125, 1, -1
125, 2, 0
125, 1, 0
125, 2, -1
125, 1, 0
125, 1, 0
125, 1, 0
125, 2, -1
125, 1, 0
125, 2, 0
126, 1, 0
124, 2, -1
125, 1, 0
126, 1, 0
124, 1, -1
125, 2, 0
125, 1, 0
125, 1, 0
126, 2, -1
124, 1, 0
128, 2, 0
123, 1, 0
124, 1, -1
125, 1, 0
125, 2, 0
125, 1, -1
125, 1, 0
125, 2, 0
125, 1, 0
125, 2, -1
125, 1, 0
125, 1, 0
125, 1, 0
125, 2, -1
127, 1, 0
122, 1, 0
126, 2, 0
124, 1, -1
127, 1, 0
124, 1, 0
306, 2, -1
194, 1, 0
125, 4, -1
125, 1, 0
125, 1, 0
125, 2, -1
125, 1, 0
125, 1, 0
125, 1, 0
125, 2, -1
125, 1, 0
126, 1, 0
124, 1, 0
125, 2, -1
125, 1, 0
125, 1, 0
125, 1, 0
125, 1, -1
125, 2, 0
125, 1, 0
125, 1, 0
128, 1, -1
122, 2, 0
125, 1, 0
125, 1, 0
125, 1, -1
125, 1, 0
125, 2, 0
125, 1, 0
133, 1, -1
120, 1, 0
126, 1, 0
125, 1, 0
125, 2, -1
125, 1, 0
125, 1, 0
124, 1, 0
126, 1, 0
125, 2, -1
244, 2, 0
131, 1, 0
125, 1, -1
125, 1, 0
125, 1, 0
124, 1, 0
126, 2, -1
125, 1, 0
125, 1, 0
125, 1, 0
125, 1, 0
125, 1, -1
125, 1, 0
124, 1, 0
126, 1, 0
125, 2, -1
125, 1, 0
125, 1, 0
125, 1, 0
121, 1, -1
125, 1, 0
124, 1, 0
131, 1, 0
119, 1, 0
126, 1, -1
125, 1, 0
125, 1, 0
125, 1, 0
125, 2, -1
247, 1, 0
127, 2, 0
248, 2, -1
250, 2, 0
250, 2, 0
128, 0, -1
125, 2, 0
247, 2, 0
128, 1, 0
125, 0, -1
125, 1, 0
125, 1, 0
124, 1, 0
125, 1, -1
125, 1, 0
126, 1, 0
125, 1, 0
124, 1, 0
125, 1, -1
125, 1, 0
126, 1, 0
125, 1, 0
127, 1, 0
123, 1, -1
246, 1, 0
129, 1, 0
125, 1, 0
125, 1, -1
125, 1, 0
124, 1, 0
125, 1, 0
125, 1, 0
125, 1, -1
125, 1, 0
248, 1, 0
127, 1, 0
125, 1, -1
125, 1, 0
253, 1, 0
122, 1, 0
126, 1, -1
124, 1, 0
126, 1, 0
246, 1, 0
128, 1, -1
126, 1, 0
124, 1, 0
249, 1, 0
127, 1, -1
125, 1, 0
124, 1, 0
248, 1, 0
227, 1, -1
26, 1, 0
133, 1, 0
239, 1, 0
127, 1, 0
125, 0, -1
125, 1, 0
126, 1, 0
124, 1, 0
247, 1, 0
128, 1, -1
125, 1, 0
248, 1, 0
127, 1, 0
125, 0, -1
125, 1, 0
125, 1, 0
126, 1, 0
247, 1, 0
127, 1, 0
125, 0, -1
125, 1, 0
125, 1, 0
247, 1, 0
128, 0, -1
125, 1, 0
125, 1, 0
247, 1, 0
128, 1, 0
125, 0, -1
125, 1, 0
125, 1, 0
247, 1, 0
250, 1, 0
128, 0, -1
125, 1, 0
125, 1, 0
247, 1, 0
251, 1, -1
250, 1, 0
250, 1, 0
250, 1, 0
127, 0, -1
125, 1, 0
125, 1, 0
247, 1, 0
409, 1, -1
216, 1, 0
250, 1, 0
250, 1, 0
251, 1, -1
406, 1, 0
219, 1, 0
250, 1, -1
250, 1, 0
407, 1, 0
346, 1, 0
249, 0, -1
126, 1, 0
402, 1, 0
344, 1, 0
128, 0, -1
248, 1, 0
565, 1, 0
310, 1, -1
532, 1, 0
499, 1, 0
626, 1, -1
625, 1, 0
857, 1, 0
705, 0, -1
696, 1, 0
2252, 1, 0
3583, 0, -1
2001, -1, 0
2037, -1, 0
212, 0, -1
1878, -1, 0
660, 0, -1
337, -1, 0
1384, -1, -1
993, -1, 0
875, 0, -1
126, -1, 0
908, -1, 0
749, -1, 0
216, 0, -1
500, -1, 0
657, -1, 0
625, 0, -1
95, -1, 0
652, -1, 0
472, -1, 0
529, -1, -1
595, -1, 0
530, -1, 0
469, -1, 0
531, -1, 0
98, 0, -1
247, -1, 0
531, -1, 0
399, -1, 0
348, -1, 0
503, -1, 0
218, 0, -1
128, -1, 0
402, -1, 0
375, -1, 0
221, -1, 0
375, -1, 0
403, -1, 0
391, -1, 0
83, 0, -1
247, -1, 0
251, -1, 0
406, -1, 0
218, -1, 0
250, -1, 0
250, -1, 0
407, -1, 0
218, -1, 0
250, -1, 0
405, -1, 0
220, -1, 0
250, -1, 0
250, -1, -1
357, -1, 0
143, -1, 0
250, -1, 0
254, -1, 0
250, -1, 0
248, -1, 0
250, -1, 0
247, -1, 0
129, -1, 0
372, -1, 0
250, -1, 0
132, -1, 0
245, -1, 0
251, -1, 0
132, -1, 0
244, -1, 0
248, -1, 0
249, -1, 0
130, -1, 0
246, -1, 0
249, -1, 0
131, -1, 0
243, -1, 0
251, -1, 0
131, -1, 0
125, -1, 0
244, -1, 0
130, -1, 0
246, -1, 0
248, -1, 0
128, -1, 0
124, -1, 0
248, -1, 0
128, -1, 0
247, -1, 0
128, -1, 0
125, 0, 1
124, -1, 0
125, -1, 0
248, -1, 0
128, -1, 0
125, -1, 0
247, -1, 0
128, -1, 0
124, -1, 0
248, -1, 0
128, -1, 0
125, -1, 0
127, -1, 1
247, -1, 0
126, -1, 0
125, -1, 0
247, -1, 0
128, -1, 0
125, -1, 0
125, -1, 0
247, -1, 1
128, -1, 0
125, -1, 0
247, -1, 0
128, -1, 0
125, -1, 0
125, -1, 0
125, -1, 0
125, -1, 0
125, 0, 1
125, -1, 0
125, -1, 0
125, -1, 0
125, -1, 0
125, -1, 0
125, -1, 0
125, -1, 0
125, 0, 1
125, -1, 0
125, -1, 0
125, -1, 0
125, -1, 0
125, -1, 0
125, -1, 0
125, -1, 0
247, -1, 1
128, -1, 0
125, -1, 0
125, -1, 0
125, -1, 0
125, -1, 0
125, -1, 0
125, -1, 0
126, -1, 1
125, -1, 0
126, -1, 0
123, -1, 0
125, -1, 0
247, -1, 1
128, -1, 0
125, -1, 0
125, -1, 0
125, -1, 0
125, -1, 0
269, -1, 0
244, -1, 1
111, -3, 0
125, -2, 0
125, 0, 1
125, -1, 0
126, -1, 0
124, -1, 0
126, -1, 0
124, -1, 0
125, -2, 1
247, -2, 0
128, -1, 0
125, -1, 0
125, -1, 0
126, -1, 1
124, -1, 0
125, -1, 0
125, -1, 0
125, -1, 0
125, -1, 1
125, -1, 0
125, -1, 0
125, -1, 0
125, -1, 0
125, -1, 0
125, -1, 1
125, -1, 0
125, -1, 0
125, -2, 0
125, -1, 0
126, -1, 1
124, -1, 0
125, -1, 0
125, -1, 0
125, -1, 0
125, -1, 1
125, -1, 0
125, -2, 0
125, -1, 0
126, -1, 1
124, -1, 0
125, -1, 0
125, -1, 0
125, -2, 0
130, 0, 1
126, -2, 0
124, -1, 0
125, -1, 0
125, -1, 1
124, -1, 0
125, -2, 0
244, -2, 0
132, -1, 1
125, -1, 0
125, -1, 0
125, -2, 0
125, -1, 1
124, -1, 0
126, -1, 0
124, -1, 0
126, -2, 1
125, -1, 0
124, -1, 0
126, -1, 0
125, -2, 0
125, -1, 1
124, -1, 0
126, -1, 0
124, -1, 0
126, -2, 0
125, -1, 1
121, -1, 0
125, -1, 0
125, -2, 1
125, -1, 0
124, -1, 0
126, -1, 0
125, -2, 1
125, -1, 0
125, -1, 0
125, -1, 0
125, -2, 1
125, -1, 0
125, -1, 0
124, -2, 0
132, -1, 1
118, -1, 0
126, -1, 0
125, -2, 0
125, -1, 1
124, -1, 0
126, -2, 0
124, -1, 0
125, -1, 1
126, -1, 0
125, -2, 0
125, -1, 0
125, -2, 1
124, -1, 0
125, -1, 0
126, -1, 0
124, -1, 1
126, -2, 0
124, -1, 0
126, -2, 1
125, -1, 0
125, -2, 0
124, -1, 0
126, -1, 1
124, -1, 0
125, -2, 0
125, -1, 1
126, -1, 0
124, -2, 0
125, -1, 0
125, -2, 1
127, -1, 0
123, -2, 0
125, -1, 0
125, -1, 1
127, -1, 0
124, -2, 0
125, -1, 1
125, -2, 0
124, -1, 0
125, -1, 1
125, -2, 0
134, -1, 0
310, -2, 1
186, -1, 0
123, -5, 1
125, -1, 0
125, -1, 0
125, -2, 1
124, -1, 0
125, -2, 0
125, -1, 0
126, -2, 1
124, -1, 0
125, -2, 0
126, -1, 1
125, -2, 0
125, -1, 0
127, -1, 1
123, -2, 0
124, -1, 0
126, -2, 1
125, -1, 0
125, -2, 1
124, -1, 0
126, -2, 0
124, -1, 0
126, -2, 1
124, -1, 0
125, -2, 0
126, -1, 1
125, -2, 0
124, -1, 0
126, -2, 1
125, -2, 0
124, -1, 0
126, -2, 1
124, -1, 0
125, -2, 0
126, -1, 1
124, -1, 0
125, -2, 0
126, -1, 0
125, -2, 1
124, -1, 0
125, -2, 1
125, -2, 0
125, -2, 0
126, -1, 1
124, -2, 0
126, -1, 0
131, -2, 1
118, -1, 0
125, -1, 0
138, -2, 1
116, -2, 0
139, -2, 1
112, -1, 0
124, -2, 0
125, -1, 1
126, -2, 0
128, -1, 0
123, -2, 1
126, -2, 0
140, -1, 0
107, -2, 1
127, -1, 0
126, -2, 0
127, -1, 1
121, -3, 0
125, -1, 1
125, -2, 0
124, -1, 0
125, -2, 1
125, -1, 0
126, -2, 0
125, -2, 1
125, -1, 0
125, -2, 1
128, -1, 0
121, -2, 0
126, -2, 1
120, -2, 0
131, -1, 0
119, -2, 1
125, -1, 0
125, -1, 0
125, -3, 1
141, -1, 0
109, -2, 1
125, -1, 0
125, -2, 1
125, -2, 0
125, -2, 0
125, -1, 1
125, -2, 0
125, -2, 0
125, -1, 1
125, -2, 0
125, -1, 1
125, -2, 0
125, -2, 0
125, -2, 1
126, -1, 0
124, -2, 1
125, -2, 0
125, -2, 0
125, -1, 1
125, -2, 0
125, -2, 1
125, -1, 0
125, -2, 0
125, -2, 1
125, -2, 0
126, -1, 0
123, -2, 1
125, -2, 0
126, -2, 1
130, -1, 0
120, -1, 1
125, -2, 0
125, -2, 0
126, -2, 1
140, -1, 0
111, -3, 1
124, -1, 0
136, -2, 1
116, -2, 0
124, -2, 0
123, -1, 1
126, -2, 0
124, -2, 0
125, -1, 1
126, -2, 0
124, -2, 1
241, -2, 0
260, -1, 0
124, -6, 2
125, -1, 0
126, -2, 0
125, -2, 1
124, -1, 0
125, -2, 1
125, -2, 0
125, -2, 0
125, -1, 1
125, -3, 0
126, -1, 1
123, -2, 0
126, -2, 1
124, -1, 0
126, -2, 0
125, -2, 1
126, -2, 0
124, -1, 0
126, -3, 1
124, -1, 0
125, -2, 1
125, -2, 0
125, -2, 1
125, -1, 0
125, -2, 0
125, -2, 1
125, -1, 0
125, -3, 1
125, -1, 0
125, -2, 1
125, -2, 0
125, -2, 0
125, -1, 1
126, -3, 0
125, -1, 1
124, -2, 0
124, -2, 0
125, -1, 1
125, -3, 0
126, -1, 1
124, -2, 0
125, -2, 1
125, -2, 0
125, -1, 0
127, -3, 1
124, -1, 0
124, -2, 1
125, -2, 0
125, -1, 0
125, -3, 1
125, -1, 0
125, -2, 1
125, -2, 0
125, -2, 1
125, -1, 0
126, -3, 0
125, -1, 1
126, -2, 0
125, -2, 1
124, -1, 0
126, -3, 1
124, -1, 0
125, -2, 0
125, -2, 1
125, -2, 0
125, -2, 1
125, -2, 0
125, -1, 0
125, -2, 1
125, -2, 0
125, -2, 1
125, -2, 0
125, -1, 0
125, -3, 1
126, -1, 0
127, -2, 1
122, -2, 0
125, -2, 1
125, -2, 0
125, -1, 0
124, -2, 1
126, -2, 0
125, -2, 1
125, -2, 0
125, -2, 1
125, -1, 0
125, -3, 0
125, -1, 1
124, -2, 0
126, -2, 1
125, -1, 0
124, -3, 0
126, -1, 1
124, -3, 0
125, -1, 1
125, -2, 0
125, -2, 0
126, -2, 1
125, -2, 0
125, -2, 1
125, -1, 0
125, -2, 1
124, -2, 0
125, -2, 0
126, -2, 1
124, -2, 0
125, -2, 1
125, -1, 0
127, -3, 1
124, -1, 0
125, -2, 0
125, -2, 1
125, -1, 0
125, -3, 1
125, -1, 0
125, -2, 0
125, -2, 1
124, -2, 0
125, -2, 0
125, -2, 1
126, -2, 1
123, -2, 0
124, -1, 0
126, -2, 1
125, -2, 0
125, -2, 0
125, -2, 1
124, -1, 0
126, -3, 1
282, -1, 0
225, -3, 1
124, -5, 1
126, -1, 0
123, -3, 1
124, -1, 0
126, -2, 0
132, -2, 1
117, -2, 0
125, -2, 1
124, -2, 0
126, -1, 0
125, -3, 1
125, -1, 0
125, -2, 0
125, -2, 1
134, -2, 0
116, -2, 1
124, -1, 0
126, -3, 1
126, -1, 0
124, -2, 0
125, -2, 1
125, -2, 0
125, -2, 1
125, -1, 0
125, -2, 0
126, -2, 1
120, -2, 0
125, -2, 1
124, -2, 0
126, -1, 0
125, -3, 1
124, -1, 0
126, -3, 1
124, -1, 0
126, -2, 0
124, -2, 1
125, -1, 0
125, -3, 0
126, -1, 1
124, -2, 0
125, -2, 0
125, -2, 1
126, -1, 0
125, -3, 1
124, -1, 0
126, -2, 0
124, -2, 1
126, -1, 0
126, -3, 1
124, -1, 0
124, -2, 0
125, -2, 1
125, -2, 0
125, -2, 0
125, -2, 1
126, -1, 0
125, -2, 0
126, -2, 1
123, -1, 0
126, -3, 1
125, -1, 0
124, -2, 0
125, -2, 1
125, -2, 0
126, -2, 1
124, -2, 0
128, -1, 0
123, -2, 1
125, -2, 0
124, -1, 0
126, -3, 1
126, -1, 0
125, -2, 1
124, -2, 0
125, -2, 0
125, -1, 1
125, -3, 0
124, -1, 0
125, -1, 1
125, -2, 0
126, -2, 0
124, -2, 1
125, -2, 0
125, -2, 0
125, -1, 1
125, -2, 0
126, -2, 0
124, -2, 1
125, -1, 0
125, -2, 0
125, -2, 1
125, -1, 0
125, -3, 0
125, -1, 1
126, -2, 0
126, -1, 1
124, -3, 0
124, -1, 0
125, -2, 0
126, -2, 1
124, -1, 0
125, -2, 1
126, -1, 0
125, -3, 0
141, -1, 1
108, -2, 0
125, -1, 0
128, -3, 1
122, -1, 0
125, -2, 0
125, -2, 1
126, -1, 0
125, -2, 0
125, -1, 0
125, -3, 1
125, -1, 0
125, -2, 0
125, -1, 1
126, -3, 0
124, -1, 1
125, -2, 0
125, -1, 0
125, -2, 0
125, -2, 1
125, -1, 0
126, -2, 0
124, -2, 1
125, -2, 0
125, -1, 0
308, -2, 1
192, -1, 0
124, -5, 1
125, -2, 0
125, -1, 0
125, -3, 1
126, -1, 0
125, -2, 0
124, -1, 1
125, -2, 0
125, -2, 0
125, -2, 1
125, -1, 0
126, -1, 0
124, -2, 1
126, -1, 0
124, -2, 0
125, -2, 0
125, -2, 1
125, -1, 0
126, -2, 0
124, -1, 1
125, -2, 0
125, -2, 0
125, -1, 0
125, -2, 1
125, -1, 0
125, -3, 0
125, -1, 1
140, -2, 0
110, -1, 0
125, -2, 0
125, -1, 1
125, -2, 0
125, -1, 0
125, -2, 0
126, -2, 1
145, -1, 0
104, -2, 0
125, -1, 1
125, -2, 0
125, -1, 0
133, -2, 0
135, -2, 1
114, -2, 0
123, -1, 0
125, -1, 0
126, -2, 1
124, -1, 0
126, -2, 0
124, -1, 1
125, -2, 0
125, -1, 0
125, -2, 0
125, -1, 1
125, -2, 0
125, -2, 0
125, -1, 0
125, -2, 1
124, -1, 0
126, -2, 0
127, -1, 0
122, -2, 1
125, -1, 0
125, -2, 0
126, -1, 0
124, -2, 1
126, -1, 0
125, -1, 0
125, -2, 0
122, -1, 1
123, -2, 0
126, -1, 0
124, -2, 1
126, -1, 0
124, -2, 0
125, -1, 0
125, -2, 0
126, -1, 1
124, -1, 0
125, -2, 0
125, -1, 0
125, -2, 1
125, -1, 0
125, -2, 0
125, -1, 0
125, -2, 1
125, -1, 0
125, -1, 0
125, -2, 0
125, -1, 0
125, -2, 1
125, -1, 0
125, -1, 0
125, -1, 0
125, -2, 0
126, -1, 1
124, -2, 0
125, -1, 0
125, -2, 0
126, -1, 1
125, -1, 0
124, -1, 0
125, -2, 0
126, -1, 1
124, -1, 0
125, -2, 0
125, -1, 0
125, -2, 0
126, -1, 0
124, -1, 1
125, -1, 0
125, -1, 0
125, -2, 0
125, -1, 0
125, -2, 1
125, -1, 0
126, -1, 0
124, -1, 0
125, -2, 0
125, -1, 1
125, -1, 0
125, -1, 0
125, -1, 0
125, -2, 0
125, -1, 1
126, -1, 0
125, -1, 0
124, -2, 0
125, -1, 0
125, -1, 1
128, -1, 0
221, -2, 0
26, -1, 0
126, -1, 0
124, -1, 0
125, -1, 1
125, -1, 0
125, -1, 0
125, -2, 0
126, -1, 0
124, -1, 0
125, -1, 1
125, -1, 0
125, -1, 0
125, -1, 0
125, -2, 0
125, -1, 0
129, -1, 1
123, -1, 0
125, -1, 0
125, -1, 0
125, -2, 0
248, -2, 0
128, -1, 1
125, -1, 0
123, -1, 0
126, -1, 0
125, -1, 0
125, -1, 0
126, -1, 1
124, -1, 0
125, -1, 0
125, -1, 0
125, -2, 0
247, -1, 0
128, -1, 1
125, -1, 0
125, -1, 0
125, -1, 0
125, -1, 0
125, -1, 0
125, -1, 0
125, -1, 1
125, -1, 0
125, -1, 0
125, -1, 0
125, -1, 0
126, -1, 0
124, -1, 0
125, -1, 0
125, -1, 0
126, -1, 1
124, -1, 0
125, -1, 0
125, -1, 0
125, -1, 0
247, -1, 0
128, -1, 1
138, -1, 0
117, -1, 0
124, -1, 0
123, -1, 0
125, -1, 0
244, -1, 0
131, -1, 0
125, -1, 0
125, -1, 0
125, -1, 1
244, -1, 0
131, -1, 0
125, -1, 0
126, -1, 0
243, -1, 0
131, -1, 0
126, -1, 0
124, 0, 1
125, -1, 0
125, -1, 0
125, -1, 0
244, -1, 0
131, -1, 0
244, -1, 0
127, -1, 0
125, -1, 0
125, 0, 1
125, -1, 0
125, -1, 0
247, -1, 0
250, -1, 0
131, -1, 0
124, -1, 0
247, -1, 0
251, -1, 0
128, -1, 1
247, -1, 0
250, -1, 0
250, -1, 0
249, -1, 0
251, -1, 0
127, -1, 0
373, -1, 0
250, -1, 0
250, -1, 0
250, -1, 0
128, 0, 1
125, -1, 0
399, -1, 0
223, -1, 0
395, -1, 0
356, -1, 0
374, -1, 0
377, -1, 0
373, -1, 0
500, -1, 0
500, -1, 0
680, -1, 0
741, -1, 0
1247, -1, 0
6006, 1, 0
1201, 1, 0
1043, 1, 0
207, 0, 1
791, 1, 0
835, 1, 0
750, 1, 0
745, 1, 0
380, 1, 0
661, 1, 0
400, 1, 0
474, 1, 0
514, 1, 0
325, 1, 0
374, 1, 0
251, 0, 1
127, 1, 0
409, 1, 0
338, 1, 0
410, 1, 0
215, 1, 0
250, 1, 0
406, 1, 0
219, 1, 0
429, 1, 0
197, 1, 0
249, 1, 0
251, 1, 0
249, 1, 0
250, 1, 0
250, 1, 0
250, 1, 0
250, 1, 0
128, 1, 0
247, 1, 0
250, 1, 0
250, 1, 0
128, 1, 0
248, 1, 0
250, 1, 0
128, 1, 0
247, 1, 0
127, 1, 0
248, 1, 0
127, 1, 0
247, 1, 0
128, 1, 0
247, 1, 0
128, 1, 0
247, 1, 0
128, 1, 0
125, 1, 0
125, 1, 0
247, 1, 0
127, 1, 0
126, 1, 0
247, 1, 0
128, 1, 0
125, 1, 0
125, 1, 0
247, 1, 0
128, 1, 0
125, 1, 0
125, 1, 0
125, 1, 0
247, 1, 0
128, 1, 0
125, 1, 0
125, 1, 0
126, 1, -1
124, 1, 0
247, 2, 0
250, 1, 0
128, 1, 0
125, 1, 0
125, 1, 0
125, 1, 0
124, 1, 0
126, 1, 0
126, 1, 0
124, 1, 0
126, 1, -1
124, 1, 0
222, 1, 0
29, 1, 0
132, 1, 0
117, 1, 0
125, 1, 0
125, 1, 0
124, 1, 0
126, 1, 0
124, 1, 0
125, 1, 0
125, 1, 0
125, 1, -1
126, 1, 0
124, 1, 0
125, 1, 0
126, 1, 0
126, 2, 0
246, 2, 0
128, 1, 0
125, 1, 0
124, 1, 0
126, 1, 0
125, 1, -1
125, 2, 0
125, 1, 0
125, 1, 0
125, 1, 0
125, 1, 0
124, 1, 0
126, 1, 0
124, 2, 0
127, 1, -1
124, 1, 0
124, 1, 0
126, 2, 0
125, 1, 0
124, 1, 0
126, 1, 0
125, 1, 0
125, 2, 0
124, 1, -1
125, 2, 0
126, 1, 0
125, 1, 0
124, 1, 0
126, 2, 0
124, 1, 0
126, 1, 0
125, 2, -1
125, 1, 0
125, 1, 0
125, 1, 0
125, 2, 0
125, 1, 0
128, 2, -1
121, 1, 0
126, 2, 0
125, 1, 0
125, 1, 0
125, 2, 0
125, 1, 0
125, 1, -1
125, 2, 0
124, 1, 0
125, 2, 0
125, 1, 0
126, 1, 0
125, 2, 0
125, 1, -1
124, 2, 0
125, 1, 0
126, 2, 0
125, 1, 0
125, 2, 0
125, 1, 0
125, 2, -1
125, 1, 0
125, 2, 0
125, 1, 0
125, 2, 0
125, 1, 0
124, 2, 0
126, 1, -1
125, 2, 0
125, 1, 0
125, 2, 0
125, 1, 0
125, 2, 0
124, 1, -1
126, 2, 0
125, 2, 0
124, 1, 0
126, 2, 0
125, 1, -1
124, 2, 0
127, 1, 0
124, 2, 0
125, 2, 0
124, 2, -1
125, 1, 0
126, 1, 0
125, 2, 0
124, 2, 0
128, 2, 0
122, 1, -1
125, 2, 0
125, 1, 0
125, 2, 0
125, 2, -1
126, 2, 0
124, 1, 0
126, 1, 0
125, 3, 0
125, 1, 0
124, 2, 0
126, 1, -1
125, 2, 0
125, 2, 0
124, 2, 0
125, 1, 0
126, 2, -1
125, 2, 0
124, 1, 0
125, 2, 0
126, 2, 0
124, 2, -1
125, 1, 0
126, 3, 0
125, 1, 0
125, 2, -1
125, 2, 0
125, 2, 0
262, 1, 0
238, 2, 0
124, 5, -1
126, 2, 0
125, 2, 0
124, 2, 0
125, 2, -1
125, 1, 0
125, 2, 0
126, 2, 0
124, 2, -1
126, 2, 0
125, 1, 0
125, 2, 0
125, 2, -1
124, 2, 0
126, 2, 0
124, 2, 0
125, 1, 0
125, 3, -1
126, 1, 0
125, 3, 0
125, 1, 0
125, 2, -1
125, 2, 0
125, 1, 0
128, 3, 0
121, 1, 0
125, 3, -1
125, 1, 0
125, 2, 0
125, 2, -1
125, 2, 0
125, 2, 0
126, 2, 0
125, 2, -1
124, 1, 0
125, 3, 0
125, 2, 0
125, 2, 0
125, 1, -1
126, 3, 0
124, 1, 0
125, 3, 0
125, 1, 0
125, 2, -1
125, 2, 0
126, 2, 0
124, 3, 0
125, 1, -1
125, 3, 0
125, 1, 0
126, 3, -1
124, 1, 0
125, 3, 0
125, 1, 0
125, 2, -1
125, 3, 0
125, 1, 0
125, 2, 0
125, 2, -1
125, 3, 0
125, 1, 0
125, 3, -1
125, 1, 0
125, 3, 0
126, 2, 0
125, 1, -1
124, 3, 0
125, 1, 0
125, 3, 0
125, 1, -1
125, 3, 0
126, 2, 0
125, 2, -1
125, 2, 0
125, 2, 0
125, 2, 0
125, 2, -1
124, 2, 0
125, 2, 0
125, 2, -1
125, 2, 0
126, 3, 0
124, 1, 0
125, 3, -1
125, 2, 0
126, 2, 0
124, 2, -1
126, 1, 0
124, 3, 0
125, 2, 0
125, 2, -1
125, 2, 0
125, 3, 0
125, 1, -1
125, 3, 0
125, 2, 0
139, 2, 0
111, 2, -1
125, 3, 0
126, 1, 0
124, 2, -1
125, 3, 0
126, 1, 0
125, 3, 0
126, 2, -1
123, 2, 0
124, 2, 0
126, 3, -1
136, 1, 0
116, 3, 0
123, 2, 0
125, 1, -1
131, 3, 0
128, 2, 0
116, 2, -1
125, 2, 0
125, 3, 0
125, 1, 0
126, 3, -1
124, 2, 0
125, 3, 0
125, 1, 0
125, 2, -1
125, 3, 0
125, 2, 0
126, 2, -1
128, 2, 0
123, 3, 0
124, 1, 0
318, 3, -1
182, 2, 0
124, 6, -1
126, 3, 0
124, 2, -1
125, 2, 0
125, 2, 0
126, 3, -1
124, 1, 0
125, 3, 0
125, 2, 0
126, 3, -1
124, 1, 0
125, 2, 0
125, 3, -1
125, 2, 0
125, 2, 0
125, 2, 0
125, 3, -1
126, 2, 0
125, 2, 0
125, 2, -1
124, 3, 0
126, 2, 0
124, 1, 0
125, 3, -1
125, 2, 0
125, 3, 0
125, 1, -1
125, 3, 0
125, 2, 0
125, 3, -1
125, 1, 0
125, 3, 0
125, 2, 0
125, 2, 0
126, 2, -1
124, 2, 0
125, 3, -1
125, 2, 0
125, 2, 0
125, 2, -1
150, 3, 0
100, 2, 0
125, 2, 0
126, 2, -1
127, 2, 0
123, 3, 0
124, 2, -1
125, 2, 0
125, 2, 0
125, 3, -1
126, 2, 0
123, 2, 0
126, 2, 0
125, 3, -1
125, 2, 0
125, 2, 0
126, 2, -1
125, 2, 0
124, 3, 0
125, 2, -1
125, 2, 0
125, 2, 0
125, 3, -1
125, 2, 0
125, 2, -1
125, 2, 0
125, 2, 0
146, 3, 0
104, 2, -1
125, 2, 0
125, 2, 0
125, 3, -1
126, 2, 0
124, 3, 0
125, 1, -1
146, 3, 0
104, 2, 0
125, 2, -1
125, 3, 0
125, 1, 0
125, 3, -1
125, 2, 0
125, 3, 0
125, 2, 0
125, 2, -1
125, 2, 0
125, 3, 0
125, 2, -1
124, 1, 0
126, 3, 0
125, 2, -1
125, 3, 0
124, 2, 0
126, 2, -1
125, 2, 0
125, 3, 0
125, 2, -1
124, 2, 0
126, 2, 0
125, 2, -1
125, 3, 0
124, 2, 0
126, 2, -1
124, 2, 0
126, 3, 0
124, 2, -1
126, 3, 0
125, 1, 0
125, 3, -1
125, 2, 0
125, 2, 0
125, 3, -1
125, 1, 0
125, 3, 0
125, 2, -1
124, 3, 0
126, 2, 0
125, 2, -1
125, 2, 0
124, 3, 0
126, 2, -1
124, 1, 0
126, 3, 0
125, 2, -1
125, 3, 0
125, 2, 0
125, 2, -1
125, 2, 0
125, 3, 0
125, 2, -1
239, 2, 0
262, 2, 0
124, 6, -1
125, 3, -1
127, 2, 0
122, 3, -1
125, 2, 0
125, 2, 0
125, 2, 0
125, 3, -1
125, 2, 0
125, 2, 0
125, 2, -1
125, 2, 0
125, 2, 0
129, 2, -1
126, 3, 0
124, 2, 0
126, 2, -1
124, 2, 0
126, 3, 0
125, 2, -1
127, 2, 0
122, 2, 0
125, 2, -1
126, 3, 0
125, 1, 0
125, 3, -1
125, 2, 0
125, 2, 0
125, 2, -1
125, 3, 0
126, 2, 0
124, 2, -1
125, 2, 0
125, 2, 0
125, 2, -1
125, 2, 0
125, 3, 0
125, 1, -1
125, 3, 0
124, 2, 0
126, 3, -1
143, 2, 0
103, 2, 0
125, 2, -1
125, 2, 0
125, 2, 0
125, 2, -1
125, 3, 0
125, 2, 0
124, 2, -1
126, 2, 0
125, 3, 0
124, 1, -1
127, 3, 0
123, 2, 0
125, 2, 0
125, 2, -1
125, 2, 0
126, 3, -1
124, 1, 0
126, 3, 0
124, 2, 0
125, 2, -1
125, 2, 0
125, 2, 0
125, 2, -1
125, 2, 0
125, 2, 0
125, 2, -1
125, 3, 0
125, 1, -1
127, 3, 0
124, 2, 0
125, 2, 0
126, 2, -1
124, 3, 0
125, 1, 0
126, 2, -1
124, 3, 0
124, 1, 0
124, 3, -1
124, 1, 0
125, 3, 0
125, 2, 0
125, 2, -1
125, 2, 0
125, 2, 0
126, 2, -1
125, 2, 0
124, 2, 0
125, 2, -1
125, 2, 0
125, 2, 0
126, 3, -1
124, 1, 0
125, 3, 0
125, 2, -1
125, 2, 0
126, 2, 0
124, 2, -1
126, 2, 0
124, 2, 0
125, 2, -1
125, 2, 0
125, 2, 0
125, 2, 0
125, 2, -1
137, 2, 0
113, 2, 0
125, 2, -1
126, 2, 0
124, 2, 0
125, 2, -1
125, 2, 0
125, 2, 0
125, 2, -1
125, 2, 0
125, 2, 0
125, 2, -1
125, 2, 0
125, 2, 0
125, 2, -1
125, 2, 0
126, 2, 0
126, 2, 0
124, 1, -1
125, 3, 0
125, 2, 0
125, 2, -1
270, 2, 0
243, 2, 0
111, 5, -1
126, 2, 0
124, 2, -1
125, 2, 0
125, 2, 0
125, 2, -1
125, 2, 0
125, 2, 0
130, 2, -1
120, 1, 0
126, 3, 0
125, 1, -1
124, 2, 0
125, 2, 0
125, 2, -1
126, 2, 0
124, 2, 0
125, 2, 0
126, 1, -1
125, 3, 0
124, 1, 0
125, 2, -1
125, 2, 0
125, 2, 0
125, 2, -1
125, 1, 0
125, 3, 0
125, 1, 0
126, 2, -1
124, 2, 0
125, 2, -1
125, 1, 0
125, 3, 0
125, 1, 0
125, 2, -1
125, 2, 0
128, 1, 0
122, 2, -1
125, 2, 0
125, 2, 0
125, 1, 0
125, 3, -1
125, 1, 0
125, 2, 0
126, 2, -1
124, 1, 0
125, 2, 0
125, 2, 0
125, 2, -1
125, 1, 0
126, 2, 0
136, 2, -1
120, 2, 0
124, 1, 0
124, 3, 0
125, 1, -1
125, 1, 0
125, 2, 0
125, 2, -1
125, 2, 0
125, 1, 0
124, 2, 0
126, 2, -1
124, 2, 0
126, 1, 0
125, 2, -1
124, 2, 0
126, 2, 0
125, 1, 0
124, 2, -1
129, 2, 0
122, 1, 0
126, 2, -1
123, 1, 0
126, 2, 0
125, 2, 0
125, 2, -1
125, 1, 0
124, 2, 0
122, 1, 0
124, 2, -1
125, 2, 0
125, 1, 0
125, 2, 0
126, 1, -1
125, 2, 0
124, 1, 0
126, 3, -1
124, 1, 0
125, 2, 0
125, 1, 0
125, 1, -1
126, 2, 0
124, 1, 0
125, 2, 0
125, 2, -1
125, 2, 0
126, 1, 0
125, 2, 0
125, 1, -1
125, 2, 0
125, 1, 0
124, 1, 0
126, 2, -1
124, 1, 0
125, 2, 0
125, 2, 0
125, 1, -1
125, 2, 0
126, 1, 0
125, 2, 0
125, 2, -1
125, 1, 0
125, 1, 0
125, 2, -1
125, 1, 0
125, 2, 0
125, 1, 0
124, 2, 0
126, 1, -1
125, 2, 0
125, 1, 0
125, 2, -1
125, 1, 0
125, 1, 0
125, 2, 0
125, 1, -1
125, 2, 0
125, 1, 0
303, 2, 0
198, 1, 0
123, 4, -1
125, 1, -1
125, 2, 0
125, 1, 0
125, 1, 0
125, 2, 0
125, 1, -1
125, 2, 0
125, 1, 0
125, 1, -1
126, 2, 0
124, 1, 0
125, 1, 0
125, 2, 0
125, 1, -1
125, 1, 0
125, 2, 0
125, 1, 0
126, 1, -1
124, 1, 0
125, 2, 0
125, 1, 0
125, 2, -1
125, 1, 0
125, 1, 0
125, 1, 0
125, 1, -1
125, 2, 0
125, 1, 0
125, 1, 0
125, 1, -1
125, 2, 0
125, 1, 0
125, 1, -1
125, 1, 0
125, 2, 0
125, 1, 0
247, 2, -1
128, 1, 0
125, 1, 0
125, 1, 0
125, 2, -1
125, 1, 0
125, 1, 0
125, 1, 0
125, 1, 0
125, 1, -1
125, 1, 0
125, 2, 0
125, 1, 0
125, 1, -1
125, 1, 0
125, 1, 0
125, 1, 0
138, 1, -1
118, 1, 0
125, 2, 0
124, 1, 0
124, 1, 0
125, 1, -1
126, 1, 0
124, 1, 0
126, 1, 0
125, 1, -1
124, 1, 0
125, 1, 0
125, 1, 0
125, 1, -1
126, 1, 0
124, 1, 0
126, 1, 0
125, 1, 0
124, 1, -1
129, 1, 0
121, 1, 0
125, 1, -1
125, 1, 0
126, 1, 0
125, 1, 0
125, 1, 0
125, 0, -1
124, 2, 0
244, 1, 0
129, 1, 0
123, 1, -1
125, 1, 0
125, 1, 0
125, 1, 0
125, 1, -1
125, 1, 0
247, 2, 0
250, 1, -1
129, 1, 0
124, 1, 0
248, 2, -1
253, 1, 0
124, 1, 0
125, 1, 0
125, 0, -1
125, 1, 0
125, 1, 0
125, 1, 0
125, 1, 0
247, 1, -1
128, 1, 0
125, 1, 0
248, 1, -1
127, 1, 0
247, 1, 0
128, 1, 0
125, 1, -1
247, 1, 0
129, 1, 0
246, 1, -1
129, 1, 0
246, 1, 0
250, 1, 0
223, 1, -1
160, 1, 0
242, 1, 0
128, 1, -1
258, 1, 0
240, 1, 0
249, 1, -1
251, 1, 0
249, 1, 0
128, 0, -1
125, 1, 0
247, 1, 0
250, 1, 0
129, 0, -1
124, 1, 0
408, 1, 0
214, 1, -1
375, 1, 0
251, 1, 0
127, 0, -1
247, 1, 0
411, 1, 0
214, 0, -1
128, 1, 0
534, 1, 0
215, 0, -1
129, 1, 0
666, 1, 0
204, 0, -1
414, 1, 0
751, 0, -1
210, 1, 0
915, 0, -1
626, 1, 0
1002, 0, -1
2251, -1, 0
206, 0, -1
876, -1, 0
874, 0, -1
250, -1, 0
759, -1, 0
753, -1, -1
616, -1, 0
659, -1, 0
214, 0, -1
250, -1, 0
531, -1, 0
520, 0, -1
77, -1, 0
528, -1, 0
417, -1, 0
54, 0, -1
374, -1, 0
379, -1, 0
371, 0, -1
127, -1, 0
402, -1, 0
345, -1, 0
250, -1, 0
249, 0, -1
128, -1, 0
374, -1, 0
374, -1, 0
249, -1, 0
128, 0, -1
125, -1, 0
373, -1, 0
249, -1, 0
251, -1, 0
415, -1, -1
210, -1, 0
249, -1, 0
250, -1, 0
251, -1, 0
249, -1, 0
250, -1, -1
250, -1, 0
250, -1, 0
128, -1, 0
247, -1, 0
250, -1, 0
250, -1, -1
128, -1, 0
248, -1, 0
128, -1, 0
247, -1, 0
250, -1, 0
128, -1, 0
248, -1, 0
126, -1, 0
247, -1, 0
128, -1, -1
247, -1, 0
128, -1, 0
248, -1, 0
127, -1, 0
125, -1, 0
247, -1, 0
128, -1, 0
125, -1, 0
247, -1, 0
128, -1, 0
247, -1, 0
128, -1, 0
127, -1, -1
248, -1, 0
324, -1, 0
180, -1, 0
128, -2, 0
119, -1, 0
124, -1, 0
127, -1, 0
132, -1, 0
241, -2, 0
248, -1, 0
128, -1, 0
124, -1, 0
126, -1, 0
125, -1, 0
125, -1, 0
248, -2, 0
251, -1, 0
139, -1, 0
123, -1, 0
118, -1, 0
128, -1, 0
124, -1, 0
124, -1, 0
124, -1, 0
124, -1, 0
125, -1, 0
125, -1, 0
125, -1, 0
126, -1, 0
126, -1, 0
123, -1, 0
125, -1, 0
125, -1, 0
125, -1, 0
125, -1, 0
125, -1, 0
125, -2, 0
125, -1, 0
125, -1, 0
125, -1, 0
126, -1, 0
126, -1, 0
123, -1, 0
125, -1, 0
126, -1, 0
123, -2, 0
122, -1, 0
125, -1, 0
125, -1, 0
125, -2, 0
247, -2, 0
128, -1, 0
125, -1, 0
125, -1, 0
125, -1, 0
125, -2, 0
125, -1, 1
125, -1, 0
124, -1, 0
126, -2, 0
125, -1, 0
125, -1, 0
125, -1, 0
125, -2, 0
125, -1, 0
125, -1, 0
125, -2, 1
125, -1, 0
125, -1, 0
125, -1, 0
125, -2, 0
125, -1, 0
124, -2, 0
126, -1, 0
125, -2, 0
125, -1, 1
125, -1, 0
125, -2, 0
125, -1, 0
125, -1, 0
124, -2, 0
126, -1, 1
125, -1, 0
124, -2, 0
126, -1, 0
125, -2, 0
124, -1, 0
125, -2, 0
126, -1, 1
124, -2, 0
125, -1, 0
126, -2, 0
124, -2, 0
126, -1, 1
125, -2, 0
125, -1, 0
126, -2, 0
124, -1, 0
125, -1, 1
125, -2, 0
125, -1, 0
125, -2, 0
125, -2, 1
124, -2, 0
125, -1, 0
126, -2, 0
124, -1, 0
126, -2, 1
124, -2, 0
126, -1, 0
124, -2, 0
125, -1, 1
125, -2, 0
125, -2, 0
125, -2, 0
125, -1, 0
125, -2, 1
126, -2, 0
125, -2, 0
124, -1, 0
126, -1, 1
125, -2, 0
124, -2, 0
126, -2, 0
125, -2, 1
125, -2, 0
125, -1, 0
125, -2, 0
223, -2, 1
26, -2, 0
126, -1, 0
129, -2, 1
120, -2, 0
125, -2, 0
127, -2, 1
123, -1, 0
125, -3, 0
125, -1, 0
125, -2, 1
125, -2, 0
125, -2, 1
125, -2, 0
125, -1, 0
125, -3, 0
125, -1, 1
125, -2, 0
125, -2, 0
125, -2, 1
125, -2, 0
125, -2, 0
125, -2, 1
125, -2, 0
125, -2, 0
125, -2, 1
125, -2, 0
125, -2, 0
125, -2, 1
125, -2, 0
125, -2, 1
138, -2, 0
118, -2, 0
124, -2, 1
126, -3, 0
125, -1, 0
124, -3, 1
124, -1, 0
125, -2, 1
126, -3, 0
125, -1, 0
126, -3, 1
124, -2, 0
124, -2, 1
126, -2, 0
123, -3, 1
125, -1, 0
125, -3, 0
133, -2, 1
120, -2, 0
125, -2, 0
125, -2, 1
124, -3, 0
128, -1, 1
124, -3, 0
125, -2, 0
125, -3, 1
126, -1, 0
125, -3, 1
119, -2, 0
124, -2, 1
127, -2, 0
127, -2, 0
124, -3, 1
125, -2, 0
127, -3, 1
122, -1, 0
128, -3, 1
123, -2, 0
125, -3, 1
123, -2, 0
126, -2, 0
125, -3, 1
124, -2, 0
125, -2, 1
126, -2, 0
126, -3, 1
123, -2, 0
125, -3, 1
126, -2, 0
125, -3, 1
124, -2, 0
125, -2, 1
126, -3, 0
125, -2, 1
124, -3, 0
126, -2, 1
124, -3, 0
125, -1, 1
125, -3, 0
126, -2, 1
124, -3, 0
126, -2, 1
124, -3, 0
126, -2, 1
124, -3, 0
125, -3, 1
148, -2, 0
102, -3, 1
125, -2, 0
126, -3, 1
124, -2, 0
125, -3, 1
125, -2, 0
125, -2, 1
146, -3, 0
104, -3, 1
125, -3, 1
125, -2, 0
125, -3, 1
125, -2, 0
126, -3, 1
126, -2, 0
123, -3, 1
124, -2, 0
126, -4, 1
126, -2, 0
131, -2, 1
121, -3, 0
123, -2, 1
126, -4, 0
126, -2, 1
123, -3, 1
124, -2, 0
125, -3, 1
126, -2, 0
125, -4, 1
124, -2, 0
127, -2, 1
124, -3, 1
125, -3, 0
125, -3, 1
125, -2, 0
283, -4, 1
217, -2, 0
125, -9, 2
124, -2, 1
125, -2, 0
125, -4, 1
125, -2, 0
125, -3, 1
126, -3, 1
124, -3, 0
125, -2, 1
125, -4, 1
126, -2, 0
124, -4, 1
125, -2, 0
125, -3, 1
125, -3, 0
125, -2, 1
125, -4, 1
125, -2, 0
126, -3, 1
124, -3, 1
126, -3, 0
124, -3, 1
125, -3, 0
125, -2, 1
125, -4, 1
126, -2, 0
124, -3, 1
125, -3, 0
125, -3, 1
125, -3, 1
126, -3, 0
124, -3, 1
125, -3, 0
125, -3, 1
125, -3, 1
125, -3, 0
125, -3, 1
126, -2, 1
124, -4, 0
125, -2, 1
125, -4, 0
125, -2, 1
125, -4, 1
125, -2, 0
125, -4, 1
125, -2, 1
125, -4, 0
126, -3, 1
124, -2, 0
125, -4, 1
125, -2, 1
125, -4, 1
124, -2, 0
126, -4, 1
125, -3, 0
124, -3, 1
147, -3, 1
103, -4, 0
126, -2, 1
126, -3, 1
124, -3, 0
129, -3, 1
122, -4, 1
125, -2, 0
124, -4, 1
125, -3, 1
124, -3, 0
126, -3, 1
125, -4, 1
125, -2, 0
125, -4, 1
125, -3, 1
125, -2, 0
126, -4, 1
124, -3, 1
125, -4, 1
124, -2, 0
126, -4, 1
125, -3, 0
125, -4, 1
124, -2, 1
125, -4, 0
126, -3, 1
129, -2, 0
125, -4, 1
126, -3, 1
124, -4, 1
125, -2, 0
126, -4, 1
124, -3, 1
125, -4, 1
126, -2, 0
124, -4, 1
125, -3, 0
125, -3, 1
125, -4, 1
124, -2, 1
125, -4, 0
126, -3, 1
124, -4, 1
125, -2, 0
126, -5, 1
124, -2, 1
125, -4, 1
126, -3, 0
124, -3, 1
125, -4, 1
126, -2, 0
124, -4, 1
125, -3, 1
125, -4, 0
122, -2, 1
124, -5, 1
125, -2, 0
125, -4, 1
125, -3, 1
126, -4, 1
125, -3, 0
126, -2, 1
124, -4, 1
125, -3, 0
125, -4, 1
125, -3, 1
125, -4, 1
124, -3, 0
126, -4, 1
125, -2, 1
125, -4, 0
130, -3, 1
310, -3, 1
187, -4, 0
123, -9, 3
125, -5, 0
125, -2, 1
146, -4, 1
103, -3, 1
125, -4, 0
126, -3, 1
125, -3, 1
125, -4, 0
124, -3, 1
125, -4, 1
125, -3, 0
125, -4, 1
125, -3, 1
126, -4, 1
124, -2, 0
126, -4, 1
125, -3, 1
125, -3, 0
124, -4, 1
126, -3, 1
125, -4, 0
125, -3, 1
125, -4, 1
125, -3, 1
124, -4, 0
126, -3, 1
125, -4, 1
124, -3, 1
125, -2, 0
125, -5, 1
125, -2, 1
125, -5, 0
125, -2, 1
125, -5, 1
126, -2, 0
125, -4, 1
125, -3, 1
125, -5, 1
125, -2, 0
125, -3, 1
125, -4, 1
125, -3, 0
124, -4, 1
125, -3, 1
124, -4, 1
124, -3, 0
125, -4, 1
125, -3, 1
126, -4, 1
124, -3, 0
125, -3, 1
125, -4, 1
125, -3, 0
129, -4, 1
121, -3, 1
125, -4, 1
125, -3, 0
125, -4, 1
125, -3, 1
125, -4, 0
125, -3, 1
125, -3, 1
125, -4, 0
125, -3, 1
125, -4, 1
125, -3, 1
125, -4, 0
125, -3, 1
125, -4, 1
125, -3, 1
125, -4, 0
125, -3, 1
125, -3, 1
125, -4, 1
125, -3, 0
125, -4, 1
125, -3, 1
125, -4, 0
138, -3, 1
120, -4, 1
125, -3, 1
121, -4, 0
126, -3, 1
127, -3, 1
123, -4, 0
126, -3, 1
125, -4, 1
125, -3, 0
124, -4, 1
125, -3, 1
126, -4, 1
124, -3, 0
125, -4, 1
128, -3, 1
122, -4, 1
125, -3, 0
125, -3, 1
127, -4, 1
144, -3, 0
104, -4, 1
125, -3, 1
126, -4, 1
125, -3, 0
125, -4, 1
124, -3, 1
125, -4, 0
167, -3, 1
79, -3, 1
125, -4, 1
125, -3, 0
125, -4, 1
125, -3, 0
125, -4, 1
125, -3, 1
125, -4, 1
125, -3, 0
125, -4, 1
125, -3, 1
125, -3, 0
125, -4, 1
125, -3, 0
125, -4, 1
125, -3, 1
125, -4, 1
125, -3, 0
128, -4, 1
122, -3, 1
125, -4, 1
125, -3, 0
220, -2, 1
30, -5, 0
128, -2, 1
122, -5, 1
124, -2, 0
125, -4, 1
125, -3, 1
125, -4, 1
125, -3, 0
126, -4, 1
125, -3, 1
124, -3, 0
126, -4, 1
125, -3, 1
124, -4, 0
126, -3, 1
125, -4, 1
125, -3, 0
124, -4, 1
125, -2, 1
126, -5, 0
124, -2, 1
126, -3, 0
124, -4, 1
125, -3, 1
125, -4, 1
125, -3, 0
126, -4, 1
125, -3, 0
124, -4, 1
125, -3, 1
125, -4, 1
125, -2, 0
125, -5, 1
125, -2, 1
125, -3, 0
125, -4, 1
126, -3, 0
125, -4, 1
124, -2, 1
125, -5, 0
147, -2, 1
103, -4, 1
125, -3, 0
126, -4, 1
124, -3, 1
125, -3, 0
137, -4, 1
120, -2, 1
124, -4, 0
124, -3, 1
126, -4, 1
124, -3, 0
125, -3, 1
125, -3, 0
125, -4, 1
125, -3, 1
125, -3, 0
125, -4, 1
125, -2, 0
124, -4, 1
126, -3, 1
126, -4, 0
124, -2, 1
125, -4, 1
124, -3, 0
126, -4, 1
125, -3, 0
125, -2, 1
125, -4, 1
125, -3, 0
125, -4, 1
125, -2, 0
144, -4, 1
106, -3, 1
122, -4, 0
125, -2, 1
124, -4, 1
126, -3, 0
139, -3, 1
118, -3, 0
124, -3, 1
123, -4, 1
132, -2, 0
119, -4, 1
125, -3, 0
123, -4, 1
125, -3, 1
125, -3, 0
124, -3, 1
125, -4, 0
126, -3, 1
125, -2, 0
124, -4, 1
125, -2, 1
126, -4, 0
124, -3, 1
126, -4, 0
125, -2, 1
125, -4, 1
125, -3, 0
126, -3, 1
125, -3, 0
124, -2, 1
126, -4, 0
123, -3, 1
126, -3, 0
124, -3, 1
126, -4, 1
124, -2, 0
125, -4, 1
126, -2, 0
125, -4, 1
124, -3, 0
126, -2, 1
125, -4, 0
125, -2, 1
125, -4, 0
124, -3, 1
127, -3, 1
126, -3, 0
124, -3, 1
126, -3, 0
123, -4, 1
125, -2, 0
123, -2, 1
126, -4, 0
125, -3, 1
126, -3, 0
125, -3, 1
124, -3, 0
125, -3, 1
124, -3, 1
278, -3, 0
226, -4, 1
120, -8, 1
126, -2, 1
124, -4, 0
126, -2, 1
125, -4, 0
125, -2, 1
125, -3, 0
126, -3, 1
124, -3, 0
125, -3, 1
128, -2, 0
125, -3, 1
123, -3, 0
124, -3, 1
124, -2, 0
125, -4, 1
125, -2, 0
125, -4, 1
127, -2, 0
125, -3, 1
124, -3, 0
125, -3, 1
125, -2, 0
125, -2, 1
124, -4, 1
125, -2, 0
125, -3, 0
125, -3, 1
125, -3, 1
125, -2, 0
125, -4, 1
125, -2, 0
125, -3, 1
125, -2, 0
125, -3, 0
125, -3, 1
126, -2, 0
124, -4, 1
126, -2, 0
124, -3, 1
147, -2, 0
103, -3, 1
125, -2, 0
125, -4, 1
128, -2, 0
122, -2, 0
125, -3, 1
126, -3, 0
125, -3, 1
124, -2, 0
125, -3, 1
125, -2, 0
125, -3, 1
125, -3, 0
139, -3, 1
126, -2, 0
120, -2, 1
128, -3, 0
118, -2, 0
124, -3, 1
126, -2, 0
125, -3, 1
127, -2, 0
123, -3, 1
124, -3, 0
125, -3, 1
124, -2, 0
127, -3, 1
123, -2, 0
124, -2, 0
125, -3, 1
125, -2, 0
125, -3, 1
124, -2, 0
126, -3, 1
124, -2, 0
125, -3, 1
126, -2, 0
124, -3, 0
125, -2, 1
125, -2, 0
125, -2, 1
121, -2, 0
125, -3, 0
125, -2, 1
125, -3, 0
125, -2, 0
125, -3, 1
125, -2, 0
125, -3, 1
125, -1, 0
125, -2, 1
125, -3, 0
126, -2, 0
124, -3, 1
125, -2, 0
125, -2, 1
125, -2, 0
126, -3, 0
126, -2, 1
125, -3, 0
125, -2, 0
125, -1, 1
124, -3, 0
125, -2, 0
125, -3, 1
124, -1, 0
125, -3, 1
126, -2, 0
124, -2, 0
126, -2, 1
125, -3, 0
125, -2, 0
124, -1, 1
126, -3, 0
125, -2, 0
125, -2, 1
124, -2, 0
126, -2, 0
124, -2, 1
125, -2, 0
125, -2, 1
125, -3, 0
125, -1, 0
125, -2, 0
127, -2, 1
124, -2, 0
124, -2, 0
126, -2, 1
310, -2, 0
193, -2, 0
121, -6, 1
125, -2, 1
125, -1, 0
125, -3, 0
125, -1, 1
125, -2, 0
125, -2, 0
125, -2, 1
125, -2, 0
125, -2, 0
125, -2, 0
126, -2, 1
125, -1, 0
125, -2, 0
125, -2, 1
124, -1, 0
125, -2, 0
125, -2, 0
125, -2, 1
125, -1, 0
125, -2, 0
125, -2, 1
125, -2, 0
125, -1, 0
125, -2, 0
125, -1, 0
125, -2, 1
125, -2, 0
125, -1, 0
125, -2, 1
125, -1, 0
125, -2, 0
125, -1, 0
130, -3, 1
127, -1, 0
124, -1, 0
126, -2, 0
125, -1, 1
125, -2, 0
126, -1, 0
124, -2, 0
125, -1, 1
126, -2, 0
125, -1, 0
123, -2, 0
126, -1, 1
123, -2, 0
126, -1, 0
125, -1, 0
124, -2, 0
125, -1, 0
125, -1, 1
125, -1, 0
125, -2, 0
125, -1, 0
125, -2, 0
126, -1, 1
124, -1, 0
125, -1, 0
125, -1, 0
125, -2, 0
122, -1, 1
125, -1, 0
124, -1, 0
125, -2, 0
125, -1, 0
125, -1, 1
125, -1, 0
124, -1, 0
126, -1, 0
124, -1, 0
125, -1, 0
126, -1, 0
125, -2, 0
125, 0, 1
126, -2, 0
123, -1, 0
126, -1, 0
125, -1, 0
125, -1, 0
125, -1, 0
124, -1, 0
126, -1, 1
247, -2, 0
250, -1, 0
127, -1, 0
125, -1, 0
125, -1, 0
126, -1, 0
125, -1, 0
247, -1, 1
128, -1, 0
124, -1, 0
248, -1, 0
129, -1, 0
124, -1, 0
247, -1, 0
127, -1, 0
248, -1, 0
128, -1, 0
247, -1, 1
128, -1, 0
250, -1, 0
248, -1, 0
126, -1, 0
247, -1, 0
251, -1, 0
250, -1, 0
249, -1, 0
410, -1, 0
216, -1, 0
669, -1, 0
209, -1, 0
497, -1, 0
653, -1, 0
999, -1, 0
3359, 0, -1
129, 1, 0
684, 1, 0
457, 1, 0
474, 1, 0
376, 1, 0
375, 1, 0
428, 1, 0
197, 1, 0
396, 1, 0
109, 0, -1
125, 1, 0
247, 1, 0
248, 1, 0
248, 1, 0
251, 1, 0
249, 1, 0
133, 1, -1
242, 1, 0
249, 1, 0
128, 1, 0
247, 1, 0
129, 1, 0
246, 1, 0
128, 1, 0
125, 0, -1
125, 1, 0
126, 1, 0
121, 1, 0
247, 1, 0
127, 1, 0
125, 1, 0
125, 1, 0
247, 1, 0
128, 1, -1
125, 1, 0
125, 1, 0
125, 1, 0
125, 1, 0
125, 1, 0
125, 1, 0
248, 2, -1
127, 1, 0
125, 1, 0
125, 1, 0
125, 1, 0
247, 2, 0
128, 1, 0
248, 2, -1
127, 1, 0
125, 1, 0
125, 1, 0
128, 1, 0
262, 1, 0
236, 2, 0
125, 3, -1
123, 1, 0
125, 2, 0
126, 1, 0
125, 1, -1
125, 1, 0
125, 2, 0
124, 1, 0
125, 1, 0
126, 2, 0
125, 1, -1
124, 1, 0
126, 2, 0
125, 1, 0
125, 1, 0
125, 2, 0
124, 1, -1
126, 2, 0
125, 1, 0
125, 2, 0
125, 1, 0
125, 2, -1
125, 1, 0
125, 2, 0
124, 1, 0
125, 1, -1
126, 2, 0
125, 1, 0
124, 2, 0
126, 1, 0
124, 3, -1
126, 1, 0
125, 2, 0
125, 1, 0
125, 2, 0
124, 1, -1
126, 2, 0
136, 2, 0
119, 1, 0
126, 2, -1
123, 2, 0
125, 2, 0
125, 1, 0
125, 3, 0
125, 1, -1
126, 2, 0
124, 1, 0
125, 2, 0
126, 2, -1
124, 2, 0
125, 2, 0
125, 2, 0
125, 2, -1
125, 1, 0
126, 3, 0
124, 1, 0
125, 2, -1
125, 2, 0
125, 2, 0
125, 2, -1
125, 2, 0
125, 2, 0
125, 2, 0
125, 2, -1
142, 2, 0
104, 2, 0
125, 2, 0
125, 2, -1
127, 2, 0
124, 2, 0
125, 2, -1
126, 2, 0
123, 3, 0
125, 1, 0
125, 3, -1
125, 2, 0
125, 2, 0
127, 2, -1
123, 3, 0
125, 1, 0
126, 2, 0
124, 3, -1
125, 2, 0
125, 3, 0
125, 2, -1
125, 2, 0
125, 2, 0
125, 3, -1
126, 2, 0
124, 3, 0
125, 1, -1
125, 2, 0
125, 3, 0
125, 2, 0
125, 3, -1
125, 2, 0
125, 3, 0
125, 2, -1
125, 3, 0
125, 2, 0
125, 3, -1
125, 2, 0
125, 2, 0
125, 3, -1
125, 2, 0
125, 3, 0
125, 2, -1
125, 3, 0
125, 2, 0
125, 3, -1
125, 2, 0
125, 3, 0
125, 2, -1
126, 2, 0
124, 4, 0
125, 2, -1
125, 3, 0
125, 2, 0
125, 4, -1
125, 2, 0
125, 3, 0
125, 2, -1
125, 4, 0
125, 2, 0
125, 2, -1
125, 3, 0
125, 2, 0
125, 4, -1
125, 2, 0
301, 4, -1
199, 2, 0
125, 9, -1
125, 2, 0
125, 3, -1
125, 3, 0
125, 2, 0
125, 4, -1
125, 2, 0
125, 4, -1
125, 2, 0
125, 4, 0
125, 2, -1
125, 4, 0
125, 2, 0
125, 4, -1
125, 2, 0
125, 3, 0
125, 3, -1
125, 3, 0
126, 4, -1
124, 2, 0
125, 4, 0
126, 2, -1
124, 4, 0
125, 3, -1
125, 3, 0
125, 3, 0
125, 2, -1
125, 4, 0
125, 3, -1
125, 3, 0
125, 3, 0
125, 4, -1
125, 3, 0
125, 3, -1
125, 3, 0
125, 4, -1
125, 3, 0
125, 2, 0
125, 4, -1
125, 3, 0
125, 4, -1
125, 2, 0
125, 4, -1
125, 3, 0
125, 4, 0
126, 3, -1
124, 4, 0
125, 3, -1
125, 2, 0
125, 4, -1
125, 3, 0
124, 4, -1
125, 3, 0
125, 4, -1
125, 3, 0
127, 4, 0
128, 3, -1
123, 4, 0
124, 3, -1
126, 3, 0
125, 4, -1
125, 3, 0
125, 4, -1
123, 3, 0
125, 4, -1
125, 3, 0
124, 4, -1
125, 3, 0
126, 3, -1
124, 4, 0
126, 3, -1
124, 5, 0
126, 3, -1
125, 4, 0
126, 3, -1
124, 4, 0
125, 3, -1
125, 5, 0
124, 3, -1
126, 3, 0
125, 4, -1
125, 3, 0
125, 5, -1
124, 3, 0
125, 4, -1
125, 3, 0
125, 5, -1
126, 3, 0
124, 4, -1
125, 3, -1
125, 4, 0
125, 4, -1
125, 3, 0
125, 5, -1
125, 3, 0
125, 4, -1
126, 4, 0
126, 4, -1
208, 3, 0
41, 5, -1
126, 3, 0
124, 3, -1
125, 5, 0
125, 3, -1
124, 5, -1
125, 3, 0
125, 5, -1
125, 3, 0
125, 5, -1
125, 3, 0
125, 5, -1
125, 3, 0
125, 3, -1
132, 5, 0
122, 3, -1
124, 5, 0
126, 3, -1
124, 5, -1
125, 3, 0
125, 5, -1
125, 3, 0
129, 5, -1
121, 3, -1
125, 3, 0
125, 5, -1
126, 4, 0
124, 4, -1
125, 4, 0
125, 5, -1
125, 3, -1
231, 5, 0
18, 3, -1
124, 5, 0
124, 3, -1
125, 4, 0
126, 5, -1
125, 3, 0
124, 5, -1
126, 3, -1
124, 5, 0
125, 4, -1
125, 5, -1
125, 3, 0
125, 5, -1
125, 4, 0
125, 3, -1
125, 5, -1
125, 3, 0
125, 5, -1
125, 4, 0
125, 5, -1
125, 3, -1
126, 5, 0
124, 4, -1
125, 5, -1
125, 3, 0
125, 4, -1
125, 5, 0
125, 3, -1
125, 6, 0
125, 3, -1
126, 5, -1
125, 4, 0
126, 5, -1
125, 3, 0
124, 6, -1
124, 3, -1
125, 3, 0
125, 6, -1
125, 3, 0
125, 5, -1
134, 4, -1
116, 5, 0
125, 3, -1
125, 5, -1
126, 4, 0
124, 5, -1
125, 4, -1
127, 5, 0
124, 4, -1
125, 3, 0
124, 5, -1
126, 4, -1
124, 5, 0
125, 4, -1
125, 5, -1
125, 4, 0
125, 5, -1
125, 3, 0
125, 6, -1
125, 3, -1
125, 4, 0
125, 5, -1
125, 3, 0
125, 6, -1
125, 3, -1
125, 6, 0
125, 3, -1
125, 6, -1
125, 3, 0
125, 5, -1
125, 4, -1
125, 4, 0
125, 5, -1
125, 4, 0
125, 5, -1
125, 3, -1
125, 6, 0
125, 3, -1
125, 6, -1
125, 3, 0
125, 6, -1
125, 3, -1
125, 4, 0
125, 5, -1
125, 4, 0
125, 5, -1
125, 4, -1
125, 5, -1
125, 4, 0
125, 5, -1
125, 4, 0
125, 5, -1
125, 4, -1
125, 4, 0
125, 5, -1
125, 4, -1
125, 5, 0
124, 4, -1
126, 5, 0
125, 4, -1
125, 5, -1
125, 4, 0
126, 5, -1
124, 4, -1
125, 4, 0
125, 5, -1
125, 4, 0
125, 5, -1
125, 4, -1
125, 5, -1
125, 4, 0
125, 5, -1
125, 4, -1
125, 6, 0
125, 3, -1
125, 4, 0
125, 5, -1
125, 4, -1
125, 6, 0
125, 3, -1
125, 6, -1
125, 3, 0
125, 6, -1
125, 3, -1
125, 6, -1
125, 3, 0
125, 4, -1
126, 6, 0
130, 3, -1
123, 6, -1
124, 3, 0
127, 6, -1
268, 4, -1
228, 5, 0
139, 13, -2
123, 3, -1
116, 6, 0
126, 3, -1
123, 6, -1
126, 3, 0
124, 6, -1
130, 4, -1
125, 5, 0
122, 4, -1
125, 5, -1
130, 4, 0
125, 4, -1
120, 5, -1
124, 4, 0
125, 5, -1
124, 4, 0
125, 5, -1
126, 4, -1
126, 6, -1
125, 3, 0
125, 6, -1
125, 3, 0
125, 4, -1
125, 5, -1
125, 4, 0
125, 6, -1
141, 3, -1
114, 6, 0
121, 3, -1
123, 6, 0
125, 4, -1
168, 5, -1
82, 4, 0
126, 3, -1
124, 6, -1
126, 4, 0
124, 5, -1
124, 4, 0
125, 5, -1
124, 4, -1
124, 5, 0
127, 4, -1
124, 5, -1
125, 4, 0
126, 4, -1
122, 5, 0
127, 4, -1
123, 5, -1
125, 4, 0
125, 5, -1
125, 4, 0
126, 5, -1
124, 4, -1
127, 5, 0
125, 4, -1
124, 3, 0
126, 6, -1
125, 3, -1
125, 6, 0
125, 3, -1
131, 6, -1
125, 3, 0
127, 6, -1
120, 3, 0
123, 6, -1
125, 3, -1
128, 4, 0
123, 5, -1
124, 4, 0
125, 5, -1
129, 4, -1
122, 5, 0
124, 4, -1
125, 5, -1
125, 3, 0
126, 6, -1
125, 3, 0
124, 4, -1
125, 5, -1
126, 4, 0
124, 5, -1
123, 4, 0
124, 5, -1
126, 4, -1
124, 5, 0
126, 4, -1
125, 5, 0
125, 3, -1
124, 4, 0
125, 5, -1
126, 4, -1
130, 5, 0
120, 4, -1
124, 5, -1
126, 3, 0
124, 6, -1
127, 3, 0
130, 6, -1
119, 3, -1
126, 4, 0
125, 5, -1
124, 3, 0
124, 6, -1
125, 3, -1
125, 5, 0
125, 4, -1
125, 5, -1
125, 4, 0
125, 5, -1
126, 3, 0
127, 4, -1
122, 5, 0
125, 4, -1
125, 5, -1
125, 3, 0
125, 6, -1
125, 3, 0
126, 5, -1
125, 4, -1
125, 5, 0
124, 4, -1
125, 3, 0
125, 5, -1
126, 4, -1
125, 5, 0
125, 3, -1
128, 6, -1
121, 3, 0
317, 5, -1
184, 4, 0
124, 12, -2
126, 5, -1
125, 3, 0
147, 5, -1
102, 4, 0
125, 5, -1
125, 3, 0
125, 6, -1
125, 3, -1
125, 5, 0
124, 3, -1
126, 4, 0
124, 5, -1
126, 3, 0
124, 5, -1
126, 4, -1
124, 5, 0
125, 3, -1
127, 5, 0
123, 3, -1
125, 5, -1
126, 4, 0
124, 3, -1
125, 5, 0
126, 3, -1
124, 5, 0
125, 4, -1
125, 5, -1
125, 3, 0
127, 5, -1
124, 3, 0
125, 5, -1
125, 4, 0
124, 3, -1
125, 5, 0
126, 3, -1
125, 5, -1
124, 3, 0
125, 5, -1
126, 4, 0
125, 5, -1
124, 3, 0
125, 5, -1
126, 3, 0
125, 3, -1
125, 5, 0
124, 3, -1
125, 5, -1
125, 3, 0
125, 5, -1
125, 3, 0
125, 5, -1
125, 4, 0
125, 4, -1
125, 4, 0
125, 3, 0
128, 5, -1
124, 3, 0
123, 5, -1
126, 3, 0
124, 4, -1
125, 4, -1
125, 4, 0
125, 3, -1
125, 5, 0
125, 3, -1
125, 4, 0
125, 4, -1
125, 3, 0
125, 5, -1
125, 3, 0
125, 5, -1
126, 3, 0
125, 5, -1
125, 3, -1
126, 4, 0
124, 3, -1
125, 3, 0
124, 5, -1
125, 3, 0
125, 5, 0
125, 3, -1
125, 4, -1
125, 3, 0
125, 5, -1
125, 3, 0
125, 5, -1
125, 3, 0
125, 3, 0
125, 4, -1
126, 3, 0
124, 5, -1
125, 3, 0
125, 4, -1
142, 3, 0
114, 5, -1
124, 3, 0
129, 4, -1
122, 3, 0
124, 3, -1
126, 5, 0
124, 3, -1
125, 4, 0
125, 3, -1
125, 4, 0
125, 3, -1
126, 5, 0
124, 3, -1
125, 4, 0
125, 3, -1
127, 3, 0
124, 4, -1
125, 3, 0
125, 4, 0
125, 3, -1
125, 4, 0
124, 3, -1
125, 5, 0
125, 3, -1
125, 4, 0
125, 2, -1
125, 3, 0
121, 4, -1
125, 3, 0
125, 5, -1
125, 2, 0
125, 5, -1
126, 2, 0
125, 4, 0
124, 3, -1
220, 4, 0
31, 3, -1
124, 3, 0
125, 4, -1
125, 3, 0
125, 4, -1
125, 3, 0
125, 4, -1
125, 2, 0
147, 5, -1
102, 2, 0
125, 4, 0
126, 3, -1
125, 3, 0
124, 4, -1
126, 2, 0
125, 4, -1
125, 3, 0
124, 4, -1
126, 3, 0
125, 4, -1
124, 2, 0
126, 4, 0
124, 3, -1
125, 3, 0
125, 4, -1
125, 2, 0
125, 4, -1
125, 3, 0
125, 4, -1
126, 2, 0
130, 4, 0
121, 3, -1
123, 3, 0
125, 3, -1
125, 3, 0
126, 3, -1
124, 3, 0
132, 4, 0
122, 2, -1
124, 4, 0
137, 3, -1
113, 3, 0
125, 3, -1
125, 4, 0
125, 2, -1
125, 2, 0
125, 4, -1
128, 3, 0
123, 3, -1
124, 3, 0
125, 3, 0
126, 3, -1
124, 3, 0
128, 3, -1
124, 4, 0
122, 2, 0
125, 4, -1
124, 2, 0
125, 2, 0
125, 4, -1
125, 2, 0
124, 4, -1
126, 2, 0
125, 4, -1
125, 2, 0
125, 3, 0
124, 3, -1
126, 3, 0
125, 3, -1
125, 2, 0
125, 3, 0
125, 3, -1
130, 3, 0
120, 2, -1
126, 4, 0
124, 2, 0
125, 3, -1
125, 3, 0
125, 3, -1
125, 2, 0
125, 2, 0
125, 4, -1
125, 2, 0
125, 3, -1
125, 2, 0
125, 4, 0
125, 2, -1
125, 3, 0
125, 2, 0
125, 3, -1
125, 3, 0
125, 2, 0
125, 3, -1
125, 2, 0
125, 3, -1
125, 2, 0
125, 4, 0
125, 2, -1
128, 3, 0
124, 2, -1
123, 3, 0
141, 2, 0
114, 3, -1
125, 2, 0
126, 2, 0
123, 3, -1
123, 2, 0
127, 3, -1
124, 2, 0
124, 3, -1
125, 2, 0
127, 4, 0
124, 1, -1
124, 3, 0
126, 2, -1
129, 3, 0
124, 2, 0
123, 2, -1
126, 3, 0
124, 2, -1
126, 3, 0
124, 2, 0
125, 3, -1
126, 2, 0
124, 2, -1
126, 2, 0
124, 3, -1
143, 2, 0
108, 2, 0
124, 3, -1
126, 1, 0
124, 3, -1
295, 2, 0
202, 3, 0
124, 6, -1
125, 3, -1
126, 1, 0
124, 3, -1
125, 2, 0
125, 2, 0
125, 2, -1
125, 2, 0
125, 2, -1
126, 2, 0
124, 3, 0
125, 2, -1
129, 2, 0
125, 2, 0
126, 2, -1
126, 2, 0
123, 1, -1
125, 3, 0
126, 2, 0
125, 2, -1
125, 2, 0
124, 2, -1
125, 2, 0
125, 2, -1
125, 2, 0
125, 2, 0
125, 2, -1
125, 1, 0
125, 3, -1
126, 1, 0
124, 2, 0
125, 2, -1
125, 2, 0
125, 2, -1
125, 2, 0
125, 1, -1
125, 2, 0
125, 2, 0
125, 1, -1
129, 2, 0
118, 2, -1
124, 2, 0
125, 1, 0
125, 3, -1
125, 1, 0
126, 2, -1
124, 1, 0
125, 2, -1
126, 2, 0
125, 1, 0
125, 2, -1
125, 1, 0
125, 2, -1
125, 2, 0
125, 2, 0
125, 1, -1
125, 2, 0
125, 1, 0
126, 2, -1
124, 1, 0
124, 1, -1
125, 2, 0
125, 1, 0
125, 2, -1
126, 2, 0
124, 1, -1
126, 1, 0
124, 2, 0
125, 1, -1
125, 2, 0
125, 1, -1
127, 1, 0
123, 2, 0
125, 1, -1
125, 2, 0
125, 1, -1
125, 1, 0
127, 1, 0
125, 2, -1
124, 1, 0
124, 1, 0
125, 1, -1
125, 1, 0
124, 2, -1
126, 1, 0
125, 1, 0
125, 1, -1
125, 2, 0
125, 1, 0
125, 1, -1
125, 1, 0
125, 1, -1
125, 1, 0
125, 1, 0
125, 1, -1
125, 1, 0
125, 1, 0
125, 1, -1
126, 2, 0
124, 0, -1
125, 2, 0
247, 2, -1
250, 1, 0
128, 1, -1
126, 1, 0
124, 1, -1
125, 1, 0
125, 1, 0
125, 0, -1
125, 1, 0
125, 1, 0
125, 1, -1
125, 1, 0
247, 1, -1
128, 1, 0
125, 1, 0
125, 0, -1
125, 1, 0
125, 1, 0
125, 1, -1
247, 1, -1
251, 1, 0
127, 1, 0
125, 0, -1
312, 1, 0
192, 1, -1
121, 1, 0
124, 1, -1
248, 1, 0
127, 0, -1
126, 1, 0
401, 1, -1
424, 1, -1
172, 1, 0
127, 0, -1
248, 1, 0
255, 0, -1
245, 1, 0
250, 0, -1
250, 1, 0
127, 0, -1
534, 0, -1
392, 1, -1
479, 0, -1
626, 0, -1
530, 0, -1
562, 0, -1
407, -1, 0
218, 0, -1
536, -1, -1
465, -1, 0
127, 0, -1
374, -1, 0
139, 0, -1
238, -1, 0
262, -1, -1
367, -1, 0
134, 0, -1
253, -1, 0
238, -1, 0
126, 0, -1
125, -1, 0
243, 0, -1
130, -1, 0
244, -1, 0
131, 0, -1
125, -1, 0
244, -1, 0
131, -1, -1
244, -1, 0
250, -1, -1
255, -1, 0
122, -1, 0
126, 0, -1
123, -1, 0
247, -1, -1
128, -1, 0
247, -1, 0
131, -1, -1
246, -1, 0
128, -1, 0
124, 0, -1
124, -1, 0
126, -1, 0
124, -1, 0
125, 0, -1
126, -1, 0
124, -1, 0
125, -1, 0
125, -1, -1
248, -1, 0
129, -1, 0
124, -1, -1
124, -1, 0
127, -1, 0
123, 0, -1
125, -1, 0
126, -1, 0
126, -1, 0
226, -1, -1
23, -1, 0
125, -1, 0
124, -1, 0
125, -1, -1
125, -1, 0
132, -1, 0
118, -1, 0
125, -1, -1
125, -1, 0
125, -1, 0
125, -1, 0
125, -1, 0
125, -1, -1
125, -1, 0
125, -1, 0
125, -1, 0
125, -1, -1
125, -1, 0
125, -2, 0
247, -2, -1
129, -1, 0
124, -1, 0
125, -1, 0
125, -1, -1
125, -1, 0
128, -2, 0
148, -1, 0
100, -1, 0
124, -1, -1
125, -2, 0
125, -1, 0
125, -1, 0
125, -2, 0
125, -1, -1
125, -1, 0
125, -1, 0
125, -1, 0
125, -2, -1
125, -1, 0
125, -2, 0
125, -1, 0
125, -2, 0
125, -1, 0
125, -1, -1
125, -2, 0
126, -1, 0
127, -2, 0
127, -1, 0
120, -2, 0
125, -1, -1
125, -2, 0
125, -1, 0
125, -2, 0
125, -1, 0
125, -2, -1
125, -1, 0
125, -1, 0
125, -2, 0
125, -1, 0
125, -2, 0
125, -2, 0
125, -2, -1
125, -1, 0
125, -2, 0
125, -1, 0
125, -2, 0
125, -2, 0
125, -2, 0
125, -1, -1
125, -2, 0
125, -2, 0
125, -1, 0
125, -2, 0
126, -2, 0
124, -2, 0
125, -1, -1
125, -3, 0
125, -1, 0
140, -2, 0
115, -2, 0
136, -1, 0
118, -2, 0
122, -2, 0
129, -2, -1
122, -2, 0
125, -2, 0
125, -2, 0
125, -2, 0
124, -2, 0
124, -2, 0
124, -2, 0
125, -1, 0
126, -3, 0
124, -1, 0
126, -3, -1
125, -1, 0
124, -3, 0
126, -2, 0
124, -2, 0
126, -2, 0
126, -2, 0
124, -2, 0
128, -2, 0
121, -2, 0
125, -2, 0
125, -3, 0
122, -1, 0
125, -3, 0
124, -2, 0
125, -2, 0
125, -2, 0
125, -3, 0
125, -2, -1
125, -2, 0
125, -2, 0
126, -2, 0
125, -3, 0
124, -2, 0
125, -3, 0
125, -1, 0
125, -3, 0
125, -2, 0
125, -3, 0
125, -2, 0
125, -3, 0
125, -2, 0
126, -2, 0
124, -3, 0
126, -2, 0
124, -3, 0
125, -2, 0
261, -3, 0
240, -2, 0
124, -8, 0
125, -2, 0
125, -2, 0
125, -3, 0
125, -2, 0
125, -3, 0
125, -3, 0
125, -3, 0
125, -2, 0
125, -3, 0
125, -2, 1
125, -3, 0
125, -3, 0
125, -2, 0
126, -3, 0
124, -2, 0
125, -4, 0
125, -2, 0
125, -3, 0
125, -2, 0
125, -4, 1
125, -2, 0
125, -4, 0
125, -2, 0
125, -3, 0
125, -3, 0
125, -2, 0
125, -4, 0
125, -2, 1
125, -3, 0
125, -3, 0
125, -3, 0
125, -3, 0
125, -3, 0
125, -3, 1
125, -3, 0
125, -3, 0
125, -2, 0
125, -4, 0
125, -2, 0
125, -4, 1
125, -2, 0
125, -4, 0
125, -3, 0
125, -3, 0
126, -3, 1
124, -4, 0
125, -2, 0
125, -3, 0
125, -3, 1
125, -3, 0
125, -4, 0
125, -2, 0
125, -4, 1
129, -3, 0
125, -3, 0
125, -3, 0
126, -4, 0
124, -3, 1
125, -2, 0
125, -4, 0
125, -3, 1
125, -4, 0
125, -2, 0
125, -4, 0
125, -3, 1
125, -4, 0
125, -3, 0
125, -4, 0
125, -3, 1
125, -4, 0
127, -2, 0
123, -3, 1
124, -4, 0
125, -3, 0
136, -4, 1
125, -3, 0
120, -4, 0
122, -3, 1
124, -4, 0
128, -3, 0
126, -4, 1
137, -3, 0
105, -3, 0
125, -4, 1
124, -3, 0
125, -4, 0
126, -3, 1
124, -4, 0
126, -3, 1
124, -5, 0
125, -3, 0
125, -4, 1
125, -3, 0
125, -3, 0
125, -4, 1
125, -3, 0
126, -5, 1
125, -3, 0
124, -4, 1
126, -3, 0
125, -5, 0
125, -3, 1
126, -4, 0
126, -3, 1
125, -3, 0
123, -5, 0
125, -3, 1
125, -5, 0
125, -3, 1
125, -4, 1
124, -3, 0
125, -5, 0
126, -3, 1
125, -5, 0
125, -3, 1
125, -3, 0
124, -5, 1
126, -3, 0
124, -5, 1
126, -3, 0
125, -5, 1
124, -3, 0
126, -5, 1
125, -3, 0
126, -5, 1
124, -3, 0
125, -3, 1
125, -5, 0
306, -3, 1
194, -5, 0
125, -12, 2
124, -5, 1
125, -3, 0
125, -5, 1
126, -3, 0
124, -4, 1
125, -5, 0
125, -3, 1
125, -5, 0
125, -3, 1
125, -5, 1
125, -4, 0
125, -5, 1
125, -3, 0
125, -5, 1
125, -4, 0
128, -3, 1
122, -5, 1
127, -4, 0
123, -5, 1
126, -3, 0
125, -5, 1
125, -4, 1
125, -5, 0
124, -3, 1
125, -6, 1
125, -3, 0
125, -5, 1
125, -4, 1
125, -3, 0
126, -6, 1
126, -3, 1
125, -6, 0
125, -3, 1
126, -5, 1
123, -4, 0
124, -5, 1
125, -4, 1
125, -5, 0
124, -4, 1
125, -3, 1
126, -6, 0
125, -3, 1
124, -6, 1
126, -3, 0
125, -6, 1
125, -4, 1
125, -5, 1
125, -4, 0
125, -5, 1
124, -4, 1
126, -4, 0
125, -5, 1
125, -4, 1
125, -5, 1
125, -4, 0
124, -6, 1
125, -3, 0
126, -6, 1
125, -4, 1
125, -5, 1
125, -4, 1
124, -4, 0
126, -5, 1
125, -4, 1
125, -6, 1
124, -3, 0
126, -6, 1
124, -4, 1
126, -5, 1
129, -4, 0
124, -6, 1
129, -4, 1
124, -4, 0
125, -6, 1
124, -3, 1
125, -6, 1
123, -4, 0
125, -6, 1
126, -4, 1
125, -5, 1
126, -4, 1
125, -6, 1
124, -4, 0
124, -4, 1
127, -6, 1
124, -4, 1
125, -5, 1
125, -4, 0
125, -6, 1
124, -4, 1
126, -6, 1
125, -4, 1
125, -6, 0
125, -4, 1
125, -4, 1
125, -5, 1
125, -4, 0
123, -6, 2
124, -4, 0
124, -6, 1
125, -4, 1
126, -6, 1
124, -4, 1
125, -6, 0
125, -4, 1
125, -4, 1
125, -6, 1
125, -4, 1
125, -6, 1
124, -4, 0
126, -6, 2
125, -4, 0
125, -6, 1
125, -4, 1
125, -6, 1
125, -4, 1
125, -6, 1
125, -4, 0
125, -4, 1
125, -6, 1
125, -5, 1
125, -6, 1
125, -4, 0
125, -6, 1
125, -3, 1
125, -7, 1
125, -4, 1
125, -6, 1
125, -4, 1
222, -4, 0
30, -6, 1
123, -4, 1
125, -6, 1
125, -4, 1
125, -7, 1
125, -4, 1
124, -6, 1
126, -4, 1
125, -6, 1
125, -4, 0
125, -5, 1
125, -6, 1
124, -4, 1
126, -6, 1
125, -4, 1
124, -6, 1
126, -5, 1
125, -6, 1
124, -4, 0
126, -6, 1
125, -4, 1
126, -5, 1
124, -6, 1
125, -4, 1
125, -6, 1
124, -4, 1
125, -6, 1
126, -5, 0
125, -6, 2
124, -4, 0
126, -6, 2
125, -5, 0
125, -4, 1
125, -6, 1
125, -4, 1
124, -6, 1
126, -5, 1
124, -6, 1
126, -4, 1
125, -6, 1
124, -4, 1
129, -7, 1
132, -4, 0
120, -6, 2
123, -5, 0
125, -4, 1
125, -6, 1
128, -4, 1
124, -7, 1
124, -4, 1
125, -6, 1
125, -5, 1
124, -6, 1
125, -4, 0
126, -6, 2
125, -5, 0
125, -4, 1
125, -6, 1
125, -4, 1
124, -7, 1
126, -4, 1
125, -6, 1
125, -5, 1
125, -6, 1
125, -4, 1
125, -7, 1
124, -4, 1
126, -4, 0
125, -7, 2
122, -4, 0
124, -6, 1
125, -4, 1
125, -7, 1
124, -4, 1
126, -6, 1
125, -5, 1
125, -6, 1
125, -4, 1
125, -4, 1
125, -7, 1
125, -4, 1
124, -6, 1
126, -5, 0
125, -6, 2
124, -4, 0
125, -6, 2
126, -5, 0
125, -6, 2
126, -4, 0
124, -4, 1
125, -7, 1
125, -4, 1
125, -6, 1
125, -5, 1
125, -6, 1
125, -4, 1
124, -7, 1
126, -4, 1
124, -6, 1
125, -5, 1
126, -4, 1
125, -6, 1
129, -4, 0
122, -7, 1
124, -4, 1
125, -6, 1
125, -4, 1
125, -7, 1
125, -4, 1
125, -6, 1
125, -5, 1
125, -4, 1
125, -6, 1
125, -5, 1
125, -6, 1
125, -4, 1
125, -6, 1
125, -5, 1
125, -6, 1
125, -4, 1
131, -6, 1
119, -4, 0
125, -5, 1
125, -6, 1
124, -4, 1
126, -7, 1
125, -4, 1
125, -6, 1
125, -4, 1
125, -7, 1
125, -4, 1
125, -6, 1
274, -4, 1
258, -4, 1
93, -17, 3
124, -4, 0
125, -6, 1
125, -4, 1
125, -7, 1
125, -4, 1
128, -6, 1
122, -4, 1
125, -4, 1
125, -6, 1
125, -4, 1
125, -6, 1
125, -4, 0
125, -7, 1
125, -4, 1
125, -6, 1
143, -4, 1
107, -6, 1
125, -4, 1
126, -6, 1
123, -4, 1
126, -5, 1
125, -6, 1
125, -4, 1
127, -6, 1
124, -4, 0
125, -6, 2
125, -4, 0
125, -6, 1
125, -5, 1
124, -6, 1
126, -4, 1
124, -4, 1
126, -6, 1
124, -4, 1
125, -6, 1
125, -4, 1
126, -6, 1
124, -4, 0
125, -6, 1
125, -4, 1
126, -6, 1
129, -4, 1
127, -4, 1
124, -6, 1
126, -4, 0
124, -6, 2
124, -4, 0
125, -6, 1
127, -4, 1
124, -6, 1
124, -4, 1
125, -6, 1
125, -4, 1
125, -4, 0
125, -6, 1
125, -4, 1
126, -6, 1
124, -4, 1
125, -5, 1
125, -5, 1
125, -5, 1
125, -4, 0
125, -6, 1
126, -4, 1
124, -4, 1
125, -6, 1
125, -4, 1
125, -6, 1
125, -3, 0
140, -6, 1
108, -4, 1
123, -6, 1
125, -3, 1
125, -6, 1
125, -4, 0
125, -4, 1
125, -6, 1
125, -3, 1
125, -6, 1
125, -4, 1
125, -6, 1
125, -4, 0
125, -5, 1
125, -4, 1
125, -6, 1
125, -3, 0
125, -4, 1
136, -6, 1
114, -4, 1
124, -5, 1
125, -4, 0
125, -5, 1
125, -4, 1
125, -6, 1
125, -3, 1
144, -6, 1
106, -4, 1
125, -3, 0
127, -6, 1
123, -4, 1
125, -5, 1
125, -4, 1
125, -5, 0
125, -4, 1
125, -5, 1
125, -4, 1
125, -6, 1
125, -3, 0
125, -4, 1
125, -5, 1
125, -4, 1
125, -5, 1
125, -4, 0
125, -5, 1
125, -4, 1
125, -5, 1
125, -4, 1
125, -5, 1
125, -4, 0
125, -5, 1
125, -4, 1
125, -3, 0
125, -5, 1
125, -4, 1
126, -5, 1
124, -4, 1
125, -5, 1
125, -3, 0
297, -6, 1
204, -3, 1
124, -12, 2
125, -5, 1
125, -4, 0
125, -5, 1
125, -4, 1
126, -5, 1
124, -3, 0
125, -5, 1
126, -4, 1
124, -5, 1
125, -3, 0
125, -4, 1
125, -5, 1
125, -3, 1
125, -5, 1
125, -4, 0
125, -5, 1
125, -3, 1
126, -5, 1
143, -3, 0
108, -5, 1
131, -4, 1
118, -3, 0
130, -5, 1
126, -3, 1
122, -5, 1
135, -4, 0
115, -4, 1
125, -4, 1
125, -5, 1
124, -3, 0
126, -5, 1
124, -3, 1
125, -3, 0
125, -5, 1
125, -3, 1
125, -5, 1
125, -4, 0
125, -4, 1
126, -3, 1
124, -5, 1
125, -3, 0
125, -5, 1
126, -3, 1
125, -3, 0
126, -5, 1
124, -3, 1
125, -5, 1
125, -3, 0
129, -5, 1
126, -3, 1
126, -4, 1
124, -4, 0
124, -4, 1
125, -3, 1
126, -3, 0
125, -5, 1
125, -3, 1
125, -5, 0
124, -3, 1
126, -4, 1
125, -3, 0
125, -5, 1
125, -3, 1
125, -4, 1
124, -3, 0
125, -3, 1
125, -5, 1
123, -3, 0
126, -4, 1
126, -3, 1
125, -5, 0
124, -2, 1
125, -5, 1
126, -3, 0
121, -4, 1
123, -3, 1
125, -3, 0
125, -4, 1
125, -3, 1
125, -4, 1
125, -3, 0
132, -5, 1
124, -2, 1
123, -5, 0
126, -2, 1
123, -5, 1
124, -2, 0
126, -3, 1
124, -4, 1
129, -3, 0
121, -4, 1
124, -3, 0
125, -4, 1
124, -3, 1
124, -4, 0
124, -2, 1
126, -5, 1
130, -2, 0
121, -4, 1
125, -3, 0
127, -3, 1
124, -4, 1
124, -2, 0
126, -4, 1
124, -3, 0
125, -4, 1
125, -2, 1
124, -4, 1
124, -3, 0
125, -4, 1
125, -2, 0
125, -3, 1
125, -4, 0
125, -2, 1
128, -4, 1
125, -3, 0
126, -3, 1
125, -3, 0
122, -4, 1
126, -2, 0
123, -4, 1
125, -2, 1
127, -3, 0
124, -3, 1
126, -3, 0
123, -3, 1
126, -3, 0
124, -3, 1
126, -3, 1
224, -3, 0
26, -3, 1
124, -3, 1
125, -3, 0
125, -2, 1
125, -4, 0
125, -2, 1
125, -4, 0
125, -2, 1
125, -3, 0
125, -3, 1
125, -3, 1
125, -2, 0
125, -4, 1
125, -2, 0
124, -2, 0
126, -3, 1
124, -3, 0
126, -3, 1
125, -2, 1
124, -3, 0
126, -3, 1
126, -3, 0
124, -2, 1
125, -3, 0
125, -2, 1
124, -2, 0
126, -4, 1
124, -2, 0
125, -3, 1
125, -2, 0
125, -3, 1
125, -2, 0
126, -3, 1
124, -2, 0
126, -3, 1
124, -2, 0
125, -2, 0
125, -3, 1
129, -2, 1
123, -3, 0
124, -2, 0
126, -3, 1
124, -2, 0
125, -2, 1
125, -2, 0
125, -3, 1
125, -2, 0
129, -3, 1
121, -2, 0
125, -2, 0
125, -2, 1
125, -2, 0
126, -3, 1
124, -2, 0
125, -2, 1
125, -2, 0
148, -3, 0
102, -1, 1
125, -3, 0
125, -2, 1
127, -1, 0
123, -3, 0
125, -2, 1
125, -2, 0
125, -2, 1
125, -2, 0
125, -2, 0
125, -2, 1
125, -2, 0
125, -2, 1
125, -2, 0
125, -1, 0
125, -3, 1
125, -1, 0
138, -2, 0
116, -2, 1
121, -2, 0
125, -2, 0
125, -2, 1
125, -1, 0
125, -2, 0
126, -2, 1
129, -1, 0
120, -2, 0
125, -2, 1
126, -2, 0
124, -1, 0
125, -2, 1
125, -2, 0
125, -2, 0
125, -1, 1
125, -2, 0
125, -1, 0
125, -2, 0
125, -1, 1
125, -2, 0
125, -1, 0
125, -2, 1
125, -1, 0
125, -2, 0
125, -1, 0
126, -2, 1
124, -1, 0
125, -1, 0
125, -2, 1
125, -1, 0
124, -1, 0
125, -2, 0
126, -1, 0
125, -2, 1
125, -1, 0
124, -1, 0
126, -1, 0
125, -2, 0
125, -1, 1
125, -1, 0
125, -1, 0
125, -1, 0
125, -1, 1
125, -1, 0
125, -2, 0
129, -1, 0
126, -1, 0
127, -1, 0
124, -1, 1
124, -1, 0
125, -1, 0
126, -1, 0
124, -1, 0
125, -1, 0
124, -1, 1
126, -1, 0
280, -1, 0
220, -1, 0
123, -2, 0
126, -1, 1
125, -1, 0
244, -1, 0
131, -1, 0
125, -1, 0
244, -1, 1
132, -1, 0
243, -1, 0
132, -1, 0
243, -1, 0
250, -1, 0
128, -1, 0
247, -1, 0
252, -1, 1
407, -1, 0
215, -1, 0
381, -1, 0
400, -1, 0
501, -1, 0
499, -1, 0
991, -1, 0
2762, 1, 0
506, 1, 0
492, 1, 0
345, 1, 0
541, 1, 0
216, 1, 0
247, 1, 0
245, 1, 0
413, 1, 0
236, 1, 0
229, 1, -1
248, 1, 0
127, 1, 0
249, 1, 0
126, 1, 0
248, 1, 0
250, 1, 0
127, 1, 0
247, 1, 0
128, 1, -1
125, 1, 0
247, 1, 0
128, 1, 0
125, 1, 0
125, 1, 0
247, 1, 0
128, 1, 0
125, 1, 0
125, 1, 0
125, 1, 0
126, 0, -1
124, 2, 0
249, 2, 0
316, 1, 0
61, 1, 0
125, 1, 0
124, 1, -1
124, 1, 0
125, 2, 0
126, 1, 0
124, 1, 0
125, 1, 0
125, 1, 0
130, 1, 0
121, 1, -1
124, 1, 0
125, 1, 0
125, 2, 0
125, 1, 0
125, 1, 0
125, 1, 0
126, 2, -1
124, 1, 0
125, 1, 0
127, 1, 0
123, 1, 0
126, 2, 0
125, 1, 0
124, 2, -1
125, 1, 0
125, 1, 0
125, 2, 0
126, 1, -1
124, 1, 0
125, 2, 0
125, 1, 0
125, 2, 0
125, 1, 0
125, 1, -1
125, 2, 0
126, 2, 0
125, 1, 0
124, 2, 0
125, 2, -1
126, 1, 0
125, 2, 0
126, 1, 0
123, 1, -1
127, 2, 0
124, 2, 0
127, 2, 0
133, 1, 0
115, 2, -1
124, 2, 0
125, 2, 0
125, 1, 0
125, 2, -1
125, 1, 0
125, 2, 0
125, 2, 0
125, 2, -1
125, 2, 0
125, 1, 0
125, 3, 0
125, 1, -1
125, 2, 0
125, 2, 0
126, 2, -1
127, 2, 0
122, 1, 0
125, 3, 0
126, 1, -1
126, 2, 0
124, 2, 0
124, 2, 0
126, 2, -1
125, 2, 0
125, 2, 0
125, 2, -1
124, 2, 0
126, 2, 0
125, 2, -1
124, 2, 0
125, 2, 0
125, 2, 0
125, 3, -1
125, 1, 0
125, 3, 0
125, 2, -1
126, 2, 0
125, 2, 0
125, 2, -1
124, 3, 0
126, 1, 0
125, 3, -1
124, 2, 0
125, 3, 0
125, 1, -1
125, 3, 0
125, 2, 0
126, 3, -1
124, 2, 0
125, 2, 0
125, 2, -1
126, 2, 0
124, 3, 0
127, 2, -1
123, 3, 0
125, 2, 0
125, 3, -1
125, 2, 0
125, 3, 0
125, 2, -1
125, 2, 0
125, 3, 0
125, 2, -1
125, 3, 0
126, 2, 0
124, 3, -1
125, 2, 0
125, 3, 0
125, 2, -1
125, 3, 0
130, 2, 0
131, 2, -1
118, 3, 0
126, 2, -1
125, 4, 0
125, 2, 0
126, 3, -1
124, 2, 0
126, 3, -1
131, 3, 0
118, 3, 0
125, 2, -1
125, 3, 0
240, 3, 0
264, 2, -1
123, 9, -1
124, 2, 0
128, 4, -1
121, 2, 0
125, 3, -1
125, 3, 0
125, 3, 0
125, 2, -1
125, 3, 0
125, 3, -1
125, 2, 0
122, 4, -1
123, 2, 0
125, 4, 0
125, 2, -1
125, 4, 0
125, 2, -1
125, 4, 0
125, 3, 0
125, 2, -1
125, 4, 0
125, 2, -1
125, 4, 0
125, 2, -1
125, 4, 0
125, 3, 0
125, 3, -1
125, 3, 0
125, 4, -1
126, 2, 0
124, 3, 0
125, 4, -1
125, 2, 0
125, 4, -1
124, 3, -1
125, 4, 0
126, 2, 0
125, 4, -1
125, 3, 0
126, 4, -1
126, 2, 0
123, 3, -1
125, 4, 0
125, 3, -1
126, 4, -1
124, 2, 0
125, 4, -1
130, 3, 0
120, 4, 0
124, 3, -1
126, 4, 0
124, 3, -1
125, 3, 0
125, 4, -1
125, 2, 0
125, 5, -1
125, 3, 0
125, 4, -1
125, 2, 0
125, 5, -1
128, 2, -1
122, 5, 0
125, 3, -1
125, 3, 0
127, 4, -1
141, 3, 0
111, 4, -1
121, 3, 0
125, 4, -1
124, 3, 0
135, 5, -1
119, 2, -1
124, 5, 0
131, 3, -1
124, 4, 0
123, 3, -1
124, 3, 0
123, 5, -1
125, 3, 0
125, 4, -1
125, 3, 0
125, 5, -1
125, 3, -1
125, 4, 0
125, 3, -1
125, 5, 0
125, 3, -1
125, 3, 0
125, 5, -1
125, 3, -1
125, 5, 0
125, 3, -1
125, 4, 0
125, 4, -1
125, 4, -1
125, 3, 0
125, 5, -1
125, 3, 0
126, 4, -1
126, 4, 0
126, 4, -1
123, 4, -1
124, 3, 0
125, 5, -1
125, 3, 0
125, 5, -1
125, 3, -1
125, 5, 0
125, 4, -1
125, 3, 0
125, 5, -1
125, 3, 0
125, 5, -1
125, 3, -1
125, 5, 0
125, 3, -1
125, 5, -1
125, 4, 0
125, 5, -1
125, 3, 0
125, 3, -1
125, 5, -1
125, 4, 0
125, 5, -1
127, 3, 0
123, 5, -1
126, 4, -1
124, 5, 0
125, 3, -1
287, 5, -1
213, 4, 0
123, 12, -2
125, 5, -1
126, 4, 0
128, 5, -1
122, 3, -1
125, 5, 0
124, 4, -1
125, 5, -1
125, 4, 0
126, 3, -1
124, 6, -1
125, 3, 0
125, 5, -1
125, 4, 0
125, 5, -1
125, 4, -1
125, 5, -1
125, 4, 0
126, 5, -1
124, 4, -1
125, 3, 0
125, 6, -1
125, 3, -1
125, 6, 0
125, 3, -1
125, 6, -1
125, 3, 0
125, 6, -1
125, 3, -1
125, 6, -1
125, 3, 0
125, 4, -1
125, 6, -1
125, 3, 0
125, 6, -1
126, 4, -1
124, 5, -1
125, 4, 0
125, 5, -1
125, 4, -1
125, 6, 0
125, 3, -1
125, 6, -1
131, 4, 0
124, 3, -1
134, 6, -1
117, 4, 0
127, 5, -1
122, 4, -1
125, 6, -1
127, 3, 0
125, 6, -1
125, 4, -1
138, 6, 0
130, 3, -1
115, 4, -1
124, 6, -1
129, 4, 0
184, 6, -1
63, 3, -1
121, 6, -1
122, 4, 0
126, 6, -1
125, 4, -1
126, 5, -1
126, 4, 0
122, 4, -1
126, 6, -1
124, 4, 0
125, 6, -1
126, 3, -1
125, 6, -1
124, 4, 0
139, 6, -1
105, 4, -1
124, 6, -1
125, 4, 0
125, 3, -1
125, 6, -1
125, 4, 0
125, 6, -1
125, 4, -1
126, 6, -1
124, 4, 0
124, 6, -1
126, 4, -1
125, 6, -1
126, 4, -1
126, 3, 0
125, 6, -1
124, 4, -1
126, 6, -1
125, 4, 0
125, 6, -1
125, 4, -1
137, 6, -1
113, 4, -1
126, 6, 0
130, 4, -1
123, 4, -1
122, 6, -1
127, 4, 0
124, 6, -1
124, 4, -1
125, 6, -1
125, 4, 0
131, 6, -1
120, 4, -1
122, 6, -1
125, 4, 0
124, 4, -1
126, 7, -1
125, 4, -1
125, 6, -1
127, 4, 0
129, 6, -1
125, 4, -1
122, 6, -1
125, 4, -1
124, 6, 0
127, 4, -1
124, 4, -1
125, 6, -1
125, 5, 0
124, 6, -1
126, 4, -1
123, 6, -1
124, 4, -1
125, 6, -1
316, 4, 0
185, 6, -1
124, 15, -2
127, 4, -1
124, 6, -1
128, 4, -1
121, 6, -1
123, 4, 0
126, 6, -1
124, 5, -1
128, 6, -1
124, 4, -1
124, 6, -1
124, 4, 0
125, 4, -1
125, 6, -1
126, 4, -1
130, 7, -1
121, 4, 0
124, 6, -1
130, 4, -1
121, 6, -1
125, 4, 0
125, 7, -2
126, 4, 0
124, 4, -1
125, 6, -1
125, 4, 0
126, 7, -1
124, 4, -1
125, 6, -1
126, 4, -1
130, 6, -1
124, 5, 0
128, 6, -1
120, 4, -1
126, 4, -1
125, 6, -1
124, 5, 0
127, 6, -1
124, 4, -1
125, 6, -1
125, 4, 0
126, 7, -1
125, 4, -1
127, 6, -1
123, 4, -1
123, 6, -1
126, 5, -1
124, 4, 0
125, 6, -1
125, 4, -1
125, 7, -1
124, 4, -1
125, 6, 0
125, 4, -1
125, 6, -1
128, 5, -1
123, 6, -1
132, 4, 0
114, 4, -1
125, 7, -1
125, 4, -1
124, 6, -1
125, 4, 0
125, 6, -1
125, 4, -1
125, 7, -1
125, 4, -1
125, 6, -1
125, 4, -1
125, 5, 0
125, 6, -1
125, 4, -1
126, 6, -1
124, 4, -1
125, 7, 0
125, 4, -1
125, 6, -1
126, 4, -1
125, 7, -1
124, 4, -1
125, 4, 0
125, 6, -1
126, 5, -1
125, 6, -1
124, 4, -1
126, 6, -1
124, 4, 0
126, 7, -1
125, 4, -1
125, 6, -1
125, 4, -1
126, 5, 0
127, 6, -1
127, 4, -1
122, 6, -1
124, 4, 0
124, 7, -1
149, 4, -1
124, 6, -1
116, 4, -1
116, 6, -1
127, 5, 0
123, 6, -1
128, 4, -1
119, 4, -1
129, 6, -1
130, 4, 0
117, 7, -1
124, 4, -1
124, 6, -1
125, 4, -1
127, 6, -1
124, 4, 0
124, 6, -1
125, 4, -1
125, 5, -1
124, 6, -1
125, 4, -1
125, 6, -1
125, 4, 0
125, 6, -1
125, 4, -1
125, 7, -1
125, 4, -1
127, 6, -1
129, 4, 0
123, 4, -1
124, 6, -1
124, 4, -1
126, 6, -1
236, 4, 0
264, 7, -1
124, 14, -3
126, 6, -1
123, 4, 0
126, 4, -1
124, 7, -1
125, 4, -1
125, 6, -1
125, 4, -1
125, 6, -1
126, 4, 0
124, 6, -1
128, 4, -1
130, 6, -1
120, 4, -1
126, 4, 0
121, 7, -2
126, 4, 0
124, 6, -1
127, 4, -1
125, 6, -1
124, 4, -1
124, 6, -1
125, 4, 0
125, 6, -1
125, 4, -1
124, 4, -1
125, 6, -1
126, 4, 0
125, 6, -1
124, 4, -1
125, 6, -1
126, 4, -1
124, 6, -1
125, 4, 0
126, 6, -1
125, 4, -1
125, 4, -1
126, 6, -1
133, 4, -1
120, 6, -1
127, 4, 0
122, 6, -1
125, 4, -1
125, 6, -1
143, 4, -1
115, 6, -1
129, 4, -1
117, 6, 0
127, 4, -1
127, 4, -1
128, 6, -1
119, 4, -1
124, 5, -1
124, 4, 0
125, 6, -1
124, 4, -1
125, 6, -1
125, 4, -1
129, 6, -1
124, 4, -1
121, 4, 0
130, 6, -1
122, 4, -1
124, 5, -1
127, 4, -1
123, 6, -1
124, 4, 0
125, 6, -1
126, 4, -1
126, 6, -1
133, 3, -1
119, 4, 0
123, 6, -2
127, 4, 0
123, 5, -1
122, 4, -1
125, 6, -1
124, 4, -1
125, 6, -1
124, 3, 0
126, 6, -1
130, 4, -1
123, 4, -1
121, 5, -1
129, 4, 0
123, 6, -1
125, 3, -1
123, 6, -1
125, 4, -1
124, 5, -1
126, 4, 0
132, 6, -1
116, 3, -1
130, 4, -1
125, 6, -1
127, 3, 0
123, 6, -2
126, 4, 0
125, 5, -1
125, 4, -1
123, 6, -1
126, 3, -1
129, 6, -1
116, 3, 0
125, 4, -1
131, 6, -1
124, 3, -1
122, 6, -1
127, 3, 0
124, 6, -1
126, 4, -1
125, 5, -1
123, 4, 0
131, 5, -1
119, 4, -1
123, 5, -1
135, 4, -1
119, 3, 0
126, 6, -1
122, 3, -1
125, 6, -1
126, 3, -1
124, 6, 0
124, 3, -1
153, 6, -1
103, 3, -1
123, 6, -1
122, 3, 0
130, 4, -1
278, 5, -1
219, 4, -1
121, 14, -2
126, 3, -1
128, 5, -1
128, 4, 0
119, 5, -1
133, 3, -1
122, 4, -1
125, 5, -1
123, 4, 0
123, 5, -1
125, 3, -1
125, 5, -1
125, 4, -1
124, 5, -1
123, 3, 0
134, 5, -1
124, 4, -1
120, 3, -1
126, 5, 0
126, 4, -1
124, 5, -1
125, 3, -1
129, 5, -1
121, 3, -1
126, 5, -1
122, 4, 0
127, 5, -1
123, 3, -1
140, 3, 0
115, 5, -1
125, 3, -1
126, 5, -1
123, 3, -1
125, 5, 0
127, 3, -1
129, 5, -1
122, 4, -1
133, 4, -1
125, 4, 0
119, 3, -1
124, 5, -1
124, 3, 0
125, 5, -1
126, 3, -1
123, 5, -1
126, 3, 0
124, 5, -1
126, 3, -1
125, 4, -1
124, 4, -1
124, 3, 0
124, 4, -1
125, 4, -1
126, 4, -1
124, 3, 0
124, 5, -1
122, 3, -1
125, 5, -1
125, 3, 0
125, 5, -1
124, 3, -1
124, 3, -1
130, 4, 0
121, 3, -1
125, 5, -1
125, 3, -1
126, 4, 0
124, 3, -1
126, 5, -1
124, 3, -1
125, 4, 0
149, 3, -1
102, 3, -1
124, 5, -1
125, 3, 0
124, 4, -1
125, 3, -1
125, 5, 0
125, 2, -1
125, 5, -1
125, 3, -1
125, 4, 0
125, 3, -1
125, 3, -1
125, 4, 0
125, 3, -1
125, 4, -1
125, 3, 0
125, 5, -1
125, 2, -1
125, 5, -1
125, 3, 0
125, 4, -1
125, 2, -1
125, 5, 0
125, 3, -1
125, 2, 0
125, 4, -1
127, 3, -1
123, 4, -1
125, 3, 0
125, 4, -1
125, 3, -1
125, 4, 0
125, 3, -1
125, 4, -1
125, 2, 0
125, 3, -1
125, 4, -1
126, 3, 0
125, 4, -1
125, 2, -1
124, 4, -1
125, 3, 0
125, 3, -1
125, 3, -1
125, 4, 0
125, 3, -1
125, 2, 0
125, 4, -1
125, 3, -1
125, 4, 0
125, 2, -1
125, 4, -1
125, 2, 0
126, 4, -1
124, 3, 0
125, 4, -1
125, 2, -1
302, 3, -1
198, 3, 0
125, 9, -2
124, 4, -1
125, 2, 0
126, 4, -1
124, 2, -1
126, 4, 0
124, 2, -1
125, 3, 0
125, 3, -1
125, 3, 0
125, 3, -1
125, 2, -1
125, 4, 0
125, 2, -1
126, 4, -1
124, 2, 0
125, 4, -1
125, 2, -1
126, 3, 0
124, 2, -1
125, 3, 0
125, 3, -1
125, 2, 0
125, 4, -1
125, 2, 0
126, 3, -1
124, 3, -1
125, 3, -1
125, 2, 0
125, 3, -1
125, 3, 0
125, 2, -1
125, 3, 0
125, 2, -1
125, 3, -1
125, 3, 0
125, 3, -1
125, 2, 0
125, 3, -1
129, 2, 0
121, 3, -1
125, 3, -1
125, 2, 0
125, 3, -1
125, 2, 0
130, 3, -1
123, 2, -1
123, 3, 0
125, 2, -1
125, 3, 0
125, 2, -1
125, 3, -1
125, 2, 0
125, 2, 0
125, 3, -1
125, 2, 0
125, 3, -1
137, 2, -1
117, 3, 0
124, 2, -1
127, 3, 0
124, 2, -1
126, 2, -1
124, 2, 0
126, 2, -1
124, 3, 0
124, 2, -1
126, 3, 0
125, 1, -1
125, 3, 0
125, 2, -1
125, 3, 0
127, 2, -1
123, 2, -1
125, 2, 0
125, 3, -1
125, 2, 0
125, 2, 0
124, 2, -1
126, 2, -1
125, 3, 0
125, 1, -1
126, 3, 0
124, 2, -1
125, 2, 0
122, 2, -1
124, 2, -1
125, 2, 0
125, 2, 0
125, 2, -1
125, 2, 0
125, 2, -1
125, 2, 0
124, 2, -1
126, 2, 0
125, 2, -1
125, 2, 0
125, 2, -1
127, 2, 0
123, 1, -1
125, 3, 0
125, 1, -1
125, 3, 0
124, 1, -1
126, 3, 0
124, 1, -1
127, 2, 0
124, 2, -1
125, 2, 0
124, 2, -1
126, 1, 0
125, 2, -1
125, 2, 0
124, 2, -1
126, 2, 0
125, 2, -1
125, 1, 0
125, 2, -1
125, 2, 0
125, 2, -1
126, 1, 0
124, 2, -1
125, 2, 0
125, 1, -1
126, 2, 0
128, 1, -1
122, 2, 0
124, 2, -1
125, 2, 0
125, 1, -1
216, 2, 0
35, 1, -1
125, 2, 0
124, 1, -1
126, 1, 0
124, 2, -1
127, 2, 0
123, 1, -1
125, 2, 0
125, 1, -1
125, 1, 0
125, 2, -1
125, 1, 0
125, 2, -1
125, 1, 0
125, 1, -1
125, 2, 0
125, 1, -1
125, 2, 0
125, 1, 0
125, 1, -1
125, 1, -1
126, 2, 0
124, 1, -1
125, 2, 0
125, 1, 0
125, 1, -1
125, 1, -1
125, 1, 0
125, 2, -1
247, 2, 0
128, 1, -1
125, 1, 0
125, 1, -1
125, 2, 0
125, 1, -1
125, 1, 0
125, 1, -1
125, 1, 0
125, 1, -1
125, 1, 0
125, 1, -1
125, 1, 0
125, 1, -1
125, 1, 0
125, 1, -1
125, 1, 0
127, 1, 0
123, 1, -1
125, 1, 0
125, 1, -1
248, 2, -1
249, 1, -1
128, 1, 0
125, 1, 0
135, 1, -1
119, 1, 0
125, 0, -1
125, 1, 0
125, 1, -1
125, 1, 0
125, 1, -1
244, 1, 0
131, 1, -1
125, 1, 0
125, 0, -1
125, 1, 0
125, 1, 0
126, 0, -1
124, 1, 0
245, 1, -1
130, 1, 0
125, 1, -1
244, 1, -1
252, 1, 0
130, 0, -1
125, 1, 0
244, 1, -1
249, 1, -1
374, 1, -1
250, 1, 0
128, 0, -1
125, 1, 0
247, 0, -1
128, 1, 0
247, 0, -1
128, 1, 0
247, 0, -1
128, 1, 0
248, 0, -1
249, 1, 0
128, 0, -1
410, 0, -1
90, 1, 0
247, 0, -1
411, 0, -1
91, 1, 0
248, 0, -1
375, 0, -1
541, 0, -1
209, 0, -1
729, 0, -1
149, 0, -1
372, 0, -1
412, 0, -1
417, 0, -1
171, -1, 0
250, 0, -1
375, -1, -1
418, 0, -1
208, -1, 0
127, 0, -1
247, -1, 0
128, 0, -1
247, -1, 0
128, 0, -1
247, -1, 0
128, 0, -1
247, -1, 0
128, 0, -1
125, -1, 0
247, 0, -1
128, -1, 0
248, -1, -1
249, -1, 0
128, 0, -1
247, -1, 0
128, 0, -1
125, -1, 0
247, -1, -1
250, -1, -1
128, -1, 0
247, -1, 0
128, 0, -1
125, -1, 0
125, -1, -1
250, -1, 0
140, -1, -1
232, -1, 0
133, 0, -1
125, -1, 0
123, -1, 0
124, 0, -1
125, -1, 0
128, -1, 0
124, 0, -1
142, -1, 0
109, -1, 0
134, 0, -1
117, -1, 0
129, -1, -1
125, -1, 0
251, -1, -1
119, -1, 0
126, -1, -1
245, -1, 0
131, -1, 0
125, -1, -1
129, -1, 0
240, -1, -1
131, -1, 0
123, -1, -1
123, -1, 0
126, -1, 0
248, -1, -1
127, -2, 0
248, -1, -1
125, -1, 0
124, -1, -1
125, -1, 0
126, -1, 0
124, -1, -1
128, -1, 0
123, -1, 0
127, -1, 0
125, -1, -1
124, -1, 0
125, -1, 0
126, -1, -1
123, -1, 0
126, -1, 0
125, -1, -1
124, -1, 0
125, -1, 0
124, -1, -1
126, -1, 0
124, -1, 0
130, -1, 0
122, -1, -1
125, -1, 0
126, -2, 0
124, -1, -1
127, -1, 0
124, -1, 0
125, -2, -1
246, -1, 0
128, -2, -1
124, -1, 0
125, -1, 0
125, -1, 0
341, -2, -1
159, -1, 0
125, -4, -1
125, -1, 0
125, -1, 0
125, -1, -1
125, -2, 0
125, -1, 0
125, -1, -1
125, -2, 0
125, -1, 0
123, -2, 0
125, -1, -1
125, -1, 0
126, -2, 0
124, -1, 0
126, -1, 0
125, -2, -1
125, -1, 0
124, -1, 0
127, -2, -1
122, -1, 0
125, -2, 0
125, -1, -1
124, -2, 0
126, -1, 0
125, -2, 0
125, -1, -1
124, -2, 0
126, -2, 0
125, -1, 0
125, -2, 0
125, -1, -1
125, -2, 0
124, -1, 0
126, -2, 0
125, -1, -1
125, -2, 0
125, -2, 0
125, -1, 0
125, -2, -1
125, -1, 0
125, -2, 0
124, -2, 0
126, -2, 0
125, -1, -1
125, -2, 0
125, -2, 0
125, -1, 0
125, -2, -1
125, -2, 0
125, -2, 0
125, -1, 0
125, -2, 0
125, -2, -1
125, -2, 0
125, -1, 0
125, -3, 0
125, -1, 0
125, -2, 0
125, -2, -1
133, -1, 0
117, -3, 0
127, -1, 0
123, -2, 0
126, -2, -1
124, -2, 0
125, -2, 0
125, -2, 0
125, -2, 0
125, -1, 0
125, -3, 0
125, -1, -1
128, -3, 0
124, -2, 0
124, -2, 0
127, -1, 0
131, -3, 0
120, -2, -1
125, -2, 0
125, -2, 0
126, -1, 0
123, -3, 0
130, -2, 0
121, -2, -1
125, -2, 0
124, -3, 0
126, -1, 0
123, -3, 0
125, -2, 0
124, -2, 0
124, -2, 0
125, -3, -1
124, -2, 0
126, -2, 0
124, -2, 0
126, -2, 0
124, -3, 0
125, -1, 0
126, -3, 0
134, -2, 0
116, -3, 0
124, -2, 0
128, -2, 0
124, -2, 0
124, -2, -1
124, -3, 0
125, -2, 0
126, -3, 0
125, -2, 0
124, -3, 0
125, -2, 0
125, -3, 0
125, -2, 0
126, -1, 0
124, -3, 0
125, -2, 0
126, -3, 0
125, -2, 0
125, -4, 0
125, -1, 0
124, -4, 0
125, -2, 0
125, -3, 0
126, -2, 0
125, -2, 0
124, -3, 0
127, -2, 0
123, -3, 0
125, -2, 0
126, -3, 0
124, -3, 0
229, -3, 0
23, -2, 0
124, -3, 0
124, -2, 0
125, -2, 0
125, -4, 0
125, -2, 0
126, -3, 0
125, -2, 0
131, -4, 0
126, -2, 0
124, -3, 0
125, -2, 0
124, -4, 0
125, -2, 0
125, -2, 0
128, -4, 0
124, -2, 0
127, -3, 0
124, -3, 0
126, -3, 0
122, -3, 0
126, -3, 1
124, -2, 0
125, -4, 0
125, -2, 0
130, -4, 0
123, -2, 0
121, -3, 1
124, -3, 0
125, -3, 0
124, -3, 0
126, -3, 0
124, -3, 0
126, -3, 0
125, -3, 1
125, -3, 0
125, -3, 0
122, -3, 0
124, -2, 0
125, -4, 1
125, -2, 0
125, -4, 0
125, -2, 0
125, -4, 1
125, -3, 0
125, -3, 0
125, -3, 0
131, -4, 0
120, -2, 1
124, -3, 0
125, -3, 0
125, -3, 0
126, -4, 1
124, -3, 0
125, -4, 0
126, -2, 0
124, -4, 1
125, -3, 0
125, -4, 0
125, -2, 0
125, -3, 1
125, -4, 0
125, -3, 0
125, -4, 1
125, -2, 0
125, -4, 0
125, -3, 1
125, -4, 0
128, -3, 0
126, -4, 0
123, -2, 1
123, -3, 0
125, -4, 0
125, -3, 1
126, -4, 0
124, -3, 0
125, -4, 1
125, -3, 0
125, -4, 1
125, -3, 0
125, -4, 1
126, -3, 0
128, -4, 0
124, -3, 1
124, -3, 0
125, -4, 0
132, -3, 1
116, -4, 0
125, -3, 0
124, -5, 1
125, -3, 0
126, -4, 1
124, -3, 0
126, -4, 1
125, -3, 0
126, -3, 0
130, -4, 1
121, -3, 0
125, -5, 1
125, -3, 0
125, -4, 1
129, -3, 0
122, -5, 1
126, -3, 0
123, -4, 1
125, -3, 0
125, -3, 0
124, -5, 1
129, -3, 0
125, -4, 1
124, -3, 0
125, -5, 1
125, -3, 0
126, -5, 1
124, -3, 0
124, -5, 1
125, -3, 0
126, -3, 1
125, -4, 1
125, -4, 0
125, -4, 1
124, -3, 0
125, -5, 1
126, -3, 0
124, -5, 1
125, -3, 1
124, -5, 0
133, -3, 1
120, -3, 0
131, -5, 1
118, -3, 0
124, -5, 1
271, -3, 0
229, -5, 1
123, -12, 2
125, -5, 1
125, -3, 0
126, -3, 1
124, -5, 0
125, -3, 1
126, -5, 1
124, -4, 0
125, -5, 1
127, -3, 0
124, -5, 1
125, -4, 1
125, -5, 1
125, -3, 0
125, -3, 1
125, -5, 0
125, -4, 1
125, -5, 1
125, -3, 0
125, -6, 1
125, -3, 1
125, -5, 0
126, -4, 1
124, -5, 1
124, -3, 0
125, -4, 1
126, -5, 1
124, -3, 0
126, -5, 1
126, -4, 1
128, -5, 1
122, -4, 0
126, -5, 1
124, -3, 1
124, -5, 1
124, -4, 0
126, -3, 1
124, -6, 1
125, -3, 0
125, -6, 1
125, -3, 1
125, -5, 1
126, -4, 0
124, -5, 1
125, -4, 1
126, -5, 1
125, -4, 1
125, -3, 0
125, -6, 1
124, -3, 1
126, -6, 1
124, -3, 0
126, -6, 1
125, -3, 1
124, -6, 1
126, -3, 0
125, -6, 2
124, -3, 0
125, -4, 1
125, -6, 1
125, -3, 0
125, -6, 1
126, -3, 1
124, -6, 1
126, -3, 1
124, -6, 1
125, -4, 0
127, -5, 1
126, -4, 1
124, -6, 1
125, -3, 1
148, -4, 0
105, -5, 1
120, -4, 1
128, -6, 1
123, -4, 1
125, -5, 1
124, -4, 0
125, -6, 1
125, -4, 1
125, -5, 1
125, -4, 1
126, -4, 1
122, -5, 1
125, -4, 0
125, -6, 2
125, -3, 0
126, -6, 1
124, -4, 1
126, -5, 1
124, -4, 1
125, -6, 1
126, -4, 1
125, -4, 0
125, -5, 2
125, -4, 0
125, -6, 1
125, -4, 1
139, -6, 1
111, -3, 1
125, -6, 1
125, -4, 1
124, -6, 1
125, -4, 1
125, -4, 0
125, -5, 1
125, -4, 1
125, -6, 1
125, -4, 1
125, -6, 1
125, -4, 1
125, -6, 1
129, -4, 1
123, -5, 1
125, -4, 1
124, -4, 1
125, -6, 1
125, -4, 0
125, -6, 2
125, -4, 0
125, -6, 2
125, -4, 0
125, -6, 1
125, -4, 1
125, -6, 1
127, -3, 1
124, -6, 1
124, -4, 1
125, -4, 1
311, -6, 1
189, -4, 1
124, -16, 3
125, -4, 1
129, -6, 1
132, -4, 1
127, -6, 1
122, -4, 1
119, -4, 1
125, -6, 1
129, -4, 1
125, -6, 1
123, -4, 1
125, -6, 1
125, -4, 1
125, -6, 1
123, -4, 1
126, -6, 1
125, -4, 0
130, -6, 2
129, -4, 1
117, -4, 0
124, -6, 1
126, -4, 1
127, -6, 2
127, -4, 0
125, -6, 2
125, -4, 0
149, -6, 2
105, -4, 0
121, -7, 2
136, -4, 0
130, -3, 1
102, -7, 2
125, -4, 0
125, -6, 2
125, -4, 0
135, -6, 1
120, -4, 1
124, -6, 1
128, -4, 1
123, -6, 1
124, -5, 1
126, -4, 1
122, -6, 1
125, -4, 1
125, -6, 1
129, -4, 1
122, -6, 1
123, -4, 1
126, -7, 1
125, -3, 1
125, -7, 1
124, -4, 1
127, -6, 1
123, -4, 1
125, -4, 1
126, -6, 1
126, -4, 1
125, -6, 2
122, -4, 0
125, -7, 2
126, -4, 0
125, -6, 2
125, -4, 0
128, -6, 2
123, -4, 0
123, -4, 1
126, -6, 1
124, -5, 1
124, -6, 1
126, -4, 1
127, -6, 2
130, -4, 0
120, -6, 2
124, -4, 1
125, -6, 1
125, -4, 1
130, -6, 1
128, -4, 1
120, -5, 1
126, -6, 1
121, -4, 1
131, -6, 1
120, -4, 1
124, -6, 1
126, -4, 1
124, -6, 1
124, -4, 1
126, -6, 1
122, -5, 1
125, -4, 1
124, -6, 1
125, -4, 1
126, -6, 1
126, -4, 1
124, -6, 1
124, -4, 1
125, -7, 1
126, -4, 1
134, -6, 1
116, -4, 1
125, -4, 1
126, -6, 1
126, -4, 1
124, -6, 1
124, -4, 1
125, -6, 1
125, -5, 1
125, -6, 1
125, -4, 1
125, -6, 1
125, -4, 1
125, -4, 1
125, -6, 1
125, -4, 1
125, -6, 1
125, -4, 1
125, -6, 1
125, -4, 1
125, -7, 1
125, -4, 1
125, -6, 1
124, -4, 1
126, -4, 1
125, -6, 1
125, -4, 1
126, -6, 1
124, -4, 1
125, -6, 1
125, -4, 1
125, -6, 1
230, -4, 1
21, -7, 1
124, -3, 1
124, -4, 0
125, -7, 2
126, -3, 0
126, -6, 2
123, -4, 1
125, -6, 1
126, -4, 0
124, -6, 2
125, -5, 0
125, -6, 2
126, -3, 0
124, -4, 1
126, -6, 1
125, -5, 1
124, -5, 1
129, -5, 1
122, -6, 1
125, -4, 1
125, -5, 1
126, -4, 1
124, -7, 1
124, -3, 1
126, -5, 1
125, -6, 1
125, -3, 1
125, -6, 1
124, -4, 0
126, -6, 2
124, -4, 0
125, -7, 1
125, -3, 1
125, -6, 1
126, -4, 1
125, -4, 1
125, -6, 1
126, -4, 1
124, -6, 1
125, -4, 1
125, -6, 1
124, -3, 1
126, -6, 1
124, -4, 0
125, -6, 1
125, -4, 1
125, -4, 1
131, -6, 1
121, -4, 1
124, -5, 1
125, -5, 1
126, -5, 1
124, -4, 0
126, -6, 2
125, -4, 0
125, -6, 1
127, -4, 1
125, -3, 1
124, -6, 1
123, -4, 1
125, -6, 1
124, -4, 0
125, -5, 1
126, -4, 1
124, -6, 1
125, -4, 1
125, -5, 1
126, -4, 1
124, -4, 1
125, -6, 1
125, -3, 0
125, -6, 1
125, -4, 1
126, -5, 1
126, -4, 1
125, -6, 1
124, -3, 1
125, -6, 1
124, -4, 0
125, -4, 1
125, -5, 1
125, -4, 1
125, -5, 1
126, -4, 1
125, -6, 1
124, -3, 0
125, -6, 1
125, -4, 1
126, -5, 1
126, -4, 1
125, -3, 0
124, -6, 1
125, -4, 1
126, -5, 1
124, -4, 1
134, -5, 1
119, -4, 0
126, -5, 1
124, -4, 1
130, -5, 1
121, -4, 1
126, -4, 0
123, -5, 1
126, -4, 1
130, -5, 1
124, -4, 1
123, -5, 1
123, -4, 0
126, -5, 1
124, -4, 1
125, -5, 1
126, -4, 0
139, -3, 1
110, -5, 1
126, -4, 1
124, -5, 1
124, -4, 0
126, -5, 1
125, -4, 1
125, -5, 1
125, -3, 0
126, -6, 1
124, -3, 1
125, -4, 0
133, -5, 1
113, -3, 1
125, -6, 1
129, -3, 1
121, -5, 1
124, -4, 0
126, -5, 1
125, -3, 1
274, -5, 1
227, -4, 0
124, -12, 2
125, -5, 1
126, -3, 1
124, -5, 1
126, -4, 1
125, -5, 1
125, -3, 0
125, -5, 1
124, -4, 1
125, -3, 0
125, -5, 1
125, -3, 1
125, -5, 1
125, -4, 0
125, -5, 1
125, -3, 1
126, -5, 0
124, -4, 1
125, -4, 1
125, -4, 1
125, -3, 0
124, -5, 1
125, -3, 1
126, -5, 0
124, -3, 1
126, -5, 1
125, -3, 1
125, -5, 0
125, -3, 1
124, -5, 1
126, -3, 0
125, -4, 1
125, -4, 1
127, -4, 0
125, -4, 1
128, -4, 1
121, -4, 1
126, -4, 0
125, -4, 1
124, -4, 0
126, -4, 1
125, -3, 1
124, -4, 0
128, -4, 1
122, -3, 1
126, -5, 1
122, -3, 0
125, -5, 1
125, -3, 0
125, -5, 1
125, -3, 1
125, -4, 1
125, -3, 0
125, -3, 1
125, -5, 1
126, -3, 0
133, -5, 1
118, -3, 1
126, -4, 1
127, -3, 0
127, -5, 1
122, -3, 0
125, -4, 1
122, -3, 1
125, -3, 0
125, -5, 1
128, -3, 0
121, -4, 1
125, -3, 1
125, -4, 1
125, -3, 0
134, -5, 1
116, -2, 0
125, -5, 1
125, -3, 1
125, -3, 0
126, -4, 1
124, -3, 0
125, -4, 1
125, -3, 1
125, -4, 1
125, -3, 0
125, -4, 1
125, -3, 0
126, -4, 1
135, -3, 1
121, -3, 0
126, -4, 1
122, -3, 1
127, -4, 0
123, -3, 1
125, -4, 0
127, -2, 1
126, -5, 1
124, -2, 0
124, -5, 1
124, -2, 0
125, -3, 1
127, -4, 1
126, -3, 0
122, -4, 1
125, -3, 0
126, -4, 1
124, -2, 0
126, -4, 1
125, -3, 0
125, -4, 1
126, -2, 1
124, -3, 0
125, -4, 1
126, -3, 0
124, -3, 1
124, -3, 1
150, -4, 0
101, -2, 1
121, -4, 0
123, -3, 1
125, -3, 1
128, -3, 0
123, -2, 0
124, -4, 1
125, -3, 1
126, -3, 0
124, -3, 0
125, -3, 1
126, -3, 1
125, -4, 0
124, -2, 1
125, -4, 0
300, -2, 1
202, -2, 0
124, -10, 2
125, -2, 0
124, -4, 1
125, -2, 0
126, -3, 1
124, -3, 0
125, -3, 1
126, -3, 0
127, -2, 1
124, -3, 0
123, -3, 1
130, -3, 0
121, -2, 1
125, -4, 0
125, -2, 1
133, -3, 0
122, -2, 0
127, -3, 1
127, -3, 0
116, -2, 1
124, -3, 0
126, -2, 1
124, -3, 0
125, -3, 1
125, -3, 0
126, -2, 1
125, -3, 0
124, -2, 1
133, -3, 0
122, -2, 1
125, -2, 0
124, -3, 0
126, -3, 1
124, -3, 0
126, -2, 1
125, -2, 0
124, -3, 1
127, -2, 0
125, -2, 0
124, -3, 1
127, -2, 0
123, -2, 1
126, -3, 0
124, -2, 0
125, -3, 1
126, -2, 0
124, -2, 1
128, -2, 0
124, -3, 1
124, -2, 0
123, -2, 0
125, -2, 0
126, -2, 1
124, -3, 0
125, -2, 1
125, -2, 0
123, -2, 0
123, -2, 1
125, -2, 0
124, -3, 0
126, -1, 1
125, -3, 0
125, -2, 0
125, -1, 1
124, -3, 0
126, -1, 0
125, -3, 1
126, -2, 0
124, -2, 0
135, -1, 1
125, -3, 0
130, -1, 0
128, -3, 1
124, -1, 0
117, -2, 0
124, -2, 0
121, -2, 1
132, -2, 0
118, -1, 0
125, -3, 1
122, -1, 0
125, -2, 0
124, -2, 0
125, -2, 1
125, -1, 0
125, -2, 0
126, -2, 1
126, -1, 0
123, -2, 0
126, -2, 0
124, -1, 1
125, -2, 0
125, -2, 0
125, -1, 0
126, -2, 1
124, -1, 0
125, -1, 0
126, -2, 0
147, -2, 1
105, -1, 0
123, -2, 0
125, -1, 0
127, -2, 0
124, -1, 1
124, -1, 0
125, -2, 0
127, -1, 0
124, -1, 1
130, -2, 0
119, -1, 0
125, -2, 0
124, -1, 0
125, -1, 0
126, -1, 1
126, -2, 0
124, -1, 0
125, -1, 0
125, -1, 0
125, -1, 0
125, -2, 1
124, -1, 0
125, -1, 0
125, -1, 0
125, -1, 0
125, -1, 0
126, -2, 1
248, -2, 0
126, -1, 0
349, -2, 0
26, -1, 0
249, -1, 1
126, -2, 0
248, -1, 0
127, -1, 0
125, -1, 0
126, -1, 0
247, -1, 0
134, -1, 0
120, -1, 0
125, -1, 0
123, -1, 1
249, -1, 0
127, -1, 0
251, -1, 0
247, -1, 0
130, -1, 0
125, -1, 0
244, -1, 0
251, -1, 0
249, -1, 0
250, -1, 0
131, 0, 1
244, -1, 0
250, -1, 0
375, -1, 0
410, -1, 0
340, -1, 0
625, -1, 0
1038, -1, 0
2841, 1, 0
130, 0, -1
649, 1, 0
375, 1, 0
474, 1, 0
499, 1, 0
252, 1, 0
249, 1, 0
247, 0, -1
123, 1, 0
249, 1, 0
249, 1, 0
250, 1, 0
249, 1, 0
251, 1, 0
251, 1, 0
250, 1, -1
127, 1, 0
248, 1, 0
253, 1, 0
137, 1, 0
116, 1, 0
247, 1, 0
126, 1, -1
247, 1, 0
270, 1, 0
233, 1, 0
124, 2, 0
124, 1, 0
125, 1, -1
126, 1, 0
127, 1, 0
245, 1, 0
127, 1, 0
125, 1, 0
125, 1, 0
126, 1, -1
124, 1, 0
126, 1, 0
125, 1, 0
126, 1, 0
125, 1, 0
124, 1, 0
125, 1, -1
125, 1, 0
129, 1, 0
121, 1, 0
124, 2, 0
249, 2, -1
126, 1, 0
125, 1, 0
125, 1, 0
125, 1, 0
126, 2, 0
124, 1, -1
125, 1, 0
125, 1, 0
125, 2, 0
126, 1, 0
130, 1, -1
133, 1, 0
126, 2, 0
131, 1, 0
121, 1, 0
115, 2, -1
123, 1, 0
125, 1, 0
125, 1, 0
126, 2, 0
124, 1, -1
126, 2, 0
126, 1, 0
124, 2, 0
124, 1, -1
125, 1, 0
126, 2, 0
126, 1, 0
124, 2, -1
125, 1, 0
125, 2, 0
124, 2, 0
126, 1, 0
125, 2, -1
124, 2, 0
126, 1, 0
124, 1, 0
124, 2, -1
123, 2, 0
128, 2, 0
120, 1, 0
125, 2, -1
126, 1, 0
125, 2, -1
125, 2, 0
125, 2, 0
127, 1, 0
134, 2, 0
118, 2, -1
123, 1, 0
128, 2, 0
124, 2, 0
125, 2, -1
122, 1, 0
128, 3, -1
126, 1, 0
134, 3, 0
127, 1, 0
111, 2, -1
136, 2, 0
125, 1, 0
116, 3, -1
127, 1, 0
122, 3, 0
125, 1, 0
127, 3, -1
123, 1, 0
126, 3, -1
122, 2, 0
125, 1, 0
125, 3, 0
125, 1, -1
125, 3, 0
125, 2, 0
126, 2, -1
125, 2, 0
125, 2, 0
125, 2, -1
126, 3, 0
124, 2, 0
124, 1, -1
123, 3, 0
125, 2, 0
125, 2, -1
126, 2, 0
124, 3, -1
125, 2, 0
125, 3, 0
126, 1, -1
124, 3, 0
127, 2, 0
126, 2, -1
124, 3, 0
125, 2, 0
125, 3, -1
126, 1, 0
124, 3, -1
125, 2, 0
125, 3, 0
125, 2, -1
126, 3, 0
125, 2, 0
126, 2, -1
124, 3, 0
124, 2, -1
304, 3, 0
196, 2, 0
123, 8, -2
125, 2, 0
125, 3, -1
126, 2, 0
124, 2, 0
125, 3, -1
129, 2, 0
122, 3, -1
122, 2, 0
125, 4, 0
125, 2, -1
125, 3, 0
125, 2, 0
125, 3, -1
125, 3, 0
125, 2, -1
125, 3, 0
125, 2, -1
134, 3, 0
127, 3, -1
123, 3, 0
125, 2, 0
125, 4, -1
125, 2, 0
125, 3, -1
125, 3, 0
124, 2, -1
125, 3, 0
125, 3, -1
125, 3, 0
125, 2, 0
125, 4, -1
125, 2, 0
125, 4, -1
125, 2, 0
126, 4, -1
124, 2, 0
125, 2, -1
124, 4, 0
126, 3, 0
125, 3, -1
125, 3, 0
124, 3, -1
126, 3, 0
125, 3, -1
125, 3, 0
122, 4, -1
123, 2, 0
125, 3, -1
124, 3, 0
125, 3, -1
125, 4, 0
125, 2, -1
125, 4, 0
125, 3, -1
125, 4, 0
125, 2, -1
125, 4, 0
125, 2, -1
125, 3, 0
126, 4, -1
124, 3, 0
125, 3, -1
125, 3, 0
125, 4, -1
125, 2, 0
125, 5, -1
128, 2, 0
125, 4, -1
124, 3, 0
125, 3, 0
124, 4, -1
126, 2, -1
126, 4, 0
125, 3, -1
128, 4, 0
143, 3, -1
109, 4, 0
127, 3, -1
124, 4, 0
121, 3, -1
123, 3, 0
123, 4, -1
126, 3, 0
125, 4, -1
125, 3, -1
126, 4, 0
125, 3, -1
131, 4, 0
135, 3, -1
107, 4, 0
128, 3, -1
137, 3, 0
112, 4, -1
130, 3, -1
118, 5, 0
126, 3, -1
125, 4, 0
130, 3, -1
120, 4, -1
125, 3, 0
125, 5, -1
124, 3, 0
126, 3, -1
124, 4, 0
125, 3, -1
125, 5, -1
125, 3, 0
125, 4, -1
126, 3, 0
125, 5, -1
125, 3, 0
124, 5, -1
125, 3, -1
125, 3, 0
126, 4, -1
125, 3, 0
124, 5, -1
125, 3, -1
126, 5, 0
124, 3, -1
125, 5, 0
126, 3, -1
125, 5, -1
125, 3, 0
126, 4, -1
123, 4, 0
125, 3, -1
126, 4, -1
125, 4, 0
240, 4, -1
261, 4, 0
124, 12, -2
125, 4, -1
124, 5, 0
126, 3, -1
124, 3, -1
125, 5, 0
125, 3, -1
125, 5, -1
125, 4, 0
125, 5, -1
125, 3, -1
125, 5, 0
125, 3, -1
125, 5, -1
125, 4, 0
125, 3, 0
125, 5, -1
125, 3, -1
126, 5, -1
125, 4, 0
125, 5, -1
124, 3, 0
125, 5, -1
126, 4, -1
124, 5, -1
125, 3, 0
125, 4, -1
126, 5, 0
124, 3, -1
127, 6, -1
123, 3, 0
125, 5, -1
125, 4, -1
126, 5, 0
124, 3, -1
125, 6, -1
125, 3, 0
124, 3, -1
126, 6, -1
125, 3, 0
125, 5, -1
125, 4, -1
125, 5, 0
126, 4, -1
132, 5, -1
116, 3, 0
125, 6, -1
125, 4, -1
127, 3, 0
125, 5, -1
133, 4, -1
121, 5, 0
131, 4, -1
125, 5, -1
121, 4, 0
121, 5, -1
125, 4, -1
125, 5, -1
125, 4, 0
125, 4, -1
124, 5, -1
126, 4, 0
125, 5, -1
125, 4, -1
126, 5, -1
135, 4, 0
114, 6, -1
125, 3, 0
126, 4, -1
129, 5, -1
121, 4, -1
126, 6, 0
124, 4, -1
125, 5, -1
124, 4, -1
125, 5, 0
129, 4, -1
123, 6, -1
163, 3, 0
83, 4, -1
123, 6, -1
126, 3, -1
125, 6, 0
124, 4, -1
126, 5, -1
124, 4, 0
125, 6, -1
125, 4, -1
126, 5, -1
124, 4, -1
126, 4, 0
124, 6, -1
125, 3, 0
126, 6, -1
128, 4, -1
123, 6, -1
124, 3, 0
125, 6, -1
126, 4, -1
123, 6, -1
126, 4, 0
124, 4, -1
128, 5, -1
132, 4, 0
119, 6, -1
122, 3, -1
126, 6, -1
128, 4, -1
141, 6, -1
111, 4, 0
134, 6, -1
120, 4, -1
116, 3, 0
127, 6, -1
123, 4, -1
127, 6, -1
123, 4, 0
125, 6, -1
125, 4, -1
123, 6, -1
125, 4, -1
125, 6, 0
125, 3, -1
125, 4, -1
130, 6, -1
120, 4, 0
125, 6, -1
125, 4, -1
125, 6, -1
295, 4, 0
208, 6, -1
123, 14, -2
124, 4, -1
125, 6, -1
125, 4, -1
125, 6, -1
125, 4, 0
125, 5, -1
131, 4, -1
121, 6, -1
123, 4, 0
125, 6, -1
125, 4, -1
125, 4, -1
124, 6, 0
126, 4, -1
125, 6, -1
124, 4, -1
125, 6, -1
127, 4, 0
127, 6, -1
122, 4, -1
124, 6, -1
125, 4, 0
126, 4, -1
124, 6, -1
125, 4, -1
126, 7, -1
124, 4, 0
127, 5, -1
124, 5, -1
125, 6, -1
124, 4, 0
126, 6, -1
125, 4, -1
126, 4, 0
124, 6, -1
125, 4, -1
125, 6, -1
125, 4, -1
125, 6, -1
125, 4, 0
125, 6, -1
125, 4, -1
125, 4, -1
125, 6, 0
126, 4, -1
124, 6, -1
125, 4, -1
125, 6, -1
138, 4, 0
117, 7, -1
124, 4, -1
125, 6, -1
125, 4, 0
125, 4, -1
125, 6, -1
125, 4, -1
125, 6, -1
125, 4, 0
125, 6, -1
125, 4, -1
124, 6, -1
126, 4, -1
125, 7, -1
124, 3, 0
126, 7, -1
125, 4, -1
124, 4, 0
125, 6, -1
126, 4, -1
125, 6, -1
126, 4, -1
124, 6, -1
125, 4, 0
125, 6, -1
125, 4, -1
135, 6, -1
111, 4, -1
126, 5, 0
126, 6, -1
123, 4, -1
125, 6, -1
126, 4, -1
126, 6, 0
128, 4, -1
120, 6, -1
137, 4, -1
123, 4, 0
115, 6, -1
126, 5, -1
125, 6, -1
124, 4, -1
127, 6, -1
125, 4, 0
125, 6, -1
124, 4, -1
125, 6, -1
125, 4, -1
138, 6, -1
111, 4, 0
125, 4, -1
126, 7, -1
125, 4, 0
124, 6, -1
123, 4, -1
125, 6, -1
125, 4, -1
125, 6, -1
125, 4, 0
125, 6, -1
125, 4, -1
125, 4, 0
126, 6, -1
124, 4, -1
126, 6, -1
124, 4, -1
130, 7, -1
123, 4, 0
122, 6, -1
125, 4, -1
125, 6, -1
125, 4, 0
128, 4, -1
122, 6, -1
125, 4, -1
127, 6, -1
123, 4, 0
125, 6, -1
124, 4, -1
309, 6, -1
193, 4, 0
124, 14, -3
125, 6, -1
125, 4, 0
125, 6, -1
125, 4, -1
125, 7, -1
124, 3, 0
125, 7, -1
126, 4, -1
124, 6, -1
126, 4, 0
124, 4, -1
125, 6, -1
125, 4, -1
125, 6, 0
126, 4, -1
124, 6, -1
125, 4, -1
128, 6, 0
123, 4, -1
124, 6, -1
125, 4, -1
125, 4, 0
126, 6, -1
130, 4, -1
130, 6, -1
119, 4, 0
124, 5, -1
125, 5, -1
125, 5, -1
125, 5, -1
125, 5, -1
125, 4, 0
126, 4, -1
124, 6, -1
125, 4, 0
126, 6, -1
124, 4, -1
125, 6, -1
125, 4, -1
125, 6, -1
125, 4, 0
126, 6, -1
124, 4, -1
126, 4, 0
126, 6, -1
124, 4, -1
124, 6, -1
126, 4, 0
124, 6, -1
125, 3, -1
125, 6, -1
126, 4, -1
120, 7, -1
125, 3, 0
125, 4, -1
126, 6, -1
124, 4, -1
125, 6, 0
125, 4, -1
127, 6, -1
125, 4, -1
124, 6, 0
125, 4, -1
124, 5, -1
125, 4, -1
126, 4, 0
125, 6, -1
124, 4, -1
126, 6, -1
124, 4, 0
125, 6, -1
127, 4, -1
123, 5, -1
125, 4, 0
126, 6, -1
124, 4, -1
125, 4, -1
126, 6, -1
124, 4, 0
126, 5, -1
126, 4, -1
124, 6, 0
125, 4, -1
125, 6, -1
128, 4, -1
127, 5, -1
123, 4, 0
123, 6, -1
126, 4, -1
123, 4, 0
128, 5, -1
122, 4, -1
125, 6, -1
125, 4, 0
126, 6, -1
123, 4, -1
126, 5, -1
128, 4, -1
122, 6, 0
126, 4, -1
125, 4, -1
125, 5, 0
128, 4, -1
124, 6, -1
122, 4, -1
125, 5, -1
125, 4, 0
124, 6, -1
126, 4, -1
125, 5, 0
125, 4, -1
125, 4, -1
125, 5, -1
125, 4, 0
126, 6, -1
128, 4, -1
121, 6, -1
125, 3, 0
125, 6, -1
125, 3, -1
125, 6, 0
124, 4, -1
125, 3, -1
126, 6, -1
125, 4, 0
125, 5, -1
125, 4, -1
125, 6, -1
124, 4, 0
218, 5, -1
33, 4, -1
126, 5, -1
123, 4, 0
126, 5, -1
125, 4, -1
125, 4, 0
125, 5, -1
124, 4, -1
126, 5, -1
124, 4, 0
126, 5, -1
125, 4, -1
125, 6, -1
124, 3, 0
125, 6, -1
126, 3, -1
125, 4, -1
124, 6, 0
127, 3, -1
125, 6, -1
125, 3, -1
127, 6, 0
124, 3, -1
127, 6, -1
122, 3, 0
124, 6, -1
124, 3, -1
126, 4, 0
124, 5, -1
125, 4, -1
125, 5, -1
125, 4, 0
125, 5, -1
140, 4, -1
114, 5, -1
132, 4, 0
119, 5, -1
124, 3, -1
125, 4, -1
126, 5, -1
124, 4, 0
125, 5, -1
125, 4, -1
125, 5, -1
125, 4, 0
125, 5, -1
125, 3, -1
128, 5, -1
122, 4, 0
125, 3, -1
125, 6, -1
125, 3, 0
127, 5, -1
123, 4, -1
125, 5, -1
125, 4, 0
125, 5, -1
125, 3, -1
125, 5, -1
125, 4, 0
145, 3, -1
101, 6, -1
125, 3, 0
125, 5, -1
125, 3, -1
125, 6, -1
125, 3, 0
125, 5, -1
125, 4, -1
125, 5, -1
125, 3, 0
125, 3, -1
125, 6, -1
125, 3, 0
126, 5, -1
124, 3, -1
125, 5, -1
125, 4, 0
125, 5, -1
125, 3, -1
125, 5, 0
125, 3, -1
127, 4, -1
123, 4, 0
126, 4, -1
125, 5, -1
131, 3, 0
122, 5, -1
124, 3, -1
125, 5, -1
126, 4, 0
124, 4, -1
125, 4, -1
125, 3, -1
125, 5, 0
126, 3, -1
125, 5, -1
124, 3, 0
125, 5, -1
125, 3, -1
125, 5, -1
125, 3, 0
125, 5, -1
125, 4, -1
126, 3, 0
126, 5, -1
124, 3, -1
125, 5, -1
126, 3, 0
155, 4, -1
103, 4, 0
116, 4, -1
136, 4, -1
117, 4, -1
124, 3, 0
131, 3, -1
118, 5, -1
124, 3, 0
125, 5, -1
124, 3, -1
124, 5, -1
134, 3, 0
124, 4, -1
119, 4, -1
126, 3, 0
123, 4, -1
129, 4, -1
145, 4, -1
102, 3, 0
128, 5, -1
125, 3, -1
121, 4, -1
275, 3, 0
225, 5, -1
123, 10, -2
124, 4, 0
127, 4, -1
124, 3, -1
124, 5, -1
125, 3, 0
125, 4, -1
125, 3, -1
125, 5, -1
125, 3, 0
125, 4, -1
125, 3, 0
125, 3, -1
125, 4, -1
125, 3, 0
125, 5, -1
125, 3, -1
125, 4, -1
126, 3, 0
125, 4, -1
124, 3, -1
125, 4, 0
125, 3, -1
125, 3, -1
125, 4, 0
125, 3, -1
125, 5, -1
125, 2, 0
125, 5, -1
125, 2, -1
125, 5, 0
125, 2, -1
130, 5, -1
125, 2, 0
126, 3, -1
124, 4, 0
125, 3, -1
127, 5, -1
125, 2, -1
123, 5, 0
126, 2, -1
127, 4, -1
133, 3, 0
116, 4, -1
125, 3, -1
126, 3, 0
124, 4, -1
125, 3, -1
127, 4, 0
124, 2, -1
126, 5, -1
121, 2, 0
126, 4, -1
126, 3, -1
126, 4, 0
123, 2, -1
134, 3, 0
120, 4, -1
133, 3, -1
119, 4, -1
124, 2, 0
119, 4, -1
122, 3, 0
125, 4, -1
125, 2, -1
125, 4, 0
125, 3, -1
125, 4, -1
125, 2, 0
126, 3, -1
124, 4, -1
146, 2, 0
106, 4, -1
124, 3, -1
128, 3, 0
124, 3, -1
123, 4, -1
125, 2, 0
125, 4, -1
125, 2, -1
124, 3, 0
125, 4, -1
128, 2, 0
124, 4, -1
123, 2, -1
125, 4, 0
125, 3, -1
125, 3, -1
125, 3, 0
125, 3, -1
125, 3, -1
125, 2, 0
125, 4, -1
125, 2, -1
125, 4, 0
125, 2, -1
125, 4, -1
125, 2, 0
125, 4, -1
126, 2, 0
124, 4, -1
125, 2, -1
125, 2, 0
125, 4, -1
125, 2, -1
125, 4, 0
125, 2, -1
125, 3, -1
125, 3, 0
125, 3, -1
125, 2, -1
125, 4, 0
125, 2, -1
125, 3, -1
125, 2, 0
125, 3, -1
125, 3, 0
127, 2, -1
123, 4, -1
126, 2, 0
124, 3, -1
125, 2, -1
125, 3, -1
125, 3, 0
125, 3, -1
126, 2, 0
124, 2, -1
125, 4, -1
125, 2, 0
307, 3, -1
195, 2, -1
123, 8, -2
125, 2, 0
125, 3, -1
126, 3, 0
124, 2, -1
125, 3, -1
125, 2, 0
125, 3, -1
125, 2, 0
125, 3, -1
127, 2, -1
123, 3, -1
125, 2, 0
125, 3, -1
125, 2, 0
125, 2, -1
125, 3, 0
125, 2, -1
128, 3, -1
122, 2, 0
125, 3, -1
125, 2, -1
125, 3, 0
125, 2, -1
125, 3, -1
125, 2, 0
125, 3, -1
125, 2, 0
125, 1, -1
125, 3, -1
125, 2, 0
125, 3, -1
125, 2, 0
125, 2, -1
125, 2, -1
125, 3, 0
125, 2, -1
125, 3, -1
125, 1, 0
125, 2, -1
125, 3, -1
125, 2, 0
125, 2, -1
126, 2, -1
125, 3, 0
124, 1, -1
126, 3, -1
124, 2, 0
125, 2, -1
125, 2, 0
125, 2, -1
125, 2, -1
125, 2, -1
125, 2, 0
126, 2, -1
124, 3, 0
125, 1, -1
125, 3, -1
125, 1, 0
125, 3, -1
125, 1, -1
124, 2, 0
125, 2, -1
126, 2, 0
124, 2, -1
125, 2, -1
126, 2, -1
125, 1, 0
125, 3, -1
125, 1, 0
125, 3, -1
125, 1, -1
125, 2, 0
125, 2, -1
124, 1, -1
126, 2, 0
126, 2, -1
126, 2, -1
124, 2, 0
125, 2, -1
124, 1, -1
129, 2, 0
125, 2, -1
125, 1, 0
125, 2, -1
125, 2, 0
125, 2, -1
125, 1, -1
125, 2, -1
125, 2, 0
125, 1, -1
126, 2, 0
123, 2, -1
126, 1, 0
125, 2, -1
125, 2, -1
125, 1, 0
125, 2, -1
128, 1, 0
122, 2, -1
125, 1, -1
131, 2, -1
120, 1, 0
125, 2, -1
127, 1, 0
130, 1, -1
119, 2, -1
127, 1, 0
124, 2, -1
120, 1, 0
126, 2, -1
122, 1, 0
125, 2, -1
125, 1, -1
125, 1, 0
125, 2, -1
125, 1, -1
125, 1, 0
125, 1, -1
125, 2, 0
125, 1, -1
125, 2, 0
126, 1, -1
125, 1, -1
124, 1, 0
127, 2, -1
124, 1, 0
124, 1, -1
127, 1, -1
127, 1, 0
221, 2, 0
27, 1, -1
124, 1, -1
124, 1, 0
125, 1, -1
124, 2, 0
125, 1, -1
126, 1, 0
125, 1, -1
125, 1, 0
125, 1, -1
125, 1, 0
124, 1, -1
125, 1, -1
125, 1, 0
126, 1, -1
124, 1, 0
126, 1, -1
134, 1, 0
121, 1, -1
124, 1, 0
125, 1, -1
127, 1, 0
123, 1, -1
125, 1, 0
127, 1, -1
125, 1, -1
245, 1, -1
130, 1, 0
125, 1, -1
126, 1, 0
124, 1, -1
243, 1, -1
130, 1, 0
126, 1, -1
125, 1, 0
126, 0, -1
126, 1, 0
122, 1, -1
245, 1, -1
131, 1, 0
125, 1, -1
244, 1, -1
263, 1, -1
114, 1, 0
126, 0, -1
128, 1, 0
119, 1, -1
251, 1, -1
248, 1, -1
248, 1, -1
250, 1, -1
250, 1, -1
250, 0, -1
128, 1, 0
125, 0, -1
125, 1, 0
126, 0, -1
124, 1, 0
125, 0, -1
248, 1, -1
249, 0, -1
129, 1, 0
247, 0, -1
128, 1, 0
125, 0, -1
246, 0, -1
128, 1, 0
125, 0, -1
247, 0, -1
250, 1, -1
376, 0, -1
249, 0, -1
128, 1, 0
126, 0, -1
247, 0, -1
250, 0, -1
474, 0, -1
151, 0, -1
250, 0, -1
251, 0, -1
376, 0, -1
247, 0, -1
250, 0, -1
382, 0, -1
244, 0, -1
249, 0, -1
128, -1, 0
125, 0, -1
404, 0, -1
224, -1, -1
253, 0, -1
118, -1, 0
393, 0, -1
233, -1, -1
246, -1, -1
250, 0, -1
128, -1, 0
124, 0, -1
248, -1, -1
400, -1, -1
225, -1, -1
249, -1, 0
128, 0, -1
125, -1, 0
137, 0, -1
118, -1, 0
244, -1, -1
250, -1, -1
250, -1, 0
130, -1, -1
244, -1, -1
250, -1, -1
132, -1, 0
244, -1, -1
249, -1, -1
132, -1, 0
244, -1, -1
130, -1, 0
125, 0, -1
125, -1, 0
126, -1, 0
125, 0, -1
124, -1, 0
139, -1, -1
109, -1, 0
123, 0, -1
125, -1, 0
125, -1, 0
125, -1, -1
248, -1, -1
127, -1, 0
125, -1, 0
125, -1, -1
247, -1, -1
128, -1, 0
125, -1, 0
125, -1, -1
125, -1, 0
248, -2, -1
249, -1, -1
128, -1, 0
125, -1, 0
125, -1, -1
125, -1, 0
125, -1, -1
125, -1, 0
127, -1, 0
126, -1, -1
122, -1, 0
125, -1, 0
125, -1, -1
125, -1, 0
125, -1, -1
125, -1, 0
125, -1, 0
126, -1, -1
124, -1, 0
125, -1, -1
125, -1, 0
125, -1, 0
125, -1, 0
125, -1, -1
125, -1, 0
125, -1, -1
125, -2, 0
247, -2, -1
128, -1, 0
125, -1, 0
125, -1, -1
125, -2, 0
126, -1, 0
125, -1, -1
124, -1, 0
125, -1, 0
125, -2, -1
125, -1, 0
125, -1, -1
125, -1, 0
125, -2, 0
125, -1, 0
125, -1, -1
125, -1, 0
125, -2, -1
125, -1, 0
125, -1, 0
125, -2, 0
125, -1, -1
126, -2, 0
124, -1, 0
125, -2, -1
125, -1, 0
125, -1, 0
125, -1, 0
126, -2, -1
124, -1, 0
125, -2, 0
125, -1, -1
125, -1, 0
125, -2, 0
125, -1, 0
125, -2, -1
125, -1, 0
125, -2, 0
288, -1, -1
214, -2, 0
124, -4, -1
132, -2, 0
122, -2, 0
125, -1, 0
124, -2, -1
124, -1, 0
125, -2, 0
124, -1, 0
125, -2, -1
126, -2, 0
124, -2, 0
125, -1, -1
125, -1, 0
125, -2, 0
126, -2, 0
124, -2, 0
126, -1, -1
124, -2, 0
128, -1, 0
123, -3, 0
125, -1, 0
124, -2, -1
139, -2, 0
116, -1, 0
130, -2, 0
119, -1, -1
126, -3, 0
143, -1, 0
107, -2, 0
125, -2, 0
124, -2, -1
126, -2, 0
125, -2, 0
124, -1, 0
125, -2, 0
126, -2, -1
125, -2, 0
125, -2, 0
125, -2, 0
124, -2, 0
126, -1, 0
125, -3, -1
125, -1, 0
124, -3, 0
126, -1, 0
125, -2, 0
125, -2, -1
125, -2, 0
125, -3, 0
125, -1, 0
121, -3, 0
124, -1, 0
125, -3, 0
125, -2, -1
125, -2, 0
125, -2, 0
125, -2, 0
125, -2, 0
125, -2, 0
125, -3, 0
125, -1, 0
125, -3, -1
125, -2, 0
125, -2, 0
125, -2, 0
125, -3, 0
125, -2, 0
125, -1, 0
125, -3, 0
125, -2, 0
125, -3, 0
125, -2, -1
126, -2, 0
124, -2, 0
125, -3, 0
125, -2, 0
125, -3, 0
125, -1, 0
125, -2, 0
125, -3, 0
124, -2, 0
126, -3, 0
125, -2, 0
125, -3, 0
125, -2, 0
125, -3, 0
125, -2, -1
125, -3, 0
125, -2, 0
125, -2, 0
125, -3, 0
124, -2, 0
126, -3, 0
125, -2, 0
125, -3, 0
125, -2, 0
125, -3, 0
125, -2, 0
127, -3, 0
124, -2, 0
147, -2, 0
102, -4, 0
125, -2, 0
124, -3, 0
126, -2, 0
126, -3, 0
124, -2, 0
125, -4, 0
124, -2, 0
126, -3, 0
125, -3, 0
124, -2, 0
125, -3, 0
125, -2, 0
126, -4, 0
125, -2, 0
125, -3, 0
124, -2, 0
126, -4, 0
125, -2, 0
125, -4, 0
124, -2, 0
126, -2, 1
124, -4, 0
125, -2, 0
126, -4, 0
126, -2, 0
124, -3, 0
126, -3, 0
124, -3, 0
206, -3, 0
45, -3, 1
135, -2, 0
114, -3, 0
124, -3, 0
126, -3, 0
124, -3, 1
125, -3, 0
125, -3, 0
126, -3, 0
125, -3, 0
124, -3, 0
125, -4, 1
125, -2, 0
125, -3, 0
126, -4, 0
124, -2, 0
125, -4, 1
126, -2, 0
124, -4, 0
126, -2, 0
124, -4, 1
126, -3, 0
124, -4, 0
125, -2, 0
125, -3, 0
125, -4, 1
126, -2, 0
124, -4, 0
125, -3, 1
125, -4, 0
126, -2, 0
124, -4, 0
125, -3, 1
126, -4, 0
125, -3, 0
125, -2, 0
125, -4, 1
124, -3, 0
126, -4, 0
124, -3, 1
144, -4, 0
106, -3, 0
125, -4, 1
125, -2, 0
125, -5, 0
125, -2, 1
126, -3, 0
126, -4, 0
144, -3, 1
105, -4, 0
125, -3, 0
125, -4, 1
124, -3, 0
125, -4, 0
126, -3, 1
125, -4, 0
124, -3, 1
125, -3, 0
125, -4, 0
125, -3, 1
125, -4, 0
125, -3, 1
125, -4, 0
125, -3, 0
125, -5, 1
125, -3, 0
125, -4, 1
125, -3, 0
126, -3, 0
124, -4, 1
125, -3, 0
125, -5, 1
125, -3, 0
125, -4, 1
125, -3, 0
126, -5, 1
125, -3, 0
125, -4, 1
125, -3, 0
125, -3, 0
125, -5, 1
125, -3, 1
124, -5, 0
126, -3, 0
124, -4, 1
125, -3, 1
125, -5, 0
125, -3, 1
125, -5, 0
126, -3, 1
124, -3, 0
125, -5, 1
125, -3, 0
125, -5, 1
125, -3, 0
126, -4, 1
124, -3, 0
125, -5, 1
125, -3, 1
125, -5, 0
125, -3, 1
126, -5, 1
124, -3, 0
126, -4, 0
124, -4, 1
125, -4, 1
126, -5, 0
124, -3, 1
126, -5, 0
124, -3, 1
125, -5, 1
125, -3, 0
125, -5, 1
125, -3, 0
125, -4, 1
125, -5, 0
125, -3, 1
125, -5, 1
125, -3, 0
125, -5, 1
125, -3, 1
125, -6, 0
125, -3, 1
125, -5, 0
125, -3, 1
125, -4, 1
125, -5, 0
126, -3, 1
124, -6, 1
125, -3, 0
125, -5, 1
126, -4, 1
245, -5, 0
255, -3, 1
124, -12, 2
125, -5, 1
125, -4, 0
125, -5, 1
125, -3, 1
125, -6, 1
125, -3, 0
125, -5, 1
125, -4, 1
125, -5, 0
125, -4, 1
125, -3, 1
125, -5, 1
126, -4, 0
127, -5, 1
122, -4, 1
125, -5, 1
125, -4, 0
126, -5, 1
125, -4, 1
124, -5, 1
125, -4, 0
126, -3, 1
125, -6, 1
124, -3, 0
126, -6, 1
124, -3, 1
125, -6, 1
125, -3, 1
125, -6, 1
125, -3, 0
126, -6, 1
124, -4, 1
126, -3, 1
124, -6, 0
126, -4, 1
124, -5, 1
125, -4, 1
125, -5, 1
126, -4, 0
125, -6, 1
124, -3, 1
125, -6, 1
125, -4, 0
125, -3, 1
126, -6, 1
124, -4, 1
125, -5, 1
125, -4, 1
125, -6, 1
125, -4, 0
126, -5, 1
124, -4, 1
125, -6, 1
125, -4, 1
125, -3, 1
127, -6, 1
124, -4, 0
127, -5, 1
123, -4, 1
125, -6, 1
123, -4, 1
126, -6, 1
125, -4, 1
125, -5, 1
125, -4, 0
125, -6, 1
125, -4, 1
125, -4, 1
125, -6, 1
125, -3, 1
126, -6, 1
128, -4, 1
122, -6, 1
125, -4, 0
125, -6, 2
124, -4, 0
125, -5, 1
125, -4, 1
125, -4, 1
126, -6, 1
124, -4, 1
125, -6, 1
125, -4, 1
125, -6, 1
125, -4, 0
125, -6, 1
125, -4, 1
125, -6, 1
125, -4, 1
125, -4, 1
125, -6, 1
125, -4, 1
125, -6, 1
125, -4, 1
125, -6, 1
126, -4, 1
124, -6, 1
125, -4, 1
125, -6, 1
126, -4, 1
124, -4, 1
126, -6, 1
124, -4, 1
126, -6, 1
124, -5, 1
125, -6, 1
125, -4, 1
125, -6, 1
125, -4, 1
125, -6, 1
125, -4, 1
125, -7, 1
125, -3, 1
125, -5, 0
125, -6, 2
126, -4, 0
124, -6, 2
125, -4, 0
125, -7, 2
125, -4, 0
125, -6, 2
125, -4, 0
125, -4, 1
125, -6, 1
125, -4, 1
125, -7, 1
125, -4, 1
125, -6, 1
289, -4, 1
212, -7, 1
124, -14, 3
125, -5, 1
125, -6, 1
125, -4, 1
125, -6, 1
125, -4, 1
125, -7, 1
125, -4, 1
125, -7, 1
125, -4, 1
125, -6, 1
125, -4, 1
125, -5, 1
125, -6, 1
125, -4, 1
125, -6, 1
125, -5, 1
125, -6, 1
126, -4, 1
125, -7, 1
124, -4, 1
126, -6, 1
124, -4, 1
125, -5, 1
125, -6, 1
125, -4, 1
125, -7, 1
126, -4, 1
124, -7, 1
125, -4, 1
125, -6, 1
125, -5, 1
125, -6, 2
125, -4, 0
125, -5, 1
125, -6, 1
125, -4, 1
125, -7, 2
125, -4, 0
125, -7, 2
125, -4, 1
125, -6, 1
125, -5, 1
125, -6, 1
125, -5, 1
125, -4, 1
126, -6, 1
124, -5, 1
125, -6, 1
125, -4, 1
125, -7, 1
125, -4, 1
125, -7, 1
125, -4, 1
125, -7, 1
125, -4, 1
125, -4, 1
125, -7, 2
125, -4, 0
125, -7, 1
125, -4, 1
125, -7, 2
125, -4, 1
125, -7, 1
125, -4, 1
125, -6, 1
125, -5, 1
125, -4, 0
125, -7, 2
125, -4, 1
125, -7, 1
125, -4, 1
126, -6, 1
124, -5, 1
125, -6, 1
125, -5, 1
125, -6, 1
125, -5, 1
125, -4, 1
125, -7, 1
127, -4, 1
124, -6, 1
124, -5, 1
125, -6, 1
126, -5, 1
126, -6, 1
123, -5, 1
125, -6, 1
125, -5, 1
125, -4, 1
125, -7, 2
124, -4, 0
126, -7, 2
125, -4, 1
125, -7, 1
125, -4, 1
125, -7, 1
125, -4, 1
127, -7, 1
124, -4, 1
125, -7, 1
124, -4, 1
126, -5, 1
124, -6, 1
125, -5, 1
125, -6, 1
125, -5, 1
125, -6, 1
125, -4, 1
125, -7, 2
125, -4, 0
125, -7, 2
125, -4, 0
125, -5, 1
125, -6, 2
125, -5, 0
125, -6, 2
125, -5, 0
125, -6, 2
125, -5, 0
125, -6, 2
125, -5, 0
125, -4, 1
125, -7, 2
125, -4, 1
125, -6, 1
125, -5, 1
125, -6, 1
125, -5, 1
125, -6, 1
204, -4, 1
48, -7, 1
132, -4, 1
116, -5, 0
125, -6, 2
125, -5, 1
125, -6, 1
125, -5, 1
128, -6, 1
122, -5, 1
126, -6, 1
128, -4, 1
123, -7, 1
129, -4, 1
122, -5, 1
123, -6, 1
125, -5, 1
134, -6, 1
123, -4, 1
120, -7, 1
124, -4, 1
127, -7, 1
124, -4, 1
124, -7, 1
125, -4, 1
126, -4, 1
125, -7, 1
125, -4, 1
125, -7, 1
125, -4, 1
134, -7, 1
122, -4, 1
125, -7, 1
123, -4, 1
122, -6, 1
123, -4, 1
123, -5, 0
126, -6, 2
125, -4, 0
128, -7, 2
126, -4, 1
124, -7, 1
125, -4, 0
124, -6, 2
127, -4, 1
125, -7, 1
125, -4, 0
128, -6, 2
182, -5, 0
95, -4, 1
111, -6, 1
139, -5, 1
135, -6, 1
97, -4, 1
135, -7, 1
101, -4, 1
128, -6, 1
124, -5, 1
133, -4, 1
120, -6, 1
123, -5, 1
126, -6, 1
122, -4, 1
125, -7, 1
125, -4, 1
125, -6, 1
122, -4, 1
125, -7, 1
123, -4, 1
131, -6, 1
121, -4, 1
124, -5, 0
126, -6, 2
125, -4, 0
124, -6, 1
126, -4, 1
125, -7, 1
125, -4, 1
125, -6, 1
128, -4, 1
127, -7, 1
124, -4, 1
123, -4, 1
123, -6, 1
123, -5, 1
126, -6, 1
125, -4, 0
125, -6, 2
125, -4, 0
126, -7, 1
125, -4, 1
125, -6, 1
125, -4, 1
125, -4, 1
126, -6, 1
125, -4, 1
128, -7, 1
144, -4, 1
105, -6, 1
134, -4, 0
122, -6, 2
120, -4, 0
126, -6, 1
119, -5, 1
125, -3, 1
126, -6, 1
123, -5, 1
125, -6, 1
125, -4, 0
125, -6, 2
124, -4, 0
126, -6, 1
124, -4, 1
126, -4, 1
124, -6, 1
125, -4, 1
126, -6, 1
124, -4, 1
128, -6, 1
123, -4, 0
124, -6, 2
126, -4, 0
125, -6, 1
125, -4, 1
124, -6, 1
126, -4, 1
125, -4, 1
125, -6, 1
131, -4, 0
118, -6, 1
125, -4, 1
126, -6, 1
124, -4, 1
263, -6, 1
239, -3, 1
123, -14, 2
125, -6, 1
125, -4, 1
126, -6, 1
124, -4, 1
125, -6, 1
125, -3, 1
125, -6, 1
125, -4, 0
125, -4, 1
125, -6, 1
126, -3, 1
124, -6, 1
125, -4, 1
125, -6, 0
130, -4, 1
131, -5, 1
127, -4, 1
117, -6, 1
124, -4, 1
125, -3, 0
125, -6, 1
125, -4, 1
126, -5, 1
125, -4, 1
125, -6, 1
124, -3, 0
127, -6, 1
126, -4, 1
125, -5, 1
127, -4, 1
122, -6, 1
124, -3, 0
125, -4, 1
129, -6, 1
125, -3, 1
125, -6, 1
126, -3, 0
121, -6, 2
126, -4, 0
124, -5, 1
130, -4, 1
122, -5, 1
122, -4, 1
120, -4, 0
135, -5, 1
115, -4, 1
126, -5, 1
125, -4, 0
125, -5, 2
128, -4, 0
130, -5, 1
123, -4, 1
132, -5, 1
128, -4, 1
115, -3, 0
124, -5, 1
132, -4, 1
118, -5, 1
124, -4, 0
123, -5, 1
126, -4, 1
122, -5, 1
129, -3, 0
123, -6, 2
130, -3, 0
118, -4, 1
126, -5, 1
124, -3, 0
125, -6, 1
125, -3, 1
127, -6, 1
123, -3, 1
127, -5, 1
124, -4, 0
126, -5, 1
124, -3, 1
125, -4, 0
125, -5, 1
136, -3, 1
115, -5, 1
123, -4, 0
126, -5, 1
123, -3, 1
126, -5, 1
126, -4, 0
124, -5, 1
125, -3, 1
124, -3, 0
127, -5, 1
124, -4, 1
126, -5, 1
124, -3, 0
124, -5, 1
126, -3, 1
125, -5, 1
125, -4, 0
124, -4, 1
127, -4, 1
125, -3, 0
136, -5, 1
112, -3, 1
127, -5, 1
124, -3, 0
127, -5, 1
126, -3, 1
123, -5, 1
130, -3, 0
119, -4, 1
126, -4, 1
125, -3, 0
123, -4, 1
125, -4, 1
126, -4, 1
124, -3, 0
125, -5, 1
126, -3, 1
124, -5, 0
125, -3, 1
125, -5, 0
125, -3, 1
125, -3, 1
126, -5, 0
125, -3, 1
124, -4, 1
126, -3, 0
129, -5, 1
121, -3, 1
128, -4, 1
302, -3, 0
196, -5, 1
123, -10, 2
126, -3, 0
124, -5, 1
127, -3, 0
123, -4, 1
126, -3, 1
124, -4, 0
125, -3, 1
127, -4, 1
127, -3, 0
123, -4, 1
125, -3, 0
125, -3, 1
124, -5, 1
125, -2, 0
124, -5, 1
135, -3, 0
120, -4, 1
131, -2, 1
120, -5, 0
123, -2, 1
125, -5, 0
125, -2, 1
125, -3, 0
125, -4, 1
126, -3, 0
124, -4, 1
126, -3, 1
126, -4, 0
124, -2, 1
125, -4, 0
125, -3, 1
125, -4, 0
125, -3, 1
125, -2, 0
125, -4, 1
127, -3, 0
124, -4, 1
124, -2, 1
125, -4, 0
124, -3, 1
126, -4, 0
125, -2, 1
127, -4, 0
124, -2, 1
123, -3, 0
122, -4, 1
125, -2, 0
135, -4, 1
116, -2, 0
130, -4, 1
121, -3, 0
124, -3, 1
126, -3, 0
124, -3, 1
125, -3, 0
124, -2, 1
125, -4, 0
124, -2, 1
126, -4, 0
124, -2, 1
125, -4, 0
126, -2, 1
125, -3, 0
125, -3, 0
125, -3, 1
125, -3, 0
126, -2, 1
124, -3, 0
126, -2, 1
123, -4, 0
126, -2, 0
126, -4, 1
124, -2, 0
125, -3, 1
125, -2, 0
124, -4, 1
126, -2, 0
125, -2, 0
124, -3, 1
126, -2, 0
125, -3, 1
125, -3, 0
125, -3, 0
124, -2, 1
125, -3, 0
126, -2, 1
124, -3, 0
125, -2, 0
126, -2, 1
126, -3, 0
124, -2, 1
126, -3, 0
125, -2, 0
125, -3, 1
127, -2, 0
122, -3, 0
125, -2, 1
128, -3, 0
122, -2, 0
125, -1, 1
125, -3, 0
125, -2, 0
125, -3, 1
126, -2, 0
124, -2, 0
126, -2, 1
124, -3, 0
124, -2, 0
126, -2, 1
124, -2, 0
125, -3, 0
126, -2, 1
124, -1, 0
126, -3, 0
124, -2, 1
126, -2, 0
125, -2, 0
124, -2, 0
125, -2, 1
125, -2, 0
125, -2, 0
125, -2, 1
125, -2, 0
125, -2, 0
126, -2, 0
125, -2, 1
124, -2, 0
125, -1, 0
125, -3, 0
219, -1, 1
32, -2, 0
125, -2, 0
128, -2, 0
123, -1, 1
123, -2, 0
125, -2, 0
125, -1, 0
125, -2, 0
125, -2, 1
125, -2, 0
125, -1, 0
125, -2, 0
125, -2, 1
125, -2, 0
125, -1, 0
125, -1, 0
125, -2, 0
125, -1, 1
125, -2, 0
125, -1, 0
125, -2, 0
125, -1, 0
126, -2, 1
124, -1, 0
125, -2, 0
125, -1, 0
125, -1, 0
125, -2, 0
125, -1, 0
125, -2, 1
133, -1, 0
122, -1, 0
130, -2, 0
119, -1, 0
125, -1, 0
125, -2, 1
125, -1, 0
125, -1, 0
125, -1, 0
126, -1, 0
124, -1, 0
125, -1, 0
125, -2, 0
125, -1, 1
125, -1, 0
125, -1, 0
125, -1, 0
127, -1, 0
129, -1, 0
126, -1, 0
122, -1, 0
125, -1, 0
126, -1, 0
124, -1, 1
122, -1, 0
124, -1, 0
243, -1, 0
128, -1, 0
125, -1, 0
125, -1, 0
247, -1, 0
128, -1, 0
125, -1, 0
247, -1, 0
128, -1, 0
125, -1, 0
247, -1, 0
128, 0, 1
125, -1, 0
125, -1, 0
247, -1, 0
250, -1, 0
250, -1, 0
250, -1, 0
405, -1, 0
345, -1, 0
407, -1, 0
344, -1, 0
658, -1, 0
594, -1, 0
1152, 0, -1
1626, 0, -1
97, 1, 0
513, 1, 0
487, 1, 0
372, 1, -1
250, 1, 0
404, 1, 0
373, 1, 0
101, 1, 0
125, 0, -1
247, 1, 0
255, 1, 0
245, 1, -1
129, 1, 0
246, 1, 0
250, 1, 0
127, 1, 0
126, 0, -1
124, 1, 0
248, 1, 0
128, 1, 0
124, 1, -1
248, 1, 0
127, 1, 0
125, 1, 0
125, 1, -1
126, 1, 0
246, 1, 0
128, 1, 0
125, 1, 0
125, 1, -1
125, 1, 0
125, 1, 0
248, 1, 0
128, 1, -1
125, 1, 0
125, 1, 0
127, 1, 0
127, 1, -1
124, 1, 0
128, 1, 0
120, 1, 0
129, 2, -1
245, 2, 0
128, 1, 0
125, 1, -1
125, 1, 0
127, 1, 0
125, 1, 0
170, 1, -1
81, 2, 0
126, 1, 0
124, 1, 0
126, 1, -1
124, 2, 0
132, 1, 0
123, 1, 0
121, 2, -1
123, 1, 0
128, 1, 0
121, 1, -1
127, 2, 0
124, 1, 0
125, 2, -1
125, 1, 0
124, 2, 0
126, 1, 0
125, 2, -1
125, 1, 0
127, 2, 0
119, 1, -1
125, 1, 0
125, 2, 0
125, 1, -1
125, 2, 0
124, 1, 0
125, 2, 0
125, 2, -1
126, 2, 0
124, 1, 0
126, 2, -1
124, 1, 0
125, 2, 0
125, 2, -1
126, 1, 0
125, 2, -1
126, 1, 0
124, 3, 0
125, 1, -1
126, 2, 0
125, 1, 0
125, 3, -1
127, 1, 0
122, 2, 0
125, 2, -1
125, 1, 0
126, 3, 0
154, 1, -1
100, 2, 0
124, 2, -1
122, 2, 0
124, 2, 0
125, 2, -1
127, 2, 0
123, 1, 0
126, 3, -1
123, 1, 0
125, 3, -1
124, 1, 0
125, 3, -1
126, 2, 0
126, 2, 0
124, 2, -1
125, 2, 0
124, 2, -1
125, 2, 0
125, 2, 0
298, 2, -1
204, 2, 0
125, 6, -1
124, 3, -1
125, 2, 0
127, 3, -1
124, 1, 0
126, 3, -1
125, 2, 0
124, 2, 0
125, 2, -1
125, 2, 0
125, 3, -1
124, 2, 0
125, 3, 0
125, 2, -1
126, 2, -1
124, 2, 0
124, 3, 0
127, 2, -1
133, 2, 0
116, 3, -1
125, 2, 0
126, 3, -1
124, 2, 0
125, 3, -1
126, 2, 0
127, 3, 0
122, 2, -1
125, 3, 0
127, 2, -1
125, 2, 0
125, 3, -1
125, 2, 0
125, 3, -1
123, 2, 0
128, 3, -1
124, 2, 0
123, 3, -1
125, 2, 0
125, 4, 0
125, 2, -1
127, 3, 0
150, 2, -1
97, 2, 0
125, 4, -1
126, 2, 0
124, 3, -1
126, 2, 0
132, 4, -1
121, 2, 0
123, 3, -1
123, 2, 0
126, 4, -1
131, 2, 0
127, 3, -1
124, 3, 0
132, 2, -1
118, 4, 0
125, 2, -1
123, 3, 0
135, 3, -1
142, 3, 0
103, 2, -1
124, 4, 0
133, 2, -1
117, 3, 0
123, 3, -1
123, 3, 0
129, 3, -1
121, 3, 0
129, 3, -1
122, 3, 0
124, 3, -1
127, 3, 0
126, 4, -1
122, 2, 0
124, 4, -1
126, 2, -1
126, 3, 0
125, 3, -1
125, 3, 0
124, 4, -1
126, 2, 0
125, 4, -1
123, 3, 0
121, 3, -1
126, 3, -1
124, 4, 0
125, 2, -1
125, 3, 0
126, 4, -1
124, 2, 0
126, 4, -1
124, 3, 0
125, 4, -1
126, 2, -1
126, 4, 0
124, 3, -1
123, 4, 0
135, 3, -1
117, 2, 0
127, 4, -1
125, 3, 0
124, 4, -1
124, 3, -1
124, 4, 0
124, 3, -1
126, 4, 0
124, 2, -1
128, 4, 0
128, 3, -1
124, 5, -1
131, 2, 0
128, 3, -1
122, 4, 0
116, 3, -1
124, 4, -1
125, 3, 0
127, 5, -1
122, 2, 0
125, 5, -1
125, 2, 0
126, 5, -1
148, 3, -1
107, 3, 0
121, 4, -1
125, 3, 0
126, 4, -1
126, 3, -1
123, 5, 0
125, 3, -1
210, 4, 0
41, 3, -1
123, 4, -1
125, 3, 0
125, 3, -1
125, 5, 0
125, 3, -1
126, 4, -1
126, 3, 0
124, 5, -1
125, 3, 0
126, 5, -1
125, 3, -1
124, 4, 0
125, 3, -1
125, 3, 0
124, 5, -1
126, 3, -1
124, 5, 0
126, 3, -1
124, 5, -1
125, 3, 0
128, 4, -1
123, 4, -1
125, 4, 0
124, 4, -1
126, 3, 0
125, 5, -1
124, 3, -1
125, 4, 0
126, 4, -1
125, 4, -1
125, 3, 0
124, 5, -1
126, 4, -1
125, 4, 0
124, 4, -1
126, 5, -1
129, 3, 0
126, 3, -1
121, 5, 0
128, 4, -1
123, 4, -1
125, 4, 0
122, 5, -1
126, 3, -1
127, 5, -1
122, 3, 0
127, 6, -1
123, 3, 0
125, 3, -1
125, 5, -1
125, 4, 0
124, 5, -1
126, 3, -1
125, 5, 0
125, 4, -1
125, 5, -1
125, 3, 0
126, 6, -1
129, 3, 0
134, 3, -1
118, 6, -1
136, 3, 0
118, 5, -1
120, 4, -1
132, 5, -1
120, 4, 0
127, 5, -1
121, 3, -1
127, 6, 0
122, 3, -1
128, 4, 0
125, 5, -1
125, 4, -1
126, 5, -1
124, 3, 0
123, 6, -1
125, 3, -1
129, 6, -1
121, 3, 0
128, 6, -1
121, 3, 0
126, 6, -1
123, 3, -1
126, 4, 0
125, 5, -1
126, 4, -1
124, 6, -1
125, 3, 0
126, 6, -1
125, 3, 0
120, 6, -2
124, 4, 0
125, 5, -1
126, 4, 0
124, 3, -1
125, 6, -1
125, 4, 0
124, 5, -1
126, 4, -1
124, 6, -1
125, 3, 0
125, 6, -1
126, 4, -1
124, 5, 0
124, 4, -1
128, 4, -1
123, 6, 0
129, 3, -1
128, 6, -1
121, 4, -1
123, 6, 0
125, 3, -1
126, 6, -1
127, 4, -1
124, 6, 0
127, 3, -1
122, 4, -1
126, 6, 0
124, 4, -1
123, 6, -1
128, 4, 0
124, 5, -1
123, 4, -1
125, 6, -1
127, 4, 0
126, 6, -1
128, 3, -1
122, 6, 0
124, 4, -1
126, 4, -1
124, 6, -1
260, 4, 0
244, 5, -1
120, 14, -2
125, 6, -1
125, 4, 0
125, 6, -1
125, 4, -1
125, 4, 0
125, 6, -1
125, 4, -1
125, 6, -1
125, 4, 0
125, 5, -1
125, 4, -1
125, 6, -1
125, 4, 0
125, 7, -1
136, 3, -1
118, 4, 0
135, 6, -1
116, 4, -1
125, 7, -1
124, 4, 0
125, 5, -1
126, 5, -1
125, 6, -1
124, 4, 0
125, 6, -1
126, 4, -1
124, 6, -1
125, 4, 0
125, 4, -1
125, 6, -1
125, 4, 0
126, 6, -1
124, 4, -1
125, 6, 0
125, 4, -1
125, 6, -1
125, 4, -1
125, 7, 0
125, 4, -1
125, 4, -1
125, 6, -1
125, 4, 0
122, 6, -1
124, 4, -1
125, 7, -1
125, 4, 0
126, 6, -1
124, 4, -1
125, 6, -1
125, 4, 0
125, 4, -1
125, 7, -1
125, 4, -1
125, 6, 0
125, 4, -1
125, 6, -1
125, 5, -1
125, 6, 0
126, 4, -1
127, 6, -1
125, 4, -1
132, 4, 0
120, 7, -1
125, 4, -1
124, 6, -1
124, 4, 0
124, 7, -1
124, 4, -1
126, 6, -1
124, 4, 0
130, 7, -1
121, 4, -1
125, 4, 0
134, 6, -1
118, 4, -1
124, 7, -1
125, 4, -1
125, 6, 0
126, 4, -1
126, 7, -1
126, 4, -1
123, 6, -1
125, 4, 0
126, 7, -1
124, 4, -1
124, 4, 0
125, 6, -1
124, 5, -1
125, 6, -1
126, 4, 0
125, 6, -1
124, 5, -1
125, 6, -1
127, 4, -1
124, 7, -1
124, 4, 0
125, 4, -1
127, 7, -1
125, 4, 0
124, 6, -1
125, 4, -1
126, 7, -1
123, 4, 0
125, 7, -1
125, 4, -1
128, 6, -1
123, 4, 0
124, 5, -1
125, 6, -1
127, 4, -1
124, 7, -1
127, 4, 0
125, 7, -1
122, 4, -1
128, 6, -1
123, 4, -1
125, 7, 0
126, 4, -1
124, 5, -1
124, 6, -1
126, 4, 0
124, 7, -1
126, 4, -1
125, 6, -1
129, 5, 0
121, 6, -1
125, 4, -1
127, 7, -1
328, 4, -1
171, 5, 0
129, 17, -3
128, 4, 0
119, 6, -1
127, 5, -1
122, 6, -1
126, 4, -1
121, 7, -1
129, 4, 0
120, 5, -1
127, 6, -1
127, 4, 0
123, 7, -1
124, 4, -1
131, 6, -1
123, 5, -1
124, 6, -1
124, 4, 0
124, 7, -1
129, 4, -1
121, 6, -1
124, 5, 0
126, 4, -1
125, 6, -1
127, 5, -1
125, 6, -1
129, 4, 0
126, 7, -1
124, 4, -1
124, 7, -1
125, 4, 0
126, 6, -1
124, 5, -1
125, 4, 0
125, 6, -1
126, 5, -1
131, 6, -1
119, 4, -1
125, 7, -1
125, 4, 0
126, 6, -1
124, 5, -1
124, 6, -1
126, 4, 0
126, 5, -1
124, 6, -1
127, 4, -1
125, 7, -1
123, 4, 0
126, 6, -1
123, 5, -1
125, 6, -1
125, 4, 0
125, 7, -1
120, 4, -1
127, 7, -1
124, 4, -1
125, 4, 0
125, 6, -1
124, 5, -1
125, 6, -1
125, 4, 0
126, 7, -1
124, 4, -1
127, 7, -1
125, 4, -1
124, 6, 0
127, 5, -1
124, 4, -1
126, 6, -1
131, 4, 0
138, 7, -1
112, 4, -1
135, 7, -1
131, 4, 0
140, 6, -2
107, 4, 0
119, 7, -1
113, 4, -1
127, 4, 0
128, 7, -1
117, 4, -1
126, 6, -1
128, 4, -1
121, 7, -1
130, 4, 0
121, 6, -1
124, 5, -1
133, 6, -1
121, 4, 0
126, 7, -1
123, 4, -1
130, 4, 0
122, 6, -1
123, 5, -1
124, 6, -1
127, 4, -1
123, 7, -1
126, 4, 0
142, 6, -1
105, 4, -1
124, 7, -1
125, 4, 0
124, 4, -1
125, 6, -1
125, 5, 0
128, 6, -1
124, 4, -1
124, 6, -1
125, 5, -1
125, 6, -1
125, 4, 0
126, 6, -1
124, 5, -1
127, 4, -1
124, 6, -1
123, 4, 0
127, 7, -1
124, 4, -1
124, 6, -1
126, 4, 0
124, 7, -1
126, 4, -1
125, 6, -1
124, 4, -1
126, 4, 0
126, 7, -1
124, 4, -1
125, 6, -1
125, 4, 0
124, 6, -1
219, 5, -1
33, 6, -1
122, 4, 0
125, 6, -1
124, 5, -1
126, 6, -1
124, 4, -1
125, 4, 0
125, 6, -1
125, 4, -1
125, 7, -1
125, 4, 0
125, 6, -1
125, 4, -1
125, 6, -1
125, 4, -1
125, 7, -1
125, 4, 0
125, 4, -1
125, 6, -1
125, 4, -1
125, 6, 0
126, 4, -1
128, 6, -1
133, 4, -1
117, 7, -1
125, 4, 0
125, 6, -1
125, 4, -1
125, 4, -1
126, 6, 0
125, 4, -1
124, 6, -1
126, 4, -1
126, 7, -1
124, 4, 0
125, 6, -1
126, 4, -1
124, 6, -1
125, 4, 0
125, 6, -1
124, 4, -1
125, 4, -1
126, 6, -1
124, 4, 0
125, 6, -1
125, 4, -1
126, 6, -1
129, 5, 0
127, 6, -1
121, 4, -1
125, 6, -1
123, 4, 0
123, 4, -1
126, 6, -1
123, 4, -1
124, 6, 0
128, 4, -1
121, 6, -1
126, 4, -1
125, 6, -1
124, 4, 0
126, 6, -1
125, 4, -1
126, 4, -1
124, 6, -1
124, 4, 0
127, 6, -1
125, 4, -1
126, 6, -1
128, 4, 0
124, 6, -1
122, 4, -1
124, 5, -1
124, 4, -1
126, 4, 0
124, 6, -1
128, 4, -1
125, 6, -1
122, 4, 0
125, 6, -1
125, 4, -1
125, 6, -1
125, 3, -1
126, 6, 0
124, 4, -1
125, 6, -1
125, 4, -1
125, 4, 0
126, 6, -1
124, 4, -1
125, 5, -1
125, 4, -1
125, 6, -1
125, 4, 0
125, 6, -1
125, 4, -1
129, 5, -1
124, 4, -1
123, 4, 0
127, 6, -1
125, 4, -1
129, 5, -1
118, 4, 0
126, 6, -2
124, 4, 0
125, 6, -1
126, 4, -1
125, 5, 0
126, 4, -1
125, 4, -1
125, 6, -1
125, 4, 0
124, 5, -1
125, 4, -1
125, 6, -1
125, 4, -1
124, 6, 0
125, 3, -1
126, 6, -1
125, 4, -1
124, 6, -1
127, 3, -1
124, 4, 0
125, 6, -1
127, 3, -1
124, 6, -1
124, 4, 0
128, 6, -1
126, 3, -1
120, 6, -1
130, 4, -1
120, 5, -1
267, 4, 0
237, 4, -1
124, 14, -2
123, 4, -1
124, 5, -1
125, 4, -1
125, 6, -1
125, 3, 0
125, 6, -1
125, 3, -1
125, 4, 0
125, 6, -1
124, 3, -1
126, 6, -1
129, 3, -1
124, 6, -1
123, 4, 0
124, 5, -1
125, 4, -1
125, 5, -1
125, 4, -1
125, 3, 0
125, 5, -1
136, 4, -1
120, 5, -1
124, 4, 0
124, 5, -1
131, 4, -1
120, 5, -1
124, 4, -1
125, 5, -1
125, 4, 0
125, 5, -1
125, 3, -1
125, 4, -1
125, 5, -1
125, 4, 0
125, 5, -1
125, 4, -1
125, 5, -1
126, 3, 0
124, 6, -1
125, 3, -1
125, 5, -1
125, 4, -1
125, 3, 0
125, 6, -1
127, 3, -1
123, 5, -1
125, 4, -1
125, 5, -1
125, 4, 0
121, 5, -1
125, 3, -1
125, 5, -1
125, 4, -1
125, 3, 0
125, 5, -1
125, 4, -1
125, 5, -1
125, 3, 0
129, 6, -1
121, 3, -1
125, 5, -1
125, 3, -1
125, 5, -1
125, 4, 0
125, 3, -1
125, 5, -1
125, 4, -1
125, 5, -1
125, 3, 0
125, 5, -1
127, 3, -1
123, 5, -1
126, 4, 0
126, 5, -1
124, 3, -1
125, 5, -1
126, 3, -1
123, 3, 0
124, 5, -1
125, 4, -1
125, 5, -1
125, 3, -1
126, 5, -1
124, 3, 0
125, 5, -1
126, 3, -1
125, 5, -1
125, 3, 0
124, 4, -1
125, 5, -1
125, 3, -1
125, 5, -1
125, 3, 0
125, 5, -1
125, 3, -1
126, 5, -1
124, 3, 0
126, 5, -1
125, 3, -1
124, 3, -1
125, 5, -1
125, 3, 0
125, 5, -1
125, 3, -1
126, 4, -1
125, 3, 0
124, 5, -1
125, 3, -1
125, 5, -1
125, 3, -1
125, 5, -1
125, 3, 0
126, 3, -1
124, 5, -1
125, 3, 0
126, 4, -1
124, 3, -1
125, 5, -1
126, 3, -1
124, 4, -1
125, 3, 0
125, 5, -1
125, 3, -1
125, 3, -1
126, 5, -1
127, 3, 0
122, 4, -1
125, 3, -1
290, 5, -1
211, 3, -1
124, 11, -2
125, 3, -1
125, 3, 0
126, 5, -1
124, 3, -1
125, 4, -1
125, 3, -1
125, 4, -1
125, 3, 0
125, 5, -1
125, 3, -1
125, 4, -1
125, 3, 0
125, 3, -1
125, 4, -1
125, 3, 0
125, 4, -1
125, 3, -1
128, 4, -1
122, 3, -1
125, 4, -1
125, 3, 0
125, 4, -1
129, 3, -1
125, 4, -1
125, 3, 0
125, 3, -1
125, 4, -1
125, 3, 0
125, 4, -1
125, 3, -1
125, 4, -1
125, 3, 0
125, 4, -2
125, 3, 0
125, 4, -1
125, 3, -1
125, 2, 0
125, 4, -1
125, 3, -1
127, 4, -1
123, 3, -1
125, 4, 0
126, 2, -1
124, 4, -1
126, 3, -1
124, 4, -1
126, 3, 0
124, 3, -1
125, 3, -1
123, 3, 0
123, 4, -1
125, 3, -1
125, 4, -1
125, 2, 0
125, 4, -1
125, 3, -1
125, 4, -1
125, 2, 0
125, 3, -1
125, 4, -1
125, 2, 0
125, 4, -1
125, 2, -1
125, 4, -1
125, 3, -1
125, 4, -1
125, 2, 0
125, 4, -1
125, 3, -1
125, 3, -1
125, 3, 0
126, 2, -1
124, 4, -1
125, 3, 0
125, 3, -1
125, 3, -1
125, 3, -1
125, 3, 0
125, 3, -1
125, 3, -1
125, 4, -1
125, 2, 0
125, 2, -1
125, 4, -1
125, 2, 0
125, 4, -1
125, 3, -1
125, 3, -1
125, 3, 0
125, 3, -1
125, 3, -1
125, 3, 0
125, 3, -1
125, 2, 0
125, 3, -1
125, 3, -1
125, 3, -1
131, 3, 0
121, 3, -1
136, 2, -1
112, 4, -1
125, 2, 0
126, 4, -1
124, 2, -1
126, 2, 0
125, 4, -1
125, 2, -1
125, 3, -1
125, 2, 0
125, 4, -1
125, 2, -1
125, 3, -1
125, 3, 0
125, 3, -1
126, 2, -1
124, 4, 0
125, 2, -1
124, 2, -1
126, 3, 0
125, 2, -1
125, 4, -1
124, 2, 0
126, 3, -1
124, 2, -1
126, 3, -1
125, 3, 0
125, 3, -1
125, 2, -1
125, 2, 0
200, 3, -1
52, 2, -1
132, 3, -1
116, 2, 0
124, 3, -1
126, 2, -1
125, 3, -1
125, 3, 0
125, 3, -1
125, 2, -1
125, 2, 0
124, 3, -1
126, 2, -1
125, 3, 0
124, 2, -1
126, 3, -1
125, 2, 0
125, 3, -1
125, 2, -1
128, 2, -1
121, 3, 0
126, 1, -1
125, 3, -1
125, 2, 0
124, 3, -1
126, 2, -1
124, 3, -1
125, 2, 0
126, 3, -1
124, 1, -1
125, 3, -1
125, 2, 0
125, 2, -1
126, 3, -1
124, 2, 0
126, 2, -1
124, 2, -1
126, 3, -1
124, 2, 0
126, 2, -1
125, 2, -1
124, 3, -1
126, 2, 0
124, 2, -1
126, 2, -1
124, 2, 0
125, 2, -1
125, 2, -1
128, 3, -1
123, 1, 0
125, 3, -1
125, 1, -1
124, 3, -1
125, 2, 0
125, 2, -1
125, 2, -1
125, 1, 0
126, 3, -1
125, 2, -1
124, 2, -1
126, 2, 0
124, 2, -1
125, 2, -1
126, 2, 0
124, 2, -1
125, 2, -1
126, 2, -1
125, 1, 0
125, 3, -1
124, 1, -1
125, 3, 0
125, 1, -1
125, 2, -1
126, 2, 0
124, 2, -1
126, 2, -1
125, 2, -1
125, 2, 0
124, 1, -1
125, 2, -1
125, 2, 0
125, 2, -1
125, 2, 0
125, 2, -1
126, 1, -1
124, 2, -1
125, 2, 0
125, 2, -1
125, 1, -1
125, 2, 0
125, 2, -1
125, 1, -1
126, 2, 0
124, 2, -1
125, 2, -1
125, 1, 0
126, 2, -1
124, 1, -1
126, 3, -1
124, 1, 0
126, 2, -1
124, 1, 0
126, 1, -1
125, 2, -1
124, 2, 0
125, 2, -1
125, 1, -1
125, 2, -1
125, 1, 0
127, 2, -1
125, 1, 0
123, 2, -1
125, 1, -1
125, 2, 0
125, 1, -1
125, 2, -1
125, 1, 0
125, 2, -1
125, 1, -1
125, 1, 0
125, 2, -1
125, 1, -1
125, 2, 0
125, 1, -1
125, 1, 0
125, 2, -1
125, 1, -1
125, 2, -1
127, 1, 0
123, 2, -1
124, 1, 0
125, 1, -1
126, 1, -1
245, 2, 0
258, 1, -1
124, 4, -2
124, 2, -1
126, 1, 0
123, 1, -1
125, 1, 0
124, 2, -1
126, 1, -1
125, 1, 0
125, 1, -1
125, 2, -1
125, 1, 0
125, 1, -1
125, 1, 0
125, 1, -1
125, 1, -1
125, 1, 0
125, 2, -1
125, 1, 0
125, 1, -1
125, 1, -1
125, 1, -1
125, 1, 0
125, 1, 0
125, 1, -1
125, 1, -1
125, 1, 0
125, 1, -1
125, 1, -1
125, 1, 0
125, 2, -1
247, 2, -1
128, 0, -1
125, 1, 0
125, 1, -1
124, 1, 0
126, 1, -1
124, 1, -1
126, 1, 0
125, 1, -1
125, 1, -1
125, 1, 0
125, 1, -1
124, 0, -1
125, 1, 0
126, 1, -1
124, 1, 0
126, 1, -1
247, 2, -1
127, 0, -1
125, 1, 0
126, 1, -1
124, 1, -1
248, 1, -1
127, 1, -1
126, 1, 0
124, 1, -1
248, 1, -1
127, 1, -1
247, 1, -1
128, 1, 0
125, 0, -1
126, 1, 0
124, 1, -1
125, 0, -1
125, 1, 0
125, 1, -1
126, 0, -1
125, 1, 0
124, 0, -1
126, 1, 0
124, 1, -1
125, 0, -1
125, 1, 0
126, 0, -1
124, 1, 0
125, 0, -1
126, 1, -1
247, 1, -1
127, 0, -1
126, 1, 0
124, 0, -1
125, 1, 0
125, 0, -1
125, 1, -1
248, 1, -1
249, 1, -1
251, 0, -1
144, 1, -1
231, 1, -1
127, 0, -1
247, 1, -1
250, 0, -1
128, 1, -1
247, 0, -1
250, 1, -1
250, 0, -1
128, 1, -1
247, 0, -1
250, 1, -1
128, 0, -1
247, 0, -1
128, 0, -1
247, 1, -1
250, 0, -1
128, 0, -1
247, 0, -1
128, 1, 0
125, 0, -1
285, 0, -1
216, 0, -1
124, 0, -1
125, 0, -1
248, 0, -1
127, 0, -1
247, 0, -1
250, 0, -1
128, 0, -1
247, 0, -1
128, 0, -1
406, 0, -1
96, 0, -1
247, 0, -1
126, 0, -1
247, 0, -1
250, 0, -1
128, 0, -1
247, 0, -1
128, -1, 0
125, 0, -1
125, 0, -1
247, 0, -1
128, -1, -1
247, 0, -1
250, 0, -1
128, -1, -1
247, 0, -1
128, -1, 0
125, 0, -1
247, -1, -1
131, 0, -1
244, 0, -1
128, -1, -1
247, 0, -1
128, -1, 0
125, 0, -1
125, -1, -1
247, 0, -1
128, -1, 0
125, 0, -1
125, -1, 0
125, 0, -1
125, -1, -1
247, 0, -1
128, -1, 0
125, -1, -1
247, 0, -1
128, -1, -1
247, -1, -1
128, 0, -1
125, -1, 0
247, -1, -1
128, 0, -1
125, -1, 0
125, -1, -1
247, -1, -1
128, -1, -1
247, -1, -1
250, -1, -1
128, -1, 0
125, 0, -1
125, -1, -1
247, -1, -1
128, -1, 0
125, -1, -1
247, -1, -1
250, -1, -1
128, -1, -1
247, -1, -1
128, -1, 0
125, -1, -1
125, -1, 0
125, 0, -1
125, -1, 0
125, -1, -1
125, -1, -1
125, -1, 0
125, 0, -1
126, -1, 0
125, -1, -1
124, -1, 0
125, -1, -1
247, -1, -1
128, -1, 0
125, -1, -1
125, -1, 0
125, -1, -1
125, -1, 0
125, -1, -1
125, -1, 0
125, 0, -1
125, -1, -1
125, -1, 0
125, -1, -1
125, -1, 0
125, -1, -1
125, -1, 0
125, -1, -1
125, -1, 0
125, -1, -1
125, -1, 0
199, -1, -1
53, -1, 0
130, -1, -1
118, -1, 0
125, -1, -1
125, -1, 0
125, -1, -1
125, -1, -1
125, -1, 0
125, -2, 0
125, 0, -1
125, -2, 0
125, -1, -1
125, -1, 0
125, -1, -1
125, -1, 0
125, -1, -1
125, -1, 0
125, -2, -1
125, -1, 0
125, -1, -1
125, -1, 0
125, -1, -1
125, -1, 0
125, -1, 0
125, -2, -1
125, -1, 0
125, -1, -1
125, -1, 0
125, -2, -1
125, -1, 0
125, -1, -1
125, -1, 0
125, -2, -1
125, -1, 0
125, -1, -1
125, -2, 0
125, -1, 0
125, -2, -1
125, 0, -1
125, -2, 0
125, -1, 0
125, -2, -1
125, -1, 0
125, -2, -1
125, -1, 0
125, -1, -1
125, -1, 0
126, -2, 0
124, -1, -1
125, -1, 0
125, -2, -1
126, -1, 0
124, -2, -1
125, -1, 0
125, -2, 0
125, -1, -1
126, -2, 0
127, -1, -1
123, -2, 0
126, -2, 0
124, -1, -1
123, -2, 0
126, -1, -1
125, -2, 0
124, -1, 0
126, -2, -1
125, -1, 0
125, -2, -1
125, -1, 0
125, -2, 0
125, -2, -1
125, -1, 0
125, -2, -1
125, -1, 0
125, -2, 0
125, -2, -1
125, -2, 0
125, -1, 0
125, -2, -1
125, -1, 0
125, -2, 0
125, -2, -1
125, -1, 0
125, -2, 0
125, -2, -1
125, -2, 0
125, -1, 0
125, -3, -1
125, -1, 0
125, -2, 0
125, -2, -1
125, -2, 0
125, -1, 0
125, -2, 0
125, -2, -1
125, -2, 0
125, -2, 0
125, -1, -1
125, -3, 0
125, -1, 0
125, -2, 0
125, -2, -1
125, -2, 0
125, -2, 0
125, -1, 0
125, -3, -1
125, -1, 0
125, -3, 0
125, -1, 0
125, -3, -1
125, -1, 0
125, -3, 0
125, -1, 0
125, -3, 0
125, -1, -1
125, -3, 0
125, -1, 0
125, -2, 0
125, -3, -1
125, -1, 0
125, -3, 0
125, -1, 0
125, -3, 0
125, -2, 0
125, -2, -1
125, -2, 0
125, -2, 0
126, -2, 0
124, -2, 0
125, -3, -1
125, -1, 0
125, -3, 0
241, -2, 0
259, -2, 0
125, -7, -1
125, -2, 0
125, -2, 0
125, -3, 0
125, -2, 0
125, -2, 0
125, -2, 0
125, -2, 0
125, -3, -1
125, -2, 0
125, -2, 0
125, -2, 0
125, -3, 0
125, -2, 0
125, -3, 0
125, -2, 0
125, -2, 0
125, -3, 0
125, -1, 0
125, -3, 0
125, -2, -1
125, -3, 0
125, -2, 0
125, -3, 0
125, -2, 0
125, -3, 0
125, -2, 0
125, -3, 0
125, -2, 0
125, -2, 0
125, -3, 0
125, -2, 0
125, -3, 0
125, -2, 0
125, -3, 0
125, -2, 0
125, -3, 0
125, -2, 0
125, -3, 0
125, -2, 0
125, -2, 0
125, -3, 0
125, -2, 0
125, -4, 0
125, -2, 0
125, -3, 0
125, -2, 0
125, -3, 0
125, -3, 0
128, -3, 0
122, -2, 0
125, -2, 0
125, -3, 0
125, -3, 1
125, -3, 0
125, -2, 0
125, -3, 0
125, -3, 0
125, -3, 0
125, -2, 0
125, -3, 0
125, -3, 1
125, -2, 0
125, -3, 0
125, -3, 0
125, -3, 0
125, -2, 0
125, -4, 0
125, -2, 0
125, -3, 1
125, -3, 0
126, -3, 0
123, -2, 0
136, -3, 0
115, -3, 1
124, -2, 0
128, -4, 0
125, -2, 0
123, -4, 1
127, -2, 0
127, -3, 0
122, -3, 0
127, -3, 0
123, -3, 0
126, -3, 1
125, -3, 0
127, -2, 0
123, -4, 0
124, -2, 1
126, -4, 0
124, -2, 0
126, -4, 0
126, -2, 1
123, -4, 0
126, -2, 0
123, -4, 1
125, -3, 0
125, -2, 0
128, -4, 0
125, -2, 1
123, -4, 0
126, -2, 0
126, -4, 1
123, -3, 0
126, -4, 0
125, -2, 1
125, -4, 0
126, -2, 0
124, -3, 1
125, -4, 0
126, -2, 0
124, -4, 1
124, -3, 0
125, -4, 1
125, -2, 0
123, -4, 0
125, -3, 0
126, -4, 1
124, -2, 0
126, -4, 1
124, -3, 0
126, -3, 0
125, -4, 1
124, -2, 0
125, -4, 1
126, -3, 0
124, -4, 0
125, -3, 1
126, -4, 0
288, -2, 1
211, -4, 0
125, -10, 2
125, -3, 0
125, -4, 0
126, -2, 1
124, -4, 0
125, -3, 1
125, -4, 0
125, -3, 0
125, -4, 1
125, -3, 1
125, -3, 0
125, -4, 1
125, -3, 0
125, -4, 0
125, -3, 1
125, -4, 1
125, -3, 0
128, -4, 1
125, -3, 0
125, -4, 1
123, -3, 0
124, -4, 1
125, -3, 0
125, -3, 1
125, -4, 0
125, -3, 1
125, -5, 0
125, -2, 1
126, -5, 1
124, -3, 0
125, -4, 1
125, -3, 0
125, -5, 1
125, -2, 0
125, -3, 1
125, -5, 1
125, -3, 0
127, -4, 1
123, -3, 0
125, -5, 1
125, -3, 0
125, -4, 1
125, -3, 1
125, -5, 0
125, -3, 1
125, -3, 0
125, -4, 1
125, -3, 1
125, -5, 0
126, -3, 1
124, -4, 1
125, -3, 0
125, -5, 1
125, -3, 1
125, -4, 0
125, -4, 1
125, -3, 1
125, -4, 0
125, -3, 1
125, -5, 1
125, -3, 0
125, -4, 1
125, -4, 1
125, -4, 1
125, -3, 0
125, -5, 1
125, -3, 1
125, -5, 1
125, -3, 0
125, -3, 1
125, -5, 0
125, -3, 1
125, -5, 1
125, -3, 1
125, -5, 1
125, -3, 0
125, -5, 1
127, -3, 1
123, -5, 0
126, -3, 1
124, -3, 1
125, -5, 1
125, -3, 0
125, -5, 1
125, -3, 1
126, -5, 1
124, -3, 0
125, -5, 1
136, -3, 1
114, -5, 1
125, -3, 1
125, -4, 0
126, -4, 1
124, -4, 1
126, -4, 1
125, -4, 0
125, -5, 1
125, -3, 1
125, -5, 1
125, -3, 1
125, -5, 1
125, -3, 0
124, -4, 1
125, -5, 1
126, -3, 1
124, -5, 1
125, -3, 0
125, -5, 1
125, -4, 1
125, -5, 1
125, -3, 1
126, -5, 1
127, -3, 1
125, -4, 0
125, -5, 1
123, -3, 1
124, -5, 1
126, -4, 1
125, -5, 1
124, -3, 1
127, -5, 1
124, -4, 1
125, -5, 1
124, -3, 0
125, -6, 1
126, -3, 1
124, -3, 1
126, -6, 1
124, -3, 1
126, -5, 1
200, -4, 0
50, -5, 2
133, -3, 0
116, -5, 2
126, -4, 0
125, -5, 1
124, -3, 1
125, -4, 1
126, -5, 1
124, -4, 1
125, -5, 1
125, -3, 0
125, -6, 2
125, -3, 0
126, -5, 2
125, -4, 0
124, -5, 2
125, -4, 0
125, -3, 1
125, -6, 1
125, -3, 1
125, -5, 1
126, -4, 1
125, -5, 1
125, -4, 1
124, -5, 1
126, -4, 1
124, -5, 1
125, -4, 1
125, -5, 1
125, -3, 1
126, -4, 1
126, -5, 1
124, -4, 1
125, -5, 1
124, -4, 0
126, -5, 2
124, -4, 0
125, -5, 2
125, -4, 1
125, -6, 1
125, -3, 1
125, -4, 0
131, -5, 1
120, -4, 1
124, -5, 2
125, -4, 0
125, -5, 2
128, -4, 1
122, -5, 1
125, -4, 1
125, -5, 1
125, -4, 1
125, -4, 0
125, -5, 2
125, -4, 0
125, -6, 2
125, -3, 0
125, -6, 1
125, -3, 1
125, -6, 1
125, -4, 1
125, -5, 2
125, -4, 0
125, -4, 1
125, -5, 1
125, -4, 1
125, -5, 2
125, -4, 0
125, -6, 2
125, -4, 1
125, -5, 1
125, -4, 1
125, -6, 1
125, -3, 1
125, -4, 1
125, -6, 1
125, -3, 1
125, -6, 1
125, -4, 1
125, -5, 1
125, -4, 1
125, -6, 1
125, -3, 1
125, -6, 1
125, -4, 1
125, -4, 1
125, -5, 1
126, -4, 1
124, -6, 2
125, -3, 1
125, -6, 1
125, -4, 1
125, -5, 1
125, -4, 1
125, -6, 1
125, -4, 1
125, -5, 2
125, -4, 0
128, -4, 1
124, -6, 2
125, -4, 1
124, -5, 1
127, -4, 1
122, -6, 1
126, -4, 1
124, -5, 1
125, -4, 1
125, -6, 1
125, -4, 1
126, -3, 1
125, -6, 1
124, -4, 1
125, -6, 2
125, -4, 0
125, -6, 2
125, -3, 1
125, -6, 1
125, -4, 1
125, -6, 1
125, -4, 1
125, -3, 1
125, -6, 2
125, -4, 0
125, -6, 2
125, -4, 1
125, -5, 1
125, -4, 1
128, -6, 1
122, -4, 1
125, -5, 2
125, -4, 0
125, -4, 1
243, -6, 2
258, -4, 0
124, -15, 4
125, -4, 1
125, -6, 1
125, -4, 1
125, -6, 2
125, -4, 1
125, -6, 1
125, -4, 1
127, -3, 1
123, -6, 1
125, -4, 1
125, -6, 1
125, -4, 1
125, -6, 1
125, -3, 1
125, -6, 2
125, -4, 1
125, -6, 1
126, -4, 1
124, -4, 1
125, -6, 1
125, -4, 1
125, -5, 2
125, -4, 0
125, -6, 2
125, -4, 1
125, -6, 1
125, -4, 1
126, -5, 1
124, -4, 1
125, -4, 1
126, -6, 2
124, -4, 1
125, -6, 1
125, -4, 1
125, -6, 1
125, -4, 1
125, -5, 1
125, -4, 1
125, -6, 2
125, -4, 1
125, -4, 1
125, -6, 1
125, -4, 1
125, -6, 1
128, -3, 1
124, -6, 2
124, -4, 0
128, -6, 2
123, -4, 1
125, -6, 1
126, -4, 1
124, -3, 1
125, -6, 1
125, -4, 1
125, -6, 1
125, -4, 1
126, -6, 2
125, -4, 1
124, -6, 1
125, -3, 1
125, -6, 1
125, -4, 1
125, -4, 1
126, -6, 1
124, -4, 1
126, -6, 2
125, -4, 1
124, -5, 1
126, -4, 1
124, -6, 1
129, -4, 1
122, -6, 1
125, -4, 1
124, -4, 1
126, -6, 1
124, -4, 1
125, -6, 2
125, -3, 0
130, -6, 2
122, -4, 1
126, -6, 1
123, -4, 1
124, -6, 1
123, -3, 1
125, -4, 1
126, -6, 1
124, -4, 1
125, -6, 1
125, -4, 1
125, -5, 1
125, -4, 1
125, -6, 2
126, -4, 1
125, -6, 1
124, -4, 1
125, -6, 1
126, -4, 1
125, -4, 1
124, -5, 1
125, -4, 1
125, -6, 1
125, -4, 1
126, -6, 1
124, -4, 1
125, -6, 1
126, -3, 1
125, -6, 2
124, -4, 1
125, -4, 0
125, -6, 2
126, -4, 0
125, -6, 2
124, -3, 1
125, -6, 1
126, -4, 1
125, -6, 1
124, -4, 1
125, -5, 1
125, -4, 1
126, -4, 1
125, -6, 1
124, -4, 1
125, -6, 1
126, -3, 1
124, -6, 1
125, -4, 1
125, -6, 1
125, -4, 1
300, -5, 1
202, -4, 1
123, -14, 3
126, -5, 1
124, -4, 1
128, -6, 1
123, -4, 1
124, -6, 1
125, -3, 1
125, -6, 1
125, -4, 1
125, -6, 1
125, -4, 1
125, -3, 1
125, -6, 1
125, -4, 1
125, -5, 1
125, -4, 1
125, -6, 1
125, -4, 1
127, -6, 1
126, -3, 1
122, -6, 1
125, -4, 1
125, -4, 1
125, -5, 1
125, -4, 1
125, -6, 1
125, -3, 1
125, -6, 1
125, -4, 1
125, -6, 1
125, -3, 1
125, -6, 1
128, -4, 1
122, -3, 1
125, -6, 1
127, -4, 1
125, -5, 1
125, -4, 1
124, -6, 1
126, -3, 1
125, -6, 1
123, -4, 1
125, -5, 1
125, -4, 1
125, -3, 0
126, -6, 2
124, -4, 0
125, -5, 2
125, -4, 0
125, -5, 1
125, -4, 1
125, -6, 1
125, -3, 1
125, -6, 1
125, -3, 1
125, -6, 1
126, -3, 1
124, -4, 1
125, -6, 1
138, -3, 1
123, -6, 1
122, -3, 0
124, -6, 1
125, -4, 1
125, -5, 1
125, -4, 1
132, -5, 1
118, -4, 1
125, -3, 0
125, -6, 1
125, -3, 1
124, -6, 1
126, -3, 1
125, -6, 1
124, -3, 1
126, -6, 1
125, -4, 1
124, -5, 1
126, -3, 1
124, -4, 0
125, -5, 1
125, -4, 1
126, -5, 1
125, -4, 1
125, -5, 1
125, -4, 1
125, -5, 1
122, -4, 0
124, -5, 1
124, -3, 1
125, -4, 1
125, -5, 1
125, -4, 0
126, -5, 2
124, -4, 0
125, -5, 1
125, -4, 1
125, -5, 1
128, -3, 1
123, -6, 1
125, -3, 0
124, -5, 1
125, -4, 1
125, -3, 1
125, -6, 1
125, -3, 1
125, -5, 1
126, -4, 0
126, -5, 1
123, -3, 1
125, -5, 1
125, -4, 1
125, -5, 1
125, -3, 0
125, -4, 1
125, -5, 1
125, -3, 1
126, -5, 1
125, -4, 0
124, -5, 1
125, -3, 1
125, -5, 1
125, -4, 1
125, -5, 1
125, -3, 0
126, -4, 1
124, -5, 1
125, -3, 1
125, -5, 1
125, -4, 0
202, -5, 1
50, -3, 1
125, -5, 1
124, -4, 1
124, -5, 1
125, -3, 0
125, -3, 1
125, -5, 1
125, -4, 0
125, -4, 1
125, -4, 1
125, -5, 1
125, -3, 1
125, -5, 1
125, -3, 0
125, -5, 1
125, -4, 1
125, -4, 1
125, -4, 0
125, -3, 1
125, -5, 1
125, -3, 0
126, -5, 1
124, -3, 1
125, -5, 1
125, -3, 1
125, -5, 0
125, -3, 1
125, -5, 1
125, -3, 1
125, -4, 0
125, -5, 1
125, -3, 1
125, -4, 1
125, -4, 0
125, -4, 1
125, -4, 1
125, -4, 1
125, -3, 0
125, -5, 1
125, -3, 1
125, -4, 1
125, -4, 0
125, -3, 1
125, -5, 1
125, -3, 0
125, -5, 1
125, -3, 1
127, -5, 1
123, -3, 1
125, -4, 0
125, -4, 1
125, -3, 1
125, -4, 0
125, -3, 1
125, -5, 1
137, -3, 1
117, -5, 0
126, -3, 1
125, -4, 1
141, -3, 0
110, -5, 1
127, -3, 1
127, -4, 1
124, -4, 0
124, -3, 1
133, -4, 1
118, -3, 0
124, -5, 1
123, -3, 1
129, -4, 0
122, -3, 1
126, -4, 1
125, -3, 0
123, -5, 1
124, -3, 1
124, -3, 0
124, -4, 1
125, -3, 1
126, -4, 0
124, -3, 1
146, -5, 1
107, -3, 1
129, -4, 0
130, -3, 1
114, -4, 1
123, -3, 0
127, -3, 1
121, -4, 1
133, -3, 0
122, -4, 1
124, -3, 0
125, -5, 1
124, -2, 1
125, -5, 0
126, -2, 1
124, -5, 1
125, -3, 0
125, -2, 1
125, -5, 1
126, -2, 0
125, -5, 1
127, -2, 0
124, -5, 1
125, -2, 1
126, -5, 0
122, -2, 1
125, -4, 1
126, -3, 0
129, -3, 1
120, -4, 0
125, -3, 1
126, -4, 1
124, -3, 0
125, -4, 1
125, -2, 1
125, -4, 0
126, -3, 1
125, -4, 1
124, -3, 0
125, -4, 1
125, -3, 0
125, -2, 0
125, -4, 1
125, -3, 1
125, -4, 0
125, -2, 1
125, -4, 1
134, -3, 0
118, -4, 1
128, -2, 0
125, -4, 1
122, -3, 0
257, -3, 1
245, -4, 0
119, -9, 2
125, -3, 1
125, -3, 0
125, -4, 1
125, -2, 0
125, -4, 1
125, -3, 0
125, -2, 1
125, -4, 0
125, -2, 1
125, -4, 0
125, -3, 1
125, -3, 0
125, -3, 1
125, -4, 1
125, -2, 0
125, -4, 1
125, -2, 0
126, -3, 0
125, -3, 1
125, -3, 1
124, -3, 0
128, -3, 0
122, -4, 1
125, -2, 0
125, -3, 1
125, -3, 0
125, -3, 1
125, -3, 0
125, -2, 1
125, -4, 0
125, -2, 1
125, -3, 0
125, -3, 1
125, -3, 0
125, -3, 1
125, -3, 0
125, -2, 1
125, -4, 0
125, -2, 1
125, -2, 0
125, -4, 1
125, -2, 0
125, -3, 1
125, -3, 0
126, -3, 0
124, -2, 1
125, -4, 0
125, -2, 1
124, -3, 0
126, -2, 1
125, -4, 0
124, -2, 0
126, -2, 1
125, -3, 0
125, -2, 1
145, -4, 0
105, -2, 1
125, -3, 0
125, -2, 0
125, -3, 1
125, -2, 0
127, -3, 1
135, -3, 0
114, -1, 0
124, -4, 1
125, -2, 0
126, -3, 1
124, -2, 0
125, -3, 1
126, -2, 0
140, -3, 0
110, -2, 1
124, -3, 0
125, -2, 0
128, -2, 1
122, -3, 0
125, -2, 0
125, -3, 1
125, -1, 0
124, -3, 1
126, -2, 0
125, -3, 0
125, -2, 0
125, -3, 1
125, -2, 0
128, -2, 0
122, -2, 1
125, -2, 0
124, -3, 1
126, -2, 0
124, -3, 0
126, -1, 0
128, -3, 1
121, -2, 0
123, -3, 0
126, -1, 1
125, -2, 0
125, -3, 0
124, -2, 1
126, -2, 0
124, -2, 0
125, -3, 1
126, -1, 0
125, -3, 0
125, -2, 0
124, -2, 1
128, -2, 0
123, -2, 0
124, -2, 0
126, -1, 1
125, -3, 0
124, -1, 0
125, -3, 1
126, -2, 0
125, -2, 0
124, -1, 0
125, -3, 1
126, -1, 0
124, -3, 0
125, -1, 0
125, -2, 0
125, -2, 1
126, -2, 0
125, -2, 0
132, -1, 0
126, -2, 1
135, -2, 0
113, -2, 0
321, -1, 0
179, -3, 0
124, -5, 1
126, -1, 0
125, -2, 0
134, -1, 1
116, -2, 0
125, -2, 0
125, -2, 0
126, -1, 0
124, -2, 1
127, -1, 0
123, -2, 0
126, -1, 0
123, -2, 0
124, -2, 0
126, -1, 0
124, -2, 1
126, -1, 0
126, -2, 0
127, -1, 0
121, -2, 0
127, -1, 0
120, -2, 1
123, -1, 0
126, -1, 0
125, -1, 0
125, -2, 0
125, -1, 0
125, -1, 0
125, -2, 0
125, -1, 0
124, -2, 0
126, -1, 0
124, -1, 0
126, -1, 1
124, -1, 0
126, -2, 0
125, -1, 0
125, -1, 0
125, -1, 0
125, -2, 0
125, -1, 0
125, -1, 0
125, -1, 0
124, -1, 0
126, -1, 0
126, -1, 0
128, -1, 0
121, -1, 0
125, -2, 1
250, -2, 0
124, -1, 0
125, -1, 0
248, -2, 0
250, -1, 0
128, -1, 0
124, -1, 0
126, -1, 0
125, -1, 0
124, -1, 0
248, -1, 0
127, -1, 0
125, -1, 0
125, -1, 0
249, -1, 0
127, -1, 0
125, -1, 0
247, -1, 0
127, -1, 0
248, -1, 0
249, -1, 0
251, -1, 0
127, -1, 0
248, -1, 0
250, -1, 0
249, -1, 0
381, -1, 0
246, -1, 0
375, -1, 0
248, 0, -1
260, -1, 0
402, -1, 0
717, -1, 0
373, 0, -1
1381, 0, -1
1377, 0, -1
637, 1, 0
382, 1, 0
530, 1, -1
365, 1, 0
201, 1, 0
250, 1, -1
376, 1, 0
249, 1, 0
251, 1, 0
249, 1, -1
250, 1, 0
128, 1, 0
247, 1, 0
128, 1, 0
126, 0, -1
123, 1, 0
126, 1, 0
248, 1, 0
127, 1, 0
125, 0, -1
125, 1, 0
126, 1, 0
125, 1, 0
126, 1, 0
131, 0, -1
118, 1, 0
124, 1, 0
125, 1, 0
125, 1, 0
249, 2, -1
248, 1, 0
128, 1, 0
124, 1, 0
125, 1, -1
126, 1, 0
125, 1, 0
125, 1, 0
125, 1, -1
124, 1, 0
125, 1, 0
126, 1, 0
125, 1, -1
124, 1, 0
127, 2, 0
130, 1, 0
129, 1, 0
122, 1, -1
122, 1, 0
126, 2, 0
249, 2, -1
129, 1, 0
126, 2, 0
123, 1, 0
125, 1, -1
123, 1, 0
126, 2, 0
130, 1, 0
121, 1, 0
130, 2, -1
118, 1, 0
126, 2, 0
130, 1, 0
118, 2, -1
126, 1, 0
124, 1, 0
126, 2, -1
125, 2, 0
125, 1, 0
125, 2, -1
125, 1, 0
183, 1, 0
63, 2, 0
128, 2, -1
124, 1, 0
125, 2, 0
124, 2, -1
124, 1, 0
125, 2, 0
125, 1, 0
125, 3, -1
124, 1, 0
126, 1, -1
125, 2, 0
125, 2, 0
128, 2, 0
124, 1, -1
123, 3, 0
124, 1, 0
125, 2, -1
125, 2, 0
125, 2, 0
125, 2, -1
125, 1, 0
125, 2, 0
125, 2, -1
125, 2, 0
125, 2, 0
125, 2, -1
126, 2, 0
124, 2, -1
126, 2, 0
131, 2, 0
119, 2, 0
125, 2, -1
124, 2, 0
125, 2, 0
271, 2, -1
238, 2, 0
119, 7, -1
122, 1, -1
125, 3, 0
127, 2, 0
123, 2, -1
125, 2, 0
125, 2, 0
126, 3, -1
124, 2, 0
124, 2, -1
126, 2, 0
126, 3, 0
125, 2, -1
125, 3, 0
125, 2, 0
126, 1, -1
125, 3, 0
123, 2, 0
126, 3, -1
124, 2, 0
125, 3, -1
124, 2, 0
127, 3, 0
124, 2, -1
124, 3, 0
126, 2, -1
125, 2, 0
125, 3, 0
125, 2, -1
124, 3, 0
125, 2, 0
127, 3, -1
125, 2, 0
124, 3, -1
127, 2, 0
123, 3, -1
126, 2, 0
126, 4, 0
124, 2, -1
124, 2, 0
125, 3, -1
125, 2, 0
125, 4, 0
125, 2, -1
125, 3, 0
125, 2, 0
125, 4, -1
125, 2, 0
125, 3, -1
125, 2, 0
125, 3, -1
132, 3, 0
122, 2, 0
134, 4, -1
122, 2, 0
129, 3, -1
115, 3, 0
125, 3, -1
126, 2, 0
124, 4, 0
125, 2, -1
127, 3, 0
126, 3, -1
123, 3, 0
124, 3, -1
126, 3, 0
125, 3, -1
125, 3, 0
126, 3, -1
124, 3, 0
125, 4, 0
127, 2, -1
123, 3, 0
124, 3, -1
125, 3, 0
125, 3, -1
124, 3, 0
129, 4, -1
123, 2, 0
124, 4, -1
127, 2, 0
121, 4, -1
123, 3, 0
126, 2, 0
124, 4, -1
124, 3, 0
127, 4, -1
124, 2, 0
126, 4, -1
125, 3, 0
125, 4, -1
128, 2, 0
121, 4, -1
126, 3, 0
124, 2, -1
126, 4, 0
127, 3, -1
124, 4, 0
125, 3, -1
147, 4, 0
104, 3, -1
124, 4, 0
126, 3, -1
124, 4, 0
123, 2, -1
126, 3, 0
125, 4, -1
124, 3, 0
126, 4, -1
125, 3, 0
125, 4, -1
123, 3, 0
126, 4, -1
125, 3, 0
125, 4, -1
125, 3, 0
127, 3, -1
123, 4, 0
124, 3, -1
125, 4, 0
125, 3, -1
127, 4, 0
124, 3, -1
124, 5, 0
125, 2, -1
126, 5, -1
128, 3, 0
184, 4, -1
68, 3, 0
297, 3, -1
199, 5, 0
125, 10, -2
123, 5, 0
125, 3, -1
129, 4, -1
122, 3, 0
124, 5, -1
125, 3, 0
126, 3, 0
125, 4, -1
124, 3, -1
125, 5, 0
126, 3, -1
124, 5, 0
125, 3, -1
125, 4, 0
125, 3, -1
126, 5, -1
124, 3, 0
131, 3, 0
120, 5, -1
125, 3, -1
136, 5, 0
118, 3, -1
124, 5, 0
126, 3, -1
125, 5, -1
124, 3, 0
144, 4, -1
107, 4, 0
129, 3, -1
122, 5, -1
125, 3, 0
125, 5, -1
125, 3, 0
126, 5, -1
124, 3, 0
125, 5, -1
125, 3, 0
126, 5, -1
123, 3, -1
125, 4, 0
125, 5, -1
125, 3, 0
125, 5, -1
126, 3, -1
126, 5, 0
125, 3, -1
124, 5, -1
123, 4, 0
123, 5, -1
124, 3, 0
124, 3, -1
125, 5, -1
126, 4, 0
124, 5, -1
132, 3, 0
121, 5, -1
123, 3, -1
125, 5, 0
130, 4, -1
120, 5, -1
127, 3, 0
130, 3, -1
122, 6, 0
128, 3, -1
249, 9, -1
125, 5, -1
127, 3, 0
127, 5, -1
121, 4, -1
126, 5, -1
123, 3, 0
135, 4, -1
118, 5, 0
123, 4, -1
130, 5, -1
126, 3, 0
116, 6, -1
127, 3, -1
126, 5, 0
122, 4, -1
127, 5, -1
130, 4, 0
122, 3, -1
130, 6, -1
117, 3, 0
131, 5, -1
123, 4, -1
123, 5, 0
127, 4, -1
124, 5, -1
124, 4, 0
124, 5, -1
124, 4, -1
126, 5, 0
125, 4, -1
125, 3, 0
130, 6, -1
127, 3, -1
118, 6, -1
125, 3, 0
129, 6, -1
124, 3, -1
140, 6, 0
111, 4, -1
123, 5, -1
122, 4, 0
131, 3, -1
120, 6, -1
134, 3, 0
121, 6, -1
125, 4, 0
122, 5, -1
127, 3, -1
122, 6, 0
126, 4, -1
123, 5, -1
126, 4, 0
123, 4, -1
125, 5, -1
125, 4, 0
127, 5, -1
123, 4, -1
125, 6, 0
127, 3, -1
123, 6, -1
125, 4, 0
126, 5, -1
123, 4, -1
335, 4, 0
167, 5, -1
123, 13, -2
125, 6, -1
125, 4, 0
125, 5, -1
126, 4, -1
124, 6, -1
125, 4, 0
125, 3, -1
127, 6, -1
122, 4, 0
128, 5, -1
126, 4, -1
126, 6, 0
121, 4, -1
127, 5, -1
123, 4, 0
126, 6, -1
126, 4, -1
123, 5, -1
122, 4, 0
125, 4, -1
125, 6, -1
125, 4, 0
125, 5, -1
125, 4, -1
126, 6, 0
124, 4, -1
125, 6, -1
141, 3, 0
116, 6, -1
131, 4, -1
121, 4, -1
125, 6, 0
121, 4, -1
127, 5, -1
127, 4, 0
126, 6, -1
123, 4, -1
127, 6, -1
125, 4, -1
122, 6, 0
125, 4, -1
124, 4, -1
136, 5, -1
123, 5, 0
120, 5, -1
121, 4, 0
124, 6, -1
126, 4, -1
123, 6, -1
126, 4, 0
125, 6, -1
129, 4, -1
125, 4, -1
124, 6, 0
123, 4, -1
129, 6, -1
125, 3, -1
116, 6, 0
126, 4, -1
124, 6, -1
123, 4, 0
125, 6, -1
125, 4, -1
127, 4, -1
126, 6, 0
126, 4, -1
132, 6, -1
121, 4, 0
125, 5, -1
128, 4, -1
121, 6, -1
138, 4, -1
115, 6, 0
149, 4, -1
128, 6, -1
133, 4, 0
92, 4, -1
118, 6, -1
128, 4, 0
120, 6, -1
127, 4, -1
126, 6, -1
124, 4, 0
125, 6, -1
126, 4, -1
127, 6, -1
120, 4, 0
128, 4, -1
123, 6, -1
124, 4, 0
125, 6, -1
127, 4, -1
123, 6, -1
126, 4, 0
129, 6, -1
123, 3, -1
123, 6, -1
127, 4, 0
121, 4, -1
126, 6, -1
125, 4, 0
124, 6, -1
125, 4, -1
125, 6, -1
125, 4, 0
126, 6, -1
123, 4, -1
125, 6, -1
127, 4, -1
125, 4, 0
125, 7, -1
130, 4, -1
121, 5, 0
124, 5, -1
127, 6, -1
123, 4, -1
125, 6, -1
128, 4, 0
120, 6, -1
125, 4, 0
125, 4, -1
125, 6, -1
126, 4, 0
136, 6, -1
117, 4, -1
122, 6, -1
126, 4, -1
124, 6, 0
262, 4, -1
239, 6, -1
123, 14, -2
125, 4, -1
125, 6, -1
125, 4, 0
125, 6, -1
125, 4, -1
125, 7, -1
125, 4, 0
125, 6, -1
125, 4, -1
125, 6, -1
125, 4, 0
125, 4, -1
125, 6, -1
125, 4, 0
125, 6, -1
133, 4, -1
123, 6, -1
125, 4, 0
125, 6, -1
124, 4, -1
125, 6, -1
124, 4, 0
127, 4, -1
124, 7, -1
125, 4, 0
126, 6, -1
125, 4, -1
125, 6, -1
128, 4, 0
122, 6, -1
125, 4, -1
125, 6, 0
125, 4, -1
124, 4, -1
126, 6, -1
124, 4, 0
126, 6, -1
124, 4, -1
129, 6, -1
122, 4, -1
126, 6, 0
124, 4, -1
125, 6, -1
119, 4, 0
127, 4, -1
124, 6, -1
125, 4, 0
124, 6, -1
126, 4, -1
126, 6, -1
124, 4, 0
125, 6, -1
125, 5, -1
125, 5, -1
124, 5, 0
126, 3, -1
125, 7, -1
124, 4, -1
126, 6, -1
124, 4, 0
126, 6, -1
124, 4, -1
125, 6, -1
126, 4, 0
125, 6, -1
124, 4, -1
125, 4, -1
126, 6, 0
127, 4, -1
123, 6, -1
131, 4, -1
128, 6, -1
117, 4, 0
124, 6, -1
125, 4, -1
125, 6, -1
125, 4, 0
126, 4, -1
124, 6, -1
125, 4, -1
125, 6, 0
128, 4, -1
123, 6, -1
125, 4, -1
124, 6, -1
125, 4, 0
125, 6, -1
126, 4, -1
124, 6, -1
126, 4, 0
124, 4, -1
125, 6, -1
126, 4, -1
124, 6, 0
125, 4, -1
125, 6, -1
126, 4, -1
125, 6, -1
125, 4, 0
124, 6, -1
127, 4, -1
124, 3, -1
129, 7, 0
121, 4, -1
127, 5, -1
123, 4, -1
124, 6, -1
125, 4, 0
125, 6, -1
125, 4, -1
126, 6, -1
125, 4, 0
124, 4, -1
125, 6, -1
126, 4, -1
124, 6, -1
126, 4, 0
127, 6, -1
122, 4, -1
125, 6, -1
125, 3, 0
125, 7, -1
125, 3, -1
125, 4, 0
126, 6, -1
125, 4, -1
125, 6, -1
124, 4, 0
292, 6, -1
208, 4, -1
124, 15, -3
125, 4, 0
125, 4, -1
130, 6, -1
120, 4, 0
125, 6, -1
125, 3, -1
125, 6, -1
125, 4, -1
125, 6, -1
125, 4, 0
125, 6, -1
125, 4, -1
125, 4, -1
125, 5, -1
125, 4, 0
125, 6, -1
137, 4, -1
121, 6, -1
122, 4, 0
124, 5, -1
126, 4, -1
124, 6, -1
125, 4, 0
126, 6, -1
124, 4, -1
125, 4, -1
126, 6, -1
124, 3, 0
125, 6, -1
125, 4, -1
125, 6, -1
125, 4, -1
125, 6, 0
125, 3, -1
125, 4, -1
125, 6, -1
125, 4, 0
125, 6, -1
125, 4, -1
125, 5, -1
125, 4, -1
125, 6, -1
125, 4, 0
124, 6, -1
123, 3, -1
124, 4, -1
125, 6, 0
125, 4, -1
125, 6, -1
127, 3, -1
123, 6, -1
125, 4, 0
125, 5, -1
125, 4, -1
125, 6, -1
125, 4, -1
125, 5, -1
125, 4, 0
125, 4, -1
125, 5, -1
125, 4, -1
125, 6, -1
125, 3, 0
126, 6, -1
124, 4, -1
125, 5, -1
125, 4, -1
125, 6, -1
125, 3, 0
125, 4, -1
125, 6, -1
125, 3, 0
125, 6, -1
125, 4, -1
125, 5, -1
125, 4, -1
125, 5, -1
125, 4, 0
125, 6, -1
125, 3, -1
125, 4, 0
125, 6, -2
125, 3, 0
125, 6, -1
125, 3, -1
125, 6, -1
125, 4, 0
125, 5, -1
125, 4, -1
125, 5, -1
125, 4, -1
125, 3, 0
125, 6, -1
125, 3, -1
125, 6, -1
125, 3, -1
125, 6, -1
129, 3, 0
121, 6, -1
125, 3, -1
125, 6, -1
125, 3, -1
125, 4, 0
125, 5, -1
125, 4, -1
125, 5, -1
125, 4, -1
125, 5, -1
125, 4, 0
125, 6, -1
125, 3, -1
124, 5, -1
126, 4, -1
125, 5, -1
124, 4, 0
126, 3, -1
125, 6, -1
125, 3, -1
125, 5, -1
125, 4, 0
125, 5, -1
125, 4, -1
125, 5, -1
125, 4, -1
125, 5, -1
125, 3, 0
125, 4, -1
125, 5, -1
124, 3, -1
198, 6, -1
54, 3, 0
124, 5, -2
124, 4, 0
125, 5, -1
126, 3, -1
124, 5, -1
125, 4, 0
126, 3, -1
124, 6, -1
125, 3, -1
126, 5, -1
124, 4, -1
125, 5, 0
126, 3, -1
124, 5, -1
125, 4, -1
126, 5, -1
124, 3, -1
125, 3, 0
125, 6, -1
126, 3, -1
126, 5, -1
135, 3, 0
118, 5, -1
125, 4, -1
125, 5, -1
125, 3, -1
125, 5, -1
125, 4, -1
124, 3, 0
126, 5, -1
125, 3, -1
125, 5, -1
125, 3, -1
125, 5, -1
124, 4, 0
126, 5, -1
125, 3, -1
124, 5, -1
126, 3, -1
124, 3, 0
126, 5, -1
125, 4, -1
125, 4, -1
125, 4, -1
125, 4, -1
125, 4, 0
126, 5, -1
124, 3, -1
124, 5, -1
122, 3, -1
125, 4, -1
125, 4, 0
125, 3, -1
124, 5, -1
126, 3, -1
125, 5, -1
125, 3, 0
125, 5, -1
124, 3, -1
125, 4, -1
125, 3, -1
129, 5, -1
121, 3, 0
125, 3, -1
125, 5, -1
126, 3, -1
124, 5, -1
125, 3, 0
125, 5, -1
125, 2, -1
125, 5, -1
126, 3, -1
124, 5, -1
126, 3, 0
125, 3, -1
124, 5, -1
125, 3, -1
126, 4, -1
124, 3, 0
126, 5, -2
125, 3, 0
125, 4, -1
125, 3, -1
125, 5, -1
124, 3, 0
125, 4, -1
125, 3, -1
126, 3, -1
124, 5, -1
125, 3, 0
126, 4, -1
124, 3, -1
126, 4, -1
124, 3, -1
125, 5, -1
125, 3, 0
126, 4, -1
124, 3, -1
126, 3, -1
125, 4, -1
125, 3, 0
125, 4, -1
124, 3, -1
125, 5, -1
125, 2, 0
125, 5, -1
126, 3, -1
125, 4, -1
124, 3, -1
126, 3, 0
130, 4, -1
123, 3, -1
124, 4, -1
124, 3, 0
125, 4, -1
125, 3, -1
125, 4, -1
125, 3, -1
125, 4, 0
125, 2, -1
125, 5, -1
125, 2, -1
125, 3, 0
125, 4, -1
125, 3, -1
125, 4, -1
129, 3, 0
122, 4, -1
124, 3, -1
125, 4, -1
125, 2, -1
252, 4, 0
251, 3, -1
122, 9, -2
125, 4, -1
125, 3, -1
125, 4, -1
125, 3, 0
125, 3, -1
125, 3, -1
125, 4, -1
125, 3, 0
125, 2, -1
125, 4, -1
125, 3, 0
125, 4, -1
125, 2, -1
125, 4, -1
125, 2, 0
125, 4, -1
125, 3, -1
125, 4, -1
125, 2, 0
125, 3, -1
125, 3, -1
125, 3, -1
125, 4, 0
130, 2, -1
121, 4, -1
124, 2, -1
126, 4, 0
125, 2, -1
124, 4, -1
124, 3, -1
126, 2, 0
125, 4, -1
125, 2, -1
125, 4, -1
125, 2, 0
125, 4, -1
126, 2, -1
126, 3, -1
124, 3, 0
124, 3, -1
126, 3, -1
126, 2, 0
124, 4, -1
126, 2, -1
123, 3, 0
124, 3, -1
125, 3, -1
125, 3, 0
125, 3, -1
125, 2, -1
125, 4, -1
124, 2, 0
126, 3, -1
125, 3, -1
125, 2, 0
125, 3, -1
125, 2, -1
124, 4, -1
126, 2, 0
125, 4, -1
124, 2, -1
126, 3, 0
125, 2, -1
125, 4, -1
124, 2, 0
126, 2, -1
124, 3, -1
125, 2, 0
125, 4, -1
125, 2, 0
129, 3, -1
122, 2, -1
125, 3, -1
124, 2, 0
125, 3, -1
126, 3, -1
124, 2, 0
125, 3, -1
125, 2, 0
125, 3, -1
125, 2, -1
125, 3, -1
125, 2, 0
126, 3, -1
124, 2, -1
125, 3, -1
126, 2, 0
124, 3, -1
125, 2, 0
126, 2, -1
124, 3, -1
125, 2, 0
125, 3, -1
125, 2, -1
125, 3, -1
125, 2, 0
125, 3, -1
126, 2, -1
124, 2, 0
125, 3, -1
125, 2, -1
127, 3, 0
124, 1, -1
125, 3, -1
125, 2, 0
125, 3, -1
125, 2, 0
125, 2, -1
125, 2, -1
125, 2, 0
125, 3, -1
125, 2, -1
125, 2, 0
125, 2, -1
125, 3, -1
125, 1, 0
125, 3, -1
125, 2, -1
125, 2, 0
125, 2, -1
125, 3, -1
125, 1, 0
125, 2, -1
125, 3, -1
125, 1, 0
125, 3, -1
125, 2, -1
125, 2, 0
284, 2, -1
216, 2, -1
125, 6, -1
125, 1, -1
125, 3, -1
124, 1, 0
129, 3, -1
125, 1, -1
125, 3, 0
124, 1, -1
123, 3, -1
124, 1, 0
126, 2, -1
124, 2, 0
125, 1, -1
126, 3, -1
124, 1, 0
125, 2, -1
125, 2, 0
125, 2, -1
129, 1, -1
122, 3, 0
125, 1, -1
125, 2, -1
124, 2, 0
125, 1, -1
125, 2, -1
125, 2, 0
126, 2, -1
124, 1, 0
125, 2, -1
125, 1, -1
125, 3, 0
125, 1, -1
125, 2, -1
128, 1, 0
123, 1, -1
124, 2, 0
125, 2, -1
125, 2, 0
125, 1, -1
125, 2, -1
125, 1, 0
125, 2, -1
125, 1, 0
125, 2, -1
125, 1, -1
125, 1, 0
125, 2, -1
125, 1, 0
125, 2, -1
125, 1, -1
125, 2, 0
125, 1, -1
128, 2, 0
123, 1, -1
125, 2, 0
125, 1, -1
124, 1, 0
126, 2, -1
124, 1, -1
125, 1, 0
125, 1, -1
125, 2, 0
125, 1, -1
125, 2, 0
125, 1, -1
125, 1, 0
125, 1, -1
125, 2, 0
125, 1, -1
125, 1, 0
125, 1, -1
125, 1, 0
126, 2, -1
124, 1, -1
125, 1, 0
125, 1, -1
125, 1, 0
125, 1, -1
125, 2, 0
125, 1, -1
247, 2, -1
128, 1, 0
125, 1, -1
125, 1, 0
125, 1, -1
125, 1, 0
125, 1, -1
125, 1, 0
125, 1, -1
125, 1, 0
125, 1, -1
125, 1, -1
125, 1, 0
125, 1, 0
125, 1, -1
125, 1, 0
125, 1, -1
127, 1, -1
123, 1, 0
125, 1, 0
125, 0, -1
125, 1, 0
125, 1, -1
125, 1, 0
125, 1, -1
247, 1, -1
128, 1, 0
126, 1, -1
246, 1, -1
130, 1, 0
124, 1, 0
126, 1, -1
250, 1, -1
125, 1, -1
250, 1, 0
124, 1, -1
248, 1, -1
248, 1, -1
129, 1, 0
124, 0, -1
125, 1, 0
247, 1, -1
251, 1, -1
250, 1, -1
127, 1, 0
125, 0, -1
247, 1, 0
128, 0, -1
125, 1, 0
125, 0, -1
125, 1, 0
125, 0, -1
247, 1, -1
250, 1, 0
128, 0, -1
247, 1, -1
252, 0, -1
127, 1, 0
246, 0, -1
128, 1, 0
125, 0, -1
409, 1, -1
338, 0, -1
250, 1, -1
250, 0, -1
410, 0, -1
93, 1, 0
125, 0, -1
406, 0, -1
216, 0, -1
376, 0, -1
410, 0, -1
214, 0, -1
250, 0, -1
410, 0, -1
340, 0, -1
408, 0, -1
217, 0, -1
410, 0, -1
215, 0, -1
128, -1, 0
248, 0, -1
415, -1, -1
209, 0, -1
250, -1, 0
128, 0, -1
247, -1, -1
375, 0, -1
129, -1, 0
246, 0, -1
128, -1, 0
125, 0, -1
125, -1, 0
247, 0, -1
128, -1, 0
247, 0, -1
128, -1, 0
125, 0, -1
125, -1, 0
247, -1, -1
409, -1, -1
216, -1, 0
128, 0, -1
125, -1, 0
125, 0, -1
125, -1, 0
251, -1, -1
127, -1, 0
248, -1, -1
249, -1, -1
248, -1, 0
127, -1, -1
247, -1, 0
128, -1, -1
252, -1, -1
245, -1, 0
128, -1, -1
364, -1, 0
261, -1, -1
125, -2, -1
247, -2, -1
250, -1, 0
128, -1, -1
247, -1, 0
128, -1, -1
125, -1, 0
247, -1, -1
128, -1, 0
125, -1, 0
125, -1, -1
249, -1, 0
126, -1, -1
125, -1, 0
125, -1, 0
125, -1, -1
247, -2, -1
250, -1, 0
128, -1, -1
125, -1, 0
125, -1, 0
125, -1, -1
125, -1, 0
125, -1, 0
125, -1, -1
125, -1, 0
125, -1, 0
125, -1, -1
125, -1, 0
125, -1, 0
125, 0, -1
125, -2, 0
247, -2, -1
128, -1, 0
125, -1, -1
125, -1, 0
125, -1, 0
127, -1, 0
123, -1, -1
125, -1, 0
125, -1, -1
125, -1, 0
125, -1, 0
125, -2, 0
125, -1, -1
125, -1, 0
124, -1, 0
126, -1, -1
125, -1, 0
125, -2, 0
125, -1, -1
125, -1, 0
125, -1, 0
125, -1, 0
125, -2, -1
125, -1, 0
125, -1, 0
125, -1, -1
125, -2, 0
125, -1, 0
125, -1, -1
131, -1, 0
120, -2, 0
127, -1, -1
122, -1, 0
127, -2, 0
124, -1, 0
126, -1, -1
124, -1, 0
125, -2, 0
124, -1, -1
125, -2, 0
146, -1, 0
104, -2, 0
125, -1, -1
124, -1, 0
126, -2, 0
125, -1, -1
125, -2, 0
125, -1, 0
125, -2, 0
125, -1, -1
125, -1, 0
125, -2, 0
125, -2, 0
124, -1, -1
126, -1, 0
125, -2, 0
125, -1, 0
133, -2, -1
122, -1, 0
125, -2, 0
124, -1, 0
126, -2, -1
124, -2, 0
125, -2, 0
125, -1, 0
125, -1, 0
125, -2, -1
125, -1, 0
125, -2, 0
134, -2, 0
120, -2, -1
122, -1, 0
126, -2, 0
124, -2, 0
124, -2, -1
124, -1, 0
127, -1, 0
124, -2, 0
125, -2, 0
126, -2, -1
124, -2, 0
122, -2, 0
130, -1, 0
123, -2, 0
124, -2, -1
126, -2, 0
122, -1, 0
124, -2, 0
125, -2, -1
296, -2, 0
206, -2, 0
123, -5, 0
125, -3, -1
125, -1, 0
125, -3, 0
128, -1, 0
124, -2, 0
124, -2, 0
137, -2, -1
116, -2, 0
123, -2, 0
124, -2, 0
127, -2, 0
125, -2, 0
131, -2, 0
120, -2, 0
123, -2, -1
124, -2, 0
126, -2, 0
133, -2, 0
119, -2, 0
124, -2, 0
125, -3, 0
127, -1, 0
126, -3, -1
128, -2, 0
117, -2, 0
130, -2, 0
121, -3, 0
126, -2, 0
129, -1, 0
121, -3, 0
123, -2, 0
125, -2, 0
128, -2, 0
124, -3, 0
126, -2, 0
126, -3, 0
124, -1, -1
123, -3, 0
126, -2, 0
125, -2, 0
124, -3, 0
127, -2, 0
127, -2, 0
122, -2, 0
125, -3, 0
127, -2, 0
122, -3, 0
123, -2, 0
130, -3, 0
124, -2, 0
125, -2, 0
122, -3, 0
135, -2, 0
116, -3, 0
124, -2, 0
123, -3, 0
126, -2, 0
134, -3, 0
118, -2, 0
123, -3, 0
133, -2, 0
121, -2, 0
126, -3, 0
125, -2, 0
124, -3, 0
124, -2, 0
124, -4, 0
127, -2, 0
123, -3, 0
123, -2, 0
131, -3, 0
122, -2, 0
125, -3, 0
124, -3, 0
125, -2, 0
125, -3, 0
125, -3, 0
126, -3, 0
124, -2, 1
124, -3, 0
132, -3, 0
121, -3, 0
125, -2, 0
123, -2, 0
123, -3, 0
128, -3, 1
124, -3, 0
124, -3, 0
128, -3, 0
122, -2, 0
128, -4, 1
132, -2, 0
119, -3, 0
125, -3, 0
123, -3, 0
125, -3, 0
124, -2, 1
134, -3, 0
121, -3, 0
132, -3, 0
120, -3, 1
126, -3, 0
123, -3, 0
131, -3, 0
120, -3, 0
124, -3, 1
122, -3, 0
142, -2, 0
109, -4, 1
126, -3, 0
126, -3, 0
128, -3, 1
124, -3, 0
123, -3, 0
125, -4, 0
125, -2, 1
124, -4, 0
125, -2, 1
124, -3, 0
124, -4, 0
128, -2, 0
125, -4, 1
123, -3, 0
125, -3, 0
137, -3, 1
113, -4, 0
124, -2, 1
124, -4, 0
124, -3, 0
303, -3, 1
200, -4, 0
126, -9, 1
125, -4, 1
122, -3, 0
125, -4, 1
128, -2, 0
122, -4, 0
126, -3, 1
124, -3, 0
124, -4, 1
125, -3, 0
124, -4, 1
127, -2, 0
124, -5, 1
124, -2, 0
125, -4, 1
126, -3, 0
130, -4, 1
118, -3, 0
133, -3, 0
118, -4, 1
125, -3, 0
124, -4, 1
126, -3, 1
124, -5, 0
124, -2, 1
126, -5, 0
124, -3, 1
125, -4, 0
126, -3, 1
126, -3, 0
126, -4, 1
126, -3, 0
122, -4, 1
125, -3, 0
124, -5, 1
125, -3, 0
127, -4, 1
124, -3, 1
125, -4, 0
125, -4, 1
124, -2, 0
126, -5, 1
124, -3, 1
126, -5, 0
130, -3, 1
120, -4, 1
124, -3, 0
125, -5, 1
125, -3, 0
125, -4, 1
125, -3, 1
125, -3, 0
125, -5, 1
125, -3, 0
125, -5, 1
125, -3, 1
125, -4, 1
125, -4, 0
125, -4, 1
125, -4, 0
125, -4, 1
125, -3, 1
125, -4, 0
125, -4, 1
125, -3, 1
125, -5, 0
125, -4, 1
125, -4, 1
125, -3, 0
125, -5, 1
125, -4, 1
125, -4, 1
125, -4, 0
125, -3, 1
125, -5, 1
125, -3, 0
125, -5, 1
125, -3, 1
125, -5, 1
125, -3, 1
125, -5, 0
125, -3, 1
125, -5, 1
125, -4, 1
125, -3, 0
125, -5, 1
125, -3, 1
125, -6, 1
125, -3, 1
125, -5, 1
125, -3, 0
125, -5, 1
125, -4, 1
125, -5, 1
125, -3, 1
135, -4, 0
123, -5, 1
121, -3, 1
126, -5, 1
124, -4, 1
125, -5, 1
125, -3, 1
125, -6, 0
125, -3, 1
125, -5, 1
126, -4, 1
124, -3, 1
126, -6, 1
132, -3, 1
120, -5, 1
127, -4, 0
119, -5, 1
124, -4, 1
127, -5, 1
138, -4, 1
113, -5, 1
126, -3, 1
143, -6, 1
104, -3, 1
125, -4, 0
125, -5, 1
128, -4, 1
122, -5, 1
122, -4, 1
132, -5, 1
118, -4, 1
124, -5, 1
125, -4, 1
125, -5, 1
238, -4, 1
263, -4, 0
124, -14, 4
125, -4, 0
125, -5, 2
125, -4, 0
125, -6, 2
125, -3, 0
125, -6, 2
125, -4, 1
125, -3, 0
125, -6, 2
125, -4, 0
125, -5, 2
125, -4, 0
126, -6, 2
124, -3, 0
125, -6, 1
125, -4, 1
126, -5, 2
125, -4, 0
124, -4, 1
125, -5, 2
126, -4, 0
125, -6, 2
124, -4, 1
125, -6, 1
126, -3, 1
129, -6, 1
121, -4, 1
125, -6, 1
125, -4, 1
125, -5, 1
125, -4, 1
125, -4, 1
128, -6, 1
125, -4, 1
123, -6, 1
125, -3, 1
125, -6, 2
124, -4, 0
125, -6, 2
124, -4, 1
126, -5, 1
124, -4, 1
125, -4, 1
125, -6, 1
126, -4, 1
124, -6, 1
125, -4, 1
125, -6, 1
125, -4, 1
125, -6, 2
125, -4, 1
126, -6, 1
124, -4, 1
125, -4, 1
125, -6, 1
125, -4, 1
125, -6, 1
125, -4, 1
125, -6, 1
125, -4, 1
125, -6, 2
125, -4, 1
125, -6, 1
125, -4, 1
125, -4, 1
125, -6, 1
125, -4, 1
125, -6, 2
125, -4, 1
125, -6, 1
128, -4, 1
123, -7, 1
124, -4, 2
125, -6, 1
125, -4, 1
125, -6, 1
126, -4, 1
124, -4, 1
125, -6, 2
125, -4, 1
125, -6, 1
130, -4, 1
124, -7, 1
125, -4, 1
125, -6, 2
126, -4, 1
124, -6, 1
125, -4, 1
125, -5, 1
125, -6, 2
125, -4, 1
125, -6, 1
126, -4, 1
124, -6, 2
125, -4, 1
125, -7, 1
125, -4, 1
131, -6, 2
120, -4, 1
124, -4, 1
125, -7, 1
125, -4, 1
125, -6, 1
125, -4, 1
125, -7, 2
125, -4, 1
125, -6, 1
125, -4, 1
125, -6, 2
123, -5, 1
124, -4, 1
124, -6, 1
125, -5, 1
125, -6, 2
125, -4, 1
125, -7, 1
125, -4, 1
125, -6, 1
125, -4, 1
125, -7, 2
125, -4, 1
125, -6, 1
125, -5, 1
125, -4, 1
125, -6, 2
125, -4, 1
125, -7, 1
125, -4, 1
278, -6, 2
223, -5, 1
124, -17, 4
125, -4, 1
125, -5, 1
128, -6, 1
122, -4, 1
125, -7, 2
125, -4, 1
125, -7, 1
125, -4, 1
125, -6, 2
125, -5, 1
125, -6, 1
125, -5, 1
125, -4, 1
125, -6, 2
125, -5, 1
125, -6, 1
125, -5, 1
128, -6, 2
122, -4, 1
125, -7, 1
125, -4, 1
125, -7, 2
125, -4, 1
125, -4, 1
125, -7, 1
125, -4, 1
125, -7, 2
125, -4, 1
125, -7, 1
125, -4, 1
125, -7, 2
125, -4, 1
125, -7, 1
125, -4, 1
125, -4, 1
125, -7, 2
125, -4, 1
125, -7, 1
125, -4, 1
125, -7, 2
125, -4, 1
125, -7, 1
125, -4, 1
125, -6, 2
135, -5, 1
115, -4, 1
125, -7, 1
125, -4, 1
125, -7, 2
125, -4, 1
125, -7, 1
125, -4, 1
125, -7, 2
125, -4, 1
125, -7, 2
125, -4, 1
125, -4, 1
125, -7, 1
125, -4, 1
125, -7, 2
125, -4, 1
125, -7, 1
125, -4, 1
125, -7, 2
128, -4, 1
122, -7, 1
125, -4, 2
125, -5, 0
125, -6, 2
125, -4, 1
131, -7, 2
124, -4, 1
124, -7, 1
127, -5, 1
123, -6, 2
125, -4, 1
125, -7, 1
125, -4, 1
125, -7, 2
126, -4, 1
124, -5, 1
125, -6, 1
125, -5, 1
125, -6, 2
125, -5, 1
125, -6, 1
125, -5, 1
125, -6, 2
125, -5, 1
125, -6, 1
125, -5, 1
125, -4, 1
125, -7, 2
125, -4, 1
125, -7, 1
125, -4, 1
125, -7, 2
128, -4, 1
119, -7, 1
124, -4, 1
130, -6, 2
120, -5, 1
125, -4, 1
125, -7, 1
125, -4, 1
125, -7, 2
125, -4, 1
125, -6, 1
126, -5, 1
126, -6, 2
125, -5, 1
123, -6, 1
125, -5, 1
125, -4, 1
125, -7, 2
125, -4, 1
125, -7, 1
125, -4, 1
125, -6, 1
125, -5, 1
125, -7, 2
126, -4, 1
124, -6, 1
125, -5, 1
126, -4, 1
124, -7, 2
125, -4, 1
125, -6, 1
125, -5, 1
197, -6, 2
55, -5, 1
123, -6, 1
125, -4, 1
125, -7, 1
126, -4, 1
124, -7, 2
125, -4, 1
125, -4, 1
125, -7, 1
125, -4, 1
125, -7, 1
125, -4, 1
125, -6, 2
125, -5, 1
125, -6, 1
125, -4, 1
125, -7, 2
125, -4, 0
125, -4, 2
125, -7, 1
125, -4, 1
125, -7, 1
125, -4, 1
125, -6, 2
125, -4, 1
125, -7, 1
125, -4, 1
125, -7, 1
125, -4, 1
125, -4, 1
125, -6, 1
126, -5, 2
124, -6, 1
124, -4, 1
126, -7, 1
125, -4, 1
124, -6, 1
126, -4, 1
124, -7, 2
126, -4, 1
125, -4, 1
125, -6, 1
125, -5, 1
125, -6, 1
125, -4, 1
125, -7, 2
125, -4, 0
131, -6, 2
123, -4, 1
124, -7, 1
123, -4, 1
124, -4, 1
125, -6, 1
125, -4, 1
125, -7, 1
125, -4, 1
133, -6, 2
122, -4, 1
125, -6, 1
124, -5, 1
125, -6, 1
125, -4, 1
125, -4, 1
125, -6, 1
125, -4, 1
125, -7, 1
125, -4, 1
125, -6, 1
125, -4, 1
128, -6, 2
124, -4, 0
124, -7, 2
124, -4, 1
125, -4, 0
125, -6, 2
125, -4, 1
125, -6, 1
125, -4, 1
125, -6, 1
125, -4, 1
125, -6, 1
125, -5, 1
125, -6, 1
124, -4, 1
122, -4, 1
125, -6, 1
125, -4, 1
125, -6, 1
125, -4, 1
125, -6, 1
125, -4, 1
125, -6, 2
125, -4, 0
130, -6, 2
122, -4, 0
124, -4, 1
125, -6, 2
130, -4, 1
122, -6, 1
123, -4, 1
124, -7, 1
125, -3, 1
125, -6, 1
125, -5, 1
124, -5, 1
126, -4, 1
125, -4, 0
125, -6, 2
125, -4, 0
125, -6, 2
125, -4, 1
125, -6, 1
131, -4, 1
126, -6, 1
124, -4, 1
124, -6, 1
123, -4, 0
129, -4, 1
126, -6, 1
123, -4, 1
124, -5, 2
124, -4, 0
130, -6, 2
124, -4, 0
125, -6, 2
124, -4, 0
122, -6, 2
134, -3, 0
116, -4, 1
121, -6, 1
125, -4, 1
125, -6, 1
258, -4, 1
248, -5, 1
125, -14, 3
121, -5, 1
126, -4, 1
126, -4, 1
125, -6, 1
125, -4, 1
126, -5, 1
125, -4, 1
125, -6, 1
125, -3, 1
124, -6, 1
125, -4, 1
125, -6, 1
125, -3, 1
126, -4, 0
125, -6, 1
124, -3, 1
126, -6, 1
124, -4, 1
126, -5, 1
124, -4, 1
125, -5, 1
126, -4, 1
124, -6, 1
124, -3, 1
125, -4, 0
125, -6, 2
125, -3, 0
126, -6, 1
125, -4, 1
126, -5, 1
123, -4, 1
125, -5, 1
125, -4, 1
125, -5, 1
125, -4, 1
125, -4, 0
125, -5, 1
125, -4, 1
124, -5, 1
126, -3, 1
126, -6, 1
124, -4, 1
125, -5, 1
125, -3, 1
126, -6, 1
125, -3, 0
125, -4, 1
125, -5, 1
124, -4, 1
123, -5, 1
125, -4, 1
125, -5, 1
124, -3, 0
125, -6, 1
125, -3, 1
125, -5, 1
125, -4, 1
125, -3, 1
125, -5, 1
125, -4, 0
125, -5, 1
125, -3, 1
125, -6, 1
125, -3, 1
126, -5, 1
124, -4, 0
125, -5, 1
125, -3, 1
125, -5, 1
125, -4, 1
129, -3, 1
122, -5, 1
124, -4, 0
125, -5, 2
125, -3, 0
125, -5, 1
125, -3, 1
126, -5, 1
124, -4, 1
126, -5, 1
124, -3, 0
125, -3, 1
126, -5, 1
124, -3, 1
125, -5, 1
125, -4, 0
125, -5, 1
125, -3, 1
126, -5, 1
124, -3, 1
128, -5, 1
122, -3, 0
125, -3, 1
130, -5, 1
132, -3, 1
118, -5, 1
125, -3, 0
125, -5, 1
125, -3, 1
124, -5, 1
126, -3, 0
124, -5, 1
129, -3, 1
128, -3, 1
122, -5, 0
125, -3, 1
125, -5, 1
125, -3, 1
130, -4, 1
126, -3, 0
118, -5, 1
125, -3, 1
123, -5, 1
126, -3, 0
126, -3, 1
123, -4, 1
124, -3, 0
126, -5, 1
124, -3, 1
124, -4, 1
126, -3, 0
119, -5, 1
127, -3, 1
124, -4, 1
126, -3, 0
124, -5, 1
125, -2, 0
125, -3, 1
279, -5, 1
223, -3, 0
123, -12, 3
125, -2, 0
125, -5, 1
128, -3, 1
122, -4, 1
126, -3, 0
125, -3, 1
125, -4, 1
125, -3, 0
124, -4, 1
125, -3, 0
125, -4, 1
125, -3, 1
126, -4, 1
124, -3, 0
125, -4, 1
125, -3, 1
125, -2, 0
136, -5, 1
115, -2, 0
124, -4, 1
125, -3, 1
125, -4, 0
125, -3, 1
125, -4, 1
125, -2, 0
125, -4, 1
125, -3, 1
125, -3, 0
125, -4, 1
125, -2, 0
125, -4, 1
125, -3, 1
125, -4, 0
125, -2, 1
125, -4, 1
125, -3, 0
126, -4, 1
124, -2, 0
125, -3, 1
125, -4, 1
125, -2, 0
125, -4, 1
125, -2, 0
125, -4, 1
135, -3, 0
115, -3, 1
125, -3, 0
125, -4, 1
125, -2, 0
125, -2, 1
131, -4, 1
122, -3, 0
122, -3, 1
125, -3, 0
125, -3, 1
125, -2, 0
127, -4, 1
126, -2, 0
125, -4, 1
124, -2, 0
125, -2, 1
123, -4, 0
125, -2, 1
126, -4, 0
127, -2, 1
123, -3, 0
125, -2, 1
125, -4, 1
124, -2, 0
125, -3, 1
125, -2, 0
126, -3, 0
124, -3, 1
125, -2, 0
125, -3, 1
125, -3, 0
125, -3, 1
125, -2, 0
125, -3, 1
125, -2, 0
125, -3, 1
125, -2, 0
125, -2, 0
125, -3, 1
125, -3, 0
125, -3, 1
125, -2, 0
125, -3, 1
125, -2, 0
125, -3, 0
125, -2, 1
125, -3, 0
125, -2, 1
125, -2, 0
125, -3, 1
125, -1, 0
130, -3, 0
129, -2, 1
123, -3, 0
127, -2, 0
123, -3, 1
127, -2, 0
126, -2, 0
124, -2, 1
125, -2, 0
125, -3, 1
126, -2, 0
124, -2, 0
126, -2, 0
124, -3, 1
126, -2, 0
124, -2, 1
125, -2, 0
124, -3, 0
128, -2, 1
123, -1, 0
125, -3, 0
125, -1, 0
126, -3, 1
124, -2, 0
127, -2, 1
123, -2, 0
125, -2, 0
150, -2, 0
197, -2, 1
22, -2, 0
124, -2, 0
125, -2, 0
125, -2, 1
278, -2, 0
223, -1, 0
125, -6, 1
125, -2, 0
124, -2, 1
125, -2, 0
125, -1, 0
126, -2, 0
125, -2, 1
126, -2, 0
124, -1, 0
127, -2, 0
124, -2, 0
124, -2, 1
124, -1, 0
126, -2, 0
132, -1, 0
118, -2, 1
126, -2, 0
123, -1, 0
127, -2, 0
128, -1, 0
119, -2, 1
124, -1, 0
126, -2, 0
124, -1, 0
125, -2, 0
125, -1, 1
125, -2, 0
125, -1, 0
125, -1, 0
125, -2, 0
125, -1, 1
125, -2, 0
126, -1, 0
124, -2, 0
126, -1, 0
125, -1, 0
125, -1, 0
125, -2, 1
124, -1, 0
125, -1, 0
125, -1, 0
125, -2, 0
125, -1, 0
125, -1, 0
130, -1, 1
121, -1, 0
124, -2, 0
247, -2, 0
128, -1, 0
247, -2, 1
128, -1, 0
125, -1, 0
125, -1, 0
125, -1, 0
125, -1, 0
125, -1, 0
125, -1, 0
125, -1, 0
125, 0, 1
125, -1, 0
125, -1, 0
126, -1, 0
124, -1, 0
247, -1, 0
128, -1, 0
134, -1, 0
122, -1, 0
245, -1, 0
254, -1, 0
126, -1, 0
125, -1, 0
245, -1, 0
249, -1, 0
131, -1, 0
127, 0, 1
123, -1, 0
243, -1, 0
250, -1, 0
412, -1, 0
408, -1, 0
375, -1, 0
308, -1, 0
658, -1, 0
843, -1, 0
1659, 0, -1
895, 1, 0
443, 1, 0
499, 1, 0
126, 0, -1
125, 1, 0
375, 1, 0
372, 1, 0
250, 1, 0
250, 1, -1
251, 1, 0
249, 1, 0
250, 1, 0
250, 1, 0
128, 1, 0
125, 0, -1
125, 1, 0
247, 1, 0
128, 1, 0
139, 1, 0
291, 1, -1
91, 1, 0
119, 1, 0
240, 1, 0
128, 1, 0
244, 1, -1
131, 1, 0
123, 1, 0
131, 1, 0
122, 1, 0
125, 1, -1
124, 1, 0
244, 1, 0
133, 1, 0
129, 1, 0
119, 1, -1
125, 1, 0
128, 1, 0
122, 1, 0
121, 1, -1
125, 1, 0
125, 2, 0
244, 2, 0
127, 1, -1
125, 1, 0
125, 1, 0
125, 1, 0
125, 1, 0
125, 1, -1
126, 2, 0
124, 1, 0
125, 1, 0
125, 1, -1
133, 2, 0
119, 1, 0
124, 1, 0
125, 1, -1
125, 2, 0
125, 1, 0
125, 2, 0
125, 1, -1
125, 1, 0
125, 2, 0
124, 1, -1
125, 2, 0
126, 1, 0
125, 1, 0
124, 2, -1
125, 1, 0
126, 2, 0
124, 1, 0
125, 2, -1
127, 2, 0
124, 1, 0
125, 2, -1
124, 2, 0
125, 1, 0
125, 1, 0
126, 2, -1
125, 2, 0
125, 2, 0
124, 1, -1
126, 2, 0
124, 1, 0
126, 2, -1
124, 2, 0
125, 2, 0
125, 1, -1
129, 2, 0
122, 2, 0
124, 1, -1
125, 3, 0
125, 1, 0
125, 2, -1
125, 2, 0
126, 2, 0
124, 2, -1
125, 2, 0
125, 2, 0
125, 1, -1
125, 3, 0
125, 1, 0
126, 3, -1
124, 1, 0
125, 3, -1
125, 1, 0
126, 3, 0
126, 1, -1
125, 3, 0
123, 1, 0
126, 2, -1
304, 3, 0
198, 1, -1
123, 7, -1
124, 2, 0
125, 3, -1
126, 1, 0
124, 3, 0
125, 2, -1
125, 2, 0
125, 2, -1
125, 2, 0
125, 3, -1
126, 2, 0
131, 2, 0
121, 2, -1
124, 3, 0
125, 2, -1
125, 3, 0
125, 2, -1
125, 1, 0
128, 3, 0
123, 2, -1
124, 3, 0
125, 2, 0
125, 3, -1
124, 2, 0
125, 3, -1
126, 2, 0
125, 3, -1
125, 2, 0
124, 2, -1
126, 3, 0
124, 2, 0
128, 3, -1
131, 2, 0
121, 3, -1
127, 2, 0
127, 4, -1
126, 2, 0
121, 3, -1
129, 2, 0
121, 2, 0
127, 3, -1
125, 2, 0
126, 4, -1
122, 2, 0
126, 3, -1
125, 2, 0
127, 3, -1
123, 3, 0
125, 3, -1
123, 2, 0
126, 2, -1
124, 4, 0
126, 2, -1
125, 3, 0
126, 2, -1
124, 4, 0
126, 2, -1
125, 4, 0
125, 2, 0
125, 3, -1
124, 3, 0
123, 2, -1
124, 3, -1
123, 3, 0
125, 3, -1
126, 3, 0
125, 3, -1
124, 3, 0
125, 3, -1
125, 3, 0
124, 4, -1
127, 2, 0
125, 2, 0
124, 4, -1
125, 2, 0
124, 4, -1
125, 2, -1
126, 4, 0
125, 2, 0
125, 4, -1
124, 3, -1
126, 4, 0
125, 2, -1
125, 3, 0
125, 4, -1
124, 2, 0
126, 4, -1
125, 2, 0
125, 4, -1
125, 3, 0
126, 4, -1
124, 2, -1
125, 4, 0
126, 3, -1
125, 3, 0
129, 3, -1
118, 3, 0
125, 4, -1
128, 3, 0
123, 4, -1
124, 2, 0
124, 4, -1
126, 3, -1
125, 4, 0
124, 3, -1
125, 3, 0
126, 4, -1
125, 3, 0
125, 4, -1
125, 3, 0
125, 4, -1
125, 2, -1
124, 5, 0
126, 3, -1
125, 4, 0
125, 2, -1
124, 3, 0
130, 5, -1
124, 2, 0
122, 5, -1
129, 2, -1
124, 5, 0
124, 3, -1
125, 4, -1
125, 3, 0
126, 4, -1
124, 3, 0
124, 3, -1
124, 4, -1
125, 3, 0
284, 5, -1
216, 3, 0
125, 11, -2
125, 3, -1
126, 5, 0
124, 3, -1
126, 4, -1
124, 3, 0
125, 3, -1
126, 5, 0
125, 3, -1
128, 4, -1
121, 3, 0
130, 5, -1
121, 3, 0
127, 4, -1
123, 3, -1
125, 5, 0
126, 3, -1
123, 3, 0
126, 5, -1
124, 3, -1
124, 5, 0
125, 3, -1
126, 4, -1
125, 4, 0
125, 4, -1
125, 3, -1
124, 5, 0
127, 3, -1
124, 3, 0
125, 5, -1
125, 3, -1
124, 5, 0
126, 3, -1
126, 5, -1
124, 3, 0
125, 5, -1
125, 3, 0
128, 5, -1
122, 3, -1
126, 4, 0
133, 5, -1
120, 3, -1
124, 5, 0
140, 3, -1
133, 5, -1
104, 3, 0
125, 5, -1
121, 4, -1
124, 5, 0
126, 3, -1
124, 5, -1
152, 3, 0
103, 4, -1
125, 4, -1
121, 4, 0
125, 5, -1
125, 3, -1
125, 5, 0
147, 4, -1
139, 5, -1
93, 3, 0
121, 5, -1
124, 4, -1
126, 3, 0
125, 5, -1
138, 4, 0
118, 5, -1
124, 3, -1
119, 6, -1
140, 3, 0
114, 5, -1
130, 4, -1
130, 5, -1
127, 3, 0
123, 4, -1
119, 5, 0
130, 3, -1
119, 6, -1
136, 3, 0
141, 5, -1
108, 4, -1
126, 5, -1
128, 4, 0
114, 5, -1
125, 3, -1
124, 4, 0
122, 5, -1
124, 4, -1
145, 5, 0
127, 4, -1
108, 5, -1
120, 4, 0
124, 5, -1
126, 3, -1
127, 6, -1
137, 3, 0
119, 6, -1
126, 3, 0
122, 4, -1
133, 5, -1
124, 4, 0
108, 5, -1
149, 4, -1
106, 5, -1
126, 4, 0
133, 5, -1
117, 4, -1
122, 6, -1
121, 3, 0
125, 4, -1
132, 5, -1
151, 4, 0
111, 6, -1
108, 3, -1
125, 6, 0
127, 3, -1
148, 6, -1
125, 4, 0
110, 5, -1
118, 4, -1
140, 4, -1
119, 5, -1
128, 4, 0
154, 5, -1
96, 4, -1
117, 6, 0
119, 4, -1
126, 5, -1
129, 4, 0
390, 5, -1
230, 4, -1
124, 19, -3
125, 4, -1
124, 5, 0
126, 4, -1
125, 6, -1
125, 3, 0
126, 6, -1
126, 4, -1
125, 6, -1
126, 3, 0
124, 4, -1
125, 6, -1
125, 4, 0
124, 6, -1
127, 3, -1
124, 6, -1
127, 4, 0
122, 6, -1
124, 4, -1
125, 5, -1
126, 4, 0
123, 4, -1
125, 6, -1
126, 4, 0
125, 5, -1
125, 4, -1
126, 6, -1
124, 4, 0
125, 6, -1
124, 3, -1
125, 6, -1
125, 4, 0
125, 4, -1
126, 6, -1
124, 4, 0
125, 6, -1
125, 4, -1
125, 5, -1
125, 4, 0
141, 6, -1
118, 4, -1
125, 6, -1
125, 4, 0
130, 4, -1
127, 5, -1
117, 4, 0
121, 6, -1
131, 4, -1
121, 6, -1
134, 4, -1
135, 6, -1
119, 4, 0
184, 6, -1
62, 4, -1
118, 4, 0
126, 6, -1
124, 3, -1
126, 7, -1
127, 3, -1
120, 6, 0
125, 4, -1
131, 6, -1
119, 4, -1
126, 6, 0
126, 4, -1
124, 4, -1
126, 6, -1
138, 4, 0
158, 6, -1
75, 4, -1
133, 6, -1
115, 4, 0
124, 6, -1
124, 4, -1
126, 6, -1
125, 4, 0
125, 4, -1
125, 6, -1
126, 4, -1
124, 6, -1
126, 4, 0
127, 6, -1
124, 4, -1
123, 6, -1
126, 4, 0
126, 6, -1
124, 4, -1
125, 4, 0
125, 6, -1
127, 4, -1
125, 6, -1
122, 4, 0
126, 6, -1
123, 4, -1
128, 6, -1
125, 4, -1
124, 6, 0
124, 4, -1
124, 4, -1
124, 6, 0
125, 4, -1
125, 6, -1
125, 4, -1
126, 6, -1
123, 4, 0
127, 6, -1
126, 4, -1
124, 6, -1
125, 4, 0
128, 6, -1
128, 4, -1
120, 4, -1
125, 6, -1
124, 4, 0
126, 6, -1
128, 4, -1
124, 6, -1
125, 4, 0
123, 6, -1
125, 5, -1
125, 5, -1
124, 5, 0
126, 3, -1
126, 7, -1
126, 4, -1
124, 6, 0
124, 4, -1
125, 6, -1
293, 4, -1
208, 6, 0
123, 14, -3
125, 4, 0
125, 6, -1
130, 4, -1
121, 6, -1
124, 4, 0
126, 6, -1
124, 4, -1
125, 6, -1
125, 4, 0
126, 6, -1
125, 4, -1
125, 4, 0
125, 7, -1
124, 4, -1
126, 6, -1
124, 4, -1
126, 6, -1
136, 4, 0
120, 6, -1
123, 4, -1
128, 6, -1
120, 4, 0
127, 4, -1
124, 6, -1
121, 4, 0
127, 6, -1
126, 4, -1
124, 6, -1
124, 4, -1
125, 7, 0
124, 4, -1
125, 6, -1
125, 4, -1
125, 4, -1
125, 6, 0
126, 4, -1
124, 6, -1
125, 4, -1
125, 6, -1
125, 4, 0
125, 6, -1
125, 4, -1
125, 6, -1
126, 4, -1
125, 4, 0
124, 6, -1
125, 4, -1
127, 6, -1
132, 4, 0
123, 6, -1
129, 4, -1
127, 6, -1
147, 4, 0
105, 6, -1
113, 4, -1
124, 4, -1
130, 6, 0
120, 4, -1
126, 6, -1
126, 4, -1
125, 6, -1
125, 4, 0
124, 6, -1
125, 4, -1
126, 6, -1
123, 4, 0
125, 4, -1
126, 6, -1
124, 4, -1
126, 6, -1
126, 4, 0
131, 6, -1
121, 4, -1
124, 6, -1
124, 4, 0
124, 6, -1
146, 4, -1
100, 6, -1
124, 4, 0
126, 4, -1
125, 6, -1
124, 4, -1
126, 6, -1
125, 4, 0
125, 6, -1
125, 4, -1
126, 6, -1
124, 4, -1
125, 6, 0
124, 4, -1
125, 4, -1
126, 6, -1
124, 4, 0
127, 5, -1
124, 4, -1
124, 6, -1
126, 4, -1
136, 6, -1
114, 4, 0
124, 6, -1
126, 4, -1
125, 4, 0
124, 6, -1
126, 4, -1
125, 6, -1
124, 3, 0
126, 6, -1
125, 4, -1
124, 6, -1
125, 4, 0
127, 6, -1
126, 4, -1
123, 3, -1
124, 7, -1
125, 3, 0
125, 6, -1
125, 4, -1
125, 6, -1
127, 4, 0
124, 6, -1
124, 4, -1
126, 5, -1
125, 4, 0
126, 4, -1
138, 6, -1
112, 4, -1
123, 6, -1
126, 3, 0
124, 6, -1
295, 4, -1
206, 6, -1
125, 14, -2
124, 4, 0
125, 5, -1
125, 4, -1
125, 6, -1
126, 4, 0
125, 5, -1
124, 4, -1
125, 6, -1
125, 4, 0
125, 6, -1
125, 3, -1
125, 4, -1
125, 6, 0
125, 4, -1
125, 5, -1
125, 4, -1
125, 6, -1
125, 4, 0
125, 5, -1
125, 4, -1
125, 6, -1
129, 4, 0
131, 4, -1
122, 5, -1
129, 4, 0
119, 6, -1
126, 4, -1
124, 5, -1
124, 4, 0
125, 6, -1
125, 3, -1
125, 6, -1
125, 4, 0
126, 4, -1
124, 5, -1
125, 4, 0
125, 5, -1
125, 4, -1
125, 6, -1
124, 4, 0
126, 5, -1
125, 4, -1
125, 5, -1
129, 4, 0
122, 4, -1
125, 5, -1
124, 4, 0
124, 6, -1
126, 3, -1
123, 6, -1
123, 4, 0
125, 5, -1
125, 4, -1
125, 5, -1
125, 4, -1
125, 3, 0
125, 6, -1
125, 4, -1
125, 5, -1
125, 4, 0
125, 5, -1
125, 4, -1
125, 5, 0
125, 4, -1
125, 5, -1
125, 4, 0
125, 4, -1
125, 5, -1
125, 4, -1
125, 5, 0
125, 4, -1
128, 5, -1
122, 4, -1
125, 5, 0
125, 4, -1
125, 5, -1
125, 4, -1
125, 3, 0
125, 6, -1
125, 3, -1
125, 6, -1
125, 3, 0
125, 6, -1
125, 3, -1
125, 5, 0
125, 4, -1
125, 5, -1
125, 4, -1
125, 3, 0
125, 6, -1
125, 3, -1
125, 5, -1
125, 4, 0
125, 5, -1
125, 4, -1
125, 5, -1
125, 3, 0
125, 6, -1
125, 3, -1
125, 6, -1
125, 3, 0
124, 3, -1
126, 6, -1
125, 3, 0
125, 5, -1
125, 4, -1
125, 5, -1
124, 4, 0
126, 5, -1
126, 3, -1
126, 5, -1
124, 4, 0
125, 3, -1
125, 5, -1
125, 4, 0
125, 5, -1
125, 3, -1
125, 5, -1
125, 4, 0
124, 5, -1
126, 3, -1
125, 5, 0
125, 4, -1
129, 3, -1
121, 5, -1
128, 3, 0
122, 6, -1
125, 3, -1
235, 5, -1
265, 3, 0
125, 14, -3
124, 3, 0
126, 4, -1
125, 5, 0
124, 3, -1
126, 5, -1
125, 3, -1
125, 5, -1
125, 3, 0
125, 5, -1
125, 4, -1
125, 5, 0
124, 3, -1
126, 3, 0
125, 5, -1
125, 3, -1
125, 5, -1
125, 3, 0
125, 5, -1
125, 3, -1
125, 5, -1
125, 4, 0
124, 4, -1
126, 4, -1
124, 3, 0
125, 5, -1
130, 3, -1
125, 5, -1
125, 3, 0
124, 5, -1
126, 3, -1
125, 5, 0
125, 3, -1
125, 5, -1
125, 3, 0
125, 3, -1
125, 5, -1
125, 3, -1
125, 4, 0
125, 3, -1
125, 5, -1
125, 3, 0
125, 5, -1
125, 3, -1
125, 5, -1
125, 3, 0
125, 3, -1
125, 5, -1
125, 3, 0
124, 4, -1
126, 3, -1
125, 5, -1
125, 3, 0
124, 4, -1
122, 4, -1
125, 4, -1
125, 3, 0
124, 3, -1
125, 5, 0
126, 3, -1
125, 4, -1
125, 3, 0
124, 5, -1
125, 3, -1
126, 4, -1
125, 3, 0
125, 5, -1
125, 3, -1
124, 3, 0
126, 4, -1
124, 3, -1
134, 5, 0
117, 3, -1
125, 4, -1
125, 3, 0
125, 5, -1
125, 3, -1
125, 4, 0
124, 3, -1
125, 3, -1
125, 4, 0
126, 3, -1
125, 4, -1
125, 3, 0
124, 5, -1
126, 2, -1
124, 5, 0
125, 3, -1
126, 4, -1
124, 3, 0
126, 3, -1
125, 4, -1
124, 3, 0
125, 4, -1
126, 3, -1
124, 4, 0
125, 3, -1
125, 4, -1
126, 3, 0
125, 4, -1
124, 3, -1
126, 2, 0
125, 4, -1
124, 3, -1
125, 4, 0
125, 3, -1
125, 4, -1
126, 3, 0
124, 4, -1
126, 3, -1
125, 4, -1
125, 2, 0
124, 3, -1
125, 4, -1
126, 3, 0
125, 4, -1
124, 3, 0
126, 4, -1
124, 2, -1
126, 4, -1
125, 3, 0
125, 4, -1
124, 2, 0
125, 4, -1
126, 3, -1
125, 3, 0
124, 3, -1
126, 3, -1
124, 4, 0
274, 2, -1
227, 4, -1
124, 9, -1
125, 4, -1
126, 3, -1
125, 2, -1
124, 4, 0
125, 2, -1
125, 4, 0
125, 3, -1
126, 4, -1
124, 2, 0
125, 4, -1
126, 2, -1
125, 4, -1
124, 2, 0
126, 3, -1
124, 3, 0
126, 3, -1
124, 4, -1
129, 2, 0
121, 4, -1
126, 2, -1
124, 4, 0
125, 2, -1
125, 4, -1
126, 2, 0
124, 3, -1
125, 3, -1
126, 3, 0
124, 3, -1
125, 3, 0
125, 3, -1
125, 3, 0
125, 3, -1
125, 2, -1
125, 4, 0
125, 2, -1
125, 2, 0
125, 4, -1
125, 2, -1
125, 4, 0
125, 2, -1
125, 3, 0
125, 3, -1
143, 3, -1
107, 2, 0
125, 4, -1
125, 2, -1
125, 2, 0
125, 4, -1
126, 2, 0
124, 3, -1
125, 3, 0
125, 3, -1
125, 2, -1
125, 4, 0
125, 2, -1
125, 3, -1
125, 2, 0
125, 2, -1
125, 4, 0
125, 2, -1
125, 3, -1
125, 2, 0
125, 3, -1
125, 3, 0
125, 3, -1
125, 2, 0
125, 3, -1
125, 2, -1
125, 2, 0
125, 4, -1
125, 2, 0
125, 3, -1
125, 2, -1
125, 3, 0
125, 2, -1
125, 3, -1
125, 2, 0
125, 3, -1
125, 2, 0
127, 2, -1
126, 3, 0
126, 2, -1
123, 3, -1
123, 2, 0
123, 3, -1
126, 2, 0
125, 3, -1
125, 2, 0
125, 3, -1
125, 2, -1
125, 3, 0
125, 2, -1
125, 2, 0
125, 3, -1
125, 2, -1
125, 3, 0
125, 2, -1
125, 3, 0
125, 2, -1
125, 2, -1
125, 2, 0
125, 3, -1
125, 2, 0
125, 2, -1
125, 3, 0
125, 2, -1
125, 2, 0
125, 2, -1
125, 3, -1
125, 2, 0
126, 2, -1
125, 2, 0
124, 3, -1
125, 2, 0
125, 2, -1
125, 2, 0
125, 2, -1
125, 3, -1
128, 2, 0
124, 2, -1
123, 2, 0
125, 3, -1
125, 1, 0
125, 3, -1
125, 2, -1
125, 1, 0
125, 3, -1
125, 2, 0
125, 2, -1
266, 2, 0
234, 3, -1
125, 5, -2
125, 3, 0
125, 2, -1
125, 2, 0
125, 2, -1
125, 1, 0
125, 3, -1
125, 1, -1
125, 3, 0
125, 2, -1
125, 2, 0
125, 2, -1
125, 2, -1
125, 1, 0
125, 3, -1
125, 1, 0
125, 2, -1
125, 2, 0
125, 2, -1
125, 2, -1
125, 2, 0
125, 2, -1
125, 1, 0
125, 3, -1
125, 1, 0
125, 2, -1
125, 2, 0
125, 1, -1
125, 2, -1
125, 2, 0
125, 2, -1
127, 1, 0
125, 2, -1
125, 2, 0
126, 2, -1
123, 1, 0
124, 2, -1
125, 2, -1
125, 2, 0
125, 1, -1
125, 2, 0
125, 2, -1
125, 1, -1
125, 2, 0
125, 1, -1
125, 2, 0
125, 2, -1
125, 1, -1
125, 2, 0
125, 2, -1
125, 1, 0
125, 1, -1
125, 2, 0
125, 2, -1
125, 2, 0
125, 1, -1
125, 2, 0
125, 1, -1
125, 2, -1
125, 1, 0
125, 2, -1
125, 1, 0
125, 1, -1
125, 2, 0
125, 1, -1
125, 2, 0
125, 1, -1
125, 2, -1
125, 1, 0
125, 2, -1
125, 1, 0
125, 1, -1
125, 1, 0
125, 2, -1
125, 1, 0
125, 1, -1
125, 2, 0
125, 1, -1
125, 2, 0
125, 1, -1
125, 1, 0
125, 1, -1
125, 2, -1
125, 1, 0
125, 1, 0
125, 1, -1
125, 1, 0
125, 2, -1
125, 1, -1
125, 1, 0
125, 1, -1
125, 2, 0
125, 1, -1
125, 1, 0
125, 1, -1
125, 1, 0
125, 2, -1
247, 2, -1
128, 1, 0
125, 1, -1
125, 1, 0
125, 1, -1
125, 1, 0
125, 1, -1
125, 1, 0
125, 1, -1
125, 1, 0
124, 1, -1
127, 1, 0
125, 1, -1
124, 1, 0
124, 1, -1
126, 1, 0
125, 1, -1
126, 1, 0
124, 1, -1
125, 1, 0
125, 1, -1
125, 1, 0
125, 1, -1
125, 1, 0
125, 1, -1
247, 2, -1
250, 1, -1
128, 1, 0
125, 1, -1
231, 1, 0
152, 1, -1
118, 1, 0
125, 1, -1
125, 1, 0
124, 0, -1
125, 1, 0
125, 1, -1
125, 1, 0
125, 0, -1
125, 1, 0
125, 1, -1
125, 1, 0
125, 0, -1
125, 1, 0
125, 1, -1
247, 1, -1
128, 1, 0
125, 0, -1
125, 1, 0
125, 1, -1
248, 1, 0
127, 0, -1
125, 1, 0
125, 0, -1
125, 1, 0
125, 1, -1
247, 1, -1
250, 1, -1
250, 1, -1
250, 1, -1
250, 1, -1
250, 1, -1
250, 1, 0
128, 0, -1
247, 1, -1
250, 1, -1
251, 1, -1
250, 0, -1
127, 1, 0
125, 0, -1
413, 1, -1
209, 0, -1
128, 1, 0
125, 0, -1
247, 1, -1
250, 0, -1
413, 1, -1
212, 0, -1
250, 0, -1
128, 1, 0
125, 0, -1
248, 0, -1
250, 0, -1
418, 1, -1
206, 0, -1
250, 0, -1
250, 0, -1
415, 0, -1
210, 0, -1
250, 0, -1
250, 0, -1
416, 0, -1
209, 0, -1
251, 0, -1
250, 0, -1
413, 0, -1
211, 0, -1
250, 0, -1
376, -1, -1
128, 0, -1
411, 0, -1
91, -1, 0
245, 0, -1
249, -1, -1
250, 0, -1
250, -1, 0
129, 0, -1
247, -1, -1
400, 0, -1
227, -1, -1
247, -1, -1
251, 0, -1
132, -1, 0
123, 0, -1
122, -1, 0
246, 0, -1
128, -1, 0
125, 0, -1
125, -1, 0
247, 0, -1
128, -1, 0
125, 0, -1
125, -1, 0
247, -1, -1
251, -1, -1
250, -1, 0
127, 0, -1
125, -1, 0
125, 0, -1
125, -1, 0
125, 0, -1
125, -1, 0
247, -1, -1
250, -1, -1
128, -1, 0
125, 0, -1
247, -1, 0
128, -1, -1
249, -1, 0
126, -1, -1
247, -1, -1
251, -1, -1
128, -1, 0
246, -1, -1
128, -1, 0
128, -1, -1
244, -1, 0
128, -1, -1
247, -1, -1
128, -1, 0
247, -1, -1
128, -1, 0
125, -1, 0
125, 0, -1
125, -1, 0
125, -1, -1
125, -1, 0
125, -1, 0
125, 0, -1
125, -1, 0
125, -1, -1
247, -2, 0
128, 0, -1
125, -1, 0
125, -1, 0
125, -1, -1
125, -1, 0
125, -1, -1
247, -1, -1
128, -1, 0
125, -1, 0
125, -1, 0
125, -1, -1
125, -1, 0
125, 0, -1
125, -2, 0
247, -1, -1
128, -1, 0
125, -1, -1
125, -1, 0
125, -1, 0
125, -1, -1
125, -1, 0
125, -1, 0
125, -1, -1
125, -1, 0
125, -1, 0
125, -1, -1
125, -1, 0
125, -1, -1
125, -1, 0
125, -2, 0
247, -1, -1
128, -2, 0
125, 0, -1
125, -2, 0
125, -1, 0
125, -1, -1
125, -1, 0
125, -1, -1
125, -1, 0
125, -2, 0
125, -1, 0
125, 0, -1
125, -2, 0
125, -1, 0
125, -1, -1
125, -1, 0
125, -2, -1
125, -1, 0
125, -1, 0
125, -1, -1
125, -2, 0
125, -1, 0
125, -1, -1
125, -1, 0
125, -1, 0
125, -2, -1
125, -1, 0
375, -1, 0
125, -4, -1
125, -2, -1
125, -1, 0
125, -1, 0
125, -2, -1
125, -1, 0
125, -1, 0
125, -1, 0
125, -2, -1
125, -1, 0
125, -2, 0
125, -1, -1
125, -2, 0
125, -1, 0
125, -2, -1
125, -1, 0
125, -1, 0
125, -2, 0
125, -1, -1
125, -2, 0
125, -1, 0
125, -2, -1
125, -1, 0
125, -2, 0
125, -1, 0
125, -2, -1
125, -1, 0
125, -1, 0
125, -2, -1
125, -2, 0
125, -2, 0
125, -1, 0
126, -2, -1
129, -1, 0
122, -2, 0
126, -1, 0
123, -2, -1
124, -2, 0
125, -1, 0
125, -2, 0
125, -1, 0
125, -2, -1
125, -2, 0
125, -2, 0
125, -1, -1
125, -2, 0
125, -2, 0
125, -2, 0
125, -1, 0
125, -2, 0
125, -2, -1
125, -1, 0
125, -2, 0
125, -2, 0
125, -2, -1
125, -2, 0
125, -2, 0
125, -1, 0
125, -2, -1
125, -2, 0
125, -2, 0
125, -2, 0
125, -2, 0
125, -2, 0
125, -1, -1
125, -3, 0
125, -1, 0
125, -2, 0
126, -2, 0
125, -2, -1
124, -2, 0
125, -2, 0
125, -2, 0
161, -2, 0
120, -2, 0
123, -2, 0
96, -2, -1
125, -2, 0
125, -2, 0
126, -2, 0
124, -2, 0
125, -2, 0
125, -3, 0
125, -1, 0
125, -2, 0
125, -3, -1
125, -1, 0
125, -3, 0
125, -2, 0
125, -2, 0
125, -2, 0
125, -3, 0
125, -1, 0
126, -3, 0
124, -2, -1
125, -2, 0
125, -2, 0
125, -2, 0
125, -3, 0
126, -1, 0
124, -3, 0
125, -2, 0
125, -3, 0
125, -2, 0
126, -2, 0
124, -2, 0
125, -3, 0
125, -2, 0
125, -2, 0
125, -2, 0
126, -2, 0
124, -3, 0
127, -2, 0
124, -3, 0
124, -2, -1
125, -3, 0
125, -2, 0
125, -3, 0
125, -2, 0
125, -2, 0
125, -3, 0
125, -2, 0
125, -3, 0
125, -2, 0
125, -3, 0
125, -2, 0
126, -3, 0
124, -2, 0
125, -3, 0
125, -2, 0
233, -2, 0
19, -3, 0
127, -2, 0
121, -3, 1
125, -2, 0
125, -4, 0
125, -2, 0
126, -3, 0
125, -2, 0
124, -3, 0
125, -2, 0
125, -2, 0
125, -4, 0
126, -2, 1
125, -3, 0
124, -2, 0
126, -4, 0
124, -2, 0
125, -3, 0
126, -2, 1
125, -4, 0
124, -2, 0
126, -3, 0
124, -3, 0
125, -2, 0
126, -3, 1
125, -2, 0
126, -4, 0
125, -2, 0
125, -4, 0
125, -2, 0
125, -3, 1
125, -3, 0
126, -3, 0
128, -2, 0
121, -3, 0
127, -3, 1
124, -2, 0
126, -4, 0
124, -2, 1
126, -4, 0
123, -2, 0
127, -4, 0
123, -2, 1
127, -4, 0
123, -2, 0
127, -2, 0
123, -4, 1
127, -2, 0
124, -4, 0
128, -2, 1
121, -4, 0
125, -2, 0
125, -4, 1
125, -2, 0
126, -4, 0
125, -3, 1
125, -2, 0
125, -4, 1
126, -2, 0
123, -4, 0
127, -3, 1
123, -4, 0
126, -2, 0
124, -4, 1
125, -2, 0
126, -4, 0
125, -3, 1
125, -4, 0
124, -2, 1
126, -3, 0
124, -4, 1
127, -2, 0
122, -4, 0
128, -3, 1
129, -4, 0
120, -2, 1
124, -4, 0
126, -3, 1
125, -4, 0
124, -3, 0
126, -2, 1
124, -4, 0
127, -3, 1
123, -4, 0
126, -3, 1
124, -4, 0
127, -3, 1
123, -4, 0
126, -2, 1
124, -4, 0
126, -3, 1
125, -3, 0
125, -4, 1
125, -3, 0
124, -4, 1
126, -3, 0
124, -4, 1
127, -3, 0
123, -4, 1
126, -3, 0
124, -4, 1
126, -3, 0
125, -2, 1
125, -5, 0
124, -2, 1
126, -5, 1
124, -3, 0
126, -4, 1
125, -3, 0
125, -4, 1
125, -3, 0
125, -4, 1
125, -3, 1
124, -3, 0
127, -4, 1
123, -3, 0
128, -5, 1
122, -2, 1
127, -5, 0
123, -3, 1
126, -4, 1
126, -3, 0
124, -5, 1
124, -3, 0
126, -4, 1
125, -3, 1
125, -3, 0
125, -5, 1
125, -3, 1
125, -4, 0
124, -3, 1
127, -5, 1
275, -3, 0
223, -5, 1
126, -10, 2
125, -3, 1
125, -5, 1
126, -3, 0
123, -5, 1
127, -3, 1
124, -4, 0
125, -4, 1
124, -4, 1
126, -3, 0
124, -5, 1
125, -3, 1
125, -3, 0
126, -5, 1
125, -3, 1
125, -5, 1
125, -3, 1
124, -5, 0
131, -3, 1
120, -4, 1
125, -4, 0
124, -4, 1
126, -4, 1
123, -3, 1
126, -5, 0
125, -3, 1
125, -5, 1
126, -3, 1
123, -5, 0
127, -3, 1
124, -5, 1
125, -3, 1
124, -5, 1
126, -3, 0
125, -5, 1
125, -3, 1
126, -4, 0
124, -4, 1
126, -4, 1
123, -5, 1
126, -3, 1
126, -5, 1
124, -3, 0
124, -5, 1
124, -4, 1
125, -5, 1
125, -3, 1
126, -3, 0
128, -5, 1
123, -4, 1
126, -5, 1
124, -3, 1
123, -5, 1
125, -3, 0
126, -5, 1
125, -4, 1
125, -5, 1
124, -3, 1
125, -5, 1
125, -4, 0
126, -3, 1
124, -5, 1
126, -4, 1
124, -5, 1
126, -3, 1
124, -6, 1
125, -3, 0
125, -5, 2
126, -4, 0
124, -4, 1
125, -4, 1
125, -3, 1
126, -6, 1
124, -3, 1
126, -5, 1
124, -4, 0
125, -5, 1
125, -4, 1
125, -5, 1
125, -3, 1
125, -6, 1
125, -3, 0
126, -4, 1
124, -5, 1
125, -3, 1
125, -6, 1
125, -3, 1
125, -6, 1
125, -3, 1
125, -6, 1
129, -3, 0
123, -5, 2
126, -4, 0
123, -5, 1
124, -4, 1
125, -3, 1
125, -6, 1
125, -3, 1
125, -6, 1
126, -3, 1
124, -6, 1
125, -3, 1
125, -6, 1
125, -4, 0
125, -5, 2
125, -4, 0
125, -3, 1
125, -6, 1
125, -3, 1
125, -6, 1
125, -3, 1
125, -6, 1
126, -4, 1
125, -5, 1
124, -4, 1
125, -5, 1
127, -4, 0
124, -4, 1
124, -5, 1
125, -4, 1
125, -5, 1
125, -4, 1
125, -6, 1
125, -3, 1
125, -6, 1
126, -4, 1
124, -5, 1
125, -4, 1
125, -4, 1
309, -5, 1
198, -4, 1
119, -15, 3
124, -4, 1
125, -5, 1
125, -4, 1
125, -6, 1
125, -3, 1
125, -4, 1
125, -6, 1
125, -3, 1
125, -6, 1
125, -4, 1
125, -5, 1
126, -4, 1
124, -6, 1
125, -4, 1
125, -5, 1
125, -4, 1
125, -4, 1
125, -6, 1
125, -3, 1
125, -6, 1
125, -4, 1
125, -5, 1
125, -4, 1
125, -6, 1
125, -4, 1
125, -6, 1
125, -3, 1
125, -6, 1
125, -4, 1
125, -4, 1
125, -6, 1
125, -3, 1
125, -6, 1
125, -4, 1
125, -6, 1
125, -3, 1
125, -6, 1
125, -4, 1
128, -6, 2
122, -4, 0
125, -3, 1
125, -6, 1
125, -4, 1
125, -6, 2
125, -4, 0
126, -5, 2
124, -4, 1
125, -6, 1
125, -4, 1
125, -6, 1
125, -4, 1
125, -4, 1
124, -5, 1
126, -4, 1
125, -6, 1
125, -4, 1
125, -6, 1
125, -4, 1
125, -5, 1
125, -4, 1
125, -6, 1
125, -4, 1
124, -4, 1
126, -6, 1
125, -4, 1
125, -5, 1
125, -5, 1
125, -5, 1
125, -4, 1
125, -6, 1
124, -4, 1
126, -6, 1
125, -4, 1
124, -6, 2
126, -4, 0
124, -4, 1
125, -6, 1
126, -3, 1
124, -6, 2
125, -4, 1
126, -6, 1
125, -4, 0
124, -6, 2
125, -4, 1
125, -6, 1
125, -4, 1
125, -4, 0
125, -5, 2
125, -4, 1
126, -6, 1
124, -4, 1
125, -6, 1
125, -4, 1
125, -6, 1
125, -4, 1
125, -6, 1
125, -4, 1
126, -4, 1
125, -6, 1
124, -4, 1
125, -6, 1
125, -4, 1
125, -6, 1
125, -4, 1
125, -5, 2
125, -4, 0
125, -6, 2
125, -4, 1
125, -4, 0
125, -6, 2
125, -4, 1
126, -6, 1
124, -4, 1
125, -6, 1
126, -4, 1
124, -6, 1
125, -4, 1
125, -6, 1
125, -4, 1
125, -4, 1
125, -5, 1
125, -4, 1
126, -6, 1
124, -4, 1
125, -6, 1
125, -4, 1
126, -6, 1
124, -4, 1
125, -6, 1
230, -4, 1
22, -6, 1
132, -4, 1
116, -4, 1
127, -6, 1
124, -4, 1
124, -6, 1
125, -4, 1
125, -6, 1
125, -4, 1
125, -6, 1
126, -4, 1
124, -6, 1
125, -4, 1
125, -4, 1
125, -6, 1
125, -4, 1
125, -5, 1
125, -4, 1
125, -6, 1
125, -4, 1
125, -6, 1
126, -4, 1
124, -6, 1
125, -4, 1
125, -4, 1
126, -6, 1
124, -4, 1
125, -6, 1
125, -4, 1
125, -6, 1
125, -4, 1
125, -6, 1
125, -4, 1
125, -6, 1
125, -4, 1
125, -3, 0
125, -6, 2
125, -4, 1
125, -6, 1
125, -4, 1
125, -6, 1
125, -4, 1
125, -6, 1
126, -4, 1
124, -6, 1
125, -3, 0
125, -4, 1
125, -6, 1
125, -4, 1
125, -6, 1
125, -4, 1
125, -6, 1
125, -4, 1
125, -6, 1
125, -4, 1
125, -6, 1
125, -3, 1
125, -6, 1
125, -4, 1
125, -4, 1
125, -6, 1
125, -4, 1
125, -6, 1
126, -3, 1
124, -6, 1
125, -4, 1
125, -6, 1
125, -4, 1
125, -6, 1
125, -3, 1
125, -4, 0
125, -6, 2
125, -4, 0
125, -6, 1
125, -4, 1
125, -5, 1
125, -4, 1
125, -6, 1
125, -4, 1
125, -6, 1
125, -4, 1
125, -4, 1
125, -5, 1
125, -4, 1
125, -6, 1
125, -4, 1
125, -6, 1
125, -3, 1
125, -6, 1
125, -4, 1
125, -6, 1
125, -4, 1
125, -3, 0
125, -6, 1
125, -4, 1
125, -6, 1
125, -4, 1
125, -5, 1
125, -4, 1
125, -6, 1
126, -4, 1
124, -5, 1
126, -4, 1
124, -4, 0
125, -6, 2
125, -4, 0
125, -5, 1
125, -4, 1
125, -6, 1
125, -4, 1
125, -5, 1
125, -4, 1
125, -6, 1
125, -3, 1
125, -6, 1
126, -4, 0
125, -4, 1
125, -5, 1
124, -4, 1
125, -6, 1
125, -4, 1
125, -5, 1
125, -4, 1
125, -6, 1
125, -3, 1
125, -6, 1
125, -4, 0
125, -3, 1
125, -6, 1
125, -4, 1
125, -6, 1
125, -3, 1
272, -6, 1
228, -4, 1
125, -14, 3
125, -4, 0
125, -4, 1
126, -5, 1
124, -4, 1
125, -5, 1
125, -4, 1
125, -6, 1
125, -3, 0
125, -6, 2
125, -4, 0
125, -5, 1
125, -4, 1
130, -3, 1
122, -6, 1
125, -4, 0
123, -5, 2
125, -4, 0
125, -5, 1
126, -4, 1
124, -6, 1
125, -3, 1
126, -5, 1
124, -4, 1
125, -4, 0
125, -5, 1
125, -4, 1
125, -5, 1
125, -4, 1
128, -5, 1
122, -4, 1
125, -5, 1
125, -4, 0
125, -5, 1
125, -4, 1
125, -3, 1
125, -6, 1
125, -3, 1
125, -6, 0
125, -3, 1
125, -6, 1
127, -3, 1
123, -6, 1
125, -3, 1
125, -6, 1
125, -3, 0
125, -5, 1
125, -4, 1
125, -3, 1
125, -6, 1
125, -3, 0
125, -6, 1
125, -3, 1
126, -6, 1
124, -3, 1
125, -5, 1
125, -4, 0
125, -5, 1
125, -4, 1
125, -3, 1
125, -6, 1
125, -3, 0
125, -5, 1
125, -4, 1
125, -5, 1
125, -3, 1
125, -6, 1
125, -3, 1
125, -5, 0
125, -4, 1
125, -3, 1
125, -5, 1
125, -4, 1
125, -5, 1
125, -3, 0
125, -6, 1
125, -3, 1
125, -5, 1
125, -4, 1
125, -5, 1
125, -3, 0
125, -4, 1
125, -5, 1
125, -3, 0
125, -5, 2
125, -3, 0
125, -6, 1
125, -3, 1
125, -5, 1
125, -3, 0
125, -5, 2
125, -4, 0
125, -5, 1
125, -3, 1
125, -4, 0
125, -5, 1
125, -3, 1
125, -5, 1
125, -3, 1
125, -5, 1
125, -4, 0
125, -4, 1
125, -4, 1
125, -5, 1
125, -3, 0
125, -3, 1
125, -5, 1
125, -3, 1
126, -5, 1
124, -3, 0
126, -5, 1
124, -3, 1
125, -5, 1
125, -4, 0
125, -5, 1
125, -3, 1
125, -3, 1
125, -5, 1
125, -3, 0
125, -5, 1
125, -3, 1
125, -5, 1
126, -3, 0
124, -5, 1
125, -3, 1
126, -5, 1
126, -3, 0
125, -3, 1
126, -5, 1
319, -3, 1
179, -5, 1
124, -11, 2
127, -5, 0
129, -3, 1
122, -4, 1
128, -4, 1
121, -3, 0
126, -4, 1
125, -4, 1
125, -4, 1
126, -3, 0
129, -5, 1
125, -3, 1
123, -5, 0
124, -3, 1
125, -4, 1
124, -3, 1
126, -5, 1
122, -3, 0
125, -3, 1
126, -5, 1
124, -3, 0
129, -4, 1
122, -3, 1
126, -5, 0
124, -3, 1
124, -4, 1
125, -3, 0
123, -5, 1
125, -3, 1
125, -3, 0
125, -4, 1
125, -3, 1
125, -5, 1
125, -3, 0
125, -4, 1
125, -3, 1
125, -4, 1
126, -3, 0
125, -5, 1
125, -3, 1
126, -3, 0
124, -4, 1
127, -3, 1
124, -4, 1
124, -3, 0
125, -4, 1
126, -3, 0
124, -5, 1
125, -2, 1
125, -5, 1
125, -2, 0
125, -3, 1
125, -4, 0
125, -4, 1
125, -4, 1
125, -3, 0
125, -4, 1
125, -3, 1
125, -4, 1
125, -3, 0
125, -4, 1
125, -2, 0
125, -3, 1
125, -4, 1
125, -3, 0
126, -4, 1
124, -3, 1
125, -4, 0
126, -3, 1
125, -4, 1
124, -3, 0
125, -4, 1
127, -2, 0
126, -3, 1
123, -4, 1
124, -3, 0
125, -4, 1
125, -2, 0
125, -5, 1
125, -2, 1
125, -4, 0
125, -3, 1
125, -4, 1
125, -2, 0
125, -4, 1
125, -3, 0
125, -3, 1
125, -3, 1
125, -3, 0
125, -4, 1
125, -3, 0
125, -3, 1
125, -3, 1
125, -4, 0
125, -2, 1
125, -4, 0
125, -3, 1
125, -2, 0
125, -4, 1
126, -3, 1
124, -3, 0
125, -3, 1
126, -4, 0
124, -2, 1
125, -4, 1
128, -2, 0
123, -4, 1
123, -2, 0
126, -3, 1
124, -3, 0
126, -3, 1
124, -4, 0
126, -2, 1
125, -4, 1
124, -2, 0
133, -4, 1
122, -2, 0
125, -3, 1
123, -3, 0
125, -2, 1
125, -4, 0
125, -2, 1
125, -3, 0
125, -3, 1
125, -3, 0
131, -3, 1
119, -3, 1
125, -2, 0
125, -3, 1
125, -3, 0
247, -2, 0
251, -3, 1
124, -8, 1
128, -3, 1
126, -2, 0
124, -4, 1
127, -2, 0
124, -3, 1
129, -2, 1
121, -4, 0
124, -2, 0
127, -2, 1
126, -3, 0
124, -2, 1
126, -3, 0
124, -2, 1
126, -4, 0
124, -2, 1
126, -3, 0
124, -2, 1
126, -3, 0
124, -2, 1
127, -2, 0
126, -3, 1
123, -2, 0
124, -3, 1
126, -2, 0
125, -3, 0
124, -2, 1
125, -3, 0
122, -2, 1
125, -3, 0
126, -2, 1
123, -2, 0
124, -3, 0
125, -2, 1
125, -3, 0
126, -2, 1
124, -2, 0
125, -2, 0
125, -3, 1
125, -2, 0
125, -3, 1
125, -2, 0
125, -1, 0
125, -3, 1
125, -2, 0
126, -3, 1
128, -2, 0
121, -2, 0
125, -2, 1
125, -3, 0
125, -1, 0
125, -3, 1
125, -2, 0
125, -1, 1
125, -3, 0
125, -2, 0
125, -2, 1
125, -2, 0
125, -3, 0
125, -1, 1
125, -3, 0
132, -1, 1
122, -3, 0
124, -2, 0
125, -2, 1
125, -2, 0
125, -1, 0
125, -3, 1
127, -1, 0
126, -3, 0
126, -1, 1
145, -2, 0
107, -2, 0
127, -2, 1
126, -2, 0
124, -2, 0
121, -2, 0
126, -1, 1
124, -2, 0
127, -2, 0
124, -2, 1
122, -1, 0
124, -2, 0
126, -2, 0
125, -2, 1
124, -1, 0
127, -3, 0
124, -1, 0
126, -1, 1
123, -2, 0
128, -1, 0
124, -3, 1
124, -1, 0
126, -2, 0
125, -1, 0
124, -2, 1
125, -2, 0
127, -2, 0
124, -1, 0
124, -1, 1
124, -2, 0
132, -1, 0
114, -2, 0
126, -1, 1
124, -2, 0
126, -1, 0
125, -2, 0
125, -1, 0
127, -2, 1
124, -1, 0
125, -1, 0
127, -2, 0
123, -1, 1
126, -2, 0
123, -1, 0
125, -2, 0
125, -1, 0
124, -1, 1
126, -1, 0
124, -2, 0
127, -1, 0
124, -1, 0
125, -1, 0
126, -1, 1
124, -2, 0
126, -1, 0
124, -1, 0
125, -1, 0
124, -2, 1
284, -1, 0
217, -1, 0
125, -3, 0
124, -1, 0
125, -1, 1
133, -1, 0
120, -1, 0
127, -1, 0
134, -2, 0
245, -1, 0
120, -1, 1
124, -1, 0
126, -1, 0
124, -1, 0
125, -1, 0
125, -1, 0
125, -1, 0
125, 0, 1
126, -1, 0
133, -1, 0
117, -1, 0
124, -1, 0
125, -1, 0
249, -1, 0
145, -1, 0
233, -1, 0
128, -1, 1
124, -1, 0
244, -1, 0
250, -1, 0
131, -1, 0
246, -1, 0
248, -1, 0
287, -1, 0
93, -1, 0
131, 0, 1
240, -1, 0
249, -1, 0
248, -1, 0
375, -1, 0
249, -1, 0
530, -1, 0
502, -1, 0
745, -1, 0
3653, 1, 0
324, 1, 0
500, 1, 0
378, 1, 0
371, 1, 0
135, 0, -1
239, 1, 0
251, 1, 0
249, 1, 0
251, 1, 0
248, 1, 0
250, 1, 0
129, 1, 0
246, 1, -1
251, 1, 0
127, 1, 0
448, 1, 0
177, 1, 0
125, 2, 0
124, 0, -1
126, 1, 0
123, 1, 0
248, 1, 0
127, 1, 0
126, 1, 0
124, 1, 0
126, 1, -1
247, 1, 0
128, 1, 0
126, 1, 0
124, 1, 0
126, 1, 0
124, 1, 0
125, 1, -1
125, 1, 0
248, 2, 0
249, 2, 0
127, 0, -1
125, 2, 0
248, 1, 0
128, 2, 0
247, 2, 0
128, 1, 0
133, 1, -1
140, 1, 0
113, 1, 0
124, 1, 0
124, 2, 0
121, 1, -1
134, 1, 0
117, 1, 0
126, 1, 0
124, 2, 0
162, 1, 0
104, 2, -1
116, 1, 0
127, 1, 0
142, 1, 0
108, 2, 0
115, 1, -1
125, 2, 0
124, 1, 0
125, 1, 0
125, 1, 0
125, 2, -1
124, 1, 0
126, 2, 0
125, 1, 0
125, 2, -1
124, 1, 0
125, 1, 0
125, 2, 0
122, 2, 0
131, 1, -1
118, 2, 0
126, 1, 0
124, 2, 0
125, 1, -1
127, 2, 0
129, 1, 0
121, 2, 0
127, 2, -1
125, 2, 0
124, 1, 0
123, 1, 0
125, 2, -1
127, 2, 0
124, 2, 0
126, 1, 0
124, 2, -1
128, 2, 0
122, 2, 0
125, 1, 0
124, 3, -1
125, 1, 0
124, 1, 0
126, 3, -1
125, 1, 0
125, 2, 0
125, 2, 0
125, 2, -1
125, 2, 0
125, 2, 0
128, 1, -1
122, 3, 0
125, 1, 0
125, 2, 0
125, 2, -1
125, 2, 0
124, 3, 0
127, 1, 0
128, 3, -1
122, 1, 0
124, 3, 0
125, 1, -1
125, 3, 0
125, 2, 0
124, 1, 0
125, 3, -1
126, 2, 0
125, 2, -1
125, 2, 0
124, 3, 0
125, 1, 0
128, 3, -1
122, 2, 0
125, 2, 0
126, 2, -1
124, 3, 0
125, 2, 0
125, 1, 0
126, 3, -1
124, 2, 0
125, 3, -1
125, 1, 0
126, 3, 0
124, 2, 0
126, 3, -1
125, 2, 0
128, 3, 0
125, 2, -1
124, 2, 0
244, 2, 0
256, 2, 0
124, 8, -1
124, 2, -1
125, 3, 0
126, 2, 0
125, 3, -1
124, 2, 0
125, 2, 0
125, 3, -1
125, 3, 0
125, 2, 0
125, 3, -1
125, 3, 0
125, 2, 0
125, 3, -1
125, 2, 0
125, 3, 0
139, 2, -1
115, 3, 0
125, 3, -1
125, 2, 0
136, 3, 0
114, 2, -1
125, 3, 0
125, 3, 0
144, 3, -1
105, 2, 0
126, 3, 0
125, 3, -1
125, 2, 0
125, 3, -1
125, 2, 0
125, 4, 0
125, 2, 0
127, 3, -1
124, 3, -1
123, 3, 0
126, 2, 0
125, 4, 0
125, 2, -1
124, 2, 0
128, 4, -1
124, 2, 0
127, 4, 0
184, 2, -1
67, 4, 0
124, 2, -1
132, 4, 0
112, 2, 0
125, 4, -1
124, 2, 0
126, 3, 0
124, 3, -1
125, 3, 0
125, 3, -1
124, 3, 0
125, 3, -1
125, 3, 0
126, 4, 0
125, 2, -1
125, 4, 0
125, 3, -1
125, 2, 0
124, 4, -1
127, 2, 0
123, 4, 0
126, 3, -1
124, 4, 0
125, 2, -1
125, 4, 0
127, 3, -1
123, 4, 0
125, 2, 0
126, 3, -1
141, 4, 0
108, 3, -1
125, 3, 0
126, 3, -1
125, 4, 0
124, 3, -1
125, 4, 0
126, 2, -1
125, 4, 0
125, 3, 0
124, 3, -1
125, 4, 0
125, 3, -1
125, 4, 0
128, 2, 0
124, 4, -1
123, 3, 0
125, 4, -1
126, 3, 0
145, 4, -1
111, 3, 0
122, 3, -1
123, 4, 0
125, 3, -1
125, 4, 0
125, 3, 0
124, 4, -1
126, 3, 0
133, 4, -1
117, 3, 0
125, 4, -1
125, 3, 0
125, 3, -1
126, 4, 0
125, 3, -1
125, 4, 0
125, 3, -1
125, 5, 0
125, 3, -1
125, 4, 0
132, 3, -1
118, 5, 0
125, 3, -1
122, 3, 0
125, 4, -1
125, 3, 0
125, 4, -1
126, 3, 0
124, 5, -1
126, 3, 0
125, 4, -1
125, 3, 0
125, 5, -1
124, 3, 0
125, 4, -1
125, 3, 0
331, 4, -1
175, 4, 0
122, 11, -2
123, 5, 0
124, 3, -1
126, 4, 0
124, 3, -1
125, 5, 0
125, 3, -1
125, 3, 0
125, 5, -1
125, 3, 0
125, 5, -1
125, 3, 0
125, 5, -1
124, 3, 0
126, 5, -1
124, 3, -1
126, 5, 0
124, 3, -1
126, 3, 0
125, 5, -1
125, 3, 0
125, 5, -1
134, 3, 0
132, 5, -1
137, 3, 0
112, 5, -1
117, 3, 0
125, 5, -1
124, 4, 0
126, 3, -1
125, 5, 0
123, 3, -1
125, 5, 0
125, 3, -1
124, 5, 0
124, 4, -1
125, 5, -1
126, 3, 0
125, 5, 0
125, 3, -1
125, 4, 0
125, 5, -1
135, 3, -1
119, 5, 0
124, 3, -1
126, 5, 0
127, 4, -1
121, 5, 0
125, 3, -1
126, 5, 0
124, 4, -1
122, 5, 0
124, 3, -1
130, 4, 0
129, 5, -1
120, 3, -1
131, 6, 0
133, 3, -1
111, 5, 0
123, 4, -1
127, 5, -1
124, 3, 0
126, 6, -1
123, 3, 0
124, 4, 0
124, 5, -1
125, 3, -1
126, 5, 0
124, 4, -1
126, 5, 0
124, 4, -1
125, 5, -1
126, 3, 0
126, 6, -1
123, 3, 0
125, 4, -1
126, 5, -1
131, 4, 0
118, 5, -1
124, 3, 0
125, 6, -1
136, 3, 0
116, 6, -1
129, 3, 0
147, 6, -1
106, 3, 0
126, 6, -1
122, 3, -1
126, 4, 0
121, 5, -1
126, 4, 0
128, 5, -1
123, 4, 0
128, 5, -1
121, 4, 0
129, 6, -1
123, 3, -1
123, 6, 0
145, 3, -1
107, 4, 0
124, 6, -1
123, 3, 0
125, 6, -1
129, 4, 0
121, 5, -1
124, 4, -1
128, 5, 0
123, 4, -1
125, 6, 0
126, 3, -1
126, 4, 0
123, 6, -1
122, 4, -1
124, 5, 0
127, 4, -1
126, 6, 0
126, 3, -1
126, 6, -1
126, 4, 0
127, 5, -1
119, 4, 0
126, 4, -1
125, 6, 0
125, 3, -1
128, 6, 0
123, 4, -1
123, 5, -1
124, 4, 0
126, 6, -1
358, 4, 0
273, 5, -1
122, 18, -2
125, 5, -1
124, 4, 0
128, 6, -1
128, 4, 0
122, 5, -1
122, 4, -1
125, 6, 0
126, 4, -1
127, 6, -1
121, 3, 0
125, 4, -1
122, 6, 0
126, 4, -1
124, 6, -1
126, 4, 0
125, 6, -1
124, 3, 0
126, 6, -1
124, 4, 0
126, 6, -1
124, 4, -1
125, 4, 0
126, 5, -1
137, 4, 0
118, 6, -1
137, 4, -1
111, 6, 0
125, 4, -1
129, 6, -1
127, 3, 0
126, 7, -1
124, 4, 0
121, 3, -1
127, 6, -1
122, 4, 0
125, 6, -1
126, 4, 0
124, 6, -1
124, 4, 0
127, 6, -1
125, 3, -1
130, 6, 0
120, 4, -1
139, 4, -1
110, 6, 0
137, 4, -1
115, 6, 0
139, 4, -1
117, 6, -1
122, 4, 0
123, 6, -1
122, 4, 0
125, 6, -1
124, 4, -1
122, 4, 0
126, 6, -1
124, 4, 0
125, 6, -1
125, 4, -1
125, 6, 0
126, 4, -1
125, 6, -1
124, 4, 0
128, 6, -1
130, 4, 0
128, 6, -1
121, 4, -1
124, 4, 0
124, 6, -1
122, 4, 0
128, 6, -1
122, 4, -1
126, 6, 0
124, 4, -1
123, 6, -1
127, 4, 0
123, 6, -1
125, 4, 0
125, 4, -1
125, 6, -1
126, 4, 0
125, 6, -1
125, 5, 0
125, 6, -1
125, 4, 0
124, 6, -1
125, 4, -1
126, 6, -1
124, 4, 0
125, 4, -1
125, 6, 0
125, 4, -1
125, 6, -1
125, 4, 0
125, 6, -1
127, 4, 0
124, 6, -1
126, 4, -1
123, 7, 0
125, 4, -1
126, 4, -1
124, 6, 0
126, 4, -1
124, 6, -1
125, 4, 0
125, 6, -1
125, 4, -1
125, 6, 0
125, 5, -1
125, 6, -1
125, 4, 0
125, 4, -1
125, 6, -1
127, 4, 0
123, 6, -1
124, 4, 0
125, 6, -1
126, 4, -1
125, 6, 0
124, 4, -1
125, 6, -1
126, 4, 0
125, 7, -1
124, 4, -1
126, 4, 0
124, 6, -1
125, 4, 0
125, 6, -1
242, 4, -1
264, 6, 0
122, 14, -2
125, 7, -1
124, 4, -1
124, 4, 0
124, 6, -1
125, 4, 0
126, 6, -1
125, 4, -1
126, 6, -1
124, 4, 0
125, 6, -1
125, 4, 0
124, 6, -1
125, 5, 0
125, 4, -1
126, 6, -1
125, 4, 0
138, 6, -1
116, 4, 0
125, 6, -1
125, 4, -1
125, 6, -1
125, 4, 0
126, 6, -1
124, 4, 0
125, 7, -1
125, 4, -1
125, 4, 0
126, 6, -1
124, 4, 0
127, 6, -1
125, 4, -1
124, 6, 0
127, 4, -1
124, 6, -1
123, 4, 0
127, 6, -1
123, 4, -1
125, 5, 0
126, 6, -1
124, 4, 0
125, 6, -1
129, 4, -1
122, 6, -1
125, 4, 0
127, 6, -1
118, 4, 0
125, 6, -1
124, 4, -1
125, 4, 0
127, 6, -1
124, 4, -1
125, 6, -1
125, 4, 0
125, 6, -1
125, 4, 0
125, 6, -1
124, 4, -1
126, 6, -1
125, 5, 0
124, 5, -1
125, 5, 0
126, 4, -1
125, 6, -1
124, 4, 0
126, 6, -1
125, 4, 0
125, 6, -1
124, 4, -1
125, 6, 0
125, 4, -1
125, 6, -1
127, 4, 0
123, 4, -1
125, 6, -1
125, 4, 0
129, 6, -1
122, 4, 0
124, 6, -1
136, 4, -1
120, 6, -1
124, 4, 0
127, 5, -1
122, 5, -1
124, 3, 0
125, 6, -1
125, 4, 0
124, 6, -1
125, 4, -1
125, 6, 0
125, 4, -1
125, 6, -1
125, 4, 0
125, 6, -1
125, 4, 0
125, 4, -1
126, 6, -1
124, 4, 0
126, 6, -1
124, 3, 0
126, 6, -1
124, 4, -1
125, 6, -1
125, 4, 0
125, 6, -1
125, 4, 0
125, 4, -1
126, 6, -1
124, 4, 0
125, 5, -1
125, 4, 0
125, 6, -1
125, 4, -1
125, 6, 0
125, 4, -1
125, 5, -1
125, 4, 0
125, 4, -1
125, 6, 0
125, 4, -1
125, 6, -1
125, 4, 0
125, 5, -1
125, 4, 0
125, 6, -1
128, 4, -1
124, 6, -1
124, 3, 0
124, 6, -1
284, 4, -1
216, 4, 0
123, 15, -2
125, 4, 0
125, 5, -1
127, 4, -1
123, 6, 0
125, 4, -1
125, 6, -1
125, 3, 0
125, 4, -1
125, 6, -1
125, 4, 0
125, 5, -1
125, 4, 0
127, 6, -1
125, 4, -1
124, 5, 0
125, 4, -1
124, 6, -1
125, 3, 0
140, 4, -1
120, 6, 0
123, 3, -1
125, 6, -1
124, 3, 0
125, 6, -1
124, 4, 0
126, 5, -1
125, 4, 0
124, 6, -1
125, 3, -1
125, 4, 0
125, 6, -1
126, 3, 0
125, 6, -1
124, 3, -1
125, 6, 0
126, 4, -1
124, 5, -1
125, 4, 0
125, 5, -1
125, 4, 0
125, 3, -1
125, 6, -1
125, 4, 0
125, 5, -1
126, 4, 0
125, 5, -1
122, 4, 0
122, 5, -1
125, 4, -1
124, 5, 0
125, 3, -1
126, 4, 0
124, 5, -1
125, 4, -1
125, 5, 0
126, 4, -1
125, 5, -1
124, 4, 0
126, 5, -1
124, 3, 0
126, 6, -1
125, 3, -1
124, 4, 0
125, 5, -1
125, 3, 0
126, 6, -1
125, 3, -1
124, 5, 0
126, 4, -1
124, 5, 0
125, 3, -1
126, 6, -1
125, 3, 0
125, 5, -1
125, 4, -1
124, 3, 0
125, 5, -1
125, 4, 0
126, 5, -1
124, 3, 0
126, 5, -1
125, 4, -1
124, 5, 0
125, 3, -1
126, 5, -1
124, 4, 0
126, 3, -1
124, 5, 0
126, 3, -1
124, 5, 0
125, 4, -1
126, 5, 0
124, 3, -1
126, 5, -1
124, 4, 0
126, 5, -1
124, 3, 0
125, 3, -1
126, 5, 0
125, 3, -1
124, 5, 0
125, 4, -1
126, 5, -1
124, 3, 0
125, 4, -1
125, 4, 0
126, 5, -1
124, 3, 0
125, 3, -1
125, 5, -1
125, 3, 0
125, 5, -1
125, 3, 0
126, 5, -1
124, 3, 0
136, 5, -1
114, 3, 0
125, 5, -1
125, 3, -1
125, 3, 0
126, 5, -1
124, 3, 0
125, 5, -1
125, 3, 0
127, 4, -1
124, 4, 0
124, 4, -1
126, 3, 0
304, 5, -1
199, 3, -1
123, 11, -1
123, 5, -1
125, 3, 0
125, 4, -1
125, 3, -1
124, 5, 0
126, 3, -1
125, 5, 0
125, 2, -1
125, 4, 0
125, 4, -1
125, 3, 0
125, 5, -1
125, 3, 0
125, 4, -1
125, 3, 0
124, 4, -1
126, 3, 0
125, 5, -1
125, 3, 0
124, 3, -1
126, 4, 0
125, 3, -1
125, 4, -1
125, 3, 0
125, 5, -1
125, 3, 0
125, 4, -1
125, 3, 0
125, 4, -1
125, 3, 0
125, 4, -1
125, 3, 0
125, 3, -1
125, 4, 0
125, 3, -1
125, 4, -1
124, 2, 0
126, 5, 0
124, 3, -1
125, 4, 0
126, 2, -1
125, 5, -1
125, 2, 0
125, 3, 0
125, 4, -1
126, 3, 0
124, 4, -1
125, 3, 0
125, 4, -1
125, 3, 0
125, 4, -1
125, 2, 0
124, 4, -1
126, 3, 0
125, 3, -1
138, 4, 0
123, 2, -1
122, 4, 0
125, 3, -1
123, 4, 0
126, 2, -1
124, 5, 0
126, 2, -1
124, 4, 0
125, 3, -1
126, 2, 0
130, 4, -1
124, 3, 0
127, 3, 0
117, 3, -1
126, 4, 0
124, 2, -1
125, 4, 0
125, 3, -1
125, 3, 0
125, 3, -1
125, 4, 0
125, 2, -1
125, 3, 0
125, 3, -1
125, 3, 0
125, 4, -1
125, 2, 0
122, 4, -1
124, 2, 0
124, 4, -1
126, 2, 0
124, 4, 0
125, 2, -1
125, 3, 0
126, 3, -1
124, 3, 0
125, 3, -1
125, 3, 0
125, 3, 0
125, 3, -1
126, 3, -1
124, 2, 0
126, 4, 0
124, 2, -1
125, 3, 0
125, 3, -1
125, 2, 0
125, 4, 0
126, 2, -1
124, 4, 0
125, 2, -1
125, 3, 0
126, 2, -1
124, 4, 0
125, 2, -1
125, 2, 0
125, 4, 0
125, 2, -1
125, 3, 0
125, 3, -1
125, 3, 0
125, 2, 0
125, 3, -1
125, 3, 0
126, 3, -1
124, 2, 0
125, 3, -1
125, 3, 0
125, 2, 0
126, 3, -1
125, 2, 0
124, 3, 0
126, 2, -1
230, 3, 0
21, 3, -1
133, 3, 0
115, 2, 0
131, 3, -1
120, 2, 0
125, 2, 0
127, 3, -1
125, 2, 0
127, 3, -1
124, 2, 0
122, 3, -1
125, 2, 0
124, 3, 0
125, 2, -1
125, 4, 0
125, 2, 0
130, 1, -1
128, 3, 0
118, 2, 0
124, 3, -1
126, 2, 0
125, 3, -1
124, 2, 0
126, 3, -1
124, 2, 0
125, 3, 0
125, 2, -1
125, 2, 0
125, 2, 0
125, 2, -1
125, 3, 0
125, 2, 0
125, 3, -1
125, 1, 0
125, 3, -1
125, 2, 0
125, 3, 0
125, 1, -1
125, 2, 0
125, 3, 0
125, 2, -1
125, 2, 0
125, 2, 0
125, 3, -1
125, 2, 0
125, 2, -1
125, 2, 0
125, 3, 0
126, 1, 0
124, 2, -1
125, 2, 0
125, 2, 0
125, 3, -1
125, 1, 0
125, 3, -1
125, 2, 0
125, 2, 0
125, 2, -1
125, 2, 0
125, 2, 0
125, 1, -1
125, 3, 0
125, 1, 0
129, 3, -1
121, 1, 0
125, 3, 0
125, 1, -1
125, 3, 0
125, 1, 0
125, 3, -1
128, 1, 0
124, 2, 0
123, 2, 0
125, 2, -1
125, 2, 0
125, 1, 0
125, 2, -1
125, 2, 0
125, 2, 0
125, 2, 0
125, 2, -1
125, 1, 0
125, 3, -1
125, 1, 0
125, 1, 0
125, 2, -1
125, 2, 0
125, 2, 0
125, 1, -1
125, 3, 0
125, 1, 0
125, 2, 0
125, 1, -1
125, 2, 0
125, 2, 0
125, 1, 0
125, 2, -1
125, 1, 0
125, 2, 0
126, 2, -1
124, 1, 0
125, 2, 0
125, 2, -1
125, 1, 0
125, 2, 0
125, 1, 0
125, 1, -1
125, 2, 0
125, 1, 0
125, 2, -1
125, 1, 0
125, 2, 0
125, 1, 0
125, 2, -1
125, 1, 0
125, 2, 0
127, 1, 0
126, 2, -1
122, 1, 0
125, 1, 0
125, 2, -1
125, 1, 0
125, 2, 0
144, 1, 0
106, 2, -1
125, 1, 0
125, 1, 0
125, 1, 0
125, 2, -1
125, 1, 0
125, 1, 0
125, 1, 0
276, 1, -1
225, 2, 0
124, 4, -1
125, 1, 0
125, 1, 0
124, 1, 0
125, 1, 0
126, 2, -1
124, 1, 0
126, 1, 0
124, 1, 0
125, 1, -1
125, 1, 0
125, 1, 0
125, 2, 0
125, 1, -1
125, 1, 0
125, 1, 0
125, 1, 0
125, 1, -1
125, 1, 0
125, 1, 0
125, 1, 0
125, 1, -1
125, 1, 0
125, 1, 0
125, 1, 0
125, 1, 0
125, 1, -1
125, 1, 0
125, 1, 0
247, 1, -1
128, 1, 0
125, 1, 0
125, 1, 0
125, 1, -1
124, 1, 0
126, 1, 0
247, 1, -1
127, 1, 0
126, 1, 0
125, 1, 0
247, 1, -1
128, 1, 0
125, 1, 0
126, 1, 0
125, 0, -1
125, 1, 0
124, 1, 0
247, 1, -1
128, 1, 0
247, 1, 0
251, 1, -1
127, 1, 0
247, 1, 0
129, 1, -1
247, 1, 0
249, 1, 0
250, 1, -1
250, 1, 0
250, 1, -1
251, 1, 0
249, 1, 0
251, 1, -1
410, 1, 0
92, 0, -1
247, 1, 0
250, 1, 0
250, 0, -1
128, 1, 0
532, 1, -1
496, 1, 0
97, 0, -1
373, 1, 0
537, 0, -1
113, 1, 0
638, 0, -1
336, 1, 0
410, 0, -1
873, 0, -1
717, 0, -1
814, 0, -1
725, 0, -1
748, 0, -1
338, -1, 0
377, 0, -1
374, -1, 0
250, 0, -1
249, -1, 0
517, -1, -1
363, -1, 0
250, 0, -1
249, -1, 0
249, -1, 0
129, 0, -1
372, -1, 0
127, 0, -1
253, -1, 0
248, -1, 0
130, 0, -1
122, -1, 0
372, -1, 0
130, 0, -1
124, -1, 0
248, -1, 0
127, 0, -1
250, -1, 0
123, -1, 0
248, 0, -1
125, -1, 0
245, -1, 0
127, 0, -1
126, -1, 0
247, -1, -1
251, -1, 0
249, -1, 0
128, -1, 0
126, 0, -1
124, -1, 0
247, -1, 0
128, 0, -1
125, -1, 0
124, -1, 0
125, -1, 0
126, 0, -1
124, -1, 0
248, -1, 0
250, -1, -1
127, -1, 0
248, -1, 0
128, -1, 0
124, -1, -1
248, -1, 0
127, 0, -1
125, -1, 0
125, -1, 0
126, -1, 0
247, -1, -1
127, -1, 0
248, -2, 0
126, 0, -1
126, -1, 0
125, -1, 0
125, -1, 0
247, -1, -1
128, -1, 0
124, -1, 0
126, -1, 0
124, 0, -1
127, -1, 0
124, -1, 0
125, -1, 0
125, -1, -1
124, -1, 0
253, -1, 0
127, -1, -1
122, -1, 0
125, -1, 0
125, -1, 0
126, -1, 0
123, -1, -1
359, -1, 0
38, -1, 0
110, -1, -1
120, -1, 0
122, -1, 0
126, -1, 0
125, -1, 0
128, -1, -1
122, -1, 0
125, -1, 0
124, -1, 0
126, -1, -1
124, -1, 0
128, -1, 0
121, -1, 0
125, -1, 0
125, -1, -1
124, -1, 0
126, -1, 0
125, -1, 0
125, -1, 0
124, -1, -1
126, -1, 0
125, -2, 0
125, -1, 0
124, -1, -1
126, -1, 0
125, -1, 0
125, -1, 0
124, -1, 0
126, -1, -1
124, -1, 0
127, -2, 0
123, -1, 0
125, -1, 0
126, -1, -1
124, -1, 0
126, -1, 0
124, -2, 0
126, -1, -1
124, -1, 0
126, -1, 0
124, -1, 0
126, -2, -1
124, -1, 0
126, -1, 0
124, -1, 0
126, -2, 0
124, -1, -1
126, -2, 0
124, -1, 0
127, -1, 0
123, -1, 0
126, -1, 0
125, -2, -1
124, -1, 0
126, -2, 0
124, -1, 0
126, -1, 0
124, -1, -1
126, -2, 0
124, -1, 0
125, -1, 0
125, -2, -1
126, -1, 0
124, -1, 0
125, -2, 0
125, -2, 0
126, -1, 0
124, -1, -1
126, -1, 0
124, -2, 0
126, -1, 0
124, -2, 0
127, -1, -1
123, -2, 0
126, -1, 0
124, -2, 0
126, -1, 0
124, -2, -1
125, -1, 0
125, -2, 0
127, -1, 0
123, -2, 0
125, -2, -1
126, -1, 0
124, -1, 0
126, -2, 0
124, -1, 0
126, -2, -1
124, -2, 0
126, -1, 0
124, -2, 0
129, -2, 0
124, -1, 0
125, -2, -1
124, -2, 0
126, -2, 0
123, -1, 0
125, -1, 0
124, -2, -1
126, -2, 0
125, -2, 0
125, -1, 0
126, -2, 0
127, -2, 0
124, -2, 0
126, -1, -1
124, -2, 0
125, -2, 0
125, -1, 0
125, -2, 0
126, -2, 0
124, -2, 0
125, -1, -1
125, -3, 0
126, -1, 0
125, -2, 0
124, -2, 0
125, -2, 0
125, -2, 0
125, -1, 0
126, -3, -1
124, -1, 0
125, -2, 0
124, -2, 0
127, -2, 0
124, -2, 0
126, -2, -1
123, -2, 0
123, -2, 0
125, -2, 0
125, -1, 0
269, -3, 0
232, -1, 0
124, -7, -1
125, -2, 0
127, -2, 0
123, -2, 0
125, -2, 0
125, -2, 0
125, -1, 0
125, -3, -1
125, -2, 0
125, -2, 0
125, -2, 0
125, -3, 0
125, -1, 0
125, -3, 0
125, -2, 0
125, -2, 0
125, -2, 0
125, -2, 0
125, -2, 0
126, -2, -1
127, -3, 0
122, -1, 0
125, -3, 0
125, -2, 0
125, -3, 0
125, -1, 0
125, -3, 0
125, -2, 0
125, -3, 0
125, -2, 0
125, -1, 0
125, -3, -1
125, -2, 0
125, -3, 0
125, -2, 0
125, -2, 0
125, -2, 0
125, -3, 0
125, -2, 0
125, -3, 0
125, -2, 0
125, -2, 0
125, -3, 0
125, -2, 0
125, -3, 0
126, -2, 0
124, -3, 0
125, -1, 0
125, -3, 0
125, -3, 0
125, -3, 0
125, -1, 0
125, -3, 0
125, -3, 0
125, -1, 0
125, -4, 0
125, -2, 0
125, -3, 0
125, -2, 0
125, -3, 0
125, -2, 0
125, -3, 0
125, -2, 0
125, -2, 0
125, -3, 0
125, -2, 0
125, -4, 0
125, -2, 0
125, -3, 0
125, -2, 0
125, -3, 0
125, -2, 0
125, -4, 0
125, -2, 0
125, -2, 0
125, -3, 0
125, -3, 0
125, -3, 0
125, -2, 0
125, -3, 0
125, -3, 0
125, -3, 0
125, -2, 0
125, -4, 0
125, -2, 0
125, -3, 1
125, -2, 0
125, -3, 0
125, -3, 0
125, -2, 0
125, -4, 0
125, -2, 0
125, -4, 0
125, -2, 0
125, -3, 1
125, -3, 0
125, -3, 0
125, -3, 0
125, -2, 0
127, -4, 0
123, -2, 1
125, -4, 0
125, -2, 0
125, -4, 0
125, -2, 0
125, -4, 0
125, -2, 0
125, -4, 1
125, -2, 0
125, -2, 0
125, -4, 0
125, -3, 0
125, -4, 0
127, -2, 1
124, -4, 0
127, -2, 0
128, -4, 0
124, -2, 0
124, -4, 1
123, -3, 0
127, -2, 0
124, -4, 0
125, -3, 0
126, -3, 1
123, -3, 0
126, -4, 0
131, -2, 0
120, -4, 1
124, -3, 0
314, -4, 0
186, -2, 1
125, -9, 0
125, -4, 0
125, -3, 1
125, -4, 0
126, -3, 0
126, -3, 1
126, -3, 0
122, -4, 0
127, -3, 0
124, -4, 1
126, -2, 0
123, -3, 0
126, -4, 0
124, -3, 1
126, -4, 0
125, -3, 0
126, -4, 1
123, -3, 0
125, -4, 1
126, -3, 0
124, -4, 0
125, -2, 0
126, -3, 1
126, -4, 0
124, -3, 0
125, -4, 1
124, -3, 0
124, -5, 0
127, -2, 1
124, -5, 0
125, -3, 0
126, -4, 1
123, -3, 0
127, -3, 0
124, -4, 1
125, -3, 0
126, -4, 0
123, -3, 1
126, -4, 0
125, -3, 0
125, -5, 1
126, -2, 0
123, -5, 1
127, -3, 0
125, -3, 0
124, -4, 1
127, -3, 0
123, -5, 0
127, -3, 1
124, -4, 0
124, -3, 0
125, -5, 1
125, -3, 0
125, -4, 1
124, -3, 0
128, -3, 1
123, -5, 0
125, -3, 0
125, -5, 1
126, -3, 0
124, -4, 1
125, -3, 0
125, -5, 1
126, -3, 0
124, -5, 1
125, -3, 0
126, -3, 0
125, -4, 1
124, -4, 0
125, -4, 1
125, -3, 0
125, -5, 1
125, -3, 0
126, -5, 1
125, -3, 0
125, -5, 1
124, -3, 0
125, -5, 1
126, -3, 0
123, -3, 0
126, -5, 1
125, -3, 0
125, -5, 1
126, -3, 0
124, -5, 1
126, -3, 0
124, -5, 1
125, -3, 0
126, -5, 1
124, -3, 0
125, -4, 1
125, -5, 0
125, -3, 1
125, -5, 0
125, -3, 1
125, -5, 0
126, -3, 1
123, -5, 0
123, -4, 1
126, -5, 1
123, -3, 0
128, -3, 1
126, -6, 0
125, -3, 0
123, -5, 1
124, -3, 1
125, -5, 0
125, -4, 1
125, -5, 0
125, -3, 1
125, -5, 1
125, -4, 0
125, -3, 0
125, -5, 1
125, -4, 1
125, -5, 0
125, -3, 1
125, -5, 1
125, -4, 0
125, -5, 1
125, -4, 0
125, -5, 1
125, -3, 0
125, -4, 1
125, -5, 1
125, -4, 0
125, -5, 1
125, -4, 0
125, -5, 1
125, -3, 1
229, -6, 1
21, -3, 0
138, -6, 1
112, -3, 0
125, -4, 1
126, -5, 1
125, -4, 0
124, -5, 1
126, -4, 1
124, -5, 0
125, -4, 1
125, -5, 1
125, -4, 0
125, -5, 1
128, -4, 1
122, -3, 0
126, -6, 1
126, -3, 0
124, -6, 1
125, -3, 1
124, -6, 1
125, -4, 0
126, -5, 1
124, -4, 0
125, -5, 1
125, -4, 1
125, -4, 0
125, -5, 1
125, -4, 1
125, -5, 1
125, -4, 0
125, -6, 1
125, -4, 0
125, -5, 1
125, -4, 1
125, -6, 1
125, -3, 0
125, -6, 1
125, -4, 1
125, -3, 1
125, -6, 0
125, -4, 1
125, -6, 1
125, -3, 0
125, -6, 1
125, -4, 1
125, -6, 1
125, -4, 0
125, -5, 1
125, -4, 1
125, -4, 0
125, -6, 1
125, -3, 1
125, -6, 1
125, -4, 0
125, -6, 1
125, -4, 1
125, -6, 1
125, -3, 0
125, -6, 1
125, -4, 1
125, -4, 1
125, -6, 1
125, -4, 0
125, -6, 1
125, -4, 1
125, -6, 1
125, -4, 0
125, -5, 1
125, -4, 1
125, -6, 1
125, -4, 0
125, -4, 1
125, -6, 1
125, -4, 1
125, -6, 1
125, -4, 0
125, -6, 1
125, -4, 1
125, -6, 1
125, -4, 0
125, -6, 1
125, -4, 1
125, -4, 1
125, -6, 0
125, -4, 1
125, -6, 1
125, -4, 1
125, -6, 1
125, -4, 0
125, -6, 1
125, -4, 1
125, -6, 1
125, -4, 0
125, -4, 1
125, -6, 1
124, -4, 1
126, -6, 1
125, -4, 0
125, -6, 1
124, -4, 1
126, -7, 1
125, -4, 1
125, -6, 1
125, -4, 0
124, -4, 1
126, -6, 1
125, -4, 1
124, -6, 1
126, -4, 0
125, -6, 1
124, -5, 1
126, -5, 1
125, -5, 0
125, -6, 2
125, -4, 0
125, -4, 1
125, -6, 1
125, -4, 1
125, -6, 1
125, -4, 0
125, -7, 1
125, -4, 1
125, -6, 1
124, -4, 1
126, -6, 1
124, -4, 0
126, -4, 1
125, -6, 1
125, -5, 1
125, -6, 1
125, -4, 0
125, -6, 1
266, -4, 1
234, -6, 1
125, -15, 2
124, -4, 1
126, -6, 1
125, -5, 1
125, -6, 1
125, -4, 0
124, -6, 1
126, -4, 1
125, -7, 1
124, -4, 1
126, -6, 1
125, -4, 0
124, -4, 1
126, -7, 1
124, -4, 1
125, -6, 1
125, -4, 0
126, -6, 2
124, -5, 0
126, -6, 1
125, -4, 1
124, -6, 1
125, -4, 1
125, -4, 0
125, -7, 1
125, -4, 1
125, -6, 1
126, -4, 0
125, -7, 1
124, -4, 1
125, -6, 1
125, -4, 1
125, -6, 1
125, -4, 0
125, -7, 1
125, -4, 1
125, -4, 1
126, -6, 1
124, -4, 0
125, -7, 1
126, -4, 1
124, -6, 1
125, -4, 1
125, -7, 1
127, -4, 0
124, -6, 1
125, -4, 1
124, -4, 1
125, -6, 1
125, -5, 0
125, -6, 1
126, -4, 1
124, -6, 1
126, -5, 1
124, -6, 1
125, -4, 0
126, -6, 1
124, -5, 1
126, -4, 1
124, -6, 1
125, -4, 0
125, -6, 1
126, -4, 1
124, -7, 1
125, -4, 0
125, -6, 2
125, -4, 0
126, -7, 1
124, -4, 1
126, -4, 0
125, -6, 2
124, -4, 0
126, -6, 1
124, -5, 1
125, -6, 1
125, -4, 0
125, -6, 1
126, -4, 1
124, -7, 1
125, -4, 1
125, -4, 0
125, -6, 1
125, -4, 1
125, -7, 1
125, -4, 1
125, -6, 1
125, -4, 0
125, -6, 1
125, -5, 1
126, -6, 1
124, -4, 1
125, -4, 0
125, -6, 1
125, -4, 1
126, -6, 1
125, -5, 1
124, -6, 0
127, -4, 1
124, -6, 1
125, -4, 1
125, -6, 1
124, -4, 0
125, -5, 1
125, -6, 1
126, -4, 0
124, -6, 1
126, -4, 1
124, -6, 1
125, -4, 0
125, -7, 1
125, -4, 1
125, -6, 1
125, -4, 0
125, -6, 1
125, -4, 1
125, -4, 1
126, -6, 1
124, -4, 0
125, -6, 1
125, -4, 1
125, -7, 1
125, -4, 1
125, -6, 0
125, -4, 1
125, -6, 1
126, -4, 1
125, -4, 0
124, -6, 1
125, -4, 1
319, -6, 1
181, -5, 0
125, -16, 3
125, -4, 0
125, -6, 1
128, -4, 1
123, -4, 1
124, -6, 1
125, -4, 0
125, -6, 1
125, -4, 1
126, -6, 1
124, -4, 0
125, -6, 1
125, -4, 1
125, -6, 1
125, -4, 0
125, -4, 1
125, -6, 1
125, -4, 0
125, -6, 1
125, -4, 1
125, -6, 1
125, -4, 0
125, -6, 1
125, -4, 1
125, -6, 1
126, -4, 0
124, -4, 1
125, -6, 1
125, -4, 0
125, -6, 1
127, -4, 1
125, -6, 1
124, -4, 0
124, -5, 1
126, -4, 1
124, -6, 0
125, -4, 1
125, -6, 1
126, -4, 0
124, -4, 1
126, -6, 1
124, -4, 0
125, -6, 1
126, -4, 1
124, -5, 1
125, -4, 0
126, -6, 1
124, -4, 1
125, -6, 1
126, -4, 0
125, -4, 1
124, -6, 1
125, -4, 0
125, -5, 1
125, -4, 1
126, -6, 0
125, -4, 1
124, -6, 1
125, -3, 0
126, -6, 1
125, -4, 1
124, -4, 0
125, -6, 1
125, -4, 1
125, -5, 1
125, -4, 0
126, -6, 1
124, -4, 1
125, -5, 0
127, -4, 1
125, -6, 1
126, -4, 0
125, -4, 1
122, -5, 1
125, -4, 0
125, -6, 1
125, -3, 1
125, -6, 0
126, -4, 1
124, -5, 1
126, -4, 0
125, -6, 1
124, -4, 1
125, -3, 0
126, -6, 1
124, -4, 0
126, -5, 1
124, -4, 1
126, -5, 1
125, -4, 0
124, -6, 1
125, -3, 0
125, -6, 1
125, -4, 1
125, -5, 0
125, -4, 1
125, -3, 1
127, -6, 0
124, -3, 1
126, -6, 1
124, -4, 0
127, -5, 1
123, -4, 1
125, -5, 0
125, -4, 1
125, -5, 1
124, -4, 0
126, -4, 1
124, -5, 0
125, -4, 1
126, -5, 1
125, -4, 0
125, -5, 1
125, -4, 1
124, -5, 0
126, -4, 1
125, -5, 1
125, -3, 0
125, -4, 1
125, -5, 1
125, -4, 0
125, -5, 1
125, -4, 0
125, -5, 1
124, -4, 0
126, -5, 1
125, -3, 1
125, -6, 1
125, -3, 0
125, -4, 1
229, -5, 0
21, -3, 1
138, -6, 0
114, -3, 1
125, -5, 1
125, -4, 0
125, -5, 1
125, -3, 0
125, -5, 1
127, -4, 0
126, -3, 1
122, -5, 0
143, -4, 1
108, -5, 1
124, -3, 0
125, -5, 1
125, -4, 0
126, -5, 1
124, -3, 0
125, -5, 1
125, -4, 1
126, -5, 0
126, -3, 1
124, -3, 0
125, -6, 1
125, -3, 0
125, -5, 1
125, -3, 1
124, -5, 0
125, -3, 1
125, -5, 0
126, -4, 1
125, -5, 0
125, -3, 1
125, -3, 0
125, -5, 1
125, -3, 0
125, -5, 1
125, -3, 1
125, -5, 0
124, -4, 1
126, -4, 0
125, -4, 1
125, -5, 1
125, -3, 0
125, -3, 0
124, -5, 1
125, -3, 0
126, -5, 1
125, -3, 0
124, -5, 1
125, -3, 0
126, -5, 1
124, -3, 1
126, -4, 0
125, -4, 1
125, -3, 0
131, -4, 1
118, -4, 0
126, -4, 1
125, -3, 0
125, -5, 1
125, -3, 0
125, -5, 1
125, -3, 0
125, -4, 1
124, -3, 0
126, -3, 1
124, -5, 0
126, -3, 0
125, -5, 1
125, -2, 0
125, -5, 1
125, -3, 0
125, -4, 1
126, -3, 0
125, -5, 1
125, -3, 0
124, -4, 1
125, -3, 0
125, -3, 1
124, -5, 0
125, -3, 0
125, -4, 1
126, -3, 1
125, -4, 0
125, -3, 0
125, -5, 1
125, -2, 0
125, -5, 1
124, -3, 0
126, -3, 1
124, -4, 0
125, -3, 1
125, -4, 0
126, -3, 0
125, -4, 1
125, -3, 0
125, -4, 1
124, -3, 0
125, -4, 1
126, -3, 0
126, -2, 0
125, -5, 1
121, -2, 0
125, -4, 1
125, -3, 0
125, -4, 1
125, -3, 0
125, -4, 0
125, -3, 1
125, -4, 0
125, -2, 0
125, -3, 1
125, -4, 0
125, -3, 1
125, -4, 0
124, -2, 0
126, -4, 1
125, -3, 0
125, -3, 1
125, -3, 0
125, -4, 0
125, -3, 1
125, -2, 0
125, -4, 1
125, -2, 0
125, -4, 0
128, -3, 1
123, -3, 0
124, -3, 0
125, -4, 1
124, -2, 0
275, -4, 1
226, -2, 0
124, -9, 1
126, -3, 0
125, -3, 1
125, -3, 0
125, -3, 0
125, -3, 1
125, -3, 0
125, -3, 0
125, -3, 1
125, -3, 0
125, -2, 0
125, -3, 1
125, -3, 0
125, -2, 0
125, -4, 1
125, -2, 0
125, -3, 0
124, -3, 0
127, -3, 1
125, -2, 0
124, -3, 0
125, -3, 1
125, -2, 0
125, -3, 0
125, -2, 0
125, -4, 1
125, -2, 0
125, -3, 0
125, -2, 1
125, -3, 0
125, -2, 0
125, -3, 0
125, -2, 1
125, -3, 0
125, -3, 0
125, -2, 0
125, -3, 1
125, -2, 0
124, -3, 0
125, -2, 1
126, -3, 0
124, -2, 0
126, -3, 0
124, -2, 0
126, -2, 1
125, -2, 0
125, -2, 0
124, -3, 0
126, -2, 0
125, -3, 1
125, -2, 0
124, -3, 0
125, -1, 0
126, -3, 1
124, -2, 0
125, -2, 0
125, -2, 0
126, -2, 0
124, -3, 0
126, -2, 1
124, -2, 0
125, -2, 0
125, -3, 0
125, -1, 0
126, -3, 1
125, -2, 0
124, -1, 0
125, -3, 0
125, -1, 0
126, -3, 0
124, -1, 0
125, -3, 0
126, -2, 1
125, -2, 0
124, -2, 0
125, -2, 0
125, -1, 0
125, -2, 0
126, -2, 0
126, -2, 1
123, -2, 0
125, -2, 0
126, -2, 0
125, -1, 0
124, -3, 0
125, -1, 0
125, -2, 0
125, -1, 0
125, -2, 1
126, -2, 0
125, -1, 0
124, -2, 0
125, -2, 0
126, -2, 0
129, -1, 0
124, -2, 0
126, -1, 0
124, -2, 0
126, -2, 0
125, -1, 0
125, -2, 0
124, -1, 0
126, -2, 1
124, -1, 0
126, -2, 0
125, -1, 0
124, -2, 0
126, -1, 0
125, -2, 0
124, -1, 0
126, -1, 0
125, -2, 0
125, -1, 0
124, -1, 0
125, -2, 0
126, -1, 0
125, -1, 0
124, -2, 0
126, -1, 0
124, -1, 0
125, -1, 0
122, -1, 0
125, -2, 0
124, -1, 0
125, -1, 0
127, -1, 0
137, -1, 0
118, -1, 0
127, -2, 1
305, -1, 0
187, -1, 0
124, -3, 0
125, -1, 0
132, -1, 0
118, -1, 0
125, -1, 0
248, -2, 0
250, -2, 0
249, -1, 0
128, -1, 0
125, -1, 0
125, -1, 0
248, -1, 0
128, -1, 0
124, -1, 0
248, -1, 0
127, -1, 0
247, -1, 0
128, -1, 0
248, -1, 0
249, -1, 0
128, -1, 0
125, 0, -1
125, -1, 0
418, -1, 0
205, -1, 0
249, -1, 0
405, -1, 0
501, -1, 0
97, 0, -1
405, -1, 0
843, -1, 0
625, 0, -1
1751, 0, -1
134, 1, 0
661, 1, 0
329, 1, 0
378, 1, 0
374, 1, 0
127, 0, -1
126, 1, 0
248, 1, 0
250, 1, 0
250, 1, 0
251, 1, 0
260, 1, 0
604, 3, -1
209, 1, 0
343, 2, 0
256, 1, -1
116, 1, 0
115, 1, 0
111, 1, 0
131, 1, 0
419, 2, 0
87, 1, 0
120, 1, -1
379, 3, 0
126, 1, 0
645, 4, -1
210, 3, 0
1090, 9, -2
176, 2, 0
109, 1, 0
126, 1, 0
124, 2, 0
125, 1, -1
125, 1, 0
125, 1, 0
125, 2, 0
125, 1, 0
126, 2, -1
124, 1, 0
125, 1, 0
126, 2, 0
125, 1, 0
124, 1, -1
126, 1, 0
124, 2, 0
210, 1, 0
125, 2, 0
103, 2, 0
66, 1, -1
119, 2, 0
125, 1, 0
119, 2, 0
125, 1, -1
125, 2, 0
125, 1, 0
125, 2, 0
125, 2, -1
125, 2, 0
126, 1, 0
125, 2, 0
126, 1, 0
125, 2, -1
132, 2, 0
120, 1, 0
124, 2, 0
124, 2, -1
125, 2, 0
125, 2, 0
126, 2, 0
125, 1, -1
124, 2, 0
129, 2, 0
120, 2, 0
125, 2, -1
125, 1, 0
126, 3, 0
125, 1, 0
124, 3, -1
125, 1, 0
128, 2, 0
124, 2, 0
125, 2, -1
127, 2, 0
122, 3, 0
126, 1, 0
125, 2, -1
124, 2, 0
123, 2, 0
127, 3, 0
127, 1, -1
124, 3, 0
125, 2, 0
124, 2, -1
125, 2, 0
125, 3, 0
125, 2, -1
125, 1, 0
125, 3, 0
126, 2, 0
130, 3, -1
120, 2, 0
129, 2, 0
123, 2, -1
123, 3, 0
127, 2, 0
124, 3, -1
122, 2, 0
126, 1, 0
125, 3, 0
129, 2, -1
122, 3, 0
125, 2, 0
125, 3, -1
125, 2, 0
123, 3, 0
126, 2, -1
124, 3, 0
125, 2, 0
127, 2, 0
125, 3, -1
125, 2, 0
126, 3, 0
124, 2, -1
125, 3, 0
123, 2, 0
126, 3, -1
124, 3, 0
125, 3, 0
124, 2, -1
125, 3, 0
126, 2, 0
125, 2, -1
124, 4, 0
126, 2, 0
125, 3, -1
126, 2, 0
128, 4, 0
121, 2, -1
125, 3, 0
125, 2, 0
125, 3, -1
125, 3, 0
125, 2, 0
125, 4, -1
125, 2, 0
126, 3, -1
124, 2, 0
125, 4, 0
125, 2, -1
281, 4, 0
219, 2, 0
125, 8, -1
124, 4, -1
125, 2, 0
126, 4, -1
124, 2, 0
125, 4, 0
125, 2, -1
125, 4, 0
126, 2, -1
124, 4, 0
125, 2, -1
125, 3, 0
128, 3, 0
129, 3, 0
119, 3, -1
124, 3, 0
125, 3, -1
125, 3, 0
125, 4, -1
126, 2, 0
124, 4, 0
125, 3, -1
125, 2, 0
125, 4, -1
125, 2, 0
125, 4, -1
125, 3, 0
125, 4, 0
125, 2, -1
125, 4, 0
125, 3, -1
125, 4, 0
125, 2, -1
125, 3, 0
125, 4, 0
125, 3, -1
125, 4, 0
125, 2, -1
125, 4, 0
125, 3, -1
125, 4, 0
125, 3, -1
125, 4, 0
125, 3, 0
125, 2, -1
126, 4, 0
124, 3, -1
125, 4, 0
125, 3, -1
133, 4, 0
121, 3, -1
128, 4, 0
121, 3, -1
126, 4, 0
125, 3, -1
124, 3, 0
125, 4, -1
127, 3, 0
123, 4, -1
125, 3, 0
125, 4, -1
125, 3, 0
125, 4, -1
125, 3, 0
125, 4, -1
125, 3, 0
125, 3, -1
125, 4, 0
125, 3, -1
125, 5, 0
133, 3, -1
121, 4, 0
126, 3, -1
124, 4, 0
125, 3, -1
125, 5, 0
126, 3, -1
125, 3, 0
124, 4, -1
126, 3, -1
125, 5, 0
125, 3, -1
126, 4, 0
125, 3, -1
122, 5, -1
130, 3, 0
124, 4, -1
127, 3, 0
124, 3, -1
125, 5, 0
126, 3, -1
123, 4, 0
126, 3, -1
128, 5, -1
125, 3, 0
126, 5, -1
119, 3, 0
124, 5, -1
133, 3, 0
111, 3, -1
124, 4, -1
126, 4, 0
124, 4, -1
125, 3, 0
125, 5, -1
125, 3, 0
125, 5, -1
125, 3, -1
125, 5, 0
125, 3, -1
125, 3, -1
125, 5, 0
125, 3, -1
125, 5, 0
125, 3, -1
125, 5, -1
125, 4, 0
125, 4, -1
125, 4, -1
125, 4, 0
125, 4, -1
125, 3, 0
125, 5, -1
125, 3, -1
125, 5, 0
126, 3, -1
124, 5, -1
125, 3, 0
125, 5, -1
329, 4, -1
177, 5, 0
121, 11, -2
125, 4, -1
125, 5, -1
125, 3, 0
126, 5, -1
124, 3, 0
125, 5, -1
125, 4, -1
125, 5, 0
125, 3, -1
125, 3, 0
125, 5, -1
125, 4, -1
126, 5, -1
126, 3, 0
124, 6, -1
124, 3, 0
125, 5, -1
125, 4, -1
126, 5, -1
124, 3, 0
125, 3, -1
125, 6, 0
125, 3, -1
125, 5, -1
125, 4, 0
125, 5, -1
125, 3, -1
125, 5, -1
125, 4, 0
125, 5, -1
125, 3, 0
125, 4, -1
125, 5, -1
125, 3, 0
126, 6, -1
124, 3, -1
126, 6, -1
124, 3, 0
125, 5, -1
125, 4, -1
125, 5, 0
125, 4, -1
126, 3, -1
127, 5, 0
122, 4, -1
126, 5, -1
124, 4, -1
125, 5, 0
125, 3, -1
125, 6, -1
125, 3, 0
125, 6, -1
125, 3, -1
125, 4, 0
125, 5, -1
126, 4, -1
124, 5, -1
125, 4, 0
125, 5, -1
125, 3, -1
125, 6, -1
125, 3, 0
125, 6, -1
125, 3, -1
129, 4, 0
121, 5, -1
125, 4, -1
125, 6, -1
125, 3, 0
125, 6, -1
137, 3, -1
119, 6, -1
124, 3, 0
127, 6, -1
122, 3, -1
125, 4, 0
125, 6, -1
129, 3, -1
127, 6, -1
120, 3, 0
124, 6, -1
134, 3, 0
123, 6, -1
126, 4, -1
120, 5, -1
124, 4, 0
127, 4, -1
120, 5, -1
124, 4, -1
125, 5, -1
125, 4, 0
125, 5, -1
126, 4, -1
124, 6, 0
125, 3, -1
125, 6, -1
126, 4, -1
124, 4, 0
122, 5, -1
125, 4, -1
124, 5, -1
125, 4, 0
125, 6, -1
125, 3, -1
125, 6, 0
125, 4, -1
124, 6, -1
126, 3, 0
125, 4, -1
125, 6, -1
125, 3, -1
125, 6, 0
125, 4, -1
125, 5, -1
125, 4, -1
125, 6, 0
125, 4, -1
126, 5, -1
127, 4, 0
125, 4, -1
133, 6, -1
123, 3, -1
121, 6, -1
122, 4, 0
124, 5, -1
125, 4, -1
124, 6, 0
125, 4, -1
125, 5, -1
242, 4, 0
258, 4, -1
125, 15, -3
125, 4, 0
126, 6, -1
134, 4, -1
118, 5, -1
124, 4, 0
126, 6, -1
124, 4, -1
125, 3, 0
125, 6, -1
126, 4, -1
124, 6, -1
125, 3, 0
126, 6, -1
124, 4, -1
125, 6, -1
125, 4, 0
125, 5, -1
126, 4, -1
124, 4, -1
129, 6, 0
122, 4, -1
125, 6, -1
124, 3, -1
126, 6, -1
124, 4, 0
125, 6, -1
127, 4, -1
123, 6, -1
125, 4, 0
125, 3, -1
125, 6, -1
125, 4, 0
125, 6, -1
126, 4, -1
124, 5, -1
125, 4, 0
126, 6, -1
124, 4, -1
125, 6, -1
126, 4, 0
124, 4, -1
126, 6, -1
124, 3, 0
126, 6, -2
125, 4, 0
124, 6, -1
125, 4, -1
125, 6, -1
126, 4, 0
125, 5, -1
125, 4, -1
124, 4, 0
126, 6, -1
125, 4, -1
124, 6, -1
126, 4, 0
125, 6, -1
124, 3, -1
126, 6, -1
124, 4, 0
125, 6, -1
126, 4, -1
124, 4, 0
131, 6, -1
125, 4, -1
121, 5, -1
125, 5, -1
125, 5, -1
125, 4, 0
126, 6, -1
131, 4, -1
127, 6, -1
122, 4, 0
127, 4, -1
127, 6, -1
123, 4, 0
123, 6, -1
125, 3, -1
125, 6, -1
124, 4, 0
127, 6, -1
120, 4, -1
123, 6, -1
125, 4, 0
127, 4, -1
125, 6, -1
125, 4, 0
128, 6, -1
124, 4, -1
125, 5, -1
125, 4, -1
123, 6, -1
120, 4, 0
124, 6, -1
125, 4, -1
125, 3, 0
125, 6, -1
126, 4, -1
124, 6, -1
125, 4, 0
125, 6, -1
125, 4, -1
125, 6, -1
125, 4, 0
125, 5, -1
131, 4, -1
124, 4, 0
125, 6, -1
125, 4, -1
125, 6, -1
129, 4, 0
123, 5, -1
124, 4, -1
124, 6, -1
125, 4, 0
126, 6, -2
124, 4, 0
125, 4, -1
125, 6, -1
125, 3, 0
125, 6, -1
125, 4, -1
125, 6, -1
125, 4, 0
125, 6, -1
126, 4, -1
124, 6, -1
125, 3, 0
281, 4, -1
218, 6, -1
122, 14, -2
124, 6, -1
124, 4, -1
126, 5, -1
125, 4, 0
124, 6, -1
126, 4, 0
125, 4, -1
125, 6, -1
125, 4, -1
126, 6, -1
126, 4, 0
124, 5, -1
128, 4, -1
123, 6, -1
126, 4, 0
124, 6, -1
124, 4, -1
123, 4, -1
127, 5, 0
124, 4, -1
124, 6, -1
125, 4, -1
125, 6, 0
125, 4, -1
125, 6, -1
125, 4, -1
125, 5, 0
126, 4, -1
125, 4, -1
124, 6, -1
125, 3, 0
126, 6, -1
124, 4, -1
125, 6, -1
126, 4, 0
127, 5, -1
123, 5, -1
124, 5, -1
125, 4, 0
125, 4, -1
126, 6, -1
124, 4, 0
125, 5, -1
125, 4, -1
126, 6, -1
129, 4, 0
120, 6, -1
125, 3, -1
125, 6, -1
125, 4, 0
125, 4, -1
128, 6, -1
127, 3, 0
125, 6, -1
123, 4, -1
126, 5, -1
123, 4, 0
124, 6, -1
125, 4, -1
124, 6, -1
125, 3, -1
126, 4, 0
125, 6, -1
133, 4, 0
123, 5, -1
125, 4, -1
125, 6, -1
124, 4, 0
125, 5, -1
124, 4, -1
127, 4, -1
127, 5, 0
124, 4, -1
124, 6, -1
125, 4, -1
124, 5, 0
128, 4, -1
126, 6, -1
124, 4, -1
123, 5, -1
126, 4, 0
126, 4, -1
126, 5, -1
123, 4, 0
130, 6, -1
123, 3, -1
121, 6, 0
125, 3, -1
123, 6, -1
127, 4, -1
125, 5, -1
121, 4, 0
125, 4, -1
125, 5, -1
126, 4, 0
125, 6, -1
125, 3, -1
126, 6, -1
123, 4, 0
122, 5, -1
125, 4, -1
125, 5, -1
125, 4, 0
125, 4, -1
125, 5, -1
125, 4, 0
125, 5, -1
125, 4, -1
125, 6, 0
125, 3, -1
126, 6, -1
124, 3, -1
126, 6, 0
125, 4, -1
125, 5, -1
126, 4, -1
127, 3, 0
127, 6, -1
123, 3, -1
123, 6, 0
124, 4, -1
124, 5, -1
125, 4, -1
125, 5, 0
126, 3, -1
124, 6, -1
126, 3, 0
124, 4, -1
323, 5, -1
181, 4, 0
133, 14, -3
114, 4, 0
132, 5, -1
120, 4, -1
127, 5, -1
127, 4, 0
123, 3, -1
122, 6, 0
124, 3, -1
125, 6, -1
125, 3, -1
125, 6, 0
124, 3, -1
126, 6, -1
124, 3, 0
125, 5, -1
125, 4, -1
125, 4, -1
125, 5, 0
126, 3, -1
124, 5, -1
126, 4, 0
124, 5, -1
125, 4, -1
126, 5, -1
124, 3, 0
125, 6, -1
126, 3, -1
125, 4, 0
124, 5, -1
126, 3, -1
124, 6, -1
125, 3, 0
125, 5, -1
126, 4, -1
124, 5, 0
125, 3, -1
126, 6, -1
124, 3, -1
125, 3, 0
125, 6, -1
125, 3, -1
125, 5, -1
125, 4, 0
125, 5, -1
125, 3, -1
126, 5, 0
124, 4, -1
125, 5, -1
126, 3, 0
124, 4, -1
125, 5, -1
125, 3, -1
125, 5, 0
125, 4, -1
136, 5, -1
115, 3, 0
124, 5, -1
124, 4, -1
125, 5, -1
136, 3, 0
120, 3, -1
124, 5, 0
126, 4, -1
124, 5, -1
125, 3, 0
125, 5, -1
125, 4, -1
125, 5, -1
125, 3, 0
125, 5, -1
125, 3, -1
125, 3, 0
138, 5, -1
131, 4, -1
125, 5, -1
199, 3, 0
164, 8, -2
119, 5, -1
130, 3, 0
124, 5, -1
122, 3, -1
125, 4, 0
127, 4, -1
124, 4, -1
125, 4, 0
125, 4, -1
120, 5, -1
123, 3, 0
124, 4, -1
125, 4, -1
125, 4, -1
125, 4, 0
125, 3, -1
126, 5, 0
129, 3, -1
123, 4, -1
126, 4, 0
125, 4, -1
124, 3, -1
126, 5, 0
125, 3, -1
124, 5, -1
126, 3, 0
125, 5, -1
125, 3, -1
125, 3, -1
125, 4, 0
126, 4, -1
124, 4, -1
125, 3, 0
125, 5, -1
125, 3, -1
125, 5, -1
126, 3, 0
124, 4, -1
125, 3, -1
125, 3, 0
126, 5, -1
126, 3, 0
128, 5, -1
123, 3, -1
123, 4, -1
125, 3, 0
126, 5, -1
126, 3, -1
125, 4, 0
124, 3, -1
125, 3, -1
234, 5, 0
262, 3, -1
124, 12, -2
125, 3, -1
125, 4, -1
126, 3, 0
125, 4, -1
125, 3, -1
124, 3, 0
125, 4, -1
125, 3, 0
125, 5, -1
126, 2, -1
125, 5, -1
124, 3, 0
125, 4, -1
125, 3, -1
125, 4, 0
124, 3, -1
126, 3, 0
138, 4, -1
112, 3, -1
125, 4, -1
125, 3, 0
124, 4, -1
126, 3, 0
125, 4, -1
125, 3, -1
125, 4, -1
133, 3, 0
125, 3, -1
122, 4, 0
124, 3, -1
127, 4, -1
124, 3, 0
123, 4, -1
128, 3, -1
124, 4, 0
124, 3, -1
126, 4, -1
125, 3, 0
123, 4, -1
127, 3, -1
126, 2, 0
123, 4, -1
126, 3, 0
125, 4, -1
126, 2, -1
123, 4, -1
125, 3, 0
125, 4, -1
125, 3, 0
125, 4, -1
125, 2, -1
125, 3, 0
125, 4, -1
125, 2, 0
125, 4, -1
125, 3, -1
125, 4, 0
125, 2, -1
125, 4, -1
125, 3, 0
125, 4, -1
125, 2, 0
125, 3, -1
125, 4, -1
125, 2, 0
126, 4, -1
129, 3, 0
125, 3, -1
125, 3, -1
125, 4, 0
134, 2, -1
116, 4, -1
125, 2, 0
125, 3, -1
125, 4, 0
125, 2, -1
125, 4, -1
125, 2, 0
125, 4, -1
125, 2, 0
125, 4, -1
125, 2, -1
127, 4, 0
121, 2, -1
125, 4, -1
128, 2, 0
129, 3, -1
122, 4, 0
126, 2, -1
125, 3, -1
122, 3, 0
125, 3, -1
123, 3, 0
151, 3, -1
94, 3, 0
123, 3, -1
125, 2, -1
132, 4, 0
118, 2, -1
125, 3, 0
125, 3, -1
125, 2, 0
125, 4, -1
125, 2, -1
125, 4, 0
125, 2, -1
125, 3, 0
125, 2, -1
125, 3, 0
126, 3, -1
125, 2, -1
125, 4, 0
124, 2, -1
126, 3, 0
125, 2, -1
126, 4, -1
128, 2, 0
123, 3, -1
125, 2, 0
125, 2, -1
122, 4, 0
126, 2, -1
124, 3, -1
124, 2, 0
127, 4, -1
133, 2, 0
122, 3, -1
124, 2, 0
279, 3, -1
217, 2, 0
124, 8, -2
125, 3, -1
125, 2, 0
125, 3, -1
125, 2, 0
124, 3, -1
125, 2, 0
125, 3, -1
126, 2, -1
125, 3, 0
124, 2, -1
125, 2, 0
126, 3, -1
125, 2, 0
125, 3, -1
125, 2, 0
125, 3, -1
126, 2, 0
124, 3, -1
126, 2, 0
124, 3, -1
124, 1, 0
125, 2, 0
125, 3, -1
125, 2, -1
125, 3, 0
126, 2, -1
125, 3, 0
125, 2, -1
124, 2, 0
126, 2, -1
124, 3, 0
125, 2, -1
125, 2, 0
126, 2, -1
125, 2, 0
124, 3, -1
125, 2, 0
126, 3, -1
124, 1, 0
126, 3, -1
124, 2, 0
125, 3, -1
125, 1, 0
125, 2, 0
126, 3, -1
126, 1, 0
124, 3, -1
125, 2, 0
124, 2, -1
125, 2, 0
125, 3, -1
134, 1, 0
116, 3, -1
125, 1, 0
125, 2, -1
125, 3, 0
125, 1, -1
125, 3, 0
126, 2, 0
125, 2, -1
125, 2, 0
125, 2, -1
126, 2, 0
125, 2, -1
123, 2, 0
125, 1, -1
125, 3, 0
125, 1, -1
125, 3, 0
125, 1, 0
130, 3, -1
125, 1, 0
125, 2, -1
124, 2, 0
131, 2, -1
119, 2, 0
125, 1, 0
126, 3, -1
127, 1, 0
131, 2, -1
122, 2, 0
132, 2, -1
118, 2, 0
125, 2, -1
125, 1, 0
125, 2, -1
127, 2, 0
123, 1, 0
124, 3, -1
125, 1, 0
125, 2, -1
126, 2, 0
125, 2, 0
125, 1, -1
124, 2, 0
125, 2, -1
126, 2, 0
135, 1, 0
110, 1, -1
121, 2, 0
124, 2, -1
125, 2, 0
125, 1, 0
125, 2, -1
126, 1, 0
125, 2, -1
124, 1, 0
125, 2, 0
125, 2, -1
125, 1, 0
127, 2, -1
123, 1, 0
125, 2, 0
126, 1, -1
124, 2, 0
125, 1, 0
125, 2, -1
126, 1, 0
126, 2, -1
123, 1, 0
126, 1, 0
127, 2, -1
124, 1, 0
124, 2, 0
126, 1, -1
124, 2, 0
124, 1, 0
126, 2, -1
339, 1, 0
164, 2, -1
122, 4, -1
124, 1, 0
125, 1, -1
126, 1, 0
124, 2, 0
125, 1, -1
127, 2, 0
125, 1, 0
132, 1, -1
121, 1, 0
128, 1, 0
120, 1, -1
125, 1, 0
125, 2, -1
124, 1, 0
125, 1, 0
125, 1, -1
125, 2, 0
125, 1, 0
127, 1, -1
124, 1, 0
128, 1, 0
121, 1, -1
125, 1, 0
125, 1, 0
126, 1, -1
125, 2, 0
247, 2, -1
127, 1, 0
126, 1, -1
124, 1, 0
126, 1, 0
124, 1, 0
126, 0, -1
124, 2, 0
248, 2, -1
250, 2, -1
250, 1, 0
127, 1, -1
126, 1, 0
125, 1, 0
125, 1, -1
126, 1, 0
246, 1, -1
127, 1, 0
127, 1, 0
124, 1, -1
247, 1, 0
127, 1, -1
130, 1, 0
245, 1, -1
130, 1, 0
126, 1, 0
243, 1, -1
131, 1, 0
125, 1, -1
244, 1, 0
250, 1, 0
131, 1, -1
244, 1, -1
131, 1, 0
245, 1, 0
130, 0, -1
125, 1, 0
125, 1, 0
264, 0, -1
111, 1, 0
244, 1, -1
131, 1, 0
371, 1, -1
252, 1, 0
248, 0, -1
127, 1, 0
251, 1, -1
246, 1, 0
251, 0, -1
126, 1, 0
500, 1, -1
264, 1, 0
234, 0, -1
250, 1, 0
250, 0, -1
250, 1, 0
376, 0, -1
374, 1, 0
260, 0, -1
491, 0, -1
125, 1, 0
498, 0, -1
625, 0, -1
624, 0, -1
501, 0, -1
625, 0, -1
375, 0, -1
627, 0, -1
375, -1, 0
250, 0, -1
499, -1, -1
377, -1, 0
249, 0, -1
374, -1, -1
376, -1, 0
250, 0, -1
127, -1, 0
412, -1, -1
406, -1, 0
58, 0, -1
124, -1, 0
401, -1, -1
401, -1, 0
73, 0, -1
130, -1, 0
247, -1, 0
126, 0, -1
243, -1, 0
250, -1, 0
131, 0, -1
125, -1, 0
243, -1, 0
132, 0, -1
125, -1, 0
244, -1, 0
130, 0, -1
128, -1, 0
243, -1, 0
148, -1, -1
232, -1, 0
128, -1, 0
243, -1, -1
253, -1, 0
127, -1, -1
240, -1, 0
250, -1, 0
127, -1, -1
248, -1, 0
127, -1, 0
126, 0, -1
125, -1, 0
125, -1, 0
247, -1, 0
127, -1, -1
125, -1, 0
248, -1, 0
128, -1, 0
126, 0, -1
130, -1, 0
123, -2, 0
247, -1, 0
128, -1, -1
245, -1, 0
127, -1, 0
130, -1, 0
122, -1, -1
122, -1, 0
249, -1, 0
126, -1, -1
125, -1, 0
124, -1, 0
249, -1, 0
127, -1, 0
125, -1, -1
125, -1, 0
278, -1, 0
223, -1, 0
124, -3, -1
248, -1, 0
137, -1, 0
120, -1, 0
124, -2, -1
248, -2, 0
249, -2, 0
128, -1, -1
125, -1, 0
126, -1, 0
246, -2, 0
250, -2, -1
128, -1, 0
127, -1, 0
124, -1, 0
124, -1, 0
125, -1, 0
126, -2, -1
247, -1, 0
127, -2, 0
125, -1, 0
125, -1, 0
125, -1, 0
126, -1, -1
124, -1, 0
125, -2, 0
126, -1, 0
125, -1, 0
125, -1, 0
124, -1, 0
125, -2, -1
125, -1, 0
125, -1, 0
125, -1, 0
125, -2, 0
125, -1, 0
125, -1, 0
125, -1, 0
125, -2, -1
126, -1, 0
124, -1, 0
125, -2, 0
125, -1, 0
125, -1, 0
125, -1, 0
125, -2, 0
125, -1, -1
130, -2, 0
124, -1, 0
125, -2, 0
126, -1, 0
125, -1, 0
124, -2, 0
144, -1, 0
107, -1, -1
125, -2, 0
125, -1, 0
125, -2, 0
125, -1, 0
125, -2, 0
125, -1, 0
125, -2, 0
125, -1, 0
125, -2, -1
125, -1, 0
125, -2, 0
139, -1, 0
115, -2, 0
121, -1, 0
125, -2, 0
125, -1, 0
126, -2, 0
124, -2, 0
125, -2, -1
125, -1, 0
116, -1, 0
125, -2, 0
124, -2, 0
126, -2, 0
125, -1, 0
125, -2, 0
125, -1, 0
125, -2, 0
124, -2, 0
125, -2, 0
125, -1, 0
126, -1, 0
124, -3, 0
125, -1, 0
125, -2, 0
125, -2, 0
125, -2, 0
126, -1, 0
135, -2, 0
114, -2, 0
125, -2, 0
125, -1, -1
125, -2, 0
125, -2, 0
125, -1, 0
125, -3, 0
125, -1, 0
125, -3, 0
125, -1, 0
125, -2, 0
125, -2, 0
125, -2, 0
125, -2, 0
125, -1, 0
125, -3, 0
125, -1, 0
128, -3, 0
128, -1, 0
128, -3, 0
119, -1, 0
123, -3, 0
124, -1, 0
125, -3, 0
125, -1, 0
125, -3, 0
125, -2, 0
125, -1, 0
125, -3, 0
309, -1, 0
193, -3, 0
122, -6, 0
125, -2, 0
126, -2, 0
124, -3, 0
125, -1, 0
125, -2, 0
125, -3, 0
126, -2, 0
124, -2, 0
125, -2, 1
125, -3, 0
126, -2, 0
124, -2, 0
126, -2, 0
124, -3, 0
125, -2, 0
125, -2, 0
125, -2, 0
126, -2, 0
125, -3, 1
124, -2, 0
125, -3, 0
125, -1, 0
125, -3, 0
125, -2, 0
125, -3, 0
125, -2, 1
126, -2, 0
124, -3, 0
125, -2, 0
125, -3, 0
126, -2, 0
124, -2, 0
125, -2, 1
125, -3, 0
125, -2, 0
125, -3, 0
125, -2, 0
125, -2, 1
125, -3, 0
125, -2, 0
125, -3, 0
125, -2, 0
125, -3, 1
125, -2, 0
125, -4, 0
125, -2, 0
125, -3, 1
125, -2, 0
125, -2, 0
125, -3, 0
125, -2, 0
125, -3, 1
125, -2, 0
125, -4, 0
125, -2, 0
136, -3, 1
120, -2, 0
126, -3, 0
123, -2, 1
124, -4, 0
125, -2, 0
126, -2, 0
124, -3, 0
125, -3, 1
125, -3, 0
125, -2, 0
126, -3, 1
131, -3, 0
121, -3, 0
127, -2, 1
125, -4, 0
123, -2, 0
124, -2, 0
125, -4, 1
124, -2, 0
126, -3, 1
124, -2, 0
126, -4, 0
125, -2, 1
124, -4, 0
126, -2, 0
124, -4, 1
125, -2, 0
125, -3, 0
124, -3, 1
125, -2, 0
124, -4, 1
136, -2, 0
113, -4, 1
124, -2, 0
126, -4, 0
124, -2, 1
125, -4, 0
125, -2, 1
126, -3, 0
124, -3, 0
125, -3, 1
126, -3, 0
125, -3, 1
124, -4, 0
126, -2, 0
124, -4, 1
125, -2, 0
126, -4, 1
125, -3, 0
125, -2, 1
125, -4, 0
124, -2, 1
125, -4, 0
126, -3, 1
125, -4, 0
125, -2, 1
125, -4, 0
124, -3, 1
125, -3, 0
126, -3, 1
125, -3, 0
124, -4, 1
126, -2, 0
125, -4, 1
124, -3, 0
126, -4, 1
124, -2, 0
127, -4, 1
123, -3, 0
126, -4, 1
125, -3, 0
125, -4, 1
125, -2, 0
237, -3, 1
263, -4, 1
124, -10, 1
126, -4, 1
124, -2, 0
125, -4, 1
125, -3, 1
127, -4, 0
123, -3, 1
124, -3, 0
126, -4, 1
124, -3, 0
125, -4, 1
126, -2, 1
125, -5, 0
124, -2, 1
126, -5, 1
125, -2, 0
126, -5, 1
126, -3, 0
124, -2, 1
124, -5, 1
125, -3, 0
125, -4, 1
125, -3, 0
125, -4, 1
125, -3, 1
125, -4, 0
125, -3, 1
125, -4, 1
125, -3, 0
125, -3, 1
125, -5, 1
125, -3, 0
125, -4, 1
125, -3, 1
125, -4, 0
125, -3, 1
125, -5, 1
127, -3, 0
122, -4, 1
126, -3, 1
127, -4, 1
123, -4, 0
126, -3, 1
123, -4, 1
125, -3, 0
126, -5, 1
123, -3, 1
127, -4, 0
124, -3, 1
125, -5, 1
125, -3, 0
125, -4, 1
126, -3, 1
124, -3, 1
125, -5, 0
125, -3, 1
125, -5, 1
125, -3, 1
125, -4, 0
125, -3, 1
125, -5, 1
125, -3, 1
125, -5, 1
125, -3, 0
125, -3, 1
125, -5, 1
125, -3, 0
125, -5, 1
125, -3, 1
125, -5, 1
125, -3, 0
132, -5, 1
124, -3, 1
124, -5, 1
125, -3, 1
125, -3, 0
126, -5, 1
124, -3, 1
124, -5, 1
129, -3, 0
124, -5, 1
123, -3, 1
125, -5, 1
125, -3, 0
125, -5, 1
125, -3, 1
127, -5, 1
124, -3, 1
124, -3, 0
125, -5, 1
125, -4, 1
125, -5, 1
126, -3, 1
123, -5, 1
126, -3, 1
125, -5, 0
125, -3, 1
126, -5, 1
128, -4, 1
123, -3, 0
126, -5, 1
121, -3, 1
125, -5, 1
122, -4, 1
124, -5, 1
125, -3, 1
125, -5, 1
126, -3, 0
125, -5, 1
124, -4, 1
129, -3, 1
121, -5, 1
125, -4, 0
125, -5, 2
125, -3, 0
126, -5, 1
124, -4, 1
127, -5, 1
128, -3, 1
124, -5, 1
124, -4, 1
126, -3, 0
128, -5, 1
121, -4, 1
126, -5, 1
123, -3, 1
124, -6, 1
124, -3, 1
125, -5, 1
278, -4, 1
223, -5, 1
124, -12, 3
125, -3, 0
125, -6, 1
125, -3, 1
125, -5, 1
126, -4, 1
125, -5, 1
124, -4, 1
126, -5, 1
124, -3, 1
126, -4, 0
125, -5, 2
124, -4, 0
125, -5, 1
125, -4, 1
126, -5, 1
126, -3, 1
126, -6, 1
124, -3, 1
125, -6, 1
125, -3, 1
125, -5, 1
125, -4, 1
125, -3, 0
126, -6, 1
124, -3, 1
125, -6, 2
125, -3, 0
134, -6, 1
118, -3, 1
125, -6, 1
124, -3, 1
125, -5, 1
127, -4, 1
123, -4, 1
126, -5, 1
124, -4, 0
125, -5, 2
127, -4, 0
125, -5, 1
124, -4, 1
126, -5, 1
124, -4, 1
126, -5, 1
128, -4, 1
123, -3, 1
124, -6, 1
123, -4, 0
125, -5, 1
125, -4, 1
126, -5, 1
124, -4, 1
126, -5, 1
126, -4, 1
125, -6, 1
125, -3, 1
135, -4, 1
115, -5, 1
123, -4, 1
125, -6, 1
125, -3, 1
125, -6, 1
125, -4, 1
125, -5, 1
125, -4, 1
125, -6, 1
125, -3, 1
125, -4, 0
127, -5, 2
123, -4, 0
126, -6, 2
124, -3, 0
125, -6, 1
124, -4, 1
128, -5, 1
124, -4, 1
126, -5, 1
123, -4, 1
125, -6, 1
124, -3, 1
126, -4, 1
125, -6, 1
128, -3, 1
126, -6, 1
121, -4, 1
125, -5, 1
125, -4, 1
124, -6, 1
125, -3, 1
126, -6, 1
124, -3, 1
125, -4, 0
126, -6, 2
124, -3, 0
125, -6, 1
126, -4, 1
125, -5, 2
124, -4, 0
126, -6, 2
125, -3, 0
125, -6, 2
125, -4, 0
125, -4, 1
124, -5, 1
126, -4, 1
127, -6, 1
123, -4, 1
125, -5, 1
125, -4, 1
124, -6, 1
126, -4, 1
125, -5, 1
125, -4, 1
125, -5, 1
125, -4, 1
125, -4, 1
125, -6, 1
125, -3, 1
136, -6, 1
119, -4, 1
124, -5, 1
126, -4, 1
124, -6, 1
125, -4, 1
125, -5, 1
125, -4, 1
126, -4, 1
125, -6, 1
124, -3, 1
344, -6, 1
154, -4, 1
124, -15, 3
125, -4, 1
125, -5, 1
125, -4, 1
125, -4, 1
125, -6, 1
125, -4, 1
125, -5, 1
125, -4, 1
125, -6, 1
125, -3, 1
125, -6, 1
125, -4, 1
121, -6, 1
125, -4, 1
125, -5, 1
125, -4, 1
125, -4, 1
126, -6, 1
126, -3, 1
124, -6, 1
125, -4, 1
125, -6, 1
124, -3, 1
126, -6, 1
125, -4, 1
126, -6, 1
125, -3, 1
123, -4, 1
127, -6, 1
123, -4, 1
125, -5, 1
125, -4, 1
125, -6, 1
128, -4, 1
125, -5, 1
124, -4, 1
125, -6, 1
124, -3, 1
126, -4, 0
125, -6, 2
123, -4, 0
125, -5, 2
124, -4, 0
126, -6, 1
125, -3, 1
137, -6, 1
120, -4, 1
124, -5, 1
125, -4, 1
126, -6, 1
125, -4, 1
124, -3, 1
125, -6, 1
127, -4, 1
127, -5, 1
124, -4, 1
126, -6, 1
124, -3, 0
123, -6, 2
125, -4, 0
128, -5, 2
123, -4, 0
123, -4, 1
125, -6, 1
125, -3, 1
126, -6, 1
124, -4, 1
125, -5, 1
125, -4, 1
125, -5, 1
125, -4, 1
126, -6, 1
124, -3, 1
127, -4, 0
127, -6, 2
125, -3, 0
119, -6, 2
131, -4, 0
117, -5, 1
125, -4, 1
126, -6, 1
124, -3, 1
125, -6, 1
128, -4, 1
124, -3, 1
125, -6, 1
125, -4, 0
163, -5, 2
86, -4, 0
125, -5, 1
125, -4, 1
125, -6, 1
126, -3, 1
124, -6, 1
124, -4, 1
126, -3, 1
125, -6, 1
126, -4, 1
126, -5, 1
123, -4, 1
124, -5, 1
126, -4, 0
129, -5, 1
122, -4, 1
125, -5, 1
126, -4, 1
126, -4, 1
124, -5, 1
126, -4, 0
124, -5, 2
124, -4, 0
127, -6, 1
125, -3, 1
123, -6, 1
123, -3, 1
126, -6, 1
124, -3, 1
125, -4, 0
125, -5, 1
126, -4, 1
127, -5, 1
122, -4, 1
127, -5, 1
125, -4, 1
123, -6, 1
125, -3, 0
125, -6, 2
125, -3, 0
125, -4, 1
239, -5, 1
264, -4, 1
124, -14, 3
124, -4, 0
124, -5, 1
125, -4, 1
124, -5, 1
125, -4, 1
125, -3, 0
127, -5, 1
126, -4, 1
125, -5, 1
125, -4, 1
126, -5, 1
125, -4, 0
123, -5, 1
126, -4, 1
122, -5, 1
125, -3, 1
125, -4, 0
127, -5, 2
126, -4, 0
132, -5, 1
118, -3, 1
126, -6, 1
123, -3, 1
132, -5, 0
118, -4, 1
125, -5, 1
123, -4, 1
127, -3, 0
121, -5, 1
129, -4, 1
123, -5, 1
123, -3, 1
135, -5, 1
128, -4, 0
118, -5, 1
124, -4, 1
124, -5, 1
124, -3, 1
124, -3, 0
126, -6, 1
124, -3, 1
128, -5, 1
130, -4, 0
124, -5, 1
121, -3, 1
122, -5, 1
130, -4, 1
121, -5, 1
125, -3, 0
127, -5, 1
125, -4, 1
129, -3, 1
123, -5, 1
128, -4, 0
123, -5, 1
127, -3, 1
123, -5, 1
126, -3, 0
124, -5, 1
125, -4, 1
130, -5, 1
126, -3, 1
120, -3, 0
123, -5, 1
127, -4, 1
127, -5, 1
122, -3, 0
125, -5, 1
126, -3, 1
125, -6, 1
124, -3, 0
129, -5, 1
121, -3, 1
124, -3, 1
127, -5, 1
125, -3, 0
125, -5, 1
125, -4, 1
122, -5, 1
128, -3, 0
132, -5, 1
118, -3, 1
128, -5, 1
120, -3, 0
123, -3, 1
125, -5, 1
124, -3, 0
128, -5, 1
120, -3, 1
126, -5, 1
127, -4, 0
127, -4, 1
130, -3, 1
117, -5, 1
126, -3, 0
132, -4, 1
118, -4, 1
122, -3, 0
127, -5, 1
123, -3, 0
131, -5, 1
120, -3, 1
131, -5, 1
125, -3, 0
122, -5, 1
126, -3, 1
127, -3, 1
123, -5, 0
125, -3, 1
124, -4, 1
123, -4, 0
125, -4, 1
125, -3, 1
125, -5, 1
124, -3, 0
125, -5, 1
125, -3, 1
126, -3, 0
124, -5, 1
126, -3, 0
124, -4, 1
125, -3, 1
125, -5, 1
135, -3, 0
133, -4, 1
108, -3, 1
126, -5, 1
153, -3, 0
265, -5, 1
205, -3, 1
130, -10, 1
120, -5, 1
125, -3, 1
128, -4, 1
123, -3, 0
124, -4, 1
125, -3, 1
126, -5, 0
122, -3, 1
124, -3, 0
126, -4, 1
126, -3, 1
124, -4, 0
126, -3, 1
126, -5, 1
125, -2, 0
123, -5, 1
125, -3, 1
124, -4, 0
127, -3, 1
123, -3, 1
125, -4, 0
125, -3, 1
126, -4, 1
125, -3, 0
125, -4, 1
125, -3, 0
126, -4, 1
125, -3, 1
124, -4, 0
126, -3, 1
124, -4, 1
125, -3, 0
125, -3, 1
125, -4, 0
124, -3, 1
128, -4, 1
125, -3, 0
123, -4, 1
124, -3, 0
126, -4, 1
124, -3, 1
125, -4, 0
126, -3, 1
124, -2, 0
126, -4, 1
124, -3, 0
125, -4, 1
125, -3, 1
125, -4, 1
125, -2, 0
125, -5, 1
126, -2, 0
126, -4, 1
123, -3, 0
125, -3, 1
125, -4, 0
125, -2, 1
125, -4, 1
125, -3, 0
126, -4, 1
129, -2, 0
121, -4, 1
124, -3, 0
125, -4, 1
125, -2, 1
125, -3, 0
125, -4, 1
147, -2, 0
103, -4, 1
125, -2, 0
125, -4, 1
128, -3, 0
122, -4, 1
125, -2, 0
125, -4, 1
125, -2, 1
125, -4, 0
125, -3, 1
125, -2, 0
125, -4, 1
125, -2, 0
125, -4, 1
130, -2, 0
126, -4, 1
129, -3, 0
119, -3, 1
127, -3, 0
124, -3, 1
127, -3, 0
201, -2, 1
56, -4, 0
124, -2, 1
122, -4, 0
127, -2, 1
128, -4, 0
118, -2, 1
127, -3, 0
123, -3, 1
129, -3, 0
122, -3, 1
136, -2, 0
120, -3, 1
120, -3, 0
134, -3, 1
117, -2, 0
129, -4, 1
117, -2, 0
132, -3, 1
120, -3, 0
125, -3, 1
124, -2, 0
120, -2, 0
127, -4, 1
128, -2, 0
124, -3, 1
123, -2, 0
124, -4, 1
125, -2, 0
127, -3, 1
125, -2, 0
124, -3, 1
125, -3, 0
126, -3, 0
124, -2, 1
125, -2, 0
125, -4, 1
125, -2, 0
125, -3, 1
335, -2, 0
165, -3, 1
124, -7, 1
125, -3, 0
125, -2, 1
125, -2, 0
124, -3, 0
126, -2, 1
126, -3, 0
123, -2, 0
125, -3, 1
125, -2, 0
125, -3, 1
125, -2, 0
125, -3, 1
126, -2, 0
124, -2, 0
124, -3, 1
126, -2, 0
125, -3, 0
126, -2, 1
125, -2, 0
124, -2, 0
125, -3, 1
125, -2, 0
124, -3, 1
126, -2, 0
125, -2, 0
125, -2, 1
125, -2, 0
125, -3, 0
136, -2, 1
115, -2, 0
125, -2, 0
126, -3, 1
124, -1, 0
124, -3, 1
126, -2, 0
126, -1, 0
122, -3, 0
123, -2, 1
125, -2, 0
125, -2, 1
125, -2, 0
125, -2, 0
127, -3, 0
123, -2, 1
125, -2, 0
125, -1, 0
125, -2, 1
125, -2, 0
125, -2, 0
125, -2, 0
125, -2, 1
125, -2, 0
125, -2, 0
125, -2, 1
125, -2, 0
125, -2, 0
125, -2, 0
125, -1, 0
125, -2, 1
125, -2, 0
125, -2, 0
140, -1, 1
113, -3, 0
123, -1, 0
124, -2, 0
125, -2, 1
127, -2, 0
126, -1, 0
123, -2, 0
124, -2, 1
125, -1, 0
125, -2, 0
125, -2, 0
125, -2, 1
125, -1, 0
132, -2, 0
120, -1, 0
124, -2, 0
125, -1, 1
125, -2, 0
126, -2, 0
126, -1, 0
122, -2, 0
125, -1, 1
125, -2, 0
125, -1, 0
125, -2, 0
125, -1, 0
125, -2, 1
125, -1, 0
125, -2, 0
125, -1, 0
125, -1, 0
125, -2, 0
125, -1, 0
125, -2, 1
125, -1, 0
125, -1, 0
126, -1, 0
124, -2, 0
125, -1, 1
125, -2, 0
125, -1, 0
125, -1, 0
125, -1, 0
125, -1, 0
125, -2, 0
125, -1, 0
131, -1, 0
126, -1, 1
132, -1, 0
117, -1, 0
127, -2, 0
122, -1, 0
124, -1, 0
125, -1, 0
126, -1, 0
125, -1, 0
130, -1, 1
122, -1, 0
128, -1, 0
123, -1, 0
124, -1, 0
127, -1, 0
137, -1, 0
113, -1, 0
123, -1, 0
134, -1, 0
120, -1, 0
254, -1, 1
242, -1, 0
123, -2, 0
125, -1, 0
124, -1, 0
127, -1, 0
244, -1, 0
126, -1, 0
125, -1, 0
246, -1, 0
128, -1, 0
248, -1, 0
127, -1, 0
125, -1, 0
248, -1, 0
250, -1, 0
128, -1, 0
247, -1, 0
250, -1, 0
250, -1, 0
250, -1, 0
375, -1, 0
250, -1, 0
376, -1, 0
374, -1, 0
501, -1, 0
501, -1, 0
1003, -1, 0
3000, 1, 0
373, 0, -1
377, 1, 0
500, 1, 0
373, 1, 0
374, 1, 0
253, 0, -1
124, 1, 0
378, 1, 0
249, 1, 0
373, 1, 0
251, 1, 0
249, 1, -1
249, 1, 0
250, 1, 0
248, 1, 0
127, 1, 0
247, 1, -1
250, 1, 0
129, 1, 0
251, 1, 0
126, 1, 0
249, 1, -1
124, 1, 0
401, 1, 0
228, 1, 0
128, 2, -1
120, 1, 0
125, 1, 0
248, 1, 0
128, 1, 0
124, 1, -1
123, 1, 0
248, 2, 0
250, 1, 0
127, 1, 0
124, 1, -1
124, 1, 0
127, 1, 0
124, 1, 0
125, 1, -1
126, 1, 0
127, 1, 0
120, 1, 0
126, 1, 0
129, 1, 0
123, 1, -1
123, 1, 0
149, 1, 0
105, 2, 0
245, 2, -1
128, 1, 0
125, 1, 0
126, 1, 0
128, 1, 0
125, 1, -1
140, 1, 0
111, 2, 0
123, 1, 0
126, 1, -1
123, 1, 0
129, 2, 0
121, 1, 0
124, 1, 0
125, 1, -1
125, 1, 0
123, 2, 0
127, 1, 0
122, 2, -1
125, 1, 0
125, 1, 0
125, 1, 0
125, 2, -1
125, 1, 0
140, 1, 0
110, 2, 0
125, 1, -1
125, 2, 0
125, 1, 0
162, 2, 0
99, 1, -1
124, 2, 0
134, 1, 0
126, 2, 0
123, 1, -1
135, 1, 0
108, 2, 0
122, 1, -1
128, 2, 0
123, 2, 0
125, 1, 0
122, 2, -1
125, 2, 0
126, 1, 0
125, 2, 0
133, 1, -1
119, 1, 0
129, 3, 0
123, 1, -1
128, 2, 0
124, 1, 0
124, 2, -1
123, 2, 0
123, 2, 0
125, 1, 0
124, 2, -1
126, 2, 0
124, 1, 0
127, 2, -1
128, 2, 0
119, 2, 0
124, 1, 0
124, 3, -1
124, 1, 0
125, 2, 0
124, 2, -1
126, 2, 0
125, 2, 0
125, 1, 0
127, 3, -1
124, 1, 0
124, 3, 0
127, 1, -1
123, 2, 0
124, 2, 0
126, 2, -1
124, 2, 0
125, 2, 0
125, 2, 0
125, 2, -1
126, 2, 0
123, 2, 0
127, 2, -1
125, 2, 0
125, 2, 0
125, 2, -1
128, 3, 0
124, 1, 0
126, 3, -1
129, 2, 0
128, 2, 0
121, 2, -1
122, 1, 0
123, 3, 0
138, 2, -1
116, 3, 0
120, 1, 0
124, 3, -1
125, 2, 0
123, 3, 0
125, 1, -1
326, 3, 0
178, 2, 0
123, 7, -1
124, 2, -1
125, 2, 0
126, 3, -1
124, 2, 0
125, 3, 0
126, 2, -1
125, 2, 0
125, 2, 0
125, 2, -1
126, 3, 0
122, 2, 0
125, 3, -1
124, 2, 0
130, 3, 0
133, 2, -1
124, 3, 0
124, 2, -1
122, 3, 0
137, 2, 0
116, 2, -1
123, 3, 0
123, 2, -1
136, 3, 0
122, 2, 0
124, 3, -1
124, 2, 0
121, 3, -1
126, 2, 0
127, 4, -1
122, 2, 0
123, 2, 0
124, 3, -1
125, 2, 0
126, 3, 0
125, 2, -1
125, 4, 0
124, 2, -1
126, 3, 0
126, 2, 0
132, 3, -1
126, 3, 0
121, 3, -1
124, 2, 0
132, 2, -1
132, 4, 0
105, 2, 0
129, 3, -1
123, 3, 0
121, 3, -1
124, 2, 0
123, 4, -1
127, 2, 0
124, 3, 0
128, 2, -1
136, 3, 0
120, 3, -1
157, 2, 0
93, 4, -1
125, 2, 0
121, 4, -1
124, 2, 0
146, 3, 0
170, 3, -1
67, 3, 0
169, 3, -1
83, 2, 0
121, 3, -1
121, 3, 0
125, 3, -1
132, 3, 0
118, 3, 0
124, 3, -1
126, 3, 0
125, 3, -1
146, 4, 0
306, 4, -1
49, 4, -1
131, 2, 0
116, 4, -1
125, 3, 0
122, 3, -1
129, 3, 0
126, 4, 0
128, 2, -1
120, 4, 0
132, 2, -1
117, 4, 0
126, 3, -1
128, 2, 0
122, 4, -1
126, 2, 0
125, 4, -1
125, 3, 0
128, 4, -1
123, 2, 0
127, 4, -1
123, 2, 0
127, 4, -1
122, 3, 0
125, 3, -1
133, 3, 0
119, 3, 0
124, 4, -1
125, 3, 0
132, 4, -1
132, 2, -1
113, 4, 0
136, 3, -1
117, 4, 0
311, 5, -1
59, 4, -1
123, 3, 0
132, 4, -1
123, 2, 0
126, 4, -1
124, 3, 0
144, 4, -1
105, 3, 0
124, 4, -1
128, 3, 0
144, 2, -1
115, 5, 0
131, 2, -1
106, 4, 0
129, 3, -1
123, 4, 0
125, 3, -1
320, 4, 0
183, 3, -1
118, 10, -1
126, 3, -1
124, 3, -1
125, 5, 0
123, 2, -1
125, 5, 0
126, 2, -1
124, 5, -1
126, 3, 0
125, 4, -1
124, 3, 0
125, 2, 0
127, 5, -1
124, 3, -1
124, 4, 0
125, 3, -1
131, 4, 0
125, 3, -1
134, 4, 0
121, 3, -1
120, 5, 0
124, 2, -1
125, 3, 0
129, 5, -1
122, 3, -1
141, 4, 0
109, 3, -1
128, 4, 0
122, 3, -1
125, 5, 0
124, 3, -1
132, 4, -1
138, 3, 0
107, 3, 0
126, 4, -1
140, 3, -1
114, 5, 0
127, 3, -1
124, 4, 0
123, 3, -1
125, 5, -1
125, 3, 0
134, 4, -1
113, 3, 0
124, 3, -1
158, 5, 0
84, 3, -1
126, 4, 0
124, 3, -1
125, 5, -1
126, 3, 0
127, 5, -1
124, 2, 0
129, 5, -1
124, 3, -1
138, 3, 0
113, 5, -1
120, 3, 0
128, 5, -1
121, 3, 0
125, 4, -1
126, 3, -1
124, 5, 0
126, 3, -1
126, 5, 0
124, 3, -1
123, 5, -1
126, 3, 0
125, 3, -1
124, 4, 0
124, 4, -1
125, 4, 0
127, 3, -1
132, 5, -1
148, 3, 0
99, 5, -1
124, 3, 0
126, 5, -1
141, 3, 0
106, 3, -1
128, 5, -1
123, 3, 0
125, 5, -1
125, 3, -1
125, 5, 0
124, 3, -1
126, 4, -1
127, 4, 0
123, 4, -1
126, 4, 0
125, 3, -1
128, 5, -1
124, 3, 0
129, 5, -1
121, 3, 0
122, 4, -1
126, 4, -1
123, 5, 0
130, 3, -1
122, 5, -1
124, 3, 0
126, 3, 0
124, 5, -1
125, 3, -1
126, 5, -1
124, 3, 0
127, 5, -1
126, 4, 0
128, 5, -1
125, 3, -1
126, 5, 0
125, 3, -1
119, 3, -1
124, 5, 0
125, 3, -1
126, 5, -1
124, 4, 0
125, 5, -1
126, 3, 0
125, 5, -1
125, 3, -1
126, 5, 0
125, 4, -1
125, 3, 0
124, 5, -1
138, 3, -1
116, 5, 0
122, 4, -1
127, 5, -1
277, 3, 0
220, 5, -1
139, 12, -2
113, 3, 0
125, 5, -1
124, 3, 0
129, 5, -1
121, 4, -1
121, 5, 0
125, 3, -1
125, 5, -1
126, 4, 0
125, 5, -1
124, 3, 0
125, 4, -1
125, 5, -1
125, 3, 0
125, 5, -1
126, 4, -1
124, 5, 0
125, 3, -1
126, 5, -1
124, 4, 0
131, 5, -1
141, 3, -1
110, 5, 0
126, 4, -1
124, 3, 0
126, 5, -1
126, 4, -1
144, 5, 0
104, 3, -1
124, 6, -1
124, 3, 0
124, 5, -1
128, 3, 0
125, 5, -1
122, 4, -1
126, 3, 0
125, 6, -1
125, 3, 0
125, 5, -1
126, 4, -1
124, 5, 0
125, 3, -1
125, 5, -1
125, 4, 0
124, 5, -1
127, 3, -1
123, 4, 0
125, 5, -1
124, 4, 0
123, 5, -1
124, 3, -1
125, 6, 0
125, 3, -1
125, 5, -1
126, 4, 0
126, 5, -1
128, 3, -1
122, 4, 0
126, 5, -1
123, 3, -1
124, 6, 0
126, 3, -1
127, 5, -1
123, 4, 0
125, 5, -1
125, 4, -1
125, 5, 0
126, 3, -1
123, 4, -1
125, 5, 0
125, 4, -1
126, 5, -1
124, 3, 0
125, 5, -1
125, 4, -1
125, 5, 0
125, 4, -1
125, 5, -1
125, 4, 0
126, 5, -1
128, 3, -1
124, 4, 0
123, 5, -1
125, 4, 0
125, 5, -1
125, 3, -1
125, 6, -1
126, 3, 0
124, 6, -1
125, 3, -1
125, 5, 0
125, 4, -1
125, 3, 0
125, 6, -1
124, 3, -1
125, 5, -1
126, 4, 0
125, 5, -1
178, 4, 0
75, 5, -1
124, 4, -1
125, 5, -1
125, 3, 0
125, 4, -1
125, 5, -1
125, 4, 0
125, 5, -1
125, 3, 0
125, 6, -1
125, 3, -1
125, 5, 0
125, 4, -1
125, 5, -1
125, 4, 0
125, 3, -1
125, 6, -1
125, 3, 0
125, 5, -1
129, 4, -1
122, 5, 0
126, 4, -1
123, 5, -1
125, 4, 0
125, 5, -1
140, 3, -1
116, 4, 0
119, 5, -1
125, 4, 0
315, 5, -1
184, 3, -1
122, 15, -2
125, 3, -1
125, 6, 0
125, 3, -1
125, 5, -1
125, 4, 0
125, 3, -1
125, 6, -1
125, 3, 0
125, 5, -1
125, 4, -1
125, 5, 0
125, 4, -1
125, 5, -1
125, 4, 0
125, 5, -1
125, 4, -1
131, 3, 0
125, 5, -1
125, 4, 0
125, 5, -1
124, 4, -1
125, 5, -1
125, 3, 0
131, 6, -1
119, 3, -1
125, 5, 0
125, 4, -1
125, 4, 0
126, 5, -1
125, 3, -1
125, 6, -1
127, 3, 0
123, 5, -1
124, 4, 0
126, 5, -1
124, 3, -1
126, 6, -1
124, 3, 0
125, 4, -1
125, 5, -1
125, 3, 0
125, 6, -1
125, 3, 0
125, 5, -1
120, 4, -1
127, 5, 0
124, 4, -1
125, 5, -1
125, 3, 0
125, 4, -1
125, 5, -1
125, 4, 0
130, 5, -1
123, 3, -1
125, 6, 0
125, 3, -1
125, 5, -1
125, 4, 0
125, 5, -1
125, 4, -1
125, 3, 0
125, 5, -1
125, 4, 0
125, 5, -1
125, 3, -1
124, 5, -1
126, 4, 0
125, 5, -1
125, 3, 0
125, 6, -1
125, 3, -1
126, 4, 0
124, 5, -1
125, 3, -1
125, 5, 0
125, 4, -1
128, 5, -1
122, 3, 0
124, 5, -1
125, 4, -1
125, 5, -1
124, 3, 0
126, 6, -1
124, 3, 0
126, 3, -1
124, 6, -1
126, 3, 0
122, 5, -1
125, 4, -1
125, 5, 0
125, 3, -1
126, 5, -1
125, 3, 0
125, 6, -1
125, 3, -1
124, 4, 0
125, 5, -1
125, 3, -1
126, 5, -1
124, 4, 0
126, 5, -1
125, 3, 0
124, 5, -1
125, 3, -1
126, 5, 0
124, 4, -1
125, 3, -1
126, 5, 0
124, 4, -1
126, 5, -1
126, 3, 0
128, 5, -1
126, 4, -1
122, 5, 0
125, 3, -1
124, 5, -1
126, 3, 0
125, 4, -1
125, 5, -1
124, 3, 0
126, 5, -1
124, 4, 0
125, 5, -1
126, 3, -1
124, 5, -1
128, 3, 0
122, 5, -1
125, 3, 0
125, 4, -1
234, 5, -1
276, 3, 0
113, 13, -2
126, 3, -1
124, 5, -1
125, 4, 0
125, 4, -1
125, 4, 0
124, 3, -1
126, 5, -1
131, 3, 0
121, 5, -1
124, 3, 0
126, 5, -1
125, 3, -1
124, 5, -1
125, 4, 0
125, 4, -1
126, 4, -1
125, 4, 0
125, 4, -1
125, 3, 0
125, 5, -1
124, 3, -1
125, 5, 0
126, 3, -1
125, 5, -1
124, 3, 0
126, 5, -1
125, 3, 0
124, 5, -1
134, 3, -1
121, 3, 0
122, 5, -1
126, 3, -1
125, 4, 0
125, 4, -1
125, 4, -1
125, 3, 0
125, 5, -1
125, 3, 0
125, 5, -1
125, 3, -1
125, 3, 0
125, 5, -1
125, 3, 0
125, 5, -1
126, 3, -1
124, 5, 0
125, 3, -1
125, 4, -1
125, 3, 0
125, 5, -1
125, 3, 0
125, 3, -1
125, 5, -1
125, 3, 0
125, 4, -1
125, 4, 0
123, 4, -1
124, 3, -1
124, 5, 0
125, 3, -1
124, 4, -1
126, 4, 0
124, 3, 0
126, 4, -1
125, 3, -1
127, 5, -1
123, 3, 0
125, 4, -1
125, 3, 0
125, 5, -1
125, 3, -1
125, 4, -1
125, 3, 0
125, 5, -1
125, 3, 0
125, 3, -1
125, 4, -1
125, 3, 0
124, 5, -1
127, 3, 0
124, 4, -1
125, 3, -1
125, 4, 0
124, 4, -1
126, 4, 0
125, 3, -1
125, 3, -1
125, 4, 0
125, 3, -1
125, 4, 0
125, 3, -1
125, 5, -1
125, 3, 0
125, 4, -1
125, 3, 0
125, 4, -1
125, 3, 0
125, 3, -1
125, 4, -1
125, 3, 0
125, 4, -1
125, 3, 0
125, 4, -1
125, 3, -1
130, 5, 0
123, 2, -1
124, 5, -1
126, 3, 0
125, 2, 0
122, 4, -1
125, 3, -1
125, 4, 0
125, 3, -1
125, 4, -1
125, 3, 0
125, 4, -1
125, 3, 0
125, 4, -1
126, 3, -1
125, 3, 0
125, 4, -1
125, 3, 0
124, 4, -1
125, 2, 0
125, 5, -1
127, 2, -1
123, 4, 0
125, 3, -1
269, 4, -1
231, 3, 0
124, 9, -2
125, 4, 0
125, 3, -1
126, 4, 0
124, 3, -1
126, 4, -1
126, 2, 0
123, 4, -1
126, 3, 0
124, 2, -1
125, 4, 0
125, 3, -1
128, 4, -1
125, 3, 0
128, 3, -1
120, 3, 0
132, 4, -1
118, 2, 0
124, 4, -1
126, 3, 0
126, 2, -1
124, 4, -1
124, 3, 0
125, 3, -1
125, 3, 0
125, 4, -1
125, 2, 0
126, 4, -1
124, 2, 0
125, 4, -1
125, 3, 0
125, 2, -1
125, 4, -1
126, 2, 0
124, 4, -1
125, 3, 0
126, 3, -1
124, 3, 0
125, 4, -1
126, 2, 0
124, 4, -1
125, 2, 0
125, 3, -1
125, 3, -1
125, 3, 0
126, 3, -1
125, 3, 0
125, 3, -1
125, 3, 0
124, 3, -1
125, 3, 0
126, 3, -1
125, 2, 0
125, 3, -1
124, 3, 0
125, 3, -1
130, 3, 0
125, 2, -1
127, 4, -1
124, 2, 0
124, 4, -1
127, 2, 0
122, 4, -1
125, 2, 0
125, 2, -1
125, 3, 0
125, 3, -1
126, 3, 0
124, 2, -1
125, 4, 0
126, 2, -1
124, 3, -1
126, 3, 0
124, 3, -1
125, 2, 0
126, 2, 0
125, 4, -1
125, 2, -1
124, 4, 0
126, 2, -1
124, 3, 0
126, 2, -1
124, 3, 0
131, 2, -1
120, 4, 0
121, 2, -1
126, 2, 0
125, 3, -1
134, 3, 0
117, 3, -1
126, 2, 0
123, 3, -1
124, 2, 0
124, 3, -1
126, 2, 0
124, 3, -1
125, 2, 0
125, 2, -1
126, 3, 0
125, 3, -1
124, 3, 0
125, 2, -1
125, 3, 0
125, 2, -1
125, 3, 0
125, 2, -1
125, 3, 0
125, 2, -1
125, 3, 0
125, 2, 0
125, 2, -1
125, 3, -1
125, 2, 0
125, 3, -1
126, 2, 0
125, 3, 0
125, 2, -1
126, 2, 0
123, 2, -1
126, 3, 0
124, 2, -1
125, 2, 0
125, 3, -1
125, 2, 0
126, 3, -1
125, 1, 0
124, 3, -1
125, 2, 0
125, 3, 0
316, 2, -1
186, 3, 0
123, 6, -2
125, 2, 0
125, 3, -1
126, 1, 0
124, 3, 0
125, 2, -1
125, 3, 0
125, 1, -1
125, 3, 0
125, 2, -1
125, 1, 0
125, 3, 0
125, 2, -1
126, 3, -1
124, 1, 0
126, 3, 0
125, 2, -1
124, 2, 0
126, 2, -1
124, 2, 0
125, 2, 0
125, 1, -1
126, 3, 0
124, 2, -1
126, 2, 0
124, 2, -1
126, 2, 0
124, 2, 0
125, 2, -1
125, 2, 0
125, 2, -1
125, 2, 0
125, 1, -1
125, 3, 0
125, 1, 0
125, 3, -1
125, 1, 0
125, 3, -1
125, 1, 0
125, 2, -1
125, 2, 0
125, 2, -1
125, 2, 0
125, 2, 0
125, 1, -1
125, 2, 0
126, 2, -1
124, 2, 0
125, 2, 0
125, 1, -1
126, 2, 0
124, 2, -1
125, 2, 0
125, 1, 0
125, 3, -1
125, 1, 0
125, 1, -1
125, 2, 0
125, 2, 0
125, 2, -1
125, 1, 0
125, 2, -1
126, 2, 0
124, 2, 0
125, 1, -1
125, 2, 0
125, 1, -1
125, 2, 0
125, 2, 0
125, 1, 0
125, 2, -1
125, 1, 0
138, 2, -1
117, 1, 0
124, 2, -1
127, 2, 0
124, 1, 0
124, 2, -1
125, 1, 0
127, 2, 0
123, 1, -1
125, 2, 0
125, 1, -1
126, 2, 0
124, 1, 0
125, 2, -1
125, 1, 0
125, 2, -1
125, 1, 0
125, 1, 0
125, 2, -1
125, 1, 0
125, 1, 0
125, 2, -1
125, 1, 0
125, 1, 0
125, 2, -1
125, 1, 0
125, 2, 0
124, 1, -1
123, 1, 0
124, 1, -1
125, 2, 0
125, 1, 0
125, 1, -1
125, 2, 0
125, 1, 0
124, 1, -1
126, 1, 0
125, 1, 0
125, 1, -1
125, 2, 0
125, 1, 0
125, 1, -1
127, 1, 0
124, 1, 0
127, 2, -1
246, 2, 0
126, 1, -1
125, 1, 0
124, 1, 0
125, 1, -1
125, 1, 0
125, 1, 0
126, 1, -1
126, 1, 0
123, 1, 0
125, 1, -1
126, 1, 0
222, 1, 0
31, 1, -1
122, 1, 0
125, 1, -1
125, 1, 0
247, 1, -1
128, 1, 0
124, 1, 0
126, 1, -1
125, 1, 0
125, 1, 0
128, 1, 0
122, 0, -1
125, 1, 0
125, 1, -1
125, 1, 0
125, 1, 0
247, 1, -1
128, 1, 0
129, 1, -1
249, 1, 0
122, 0, -1
124, 1, 0
125, 1, 0
125, 1, 0
125, 0, -1
125, 1, 0
247, 1, -1
128, 1, 0
247, 1, 0
128, 0, -1
125, 1, 0
247, 1, -1
250, 1, 0
128, 1, 0
125, 0, -1
125, 1, 0
247, 0, -1
128, 1, 0
247, 1, 0
129, 0, -1
124, 1, 0
372, 0, -1
129, 1, 0
247, 1, 0
131, 0, -1
369, 1, 0
250, 0, -1
250, 1, 0
375, 0, -1
131, 1, 0
369, 0, -1
375, 1, 0
250, 0, -1
625, 0, -1
754, 1, -1
746, 0, -1
749, 0, -1
501, -1, 0
127, 0, -1
748, -1, 0
127, 0, -1
500, -1, 0
250, 0, -1
126, -1, 0
499, -1, -1
378, -1, 0
371, -1, -1
375, -1, 0
397, -1, -1
228, -1, 0
374, -1, 0
128, 0, -1
125, -1, 0
247, -1, 0
128, 0, -1
125, -1, 0
249, -1, 0
249, -1, 0
127, 0, -1
124, -1, 0
247, -1, 0
252, -1, 0
127, 0, -1
124, -1, 0
247, -1, 0
128, -1, 0
125, 0, -1
125, -1, 0
125, -1, 0
247, -1, 0
251, -1, 0
127, -1, -1
248, -1, 0
250, -1, 0
127, -1, 0
125, -1, -1
247, -1, 0
128, -1, 0
247, -1, 0
128, -1, -1
125, -1, 0
247, -1, 0
128, -1, 0
125, -1, 0
247, -1, -1
128, -1, 0
125, -1, 0
125, -1, 0
247, -1, 0
128, -1, 0
125, -1, -1
125, -1, 0
125, -1, 0
125, -1, 0
125, -1, 0
251, -1, 0
128, -1, 0
126, -1, -1
124, -1, 0
125, -1, 0
127, -1, 0
123, -1, 0
125, -1, 0
125, -1, 0
126, -1, 0
124, -1, 0
245, -2, -1
130, -1, 0
127, -1, 0
245, -2, 0
129, -1, 0
125, -1, 0
125, -1, 0
125, -1, 0
124, -1, 0
126, -1, 0
125, -1, 0
125, -1, 0
125, -1, -1
126, -1, 0
122, -2, 0
126, -1, 0
120, -1, 0
125, -1, 0
125, -1, 0
125, -1, 0
125, -2, 0
127, -1, 0
124, -1, 0
126, -1, 0
125, -1, 0
125, -1, 0
124, -1, -1
125, -2, 0
125, -1, 0
125, -1, 0
125, -1, 0
125, -2, 0
125, -1, 0
125, -1, 0
125, -1, 0
125, -1, 0
125, -2, 0
125, -1, 0
125, -2, 0
125, -1, 0
125, -1, 0
126, -1, 0
124, -2, 0
126, -1, 0
128, -2, 0
124, -1, 0
124, -1, 0
124, -2, 0
130, -1, 0
122, -1, 0
131, -2, 0
119, -1, 0
122, -2, 0
313, -1, 0
187, -2, 0
124, -4, 0
126, -2, 0
125, -1, 0
124, -2, 0
126, -1, 0
124, -2, 0
125, -1, 0
125, -2, 0
125, -1, 0
125, -2, 0
125, -1, 0
125, -1, 0
125, -2, 0
126, -1, 0
125, -2, 0
125, -2, 0
124, -2, 0
126, -1, 0
124, -2, 0
127, -1, 0
124, -2, 0
131, -2, 0
121, -1, 0
125, -2, 0
124, -1, 0
125, -2, 0
125, -2, 0
125, -2, 0
127, -1, 0
123, -2, 0
126, -2, 0
124, -2, 0
125, -1, 0
125, -2, 0
125, -2, 0
125, -1, 0
125, -2, 0
126, -2, 0
125, -2, 0
127, -1, 0
124, -3, 1
125, -1, 0
125, -2, 0
123, -2, 0
125, -2, 0
126, -2, 0
124, -1, 0
124, -2, 0
125, -2, 0
125, -2, 0
125, -1, 0
125, -3, 0
125, -1, 1
125, -3, 0
125, -1, 0
129, -2, 0
131, -2, 0
119, -2, 0
125, -2, 0
125, -2, 0
131, -2, 0
119, -2, 1
125, -2, 0
124, -2, 0
125, -2, 0
126, -2, 0
126, -2, 0
125, -2, 0
125, -1, 1
124, -3, 0
125, -1, 0
125, -3, 0
127, -2, 0
124, -2, 0
124, -2, 0
125, -2, 0
125, -2, 1
125, -3, 0
125, -1, 0
125, -3, 0
126, -2, 0
126, -1, 0
125, -3, 1
124, -2, 0
127, -3, 0
120, -1, 0
128, -3, 0
125, -2, 1
124, -2, 0
124, -2, 0
124, -3, 0
124, -2, 0
125, -2, 0
126, -2, 1
124, -2, 0
125, -3, 0
125, -2, 0
126, -2, 1
124, -2, 0
126, -3, 0
124, -2, 0
124, -3, 0
124, -2, 0
126, -2, 1
125, -2, 0
125, -2, 0
125, -3, 0
124, -2, 0
126, -3, 1
125, -2, 0
125, -3, 0
125, -2, 0
126, -3, 1
124, -2, 0
125, -2, 0
126, -3, 0
125, -2, 1
124, -3, 0
133, -2, 0
117, -3, 1
125, -2, 0
126, -3, 0
125, -2, 0
124, -3, 1
125, -2, 0
125, -2, 0
125, -3, 1
125, -2, 0
125, -3, 0
125, -2, 0
232, -3, 1
19, -2, 0
124, -3, 0
125, -2, 1
125, -4, 0
125, -2, 0
125, -3, 0
125, -2, 1
124, -2, 0
127, -3, 0
124, -3, 1
125, -3, 0
125, -2, 0
127, -3, 1
124, -2, 0
125, -4, 0
125, -2, 1
125, -3, 0
124, -2, 0
125, -2, 1
125, -4, 0
125, -2, 0
125, -3, 1
125, -2, 0
124, -4, 0
125, -2, 1
126, -3, 0
128, -3, 1
124, -3, 0
124, -2, 0
125, -3, 1
123, -3, 0
125, -2, 0
125, -4, 1
125, -2, 0
127, -4, 1
124, -2, 0
125, -4, 0
124, -2, 1
125, -3, 0
125, -3, 1
125, -2, 0
125, -4, 1
125, -2, 0
125, -4, 0
135, -2, 1
119, -3, 0
123, -3, 1
126, -3, 0
126, -3, 1
124, -4, 0
125, -2, 0
124, -2, 1
125, -4, 0
126, -2, 1
124, -4, 0
125, -3, 0
125, -3, 1
125, -3, 0
125, -3, 1
125, -3, 0
125, -4, 1
126, -2, 0
124, -3, 1
125, -3, 0
126, -3, 1
125, -4, 0
124, -2, 1
125, -4, 0
125, -3, 1
126, -3, 0
132, -3, 1
131, -4, 0
117, -2, 1
123, -4, 0
125, -3, 1
125, -2, 0
124, -4, 1
125, -3, 0
125, -4, 1
127, -2, 0
123, -4, 1
126, -3, 0
127, -4, 1
123, -3, 0
124, -3, 1
125, -3, 0
125, -3, 1
129, -4, 0
121, -2, 1
126, -5, 0
124, -2, 1
125, -4, 1
125, -3, 0
125, -4, 1
125, -2, 0
125, -4, 1
125, -3, 0
125, -3, 1
122, -4, 0
124, -3, 1
125, -4, 0
125, -3, 1
125, -4, 1
124, -3, 0
125, -4, 1
127, -2, 0
124, -5, 1
125, -2, 1
125, -5, 0
125, -2, 1
125, -3, 0
125, -4, 1
125, -3, 0
125, -4, 1
125, -3, 1
125, -4, 0
125, -3, 1
125, -4, 1
124, -3, 0
126, -5, 1
125, -2, 0
125, -3, 1
128, -5, 1
127, -2, 0
121, -5, 1
128, -2, 0
124, -5, 1
121, -2, 1
125, -5, 0
125, -3, 1
125, -4, 1
125, -3, 0
273, -3, 1
228, -4, 0
125, -11, 2
125, -4, 1
125, -3, 1
125, -4, 0
125, -3, 1
132, -5, 1
119, -3, 0
124, -4, 1
126, -3, 1
124, -3, 0
125, -4, 1
128, -3, 0
122, -5, 1
124, -3, 1
125, -4, 1
125, -3, 0
125, -5, 1
125, -3, 0
125, -4, 1
126, -3, 1
124, -3, 0
126, -5, 1
125, -3, 1
125, -4, 1
124, -3, 0
125, -5, 1
125, -3, 1
126, -5, 0
124, -3, 1
125, -4, 1
125, -3, 0
125, -3, 1
125, -5, 1
125, -3, 0
125, -5, 1
125, -3, 1
125, -4, 1
125, -4, 0
125, -4, 1
125, -3, 1
125, -5, 0
125, -3, 1
125, -5, 1
125, -3, 0
126, -3, 1
125, -5, 1
125, -3, 0
125, -4, 1
126, -4, 1
124, -4, 1
125, -3, 0
124, -5, 1
126, -3, 1
125, -5, 1
125, -3, 0
125, -3, 1
125, -5, 1
125, -3, 0
125, -5, 1
135, -3, 1
119, -5, 1
129, -3, 0
121, -5, 1
125, -3, 1
125, -5, 1
125, -3, 0
127, -3, 1
123, -5, 1
125, -3, 0
125, -5, 1
125, -3, 1
125, -5, 1
126, -3, 0
124, -5, 1
132, -3, 1
118, -5, 1
125, -3, 0
125, -5, 1
125, -3, 1
129, -4, 1
123, -5, 0
124, -3, 1
124, -5, 1
127, -3, 1
123, -5, 1
125, -3, 0
125, -5, 1
122, -3, 1
125, -5, 1
124, -3, 0
124, -4, 1
126, -5, 1
125, -3, 0
124, -5, 1
126, -3, 1
128, -5, 1
123, -3, 1
126, -5, 0
124, -4, 1
127, -5, 1
126, -3, 1
122, -3, 0
124, -5, 1
125, -4, 1
126, -5, 1
125, -3, 0
124, -5, 1
125, -4, 1
125, -5, 1
125, -3, 1
126, -5, 1
124, -3, 0
125, -5, 1
126, -4, 1
124, -3, 1
126, -5, 0
124, -4, 1
125, -5, 1
126, -3, 1
125, -5, 1
124, -4, 0
125, -4, 1
126, -4, 1
124, -5, 1
125, -3, 0
130, -4, 1
121, -5, 1
124, -3, 1
126, -5, 1
312, -4, 0
188, -5, 1
124, -12, 2
125, -5, 1
125, -3, 1
125, -5, 1
125, -4, 1
125, -3, 0
125, -5, 1
125, -4, 1
125, -5, 1
125, -3, 1
125, -5, 1
125, -4, 0
125, -5, 1
125, -3, 1
126, -5, 1
124, -4, 1
125, -3, 0
125, -6, 1
125, -3, 1
126, -5, 1
125, -4, 0
125, -5, 1
125, -3, 1
125, -6, 1
124, -3, 1
125, -5, 1
131, -4, 0
119, -3, 1
126, -5, 1
124, -4, 0
124, -5, 1
126, -3, 1
125, -6, 1
125, -3, 1
125, -5, 1
125, -4, 0
124, -5, 1
126, -3, 1
125, -6, 1
126, -3, 1
124, -4, 0
125, -5, 1
125, -3, 1
125, -5, 1
125, -4, 1
125, -5, 1
126, -4, 0
124, -5, 1
125, -3, 1
125, -6, 1
125, -3, 0
124, -3, 1
126, -6, 1
125, -3, 1
125, -5, 1
125, -4, 0
125, -5, 1
125, -4, 1
125, -5, 1
126, -3, 1
124, -6, 0
124, -3, 1
126, -5, 1
125, -4, 1
125, -3, 1
125, -6, 0
124, -3, 1
126, -5, 1
125, -4, 1
125, -5, 1
125, -4, 0
124, -5, 1
126, -3, 1
137, -5, 1
119, -4, 0
124, -3, 1
124, -6, 1
126, -3, 0
124, -5, 2
124, -4, 0
125, -5, 1
126, -4, 1
124, -5, 1
127, -3, 0
124, -6, 1
125, -3, 1
125, -4, 1
124, -5, 1
125, -3, 0
125, -6, 1
125, -3, 1
125, -5, 1
126, -4, 0
124, -5, 1
125, -4, 1
126, -5, 1
124, -3, 1
125, -5, 1
125, -4, 0
126, -4, 1
124, -5, 1
122, -3, 0
124, -6, 1
125, -3, 1
125, -5, 1
125, -4, 1
125, -5, 0
125, -3, 1
125, -6, 1
125, -3, 1
125, -4, 0
125, -5, 1
125, -4, 1
125, -5, 1
125, -3, 0
125, -5, 1
125, -4, 1
125, -5, 1
125, -4, 0
125, -5, 2
126, -3, 0
127, -5, 1
125, -4, 1
124, -3, 0
124, -6, 1
124, -3, 1
126, -5, 1
124, -4, 0
125, -5, 1
125, -3, 1
222, -6, 1
27, -3, 0
127, -5, 1
135, -4, 1
114, -3, 0
125, -6, 1
125, -3, 1
125, -5, 1
125, -4, 1
125, -5, 0
125, -3, 1
125, -6, 1
125, -3, 1
125, -5, 0
125, -4, 1
125, -3, 1
125, -5, 1
125, -4, 0
126, -5, 1
124, -3, 1
125, -6, 1
125, -3, 0
125, -5, 1
125, -4, 1
125, -5, 1
125, -3, 0
125, -5, 1
125, -4, 1
125, -3, 0
125, -6, 1
125, -3, 1
125, -5, 1
125, -3, 0
125, -6, 1
125, -3, 1
125, -5, 1
125, -4, 0
125, -5, 1
125, -3, 1
125, -4, 0
125, -5, 1
125, -3, 1
125, -5, 1
125, -4, 0
125, -5, 1
125, -3, 0
125, -5, 1
125, -3, 1
136, -6, 1
120, -3, 0
125, -5, 1
124, -3, 1
124, -4, 0
125, -5, 1
125, -3, 1
125, -5, 1
125, -4, 0
125, -5, 1
125, -3, 1
125, -5, 1
125, -4, 0
125, -5, 1
125, -3, 0
125, -3, 1
125, -5, 1
125, -4, 1
125, -5, 0
126, -3, 1
130, -5, 1
120, -4, 0
125, -5, 1
124, -3, 1
125, -5, 1
125, -4, 0
126, -3, 1
125, -5, 0
124, -3, 1
122, -5, 1
124, -3, 0
125, -6, 1
125, -3, 1
126, -5, 1
127, -3, 0
123, -5, 1
124, -3, 0
126, -4, 1
124, -5, 1
125, -3, 0
125, -5, 1
126, -3, 1
124, -5, 1
125, -4, 0
125, -5, 1
125, -3, 1
126, -5, 0
124, -3, 1
125, -5, 1
125, -3, 0
125, -3, 1
125, -5, 1
125, -4, 0
126, -4, 1
125, -4, 1
125, -5, 0
125, -3, 1
125, -5, 1
125, -3, 0
124, -5, 1
125, -3, 0
125, -3, 1
126, -5, 1
125, -4, 0
124, -4, 1
125, -4, 0
126, -4, 1
126, -4, 1
124, -4, 1
124, -4, 0
126, -5, 1
124, -3, 0
126, -3, 1
125, -5, 1
124, -3, 0
125, -5, 1
125, -3, 0
129, -5, 1
125, -3, 1
125, -4, 0
122, -4, 1
125, -4, 1
124, -4, 0
125, -3, 1
125, -4, 0
273, -4, 1
228, -4, 1
124, -11, 1
125, -5, 1
126, -3, 1
126, -5, 0
124, -3, 1
125, -3, 0
124, -5, 1
125, -3, 1
125, -4, 0
125, -3, 1
125, -5, 1
125, -3, 0
125, -5, 1
125, -3, 0
125, -5, 1
125, -3, 0
125, -5, 1
125, -3, 1
126, -3, 0
126, -4, 1
125, -3, 0
126, -5, 1
127, -3, 1
122, -5, 0
123, -3, 1
126, -4, 1
123, -3, 0
126, -5, 1
125, -3, 0
125, -3, 1
125, -4, 0
125, -3, 1
125, -5, 1
125, -3, 0
125, -5, 1
124, -3, 0
125, -4, 1
125, -3, 0
126, -5, 1
124, -2, 0
126, -5, 1
125, -3, 1
124, -3, 0
126, -4, 1
125, -3, 0
125, -5, 1
125, -3, 0
125, -4, 1
125, -3, 1
124, -5, 0
126, -3, 1
124, -4, 0
125, -3, 1
125, -3, 0
126, -4, 1
125, -3, 0
125, -5, 1
124, -3, 0
126, -4, 1
125, -3, 0
147, -4, 1
109, -3, 1
123, -5, 0
125, -2, 1
125, -3, 0
125, -5, 1
125, -2, 0
125, -5, 1
125, -3, 0
125, -4, 1
125, -3, 0
125, -4, 1
125, -3, 0
125, -4, 1
125, -3, 0
125, -3, 1
125, -4, 1
124, -3, 0
125, -4, 1
126, -3, 0
125, -4, 1
126, -3, 0
125, -4, 1
127, -3, 0
125, -4, 1
123, -3, 0
124, -2, 1
125, -5, 0
126, -2, 1
120, -4, 0
125, -3, 0
125, -4, 1
125, -3, 1
125, -4, 0
125, -3, 1
124, -4, 0
125, -3, 0
126, -2, 1
124, -5, 1
126, -2, 0
125, -4, 0
125, -3, 1
124, -4, 0
126, -3, 1
124, -4, 0
126, -2, 1
125, -4, 0
125, -3, 1
125, -3, 0
125, -4, 1
125, -2, 0
126, -4, 1
124, -3, 0
125, -4, 1
125, -2, 0
126, -4, 0
124, -3, 1
125, -4, 1
125, -2, 0
126, -4, 1
126, -3, 0
124, -3, 0
128, -3, 1
130, -3, 0
118, -4, 1
124, -2, 0
124, -4, 0
125, -3, 1
125, -4, 0
308, -2, 1
194, -4, 0
123, -9, 1
125, -2, 1
125, -4, 0
124, -3, 1
125, -3, 0
126, -3, 1
125, -3, 0
125, -3, 0
125, -4, 1
124, -2, 0
126, -3, 1
125, -3, 0
125, -3, 1
126, -3, 0
129, -3, 0
120, -3, 1
125, -3, 0
125, -3, 1
124, -3, 0
126, -3, 0
125, -3, 1
125, -2, 0
125, -4, 1
124, -2, 0
125, -4, 0
126, -2, 1
125, -3, 0
124, -3, 1
126, -3, 0
124, -3, 0
126, -3, 1
126, -2, 0
124, -3, 0
125, -3, 1
125, -2, 0
124, -4, 0
126, -2, 1
124, -4, 0
125, -2, 1
125, -3, 0
125, -2, 0
126, -4, 1
125, -2, 0
124, -2, 0
126, -3, 1
124, -3, 0
126, -3, 0
128, -2, 1
122, -4, 0
124, -2, 0
126, -3, 1
125, -2, 0
124, -3, 0
125, -2, 1
126, -4, 0
125, -2, 0
124, -2, 0
129, -3, 1
121, -2, 0
126, -3, 1
125, -3, 0
125, -3, 0
124, -2, 0
125, -3, 1
126, -2, 0
125, -3, 0
125, -2, 0
125, -2, 1
130, -3, 0
124, -2, 0
125, -3, 1
125, -2, 0
125, -3, 0
125, -2, 0
124, -3, 1
126, -2, 0
125, -3, 1
124, -2, 0
125, -2, 0
126, -3, 0
125, -2, 1
125, -3, 0
124, -2, 0
125, -2, 0
126, -2, 1
127, -3, 0
125, -2, 0
126, -3, 0
124, -2, 1
123, -2, 0
124, -2, 0
126, -2, 0
125, -3, 0
125, -2, 1
124, -2, 0
125, -2, 0
122, -3, 1
125, -2, 0
124, -2, 0
126, -2, 0
124, -2, 0
128, -2, 0
123, -2, 1
126, -3, 0
125, -1, 0
124, -3, 1
128, -2, 0
123, -2, 0
124, -2, 0
125, -3, 0
125, -1, 0
125, -2, 1
125, -2, 0
125, -2, 0
125, -3, 0
125, -1, 0
126, -3, 1
125, -1, 0
124, -3, 0
125, -1, 0
126, -3, 0
125, -1, 0
124, -2, 1
126, -2, 0
125, -2, 0
124, -2, 0
126, -1, 0
124, -3, 1
125, -1, 0
125, -3, 0
226, -1, 0
25, -2, 0
124, -1, 0
125, -3, 0
125, -1, 1
126, -2, 0
123, -2, 0
126, -1, 0
124, -2, 0
126, -2, 0
124, -2, 0
126, -1, 1
126, -2, 0
124, -2, 0
126, -2, 0
124, -1, 0
124, -1, 0
126, -2, 0
124, -2, 0
126, -2, 0
125, -1, 1
126, -2, 0
124, -1, 0
125, -2, 0
125, -1, 0
125, -2, 0
124, -1, 0
125, -2, 0
125, -1, 0
125, -2, 0
126, -1, 0
125, -2, 0
125, -1, 1
124, -1, 0
125, -2, 0
126, -1, 0
125, -2, 0
124, -1, 0
126, -2, 0
124, -1, 0
126, -1, 0
125, -1, 0
125, -1, 0
124, -2, 0
126, -1, 0
125, -2, 0
125, -1, 0
125, -1, 1
125, -1, 0
125, -2, 0
247, -2, 0
127, -1, 0
125, -1, 0
126, -1, 0
124, -1, 0
126, -2, 0
247, -2, 0
128, -1, 0
125, -1, 0
125, -1, 0
124, -1, 0
126, -1, 0
125, -1, 0
125, -1, 0
125, -1, 0
124, -1, 0
126, -1, 0
125, -1, 0
124, -1, 0
126, -1, 0
247, -1, 0
127, -1, 0
131, -1, 0
126, -1, 0
124, -1, 0
126, -1, 0
245, -1, 0
130, -1, 0
124, -1, 0
246, -1, 0
131, -1, 0
251, -1, 0
122, -1, 0
124, -1, 0
246, -1, 0
251, -1, 0
128, -1, 0
250, -1, 0
248, -1, -1
251, -1, 0
250, -1, 0
248, -1, 0
251, -1, 0
375, -1, 0
371, -1, -1
250, -1, 0
500, -1, 0
627, -1, -1
633, -1, 0
765, 0, -1
1481, 0, -1
1120, 0, -1
625, 1, 0
373, 1, 0
128, 0, -1
498, 1, 0
375, 1, 0
127, 0, -1
248, 1, 0
375, 1, 0
250, 1, -1
375, 1, 0
250, 1, 0
127, 0, -1
126, 1, 0
247, 1, 0
250, 1, 0
252, 1, -1
259, 1, 0
116, 1, 0
246, 1, 0
128, 0, -1
125, 1, 0
130, 1, 0
244, 1, 0
130, 1, -1
243, 1, 0
132, 1, 0
125, 1, 0
244, 1, -1
135, 1, 0
241, 1, -1
130, 1, 0
126, 1, 0
125, 1, 0
125, 1, 0
243, 1, -1
132, 1, 0
130, 1, 0
123, 1, 0
124, 1, 0
125, 1, -1
122, 1, 0
125, 1, 0
125, 1, 0
125, 1, -1
246, 2, 0
125, 1, 0
125, 1, -1
125, 1, 0
248, 2, 0
128, 1, 0
125, 1, -1
125, 1, 0
125, 1, 0
125, 1, 0
126, 1, -1
128, 1, 0
124, 2, 0
129, 1, 0
122, 1, -1
127, 1, 0
123, 1, 0
125, 2, 0
126, 1, -1
123, 1, 0
125, 1, 0
125, 2, -1
125, 1, 0
125, 1, 0
125, 1, 0
125, 1, -1
124, 2, 0
125, 1, 0
126, 2, -1
125, 1, 0
124, 1, 0
125, 1, 0
127, 2, -1
124, 1, 0
127, 2, 0
123, 1, -1
308, 1, 0
195, 2, 0
123, 4, -1
123, 2, -1
124, 1, 0
126, 2, 0
124, 1, -1
125, 2, 0
125, 1, 0
125, 2, 0
125, 2, -1
125, 1, 0
126, 2, -1
124, 1, 0
126, 2, 0
124, 2, 0
127, 1, -1
123, 2, 0
125, 2, 0
126, 1, -1
124, 2, 0
125, 2, 0
125, 1, 0
125, 2, -1
125, 1, 0
125, 3, -1
125, 1, 0
125, 2, 0
125, 1, -1
125, 3, 0
125, 1, 0
125, 2, -1
126, 2, 0
124, 1, 0
126, 2, -1
123, 2, 0
126, 2, 0
125, 2, -1
125, 2, 0
125, 1, 0
125, 3, -1
125, 1, 0
125, 2, -1
125, 2, 0
125, 2, 0
125, 2, 0
125, 2, -1
125, 2, 0
125, 1, 0
125, 3, -1
125, 2, 0
125, 2, -1
124, 1, 0
126, 3, 0
125, 2, -1
124, 1, 0
126, 3, 0
125, 1, -1
124, 3, 0
126, 1, 0
125, 3, -1
124, 2, 0
126, 2, -1
125, 2, 0
125, 3, 0
124, 1, -1
132, 2, 0
124, 3, 0
124, 1, -1
125, 3, 0
125, 2, 0
125, 2, -1
126, 2, 0
125, 3, -1
124, 2, 0
125, 3, 0
125, 1, -1
125, 2, 0
125, 3, 0
125, 2, -1
125, 3, 0
128, 1, -1
122, 3, 0
125, 2, 0
125, 3, -1
125, 2, 0
125, 2, -1
125, 2, 0
125, 3, 0
125, 2, -1
125, 2, 0
124, 3, -1
126, 2, 0
125, 3, 0
122, 2, -1
123, 3, 0
125, 1, 0
126, 3, -1
125, 2, 0
125, 3, -1
125, 2, 0
125, 2, 0
125, 3, -1
124, 2, 0
125, 3, -1
125, 2, 0
126, 3, -1
125, 2, 0
125, 3, 0
124, 3, -1
125, 3, 0
126, 2, 0
125, 2, -1
125, 3, 0
125, 2, -1
124, 3, 0
125, 2, -1
125, 3, 0
125, 3, 0
126, 3, -1
124, 2, 0
126, 3, -1
124, 2, 0
129, 2, 0
125, 4, -1
125, 2, 0
125, 3, -1
123, 2, 0
124, 3, -1
125, 2, 0
123, 4, 0
126, 2, -1
221, 3, 0
31, 2, -1
125, 3, 0
122, 3, -1
125, 2, 0
125, 4, -1
125, 2, 0
125, 3, 0
124, 2, -1
125, 4, 0
126, 2, -1
124, 3, 0
125, 2, 0
126, 3, -1
124, 3, 0
126, 2, -1
124, 4, 0
126, 2, -1
124, 4, 0
125, 2, -1
125, 3, 0
125, 2, -1
126, 4, 0
125, 2, -1
125, 3, 0
124, 3, 0
125, 2, -1
125, 4, 0
125, 2, -1
125, 4, 0
126, 2, -1
124, 4, 0
126, 2, -1
124, 4, 0
125, 2, -1
125, 3, 0
125, 3, -1
125, 2, 0
125, 4, 0
126, 2, -1
124, 4, 0
125, 2, -1
125, 4, 0
126, 2, -1
124, 4, 0
127, 2, -1
123, 4, 0
126, 2, -1
124, 3, 0
126, 3, -1
125, 3, 0
125, 3, -1
124, 3, 0
125, 4, -1
125, 2, 0
126, 4, -1
125, 2, 0
124, 4, -1
125, 2, 0
129, 3, 0
125, 4, -1
125, 2, 0
125, 4, -1
126, 2, 0
125, 4, -1
124, 3, 0
126, 3, -1
124, 3, 0
126, 4, -1
124, 2, 0
126, 3, -1
125, 3, 0
125, 3, -1
125, 4, 0
126, 2, -1
123, 4, 0
127, 3, -1
123, 4, 0
126, 2, -1
125, 4, 0
124, 2, -1
126, 4, 0
124, 3, -1
126, 2, 0
124, 4, -1
128, 3, 0
128, 4, -1
118, 2, 0
126, 4, -1
124, 2, 0
124, 4, -1
130, 3, 0
123, 4, -1
125, 2, 0
126, 3, -1
123, 4, 0
126, 2, -1
125, 4, 0
124, 3, -1
127, 4, 0
123, 2, 0
126, 4, -1
124, 3, -1
126, 4, 0
124, 2, 0
126, 3, -1
124, 4, 0
125, 3, -1
125, 4, 0
126, 2, -1
126, 4, -1
123, 3, 0
126, 4, -1
124, 2, 0
125, 4, -1
126, 3, 0
125, 3, -1
124, 4, 0
127, 2, 0
123, 4, -1
125, 3, -1
125, 4, 0
127, 3, -1
126, 4, 0
124, 2, -1
123, 4, 0
126, 3, -1
124, 3, 0
125, 4, -1
125, 3, 0
126, 3, -1
125, 3, 0
124, 4, -1
268, 3, 0
236, 4, -1
120, 10, -2
124, 3, 0
125, 4, -1
125, 2, 0
125, 4, -1
125, 3, 0
125, 4, -1
125, 3, 0
125, 4, -1
125, 3, 0
125, 4, -1
127, 3, 0
124, 4, -1
125, 2, 0
126, 3, -1
123, 4, 0
125, 3, -1
125, 4, -1
125, 3, 0
126, 4, -1
124, 3, 0
126, 4, -1
124, 3, 0
125, 4, -1
125, 2, 0
126, 3, -1
124, 4, 0
125, 3, -1
127, 4, 0
126, 3, -1
125, 4, 0
122, 3, -1
125, 4, 0
124, 2, -1
124, 5, -1
125, 2, 0
126, 3, 0
124, 4, -1
125, 3, 0
125, 4, -1
125, 3, -1
125, 4, 0
125, 3, 0
125, 4, -1
125, 3, -1
126, 4, 0
125, 3, -1
124, 2, 0
125, 5, -1
125, 2, 0
125, 5, -1
125, 2, 0
125, 5, -1
125, 2, 0
125, 4, -1
125, 3, 0
125, 5, -1
125, 2, -1
125, 3, 0
125, 4, -1
125, 3, 0
125, 4, -1
125, 3, 0
125, 4, -1
125, 3, 0
125, 4, -1
125, 3, 0
125, 4, -1
125, 3, 0
125, 3, -1
145, 4, -1
112, 3, 0
124, 4, -1
126, 3, 0
124, 4, -1
124, 3, 0
126, 4, -1
126, 3, 0
128, 4, -1
122, 3, 0
124, 3, -1
124, 4, 0
125, 3, -1
126, 4, 0
127, 3, -1
124, 4, 0
125, 3, -1
124, 4, 0
125, 3, -1
125, 4, 0
125, 3, -1
125, 4, 0
125, 3, -1
125, 3, 0
125, 4, -1
125, 3, 0
125, 4, -1
124, 3, -1
123, 4, 0
125, 3, -1
124, 4, 0
125, 3, -1
125, 4, 0
125, 3, -1
125, 3, 0
125, 4, -1
125, 3, 0
125, 4, -1
125, 3, 0
125, 4, -1
125, 3, 0
125, 4, -1
125, 3, 0
125, 4, -1
125, 3, 0
125, 3, -1
125, 4, -1
125, 3, 0
125, 4, -1
125, 3, 0
125, 4, -1
126, 3, 0
126, 4, -1
125, 3, 0
125, 4, -1
122, 3, 0
124, 3, -1
125, 4, 0
125, 3, -1
300, 4, 0
200, 3, -1
125, 11, -1
125, 3, -1
125, 4, 0
125, 3, -1
125, 3, 0
125, 4, -1
125, 3, 0
125, 4, -1
125, 3, -1
125, 4, 0
125, 3, -1
125, 4, 0
125, 3, -1
125, 5, 0
125, 2, -1
125, 3, 0
125, 4, -1
125, 3, 0
125, 4, -1
126, 3, 0
124, 4, -1
125, 3, 0
125, 4, -1
125, 3, 0
126, 4, -1
124, 3, 0
125, 5, -1
125, 2, 0
125, 3, -1
125, 4, 0
125, 3, -1
125, 4, 0
125, 3, -1
125, 4, 0
125, 3, -1
125, 4, -1
125, 3, 0
125, 4, -1
125, 3, 0
125, 3, 0
125, 4, -1
125, 3, 0
125, 4, -1
125, 3, 0
126, 4, -1
124, 3, -1
125, 4, 0
125, 3, -1
125, 4, 0
125, 2, -1
125, 3, 0
125, 4, -1
126, 3, 0
125, 4, -1
124, 3, 0
125, 4, -1
137, 3, 0
117, 4, -1
125, 3, 0
125, 4, -1
125, 3, 0
125, 3, -1
125, 4, 0
126, 3, 0
125, 4, -1
125, 3, -1
125, 4, 0
125, 3, -1
125, 4, 0
125, 2, -1
125, 5, 0
125, 2, -1
125, 3, 0
129, 4, -1
121, 3, 0
125, 4, 0
125, 3, -1
126, 4, -1
124, 3, 0
125, 4, -1
135, 2, 0
122, 4, -1
127, 3, 0
137, 3, 0
105, 4, -1
122, 3, -1
125, 4, 0
126, 3, -1
124, 4, 0
125, 2, 0
125, 4, -1
125, 3, 0
125, 4, -1
125, 3, 0
124, 2, -1
126, 5, 0
125, 2, -1
124, 4, 0
126, 3, -1
126, 4, 0
124, 3, -1
125, 4, 0
125, 2, -1
125, 5, 0
125, 2, -1
125, 4, 0
125, 3, -1
125, 3, 0
124, 4, 0
126, 2, -1
125, 4, 0
125, 3, -1
129, 4, -1
121, 3, 0
125, 4, 0
125, 2, -1
124, 4, 0
126, 3, -1
125, 2, 0
124, 4, -1
126, 3, 0
125, 4, -1
125, 3, 0
125, 4, 0
126, 2, -1
124, 4, -1
125, 3, 0
125, 4, 0
125, 3, -1
124, 2, 0
218, 4, -1
31, 3, 0
125, 4, -1
124, 2, 0
125, 4, -1
125, 3, 0
125, 4, -1
125, 2, 0
125, 4, -1
125, 3, 0
125, 3, 0
125, 3, -1
126, 3, 0
124, 4, -1
125, 3, 0
126, 4, -1
126, 2, 0
123, 4, -1
125, 2, 0
125, 4, -1
125, 3, 0
125, 4, -1
126, 2, 0
124, 3, 0
125, 4, -1
125, 2, 0
125, 4, -1
125, 3, 0
125, 3, -1
125, 3, 0
125, 4, -1
125, 2, 0
125, 4, -1
125, 3, 0
125, 2, 0
125, 4, -1
125, 2, 0
125, 4, -1
125, 3, 0
125, 3, -1
125, 3, 0
125, 4, 0
125, 2, -1
125, 4, 0
125, 2, -1
125, 3, 0
125, 3, -1
125, 3, 0
125, 4, -1
125, 2, 0
125, 4, 0
125, 2, -1
125, 4, 0
125, 2, -1
125, 4, 0
125, 2, 0
125, 3, -1
125, 4, 0
125, 2, -1
125, 4, 0
125, 2, 0
125, 4, -1
125, 2, 0
125, 4, -1
125, 2, 0
125, 4, -1
125, 2, 0
125, 2, 0
125, 4, -1
125, 3, 0
138, 3, -1
116, 2, 0
125, 4, -1
125, 2, 0
125, 4, 0
125, 2, -1
125, 4, 0
124, 2, -1
126, 4, 0
125, 2, 0
125, 2, -1
125, 4, 0
125, 2, -1
124, 4, 0
126, 2, -1
124, 4, 0
126, 2, 0
126, 3, -1
125, 3, 0
129, 3, -1
123, 2, 0
123, 3, 0
127, 3, -1
123, 2, 0
125, 4, -1
125, 2, 0
125, 4, -1
144, 2, 0
102, 3, 0
125, 3, -1
125, 3, 0
125, 2, 0
125, 3, -1
125, 3, 0
124, 2, -1
126, 4, 0
124, 2, -1
125, 3, 0
126, 2, 0
125, 4, -1
124, 2, 0
125, 3, -1
125, 3, 0
125, 2, 0
126, 3, -1
124, 2, 0
126, 4, -1
124, 2, 0
125, 3, 0
125, 2, -1
125, 4, 0
125, 2, 0
126, 3, -1
124, 2, 0
126, 2, -1
134, 4, 0
121, 2, 0
124, 3, -1
125, 2, 0
126, 3, -1
125, 2, 0
124, 4, 0
126, 2, -1
253, 3, 0
243, 2, -1
123, 7, -1
125, 3, 0
125, 2, 0
125, 4, -1
125, 2, 0
125, 3, -1
125, 2, 0
125, 3, 0
125, 2, -1
125, 2, 0
125, 3, 0
125, 2, -1
125, 3, 0
125, 2, 0
125, 3, -1
125, 2, 0
125, 3, 0
125, 2, -1
125, 3, 0
125, 2, 0
127, 3, -1
123, 2, 0
125, 2, 0
125, 3, -1
125, 2, 0
125, 3, -1
125, 2, 0
125, 3, 0
125, 2, -1
125, 2, 0
124, 2, 0
126, 3, -1
125, 2, 0
125, 2, 0
125, 3, -1
125, 2, 0
124, 3, 0
126, 2, -1
125, 3, 0
125, 1, 0
125, 3, -1
125, 2, 0
125, 3, -1
124, 2, 0
125, 1, 0
126, 3, 0
125, 2, -1
125, 3, 0
125, 2, 0
124, 2, -1
126, 2, 0
125, 3, -1
125, 2, 0
124, 2, 0
126, 2, 0
139, 2, -1
116, 2, 0
126, 2, 0
124, 3, -1
124, 2, 0
125, 2, 0
125, 2, -1
125, 2, 0
126, 2, 0
125, 3, -1
124, 1, 0
126, 2, 0
125, 3, -1
124, 1, 0
126, 3, 0
124, 1, 0
125, 3, -1
126, 2, 0
124, 2, -1
125, 2, 0
125, 2, 0
126, 2, 0
125, 2, -1
126, 2, 0
127, 2, 0
124, 2, -1
131, 2, 0
120, 2, 0
123, 2, 0
119, 2, -1
125, 2, 0
125, 2, 0
124, 2, 0
126, 1, -1
124, 3, 0
125, 1, 0
126, 2, -1
125, 2, 0
124, 2, 0
126, 2, -1
124, 2, 0
125, 2, 0
125, 2, 0
126, 1, -1
125, 2, 0
125, 2, 0
125, 2, 0
128, 2, -1
122, 1, 0
125, 2, 0
125, 2, 0
125, 2, -1
125, 1, 0
125, 3, 0
125, 1, 0
125, 2, -1
125, 1, 0
125, 2, 0
127, 2, -1
123, 1, 0
125, 2, 0
125, 2, 0
125, 2, -1
124, 1, 0
126, 2, 0
125, 1, 0
125, 2, 0
124, 2, -1
126, 1, 0
124, 2, 0
126, 1, 0
125, 2, -1
124, 1, 0
125, 2, 0
301, 2, 0
200, 2, -1
125, 4, 0
125, 2, -1
125, 1, 0
125, 1, 0
124, 2, 0
126, 1, 0
125, 2, -1
124, 2, 0
126, 1, 0
125, 1, 0
125, 2, 0
125, 1, 0
126, 2, -1
124, 1, 0
124, 1, 0
125, 2, 0
125, 1, 0
126, 2, -1
125, 1, 0
125, 1, 0
124, 2, 0
126, 1, -1
124, 1, 0
125, 2, 0
125, 1, 0
126, 1, 0
125, 1, -1
125, 2, 0
124, 1, 0
125, 1, 0
125, 2, 0
125, 1, 0
125, 1, -1
125, 1, 0
126, 2, 0
125, 1, 0
247, 2, -1
128, 1, 0
124, 1, 0
125, 1, 0
126, 2, 0
124, 1, 0
126, 1, -1
131, 1, 0
122, 1, 0
125, 1, 0
124, 1, 0
125, 1, 0
126, 1, -1
124, 1, 0
125, 1, 0
125, 2, 0
247, 2, 0
129, 1, 0
124, 1, -1
247, 1, 0
128, 1, 0
125, 1, 0
125, 1, 0
125, 1, 0
125, 1, -1
125, 1, 0
135, 1, 0
119, 1, 0
126, 1, 0
125, 1, 0
124, 1, 0
245, 1, 0
132, 1, -1
124, 1, 0
125, 1, 0
244, 1, 0
131, 1, 0
125, 1, 0
125, 1, 0
243, 1, -1
133, 1, 0
123, 1, 0
245, 1, 0
130, 1, 0
125, 1, 0
244, 1, 0
250, 1, 0
131, 1, -1
245, 1, 0
248, 1, 0
250, 1, 0
128, 1, 0
247, 1, 0
250, 1, 0
250, 1, 0
250, 1, -1
250, 1, 0
250, 1, 0
407, 1, 0
218, 1, 0
406, 1, 0
344, 1, 0
250, 1, 0
631, 1, 0
496, 1, 0
654, 1, 0
721, 1, 0
1802, 1, 0
3235, -1, 0
1159, -1, 0
851, -1, 0
703, -1, 0
751, -1, 0
501, -1, 0
629, -1, 0
617, -1, 0
375, -1, 0
501, -1, 0
375, -1, 0
250, 0, 1
127, -1, 0
498, -1, 0
251, -1, 0
375, -1, 0
375, -1, 0
374, -1, 1
250, -1, 0
376, -1, 0
374, -1, 0
268, -1, 0
229, -1, 1
249, -1, 0
377, -1, 0
248, -1, 0
407, -1, 0
96, -1, 1
248, -1, 0
249, -1, 0
252, -1, 0
249, -1, 0
251, -1, 1
249, -1, 0
249, -1, 0
250, -1, 0
128, -1, 0
125, 0, 1
125, -1, 0
247, -1, 0
250, -1, 0
250, -1, 0
129, -1, 0
126, 0, 1
124, -1, 0
125, -1, 0
246, -1, 0
128, -1, 0
248, -1, 0
127, 0, 1
125, -1, 0
247, -1, 0
128, -1, 0
248, -1, 0
127, -1, 1
247, -1, 0
128, -1, 0
247, -1, 0
128, -1, 0
247, -1, 0
128, -1, 1
247, -1, 0
128, -1, 0
247, -1, 0
128, -1, 0
125, -1, 1
247, -1, 0
135, -1, 0
123, -1, 0
243, -1, 0
131, -1, 1
125, -1, 0
244, -1, 0
131, -1, 0
127, -1, 0
244, -1, 0
131, -1, 1
124, -1, 0
126, -1, 0
243, -1, 0
131, -1, 0
244, -2, 1
251, -1, 0
131, -1, 0
125, -1, 0
244, -1, 1
130, -1, 0
126, -1, 0
122, -1, 0
246, -1, 0
127, -1, 0
125, -1, 1
126, -1, 0
124, -1, 0
126, -1, 0
124, -1, 0
247, -1, 1
129, -1, 0
125, -1, 0
125, -1, 0
246, -2, 1
250, -1, 0
129, -1, 0
124, -1, 0
125, -1, 0
125, -1, 1
128, -1, 0
129, -1, 0
122, -1, 0
249, -2, 0
128, 0, 1
121, -1, 0
125, -1, 0
310, -1, 0
191, -1, 0
123, -3, 1
126, -1, 0
125, -1, 0
125, -1, 0
125, -1, 1
125, -1, 0
132, -1, 0
125, -1, 0
244, -2, 1
124, -1, 0
125, -1, 0
125, -1, 0
247, -2, 0
128, 0, 1
125, -2, 0
247, -2, 0
251, -2, 1
249, -2, 0
250, -2, 0
128, 0, 1
125, -1, 0
125, -2, 0
247, -2, 0
128, -1, 1
125, -1, 0
125, -1, 0
125, -1, 0
124, -1, 0
126, -1, 1
125, -1, 0
125, -1, 0
125, -1, 0
125, -1, 0
125, -1, 1
125, -1, 0
125, -1, 0
125, -1, 0
124, -1, 0
126, -1, 1
125, -1, 0
124, -1, 0
125, -1, 0
126, -2, 0
125, -1, 1
124, -1, 0
126, -1, 0
140, -1, 0
115, -1, 0
125, -1, 1
124, -1, 0
125, -1, 0
125, -1, 0
125, -1, 1
125, -1, 0
125, -1, 0
126, -2, 0
124, -1, 0
125, -1, 1
126, -1, 0
128, -1, 0
122, -1, 0
131, -1, 0
122, -1, 1
122, -2, 0
125, -1, 0
245, -2, 0
130, -1, 1
124, -1, 0
126, -1, 0
124, -1, 0
126, -1, 0
124, -2, 1
245, -2, 0
127, -1, 0
125, -1, 0
124, -1, 1
123, -1, 0
129, -1, 0
124, -1, 0
131, -2, 1
120, -1, 0
128, -1, 0
127, -1, 0
122, -1, 0
123, -1, 0
127, -1, 1
125, -2, 0
123, -1, 0
127, -1, 0
125, -1, 1
123, -1, 0
127, -1, 0
123, -2, 0
127, -1, 1
123, -1, 0
127, -1, 0
124, -1, 0
122, -1, 0
126, -1, 1
124, -2, 0
125, -1, 0
125, -1, 0
124, -1, 0
126, -1, 1
124, -1, 0
125, -2, 0
125, -1, 0
125, -1, 0
125, -1, 1
125, -1, 0
125, -2, 0
248, -2, 1
127, -1, 0
125, -1, 0
125, -1, 0
126, -2, 0
126, -1, 1
123, -1, 0
126, -1, 0
124, -1, 0
234, -1, 1
268, -1, 0
122, -4, 1
125, -1, 0
125, -2, 0
125, -1, 0
125, -1, 0
125, -1, 1
125, -1, 0
125, -1, 0
125, -1, 0
125, -2, 0
125, -1, 1
125, -1, 0
125, -1, 0
127, -2, 0
124, -1, 1
127, -1, 0
125, -1, 0
123, -1, 0
124, -1, 0
125, -1, 1
125, -2, 0
125, -1, 0
125, -1, 0
125, -1, 1
125, -2, 0
125, -1, 0
124, -1, 0
126, -1, 0
125, -1, 1
125, -1, 0
125, -1, 0
125, -2, 0
125, -1, 0
125, -1, 1
125, -1, 0
125, -2, 0
125, -1, 0
125, -1, 1
124, -1, 0
126, -1, 0
125, -1, 0
125, -1, 0
125, -2, 1
124, -1, 0
126, -1, 0
125, -1, 0
125, -1, 1
125, -2, 0
124, -1, 0
126, -1, 0
125, -1, 0
125, -1, 1
125, -2, 0
125, -1, 0
125, -1, 0
125, -1, 1
125, -1, 0
125, -2, 0
132, -1, 0
120, -1, 0
126, -1, 0
129, -1, 1
120, -1, 0
124, -2, 0
248, -1, 0
128, -2, 1
124, -1, 0
125, -1, 0
125, -1, 0
126, -2, 1
253, -2, 0
131, -1, 0
126, -1, 0
125, -1, 1
123, -1, 0
124, -2, 0
124, -1, 0
126, -1, 0
124, -1, 0
127, -1, 1
125, -1, 0
124, -2, 0
244, -2, 0
127, -1, 0
125, -1, 1
125, -1, 0
125, -1, 0
124, -1, 0
125, -1, 1
125, -2, 0
126, -1, 0
126, -1, 0
124, -1, 0
125, -1, 1
125, -1, 0
125, -1, 0
124, -1, 0
120, -1, 0
127, -2, 1
124, -1, 0
126, -1, 0
124, -1, 0
126, -1, 0
124, -1, 0
126, -1, 1
124, -1, 0
125, -2, 0
125, -1, 0
125, -1, 0
125, -1, 0
126, -1, 1
124, -1, 0
126, -1, 0
124, -1, 0
126, -1, 0
124, -2, 1
126, -1, 0
124, -1, 0
126, -1, 0
125, -1, 0
132, -1, 0
121, -1, 1
127, -1, 0
122, -1, 0
123, -1, 0
124, -1, 1
266, -2, 0
237, -2, 0
121, -2, 0
125, -1, 1
125, -1, 0
125, -1, 0
125, -1, 0
124, -1, 0
125, -1, 0
126, -1, 1
124, -1, 0
125, -1, 0
126, -1, 0
125, -2, 0
128, 0, 1
122, -1, 0
125, -2, 0
247, -2, 0
250, -2, 1
128, -1, 0
124, -1, 0
126, -1, 0
130, -1, 0
123, -1, 0
125, -1, 1
124, -1, 0
125, -1, 0
125, -1, 0
125, -1, 0
125, -1, 0
125, -1, 1
125, -1, 0
125, -1, 0
125, -1, 0
125, -1, 0
125, -1, 0
125, -1, 0
125, 0, 1
125, -2, 0
247, -2, 0
128, -1, 0
125, -1, 0
125, 0, 1
125, -2, 0
127, -1, 0
124, -1, 0
246, -1, 0
128, -1, 0
125, -1, 1
125, -1, 0
125, -1, 0
125, -1, 0
125, -1, 0
125, -1, 0
125, -1, 1
133, -1, 0
122, -1, 0
125, -1, 0
124, -1, 0
244, -1, 0
132, -1, 1
125, -1, 0
125, -1, 0
124, -1, 0
126, -1, 0
124, -1, 0
126, -1, 0
125, 0, 1
125, -1, 0
126, -1, 0
123, -1, 0
126, -1, 0
135, -1, 0
116, -1, 0
123, -1, 1
243, -2, 0
250, -1, 0
133, -1, 0
127, -1, 0
144, -1, 0
220, -1, 1
128, -1, 0
124, -1, 0
124, -1, 0
126, -1, 0
124, -1, 0
248, -1, 0
128, -1, 1
125, -1, 0
246, -1, 0
129, -1, 0
125, -1, 0
125, -1, 0
125, -1, 0
247, -1, 1
128, -1, 0
125, -1, 0
125, -1, 0
248, -1, 0
128, -1, 0
124, -1, 1
248, -1, 0
127, -1, 0
125, -1, 0
248, -1, 0
127, -1, 0
247, -1, 0
128, -1, 0
125, -1, 1
125, -1, 0
125, -1, 0
249, -1, 0
126, -1, 0
248, -1, 0
302, -1, 0
201, 0, 1
123, -3, 0
248, -1, 0
127, -1, 0
248, -1, 0
127, -1, 0
248, -1, 0
128, -1, 1
247, -1, 0
128, -1, 0
247, -1, 0
127, -1, 0
248, -1, 0
127, -1, 0
248, -1, 1
128, -1, 0
246, -1, 0
251, -1, 0
128, -1, 0
247, -1, 0
127, -1, 0
125, 0, 1
125, -1, 0
125, -1, 0
247, -1, 0
250, -1, 0
128, -1, 0
247, -1, 0
250, -1, 0
250, -1, 0
128, -1, 0
125, 0, 1
126, -1, 0
124, -1, 0
248, -1, 0
375, -1, 0
128, -1, 0
247, -1, 0
127, 0, 1
125, -1, 0
247, -1, 0
128, -1, 0
402, -1, 0
220, -1, 0
128, -1, 0
247, -1, 0
250, -1, 1
252, -1, 0
250, -1, 0
250, -1, 0
251, -1, 0
374, -1, 0
249, -1, 0
250, -1, 0
132, 0, 1
125, -1, 0
244, -1, 0
250, -1, 0
375, -1, 0
249, -1, 0
251, -1, 0
374, -1, 0
250, -1, 1
374, -1, 0
250, -1, 0
375, -1, 0
250, -1, 0
250, -1, 0
375, -1, 0
375, -1, 0
380, -1, 0
252, -1, 1
370, -1, 0
377, -1, 0
429, -1, 0
346, -1, 0
375, -1, 0
378, -1, 0
218, 0, 1
128, -1, 0
401, -1, 0
473, -1, 0
374, -1, 0
532, -1, 0
342, -1, 0
530, -1, 0
501, -1, 0
401, -1, 0
71, 0, 1
498, -1, 0
532, -1, 0
500, -1, 0
471, -1, 0
792, -1, 0
456, -1, 0
626, 0, 1
131, -1, 0
619, -1, 0
752, -1, 0
621, -1, 0
906, -1, 0
883, -1, 0
868, -1, 0
876, 0, 1
217, -1, 0
1002, -1, 0
1251, -1, 0
1498, -1, 0
1785, -1, 0
1494, 0, 1
345, -1, 0
3034, -1, 0
4392, -1, 0
573, 0, 1
3801, -1, 0
1500, 0, 1
3343, -1, 1
2891, 0, 1
592, -1, 0
1757, 0, 1
1907, -1, 0
586, 0, 1
2127, 0, 1
247, -1, 0
1912, 0, 1
621, -1, 0
1759, 0, 1
488, -1, 0
1124, 0, 1
1251, -1, 0
344, 0, 1
1377, -1, 0
499, 0, 1
1375, -1, 0
501, 0, 1
1124, -1, 0
626, 0, 1
1125, -1, 0
374, 0, 1
915, -1, 0
763, 0, 1
703, -1, 0
746, 0, 1
778, -1, 0
498, 0, 1
626, -1, 0
1004, 0, 1
394, -1, 0
977, -1, 0
98, 0, 1
1026, 0, 1
98, -1, 0
1154, -1, 0
219, 0, 1
1049, -1, 0
84, 0, 1
811, -1, 0
622, 0, 1
438, -1, 0
766, 0, 1
108, -1, 0
872, -1, 0
128, 0, 1
873, -1, 0
249, 0, 1
501, -1, 0
500, 0, 1
500, -1, 0
501, 0, 1
248, -1, 0
752, -1, 0
298, 0, 1
586, -1, 0
245, 0, 1
622, -1, 0
374, 0, 1
251, -1, 0
681, 0, 1
71, -1, 0
780, -1, 0
97, 0, 1
557, -1, 0
187, 0, 1
528, -1, 0
504, 0, 1
94, -1, 0
623, -1, 0
127, 0, 1
527, -1, 0
345, 0, 1
251, -1, 0
624, -1, 1
529, -1, 0
221, 0, 1
376, -1, 0
376, 0, 1
249, -1, 0
631, -1, 1
506, -1, 0
250, 0, 1
251, -1, 0
497, 0, 1
133, -1, 0
490, -1, 0
131, 0, 1
373, -1, 0
367, 0, 1
126, -1, 0
500, -1, 0
127, 0, 1
497, -1, 0
250, 0, 1
128, -1, 0
497, -1, 1
626, -1, 0
127, 0, 1
345, -1, 0
285, 0, 1
115, -1, 0
526, -1, 0
99, 0, 1
247, -1, 0
533, -1, 1
496, -1, 0
98, 0, 1
373, -1, 0
250, 0, 1
128, -1, 0
509, -1, 1
488, -1, 0
250, -1, 1
625, -1, 1
404, -1, 0
221, 0, 1
128, -1, 0
497, -1, 1
500, -1, 0
128, 0, 1
247, -1, 0
407, -1, 0
102, 0, 1
372, -1, 0
249, -1, 1
501, -1, 1
497, -1, 0
250, 0, 1
131, -1, 0
369, -1, 0
131, 0, 1
244, -1, 0
249, 0, 1
262, -1, 0
373, -1, 1
370, -1, 0
247, 0, 1
249, -1, 0
250, 0, 1
128, -1, 0
374, -1, 0
247, 0, 1
128, -1, 0
499, -1, 1
373, -1, 0
127, 0, 1
248, -1, 0
374, -1, 1
500, -1, 1
250, -1, 0
376, 0, 1
128, -1, 0
516, -1, 0
235, 0, 1
122, -1, 0
247, -1, 1
501, -1, 1
404, -1, 0
220, 0, 1
128, -1, 0
405, -1, 1
343, -1, 0
250, 0, 1
127, -1, 0
499, -1, 1
384, -1, 0
240, 0, 1
127, -1, 0
372, -1, 1
529, -1, 0
98, 0, 1
248, -1, 0
250, 0, 1
128, -1, 0
530, -1, 1
342, -1, 0
128, 0, 1
247, -1, 0
377, -1, 1
501, -1, 1
246, -1, 0
533, -1, 1
389, -1, 0
81, 0, 1
406, -1, 0
217, 0, 1
128, -1, 0
498, -1, 1
249, -1, 0
250, 0, 1
250, -1, 0
504, -1, 1
383, -1, 0
247, 0, 1
251, -1, 0
373, -1, 1
499, -1, 1
384, -1, 0
241, 0, 1
250, -1, 0
250, 0, 1
250, -1, 0
375, -1, 0
127, 0, 1
248, -1, 0
251, 0, 1
251, -1, 0
547, 0, 1
200, -1, 0
244, -1, 0
128, 0, 1
372, -1, 0
250, 0, 1
250, -1, 0
407, -1, 1
498, -1, 0
97, 0, 1
374, -1, 0
249, 0, 1
250, -1, 0
407, 0, 1
97, -1, 0
534, -1, 1
493, -1, 0
96, 0, 1
403, -1, 0
220, 0, 1
251, -1, 0
376, 0, 1
248, -1, 0
537, -1, 1
498, -1, 1
592, -1, 0
126, 0, 1
402, -1, 0
220, 0, 1
250, -1, 0
661, -1, 1
498, -1, 1
729, 0, 1
119, -1, 0
498, -1, 1
620, -1, 0
128, 0, 1
372, -1, 0
406, 0, 1
396, -1, 0
353, 0, 1
220, -1, 0
531, 0, 1
96, -1, 0
764, -1, 1
621, -1, 1
746, -1, 0
131, 0, 1
618, -1, 0
133, 0, 1
617, -1, 0
128, 0, 1
492, -1, 0
376, 0, 1
498, -1, 0
376, 0, 1
499, -1, 0
251, 0, 1
499, -1, 0
375, 0, 1
500, -1, 0
376, 0, 1
686, -1, 0
189, 0, 1
624, -1, 0
251, 0, 1
926, -1, 1
948, -1, 1
1001, 0, 1
128, -1, 0
871, 0, 1
251, -1, 0
499, 0, 1
876, -1, 0
250, 0, 1
875, 0, 1
128, -1, 0
921, 0, 1
579, -1, 0
249, 0, 1
998, 0, 1
402, -1, 0
608, 0, 1
1047, -1, 1
1101, 0, 1
618, -1, 0
346, 0, 1
1154, 0, 1
1029, 0, 1
77, -1, 0
928, 0, 1
982, 0, 1
1083, -1, 1
1142, 0, 1
995, 0, 1
1119, 0, 1
622, -1, 0
499, 0, 1
1126, 0, 1
1189, 0, 1
813, 0, 1
999, 0, 1
995, 0, 1
907, 0, 1
878, -1, 0
393, 0, 1
852, 0, 1
880, 0, 1
993, 0, 1
876, 0, 1
974, 0, 1
1003, 0, 1
874, 0, 1
874, 0, 1
1061, 0, 1
755, 0, 1
868, 0, 1
839, 0, 1
851, 0, 1
794, 0, 1
827, 0, 1
905, 0, 1
757, 0, 1
712, 0, 1
878, 0, 1
787, 0, 1
869, 0, 1
872, 0, 1
724, 0, 1
810, 0, 1
753, 0, 1
814, 0, 1
749, 0, 1
748, 0, 1
875, 0, 1
769, 0, 1
790, 0, 1
874, 0, 1
567, 0, 1
831, 0, 1
813, 0, 1
768, 0, 1
710, 0, 1
659, 0, 1
872, 0, 1
748, 0, 1
751, 0, 1
845, 0, 1
908, 0, 1
497, 1, 0
96, 0, 1
750, 0, 1
791, 0, 1
586, 0, 1
808, 0, 1
699, 0, 1
874, 0, 1
624, 0, 1
374, 1, 0
375, 0, 1
843, 0, 1
746, 0, 1
719, 0, 1
790, 0, 1
648, 0, 1
124, 1, 0
622, 0, 1
781, 0, 1
719, 0, 1
802, 0, 1
453, 1, 0
247, 0, 1
781, 0, 1
782, 0, 1
597, 0, 1
748, 1, 1
728, 0, 1
842, 0, 1
655, 1, 1
623, 0, 1
753, 0, 1
747, 0, 1
375, 1, 0
375, 0, 1
716, 0, 1
730, 0, 1
52, 1, 0
628, 0, 1
818, 0, 1
556, 0, 1
252, 1, 0
623, 0, 1
745, 0, 1
661, 0, 1
91, 1, 0
498, 0, 1
877, 0, 1
404, 1, 0
218, 0, 1
780, 0, 1
752, 0, 1
95, 1, 0
529, 0, 1
758, 0, 1
88, 1, 0
780, 0, 1
625, 0, 1
468, 1, 0
250, 0, 1
760, 0, 1
498, 1, 0
252, 0, 1
747, 0, 1
501, 1, 0
133, 0, 1
838, 0, 1
527, 1, 0
252, 0, 1
692, 0, 1
431, 1, 0
253, 0, 1
806, 0, 1
319, 1, 0
394, 0, 1
723, 1, 1
781, 0, 1
508, 1, 0
332, 0, 1
825, 1, 1
708, 0, 1
342, 1, 0
405, 0, 1
738, 1, 1
766, 0, 1
401, 1, 0
470, 0, 1
626, 1, 0
96, 0, 1
923, 1, 1
734, 0, 1
342, 1, 0
375, 0, 1
375, 1, 0
375, 0, 1
500, 1, 0
380, 0, 1
623, 1, 0
129, 0, 1
745, 1, 0
129, 0, 1
802, 1, 1
822, 1, 1
803, 1, 1
775, 0, 1
52, 1, 0
750, 1, 1
866, 1, 1
656, 1, 0
217, 0, 1
501, 1, 0
376, 0, 1
554, 1, 0
194, 0, 1
250, 1, 0
528, 0, 1
222, 1, 0
655, 0, 1
97, 1, 0
526, 1, 0
222, 0, 1
528, 1, 0
222, 0, 1
500, 1, 0
375, 0, 1
250, 1, 0
655, 1, 1
470, 1, 0
375, 0, 1
377, 1, 0
252, 0, 1
377, 1, 0
624, 1, 1
625, 1, 0
376, 0, 1
130, 1, 0
494, 0, 1
130, 1, 0
493, 1, 0
375, 0, 1
252, 1, 0
627, 1, 1
499, 1, 0
134, 0, 1
366, 1, 0
625, 1, 1
498, 1, 0
378, 0, 1
122, 1, 0
497, 1, 0
249, 0, 1
408, 1, 0
499, 0, 1
95, 1, 0
433, 1, 0
470, 0, 1
98, 1, 0
524, 1, 0
223, 0, 1
128, 1, 0
524, 1, 0
222, 0, 1
251, 1, 0
527, 1, 0
350, 0, 1
127, 1, 0
497, 1, 0
249, 0, 1
253, 1, 0
502, 1, 0
130, 0, 1
369, 1, 0
499, 1, 1
376, 1, 0
501, 1, 0
132, 0, 1
369, 1, 0
498, 1, 0
129, 0, 1
370, 1, 0
374, 1, 0
376, 0, 1
128, 1, 0
495, 1, 0
250, 0, 1
127, 1, 0
498, 1, 0
376, 1, 0
127, 0, 1
373, 1, 0
499, 1, 0
375, 1, 1
375, 1, 0
628, 1, 1
373, 1, 0
500, 1, 0
374, 1, 1
503, 1, 0
375, 1, 0
124, 0, 1
404, 1, 0
343, 1, 0
501, 1, 1
406, 1, 0
414, 1, 0
463, 1, 1
394, 1, 0
477, 1, 0
220, 0, 1
249, 1, 0
405, 1, 0
471, 1, 0
404, 1, 1
400, 1, 0
476, 1, 0
399, 1, 0
73, 0, 1
403, 1, 0
345, 1, 0
532, 1, 0
224, 0, 1
128, 1, 0
369, 1, 0
507, 1, 0
370, 1, 1
499, 1, 0
374, 1, 0
500, 1, 0
253, 0, 1
128, 1, 0
494, 1, 0
373, 1, 0
377, 1, 0
126, 0, 1
376, 1, 0
374, 1, 0
497, 1, 0
250, 0, 1
127, 1, 0
505, 1, 0
442, 1, 0
302, 1, 0
374, 0, 1
126, 1, 0
373, 1, 0
501, 1, 0
528, 1, 0
220, 0, 1
252, 1, 0
403, 1, 0
501, 1, 0
401, 1, 0
505, 1, 1
467, 1, 0
501, 1, 0
520, 1, 0
325, 1, 0
128, 0, 1
400, 1, 0
403, 1, 0
579, 1, 0
502, 1, 0
246, 0, 1
252, 1, 0
498, 1, 0
517, 1, 0
481, 1, 0
507, 1, 1
497, 1, 0
502, 1, 0
621, 1, 0
500, 1, 0
249, 0, 1
125, 1, 0
625, 1, 0
500, 1, 0
500, 1, 0
624, 1, 0
374, 0, 1
127, 1, 0
611, 1, 0
389, 1, 0
623, 1, 0
498, 1, 0
249, 0, 1
388, 1, 0
616, 1, 0
498, 1, 0
625, 1, 0
498, 1, 0
127, 0, 1
373, 1, 0
625, 1, 0
628, 1, 0
497, 1, 0
501, 1, 0
126, 0, 1
498, 1, 0
501, 1, 0
499, 1, 0
625, 1, 0
500, 1, 0
378, 0, 1
126, 1, 0
496, 1, 0
500, 1, 0
625, 1, 0
627, 1, 0
624, 1, 0
499, 1, 0
626, 1, 0
499, 1, 0
626, 1, 0
137, 0, 1
373, 1, 0
718, 1, 0
409, 1, 0
618, 1, 0
632, 1, 0
494, 1, 0
401, 1, 0
723, 1, 0
627, 1, 0
368, 1, 0
784, 1, 0
590, 1, 0
501, 1, 0
628, 1, 0
621, 1, 0
552, 1, 0
625, 1, 0
625, 1, 0
505, 1, 0
622, 1, 0
450, 1, 0
634, 1, 0
630, 1, 0
544, 1, 0
586, 1, 0
608, 1, 0
503, 1, 0
619, 1, 0
503, 1, 0
625, 1, 0
563, 1, 0
557, 1, 0
500, 1, 0
626, 1, 0
512, 1, 0
744, 1, 0
494, 1, 0
625, 1, 0
498, 1, 0
631, 1, 0
500, 1, 0
497, 1, 0
665, 1, 0
345, 0, -1
120, 1, 0
620, 1, 0
531, 1, 0
635, 1, 0
461, 1, 0
566, 1, 0
555, 1, 0
384, 0, -1
123, 1, 0
628, 1, 0
494, 1, 0
518, 1, 0
605, 1, 0
496, 1, 0
251, 0, -1
250, 1, 0
628, 1, 0
499, 1, 0
632, 1, 0
502, 1, 0
491, 1, 0
501, 1, 0
373, 0, -1
249, 1, 0
502, 1, 0
625, 1, 0
499, 1, 0
499, 1, 0
635, 1, 0
247, 0, -1
246, 1, 0
524, 1, 0
510, 1, 0
589, 1, 0
506, 1, 0
371, 0, -1
134, 1, 0
671, 1, 0
443, 1, 0
697, 1, 0
427, 1, 0
555, 1, 0
198, 0, -1
374, 1, 0
626, 1, 0
504, 1, 0
500, 1, 0
624, 1, -1
624, 1, 0
520, 1, 0
610, 1, 0
616, 1, 0
377, 0, -1
135, 1, 0
637, 1, 0
729, 1, 0
498, 1, 0
628, 1, 0
373, 0, -1
250, 1, 0
628, 1, 0
632, 1, 0
493, 1, 0
748, 1, 0
624, 1, 0
501, 0, -1
259, 1, 0
616, 1, 0
499, 1, 0
749, 1, 0
626, 1, 0
753, 1, 0
121, 0, -1
427, 1, 0
844, 1, 0
775, 1, 0
610, 1, 0
945, 1, 0
544, 1, 0
370, 0, -1
505, 1, 0
738, 1, 0
769, 1, 0
907, 1, 0
724, 1, 0
1002, 1, 0
903, 1, -1
715, 1, 0
986, 1, 0
1063, 1, 0
951, 1, 0
1139, 1, 0
1345, 1, 0
825, 1, 0
1064, 1, 0
1446, 1, 0
1291, 1, 0
1501, 1, 0
1620, 1, 0
2014, 1, 0
1992, 1, 0
2252, 1, 0
3017, 1, 0
3071, 1, 0
3926, 1, 0
4236, 1, 0
3125, 1, 0
2778, 0, 1
1090, 1, 0
3376, 1, 0
1492, 0, 1
1251, 1, 0
3181, 0, 1
188, 1, 0
2570, 1, 0
873, 0, 1
1560, 1, 0
2275, 0, 1
115, 1, 0
2673, 1, 0
91, 0, 1
2141, 1, 0
820, 0, 1
1825, 1, 0
860, 0, 1
1231, 1, 0
1119, 0, 1
1494, 1, 0
871, 0, 1
1437, 1, 0
1089, 0, 1
1237, 1, 0
1130, 0, 1
1489, 1, 0
621, 0, 1
1999, 1, 0
619, 0, 1
1754, 1, 0
118, 0, 1
1921, 1, 0
220, 0, 1
2003, 1, 0
97, 0, 1
1755, 1, 1
1874, 1, 0
142, 0, 1
1747, 1, 0
110, 0, 1
1760, 1, 0
112, 0, 1
1509, 1, 0
707, 0, 1
1420, 1, 0
615, 0, 1
1375, 1, 0
880, 0, 1
1243, 1, 0
504, 0, 1
1526, 1, 0
873, 0, 1
975, 1, 0
1143, 0, 1
983, 1, 0
1123, 0, 1
753, 1, 0
1381, 0, 1
505, 1, 0
1617, 0, 1
119, 1, 0
1521, 1, 0
739, 0, 1
1123, 1, 0
989, 0, 1
636, 1, 0
1538, 1, 0
83, 0, 1
1372, 1, 0
997, 0, 1
536, 1, 0
1231, 1, 0
504, 0, 1
985, 1, 0
1377, 1, 1
1371, 1, 0
747, 0, 1
537, 1, 0
1090, 1, 0
744, 0, 1
510, 1, 0
1259, 1, 0
989, 1, 0
243, 0, 1
1013, 1, 0
1011, 0, 1
104, 1, 0
1035, 1, 0
998, 1, 0
717, 0, 1
372, 1, 0
1010, 1, 0
994, 1, 0
123, 0, 1
880, 1, 0
871, 1, 0
998, 1, 1
1003, 1, 0
871, 1, 0
624, 0, 1
374, 1, 0
879, 1, 0
875, 1, 0
1019, 1, 1
857, 1, 0
622, 1, 0
1009, 1, 0
120, 0, 1
748, 1, 0
876, 1, 0
875, 1, 0
783, 1, 1
841, 1, 0
874, 1, 0
750, 1, 0
499, 0, 1
374, 1, 0
751, 1, 0
749, 1, 0
875, 1, 0
627, 0, 1
125, 1, 0
874, 1, 0
749, 1, 0
663, 1, 0
791, 1, 1
823, 1, 0
471, 1, 0
905, 1, 0
749, 1, 0
471, 0, 1
129, 1, 0
774, 1, 0
723, 1, 0
641, 1, 0
736, 1, 0
374, 0, 1
374, 1, 0
500, 1, 0
753, 1, 0
747, 1, 0
624, 1, 0
753, 1, 0
126, 0, 1
498, 1, 0
625, 1, 0
751, 1, 0
625, 1, 0
777, 1, 0
475, 1, 0
246, 0, 1
501, 1, 0
625, 1, 0
833, 1, 0
540, 1, 0
658, 1, 0
217, 0, 1
502, 1, 0
624, 1, 0
651, 1, 0
756, 1, 0
620, 1, 0
599, 1, 0
625, 1, 0
249, 0, 1
376, 1, 0
751, 1, 0
632, 1, 0
744, 1, 0
624, 1, 0
499, 0, 1
126, 1, 0
633, 1, 0
621, 1, 0
623, 1, 0
749, 1, 0
626, 1, 0
933, 1, 0
314, 1, 0
373, 0, 1
375, 1, 0
628, 1, 0
756, 1, 0
619, 1, 0
651, 1, 0
629, 1, 0
592, 1, 0
132, 0, 1
621, 1, 0
762, 1, 0
616, 1, 0
679, 1, 0
716, 1, 0
725, 1, 0
503, 0, 1
127, 1, 0
676, 1, 0
698, 1, 0
874, 1, 0
623, 1, 0
624, 1, 0
875, 1, 0
624, 1, 0
250, 0, 1
626, 1, 0
625, 1, 0
876, 1, 0
875, 1, 0
807, 1, 0
819, 1, 0
747, 1, 0
531, 0, 1
221, 1, 0
909, 1, 0
840, 1, 0
884, 1, 0
866, 1, 0
1002, 1, 0
625, 0, 1
125, 1, 0
881, 1, 0
1244, 1, 0
877, 1, 0
997, 1, 0
1124, 1, 0
374, 0, 1
500, 1, 0
1008, 1, 0
1125, 1, 0
1149, 1, 0
1222, 1, 0
1249, 1, 1
1031, 1, 0
1349, 1, 0
1282, 1, 0
1086, 1, 0
1274, 1, 0
102, 0, 1
1251, 1, 0
1379, 1, 0
1121, 1, 0
1501, 1, 0
875, 0, 1
620, 1, 0
1450, 1, 0
1331, 1, 0
1505, 1, 0
1467, 0, 1
133, 1, 0
1496, 1, 0
1750, 1, 0
1372, 1, 0
1503, 1, 1
1751, 1, 0
1504, 1, 0
1501, 1, 0
1566, 1, 0
172, 0, 1
1501, 1, 0
1248, 1, 0
1877, 1, 0
1506, 1, 0
1040, 0, 1
454, 1, 0
1627, 1, 0
1748, 1, 0
1657, 1, 0
1152, 0, 1
443, 1, 0
1786, 1, 0
1865, 1, 0
1757, 1, 0
1626, 1, 0
845, 0, 1
1046, 1, 0
1825, 1, 0
1876, 1, 0
2005, 1, 0
366, 0, 1
1637, 1, 0
2126, 1, 0
1906, 0, 1
84, 1, 0
2077, 1, 0
2349, 1, 0
2083, 1, 0
991, 0, 1
1504, 1, 0
3128, 1, 0
2874, 1, 0
2498, 0, 1
1876, 1, 0
5250, 1, 0
3756, 0, 1
7565, 1, 0
46327, 0, 1
13611, 1, 0
11499, 0, 1
2248, 1, 0
16411, 0, 1
5748, 1, 0
2226, 0, 0
156043, 0, 0
187703, -1, 0
12928, 0, -1
15586, -1, 0
