1856, 0, 1
356, 1, 0
1371, 1, 0
251, 0, 1
998, 1, 0
750, 0, 1
751, 1, 0
1037, 0, 1
720, 1, 0
1640, 0, 1
105, 1, 0
2142, 1, 0
1992, 1, 0
3124, 1, 0
24884, -1, 0
76764, -1, 0
2206, -1, 0
873, -1, 0
876, -1, 0
624, -1, 0
626, -1, 0
814, -1, 0
308, -1, 0
502, -1, 0
500, -1, 0
499, -1, 0
250, 0, 1
251, -1, 0
374, -1, 0
547, -1, 0
327, -1, 0
407, -1, 0
343, -1, 0
375, -1, 0
125, 0, 1
249, -1, 0
412, -1, 0
338, -1, 0
411, -1, 0
340, -1, 0
374, -1, 0
250, -1, 0
126, 0, 1
249, -1, 0
375, -1, 0
250, -1, 0
375, -1, 0
383, -1, 0
244, -1, 1
252, -1, 0
372, -1, 0
251, -1, 0
374, -1, 0
250, -1, 0
126, 0, 1
248, -1, 0
254, -1, 0
248, -1, 0
249, -1, 0
249, -1, 0
252, -1, 1
408, -1, 0
216, -1, 0
249, -1, 0
251, -1, 0
250, -1, 0
125, 0, 1
125, -1, 0
375, -1, 0
126, -1, 0
249, -1, 0
250, -1, 0
249, 0, 1
126, -1, 0
250, -1, 0
250, -1, 0
250, -1, 0
250, -1, 0
132, 0, 1
123, -1, 0
246, -1, 0
249, -1, 0
250, -1, 0
250, -1, 0
250, -1, 0
250, -1, 1
250, -1, 0
250, -1, 0
250, -1, 0
249, -1, 1
251, -1, 0
250, -1, 0
252, -1, 0
248, -1, 0
250, -1, 1
249, -1, 0
254, -1, 0
251, -1, 0
248, -1, 0
249, -1, 0
250, -1, 1
380, -1, 0
247, -1, 0
249, -1, 1
249, -1, 0
250, -1, 0
249, -1, 0
251, -1, 0
249, -1, 0
250, -1, 1
250, -1, 0
251, -1, 0
417, -1, 0
207, -1, 0
251, -1, 1
420, -1, 0
205, -1, 0
252, -1, 0
248, -1, 0
248, 0, 1
125, -1, 0
253, -1, 0
374, -1, 0
374, -1, 0
249, -1, 1
252, -1, 0
374, -1, 0
250, -1, 0
416, -1, 0
334, -1, 0
250, -1, 0
125, 0, 1
250, -1, 0
375, -1, 0
249, -1, 0
376, -1, 0
375, -1, 0
375, -1, 0
125, 0, 1
250, -1, 0
376, -1, 0
379, -1, 0
370, -1, 0
499, -1, 0
500, -1, 0
375, -1, 0
125, 0, 1
555, -1, 0
726, -1, 0
719, -1, 1
1125, 0, 1
1000, 0, 1
1000, 0, 1
756, 0, 1
802, 0, 1
820, 1, 1
671, 0, 1
328, 1, 0
565, 0, 1
312, 1, 0
412, 0, 1
497, 1, 0
90, 0, 1
663, 1, 0
336, 0, 1
249, 1, 0
667, 0, 1
84, 1, 0
666, 0, 1
84, 1, 0
499, 1, 0
250, 0, 1
416, 1, 0
584, 1, 0
126, 0, 1
415, 1, 0
618, 1, 0
91, 0, 1
376, 1, 0
379, 1, 0
372, 0, 1
125, 1, 0
502, 1, 0
498, 1, 0
374, 1, 0
125, 0, 1
375, 1, 0
500, 1, 0
375, 1, 0
125, 0, 1
376, 1, 0
378, 1, 0
496, 1, 0
248, 0, 1
126, 1, 0
406, 1, 0
498, 1, 0
345, 1, 0
126, 0, 1
249, 1, 0
417, 1, 0
333, 1, 0
504, 1, 1
373, 1, 0
374, 1, 0
409, 1, 0
216, 0, 1
126, 1, 0
374, 1, 0
375, 1, 0
376, 1, 1
249, 1, 0
408, 1, 0
343, 1, 0
406, 1, 1
344, 1, 0
251, 1, 0
373, 1, 0
375, 1, 1
251, 1, 0
406, 1, 0
218, 1, 0
375, 1, 0
125, 0, 1
126, 1, 0
406, 1, 0
218, 1, 0
406, 1, 0
94, 0, 1
125, 1, 0
377, 1, 0
248, 1, 0
250, 1, 0
409, 1, 1
216, 1, 0
406, 1, 0
225, 1, 0
371, 1, 1
249, 1, 0
249, 1, 0
376, 1, 0
125, 1, 0
375, 1, 0
249, 1, 1
250, 1, 0
375, 1, 0
250, 1, 0
249, 1, 0
411, 1, 0
90, 1, 0
126, 0, 1
125, 1, 0
409, 1, 0
215, 1, 0
249, 1, 0
251, 1, 0
250, 1, 0
251, 1, 1
249, 1, 0
250, 1, 0
250, 1, 0
250, 1, 0
250, 1, 0
250, 1, 0
411, 1, 0
213, 1, 0
251, 1, 0
126, 1, 1
249, 1, 0
375, 1, 0
253, 1, 0
122, 1, 0
378, 1, 0
247, 1, 0
125, 1, 0
378, 1, 0
248, 1, 0
124, 1, 0
250, 1, 0
250, 1, 0
266, 1, 0
239, 1, 0
247, 1, 0
129, 0, 1
122, 1, 0
248, 1, 0
250, 1, 0
251, 1, 0
250, 1, 0
248, 1, 0
250, 1, 0
250, 1, 0
250, 1, 0
250, 1, 0
250, 1, 0
250, 1, 0
250, 1, 0
250, 1, 0
250, 1, 0
250, 1, 0
251, 1, 0
250, 1, 0
248, 1, 0
250, 1, 0
126, 1, 0
404, 1, 0
220, 1, 0
250, 1, 0
250, 1, 0
250, 1, 0
250, 1, 0
251, 1, 0
249, 1, 0
250, 1, 0
250, 1, 0
250, 1, 0
250, 1, 0
250, 1, 0
408, 1, 0
93, 1, 0
404, 1, 0
223, 1, 0
248, 1, 0
252, 1, 0
248, 1, 0
250, 1, 0
375, 1, 0
251, 1, 0
248, 1, 0
250, 1, 0
127, 0, -1
249, 1, 0
250, 1, 0
250, 1, 0
407, 1, 0
342, 1, 0
251, 1, 0
249, 1, 0
408, 1, 0
217, 1, 0
376, 1, 0
375, 1, 0
250, 1, 0
374, 1, 0
250, 0, -1
126, 1, 0
249, 1, 0
501, 1, 0
249, 1, 0
407, 1, 0
474, 1, 0
246, 1, 0
503, 1, 0
372, 1, 0
375, 1, 0
125, 0, -1
380, 1, 0
405, 1, 0
466, 1, 0
566, 1, 0
308, 1, 0
670, 1, 0
496, 1, 0
208, 0, -1
377, 1, 0
624, 1, 0
798, 1, 0
622, 1, 0
830, 1, 0
376, 0, -1
558, 1, 0
1449, 1, 0
5444, 0, -1
3560, -1, 0
1744, -1, 0
1125, -1, 0
745, 0, -1
376, -1, 0
1252, -1, 0
1000, -1, 0
874, -1, 0
921, -1, 0
620, 0, -1
82, -1, 0
752, -1, 0
622, -1, 0
753, -1, 0
623, -1, 0
627, -1, 0
668, -1, 0
204, 0, -1
398, -1, 0
606, -1, 0
498, -1, 0
498, -1, 0
626, -1, 0
374, -1, 0
537, -1, 0
502, -1, 0
211, 0, -1
125, -1, 0
536, -1, 0
339, -1, 0
538, -1, 0
337, -1, 0
501, -1, 0
374, -1, 0
255, 0, -1
127, -1, 0
242, -1, 0
502, -1, 0
248, -1, 0
376, -1, 0
374, -1, 0
376, -1, 0
374, -1, 0
125, 0, -1
125, -1, 0
375, -1, 0
251, -1, 0
376, -1, 0
248, -1, 0
377, -1, 0
249, -1, 0
250, -1, -1
397, -1, 0
228, -1, 0
250, -1, 0
417, -1, 0
209, -1, 0
249, -1, 0
250, -1, 0
126, 0, -1
125, -1, 0
249, -1, 0
375, -1, 0
250, -1, 0
250, -1, 0
252, -1, 0
249, -1, 0
250, -1, 0
249, -1, 0
444, -1, -1
56, -1, 0
125, -1, 0
250, -1, 0
251, -1, 0
248, -1, 0
251, -1, 0
250, -1, 0
250, -1, 0
249, -1, 0
126, -1, -1
250, -1, 0
250, -1, 0
126, -1, 0
249, -1, 0
251, -1, 0
251, -1, 0
124, -1, 0
255, -1, 0
245, -1, 0
124, -1, -1
249, -1, 0
251, -1, 0
249, -1, 0
126, -1, 0
249, -1, 0
251, -1, 0
126, -1, 0
251, -1, 0
123, -1, 0
249, -1, 0
250, -1, 0
125, -1, 0
250, -1, -1
126, -1, 0
248, -1, 0
250, -1, 0
126, -1, 0
249, -1, 0
126, -1, 0
249, -1, 0
147, -1, 0
230, -1, 0
249, -1, 0
125, -1, 0
250, -1, 0
125, -1, 0
250, -1, 0
125, -1, 0
249, -1, 0
126, -1, -1
250, -1, 0
125, -1, 0
251, -1, 0
125, -1, 0
249, -1, 0
128, -1, 0
248, -1, 0
126, -1, 0
249, -1, 0
125, -1, 0
250, -1, 0
127, -1, 0
251, -1, 0
126, -1, 0
247, -1, 0
124, -1, 0
250, -1, 0
143, -1, 0
233, -1, 0
124, -1, 0
250, -1, -1
125, -1, 0
249, -1, 0
127, -1, 0
124, -1, 0
250, -1, 0
250, -1, 0
125, -1, 0
126, -1, 0
249, -1, 0
250, -1, 0
125, -1, 0
125, -1, 0
257, -1, 0
118, -1, 0
250, -1, 0
125, -1, 0
249, -1, 0
126, -1, 0
250, -1, 0
125, -1, 0
250, -1, 0
125, -1, 0
249, -1, 0
126, -1, 0
126, -1, 0
249, -1, 0
125, -1, 0
250, -1, 0
125, -1, 0
125, 0, -1
126, -1, 0
124, -1, 0
249, -1, 0
126, -1, 0
250, -1, 0
125, -1, 0
126, -1, 0
248, -1, 0
251, -1, 0
125, -1, 0
249, -1, 0
127, -1, 0
124, -1, 0
249, -1, 0
251, -1, 0
126, -1, 0
125, -1, 0
252, -1, 0
122, -1, 0
251, -1, 0
125, -1, 0
250, -1, 0
126, -1, 0
123, -1, 0
250, -1, 0
251, -1, 0
125, -1, 0
125, -1, 0
250, -1, 0
250, -1, 0
125, -1, -1
125, -1, 0
251, -1, 0
126, -1, 0
248, -1, 0
250, -1, 0
125, -1, 0
250, -1, 0
126, -1, 0
249, -1, 0
125, -1, 0
249, -1, 0
126, -1, 0
250, -1, 0
250, -1, 0
124, -1, 0
250, -1, 0
126, -1, 0
250, -1, 0
125, -1, 0
251, -1, 0
124, -1, 0
249, -1, 0
252, -1, 0
124, -1, -1
252, -1, 0
249, -1, 0
124, -1, 0
125, -1, 0
249, -1, 0
250, -1, 0
250, -1, 0
126, -1, 0
250, -1, 0
125, -1, 0
249, -1, 0
250, -1, 0
251, -1, 0
126, -1, 0
249, -1, 0
394, -2, 0
356, -1, 0
125, -1, -1
249, -1, 0
250, -1, 0
125, -1, 0
253, -1, 0
247, -1, 0
250, -1, 0
250, -1, 0
252, -1, 0
248, -1, 0
251, -1, 0
253, -1, 0
249, -1, 0
246, -1, 0
250, -1, 0
126, -1, 0
250, -1, 0
409, -1, 0
215, -1, 0
250, -1, 0
251, -1, -1
250, -1, 0
249, -1, 0
452, -1, 0
173, -1, 0
251, -1, 0
249, -1, 0
251, -1, 0
374, -1, 0
408, -1, 0
217, -1, 0
250, -1, 0
422, -1, 0
203, -1, 0
410, -1, 0
342, -1, 0
249, -1, 0
251, 0, -1
125, -1, 0
374, -1, 0
375, -1, 0
375, -1, 0
375, -1, 0
378, -1, 0
372, -1, 0
540, -1, 0
462, -1, 0
432, -1, 0
479, -1, 0
502, -1, -1
460, -1, 0
668, -1, 0
582, -1, 0
541, -1, 0
709, -1, 0
876, -1, 0
881, -1, 0
244, 0, -1
875, -1, 0
1376, -1, 0
10571, 1, 0
1678, 1, 0
1253, 1, 0
1124, 1, 0
1037, 1, 0
749, 1, 0
588, 1, 0
628, 1, 0
622, 1, 0
499, 1, 0
499, 1, 0
500, 1, 0
376, 1, 0
541, 1, 0
334, 1, 0
411, 1, 0
390, 1, 0
323, 1, 0
250, 0, -1
127, 1, 0
249, 1, 0
453, 1, 0
297, 1, 0
250, 1, 0
250, 1, 0
249, 1, 0
250, 1, 0
376, 1, 0
249, 1, 0
252, 1, 0
124, 0, -1
125, 1, 0
249, 1, 0
250, 1, 0
251, 1, 0
250, 1, 0
249, 1, 0
251, 1, 0
250, 1, -1
253, 1, 0
246, 1, 0
127, 1, 0
248, 1, 0
250, 1, 0
126, 1, 0
249, 1, 0
250, 1, -1
250, 1, 0
126, 1, 0
249, 1, 0
252, 1, 0
124, 1, 0
249, 1, 0
126, 1, -1
250, 1, 0
250, 1, 0
125, 1, 0
125, 1, 0
249, 1, 0
250, 1, 0
126, 1, 0
126, 1, 0
248, 1, -1
126, 1, 0
249, 1, 0
126, 1, 0
125, 1, 0
249, 1, 0
127, 1, 0
249, 1, 0
125, 1, -1
125, 1, 0
251, 1, 0
124, 1, 0
125, 1, 0
250, 1, 0
125, 1, 0
125, 1, 0
125, 0, -1
129, 1, 0
121, 1, 0
125, 1, 0
125, 1, 0
249, 1, 0
127, 1, 0
124, 1, 0
126, 1, -1
248, 1, 0
126, 1, 0
128, 1, 0
121, 1, 0
251, 1, -1
126, 1, 0
124, 1, 0
125, 1, 0
125, 1, 0
250, 1, 0
125, 1, 0
125, 1, 0
126, 1, -1
124, 1, 0
125, 1, 0
125, 1, 0
249, 1, 0
142, 1, 0
109, 1, 0
126, 1, -1
248, 1, 0
126, 1, 0
125, 1, 0
125, 1, 0
125, 1, 0
125, 1, 0
126, 1, -1
124, 1, 0
125, 1, 0
250, 2, 0
250, 1, 0
126, 1, -1
125, 1, 0
124, 1, 0
125, 1, 0
125, 1, 0
125, 1, 0
125, 1, 0
125, 1, 0
125, 1, -1
126, 1, 0
249, 2, 0
250, 1, -1
125, 1, 0
125, 1, 0
125, 1, 0
126, 1, 0
124, 1, 0
124, 1, 0
126, 1, 0
125, 1, -1
125, 1, 0
125, 1, 0
125, 1, 0
126, 1, 0
314, 1, -1
61, 2, 0
249, 2, 0
250, 1, -1
126, 1, 0
124, 1, 0
125, 1, 0
125, 1, 0
125, 1, 0
125, 1, 0
125, 1, -1
125, 1, 0
126, 1, 0
124, 1, 0
125, 1, 0
125, 1, 0
127, 1, 0
123, 1, -1
126, 1, 0
124, 1, 0
126, 1, 0
125, 1, -1
123, 1, 0
126, 1, 0
128, 1, 0
122, 1, 0
125, 1, 0
125, 1, -1
125, 1, 0
125, 1, 0
125, 1, 0
125, 1, 0
127, 1, 0
125, 1, -1
124, 1, 0
124, 1, 0
126, 1, 0
124, 1, 0
125, 1, 0
125, 1, -1
125, 1, 0
125, 1, 0
129, 1, 0
123, 1, 0
124, 1, -1
123, 1, 0
126, 1, 0
125, 1, 0
125, 1, 0
125, 1, 0
125, 1, -1
251, 2, 0
124, 1, 0
126, 1, 0
124, 0, -1
125, 2, 0
125, 1, 0
125, 1, 0
125, 1, 0
126, 0, -1
124, 1, 0
125, 2, 0
250, 2, 0
126, 1, 0
124, 0, -1
125, 1, 0
126, 2, 0
249, 1, 0
125, 1, -1
125, 1, 0
125, 1, 0
125, 1, 0
125, 1, 0
126, 1, 0
124, 1, -1
125, 1, 0
125, 1, 0
125, 1, 0
125, 1, 0
125, 1, 0
125, 1, -1
126, 1, 0
124, 1, 0
250, 2, -1
249, 1, 0
125, 1, 0
126, 1, 0
126, 1, 0
125, 1, -1
124, 1, 0
125, 1, 0
128, 1, 0
122, 1, -1
126, 1, 0
124, 1, 0
250, 2, 0
250, 1, -1
125, 1, 0
125, 1, 0
126, 1, 0
126, 1, 0
136, 1, -1
111, 1, 0
128, 1, 0
248, 1, -1
125, 1, 0
126, 1, 0
125, 1, 0
127, 1, 0
122, 1, 0
126, 1, -1
124, 1, 0
126, 1, 0
251, 1, 0
124, 1, 0
125, 1, -1
124, 1, 0
125, 1, 0
125, 1, 0
126, 1, 0
255, 1, -1
124, 1, 0
120, 1, 0
125, 1, 0
126, 1, -1
124, 1, 0
125, 1, 0
250, 1, 0
125, 1, 0
126, 1, -1
124, 1, 0
126, 1, 0
248, 1, 0
126, 1, -1
125, 1, 0
125, 1, 0
250, 1, 0
126, 1, 0
124, 1, -1
125, 1, 0
125, 1, 0
250, 1, -1
126, 1, 0
124, 1, 0
125, 1, 0
250, 1, 0
125, 1, -1
127, 1, 0
124, 1, 0
249, 1, 0
125, 1, 0
125, 1, 0
125, 1, -1
250, 1, 0
125, 1, 0
126, 1, 0
124, 0, -1
126, 1, 0
124, 1, 0
127, 1, 0
248, 1, 0
125, 1, -1
126, 1, 0
249, 1, 0
125, 1, 0
250, 1, 0
125, 1, 0
125, 0, -1
126, 1, 0
124, 1, 0
125, 1, 0
250, 1, 0
125, 1, 0
250, 1, 0
126, 1, -1
247, 1, 0
127, 1, 0
125, 1, 0
249, 1, 0
127, 1, 0
125, 0, -1
124, 1, 0
126, 1, 0
249, 1, 0
250, 1, 0
128, 1, 0
124, 0, -1
122, 1, 0
125, 1, 0
255, 1, 0
253, 1, 0
245, 1, 0
123, 1, 0
254, 1, 0
246, 1, -1
258, 1, 0
245, 1, 0
125, 1, 0
250, 1, 0
249, 1, 0
251, 1, 0
249, 1, -1
250, 1, 0
250, 1, 0
251, 1, 0
249, 1, 0
251, 1, 0
249, 1, 0
251, 1, 0
124, 0, -1
125, 1, 0
378, 1, 0
247, 1, 0
249, 1, 0
545, 1, 0
82, 1, 0
375, 1, 0
375, 1, 0
375, 1, 0
403, 1, 0
221, 1, 0
503, 1, 0
373, 1, 0
124, 0, -1
250, 1, 0
504, 1, 0
497, 1, 0
500, 1, 0
627, 1, 0
626, 1, 0
748, 1, 0
1125, 1, 0
1753, 1, 0
11880, -1, 0
3004, -1, 0
2254, -1, 0
1613, -1, 0
1499, -1, 0
1249, -1, 0
1125, -1, 0
1128, -1, 0
867, -1, 0
750, -1, 0
875, -1, 0
665, 0, 1
209, -1, 0
807, -1, 0
732, -1, 0
499, 0, 1
87, -1, 0
626, -1, 0
663, -1, 0
460, 0, 1
128, -1, 0
498, -1, 0
662, -1, 0
212, 0, 1
250, -1, 0
506, -1, 0
371, 0, 1
125, -1, 0
625, -1, 0
417, -1, 0
207, 0, 1
250, -1, 0
542, -1, 1
462, -1, 0
375, -1, 0
247, 0, 1
125, -1, 0
501, -1, 0
124, 0, 1
251, -1, 0
375, -1, 0
248, 0, 1
250, -1, 0
376, -1, 0
125, 0, 1
250, -1, 0
414, -1, 0
85, 0, 1
503, -1, 0
123, -1, 0
250, 0, 1
125, -1, 0
373, -1, 1
378, -1, 0
374, -1, 1
376, -1, 0
380, -1, 1
415, -1, 0
79, 0, 1
250, -1, 0
250, -1, 0
125, 0, 1
249, -1, 0
413, -1, 0
88, 0, 1
249, -1, 0
250, -1, 1
541, -1, 0
86, 0, 1
124, -1, 0
417, -1, 0
83, 0, 1
124, -1, 0
375, -1, 1
379, -1, 0
122, 0, 1
251, -1, 0
248, -1, 0
127, 0, 1
248, -1, 0
248, -1, 0
126, 0, 1
380, -1, 0
120, 0, 1
132, -1, 0
367, -1, 1
377, -1, 0
128, 0, 1
127, -1, 0
376, 0, 1
120, -1, 0
248, -1, 0
126, 0, 1
251, -1, 0
251, 0, 1
126, -1, 0
374, -1, 0
124, 0, 1
124, -1, 0
377, -1, 1
412, -1, 0
88, 0, 1
374, -1, 0
126, 0, 1
249, -1, 0
251, -1, 1
506, -1, 1
368, -1, 0
127, 0, 1
248, -1, 0
251, 0, 1
251, -1, 0
248, 0, 1
125, -1, 0
376, -1, 0
132, 0, 1
367, -1, 0
129, 0, 1
374, -1, 0
122, 0, 1
250, -1, 0
375, 0, 1
125, -1, 0
376, 0, 1
124, -1, 0
547, -1, 1
494, 0, 1
83, -1, 0
540, 0, 1
86, -1, 0
415, 0, 1
84, -1, 0
501, 0, 1
125, -1, 0
540, 0, 1
212, -1, 0
379, 0, 1
244, -1, 0
412, 0, 1
526, -1, 0
62, 0, 1
790, 0, 1
85, -1, 0
502, 0, 1
748, -1, 0
125, 0, 1
796, 0, 1
330, -1, 0
410, 0, 1
872, 0, 1
852, 0, 1
866, 0, 1
875, 0, 1
1073, 0, 1
938, 0, 1
1010, 0, 1
1113, 0, 1
367, 1, 0
549, 0, 1
698, 1, 0
502, 0, 1
655, 1, 0
504, 0, 1
340, 1, 0
532, 0, 1
342, 1, 0
656, 0, 1
220, 1, 0
656, 1, 0
344, 0, 1
405, 1, 0
600, 1, 0
122, 0, 1
501, 1, 0
372, 0, 1
251, 1, 0
626, 1, 0
123, 0, 1
502, 1, 0
378, 0, 1
119, 1, 0
501, 1, 0
126, 0, 1
525, 1, 0
476, 1, 0
372, 1, 1
629, 1, 0
121, 0, 1
250, 1, 0
500, 1, 0
250, 0, 1
250, 1, 0
374, 1, 0
132, 0, 1
498, 1, 0
372, 1, 0
250, 0, 1
253, 1, 0
373, 1, 0
250, 0, 1
125, 1, 0
511, 1, 0
238, 0, 1
251, 1, 0
377, 1, 0
404, 1, 0
94, 0, 1
406, 1, 0
373, 1, 0
96, 0, 1
249, 1, 0
501, 1, 0
248, 0, 1
125, 1, 0
374, 1, 0
375, 1, 0
251, 0, 1
249, 1, 0
409, 1, 0
341, 0, 1
127, 1, 0
407, 1, 0
352, 1, 0
371, 0, 1
122, 1, 0
405, 1, 0
344, 1, 0
254, 0, 1
121, 1, 0
499, 1, 0
375, 1, 0
125, 0, 1
249, 1, 0
380, 1, 0
371, 0, 1
128, 1, 0
374, 1, 0
373, 1, 0
376, 0, 1
127, 1, 0
374, 1, 0
373, 1, 0
379, 1, 1
375, 1, 0
499, 1, 0
125, 0, 1
254, 1, 0
370, 1, 0
375, 1, 0
249, 0, 1
258, 1, 0
369, 1, 0
500, 1, 0
382, 0, 1
123, 1, 0
377, 1, 0
498, 1, 0
499, 1, 1
625, 1, 0
501, 1, 0
650, 1, 0
104, 0, 1
370, 1, 0
752, 1, 0
625, 1, 1
874, 1, 0
1000, 1, 0
874, 0, 1
124, 1, 0
1259, 1, 0
1869, 1, 1
2878, 1, 0
2624, 0, 1
4136, 0, 1
1611, -1, 0
873, 0, 1
893, -1, 0
1482, -1, 0
124, 0, 1
880, -1, 0
874, -1, 0
123, 0, 1
752, -1, 0
372, 0, 1
376, -1, 0
626, -1, 0
500, 0, 1
125, -1, 0
631, -1, 0
494, -1, 1
625, -1, 0
249, 0, 1
125, -1, 0
499, -1, 0
376, -1, 1
500, -1, 0
249, 0, 1
125, -1, 0
376, -1, 0
251, 0, 1
125, -1, 0
375, -1, 0
371, -1, 1
375, -1, 0
247, -1, 0
249, 0, 1
125, -1, 0
249, -1, 0
249, -1, 0
127, 0, 1
248, -1, 0
378, -1, 1
248, -1, 0
251, -1, 0
249, -1, 1
377, -1, 0
248, -1, 0
126, 0, 1
131, -1, 0
248, -1, 0
248, -1, 0
124, 0, 1
145, -1, 0
237, -1, 0
243, -1, 0
126, 0, 1
124, -1, 0
252, -1, 0
123, 0, 1
125, -1, 0
250, -1, 0
125, -1, 0
250, -1, 0
127, 0, 1
124, -1, 0
249, -1, 0
126, -1, 0
124, 0, 1
126, -1, 0
259, -1, 0
117, -1, 0
126, 0, 1
123, -1, 0
249, -1, 0
125, -1, 0
251, -1, 1
248, -1, 0
126, -1, 0
125, 0, 1
125, -1, 0
125, -1, 0
251, -1, 0
126, -1, 0
125, 0, 1
123, -1, 0
249, -1, 0
126, -1, 0
125, -1, 1
250, -1, 0
251, -1, 0
125, -1, 1
125, -1, 0
248, -1, 0
127, -1, 0
254, -1, 1
245, -1, 0
126, -1, 0
124, -1, 1
250, -1, 0
125, -1, 0
125, -1, 0
253, -1, 1
125, -1, 0
247, -1, 0
125, -1, 0
125, 0, 1
125, -1, 0
125, -1, 0
129, -1, 0
245, -1, 1
126, -1, 0
126, -1, 0
250, -1, 0
124, -1, 1
125, -1, 0
252, -1, 0
125, -1, 0
125, 0, 1
122, -1, 0
126, -1, 0
124, -1, 0
250, -1, 1
126, -1, 0
124, -1, 0
250, -1, 0
127, -1, 1
126, -1, 0
247, -1, 0
125, -1, 0
252, -1, 1
127, -1, 0
123, -1, 0
124, -1, 0
249, -1, 1
127, -1, 0
251, -1, 0
123, -1, 0
125, -1, 1
249, -1, 0
126, -1, 0
125, -1, 0
125, 0, 1
125, -1, 0
125, -1, 0
124, -1, 0
250, -1, 0
126, -1, 1
127, -1, 0
253, -1, 0
121, -1, 0
127, -1, 1
249, -1, 0
124, -1, 0
251, -1, 0
126, -1, 1
123, -1, 0
250, -1, 0
125, -1, 0
249, -1, 1
124, -1, 0
126, -1, 0
249, -1, 0
125, -1, 1
130, -1, 0
250, -1, 0
125, -1, 0
122, -1, 0
124, 0, 1
125, -1, 0
126, -1, 0
250, -1, 0
124, -1, 0
125, 0, 1
126, -1, 0
125, -1, 0
249, -1, 0
126, -1, 0
123, -1, 1
251, -1, 0
257, -1, 0
118, -1, 1
129, -1, 0
245, -1, 0
249, -1, 0
127, -1, 1
123, -1, 0
249, -1, 0
251, -1, 1
125, -1, 0
133, -1, 0
243, -1, 0
250, -1, 0
125, -1, 1
256, -1, 0
243, -1, 0
251, -1, 1
126, -1, 0
250, -1, 0
125, -1, 0
251, -1, 1
250, -1, 0
250, -1, 0
125, -1, 0
126, 0, 1
124, -1, 0
125, -1, 0
249, -1, 0
249, -1, 1
250, -1, 0
251, -1, 0
250, -1, 1
249, -1, 0
126, -1, 0
250, -1, 0
125, 0, 1
125, -1, 0
249, -1, 0
250, -1, 0
250, -1, 1
250, -1, 0
430, -1, 0
70, 0, 1
126, -1, 0
250, -1, 0
250, -1, 0
123, 0, 1
253, -1, 0
251, -1, 0
250, 0, 1
124, -1, 0
249, -1, 0
251, -1, 0
254, 0, 1
120, -1, 0
375, -1, 0
376, -1, 1
376, -1, 0
248, -1, 0
250, 0, 1
250, -1, 0
413, -1, 0
87, 0, 1
249, -1, 0
500, -1, 0
411, 0, 1
214, -1, 0
377, -1, 0
410, 0, 1
89, -1, 0
749, -1, 0
126, 0, 1
662, -1, 0
462, 0, 1
536, -1, 0
839, 0, 1
876, -1, 0
125, 0, 1
1529, 0, 1
1598, 0, 1
248, 1, 0
749, 1, 0
512, 0, 1
239, 1, 0
665, 1, 0
616, 1, 0
342, 1, 0
137, 0, 1
395, 1, 0
345, 1, 0
530, 1, 0
419, 1, 0
54, 0, 1
251, 1, 0
248, 1, 0
375, 1, 0
375, 1, 0
250, 1, 0
125, 0, 1
251, 1, 0
250, 1, 0
249, 1, 0
250, 1, 0
249, 1, 0
259, 1, 1
248, 1, 0
243, 1, 0
249, 1, 0
250, 1, 0
251, 1, 1
250, 1, 0
249, 1, 0
250, 1, 0
126, 1, 0
251, 1, 0
250, 1, 1
125, 1, 0
249, 1, 0
126, 1, 0
250, 1, 0
249, 1, 0
127, 1, 0
248, 1, 1
125, 1, 0
250, 1, 0
131, 1, 0
245, 1, 0
124, 1, 0
124, 0, 1
127, 1, 0
125, 1, 0
125, 1, 0
248, 1, 0
125, 1, 0
125, 1, 0
250, 1, 0
125, 1, 1
249, 1, 0
126, 1, 0
125, 1, 0
249, 1, 0
126, 1, 0
126, 1, 0
249, 1, 1
125, 1, 0
125, 1, 0
126, 1, 0
125, 1, 0
251, 1, 0
125, 1, 0
124, 1, 0
125, 1, 0
125, 1, 0
125, 0, 1
124, 1, 0
126, 1, 0
125, 1, 0
125, 1, 0
124, 1, 0
124, 1, 0
130, 1, 0
120, 1, 0
249, 1, 1
126, 1, 0
125, 1, 0
124, 1, 0
128, 1, 0
124, 1, 0
125, 1, 0
129, 1, 0
122, 1, 0
123, 1, 0
126, 1, 0
124, 1, 0
126, 1, 1
125, 1, 0
124, 1, 0
125, 1, 0
134, 1, 0
118, 1, 0
124, 1, 0
249, 2, 0
250, 2, 0
125, 0, 1
134, 2, 0
119, 1, 0
125, 1, 0
124, 1, 0
139, 1, 0
118, 1, 0
118, 1, 0
124, 1, 0
125, 1, 0
125, 1, 0
124, 1, 0
126, 1, 0
125, 1, 0
124, 1, 0
126, 1, 1
126, 2, 0
125, 1, 0
124, 1, 0
126, 1, 0
125, 1, 0
125, 1, 0
125, 2, 0
251, 2, 0
124, 1, 0
125, 1, 0
126, 1, 0
124, 2, 0
126, 1, 0
124, 1, 0
129, 1, 0
121, 1, 0
124, 1, 0
125, 2, 0
126, 1, 0
124, 1, 1
125, 1, 0
125, 1, 0
126, 2, 0
124, 1, 0
128, 1, 0
122, 1, 0
126, 2, 0
124, 1, 0
125, 1, 0
124, 2, 0
126, 1, 0
125, 1, 0
126, 2, 0
124, 1, 0
125, 1, 0
125, 1, 0
126, 2, 0
124, 1, 0
124, 2, 0
126, 1, 0
125, 1, 0
127, 1, 0
125, 2, 0
124, 1, 0
125, 2, 0
125, 1, 0
125, 1, 0
125, 1, 0
134, 2, 0
121, 1, 0
122, 2, 0
124, 1, 0
124, 1, 0
125, 2, 0
125, 1, 0
125, 2, 0
125, 1, 0
125, 2, 0
126, 1, 0
124, 1, 0
125, 2, 0
126, 1, 0
124, 2, 0
124, 1, 0
126, 1, 0
124, 2, 0
126, 1, 0
125, 2, 0
125, 1, 0
125, 2, 0
124, 1, 0
125, 2, 0
126, 1, 0
126, 2, 0
125, 1, 0
124, 2, 0
125, 1, 0
126, 2, 0
129, 1, 0
121, 2, 0
124, 1, 0
124, 2, 0
126, 2, 0
124, 1, 0
125, 2, 0
125, 1, 0
126, 2, 0
124, 1, 0
125, 2, 0
125, 1, 0
126, 2, 0
123, 2, 0
125, 1, 0
139, 2, 0
118, 1, 0
120, 2, 0
124, 2, 0
125, 1, 0
125, 2, 0
127, 1, 0
123, 2, 0
124, 1, 0
126, 2, 0
126, 2, 0
125, 2, 0
130, 1, 0
122, 2, 0
122, 1, 0
124, 2, 0
125, 1, 0
129, 2, 0
125, 2, 0
133, 1, 0
117, 2, 0
124, 2, -1
124, 1, 0
126, 2, 0
125, 2, 0
130, 1, 0
121, 2, 0
125, 1, 0
128, 2, 0
124, 2, 0
124, 2, 0
125, 1, 0
125, 2, 0
123, 2, 0
127, 2, 0
125, 1, 0
127, 2, 0
125, 1, -1
127, 2, 0
129, 2, 0
119, 2, 0
123, 1, 0
125, 2, 0
125, 2, 0
124, 2, 0
126, 1, 0
125, 2, 0
127, 1, -1
123, 2, 0
126, 2, 0
123, 2, 0
127, 1, 0
123, 2, 0
125, 1, 0
131, 3, 0
117, 1, 0
126, 1, 0
125, 2, 0
125, 2, -1
129, 2, 0
122, 1, 0
131, 2, 0
120, 1, 0
130, 3, 0
123, 1, 0
125, 2, 0
125, 1, 0
125, 2, -1
124, 2, 0
126, 2, 0
123, 1, 0
127, 2, 0
122, 1, 0
125, 2, 0
126, 2, 0
125, 2, 0
124, 1, -1
126, 2, 0
124, 2, 0
125, 2, 0
125, 1, 0
131, 2, 0
120, 1, 0
124, 3, 0
126, 1, -1
125, 2, 0
124, 1, 0
125, 2, 0
124, 2, 0
131, 1, 0
118, 2, 0
127, 1, 0
126, 2, -1
124, 2, 0
124, 2, 0
127, 1, 0
125, 2, 0
124, 1, 0
125, 2, 0
125, 2, 0
125, 2, -1
126, 1, 0
124, 2, 0
125, 1, 0
125, 2, 0
126, 1, 0
124, 3, 0
208, 1, -1
49, 2, 0
123, 1, 0
126, 2, 0
128, 1, 0
129, 2, 0
119, 2, 0
124, 1, 0
120, 2, 0
124, 2, -1
125, 1, 0
124, 1, 0
126, 2, 0
136, 1, 0
113, 2, 0
124, 2, 0
131, 1, 0
121, 2, 0
124, 2, 0
123, 1, -1
126, 2, 0
124, 1, 0
125, 2, 0
125, 1, 0
125, 2, 0
129, 1, 0
122, 2, -1
125, 2, 0
126, 1, 0
123, 2, 0
126, 1, 0
126, 1, 0
134, 2, 0
127, 1, 0
119, 2, 0
122, 2, -1
137, 1, 0
124, 1, 0
116, 2, 0
125, 1, 0
127, 2, 0
120, 1, 0
128, 2, 0
124, 1, -1
123, 1, 0
126, 2, 0
127, 1, 0
126, 2, 0
124, 1, 0
124, 2, 0
125, 1, 0
125, 2, -1
125, 1, 0
125, 1, 0
137, 2, 0
119, 1, 0
119, 1, 0
124, 2, 0
126, 1, 0
128, 2, -1
122, 1, 0
126, 1, 0
125, 1, 0
124, 2, 0
127, 1, 0
122, 2, 0
132, 1, 0
119, 1, 0
125, 2, -1
124, 1, 0
126, 1, 0
124, 1, 0
125, 2, 0
127, 1, 0
125, 1, 0
124, 1, 0
131, 2, -1
119, 1, 0
125, 1, 0
125, 1, 0
125, 2, 0
130, 1, 0
122, 1, 0
122, 1, 0
125, 2, 0
126, 1, 0
125, 1, -1
128, 1, 0
122, 1, 0
127, 1, 0
125, 2, 0
123, 1, 0
124, 1, 0
125, 1, 0
123, 1, 0
126, 1, 0
128, 2, 0
124, 1, -1
125, 1, 0
130, 1, 0
147, 1, 0
97, 1, 0
126, 1, 0
126, 1, 0
132, 2, 0
243, 2, 0
128, 1, 0
121, 0, -1
129, 2, 0
246, 2, 0
125, 1, 0
126, 1, 0
159, 1, 0
105, 1, 0
124, 1, 0
116, 1, 0
122, 1, -1
124, 1, 0
253, 2, 0
247, 1, 0
123, 1, 0
124, 1, 0
124, 1, 0
134, 1, 0
122, 1, 0
123, 1, 0
127, 1, 0
120, 1, -1
256, 1, 0
150, 1, 0
96, 1, 0
126, 1, 0
127, 1, 0
247, 1, 0
123, 1, 0
126, 1, 0
124, 0, -1
132, 1, 0
117, 1, 0
124, 1, 0
253, 1, 0
122, 1, 0
254, 1, 0
124, 1, 0
123, 1, 0
254, 1, 0
248, 1, 0
127, 1, 0
121, 1, 0
251, 1, 0
124, 0, -1
125, 1, 0
251, 1, 0
125, 1, 0
251, 1, 0
250, 1, 0
250, 1, 0
255, 1, 0
372, 1, 0
255, 1, 0
248, 1, 0
372, 1, 0
374, 1, 0
374, 1, 0
374, 1, 0
502, 1, 0
624, 1, 0
752, 1, 0
10887, -1, 0
1863, -1, 0
1372, -1, 0
882, -1, 0
910, -1, 0
580, -1, 0
751, -1, 0
684, -1, 0
516, -1, 0
462, -1, 0
497, -1, 0
341, -1, 1
498, -1, 0
375, -1, 0
378, -1, 0
409, -1, 0
344, -1, 0
251, -1, 0
119, 0, 1
250, -1, 0
250, -1, 0
432, -1, 0
354, -1, 0
213, -1, 0
250, -1, 0
126, 0, 1
125, -1, 0
376, -1, 0
124, -1, 0
249, -1, 0
410, -1, 0
215, -1, 1
252, -1, 0
129, -1, 0
245, -1, 0
250, -1, 0
249, -1, 0
249, -1, 1
251, -1, 0
250, -1, 0
125, -1, 0
251, -1, 0
249, -1, 0
125, -1, 0
125, 0, 1
126, -1, 0
249, -1, 0
126, -1, 0
249, -1, 0
250, -1, 0
126, -1, 0
124, 0, 1
126, -1, 0
249, -1, 0
125, -1, 0
250, -1, 0
126, -1, 0
249, -1, 1
125, -1, 0
250, -1, 0
126, -1, 0
249, -1, 0
125, -1, 0
125, -1, 0
125, 0, 1
125, -1, 0
250, -1, 0
125, -1, 0
126, -1, 0
249, -1, 0
125, -1, 1
250, -1, 0
250, -2, 0
250, -1, 0
250, -1, 0
125, -1, 0
125, -1, 0
126, 0, 1
125, -1, 0
125, -1, 0
124, -1, 0
250, -1, 0
126, -1, 0
124, -1, 0
125, 0, 1
125, -1, 0
126, -1, 0
124, -1, 0
251, -1, 0
126, -1, 0
124, -1, 0
248, -1, 1
127, -1, 0
248, -1, 0
126, -1, 0
125, -1, 0
250, -1, 0
125, -1, 1
125, -1, 0
125, -1, 0
125, -1, 0
250, -1, 0
125, -1, 0
126, -1, 1
249, -1, 0
134, -1, 0
119, -1, 0
246, -1, 0
125, -1, 0
127, -1, 0
125, -1, 1
126, -1, 0
248, -1, 0
126, -1, 0
125, -1, 0
250, -1, 1
125, -1, 0
126, -1, 0
124, -1, 0
250, -1, 0
134, -1, 0
116, -1, 0
249, -1, 1
127, -1, 0
124, -1, 0
249, -1, 0
126, -1, 0
125, -1, 0
125, -1, 0
125, -1, 0
250, -1, 1
125, -1, 0
125, -1, 0
249, -1, 0
127, -1, 0
124, -1, 0
126, 0, 1
124, -1, 0
125, -1, 0
126, -1, 0
124, -1, 0
249, -1, 0
128, -1, 0
124, -1, 0
248, -1, 1
126, -1, 0
125, -1, 0
250, -1, 0
125, -1, 0
127, -1, 0
247, -1, 1
126, -1, 0
125, -1, 0
251, -1, 0
125, -1, 0
125, -1, 0
247, -1, 0
127, -1, 0
125, -1, 0
125, 0, 1
125, -1, 0
143, -1, 0
108, -1, 0
251, -1, 0
124, -1, 0
248, -1, 0
126, -1, 1
251, -1, 0
124, -1, 0
249, -1, 0
126, -1, 0
125, -1, 0
249, -1, 0
127, 0, 1
124, -1, 0
125, -1, 0
249, -1, 0
126, -1, 0
249, -1, 0
127, -1, 0
248, -1, 0
126, -1, 1
249, -1, 0
254, -1, 0
122, -1, 0
249, -1, 0
250, -1, 0
250, -1, 0
251, -1, 0
125, -1, 0
125, 0, 1
125, -1, 0
249, -1, 0
126, -1, 0
412, -1, 0
88, -1, 0
249, -1, 0
250, -1, 0
251, -1, 0
249, -1, 0
251, -1, 1
378, -1, 0
246, -1, 0
250, -1, 0
251, -1, 0
407, -1, 0
217, -1, 0
410, -1, 0
215, -1, 0
376, -1, 0
405, -1, 0
227, -1, 0
493, -1, 0
375, -1, 0
501, -1, 0
501, -1, 0
535, -1, 0
755, -1, 0
765, -1, 0
942, -1, 0
1667, -1, 0
1516, 0, -1
2996, 1, 0
196, 0, -1
876, 1, 0
625, 1, -1
752, 1, 0
498, 1, -1
499, 1, 0
460, 1, -1
331, 1, 0
493, 1, 0
92, 0, -1
126, 1, 0
408, 1, 0
215, 0, -1
126, 1, 0
249, 1, 0
250, 1, 0
126, 0, -1
249, 1, 0
250, 1, 0
251, 1, -1
250, 1, 0
249, 1, 0
126, 0, -1
125, 1, 0
250, 1, 0
250, 1, -1
249, 1, 0
126, 1, 0
125, 0, -1
125, 1, 0
249, 1, 0
126, 1, 0
125, 0, -1
125, 1, 0
125, 1, 0
248, 1, -1
250, 1, 0
126, 1, 0
125, 1, -1
249, 1, 0
126, 1, 0
125, 1, -1
249, 1, 0
126, 1, 0
125, 0, -1
130, 1, 0
120, 1, 0
125, 1, 0
125, 0, -1
126, 1, 0
123, 1, 0
126, 1, -1
125, 1, 0
249, 1, 0
126, 1, -1
125, 1, 0
126, 1, 0
124, 1, 0
125, 0, -1
126, 1, 0
125, 1, 0
125, 1, -1
125, 1, 0
125, 1, 0
126, 1, 0
124, 0, -1
125, 1, 0
125, 1, 0
125, 1, -1
125, 1, 0
125, 1, 0
126, 1, -1
125, 1, 0
124, 1, 0
125, 1, 0
125, 1, -1
125, 1, 0
125, 1, 0
126, 1, -1
125, 1, 0
125, 1, 0
124, 0, -1
125, 2, 0
125, 1, 0
125, 1, -1
249, 2, 0
127, 1, -1
249, 2, 0
125, 1, -1
125, 1, 0
124, 1, 0
126, 1, -1
125, 1, 0
124, 1, 0
127, 1, -1
123, 1, 0
152, 1, 0
99, 1, -1
125, 1, 0
125, 2, -1
125, 1, 0
125, 1, 0
126, 1, -1
131, 1, 0
120, 1, 0
127, 1, -1
121, 1, 0
125, 2, 0
125, 1, -1
125, 1, 0
126, 1, 0
124, 1, -1
125, 1, 0
125, 2, -1
125, 1, 0
125, 1, 0
125, 1, -1
125, 2, 0
126, 1, 0
124, 1, -1
125, 1, 0
125, 1, 0
128, 2, -1
122, 1, 0
125, 1, -1
125, 1, 0
126, 2, 0
123, 1, -1
126, 1, 0
125, 1, 0
125, 2, -1
125, 1, 0
125, 1, -1
125, 2, 0
127, 1, -1
124, 1, 0
124, 2, 0
125, 1, -1
125, 1, 0
125, 1, -1
126, 2, 0
124, 1, 0
126, 2, -1
124, 1, 0
125, 2, -1
125, 1, 0
125, 1, 0
125, 2, -1
125, 1, 0
125, 1, -1
126, 2, 0
124, 1, 0
125, 1, -1
125, 2, 0
125, 1, -1
125, 2, 0
125, 1, 0
125, 2, -1
126, 1, 0
125, 2, -1
124, 1, 0
125, 1, -1
125, 2, 0
125, 1, 0
125, 2, -1
126, 1, 0
125, 2, -1
124, 1, 0
125, 2, -1
125, 1, 0
125, 1, -1
125, 2, 0
125, 1, -1
125, 2, 0
126, 2, 0
124, 1, -1
125, 2, 0
125, 1, -1
125, 2, 0
125, 1, -1
125, 2, 0
125, 1, 0
126, 2, -1
124, 1, 0
125, 2, -1
125, 1, 0
125, 2, -1
125, 1, 0
125, 2, -1
125, 2, 0
126, 1, -1
124, 2, 0
126, 2, -1
124, 1, 0
126, 2, 0
124, 1, -1
125, 2, 0
125, 1, -1
126, 2, 0
124, 1, -1
125, 2, 0
125, 2, -1
127, 2, 0
123, 1, -1
125, 2, 0
125, 1, -1
126, 2, 0
125, 1, -1
123, 3, 0
125, 1, 0
125, 1, -1
125, 2, 0
126, 1, -1
125, 2, 0
126, 2, -1
124, 2, 0
125, 1, -1
125, 2, 0
125, 1, -1
125, 2, 0
125, 1, -1
125, 2, 0
126, 2, -1
124, 2, 0
125, 1, -1
125, 2, 0
125, 1, -1
125, 2, 0
125, 1, -1
126, 2, 0
125, 2, -1
124, 2, 0
125, 1, -1
125, 2, 0
125, 1, -1
125, 2, 0
132, 1, -1
118, 2, 0
127, 2, -1
122, 2, 0
126, 1, -1
125, 2, 0
125, 1, -1
125, 2, 0
125, 1, -1
125, 2, 0
126, 2, -1
124, 1, 0
125, 2, -1
128, 1, 0
123, 2, -1
125, 2, 0
126, 1, -1
124, 2, 0
125, 2, -1
123, 1, 0
127, 2, -1
124, 1, 0
124, 2, -1
126, 2, 0
125, 1, -1
125, 2, 0
126, 2, -1
124, 1, 0
125, 2, -1
125, 1, 0
125, 2, -1
125, 1, 0
126, 2, -1
124, 2, 0
126, 1, -1
124, 2, 0
125, 1, -1
125, 2, -1
125, 1, 0
125, 2, 0
125, 1, -1
125, 2, -1
126, 1, 0
124, 2, -1
126, 2, 0
124, 1, -1
128, 2, 0
122, 2, -1
125, 1, 0
125, 2, -1
126, 1, 0
124, 2, -1
125, 1, 0
125, 2, -1
125, 1, -1
126, 2, 0
124, 1, -1
125, 2, 0
126, 1, -1
124, 2, 0
125, 1, -1
125, 2, 0
125, 1, -1
125, 2, 0
125, 1, -1
125, 2, -1
126, 1, 0
124, 1, 0
125, 2, -1
125, 1, 0
125, 2, -1
125, 1, -1
125, 2, 0
125, 1, -1
126, 2, 0
124, 1, -1
126, 1, 0
124, 2, -1
125, 1, 0
125, 1, -1
126, 2, 0
124, 1, -1
126, 2, 0
124, 1, -1
125, 2, 0
125, 1, -1
125, 1, -1
125, 1, 0
125, 2, -1
125, 1, 0
126, 2, -1
124, 1, 0
125, 1, -1
125, 1, 0
125, 2, -1
125, 1, 0
126, 1, -1
125, 2, 0
125, 1, -1
124, 1, 0
125, 1, -1
125, 2, 0
125, 1, -1
125, 1, 0
125, 1, -1
126, 2, 0
125, 1, -1
124, 1, -1
125, 1, 0
125, 2, 0
125, 1, -1
125, 1, -1
125, 1, 0
125, 1, -1
126, 1, 0
124, 2, -1
125, 1, 0
125, 1, -1
125, 1, 0
125, 1, -1
125, 1, 0
125, 2, -1
250, 2, -1
125, 1, 0
125, 1, -1
126, 1, 0
123, 1, 0
127, 1, -1
125, 1, 0
125, 1, -1
124, 1, 0
126, 1, -1
130, 1, -1
124, 1, 0
119, 1, 0
126, 1, -1
125, 1, 0
126, 1, -1
125, 1, 0
124, 1, -1
126, 1, 0
124, 1, -1
126, 1, 0
142, 1, -1
107, 1, 0
126, 1, -1
249, 1, -1
126, 1, 0
124, 1, -1
125, 1, 0
125, 1, -1
126, 1, 0
125, 1, -1
249, 1, 0
125, 1, -1
126, 1, 0
124, 0, -1
126, 1, 0
124, 1, -1
126, 1, 0
124, 1, -1
250, 1, 0
125, 1, -1
126, 1, 0
126, 0, -1
123, 1, 0
126, 1, 0
124, 0, -1
125, 1, 0
125, 1, -1
250, 1, -1
250, 1, 0
126, 1, -1
249, 1, -1
249, 1, 0
126, 1, -1
250, 1, -1
250, 1, 0
125, 0, -1
250, 1, 0
125, 0, -1
126, 1, 0
249, 1, -1
250, 1, -1
418, 1, -1
333, 1, -1
415, 1, -1
334, 1, -1
418, 0, -1
87, 1, 0
411, 0, -1
334, 1, -1
543, 0, -1
99, 1, 0
399, 0, -1
629, 0, -1
512, 0, -1
488, 1, 0
98, 0, -1
903, 0, -1
872, 0, -1
503, -1, 0
329, 0, -1
545, -1, 0
580, 0, -1
418, -1, 0
584, 0, -1
124, -1, 0
624, -1, 0
125, 0, -1
376, -1, 0
551, -1, 0
74, 0, -1
417, -1, 0
332, -1, -1
543, -1, 0
207, -1, -1
416, -1, 0
334, 0, -1
125, -1, 0
251, -1, 0
249, 0, -1
126, -1, 0
249, -1, 0
250, -1, 0
126, 0, -1
249, -1, 0
250, -1, -1
250, -1, 0
250, -1, 0
250, -1, -1
250, -1, 0
251, -1, -1
251, -1, 0
249, -1, 0
125, 0, -1
126, -1, 0
125, -1, 0
274, -1, -1
102, -1, 0
248, -1, 0
127, -1, 0
123, 0, -1
125, -1, 0
249, -1, 0
126, 0, -1
124, -1, 0
126, -1, 0
125, -1, 0
249, -1, -1
126, -1, 0
250, -1, -1
125, -1, 0
125, -1, 0
251, -1, 0
124, -1, -1
249, -1, 0
126, -1, 0
125, -1, -1
125, -1, 0
249, -1, 0
126, -1, 0
125, -1, -1
125, -1, 0
125, -1, 0
249, -1, -1
126, -1, 0
125, -1, 0
125, -1, 0
125, -1, -1
250, -1, 0
125, -1, 0
125, -1, -1
125, -1, 0
125, -1, 0
125, -1, 0
249, -2, -1
251, -2, 0
249, -1, -1
126, -1, 0
125, -1, 0
130, -1, 0
124, -1, 0
120, -1, -1
124, -1, 0
127, -1, 0
124, -1, 0
126, -1, -1
125, -1, 0
130, -1, 0
120, -1, 0
125, -1, 0
124, -1, -1
125, -1, 0
126, -1, 0
124, -1, 0
125, -2, -1
250, -2, 0
250, -1, 0
126, -2, -1
124, -1, 0
126, -1, 0
249, -2, 0
126, -1, 0
125, -1, -1
124, -1, 0
125, -1, 0
125, -1, 0
125, -2, 0
125, -1, 0
126, -1, -1
125, -1, 0
125, -1, 0
125, -1, 0
124, -1, 0
125, -1, 0
126, -2, -1
125, -1, 0
125, -1, 0
124, -1, 0
126, -1, 0
124, -1, 0
126, -2, 0
124, -1, -1
128, -1, 0
123, -1, 0
125, -2, 0
124, -1, 0
126, -1, 0
125, -1, -1
124, -1, 0
125, -2, 0
125, -1, 0
125, -1, 0
125, -1, 0
126, -2, 0
125, -1, 0
124, -1, 0
125, -1, 0
126, -2, -1
124, -1, 0
125, -1, 0
125, -1, 0
125, -2, 0
126, -1, 0
124, -1, 0
125, -1, 0
125, -2, -1
125, -1, 0
126, -2, 0
124, -1, 0
125, -1, 0
126, -1, 0
125, -2, 0
125, -1, 0
124, -2, 0
125, -1, 0
125, -1, 0
126, -1, 0
124, -1, 0
126, -2, 0
125, -1, 0
124, -2, -1
125, -1, 0
125, -2, 0
125, -1, 0
125, -1, 0
125, -2, 0
126, -1, 0
125, -1, 0
125, -2, 0
124, -1, 0
125, -2, 0
125, -1, 0
126, -2, 0
124, -1, 0
126, -1, 0
124, -2, 0
126, -1, 0
125, -2, 0
124, -1, 0
125, -1, 0
125, -2, 0
125, -1, 0
126, -2, 0
126, -1, 0
123, -2, 0
125, -1, 0
125, -2, 0
125, -1, 0
125, -1, 0
125, -2, 0
126, -1, 0
124, -2, 0
125, -1, 0
125, -2, 0
125, -1, 0
125, -2, 0
125, -1, 0
125, -2, 0
126, -1, 0
125, -2, 0
125, -1, 0
124, -2, 0
126, -1, 0
124, -2, 0
125, -1, 0
126, -2, 0
125, -1, 0
124, -1, 0
125, -2, 0
131, -1, 0
126, -2, 0
117, -1, 0
126, -1, 0
125, -2, 0
126, -1, 0
124, -2, 0
125, -1, 0
125, -2, 0
125, -1, 0
125, -2, 0
126, -1, 0
125, -2, 0
125, -1, 0
124, -2, 0
125, -1, 0
125, -1, 0
126, -2, 0
124, -1, 1
125, -2, 0
126, -1, 0
126, -2, 0
123, -1, 0
125, -2, 0
125, -1, 0
125, -2, 0
125, -1, 0
126, -2, 0
124, -1, 1
126, -2, 0
124, -1, 0
125, -2, 0
125, -1, 0
125, -2, 0
126, -1, 0
124, -2, 0
125, -1, 0
126, -2, 0
124, -1, 0
126, -1, 1
124, -2, 0
126, -1, 0
124, -2, 0
126, -1, 0
124, -2, 0
126, -1, 0
125, -2, 1
125, -1, 0
125, -2, 0
124, -1, 0
126, -2, 0
125, -1, 0
124, -1, 0
126, -2, 1
124, -1, 0
126, -1, 0
125, -2, 0
124, -1, 0
125, -2, 0
126, -1, 0
125, -2, 0
125, -1, 1
124, -2, 0
126, -1, 0
125, -2, 0
125, -1, 0
124, -1, 0
126, -1, 0
126, -2, 1
125, -1, 0
123, -1, 0
125, -2, 0
125, -1, 0
127, -2, 0
124, -1, 0
125, -1, 1
125, -1, 0
125, -2, 0
125, -1, 0
124, -2, 0
125, -1, 0
125, -1, 0
125, -2, 1
126, -1, 0
125, -1, 0
125, -2, 0
124, -1, 0
125, -1, 0
126, -1, 0
125, -2, 1
124, -1, 0
126, -1, 0
125, -1, 0
125, -2, 0
124, -1, 0
125, -1, 1
126, -1, 0
125, -2, 0
124, -1, 0
125, -1, 0
126, -2, 0
250, -2, 1
125, -1, 0
124, -1, 0
125, -1, 0
126, -2, 0
125, -1, 0
124, -1, 1
127, -1, 0
124, -1, 0
124, -1, 0
125, -2, 0
126, -1, 0
124, -1, 1
126, -1, 0
124, -1, 0
126, -1, 0
125, -1, 0
124, -1, 0
126, -2, 1
249, -2, 0
126, -1, 0
124, -1, 0
126, -1, 0
125, -1, 1
127, -1, 0
126, -1, 0
122, -1, 0
125, -1, 0
125, -1, 0
124, -1, 0
126, -1, 0
129, -1, 1
125, -1, 0
128, -1, 0
117, -1, 0
125, -1, 0
126, -1, 1
123, -1, 0
127, -1, 0
249, -2, 0
250, -1, 0
126, -1, 1
125, -1, 0
125, -1, 0
125, -1, 0
124, -1, 0
126, -1, 0
251, -1, 0
124, -1, 1
125, -1, 0
250, -1, 0
124, -1, 0
126, -1, 0
125, -1, 0
249, -1, 1
125, -1, 0
126, -1, 0
125, -1, 0
250, -1, 0
125, -1, 0
249, -1, 1
126, -1, 0
250, -1, 0
125, -1, 0
249, -1, 0
250, -1, 1
125, -1, 0
251, -1, 0
251, -1, 0
125, -1, 0
374, -1, 0
125, -1, 1
374, -1, 0
124, -1, 0
376, -1, 0
251, -1, 0
249, -1, 0
253, -1, 1
374, -1, 0
374, -1, 0
410, -1, 0
539, -1, 0
51, 0, 1
375, -1, 0
500, -1, 0
931, -1, 0
1089, -1, 0
105, 0, 1
4506, 1, 0
1162, 1, 0
711, 1, 0
374, 0, 1
419, 1, 0
579, 1, 0
536, 1, 0
500, 1, 0
213, 0, 1
259, 1, 0
395, 1, 0
401, 1, 0
364, 1, 0
81, 0, 1
250, 1, 0
248, 1, 0
405, 1, 0
405, 1, 1
191, 1, 0
250, 1, 0
421, 1, 0
204, 1, 0
250, 1, 1
126, 1, 0
249, 1, 0
251, 1, 0
249, 1, 0
249, 1, 0
126, 0, 1
124, 1, 0
125, 1, 0
250, 1, 0
250, 1, 0
126, 1, 0
249, 1, 0
126, 1, 1
249, 1, 0
252, 1, 0
125, 1, 0
250, 1, 1
125, 1, 0
125, 1, 0
249, 1, 0
125, 1, 0
125, 1, 0
250, 1, 0
125, 1, 0
127, 1, 1
249, 1, 0
126, 1, 0
125, 1, 0
253, 1, 0
126, 1, 0
125, 1, 0
124, 1, 1
126, 1, 0
255, 1, 0
115, 1, 0
126, 1, 0
124, 1, 0
249, 1, 1
126, 1, 0
133, 1, 0
122, 1, 0
121, 1, 0
124, 1, 0
125, 1, 0
125, 1, 0
125, 1, 0
125, 1, 1
125, 1, 0
249, 2, 0
252, 1, 0
125, 1, 0
124, 2, 0
249, 1, 1
126, 1, 0
125, 1, 0
123, 1, 0
127, 1, 0
126, 1, 0
124, 1, 0
124, 1, 0
125, 1, 0
126, 1, 0
125, 1, 0
125, 2, 1
250, 2, 0
125, 1, 0
125, 1, 0
125, 1, 0
124, 1, 0
127, 1, 0
124, 1, 0
126, 1, 0
125, 1, 0
124, 1, 1
125, 2, 0
125, 1, 0
125, 1, 0
125, 1, 0
125, 2, 0
250, 2, 0
125, 1, 0
125, 1, 0
125, 1, 0
125, 2, 1
125, 1, 0
126, 1, 0
125, 1, 0
124, 1, 0
126, 1, 0
124, 1, 0
125, 2, 0
125, 1, 0
125, 1, 0
124, 1, 0
141, 2, 0
109, 1, 0
124, 1, 0
125, 1, 0
128, 2, 0
124, 1, 1
124, 2, 0
126, 1, 0
124, 1, 0
127, 1, 0
124, 2, 0
124, 1, 0
125, 2, 0
133, 1, 0
117, 1, 0
125, 1, 0
125, 2, 0
125, 1, 0
125, 2, 0
124, 1, 0
126, 2, 0
124, 1, 0
126, 1, 0
124, 1, 0
125, 2, 0
126, 1, 0
124, 2, 0
127, 1, 1
126, 1, 0
125, 2, 0
125, 1, 0
125, 2, 0
125, 1, 0
126, 2, 0
124, 1, 0
125, 2, 0
125, 1, 0
125, 2, 0
125, 1, 0
125, 2, 0
126, 1, 0
125, 1, 0
124, 2, 0
125, 1, 0
125, 1, 0
125, 2, 0
125, 1, 0
125, 2, 0
125, 1, 0
126, 2, 0
123, 1, 0
126, 2, 0
124, 1, 0
126, 2, 0
125, 1, 0
125, 2, 0
125, 1, 0
126, 2, 0
124, 2, 0
125, 1, 0
125, 2, 0
125, 1, 0
125, 2, 0
125, 1, 0
125, 2, 0
126, 1, 0
124, 2, 0
125, 1, 0
125, 2, 0
125, 1, 0
125, 2, 0
125, 1, 0
125, 2, 0
125, 1, 0
129, 2, 0
125, 1, 0
121, 2, 0
125, 1, 0
125, 2, 0
125, 2, 0
125, 1, 0
126, 2, 0
124, 2, 0
125, 1, 0
125, 2, 0
125, 1, 0
125, 1, 0
125, 2, 0
125, 1, 0
126, 2, 0
123, 1, 0
126, 2, 0
125, 1, 0
130, 2, 0
119, 1, 0
125, 2, 0
125, 2, 0
126, 1, 0
124, 2, 0
125, 1, 0
125, 2, 0
125, 1, 0
125, 2, 0
125, 1, 0
125, 2, 0
126, 1, 0
124, 2, 0
125, 2, 0
125, 1, 0
125, 2, 0
124, 1, 0
126, 2, 0
125, 1, 0
126, 2, 0
124, 1, 0
125, 1, 0
125, 2, 0
125, 1, 0
125, 2, 0
125, 1, 0
125, 2, 0
126, 1, 0
124, 2, 0
125, 1, 0
125, 2, 0
125, 1, 0
125, 2, 0
125, 1, 0
125, 2, -1
132, 1, 0
117, 1, 0
124, 2, 0
125, 1, 0
126, 2, 0
124, 1, 0
125, 1, 0
126, 2, 0
125, 1, 0
124, 2, 0
125, 1, 0
126, 2, 0
125, 1, 0
125, 2, 0
124, 1, 0
125, 1, 0
126, 2, -1
125, 1, 0
125, 1, 0
125, 1, 0
125, 2, 0
125, 1, 0
125, 2, 0
127, 1, 0
127, 1, 0
123, 2, 0
126, 1, 0
123, 1, 0
129, 2, 0
122, 1, 0
125, 1, -1
125, 1, 0
124, 2, 0
126, 1, 0
125, 2, 0
125, 1, 0
125, 1, 0
125, 1, 0
125, 2, 0
125, 1, 0
125, 1, 0
125, 1, 0
125, 2, 0
125, 1, 0
129, 1, -1
121, 1, 0
124, 2, 0
125, 1, 0
249, 2, 0
126, 1, 0
125, 1, 0
125, 1, 0
125, 1, 0
125, 2, 0
125, 1, 0
126, 1, 0
124, 1, -1
125, 1, 0
125, 2, 0
249, 2, 0
127, 1, 0
124, 1, 0
126, 1, 0
124, 1, 0
125, 1, 0
125, 1, 0
125, 1, 0
125, 1, 0
125, 1, 0
126, 1, -1
126, 1, 0
124, 1, 0
125, 1, 0
125, 1, 0
125, 1, 0
125, 1, 0
129, 1, 0
125, 1, 0
128, 1, 0
242, 2, 0
250, 1, 0
126, 1, 0
125, 1, 0
125, 1, 0
125, 1, 0
125, 1, -1
125, 1, 0
249, 1, 0
126, 1, 0
126, 1, 0
251, 1, 0
123, 1, 0
126, 1, 0
248, 1, 0
126, 1, 0
125, 1, 0
250, 1, 0
125, 1, 0
249, 1, 0
126, 1, 0
249, 1, -1
125, 1, 0
250, 1, 0
250, 1, 0
250, 1, 0
125, 1, 0
251, 1, 0
249, 1, 0
253, 1, 0
248, 1, 0
250, 1, 0
377, 1, 0
249, 1, 0
248, 1, 0
377, 1, 0
374, 1, 0
499, 1, 0
500, 1, 0
628, 1, 0
873, 1, 0
6131, -1, 0
997, -1, 0
876, -1, 0
121, 0, -1
626, -1, 0
627, -1, 0
500, -1, 0
498, -1, 0
374, -1, 0
500, -1, 0
251, -1, 0
374, -1, 0
376, -1, -1
375, -1, 0
250, -1, 0
249, -1, 0
250, -1, 0
377, -1, 0
248, -1, 0
249, -1, 0
126, -1, 0
250, -1, 0
250, -1, 0
250, -1, 0
254, -1, 0
248, -1, -1
124, -1, 0
250, -1, 0
249, -1, 0
126, -1, 0
126, -1, 0
249, -1, 0
126, -1, 0
248, -1, 0
125, -1, 0
249, -1, 0
125, -1, 0
128, -1, 0
248, -1, 0
126, -1, 0
124, -1, 0
250, -1, 0
126, -1, 0
125, -1, 0
125, -1, 0
249, -1, 0
125, -1, 0
127, -1, 0
123, -1, 0
126, -1, 0
250, -1, 0
125, -1, 0
124, -1, 0
126, -1, 0
124, -1, 0
127, -1, 0
123, -1, 0
125, -1, 0
126, -1, 0
124, -1, 0
125, -1, 0
124, -1, 0
126, -1, 0
249, -2, 0
251, -2, 0
249, -1, 0
125, -2, 0
250, -2, 0
248, -2, 0
129, -1, 0
130, -1, 0
122, -1, 0
123, -1, 0
132, -1, 0
119, -1, 0
125, -1, 0
125, -1, 0
127, -1, 0
122, -1, 0
125, -1, 0
126, -2, 0
123, -1, 0
127, -1, 0
133, -1, 0
116, -1, 0
126, -1, 0
125, -2, 0
125, -1, 1
126, -1, 0
137, -1, 0
112, -2, 0
248, -1, 0
127, -2, 0
126, -1, 0
125, -1, 0
125, -1, 0
125, -2, 0
124, -1, 0
126, -2, 1
125, -1, 0
130, -1, 0
120, -1, 0
126, -2, 0
123, -1, 0
125, -1, 0
125, -1, 1
125, -2, 0
125, -1, 0
125, -2, 0
125, -1, 0
125, -1, 0
125, -1, 0
124, -2, 0
126, -1, 1
124, -2, 0
126, -1, 0
126, -2, 0
124, -1, 0
126, -1, 0
124, -1, 1
125, -2, 0
124, -1, 0
126, -2, 0
124, -1, 0
126, -1, 0
125, -2, 1
125, -1, 0
124, -2, 0
129, -1, 0
123, -2, 0
125, -1, 1
124, -2, 0
126, -1, 0
125, -2, 0
125, -1, 0
125, -1, 1
124, -2, 0
125, -1, 0
126, -2, 0
125, -1, 0
126, -2, 1
124, -2, 0
125, -1, 0
131, -2, 0
118, -1, 0
126, -2, 1
125, -1, 0
124, -1, 0
126, -2, 0
125, -1, 1
128, -2, 0
122, -1, 0
125, -2, 0
124, -2, 1
124, -2, 0
125, -1, 0
126, -2, 0
124, -1, 1
125, -2, 0
125, -1, 0
125, -2, 0
126, -2, 1
124, -2, 0
125, -1, 0
126, -2, 0
125, -1, 1
124, -2, 0
125, -2, 0
131, -2, 1
120, -1, 0
126, -2, 0
125, -1, 0
125, -2, 1
125, -2, 0
125, -2, 0
124, -1, 0
126, -1, 1
124, -2, 0
126, -2, 0
125, -2, 1
125, -1, 0
124, -2, 0
126, -1, 1
124, -3, 0
125, -1, 0
125, -2, 1
126, -1, 0
124, -2, 0
127, -2, 1
123, -2, 0
125, -1, 0
125, -2, 1
125, -2, 0
125, -2, 0
125, -1, 0
126, -2, 1
126, -2, 0
123, -2, 1
126, -1, 0
124, -2, 0
125, -2, 1
126, -2, 0
131, -1, 0
125, -2, 1
121, -2, 0
122, -2, 0
125, -1, 1
124, -2, 0
125, -2, 0
125, -1, 1
125, -2, 0
125, -2, 0
126, -2, 1
124, -1, 0
126, -2, 1
125, -2, 0
124, -2, 0
125, -1, 1
126, -2, 0
124, -2, 1
126, -2, 0
123, -1, 0
127, -2, 1
125, -2, 0
125, -2, 0
125, -1, 1
124, -2, 0
125, -2, 1
126, -2, 0
124, -1, 0
125, -2, 1
125, -2, 0
125, -2, 0
126, -1, 1
125, -2, 0
124, -2, 1
126, -1, 0
123, -2, 0
126, -1, 1
125, -2, 0
124, -2, 0
127, -2, 1
132, -1, 0
117, -2, 1
127, -2, 0
124, -2, 1
124, -1, 0
125, -2, 0
127, -2, 1
124, -2, 0
124, -1, 1
126, -2, 0
125, -1, 0
124, -2, 1
125, -2, 0
125, -2, 1
126, -1, 0
125, -2, 1
124, -2, 0
125, -2, 0
127, -1, 1
123, -2, 0
125, -1, 1
125, -2, 0
126, -2, 0
125, -1, 1
124, -2, 0
126, -1, 1
125, -2, 0
125, -1, 1
124, -3, 0
126, -1, 0
124, -2, 1
125, -1, 0
125, -2, 1
126, -1, 0
125, -2, 1
124, -2, 0
126, -1, 1
125, -2, 0
125, -2, 0
125, -1, 1
125, -2, 0
125, -1, 1
125, -2, 0
123, -1, 0
127, -2, 1
125, -1, 0
124, -2, 1
125, -1, 0
126, -2, 1
124, -2, 0
126, -2, 0
125, -1, 1
125, -1, 0
124, -2, 1
125, -1, 0
126, -2, 1
125, -1, 0
125, -2, 0
125, -1, 1
125, -2, 0
125, -1, 1
125, -1, 0
125, -2, 0
125, -2, 1
249, -2, 1
126, -1, 0
125, -2, 1
125, -1, 0
125, -2, 0
124, -1, 1
126, -2, 0
125, -1, 1
125, -1, 0
125, -2, 0
125, -1, 1
123, -1, 0
126, -2, 1
127, -1, 0
123, -2, 1
124, -1, 0
126, -1, 0
132, -1, 1
120, -1, 0
122, -2, 0
125, -1, 1
130, -1, 0
121, -1, 1
127, -2, 0
127, -1, 0
126, -1, 1
124, -1, 0
123, -2, 1
128, -1, 0
126, -1, 0
128, -1, 1
132, -2, 0
110, -1, 1
128, -1, 0
123, -1, 0
124, -2, 1
249, -2, 1
125, -1, 0
125, -1, 0
125, -1, 1
126, -1, 0
124, -1, 0
126, -1, 1
124, -1, 0
126, -1, 0
124, -2, 1
251, -2, 1
249, -2, 0
126, -1, 0
124, -1, 1
125, -1, 0
126, -1, 1
125, -1, 0
124, -1, 0
126, -1, 1
125, -1, 0
249, -2, 1
253, -1, 0
124, -1, 1
124, -1, 0
127, -1, 0
122, -1, 1
124, -1, 0
125, -1, 0
125, 0, 1
125, -1, 0
126, -1, 0
124, -1, 1
126, -1, 0
124, -1, 0
126, 0, 1
124, -1, 0
125, -1, 0
126, -1, 1
124, -1, 0
250, -1, 1
125, -1, 0
249, -1, 0
126, -1, 1
248, -1, 0
133, -1, 1
128, -1, 0
242, -1, 0
126, 0, 1
124, -1, 0
125, -1, 0
126, -1, 1
374, -1, 0
125, -1, 1
255, -1, 0
248, -1, 1
123, -1, 0
375, -1, 1
249, -1, 0
250, -1, 1
375, -1, 0
250, -1, 1
249, -1, 0
250, 0, 1
251, -1, 0
250, -1, 0
126, 0, 1
372, -1, 0
254, 0, 1
123, -1, 0
504, 0, 1
121, -1, 0
625, -1, 1
786, 0, 1
88, -1, 0
877, 0, 1
1252, 0, 1
1659, 0, 1
1717, 1, 0
122, 0, 1
749, 1, 0
250, 0, 1
543, 1, 0
745, 1, 1
586, 1, 0
409, 0, 1
91, 1, 0
500, 1, 0
127, 0, 1
372, 1, 0
375, 0, 1
126, 1, 0
374, 1, 0
250, 0, 1
125, 1, 0
538, 1, 1
212, 1, 0
377, 1, 0
125, 0, 1
251, 1, 0
250, 1, 0
123, 0, 1
251, 1, 0
250, 1, 1
250, 1, 0
257, 1, 0
242, 1, 1
249, 1, 0
251, 1, 1
252, 1, 0
248, 1, 1
250, 1, 0
249, 1, 0
126, 0, 1
125, 1, 0
249, 1, 0
252, 1, 1
124, 1, 0
249, 1, 0
126, 0, 1
125, 1, 0
125, 1, 0
250, 1, 1
127, 1, 0
249, 1, 0
250, 1, 1
130, 1, 0
124, 1, 0
247, 1, 1
126, 1, 0
247, 1, 0
126, 1, 1
248, 1, 0
127, 1, 0
124, 1, 1
250, 1, 0
125, 1, 0
125, 1, 0
126, 0, 1
124, 1, 0
126, 1, 0
249, 1, 0
127, 1, 1
123, 1, 0
125, 1, 0
125, 1, 0
125, 0, 1
126, 1, 0
124, 1, 0
125, 1, 0
249, 1, 1
126, 1, 0
125, 1, 0
126, 1, 0
126, 1, 0
124, 0, 1
124, 2, 0
249, 1, 0
126, 1, 0
132, 1, 1
117, 1, 0
125, 1, 0
249, 2, 0
126, 0, 1
144, 1, 0
106, 1, 0
125, 1, 0
124, 1, 0
126, 1, 0
124, 1, 1
126, 1, 0
124, 1, 0
125, 1, 0
126, 1, 1
125, 1, 0
125, 1, 0
125, 1, 0
124, 1, 0
250, 2, 1
250, 2, 0
126, 1, 0
125, 1, 0
125, 1, 0
131, 1, 0
122, 1, 1
125, 1, 0
124, 1, 0
125, 1, 0
127, 1, 0
122, 1, 0
125, 1, 1
124, 1, 0
126, 1, 0
127, 1, 0
123, 1, 0
125, 1, 0
125, 1, 0
126, 1, 0
129, 2, 1
245, 2, 0
127, 1, 0
125, 1, 0
126, 1, 0
124, 1, 1
125, 1, 0
125, 1, 0
124, 1, 0
125, 2, 0
125, 1, 0
125, 1, 0
125, 1, 0
125, 1, 1
125, 1, 0
126, 2, 0
250, 2, 0
124, 1, 0
125, 1, 1
125, 1, 0
125, 1, 0
125, 1, 0
126, 2, 0
124, 1, 0
124, 1, 0
126, 1, 0
124, 1, 0
127, 2, 0
125, 1, 1
124, 1, 0
126, 1, 0
124, 1, 0
127, 1, 0
139, 2, 0
113, 1, 0
125, 1, 0
123, 1, 0
126, 2, 0
125, 1, 1
122, 1, 0
126, 1, 0
125, 2, 0
131, 1, 0
146, 1, 0
98, 1, 0
125, 1, 0
126, 2, 0
124, 1, 0
125, 1, 0
130, 1, 0
124, 2, 0
128, 1, 0
120, 1, 1
122, 1, 0
126, 1, 0
124, 2, 0
125, 1, 0
125, 1, 0
125, 1, 0
125, 1, 0
125, 2, 0
125, 1, 0
126, 1, 0
124, 2, 0
125, 1, 0
125, 1, 0
125, 2, 0
124, 1, 0
127, 1, 0
134, 1, 0
130, 2, 0
115, 1, 0
122, 1, 0
128, 1, 0
119, 2, 0
124, 1, 0
125, 1, 0
127, 1, 0
126, 2, 0
123, 1, 0
125, 1, 0
125, 1, 0
125, 1, 0
125, 2, 0
145, 1, 0
105, 1, 0
125, 1, 0
124, 1, 0
125, 1, 0
125, 2, 0
125, 1, 0
126, 1, 0
124, 1, 0
125, 2, 0
126, 1, 0
124, 1, 0
127, 1, 0
130, 2, 0
246, 2, 0
127, 1, 0
124, 1, 0
125, 1, 0
124, 2, 0
126, 1, 0
124, 1, 0
125, 1, 0
125, 1, 0
125, 1, 0
125, 2, 0
126, 1, 0
124, 1, 0
125, 1, 0
125, 1, 0
125, 1, 0
125, 1, 0
125, 1, 0
125, 1, 0
125, 1, 0
124, 1, 0
126, 2, 0
125, 1, 0
149, 1, 0
100, 1, 0
126, 1, 0
124, 1, 0
125, 1, 0
124, 1, 0
126, 1, 0
124, 1, 0
126, 1, 0
124, 1, 0
126, 1, 0
125, 1, 0
125, 1, 0
124, 1, 0
125, 1, 0
126, 1, 0
125, 1, 0
125, 1, 0
125, 1, 0
125, 1, 0
125, 1, 0
125, 1, 0
125, 1, 0
125, 1, 0
124, 1, 0
126, 1, 0
248, 2, 0
128, 1, 0
123, 1, 0
250, 1, 0
124, 1, 0
127, 1, 0
124, 1, 0
124, 1, -1
251, 1, 0
126, 1, 0
125, 1, 0
125, 1, 0
124, 1, 0
250, 1, 0
126, 1, 0
125, 1, 0
249, 1, 0
125, 1, 0
125, 1, 0
250, 1, 0
126, 1, 0
250, 1, 0
124, 1, 0
128, 1, 0
249, 1, 0
125, 1, 0
253, 1, -1
125, 1, 0
257, 1, 0
238, 1, 0
250, 1, 0
254, 1, 0
124, 1, 0
255, 1, 0
244, 1, 0
248, 1, 0
250, 1, 0
404, 1, 0
223, 1, 0
376, 1, 0
247, 1, 0
376, 1, 0
375, 1, 0
500, 1, 0
501, 1, 0
752, 1, 0
876, 1, 0
6504, -1, 0
1497, -1, 0
998, -1, 0
758, -1, 0
617, -1, 0
623, -1, 0
498, -1, 0
126, 0, -1
375, -1, 0
377, -1, 0
535, -1, 0
213, -1, 0
410, -1, 0
400, -1, 0
190, -1, 0
377, -1, 0
375, -1, 0
125, -1, 0
248, -1, 0
376, -1, 0
280, -1, 0
218, -1, 0
251, -1, 0
124, -1, 0
250, -1, 0
251, -1, 0
250, -1, -1
256, -1, 0
119, -1, 0
250, -1, 0
126, -1, 0
251, -1, 0
128, -1, 0
123, -1, 0
247, -1, 0
252, -1, 0
123, -1, 0
248, -1, 0
126, -1, 0
125, -1, 0
249, -1, 0
126, -1, 0
125, -1, 0
127, -1, 0
247, -1, 0
126, -1, 0
125, -1, 0
126, -1, 0
250, -1, 0
125, -1, 0
125, -1, 0
125, -1, 0
125, -1, 0
125, -1, 0
127, -1, 0
251, -1, 0
125, -1, 0
124, -1, 0
129, -1, 0
119, -1, 0
125, -1, 0
126, -1, 0
125, -1, 0
248, -2, 0
249, -2, 0
254, -2, 0
249, -2, 0
249, -2, 0
126, -1, 0
124, -1, 0
250, -2, 0
125, -1, 0
126, -1, 0
124, -1, 0
125, -1, 0
125, -1, 0
127, -1, 0
129, -1, 0
121, -1, 1
123, -1, 0
126, -2, 0
124, -1, 0
125, -1, 0
131, -1, 0
125, -1, 0
118, -1, 0
126, -1, 0
125, -1, 0
125, -1, 0
125, -2, 0
125, -1, 0
125, -1, 1
125, -1, 0
125, -2, 0
125, -1, 0
125, -1, 0
126, -1, 0
124, -1, 0
125, -1, 0
125, -2, 0
125, -1, 0
125, -2, 0
251, -2, 1
125, -1, 0
124, -2, 0
125, -1, 0
126, -1, 0
124, -1, 0
127, -2, 0
124, -1, 0
124, -1, 0
126, -1, 0
124, -2, 1
125, -1, 0
125, -2, 0
125, -1, 0
125, -1, 0
127, -2, 0
127, -1, 0
125, -1, 1
122, -2, 0
126, -1, 0
124, -1, 0
124, -2, 0
125, -1, 0
126, -2, 0
124, -1, 0
126, -1, 1
124, -2, 0
127, -1, 0
126, -1, 0
122, -2, 0
125, -1, 0
125, -2, 0
125, -1, 0
126, -2, 1
124, -1, 0
125, -2, 0
125, -1, 0
125, -2, 0
125, -1, 0
126, -2, 1
124, -1, 0
126, -2, 0
124, -1, 0
125, -1, 0
125, -2, 0
125, -1, 0
125, -2, 1
125, -1, 0
125, -2, 0
131, -1, 0
122, -2, 0
125, -1, 0
123, -2, 0
126, -1, 1
123, -2, 0
125, -1, 0
125, -2, 0
126, -1, 0
124, -2, 1
125, -1, 0
125, -2, 0
125, -1, 0
125, -2, 0
125, -1, 0
125, -2, 1
126, -2, 0
124, -1, 0
125, -2, 0
125, -2, 1
125, -1, 0
125, -2, 0
125, -1, 0
125, -1, 0
127, -2, 1
123, -1, 0
125, -2, 0
125, -1, 0
125, -2, 0
125, -2, 1
125, -2, 0
126, -1, 0
125, -2, 0
126, -1, 0
122, -2, 1
125, -1, 0
125, -2, 0
128, -1, 0
125, -2, 1
123, -2, 0
125, -2, 0
132, -1, 0
159, -2, 0
87, -1, 1
122, -2, 0
124, -1, 0
128, -2, 0
126, -1, 0
130, -3, 1
119, -1, 0
126, -2, 0
125, -1, 0
124, -1, 1
123, -2, 0
127, -1, 0
124, -2, 0
126, -2, 0
124, -2, 1
124, -1, 0
127, -2, 0
125, -1, 0
125, -2, 0
125, -1, 1
125, -2, 0
126, -1, 0
132, -2, 1
119, -2, 0
124, -2, 0
123, -1, 0
125, -2, 1
125, -1, 0
125, -2, 0
124, -1, 0
125, -2, 0
123, -1, 1
126, -2, 0
126, -2, 0
126, -1, 0
125, -2, 1
125, -1, 0
125, -2, 0
125, -1, 0
127, -2, 1
123, -1, 0
127, -2, 0
123, -1, 0
126, -2, 1
125, -1, 0
125, -2, 0
125, -2, 0
125, -1, 1
124, -2, 0
124, -1, 0
125, -2, 0
125, -2, 1
125, -1, 0
127, -2, 0
124, -1, 1
125, -2, 0
124, -1, 0
127, -2, 1
125, -1, 0
124, -2, 0
125, -1, 0
126, -2, 1
124, -1, 0
125, -2, 0
125, -1, 0
125, -1, 1
124, -2, 0
124, -1, 0
126, -2, 1
126, -1, 0
123, -2, 0
125, -1, 0
126, -2, 0
124, -1, 1
126, -2, 0
125, -1, 0
125, -1, 1
124, -1, 0
126, -2, 0
125, -1, 0
126, -2, 1
126, -1, 0
126, -2, 0
123, -1, 0
126, -2, 1
125, -1, 0
124, -1, 0
124, -1, 0
125, -2, 1
125, -1, 0
125, -2, 0
125, -1, 1
125, -1, 0
125, -1, 0
127, -2, 0
124, -1, 1
124, -1, 0
125, -2, 0
125, -1, 0
124, -1, 1
128, -1, 0
125, -2, 0
125, -1, 0
124, -2, 1
125, -1, 0
127, -1, 0
131, -1, 0
117, -2, 1
125, -1, 0
125, -1, 0
124, -1, 0
125, -1, 1
125, -1, 0
125, -2, 0
125, -1, 1
125, -1, 0
125, -1, 0
126, -2, 0
482, -3, 1
22, -1, 0
120, -1, 0
127, -1, 1
123, -1, 0
126, -1, 0
126, -2, 1
248, -2, 0
125, -1, 0
125, -1, 0
125, -1, 1
125, -1, 0
125, -1, 0
125, -1, 0
125, -1, 1
123, -1, 0
127, -1, 0
125, -1, 1
126, -1, 0
124, -1, 0
126, -1, 0
124, -2, 1
249, -1, 0
126, -1, 0
125, -1, 0
125, -1, 1
125, -1, 0
126, -1, 0
124, -1, 0
125, -1, 1
125, -1, 0
124, -1, 0
281, -1, 0
101, -1, 1
120, -1, 0
124, -1, 0
125, -1, 0
125, -1, 1
125, -1, 0
249, -1, 0
126, -1, 0
125, -1, 1
249, -1, 0
126, -1, 0
125, -1, 0
125, -1, 0
125, -1, 1
250, -1, 0
125, -1, 0
125, 0, 1
123, -1, 0
127, -1, 0
249, -1, 0
126, -1, 0
126, -1, 1
248, -1, 0
254, -1, 0
128, -1, 1
244, -1, 0
252, -1, 0
126, -1, 0
123, 0, 1
124, -1, 0
133, -1, 0
242, -1, 0
126, 0, 1
123, -1, 0
252, -1, 0
249, -1, 0
251, -1, 1
376, -1, 0
250, -1, 0
251, 0, 1
129, -1, 0
249, -1, 0
370, -1, 0
253, 0, 1
124, -1, 0
375, -1, 0
497, -1, 0
127, 0, 1
374, -1, 0
500, -1, 0
374, 0, 1
501, -1, 0
1503, 0, 1
6011, 1, 1
1111, 1, 0
874, 1, 1
624, 1, 0
626, 1, 0
249, 0, 1
376, 1, 0
500, 1, 0
373, 1, 1
501, 1, 0
500, 1, 1
377, 1, 0
374, 1, 0
125, 0, 1
125, 1, 0
386, 1, 0
369, 1, 0
123, 0, 1
124, 1, 0
249, 1, 0
249, 1, 0
126, 0, 1
248, 1, 0
125, 1, 0
250, 1, 0
125, 0, 1
126, 1, 0
374, 1, 0
125, 1, 0
126, 0, 1
124, 1, 0
250, 1, 0
251, 1, 0
124, 0, 1
127, 1, 0
249, 1, 0
125, 1, 0
250, 1, 1
126, 1, 0
249, 1, 0
127, 1, 0
253, 1, 1
120, 1, 0
254, 1, 0
123, 1, 0
125, 0, 1
126, 1, 0
124, 1, 0
125, 1, 0
248, 1, 1
126, 1, 0
125, 1, 0
252, 1, 0
124, 1, 0
126, 1, 1
249, 1, 0
123, 1, 0
126, 1, 0
125, 1, 0
125, 1, 1
249, 1, 0
128, 1, 0
123, 1, 0
124, 1, 1
249, 1, 0
127, 1, 0
124, 1, 0
125, 1, 1
125, 1, 0
125, 1, 0
125, 1, 0
250, 2, 1
249, 2, 0
250, 1, 0
129, 1, 0
122, 1, 1
125, 1, 0
125, 1, 0
126, 1, 0
123, 1, 0
126, 1, 0
126, 1, 1
125, 1, 0
125, 1, 0
125, 1, 0
142, 1, 0
108, 1, 1
124, 1, 0
125, 1, 0
127, 1, 0
129, 1, 0
120, 1, 0
124, 1, 1
125, 1, 0
126, 2, 0
248, 2, 0
126, 1, 0
125, 1, 1
125, 1, 0
125, 1, 0
127, 1, 0
124, 1, 0
124, 1, 0
125, 2, 0
125, 1, 1
125, 1, 0
125, 1, 0
125, 1, 0
125, 1, 0
126, 2, 0
124, 1, 0
125, 1, 1
125, 1, 0
125, 2, 0
125, 1, 0
125, 1, 0
125, 1, 0
126, 1, 0
124, 1, 0
125, 1, 1
125, 2, 0
125, 1, 0
125, 1, 0
125, 1, 0
125, 2, 0
126, 1, 0
124, 1, 1
131, 1, 0
120, 2, 0
125, 1, 0
130, 1, 0
118, 2, 0
125, 1, 0
126, 1, 0
125, 2, 1
124, 1, 0
125, 1, 0
125, 1, 0
125, 2, 0
126, 1, 0
124, 1, 0
126, 1, 0
124, 2, 0
126, 1, 1
124, 2, 0
125, 1, 0
125, 1, 0
126, 2, 0
124, 1, 0
126, 1, 0
124, 1, 0
125, 2, 0
125, 1, 0
126, 2, 0
131, 1, 1
121, 1, 0
124, 2, 0
125, 1, 0
127, 1, 0
123, 2, 0
125, 1, 0
125, 2, 0
125, 1, 0
125, 1, 0
125, 2, 0
126, 1, 0
124, 1, 0
125, 2, 1
125, 1, 0
125, 2, 0
125, 1, 0
125, 2, 0
125, 1, 0
126, 2, 0
124, 1, 0
125, 2, 0
125, 1, 0
125, 1, 0
125, 2, 0
125, 1, 0
125, 2, 0
126, 1, 0
124, 1, 0
125, 2, 0
125, 1, 1
125, 2, 0
125, 1, 0
132, 2, 0
122, 1, 0
123, 1, 0
123, 2, 0
124, 1, 0
125, 2, 0
125, 1, 0
125, 2, 0
125, 1, 0
125, 2, 0
126, 1, 0
124, 2, 0
125, 1, 0
125, 2, 0
125, 1, 0
125, 2, 0
125, 1, 0
125, 2, 0
126, 1, 0
124, 1, 0
125, 2, 0
125, 1, 0
125, 2, 0
125, 1, 0
125, 2, 0
126, 1, 0
125, 2, 1
123, 1, 0
128, 2, 0
125, 1, 0
124, 2, 0
126, 1, 0
125, 2, 0
124, 1, 0
126, 2, 0
123, 1, 0
125, 1, 0
125, 2, 0
125, 1, 0
126, 2, 0
125, 1, 0
125, 1, 0
126, 2, 0
124, 1, 0
125, 2, 0
124, 1, 0
133, 2, 0
124, 1, 0
118, 1, 0
133, 2, 0
120, 1, 0
123, 1, 0
124, 2, 0
127, 1, 0
123, 1, 0
124, 2, 0
127, 1, 0
124, 2, 0
125, 1, 0
124, 1, 0
127, 2, 0
154, 1, 0
98, 1, 0
123, 2, 0
128, 1, 0
124, 2, 0
131, 1, 0
121, 1, 0
122, 1, 0
125, 2, 0
123, 1, 0
125, 2, 0
125, 1, 0
126, 1, 0
129, 1, 0
122, 2, 0
125, 1, 0
127, 1, 0
124, 1, 0
125, 1, 0
125, 2, 0
125, 1, 0
126, 1, 0
124, 1, 0
125, 2, 0
126, 1, -1
124, 1, 0
125, 1, 0
125, 2, 0
125, 1, 0
126, 1, 0
124, 1, 0
125, 1, 0
124, 1, 0
126, 2, 0
125, 1, 0
126, 1, 0
124, 1, 0
126, 1, 0
124, 1, 0
124, 2, 0
125, 1, 0
126, 1, 0
124, 1, 0
126, 1, -1
124, 1, 0
127, 1, 0
125, 1, 0
124, 1, 0
125, 1, 0
125, 1, 0
125, 1, 0
125, 1, 0
125, 1, 0
125, 1, 0
125, 1, 0
125, 1, 0
125, 1, 0
125, 1, 0
123, 1, 0
127, 1, -1
125, 1, 0
126, 1, 0
124, 1, 0
126, 1, 0
124, 1, 0
129, 1, 0
121, 1, 0
125, 1, 0
125, 1, 0
126, 1, 0
125, 1, 0
254, 1, 0
126, 1, 0
133, 1, 0
113, 1, -1
246, 1, 0
125, 1, 0
125, 1, 0
125, 1, 0
249, 1, 0
126, 1, 0
125, 1, 0
251, 1, 0
124, 1, 0
250, 1, 0
127, 1, 0
123, 1, 0
252, 1, 0
248, 1, 0
125, 1, 0
249, 1, 0
126, 1, -1
250, 1, 0
248, 1, 0
252, 1, 0
255, 1, 0
371, 1, 0
251, 1, 0
250, 1, 0
248, 1, 0
376, 1, 0
374, 1, 0
375, 1, 0
501, 1, 0
505, 1, 0
746, 1, 0
1751, 1, 0
4375, -1, 0
1508, -1, 0
993, -1, 0
1007, -1, 0
624, -1, 0
618, -1, 0
499, -1, 0
500, -1, 0
375, -1, 0
374, -1, 0
378, -1, 0
377, -1, 0
245, -1, 0
250, -1, 0
376, -1, 0
248, -1, 0
376, -1, 0
249, -1, 0
250, -1, 0
250, -1, 0
125, -1, 0
250, -1, 0
250, -1, 0
251, -1, 0
124, -1, 0
250, -1, 0
125, -1, 0
255, -1, 0
247, -1, 0
137, -1, 0
112, -1, 0
250, -1, 0
128, -1, 0
246, -1, 0
126, -1, 0
250, -1, 0
125, -1, 0
126, -1, 0
126, -1, 0
250, -1, 0
126, -1, 0
126, -1, 0
255, -1, 0
117, -1, 0
126, -1, 0
126, -1, 0
124, -1, 0
123, -1, 0
124, -1, 0
132, -1, 1
122, -1, 0
250, -1, 0
122, -1, 0
124, -1, 0
130, -1, 0
123, -1, 0
125, -1, 0
124, -1, 0
124, -1, 0
126, -1, 1
124, -1, 0
124, -1, 0
125, -1, 0
125, -1, 0
126, -1, 0
124, -1, 0
125, -1, 0
125, -1, 0
127, -1, 0
122, -1, 1
128, -1, 0
126, -1, 0
123, -2, 0
249, -2, 0
126, -1, 0
128, -1, 0
121, -1, 0
127, -1, 0
124, -1, 0
125, -2, 1
125, -1, 0
131, -1, 0
119, -1, 0
127, -2, 0
124, -1, 0
123, -1, 1
125, -1, 0
125, -1, 0
125, -1, 0
125, -1, 0
127, -2, 0
124, -1, 0
125, -2, 1
124, -1, 0
124, -1, 0
125, -1, 0
126, -2, 0
125, -1, 0
125, -2, 1
249, -2, 0
126, -1, 0
125, -2, 0
125, -1, 0
125, -2, 1
125, -1, 0
125, -1, 0
125, -2, 0
125, -1, 0
124, -1, 0
125, -2, 1
126, -1, 0
125, -2, 0
125, -1, 0
125, -2, 1
125, -1, 0
126, -2, 0
124, -1, 0
125, -1, 0
125, -2, 0
125, -1, 1
125, -2, 0
125, -1, 0
125, -2, 0
124, -1, 0
126, -2, 1
125, -1, 0
135, -2, 0
115, -2, 0
125, -1, 1
125, -2, 0
126, -2, 0
124, -1, 0
125, -2, 1
125, -1, 0
125, -2, 0
125, -1, 0
125, -3, 1
125, -1, 0
125, -2, 0
125, -1, 0
125, -2, 1
125, -1, 0
124, -2, 0
126, -2, 0
125, -2, 1
125, -1, 0
125, -1, 0
124, -2, 0
126, -2, 1
125, -2, 0
126, -1, 0
124, -2, 0
125, -1, 1
126, -3, 0
125, -1, 0
124, -2, 1
125, -2, 0
125, -2, 0
125, -1, 0
125, -2, 1
125, -1, 0
125, -3, 0
126, -1, 1
124, -2, 0
124, -2, 0
126, -2, 0
125, -1, 1
125, -2, 0
125, -2, 0
125, -2, 1
126, -1, 0
126, -2, 1
124, -2, 0
124, -2, 0
124, -1, 0
125, -2, 1
125, -2, 0
126, -1, 0
126, -3, 1
123, -1, 0
126, -2, 0
124, -2, 1
126, -2, 0
125, -1, 0
134, -2, 1
120, -2, 0
125, -2, 0
122, -1, 1
129, -3, 0
125, -1, 1
125, -2, 0
123, -2, 0
124, -2, 1
125, -2, 0
124, -2, 0
124, -1, 1
124, -2, 0
125, -2, 0
130, -2, 1
122, -1, 0
124, -3, 1
125, -1, 0
126, -2, 0
124, -2, 1
127, -2, 0
125, -2, 0
126, -2, 1
124, -1, 0
123, -2, 0
126, -2, 1
126, -2, 0
124, -2, 1
125, -1, 0
139, -3, 0
120, -1, 1
117, -2, 0
133, -2, 0
117, -2, 1
125, -2, 0
127, -2, 0
123, -1, 1
123, -3, 0
125, -1, 1
125, -2, 0
134, -2, 0
116, -2, 1
126, -1, 0
124, -3, 0
125, -1, 1
125, -2, 0
125, -2, 1
126, -2, 0
124, -2, 0
126, -2, 1
124, -1, 0
129, -3, 1
123, -1, 0
123, -2, 0
125, -2, 1
125, -1, 0
126, -2, 0
125, -2, 1
125, -2, 0
124, -2, 0
126, -2, 1
124, -1, 0
126, -2, 1
126, -2, 0
126, -2, 1
123, -2, 0
126, -2, 0
123, -1, 1
125, -2, 0
124, -2, 1
126, -2, 0
126, -1, 0
127, -3, 1
123, -1, 0
125, -2, 1
124, -2, 0
127, -2, 0
123, -1, 1
125, -2, 0
125, -2, 0
125, -2, 1
125, -1, 0
126, -2, 1
124, -2, 0
125, -1, 0
125, -3, 1
125, -1, 0
125, -2, 1
127, -1, 0
125, -3, 0
124, -1, 1
124, -2, 0
125, -1, 1
125, -3, 0
125, -1, 0
126, -2, 1
124, -1, 0
126, -2, 1
126, -2, 0
124, -2, 0
126, -1, 1
125, -2, 0
126, -2, 1
122, -2, 0
125, -1, 0
126, -2, 1
125, -2, 0
124, -2, 1
125, -1, 0
126, -2, 0
125, -1, 1
124, -2, 0
125, -1, 1
125, -2, 0
126, -2, 0
124, -1, 1
123, -2, 0
128, -1, 0
125, -2, 1
125, -2, 0
124, -2, 0
127, -1, 1
123, -2, 0
125, -1, 1
124, -2, 0
126, -1, 0
125, -2, 1
125, -1, 0
125, -2, 1
126, -2, 0
125, -1, 0
124, -2, 1
125, -2, 0
125, -1, 0
124, -2, 1
125, -1, 0
126, -2, 1
125, -1, 0
125, -2, 0
125, -1, 1
125, -2, 0
125, -1, 1
125, -1, 0
125, -2, 0
125, -1, 1
125, -2, 0
125, -1, 0
125, -2, 1
125, -1, 0
125, -2, 0
125, -1, 1
125, -2, 0
125, -1, 0
125, -1, 1
126, -1, 0
124, -2, 1
126, -1, 0
124, -2, 0
125, -1, 1
125, -2, 0
127, -1, 0
133, -1, 1
117, -1, 0
130, -2, 0
117, -1, 1
127, -2, 0
123, -1, 0
126, -2, 1
249, -2, 1
125, -1, 0
129, -1, 0
128, -2, 1
121, -1, 0
124, -1, 0
125, -1, 0
124, -2, 1
130, -1, 0
121, -1, 1
124, -1, 0
125, -2, 0
127, -1, 0
127, -1, 1
122, -1, 0
123, -2, 0
125, -1, 1
125, -1, 0
129, -1, 0
123, -2, 1
252, -2, 0
125, -1, 1
125, -1, 0
124, -1, 0
126, -1, 1
124, -1, 0
125, -2, 0
125, -1, 1
130, -1, 0
124, -1, 0
122, -1, 0
123, -1, 1
128, -1, 0
122, -1, 1
124, -1, 0
127, -1, 0
124, -1, 0
124, -1, 1
125, -1, 0
127, -1, 0
125, -1, 1
123, -1, 0
126, -1, 0
125, -1, 1
125, -1, 0
124, -1, 0
126, -1, 0
130, -1, 1
122, -1, 0
122, -1, 0
126, -1, 0
124, -1, 1
126, -1, 0
125, -1, 0
126, -1, 1
125, -1, 0
249, -2, 0
126, 0, 1
124, -1, 0
125, -1, 0
124, -1, 0
126, -1, 1
250, -1, 0
125, -1, 1
124, -1, 0
125, -1, 0
125, -1, 0
126, 0, 1
129, -1, 0
123, -1, 0
125, -1, 0
249, -1, 1
126, -1, 0
125, -1, 0
251, -1, 1
124, -1, 0
123, -1, 0
249, -1, 1
124, -1, 0
128, -1, 0
247, -1, 1
253, -1, 0
123, -1, 0
251, -1, 1
251, -1, 0
126, -1, 0
124, 0, 1
126, -1, 0
248, -1, 0
249, -1, 1
129, -1, 0
249, -1, 0
248, -1, 1
250, -1, 0
251, -1, 0
248, -1, 1
414, -1, 0
211, -1, 1
414, -1, 0
335, -1, 0
252, -1, 1
379, -1, 0
501, -1, 1
370, -1, 0
526, -1, 0
98, 0, 1
664, -1, 0
336, 0, 1
404, -1, 0
1375, 0, 1
220, -1, 0
5260, 1, 0
1377, 0, 1
115, 1, 0
1058, 1, 0
944, 1, 0
500, 0, 1
125, 1, 0
626, 1, 0
749, 1, 1
405, 1, 0
530, 1, 0
563, 1, 0
250, 0, 1
125, 1, 0
403, 1, 0
498, 1, 0
376, 1, 0
221, 0, 1
126, 1, 0
376, 1, 0
248, 1, 0
404, 1, 0
97, 0, 1
125, 1, 0
402, 1, 0
376, 1, 0
222, 1, 0
127, 0, 1
123, 1, 0
250, 1, 0
403, 1, 0
221, 1, 0
251, 1, 0
125, 0, 1
125, 1, 0
248, 1, 0
253, 1, 0
248, 1, 0
250, 1, 0
251, 1, 1
250, 1, 0
124, 1, 0
250, 1, 0
250, 1, 0
250, 1, 0
250, 1, 0
126, 1, 0
124, 0, 1
129, 1, 0
122, 1, 0
249, 1, 0
251, 1, 0
250, 1, 0
125, 1, 0
252, 1, 0
123, 1, 0
256, 1, 0
249, 1, 1
121, 1, 0
249, 1, 0
126, 1, 0
250, 1, 0
125, 1, 0
250, 1, 0
249, 1, 0
127, 1, 0
128, 1, 0
245, 1, 0
126, 1, 0
249, 1, 0
126, 1, 0
250, 1, 0
125, 1, 0
125, 1, 0
249, 1, 0
126, 1, 0
125, 0, 1
125, 1, 0
126, 1, 0
124, 1, 0
249, 1, 0
126, 1, 0
125, 1, 0
249, 1, 0
127, 1, 0
248, 1, 0
125, 1, 0
134, 1, 0
242, 1, 0
125, 1, 0
126, 1, 0
252, 1, 0
121, 1, 0
126, 1, 0
126, 1, 0
248, 1, 0
127, 1, 0
124, 1, 0
249, 1, 0
126, 1, 0
125, 1, 0
252, 1, 0
124, 1, 0
124, 1, 0
249, 1, 0
127, 1, 0
124, 1, 0
125, 1, 0
250, 1, 0
125, 1, 0
125, 1, 0
249, 1, 0
126, 1, 0
125, 1, 0
125, 1, 0
249, 1, 0
126, 1, 0
125, 1, 0
125, 1, 0
249, 1, -1
126, 1, 0
126, 1, 0
250, 1, 0
125, 1, 0
124, 1, 0
250, 1, 0
128, 1, 0
125, 1, 0
247, 1, 0
126, 1, 0
248, 1, 0
126, 1, -1
125, 1, 0
252, 1, 0
124, 1, 0
125, 1, 0
251, 1, 0
125, 1, 0
123, 1, 0
249, 1, 0
126, 1, 0
126, 1, 0
248, 1, -1
126, 1, 0
250, 1, 0
125, 1, 0
251, 1, 0
124, 1, 0
249, 1, 0
126, 1, 0
127, 1, 0
249, 1, 0
124, 0, -1
125, 1, 0
126, 1, 0
127, 1, 0
249, 1, 0
249, 1, 0
248, 1, 0
126, 1, 0
125, 1, -1
250, 1, 0
250, 1, 0
250, 1, 0
250, 1, 0
125, 1, 0
249, 1, -1
250, 1, 0
250, 1, 0
252, 1, 0
251, 1, 0
247, 1, 0
256, 1, 0
122, 0, -1
129, 1, 0
247, 1, 0
247, 1, 0
380, 1, 0
246, 1, 0
373, 1, -1
382, 1, 0
249, 1, 0
400, 1, 0
343, 1, 0
501, 1, 0
125, 0, -1
406, 1, 0
469, 1, 0
628, 1, 0
747, 1, 0
410, 0, -1
842, 1, 0
10205, -1, 0
1427, -1, 0
617, 0, -1
375, -1, 0
917, -1, 0
708, -1, 0
533, 0, -1
216, -1, 0
503, -1, 0
499, -1, 0
498, -1, 0
250, 0, -1
250, -1, 0
502, -1, 0
416, -1, 0
491, -1, 0
341, -1, 0
126, 0, -1
250, -1, 0
405, -1, 0
344, -1, 0
375, -1, 0
484, -1, 0
266, -1, 0
375, -1, -1
407, -1, 0
218, -1, 0
375, -1, 0
407, -1, 0
218, -1, 0
250, -1, 0
408, -1, 0
217, -1, 0
408, -1, 0
217, -1, 0
250, -1, 0
407, -1, 0
218, -1, 0
406, -1, 0
95, 0, -1
125, -1, 0
249, -1, 0
250, -1, 0
406, -1, 0
220, -1, 0
253, -1, 0
248, -1, 0
248, -1, 0
253, -1, 0
247, -1, 0
250, -1, 0
250, -1, 0
252, -1, 0
248, -1, 0
250, -1, 0
408, -1, 0
217, -1, 0
250, -1, 0
250, -1, 0
250, -1, 0
251, -1, 0
249, -1, 0
250, -1, 0
250, -1, 0
250, -1, 0
250, -1, 0
252, -1, 0
250, -1, 0
251, -1, 0
254, -1, 1
370, -1, 0
251, -1, 0
248, -1, 0
125, -1, 0
415, -1, 0
211, -1, 0
249, -1, 0
250, -1, 0
250, -1, 1
250, -1, 0
250, -1, 0
375, -1, 0
250, -1, 0
250, -1, 0
251, -1, 0
249, 0, 1
125, -1, 0
251, -1, 0
249, -1, 0
407, -1, 0
218, -1, 0
250, -1, 0
250, -1, 0
250, 0, 1
125, -1, 0
375, -1, 0
250, -1, 0
375, -1, 0
375, -1, 0
125, 0, 1
126, -1, 0
408, -1, 0
341, -1, 0
375, -1, 0
375, -1, 0
250, 0, 1
250, -1, 0
409, -1, 0
466, -1, 0
410, -1, 0
465, -1, 0
250, 0, 1
250, -1, 0
627, -1, 0
749, -1, 0
786, -1, 0
497, 0, 1
597, -1, 0
15265, 1, 0
1109, 1, 0
122, 0, 1
630, 1, 0
746, 1, 0
496, 1, 0
629, 1, 0
375, 0, 1
125, 1, 0
499, 1, 0
500, 1, 0
372, 1, 0
377, 1, 0
376, 1, 0
376, 1, 1
251, 1, 0
496, 1, 0
249, 1, 0
407, 1, 0
218, 1, 0
407, 1, 0
218, 1, 0
251, 1, 0
383, 1, 0
247, 1, 1
246, 1, 0
249, 1, 0
251, 1, 0
250, 1, 0
249, 1, 0
250, 1, 0
126, 1, 0
249, 1, 0
250, 1, 0
250, 1, 0
250, 1, 0
250, 1, 0
127, 1, 0
249, 1, 0
125, 1, 0
250, 1, 1
250, 1, 0
126, 1, 0
131, 1, 0
247, 1, 0
245, 1, 0
127, 1, 0
125, 1, 0
249, 1, 0
126, 1, 0
249, 1, 0
126, 1, 0
125, 1, 0
250, 1, 0
124, 1, 0
250, 1, 0
127, 1, 0
124, 1, 0
125, 1, 0
250, 1, 0
123, 1, 0
130, 1, 0
248, 1, 0
123, 1, 0
125, 1, 0
125, 1, 0
127, 1, 0
249, 1, 0
125, 1, 0
125, 1, 0
125, 1, 0
126, 1, 0
123, 1, 0
125, 1, 0
250, 1, 0
125, 1, 0
125, 1, 0
125, 1, 0
135, 1, 0
118, 1, 0
124, 1, 0
127, 1, 0
249, 2, 0
247, 2, 0
253, 2, 0
247, 2, 0
251, 1, 0
125, 1, 0
125, 1, 0
125, 1, 0
125, 1, 0
126, 1, 0
124, 1, 0
126, 1, 0
126, 2, 0
248, 2, 0
250, 2, 0
127, 1, -1
124, 1, 0
125, 1, 0
124, 1, 0
125, 1, 0
125, 1, 0
125, 1, 0
125, 1, 0
126, 1, 0
123, 1, 0
127, 1, 0
126, 1, 0
126, 1, 0
122, 1, 0
146, 2, 0
230, 2, 0
127, 1, 0
124, 1, 0
124, 1, 0
125, 1, 0
125, 1, 0
125, 1, 0
125, 1, 0
129, 2, -1
121, 1, 0
125, 1, 0
125, 1, 0
125, 1, 0
125, 1, 0
125, 1, 0
125, 1, 0
126, 2, 0
129, 1, 0
120, 1, 0
124, 1, 0
126, 2, 0
249, 2, 0
126, 1, -1
125, 1, 0
124, 1, 0
125, 1, 0
125, 1, 0
126, 1, 0
124, 2, 0
126, 1, 0
125, 1, 0
126, 1, 0
124, 2, 0
249, 2, 0
125, 1, 0
128, 1, 0
127, 1, -1
126, 2, 0
124, 1, 0
126, 1, 0
120, 1, 0
126, 2, 0
125, 1, 0
124, 1, 0
130, 1, 0
128, 2, 0
120, 1, 0
125, 1, 0
123, 1, 0
125, 1, -1
125, 1, 0
125, 2, 0
125, 1, 0
125, 1, 0
125, 1, 0
125, 2, 0
125, 1, 0
125, 1, 0
125, 1, 0
124, 1, 0
126, 2, 0
125, 1, -1
125, 1, 0
125, 1, 0
126, 2, 0
124, 1, 0
125, 2, 0
249, 2, 0
126, 1, 0
126, 2, 0
123, 1, 0
126, 1, 0
125, 1, 0
125, 2, 0
125, 1, 0
143, 1, -1
108, 1, 0
126, 2, 0
124, 1, 0
125, 1, 0
126, 1, 0
124, 2, 0
125, 1, 0
125, 2, 0
125, 1, 0
126, 1, 0
124, 1, 0
125, 2, 0
125, 1, 0
130, 1, -1
120, 1, 0
126, 2, 0
124, 1, 0
128, 1, 0
124, 2, 0
123, 1, 0
126, 1, 0
124, 1, 0
125, 2, 0
125, 1, 0
125, 1, 0
126, 1, 0
124, 2, 0
125, 1, 0
125, 2, 0
130, 1, -1
125, 1, 0
122, 1, 0
123, 2, 0
126, 1, 0
124, 1, 0
125, 1, 0
125, 2, 0
126, 1, 0
124, 1, 0
125, 2, 0
130, 1, 0
124, 1, 0
124, 1, 0
125, 2, 0
125, 1, 0
125, 1, -1
125, 1, 0
126, 2, 0
123, 1, 0
126, 1, 0
126, 1, 0
125, 2, 0
249, 2, 0
125, 1, 0
126, 2, 0
249, 2, 0
125, 1, 0
126, 1, -1
129, 1, 0
126, 2, 0
123, 1, 0
125, 1, 0
123, 1, 0
127, 1, 0
128, 1, 0
121, 2, 0
123, 1, 0
125, 1, 0
123, 1, 0
125, 2, 0
127, 1, 0
124, 1, 0
127, 1, -1
125, 1, 0
127, 1, 0
126, 2, 0
268, 1, 0
106, 2, 0
127, 1, 0
123, 1, 0
125, 1, 0
125, 1, 0
125, 1, -1
125, 1, 0
125, 1, 0
124, 1, 0
126, 1, 0
125, 2, 0
248, 2, 0
140, 1, 0
117, 1, 0
120, 1, 0
126, 1, 0
125, 1, 0
125, 1, -1
123, 1, 0
130, 1, 0
125, 1, 0
127, 1, 0
124, 1, 0
127, 1, 0
121, 1, 0
123, 1, 0
124, 1, 0
125, 1, 0
125, 1, 0
250, 2, -1
250, 1, 0
126, 1, 0
124, 1, 0
125, 1, 0
127, 1, 0
252, 2, 0
250, 1, 0
123, 1, 0
126, 1, 0
123, 1, 0
125, 1, -1
249, 1, 0
125, 1, 0
126, 1, 0
248, 1, 0
126, 1, 0
125, 1, 0
125, 1, 0
270, 1, 0
105, 1, 0
249, 1, -1
128, 1, 0
252, 1, 0
122, 1, 0
252, 1, 0
125, 1, 0
256, 1, 0
245, 1, 0
126, 1, 0
252, 1, 0
119, 1, 0
250, 1, 0
124, 0, -1
125, 1, 0
256, 1, 0
246, 1, 0
248, 1, 0
250, 1, 0
375, 1, 0
254, 1, 0
376, 1, 0
370, 1, 0
249, 1, 0
501, 1, 0
512, 1, 0
118, 0, -1
371, 1, 0
748, 1, 0
1513, 1, 0
6504, -1, 0
1870, -1, 0
1008, -1, 0
998, -1, 0
744, -1, 0
493, -1, 0
630, -1, 0
367, -1, 0
375, -1, 0
127, 0, -1
373, -1, 0
249, -1, 0
375, -1, 0
383, -1, 0
257, -1, 0
239, -1, 0
372, -1, 0
251, -1, 0
248, -1, 0
249, -1, 0
251, -1, 0
126, 0, -1
124, -1, 0
252, -1, 0
248, -1, 0
253, -1, 0
123, -1, 0
249, -1, 0
126, -1, 0
249, -1, 0
250, -1, 0
126, -1, 0
250, -1, 0
151, -1, 0
241, -1, 0
117, -1, 0
246, -1, 0
124, -1, 0
422, -2, 0
76, -1, 0
128, -1, 0
246, -1, 0
125, -1, -1
124, -1, 0
249, -1, 0
127, -1, 0
146, -1, 0
113, -1, 0
125, -1, 0
249, -1, 0
120, -1, 0
132, -1, 0
118, -1, 0
134, -1, 0
118, -1, 0
122, -1, 0
126, -1, 0
124, -1, 0
251, -1, 0
122, -1, 0
124, -1, 0
126, -1, 0
124, -1, 0
125, -1, 0
125, -1, 0
125, -1, 0
126, -1, 0
125, -1, 0
124, -1, 0
126, -1, 0
126, -1, 0
124, -1, 0
124, -1, 0
135, -1, 0
121, -1, 0
121, -1, 0
123, -1, 0
129, -1, 0
136, -1, 0
114, -2, 1
245, -2, 0
127, -1, 0
124, -1, 0
125, -1, 0
127, -1, 0
124, -1, 0
124, -1, 0
125, -1, 0
125, -2, 0
126, -1, 0
125, -1, 0
130, -1, 1
123, -1, 0
123, -2, 0
125, -1, 0
124, -1, 0
128, -1, 0
122, -1, 0
127, -2, 0
122, -1, 0
126, -1, 0
135, -1, 0
119, -1, 0
121, -2, 1
130, -1, 0
121, -1, 0
127, -1, 0
123, -2, 0
127, -1, 0
136, -1, 0
119, -1, 0
120, -2, 0
110, -1, 1
125, -1, 0
124, -1, 0
124, -2, 0
126, -1, 0
125, -2, 0
125, -1, 0
125, -1, 0
125, -1, 1
126, -2, 0
124, -1, 0
126, -2, 0
124, -1, 0
125, -2, 0
126, -1, 0
125, -1, 1
124, -1, 0
126, -2, 0
124, -1, 0
126, -2, 0
124, -1, 0
125, -2, 0
125, -1, 1
125, -1, 0
125, -1, 0
126, -2, 0
124, -1, 0
126, -1, 0
126, -2, 1
124, -1, 0
125, -2, 0
125, -1, 0
124, -2, 0
126, -1, 0
127, -2, 1
126, -1, 0
124, -2, 0
123, -1, 0
126, -2, 1
123, -1, 0
125, -2, 0
126, -1, 0
124, -1, 0
125, -2, 1
128, -1, 0
123, -1, 0
124, -2, 0
125, -1, 0
126, -2, 0
125, -1, 1
124, -2, 0
125, -1, 0
360, -3, 0
14, -2, 1
125, -1, 0
126, -2, 0
126, -1, 0
124, -1, 0
125, -2, 1
125, -1, 0
125, -2, 0
125, -1, 0
125, -2, 1
125, -1, 0
126, -2, 0
124, -1, 0
125, -2, 0
125, -1, 1
125, -2, 0
125, -1, 0
125, -2, 0
126, -1, 0
125, -2, 1
124, -1, 0
125, -2, 0
126, -1, 0
124, -2, 1
127, -1, 0
125, -2, 0
122, -1, 0
127, -2, 1
125, -1, 0
124, -2, 0
126, -1, 0
125, -2, 0
125, -1, 0
125, -2, 1
124, -2, 0
126, -1, 0
124, -2, 0
125, -1, 0
125, -1, 1
125, -2, 0
125, -1, 0
127, -2, 0
124, -1, 1
124, -2, 0
125, -1, 0
125, -2, 0
125, -2, 1
125, -1, 0
125, -1, 0
125, -2, 0
129, -1, 0
121, -2, 0
126, -1, 1
124, -2, 0
125, -1, 0
125, -2, 0
127, -1, 0
126, -2, 1
122, -1, 0
126, -1, 0
124, -2, 0
125, -1, 1
125, -2, 0
125, -1, 0
125, -2, 0
126, -1, 0
123, -2, 0
127, -1, 1
124, -2, 0
126, -1, 0
124, -1, 0
126, -2, 1
124, -1, 0
125, -2, 0
128, -1, 0
123, -2, 0
124, -1, 0
126, -2, 1
124, -1, 0
125, -1, 0
125, -2, 0
125, -1, 0
125, -1, 1
125, -2, 0
125, -1, 0
125, -2, 0
125, -1, 1
127, -2, 0
125, -1, 0
124, -1, 0
124, -1, 0
128, -2, 0
123, -1, 1
126, -2, 0
123, -1, 0
125, -2, 0
125, -1, 0
125, -1, 1
126, -1, 0
125, -2, 0
124, -1, 0
125, -2, 0
125, -1, 0
127, -1, 1
127, -1, 0
124, -1, 0
124, -2, 0
127, -1, 0
121, -2, 1
126, -1, 0
125, -1, 0
124, -1, 0
126, -2, 0
133, -1, 0
117, -1, 1
126, -2, 0
124, -1, 0
125, -1, 0
125, -2, 0
125, -1, 0
125, -1, 1
125, -1, 0
125, -2, 0
126, -1, 0
124, -1, 0
126, -1, 0
127, -2, 1
122, -1, 0
125, -1, 0
125, -1, 0
125, -2, 0
124, -1, 0
134, -1, 1
119, -1, 0
123, -1, 0
125, -1, 0
125, -1, 0
128, -2, 0
121, -1, 0
126, -1, 1
124, -1, 0
126, -1, 0
125, -1, 0
125, -1, 0
125, -1, 0
125, -2, 1
126, -1, 0
126, -1, 0
122, -1, 0
125, -1, 0
125, -1, 0
126, -1, 0
124, -1, 1
126, -1, 0
124, -1, 0
126, -2, 0
249, -2, 0
125, -1, 0
125, -1, 1
125, -1, 0
125, -1, 0
126, -1, 0
125, -1, 0
124, -1, 0
125, -1, 0
125, -1, 0
125, -1, 1
124, -1, 0
253, -1, 0
125, -1, 0
124, -1, 0
125, -1, 0
126, -1, 1
125, -1, 0
123, -1, 0
125, -1, 0
126, -1, 0
126, -1, 0
124, -1, 0
249, -1, 0
126, -1, 0
124, -1, 0
125, -1, 0
128, -1, 1
125, -1, 0
123, -1, 0
249, -1, 0
125, -1, 0
125, -1, 0
125, -1, 0
251, -1, 0
124, -1, 1
125, -1, 0
125, -1, 0
249, -1, 0
126, -1, 0
251, -1, 0
124, -1, 0
126, -1, 0
251, -1, 0
123, -1, 0
126, 0, 1
125, -1, 0
126, -1, 0
251, -1, 0
124, -1, 0
248, -1, 0
126, -1, 0
249, -1, 0
253, -1, 0
247, -1, 0
126, -1, 0
249, -1, 0
127, 0, 1
123, -1, 0
249, -1, 0
252, -1, 0
249, -1, 0
250, -1, 0
252, -1, 0
374, -1, 0
252, -1, 0
372, -1, 0
376, -1, 0
375, -1, 0
374, -1, 0
376, -1, 0
663, -1, 0
587, -1, 0
875, -1, 0
7886, 1, 0
1364, 1, 0
916, 1, 0
750, 1, 0
586, 1, 0
662, 1, 0
502, 1, 0
497, 1, 0
338, 1, 0
376, 1, 0
500, 1, 0
374, 1, -1
249, 1, 0
381, 1, 0
243, 1, 0
376, 1, 0
249, 1, 0
250, 1, -1
251, 1, 0
250, 1, 0
250, 1, 0
249, 1, 0
251, 1, 0
251, 1, 0
124, 0, -1
125, 1, 0
250, 1, 0
250, 1, 0
125, 1, 0
253, 1, -1
248, 1, 0
249, 1, 0
125, 1, 0
124, 1, 0
251, 1, -1
250, 1, 0
125, 1, 0
125, 1, 0
249, 1, 0
126, 1, -1
125, 1, 0
250, 1, 0
125, 1, 0
124, 1, 0
250, 1, 0
127, 1, -1
123, 1, 0
125, 1, 0
250, 1, -1
125, 1, 0
127, 1, 0
124, 1, 0
125, 1, 0
249, 1, -1
125, 1, 0
125, 1, 0
126, 1, 0
125, 1, 0
125, 1, -1
125, 1, 0
124, 1, 0
126, 1, 0
124, 1, 0
126, 1, -1
125, 1, 0
125, 1, 0
125, 1, 0
125, 1, -1
125, 1, 0
125, 1, 0
125, 1, 0
125, 1, -1
125, 1, 0
125, 1, 0
125, 1, 0
125, 1, 0
125, 1, -1
124, 1, 0
126, 1, 0
125, 1, 0
125, 1, -1
125, 1, 0
125, 2, 0
125, 1, -1
124, 1, 0
126, 1, 0
125, 1, -1
125, 1, 0
125, 1, 0
125, 1, 0
126, 2, -1
124, 1, 0
125, 1, 0
125, 1, 0
125, 2, -1
125, 1, 0
125, 1, 0
125, 1, -1
125, 1, 0
125, 1, 0
125, 2, -1
125, 1, 0
124, 2, 0
126, 0, -1
125, 2, 0
125, 1, 0
125, 1, -1
125, 2, 0
125, 1, 0
125, 1, -1
125, 1, 0
125, 2, 0
125, 1, -1
125, 2, 0
125, 1, 0
126, 1, -1
124, 1, 0
125, 2, 0
125, 1, -1
125, 1, 0
125, 1, 0
125, 2, -1
125, 1, 0
126, 2, -1
130, 1, 0
125, 1, 0
119, 2, -1
125, 1, 0
125, 1, -1
125, 2, 0
125, 1, 0
126, 2, -1
124, 1, 0
125, 2, 0
125, 1, -1
125, 1, 0
125, 2, 0
125, 1, -1
125, 1, 0
126, 2, -1
124, 1, 0
124, 1, 0
126, 2, -1
125, 1, 0
125, 2, -1
126, 1, 0
124, 2, 0
125, 1, -1
125, 2, 0
125, 1, 0
125, 2, -1
125, 1, 0
125, 1, -1
125, 2, 0
125, 1, -1
125, 1, 0
125, 2, 0
125, 1, -1
125, 2, 0
125, 1, 0
125, 2, -1
125, 1, 0
125, 2, -1
126, 1, 0
124, 2, 0
125, 1, -1
125, 1, 0
125, 2, 0
125, 1, -1
123, 1, 0
128, 2, -1
125, 1, 0
124, 2, 0
125, 1, -1
125, 1, 0
125, 2, -1
125, 1, 0
125, 2, 0
125, 1, -1
124, 2, 0
127, 1, -1
125, 2, 0
125, 1, 0
125, 2, -1
124, 1, 0
125, 1, 0
125, 2, -1
126, 1, 0
126, 1, -1
123, 2, 0
132, 1, 0
118, 2, -1
125, 1, 0
125, 2, 0
125, 1, -1
126, 2, 0
124, 1, 0
126, 1, -1
124, 2, 0
125, 1, 0
125, 1, -1
125, 1, 0
125, 2, -1
126, 1, 0
122, 2, 0
127, 1, -1
127, 2, 0
123, 1, 0
125, 1, -1
125, 2, 0
126, 1, 0
125, 1, -1
125, 2, 0
124, 1, 0
125, 1, -1
126, 1, 0
124, 2, 0
125, 1, 0
125, 2, -1
126, 1, 0
124, 1, 0
125, 2, -1
126, 1, 0
124, 1, 0
126, 2, -1
124, 1, 0
126, 1, 0
125, 1, -1
124, 1, 0
125, 2, 0
126, 1, -1
125, 2, 0
124, 1, 0
125, 1, 0
125, 1, -1
126, 1, 0
124, 2, 0
125, 1, -1
125, 1, 0
125, 1, 0
125, 1, 0
126, 2, -1
124, 1, 0
127, 1, 0
123, 1, 0
125, 2, -1
125, 1, 0
125, 1, 0
125, 1, 0
125, 1, -1
126, 1, 0
124, 2, 0
125, 1, 0
125, 1, -1
125, 1, 0
125, 1, 0
125, 1, 0
132, 2, -1
124, 1, 0
134, 1, 0
110, 1, 0
127, 1, 0
123, 1, -1
125, 1, 0
125, 1, 0
125, 1, 0
125, 2, 0
127, 0, -1
123, 2, 0
250, 2, 0
125, 1, -1
125, 1, 0
125, 1, 0
125, 1, 0
126, 1, 0
124, 1, -1
127, 1, 0
123, 1, 0
125, 1, 0
125, 1, 0
125, 1, -1
125, 1, 0
126, 1, 0
124, 1, 0
125, 1, 0
125, 1, -1
125, 1, 0
125, 1, 0
125, 1, 0
125, 0, -1
126, 1, 0
124, 1, 0
125, 1, 0
125, 1, 0
125, 1, 0
125, 1, -1
125, 1, 0
125, 1, 0
126, 1, 0
248, 1, -1
126, 1, 0
125, 1, 0
125, 1, 0
125, 1, 0
125, 1, 0
126, 1, -1
249, 1, 0
125, 1, 0
125, 1, 0
250, 1, -1
125, 1, 0
126, 1, 0
124, 1, 0
249, 1, -1
126, 1, 0
249, 1, 0
126, 1, 0
249, 1, -1
126, 1, 0
249, 1, 0
124, 1, 0
252, 1, -1
126, 1, 0
249, 1, 0
125, 1, 0
249, 1, -1
250, 1, 0
250, 1, 0
126, 1, 0
126, 0, -1
127, 1, 0
249, 1, 0
250, 1, 0
248, 1, 0
126, 0, -1
123, 1, 0
251, 1, 0
442, 1, -1
307, 1, 0
251, 1, 0
376, 1, -1
375, 1, 0
374, 1, 0
376, 0, -1
124, 1, 0
500, 1, 0
625, 1, 0
125, 0, -1
1141, 1, 0
485, 0, -1
5505, 0, -1
1122, -1, 0
876, 0, -1
247, -1, 0
751, -1, 0
373, 0, -1
376, -1, 0
624, -1, 0
125, 0, -1
535, -1, 0
464, -1, 0
250, 0, -1
126, -1, 0
552, -1, 0
388, -1, -1
437, -1, 0
249, 0, -1
126, -1, 0
251, -1, 0
501, -1, 0
122, 0, -1
125, -1, 0
382, -1, 0
243, -1, 0
124, 0, -1
250, -1, 0
250, -1, 0
250, -1, 0
254, -1, -1
372, -1, 0
249, -1, 0
251, -1, -1
249, -1, 0
250, -1, 0
250, -1, 0
126, 0, -1
125, -1, 0
249, -1, 0
251, -1, 0
250, -1, -1
249, -1, 0
125, -1, 0
250, -1, 0
250, -1, 0
125, -1, 0
125, 0, -1
126, -1, 0
248, -1, 0
251, -1, 0
126, -1, 0
125, -1, -1
249, -1, 0
250, -1, 0
125, -1, 0
250, -1, 0
126, -1, 0
250, -1, -1
125, -1, 0
249, -1, 0
126, -1, 0
249, -1, 0
126, -1, 0
249, -1, 0
126, -1, 0
125, -1, 0
249, -1, -1
125, -1, 0
251, -1, 0
125, -1, 0
124, -1, 0
125, -1, 0
249, -1, 0
127, -1, 0
124, -1, 0
250, -1, 0
126, -1, 0
131, -1, -1
243, -1, 0
126, -1, 0
125, -1, 0
125, -1, 0
124, -1, 0
250, -1, 0
126, -1, 0
124, -1, 0
126, -1, 0
250, -1, 0
124, -1, 0
124, -1, 0
126, -1, 0
125, -1, 0
125, -1, 0
125, -1, 0
250, -1, 0
126, -1, 0
124, -1, 0
125, -1, 0
126, -1, 0
249, -2, 0
251, -1, 0
125, -1, 0
125, -1, 0
124, -1, 0
126, -1, 0
124, -1, 0
126, -1, 0
124, -1, 0
126, -1, 0
249, -1, 0
125, -1, 0
126, -1, 0
124, -1, 0
126, -1, 0
124, -1, 0
127, -1, 0
125, -1, 0
248, -2, 0
250, -2, 0
250, -1, 0
128, -1, 0
123, -1, 0
125, -1, 0
125, -1, 0
124, -1, 0
126, -1, 0
130, -1, 0
125, -1, 0
132, -1, 0
113, -1, 0
125, -1, 0
125, -1, 0
126, -1, 0
124, -1, 0
250, -2, 0
249, -2, 0
251, -2, 0
249, -1, 0
126, -1, 0
124, -1, 0
126, -1, 0
124, -1, 0
127, -1, 0
124, -1, 0
125, -1, 1
124, -1, 0
126, -1, 0
125, -1, 0
126, -1, 0
124, -1, 0
124, -1, 0
126, -1, 0
125, -1, 0
249, -2, 0
250, -2, 0
126, 0, 1
124, -2, 0
252, -1, 0
125, -1, 0
124, -1, 0
125, -1, 0
125, -1, 0
126, -1, 0
124, -1, 0
125, -1, 0
125, -1, 0
125, -1, 1
249, -2, 0
250, -1, 0
126, -1, 0
125, -1, 0
125, -1, 0
124, -1, 0
125, -1, 1
125, -1, 0
126, -1, 0
123, -1, 0
129, -1, 0
123, -1, 0
125, -1, 0
125, -1, 0
125, -1, 0
126, -1, 1
248, -1, 0
126, -1, 0
125, -1, 0
124, -1, 0
126, -1, 0
124, -1, 0
126, -1, 0
126, -1, 0
124, -1, 1
125, -1, 0
124, -1, 0
251, -1, 0
125, -1, 0
124, -1, 0
127, -1, 0
124, -1, 0
127, -1, 1
123, -1, 0
125, -1, 0
249, -1, 0
125, -1, 0
126, -1, 0
125, -1, 0
126, -1, 0
124, -1, 0
125, -1, 1
125, -1, 0
125, -1, 0
250, -1, 0
124, -1, 0
126, -1, 0
125, -1, 0
125, -1, 0
125, 0, 1
125, -1, 0
125, -1, 0
125, -1, 0
124, -1, 0
126, -1, 0
124, -1, 0
250, -1, 0
126, -1, 1
125, -1, 0
124, -1, 0
126, -1, 0
249, -1, 0
125, -1, 0
126, -1, 0
127, -1, 0
122, -1, 0
250, -1, 1
124, -1, 0
128, -1, 0
125, -1, 0
249, -1, 0
125, -1, 0
126, -1, 0
124, -1, 0
125, 0, 1
131, -1, 0
126, -1, 0
118, -1, 0
250, -1, 0
126, -1, 0
124, -1, 0
249, -1, 1
125, -1, 0
250, -1, 0
126, -1, 0
125, -1, 0
249, -1, 0
126, -1, 0
249, -1, 1
126, -1, 0
125, -1, 0
249, -1, 0
126, -1, 0
249, -1, 0
126, -1, 0
124, -1, 0
125, 0, 1
125, -1, 0
252, -1, 0
126, -1, 0
248, -1, 0
125, -1, 0
251, -1, 0
251, -1, 1
125, -1, 0
252, -1, 0
245, -1, 0
127, -1, 0
276, -1, 0
222, -1, 0
126, -1, 1
250, -1, 0
250, -1, 0
249, -1, 0
250, -1, 0
252, -1, 0
248, -1, 0
126, 0, 1
125, -1, 0
249, -1, 0
250, -1, 0
251, -1, 0
250, -1, 0
376, -1, 0
250, -1, 0
249, 0, 1
125, -1, 0
250, -1, 0
375, -1, 0
249, -1, 0
539, -1, 0
212, -1, 0
502, -1, 0
373, -1, 0
374, -1, 0
374, 0, 1
250, -1, 0
533, -1, 0
648, -1, 0
851, -1, 0
971, -1, 0
15147, 1, 0
1107, 1, 0
750, 1, 0
748, 1, 0
625, 1, 0
627, 1, 0
373, 1, 0
501, 1, 0
247, 0, -1
250, 1, 0
376, 1, 0
377, 1, 0
376, 1, 0
375, 1, 0
124, 0, -1
252, 1, 0
247, 1, 0
378, 1, 0
251, 1, 0
374, 1, -1
248, 1, 0
251, 1, 0
374, 1, 0
250, 1, 0
255, 1, -1
373, 1, 0
123, 1, 0
249, 1, 0
249, 1, 0
134, 0, -1
117, 1, 0
248, 1, 0
258, 1, 0
244, 1, -1
251, 1, 0
123, 1, 0
250, 1, 0
253, 1, 0
128, 0, -1
120, 1, 0
125, 1, 0
248, 1, 0
125, 1, 0
126, 0, -1
130, 1, 0
247, 1, 0
248, 1, 0
125, 1, 0
124, 0, -1
126, 1, 0
129, 1, 0
267, 1, 0
104, 1, 0
250, 1, -1
125, 1, 0
256, 1, 0
120, 1, 0
258, 1, -1
115, 1, 0
125, 1, 0
250, 1, 0
127, 1, 0
123, 0, -1
124, 1, 0
130, 1, 0
120, 1, 0
260, 1, 0
120, 1, -1
121, 1, 0
251, 1, 0
126, 1, 0
125, 1, 0
123, 0, -1
135, 1, 0
126, 1, 0
120, 1, 0
127, 1, -1
252, 1, 0
117, 1, 0
124, 1, 0
130, 0, -1
119, 1, 0
124, 1, 0
126, 1, 0
125, 1, 0
251, 1, -1
125, 1, 0
129, 1, 0
124, 1, 0
123, 1, 0
127, 0, -1
129, 1, 0
118, 1, 0
123, 1, 0
126, 1, 0
125, 1, -1
257, 1, 0
120, 1, 0
130, 1, 0
125, 1, -1
124, 1, 0
247, 2, 0
248, 1, -1
126, 1, 0
124, 1, 0
128, 1, 0
250, 1, -1
122, 1, 0
124, 1, 0
125, 1, 0
126, 1, 0
125, 0, -1
128, 1, 0
126, 1, 0
122, 1, 0
127, 1, 0
128, 1, -1
122, 1, 0
124, 1, 0
251, 1, 0
123, 1, -1
123, 1, 0
124, 1, 0
124, 1, 0
132, 1, 0
120, 1, -1
123, 1, 0
126, 1, 0
250, 1, -1
125, 1, 0
125, 1, 0
124, 1, 0
125, 1, 0
127, 1, 0
126, 1, -1
248, 1, 0
124, 1, 0
136, 1, -1
115, 1, 0
126, 1, 0
126, 1, 0
124, 1, -1
123, 1, 0
249, 1, 0
126, 1, 0
125, 1, -1
125, 1, 0
125, 1, 0
125, 1, 0
125, 1, 0
125, 0, -1
125, 1, 0
125, 1, 0
125, 1, 0
125, 1, 0
125, 1, -1
126, 1, 0
124, 1, 0
249, 1, 0
126, 1, -1
125, 1, 0
125, 1, 0
126, 1, 0
125, 1, -1
124, 1, 0
249, 1, 0
126, 1, 0
125, 1, -1
125, 1, 0
125, 1, 0
249, 1, 0
126, 1, -1
125, 1, 0
125, 1, 0
125, 1, 0
249, 1, -1
127, 1, 0
124, 1, 0
125, 1, 0
125, 1, 0
125, 0, -1
125, 1, 0
125, 1, 0
125, 1, 0
126, 1, 0
124, 0, -1
125, 1, 0
125, 1, 0
125, 1, 0
249, 1, -1
125, 1, 0
126, 1, 0
127, 1, 0
131, 0, -1
121, 1, 0
121, 1, 0
126, 1, 0
249, 1, 0
127, 1, -1
124, 1, 0
249, 1, 0
126, 1, 0
124, 1, 0
126, 0, -1
124, 1, 0
126, 1, 0
249, 1, 0
126, 1, -1
249, 1, 0
126, 1, 0
124, 1, 0
251, 1, -1
250, 1, 0
124, 1, 0
125, 1, -1
249, 1, 0
250, 1, 0
126, 1, 0
125, 0, -1
125, 1, 0
125, 1, 0
249, 1, 0
250, 1, -1
250, 1, 0
126, 1, 0
249, 1, 0
127, 0, -1
125, 1, 0
248, 1, 0
126, 1, 0
250, 0, -1
125, 1, 0
125, 1, 0
406, 1, 0
219, 1, 0
125, 0, -1
125, 1, 0
250, 1, 0
387, 1, 0
113, 0, -1
125, 1, 0
408, 1, 0
220, 1, 0
372, 1, -1
409, 1, 0
340, 1, 0
376, 1, -1
533, 1, 0
467, 1, 0
534, 1, -1
593, 1, 0
907, 1, 0
341, 0, -1
753, 1, 0
10262, -1, -1
1387, -1, 0
978, -1, -1
757, -1, 0
508, -1, -1
616, -1, 0
493, -1, 0
501, -1, -1
502, -1, 0
253, -1, 0
244, 0, -1
245, -1, 0
377, -1, 0
416, -1, 0
208, 0, -1
125, -1, 0
375, -1, 0
256, -1, 0
368, -1, -1
251, -1, 0
249, -1, 0
429, -1, 0
196, -1, -1
403, -1, 0
222, -1, 0
250, -1, 0
252, -1, -1
248, -1, 0
250, -1, 0
250, -1, 0
251, -1, 0
125, 0, -1
125, -1, 0
125, -1, 0
249, -1, 0
250, -1, 0
250, -1, 0
126, 0, -1
125, -1, 0
125, -1, 0
249, -1, 0
251, -1, 0
251, -1, 0
125, -1, -1
248, -1, 0
249, -1, 0
127, -1, 0
124, -1, 0
249, -1, 0
251, -1, -1
125, -1, 0
250, -1, 0
125, -1, 0
249, -1, 0
126, -1, 0
250, -1, 0
125, -1, 0
125, -1, 0
249, -1, 0
126, -1, -1
254, -1, 0
123, -1, 0
124, -1, 0
250, -1, 0
126, -1, 0
124, -1, 0
250, -1, 0
125, -1, 0
250, -1, 0
125, -1, -1
125, -1, 0
250, -1, 0
125, -1, 0
125, -1, 0
125, -1, 0
126, -1, 0
248, -1, 0
126, -1, 0
125, -1, 0
125, -1, 0
125, -1, 0
251, -1, 0
124, -1, 0
125, -1, 0
125, -1, 0
250, -1, 0
126, -1, 0
124, -1, 0
126, -1, -1
124, -1, 0
125, -1, 0
249, -1, 0
127, -1, 0
124, -1, 0
125, -1, 0
126, -1, 0
249, -1, 0
125, -1, 0
125, -1, 0
125, -1, 0
126, -1, 0
125, -1, 0
249, -1, 0
126, -1, 0
124, -1, 0
125, -1, 0
126, -1, 0
125, -1, 0
124, -1, 0
133, -1, 0
124, -1, 0
243, -1, 0
125, -1, 0
125, -1, 0
126, -1, 0
124, -1, 0
126, -1, 0
125, -1, 0
124, -1, 0
125, -1, 0
250, -2, 0
250, -1, 0
126, -1, 0
124, -1, 0
125, -1, 0
125, -1, 0
126, -1, 0
124, -1, 0
126, -1, 0
124, -1, 0
126, -1, 0
249, -2, 0
249, -1, 0
126, -1, 0
126, -1, 0
124, -1, 0
126, -1, 0
124, -1, 0
126, -1, 0
124, -1, 0
125, -1, 0
125, -1, 0
126, -1, 0
251, -1, 0
124, -1, 0
125, -1, 0
124, -1, 0
125, -1, 0
125, -1, 0
125, -1, 0
126, -1, 0
125, -1, 0
124, -1, 0
125, -1, 0
250, -2, 0
250, -1, 0
126, -1, 0
125, -1, 1
124, -1, 0
126, -1, 0
125, -1, 0
124, -1, 0
125, -1, 0
250, -1, 0
126, -1, 0
124, -1, 0
125, -1, 0
125, -1, 0
125, -1, 0
126, -1, 0
249, -1, 0
126, -1, 0
124, -1, 0
126, -1, 0
125, -1, 0
126, -1, 0
125, -1, 0
249, -2, 1
250, -1, 0
125, -1, 0
124, -1, 0
127, -1, 0
149, -1, 0
224, -2, 0
250, -1, 0
125, -1, 0
125, -1, 0
125, -1, 0
125, -1, 0
250, -1, 0
126, -1, 0
125, -1, 0
249, -1, 0
126, -1, 1
125, -1, 0
125, -1, 0
250, -1, 0
125, -1, 0
124, -1, 0
250, -1, 0
125, -1, 0
126, -1, 0
124, -1, 0
250, -1, 0
125, -1, 0
126, -1, 0
249, -1, 0
126, -1, 0
250, -1, 0
125, -1, 0
125, -1, 0
249, -1, 0
125, -1, 0
125, -1, 0
252, -1, 0
124, -1, 0
125, -1, 0
249, -1, 1
257, -1, 0
126, -1, 0
242, -1, 0
126, -1, 0
249, -1, 0
125, -1, 0
250, -1, 0
126, -1, 0
249, -1, 0
126, -1, 0
249, -1, 0
250, -1, 0
127, -1, 0
247, -1, 0
127, -1, 0
249, -1, 0
250, -1, 0
251, -1, 0
125, -1, 0
250, -1, 0
249, -1, 0
250, -1, 0
250, -1, 0
250, -1, 0
250, -1, 0
250, -1, 0
250, -1, 0
251, -1, 0
249, -1, 0
250, -1, 0
250, -1, 0
250, -1, 0
250, -1, 0
250, -1, 0
408, -1, 0
217, -1, 0
411, -1, 0
339, -1, 0
250, -1, 0
376, -1, 0
412, -1, 0
337, -1, 0
410, -1, 0
466, -1, 0
538, -1, 0
505, -1, 0
616, -1, 0
591, -1, 0
794, -1, 0
862, -1, 0
1766, -1, 0
11886, 1, 0
1486, 1, 0
868, 1, 0
712, 1, 0
666, 1, 0
624, 1, 0
86, 0, -1
248, 1, 0
625, 1, 0
410, 1, 0
216, 0, -1
125, 1, 0
411, 1, 0
339, 1, 0
411, 1, 0
339, 1, 0
125, 0, -1
249, 1, 0
250, 1, 0
376, 1, 0
250, 1, -1
249, 1, 0
250, 1, 0
413, 1, 0
212, 1, -1
250, 1, 0
250, 1, 0
251, 1, 0
250, 1, -1
250, 1, 0
249, 1, 0
251, 1, -1
249, 1, 0
251, 1, 0
250, 1, -1
125, 1, 0
250, 1, 0
250, 1, 0
125, 1, 0
249, 1, -1
250, 1, 0
127, 1, 0
250, 1, 0
249, 1, -1
125, 1, 0
249, 1, 0
131, 1, 0
246, 1, -1
125, 1, 0
249, 1, 0
127, 1, 0
248, 1, -1
125, 1, 0
125, 1, 0
250, 1, 0
125, 1, 0
125, 0, -1
125, 1, 0
126, 1, 0
249, 1, 0
126, 1, -1
249, 1, 0
125, 1, 0
125, 1, 0
249, 1, -1
126, 1, 0
126, 1, 0
248, 1, 0
126, 1, -1
125, 1, 0
126, 1, 0
248, 1, 0
127, 1, 0
124, 1, -1
125, 1, 0
249, 1, 0
127, 1, 0
124, 1, 0
125, 0, -1
126, 1, 0
125, 1, 0
124, 1, 0
125, 1, 0
251, 1, -1
124, 1, 0
125, 1, 0
250, 1, 0
126, 1, -1
139, 1, 0
117, 1, 0
118, 1, 0
250, 2, -1
250, 1, 0
125, 1, 0
125, 1, 0
250, 1, -1
125, 1, 0
125, 1, 0
125, 1, 0
126, 1, 0
124, 0, -1
126, 1, 0
124, 1, 0
126, 1, 0
124, 1, 0
126, 1, 0
127, 1, 0
122, 0, -1
126, 1, 0
124, 1, 0
125, 1, 0
253, 1, -1
124, 1, 0
125, 1, 0
124, 1, 0
124, 1, 0
249, 1, -1
127, 1, 0
126, 1, 0
149, 1, 0
99, 1, 0
125, 0, -1
125, 1, 0
126, 1, 0
125, 1, 0
125, 1, 0
124, 1, 0
125, 0, -1
125, 1, 0
126, 1, 0
125, 1, 0
124, 1, 0
125, 1, -1
250, 1, 0
125, 1, 0
249, 1, 0
127, 1, -1
124, 1, 0
125, 1, 0
249, 1, 0
126, 1, -1
125, 1, 0
125, 1, 0
250, 1, 0
125, 1, 0
126, 1, -1
248, 1, 0
126, 1, 0
125, 1, 0
250, 1, -1
125, 1, 0
126, 1, 0
249, 1, 0
125, 1, 0
125, 0, -1
125, 1, 0
127, 1, 0
248, 1, 0
125, 1, 0
125, 1, -1
249, 1, 0
126, 1, 0
250, 1, 0
250, 1, -1
125, 1, 0
125, 1, 0
249, 1, 0
251, 1, -1
126, 1, 0
250, 1, 0
124, 1, 0
250, 1, -1
250, 1, 0
250, 1, 0
249, 1, 0
250, 1, -1
127, 1, 0
373, 1, 0
126, 1, 0
249, 1, -1
407, 1, 0
218, 1, 0
250, 1, 0
426, 1, -1
201, 1, 0
412, 1, 0
220, 1, 0
247, 0, -1
128, 1, 0
370, 1, 0
373, 1, 0
374, 1, 0
250, 0, -1
407, 1, 0
469, 1, 0
664, 1, 0
870, 1, 0
873, 0, -1
343, 1, 0
10072, -1, 0
1889, -1, 0
697, 0, -1
93, -1, 0
753, -1, 0
658, -1, 0
619, -1, 0
499, -1, 0
373, 0, -1
97, -1, 0
502, -1, 0
373, -1, 0
375, -1, 0
503, -1, 0
372, -1, -1
409, -1, 0
216, -1, 0
375, -1, 0
249, -1, 0
375, -1, 0
250, -1, 0
375, -1, 0
376, -1, 0
249, -1, 0
251, -1, 0
249, -1, 0
381, -1, 0
248, -1, 0
248, -1, 0
128, 0, -1
122, -1, 0
249, -1, 0
250, -1, 0
250, -1, 0
250, -1, 0
251, -1, 0
249, -1, 0
250, -1, 0
250, -1, 0
250, -1, 0
250, -1, 0
250, -1, 0
126, -1, 0
249, -1, 0
250, -1, 0
251, -1, 0
124, -1, 0
250, -1, 0
250, -1, 0
126, -1, 0
251, -1, 0
249, -1, 0
125, -1, 0
250, -1, 0
130, -1, 0
246, -1, 0
124, -1, 0
249, -1, 0
126, -1, 0
125, 0, 1
125, -1, 0
250, -1, 0
125, -1, 0
248, -1, 0
127, -1, 0
250, -1, 0
125, -1, 0
249, -1, 0
126, -1, 0
125, -1, 1
250, -1, 0
125, -1, 0
125, -1, 0
250, -1, 0
125, -1, 0
249, -1, 0
126, -1, 0
125, -1, 0
251, -1, 1
125, -1, 0
125, -1, 0
249, -1, 0
125, -1, 0
125, -1, 0
250, -1, 0
125, -1, 0
125, -1, 1
249, -1, 0
126, -1, 0
125, -1, 0
250, -1, 0
125, -1, 0
125, -1, 0
125, 0, 1
125, -1, 0
125, -1, 0
125, -1, 0
250, -2, 0
249, -1, 0
126, -1, 0
125, -1, 1
250, -1, 0
125, -1, 0
250, -1, 0
125, -1, 0
124, -1, 1
127, -1, 0
124, -1, 0
249, -1, 0
127, -1, 0
124, -1, 0
249, -1, 1
126, -1, 0
125, -1, 0
125, -1, 0
249, -1, 0
129, -1, 0
120, -1, 0
126, -1, 1
252, -1, 0
124, -1, 0
123, -1, 0
126, -1, 0
249, -1, 1
127, -1, 0
123, -1, 0
249, -1, 0
136, -1, 0
119, -1, 1
123, -1, 0
252, -1, 0
121, -1, 0
126, -1, 0
126, -1, 0
133, 0, 1
122, -1, 0
130, -1, 0
115, -1, 0
255, -1, 0
124, -1, 1
122, -1, 0
249, -1, 0
126, -1, 0
124, -1, 0
129, 0, 1
122, -1, 0
125, -1, 0
248, -1, 0
128, -1, 0
126, -1, 0
124, 0, 1
125, -1, 0
125, -1, 0
125, -1, 0
249, -1, 0
127, -1, 1
123, -1, 0
260, -1, 0
120, -1, 0
120, -1, 0
124, 0, 1
125, -1, 0
250, -1, 0
125, -1, 0
125, -1, 0
249, -1, 1
126, -1, 0
250, -1, 0
249, -1, 0
126, -1, 0
125, 0, 1
125, -1, 0
125, -1, 0
251, -1, 0
249, -1, 1
125, -1, 0
125, -1, 0
249, -1, 0
251, -1, 0
125, 0, 1
125, -1, 0
250, -1, 0
125, -1, 0
249, -1, 0
255, -1, 1
245, -1, 0
250, -1, 0
249, -1, 1
251, -1, 0
251, -1, 0
249, -1, 0
251, -1, 1
250, -1, 0
250, -1, 0
249, -1, 0
250, 0, 1
127, -1, 0
248, -1, 0
375, -1, 0
380, -1, 1
247, -1, 0
374, -1, 0
375, -1, 0
249, 0, 1
126, -1, 0
373, -1, 0
502, -1, 0
500, -1, 1
499, -1, 0
626, -1, 0
502, 0, 1
253, -1, 0
1004, -1, 0
2004, -1, 0
373, 0, 1
7133, 1, 0
1361, 1, 0
746, 0, 1
125, 1, 0
750, 1, 0
749, 1, 0
628, 1, 1
373, 1, 0
572, 1, 0
477, 1, 0
327, 1, 0
125, 0, 1
249, 1, 0
376, 1, 0
250, 1, 0
374, 1, 0
127, 0, 1
249, 1, 0
250, 1, 0
250, 1, 0
374, 1, 0
250, 1, 0
125, 1, 0
251, 1, 0
258, 1, 1
254, 1, 0
235, 1, 0
252, 1, 0
248, 1, 0
251, 1, 0
249, 1, 0
126, 1, 0
249, 1, 0
250, 1, 0
127, 1, 1
249, 1, 0
125, 1, 0
249, 1, 0
126, 1, 0
125, 1, 0
249, 1, 0
250, 1, 0
126, 1, 0
125, 1, 0
249, 1, 0
127, 1, 0
124, 1, 0
249, 1, 0
126, 1, 0
125, 1, 0
252, 1, 0
126, 1, 0
122, 1, 0
125, 1, 0
255, 2, 0
245, 1, 0
124, 1, 0
126, 1, 0
124, 1, 0
125, 1, 0
125, 1, 0
125, 1, 0
126, 1, 0
124, 1, 0
250, 2, 0
125, 1, 0
125, 1, 0
125, 1, 0
125, 1, 0
125, 1, 0
125, 1, 0
125, 1, 0
126, 1, 0
124, 1, 0
125, 1, 0
125, 1, 0
125, 1, 0
125, 1, 0
125, 1, 0
127, 1, 0
125, 1, 0
124, 2, 0
125, 1, 0
125, 1, 0
125, 1, 0
125, 1, 0
126, 1, 0
125, 2, 0
125, 1, 0
124, 1, 0
125, 1, 0
125, 2, 0
126, 1, 0
124, 1, 0
126, 1, 0
125, 2, 0
125, 1, 0
124, 1, 0
125, 1, 0
126, 2, 0
125, 1, 0
125, 2, -1
125, 1, 0
124, 1, 0
126, 1, 0
124, 1, 0
127, 2, 0
124, 1, 0
124, 2, 0
126, 1, 0
125, 2, -1
124, 1, 0
127, 2, 0
131, 1, 0
118, 1, 0
124, 2, 0
125, 2, 0
126, 1, 0
129, 2, 0
121, 1, -1
126, 2, 0
124, 1, 0
126, 2, 0
125, 1, 0
124, 2, 0
127, 1, 0
123, 2, 0
125, 1, -1
125, 2, 0
124, 2, 0
125, 2, 0
125, 1, 0
126, 1, 0
129, 2, -1
120, 2, 0
126, 1, 0
125, 2, 0
125, 2, 0
124, 1, 0
130, 2, 0
123, 2, 0
125, 2, -1
122, 1, 0
126, 2, 0
125, 2, 0
124, 2, 0
126, 1, -1
124, 2, 0
125, 2, 0
125, 2, 0
125, 1, 0
125, 2, -1
126, 2, 0
124, 2, 0
125, 1, 0
125, 3, 0
125, 1, -1
125, 2, 0
125, 2, 0
125, 2, 0
126, 2, 0
124, 2, -1
125, 2, 0
125, 1, 0
125, 3, 0
125, 1, 0
125, 2, -1
125, 2, 0
124, 2, 0
126, 2, 0
125, 2, -1
125, 2, 0
125, 2, 0
125, 2, 0
125, 2, 0
125, 2, -1
126, 3, 0
124, 1, 0
127, 3, 0
123, 1, 0
125, 3, -1
129, 1, 0
122, 3, 0
125, 1, 0
126, 3, -1
124, 2, 0
125, 2, 0
125, 2, 0
125, 2, 0
126, 2, -1
124, 2, 0
124, 2, 0
127, 2, -1
124, 2, 0
125, 2, 0
127, 3, 0
123, 1, 0
124, 3, -1
125, 2, 0
125, 2, 0
128, 2, 0
123, 3, -1
125, 2, 0
125, 2, 0
126, 2, -1
125, 3, 0
124, 1, 0
124, 3, 0
128, 2, -1
124, 3, 0
124, 1, 0
124, 3, 0
127, 2, -1
123, 3, 0
133, 1, 0
118, 3, -1
125, 2, 0
125, 3, 0
124, 1, 0
126, 3, -1
124, 2, 0
126, 3, 0
124, 2, -1
125, 1, 0
126, 3, 0
124, 2, 0
125, 3, -1
125, 2, 0
125, 2, 0
125, 2, -1
126, 3, 0
123, 2, 0
126, 3, 0
124, 2, -1
127, 2, 0
124, 2, 0
125, 3, -1
126, 2, 0
123, 3, 0
126, 2, 0
125, 2, -1
134, 2, 0
120, 3, 0
127, 2, -1
124, 3, 0
121, 2, 0
128, 3, -1
124, 2, 0
129, 2, 0
124, 2, 0
123, 3, -1
122, 2, 0
124, 2, 0
125, 3, 0
126, 2, -1
126, 3, 0
124, 2, 0
124, 2, -1
125, 2, 0
131, 3, 0
120, 2, -1
124, 3, 0
128, 2, 0
124, 3, 0
126, 2, -1
124, 2, 0
125, 2, 0
125, 3, -1
131, 2, 0
118, 3, 0
125, 2, 0
125, 3, -1
128, 2, 0
130, 3, 0
129, 1, -1
112, 3, 0
125, 2, 0
125, 3, -1
125, 2, 0
124, 3, 0
127, 2, 0
128, 3, -1
121, 2, 0
125, 3, 0
126, 1, -1
124, 3, 0
125, 2, 0
125, 2, 0
126, 3, -1
124, 2, 0
125, 3, 0
125, 1, 0
127, 3, -1
123, 2, 0
127, 3, 0
123, 2, -1
125, 3, 0
124, 2, 0
131, 2, -1
125, 2, 0
122, 3, 0
121, 2, 0
127, 3, -1
126, 1, 0
125, 3, 0
125, 2, 0
125, 3, -1
124, 2, 0
125, 2, 0
125, 2, -1
126, 3, 0
125, 2, 0
125, 3, -1
125, 1, 0
130, 3, 0
127, 2, 0
118, 3, 0
124, 1, -1
125, 2, 0
126, 3, 0
125, 2, 0
124, 2, -1
125, 2, 0
127, 3, 0
124, 1, 0
136, 3, -1
115, 2, 0
125, 3, 0
127, 1, 0
124, 3, -1
126, 2, 0
124, 2, 0
129, 2, -1
124, 2, 0
121, 2, 0
128, 3, 0
124, 1, -1
124, 3, 0
125, 2, 0
125, 2, 0
125, 2, 0
127, 2, -1
126, 2, 0
122, 3, 0
125, 1, 0
127, 3, 0
127, 1, -1
120, 2, 0
124, 2, 0
126, 2, 0
124, 3, -1
125, 1, 0
126, 2, 0
125, 2, 0
124, 2, 0
126, 2, -1
124, 2, 0
125, 2, 0
125, 2, 0
124, 2, -1
126, 2, 0
124, 2, 0
126, 2, 0
124, 1, 0
126, 3, 0
125, 1, -1
126, 3, 0
126, 1, 0
125, 2, 0
124, 2, 0
124, 2, -1
124, 2, 0
126, 1, 0
128, 2, 0
122, 2, 0
125, 2, -1
125, 1, 0
124, 2, 0
126, 2, 0
124, 2, 0
126, 1, 0
125, 2, -1
124, 2, 0
125, 2, 0
126, 1, 0
125, 2, 0
125, 2, 0
125, 2, -1
125, 1, 0
125, 2, 0
125, 1, 0
124, 2, 0
126, 2, -1
124, 2, 0
132, 1, 0
122, 2, 0
123, 1, 0
126, 2, -1
124, 1, 0
126, 2, 0
126, 1, 0
124, 2, 0
124, 1, -1
126, 2, 0
125, 1, 0
124, 1, 0
130, 2, 0
122, 1, 0
126, 2, -1
124, 1, 0
123, 2, 0
125, 1, 0
126, 2, 0
124, 1, -1
126, 1, 0
124, 1, 0
126, 2, 0
124, 1, 0
125, 2, 0
125, 1, -1
125, 1, 0
125, 1, 0
125, 2, 0
125, 1, 0
125, 1, 0
126, 1, -1
127, 2, 0
136, 1, 0
118, 1, 0
122, 1, 0
126, 1, -1
125, 1, 0
122, 2, 0
123, 1, 0
252, 2, 0
123, 1, 0
124, 1, -1
125, 1, 0
125, 1, 0
125, 1, 0
125, 1, 0
125, 1, 0
125, 1, -1
249, 2, 0
255, 1, 0
129, 1, 0
123, 1, -1
123, 1, 0
127, 1, 0
246, 1, 0
126, 1, 0
129, 1, 0
120, 0, -1
123, 1, 0
125, 1, 0
124, 1, 0
250, 1, 0
250, 1, 0
126, 1, 0
125, 0, -1
127, 1, 0
250, 1, 0
266, 1, 0
248, 1, 0
236, 1, -1
380, 1, 0
250, 1, 0
375, 1, 0
494, 1, -1
625, 1, 0
1000, 1, 0
1626, 0, -1
2377, -1, 0
1128, -1, 0
997, -1, 0
746, -1, 0
249, 0, -1
376, -1, 0
504, -1, 0
494, -1, 0
501, -1, 0
375, -1, -1
375, -1, 0
374, -1, 0
251, -1, 0
374, -1, -1
376, -1, 0
256, -1, 0
245, -1, 0
249, -1, 0
250, -1, 0
250, -1, -1
251, -1, 0
249, -1, 0
250, -1, 0
251, -1, 0
125, -1, -1
250, -1, 0
251, -1, 0
249, -1, 0
125, -1, 0
251, -1, 0
124, -1, 0
126, 0, -1
123, -1, 0
125, -1, 0
125, -1, 0
249, -1, 0
127, -1, 0
249, -1, 0
125, -1, -1
125, -1, 0
250, -1, 0
125, -1, 0
126, -1, 0
124, -1, 0
249, -1, 0
126, -1, 0
125, -1, 0
126, -1, -1
252, -1, 0
122, -1, 0
126, -1, 0
124, -1, 0
125, -1, 0
251, -2, 0
249, -1, 0
125, -1, 0
125, -1, -1
130, -1, 0
121, -1, 0
125, -1, 0
124, -1, 0
126, -1, 0
125, -1, 0
124, -1, 0
126, -1, 0
125, -1, 0
125, -1, 0
124, -1, 0
127, -1, 0
124, -1, 0
128, -1, -1
123, -1, 0
126, -1, 0
124, -1, 0
125, -1, 0
125, -1, 0
126, -1, 0
122, -1, 0
129, -1, 0
126, -2, 0
130, -1, 0
116, -1, 0
124, -1, 0
125, -1, 0
125, -1, 0
125, -2, 0
250, -2, 0
125, -1, 0
125, -1, 0
125, -1, 0
125, -1, 0
125, -1, -1
125, -2, 0
126, -1, 0
124, -1, 0
130, -1, 0
123, -2, 0
124, -1, 0
124, -1, 0
128, -1, 0
123, -2, 0
124, -1, 0
123, -1, 0
127, -1, 0
125, -1, 0
124, -2, 0
126, -1, 0
124, -1, 0
126, -1, 0
125, -2, 0
124, -1, 0
125, -2, 0
125, -1, 0
126, -1, 0
124, -1, 0
126, -2, 0
124, -1, 0
126, -2, 0
124, -1, 0
125, -1, 0
125, -1, 0
125, -2, 0
126, -1, 0
124, -2, 0
126, -1, 0
125, -2, 0
124, -1, 0
126, -2, 0
126, -1, 0
123, -1, 0
126, -1, 0
125, -2, 0
125, -1, 0
125, -2, 0
124, -1, 0
126, -2, 0
125, -1, 0
132, -1, 0
117, -2, 1
125, -1, 0
126, -2, 0
125, -1, 0
124, -2, 0
124, -1, 0
125, -2, 0
125, -1, 0
125, -2, 0
126, -1, 0
125, -2, 0
125, -1, 1
127, -2, 0
124, -1, 0
125, -2, 0
124, -1, 0
125, -2, 0
125, -1, 0
126, -2, 0
127, -1, 0
121, -2, 1
126, -1, 0
126, -2, 0
123, -1, 0
125, -2, 0
126, -1, 0
125, -2, 0
126, -1, 0
124, -2, 0
126, -2, 0
124, -1, 1
126, -2, 0
124, -1, 0
126, -2, 0
125, -1, 0
125, -2, 0
125, -1, 1
125, -2, 0
125, -1, 0
126, -2, 0
124, -2, 0
125, -2, 0
125, -1, 0
126, -2, 1
124, -1, 0
125, -2, 0
125, -1, 0
125, -2, 0
125, -1, 0
125, -2, 1
125, -1, 0
125, -2, 0
125, -1, 0
126, -2, 0
125, -2, 0
125, -1, 1
125, -2, 0
125, -2, 0
125, -1, 0
125, -1, 0
126, -2, 0
124, -1, 1
126, -2, 0
126, -1, 0
126, -2, 0
124, -1, 0
126, -2, 1
125, -1, 0
125, -2, 0
124, -2, 0
125, -1, 0
125, -2, 0
125, -2, 1
132, -1, 0
124, -2, 0
126, -1, 0
119, -2, 0
124, -1, 1
123, -2, 0
124, -1, 0
125, -2, 0
126, -1, 0
127, -2, 1
124, -1, 0
123, -2, 0
126, -1, 0
124, -1, 0
129, -2, 1
124, -1, 0
125, -2, 0
124, -1, 0
126, -2, 0
124, -1, 1
126, -2, 0
124, -1, 0
125, -2, 0
124, -1, 0
125, -2, 1
126, -1, 0
125, -2, 0
125, -1, 0
125, -2, 0
125, -1, 1
124, -2, 0
126, -1, 0
139, -2, 0
110, -1, 0
126, -2, 1
124, -1, 0
126, -1, 0
124, -1, 0
125, -2, 0
125, -1, 1
125, -2, 0
126, -1, 0
126, -1, 0
124, -2, 1
124, -1, 0
126, -2, 0
126, -1, 0
123, -2, 0
125, -1, 0
125, -2, 1
126, -1, 0
123, -1, 0
128, -1, 0
123, -2, 1
124, -1, 0
153, -2, 0
98, -1, 0
125, -1, 0
126, -2, 1
124, -1, 0
125, -1, 0
126, -2, 0
124, -1, 0
125, -2, 1
125, -1, 0
125, -1, 0
126, -1, 0
124, -2, 0
132, -1, 1
116, -1, 0
127, -1, 0
126, -1, 0
123, -2, 0
132, -1, 0
120, -2, 1
122, -1, 0
127, -1, 0
123, -1, 0
129, -2, 0
128, -1, 1
123, -1, 0
125, -1, 0
124, -2, 0
127, -1, 0
123, -1, 0
124, -1, 1
124, -2, 0
126, -1, 0
125, -1, 0
128, -1, 0
123, -2, 1
124, -1, 0
132, -1, 0
120, -1, 0
125, -2, 0
124, -1, 1
128, -1, 0
122, -1, 0
126, -1, 0
124, -1, 0
126, -1, 1
126, -2, 0
124, -1, 0
123, -1, 0
125, -1, 0
125, -1, 0
126, -1, 1
124, -1, 0
125, -1, 0
125, -2, 0
125, -1, 0
125, -1, 1
125, -1, 0
126, -1, 0
124, -1, 0
124, -1, 0
125, -1, 1
125, -1, 0
126, -1, 0
138, -1, 0
115, -1, 0
121, -1, 0
126, -1, 0
125, -1, 1
125, -1, 0
124, -1, 0
126, -1, 0
126, -1, 1
124, -1, 0
124, -1, 0
126, -1, 0
125, -1, 0
125, -1, 1
129, -1, 0
124, -1, 0
123, -1, 0
123, -1, 0
125, -1, 0
126, -1, 1
249, -1, 0
125, -1, 0
125, -1, 0
127, -1, 0
124, -1, 1
123, -1, 0
128, -1, 0
129, -1, 0
246, -1, 1
124, -1, 0
123, -1, 0
126, -1, 0
126, -1, 0
248, -1, 1
126, -1, 0
125, -1, 0
250, -1, 0
125, -1, 0
125, -1, 1
250, -1, 0
125, -1, 0
125, -1, 0
252, -1, 1
126, -1, 0
248, -1, 0
124, -1, 0
251, -1, 1
249, -1, 0
126, -1, 0
125, -1, 0
250, -1, 0
127, 0, 1
125, -1, 0
125, -1, 0
266, -1, 0
232, -1, 0
124, 0, 1
125, -1, 0
251, -1, 0
250, -1, 0
250, -1, 0
125, 0, 1
124, -1, 0
250, -1, 0
250, -1, 0
251, -1, 0
249, 0, 1
125, -1, 0
259, -1, 0
370, -1, 0
371, -1, 0
124, 0, 1
253, -1, 0
499, -1, 0
501, -1, 0
500, -1, 0
124, 0, 1
626, -1, 0
875, -1, 0
7516, 0, 1
489, 1, 0
1124, 1, 0
624, 1, 0
623, 1, 0
626, 1, 0
624, 1, 0
378, 1, 0
375, 1, 1
371, 1, 0
501, 1, 0
250, 1, 0
375, 1, 0
433, 1, 0
189, 1, 0
250, 1, 0
375, 1, 0
249, 1, 0
252, 1, 0
373, 1, 0
252, 1, 0
248, 1, 0
250, 1, 0
249, 1, 0
128, 1, 0
248, 1, 0
250, 1, 0
250, 1, 0
251, 1, 0
249, 1, 0
128, 1, 0
248, 1, 0
125, 1, 0
250, 1, 0
250, 1, 0
249, 1, 0
127, 1, 0
129, 1, 0
244, 1, 0
250, 1, 0
125, 1, 0
249, 1, 0
126, 1, 0
125, 1, 0
127, 0, -1
123, 1, 0
250, 1, 0
124, 1, 0
129, 1, 0
248, 1, 0
125, 1, 0
124, 1, 0
126, 1, 0
124, 1, 0
250, 1, 0
125, 1, 0
125, 1, 0
249, 1, 0
126, 1, -1
125, 1, 0
125, 1, 0
125, 1, 0
249, 2, 0
251, 1, 0
125, 1, 0
125, 1, 0
125, 1, 0
249, 1, 0
126, 1, 0
126, 1, -1
124, 1, 0
125, 1, 0
125, 1, 0
126, 1, 0
124, 1, 0
136, 1, 0
114, 1, 0
125, 1, 0
250, 2, 0
249, 2, 0
249, 1, -1
126, 1, 0
126, 2, 0
248, 2, 0
250, 2, 0
251, 2, 0
250, 2, 0
249, 1, -1
126, 1, 0
125, 1, 0
125, 2, 0
125, 1, 0
125, 1, 0
126, 1, 0
123, 1, 0
126, 1, 0
125, 1, -1
128, 1, 0
123, 1, 0
125, 1, 0
125, 2, 0
129, 1, 0
122, 1, 0
126, 1, 0
124, 1, -1
126, 1, 0
125, 2, 0
125, 1, 0
124, 1, 0
126, 1, 0
124, 1, 0
125, 1, -1
126, 2, 0
125, 1, 0
124, 1, 0
126, 1, 0
125, 1, 0
125, 1, 0
124, 1, -1
126, 2, 0
124, 1, 0
129, 1, 0
121, 1, 0
125, 2, 0
125, 1, 0
131, 1, -1
123, 1, 0
122, 2, 0
124, 1, 0
125, 1, 0
125, 1, 0
131, 1, 0
124, 1, -1
122, 2, 0
123, 1, 0
128, 1, 0
125, 1, 0
124, 2, 0
123, 1, -1
125, 1, 0
126, 2, 0
126, 1, 0
123, 1, 0
125, 1, 0
126, 1, -1
128, 2, 0
123, 1, 0
124, 2, 0
125, 1, 0
126, 1, 0
127, 1, -1
123, 1, 0
132, 2, 0
127, 1, 0
116, 2, 0
126, 1, -1
123, 1, 0
125, 1, 0
124, 2, 0
125, 1, 0
129, 1, -1
121, 2, 0
125, 1, 0
125, 1, 0
125, 2, 0
126, 1, 0
125, 2, -1
129, 1, 0
121, 1, 0
125, 1, 0
125, 2, -1
125, 1, 0
126, 1, 0
124, 1, 0
124, 2, 0
125, 1, 0
123, 2, -1
126, 1, 0
126, 1, 0
128, 1, 0
122, 1, -1
126, 2, 0
124, 1, 0
125, 2, 0
125, 1, 0
125, 1, -1
128, 1, 0
123, 2, 0
129, 1, 0
122, 2, -1
123, 1, 0
125, 1, 0
124, 1, 0
126, 2, 0
126, 1, -1
126, 2, 0
125, 1, 0
124, 1, 0
124, 1, 0
129, 2, -1
122, 1, 0
125, 1, 0
124, 1, 0
148, 2, -1
103, 1, 0
125, 2, 0
125, 1, 0
124, 1, -1
125, 1, 0
125, 2, 0
125, 1, 0
126, 1, 0
125, 2, -1
252, 2, 0
125, 1, 0
127, 2, -1
121, 1, 0
125, 1, 0
125, 1, 0
126, 2, -1
250, 2, 0
124, 1, 0
126, 2, -1
135, 1, 0
118, 1, 0
122, 1, 0
123, 1, -1
127, 1, 0
123, 2, 0
124, 1, 0
125, 1, -1
126, 1, 0
124, 2, 0
127, 1, 0
126, 1, -1
124, 1, 0
123, 1, 0
127, 1, 0
123, 2, 0
127, 1, -1
124, 1, 0
125, 1, 0
125, 1, 0
126, 1, -1
124, 1, 0
126, 2, 0
250, 2, -1
250, 2, 0
125, 1, 0
125, 1, -1
124, 1, 0
126, 1, 0
125, 1, 0
124, 1, -1
126, 1, 0
124, 1, 0
126, 1, -1
125, 1, 0
125, 1, 0
125, 1, 0
124, 1, -1
126, 1, 0
124, 1, 0
126, 1, 0
124, 1, -1
126, 1, 0
124, 1, 0
126, 1, 0
125, 1, -1
125, 1, 0
125, 1, 0
126, 1, 0
125, 1, -1
248, 1, 0
127, 1, 0
124, 1, -1
125, 1, 0
125, 1, 0
125, 1, 0
125, 1, -1
250, 1, 0
129, 1, 0
120, 1, -1
125, 1, 0
126, 1, 0
249, 1, -1
126, 1, 0
125, 1, 0
253, 1, -1
129, 1, 0
118, 1, 0
251, 1, 0
126, 1, -1
247, 1, 0
126, 1, 0
125, 0, -1
124, 1, 0
125, 1, 0
253, 1, 0
247, 1, -1
125, 1, 0
250, 1, 0
125, 1, -1
251, 1, 0
248, 1, -1
251, 1, 0
250, 1, 0
252, 1, -1
249, 1, 0
250, 1, 0
250, 0, -1
126, 1, 0
374, 1, 0
125, 0, -1
125, 1, 0
375, 1, 0
250, 0, -1
125, 1, 0
501, 1, 0
500, 1, -1
625, 1, 0
375, 0, -1
375, 1, 0
1381, 0, -1
4131, -1, -1
991, -1, 0
874, -1, 0
498, 0, -1
250, -1, 0
500, -1, 0
627, -1, 0
123, 0, -1
250, -1, 0
499, -1, 0
375, -1, 0
125, 0, -1
375, -1, 0
250, -1, 0
375, -1, 0
125, 0, -1
249, -1, 0
377, -1, 0
249, -1, 0
250, 0, -1
125, -1, 0
249, -1, 0
250, -1, 0
249, -1, 0
126, 0, -1
126, -1, 0
250, -1, 0
250, -1, 0
375, -1, -1
124, -1, 0
249, -1, 0
251, -1, 0
249, -1, 0
126, -1, -1
250, -1, 0
251, -1, 0
124, -1, 0
251, -1, 0
125, -1, 0
125, 0, -1
125, -1, 0
125, -1, 0
250, -1, 0
125, -1, 0
249, -1, 0
126, -1, -1
249, -1, 0
127, -1, 0
126, -1, 0
248, -1, 0
125, -1, 0
126, -1, -1
249, -1, 0
126, -1, 0
124, -1, 0
126, -1, 0
249, -1, 0
125, -1, 0
125, -1, 0
125, -1, -1
250, -1, 0
128, -1, 0
125, -1, 0
122, -1, 0
125, -1, 0
248, -2, 0
127, 0, -1
123, -1, 0
127, -1, 0
125, -1, 0
125, -1, 0
124, -1, 0
126, -1, 0
125, -1, 0
126, -1, 0
124, -1, 0
125, -1, -1
126, -1, 0
125, -1, 0
124, -1, 0
125, -1, 0
126, -1, 0
126, -1, 0
124, -1, 0
125, -1, 0
130, -1, 0
122, -1, 0
123, -1, 0
125, -1, 0
125, -1, 0
126, -2, 0
124, -1, 0
123, -1, 0
127, -1, 0
125, -1, 0
125, -1, 0
125, -1, 0
125, -1, 0
125, -1, 0
125, -2, -1
125, -1, 0
127, -1, 0
123, -1, 0
125, -1, 0
146, -1, 0
105, -2, 0
125, -1, 0
124, -1, 0
125, -1, 0
126, -2, 0
248, -2, 0
127, -1, 0
124, -1, 0
126, -1, 0
124, -2, 0
126, -1, 0
124, -2, 0
125, -1, 0
126, -1, 0
124, -1, 0
125, -2, 0
126, -1, 0
124, -1, 0
125, -1, 0
125, -1, 0
125, -2, 0
126, -1, 0
124, -2, 0
126, -1, 0
124, -1, 0
125, -1, 0
127, -2, 0
124, -1, 1
124, -2, 0
124, -1, 0
125, -2, 0
124, -1, 0
126, -1, 0
124, -1, 0
125, -2, 0
126, -1, 0
125, -2, 0
124, -1, 0
125, -2, 0
126, -1, 1
125, -2, 0
125, -1, 0
126, -2, 0
125, -1, 0
123, -1, 0
125, -2, 0
126, -1, 0
126, -1, 0
125, -2, 1
123, -1, 0
125, -2, 0
125, -1, 0
126, -2, 0
124, -1, 0
125, -2, 0
125, -1, 0
126, -2, 1
124, -1, 0
125, -1, 0
126, -2, 0
125, -2, 0
125, -1, 1
125, -2, 0
137, -1, 0
116, -1, 0
130, -2, 0
122, -1, 1
124, -2, 0
125, -1, 0
129, -2, 0
120, -1, 0
125, -2, 0
127, -2, 1
122, -1, 0
127, -2, 0
124, -1, 0
129, -2, 0
122, -1, 1
125, -2, 0
124, -1, 0
126, -2, 0
124, -1, 0
127, -2, 1
123, -1, 0
125, -2, 0
130, -1, 0
121, -2, 0
126, -1, 1
124, -2, 0
124, -1, 0
125, -2, 0
125, -1, 1
124, -2, 0
125, -1, 0
125, -2, 0
127, -1, 1
123, -2, 0
124, -1, 0
125, -1, 0
125, -2, 0
132, -1, 1
118, -2, 0
122, -1, 0
125, -2, 1
127, -1, 0
188, -2, 0
64, -1, 0
126, -2, 1
122, -1, 0
126, -2, 0
125, -1, 0
124, -1, 1
129, -2, 0
126, -1, 0
123, -2, 0
123, -1, 1
124, -1, 0
126, -2, 0
124, -1, 1
126, -2, 0
126, -1, 0
126, -2, 0
123, -1, 0
124, -2, 1
124, -1, 0
124, -2, 0
125, -1, 1
125, -2, 0
127, -1, 0
124, -1, 0
125, -2, 1
124, -1, 0
127, -1, 0
123, -1, 0
126, -2, 1
125, -1, 0
125, -2, 0
125, -1, 1
124, -2, 0
126, -1, 0
125, -1, 0
125, -1, 1
124, -2, 0
126, -1, 0
125, -2, 1
124, -1, 0
126, -1, 0
125, -1, 1
124, -2, 0
126, -1, 0
132, -2, 0
117, -1, 1
126, -1, 0
125, -1, 0
124, -2, 0
125, -1, 1
126, -1, 0
126, -1, 0
132, -1, 0
116, -2, 1
126, -1, 0
125, -1, 0
127, -1, 0
124, -2, 1
125, -1, 0
125, -1, 0
125, -1, 1
125, -2, 0
126, -1, 0
123, -1, 1
124, -1, 0
125, -2, 0
125, -1, 0
125, -1, 1
127, -1, 0
125, -1, 0
126, -1, 1
124, -2, 0
125, -1, 0
124, -1, 0
124, -1, 1
125, -1, 0
125, -1, 0
125, -2, 0
126, 0, 1
124, -2, 0
126, -1, 0
125, -1, 1
124, -1, 0
126, -1, 0
124, -1, 0
126, -1, 1
125, -1, 0
124, -1, 0
125, -1, 0
124, -1, 1
126, -2, 0
250, -2, 1
125, -1, 0
125, -1, 0
126, -1, 0
125, -1, 1
125, -1, 0
125, -1, 0
126, -1, 0
125, -1, 1
125, -1, 0
124, -1, 0
123, -1, 0
125, -1, 1
126, -1, 0
132, -1, 0
119, -1, 0
125, -1, 1
250, -1, 0
124, -1, 0
126, -1, 0
126, -1, 1
124, -1, 0
124, -1, 0
125, -1, 0
132, -1, 1
245, -2, 0
251, -1, 1
124, -1, 0
125, -1, 0
125, -1, 0
125, -1, 1
251, -1, 0
124, -1, 0
124, -1, 1
252, -1, 0
127, -1, 0
123, -1, 1
125, -1, 0
249, -1, 0
250, -1, 1
125, -1, 0
134, -1, 0
121, -1, 0
247, -1, 1
123, -1, 0
249, -1, 0
126, -1, 1
249, -1, 0
127, -1, 0
248, -1, 1
250, -1, 0
125, -1, 0
250, -1, 1
249, -1, 0
251, -1, 0
127, 0, 1
123, -1, 0
252, -1, 0
249, -1, 1
251, -1, 0
255, -1, 0
247, -1, 1
371, -1, 0
250, 0, 1
126, -1, 0
249, -1, 0
501, -1, 1
375, -1, 0
406, -1, 0
93, 0, 1
530, -1, 0
220, 0, 1
376, -1, 0
749, -1, 0
125, 0, 1
1378, 0, 1
497, -1, 0
1625, 0, 1
1669, 1, 0
741, 0, 1
340, 1, 0
752, 1, 0
374, 0, 1
375, 1, 0
625, 1, 1
500, 1, 0
506, 1, 1
497, 1, 0
370, 1, 0
127, 0, 1
376, 1, 0
374, 1, 0
249, 1, 1
375, 1, 0
375, 1, 1
375, 1, 0
253, 1, 0
125, 0, 1
123, 1, 0
374, 1, 0
254, 1, 1
247, 1, 0
248, 1, 0
126, 0, 1
249, 1, 0
126, 1, 0
249, 1, 0
126, 0, 1
125, 1, 0
249, 1, 0
125, 1, 0
250, 1, 1
252, 1, 0
248, 1, 0
125, 1, 1
250, 1, 0
250, 1, 0
125, 1, 1
252, 1, 0
125, 1, 0
249, 1, 1
127, 1, 0
125, 1, 0
248, 1, 0
126, 0, 1
125, 1, 0
125, 1, 0
125, 1, 0
250, 1, 0
125, 1, 1
125, 1, 0
125, 1, 0
250, 1, 1
125, 1, 0
125, 1, 0
249, 1, 0
126, 1, 1
125, 1, 0
125, 1, 0
125, 1, 0
251, 2, 1
248, 1, 0
126, 1, 0
125, 1, 0
125, 1, 0
125, 1, 1
125, 1, 0
125, 1, 0
125, 1, 0
125, 1, 1
125, 1, 0
249, 1, 0
127, 1, 0
124, 2, 1
258, 2, 0
242, 1, 0
124, 2, 0
126, 1, 1
249, 2, 0
127, 1, 0
124, 1, 0
126, 1, 0
124, 1, 1
127, 1, 0
123, 2, 0
249, 2, 0
150, 1, 0
109, 1, 1
125, 1, 0
126, 1, 0
117, 1, 0
124, 2, 0
126, 1, 0
127, 1, 0
122, 1, 0
126, 1, 1
126, 1, 0
122, 1, 0
124, 2, 0
127, 1, 0
126, 1, 0
144, 1, 0
111, 2, 1
119, 1, 0
124, 1, 0
129, 1, 0
126, 2, 0
121, 1, 0
130, 2, 0
126, 1, 0
125, 1, 1
123, 1, 0
121, 2, 0
130, 1, 0
120, 2, 0
125, 1, 0
125, 1, 0
125, 1, 0
125, 2, 0
126, 1, 0
124, 2, 1
125, 1, 0
125, 1, 0
126, 2, 0
126, 1, 0
124, 2, 0
127, 1, 0
122, 1, 0
126, 2, 0
125, 1, 0
125, 2, 0
126, 1, 0
125, 2, 1
144, 1, 0
106, 1, 0
124, 2, 0
125, 1, 0
125, 2, 0
125, 1, 0
125, 2, 0
126, 1, 0
124, 2, 0
126, 2, 0
124, 1, 0
126, 2, 0
124, 2, 0
125, 1, 0
125, 2, 0
125, 1, 0
126, 1, 0
124, 2, 0
125, 1, 0
126, 2, 0
124, 1, 1
124, 2, 0
126, 2, 0
124, 2, 0
126, 1, 0
127, 2, 0
123, 1, 0
127, 2, 0
124, 2, 0
125, 1, 0
124, 2, 0
125, 2, 0
126, 1, 0
124, 2, 0
126, 1, 0
124, 2, 0
124, 2, 0
130, 2, 0
121, 1, 0
124, 2, 0
125, 1, 0
133, 3, 0
149, 1, 0
101, 2, 0
122, 1, 0
124, 2, 0
122, 2, 0
124, 1, 0
130, 2, 0
121, 2, 0
146, 2, 0
106, 1, 0
124, 2, 0
126, 2, 0
125, 2, 0
132, 1, 0
118, 2, 0
127, 2, 0
123, 2, 0
125, 1, 0
127, 2, 0
123, 2, 0
123, 2, 0
128, 1, 0
125, 3, 0
124, 1, 0
125, 2, 0
125, 2, 0
125, 2, -1
125, 1, 0
125, 2, 0
125, 2, 0
125, 2, 0
125, 2, 0
125, 1, 0
124, 2, 0
126, 2, 0
125, 2, 0
124, 1, 0
125, 2, 0
126, 2, 0
125, 2, -1
124, 1, 0
125, 3, 0
126, 1, 0
125, 2, 0
124, 2, 0
132, 2, 0
122, 1, 0
124, 3, 0
124, 1, 0
124, 2, 0
124, 2, 0
125, 2, 0
125, 1, -1
125, 2, 0
125, 2, 0
126, 2, 0
124, 2, 0
124, 2, 0
125, 1, 0
127, 2, 0
123, 2, 0
126, 1, 0
125, 2, -1
125, 2, 0
124, 2, 0
126, 2, 0
124, 2, 0
126, 1, 0
124, 2, 0
125, 1, 0
125, 3, 0
126, 1, -1
124, 2, 0
124, 2, 0
126, 2, 0
124, 1, 0
126, 2, 0
125, 2, 0
125, 2, 0
125, 1, -1
125, 2, 0
125, 2, 0
125, 2, 0
125, 1, 0
125, 2, 0
125, 2, 0
125, 2, 0
125, 1, 0
126, 2, -1
128, 2, 0
120, 2, 0
126, 1, 0
124, 1, 0
124, 2, 0
125, 2, 0
126, 2, -1
124, 1, 0
124, 2, 0
126, 1, 0
124, 2, 0
126, 2, 0
124, 2, 0
127, 1, 0
125, 2, -1
125, 1, 0
124, 2, 0
125, 1, 0
127, 3, 0
127, 1, 0
131, 1, -1
120, 2, 0
124, 2, 0
126, 1, 0
123, 2, 0
126, 1, 0
123, 2, 0
126, 1, 0
125, 2, -1
143, 1, 0
110, 1, 0
122, 2, 0
127, 1, 0
123, 2, 0
125, 1, 0
125, 2, -1
125, 1, 0
125, 2, 0
125, 1, 0
123, 2, 0
125, 1, 0
125, 2, -1
124, 1, 0
125, 2, 0
125, 1, 0
132, 2, 0
120, 1, 0
123, 1, 0
128, 1, -1
125, 2, 0
125, 1, 0
126, 2, 0
124, 1, 0
124, 2, 0
128, 1, -1
122, 1, 0
125, 1, 0
126, 1, 0
126, 2, 0
122, 1, 0
124, 1, 0
125, 1, -1
126, 2, 0
124, 1, 0
125, 1, 0
126, 1, 0
124, 2, 0
126, 1, 0
125, 1, 0
125, 1, -1
131, 1, 0
120, 1, 0
125, 2, 0
125, 1, 0
125, 1, 0
125, 1, -1
125, 1, 0
125, 1, 0
125, 1, 0
125, 1, 0
126, 1, 0
124, 1, 0
126, 1, 0
124, 1, -1
126, 1, 0
124, 1, 0
125, 1, 0
124, 1, 0
126, 1, 0
132, 1, -1
119, 1, 0
126, 1, 0
124, 1, 0
123, 1, 0
250, 1, 0
125, 1, 0
125, 1, -1
125, 1, 0
125, 1, 0
250, 1, 0
126, 1, 0
124, 1, 0
252, 1, -1
124, 1, 0
132, 1, 0
244, 1, 0
125, 1, 0
248, 1, 0
251, 1, -1
126, 1, 0
248, 1, 0
125, 1, 0
256, 1, 0
250, 1, 0
120, 0, -1
124, 1, 0
249, 1, 0
249, 1, 0
376, 1, 0
250, 1, 0
126, 0, -1
375, 1, 0
249, 1, 0
501, 1, 0
629, 1, 0
121, 0, -1
752, 1, 0
4264, -1, 0
747, 0, -1
366, -1, 0
750, -1, 0
623, -1, 0
502, -1, 0
247, 0, -1
250, -1, 0
373, -1, 0
509, -1, 0
117, 0, -1
124, -1, 0
378, -1, 0
373, -1, 0
250, -1, 0
249, -1, -1
374, -1, 0
251, -1, 0
251, -1, 0
249, -1, -1
253, -1, 0
246, -1, 0
125, -1, 0
125, 0, -1
126, -1, 0
250, -1, 0
124, -1, 0
250, -1, 0
126, -1, -1
249, -1, 0
250, -1, 0
125, -1, 0
125, -1, 0
251, -1, -1
126, -1, 0
249, -1, 0
125, -1, 0
125, -1, 0
125, -1, -1
249, -1, 0
126, -1, 0
126, -1, 0
125, -1, 0
125, -1, -1
249, -1, 0
126, -1, 0
125, -1, 0
126, -1, 0
129, -1, -1
118, -1, 0
129, -1, 0
127, -1, 0
247, -1, 0
126, -1, -1
126, -2, 0
247, -2, 0
249, -2, 0
127, 0, -1
124, -2, 0
125, -1, 0
125, -1, 0
125, -1, 0
125, -1, 0
126, -1, -1
124, -1, 0
125, -1, 0
125, -1, 0
124, -2, 0
126, -1, -1
125, -1, 0
125, -1, 0
125, -1, 0
125, -1, 0
125, -2, 0
123, -1, 0
130, -1, -1
123, -1, 0
125, -2, 0
125, -1, 0
126, -1, 0
124, -1, 0
123, -2, 0
126, -1, -1
126, -1, 0
126, -2, 0
124, -1, 0
125, -1, 0
126, -2, 0
124, -1, 0
125, -2, -1
125, -1, 0
124, -1, 0
126, -2, 0
124, -1, 0
126, -2, 0
125, -1, 0
125, -2, 0
125, -1, 0
125, -2, -1
125, -1, 0
123, -2, 0
127, -1, 0
128, -2, 0
123, -1, 0
126, -2, 0
126, -1, 0
124, -2, -1
123, -1, 0
128, -2, 0
122, -2, 0
124, -2, 0
125, -1, 0
124, -2, 0
127, -1, 0
134, -2, 0
116, -2, 0
125, -2, 0
131, -1, 0
124, -2, 0
119, -1, 0
124, -2, 0
125, -2, 0
126, -2, 0
125, -2, -1
124, -1, 0
125, -2, 0
125, -1, 0
126, -3, 0
124, -1, 0
125, -2, 0
125, -2, 0
126, -2, 0
124, -2, 0
125, -2, 0
125, -1, 0
126, -2, 0
124, -2, 0
126, -2, 0
124, -2, 0
125, -2, 0
125, -2, 0
126, -2, 0
127, -2, 0
125, -2, 0
124, -1, 0
123, -3, 0
128, -1, 0
125, -3, 0
126, -1, 0
128, -2, 0
120, -2, 0
125, -2, 0
124, -2, 0
125, -2, 0
124, -2, 0
126, -2, 0
125, -2, 0
125, -2, 0
125, -3, 0
125, -1, 0
124, -3, 0
126, -1, 0
125, -3, 0
126, -2, 0
124, -2, 0
125, -2, 1
125, -2, 0
125, -2, 0
125, -2, 0
124, -2, 0
125, -3, 0
125, -2, 0
126, -2, 0
140, -2, 0
111, -1, 0
126, -3, 1
127, -2, 0
123, -2, 0
125, -2, 0
125, -3, 0
125, -1, 0
135, -3, 0
114, -2, 0
126, -2, 1
124, -2, 0
125, -3, 0
125, -2, 0
125, -2, 0
125, -2, 0
125, -3, 1
125, -2, 0
126, -2, 0
124, -2, 0
125, -3, 0
125, -1, 0
123, -3, 0
126, -2, 1
127, -2, 0
125, -2, 0
126, -3, 0
124, -2, 0
125, -2, 0
125, -2, 0
126, -2, 1
123, -3, 0
144, -2, 0
106, -2, 0
126, -2, 0
124, -3, 1
126, -2, 0
122, -2, 0
125, -2, 0
125, -3, 0
126, -2, 1
139, -3, 0
114, -1, 0
123, -3, 0
132, -2, 0
122, -3, 1
121, -2, 0
124, -2, 0
124, -2, 0
127, -3, 0
131, -2, 0
119, -3, 1
122, -1, 0
125, -2, 0
130, -3, 0
123, -2, 0
125, -2, 1
125, -2, 0
126, -3, 0
124, -2, 0
126, -2, 0
123, -2, 1
124, -3, 0
125, -2, 0
126, -3, 0
126, -1, 0
126, -3, 1
125, -2, 0
124, -3, 0
125, -2, 0
125, -2, 0
126, -2, 0
123, -3, 1
125, -2, 0
126, -2, 0
124, -2, 0
125, -3, 1
131, -2, 0
121, -2, 0
123, -2, 0
125, -2, 0
124, -3, 0
126, -2, 0
125, -2, 1
124, -2, 0
125, -3, 0
126, -2, 0
124, -2, 1
126, -2, 0
124, -3, 0
126, -1, 0
124, -3, 0
126, -2, 1
126, -2, 0
125, -2, 0
125, -3, 0
124, -2, 0
125, -2, 1
126, -2, 0
123, -3, 0
126, -1, 0
125, -3, 0
123, -2, 1
126, -2, 0
126, -2, 0
125, -2, 0
125, -3, 0
124, -1, 0
126, -3, 1
125, -2, 0
124, -2, 0
126, -2, 0
138, -2, 1
113, -2, 0
124, -3, 0
124, -1, 0
124, -3, 0
127, -1, 0
125, -3, 1
124, -2, 0
126, -2, 0
126, -2, 0
125, -2, 0
124, -2, 1
125, -2, 0
125, -2, 0
125, -2, 0
125, -2, 0
124, -1, 1
124, -3, 0
126, -2, 0
126, -2, 1
129, -1, 0
122, -3, 0
125, -1, 0
125, -3, 0
126, -1, 0
124, -3, 1
127, -1, 0
122, -2, 0
124, -2, 0
126, -2, 1
125, -2, 0
125, -2, 0
126, -2, 0
125, -2, 1
132, -1, 0
118, -3, 0
125, -1, 0
125, -2, 0
125, -2, 0
124, -2, 1
125, -2, 0
124, -1, 0
126, -2, 0
125, -2, 1
124, -2, 0
126, -1, 0
124, -3, 0
125, -1, 1
125, -2, 0
126, -1, 0
125, -2, 0
125, -2, 0
125, -2, 1
124, -1, 0
125, -2, 0
125, -2, 0
126, -2, 0
124, -1, 1
126, -2, 0
126, -1, 0
126, -3, 1
125, -1, 0
124, -2, 0
125, -1, 0
126, -2, 0
125, -1, 0
126, -2, 0
122, -1, 1
125, -2, 0
125, -2, 0
125, -1, 0
126, -2, 1
125, -1, 0
125, -2, 0
126, -1, 0
124, -2, 1
125, -1, 0
126, -2, 0
124, -1, 0
125, -2, 0
125, -1, 0
125, -2, 1
126, -1, 0
123, -2, 0
125, -1, 0
123, -2, 1
126, -1, 0
126, -2, 0
126, -1, 0
124, -1, 0
126, -1, 1
124, -2, 0
125, -1, 0
125, -1, 0
124, -2, 0
125, -1, 0
126, -1, 1
125, -2, 0
131, -1, 0
123, -1, 0
121, -2, 1
124, -1, 0
124, -1, 0
129, -1, 0
124, -2, 0
125, -1, 1
126, -1, 0
123, -1, 0
126, -2, 0
122, -1, 0
135, -1, 0
117, -1, 1
124, -1, 0
125, -1, 0
130, -2, 0
246, -2, 1
124, -1, 0
125, -1, 0
125, -1, 0
126, -1, 0
124, -1, 0
125, -1, 0
124, -1, 1
126, -1, 0
124, -1, 0
156, -1, 0
96, -1, 0
130, -1, 0
121, -1, 1
129, -1, 0
125, -1, 0
248, -2, 0
251, -1, 0
120, -1, 0
126, -1, 1
126, -1, 0
126, -1, 0
123, -1, 0
250, -1, 0
127, -1, 0
126, -1, 1
250, -1, 0
122, -1, 0
127, -1, 0
249, -1, 0
124, -1, 0
250, -1, 1
126, -1, 0
249, -1, 0
250, -1, 0
125, -1, 0
249, -1, 0
251, -1, 1
125, -1, 0
250, -1, 0
374, -1, 0
250, -1, 0
253, -1, 0
248, 0, 1
125, -1, 0
374, -1, 0
251, -1, 0
626, -1, 0
499, -1, 0
750, -1, 0
625, 0, 1
4755, 1, 0
869, 1, 0
751, 1, 0
499, 1, 0
500, 1, 0
375, 1, 0
376, 1, 0
374, 1, 0
375, 1, 0
375, 1, 0
250, 1, 1
252, 1, 0
248, 1, 0
378, 1, 0
249, 1, 0
248, 1, 0
126, 1, 0
249, 1, 0
252, 1, 0
251, 1, 0
251, 1, 0
124, 1, 0
250, 1, 0
248, 1, 0
124, 1, 0
255, 1, 0
126, 1, 0
246, 1, 0
124, 1, 0
125, 1, 0
253, 1, 0
122, 1, 0
126, 1, 0
249, 1, 0
125, 1, 0
126, 1, 0
123, 1, 0
137, 1, 1
240, 1, 0
125, 1, 0
127, 1, 0
124, 1, 0
124, 1, 0
126, 1, 0
125, 1, 0
125, 1, 0
127, 1, 0
123, 1, 0
250, 2, 0
125, 1, 0
125, 1, 0
124, 1, 0
124, 1, 0
128, 1, 0
123, 1, 0
124, 1, 0
125, 1, 0
125, 1, 0
126, 1, 0
125, 1, 0
127, 1, 0
124, 1, 0
125, 2, 0
123, 1, 0
125, 1, 0
125, 1, 0
125, 1, 0
125, 1, 0
125, 1, 0
126, 2, 0
127, 1, 0
126, 1, 0
125, 1, 0
123, 2, 0
125, 1, 0
125, 1, 0
125, 1, 0
124, 2, 0
125, 1, 0
124, 1, 0
130, 1, 0
126, 2, 0
124, 1, 0
121, 2, 0
124, 1, 0
126, 2, 0
124, 1, 0
125, 1, 0
125, 1, 0
125, 2, 0
124, 1, 0
128, 1, 0
122, 2, 0
128, 1, 0
123, 2, 0
126, 1, 0
125, 2, 0
126, 1, 0
125, 2, 0
124, 1, 0
125, 2, 0
127, 1, 0
123, 2, 0
125, 1, 0
125, 2, 0
124, 1, 0
125, 2, 0
125, 2, 0
125, 2, 0
126, 1, 0
124, 2, 0
125, 1, 0
125, 2, 0
125, 1, 0
125, 2, 0
125, 2, 0
125, 1, -1
126, 2, 0
124, 1, 0
124, 2, 0
126, 2, 0
125, 2, 0
125, 1, 0
125, 2, 0
125, 2, 0
125, 2, 0
125, 1, 0
126, 2, 0
124, 2, -1
125, 2, 0
125, 1, 0
125, 3, 0
125, 1, 0
126, 2, 0
124, 1, 0
124, 3, 0
126, 1, 0
125, 2, 0
125, 2, 0
125, 1, -1
125, 3, 0
125, 1, 0
124, 2, 0
125, 2, 0
125, 2, 0
125, 2, 0
124, 2, 0
126, 1, 0
124, 3, -1
126, 1, 0
125, 3, 0
125, 1, 0
127, 2, 0
130, 2, 0
119, 2, 0
125, 2, 0
125, 2, -1
127, 2, 0
124, 2, 0
124, 2, 0
125, 2, 0
125, 2, 0
125, 2, -1
126, 2, 0
125, 2, 0
125, 2, 0
124, 2, 0
125, 2, 0
125, 2, 0
132, 2, -1
120, 2, 0
125, 2, 0
125, 2, 0
125, 2, 0
125, 2, 0
125, 3, -1
124, 1, 0
126, 3, 0
125, 2, 0
125, 2, 0
125, 2, 0
131, 2, -1
119, 2, 0
125, 2, 0
125, 2, 0
125, 3, 0
125, 1, 0
124, 3, -1
125, 2, 0
127, 1, 0
123, 3, 0
153, 2, -1
98, 2, 0
125, 2, 0
125, 3, 0
125, 1, 0
125, 3, 0
125, 2, -1
125, 2, 0
125, 2, 0
125, 3, 0
125, 2, -1
125, 2, 0
125, 2, 0
125, 3, 0
125, 1, -1
125, 3, 0
126, 2, 0
136, 2, 0
113, 2, -1
124, 2, 0
126, 3, 0
125, 1, 0
133, 3, -1
130, 2, 0
112, 2, 0
124, 2, 0
127, 3, -1
123, 2, 0
131, 2, 0
119, 2, -1
125, 3, 0
124, 2, 0
125, 2, 0
128, 2, -1
122, 3, 0
125, 1, 0
125, 3, -1
125, 2, 0
126, 3, 0
124, 1, 0
126, 3, -1
124, 2, 0
126, 2, 0
123, 2, -1
126, 3, 0
126, 1, 0
125, 2, -1
124, 3, 0
126, 2, 0
124, 2, -1
125, 2, 0
125, 3, 0
125, 2, -1
125, 2, 0
126, 2, 0
124, 3, -1
125, 1, 0
125, 3, 0
125, 2, -1
125, 2, 0
125, 2, 0
125, 3, -1
126, 1, 0
124, 3, 0
125, 2, -1
125, 3, 0
125, 1, 0
125, 3, -1
126, 2, 0
125, 2, 0
125, 2, -1
124, 1, 0
124, 3, -1
126, 2, 0
125, 2, 0
125, 2, -1
126, 3, 0
130, 1, 0
121, 3, -1
123, 1, 0
125, 3, -1
125, 2, 0
124, 2, 0
126, 2, -1
126, 3, 0
123, 1, 0
127, 3, -1
123, 1, 0
128, 3, -1
122, 2, 0
125, 2, -1
126, 2, 0
126, 2, 0
124, 2, 0
151, 2, -1
105, 2, 0
130, 2, -1
118, 2, 0
125, 2, 0
127, 2, -1
121, 2, 0
129, 2, -1
124, 2, 0
122, 2, 0
126, 2, -1
126, 2, 0
125, 2, 0
125, 2, -1
125, 1, 0
125, 3, -1
123, 1, 0
124, 3, -1
124, 1, 0
126, 3, 0
125, 1, -1
125, 2, 0
125, 2, -1
125, 2, 0
125, 2, 0
125, 2, -1
125, 2, 0
125, 2, -1
126, 1, 0
124, 2, 0
125, 2, -1
126, 2, 0
125, 2, -1
124, 1, 0
125, 3, 0
125, 1, -1
125, 2, 0
125, 2, -1
125, 2, 0
125, 1, 0
126, 2, -1
124, 2, 0
125, 2, -1
125, 1, 0
125, 2, 0
125, 2, -1
125, 2, 0
125, 1, 0
126, 2, -1
124, 2, 0
125, 2, -1
125, 1, 0
126, 2, 0
124, 1, -1
125, 2, 0
126, 2, -1
124, 1, 0
125, 2, 0
125, 1, -1
128, 2, 0
125, 2, 0
125, 2, -1
131, 1, 0
126, 2, -1
122, 1, 0
119, 2, -1
124, 1, 0
125, 2, 0
125, 1, -1
125, 2, 0
125, 1, 0
125, 2, -1
125, 1, 0
126, 2, 0
124, 1, -1
125, 2, 0
125, 1, 0
125, 2, -1
125, 1, 0
125, 2, -1
126, 1, 0
124, 1, 0
126, 2, -1
124, 1, 0
125, 2, 0
125, 1, -1
125, 2, 0
125, 1, -1
125, 1, 0
125, 1, 0
125, 2, -1
125, 1, 0
125, 2, 0
125, 1, -1
125, 1, 0
125, 1, 0
125, 2, -1
125, 1, 0
125, 1, -1
125, 1, 0
125, 2, 0
125, 1, -1
125, 1, 0
125, 1, 0
125, 2, -1
249, 2, -1
126, 1, 0
125, 1, 0
125, 1, -1
125, 1, 0
125, 1, 0
126, 1, -1
124, 1, 0
125, 1, 0
125, 1, -1
125, 1, 0
125, 1, 0
125, 1, -1
125, 2, 0
126, 0, -1
124, 1, 0
125, 1, 0
125, 1, -1
125, 1, 0
125, 1, 0
125, 1, -1
125, 1, 0
126, 1, -1
124, 1, 0
249, 1, -1
126, 1, 0
125, 1, 0
125, 1, -1
250, 1, 0
124, 1, -1
126, 1, 0
249, 1, -1
125, 1, 0
126, 1, -1
256, 1, 0
123, 1, 0
124, 0, -1
125, 1, 0
124, 1, -1
250, 1, 0
123, 0, -1
128, 1, 0
245, 1, -1
255, 1, 0
125, 0, -1
126, 1, 0
251, 1, -1
248, 1, 0
125, 0, -1
248, 1, 0
128, 0, -1
247, 1, 0
123, 0, -1
249, 1, 0
250, 0, -1
249, 1, 0
251, 0, -1
379, 1, -1
372, 0, -1
500, 0, -1
127, 1, 0
386, 0, -1
498, 0, -1
493, 0, -1
621, 0, -1
251, -1, 0
375, 0, -1
382, -1, -1
498, -1, 0
120, 0, -1
374, -1, 0
251, 0, -1
125, -1, 0
374, -1, 0
126, 0, -1
248, -1, 0
253, -1, -1
377, -1, 0
246, -1, -1
375, -1, 0
127, 0, -1
124, -1, 0
127, -1, 0
247, -1, -1
250, -1, 0
251, -1, -1
256, -1, 0
247, -1, 0
125, -1, -1
250, -1, 0
123, -1, 0
124, 0, -1
125, -1, 0
249, -1, 0
126, -1, -1
125, -1, 0
250, -1, 0
123, -1, -1
256, -1, 0
125, -1, 0
124, -1, 0
125, 0, -1
125, -1, 0
126, -1, 0
124, -1, 0
126, -1, 0
122, -1, -1
248, -1, 0
127, -1, -1
124, -1, 0
126, -1, 0
124, -1, 0
125, -1, 0
125, -1, -1
249, -2, 0
251, -2, -1
249, -1, 0
131, -1, 0
123, -1, 0
125, -1, -1
126, -1, 0
125, -1, 0
126, -1, 0
124, -1, -1
121, -1, 0
125, -1, 0
125, -1, 0
124, -2, 0
130, 0, -1
125, -2, 0
124, -1, 0
126, -1, 0
125, -1, 0
126, -1, -1
123, -1, 0
125, -2, 0
250, -2, 0
126, -1, 0
124, -1, -1
122, -1, 0
125, -2, 0
125, -1, 0
125, -1, 0
125, -1, 0
125, -1, -1
125, -2, 0
126, -1, 0
124, -1, 0
127, -1, 0
122, -2, 0
125, -1, -1
125, -1, 0
125, -1, 0
124, -2, 0
133, -1, 0
125, -2, 0
124, -1, 0
119, -1, -1
125, -1, 0
130, -2, 0
123, -1, 0
125, -2, 0
126, -1, 0
123, -1, 0
126, -2, 0
122, -1, 0
125, -1, -1
125, -2, 0
125, -1, 0
124, -1, 0
127, -2, 0
124, -1, 0
125, -2, 0
125, -1, 0
126, -2, 0
124, -1, 0
125, -2, 0
127, -1, 0
125, -2, 0
124, -1, -1
130, -2, 0
123, -1, 0
125, -2, 0
125, -1, 0
125, -2, 0
122, -1, 0
126, -2, 0
123, -1, 0
125, -2, 0
127, -1, 0
128, -2, 0
124, -2, 0
126, -1, 0
124, -2, 0
126, -1, 0
120, -2, 0
126, -1, 0
125, -2, 0
125, -1, 0
129, -2, 0
124, -2, 0
126, -1, 0
125, -2, 0
124, -2, 0
125, -1, 0
125, -2, 0
125, -1, 0
125, -2, 0
126, -2, 0
124, -1, 0
125, -2, 0
126, -2, 0
125, -1, 0
125, -2, 0
124, -1, 0
124, -3, 0
125, -1, 0
146, -1, 0
105, -2, 0
124, -2, 0
126, -2, 0
124, -1, 0
125, -2, 0
126, -1, 0
125, -2, 0
124, -2, 0
124, -2, 0
126, -1, 0
126, -2, 0
124, -1, 0
125, -2, 0
125, -2, 0
126, -2, 1
124, -1, 0
126, -2, 0
125, -2, 0
123, -2, 0
127, -1, 0
124, -2, 0
127, -2, 0
124, -2, 1
124, -1, 0
126, -1, 0
124, -2, 0
125, -2, 0
126, -2, 0
124, -1, 0
126, -3, 1
125, -1, 0
124, -2, 0
125, -1, 0
125, -2, 0
125, -2, 0
126, -2, 0
125, -1, 1
124, -2, 0
126, -2, 0
124, -2, 0
126, -1, 0
124, -2, 1
126, -2, 0
125, -2, 0
124, -1, 0
125, -2, 0
126, -2, 0
124, -2, 1
126, -1, 0
124, -2, 0
125, -2, 0
125, -1, 0
126, -2, 0
124, -1, 1
125, -2, 0
125, -2, 0
126, -2, 0
125, -1, 1
124, -2, 0
125, -2, 0
126, -2, 0
124, -1, 0
125, -2, 1
125, -2, 0
126, -2, 0
127, -1, 0
123, -2, 1
125, -1, 0
126, -2, 0
124, -2, 0
134, -2, 1
115, -1, 0
127, -2, 0
125, -2, 0
135, -2, 1
116, -1, 0
121, -1, 0
124, -2, 0
125, -2, 0
126, -2, 1
125, -1, 0
124, -2, 0
125, -1, 0
125, -2, 1
125, -1, 0
125, -2, 0
126, -2, 0
124, -2, 1
126, -1, 0
124, -2, 0
126, -1, 0
125, -2, 1
124, -1, 0
124, -2, 0
126, -1, 0
125, -2, 1
126, -2, 0
125, -2, 0
124, -1, 0
126, -2, 1
124, -1, 0
125, -1, 0
125, -2, 0
125, -1, 0
126, -2, 1
124, -1, 0
125, -2, 0
125, -1, 1
125, -2, 0
125, -1, 0
125, -2, 0
125, -1, 1
126, -2, 0
124, -1, 0
125, -2, 0
128, -1, 1
125, -2, 0
122, -1, 0
125, -1, 0
125, -2, 1
126, -1, 0
124, -1, 0
125, -2, 1
125, -1, 0
125, -2, 0
125, -1, 0
125, -1, 1
125, -2, 0
126, -1, 0
125, -1, 0
124, -1, 1
125, -2, 0
125, -1, 0
129, -1, 0
132, -1, 1
118, -2, 0
125, -1, 0
127, -2, 0
203, 0, 1
45, -2, 0
124, -1, 0
125, -1, 1
128, -1, 0
154, -2, 0
96, -1, 0
121, -1, 1
128, -1, 0
140, -1, 0
109, -1, 0
125, -1, 1
122, -1, 0
123, -2, 0
126, -1, 0
124, -1, 1
124, -1, 0
251, -2, 0
125, -1, 0
125, -1, 1
125, -1, 0
126, -1, 1
127, -1, 0
123, -1, 0
249, -2, 0
127, 0, 1
124, -2, 0
250, -1, 0
125, -1, 1
126, -1, 0
125, -1, 0
125, -1, 1
124, -1, 0
126, -1, 0
250, -1, 1
125, -1, 0
124, -1, 0
249, -1, 0
126, -1, 1
250, -1, 0
126, -1, 0
124, -1, 0
125, 0, 1
125, -1, 0
125, -1, 0
249, -1, 1
126, -1, 0
252, -1, 0
249, -1, 1
251, -1, 0
125, -1, 0
249, -1, 1
249, -1, 0
256, -1, 0
121, 0, 1
124, -1, 0
374, -1, 0
125, 0, 1
125, -1, 0
402, -1, 0
98, 0, 1
126, -1, 0
526, -1, 0
97, 0, 1
376, -1, 0
542, -1, 1
738, -1, 0
95, 0, 1
904, -1, 0
220, 0, 1
1627, 0, 1
2005, 0, 1
874, 1, 0
623, 0, 1
525, 1, 0
403, 0, 1
598, 1, 0
96, 0, 1
529, 1, 0
344, 0, 1
251, 1, 0
406, 0, 1
220, 1, 0
376, 0, 1
125, 1, 0
502, 1, 1
371, 1, 1
375, 1, 0
251, 0, 1
251, 1, 0
379, 1, 1
248, 1, 0
371, 0, 1
7, 1, 0
369, 1, 1
250, 1, 0
251, 1, 1
250, 1, 0
124, 0, 1
250, 1, 0
251, 1, 1
249, 1, 0
125, 0, 1
125, 1, 0
257, 1, 0
246, 1, 1
249, 1, 0
124, 0, 1
123, 1, 0
251, 1, 0
125, 0, 1
126, 1, 0
124, 1, 0
125, 0, 1
131, 1, 0
122, 1, 0
249, 1, 1
250, 1, 0
125, 1, 0
125, 1, 1
249, 1, 0
125, 0, 1
130, 1, 0
122, 1, 0
249, 1, 1
125, 1, 0
125, 1, 0
125, 0, 1
125, 1, 0
250, 1, 0
126, 1, 1
125, 1, 0
124, 1, 0
249, 1, 1
124, 1, 0
125, 1, 0
125, 1, 0
127, 0, 1
124, 1, 0
125, 1, 0
125, 1, 1
252, 1, 0
126, 1, 0
126, 1, 1
123, 1, 0
124, 1, 0
125, 1, 0
125, 0, 1
125, 1, 0
123, 1, 0
126, 1, 1
124, 1, 0
126, 1, 0
125, 1, 0
123, 1, 0
129, 1, 1
124, 1, 0
250, 2, 1
249, 2, 0
249, 2, 1
250, 2, 0
250, 2, 1
250, 1, 0
125, 1, 0
125, 1, 0
125, 2, 1
126, 1, 0
127, 1, 0
124, 1, 0
124, 1, 1
125, 1, 0
124, 1, 0
125, 1, 1
125, 1, 0
125, 1, 0
125, 1, 0
125, 1, 0
126, 2, 1
125, 1, 0
124, 1, 0
125, 1, 0
125, 1, 1
125, 1, 0
125, 2, 0
125, 1, 0
125, 1, 1
126, 1, 0
124, 1, 0
125, 2, 0
125, 1, 0
125, 1, 1
125, 1, 0
128, 2, 0
123, 1, 0
125, 1, 1
125, 1, 0
124, 2, 0
125, 1, 0
124, 1, 0
128, 1, 1
130, 2, 0
122, 1, 0
123, 2, 0
124, 1, 0
126, 1, 1
123, 1, 0
125, 2, 0
125, 1, 0
125, 2, 0
125, 1, 0
128, 2, 1
124, 1, 0
124, 1, 0
125, 1, 0
125, 1, 0
124, 2, 1
125, 1, 0
125, 2, 0
125, 1, 0
125, 2, 0
126, 1, 1
124, 2, 0
127, 1, 0
124, 1, 0
124, 2, 0
126, 1, 1
127, 2, 0
122, 1, 0
125, 2, 0
125, 1, 0
125, 2, 0
125, 1, 1
125, 1, 0
125, 2, 0
126, 1, 0
124, 2, 0
125, 1, 0
123, 2, 1
127, 1, 0
126, 2, 0
124, 1, 0
125, 2, 0
126, 1, 0
124, 2, 0
125, 1, 1
125, 2, 0
125, 2, 0
125, 1, 0
127, 2, 0
126, 1, 0
123, 2, 1
124, 1, 0
124, 2, 0
124, 2, 0
125, 1, 0
127, 2, 0
124, 1, 0
125, 2, 0
125, 2, 0
125, 1, 0
125, 2, 1
130, 1, 0
123, 2, 0
122, 1, 0
130, 2, 0
128, 2, 0
122, 1, 0
125, 2, 1
120, 1, 0
125, 2, 0
129, 1, 0
125, 2, 0
125, 2, 0
125, 2, 0
127, 1, 0
122, 2, 0
127, 1, 0
122, 2, 1
125, 2, 0
125, 1, 0
125, 2, 0
125, 2, 0
126, 1, 0
124, 2, 0
126, 1, 0
124, 2, 0
126, 2, 0
124, 2, 0
125, 1, 0
125, 1, 0
126, 2, 0
124, 1, 0
126, 2, 1
125, 2, 0
124, 2, 0
124, 1, 0
129, 2, 0
122, 1, 0
128, 2, 0
123, 2, 0
124, 2, 0
125, 1, 0
125, 2, 0
125, 1, 0
125, 2, 0
125, 2, 1
126, 2, 0
124, 1, 0
125, 2, 0
125, 1, 0
125, 2, 0
125, 1, 0
125, 2, 0
125, 2, 0
126, 2, 0
124, 1, 0
124, 1, 0
125, 2, 0
125, 2, 0
125, 2, 0
125, 1, 0
126, 2, 0
125, 1, 0
124, 2, 0
125, 1, 0
124, 2, 0
130, 2, 0
123, 1, 0
127, 2, 0
123, 2, 0
125, 1, 1
124, 2, 0
124, 1, 0
132, 2, 0
121, 2, 0
125, 1, 0
123, 2, 0
124, 2, 0
126, 1, 0
125, 2, 0
125, 1, 0
125, 2, 0
125, 1, 0
124, 2, 0
126, 1, 0
123, 2, 0
127, 1, 0
124, 2, 0
125, 2, 0
125, 1, 0
126, 2, 0
124, 1, 0
126, 2, 0
125, 1, 0
125, 2, 0
124, 1, 0
125, 2, 0
126, 1, 0
124, 2, 0
126, 1, 0
125, 2, 0
126, 1, 0
125, 2, 0
124, 1, 0
124, 2, 0
125, 1, 0
125, 2, 0
127, 1, 0
125, 1, 0
125, 2, 0
124, 1, 0
124, 2, 0
127, 1, -1
123, 2, 0
124, 1, 0
126, 2, 0
134, 1, 0
116, 1, 0
127, 1, 0
124, 2, 0
125, 1, 0
124, 2, 0
125, 1, 0
125, 2, 0
125, 1, 0
125, 1, 0
126, 1, 0
124, 2, 0
126, 1, -1
124, 2, 0
125, 1, 0
125, 1, 0
125, 1, 0
125, 2, 0
126, 1, 0
124, 1, 0
126, 2, 0
249, 2, 0
126, 1, 0
124, 2, -1
250, 2, 0
125, 1, 0
125, 1, 0
125, 1, 0
126, 2, 0
124, 1, 0
125, 1, 0
125, 1, 0
127, 2, 0
248, 2, 0
126, 1, -1
126, 1, 0
124, 1, 0
125, 1, 0
124, 1, 0
126, 1, 0
124, 1, 0
125, 1, 0
125, 1, 0
125, 1, 0
125, 2, -1
250, 2, 0
126, 1, 0
124, 1, 0
249, 2, 0
250, 2, 0
251, 1, -1
126, 1, 0
125, 1, 0
124, 1, 0
125, 1, 0
125, 1, 0
125, 1, 0
125, 1, 0
125, 1, 0
249, 1, -1
126, 1, 0
125, 1, 0
125, 1, 0
249, 1, 0
126, 1, 0
124, 1, 0
258, 1, 0
127, 1, 0
124, 0, -1
117, 1, 0
129, 1, 0
121, 1, 0
250, 1, 0
124, 1, 0
249, 1, 0
251, 1, 0
125, 1, -1
257, 1, 0
242, 1, 0
250, 1, 0
251, 1, 0
250, 1, 0
255, 1, 0
372, 1, -1
250, 1, 0
376, 1, 0
250, 1, 0
498, 1, 0
501, 1, 0
500, 1, 0
500, 0, -1
375, 1, 0
6771, -1, 0
736, 0, -1
246, -1, 0
627, -1, 0
749, -1, 0
247, 0, -1
376, -1, 0
375, -1, 0
502, -1, 0
124, 0, -1
374, -1, 0
250, -1, 0
507, -1, 0
243, -1, -1
375, -1, 0
249, -1, 0
376, -1, -1
423, -1, 0
77, -1, 0
422, -1, -1
203, -1, 0
126, -1, 0
374, -1, 0
251, -1, -1
125, -1, 0
249, -1, 0
250, -1, 0
125, 0, -1
125, -1, 0
126, -1, 0
248, -1, 0
126, -1, 0
125, 0, -1
125, -1, 0
250, -1, 0
126, -1, 0
248, -1, 0
127, -1, -1
251, -1, 0
122, -1, 0
124, -1, 0
249, -1, -1
126, -1, 0
249, -1, 0
132, -1, 0
118, -1, 0
256, -1, -1
123, -1, 0
121, -1, 0
249, -1, 0
125, -1, 0
126, -1, -1
124, -1, 0
126, -1, 0
249, -1, 0
125, -1, 0
125, -1, -1
129, -1, 0
122, -1, 0
252, -2, 0
250, -1, 0
125, -1, -1
125, -1, 0
124, -1, 0
126, -1, 0
125, -1, 0
251, -2, 0
125, 0, -1
125, -1, 0
125, -1, 0
125, -1, 0
124, -1, 0
127, -1, 0
126, -1, 0
123, -1, -1
126, -1, 0
124, -1, 0
125, -1, 0
125, -1, 0
124, -1, 0
126, -1, 0
126, -1, -1
126, -2, 0
248, -2, 0
125, -1, 0
125, -1, 0
125, -1, 0
125, -1, -1
126, -1, 0
124, -1, 0
125, -1, 0
125, -1, 0
125, -1, 0
125, -1, 0
126, -1, 0
123, -1, -1
126, -2, 0
125, -1, 0
125, -1, 0
125, -1, 0
125, -1, 0
126, -1, 0
124, -2, 0
125, -1, 0
126, -1, 0
124, -1, 0
125, -2, 0
125, 0, -1
126, -2, 0
125, -1, 0
125, -1, 0
124, -1, 0
126, -2, 0
124, -1, 0
125, -1, 0
133, -1, 0
122, -2, 0
121, -1, -1
125, -1, 0
125, -1, 0
125, -1, 0
124, -2, 0
126, -1, 0
124, -2, 0
125, -1, 0
125, -1, 0
125, -1, 0
125, -2, 0
126, -1, 0
124, -1, 0
126, -1, 0
124, -2, -1
125, -1, 0
125, -2, 0
126, -1, 0
125, -1, 0
125, -1, 0
124, -2, 0
125, -1, 0
125, -2, 0
126, -1, 0
124, -1, 0
126, -1, 0
124, -2, 0
126, -1, 0
125, -2, 0
125, -1, 0
124, -1, 0
125, -2, 0
125, -1, 0
126, -1, 0
124, -1, 0
126, -2, 0
124, -1, 0
125, -2, 0
125, -1, 0
126, -2, 0
124, -1, 0
126, -2, 0
124, -1, 0
127, -1, 0
124, -2, 0
125, -1, -1
124, -1, 0
125, -2, 0
126, -1, 0
123, -2, 0
126, -1, 0
126, -2, 0
124, -1, 0
126, -2, 0
125, -1, 0
124, -2, 0
126, -1, 0
123, -1, 0
135, -2, 0
118, -1, 0
123, -1, 0
125, -2, 0
124, -1, 0
125, -2, 0
125, -1, 0
126, -1, 0
125, -2, 0
125, -1, 0
125, -2, 0
124, -1, 0
126, -2, 0
125, -1, 0
125, -2, 0
125, -1, 0
124, -2, 0
126, -1, 0
124, -2, 1
125, -1, 0
125, -2, 0
125, -1, 0
125, -1, 0
125, -2, 0
126, -1, 0
125, -2, 0
124, -1, 0
125, -1, 0
127, -2, 0
124, -1, 0
125, -1, 0
126, -2, 0
125, -1, 0
126, -2, 0
124, -1, 0
124, -2, 1
126, -1, 0
126, -2, 0
124, -1, 0
125, -1, 0
125, -2, 0
126, -1, 0
124, -1, 0
124, -2, 0
126, -1, 0
124, -2, 0
126, -1, 0
126, -2, 0
124, -1, 1
126, -1, 0
125, -1, 0
125, -2, 0
122, -1, 0
127, -2, 0
125, -1, 0
125, -1, 0
125, -2, 0
126, -1, 0
123, -2, 1
126, -1, 0
129, -1, 0
122, -1, 0
121, -2, 0
130, -1, 0
122, -2, 0
125, -1, 0
122, -2, 0
250, -2, 0
127, -1, 0
125, -2, 1
126, -1, 0
127, -1, 0
131, -2, 0
124, -1, 0
126, -1, 0
116, -2, 0
125, -1, 0
125, -1, 0
125, -1, 0
125, -2, 1
128, -1, 0
122, -1, 0
125, -1, 0
126, -1, 0
124, -2, 0
126, -1, 0
126, -2, 0
124, -1, 0
127, -1, 1
125, -1, 0
122, -2, 0
127, -1, 0
124, -1, 0
124, -1, 0
125, -2, 0
125, -1, 0
125, -1, 0
124, -1, 0
125, -2, 1
125, -1, 0
125, -1, 0
125, -1, 0
125, -1, 0
125, -1, 0
126, -2, 0
124, -1, 0
125, -1, 0
125, -1, 0
125, -1, 0
126, -1, 1
125, -1, 0
124, -2, 0
126, -1, 0
123, -1, 0
125, -1, 0
126, -1, 0
126, -1, 0
125, -1, 1
126, -1, 0
127, -2, 0
124, -1, 0
123, -1, 0
124, -1, 0
126, -1, 0
125, -1, 1
125, -1, 0
124, -1, 0
126, -1, 0
125, -1, 0
124, -2, 0
250, -2, 1
250, -2, 0
249, -2, 0
251, -1, 0
131, -2, 0
118, 0, 1
126, -1, 0
123, -1, 0
126, -1, 0
125, -1, 0
130, -1, 0
120, -1, 0
125, -1, 1
127, -1, 0
124, -1, 0
124, -1, 0
125, -1, 0
254, -2, 0
122, 0, 1
124, -1, 0
125, -1, 0
126, -1, 0
125, -1, 0
127, -1, 0
122, -1, 0
126, 0, 1
124, -1, 0
125, -1, 0
125, -1, 0
125, -1, 0
251, -1, 0
126, -1, 1
126, -1, 0
124, -1, 0
250, -1, 0
127, -1, 0
123, -1, 0
125, 0, 1
125, -1, 0
126, -1, 0
248, -1, 0
126, -1, 0
249, -1, 1
126, -1, 0
250, -1, 0
126, -1, 0
249, -1, 1
125, -1, 0
249, -1, 0
128, -1, 0
248, -1, 0
250, -1, 1
249, -1, 0
254, -1, 0
123, -1, 0
248, -1, 1
250, -1, 0
256, -1, 0
245, -1, 0
250, -1, 1
375, -1, 0
249, -1, 0
407, -1, 1
218, -1, 0
376, -1, 0
386, -1, 0
121, 0, 1
245, -1, 0
497, -1, 0
375, -1, 0
252, 0, 1
249, -1, 0
754, -1, 0
625, 0, 1
123, -1, 0
1004, -1, 0
1502, 0, 1
5789, 0, 1
204, 1, 0
1249, 1, 1
877, 1, 0
382, 0, 1
367, 1, 0
529, 0, 1
95, 1, 0
653, 1, 0
97, 0, 1
404, 1, 0
346, 1, 0
125, 0, 1
376, 1, 0
373, 1, 1
376, 1, 0
376, 0, 1
124, 1, 0
250, 1, 0
250, 1, 1
377, 1, 0
376, 1, 1
250, 1, 0
374, 1, 1
250, 1, 0
249, 1, 0
252, 1, 1
248, 1, 0
249, 1, 0
249, 1, 1
251, 1, 0
249, 1, 1
253, 1, 0
124, 1, 0
263, 1, 0
111, 1, 1
251, 1, 0
259, 1, 0
116, 0, 1
125, 1, 0
125, 1, 0
250, 1, 0
125, 0, 1
145, 1, 0
106, 1, 0
249, 1, 0
125, 1, 0
125, 0, 1
126, 1, 0
124, 1, 0
250, 1, 0
126, 1, 1
249, 1, 0
126, 1, 0
124, 1, 0
249, 1, 1
127, 1, 0
125, 1, 0
247, 1, 0
127, 1, 1
249, 1, 0
124, 1, 0
126, 1, 0
249, 1, 1
127, 1, 0
125, 1, 0
247, 1, 1
134, 1, 0
121, 1, 0
125, 1, 0
122, 1, 0
255, 1, 0
124, 1, 1
126, 1, 0
126, 1, 0
131, 1, 0
238, 1, 1
126, 1, 0
124, 1, 0
125, 1, 0
124, 1, 0
138, 1, 1
112, 1, 0
256, 1, 0
119, 1, 0
126, 1, 0
125, 1, 0
125, 1, 1
125, 1, 0
125, 1, 0
126, 1, 0
126, 1, 0
123, 1, 1
126, 1, 0
125, 1, 0
125, 1, 0
125, 1, 0
124, 1, 0
126, 1, 1
123, 1, 0
127, 1, 0
125, 1, 0
126, 1, 0
125, 1, 0
125, 1, 0
124, 1, 1
126, 1, 0
123, 1, 0
126, 1, 0
124, 1, 0
125, 1, 0
125, 1, 1
125, 1, 0
125, 1, 0
126, 1, 0
124, 2, 0
250, 2, 1
123, 1, 0
127, 1, 0
125, 1, 0
125, 1, 0
127, 1, 0
124, 2, 0
125, 0, 1
124, 2, 0
125, 1, 0
125, 1, 0
125, 1, 0
126, 1, 0
124, 1, 0
125, 2, 1
126, 1, 0
124, 1, 0
127, 1, 0
123, 1, 0
125, 1, 0
124, 1, 0
129, 2, 0
125, 1, 1
123, 1, 0
124, 1, 0
125, 2, 0
250, 2, 0
126, 1, 0
125, 1, 0
124, 1, 0
126, 2, 1
124, 1, 0
125, 1, 0
125, 1, 0
125, 2, 0
125, 1, 0
125, 1, 0
125, 1, 1
126, 2, 0
124, 1, 0
125, 1, 0
125, 1, 0
125, 2, 0
125, 1, 0
126, 1, 0
123, 1, 0
126, 2, 0
137, 1, 1
113, 1, 0
125, 2, 0
126, 1, 0
124, 1, 0
126, 1, 0
125, 2, 0
124, 1, 0
125, 1, 0
125, 2, 0
125, 1, 0
127, 1, 1
124, 2, 0
126, 1, 0
124, 1, 0
125, 1, 0
126, 2, 0
126, 1, 0
124, 1, 0
126, 2, 0
124, 1, 0
126, 1, 0
122, 2, 1
125, 1, 0
125, 1, 0
125, 1, 0
125, 2, 0
130, 1, 0
120, 1, 0
124, 1, 0
127, 2, 0
124, 1, 0
125, 1, 0
125, 2, 0
125, 1, 0
125, 1, 0
125, 1, 1
126, 2, 0
125, 1, 0
124, 2, 0
124, 1, 0
126, 1, 0
125, 1, 0
125, 2, 0
126, 1, 0
125, 1, 0
124, 1, 0
125, 2, 0
125, 1, 0
125, 2, 0
125, 1, 0
131, 1, 0
119, 1, 0
126, 2, 0
124, 1, 1
125, 1, 0
125, 1, 0
125, 1, 0
125, 2, 0
125, 1, 0
125, 2, 0
126, 1, 0
125, 1, 0
127, 1, 0
123, 2, 0
124, 1, 0
126, 1, 0
125, 1, 0
124, 2, 0
126, 1, 0
124, 1, 0
125, 1, 0
125, 2, 0
125, 1, 0
125, 1, 0
125, 1, 0
125, 2, 0
126, 1, 0
124, 1, 0
125, 1, 1
125, 2, 0
126, 1, 0
125, 1, 0
128, 1, 0
121, 1, 0
125, 2, 0
126, 1, 0
123, 1, 0
124, 1, 0
126, 2, 0
130, 1, 0
121, 1, 0
122, 1, 0
127, 2, 0
124, 1, 0
125, 1, 0
125, 1, 0
126, 1, 0
128, 1, 0
127, 2, 0
122, 1, 0
123, 1, 0
125, 1, 0
127, 1, 0
126, 1, 0
123, 2, 0
123, 1, 0
125, 1, 0
125, 1, 0
127, 1, 0
124, 1, 0
126, 2, 0
124, 1, 0
250, 2, 0
126, 1, 0
124, 1, 0
126, 1, 0
124, 1, 0
125, 1, 0
126, 1, 0
124, 1, 0
125, 2, 0
251, 2, 0
255, 2, 0
122, 1, 0
122, 1, 0
127, 1, 0
123, 1, 0
126, 1, 0
125, 1, 0
125, 1, 0
124, 1, 0
125, 1, 0
125, 1, 0
125, 1, 0
125, 1, 0
125, 1, 0
125, 1, 0
126, 1, 0
124, 1, 0
125, 1, 0
249, 2, 0
251, 2, 0
250, 1, 0
125, 1, 0
127, 1, 0
126, 1, 0
122, 1, 0
127, 1, 0
126, 1, 0
124, 1, 0
124, 1, 0
249, 1, 0
125, 1, 0
127, 1, 0
124, 1, 0
125, 1, 0
125, 0, -1
126, 1, 0
123, 1, 0
126, 1, 0
125, 1, 0
249, 1, 0
126, 1, 0
125, 1, 0
249, 1, 0
126, 1, 0
125, 1, 0
250, 1, 0
125, 1, 0
127, 1, 0
251, 1, 0
124, 1, 0
251, 1, 0
123, 1, 0
252, 1, 0
122, 1, 0
124, 1, 0
125, 0, -1
125, 1, 0
250, 1, 0
250, 1, 0
126, 1, 0
249, 1, 0
250, 1, 0
251, 1, 0
252, 1, 0
248, 1, 0
251, 1, 0
250, 1, 0
251, 1, 0
373, 1, 0
251, 1, 0
375, 1, 0
374, 1, 0
376, 1, 0
373, 1, -1
502, 1, 0
500, 1, 0
749, 1, 0
1003, 1, 0
7639, -1, 0
1491, -1, 0
742, -1, 0
624, 0, -1
129, -1, 0
626, -1, 0
370, -1, 0
504, -1, 0
371, -1, 0
375, -1, -1
376, -1, 0
250, -1, 0
374, -1, 0
254, -1, 0
123, 0, -1
124, -1, 0
374, -1, 0
250, -1, 0
259, -1, 0
118, -1, 0
249, 0, -1
125, -1, 0
125, -1, 0
249, -1, 0
250, -1, 0
126, -1, 0
249, -1, 0
251, -1, 0
127, -1, 0
125, 0, -1
124, -1, 0
249, -1, 0
125, -1, 0
125, -1, 0
250, -1, 0
125, -1, 0
125, -1, 0
249, -1, 0
126, -1, -1
125, -1, 0
250, -1, 0
125, -1, 0
125, -1, 0
249, -1, 0
126, -1, 0
125, -1, 0
126, -1, 0
249, -1, -1
126, -1, 0
124, -1, 0
126, -1, 0
124, -1, 0
125, -1, 0
125, -1, 0
249, -1, 0
126, -1, 0
125, -1, 0
125, -1, 0
125, -1, 0
125, -1, 0
125, -1, 0
126, -1, 0
124, -1, 0
126, -1, 0
124, -1, -1
125, -1, 0
127, -1, 0
124, -1, 0
124, -1, 0
126, -1, 0
124, -1, 0
125, -1, 0
124, -1, 0
126, -1, 0
125, -1, 0
125, -1, 0
126, -1, 0
129, -2, 0
244, -2, 0
126, -1, 0
125, -1, 0
130, -1, 0
126, -1, 0
131, -1, 0
113, -2, 0
125, -1, 0
124, -1, 0
126, -1, 0
125, -1, 0
125, -1, 0
124, -1, 0
126, -2, 0
126, -1, 0
124, -1, 0
125, -1, 0
125, -2, 0
125, -1, 0
125, -1, 0
124, -1, 0
126, -2, 0
125, -1, 0
124, -1, 0
125, -1, 0
126, -2, 0
125, -1, 0
126, -2, 0
132, -1, 0
118, -1, 0
127, -1, 0
122, -2, 0
125, -1, 0
125, -1, 0
124, -2, 0
127, -1, 0
125, -2, 0
142, -1, 0
108, -1, 0
124, -2, 0
125, -1, 0
125, -1, 0
125, -2, 0
125, -1, 0
124, -2, 0
126, -1, 0
126, -2, 0
123, -1, 0
125, -2, 0
126, -1, 0
124, -2, 0
124, -1, 0
126, -2, 0
124, -1, 0
126, -2, 0
124, -1, 0
125, -1, 0
125, -2, 0
125, -1, 0
126, -2, 1
124, -1, 0
125, -2, 0
126, -1, 0
124, -2, 0
125, -2, 0
125, -1, 0
125, -2, 0
125, -2, 0
126, -1, 0
124, -2, 0
126, -1, 0
124, -2, 1
125, -1, 0
125, -2, 0
131, -1, 0
121, -2, 0
124, -2, 0
127, -2, 0
124, -1, 0
125, -1, 1
125, -2, 0
127, -1, 0
123, -2, 0
128, -2, 0
124, -2, 0
125, -1, 0
126, -2, 1
124, -1, 0
125, -2, 0
125, -2, 0
125, -2, 0
125, -1, 0
123, -2, 0
127, -1, 1
126, -3, 0
124, -1, 0
124, -2, 0
125, -1, 0
126, -2, 0
124, -2, 0
126, -2, 1
125, -1, 0
126, -1, 0
123, -3, 0
126, -1, 0
125, -2, 0
125, -1, 0
124, -3, 1
126, -1, 0
125, -2, 0
126, -2, 0
124, -2, 0
125, -1, 1
123, -2, 0
128, -2, 0
124, -2, 0
125, -1, 0
125, -2, 1
125, -2, 0
125, -2, 0
125, -1, 0
125, -3, 0
125, -1, 0
125, -2, 1
125, -1, 0
125, -3, 0
125, -1, 0
125, -2, 0
125, -2, 1
125, -1, 0
125, -2, 0
125, -2, 0
125, -2, 0
124, -1, 0
126, -2, 1
126, -2, 0
122, -2, 0
131, -1, 0
122, -2, 1
123, -2, 0
127, -2, 0
122, -1, 0
126, -3, 0
125, -1, 0
127, -2, 1
125, -2, 0
130, -2, 0
121, -1, 0
123, -2, 0
125, -2, 0
125, -1, 1
125, -2, 0
129, -2, 0
122, -2, 0
125, -1, 1
123, -2, 0
124, -2, 0
125, -2, 0
126, -1, 0
123, -2, 1
126, -2, 0
124, -2, 0
126, -1, 0
124, -2, 1
126, -2, 0
124, -2, 0
126, -1, 0
125, -2, 0
124, -2, 1
126, -2, 0
124, -1, 0
126, -2, 0
125, -2, 0
125, -1, 1
125, -2, 0
125, -1, 0
125, -3, 0
125, -1, 1
126, -2, 0
125, -1, 0
124, -2, 0
125, -2, 0
125, -2, 1
124, -1, 0
128, -2, 0
124, -1, 0
124, -2, 1
124, -2, 0
126, -2, 0
130, -1, 0
123, -2, 0
123, -1, 1
126, -2, 0
124, -2, 0
125, -2, 0
124, -1, 0
126, -2, 1
124, -1, 0
126, -2, 0
124, -2, 0
125, -1, 1
126, -2, 0
125, -1, 0
125, -2, 0
126, -1, 0
125, -2, 1
124, -2, 0
125, -1, 0
124, -2, 0
126, -2, 1
127, -1, 0
123, -2, 0
125, -1, 0
125, -2, 0
126, -1, 1
125, -2, 0
124, -1, 0
125, -2, 0
124, -1, 1
125, -2, 0
125, -1, 0
125, -2, 0
127, -1, 0
126, -2, 1
123, -1, 0
125, -2, 0
125, -1, 0
126, -2, 0
125, -2, 1
126, -1, 0
125, -1, 0
125, -2, 0
124, -1, 1
125, -2, 0
125, -1, 0
125, -1, 0
124, -2, 1
126, -1, 0
125, -2, 0
125, -1, 0
124, -2, 0
125, -1, 1
125, -2, 0
125, -1, 0
126, -1, 0
124, -2, 1
126, -1, 0
126, -2, 0
125, -1, 0
131, -1, 1
121, -1, 0
123, -2, 0
125, -1, 0
126, -2, 0
127, -1, 1
124, -1, 0
125, -1, 0
126, -2, 0
122, -1, 1
125, -2, 0
125, -1, 0
129, -1, 0
121, -1, 0
124, -2, 1
126, -1, 0
123, -1, 0
126, -1, 0
125, -2, 1
124, -1, 0
125, -1, 0
131, -1, 0
126, -1, 0
118, -2, 1
130, -1, 0
121, -1, 0
123, -1, 0
130, -2, 0
121, 0, 1
125, -2, 0
124, -1, 0
125, -1, 0
125, -1, 0
125, -1, 1
128, -1, 0
129, -2, 0
123, -1, 0
125, -1, 0
125, -1, 1
122, -1, 0
126, -1, 0
124, -1, 0
125, -1, 0
124, -1, 1
125, -1, 0
132, -1, 0
123, -1, 0
120, -1, 0
128, -1, 1
133, -1, 0
116, -1, 0
124, -1, 0
127, -1, 0
125, -1, 1
123, -1, 0
126, -1, 0
125, -1, 0
123, -1, 0
127, -1, 1
126, -1, 0
128, -1, 0
122, -1, 0
138, -1, 0
112, -1, 0
129, -1, 1
246, -1, 0
123, -1, 0
131, -1, 0
123, -1, 1
124, -1, 0
126, -1, 0
250, -1, 0
123, -1, 1
126, -1, 0
125, -1, 0
125, -1, 0
250, -1, 0
121, -1, 1
132, -1, 0
245, -1, 0
126, -1, 0
125, -1, 1
250, -1, 0
125, -1, 0
124, -1, 0
251, -1, 1
256, -1, 0
120, -1, 0
256, -1, 0
119, -1, 0
252, -1, 1
126, -1, 0
243, -1, 0
256, -1, 0
253, -1, 1
121, -1, 0
252, -1, 0
247, -1, 0
132, 0, 1
116, -1, 0
252, -1, 0
247, -1, 0
382, -1, 1
250, -1, 0
247, -1, 0
375, -1, 1
249, -1, 0
378, -1, 0
376, -1, 0
249, 0, 1
250, -1, 0
372, -1, 0
756, -1, 0
247, 0, 1
499, -1, 0
1006, -1, 0
5254, 0, 1
3243, 1, 0
651, 0, 1
589, 1, 0
783, 1, 0
218, 0, 1
419, 1, 0
717, 1, 0
114, 0, 1
411, 1, 0
467, 1, 0
126, 0, 1
373, 1, 0
535, 1, 0
89, 0, 1
249, 1, 0
377, 1, 0
373, 0, 1
125, 1, 0
375, 1, 0
258, 1, 0
368, 1, 1
373, 1, 0
256, 1, 0
244, 1, 0
250, 0, 1
126, 1, 0
249, 1, 0
373, 1, 0
255, 1, 1
247, 1, 0
248, 1, 0
253, 1, 0
375, 1, 1
125, 1, 0
248, 1, 0
251, 1, 0
250, 1, 0
249, 1, 0
250, 1, 1
250, 1, 0
249, 1, 0
128, 1, 0
254, 1, 0
246, 1, 0
125, 1, 1
249, 1, 0
252, 1, 0
249, 1, 0
124, 1, 0
250, 1, 0
126, 1, 0
249, 1, 0
250, 1, 1
125, 1, 0
249, 1, 0
125, 1, 0
127, 1, 0
250, 1, 0
307, 1, 0
68, 1, 0
125, 1, 0
252, 1, 0
247, 1, 0
126, 1, 0
124, 1, 0
250, 1, 0
125, 1, 0
250, 1, 0
126, 1, 0
250, 1, 0
124, 1, 0
126, 0, 1
125, 1, 0
125, 1, 0
124, 1, 0
250, 1, 0
125, 1, 0
125, 1, 0
250, 1, 0
126, 1, 0
125, 1, 0
248, 1, 0
126, 1, 0
125, 1, 0
126, 1, 0
251, 1, 0
124, 1, 0
124, 1, 0
125, 1, 0
251, 1, 0
124, 1, 0
125, 1, 0
126, 1, 0
248, 1, 0
126, 1, 0
125, 1, 0
250, 1, 0
125, 1, 0
126, 1, 0
124, 1, 0
126, 1, 0
248, 1, 0
126, 1, 0
125, 1, 0
125, 1, 0
130, 1, 0
248, 1, 0
122, 1, 0
124, 1, 0
125, 1, 0
250, 1, -1
127, 1, 0
124, 1, 0
127, 1, 0
124, 1, 0
249, 1, 0
142, 1, 0
109, 1, 0
124, 1, 0
124, 1, 0
250, 1, 0
127, 1, 0
123, 1, -1
125, 1, 0
125, 1, 0
126, 1, 0
124, 1, 0
250, 1, 0
126, 1, 0
124, 1, 0
126, 1, 0
251, 1, 0
125, 1, 0
124, 1, 0
125, 1, -1
126, 1, 0
124, 1, 0
250, 1, 0
126, 1, 0
124, 1, 0
125, 1, 0
250, 2, 0
250, 1, -1
126, 1, 0
130, 1, 0
122, 1, 0
123, 1, 0
250, 1, 0
125, 1, 0
125, 1, 0
125, 0, -1
126, 1, 0
124, 1, 0
126, 1, 0
124, 1, 0
250, 1, 0
125, 1, -1
125, 1, 0
126, 1, 0
249, 1, 0
128, 1, 0
123, 1, 0
124, 1, 0
125, 0, -1
125, 1, 0
126, 1, 0
124, 1, 0
250, 1, 0
125, 1, -1
125, 1, 0
249, 1, 0
127, 1, 0
248, 1, 0
126, 1, 0
125, 1, -1
250, 1, 0
125, 1, 0
249, 1, 0
126, 1, 0
125, 0, -1
125, 1, 0
125, 1, 0
249, 1, 0
127, 1, 0
248, 1, -1
126, 1, 0
250, 1, 0
126, 1, 0
248, 1, -1
250, 1, 0
126, 1, 0
249, 1, 0
250, 1, -1
250, 1, 0
126, 1, 0
249, 1, -1
250, 1, 0
251, 1, 0
249, 1, 0
126, 0, -1
125, 1, 0
250, 1, 0
251, 1, 0
247, 1, -1
252, 1, 0
254, 1, 0
247, 1, -1
371, 1, 0
379, 1, 0
124, 0, -1
125, 1, 0
374, 1, 0
377, 1, -1
373, 1, 0
376, 1, 0
130, 0, -1
371, 1, 0
373, 1, 0
251, 0, -1
501, 1, 0
501, 0, -1
123, 1, 0
1004, 1, 0
121, 0, -1
1252, 0, -1
248, 1, 0
1625, 0, -1
2500, 0, -1
755, -1, 0
911, 0, -1
459, -1, 0
788, 0, -1
212, -1, 0
957, 0, -1
43, -1, 0
627, -1, 0
255, 0, -1
496, -1, 0
247, 0, -1
249, -1, 0
501, -1, 0
125, 0, -1
499, -1, 0
376, -1, -1
529, -1, 0
220, 0, -1
124, -1, 0
501, -1, 0
250, -1, -1
404, -1, 0
346, -1, -1
250, -1, 0
405, -1, 0
96, 0, -1
254, -1, 0
250, -1, 0
246, 0, -1
126, -1, 0
248, -1, 0
250, -1, 0
126, 0, -1
125, -1, 0
378, -1, 0
247, -1, 0
124, 0, -1
127, -1, 0
248, -1, 0
250, -1, 0
250, -1, -1
250, -1, 0
251, -1, 0
248, -1, -1
250, -1, 0
126, -1, 0
249, -1, 0
251, -1, -1
125, -1, 0
251, -1, 0
248, -1, 0
252, -1, -1
126, -1, 0
249, -1, 0
125, -1, 0
250, -1, 0
250, -1, -1
126, -1, 0
248, -1, 0
126, -1, 0
251, -1, 0
124, -1, 0
125, 0, -1
126, -1, 0
125, -1, 0
249, -1, 0
125, -1, 0
249, -1, 0
126, -1, 0
126, -1, -1
248, -1, 0
127, -1, 0
124, -1, 0
250, -1, 0
125, -1, 0
250, -1, 0
126, -1, 0
124, -1, -1
249, -1, 0
126, -1, 0
125, -1, 0
133, -1, 0
123, -1, 0
245, -1, 0
125, -1, 0
124, -1, 0
125, 0, -1
125, -1, 0
126, -1, 0
124, -1, 0
125, -1, 0
125, -1, 0
250, -1, 0
125, -1, 0
125, -1, 0
126, -1, 0
124, -1, 0
251, -1, 0
125, -1, -1
124, -1, 0
126, -1, 0
124, -1, 0
128, -1, 0
122, -1, 0
125, -1, 0
251, -1, 0
125, -1, 0
125, -1, 0
124, -1, 0
126, -1, 0
124, -1, 0
125, -1, 0
125, -1, 0
125, -1, 0
125, -1, 0
125, -1, 0
125, -1, 0
248, -2, 0
252, -1, 0
125, -1, -1
125, -2, 0
250, -2, 0
250, -1, 0
125, -1, 0
126, -2, 0
249, -2, 0
251, -1, 0
125, -1, 0
124, -1, 0
126, -1, 0
125, -1, 0
124, -1, 0
125, -2, 0
250, -2, 0
250, -1, 0
125, -1, 0
125, -1, 0
126, -1, 0
124, -1, 0
125, -2, 0
250, -2, 0
251, -2, 0
249, -2, 0
250, -2, 0
125, -1, 0
126, -1, 0
125, -1, 0
124, -1, 0
124, -1, 0
126, -1, 0
127, -1, 0
124, -1, 0
125, -1, 0
125, -1, 1
125, -1, 0
126, -1, 0
125, -1, 0
124, -1, 0
125, -1, 0
126, -1, 0
123, -1, 0
126, -1, 0
126, -2, 0
247, -2, 0
251, -2, 0
126, -1, 0
123, -1, 0
127, -1, 0
124, -1, 1
125, -1, 0
125, -1, 0
125, -1, 0
125, -1, 0
125, -1, 0
124, -1, 0
127, -1, 0
126, -1, 0
124, -1, 1
125, -1, 0
124, -1, 0
126, -1, 0
128, -1, 0
122, -1, 0
125, -1, 0
124, -1, 0
126, -1, 0
125, -1, 0
125, -1, 0
124, -1, 0
131, -1, 1
122, -1, 0
124, -1, 0
123, -1, 0
125, -1, 0
125, -1, 0
125, -1, 0
124, -1, 0
131, -1, 0
129, -1, 1
127, -1, 0
115, -1, 0
124, -1, 0
125, -1, 0
125, -1, 0
125, -1, 0
125, -1, 0
125, -1, 0
126, -1, 0
124, -1, 0
126, -1, 1
124, -1, 0
125, -1, 0
125, -1, 0
126, -1, 0
124, -1, 0
127, -1, 0
123, -1, 0
126, -1, 0
124, -1, 0
125, -1, 1
125, -1, 0
125, -1, 0
125, -1, 0
126, -1, 0
124, -1, 0
126, -1, 0
124, -1, 0
125, -1, 0
125, -1, 0
250, -1, 1
126, -1, 0
124, -1, 0
125, -1, 0
125, -1, 0
125, -1, 0
125, -1, 0
125, -1, 0
125, -1, 1
126, -1, 0
125, -1, 0
124, -1, 0
250, -2, 0
250, -1, 0
126, -1, 0
125, -1, 0
124, -1, 1
126, -1, 0
124, -1, 0
125, -1, 0
249, -1, 0
126, -1, 0
126, -1, 0
124, -1, 0
126, -1, 1
124, -1, 0
249, -1, 0
126, -1, 0
125, -1, 0
126, -1, 0
124, -1, 1
250, -1, 0
125, -1, 0
125, -1, 0
125, -1, 0
126, -1, 0
248, -1, 1
126, -1, 0
126, -1, 0
124, -1, 0
125, -1, 0
250, -1, 0
126, -1, 0
249, -1, 1
127, -1, 0
123, -1, 0
249, -1, 0
126, -1, 0
126, -1, 0
124, -1, 0
249, -1, 1
126, -1, 0
250, -1, 0
125, -1, 0
126, -1, 0
249, -1, 0
125, -1, 1
125, -1, 0
249, -1, 0
251, -1, 0
125, -1, 0
249, -1, 1
126, -1, 0
250, -1, 0
125, -1, 0
251, -1, 0
253, -1, 0
124, 0, 1
125, -1, 0
125, -1, 0
249, -1, 0
125, -1, 0
247, -1, 0
280, -1, 1
221, -1, 0
250, -1, 0
256, -1, 0
250, -1, 0
122, 0, 1
123, -1, 0
249, -1, 0
252, -1, 0
248, -1, 0
376, -1, 0
124, 0, 1
125, -1, 0
377, -1, 0
248, -1, 0
377, -1, 0
249, -1, 1
375, -1, 0
504, -1, 0
371, -1, 0
413, -1, 0
86, 0, 1
374, -1, 0
500, -1, 0
626, -1, 0
250, 0, 1
499, -1, 0
1032, -1, 0
1883, -1, 0
13098, 1, 1
1240, 1, 0
878, 1, 1
750, 1, 0
625, 1, 0
247, 0, 1
249, 1, 0
500, 1, 0
376, 1, 0
263, 0, 1
237, 1, 0
373, 1, 0
376, 1, 0
249, 0, 1
127, 1, 0
411, 1, 0
213, 1, 0
374, 1, 0
131, 0, 1
244, 1, 0
250, 1, 0
253, 1, 0
373, 1, 0
250, 1, 0
125, 0, 1
125, 1, 0
251, 1, 0
248, 1, 0
250, 1, 0
256, 1, 0
245, 1, 0
248, 1, 1
251, 1, 0
249, 1, 0
251, 1, 0
249, 1, 0
126, 1, 0
251, 1, 0
248, 1, 0
263, 1, 0
112, 0, 1
127, 1, 0
124, 1, 0
249, 1, 0
126, 1, 0
249, 1, 0
249, 1, 0
126, 1, 0
252, 1, 0
124, 1, 0
250, 1, 0
249, 1, 0
126, 1, 0
124, 1, 1
250, 1, 0
128, 1, 0
247, 1, 0
125, 1, 0
133, 1, 0
251, 1, 0
117, 1, 0
126, 1, 0
249, 1, 0
124, 1, 0
126, 1, 0
250, 1, 0
125, 1, 0
126, 1, 0
248, 1, 0
125, 1, 1
126, 1, 0
125, 1, 0
126, 1, 0
249, 1, 0
125, 1, 0
125, 1, 0
125, 1, 0
249, 1, 0
126, 1, 0
126, 1, 0
125, 1, 0
124, 1, 0
125, 1, 0
125, 1, 0
249, 2, 0
250, 1, 0
127, 1, 0
124, 1, 0
125, 1, 0
125, 1, 0
125, 1, 0
125, 1, 0
125, 1, 0
125, 1, 0
126, 1, 0
124, 1, 0
125, 1, 0
125, 1, 0
125, 1, 0
125, 1, 0
125, 1, 0
250, 2, 0
125, 1, 0
125, 1, 0
125, 1, 0
125, 1, 0
125, 1, 0
125, 1, 0
125, 1, 0
126, 1, 0
124, 1, 0
125, 1, 0
125, 1, 0
125, 1, 0
125, 1, 0
125, 1, 0
125, 1, 0
126, 2, 0
248, 2, 0
126, 1, 0
125, 1, 0
125, 1, 0
125, 1, 0
126, 1, 0
125, 1, 0
124, 1, 0
125, 1, 0
125, 2, 0
125, 1, 0
125, 1, 0
126, 1, 0
124, 1, 0
126, 1, 0
124, 2, 0
125, 1, 0
132, 1, 0
123, 1, 0
120, 1, 0
125, 1, 0
125, 2, 0
126, 1, 0
124, 1, 0
125, 1, -1
125, 1, 0
125, 1, 0
125, 2, 0
126, 1, 0
124, 1, 0
126, 1, 0
124, 2, 0
125, 1, 0
125, 1, 0
125, 1, 0
125, 1, 0
125, 2, 0
124, 1, 0
126, 1, -1
124, 1, 0
125, 2, 0
249, 2, 0
126, 1, 0
125, 2, 0
125, 1, 0
127, 1, 0
123, 1, 0
129, 2, 0
122, 1, 0
125, 1, -1
125, 1, 0
127, 2, 0
123, 1, 0
125, 1, 0
125, 1, 0
124, 2, 0
126, 1, 0
125, 2, 0
126, 1, 0
124, 1, 0
125, 1, 0
126, 1, -1
124, 2, 0
125, 1, 0
126, 2, 0
126, 1, 0
126, 1, 0
125, 1, 0
124, 2, 0
125, 1, 0
124, 1, 0
125, 1, -1
125, 2, 0
125, 1, 0
125, 2, 0
125, 1, 0
125, 1, 0
126, 1, 0
124, 2, 0
125, 1, 0
125, 2, -1
125, 1, 0
125, 1, 0
125, 2, 0
125, 1, 0
125, 1, 0
125, 2, 0
124, 1, 0
126, 1, 0
126, 1, 0
131, 2, 0
118, 1, -1
125, 1, 0
128, 2, 0
122, 1, 0
125, 2, 0
128, 1, 0
122, 1, 0
126, 1, 0
124, 2, 0
125, 1, -1
126, 2, 0
124, 1, 0
125, 1, 0
125, 1, 0
125, 2, 0
125, 1, 0
125, 2, 0
125, 1, 0
126, 1, -1
123, 1, 0
126, 2, 0
125, 1, 0
125, 1, 0
125, 2, 0
125, 1, 0
125, 1, 0
126, 1, 0
124, 2, 0
125, 1, 0
125, 2, -1
125, 1, 0
125, 1, 0
125, 1, 0
125, 2, 0
126, 1, 0
124, 2, 0
124, 1, 0
126, 1, 0
123, 1, 0
129, 2, -1
123, 1, 0
125, 2, 0
127, 1, 0
125, 1, 0
123, 1, 0
125, 2, 0
125, 1, 0
125, 1, 0
125, 1, -1
125, 1, 0
126, 2, 0
124, 1, 0
127, 2, 0
123, 1, 0
125, 1, 0
125, 1, 0
125, 2, 0
125, 1, 0
133, 1, -1
123, 1, 0
127, 2, 0
117, 1, 0
125, 1, 0
125, 1, 0
127, 2, 0
123, 1, 0
126, 1, 0
124, 1, -1
126, 2, 0
124, 1, 0
126, 1, 0
124, 1, 0
126, 2, 0
124, 1, 0
126, 1, 0
123, 2, 0
249, 2, -1
127, 1, 0
125, 1, 0
124, 1, 0
125, 2, 0
126, 1, 0
124, 1, 0
125, 1, 0
125, 2, 0
125, 1, 0
125, 1, 0
125, 1, 0
125, 1, 0
126, 1, -1
124, 2, 0
125, 1, 0
125, 1, 0
125, 1, 0
125, 2, 0
125, 1, 0
124, 1, 0
127, 1, 0
124, 1, 0
124, 1, 0
126, 1, 0
125, 2, 0
125, 1, -1
125, 1, 0
126, 1, 0
125, 1, 0
124, 1, 0
125, 1, 0
125, 1, 0
125, 2, 0
125, 1, 0
126, 1, 0
124, 1, 0
126, 1, 0
124, 1, 0
125, 1, 0
125, 1, 0
125, 2, 0
124, 0, -1
127, 2, 0
250, 2, 0
249, 2, 0
128, 1, 0
124, 1, 0
124, 1, 0
125, 1, 0
126, 1, 0
124, 1, 0
124, 1, 0
126, 1, 0
124, 1, 0
125, 1, 0
125, 1, 0
126, 1, 0
124, 1, 0
125, 1, 0
124, 1, 0
125, 1, 0
127, 1, 0
249, 2, 0
126, 0, -1
124, 2, 0
254, 1, 0
122, 1, 0
125, 1, 0
125, 1, 0
124, 1, 0
125, 1, 0
126, 1, 0
128, 1, 0
247, 1, 0
128, 1, 0
126, 1, 0
122, 1, 0
125, 1, 0
127, 1, 0
248, 1, 0
124, 1, 0
125, 1, 0
124, 1, 0
250, 1, 0
126, 1, 0
126, 1, 0
124, 1, 0
251, 1, 0
123, 1, 0
125, 1, 0
251, 1, 0
125, 1, -1
123, 1, 0
254, 1, 0
126, 1, 0
249, 1, 0
125, 1, 0
255, 1, 0
125, 1, 0
245, 1, 0
126, 1, 0
256, 1, 0
240, 1, 0
126, 1, 0
249, 1, 0
251, 1, 0
124, 1, 0
250, 1, 0
250, 1, 0
251, 1, 0
250, 1, 0
250, 1, 0
379, 1, 0
246, 1, 0
251, 1, -1
250, 1, 0
373, 1, 0
377, 1, 0
374, 1, 0
376, 1, 0
498, 1, 0
376, 1, 0
625, 1, 0
751, 1, 0
1001, 0, -1
247, 1, 0
8151, -1, 0
1357, -1, 0
868, -1, 0
500, 0, -1
250, -1, 0
626, -1, 0
499, -1, 0
500, -1, 0
376, -1, -1
374, -1, 0
374, -1, 0
376, -1, 0
250, -1, 0
377, -1, 0
124, 0, -1
249, -1, 0
251, -1, 0
374, -1, 0
250, -1, 0
250, -1, 0
250, -1, 0
127, 0, -1
249, -1, 0
125, -1, 0
250, -1, 0
375, -1, 0
255, -1, 0
245, -1, 0
125, -1, 0
249, -1, 0
250, -1, 0
250, -1, 0
126, 0, -1
124, -1, 0
250, -1, 0
126, -1, 0
249, -1, 0
250, -1, 0
250, -1, 0
251, -1, 0
125, -1, 0
249, -1, 0
252, -1, 0
124, -1, 0
253, -1, 0
246, -1, 0
126, -1, 0
281, -1, 0
96, -1, 0
251, -1, 0
123, -1, 0
252, -1, 0
251, -1, 0
124, -1, 0
248, -1, 0
124, -1, 0
250, -1, 0
124, -1, 0
250, -1, 0
126, -1, 0
253, -1, 0
122, -1, 0
125, -1, 0
248, -1, 0
126, -1, 0
125, -1, 0
249, -1, 0
250, -1, 0
126, -1, 0
125, -1, 0
125, -1, 0
250, -1, 0
125, -1, 0
125, -1, 0
250, -1, 0
125, -1, 0
132, -1, 0
250, -1, 0
121, -1, 0
124, -1, 0
249, -1, 0
124, -1, 0
124, -1, 0
126, -1, 0
249, -1, 0
124, -1, 0
127, -1, 0
249, -1, 0
127, -1, 0
124, -1, 0
126, -1, 0
124, -1, 0
249, -1, 0
126, -1, 0
125, -1, 0
124, -1, 0
127, -1, 0
256, -1, 0
121, -1, 0
123, -1, 0
125, -1, 0
124, -1, 0
125, -1, 0
125, -1, 0
250, -1, 0
125, -1, 0
125, -1, 0
125, -1, 0
124, -1, 0
132, -1, 0
246, -1, 0
123, -1, 0
125, -1, 0
125, -1, 0
127, -1, 0
123, -1, 0
125, -1, 0
125, -1, 0
126, -1, 0
125, -1, 1
126, -1, 0
248, -2, 0
250, -1, 0
124, -1, 0
127, -1, 0
125, -1, 0
124, -1, 0
125, -1, 0
125, -1, 0
125, -1, 0
126, -1, 0
123, -1, 0
129, -1, 0
122, -1, 1
126, -1, 0
124, -1, 0
125, -1, 0
126, -1, 0
250, -2, 0
249, -2, 0
250, -2, 0
250, -2, 0
249, -2, 1
250, -1, 0
126, -1, 0
125, -1, 0
125, -1, 0
125, -1, 0
125, -1, 0
123, -1, 0
127, -1, 0
127, -1, 0
124, -1, 0
124, -1, 0
126, -1, 1
124, -1, 0
126, -1, 0
124, -1, 0
126, -1, 0
124, -1, 0
125, -1, 0
125, -1, 0
125, -1, 0
125, -1, 1
125, -1, 0
125, -1, 0
126, -1, 0
126, -1, 0
125, -1, 0
123, -1, 0
123, -1, 0
134, -1, 0
124, -1, 1
118, -1, 0
127, -1, 0
124, -1, 0
125, -1, 0
125, -1, 0
128, -1, 0
125, -1, 0
122, -1, 0
125, -1, 0
126, 0, 1
124, -2, 0
248, -1, 0
129, -2, 0
122, -1, 0
254, -2, 0
124, -1, 0
128, -1, 1
246, -2, 0
127, -1, 0
127, -1, 0
122, -1, 0
128, -1, 0
122, -1, 0
123, -1, 0
125, -1, 0
124, -1, 0
128, -1, 1
127, -1, 0
126, -1, 0
124, -1, 0
122, -1, 0
125, -1, 0
125, -1, 0
124, -1, 0
127, -1, 0
252, -2, 0
122, -1, 0
125, -1, 1
124, -1, 0
125, -1, 0
127, -1, 0
125, -1, 0
124, -1, 0
125, -1, 0
125, -1, 0
126, -1, 0
124, -1, 0
133, -1, 0
117, -1, 0
125, -1, 0
125, -1, 1
124, -1, 0
126, -1, 0
127, -1, 0
122, -1, 0
154, -1, 0
97, -1, 0
125, -1, 0
125, -1, 0
128, -1, 0
123, -1, 1
125, -1, 0
124, -1, 0
125, -1, 0
126, -1, 0
125, -1, 0
124, -1, 0
125, -1, 0
127, -1, 0
125, -1, 0
124, -2, 0
253, -1, 0
122, -1, 0
123, -2, 0
127, 0, 1
124, -2, 0
250, -1, 0
125, -1, 0
125, -2, 0
250, -2, 0
126, -1, 0
125, -1, 0
248, -1, 0
126, -1, 0
125, -1, 1
125, -2, 0
250, -2, 0
249, -2, 0
252, -2, 0
249, -2, 0
251, -2, 0
248, -2, 1
250, -2, 0
253, -2, 0
250, -2, 0
249, -2, 0
249, -2, 0
249, -1, 0
126, -1, 0
125, -1, 1
125, -1, 0
126, -1, 0
124, -1, 0
125, -1, 0
125, -1, 0
126, -1, 0
125, -1, 0
125, -1, 0
124, -1, 0
126, -1, 0
124, -1, 0
124, -1, 0
132, -1, 0
128, -1, 1
118, -1, 0
123, -1, 0
125, -1, 0
249, -2, 0
251, -1, 0
125, -1, 0
124, -1, 0
125, -1, 0
126, -1, 0
126, -1, 0
124, -1, 0
125, -1, 0
249, -2, 0
126, 0, 1
126, -1, 0
125, -1, 0
125, -1, 0
123, -1, 0
125, -1, 0
125, -1, 0
126, -1, 0
124, -1, 0
126, -1, 0
250, -1, 0
124, -1, 0
126, -1, 0
124, -1, 0
127, -1, 0
123, -1, 0
125, -1, 1
250, -1, 0
125, -1, 0
125, -1, 0
125, -1, 0
125, -1, 0
251, -1, 0
124, -1, 0
126, -1, 0
167, -1, 0
83, -1, 0
126, -1, 0
247, -1, 0
125, -1, 0
126, -1, 0
250, -1, 0
124, -1, 0
125, -1, 1
125, -1, 0
126, -1, 0
250, -1, 0
126, -1, 0
124, -1, 0
125, -1, 0
249, -1, 0
127, -1, 0
124, -1, 0
250, -1, 0
125, -1, 0
125, -1, 0
257, -1, 0
119, -1, 0
125, -1, 0
255, -1, 1
121, -1, 0
124, -1, 0
253, -1, 0
122, -1, 0
129, -1, 0
247, -1, 0
249, -1, 0
125, -1, 0
249, -1, 0
126, -1, 0
250, -1, 0
125, -1, 0
251, -1, 0
124, -1, 0
250, -1, 0
126, -1, 0
251, -1, 0
247, -1, 0
126, -1, 0
250, -1, 0
125, -1, 0
250, -1, 0
250, -1, 0
250, -1, 0
251, -1, 0
126, -1, 0
248, -1, 1
250, -1, 0
250, -1, 0
251, -1, 0
250, -1, 0
249, -1, 0
250, -1, 0
256, -1, 0
370, -1, 0
250, -1, 0
375, -1, 0
375, -1, 0
249, -1, 0
375, -1, 0
403, -1, 0
349, -1, 0
374, -1, 0
528, -1, 0
502, -1, 0
392, -1, 0
610, -1, 0
721, -1, 0
870, -1, 0
375, 0, -1
786, -1, 0
13097, 1, 0
1405, 1, -1
1130, 1, 0
717, 1, 0
531, 1, -1
586, 1, 0
625, 1, 0
248, 0, -1
126, 1, 0
526, 1, 0
473, 1, 0
251, 0, -1
126, 1, 0
374, 1, 0
376, 1, 0
251, 0, -1
124, 1, 0
375, 1, 0
376, 1, -1
249, 1, 0
375, 1, 0
249, 1, 0
452, 1, -1
174, 1, 0
375, 1, 0
125, 0, -1
125, 1, 0
250, 1, 0
250, 1, 0
251, 1, 0
125, 0, -1
124, 1, 0
379, 1, 0
251, 1, 0
124, 0, -1
138, 1, 0
234, 1, 0
248, 1, 0
251, 1, -1
250, 1, 0
249, 1, 0
250, 1, 0
250, 1, -1
250, 1, 0
251, 1, 0
249, 1, 0
126, 0, -1
125, 1, 0
249, 1, 0
250, 1, 0
250, 1, -1
250, 1, 0
251, 1, 0
125, 1, 0
125, 0, -1
125, 1, 0
249, 1, 0
250, 1, 0
250, 1, 0
126, 1, 0
126, 0, -1
125, 1, 0
249, 1, 0
125, 1, 0
250, 1, -1
250, 1, 0
249, 1, 0
126, 1, 0
249, 1, 0
126, 0, -1
124, 1, 0
250, 1, 0
126, 1, 0
249, 1, 0
126, 1, -1
248, 1, 0
251, 1, 0
250, 1, 0
126, 1, 0
250, 1, -1
125, 1, 0
248, 1, 0
252, 1, 0
126, 1, 0
248, 1, -1
252, 1, 0
124, 1, 0
249, 1, 0
125, 1, 0
126, 0, -1
127, 1, 0
249, 1, 0
124, 1, 0
250, 1, 0
125, 1, 0
249, 1, -1
252, 1, 0
248, 1, 0
126, 1, 0
249, 1, 0
126, 1, 0
250, 1, -1
125, 1, 0
249, 1, 0
250, 1, 0
126, 1, 0
250, 1, 0
125, 1, 0
125, 0, -1
125, 1, 0
249, 1, 0
250, 1, 0
126, 1, 0
250, 1, 0
125, 0, -1
125, 1, 0
125, 1, 0
249, 1, 0
249, 1, 0
136, 1, 0
240, 1, 0
250, 1, 0
251, 1, 0
125, 0, -1
125, 1, 0
249, 1, 0
126, 1, 0
249, 1, 0
250, 1, 0
126, 1, 0
250, 1, 0
250, 1, -1
254, 1, 0
371, 1, 0
125, 1, 0
250, 1, 0
251, 1, 0
251, 1, 0
249, 1, 0
123, 0, -1
126, 1, 0
249, 1, 0
277, 1, 0
222, 1, 0
250, 1, 0
420, 1, 0
208, 1, 0
248, 1, 0
124, 0, -1
127, 1, 0
413, 1, 0
211, 1, 0
250, 1, 0
376, 1, 0
376, 1, 0
248, 1, 0
250, 1, 0
376, 1, 0
375, 1, 0
250, 0, -1
250, 1, 0
375, 1, 0
414, 1, 0
335, 1, 0
501, 1, 0
500, 1, 0
376, 1, 0
500, 1, 0
624, 1, 0
499, 1, 0
626, 1, 0
795, 1, 0
705, 1, 0
1048, 1, -1
1117, 1, 0
1507, 1, 0
2453, 1, 0
10506, 0, -1
1499, -1, 0
1373, -1, 0
500, 0, -1
624, -1, 0
1000, -1, 0
417, 0, -1
332, -1, 0
879, -1, 0
245, 0, -1
667, -1, 0
710, -1, 0
498, 0, -1
250, -1, 0
627, -1, 0
630, -1, 0
243, 0, -1
689, -1, 0
562, -1, 0
248, 0, -1
250, -1, 0
753, -1, 0
624, -1, -1
625, -1, 0
624, -1, 0
124, 0, -1
536, -1, 0
528, -1, 0
438, 0, -1
124, -1, 0
505, -1, 0
620, -1, 0
250, 0, -1
249, -1, 0
626, -1, 0
555, -1, -1
447, -1, 0
498, -1, 0
417, 0, -1
85, -1, 0
665, -1, 0
333, 0, -1
125, -1, 0
539, -1, 0
460, -1, 0
251, 0, -1
250, -1, 0
501, -1, 0
500, -1, -1
500, -1, 0
498, -1, 0
251, 0, -1
125, -1, 0
500, -1, 0
554, -1, 0
71, 0, -1
374, -1, 0
503, -1, 0
498, -1, -1
501, -1, 0
501, -1, 0
374, -1, 0
125, 0, -1
377, -1, 0
502, -1, 0
562, -1, -1
433, -1, 0
628, -1, 0
498, -1, -1
373, -1, 0
628, -1, 0
374, -1, 0
251, 0, -1
373, -1, 0
557, -1, 0
634, -1, 0
60, 0, -1
249, -1, 0
665, -1, 0
626, -1, 0
626, -1, -1
585, -1, 0
499, -1, 0
625, -1, 0
670, -1, -1
704, -1, 0
752, -1, 0
875, -1, 0
625, 0, -1
124, -1, 0
1000, -1, 0
1168, -1, 0
1253, -1, 0
1994, 0, -1
210, -1, 0
22530, 1, 0
1506, 1, 0
1236, 1, 0
871, 1, 0
877, 1, 0
638, 1, 0
737, 1, 0
499, 1, 0
503, 1, 0
372, 0, 1
125, 1, 0
503, 1, 0
372, 1, 0
506, 1, 0
368, 1, 0
375, 1, 0
375, 0, 1
126, 1, 0
373, 1, 0
376, 1, 0
378, 1, 0
257, 1, 0
370, 1, 1
395, 1, 0
225, 1, 0
374, 1, 0
374, 1, 0
251, 1, 0
252, 0, 1
124, 1, 0
249, 1, 0
379, 1, 0
373, 1, 0
251, 1, 0
126, 0, 1
121, 1, 0
378, 1, 0
248, 1, 0
248, 1, 0
375, 1, 1
250, 1, 0
251, 1, 0
374, 1, 0
254, 1, 0
129, 0, 1
120, 1, 0
248, 1, 0
249, 1, 0
252, 1, 0
249, 1, 0
128, 0, 1
122, 1, 0
374, 1, 0
250, 1, 0
253, 1, 1
251, 1, 0
256, 1, 0
317, 1, 0
311, 1, 0
114, 0, 1
123, 1, 0
253, 1, 0
252, 1, 0
251, 1, 1
244, 1, 0
379, 1, 0
245, 1, 0
125, 0, 1
126, 1, 0
248, 1, 0
251, 1, 0
250, 1, 0
381, 1, 1
250, 1, 0
247, 1, 0
251, 1, 0
250, 0, 1
123, 1, 0
125, 1, 0
375, 1, 0
253, 1, 0
136, 0, 1
237, 1, 0
247, 1, 0
250, 1, 0
252, 1, 0
131, 0, 1
243, 1, 0
251, 1, 0
387, 1, 0
112, 0, 1
128, 1, 0
372, 1, 0
249, 1, 0
381, 1, 1
246, 1, 0
374, 1, 0
251, 1, 0
249, 0, 1
131, 1, 0
244, 1, 0
378, 1, 0
373, 1, 0
129, 0, 1
246, 1, 0
251, 1, 0
374, 1, 0
379, 1, 1
373, 1, 0
377, 1, 0
372, 1, 0
262, 0, 1
113, 1, 0
377, 1, 0
370, 1, 0
377, 0, 1
123, 1, 0
377, 1, 0
391, 1, 0
485, 1, 0
379, 0, 1
122, 1, 0
501, 1, 0
497, 1, 0
501, 0, 1
124, 1, 0
506, 1, 0
618, 1, 0
627, 1, 0
123, 0, 1
624, 1, 0
753, 1, 0
750, 1, 0
124, 0, 1
878, 1, 0
1136, 1, 0
1625, 1, 0
612, 0, 1
1881, 1, 0
3755, -1, 0
867, -1, 0
999, -1, 0
370, 0, 1
501, -1, 0
772, -1, 0
630, -1, 0
748, -1, 0
619, -1, 0
631, -1, 0
462, -1, 0
629, -1, 0
497, -1, 0
498, -1, 0
500, -1, 0
500, -1, 0
499, -1, 0
500, -1, 0
499, -1, 0
501, -1, 0
531, -1, 0
400, -1, 0
362, -1, 0
488, -1, 0
469, -1, 0
249, -1, 0
250, 0, -1
251, -1, 0
374, -1, 0
375, -1, 0
409, -1, 0
338, -1, 0
412, -1, 0
215, 0, -1
126, -1, 0
249, -1, 0
376, -1, 0
377, -1, 0
373, -1, 0
125, 0, -1
125, -1, 0
375, -1, 0
375, -1, 0
249, -1, 0
250, 0, -1
126, -1, 0
249, -1, 0
250, -1, 0
409, -1, 0
217, -1, 0
125, 0, -1
250, -1, 0
249, -1, 0
250, -1, 0
376, -1, 0
125, 0, -1
125, -1, 0
249, -1, 0
252, -1, 0
248, -1, 0
250, -1, -1
376, -1, 0
248, -1, 0
258, -1, 0
243, -1, -1
251, -1, 0
253, -1, 0
253, -1, 0
242, -1, 0
126, 0, -1
126, -1, 0
249, -1, 0
250, -1, 0
251, -1, 0
125, -1, -1
249, -1, 0
249, -1, 0
250, -1, 0
250, -1, 0
253, -1, -1
250, -1, 0
124, -1, 0
249, -1, 0
126, -1, 0
251, -1, 0
123, 0, -1
126, -1, 0
249, -1, 0
252, -1, 0
124, -1, 0
250, -1, 0
127, -1, -1
249, -1, 0
249, -1, 0
250, -1, 0
126, -1, 0
250, -1, -1
251, -1, 0
123, -1, 0
250, -1, 0
128, -1, 0
247, -1, -1
249, -1, 0
126, -1, 0
250, -1, 0
125, -1, 0
249, -1, 0
252, -1, -1
124, -1, 0
250, -1, 0
249, -1, 0
126, -1, 0
125, -1, 0
249, -1, 0
126, 0, -1
129, -1, 0
121, -1, 0
126, -1, 0
249, -1, 0
126, -1, 0
249, -1, 0
127, -1, 0
123, 0, -1
125, -1, 0
249, -1, 0
126, -1, 0
250, -1, 0
126, -1, 0
249, -1, 0
125, -1, 0
249, -1, -1
126, -1, 0
126, -1, 0
248, -1, 0
126, -1, 0
125, -1, 0
249, -1, 0
126, -1, 0
250, -1, -1
125, -1, 0
249, -1, 0
126, -1, 0
249, -1, 0
126, -1, 0
249, -1, 0
126, -1, 0
249, -1, 0
126, -1, 0
125, -1, -1
249, -1, 0
126, -1, 0
126, -1, 0
248, -1, 0
126, -1, 0
125, -1, 0
257, -1, 0
242, -1, 0
126, -1, 0
123, -1, 0
253, -1, -1
125, -1, 0
124, -1, 0
249, -1, 0
127, -1, 0
249, -1, 0
125, -1, 0
125, -1, 0
249, -1, 0
126, -1, 0
125, -1, 0
250, -1, 0
125, -1, -1
124, -1, 0
249, -1, 0
127, -1, 0
125, -1, 0
249, -1, 0
126, -1, 0
251, -1, 0
124, -1, 0
125, -1, 0
249, -1, 0
127, -1, 0
124, -1, 0
250, -1, 0
125, -1, 0
125, -1, -1
250, -1, 0
125, -1, 0
250, -1, 0
126, -1, 0
124, -1, 0
249, -1, 0
127, -1, 0
251, -1, 0
124, -1, 0
125, -1, 0
249, -1, 0
135, -1, 0
267, -1, 0
96, -1, 0
127, -1, 0
248, -1, 0
126, -1, -1
249, -1, 0
125, -1, 0
144, -1, 0
233, -1, 0
124, -1, 0
125, -1, 0
249, -1, 0
125, -1, 0
250, -1, 0
126, -1, 0
249, -1, 0
125, -1, 0
125, -1, 0
250, -1, 0
252, -1, 0
125, -1, 0
125, -1, 0
249, -1, 0
250, -1, 0
126, -1, 0
125, -1, 0
249, -1, 0
126, -1, 0
250, -1, 0
125, -1, 0
250, -1, 0
249, -1, 0
126, -1, 0
125, -1, 0
396, -1, 0
104, -1, 0
249, -1, 0
126, -1, 0
249, -1, 0
250, -1, 0
126, -1, 0
125, 0, -1
125, -1, 0
125, -1, 0
249, -1, 0
251, -1, 0
126, -1, 0
248, -1, 0
251, -1, 0
255, -1, 0
245, -1, 0
249, -1, 0
126, -1, 0
249, -1, 0
250, -1, 0
126, -1, 0
249, -1, 0
250, -1, 0
250, -1, 0
250, -1, 0
250, -1, 0
250, -1, 0
410, -1, 0
215, -1, 0
250, -1, 0
250, -1, 0
250, -1, 0
250, -1, 0
409, -1, 0
216, -1, 0
251, -1, 0
405, -1, 0
220, -1, 0
410, -1, 0
339, -1, 0
377, -1, 0
250, -1, 0
373, -1, 0
375, -1, 0
535, -1, 0
339, -1, 0
376, -1, 0
499, -1, 0
505, -1, 0
752, -1, 0
535, -1, 0
587, -1, 0
1000, -1, 0
1248, -1, 0
12849, 1, 0
1277, 1, 0
752, 0, -1
248, 1, 0
625, 1, 0
624, 1, 0
702, 1, 0
423, 1, 0
562, 1, 0
313, 1, 0
250, 0, -1
126, 1, 0
376, 1, 0
499, 1, 0
249, 1, 0
408, 1, 0
216, 1, 0
411, 1, 0
214, 1, -1
375, 1, 0
252, 1, 0
375, 1, 0
249, 1, 0
250, 1, 0
251, 1, -1
249, 1, 0
250, 1, 0
250, 1, 0
250, 1, 0
249, 1, 0
250, 1, 0
250, 1, 0
127, 1, -1
248, 1, 0
250, 1, 0
250, 1, 0
126, 1, 0
251, 1, 0
123, 1, 0
126, 0, -1
125, 1, 0
249, 1, 0
126, 1, 0
250, 1, 0
249, 1, 0
126, 1, 0
249, 1, 0
126, 1, -1
249, 1, 0
125, 1, 0
251, 1, 0
126, 1, 0
249, 1, 0
126, 1, 0
125, 1, 0
248, 1, 0
126, 1, -1
250, 1, 0
250, 1, 0
127, 1, 0
123, 1, 0
250, 1, 0
125, 1, 0
125, 1, 0
249, 1, 0
128, 1, -1
122, 1, 0
126, 1, 0
250, 1, 0
125, 1, 0
125, 1, 0
125, 1, 0
249, 1, 0
126, 1, 0
125, 1, 0
250, 1, 0
125, 1, 0
123, 1, 0
128, 1, -1
126, 1, 0
247, 1, 0
126, 1, 0
126, 1, 0
126, 1, 0
248, 1, 0
125, 1, 0
125, 1, 0
125, 1, 0
125, 1, 0
249, 1, 0
127, 1, 0
125, 1, 0
124, 1, 0
125, 1, -1
126, 1, 0
124, 1, 0
255, 2, 0
250, 1, 0
123, 1, 0
123, 1, 0
127, 1, 0
122, 1, 0
125, 1, 0
250, 2, 0
250, 2, 0
251, 1, 0
123, 1, 0
126, 1, 0
125, 1, 0
124, 1, 0
127, 1, 0
124, 1, 0
126, 1, 0
124, 1, 0
125, 1, 0
125, 1, 0
125, 1, 0
125, 1, 0
126, 1, 0
124, 1, 0
125, 1, 0
125, 1, 0
125, 1, 0
125, 1, 0
125, 1, -1
127, 2, 0
247, 2, 0
126, 1, 0
253, 2, 0
128, 1, 0
121, 1, 0
125, 1, 0
124, 1, 0
123, 1, 0
126, 1, 0
125, 1, 0
126, 1, 0
124, 1, 0
126, 2, 0
249, 2, 0
125, 1, 0
126, 1, 0
125, 1, 0
124, 1, 0
125, 1, 0
125, 2, 0
250, 2, 0
125, 1, 0
125, 1, 0
125, 1, 0
125, 1, 0
125, 1, 0
125, 1, 0
125, 2, 0
249, 2, 0
126, 1, 0
125, 1, 0
125, 1, 0
125, 1, 0
125, 1, 0
126, 2, 0
125, 1, 0
124, 1, 0
125, 1, 0
125, 2, 0
125, 1, 0
128, 1, 0
124, 1, 0
124, 2, 0
249, 2, 0
126, 1, 0
125, 1, 0
125, 1, 0
125, 2, 0
125, 1, 0
125, 1, 0
125, 1, 0
125, 2, 0
125, 1, 0
124, 1, 0
126, 1, 0
124, 1, 0
126, 2, 0
125, 1, 0
125, 1, 0
124, 1, 0
127, 2, 0
124, 1, 0
125, 1, 0
125, 1, 0
125, 2, 1
126, 1, 0
124, 2, 0
123, 1, 0
126, 1, 0
125, 1, 0
126, 2, 0
124, 1, 0
126, 1, 0
124, 1, 0
126, 2, 0
124, 1, 0
126, 2, 0
124, 1, 0
126, 1, 0
124, 1, 0
125, 1, 1
125, 2, 0
126, 1, 0
124, 2, 0
126, 1, 0
123, 1, 0
127, 1, 0
123, 2, 0
127, 1, 0
124, 1, 0
126, 2, 0
124, 1, 0
125, 1, 1
132, 2, 0
123, 1, 0
122, 1, 0
124, 2, 0
125, 1, 0
126, 1, 0
124, 2, 0
125, 1, 0
125, 2, 0
125, 1, 1
126, 1, 0
124, 1, 0
123, 2, 0
127, 1, 0
124, 1, 0
126, 2, 0
124, 1, 0
125, 1, 0
126, 2, 1
124, 1, 0
126, 1, 0
126, 2, 0
124, 1, 0
125, 2, 0
125, 1, 0
125, 1, 1
124, 1, 0
127, 2, 0
125, 1, 0
125, 2, 0
123, 1, 0
126, 1, 0
125, 1, 0
125, 2, 1
125, 1, 0
125, 2, 0
126, 1, 0
124, 2, 0
123, 1, 0
127, 1, 1
124, 1, 0
125, 2, 0
125, 1, 0
126, 1, 0
124, 2, 0
126, 1, 1
124, 2, 0
126, 1, 0
124, 1, 0
125, 1, 0
125, 2, 0
126, 1, 1
124, 2, 0
126, 1, 0
126, 1, 0
124, 1, 0
123, 2, 0
127, 1, 1
124, 2, 0
128, 1, 0
123, 1, 0
126, 2, 0
124, 1, 1
125, 1, 0
125, 2, 0
125, 1, 0
128, 2, 0
122, 1, 1
124, 1, 0
129, 2, 0
131, 1, 0
118, 1, 0
122, 1, 1
124, 2, 0
124, 1, 0
126, 2, 0
125, 1, 0
126, 2, 1
128, 1, 0
123, 1, 0
125, 1, 0
125, 2, 1
125, 1, 0
125, 2, 0
127, 1, 0
125, 2, 1
125, 1, 0
123, 1, 0
123, 1, 0
125, 2, 1
125, 1, 0
125, 2, 0
125, 1, 0
126, 1, 0
130, 1, 1
120, 2, 0
126, 1, 0
124, 1, 1
125, 2, 0
125, 1, 0
126, 1, 0
125, 1, 0
124, 2, 1
125, 1, 0
125, 1, 0
125, 2, 0
125, 1, 1
126, 1, 0
125, 2, 0
128, 1, 0
122, 1, 1
125, 1, 0
126, 2, 0
124, 1, 0
125, 2, 1
127, 1, 0
123, 1, 0
125, 1, 0
125, 2, 1
123, 1, 0
128, 1, 0
124, 1, 0
124, 2, 1
126, 1, 0
125, 2, 0
132, 1, 0
121, 1, 1
125, 1, 0
124, 1, 0
126, 2, 1
124, 1, 0
126, 1, 0
124, 1, 0
132, 2, 1
123, 1, 0
120, 1, 0
124, 1, 0
126, 2, 1
125, 1, 0
125, 2, 0
125, 0, 1
125, 2, 0
125, 1, 0
125, 1, 1
125, 1, 0
124, 2, 0
126, 1, 0
125, 1, 1
125, 1, 0
125, 2, 0
125, 1, 1
123, 1, 0
127, 1, 0
126, 1, 1
124, 1, 0
125, 2, 0
124, 1, 0
126, 1, 1
126, 1, 0
124, 1, 0
123, 2, 1
126, 1, 0
126, 1, 0
124, 1, 1
126, 1, 0
125, 1, 0
123, 2, 0
126, 1, 1
126, 1, 0
124, 1, 0
125, 1, 1
126, 1, 0
126, 2, 0
124, 1, 1
124, 1, 0
125, 1, 0
125, 1, 0
126, 1, 1
123, 2, 0
252, 2, 1
125, 1, 0
124, 1, 0
125, 1, 1
126, 1, 0
125, 1, 0
124, 1, 0
126, 1, 1
125, 1, 0
125, 1, 1
124, 1, 0
125, 2, 0
253, 2, 1
129, 1, 0
120, 1, 0
126, 1, 1
124, 1, 0
124, 1, 0
125, 1, 1
125, 1, 0
124, 1, 0
126, 1, 1
142, 1, 0
106, 1, 0
132, 1, 1
126, 1, 0
118, 1, 0
128, 1, 0
124, 1, 1
122, 1, 0
126, 1, 1
123, 1, 0
127, 1, 0
124, 1, 1
124, 1, 0
126, 1, 0
125, 1, 0
126, 1, 1
128, 1, 0
124, 1, 0
126, 1, 1
124, 1, 0
122, 1, 0
126, 1, 1
254, 2, 0
120, 0, 1
129, 1, 0
123, 1, 0
122, 1, 1
125, 1, 0
126, 1, 0
127, 1, 1
123, 1, 0
127, 1, 0
123, 1, 1
249, 1, 0
126, 1, 1
125, 1, 0
125, 1, 0
126, 1, 1
249, 1, 0
126, 1, 0
124, 1, 1
125, 1, 0
125, 1, 0
125, 0, 1
127, 1, 0
124, 1, 0
124, 1, 1
126, 1, 0
250, 1, 1
124, 1, 0
125, 1, 0
125, 1, 0
125, 1, 1
251, 1, 1
125, 1, 0
250, 1, 0
125, 1, 1
132, 1, 0
255, 1, 1
117, 1, 0
122, 1, 0
124, 0, 1
124, 1, 0
126, 1, 0
125, 0, 1
125, 1, 0
125, 1, 0
125, 0, 1
126, 1, 0
125, 1, 0
125, 1, 1
247, 1, 0
251, 1, 1
126, 1, 0
250, 1, 1
125, 1, 0
250, 1, 1
249, 1, 0
126, 1, 0
127, 1, 1
246, 1, 1
250, 1, 0
251, 1, 1
126, 1, 0
249, 1, 1
251, 1, 0
249, 1, 1
252, 1, 1
247, 1, 0
124, 1, 0
128, 0, 1
125, 1, 0
249, 1, 1
250, 1, 0
252, 1, 1
247, 1, 0
127, 0, 1
124, 1, 0
250, 0, 1
126, 1, 0
251, 1, 1
248, 1, 0
250, 1, 1
377, 1, 1
248, 1, 0
251, 0, 1
125, 1, 0
249, 1, 0
125, 0, 1
251, 1, 1
248, 1, 0
250, 0, 1
126, 1, 0
374, 1, 1
249, 1, 0
127, 0, 1
374, 1, 1
250, 1, 0
249, 0, 1
253, 1, 0
125, 0, 1
247, 1, 0
254, 0, 1
248, 1, 0
125, 0, 1
376, 1, 1
500, 1, 1
377, 0, 1
123, 1, 0
249, 0, 1
250, 1, 0
251, 0, 1
379, 0, 1
124, 1, 0
249, 0, 1
379, 1, 1
367, 0, 1
375, 1, 1
501, 0, 1
249, 1, 1
375, 0, 1
376, 0, 1
251, 1, 0
126, 0, 1
374, 0, 1
375, 0, 1
374, 0, 1
375, 1, 1
376, 0, 1
374, 0, 1
250, 0, 1
375, 0, 1
377, 0, 1
373, 0, 1
380, 0, 1
245, 0, 1
374, 0, 1
379, 0, 1
373, 0, 1
248, 0, 1
376, 0, 1
374, 0, 1
250, 0, 1
376, 0, 1
374, 0, 1
250, 0, 1
376, 0, 1
374, 0, 1
250, 0, 1
126, -1, 0
250, 0, 1
249, 0, 1
250, 0, 1
501, -1, 1
253, 0, 1
246, 0, 1
250, -1, 0
126, 0, 1
374, 0, 1
250, 0, 1
256, -1, 1
377, 0, 1
245, 0, 1
249, -1, 0
125, 0, 1
251, 0, 1
250, -1, 1
374, 0, 1
250, 0, 1
134, -1, 0
124, 0, 1
367, 0, 1
249, -1, 1
375, 0, 1
126, -1, 0
124, 0, 1
250, 0, 1
250, -1, 0
126, 0, 1
249, 0, 1
262, -1, 1
238, 0, 1
250, 0, 1
126, -1, 0
125, 0, 1
249, 0, 1
125, -1, 0
125, 0, 1
375, -1, 1
124, 0, 1
376, -1, 1
250, 0, 1
126, 0, 1
124, -1, 0
249, 0, 1
251, -1, 1
250, 0, 1
249, -1, 1
250, 0, 1
126, -1, 1
250, 0, 1
250, -1, 1
249, 0, 1
126, -1, 0
125, 0, 1
251, -1, 1
125, 0, 1
250, 0, 1
125, -1, 0
125, 0, 1
250, -1, 1
249, 0, 1
127, -1, 0
124, 0, 1
250, -1, 1
251, 0, 1
124, -1, 1
249, 0, 1
250, -1, 1
250, -1, 1
250, 0, 1
125, -1, 0
126, 0, 1
124, 0, 1
125, -1, 0
126, 0, 1
248, -1, 1
126, 0, 1
251, -1, 1
249, 0, 1
125, -1, 0
127, 0, 1
248, -1, 1
250, -1, 1
249, 0, 1
126, -1, 1
250, 0, 1
125, -1, 0
125, 0, 1
250, -1, 1
250, -1, 1
125, 0, 1
250, -1, 1
251, 0, 1
124, -1, 0
125, 0, 1
125, -1, 1
249, 0, 1
127, -1, 0
130, 0, 1
244, -1, 1
128, 0, 1
124, -1, 0
124, 0, 1
257, -1, 1
244, -1, 1
249, 0, 1
125, -1, 0
124, 0, 1
126, 0, 1
124, -1, 0
126, 0, 1
152, -1, 0
101, 0, 1
250, -1, 1
248, 0, 1
124, -1, 0
124, 0, 1
126, -1, 0
124, 0, 1
148, 0, 1
102, -1, 0
125, 0, 1
125, -1, 0
125, 0, 1
250, -1, 0
125, 0, 1
249, -1, 1
126, 0, 1
124, -1, 0
126, 0, 1
250, -1, 1
249, 0, 1
126, -1, 0
125, 0, 1
125, -1, 0
125, 0, 1
124, 0, 1
126, -1, 0
125, 0, 1
249, -1, 1
251, -1, 1
249, 0, 1
130, -1, 0
123, 0, 1
248, -1, 1
258, -1, 1
246, 0, 1
248, -1, 1
246, -1, 1
253, 0, 1
123, -1, 1
374, -1, 1
127, 0, 1
249, -1, 1
249, 0, 1
128, -1, 0
124, 0, 1
250, -1, 1
325, 0, 1
175, -1, 1
250, 0, 1
125, -1, 0
125, 0, 1
249, -1, 0
126, 0, 1
249, -1, 1
250, 0, 1
250, -1, 1
128, 0, 1
247, -1, 0
126, 0, 1
248, -1, 1
252, 0, 1
125, -1, 0
125, 0, 1
249, 0, 1
126, -1, 0
124, 0, 1
250, 0, 1
125, -1, 0
125, 0, 1
250, 0, 1
126, -1, 0
125, 0, 1
249, -1, 1
250, 0, 1
250, 0, 1
126, -1, 0
125, 0, 1
405, -1, 1
219, 0, 1
251, -1, 1
249, 0, 1
264, -1, 1
238, 0, 1
250, -1, 1
249, 0, 1
250, 0, 1
126, -1, 0
250, 0, 1
249, 0, 1
126, -1, 0
125, 0, 1
249, 0, 1
252, -1, 1
248, 0, 1
249, 0, 1
131, -1, 0
121, 0, 1
250, 0, 1
249, -1, 1
376, 0, 1
252, 0, 1
123, -1, 0
126, 0, 1
248, 0, 1
250, -1, 1
250, 0, 1
250, 0, 1
251, -1, 1
374, 0, 1
250, 0, 1
130, -1, 0
121, 0, 1
374, 0, 1
252, -1, 1
248, 0, 1
251, 0, 1
255, 0, 1
249, -1, 1
254, 0, 1
247, 0, 1
376, 0, 1
249, -1, 1
246, 0, 1
374, 0, 1
249, 0, 1
125, -1, 0
128, 0, 1
248, 0, 1
258, 0, 1
245, 0, 1
249, 0, 1
377, 0, 1
249, -1, 1
250, 0, 1
250, 0, 1
249, 0, 1
250, 0, 1
250, 0, 1
377, 0, 1
247, 0, 1
250, 0, 1
251, 0, 1
249, 0, 1
375, 0, 1
250, 0, 1
249, 0, 1
377, 0, 1
249, 0, 1
258, 0, 1
242, 0, 1
376, 0, 1
123, 0, 1
374, 0, 1
410, 0, 1
215, 0, 1
250, 0, 1
250, 0, 1
376, 0, 1
249, 0, 1
250, 0, 1
412, 0, 1
213, 0, 1
251, 0, 1
125, 1, 0
249, 0, 1
250, 0, 1
126, 1, 0
125, 0, 1
417, 0, 1
209, 0, 1
124, 0, 1
248, 1, 0
376, 0, 1
250, 0, 1
411, 0, 1
89, 1, 0
249, 0, 1
251, 0, 1
125, 1, 0
124, 0, 1
256, 0, 1
247, 1, 0
124, 0, 1
253, 0, 1
374, 1, 1
248, 0, 1
249, 0, 1
259, 1, 0
116, 0, 1
408, 0, 1
92, 1, 0
249, 0, 1
251, 1, 1
186580, 1, 0
312, 1, 0
251, 1, 1
247, 1, 0
125, 1, 0
249, 1, 1
126, 1, 0
249, 1, 0
146, 1, 1
231, 1, 0
249, 1, 1
124, 1, 0
125, 1, 0
255, 1, 1
246, 1, 0
123, 1, 0
251, 1, 1
251, 1, 0
126, 1, 0
125, 0, 1
123, 1, 0
125, 1, 0
250, 1, 0
261, 1, 1
239, 1, 0
252, 1, 0
624, 1, 1
250, 1, 0
250, 1, 0
374, 1, 1
250, 1, 0
251, 1, 0
251, 1, 1
374, 1, 0
248, 1, 0
128, 0, 1
247, 1, 0
380, 1, 0
246, 1, 0
253, 0, 1
247, 1, 0
375, 1, 0
385, 1, 1
367, 1, 0
498, 1, 0
126, 0, 1
388, 1, 0
369, 1, 0
375, 0, 1
118, 1, 0
623, 1, 0
377, 0, 1
248, 1, 0
500, 1, 0
503, 0, 1
248, 1, 0
883, 1, 0
257, 0, 1
618, 1, 0
753, 0, 1
490, 1, 0
1265, 0, 1
496, 1, 0
2126, 0, 1
5129, -1, 0
1994, -1, 0
1992, -1, 0
373, 0, -1
1131, -1, 0
1139, -1, 0
365, 0, -1
759, -1, 0
1122, 0, -1
124, -1, 0
742, -1, 0
498, 0, -1
374, -1, 0
879, -1, -1
497, -1, 0
751, 0, -1
122, -1, 0
756, -1, -1
499, -1, 0
501, 0, -1
125, -1, 0
626, -1, 0
115, 0, -1
382, -1, 0
382, -1, -1
616, -1, 0
121, 0, -1
506, -1, 0
374, -1, -1
500, -1, 0
121, 0, -1
377, -1, 0
249, 0, -1
123, -1, 0
503, -1, 0
121, 0, -1
253, -1, 0
379, 0, -1
118, -1, 0
380, -1, -1
373, -1, 0
254, 0, -1
119, -1, 0
378, -1, 0
120, 0, -1
256, -1, 0
250, 0, -1
120, -1, 0
379, -1, 0
124, 0, -1
131, -1, 0
371, -1, 0
120, 0, -1
253, -1, 0
251, 0, -1
123, -1, 0
255, -1, 0
117, 0, -1
254, -1, 0
251, -1, -1
397, -1, 0
102, 0, -1
122, -1, 0
265, -1, -1
375, -1, 0
116, 0, -1
127, -1, 0
256, -1, 0
118, 0, -1
254, -1, 0
122, 0, -1
127, -1, 0
255, -1, 0
118, 0, -1
127, -1, 0
252, -1, 0
117, 0, -1
258, -1, -1
118, -1, 0
253, -1, 0
124, 0, -1
126, -1, 0
257, -1, 0
113, 0, -1
132, -1, 0
122, 0, -1
127, -1, 0
256, -1, 0
119, -1, -1
255, -1, 0
116, 0, -1
255, -1, 0
120, -1, -1
381, -1, -1
120, -1, 0
254, -1, 0
123, 0, -1
124, -1, 0
129, 0, -1
122, -1, 0
125, -1, 0
253, -1, -1
250, -1, 0
119, 0, -1
128, -1, 0
128, -1, 0
121, 0, -1
126, -1, 0
253, -1, 0
120, 0, -1
127, -1, 0
127, -1, -1
377, -1, 0
117, -1, -1
258, -1, 0
114, -1, -1
258, -1, 0
120, 0, -1
131, -1, 0
123, -1, 0
125, -1, -1
251, -1, 0
120, 0, -1
131, -1, 0
124, -1, 0
128, 0, -1
121, -1, 0
120, -1, 0
127, 0, -1
123, -1, 0
125, -1, 0
126, 0, -1
124, -1, 0
126, -1, 0
127, 0, -1
122, -1, 0
126, -1, 0
124, -1, 0
126, 0, -1
125, -1, 0
125, -1, 0
124, 0, -1
125, -1, 0
125, -1, 0
127, -1, -1
251, -1, 0
122, -1, -1
128, -1, 0
248, -1, -1
124, -1, 0
126, -1, 0
125, 0, -1
126, -1, 0
124, -1, 0
125, -1, -1
251, -1, 0
123, -1, 0
127, -1, -1
126, -1, 0
251, -1, -1
120, -1, 0
127, -1, -1
124, -1, 0
134, -1, 0
251, -1, -1
117, -1, 0
121, -1, 0
125, -1, -1
250, -1, 0
126, -1, -1
124, -1, 0
126, -1, 0
126, -1, -1
123, -1, 0
252, -1, -1
123, -1, 0
125, -1, 0
126, -1, -1
124, -1, 0
272, -1, -1
103, -1, 0
125, -1, 0
126, -1, -1
125, -1, 0
124, -1, 0
125, -1, 0
127, -1, -1
251, -1, 0
122, -1, -1
125, -1, 0
127, -1, 0
125, -1, -1
124, -1, 0
124, -1, 0
128, -1, -1
123, -1, 0
266, -1, -1
117, -1, 0
125, -1, 0
128, -1, -1
118, -1, 0
132, -1, 0
116, -1, -1
124, -1, 0
145, -1, -1
108, -1, 0
126, -1, 0
123, -1, -1
122, -1, 0
125, -1, 0
130, -1, -1
125, -1, 0
125, -1, 0
131, -1, -1
117, -1, 0
124, -1, 0
137, -1, -1
113, -1, 0
129, -1, 0
124, -1, -1
122, -1, 0
124, -1, -1
126, -1, 0
124, -1, 0
126, -1, -1
127, -1, 0
123, -1, 0
124, -1, -1
134, -1, 0
120, -1, -1
122, -1, 0
128, -1, 0
125, -1, -1
123, -1, 0
126, -2, -1
248, -1, 0
127, -1, -1
139, -1, 0
114, -1, 0
126, -2, -1
123, -1, 0
125, 0, -1
127, -2, 0
123, -1, 0
127, -1, -1
122, -1, 0
124, -1, -1
128, -1, 0
124, -1, -1
126, -1, 0
124, -1, 0
127, -1, -1
126, -2, 0
122, -1, -1
124, -1, 0
124, -1, 0
146, -1, -1
106, -1, 0
123, -1, -1
127, -1, 0
123, -2, -1
127, -1, 0
126, -1, -1
125, -1, 0
124, -1, -1
130, -1, 0
120, -1, 0
125, -2, -1
250, -2, -1
124, -1, 0
127, -1, -1
123, -1, 0
125, -1, -1
126, -2, 0
124, -1, -1
124, -1, 0
126, -1, -1
127, -1, 0
124, -2, -1
124, -1, 0
125, -1, 0
126, -1, -1
127, -2, -1
123, -1, 0
138, -1, 0
104, -1, -1
126, -1, -1
123, -1, 0
126, -2, -1
130, -1, 0
120, -1, -1
125, -1, 0
123, -1, 0
126, -2, -1
128, -1, -1
122, -1, 0
126, -1, -1
126, -2, 0
124, -1, -1
126, -1, 0
127, -1, -1
132, -2, -1
120, -1, 0
129, -1, -1
119, -1, 0
124, -2, -1
125, -1, 0
127, -1, -1
122, -1, 0
127, -2, -1
125, -1, -1
137, -1, 0
112, -1, -1
123, -1, 0
145, -2, -1
126, -1, 0
117, -2, -1
125, -1, -1
109, -1, -1
126, -1, 0
133, -2, -1
131, -1, 0
115, -1, -1
129, -1, 0
149, -2, -1
95, -1, -1
129, -2, -1
243, -2, -1
121, -1, 0
127, -2, -1
123, -1, 0
127, -1, -1
122, -2, -1
126, -1, -1
125, -1, 0
128, -1, -1
128, -2, -1
128, -1, 0
529, -5, -3
146, -2, 0
158, -1, -1
73, -2, -1
161, -1, 0
99, -1, -1
102, -1, -1
110, -2, -1
123, -1, 0
122, -2, -1
124, -1, -1
124, -1, -1
125, -1, 0
125, -2, -1
122, -1, -1
126, -2, 0
152, -1, -1
108, -1, 0
120, -2, -1
125, -1, -1
125, -1, -1
135, -1, 0
115, -2, -1
125, -1, -1
183, -2, -1
87, -1, 0
116, -2, -1
110, -1, -1
125, -1, -1
129, -1, 0
124, -2, -1
124, -1, -1
238, -2, -1
16, -1, 0
126, -2, -1
116, -1, -1
126, -2, 0
124, -1, -1
130, -1, -1
143, -1, -1
126, -2, 0
1012, -11, -6
100, -2, -1
119, -1, -1
126, -1, -1
123, -2, 0
127, -1, -1
132, -1, -1
518, -6, -3
101, -2, -1
133, -1, 0
121, -2, -1
130, -1, -1
116, -1, -1
124, -2, -1
120, -1, 0
125, -2, -1
126, -1, -1
125, -2, -1
124, -1, 0
125, -2, -1
132, -1, -1
120, -2, -1
140, -1, 0
112, -1, -1
121, -2, -1
128, -1, -1
128, -1, -1
125, -2, -1
124, -1, 0
129, -2, -1
118, -1, -1
126, -2, -1
130, -1, -1
120, -2, 0
125, -1, -1
127, -2, -1
122, -1, -1
124, -2, 0
132, -1, -1
129, -2, -1
111, -1, -1
130, -1, 0
125, -2, -1
124, -1, -1
124, -2, -1
127, -1, -1
156, -2, -1
117, -1, 0
102, -2, -1
123, -1, -1
134, -2, -1
131, -1, 0
104, -2, -1
130, -1, -1
122, -2, -1
133, -1, -1
119, -2, 0
131, -1, -1
121, -1, -1
149, -2, -1
100, -1, 0
130, -2, -1
125, -1, -1
121, -2, -1
143, -1, -1
120, -2, 0
130, -1, -1
108, -1, -1
125, -2, -1
123, -2, -1
124, -1, 0
126, -1, -1
131, -2, -1
120, -1, -1
123, -2, 0
127, -1, -2
127, -2, 0
125, -1, -1
123, -2, -1
125, -1, -1
120, -1, 0
126, -2, -1
127, -1, -1
124, -1, 0
131, -2, -1
124, -1, -1
119, -2, -1
131, -1, 0
121, -2, -1
127, -1, -1
126, -2, -1
138, -1, 0
104, -2, -2
132, -1, 0
124, -2, -1
125, -1, -1
122, -2, 0
124, -1, -1
126, -2, -1
125, -1, -1
133, -2, 0
118, -1, -1
124, -2, -1
125, -1, -1
122, -1, 0
126, -2, -1
125, -1, -1
124, -2, -1
125, -1, 0
125, -2, -1
132, -1, -1
121, -2, -1
127, -1, 0
124, -2, -1
124, -1, -1
126, -2, -1
123, -1, 0
126, -2, -1
123, -1, -1
124, -2, -1
128, -1, 0
126, -2, -1
125, -1, -1
124, -1, -1
131, -2, 0
124, -1, -1
122, -1, -1
124, -2, 0
125, -1, -1
124, -1, -1
126, -2, -1
124, -1, 0
127, -2, -1
125, -1, -1
126, -2, -1
121, -1, 0
129, -2, -1
121, -1, -1
125, -2, -1
123, -1, 0
128, -2, -1
121, -1, -1
129, -1, 0
124, -2, -1
123, -1, -1
125, -2, 0
125, -1, -1
127, -1, -1
124, -2, -1
126, -1, 0
122, -1, -1
126, -2, -1
125, -1, 0
127, -2, -1
126, -1, -1
124, -2, 0
126, -1, -1
124, -1, -1
125, -2, -1
125, -1, 0
122, -1, -1
127, -2, -1
133, -1, 0
123, -2, -1
119, -1, -1
126, -2, 0
124, -1, -1
125, -1, -1
125, -1, 0
127, -2, -1
126, -1, -1
124, -2, -1
129, -1, 0
121, -1, -1
131, -2, -1
118, -1, 0
127, -1, -1
125, -1, 0
128, -2, -1
124, -1, -1
127, -2, -1
125, -1, 0
141, -2, -1
105, -1, 0
125, -1, -1
122, -1, -1
125, -2, -1
126, -1, 0
122, -1, -1
126, -2, 0
131, -1, -1
119, -1, -1
125, -2, -1
126, -1, 0
128, -1, -1
133, -1, 0
118, -2, -1
126, -1, -1
123, -1, 0
123, -2, -1
126, -1, 0
129, -1, -1
122, -1, -1
123, -2, 0
128, -1, -1
127, -1, -1
122, -2, 0
124, -1, -1
122, -1, 0
138, -1, -1
114, -1, -1
131, -2, 0
120, -1, -1
125, -2, -1
249, -2, -1
128, -1, 0
122, -1, -1
122, -1, -1
126, -1, 0
123, -2, -1
127, -1, 0
124, -1, -1
124, -1, 0
128, -1, -1
123, -1, -1
125, -2, 0
125, -1, -1
124, -1, 0
126, -1, -1
124, -2, -1
250, -2, -1
125, -1, 0
124, -1, -1
126, -1, 0
127, -1, -1
124, -1, -1
124, -2, 0
125, 0, -1
125, -2, 0
126, -1, -1
250, -2, -1
125, -1, 0
125, -1, -1
125, -1, -1
125, -1, 0
125, -1, -1
124, -1, 0
126, -1, -1
124, -1, 0
126, -1, -1
125, -1, -1
124, -1, 0
125, -1, -1
125, -1, 0
126, -1, -1
125, -1, 0
125, -1, -1
125, -1, 0
126, -1, -1
124, -1, 0
202, -1, -1
48, -1, 0
124, -1, -1
126, -1, 0
125, -1, -1
125, -1, 0
125, -1, -1
125, -1, 0
125, -1, -1
124, -1, -1
250, -2, 0
126, 0, -1
125, -1, 0
125, -1, -1
125, -1, 0
124, -1, -1
126, -1, 0
125, -1, -1
124, -1, 0
126, 0, -1
125, -1, 0
126, -1, -1
126, -1, 0
129, -1, -1
247, -1, 0
123, -1, -1
123, -1, 0
125, 0, -1
126, -2, 0
124, 0, -1
125, -1, 0
131, -1, -1
120, -1, 0
249, -1, -1
125, -1, 0
127, 0, -1
125, -1, 0
124, -1, -1
126, -1, 0
249, -1, -1
126, -1, 0
123, 0, -1
126, -1, 0
124, -1, 0
126, 0, -1
125, -1, 0
124, 0, -1
125, -1, 0
126, -1, 0
129, 0, -1
122, -1, 0
123, -1, -1
249, -1, 0
126, 0, -1
125, -1, 0
125, 0, -1
125, -1, 0
249, -1, -1
126, -1, 0
249, -1, -1
250, -1, -1
250, -1, 0
251, -1, -1
375, -1, -1
249, -1, -1
377, -1, -1
248, -1, 0
250, 0, -1
127, -1, 0
125, 0, -1
248, -1, 0
254, -1, -1
496, -1, -1
374, -1, 0
125, 0, -1
375, -1, -1
507, 0, -1
121, -1, 0
376, 0, -1
451, -1, 0
170, 0, -1
655, 0, -1
222, -1, 0
405, 0, -1
627, 0, -1
851, 0, -1
780, 0, -1
996, 0, -1
1341, 1, -1
1001, 1, 0
248, 0, -1
403, 1, 0
502, 1, 0
501, 1, 0
347, 0, -1
124, 1, 0
500, 1, 0
406, 1, 0
497, 1, 0
98, 0, -1
125, 1, 0
427, 1, 0
321, 1, 0
251, 1, 0
249, 1, 0
252, 1, -1
376, 1, 0
247, 1, 0
250, 1, 0
249, 1, 0
251, 1, 0
249, 1, 0
126, 1, 0
250, 1, 0
125, 0, -1
125, 1, 0
126, 1, 0
249, 1, 0
250, 1, 0
126, 1, 0
124, 1, 0
250, 1, 0
251, 1, 0
125, 1, 0
124, 1, 0
256, 1, 0
119, 1, 0
126, 1, 0
124, 1, 0
249, 1, -1
126, 1, 0
125, 1, 0
250, 2, 0
249, 1, 0
126, 1, 0
125, 1, 0
125, 1, 0
125, 1, 0
125, 1, 0
125, 1, 0
249, 1, 0
132, 1, 0
125, 1, 0
122, 1, 0
123, 1, 0
122, 1, 0
125, 1, 0
126, 2, 0
251, 2, 0
253, 2, 0
123, 1, 0
125, 1, -1
129, 1, 0
123, 1, 0
129, 1, 0
120, 1, 0
124, 1, 0
126, 2, 0
124, 1, 0
124, 1, 0
124, 1, 0
126, 1, 0
124, 1, 0
125, 2, 0
125, 1, 0
125, 1, 0
126, 1, 0
125, 1, 0
127, 2, 0
125, 1, 0
124, 2, 0
126, 1, 0
126, 1, 0
124, 1, 0
130, 2, 0
125, 1, 0
119, 2, 0
126, 1, 0
123, 1, 0
127, 2, 0
123, 1, 0
126, 1, 0
126, 2, 0
124, 1, 0
125, 2, 0
126, 1, 0
123, 2, 0
125, 1, 0
125, 2, 0
125, 1, 0
126, 2, 0
126, 1, 0
124, 1, 0
125, 2, 0
126, 1, 0
126, 2, 0
123, 1, 0
125, 2, 1
124, 2, 0
128, 1, 0
124, 2, 0
125, 2, 0
125, 1, 0
125, 2, 0
123, 1, 0
126, 2, 0
125, 2, 0
126, 1, 0
126, 2, 0
125, 2, 0
125, 1, 0
123, 2, 0
125, 2, 1
125, 2, 0
125, 1, 0
125, 2, 0
125, 2, 0
126, 2, 0
124, 1, 0
125, 1, 0
124, 2, 0
127, 2, 0
128, 2, 0
125, 2, 0
123, 2, 1
127, 1, 0
123, 2, 0
123, 2, 0
128, 2, 0
124, 2, 0
126, 2, 0
134, 1, 0
116, 3, 0
122, 1, 0
124, 2, 1
124, 2, 0
126, 2, 0
129, 2, 0
122, 2, 0
132, 1, 0
118, 3, 0
129, 1, 1
121, 3, 0
124, 1, 0
126, 3, 0
125, 1, 0
125, 3, 0
126, 1, 0
126, 2, 0
124, 2, 1
122, 2, 0
125, 2, 0
125, 2, 0
125, 2, 0
125, 2, 0
130, 2, 1
122, 2, 0
126, 2, 0
123, 2, 0
125, 2, 0
125, 2, 0
126, 2, 1
125, 2, 0
125, 3, 0
130, 1, 0
121, 3, 0
125, 2, 1
125, 2, 0
124, 2, 0
124, 2, 0
125, 2, 0
128, 3, 1
125, 1, 0
123, 3, 0
126, 1, 0
128, 3, 0
121, 2, 1
125, 1, 0
125, 3, 0
127, 2, 0
123, 3, 0
126, 1, 0
123, 3, 1
126, 1, 0
124, 3, 0
125, 2, 0
126, 3, 0
125, 1, 1
125, 3, 0
125, 2, 0
124, 2, 0
125, 2, 1
127, 3, 0
123, 2, 0
125, 2, 0
125, 2, 0
126, 3, 1
136, 2, 0
115, 2, 0
126, 2, 0
124, 3, 1
125, 2, 0
124, 2, 0
126, 2, 1
125, 3, 0
131, 2, 0
121, 2, 0
121, 2, 0
128, 2, 1
125, 3, 0
123, 2, 0
127, 2, 1
123, 2, 0
127, 3, 0
125, 2, 1
124, 3, 0
125, 2, 0
125, 2, 0
124, 2, 0
125, 3, 1
125, 2, 0
126, 3, 0
124, 2, 1
124, 3, 0
125, 1, 0
126, 3, 1
125, 2, 0
126, 3, 0
125, 2, 1
125, 3, 0
123, 2, 0
126, 3, 0
126, 1, 1
125, 3, 0
124, 2, 0
125, 3, 1
126, 2, 0
127, 2, 0
122, 3, 1
124, 1, 0
128, 3, 0
126, 2, 0
123, 3, 1
124, 2, 0
126, 3, 1
126, 2, 0
124, 3, 0
125, 2, 1
127, 3, 0
128, 2, 0
121, 2, 1
123, 2, 0
125, 3, 0
126, 2, 1
124, 3, 0
126, 2, 0
124, 3, 1
125, 2, 0
125, 3, 0
124, 2, 1
125, 3, 0
126, 2, 1
125, 3, 0
124, 1, 0
125, 3, 1
125, 2, 0
125, 3, 1
138, 2, 0
120, 3, 0
127, 2, 1
116, 3, 0
124, 2, 0
124, 2, 1
124, 3, 0
127, 2, 0
124, 3, 1
125, 2, 0
126, 3, 1
124, 2, 0
125, 3, 1
126, 2, 0
134, 3, 0
122, 1, 1
124, 3, 0
124, 2, 0
124, 3, 1
126, 2, 0
125, 3, 1
123, 2, 0
125, 3, 1
124, 2, 0
127, 3, 0
123, 2, 1
131, 3, 0
120, 2, 1
126, 3, 0
123, 2, 0
125, 3, 1
125, 2, 0
125, 3, 1
126, 2, 0
126, 3, 1
124, 2, 0
125, 2, 0
125, 2, 1
125, 2, 0
126, 3, 1
126, 2, 0
126, 3, 1
122, 2, 0
124, 3, 0
125, 2, 1
126, 3, 0
129, 2, 1
121, 3, 0
125, 2, 0
124, 3, 1
126, 2, 0
124, 3, 1
125, 2, 0
125, 3, 1
125, 2, 0
125, 3, 1
125, 2, 0
125, 3, 0
126, 2, 1
125, 3, 0
125, 2, 1
125, 2, 0
132, 3, 1
118, 2, 0
124, 2, 1
125, 3, 0
127, 2, 0
123, 3, 1
127, 2, 0
123, 2, 1
126, 3, 0
124, 2, 1
125, 3, 0
127, 2, 1
130, 3, 0
121, 1, 1
133, 4, 0
116, 1, 0
123, 3, 1
125, 2, 0
126, 3, 1
124, 2, 0
125, 3, 1
126, 2, 0
124, 3, 1
125, 2, 0
125, 3, 1
125, 2, 0
125, 2, 1
125, 2, 0
125, 3, 1
125, 2, 0
125, 3, 1
125, 2, 0
126, 3, 1
124, 2, 0
124, 3, 0
125, 2, 1
136, 3, 0
122, 1, 1
121, 3, 0
125, 2, 1
130, 3, 0
117, 2, 1
125, 2, 0
126, 3, 1
124, 2, 0
125, 3, 1
124, 1, 0
125, 3, 0
125, 2, 1
126, 3, 1
125, 2, 0
125, 3, 1
126, 2, 0
123, 2, 0
125, 2, 1
125, 3, 0
125, 2, 1
126, 3, 0
124, 2, 1
126, 2, 0
125, 2, 1
124, 3, 0
125, 2, 1
128, 3, 0
123, 1, 0
132, 3, 1
121, 2, 1
124, 3, 0
126, 1, 0
122, 3, 1
126, 2, 0
125, 3, 1
125, 2, 0
124, 2, 1
126, 2, 0
127, 2, 1
124, 2, 0
123, 2, 1
125, 3, 0
126, 2, 0
125, 2, 1
124, 2, 0
126, 3, 1
125, 1, 0
125, 3, 1
124, 2, 0
127, 3, 1
126, 1, 0
130, 3, 1
120, 2, 0
123, 2, 0
155, 2, 1
101, 2, 1
130, 2, 0
117, 3, 0
123, 1, 1
124, 3, 0
128, 2, 1
123, 2, 0
124, 2, 1
125, 2, 0
124, 2, 0
125, 2, 1
130, 2, 0
126, 3, 1
123, 1, 0
125, 3, 1
126, 1, 0
122, 3, 1
123, 1, 0
125, 2, 0
124, 2, 1
127, 2, 0
124, 2, 1
124, 2, 0
125, 2, 1
129, 2, 0
126, 2, 1
123, 2, 0
124, 2, 0
129, 1, 1
122, 3, 0
124, 1, 1
124, 3, 0
125, 1, 0
124, 3, 1
154, 1, 0
97, 2, 1
125, 2, 0
127, 2, 1
123, 1, 0
126, 3, 1
124, 1, 0
126, 2, 0
124, 2, 1
126, 2, 0
124, 1, 1
126, 2, 0
126, 2, 0
125, 2, 1
124, 1, 0
127, 2, 1
124, 2, 0
124, 1, 0
124, 2, 1
131, 2, 0
127, 2, 1
119, 1, 0
126, 2, 1
123, 1, 0
126, 2, 0
124, 2, 1
125, 2, 0
125, 1, 1
124, 2, 0
126, 1, 0
126, 2, 1
122, 1, 0
125, 2, 1
126, 2, 0
124, 2, 0
125, 1, 1
126, 2, 0
124, 1, 0
126, 2, 1
124, 1, 0
131, 2, 1
120, 1, 0
134, 2, 0
114, 1, 1
125, 2, 0
131, 1, 0
121, 2, 1
124, 1, 0
124, 2, 0
126, 1, 1
125, 2, 0
126, 1, 1
125, 2, 0
127, 1, 0
125, 1, 1
128, 2, 0
120, 1, 0
124, 1, 1
126, 1, 0
125, 2, 0
128, 1, 1
123, 2, 0
124, 1, 0
124, 1, 1
125, 2, 0
125, 1, 0
125, 1, 1
125, 2, 0
126, 1, 0
125, 1, 1
127, 1, 0
123, 2, 0
126, 1, 1
124, 1, 0
125, 1, 0
125, 2, 1
127, 1, 0
123, 1, 0
135, 1, 1
116, 1, 0
130, 1, 0
123, 2, 1
122, 1, 0
126, 1, 0
124, 1, 0
125, 1, 1
125, 1, 0
125, 1, 1
124, 1, 0
127, 2, 0
251, 2, 1
123, 1, 0
126, 1, 0
125, 1, 0
124, 1, 1
124, 1, 0
249, 2, 1
251, 1, 0
128, 1, 0
124, 1, 1
124, 1, 0
125, 1, 0
125, 1, 1
125, 1, 0
125, 1, 0
124, 1, 0
125, 0, 1
125, 1, 0
124, 1, 0
125, 1, 0
125, 1, 1
125, 1, 0
250, 1, 1
125, 1, 0
126, 1, 0
249, 1, 1
125, 1, 0
250, 1, 0
125, 1, 0
126, 0, 1
125, 1, 0
124, 1, 0
125, 0, 1
126, 1, 0
124, 1, 0
250, 1, 0
126, 0, 1
125, 1, 0
249, 1, 0
250, 1, 1
125, 1, 0
376, 1, 1
249, 1, 0
250, 1, 0
125, 0, 1
250, 1, 0
380, 1, 0
129, 0, 1
242, 1, 0
376, 1, 1
625, 1, 0
248, 0, 1
376, 1, 0
625, 0, 1
748, 1, 0
376, 0, 1
2514, 0, 1
236, -1, 0
1003, -1, 0
874, -1, 1
754, -1, 0
374, -1, 0
500, -1, 0
371, -1, 0
129, 0, 1
374, -1, 0
248, -1, 0
375, -1, 0
375, -1, 0
248, -1, 0
250, -1, 0
251, -1, 1
249, -1, 0
250, -1, 0
250, -1, 0
251, -1, 0
249, -1, 0
250, -1, 0
126, -1, 1
249, -1, 0
126, -1, 0
249, -1, 0
250, -1, 0
126, -1, 0
249, -1, 0
126, -1, 1
249, -1, 0
126, -1, 0
249, -1, 0
126, -1, 0
124, -1, 0
126, -1, 0
255, -1, 0
120, -1, 1
124, -1, 0
126, -1, 0
249, -1, 0
126, -1, 0
125, -1, 0
124, -1, 0
126, -1, 0
125, -1, 0
125, 0, 1
125, -1, 0
125, -1, 0
125, -1, 0
125, -1, 0
125, -1, 0
125, -1, 0
125, -1, 0
125, -1, 0
125, -1, 0
125, -1, 0
125, -1, 1
126, -1, 0
124, -1, 0
125, -1, 0
124, -1, 0
131, -1, 0
121, -1, 0
124, -2, 0
252, -2, 0
123, -1, 0
126, -1, 0
125, -1, 0
123, -1, 0
128, -1, 1
122, -1, 0
125, -2, 0
126, -1, 0
124, -1, 0
125, -1, 0
125, -2, 0
125, -1, 0
125, -1, 0
124, -1, 0
126, -2, 0
126, -1, 0
126, -1, 0
123, -1, 1
125, -2, 0
128, -1, 0
123, -2, 0
124, -1, 0
128, -1, 0
124, -1, 0
124, -2, 0
126, -1, 0
124, -2, 0
125, -1, 1
125, -2, 0
125, -1, 0
125, -2, 0
125, -1, 0
125, -2, 0
125, -1, 0
125, -2, 0
125, -1, 0
125, -2, 0
125, -1, 0
125, -2, 0
125, -1, 0
125, -2, 1
126, -2, 0
124, -1, 0
125, -2, 0
125, -2, 0
125, -1, 0
125, -2, 0
125, -1, 0
125, -2, 0
125, -2, 0
125, -1, 0
125, -2, 0
125, -2, 0
125, -2, 1
125, -1, 0
125, -2, 0
125, -2, 0
125, -2, 0
125, -1, 0
125, -2, 0
125, -2, 0
126, -2, 0
124, -1, 0
126, -3, 0
124, -1, 1
125, -2, 0
125, -2, 0
125, -2, 0
125, -2, 0
125, -2, 0
125, -2, 0
126, -2, 0
124, -2, 0
125, -2, 0
125, -1, 1
125, -3, 0
125, -1, 0
125, -3, 0
125, -1, 0
126, -3, 0
124, -1, 0
125, -3, 0
125, -2, 0
125, -2, 1
125, -2, 0
125, -2, 0
125, -2, 0
125, -2, 0
125, -2, 0
125, -3, 0
125, -1, 0
125, -3, 1
125, -1, 0
125, -3, 0
125, -2, 0
125, -2, 0
125, -2, 0
125, -3, 0
126, -2, 0
126, -2, 1
128, -2, 0
126, -1, 0
119, -3, 0
126, -2, 0
124, -3, 0
128, -1, 0
124, -3, 0
124, -2, 0
126, -3, 0
125, -2, 1
125, -2, 0
126, -2, 0
125, -3, 0
123, -2, 0
124, -3, 0
127, -1, 0
123, -3, 1
125, -2, 0
125, -3, 0
125, -2, 0
125, -3, 0
126, -1, 0
124, -3, 0
124, -2, 0
128, -3, 1
126, -2, 0
127, -3, 0
120, -2, 0
125, -3, 0
126, -2, 0
124, -3, 0
125, -2, 0
126, -3, 1
128, -1, 0
120, -4, 0
126, -1, 0
125, -3, 0
125, -2, 0
125, -3, 0
125, -2, 1
128, -3, 0
121, -2, 0
125, -3, 0
126, -2, 0
124, -3, 0
125, -2, 0
125, -2, 0
131, -3, 1
123, -2, 0
121, -4, 0
125, -2, 0
133, -3, 0
119, -2, 0
124, -3, 0
126, -2, 1
124, -3, 0
127, -2, 0
125, -3, 0
124, -2, 0
126, -3, 0
122, -2, 0
126, -3, 1
126, -3, 0
127, -3, 0
125, -2, 0
124, -3, 0
142, -2, 0
107, -4, 0
124, -2, 1
125, -3, 0
126, -2, 0
124, -3, 0
125, -2, 0
125, -4, 1
125, -2, 0
126, -3, 0
124, -2, 0
127, -3, 0
125, -3, 0
124, -3, 0
134, -2, 1
118, -3, 0
122, -3, 0
126, -3, 0
124, -2, 0
125, -3, 0
125, -2, 0
125, -4, 1
127, -2, 0
126, -3, 0
124, -2, 0
126, -4, 0
124, -2, 0
124, -3, 0
126, -3, 0
124, -2, 1
124, -3, 0
125, -2, 0
127, -4, 0
124, -2, 0
126, -3, 0
125, -3, 0
127, -3, 1
123, -2, 0
124, -4, 0
125, -2, 0
126, -3, 0
126, -3, 0
131, -3, 1
119, -2, 0
127, -4, 0
122, -2, 0
128, -4, 0
123, -2, 1
126, -3, 0
122, -3, 0
124, -3, 0
125, -2, 0
126, -4, 1
124, -2, 0
126, -4, 0
125, -2, 0
124, -3, 0
127, -3, 0
125, -3, 0
124, -2, 1
127, -4, 0
124, -2, 0
125, -4, 0
125, -2, 0
125, -3, 1
125, -3, 0
123, -3, 0
124, -3, 0
131, -3, 0
119, -3, 0
127, -3, 1
124, -3, 0
125, -3, 0
126, -2, 0
124, -3, 0
125, -3, 0
125, -3, 0
126, -3, 1
125, -3, 0
124, -3, 0
125, -3, 0
126, -3, 0
124, -2, 0
127, -4, 1
124, -2, 0
125, -4, 0
124, -2, 0
125, -4, 0
126, -2, 1
125, -4, 0
125, -2, 0
124, -4, 0
125, -3, 0
125, -3, 0
125, -2, 0
125, -4, 1
125, -2, 0
126, -4, 0
125, -3, 0
125, -3, 0
124, -3, 1
126, -3, 0
124, -3, 0
126, -3, 0
125, -3, 0
126, -3, 1
123, -2, 0
125, -4, 0
125, -3, 0
125, -3, 1
127, -2, 0
124, -4, 0
126, -2, 0
126, -4, 0
122, -2, 0
133, -4, 1
119, -2, 0
125, -4, 0
124, -3, 0
126, -3, 0
125, -3, 1
127, -3, 0
123, -3, 0
125, -2, 0
124, -4, 0
125, -2, 1
127, -3, 0
124, -3, 0
124, -3, 0
126, -3, 0
124, -3, 0
132, -3, 1
119, -3, 0
129, -3, 0
121, -4, 0
123, -2, 0
125, -3, 1
126, -3, 0
125, -4, 0
126, -2, 0
125, -4, 0
125, -2, 1
125, -4, 0
125, -2, 0
125, -4, 0
126, -2, 1
124, -4, 0
125, -2, 0
123, -3, 0
125, -3, 0
125, -3, 1
131, -3, 0
119, -3, 0
136, -3, 0
123, -3, 1
125, -3, 0
122, -3, 0
125, -2, 0
119, -4, 0
125, -2, 0
129, -4, 1
123, -2, 0
127, -4, 0
122, -2, 0
135, -4, 0
115, -2, 1
125, -4, 0
125, -2, 0
126, -4, 0
123, -2, 1
125, -3, 0
127, -3, 0
123, -3, 0
125, -3, 0
125, -2, 1
126, -3, 0
124, -3, 0
126, -3, 0
125, -3, 0
125, -3, 0
133, -3, 1
117, -3, 0
125, -2, 0
125, -4, 0
125, -2, 1
125, -3, 0
125, -3, 0
124, -3, 0
126, -3, 0
126, -3, 1
124, -2, 0
125, -4, 0
125, -2, 0
125, -4, 0
124, -2, 0
127, -3, 1
123, -2, 0
131, -4, 0
121, -2, 0
124, -4, 0
129, -2, 0
130, -3, 1
123, -3, 0
119, -3, 0
129, -2, 0
127, -4, 1
126, -2, 0
120, -3, 0
122, -2, 0
125, -4, 0
128, -2, 0
126, -3, 1
124, -2, 0
125, -4, 0
126, -2, 0
125, -4, 1
124, -2, 0
125, -3, 0
121, -2, 0
126, -4, 0
125, -2, 0
129, -3, 1
123, -2, 0
124, -3, 0
126, -3, 0
124, -3, 0
125, -2, 0
124, -2, 1
131, -3, 0
122, -2, 0
125, -4, 0
127, -2, 0
121, -3, 0
126, -2, 1
124, -3, 0
126, -2, 0
124, -3, 0
124, -3, 0
124, -3, 0
125, -2, 0
125, -3, 1
126, -2, 0
124, -3, 0
125, -2, 0
125, -4, 0
125, -2, 0
125, -3, 1
124, -2, 0
126, -3, 0
125, -2, 0
124, -3, 0
125, -2, 0
126, -3, 0
126, -2, 1
124, -3, 0
125, -2, 0
129, -3, 0
122, -2, 0
125, -3, 0
127, -2, 0
123, -3, 1
124, -2, 0
124, -3, 0
126, -2, 0
125, -3, 0
126, -2, 0
124, -3, 0
125, -2, 0
125, -3, 1
126, -2, 0
124, -3, 0
124, -2, 0
125, -3, 0
126, -2, 0
124, -3, 0
128, -2, 1
124, -2, 0
124, -3, 0
125, -2, 0
126, -2, 0
124, -3, 0
126, -2, 0
124, -3, 0
126, -2, 0
125, -2, 1
124, -2, 0
125, -2, 0
126, -3, 0
125, -2, 0
126, -3, 0
124, -1, 0
125, -3, 1
124, -2, 0
125, -3, 0
126, -1, 0
126, -3, 0
124, -2, 0
125, -3, 0
124, -1, 0
126, -3, 1
124, -2, 0
127, -3, 0
125, -1, 0
125, -3, 0
123, -2, 0
127, -2, 0
124, -2, 0
124, -3, 0
125, -1, 0
126, -3, 1
124, -2, 0
127, -2, 0
124, -2, 0
126, -2, 0
129, -2, 0
124, -3, 0
124, -1, 0
123, -3, 0
124, -1, 0
129, -3, 1
123, -2, 0
124, -2, 0
123, -2, 0
128, -2, 0
132, -2, 0
116, -2, 0
125, -2, 0
125, -2, 0
126, -2, 0
125, -1, 0
125, -3, 0
124, -1, 0
125, -2, 0
125, -2, 1
132, -2, 0
124, -2, 0
118, -2, 0
127, -2, 0
126, -2, 0
123, -1, 0
125, -3, 0
125, -1, 0
125, -2, 0
125, -2, 0
125, -2, 0
126, -1, 0
124, -3, 0
125, -1, 0
125, -2, 0
125, -1, 0
125, -2, 0
125, -2, 0
125, -2, 1
126, -1, 0
124, -2, 0
126, -2, 0
125, -2, 0
124, -1, 0
125, -2, 0
125, -1, 0
125, -3, 0
125, -1, 0
128, -2, 0
121, -1, 0
125, -2, 0
125, -1, 0
125, -2, 0
125, -2, 0
125, -1, 0
126, -2, 0
124, -2, 0
125, -1, 0
125, -2, 0
124, -1, 0
127, -2, 0
128, -1, 0
124, -1, 0
126, -2, 0
124, -1, 0
126, -2, 0
125, -1, 0
124, -2, 0
122, -1, 0
125, -1, 0
125, -2, 0
126, -1, 0
124, -1, 0
130, -2, 0
123, -1, 0
126, -2, 0
126, -1, 0
125, -1, 0
125, -2, 0
126, -1, 0
120, -1, 0
125, -2, 0
125, -1, 0
125, -1, 0
125, -1, 0
125, -2, 0
129, -1, 0
126, -1, 0
125, -1, 0
124, -2, 0
125, -1, 0
125, -1, 0
126, -1, 0
124, -1, 0
126, -1, 0
125, -2, -1
122, -1, 0
122, -1, 0
126, -1, 0
124, -1, 0
126, -1, 0
129, -1, 0
125, -1, 0
125, -1, 0
126, -1, 0
124, -1, 0
131, -1, 0
119, -1, 0
121, -1, -1
125, -1, 0
125, -1, 0
125, -1, 0
128, -1, 0
247, -1, 0
126, -1, 0
127, -1, 0
123, -1, 0
123, -1, -1
126, -1, 0
125, -1, 0
254, -1, 0
122, -1, 0
125, -1, 0
249, -1, -1
127, -1, 0
123, -1, 0
124, -1, 0
125, -1, 0
253, -1, 0
248, -1, 0
127, -1, -1
247, -1, 0
125, -1, 0
250, -1, 0
126, -1, 0
124, 0, -1
126, -1, 0
249, -1, 0
250, -1, 0
250, -1, 0
125, 0, -1
126, -1, 0
251, -1, 0
256, -1, 0
242, -1, -1
401, -1, 0
349, -1, 0
125, 0, -1
250, -1, 0
403, -1, 0
222, 0, -1
251, -1, 0
529, -1, 0
95, 0, -1
654, -1, 0
499, 0, -1
346, -1, 0
790, 0, -1
1462, 0, -1
1256, 0, -1
1379, 0, -1
243, 1, 0
878, 1, -1
688, 1, 0
185, 0, -1
245, 1, 0
501, 1, 0
250, 0, -1
126, 1, 0
374, 1, 0
410, 1, -1
340, 1, 0
249, 0, -1
127, 1, 0
248, 1, 0
377, 1, -1
248, 1, 0
250, 1, 0
250, 1, -1
251, 1, 0
250, 1, -1
249, 1, 0
413, 1, -1
94, 1, 0
243, 1, 0
251, 1, -1
249, 1, 0
126, 1, 0
126, 0, -1
124, 1, 0
249, 1, 0
126, 1, 0
125, 1, -1
251, 1, 0
124, 1, 0
125, 0, -1
125, 1, 0
125, 1, 0
250, 1, -1
126, 1, 0
124, 1, 0
126, 0, -1
124, 1, 0
125, 1, 0
125, 1, 0
125, 1, 0
125, 0, -1
125, 1, 0
125, 1, 0
126, 1, -1
124, 1, 0
250, 1, 0
125, 1, -1
126, 1, 0
126, 1, 0
124, 1, 0
127, 1, -1
248, 1, 0
124, 1, -1
125, 1, 0
125, 1, 0
132, 1, -1
119, 1, 0
125, 1, 0
124, 1, 0
125, 1, -1
125, 1, 0
125, 1, 0
125, 1, -1
125, 1, 0
125, 1, 0
126, 1, 0
124, 1, -1
125, 1, 0
125, 1, 0
126, 2, -1
124, 1, 0
125, 1, 0
125, 1, -1
126, 1, 0
125, 1, 0
125, 1, -1
125, 1, 0
124, 2, 0
250, 2, -1
125, 1, 0
125, 1, 0
125, 1, -1
126, 1, 0
124, 2, 0
126, 1, -1
126, 1, 0
124, 1, 0
125, 2, -1
125, 1, 0
124, 1, 0
126, 1, 0
125, 2, -1
125, 1, 0
125, 2, 0
125, 1, -1
125, 1, 0
125, 1, 0
125, 2, -1
125, 1, 0
129, 2, 0
122, 1, -1
124, 1, 0
123, 1, 0
127, 2, 0
126, 1, -1
124, 2, 0
127, 1, -1
124, 2, 0
126, 1, 0
125, 2, 0
125, 1, -1
123, 2, 0
125, 1, 0
125, 2, -1
125, 1, 0
127, 1, 0
125, 2, -1
125, 1, 0
125, 2, 0
125, 2, -1
125, 1, 0
126, 1, 0
123, 2, 0
124, 1, -1
124, 2, 0
126, 1, -1
125, 2, 0
125, 1, 0
125, 2, 0
125, 2, -1
125, 2, 0
125, 1, 0
125, 2, -1
124, 1, 0
126, 2, 0
125, 1, -1
126, 2, 0
124, 2, 0
125, 2, -1
124, 1, 0
126, 2, 0
132, 1, -1
121, 2, 0
123, 2, 0
125, 2, -1
123, 1, 0
125, 2, 0
125, 2, 0
125, 2, -1
126, 1, 0
125, 2, -1
125, 2, 0
125, 2, 0
125, 1, 0
124, 2, -1
126, 2, 0
124, 2, 0
126, 1, -1
125, 2, 0
125, 2, 0
125, 1, -1
125, 3, 0
126, 1, 0
124, 2, 0
125, 2, -1
124, 2, 0
125, 1, 0
126, 3, -1
126, 1, 0
123, 2, 0
125, 2, 0
126, 2, -1
124, 2, 0
125, 2, -1
126, 2, 0
125, 2, 0
125, 2, 0
124, 2, -1
125, 1, 0
125, 3, 0
126, 1, -1
123, 3, 0
128, 1, 0
124, 3, -1
126, 1, 0
123, 2, 0
125, 2, 0
128, 3, -1
125, 1, 0
125, 3, 0
125, 1, -1
125, 3, 0
126, 1, 0
122, 3, 0
125, 1, -1
125, 3, 0
125, 1, 0
124, 2, 0
125, 2, -1
128, 2, 0
127, 3, 0
121, 1, -1
125, 3, 0
125, 1, 0
126, 3, 0
124, 2, -1
124, 2, 0
125, 2, 0
126, 2, -1
125, 2, 0
125, 2, 0
124, 2, 0
125, 3, -1
125, 1, 0
126, 3, 0
125, 2, -1
125, 2, 0
126, 2, 0
123, 3, 0
125, 1, -1
125, 3, 0
125, 2, 0
126, 2, -1
124, 2, 0
126, 2, 0
124, 2, 0
125, 3, -1
125, 2, 0
125, 2, 0
125, 2, -1
125, 3, 0
125, 1, 0
126, 3, 0
124, 2, -1
125, 2, 0
125, 2, 0
125, 2, 0
125, 3, -1
125, 1, 0
125, 3, 0
126, 2, -1
124, 3, 0
126, 2, 0
124, 2, -1
125, 2, 0
125, 3, 0
126, 2, 0
124, 2, 0
126, 2, -1
124, 3, 0
125, 2, 0
125, 3, 0
125, 1, -1
125, 3, 0
125, 2, 0
125, 3, 0
126, 2, -1
125, 2, 0
124, 2, 0
125, 3, -1
125, 2, 0
125, 3, 0
126, 1, 0
125, 3, 0
125, 2, -1
124, 3, 0
126, 2, 0
124, 3, 0
126, 1, 0
124, 3, -1
125, 2, 0
125, 3, 0
126, 2, 0
124, 3, -1
131, 2, 0
124, 1, 0
119, 3, 0
126, 2, 0
125, 3, -1
125, 2, 0
126, 3, 0
125, 2, 0
124, 2, -1
126, 2, 0
124, 3, 0
126, 2, 0
125, 3, -1
124, 2, 0
126, 3, 0
124, 2, 0
127, 3, 0
122, 2, 0
127, 3, -1
123, 1, 0
126, 3, 0
129, 2, 0
121, 3, -1
125, 2, 0
125, 3, 0
130, 2, 0
124, 3, 0
124, 2, 0
125, 3, -1
127, 2, 0
123, 3, 0
135, 2, 0
115, 2, 0
126, 2, -1
123, 3, 0
124, 2, 0
125, 3, 0
125, 2, 0
126, 3, 0
124, 2, -1
125, 2, 0
125, 3, 0
125, 2, 0
125, 3, 0
125, 2, 0
125, 3, -1
126, 2, 0
124, 3, 0
126, 2, 0
124, 3, 0
125, 2, 0
125, 3, -1
125, 2, 0
125, 3, 0
126, 2, 0
124, 3, 0
125, 2, -1
125, 3, 0
125, 1, 0
125, 3, 0
125, 2, 0
125, 4, -1
126, 1, 0
124, 3, 0
125, 2, 0
125, 3, 0
125, 2, 0
125, 3, -1
125, 2, 0
125, 3, 0
126, 2, 0
123, 3, 0
126, 2, 0
125, 3, -1
127, 2, 0
123, 3, 0
126, 2, 0
124, 3, 0
126, 2, 0
124, 2, -1
125, 3, 0
125, 2, 0
123, 3, 0
126, 2, 0
125, 3, 0
125, 2, 0
126, 3, -1
125, 2, 0
124, 3, 0
125, 2, 0
125, 3, 0
125, 2, 0
127, 3, 0
124, 2, -1
126, 3, 0
130, 2, 0
123, 3, 0
126, 2, 0
121, 3, 0
130, 2, -1
123, 3, 0
123, 2, 0
126, 3, 0
122, 2, 0
127, 3, 0
124, 2, 0
124, 3, 0
125, 2, -1
126, 3, 0
123, 2, 0
127, 3, 0
125, 2, 0
125, 3, 0
126, 2, 0
125, 3, -1
124, 2, 0
126, 3, 0
124, 1, 0
126, 2, 0
123, 3, 0
125, 2, 0
125, 3, 0
127, 2, 0
126, 3, -1
124, 2, 0
124, 3, 0
126, 2, 0
125, 3, 0
124, 2, 0
124, 3, -1
124, 2, 0
127, 3, 0
126, 2, 0
123, 3, 0
130, 2, 0
125, 2, 0
119, 2, 0
125, 3, -1
126, 2, 0
125, 3, 0
125, 2, 0
125, 3, 0
126, 2, 0
126, 3, 0
122, 2, -1
125, 3, 0
125, 2, 0
125, 3, 0
126, 2, 0
124, 2, 0
126, 2, 0
124, 3, 0
126, 2, -1
124, 3, 0
126, 2, 0
125, 3, 0
125, 2, 0
124, 3, 0
126, 2, 0
125, 2, 0
125, 2, -1
126, 2, 0
124, 3, 0
126, 2, 0
124, 3, 0
125, 2, 0
126, 3, 0
124, 2, 0
128, 3, -1
123, 2, 0
126, 2, 0
124, 2, 0
126, 3, 0
125, 2, 0
125, 3, 0
126, 2, 0
122, 3, -1
125, 2, 0
126, 2, 0
124, 2, 0
126, 3, 0
136, 2, 0
114, 3, 0
124, 1, 0
125, 3, -1
125, 2, 0
124, 3, 0
126, 2, 0
125, 3, 0
125, 2, 0
125, 2, 0
125, 2, 0
124, 3, 0
125, 2, 0
126, 2, -1
125, 2, 0
125, 2, 0
125, 3, 0
125, 2, 0
124, 3, 0
126, 1, 0
125, 3, 0
125, 2, 0
125, 3, -1
125, 1, 0
125, 3, 0
125, 2, 0
125, 3, 0
125, 1, 0
125, 3, 0
125, 2, 0
125, 3, -1
125, 1, 0
125, 3, 0
125, 2, 0
124, 2, 0
125, 2, 0
125, 3, 0
125, 2, 0
129, 2, 0
123, 2, 0
124, 3, -1
125, 1, 0
124, 3, 0
125, 2, 0
125, 2, 0
126, 2, 0
125, 3, 0
124, 1, 0
126, 3, 0
125, 2, -1
125, 2, 0
124, 2, 0
125, 2, 0
126, 2, 0
124, 3, 0
131, 1, -1
119, 2, 0
125, 3, 0
124, 1, 0
125, 3, 0
128, 1, 0
126, 3, 0
125, 2, 0
123, 2, 0
124, 2, 0
144, 2, -1
108, 2, 0
121, 2, 0
125, 2, 0
126, 2, 0
127, 2, 0
124, 2, 0
125, 2, 0
131, 2, -1
121, 2, 0
127, 2, 0
121, 2, 0
125, 3, 0
124, 1, 0
125, 3, 0
126, 1, 0
125, 2, -1
124, 2, 0
125, 2, 0
125, 2, 0
125, 2, 0
461, 6, 0
41, 2, -1
130, 2, 0
122, 2, 0
123, 1, 0
125, 3, 0
124, 1, 0
125, 2, 0
127, 2, -1
126, 1, 0
124, 2, 0
125, 2, 0
125, 2, 0
125, 2, 0
124, 2, -1
124, 1, 0
125, 2, 0
126, 2, 0
125, 2, 0
128, 1, 0
124, 2, 0
124, 2, 0
124, 2, -1
125, 1, 0
125, 3, 0
128, 1, 0
123, 2, 0
124, 1, 0
125, 2, -1
126, 2, 0
125, 2, 0
125, 1, 0
125, 2, 0
126, 1, 0
125, 2, -1
125, 2, 0
123, 2, 0
124, 1, 0
125, 2, 0
125, 1, 0
126, 2, -1
125, 1, 0
123, 2, 0
125, 2, 0
128, 1, 0
125, 2, 0
125, 1, 0
124, 2, -1
125, 2, 0
126, 1, 0
125, 1, 0
125, 2, 0
126, 1, 0
124, 2, -1
125, 1, 0
126, 2, 0
124, 1, 0
126, 2, 0
135, 1, 0
112, 2, -1
125, 1, 0
127, 1, 0
125, 2, 0
125, 1, 0
124, 1, 0
126, 2, -1
125, 1, 0
126, 2, 0
123, 1, 0
124, 1, -1
125, 2, 0
125, 1, 0
125, 1, 0
126, 2, 0
124, 1, 0
125, 1, -1
125, 1, 0
126, 2, 0
125, 1, 0
124, 1, 0
125, 1, -1
126, 2, 0
124, 1, 0
125, 1, 0
125, 1, 0
125, 1, 0
125, 2, 0
125, 1, -1
125, 1, 0
126, 1, 0
124, 1, 0
126, 1, 0
125, 1, -1
126, 1, 0
124, 2, 0
249, 1, -1
126, 1, 0
124, 2, 0
250, 2, 0
254, 2, -1
246, 1, 0
126, 1, 0
124, 1, 0
125, 1, 0
125, 1, -1
125, 1, 0
125, 1, 0
125, 1, 0
125, 1, -1
250, 1, 0
125, 1, 0
125, 1, 0
125, 1, 0
125, 1, -1
249, 1, 0
127, 1, 0
124, 1, 0
124, 0, -1
125, 1, 0
131, 1, 0
245, 1, 0
125, 1, -1
252, 1, 0
130, 1, 0
243, 1, 0
127, 0, -1
124, 1, 0
249, 1, 0
249, 1, -1
251, 1, 0
125, 1, 0
378, 1, -1
249, 1, 0
252, 1, 0
248, 0, -1
125, 1, 0
374, 1, 0
408, 0, -1
92, 1, 0
530, 1, 0
219, 0, -1
534, 1, 0
749, 0, -1
4157, -1, 0
809, -1, 0
547, -1, 0
457, -1, 0
531, -1, 0
216, 0, -1
250, -1, 0
407, -1, 0
343, -1, 0
250, -1, 0
375, -1, 0
375, -1, 0
250, -1, 0
255, -1, 0
247, -1, 0
249, -1, 0
252, -1, 0
249, -1, 0
250, -1, 0
124, -1, 0
250, -1, 0
251, -1, 0
248, -1, 0
126, -1, 0
252, -1, 0
123, -1, 0
250, -1, 0
126, -1, 0
125, -1, 0
250, -1, 0
252, -1, 0
136, -1, 0
113, -1, 0
127, -1, 0
123, -1, 0
250, -1, 0
124, -1, 0
250, -1, 0
125, -1, 0
128, -1, 0
123, -1, 0
123, -1, 0
125, -1, 0
125, -1, 0
251, -1, 0
124, -1, 0
127, -1, 0
124, -1, 0
125, -1, 0
127, -1, 0
123, -1, 0
125, -1, 0
126, -1, 0
123, -1, 0
125, -1, 0
125, -1, 0
125, -1, 0
127, -1, 0
125, -1, 0
124, -1, 0
128, -2, 0
247, -2, 0
125, -1, 0
124, -1, 0
125, -1, 0
125, -1, 0
125, -1, 0
125, -2, 0
125, -1, 0
125, -1, 0
125, -1, 0
125, -2, 0
125, -1, 0
125, -1, 0
124, -1, 0
126, -1, 0
125, -2, 1
125, -1, 0
125, -1, 0
125, -2, 0
124, -1, 0
126, -1, 0
125, -2, 0
144, -1, 0
104, -2, 0
128, -1, 0
124, -2, 0
130, -1, 0
118, -1, 0
125, -2, 0
126, -1, 0
128, -2, 0
122, -1, 0
126, -2, 0
124, -1, 0
125, -2, 0
125, -1, 0
125, -2, 0
127, -2, 0
124, -1, 0
125, -2, 0
126, -1, 1
124, -2, 0
124, -1, 0
125, -2, 0
125, -1, 0
125, -3, 0
127, -1, 0
124, -2, 0
126, -1, 0
124, -2, 0
125, -2, 0
125, -2, 0
125, -1, 0
133, -2, 0
116, -2, 0
126, -2, 1
126, -1, 0
124, -2, 0
125, -2, 0
125, -1, 0
124, -3, 0
126, -1, 0
125, -2, 0
125, -2, 0
126, -2, 0
124, -2, 0
125, -2, 0
125, -1, 0
125, -3, 1
125, -2, 0
126, -2, 0
124, -1, 0
126, -3, 0
122, -1, 0
128, -3, 0
124, -1, 0
126, -3, 0
125, -1, 0
124, -3, 0
127, -2, 0
126, -2, 1
124, -2, 0
125, -2, 0
125, -2, 0
124, -3, 0
131, -1, 0
121, -3, 0
124, -2, 0
124, -2, 0
123, -2, 0
125, -2, 0
126, -2, 1
125, -3, 0
124, -2, 0
125, -2, 0
125, -2, 0
126, -3, 0
124, -2, 0
125, -2, 0
126, -2, 1
124, -2, 0
126, -3, 0
125, -1, 0
124, -3, 0
126, -2, 0
124, -3, 0
126, -2, 0
124, -3, 0
125, -1, 0
125, -3, 1
126, -2, 0
124, -3, 0
126, -2, 0
125, -3, 0
125, -2, 0
126, -3, 0
125, -2, 0
125, -3, 1
125, -2, 0
124, -2, 0
125, -3, 0
124, -2, 0
125, -2, 0
127, -4, 0
126, -2, 1
124, -3, 0
125, -1, 0
125, -3, 0
126, -3, 0
124, -3, 0
124, -2, 1
124, -3, 0
126, -2, 0
125, -3, 0
125, -2, 0
125, -3, 0
125, -2, 1
125, -3, 0
125, -2, 0
125, -4, 0
124, -2, 0
126, -3, 0
125, -2, 1
125, -2, 0
130, -4, 0
120, -2, 0
125, -3, 0
124, -2, 0
125, -3, 1
125, -3, 0
127, -3, 0
124, -2, 0
125, -3, 1
125, -2, 0
125, -4, 0
124, -2, 0
125, -3, 0
124, -3, 0
125, -3, 1
126, -2, 0
130, -4, 0
123, -2, 0
125, -3, 1
123, -3, 0
125, -3, 0
124, -2, 0
125, -4, 1
124, -2, 0
126, -3, 0
124, -3, 0
125, -3, 0
125, -2, 1
129, -4, 0
123, -2, 0
125, -4, 0
125, -2, 1
125, -4, 0
125, -2, 0
125, -4, 0
125, -2, 1
125, -3, 0
125, -3, 0
125, -3, 0
125, -3, 0
125, -3, 1
124, -3, 0
126, -2, 0
125, -4, 0
123, -2, 1
126, -4, 0
126, -2, 0
125, -4, 0
125, -2, 1
125, -4, 0
124, -2, 0
125, -4, 1
125, -2, 0
124, -4, 0
130, -3, 0
122, -3, 1
123, -3, 0
126, -3, 0
127, -3, 0
127, -4, 1
123, -2, 0
125, -4, 0
132, -2, 0
122, -4, 1
136, -3, 0
112, -3, 0
125, -3, 0
126, -4, 1
124, -2, 0
123, -4, 0
125, -2, 1
125, -4, 0
125, -3, 0
124, -4, 0
130, -2, 1
127, -4, 0
128, -3, 0
115, -3, 1
128, -3, 0
123, -4, 0
126, -2, 0
125, -4, 1
124, -3, 0
125, -4, 0
125, -2, 0
124, -3, 1
125, -4, 0
125, -2, 0
131, -4, 1
119, -3, 0
125, -3, 0
125, -3, 0
125, -4, 1
125, -3, 0
125, -3, 0
126, -3, 1
125, -4, 0
124, -3, 0
125, -3, 1
124, -3, 0
127, -4, 0
126, -3, 0
123, -3, 1
125, -3, 0
126, -4, 0
124, -3, 1
127, -4, 0
126, -2, 0
124, -4, 1
125, -3, 0
125, -4, 0
125, -2, 1
126, -4, 0
126, -3, 0
124, -4, 1
125, -2, 0
123, -4, 0
126, -3, 0
125, -4, 1
124, -2, 0
125, -4, 0
124, -3, 1
126, -4, 0
130, -3, 0
121, -2, 1
125, -4, 0
125, -3, 0
124, -4, 1
127, -3, 0
123, -3, 0
126, -3, 1
125, -4, 0
123, -3, 0
125, -4, 1
124, -2, 0
128, -4, 0
125, -3, 1
127, -4, 0
122, -2, 0
127, -4, 1
121, -3, 0
125, -4, 1
131, -3, 0
119, -3, 0
127, -3, 1
128, -4, 0
140, -3, 0
106, -4, 1
124, -2, 0
126, -4, 0
125, -3, 1
124, -4, 0
126, -2, 0
124, -4, 1
126, -3, 0
126, -4, 1
124, -3, 0
126, -4, 0
125, -2, 1
125, -4, 0
126, -3, 1
126, -4, 0
129, -2, 0
117, -4, 1
126, -3, 0
125, -2, 0
125, -4, 1
126, -3, 0
130, -4, 1
122, -2, 0
128, -4, 1
121, -3, 0
124, -3, 0
124, -3, 1
125, -4, 0
126, -3, 1
125, -3, 0
126, -3, 0
127, -4, 1
123, -2, 0
129, -4, 1
123, -3, 0
124, -3, 1
124, -3, 0
126, -4, 0
122, -3, 1
126, -3, 0
126, -3, 1
122, -4, 0
157, -2, 0
95, -4, 1
126, -2, 0
125, -4, 1
124, -3, 0
126, -4, 1
125, -2, 0
123, -4, 0
125, -2, 1
126, -4, 0
124, -3, 1
125, -3, 0
124, -3, 0
127, -4, 1
127, -2, 0
125, -4, 1
129, -2, 0
121, -4, 1
122, -3, 0
130, -2, 0
121, -4, 1
127, -2, 0
123, -4, 1
125, -2, 0
125, -4, 1
126, -3, 0
124, -3, 1
125, -3, 0
124, -3, 0
125, -3, 1
125, -3, 0
125, -3, 1
129, -3, 0
122, -3, 0
126, -3, 1
125, -3, 0
124, -3, 1
124, -3, 0
133, -3, 1
118, -3, 0
123, -3, 0
125, -3, 1
125, -3, 0
126, -2, 1
123, -4, 0
125, -2, 0
125, -4, 1
125, -2, 0
126, -4, 1
124, -2, 0
125, -4, 1
126, -2, 0
125, -3, 1
124, -3, 0
125, -3, 1
125, -2, 0
125, -4, 0
126, -2, 1
124, -4, 0
126, -2, 1
124, -2, 0
125, -4, 0
125, -2, 1
125, -3, 0
126, -2, 1
136, -4, 0
117, -2, 1
125, -3, 0
123, -3, 0
125, -3, 1
125, -2, 0
125, -4, 1
126, -2, 0
125, -3, 1
124, -2, 0
126, -4, 0
125, -2, 1
124, -3, 0
127, -2, 1
125, -4, 0
124, -2, 1
125, -3, 0
124, -2, 0
126, -3, 1
125, -2, 0
124, -4, 1
125, -2, 0
125, -3, 1
125, -2, 0
125, -3, 0
126, -2, 1
125, -3, 0
124, -2, 1
127, -3, 0
129, -2, 0
120, -4, 1
124, -2, 0
125, -3, 1
126, -1, 0
125, -3, 1
124, -2, 0
125, -4, 0
126, -1, 1
124, -3, 0
125, -3, 1
125, -1, 0
125, -3, 0
129, -2, 1
121, -3, 0
125, -2, 0
126, -3, 1
124, -2, 0
125, -3, 1
125, -2, 0
125, -3, 0
126, -2, 1
125, -3, 0
124, -1, 1
126, -3, 0
125, -2, 0
125, -3, 1
125, -2, 0
125, -2, 1
125, -2, 0
124, -3, 0
126, -2, 1
125, -2, 0
124, -2, 0
125, -3, 1
125, -2, 0
126, -2, 1
125, -2, 0
124, -3, 0
125, -2, 1
126, -2, 0
124, -2, 0
125, -2, 1
125, -2, 0
125, -3, 1
126, -1, 0
124, -3, 0
125, -1, 1
125, -3, 0
126, -2, 0
124, -1, 1
125, -3, 0
126, -1, 0
125, -3, 1
125, -1, 0
124, -3, 0
126, -1, 1
125, -2, 0
130, -2, 0
123, -2, 1
124, -2, 0
131, -2, 0
118, -2, 1
125, -2, 0
124, -1, 0
126, -2, 1
149, -2, 0
101, -2, 0
125, -2, 1
125, -2, 0
124, -1, 0
126, -2, 1
124, -2, 0
125, -2, 0
124, -1, 0
125, -2, 1
125, -2, 0
126, -2, 0
124, -1, 1
126, -2, 0
124, -1, 0
130, -2, 0
119, -1, 1
125, -2, 0
125, -2, 0
126, -1, 1
123, -2, 0
126, -2, 0
124, -1, 0
126, -1, 1
125, -2, 0
125, -1, 0
126, -2, 0
125, -1, 1
124, -2, 0
125, -1, 0
124, -2, 0
126, -1, 1
124, -1, 0
126, -2, 0
125, -1, 0
125, -1, 0
124, -2, 1
126, -1, 0
125, -1, 0
125, -1, 1
125, -2, 0
125, -1, 0
125, -1, 0
127, -1, 0
124, -2, 1
125, -1, 0
125, -1, 0
125, -1, 0
125, -2, 1
249, -2, 0
127, -1, 0
124, -1, 0
125, -1, 1
125, -1, 0
125, -1, 0
124, -1, 0
129, -1, 0
125, -1, 0
125, -1, 1
123, -1, 0
123, -1, 0
126, -1, 0
127, -1, 0
124, -1, 0
125, -1, 1
127, -1, 0
125, -1, 0
248, -1, 0
124, -1, 0
125, -1, 0
130, -1, 1
122, -1, 0
249, -1, 0
125, -1, 0
125, -1, 0
126, 0, 1
124, -1, 0
248, -1, 0
126, -1, 0
126, -1, 0
249, -1, 0
249, -1, 1
250, -1, 0
126, -1, 0
249, -1, 0
251, -1, 0
405, -1, 0
220, -1, 1
374, -1, 0
404, -1, 0
346, -1, 0
658, -1, 0
843, -1, 0
2875, 0, 1
752, 1, 0
875, 1, 0
499, 1, 0
627, 1, 1
375, 1, 0
498, 1, 0
375, 1, 0
377, 1, 0
125, 0, 1
248, 1, 0
376, 1, 0
253, 1, 0
245, 1, 0
406, 1, 0
95, 0, 1
124, 1, 0
250, 1, 0
249, 1, 0
251, 1, 0
249, 1, 0
127, 1, 1
249, 1, 0
250, 1, 0
249, 1, 0
250, 1, 1
127, 1, 0
124, 1, 0
249, 1, 0
250, 1, 0
127, 1, 0
249, 1, 0
125, 1, 1
249, 1, 0
127, 1, 0
250, 1, 0
125, 1, 0
125, 1, 1
251, 1, 0
124, 1, 0
132, 1, 0
119, 1, 0
124, 1, 0
125, 0, 1
126, 1, 0
123, 1, 0
128, 1, 0
124, 1, 0
124, 1, 0
250, 1, 0
127, 1, 1
124, 1, 0
123, 1, 0
125, 1, 0
125, 1, 0
125, 1, 0
125, 1, 0
125, 1, 1
126, 1, 0
249, 2, 0
250, 2, 0
126, 1, 0
124, 1, 0
125, 1, 0
125, 1, 1
133, 1, 0
121, 1, 0
120, 1, 0
128, 1, 0
123, 1, 0
125, 1, 0
125, 1, 0
125, 2, 0
126, 0, 1
124, 2, 0
129, 1, 0
125, 1, 0
124, 1, 0
123, 2, 0
125, 1, 0
125, 1, 0
126, 1, 0
124, 1, 1
126, 1, 0
124, 2, 0
126, 1, 0
123, 1, 0
126, 1, 0
125, 2, 0
126, 1, 0
124, 1, 0
125, 1, 0
125, 2, 0
125, 1, 0
125, 1, 1
125, 2, 0
125, 1, 0
126, 2, 0
124, 1, 0
125, 1, 0
125, 1, 0
125, 2, 0
125, 1, 0
125, 2, 0
126, 1, 0
125, 2, 0
124, 1, 1
125, 2, 0
125, 1, 0
125, 2, 0
125, 1, 0
125, 2, 0
126, 1, 0
125, 2, 0
124, 1, 0
125, 2, 0
125, 1, 0
125, 2, 0
125, 1, 0
125, 2, 0
125, 1, 0
126, 2, 1
124, 1, 0
125, 2, 0
125, 2, 0
127, 2, 0
126, 1, 0
126, 2, 0
121, 1, 0
126, 1, 0
124, 2, 0
125, 2, 0
127, 2, 0
124, 1, 0
126, 2, 0
124, 1, 0
125, 2, 0
125, 2, 0
124, 2, 0
125, 1, 0
125, 2, 0
128, 2, 0
123, 2, 1
125, 1, 0
125, 2, 0
126, 2, 0
125, 2, 0
123, 1, 0
125, 3, 0
125, 1, 0
125, 2, 0
124, 2, 0
125, 2, 0
126, 1, 0
128, 3, 0
123, 1, 0
126, 2, 0
125, 2, 0
124, 2, 0
127, 2, 0
124, 2, 0
127, 1, 0
123, 3, 0
142, 1, 0
109, 2, 0
125, 2, 0
129, 2, 0
121, 2, 0
124, 2, 0
125, 2, 0
123, 2, 0
125, 2, 0
127, 2, 0
124, 2, 0
125, 1, 0
125, 3, 0
126, 1, 0
125, 3, 0
124, 2, 0
124, 2, 0
124, 2, 0
125, 2, 0
125, 2, 0
125, 2, 0
126, 2, 0
125, 2, 0
124, 2, 0
125, 2, 0
125, 2, 0
125, 3, 0
125, 1, 0
125, 3, 0
127, 2, 0
124, 2, 0
124, 2, 0
125, 3, 0
125, 1, 0
124, 3, 0
132, 2, 0
125, 2, 0
119, 2, 0
126, 2, 0
124, 2, 0
125, 2, 0
125, 3, 0
125, 2, 0
125, 2, 0
125, 2, 0
125, 3, 0
126, 1, 0
124, 3, 0
125, 2, 0
125, 3, 0
125, 2, 0
125, 2, 0
126, 2, 0
124, 3, 0
126, 2, 0
124, 2, 0
126, 2, 0
124, 3, 0
125, 2, -1
126, 3, 0
124, 1, 0
125, 3, 0
126, 2, 0
125, 3, 0
124, 2, 0
125, 3, 0
125, 1, 0
126, 3, 0
124, 2, 0
125, 3, 0
126, 2, 0
124, 3, 0
125, 2, 0
125, 3, 0
126, 1, 0
125, 3, 0
125, 2, 0
124, 2, 0
127, 3, 0
124, 2, 0
125, 3, -1
124, 2, 0
126, 3, 0
125, 2, 0
125, 3, 0
124, 2, 0
126, 3, 0
124, 2, 0
126, 3, 0
124, 2, 0
126, 3, 0
124, 2, 0
125, 3, 0
125, 2, 0
126, 3, 0
126, 2, 0
126, 3, 0
123, 2, 0
125, 3, 0
125, 2, -1
124, 3, 0
125, 2, 0
126, 3, 0
124, 2, 0
125, 3, 0
125, 2, 0
125, 3, 0
125, 2, 0
126, 3, 0
125, 2, 0
125, 3, 0
124, 2, 0
125, 4, 0
125, 2, 0
125, 2, 0
125, 3, 0
126, 2, 0
124, 3, 0
126, 2, 0
126, 3, 0
125, 2, 0
124, 3, -1
124, 3, 0
126, 3, 0
126, 2, 0
125, 3, 0
124, 2, 0
125, 3, 0
124, 3, 0
125, 3, 0
126, 2, 0
124, 3, 0
125, 2, 0
125, 3, 0
126, 2, 0
125, 4, -1
125, 2, 0
125, 3, 0
124, 2, 0
126, 3, 0
124, 3, 0
125, 3, 0
126, 2, 0
124, 3, 0
126, 2, 0
130, 4, 0
118, 2, -1
125, 3, 0
125, 2, 0
126, 3, 0
126, 3, 0
123, 2, 0
125, 3, 0
124, 2, 0
128, 3, 0
122, 3, 0
126, 3, 0
125, 2, 0
127, 3, 0
124, 2, 0
165, 4, -1
86, 2, 0
126, 3, 0
125, 2, 0
125, 4, 0
129, 2, 0
122, 3, 0
131, 2, 0
126, 4, 0
127, 2, 0
120, 3, -1
122, 2, 0
123, 3, 0
126, 3, 0
125, 3, 0
124, 2, 0
125, 3, 0
125, 3, 0
125, 3, 0
125, 2, 0
126, 3, 0
124, 2, -1
126, 4, 0
124, 2, 0
126, 3, 0
125, 2, 0
124, 4, 0
126, 2, 0
124, 2, 0
126, 3, 0
125, 3, -1
125, 3, 0
125, 2, 0
124, 4, 0
125, 2, 0
125, 3, 0
126, 2, 0
124, 3, 0
126, 3, 0
124, 3, -1
125, 2, 0
125, 3, 0
125, 3, 0
125, 3, 0
125, 2, 0
126, 4, 0
125, 2, 0
124, 3, -1
125, 2, 0
125, 4, 0
125, 2, 0
125, 3, 0
125, 2, 0
125, 4, 0
127, 2, 0
123, 3, -1
126, 2, 0
124, 4, 0
125, 2, 0
126, 3, 0
124, 2, 0
125, 4, 0
126, 2, 0
125, 3, -1
124, 2, 0
125, 3, 0
125, 3, 0
125, 2, 0
125, 4, 0
126, 2, 0
125, 3, -1
125, 2, 0
125, 4, 0
125, 2, 0
125, 3, 0
124, 2, 0
126, 3, 0
124, 3, -1
129, 3, 0
122, 2, 0
125, 3, 0
125, 2, 0
125, 4, -1
125, 2, 0
125, 3, 0
125, 2, 0
125, 3, 0
124, 3, 0
126, 3, -1
125, 2, 0
125, 3, 0
125, 2, 0
125, 3, 0
125, 3, 0
126, 3, -1
124, 2, 0
125, 3, 0
128, 2, 0
123, 3, 0
124, 2, -1
128, 2, 0
121, 4, 0
125, 2, 0
124, 3, 0
126, 2, 0
125, 3, -1
128, 2, 0
123, 4, 0
125, 2, 0
125, 3, -1
124, 2, 0
125, 3, 0
128, 2, 0
121, 3, 0
128, 2, -1
123, 3, 0
125, 2, 0
127, 3, 0
126, 2, -1
121, 3, 0
125, 3, 0
125, 3, 0
124, 2, 0
126, 3, -1
125, 2, 0
124, 3, 0
126, 2, 0
124, 3, -1
126, 2, 0
125, 3, 0
124, 2, 0
131, 3, 0
121, 2, -1
124, 3, 0
127, 2, 0
124, 2, 0
127, 3, -1
123, 2, 0
126, 3, 0
123, 2, 0
127, 3, -1
122, 2, 0
135, 2, 0
125, 2, 0
116, 3, -1
134, 2, 0
116, 3, 0
125, 2, 0
126, 3, -1
126, 2, 0
125, 3, 0
124, 2, -1
125, 3, 0
126, 1, 0
126, 3, -1
123, 2, 0
125, 3, 0
125, 2, 0
126, 3, -1
125, 2, 0
123, 2, 0
125, 2, -1
131, 3, 0
119, 2, 0
125, 3, -1
125, 1, 0
126, 3, 0
124, 2, -1
127, 3, 0
124, 1, 0
125, 3, -1
125, 2, 0
125, 2, 0
125, 2, -1
125, 2, 0
124, 3, 0
125, 1, -1
124, 3, 0
126, 2, 0
125, 2, -1
125, 2, 0
125, 3, 0
126, 1, -1
123, 3, 0
126, 2, 0
124, 2, -1
125, 2, 0
127, 2, -1
123, 2, 0
126, 2, 0
132, 2, -1
118, 3, 0
124, 1, 0
125, 3, -1
125, 1, 0
125, 3, -1
124, 1, 0
125, 3, 0
126, 1, -1
124, 3, 0
126, 1, -1
125, 2, 0
127, 2, 0
129, 2, -1
120, 2, 0
124, 2, -1
126, 2, 0
124, 2, -1
125, 1, 0
125, 2, 0
125, 2, -1
127, 2, 0
124, 2, 0
125, 1, -1
125, 3, 0
125, 1, -1
125, 2, 0
126, 2, -1
125, 2, 0
124, 1, 0
126, 2, -1
124, 2, 0
126, 2, -1
124, 1, 0
126, 2, -1
125, 1, 0
125, 2, -1
125, 2, 0
125, 2, 0
125, 1, -1
126, 2, 0
125, 1, -1
123, 2, 0
126, 2, -1
124, 2, 0
125, 1, -1
125, 2, 0
125, 1, 0
126, 2, -1
124, 1, 0
126, 2, -1
125, 1, 0
125, 2, -1
124, 1, 0
126, 2, -1
124, 1, 0
126, 1, 0
124, 1, -1
124, 2, 0
132, 1, -1
121, 1, 0
124, 2, -1
125, 1, 0
125, 2, -1
126, 1, 0
124, 1, -1
125, 1, 0
125, 2, -1
125, 1, 0
125, 1, -1
125, 1, 0
125, 2, -1
126, 1, 0
124, 1, 0
124, 1, -1
125, 2, 0
126, 1, -1
125, 1, 0
124, 1, -1
126, 1, 0
125, 1, -1
124, 2, 0
126, 0, -1
124, 2, 0
126, 1, 0
130, 1, -1
121, 1, 0
125, 1, -1
125, 1, 0
126, 1, -1
122, 1, 0
126, 0, -1
123, 1, 0
131, 1, -1
123, 1, 0
123, 1, 0
125, 1, -1
126, 1, -1
124, 1, 0
124, 1, 0
125, 1, -1
268, 1, -1
107, 1, 0
126, 1, -1
249, 1, -1
125, 1, 0
125, 1, 0
125, 0, -1
125, 1, 0
125, 0, -1
126, 1, 0
124, 1, -1
249, 1, 0
126, 1, -1
248, 1, -1
252, 1, -1
249, 1, 0
126, 0, -1
125, 1, 0
124, 0, -1
126, 1, 0
250, 0, -1
125, 1, 0
125, 0, -1
125, 1, 0
251, 0, -1
249, 1, 0
124, 0, -1
374, 1, -1
250, 0, -1
250, 1, 0
250, 0, -1
406, 0, -1
344, 0, -1
250, 1, 0
407, 0, -1
343, 0, -1
754, 0, -1
1164, -1, -1
709, 0, -1
126, -1, 0
625, -1, 0
501, -1, -1
532, -1, 0
341, -1, 0
126, 0, -1
124, -1, 0
375, -1, 0
375, -1, -1
413, -1, 0
211, -1, 0
252, -1, 0
124, 0, -1
126, -1, 0
250, -1, 0
258, -1, 0
241, -1, -1
250, -1, 0
125, -1, 0
250, -1, 0
126, 0, -1
125, -1, 0
249, -1, 0
125, -1, 0
127, -1, 0
249, -1, -1
252, -1, 0
124, -1, 0
125, -1, 0
252, -1, -1
126, -1, 0
122, -1, 0
249, -1, 0
126, -1, -1
252, -2, 0
248, -1, 0
125, -1, 0
125, -1, -1
124, -1, 0
125, -1, 0
250, -2, 0
125, 0, -1
126, -1, 0
125, -1, 0
124, -1, 0
126, -1, 0
124, -1, 0
125, -1, -1
125, -1, 0
126, -1, 0
127, -1, 0
121, -1, 0
126, -1, -1
125, -1, 0
124, -1, 0
124, -1, 0
126, -2, 0
125, 0, -1
125, -2, 0
124, -1, 0
126, -1, 0
125, -1, 0
125, -1, -1
125, -1, 0
125, -2, 0
126, -1, 0
130, -1, 0
122, -1, -1
123, -2, 0
125, -1, 0
126, -1, 0
128, -1, 0
120, -1, -1
126, -2, 0
124, -1, 0
125, -1, 0
125, -1, 0
130, -2, -1
123, -1, 0
123, -2, 0
125, -1, 0
125, -2, -1
125, -1, 0
125, -2, 0
125, -1, 0
124, -1, 0
126, -2, -1
125, -1, 0
125, -1, 0
124, -2, 0
126, -1, 0
124, -2, -1
125, -2, 0
125, -1, 0
125, -2, 0
126, -1, -1
124, -2, 0
125, -2, 0
126, -1, 0
124, -2, -1
125, -1, 0
126, -2, 0
125, -2, 0
125, -2, -1
124, -1, 0
126, -2, 0
126, -1, 0
124, -2, -1
125, -2, 0
125, -2, 0
125, -1, 0
125, -2, -1
125, -2, 0
124, -1, 0
127, -3, -1
124, -1, 0
125, -2, 0
125, -2, 0
125, -2, -1
125, -1, 0
125, -3, 0
124, -1, 0
127, -3, -1
124, -1, 0
124, -2, 0
125, -2, 0
126, -2, -1
125, -2, 0
125, -2, 0
125, -2, 0
125, -2, -1
125, -2, 0
132, -2, 0
118, -2, 0
125, -3, -1
125, -1, 0
124, -3, 0
126, -1, 0
131, -3, -1
118, -2, 0
128, -2, 0
122, -2, -1
125, -2, 0
125, -2, 0
125, -3, 0
125, -1, -1
126, -3, 0
124, -2, 0
125, -2, 0
125, -2, -1
125, -3, 0
126, -2, 0
124, -2, 0
125, -2, 0
126, -3, -1
124, -2, 0
125, -2, 0
125, -2, -1
125, -2, 0
124, -3, 0
125, -2, 0
126, -3, -1
126, -2, 0
125, -2, 0
124, -2, 0
126, -3, -1
124, -2, 0
127, -3, 0
124, -2, 0
126, -3, -1
124, -2, 0
125, -3, 0
125, -1, 0
124, -3, -1
125, -3, 0
125, -2, 0
125, -2, 0
126, -3, -1
125, -2, 0
125, -3, 0
124, -3, 0
125, -2, 0
126, -2, -1
124, -4, 0
126, -2, 0
125, -3, 0
126, -2, -1
131, -3, 0
118, -2, 0
130, -3, -1
119, -2, 0
125, -3, 0
125, -2, 0
125, -3, 0
125, -2, -1
125, -3, 0
125, -2, 0
125, -4, 0
126, -2, 0
125, -2, -1
124, -3, 0
125, -2, 0
132, -3, 0
122, -3, 0
123, -3, -1
125, -2, 0
123, -3, 0
124, -3, 0
126, -3, 0
125, -2, -1
125, -3, 0
124, -2, 0
136, -4, 0
126, -2, 0
114, -3, 0
127, -2, -1
125, -4, 0
124, -2, 0
125, -3, 0
124, -2, -1
125, -4, 0
125, -2, 0
125, -3, 0
125, -2, 0
124, -4, 0
126, -2, 0
126, -3, 0
124, -3, -1
125, -3, 0
125, -2, 0
125, -4, 0
125, -2, 0
125, -3, -1
126, -3, 0
126, -3, 0
123, -2, 0
125, -4, 0
125, -2, 0
126, -4, -1
124, -2, 0
125, -2, 0
126, -4, 0
125, -2, 0
124, -4, 0
125, -2, 0
125, -4, 0
125, -2, 0
125, -4, -1
126, -2, 0
124, -3, 0
126, -3, 0
124, -3, 0
125, -3, 0
125, -3, 0
125, -3, 0
125, -3, -1
129, -3, 0
125, -3, 0
123, -3, 0
123, -4, 0
124, -2, 0
127, -4, 0
126, -2, 0
124, -4, -1
125, -2, 0
129, -4, 0
124, -2, 0
126, -4, 0
122, -2, 0
125, -4, 0
124, -2, 0
132, -4, 0
120, -2, -1
123, -4, 0
127, -2, 0
121, -4, 0
127, -3, 0
125, -3, 0
127, -3, 0
125, -4, 0
125, -2, 0
121, -4, -1
128, -2, 0
124, -4, 0
124, -3, 0
126, -2, 0
124, -4, 0
126, -2, 0
125, -4, 0
125, -3, 0
127, -4, -1
123, -2, 0
126, -4, 0
123, -3, 0
126, -3, 0
123, -3, 0
127, -4, 0
125, -2, 0
126, -4, 0
124, -3, 0
125, -3, -1
125, -3, 0
125, -4, 0
125, -2, 0
125, -4, 0
125, -3, 0
126, -4, 0
124, -2, 0
125, -4, 0
125, -3, -1
125, -4, 0
126, -2, 0
123, -4, 0
125, -3, 0
126, -3, 0
124, -3, 0
126, -4, 0
124, -2, 0
127, -4, 0
124, -3, 0
128, -4, 0
124, -2, 0
124, -4, 0
123, -3, 0
126, -2, 0
124, -4, 0
125, -3, 0
125, -4, 0
125, -2, -1
125, -4, 0
129, -3, 0
122, -4, 0
128, -2, 0
124, -4, 0
123, -3, 0
123, -3, 0
127, -3, 0
125, -4, 0
127, -2, 0
123, -4, 0
125, -3, 0
125, -4, 0
124, -2, 0
125, -4, 0
126, -3, 0
126, -4, 0
125, -2, 0
124, -4, 0
124, -2, 0
126, -4, 0
124, -3, 0
126, -4, 0
124, -2, 0
125, -4, 0
126, -3, 0
124, -3, 0
126, -3, 0
124, -4, 0
126, -2, 0
124, -4, 0
129, -3, 0
124, -3, 0
126, -3, 0
121, -4, 0
129, -2, 0
124, -3, 0
125, -4, 0
125, -2, 0
126, -4, 0
126, -3, 0
122, -3, 0
122, -3, 0
127, -4, 0
124, -2, 0
126, -4, 1
125, -2, 0
125, -4, 0
126, -3, 0
125, -3, 0
123, -3, 0
126, -4, 0
126, -2, 0
124, -4, 0
125, -2, 0
125, -4, 0
124, -2, 0
127, -4, 1
123, -3, 0
125, -3, 0
125, -3, 0
126, -3, 0
125, -3, 0
124, -4, 0
125, -2, 0
126, -4, 0
125, -2, 0
124, -4, 0
125, -2, 0
126, -4, 1
124, -2, 0
126, -4, 0
125, -2, 0
125, -4, 0
124, -3, 0
131, -2, 0
125, -4, 0
120, -2, 0
125, -4, 0
125, -2, 1
124, -4, 0
126, -2, 0
125, -4, 0
124, -2, 0
125, -3, 0
125, -3, 0
126, -3, 0
125, -3, 0
124, -3, 1
126, -3, 0
125, -3, 0
124, -3, 0
125, -3, 0
125, -2, 0
125, -4, 0
125, -2, 0
128, -4, 0
123, -2, 1
124, -3, 0
125, -3, 0
126, -3, 0
126, -3, 0
125, -3, 0
124, -2, 0
125, -4, 1
125, -2, 0
124, -4, 0
125, -2, 0
126, -3, 0
124, -2, 0
126, -4, 0
124, -2, 0
125, -4, 1
126, -2, 0
124, -3, 0
125, -2, 0
125, -3, 0
125, -3, 0
126, -2, 0
125, -4, 0
124, -2, 0
127, -3, 1
124, -2, 0
125, -3, 0
125, -3, 0
124, -3, 0
124, -2, 0
125, -3, 0
126, -3, 0
126, -3, 1
124, -2, 0
124, -3, 0
126, -3, 0
124, -3, 0
125, -2, 1
126, -3, 0
123, -2, 0
126, -3, 0
125, -2, 0
126, -3, 0
124, -3, 0
125, -3, 0
126, -2, 1
124, -3, 0
125, -2, 0
126, -3, 0
124, -2, 0
125, -3, 0
125, -2, 0
126, -3, 1
125, -2, 0
126, -4, 0
125, -2, 0
127, -2, 0
123, -3, 0
125, -2, 1
125, -2, 0
124, -2, 0
125, -3, 0
125, -3, 0
125, -2, 0
127, -2, 1
124, -3, 0
125, -2, 0
124, -3, 0
125, -2, 0
126, -3, 0
125, -2, 0
125, -3, 1
125, -2, 0
124, -2, 0
126, -2, 0
124, -3, 0
126, -2, 0
124, -3, 1
125, -2, 0
126, -2, 0
125, -2, 0
124, -3, 0
126, -2, 1
125, -3, 0
124, -1, 0
125, -3, 0
127, -2, 0
127, -3, 1
125, -1, 0
122, -3, 0
126, -2, 0
125, -2, 0
124, -2, 0
125, -3, 1
125, -2, 0
125, -2, 0
126, -2, 0
125, -3, 1
124, -1, 0
125, -2, 0
125, -3, 0
125, -1, 0
125, -3, 0
125, -1, 1
126, -3, 0
123, -2, 0
127, -2, 0
124, -2, 0
124, -2, 1
154, -2, 0
97, -2, 0
125, -2, 0
132, -2, 0
118, -2, 1
125, -2, 0
125, -2, 0
125, -2, 0
125, -2, 0
125, -2, 1
125, -2, 0
125, -2, 0
125, -2, 0
125, -2, 0
125, -1, 1
125, -3, 0
125, -1, 0
125, -2, 0
125, -2, 0
125, -2, 1
126, -1, 0
123, -3, 0
127, -1, 0
125, -2, 0
125, -1, 0
126, -3, 1
125, -1, 0
125, -2, 0
124, -2, 1
125, -1, 0
124, -2, 0
126, -1, 0
124, -2, 0
125, -2, 0
125, -1, 1
126, -2, 0
124, -2, 0
124, -1, 0
126, -2, 1
124, -1, 0
126, -2, 0
126, -1, 0
124, -2, 0
126, -2, 1
124, -2, 0
125, -1, 0
125, -2, 0
125, -1, 0
125, -2, 1
125, -1, 0
126, -1, 0
125, -2, 0
124, -1, 0
125, -2, 1
125, -1, 0
125, -1, 0
125, -2, 0
125, -1, 0
125, -2, 0
126, -1, 1
124, -1, 0
125, -1, 0
124, -2, 0
126, -1, 0
127, -2, 1
124, -1, 0
124, -1, 0
126, -1, 0
124, -1, 0
125, -1, 1
125, -1, 0
125, -2, 0
125, -1, 0
125, -1, 0
125, -1, 0
126, -1, 1
124, -1, 0
126, -2, 0
252, -2, 0
122, -1, 0
125, -1, 1
123, -1, 0
128, -1, 0
124, -1, 0
125, -1, 0
125, -1, 0
124, -1, 1
131, -1, 0
118, -1, 0
252, -2, 0
249, -1, 0
126, -1, 1
125, -1, 0
124, -1, 0
125, -1, 0
250, -1, 0
125, -1, 0
124, -1, 1
251, -1, 0
250, -1, 0
125, -1, 0
249, -1, 0
126, -1, 1
249, -1, 0
250, -1, 0
126, -1, 0
250, -1, 0
251, -1, 1
375, -1, 0
250, -1, 0
375, -1, 0
249, 0, 1
126, -1, 0
376, -1, 0
750, -1, 0
1126, 0, 1
3001, 1, 0
623, 1, 1
502, 1, 0
498, 1, 0
408, 1, 0
92, 0, 1
248, 1, 0
375, 1, 0
251, 1, 0
254, 1, 0
120, 0, 1
249, 1, 0
251, 1, 0
249, 1, 0
126, 0, 1
124, 1, 0
250, 1, 0
251, 1, 0
249, 1, 0
126, 0, 1
124, 1, 0
250, 1, 0
127, 1, 0
249, 1, 1
249, 1, 0
125, 1, 0
250, 1, 0
127, 1, 0
125, 0, 1
126, 1, 0
124, 1, 0
125, 1, 0
249, 1, 1
126, 1, 0
125, 1, 0
125, 1, 0
249, 1, 0
128, 1, 1
123, 1, 0
125, 1, 0
249, 1, 0
125, 1, 0
127, 1, 1
124, 1, 0
125, 1, 0
125, 1, 0
125, 1, 0
249, 2, 0
126, 0, 1
126, 1, 0
124, 1, 0
125, 1, 0
125, 1, 0
125, 1, 1
124, 1, 0
126, 1, 0
124, 1, 0
127, 1, 0
125, 1, 1
124, 1, 0
125, 1, 0
125, 1, 0
125, 2, 0
249, 2, 1
127, 1, 0
124, 1, 0
132, 1, 0
123, 1, 0
119, 1, 1
136, 2, 0
115, 1, 0
125, 1, 0
126, 1, 0
124, 1, 1
125, 1, 0
125, 2, 0
125, 1, 0
125, 1, 0
125, 1, 0
125, 2, 1
126, 1, 0
124, 1, 0
125, 1, 0
125, 2, 0
125, 1, 0
125, 2, 1
251, 2, 0
125, 1, 0
124, 2, 0
124, 1, 1
125, 1, 0
126, 2, 0
125, 1, 0
126, 2, 0
124, 1, 0
127, 2, 1
123, 1, 0
125, 2, 0
125, 1, 0
125, 2, 0
125, 1, 0
125, 2, 1
125, 1, 0
126, 2, 0
124, 1, 0
125, 2, 0
126, 1, 1
124, 2, 0
125, 1, 0
125, 2, 0
126, 1, 0
125, 2, 0
124, 2, 1
125, 2, 0
125, 1, 0
125, 2, 0
125, 1, 0
125, 2, 0
125, 2, 0
126, 2, 1
124, 1, 0
125, 2, 0
125, 1, 0
125, 3, 0
125, 1, 0
124, 1, 1
126, 2, 0
129, 2, 0
123, 2, 0
123, 1, 0
126, 2, 0
124, 2, 1
125, 2, 0
125, 2, 0
125, 2, 0
126, 1, 0
124, 2, 1
125, 2, 0
125, 2, 0
126, 2, 0
124, 2, 0
125, 2, 0
125, 2, 0
126, 1, 1
123, 3, 0
126, 1, 0
125, 3, 0
125, 1, 0
125, 3, 0
125, 1, 1
125, 3, 0
126, 1, 0
124, 3, 0
125, 1, 0
125, 3, 0
125, 1, 0
126, 3, 1
124, 1, 0
125, 3, 0
126, 1, 0
124, 2, 0
125, 3, 1
125, 1, 0
125, 3, 0
125, 2, 0
125, 2, 0
126, 2, 1
127, 2, 0
122, 2, 0
125, 3, 0
125, 1, 0
125, 3, 0
125, 2, 0
124, 3, 1
127, 1, 0
125, 3, 0
123, 2, 0
126, 2, 0
125, 2, 1
125, 3, 0
125, 2, 0
125, 2, 0
125, 2, 0
126, 3, 0
124, 2, 1
125, 3, 0
125, 1, 0
125, 3, 0
125, 2, 0
125, 3, 1
125, 2, 0
124, 3, 0
126, 1, 0
126, 3, 0
124, 2, 0
125, 2, 0
125, 3, 1
125, 2, 0
125, 3, 0
133, 2, 0
118, 2, 0
127, 2, 0
122, 3, 0
125, 2, 1
125, 3, 0
124, 2, 0
125, 3, 0
127, 2, 0
124, 3, 1
126, 2, 0
124, 3, 0
125, 2, 0
125, 3, 0
125, 2, 0
125, 3, 0
126, 2, 1
124, 3, 0
125, 2, 0
125, 3, 0
126, 2, 0
125, 3, 0
123, 2, 1
126, 3, 0
126, 3, 0
124, 3, 0
125, 2, 0
125, 3, 0
125, 2, 0
125, 3, 1
125, 2, 0
125, 2, 0
126, 3, 0
124, 2, 0
125, 4, 0
125, 2, 1
125, 3, 0
124, 2, 0
126, 3, 0
125, 2, 0
125, 4, 0
126, 2, 1
124, 3, 0
125, 2, 0
125, 3, 0
125, 2, 0
125, 4, 1
127, 2, 0
124, 3, 0
124, 2, 0
125, 4, 0
126, 2, 0
124, 3, 1
125, 2, 0
126, 3, 0
124, 3, 0
126, 3, 0
124, 2, 0
125, 4, 0
126, 2, 1
124, 3, 0
125, 2, 0
125, 4, 0
125, 2, 0
126, 3, 0
124, 3, 1
125, 2, 0
125, 3, 0
127, 3, 0
123, 3, 0
125, 2, 0
125, 4, 1
127, 2, 0
124, 3, 0
126, 3, 0
124, 3, 0
125, 2, 0
125, 4, 0
124, 2, 1
124, 4, 0
140, 2, 0
115, 3, 0
127, 2, 0
128, 4, 0
117, 2, 0
128, 4, 1
122, 2, 0
132, 3, 0
118, 3, 0
124, 3, 0
125, 3, 1
125, 3, 0
125, 2, 0
125, 4, 0
125, 2, 0
126, 4, 0
125, 2, 0
124, 4, 1
126, 2, 0
124, 4, 0
126, 2, 0
125, 2, 0
126, 4, 0
124, 2, 1
125, 4, 0
125, 2, 0
124, 4, 0
126, 3, 0
124, 3, 0
125, 2, 0
126, 4, 0
124, 2, 1
127, 4, 0
124, 2, 0
125, 4, 0
125, 2, 0
124, 4, 0
126, 3, 1
125, 3, 0
124, 3, 0
126, 3, 0
124, 3, 0
125, 3, 0
125, 3, 0
126, 3, 1
124, 3, 0
125, 3, 0
126, 3, 0
125, 3, 0
125, 3, 0
125, 4, 0
126, 2, 1
124, 4, 0
130, 2, 0
122, 4, 0
124, 2, 0
124, 3, 0
124, 4, 0
125, 2, 0
125, 4, 1
125, 2, 0
125, 4, 0
125, 2, 0
125, 4, 0
126, 3, 0
124, 3, 0
125, 3, 1
125, 3, 0
125, 3, 0
125, 4, 0
125, 2, 0
125, 4, 0
126, 2, 0
124, 4, 1
126, 3, 0
124, 3, 0
125, 3, 0
125, 4, 0
125, 2, 0
125, 4, 0
126, 2, 0
126, 4, 1
123, 2, 0
125, 4, 0
125, 2, 0
125, 4, 0
125, 3, 0
125, 4, 0
126, 2, 1
124, 4, 0
125, 2, 0
125, 3, 0
125, 3, 0
125, 3, 0
125, 4, 0
125, 2, 0
126, 4, 1
124, 2, 0
125, 4, 0
125, 3, 0
125, 3, 0
125, 3, 0
126, 4, 0
124, 2, 0
126, 4, 1
124, 2, 0
125, 4, 0
125, 3, 0
125, 3, 0
125, 3, 0
125, 4, 1
125, 2, 0
126, 4, 0
124, 2, 0
125, 4, 0
127, 2, 0
123, 4, 0
125, 3, 1
125, 3, 0
124, 3, 0
127, 3, 0
124, 3, 0
125, 4, 0
128, 2, 0
124, 2, 0
124, 4, 0
125, 3, 1
125, 3, 0
125, 3, 0
124, 3, 0
125, 3, 0
125, 3, 0
125, 3, 0
125, 3, 0
125, 3, 1
125, 4, 0
128, 2, 0
123, 4, 0
124, 2, 0
125, 4, 0
125, 3, 0
125, 3, 1
125, 3, 0
125, 3, 0
126, 3, 0
124, 3, 0
125, 3, 0
125, 3, 0
125, 3, 0
125, 3, 1
125, 3, 0
125, 3, 0
126, 3, 0
124, 3, 0
126, 3, 0
124, 3, 0
125, 3, 0
125, 3, 1
124, 3, 0
126, 3, 0
126, 3, 0
126, 2, 0
126, 4, 0
124, 2, 0
122, 3, 0
126, 3, 1
125, 3, 0
125, 3, 0
126, 3, 0
124, 3, 0
125, 3, 0
125, 3, 0
125, 3, 0
125, 3, 0
125, 3, 1
125, 2, 0
126, 4, 0
124, 2, 0
126, 4, 0
126, 2, 0
124, 4, 0
125, 2, 0
125, 3, 0
125, 3, 1
125, 3, 0
124, 3, 0
130, 3, 0
126, 2, 0
118, 4, 0
125, 2, 0
128, 3, 0
124, 3, 0
124, 3, 0
124, 3, 0
128, 3, 0
124, 2, 0
125, 2, 1
123, 4, 0
129, 2, 0
126, 4, 0
132, 2, 0
117, 3, 0
123, 2, 0
126, 4, 0
122, 2, 0
125, 3, 0
125, 3, 0
125, 3, 0
127, 2, 0
123, 3, 0
125, 3, 1
126, 3, 0
125, 2, 0
124, 4, 0
125, 2, 0
126, 3, 0
130, 2, 0
120, 4, 0
124, 2, 0
126, 3, 0
126, 2, 0
125, 3, 0
124, 3, 0
125, 3, 0
126, 2, 0
124, 3, 0
125, 2, 0
125, 3, 0
125, 3, 0
125, 3, 0
125, 2, 0
125, 2, 0
126, 3, 0
124, 2, 0
126, 3, 0
124, 2, 0
125, 3, 0
125, 3, 0
125, 3, 0
124, 2, 0
127, 3, 0
124, 2, 0
126, 3, 0
124, 2, 0
125, 3, 0
126, 2, 0
124, 3, 0
125, 2, 0
126, 3, 0
124, 2, 0
124, 3, 0
129, 2, 0
125, 3, 0
126, 2, 0
125, 3, 0
123, 2, 0
125, 3, 0
123, 2, 0
125, 3, 0
125, 2, 0
127, 2, 0
124, 2, 0
125, 3, 0
125, 2, 0
126, 2, 0
123, 3, 0
125, 2, 0
125, 2, 0
125, 2, 0
125, 3, 0
127, 2, 0
124, 3, 0
125, 2, 0
125, 2, 0
124, 2, 0
125, 3, 0
125, 2, 0
126, 2, 0
124, 2, -1
126, 3, 0
125, 1, 0
124, 3, 0
125, 2, 0
125, 2, 0
125, 2, 0
125, 3, 0
126, 2, 0
131, 2, -1
120, 2, 0
126, 2, 0
126, 2, 0
122, 3, 0
124, 1, 0
125, 3, 0
127, 1, 0
123, 3, 0
126, 1, -1
124, 3, 0
125, 1, 0
125, 2, 0
125, 2, 0
125, 2, 0
125, 2, 0
125, 2, 0
127, 2, -1
124, 2, 0
126, 2, 0
125, 2, 0
124, 2, 0
125, 1, 0
124, 3, -1
125, 1, 0
126, 2, 0
124, 2, 0
127, 2, 0
124, 1, 0
124, 3, -1
130, 1, 0
123, 2, 0
124, 2, 0
132, 2, 0
121, 1, 0
122, 2, -1
131, 2, 0
116, 2, 0
129, 1, 0
135, 2, 0
115, 1, 0
124, 2, -1
124, 1, 0
124, 2, 0
127, 2, 0
125, 2, 0
123, 1, -1
125, 2, 0
125, 1, 0
126, 1, 0
124, 2, 0
125, 1, -1
126, 2, 0
125, 1, 0
125, 2, 0
125, 1, 0
124, 2, -1
126, 1, 0
124, 2, 0
125, 1, 0
125, 2, 0
125, 1, -1
125, 2, 0
125, 1, 0
125, 1, 0
126, 1, 0
125, 2, -1
124, 1, 0
125, 2, 0
125, 1, 0
125, 1, -1
125, 1, 0
125, 2, 0
126, 1, 0
124, 1, 0
125, 1, -1
125, 2, 0
125, 1, 0
124, 1, 0
126, 1, -1
126, 1, 0
125, 1, 0
125, 1, 0
126, 1, 0
123, 1, -1
125, 1, 0
125, 1, 0
125, 1, 0
125, 1, -1
125, 1, 0
124, 1, 0
125, 1, 0
125, 1, -1
125, 1, 0
126, 1, 0
130, 1, 0
121, 1, -1
125, 1, 0
124, 1, 0
125, 1, 0
125, 0, -1
125, 1, 0
125, 1, 0
126, 1, 0
124, 1, -1
126, 1, 0
249, 1, 0
250, 1, -1
125, 1, 0
125, 1, 0
250, 1, -1
257, 1, 0
119, 1, 0
126, 0, -1
124, 1, 0
250, 1, 0
126, 0, -1
124, 1, 0
249, 1, 0
126, 0, -1
125, 1, 0
376, 1, -1
374, 1, 0
250, 1, -1
504, 1, -1
496, 0, -1
250, 1, 0
414, 0, -1
622, 0, -1
589, 0, -1
751, 0, -1
750, 0, -1
624, -1, 0
125, 0, -1
409, -1, 0
499, 0, -1
92, -1, 0
374, -1, 0
127, 0, -1
248, -1, 0
375, -1, -1
250, -1, 0
250, 0, -1
127, -1, 0
405, -1, 0
94, 0, -1
124, -1, 0
250, -1, 0
126, 0, -1
125, -1, 0
249, -1, 0
126, 0, -1
125, -1, 0
249, -1, 0
126, -1, -1
249, -1, 0
125, 0, -1
126, -1, 0
126, -1, 0
249, -1, -1
125, -1, 0
249, -1, -1
126, -1, 0
257, -1, 0
118, -1, -1
249, -1, 0
124, -1, -1
126, -1, 0
250, -1, -1
125, -1, 0
125, -1, 0
125, -1, 0
126, -1, -1
250, -1, -1
126, -1, 0
125, -1, 0
124, -1, 0
124, 0, -1
125, -1, 0
125, -1, 0
125, -1, -1
125, -1, 0
125, -1, 0
126, -1, -1
123, -1, 0
126, -1, 0
125, -1, -1
126, -1, 0
125, -1, 0
125, -1, -1
125, -1, 0
125, -1, 0
124, -1, -1
125, -1, 0
126, -1, 0
125, -1, -1
125, -1, 0
125, -2, 0
125, 0, -1
126, -1, 0
124, -2, 0
126, -1, -1
124, -1, 0
125, -1, 0
125, -1, -1
125, -1, 0
125, -2, 0
126, -1, -1
124, -1, 0
126, -1, 0
125, -2, -1
126, -1, 0
125, -1, 0
124, -1, 0
123, -2, -1
127, -1, 0
125, -1, 0
124, -1, -1
124, -2, 0
126, -1, 0
124, -2, -1
126, -1, 0
125, -1, 0
126, -2, 0
124, -1, -1
125, -1, 0
125, -2, 0
125, -1, 0
125, -2, -1
126, -1, 0
124, -2, 0
126, -1, -1
124, -2, 0
130, -1, 0
124, -2, 0
120, -1, -1
128, -2, 0
124, -1, 0
125, -2, 0
125, -1, -1
125, -2, 0
125, -2, 0
126, -1, -1
125, -2, 0
124, -1, 0
125, -2, -1
124, -2, 0
126, -2, 0
124, -1, 0
125, -2, -1
127, -2, 0
126, -2, 0
125, -1, 0
125, -2, -1
125, -2, 0
124, -2, 0
123, -1, 0
126, -2, -1
124, -2, 0
125, -2, 0
125, -1, -1
125, -3, 0
125, -1, 0
129, -2, 0
123, -2, -1
124, -2, 0
124, -2, 0
126, -2, 0
127, -2, -1
124, -2, 0
123, -2, 0
127, -2, 0
123, -1, -1
126, -3, 0
126, -1, 0
124, -3, 0
125, -2, -1
125, -1, 0
124, -3, 0
126, -1, 0
124, -3, -1
126, -1, 0
124, -3, 0
125, -2, 0
124, -2, 0
126, -2, -1
125, -2, 0
133, -2, 0
122, -3, 0
121, -2, 0
124, -2, -1
125, -2, 0
125, -2, 0
123, -2, 0
127, -3, 0
126, -2, -1
124, -3, 0
152, -1, 0
98, -3, 0
124, -2, 0
126, -3, -1
124, -2, 0
125, -2, 0
126, -2, 0
125, -3, -1
124, -2, 0
125, -3, 0
126, -2, 0
125, -3, 0
125, -2, -1
124, -3, 0
126, -2, 0
123, -1, 0
126, -3, -1
126, -2, 0
124, -3, 0
125, -2, 0
138, -3, 0
112, -2, 0
126, -3, -1
125, -2, 0
125, -4, 0
125, -2, 0
125, -3, 0
124, -2, 0
125, -3, -1
127, -2, 0
124, -3, 0
124, -2, 0
125, -3, 0
125, -2, -1
125, -4, 0
125, -2, 0
146, -3, 0
105, -2, 0
125, -3, -1
124, -2, 0
126, -3, 0
124, -3, 0
125, -3, 0
125, -2, 0
125, -3, -1
130, -2, 0
121, -4, 0
124, -2, 0
125, -3, 0
125, -3, 0
125, -3, -1
125, -2, 0
125, -3, 0
126, -3, 0
125, -2, 0
123, -3, 0
127, -3, 0
125, -3, -1
125, -2, 0
125, -4, 0
125, -2, 0
125, -3, 0
126, -3, 0
124, -3, 0
126, -2, -1
124, -4, 0
125, -2, 0
125, -4, 0
125, -2, 0
125, -3, 0
133, -3, 0
127, -3, 0
115, -2, -1
123, -4, 0
126, -2, 0
127, -4, 0
123, -2, 0
126, -4, 0
125, -2, 0
124, -4, 0
125, -2, 0
126, -4, -1
125, -2, 0
124, -4, 0
125, -2, 0
126, -4, 0
126, -2, 0
123, -4, 0
126, -2, 0
125, -4, 0
126, -2, 0
124, -4, 0
125, -2, -1
125, -3, 0
125, -4, 0
125, -2, 0
125, -4, 0
125, -2, 0
125, -4, 0
125, -2, 0
125, -4, 0
125, -2, 0
125, -4, 0
125, -3, -1
125, -3, 0
125, -3, 0
125, -4, 0
125, -2, 0
125, -4, 0
123, -3, 0
127, -3, 0
126, -3, 0
124, -4, 0
125, -2, 0
125, -4, 0
125, -3, 0
125, -3, -1
126, -3, 0
124, -4, 0
125, -2, 0
125, -4, 0
125, -3, 0
125, -4, 0
125, -2, 0
125, -4, 0
125, -3, 0
125, -4, 0
125, -2, 0
125, -4, -1
126, -3, 0
124, -4, 0
126, -2, 0
123, -3, 0
124, -4, 0
126, -3, 0
125, -4, 0
128, -3, 0
125, -3, 0
123, -3, 0
124, -4, 0
127, -3, 0
129, -4, -1
125, -2, 0
137, -4, 0
108, -3, 0
125, -4, 0
124, -3, 0
125, -4, 0
125, -3, 0
125, -4, 0
126, -2, 0
124, -4, 0
128, -3, 0
124, -4, -1
124, -3, 0
124, -4, 0
126, -3, 0
126, -4, 0
125, -3, 0
123, -4, 0
126, -3, 0
125, -4, 0
125, -2, 0
125, -4, -1
125, -3, 0
125, -4, 0
126, -3, 0
125, -4, 0
124, -3, 0
126, -4, 0
137, -3, 0
122, -3, 0
117, -4, 0
124, -3, 0
125, -4, 0
124, -3, 0
125, -4, -1
125, -3, 0
125, -4, 0
125, -3, 0
125, -4, 0
125, -3, 0
126, -4, 0
124, -3, 0
125, -4, 0
125, -3, 0
125, -4, 0
125, -3, -1
126, -4, 0
124, -3, 0
126, -4, 0
124, -3, 0
125, -4, 0
125, -3, 0
125, -4, 0
125, -3, 0
125, -4, 0
126, -3, 0
125, -4, 0
125, -3, 0
125, -4, 0
124, -3, -1
125, -4, 0
132, -3, 0
118, -4, 0
126, -3, 0
125, -4, 0
124, -3, 0
125, -3, 0
125, -4, 0
125, -3, 0
125, -4, 0
125, -3, 0
125, -4, 0
126, -3, 0
124, -5, 0
125, -2, 0
125, -5, 0
125, -3, 0
126, -4, 0
124, -3, -1
125, -4, 0
126, -3, 0
124, -4, 0
126, -3, 0
124, -4, 0
126, -3, 0
124, -4, 0
125, -3, 0
125, -4, 0
126, -3, 0
124, -4, 0
126, -3, 0
124, -4, 0
125, -3, 0
125, -4, 0
125, -3, 0
125, -4, 0
126, -3, 0
124, -4, 0
125, -3, 0
125, -5, 0
125, -2, 0
125, -5, 0
126, -2, 0
124, -3, 0
126, -4, 0
124, -3, 0
126, -5, 0
124, -2, 0
125, -4, 0
125, -3, 0
126, -4, 0
124, -3, 0
126, -4, 0
124, -3, 0
125, -4, 0
125, -3, 0
125, -4, 0
125, -3, 0
125, -4, 0
125, -3, 0
126, -4, 0
124, -3, 0
125, -4, 0
125, -3, 0
127, -4, 0
124, -3, 0
124, -4, 0
125, -3, 0
126, -4, 0
124, -3, 0
125, -4, 0
125, -2, 0
125, -5, 0
125, -2, 0
125, -4, 0
125, -3, 0
126, -4, 0
124, -3, 0
125, -4, 1
125, -3, 0
125, -4, 0
125, -3, 0
125, -2, 0
125, -4, 0
126, -3, 0
124, -4, 0
125, -3, 0
125, -4, 0
125, -3, 0
125, -4, 0
125, -2, 0
125, -4, 0
126, -3, 0
124, -4, 1
125, -2, 0
125, -5, 0
125, -2, 0
125, -4, 0
125, -3, 0
125, -4, 0
127, -2, 0
123, -4, 0
125, -3, 0
125, -4, 0
125, -3, 1
125, -4, 0
125, -2, 0
125, -4, 0
126, -3, 0
124, -4, 0
125, -2, 0
127, -4, 0
122, -3, 0
134, -4, 0
128, -2, 0
121, -4, 1
118, -3, 0
130, -4, 0
119, -2, 0
124, -3, 0
125, -4, 0
125, -2, 1
135, -4, 0
115, -3, 0
126, -3, 0
124, -3, 0
125, -4, 0
126, -2, 0
130, -4, 1
120, -3, 0
125, -3, 0
126, -3, 0
126, -3, 0
124, -3, 0
135, -4, 1
192, -2, 0
47, -4, 0
125, -3, 0
125, -3, 0
136, -3, 0
116, -3, 0
124, -3, 1
126, -3, 0
125, -3, 0
125, -4, 0
125, -2, 0
125, -4, 1
125, -2, 0
125, -4, 0
125, -2, 0
125, -3, 0
125, -3, 0
125, -4, 1
125, -2, 0
125, -4, 0
125, -2, 0
125, -2, 0
125, -4, 1
125, -2, 0
125, -4, 0
125, -2, 0
125, -4, 0
125, -2, 1
125, -3, 0
125, -3, 0
124, -3, 0
127, -2, 0
124, -4, 1
125, -2, 0
125, -4, 0
125, -2, 0
125, -3, 0
128, -2, 1
122, -4, 0
125, -2, 0
125, -4, 1
125, -2, 0
125, -3, 0
125, -2, 0
124, -4, 1
126, -2, 0
125, -3, 0
125, -2, 0
125, -4, 1
125, -2, 0
125, -3, 0
125, -2, 0
125, -3, 1
125, -3, 0
125, -3, 0
124, -2, 0
125, -3, 1
126, -2, 0
125, -2, 0
125, -4, 0
125, -2, 1
125, -3, 0
125, -2, 0
124, -3, 0
126, -2, 1
125, -3, 0
130, -2, 0
121, -4, 1
125, -1, 0
125, -4, 0
125, -2, 0
124, -3, 1
124, -2, 0
125, -3, 0
125, -2, 1
125, -3, 0
125, -2, 0
126, -3, 0
124, -2, 1
125, -3, 0
125, -2, 0
125, -3, 1
125, -2, 0
125, -3, 0
125, -1, 1
126, -3, 0
125, -2, 0
125, -3, 0
124, -2, 1
125, -3, 0
125, -2, 0
125, -3, 1
125, -1, 0
126, -2, 0
124, -3, 1
125, -2, 0
125, -3, 0
125, -2, 1
125, -2, 0
125, -2, 0
125, -3, 0
126, -2, 1
124, -2, 0
125, -2, 0
125, -3, 1
125, -2, 0
125, -2, 0
126, -2, 1
124, -3, 0
126, -1, 0
124, -3, 1
125, -2, 0
125, -2, 0
125, -2, 1
125, -2, 0
125, -2, 0
125, -3, 1
126, -1, 0
126, -3, 0
123, -2, 1
125, -2, 0
125, -2, 0
125, -2, 1
125, -2, 0
125, -2, 0
126, -2, 1
124, -2, 0
132, -2, 0
118, -2, 1
125, -2, 0
125, -2, 0
125, -2, 0
125, -1, 1
132, -3, 0
117, -1, 0
127, -2, 1
124, -2, 0
124, -2, 0
126, -1, 1
127, -3, 0
125, -1, 1
125, -2, 0
123, -2, 0
127, -2, 1
123, -2, 0
125, -2, 0
125, -1, 0
125, -2, 1
144, -2, 0
107, -2, 0
125, -1, 1
124, -2, 0
125, -2, 0
126, -2, 1
125, -1, 0
125, -2, 0
125, -1, 1
125, -2, 0
124, -1, 0
125, -3, 1
125, -1, 0
125, -2, 0
125, -1, 1
125, -2, 0
125, -1, 0
125, -2, 1
124, -1, 0
126, -1, 0
125, -2, 0
125, -1, 1
125, -2, 0
126, -1, 0
124, -2, 1
126, -1, 0
124, -2, 0
125, -1, 1
125, -2, 0
125, -1, 0
125, -2, 0
125, -1, 1
126, -1, 0
125, -1, 0
124, -2, 1
125, -1, 0
124, -2, 0
125, -1, 1
125, -1, 0
125, -1, 0
125, -2, 1
125, -1, 0
125, -1, 0
125, -1, 0
131, -2, 1
120, -1, 0
125, -1, 0
126, -1, 0
126, -1, 1
124, -1, 0
124, -2, 0
124, -1, 1
124, -1, 0
126, -1, 0
125, -1, 0
125, -1, 1
124, -1, 0
127, -1, 0
124, -1, 0
125, -1, 1
125, -1, 0
125, -1, 0
125, -1, 0
128, -1, 1
122, -1, 0
127, -1, 0
248, -1, 1
126, -1, 0
125, -1, 0
125, -1, 0
126, -1, 1
250, -1, 0
124, -1, 0
125, -1, 0
125, -1, 1
125, -1, 0
249, -1, 0
126, -1, 1
249, -1, 0
126, -1, 0
250, -1, 1
250, -1, 0
125, -1, 0
250, -1, 0
251, -1, 1
249, -1, 0
250, -1, 0
126, 0, 1
249, -1, 0
249, -1, 0
251, 0, 1
125, -1, 0
375, -1, 0
499, -1, 1
661, -1, 0
345, 0, 1
2623, 0, 1
1404, 1, 0
594, 1, 0
126, 0, 1
374, 1, 0
500, 1, 0
249, 0, 1
126, 1, 0
374, 1, 0
250, 1, 0
251, 0, 1
123, 1, 0
377, 1, 0
260, 1, 0
113, 0, 1
125, 1, 0
249, 1, 0
250, 1, 0
126, 0, 1
125, 1, 0
249, 1, 0
251, 1, 0
126, 1, 0
124, 0, 1
125, 1, 0
249, 1, 0
250, 1, 1
126, 1, 0
249, 1, 0
127, 1, 0
250, 1, 1
125, 1, 0
125, 1, 0
251, 1, 0
128, 1, 0
124, 1, 1
249, 1, 0
125, 1, 0
125, 1, 1
124, 1, 0
126, 1, 0
250, 1, 0
125, 1, 0
125, 1, 1
125, 1, 0
125, 1, 0
123, 1, 0
127, 1, 0
124, 1, 1
125, 1, 0
249, 1, 0
126, 1, 0
125, 1, 0
124, 1, 1
129, 1, 0
124, 1, 0
124, 1, 0
125, 1, 0
125, 1, 0
125, 2, 1
247, 2, 0
128, 1, 0
124, 1, 1
125, 1, 0
125, 1, 0
125, 1, 0
125, 1, 0
125, 1, 0
125, 2, 1
126, 1, 0
124, 1, 0
131, 1, 0
126, 2, 0
119, 1, 0
124, 1, 1
125, 1, 0
125, 2, 0
126, 1, 0
124, 1, 0
125, 1, 0
125, 2, 1
125, 1, 0
125, 2, 0
124, 1, 0
126, 1, 0
128, 2, 0
124, 1, 1
124, 1, 0
125, 1, 0
125, 2, 0
125, 1, 0
124, 2, 0
125, 1, 1
126, 2, 0
125, 1, 0
126, 2, 0
125, 1, 0
124, 2, 0
125, 1, 1
125, 2, 0
124, 2, 0
126, 1, 0
124, 2, 0
125, 1, 0
125, 2, 0
125, 2, 0
125, 1, 1
125, 2, 0
125, 1, 0
126, 2, 0
125, 2, 0
124, 2, 0
125, 1, 0
125, 2, 0
125, 2, 0
125, 1, 1
125, 2, 0
126, 2, 0
124, 2, 0
125, 2, 0
125, 1, 0
125, 1, 0
125, 3, 0
125, 1, 1
125, 2, 0
126, 2, 0
124, 2, 0
125, 1, 0
125, 3, 0
125, 1, 0
125, 3, 0
125, 1, 0
125, 2, 1
126, 2, 0
128, 2, 0
122, 2, 0
124, 2, 0
125, 2, 0
127, 2, 0
124, 2, 0
127, 2, 0
124, 2, 0
122, 2, 0
126, 2, 1
133, 2, 0
117, 2, 0
125, 3, 0
125, 1, 0
125, 3, 0
125, 2, 0
126, 2, 0
126, 2, 0
125, 2, 0
124, 2, 0
125, 2, 0
124, 3, 0
125, 1, 0
126, 3, 0
124, 2, 0
125, 2, 0
125, 2, 1
125, 3, 0
125, 2, 0
125, 2, 0
125, 2, 0
126, 3, 0
125, 2, 0
124, 2, 0
125, 2, 0
125, 3, 0
125, 2, 0
125, 3, 0
125, 2, 0
126, 2, 0
124, 2, 0
125, 3, 0
125, 2, 0
125, 3, 0
125, 2, 1
125, 3, 0
125, 1, 0
125, 3, 0
125, 2, 0
125, 3, 0
125, 2, 0
125, 3, 0
125, 2, 0
125, 2, 0
125, 3, 0
125, 2, 0
125, 3, 0
125, 2, 0
125, 3, 0
125, 2, 0
125, 3, 0
125, 2, 1
125, 3, 0
126, 2, 0
124, 3, 0
125, 2, 0
125, 3, 0
125, 2, 0
125, 3, 0
125, 2, 0
125, 4, 0
132, 2, 0
122, 3, 0
124, 2, 0
122, 3, 0
124, 2, 0
125, 3, 0
126, 2, 0
124, 4, 0
126, 2, 0
124, 3, 0
125, 2, 0
125, 3, 1
125, 2, 0
125, 4, 0
126, 2, 0
124, 2, 0
126, 3, 0
124, 3, 0
125, 3, 0
125, 2, 0
126, 3, 0
124, 2, 0
126, 4, 0
124, 2, 0
126, 3, 0
125, 3, 0
125, 3, 0
125, 2, 1
124, 4, 0
125, 2, 0
125, 3, 0
126, 2, 0
126, 4, 0
124, 2, 0
124, 3, 0
125, 3, 0
125, 3, 0
126, 2, 0
125, 4, 0
125, 2, 0
125, 4, 0
124, 2, 0
125, 3, 0
125, 3, 0
126, 3, 0
124, 2, 1
125, 4, 0
126, 2, 0
125, 3, 0
124, 3, 0
125, 2, 0
125, 4, 0
125, 2, 0
125, 4, 0
126, 2, 0
125, 4, 0
125, 2, 0
124, 4, 0
125, 2, 0
127, 4, 0
123, 2, 1
125, 3, 0
125, 3, 0
127, 3, 0
130, 3, 0
125, 3, 0
120, 3, 0
124, 3, 0
126, 3, 0
130, 3, 0
123, 3, 0
135, 3, 0
113, 3, 0
124, 3, 1
126, 3, 0
123, 3, 0
125, 3, 0
126, 3, 0
125, 3, 0
124, 3, 0
126, 3, 0
124, 2, 0
125, 4, 0
125, 2, 0
125, 4, 1
125, 2, 0
126, 4, 0
124, 3, 0
126, 3, 0
124, 3, 0
125, 4, 0
125, 2, 0
125, 4, 0
125, 2, 0
126, 4, 1
125, 2, 0
125, 4, 0
124, 3, 0
125, 3, 0
124, 3, 0
127, 4, 0
125, 2, 0
140, 4, 0
109, 2, 0
126, 4, 1
126, 3, 0
124, 3, 0
126, 3, 0
125, 4, 0
125, 2, 0
124, 4, 0
124, 3, 0
126, 3, 1
124, 3, 0
125, 3, 0
125, 3, 0
125, 3, 0
125, 4, 0
125, 2, 0
125, 4, 0
126, 3, 0
124, 3, 1
125, 3, 0
125, 4, 0
125, 2, 0
125, 4, 0
127, 3, 0
124, 4, 0
125, 2, 0
125, 4, 1
124, 3, 0
125, 3, 0
125, 3, 0
132, 4, 0
118, 2, 0
125, 4, 0
126, 3, 0
124, 4, 1
125, 2, 0
125, 4, 0
125, 3, 0
125, 4, 0
124, 2, 0
126, 4, 0
126, 3, 1
124, 4, 0
126, 2, 0
123, 3, 0
126, 4, 0
125, 3, 0
126, 4, 0
122, 2, 0
127, 4, 1
125, 3, 0
125, 4, 0
125, 2, 0
125, 4, 0
125, 3, 0
125, 4, 0
125, 2, 0
126, 4, 1
124, 3, 0
125, 4, 0
125, 3, 0
125, 4, 0
127, 2, 0
122, 4, 0
127, 3, 1
125, 4, 0
124, 2, 0
125, 4, 0
125, 3, 0
125, 4, 0
126, 3, 0
124, 3, 0
128, 3, 1
124, 4, 0
124, 3, 0
126, 4, 0
123, 2, 0
125, 3, 0
125, 4, 0
125, 2, 1
123, 4, 0
130, 3, 0
124, 4, 0
125, 3, 0
124, 3, 0
124, 3, 0
125, 4, 1
124, 3, 0
126, 4, 0
125, 2, 0
125, 4, 0
125, 3, 0
125, 4, 0
128, 3, 1
124, 4, 0
124, 2, 0
124, 4, 0
126, 3, 0
124, 4, 0
127, 2, 0
123, 4, 0
126, 3, 1
124, 4, 0
125, 2, 0
126, 4, 0
126, 3, 0
123, 4, 0
125, 3, 0
126, 3, 0
124, 3, 0
125, 4, 1
126, 3, 0
124, 2, 0
126, 4, 0
124, 3, 0
125, 4, 0
125, 2, 0
125, 4, 1
125, 3, 0
125, 4, 0
125, 2, 0
125, 5, 0
125, 2, 0
125, 4, 0
125, 3, 0
125, 4, 0
125, 2, 1
130, 4, 0
122, 3, 0
124, 4, 0
124, 2, 0
126, 4, 0
124, 3, 0
126, 4, 1
125, 2, 0
124, 4, 0
127, 3, 0
128, 4, 0
120, 2, 0
125, 4, 0
125, 3, 0
125, 4, 0
125, 2, 1
126, 4, 0
125, 3, 0
125, 4, 0
124, 2, 0
126, 3, 0
123, 4, 0
134, 3, 0
122, 3, 1
124, 3, 0
129, 4, 0
122, 2, 0
125, 4, 0
127, 3, 0
121, 4, 0
124, 2, 0
123, 4, 0
124, 3, 1
125, 4, 0
126, 2, 0
126, 4, 0
131, 3, 0
125, 4, 0
118, 2, 0
124, 4, 0
126, 3, 0
124, 3, 0
126, 3, 1
124, 4, 0
125, 2, 0
125, 4, 0
125, 3, 0
125, 4, 0
125, 2, 0
132, 4, 0
124, 2, 0
121, 4, 1
125, 3, 0
126, 4, 0
125, 2, 0
124, 3, 0
125, 3, 0
125, 3, 0
131, 4, 0
119, 2, 0
125, 4, 0
125, 2, 0
125, 4, 1
125, 3, 0
125, 3, 0
125, 3, 0
126, 4, 0
123, 2, 0
125, 4, 0
125, 2, 0
127, 4, 0
124, 3, 0
126, 3, 0
124, 3, 0
126, 4, 0
124, 2, 0
127, 4, 0
124, 2, 0
125, 4, 1
124, 2, 0
125, 4, 0
125, 2, 0
126, 4, 0
124, 2, 0
126, 4, 0
124, 3, 0
124, 3, 0
126, 3, 0
125, 3, 0
124, 3, 0
126, 3, 0
125, 3, 0
124, 2, 0
126, 4, 0
125, 2, 0
125, 4, 0
125, 2, 1
126, 4, 0
124, 2, 0
125, 4, 0
125, 2, 0
125, 3, 0
125, 3, 0
125, 3, 0
123, 3, 0
126, 3, 0
129, 3, 0
123, 3, 0
125, 3, 0
124, 3, 0
134, 2, 0
116, 4, 0
125, 2, 0
125, 4, 0
128, 2, 0
123, 3, 0
125, 3, 0
125, 3, 0
126, 2, 0
125, 4, 0
128, 2, 0
120, 3, 0
126, 2, 0
125, 4, 0
123, 2, 0
126, 4, 0
127, 2, 0
125, 2, 0
125, 3, 0
124, 3, 0
126, 3, 0
125, 2, 0
124, 3, 0
125, 3, 0
123, 3, 0
127, 2, 0
125, 3, 0
126, 2, 0
125, 4, 0
125, 2, 0
125, 3, 0
125, 2, 0
124, 3, 0
125, 3, 0
126, 3, 0
124, 2, 0
126, 3, 0
124, 2, 0
125, 3, 0
125, 2, 0
125, 3, -1
125, 3, 0
126, 3, 0
125, 2, 0
125, 3, 0
124, 2, 0
124, 3, 0
133, 2, 0
117, 3, 0
125, 2, 0
126, 2, 0
124, 3, 0
125, 2, 0
126, 3, -1
125, 2, 0
124, 3, 0
125, 2, 0
126, 3, 0
124, 2, 0
125, 3, 0
132, 2, 0
122, 3, 0
124, 2, -1
123, 2, 0
123, 2, 0
126, 3, 0
125, 2, 0
124, 3, 0
128, 2, 0
124, 3, -1
124, 1, 0
125, 3, 0
125, 2, 0
126, 3, 0
125, 1, 0
124, 3, 0
126, 2, -1
124, 3, 0
125, 1, 0
123, 3, 0
126, 2, 0
127, 2, 0
124, 2, 0
125, 3, -1
127, 1, 0
124, 2, 0
124, 3, 0
125, 1, 0
124, 3, -1
125, 2, 0
125, 2, 0
125, 2, 0
126, 2, -1
124, 2, 0
125, 2, 0
125, 2, 0
125, 2, 0
125, 2, 0
125, 2, -1
125, 2, 0
126, 2, 0
123, 2, 0
126, 2, 0
125, 2, -1
126, 2, 0
124, 2, 0
125, 2, 0
127, 2, -1
126, 2, 0
124, 1, 0
125, 2, 0
125, 2, 0
124, 2, -1
124, 2, 0
129, 2, 0
121, 1, 0
126, 2, -1
125, 2, 0
125, 2, 0
124, 1, 0
127, 2, -1
124, 2, 0
124, 1, 0
127, 2, 0
124, 1, -1
124, 2, 0
125, 2, 0
126, 2, 0
125, 1, -1
125, 2, 0
125, 1, 0
124, 2, 0
125, 1, -1
124, 2, 0
126, 1, 0
124, 2, 0
125, 1, -1
125, 2, 0
125, 1, 0
125, 2, -1
126, 1, 0
133, 2, 0
118, 1, 0
125, 2, -1
125, 1, 0
125, 1, 0
125, 1, 0
125, 2, -1
126, 1, 0
124, 2, 0
125, 1, -1
125, 1, 0
125, 1, 0
125, 2, 0
125, 1, -1
125, 1, 0
126, 1, 0
124, 1, -1
125, 1, 0
125, 1, 0
126, 2, -1
124, 1, 0
125, 1, 0
125, 1, 0
126, 1, -1
124, 1, 0
125, 1, 0
126, 1, 0
125, 1, -1
124, 1, 0
125, 1, -1
125, 1, 0
126, 1, 0
124, 1, 0
125, 1, -1
125, 1, 0
125, 1, 0
125, 0, -1
125, 2, 0
250, 1, -1
125, 1, 0
125, 1, 0
249, 1, -1
126, 1, 0
125, 1, 0
126, 0, -1
125, 1, 0
124, 1, 0
125, 1, -1
249, 1, 0
256, 1, -1
254, 1, 0
115, 1, 0
125, 0, -1
249, 1, 0
126, 1, -1
375, 1, 0
125, 0, -1
125, 1, 0
249, 0, -1
126, 1, 0
375, 0, -1
125, 1, 0
250, 0, -1
125, 1, 0
407, 0, -1
218, 1, 0
250, 0, -1
656, 0, -1
469, 0, -1
626, 0, -1
629, 0, -1
626, 0, -1
370, -1, 0
374, 0, -1
250, -1, 0
376, 0, -1
124, -1, 0
375, -1, 0
124, 0, -1
251, -1, 0
375, -1, -1
250, -1, 0
250, 0, -1
127, -1, 0
248, -1, 0
252, 0, -1
125, -1, 0
249, -1, -1
253, -1, 0
123, -1, 0
250, -1, -1
248, -1, 0
126, 0, -1
125, -1, 0
249, -1, 0
128, -1, -1
251, -1, 0
248, -1, -1
126, -1, 0
125, -1, 0
125, 0, -1
124, -1, 0
124, -1, 0
125, 0, -1
125, -1, 0
125, -1, 0
125, -1, 0
125, 0, -1
124, -1, 0
126, -1, -1
125, -1, 0
125, -1, 0
249, -1, -1
124, -1, 0
127, -1, 0
125, -1, -1
125, -1, 0
125, -1, 0
125, -1, -1
250, -1, 0
126, -1, -1
125, -1, 0
125, -1, 0
125, -1, -1
124, -1, 0
133, -1, -1
123, -1, 0
120, -1, 0
126, -1, 0
124, -1, -1
124, -1, 0
125, -2, -1
249, -1, 0
125, -2, -1
125, -1, 0
126, -1, 0
127, -1, -1
124, -1, 0
126, -1, -1
124, -1, 0
125, -1, 0
125, -2, -1
124, -1, 0
124, -1, 0
125, -1, -1
126, -2, 0
125, -1, 0
126, -1, -1
125, -1, 0
125, -2, -1
125, -1, 0
125, -1, 0
125, -2, -1
123, -1, 0
127, -1, 0
123, -2, -1
125, -1, 0
124, -2, -1
125, -1, 0
126, -1, 0
126, -2, -1
124, -1, 0
126, -1, 0
124, -2, -1
127, -2, 0
134, -1, -1
119, -1, 0
124, -2, 0
126, -2, -1
124, -1, 0
127, -2, 0
128, -2, -1
118, -1, 0
124, -1, 0
125, -2, -1
125, -1, 0
125, -2, -1
125, -2, 0
126, -2, 0
124, -1, -1
125, -2, 0
125, -2, 0
125, -2, -1
125, -1, 0
125, -2, 0
125, -1, -1
124, -3, 0
126, -1, -1
129, -2, 0
124, -1, 0
123, -3, -1
125, -1, 0
125, -2, 0
122, -2, -1
126, -2, 0
126, -2, 0
124, -2, -1
132, -1, 0
120, -3, -1
123, -1, 0
127, -2, 0
124, -2, -1
124, -3, 0
126, -1, 0
124, -3, -1
125, -1, 0
124, -3, 0
125, -1, -1
126, -3, 0
127, -1, 0
124, -2, 0
124, -3, -1
126, -1, 0
124, -3, 0
125, -1, -1
124, -3, 0
126, -2, 0
125, -2, -1
125, -2, 0
129, -3, 0
124, -1, -1
124, -3, 0
125, -1, 0
125, -3, -1
125, -2, 0
126, -3, 0
124, -1, -1
124, -3, 0
125, -2, 0
125, -3, -1
125, -2, 0
125, -2, 0
125, -2, 0
125, -3, -1
127, -2, 0
124, -3, 0
125, -1, -1
125, -3, 0
125, -2, 0
126, -3, -1
124, -2, 0
124, -3, 0
125, -2, 0
125, -3, -1
125, -2, 0
125, -3, 0
128, -2, -1
123, -2, 0
125, -2, 0
124, -2, 0
126, -3, -1
124, -2, 0
125, -3, 0
125, -2, 0
125, -3, -1
125, -2, 0
125, -4, 0
125, -1, -1
132, -4, 0
121, -2, 0
123, -3, -1
123, -2, 0
125, -3, 0
125, -2, 0
125, -3, -1
125, -2, 0
126, -4, 0
124, -2, 0
126, -3, -1
124, -2, 0
125, -3, 0
125, -2, 0
125, -4, 0
125, -2, 0
125, -3, -1
125, -2, 0
125, -3, 0
125, -3, -1
126, -3, 0
125, -2, 0
125, -3, 0
124, -3, -1
126, -3, 0
125, -2, 0
124, -3, 0
125, -3, 0
125, -3, -1
125, -2, 0
125, -3, 0
125, -3, 0
126, -2, 0
125, -4, -1
123, -2, 0
126, -3, 0
125, -3, 0
125, -3, -1
126, -2, 0
124, -4, 0
126, -2, 0
125, -4, 0
124, -2, 0
125, -3, -1
125, -3, 0
125, -3, 0
125, -3, 0
126, -3, 0
124, -2, -1
124, -4, 0
128, -2, 0
123, -4, 0
126, -2, 0
124, -4, -1
126, -2, 0
126, -4, 0
126, -2, 0
124, -4, 0
125, -2, 0
127, -4, -1
121, -2, 0
124, -4, 0
126, -2, 0
125, -4, 0
126, -2, -1
126, -4, 0
124, -2, 0
125, -3, 0
124, -4, 0
126, -2, -1
124, -4, 0
124, -2, 0
127, -4, 0
123, -2, 0
126, -4, 0
132, -3, -1
121, -3, 0
121, -3, 0
125, -4, 0
125, -2, 0
127, -4, 0
130, -2, -1
121, -4, 0
124, -3, 0
126, -4, 0
126, -2, 0
126, -4, -1
133, -2, 0
117, -4, 0
124, -3, 0
126, -4, 0
124, -2, 0
124, -4, 0
126, -3, -1
125, -3, 0
124, -3, 0
131, -4, 0
120, -2, 0
124, -4, 0
125, -3, -1
126, -4, 0
126, -2, 0
121, -4, 0
127, -3, 0
124, -2, 0
125, -4, -1
125, -3, 0
127, -4, 0
125, -2, 0
125, -4, 0
141, -3, 0
109, -4, 0
125, -2, -1
124, -4, 0
126, -3, 0
124, -4, 0
124, -3, 0
125, -4, 0
125, -2, 0
126, -4, -1
125, -3, 0
124, -4, 0
125, -2, 0
125, -5, 0
125, -2, 0
125, -4, -1
125, -3, 0
126, -4, 0
125, -3, 0
123, -4, 0
126, -2, 0
125, -4, 0
125, -3, 0
134, -4, 0
129, -3, -1
113, -4, 0
125, -3, 0
124, -4, 0
125, -2, 0
125, -4, 0
125, -3, 0
124, -4, 0
126, -3, -1
125, -4, 0
125, -3, 0
125, -2, 0
125, -4, 0
125, -3, 0
125, -4, 0
125, -3, 0
126, -4, 0
125, -3, -1
126, -4, 0
130, -3, 0
120, -4, 0
125, -2, 0
123, -4, 0
125, -3, 0
124, -4, 0
125, -3, -1
128, -4, 0
124, -3, 0
126, -4, 0
124, -3, 0
125, -4, 0
125, -2, 0
125, -5, -1
126, -2, 0
124, -4, 0
124, -3, 0
125, -4, 0
124, -3, 0
126, -4, 0
125, -3, 0
124, -4, 0
125, -3, 0
126, -4, 0
125, -2, -1
124, -4, 0
125, -3, 0
142, -4, 0
109, -3, 0
125, -3, 0
125, -4, 0
126, -3, 0
124, -4, -1
125, -2, 0
125, -5, 0
125, -2, 0
125, -4, 0
130, -3, 0
121, -4, 0
125, -3, 0
124, -4, 0
125, -3, 0
125, -4, 0
125, -3, -1
128, -4, 0
126, -2, 0
121, -4, 0
125, -3, 0
125, -4, 0
124, -3, 0
125, -4, 0
126, -3, 0
124, -4, 0
126, -2, 0
125, -5, 0
125, -2, -1
124, -4, 0
125, -3, 0
126, -4, 0
124, -3, 0
126, -4, 0
125, -3, 0
125, -4, 0
125, -2, 0
125, -4, 0
125, -3, 0
125, -4, 0
124, -3, 0
125, -3, 0
126, -4, 0
125, -2, -1
125, -4, 0
124, -3, 0
126, -4, 0
124, -3, 0
125, -4, 0
125, -2, 0
126, -4, 0
125, -3, 0
125, -4, 0
124, -3, 0
126, -4, 0
124, -2, 0
126, -4, 0
125, -3, 0
125, -4, 0
124, -3, 0
127, -4, -1
124, -2, 0
125, -4, 0
124, -3, 0
126, -4, 0
124, -3, 0
126, -4, 0
125, -2, 0
126, -4, 0
123, -3, 0
126, -4, 0
125, -2, -1
124, -4, 0
125, -3, 0
125, -4, 0
126, -3, 0
125, -4, 0
125, -2, 0
125, -4, 0
125, -3, 0
125, -2, 0
125, -4, 0
130, -3, 0
127, -3, 0
119, -3, -1
124, -4, 0
136, -2, 0
122, -4, 0
122, -3, 0
122, -4, 0
124, -2, 0
125, -4, 0
126, -3, 0
121, -3, 0
125, -3, 0
125, -4, 0
125, -2, 0
127, -4, 0
125, -3, -1
125, -4, 0
127, -2, 0
124, -4, 0
125, -2, 0
125, -4, 0
124, -3, 0
124, -3, 0
125, -3, 0
126, -4, 0
125, -2, 0
124, -4, 0
125, -2, 0
125, -4, -1
133, -3, 0
118, -3, 0
125, -3, 0
125, -4, 0
126, -2, 0
124, -3, 0
125, -3, 0
125, -3, 0
125, -3, 0
125, -3, 0
125, -4, 0
125, -2, 0
126, -4, 0
124, -2, 0
125, -4, 0
125, -2, 0
125, -4, 0
125, -2, 0
130, -4, 0
121, -2, 0
125, -4, 0
124, -2, 0
126, -4, 0
124, -2, 0
125, -4, 0
125, -2, 0
125, -4, 0
125, -2, 0
126, -4, 0
124, -2, 0
125, -4, 0
125, -2, 0
125, -3, 0
125, -3, 0
125, -3, 0
125, -3, 0
126, -3, 0
124, -2, 0
125, -4, 0
125, -2, 0
125, -4, 0
125, -2, 0
125, -3, 0
125, -3, 0
126, -2, 0
123, -3, 0
127, -3, 0
130, -3, 0
120, -2, 0
125, -4, 0
125, -2, 0
124, -3, 0
126, -2, 0
124, -4, 0
128, -2, 0
124, -3, 0
125, -3, 0
125, -3, 0
125, -2, 0
125, -3, 0
125, -3, 0
123, -3, 0
126, -2, 0
124, -3, 0
125, -2, 0
126, -4, 0
123, -2, 0
126, -3, 0
126, -2, 0
126, -3, 0
124, -2, 0
125, -4, 0
124, -2, 0
126, -3, 0
126, -2, 0
125, -3, 0
125, -2, 0
125, -4, 0
124, -1, 0
126, -3, 0
124, -3, 0
124, -2, 0
126, -3, 0
124, -2, 0
128, -3, 0
123, -2, 0
125, -3, 0
126, -2, 0
125, -3, 0
124, -2, 0
126, -3, 1
125, -2, 0
125, -3, 0
123, -2, 0
124, -4, 0
126, -1, 0
125, -3, 0
126, -2, 0
124, -4, 0
125, -2, 0
126, -2, 0
124, -2, 0
126, -3, 0
125, -2, 0
123, -3, 0
127, -2, 0
124, -3, 0
126, -2, 1
133, -3, 0
122, -2, 0
120, -3, 0
126, -2, 0
125, -2, 0
124, -2, 0
126, -3, 0
124, -2, 0
124, -2, 0
125, -3, 0
125, -2, 0
125, -3, 0
125, -1, 0
125, -3, 0
125, -2, 0
123, -3, 0
127, -2, 0
125, -2, 0
125, -2, 0
125, -3, 0
126, -2, 1
124, -2, 0
125, -2, 0
129, -3, 0
123, -2, 0
124, -2, 0
125, -2, 0
124, -3, 0
126, -2, 0
126, -2, 0
124, -2, 0
125, -3, 0
126, -1, 0
126, -3, 0
124, -2, 0
125, -2, 0
125, -2, 0
125, -3, 0
125, -1, 0
124, -3, 0
126, -2, 0
124, -2, 0
125, -2, 0
125, -1, 0
126, -3, 0
125, -1, 0
125, -3, 0
125, -2, 0
124, -2, 0
127, -2, 0
123, -2, 0
125, -2, 0
125, -2, 0
124, -2, 0
125, -2, 0
126, -2, 0
124, -2, 0
126, -2, 0
124, -2, 0
125, -2, 0
126, -2, 0
125, -2, 0
125, -2, 0
125, -1, 0
127, -3, 0
123, -1, 0
124, -2, 0
125, -2, 0
125, -2, 0
125, -2, 0
126, -2, 0
124, -1, 0
125, -2, 0
124, -2, 0
125, -2, 0
125, -1, 0
125, -3, 0
125, -1, 0
125, -2, 0
125, -1, 0
126, -2, 0
125, -2, 0
126, -1, 0
125, -2, 0
124, -2, 0
124, -2, 0
126, -1, 0
125, -2, 0
126, -1, 0
124, -2, 0
125, -1, 0
125, -2, 0
126, -2, 0
124, -1, 0
125, -2, 0
125, -1, 0
126, -2, 0
124, -2, 0
126, -1, 0
128, -2, 0
122, -1, 0
126, -2, 0
124, -1, 0
124, -2, 0
126, -1, 0
125, -2, 0
126, -1, 0
125, -1, 0
125, -2, 0
124, -1, 0
126, -1, 0
124, -2, 0
125, -1, 0
124, -2, 0
125, -1, 0
125, -1, 0
125, -1, 0
125, -1, 0
125, -2, 0
125, -1, 0
126, -2, 0
249, -2, 0
125, -1, 0
125, -1, 0
125, -1, 0
125, -2, 0
127, -1, 0
125, -1, 0
123, -1, 0
126, -1, 0
124, -1, 0
125, -2, 0
254, -2, 0
122, -1, 0
125, -1, 0
124, -1, -1
126, -1, 0
124, -1, 0
125, -1, 0
125, -1, 0
125, -1, 0
125, -1, 0
126, -1, 0
250, -1, 0
124, -1, 0
125, -1, 0
125, -1, 0
249, -2, 0
250, -1, 0
127, -1, 0
124, -1, -1
125, -1, 0
125, -1, 0
249, -1, 0
127, -1, 0
248, -1, 0
126, -1, 0
249, -1, 0
127, -1, 0
249, -1, 0
125, -1, 0
249, -1, 0
250, -1, -1
250, -1, 0
250, -1, 0
250, -1, 0
251, -1, 0
375, -1, 0
125, 0, -1
127, -1, 0
376, -1, 0
376, -1, 0
496, -1, 0
504, 0, -1
122, -1, 0
755, -1, 0
1125, 0, -1
4141, 1, 0
862, 1, 0
748, 1, 0
505, 1, 0
495, 1, 0
500, 1, 0
500, 1, 0
372, 1, 0
376, 1, 0
375, 1, 0
254, 1, 0
372, 1, 0
248, 1, 0
376, 1, 0
249, 1, 0
251, 1, 0
249, 1, 0
251, 1, 0
249, 1, 0
250, 1, 0
252, 1, 0
257, 1, 0
119, 1, 0
122, 1, 0
249, 1, 0
254, 1, 0
123, 1, 0
252, 1, -1
122, 1, 0
254, 1, 0
122, 1, 0
253, 1, 0
118, 1, 0
124, 1, 0
259, 1, 0
120, 1, 0
129, 1, 0
246, 1, 0
123, 1, 0
124, 1, 0
250, 1, 0
127, 1, 0
125, 1, 0
123, 1, 0
128, 1, 0
124, 1, 0
255, 1, 0
125, 1, 0
125, 1, 0
125, 1, 0
123, 1, 0
127, 1, 0
124, 1, 0
127, 1, 0
120, 1, 0
127, 1, 0
123, 1, 0
124, 1, 0
125, 1, 0
127, 1, 0
120, 1, 0
263, 2, 0
120, 1, 0
120, 1, 0
128, 1, 0
128, 1, 0
125, 1, 0
120, 1, 0
125, 1, 0
126, 1, 0
123, 1, 0
123, 2, 0
125, 1, 0
134, 1, 0
120, 1, 0
123, 1, 0
127, 1, 0
126, 2, 0
123, 1, 0
124, 1, 0
125, 1, 0
126, 2, 0
125, 1, 0
125, 1, 0
126, 1, 0
122, 2, 0
127, 1, 0
127, 1, 0
125, 1, 0
125, 2, 0
125, 1, 0
134, 1, 0
113, 1, 0
128, 2, 0
124, 1, 0
125, 1, 0
124, 2, 0
124, 1, 0
129, 2, 0
124, 1, 0
124, 1, 0
121, 1, 0
125, 2, 0
125, 1, 0
126, 2, 0
125, 1, 0
125, 2, 0
125, 1, 0
126, 2, 0
125, 1, 0
123, 2, 0
126, 1, 0
125, 2, 0
127, 1, 0
125, 2, 0
122, 1, 0
124, 2, 0
128, 1, 0
125, 2, 0
123, 1, 0
125, 2, 0
125, 2, 0
125, 2, 0
125, 1, 0
125, 2, 0
129, 1, 0
120, 2, 0
125, 2, 0
125, 1, 0
125, 2, 0
126, 1, 0
125, 2, 0
124, 2, 0
125, 2, 0
125, 1, 0
125, 2, 0
125, 2, 0
125, 2, 0
126, 1, 0
124, 2, 0
125, 2, 0
125, 2, 0
125, 1, 0
125, 3, 0
125, 1, 0
126, 2, 0
125, 2, 0
124, 2, 0
125, 2, 0
125, 2, 0
125, 1, 0
125, 3, 0
125, 1, 0
125, 2, 0
126, 2, 0
125, 2, 0
124, 2, 0
125, 2, 0
125, 2, 0
125, 2, 0
125, 2, 0
125, 2, 0
126, 2, 0
124, 1, 0
125, 3, 0
125, 1, 0
125, 3, 0
125, 1, 0
125, 3, 0
125, 1, 0
127, 3, 0
123, 1, 0
126, 3, 0
125, 2, 0
124, 2, 0
125, 2, 0
125, 2, 0
125, 2, 0
126, 2, 0
124, 2, 0
125, 3, 0
125, 2, 0
125, 2, 0
125, 2, 0
126, 2, 0
124, 2, 0
126, 3, 0
124, 1, 0
125, 3, 0
125, 2, 0
125, 3, 0
125, 1, 0
135, 3, 0
115, 2, 0
127, 2, 0
125, 2, 0
124, 3, 0
125, 2, 0
125, 2, 0
127, 2, 0
140, 2, 0
107, 3, 0
127, 2, 0
124, 2, 0
124, 2, 0
128, 3, 0
124, 2, 0
125, 3, 0
126, 1, 0
127, 3, 0
124, 2, 0
128, 3, 0
123, 2, 0
125, 3, 0
124, 2, 0
127, 3, 0
122, 1, 0
125, 3, 0
125, 2, 0
124, 3, 0
125, 2, 0
125, 3, 0
125, 2, 0
125, 3, 0
125, 2, 0
127, 3, 0
122, 2, 0
125, 3, 0
125, 1, 0
125, 3, 0
130, 2, 0
128, 3, 0
116, 2, 0
126, 3, 0
126, 2, 0
124, 2, 0
124, 3, 0
127, 2, 0
125, 3, 0
126, 2, 0
124, 3, 0
125, 2, 0
125, 4, 0
125, 1, 0
125, 4, 0
125, 2, 0
125, 3, 0
125, 2, 0
125, 3, 0
125, 2, 0
129, 3, 0
166, 2, 0
80, 3, 0
124, 2, 0
127, 3, 0
123, 2, 0
124, 3, 0
125, 2, 0
126, 4, 0
125, 2, 0
126, 3, 0
125, 2, 0
125, 3, 0
125, 2, 0
125, 3, 0
125, 2, 0
126, 3, 0
124, 3, 0
125, 2, 0
125, 3, 0
126, 2, 0
122, 3, 0
125, 2, 0
125, 4, 0
126, 2, 0
127, 3, 0
123, 2, 0
125, 3, 0
126, 2, 0
124, 4, 0
125, 2, 0
125, 3, 0
130, 2, 0
121, 3, 0
125, 3, 0
125, 3, 0
126, 2, 0
124, 3, 0
123, 2, 0
125, 4, 0
126, 2, 0
124, 3, 0
127, 3, 0
124, 3, 0
124, 2, 0
125, 3, 0
127, 2, 0
124, 4, 0
125, 2, 0
124, 3, 0
125, 3, 0
125, 2, 0
125, 3, 0
125, 2, 0
125, 4, 0
129, 2, 0
123, 3, 0
123, 3, 0
125, 3, 0
126, 2, 0
124, 4, 0
126, 2, 0
125, 3, 0
125, 2, 0
127, 4, 0
125, 2, 0
126, 3, 0
123, 3, 0
124, 3, 0
125, 2, 0
125, 4, 0
127, 2, 1
125, 3, 0
124, 3, 0
125, 3, 0
125, 2, 0
125, 4, 0
123, 2, 0
126, 3, 0
124, 2, 0
127, 4, 0
262, 6, 0
112, 2, 0
124, 2, 0
126, 4, 0
125, 2, 0
126, 3, 0
125, 3, 0
125, 3, 0
125, 2, 0
125, 4, 0
125, 2, 0
125, 4, 0
125, 2, 0
125, 3, 0
126, 3, 0
125, 3, 0
123, 2, 0
124, 4, 0
125, 2, 0
126, 4, 0
124, 2, 0
125, 3, 0
129, 3, 0
124, 3, 0
123, 3, 0
124, 3, 0
134, 2, 0
116, 4, 0
128, 2, 0
124, 4, 0
125, 2, 0
125, 4, 0
132, 2, 0
124, 2, 0
118, 4, 0
124, 2, 0
126, 4, 0
124, 2, 0
125, 4, 1
129, 2, 0
120, 4, 0
128, 2, 0
122, 3, 0
125, 3, 0
126, 3, 0
124, 2, 0
126, 4, 0
122, 2, 0
127, 4, 0
125, 2, 0
125, 4, 0
126, 2, 0
125, 4, 0
128, 2, 0
124, 3, 0
128, 3, 0
125, 3, 0
129, 3, 0
125, 3, 0
117, 3, 0
125, 3, 0
124, 3, 0
126, 3, 0
124, 2, 0
129, 3, 0
124, 3, 0
125, 3, 0
127, 3, 0
124, 3, 0
124, 3, 0
124, 3, 0
124, 3, 0
126, 2, 0
124, 4, 0
129, 2, 0
124, 4, 0
126, 2, 0
125, 4, 0
126, 2, 0
137, 4, 0
112, 2, 0
123, 4, 0
124, 2, 0
124, 4, 0
126, 2, 1
124, 4, 0
131, 2, 0
123, 4, 0
125, 2, 0
125, 4, 0
125, 2, 0
124, 4, 0
127, 2, 0
123, 4, 0
123, 2, 0
124, 3, 0
125, 3, 0
125, 2, 0
125, 4, 0
125, 2, 0
125, 4, 0
125, 2, 0
126, 4, 0
124, 2, 0
126, 4, 0
125, 2, 0
126, 4, 0
123, 2, 0
126, 3, 0
124, 3, 0
126, 3, 0
127, 3, 0
122, 3, 0
125, 3, 0
126, 3, 0
126, 3, 0
124, 3, 0
125, 3, 0
126, 3, 0
125, 3, 0
124, 3, 0
124, 3, 0
125, 3, 0
125, 3, 0
125, 3, 0
126, 2, 0
125, 4, 0
124, 2, 0
125, 4, 0
126, 2, 0
125, 3, 0
124, 3, 0
125, 3, 0
126, 3, 0
125, 3, 0
124, 3, 0
125, 3, 0
125, 3, 0
126, 2, 0
128, 4, 0
122, 2, 0
124, 4, 0
126, 2, 0
125, 4, 0
124, 2, 0
125, 4, 0
126, 2, 0
126, 3, 0
124, 3, 0
126, 3, 0
125, 3, 0
124, 3, 0
126, 2, 0
124, 4, 0
126, 2, 0
125, 4, 0
125, 2, 0
125, 4, 0
125, 2, 0
136, 3, 0
113, 3, 0
124, 3, 0
125, 2, 0
126, 4, 0
124, 2, 0
124, 3, 0
131, 3, 0
126, 2, 0
119, 4, 0
125, 2, 0
125, 4, 0
126, 2, 0
125, 3, 0
124, 3, 0
126, 3, 0
126, 2, 0
125, 4, 0
125, 2, 0
127, 3, 0
123, 3, 0
124, 3, 0
126, 2, 0
136, 4, 0
116, 2, 0
124, 4, -1
125, 2, 0
126, 3, 0
124, 2, 0
126, 4, 0
124, 2, 0
126, 4, 0
124, 2, 0
125, 3, 0
125, 2, 0
125, 4, 0
125, 2, 0
124, 3, 0
124, 2, 0
126, 4, 0
125, 2, -1
128, 2, 0
121, 3, 0
124, 3, 0
126, 3, 0
125, 2, 0
124, 3, 0
126, 3, 0
124, 3, 0
125, 2, 0
130, 3, 0
120, 2, 0
125, 4, 0
125, 2, 0
125, 3, 0
126, 2, 0
124, 3, -1
125, 3, 0
125, 3, 0
125, 2, 0
125, 3, 0
125, 2, 0
125, 3, 0
126, 2, 0
124, 4, 0
125, 2, 0
125, 3, 0
125, 2, 0
125, 3, 0
125, 2, -1
125, 3, 0
125, 2, 0
125, 3, 0
125, 2, 0
125, 3, 0
124, 2, 0
126, 3, 0
125, 3, 0
130, 2, 0
124, 3, 0
130, 2, 0
129, 3, -1
123, 2, 0
120, 3, 0
125, 2, 0
122, 3, 0
127, 2, 0
123, 3, 0
125, 2, -1
124, 2, 0
125, 2, 0
122, 3, 0
125, 2, 0
125, 3, 0
125, 2, 0
126, 3, 0
124, 2, 0
125, 3, -1
125, 2, 0
125, 2, 0
125, 2, 0
126, 3, 0
124, 2, 0
126, 3, 0
124, 2, 0
125, 3, -1
126, 1, 0
134, 3, 0
117, 2, 0
125, 2, 0
125, 2, 0
125, 2, 0
126, 3, -1
124, 2, 0
125, 2, 0
125, 2, 0
125, 3, 0
127, 1, 0
131, 3, 0
121, 2, 0
123, 3, -1
126, 1, 0
125, 3, 0
125, 2, 0
125, 2, 0
122, 2, 0
125, 3, -1
125, 1, 0
125, 3, 0
128, 1, 0
125, 3, 0
125, 1, 0
125, 3, 0
125, 1, 0
125, 3, -1
124, 2, 0
122, 2, 0
125, 2, 0
126, 2, 0
125, 1, 0
131, 3, -1
124, 1, 0
121, 3, 0
126, 1, 0
123, 2, 0
124, 2, 0
125, 2, 0
127, 2, -1
125, 1, 0
124, 3, 0
125, 1, 0
126, 2, 0
123, 2, 0
126, 2, -1
124, 1, 0
129, 3, 0
121, 1, 0
126, 2, 0
125, 2, 0
126, 2, -1
136, 1, 0
117, 2, 0
124, 1, 0
125, 2, 0
125, 2, 0
125, 2, 0
125, 1, -1
126, 2, 0
121, 1, 0
124, 2, 0
125, 2, 0
126, 1, -1
128, 2, 0
126, 2, 0
124, 1, 0
126, 2, 0
124, 1, 0
125, 1, 0
122, 2, -1
125, 1, 0
125, 2, 0
124, 1, 0
126, 2, 0
125, 1, -1
125, 2, 0
125, 1, 0
126, 1, 0
125, 2, 0
124, 1, 0
126, 1, -1
124, 2, 0
125, 1, 0
125, 1, 0
125, 2, 0
125, 1, 0
125, 1, -1
125, 2, 0
123, 1, 0
126, 1, 0
131, 1, 0
123, 1, -1
125, 1, 0
129, 2, 0
124, 1, 0
123, 1, 0
125, 1, 0
125, 1, -1
123, 1, 0
122, 1, 0
126, 1, 0
125, 1, 0
123, 1, -1
130, 1, 0
125, 1, 0
125, 1, 0
125, 1, 0
125, 1, 0
123, 1, -1
126, 1, 0
123, 1, 0
124, 1, 0
126, 1, 0
125, 1, -1
249, 1, 0
126, 1, 0
124, 1, 0
126, 1, -1
247, 1, 0
126, 1, 0
126, 1, 0
248, 1, -1
126, 1, 0
249, 1, 0
130, 1, 0
250, 1, -1
249, 1, 0
250, 1, 0
123, 0, -1
124, 1, 0
253, 1, 0
249, 1, 0
126, 0, -1
125, 1, 0
374, 1, 0
374, 1, -1
381, 1, 0
494, 0, -1
250, 1, 0
830, 0, -1
51, 1, 0
1150, 0, -1
1226, -1, 0
122, 0, -1
752, -1, 0
500, -1, 0
371, 0, -1
248, -1, 0
376, -1, 0
374, -1, -1
405, -1, 0
349, -1, 0
128, 0, -1
118, -1, 0
373, -1, 0
253, -1, 0
124, 0, -1
248, -1, 0
126, -1, 0
270, -1, 0
239, -1, -1
244, -1, 0
247, -1, 0
127, -1, -1
248, -1, 0
250, -1, 0
126, -1, 0
125, 0, -1
135, -1, 0
118, -1, 0
248, -1, 0
126, -1, -1
253, -1, 0
123, -1, 0
123, -1, 0
250, -1, -1
125, -1, 0
126, -1, 0
250, -1, 0
124, -1, -1
125, -1, 0
125, -1, 0
125, -1, 0
251, -1, -1
123, -1, 0
126, -1, 0
125, -1, 0
130, -1, -1
124, -1, 0
141, -1, 0
108, -1, 0
123, -1, 0
124, 0, -1
125, -2, 0
249, -2, 0
126, -1, 0
125, -1, -1
125, -1, 0
126, -1, 0
124, -1, 0
125, -1, 0
125, -1, -1
125, -1, 0
125, -1, 0
127, -1, 0
123, -1, 0
126, -1, -1
124, -2, 0
125, -1, 0
125, -1, 0
125, -1, 0
127, -1, -1
124, -1, 0
124, -2, 0
126, -1, 0
139, -1, -1
111, -1, 0
124, -2, 0
125, -1, 0
125, -1, 0
125, -2, -1
124, -1, 0
134, -1, 0
121, -2, 0
121, -1, 0
126, -2, 0
122, -1, -1
133, -2, 0
124, -1, 0
128, -2, 0
124, -1, 0
118, -1, -1
125, -2, 0
125, -1, 0
125, -1, 0
125, -2, 0
125, -2, -1
125, -2, 0
126, -1, 0
124, -2, 0
125, -1, 0
125, -1, 0
126, -2, -1
124, -2, 0
125, -1, 0
125, -2, 0
128, -2, -1
122, -1, 0
125, -2, 0
125, -2, 0
125, -2, 0
125, -1, 0
128, -2, 0
123, -2, -1
125, -2, 0
124, -1, 0
125, -3, 0
125, -1, 0
125, -2, 0
125, -2, -1
125, -2, 0
125, -1, 0
126, -3, 0
123, -1, 0
125, -3, 0
124, -1, 0
126, -3, -1
124, -1, 0
132, -3, 0
126, -1, 0
126, -3, 0
120, -1, 0
122, -3, 0
125, -2, 0
125, -2, -1
125, -2, 0
125, -2, 0
124, -2, 0
126, -1, 0
125, -3, 0
125, -2, 0
124, -2, 0
125, -2, 0
126, -3, -1
125, -1, 0
129, -3, 0
122, -2, 0
124, -2, 0
125, -2, 0
125, -3, 0
125, -2, 0
128, -2, 0
123, -2, 0
125, -3, 0
125, -2, 0
137, -3, 0
113, -2, 0
130, -3, -1
120, -1, 0
125, -3, 0
125, -2, 0
124, -3, 0
126, -2, 0
124, -3, 0
125, -2, 0
125, -3, 0
131, -2, 0
124, -3, 0
124, -2, 0
124, -3, 0
124, -2, 0
124, -3, 0
125, -2, 0
125, -3, 0
125, -2, 0
125, -2, 0
125, -3, 0
125, -2, 0
125, -3, 0
125, -2, 0
125, -3, 0
124, -2, 0
127, -4, 0
124, -2, 0
125, -3, 0
125, -2, 0
126, -3, 0
125, -2, 0
124, -4, 0
125, -2, 0
125, -3, 0
125, -2, 0
125, -3, 0
125, -3, 0
126, -3, 0
124, -2, 0
125, -4, 0
125, -2, 0
125, -3, 0
125, -3, 0
125, -3, 0
129, -2, 0
123, -4, 0
124, -2, 0
128, -3, 0
124, -3, 0
126, -3, 0
121, -3, 0
125, -3, 1
125, -2, 0
125, -3, 0
126, -3, 0
124, -3, 0
124, -3, 0
125, -3, 0
131, -3, 0
125, -2, 0
123, -4, 0
124, -2, 0
122, -4, 0
125, -3, 0
125, -3, 0
125, -2, 1
127, -4, 0
124, -3, 0
124, -3, 0
126, -3, 0
124, -3, 0
125, -3, 0
125, -4, 0
125, -2, 0
127, -4, 1
125, -2, 0
124, -4, 0
125, -3, 0
132, -3, 0
117, -3, 0
126, -4, 0
124, -2, 0
125, -4, 1
125, -3, 0
125, -4, 0
126, -2, 0
124, -4, 0
125, -3, 0
125, -4, 0
125, -2, 0
125, -4, 1
125, -3, 0
125, -3, 0
126, -3, 0
124, -3, 0
125, -4, 0
125, -3, 0
125, -4, 1
125, -3, 0
125, -4, 0
125, -2, 0
126, -4, 0
124, -3, 0
125, -4, 0
124, -3, 1
137, -4, 0
113, -3, 0
126, -4, 0
124, -2, 0
125, -5, 0
124, -2, 1
127, -4, 0
123, -3, 0
125, -4, 0
125, -3, 0
127, -4, 0
134, -3, 1
124, -4, 0
118, -3, 0
124, -4, 0
127, -3, 1
128, -4, 0
132, -3, 0
119, -4, 0
123, -3, 0
125, -4, 0
124, -3, 1
124, -4, 0
125, -3, 0
128, -3, 0
123, -4, 1
124, -3, 0
128, -4, 0
125, -3, 0
124, -4, 0
125, -3, 1
125, -4, 0
125, -3, 0
125, -5, 0
125, -2, 0
125, -5, 1
126, -3, 0
124, -4, 0
125, -3, 0
125, -4, 1
125, -3, 0
125, -4, 0
125, -3, 0
125, -4, 1
125, -3, 0
125, -5, 0
125, -3, 0
125, -4, 1
125, -3, 0
125, -4, 0
125, -3, 0
125, -5, 1
126, -2, 0
127, -5, 0
123, -3, 0
124, -4, 1
125, -3, 0
125, -5, 0
125, -3, 0
125, -4, 1
125, -3, 0
124, -4, 0
125, -3, 0
126, -5, 1
124, -2, 0
125, -5, 0
126, -3, 0
125, -3, 1
125, -5, 0
124, -2, 0
125, -5, 0
126, -3, 1
125, -4, 0
125, -3, 0
125, -5, 1
125, -3, 0
126, -4, 0
124, -3, 0
125, -5, 1
125, -2, 0
126, -5, 0
124, -3, 0
126, -4, 1
124, -3, 0
126, -5, 0
124, -3, 1
131, -4, 0
123, -3, 0
123, -5, 1
123, -3, 0
124, -4, 0
124, -3, 0
127, -5, 1
123, -3, 0
125, -4, 0
125, -3, 0
126, -5, 1
125, -3, 0
125, -4, 0
124, -3, 0
128, -5, 1
125, -3, 0
123, -4, 0
125, -3, 1
124, -4, 0
128, -3, 0
132, -3, 0
120, -5, 1
125, -3, 0
123, -4, 0
152, -3, 1
95, -5, 0
125, -3, 0
126, -4, 1
128, -3, 0
122, -5, 0
125, -3, 0
125, -4, 1
125, -3, 0
125, -5, 0
124, -3, 0
127, -4, 1
123, -3, 0
126, -5, 0
125, -2, 1
124, -5, 0
125, -3, 0
126, -4, 0
125, -3, 1
125, -5, 0
125, -3, 0
124, -4, 1
126, -3, 0
132, -5, 0
119, -2, 1
125, -5, 0
124, -3, 0
125, -4, 1
127, -3, 0
126, -4, 0
124, -3, 0
124, -3, 0
125, -5, 1
124, -3, 0
125, -4, 0
126, -3, 1
124, -4, 0
125, -3, 0
127, -5, 1
123, -3, 0
125, -4, 0
126, -3, 0
124, -4, 1
130, -3, 0
120, -4, 0
127, -3, 1
127, -5, 0
121, -3, 0
126, -4, 1
124, -3, 0
126, -4, 0
125, -3, 0
125, -4, 1
124, -3, 0
126, -4, 0
124, -3, 1
124, -4, 0
126, -3, 0
125, -5, 0
125, -2, 1
125, -5, 0
132, -2, 0
121, -5, 1
123, -2, 0
124, -3, 0
125, -4, 1
124, -3, 0
125, -4, 0
126, -3, 0
125, -4, 1
125, -3, 0
125, -4, 0
126, -3, 0
124, -4, 1
124, -3, 0
125, -4, 0
126, -3, 1
126, -4, 0
125, -3, 0
125, -4, 1
123, -2, 0
125, -4, 0
125, -3, 0
127, -4, 1
124, -3, 0
128, -4, 0
125, -3, 0
124, -4, 1
124, -2, 0
124, -5, 0
125, -2, 1
125, -4, 0
125, -3, 0
125, -4, 1
128, -3, 0
122, -4, 0
125, -2, 0
125, -4, 1
125, -3, 0
125, -4, 0
124, -2, 0
126, -3, 1
126, -4, 0
130, -2, 0
119, -4, 0
125, -3, 1
124, -4, 0
126, -2, 0
125, -4, 0
124, -3, 1
131, -4, 0
125, -2, 0
119, -4, 0
126, -3, 1
124, -3, 0
125, -3, 0
126, -4, 0
125, -2, 1
125, -4, 0
125, -3, 0
125, -4, 0
125, -2, 1
125, -4, 0
124, -2, 0
126, -4, 0
125, -2, 1
125, -4, 0
123, -2, 0
127, -4, 0
125, -3, 1
124, -3, 0
124, -3, 0
125, -3, 0
125, -3, 1
127, -3, 0
124, -3, 0
124, -3, 0
126, -3, 0
125, -2, 1
125, -4, 0
125, -2, 0
125, -4, 1
125, -2, 0
122, -3, 0
125, -3, 0
125, -3, 1
125, -3, 0
125, -3, 0
127, -2, 0
123, -4, 0
126, -2, 1
124, -4, 0
126, -2, 0
127, -3, 0
123, -3, 0
126, -3, 1
124, -2, 0
126, -4, 0
125, -2, 0
124, -3, 1
126, -3, 0
125, -3, 0
125, -2, 0
125, -3, 1
125, -3, 0
125, -3, 0
126, -2, 0
124, -3, 1
125, -2, 0
125, -4, 0
125, -2, 0
125, -2, 0
125, -3, 1
125, -2, 0
125, -3, 0
125, -3, 0
125, -3, 0
125, -2, 1
125, -3, 0
125, -2, 0
125, -3, 0
125, -2, 0
125, -3, 1
129, -3, 0
133, -3, 0
113, -2, 0
125, -3, 0
125, -2, 1
124, -3, 0
126, -2, 0
125, -3, 0
125, -2, 1
125, -3, 0
125, -2, 0
123, -3, 0
126, -2, 0
126, -3, 1
125, -2, 0
125, -2, 0
125, -3, 0
124, -2, 0
126, -2, 1
125, -3, 0
125, -2, 0
125, -3, 0
125, -2, 0
125, -3, 0
126, -2, 1
124, -1, 0
126, -3, 0
128, -2, 0
121, -3, 0
125, -1, 1
124, -3, 0
127, -2, 0
123, -3, 0
125, -2, 0
126, -2, 1
124, -2, 0
125, -3, 0
125, -1, 0
126, -3, 0
125, -2, 0
124, -2, 1
127, -2, 0
123, -2, 0
125, -2, 0
125, -3, 0
126, -1, 1
124, -3, 0
126, -2, 0
124, -2, 0
125, -2, 0
125, -2, 0
125, -2, 1
125, -2, 0
125, -2, 0
126, -2, 0
125, -2, 0
124, -2, 0
125, -2, 0
125, -1, 1
125, -3, 0
131, -1, 0
121, -2, 0
124, -2, 0
129, -2, 1
121, -2, 0
125, -2, 0
125, -1, 0
124, -3, 0
125, -1, 0
125, -2, 0
126, -2, 0
126, -2, 1
124, -1, 0
124, -2, 0
126, -2, 0
125, -2, 0
125, -1, 0
125, -2, 0
125, -2, 0
125, -2, 1
129, -1, 0
121, -2, 0
124, -1, 0
125, -2, 0
124, -2, 0
125, -1, 0
125, -2, 0
126, -2, 1
124, -1, 0
125, -2, 0
125, -1, 0
125, -1, 0
125, -2, 0
126, -1, 0
124, -2, 0
126, -1, 1
124, -2, 0
125, -1, 0
125, -2, 0
125, -1, 0
125, -2, 0
125, -1, 0
125, -1, 0
126, -2, 0
124, -1, 0
125, -1, 1
125, -2, 0
125, -1, 0
125, -2, 0
125, -1, 0
125, -1, 0
126, -1, 0
126, -2, 0
125, -1, 0
124, -1, 0
125, -1, 0
126, -1, 1
128, -2, 0
122, -1, 0
126, -1, 0
124, -1, 0
130, -1, 0
120, -1, 0
126, -1, 0
124, -1, 0
126, -1, 0
124, -1, 0
126, -1, 0
124, -1, 0
125, -1, 1
126, -1, 0
125, -1, 0
125, -1, 0
126, -1, 0
125, -1, 0
129, -1, 0
122, -1, 0
125, -1, 0
260, -2, 0
255, -1, 0
108, -1, 0
125, -1, 0
248, -1, 0
126, -1, 0
125, -1, 0
249, -1, 0
126, -1, 0
248, -1, 0
127, -1, 0
249, -1, 0
251, -1, 0
125, -1, 0
255, -1, 0
244, -1, 0
251, -1, 0
376, -1, 0
248, -1, 0
376, -1, 0
500, -1, 0
375, -1, 0
501, -1, 0
1001, -1, 0
3501, 1, 0
623, 1, 0
499, 1, 0
628, 1, 0
373, 1, 0
249, 1, 0
502, 1, 0
253, 1, 0
245, 1, 0
375, 1, 0
375, 1, 0
125, 1, 0
375, 1, 0
250, 1, 0
127, 1, 0
248, 1, 0
250, 1, 0
250, 1, 0
250, 1, 0
125, 1, 0
125, 0, -1
125, 1, 0
126, 1, 0
249, 1, 0
250, 1, 0
127, 1, 0
124, 1, 0
250, 1, 0
124, 1, 0
125, 1, 0
251, 1, 0
126, 1, 0
125, 1, 0
248, 1, 0
125, 1, 0
126, 1, 0
124, 1, 0
250, 1, 0
127, 1, 0
126, 1, 0
130, 1, 0
119, 1, 0
126, 1, 0
123, 1, -1
127, 1, 0
124, 1, 0
282, 2, 0
217, 2, 0
126, 1, 0
125, 1, 0
125, 1, 0
125, 1, 0
125, 1, 0
124, 1, 0
126, 1, 0
124, 1, 0
126, 1, 0
124, 1, 0
125, 1, 0
126, 2, 0
125, 1, 0
124, 1, 0
126, 1, 0
130, 1, 0
120, 1, 0
125, 2, 0
125, 1, 0
125, 1, -1
126, 1, 0
393, 4, 0
104, 1, 0
127, 1, 0
125, 2, 0
124, 1, 0
125, 1, 0
126, 1, 0
125, 2, 0
125, 1, 0
125, 2, 0
124, 1, 0
125, 1, 0
125, 2, 0
126, 1, 0
125, 1, 0
126, 2, -1
123, 1, 0
126, 2, 0
124, 1, 0
125, 2, 0
126, 1, 0
125, 2, 0
124, 1, 0
127, 2, 0
123, 1, 0
125, 2, 0
126, 1, 0
127, 1, 0
124, 2, 0
125, 2, 0
125, 2, -1
126, 1, 0
124, 2, 0
125, 1, 0
125, 2, 0
125, 1, 0
125, 3, 0
125, 1, 0
125, 2, 0
126, 1, 0
124, 2, 0
125, 2, 0
125, 2, 0
123, 1, 0
125, 2, -1
125, 2, 0
126, 2, 0
125, 1, 0
123, 3, 0
125, 1, 0
125, 2, 0
125, 2, 0
125, 2, 0
125, 1, 0
125, 3, 0
126, 1, 0
124, 3, -1
125, 1, 0
125, 2, 0
125, 2, 0
125, 2, 0
125, 2, 0
125, 2, 0
127, 2, 0
123, 2, 0
125, 2, 0
125, 2, 0
125, 2, 0
126, 2, -1
125, 3, 0
124, 1, 0
126, 3, 0
128, 1, 0
122, 3, 0
124, 2, 0
125, 2, 0
125, 2, 0
125, 3, 0
125, 1, -1
126, 3, 0
125, 1, 0
125, 3, 0
124, 2, 0
126, 2, 0
124, 2, 0
126, 3, 0
124, 2, 0
126, 2, 0
124, 2, 0
125, 2, -1
126, 3, 0
124, 2, 0
125, 2, 0
125, 2, 0
125, 3, 0
126, 2, 0
124, 3, 0
125, 2, 0
126, 3, -1
125, 2, 0
124, 2, 0
125, 2, 0
125, 3, 0
126, 2, 0
125, 3, 0
124, 2, 0
125, 3, 0
126, 2, 0
125, 3, -1
124, 2, 0
125, 3, 0
126, 2, 0
124, 3, 0
125, 2, 0
125, 3, 0
125, 2, 0
125, 3, 0
125, 2, -1
126, 3, 0
125, 2, 0
124, 2, 0
125, 3, 0
125, 2, 0
125, 3, 0
126, 2, 0
124, 4, -1
127, 2, 0
125, 3, 0
123, 2, 0
125, 3, 0
126, 2, 0
124, 4, 0
288, 5, 0
93, 2, 0
121, 3, -1
122, 2, 0
126, 4, 0
126, 2, 0
124, 3, 0
125, 2, 0
125, 3, 0
126, 3, 0
125, 3, 0
124, 2, 0
125, 3, 0
126, 2, -1
124, 4, 0
125, 2, 0
126, 3, 0
125, 3, 0
125, 2, 0
129, 3, 0
121, 3, 0
124, 3, 0
125, 2, 0
125, 4, -1
126, 2, 0
126, 3, 0
125, 3, 0
124, 3, 0
124, 2, 0
126, 4, 0
124, 2, 0
125, 4, 0
126, 2, 0
124, 3, -1
126, 3, 0
125, 3, 0
124, 3, 0
127, 3, 0
124, 3, 0
125, 3, 0
124, 3, 0
125, 3, 0
126, 2, 0
125, 4, 0
124, 2, 0
125, 4, -1
126, 2, 0
124, 4, 0
126, 2, 0
124, 4, 0
126, 2, 0
124, 3, 0
124, 3, 0
125, 3, 0
126, 3, 0
129, 3, -1
125, 4, 0
124, 2, 0
126, 4, 0
125, 2, 0
128, 4, 0
119, 2, 0
124, 4, 0
127, 3, 0
123, 3, 0
126, 3, 0
127, 3, 0
124, 3, 0
124, 4, 0
125, 2, 0
125, 4, 0
125, 2, -1
125, 4, 0
125, 3, 0
125, 3, 0
125, 3, 0
125, 4, 0
125, 2, 0
125, 4, 0
125, 2, 0
125, 4, 0
124, 3, 0
127, 2, 0
124, 4, 0
125, 2, 0
125, 4, -1
125, 3, 0
125, 3, 0
124, 3, 0
126, 4, 0
125, 2, 0
125, 4, 0
132, 3, 0
118, 4, 0
125, 2, 0
125, 4, 0
126, 3, 0
124, 3, 0
126, 3, 0
128, 4, 0
122, 2, 0
124, 4, 0
124, 3, 0
128, 4, 0
124, 2, 0
125, 4, -1
126, 3, 0
124, 4, 0
126, 2, 0
124, 4, 0
124, 3, 0
125, 4, 0
125, 2, 0
125, 3, 0
127, 4, 0
123, 3, 0
126, 3, 0
125, 3, 0
125, 4, 0
125, 3, 0
125, 4, 0
125, 2, 0
126, 4, 0
124, 3, 0
125, 4, 0
125, 2, 0
125, 4, 0
127, 3, 0
120, 4, 0
127, 3, 0
125, 4, 0
125, 2, 0
131, 4, 0
123, 3, 0
125, 4, 0
121, 2, 0
124, 4, 0
126, 3, 0
125, 4, 0
125, 3, 0
124, 4, 0
126, 2, 0
125, 3, 0
125, 4, 0
125, 3, 0
125, 4, 0
125, 2, 0
124, 4, 0
126, 3, 0
125, 4, 0
125, 3, 0
123, 4, 0
126, 2, 0
138, 4, 0
117, 3, 0
124, 4, 0
122, 3, 0
131, 4, 0
119, 2, 0
130, 4, 0
126, 3, 0
121, 4, 0
124, 3, 0
124, 4, 0
124, 2, 0
125, 4, 0
126, 3, 0
135, 4, 0
133, 3, 0
108, 4, 0
129, 2, 0
121, 3, 0
124, 4, 0
125, 3, 0
125, 4, 0
125, 3, 0
125, 3, 0
126, 3, 0
126, 4, 0
133, 3, 0
118, 4, 0
123, 3, 0
126, 4, 0
125, 2, 0
125, 5, 0
125, 2, 0
124, 4, 0
126, 3, 0
124, 4, 0
125, 3, 0
125, 4, 0
125, 2, 0
126, 4, 0
125, 3, 0
127, 4, 0
123, 3, 1
124, 4, 0
124, 3, 0
127, 4, 0
122, 2, 0
125, 3, 0
125, 4, 0
127, 3, 0
125, 4, 0
124, 2, 0
124, 4, 0
127, 3, 0
124, 4, 0
125, 3, 0
124, 4, 0
127, 3, 0
123, 4, 1
126, 3, 0
125, 4, 0
124, 2, 0
126, 4, 0
124, 3, 0
125, 4, 0
127, 3, 0
124, 4, 0
125, 2, 0
125, 4, 0
124, 3, 0
129, 4, 0
123, 3, 0
125, 4, 0
125, 2, 0
123, 4, 1
125, 3, 0
125, 4, 0
125, 3, 0
125, 2, 0
125, 4, 0
127, 3, 0
124, 4, 0
125, 3, 0
124, 3, 0
125, 3, 0
125, 4, 0
125, 3, 0
126, 4, 0
124, 2, 0
126, 5, 0
124, 2, 1
125, 4, 0
125, 3, 0
125, 4, 0
127, 2, 0
123, 4, 0
125, 3, 0
126, 4, 0
124, 3, 0
125, 4, 0
125, 2, 0
125, 4, 0
128, 3, 0
124, 4, 1
125, 2, 0
126, 4, 0
132, 3, 0
126, 4, 0
127, 2, 0
114, 3, 0
125, 4, 0
125, 3, 0
129, 4, 0
129, 2, 0
129, 4, 1
119, 3, 0
119, 4, 0
125, 2, 0
125, 4, 0
125, 2, 0
125, 5, 0
125, 2, 0
125, 4, 0
125, 2, 0
125, 4, 0
124, 3, 0
126, 4, 1
125, 2, 0
125, 4, 0
125, 3, 0
125, 4, 0
125, 2, 0
124, 4, 0
127, 3, 0
123, 3, 0
128, 3, 0
121, 4, 1
127, 2, 0
123, 4, 0
125, 3, 0
125, 2, 0
126, 4, 0
124, 3, 0
126, 3, 0
125, 3, 0
125, 4, 1
125, 2, 0
125, 4, 0
124, 2, 0
126, 4, 0
124, 3, 0
126, 3, 0
124, 3, 0
126, 3, 0
124, 3, 0
125, 4, 0
126, 2, 0
124, 4, 0
125, 2, 0
125, 4, 0
126, 3, 1
125, 3, 0
129, 3, 0
122, 3, 0
126, 3, 0
128, 3, 0
122, 3, 0
124, 3, 0
126, 3, 0
124, 4, 0
125, 2, 0
125, 4, 0
125, 2, 1
125, 2, 0
125, 4, 0
143, 3, 0
107, 3, 0
125, 2, 0
125, 4, 0
124, 2, 0
126, 4, 0
125, 2, 0
124, 4, 0
126, 2, 0
125, 4, 0
124, 2, 0
132, 4, 1
120, 2, 0
125, 4, 0
125, 2, 0
125, 3, 0
124, 3, 0
125, 3, 0
126, 2, 0
130, 4, 0
119, 2, 0
124, 4, 0
125, 2, 0
125, 3, 1
123, 2, 0
127, 4, 0
125, 2, 0
125, 4, 0
125, 2, 0
125, 3, 0
125, 2, 0
125, 4, 0
125, 2, 0
125, 2, 0
125, 3, 0
125, 3, 0
125, 3, 0
125, 2, 1
125, 3, 0
125, 3, 0
125, 3, 0
125, 2, 0
126, 3, 0
124, 2, 0
125, 4, 0
125, 2, 0
125, 3, 0
125, 2, 0
125, 3, 0
125, 2, 0
125, 4, 0
125, 2, 0
125, 3, 0
125, 2, 0
125, 3, 0
125, 2, 0
125, 3, 0
125, 2, 0
126, 3, 0
124, 2, 0
125, 3, 0
125, 2, 0
125, 3, 0
125, 2, 0
126, 4, 0
125, 1, 0
125, 2, 0
124, 3, 0
125, 2, 0
125, 3, 0
125, 2, 0
132, 3, 0
123, 2, 0
120, 3, 0
125, 2, 0
125, 3, 0
124, 2, 0
125, 3, 0
125, 2, 0
125, 2, 0
125, 2, 0
125, 3, 0
128, 2, 0
123, 3, 0
125, 2, 0
125, 2, 0
125, 2, 0
125, 3, 0
125, 2, 0
126, 2, 0
124, 2, 0
129, 3, 0
122, 2, 0
124, 2, 0
125, 2, 0
125, 2, 0
124, 2, 0
126, 3, 0
126, 1, 0
123, 2, 0
125, 3, 0
125, 1, 0
125, 3, 0
125, 2, 0
125, 2, 0
125, 2, 0
126, 2, 0
124, 2, 0
125, 2, 0
125, 2, 0
125, 2, 0
125, 2, 0
125, 2, 0
125, 2, 0
126, 2, 0
124, 2, 0
125, 2, 0
125, 2, 0
126, 2, 0
125, 1, 0
125, 2, 0
124, 2, 0
127, 2, 0
123, 2, -1
125, 2, 0
125, 1, 0
125, 2, 0
125, 2, 0
125, 2, 0
125, 1, 0
126, 2, 0
128, 2, 0
121, 1, 0
128, 2, 0
123, 1, 0
126, 2, -1
125, 2, 0
123, 2, 0
125, 1, 0
125, 2, 0
124, 1, 0
126, 2, 0
124, 1, 0
125, 2, 0
125, 1, 0
126, 2, 0
126, 1, 0
124, 2, 0
124, 1, 0
125, 2, 0
126, 1, -1
124, 2, 0
126, 1, 0
125, 2, 0
125, 1, 0
125, 1, 0
124, 1, 0
125, 2, 0
125, 1, 0
127, 1, 0
134, 2, 0
117, 1, -1
125, 1, 0
124, 2, 0
250, 1, 0
125, 2, 0
125, 1, 0
125, 1, 0
125, 1, 0
126, 1, 0
127, 1, -1
123, 1, 0
124, 1, 0
125, 2, 0
249, 2, 0
251, 2, 0
249, 2, 0
126, 0, -1
126, 1, 0
124, 1, 0
125, 1, 0
125, 1, 0
126, 1, 0
248, 1, 0
126, 1, 0
125, 1, -1
250, 1, 0
125, 1, 0
126, 1, 0
248, 1, 0
126, 1, 0
126, 1, 0
249, 0, -1
126, 1, 0
125, 1, 0
257, 1, 0
242, 1, 0
252, 1, 0
250, 1, 0
249, 0, -1
125, 1, 0
374, 1, 0
377, 1, 0
501, 1, 0
624, 0, -1
124, 1, 0
3126, -1, 0
930, -1, -1
523, -1, 0
422, -1, 0
375, -1, 0
374, -1, -1
426, -1, 0
197, -1, 0
379, -1, 0
246, -1, 0
126, 0, -1
125, -1, 0
248, -1, 0
254, -1, 0
250, -1, 0
249, -1, 0
251, -1, -1
125, -1, 0
253, -1, 0
121, -1, 0
250, -1, 0
125, -1, 0
254, -1, 0
126, 0, -1
121, -1, 0
125, -1, 0
125, -1, 0
267, -1, 0
108, -1, 0
127, -1, 0
248, -1, 0
124, -1, -1
124, -1, 0
125, -1, 0
125, -1, 0
250, -1, 0
125, -1, 0
125, -1, 0
125, -1, -1
125, -1, 0
124, -1, 0
125, -1, 0
253, -2, 0
249, -1, 0
125, -1, 0
125, -2, 0
124, 0, -1
125, -2, 0
255, -1, 0
127, -1, 0
119, -1, 0
124, -1, 0
126, -2, 0
125, -1, -1
128, -1, 0
122, -1, 0
126, -1, 0
124, -1, 0
125, -1, 0
124, -2, 0
125, -1, 0
125, -1, -1
125, -1, 0
125, -2, 0
126, -1, 0
124, -1, 0
125, -1, 0
125, -2, 0
125, -1, 0
125, -1, 0
125, -1, 0
125, -2, 0
126, -1, -1
124, -2, 0
125, -1, 0
125, -1, 0
125, -2, 0
125, -2, 0
125, -1, 0
125, -1, 0
126, -2, -1
124, -1, 0
125, -2, 0
125, -1, 0
125, -2, 0
125, -1, 0
140, -2, 0
109, -1, 0
127, -2, 0
123, -1, 0
126, -2, -1
125, -2, 0
125, -1, 0
125, -2, 0
125, -2, 0
125, -1, 0
125, -2, 0
125, -2, 0
125, -2, 0
125, -1, -1
125, -2, 0
125, -2, 0
125, -2, 0
125, -1, 0
125, -2, 0
125, -2, 0
125, -2, 0
124, -1, 0
125, -2, 0
128, -2, 0
121, -2, -1
126, -2, 0
125, -2, 0
124, -1, 0
126, -3, 0
124, -1, 0
125, -2, 0
126, -2, 0
124, -2, 0
125, -2, 0
126, -2, 0
129, -2, -1
120, -2, 0
126, -2, 0
124, -2, 0
125, -2, 0
126, -2, 0
124, -2, 0
126, -2, 0
124, -2, 0
125, -2, 0
125, -3, 0
125, -1, 0
125, -3, 0
126, -2, 0
124, -2, 0
132, -2, -1
120, -3, 0
125, -1, 0
125, -3, 0
124, -2, 0
126, -3, 0
125, -1, 0
125, -3, 0
126, -2, 0
124, -3, 0
125, -2, 0
125, -2, 0
125, -2, 0
125, -3, 0
125, -2, 0
125, -3, 0
125, -2, 0
125, -2, 0
125, -2, 0
125, -2, 0
125, -3, 0
125, -2, 0
125, -3, 0
125, -2, 0
125, -3, 0
125, -2, 0
125, -3, 0
125, -2, 0
125, -3, 0
125, -2, 0
125, -3, 0
125, -2, -1
126, -3, 0
124, -2, 0
125, -3, 0
125, -2, 0
125, -3, 0
125, -3, 0
125, -3, 0
125, -2, 0
126, -3, 0
124, -2, 0
125, -3, 0
125, -2, 0
125, -4, 0
130, -2, 0
126, -3, 0
119, -2, 0
126, -4, 0
124, -2, 0
125, -3, 0
125, -2, 0
125, -3, 0
125, -3, 0
125, -2, 0
125, -4, 0
126, -2, 0
124, -3, 0
159, -3, 0
91, -3, 0
125, -2, 1
125, -4, 0
125, -2, 0
125, -4, 0
126, -2, 0
127, -4, 0
122, -2, 0
125, -3, 0
125, -3, 0
125, -3, 0
125, -3, 0
125, -3, 0
125, -3, 0
126, -3, 1
125, -3, 0
124, -3, 0
125, -3, 0
125, -3, 0
125, -3, 0
125, -4, 0
126, -2, 0
124, -4, 0
125, -2, 0
125, -4, 1
125, -3, 0
125, -3, 0
125, -3, 0
125, -3, 0
126, -3, 0
124, -2, 0
125, -4, 1
125, -3, 0
125, -3, 0
125, -3, 0
125, -4, 0
125, -2, 0
126, -4, 0
124, -3, 0
125, -4, 1
125, -2, 0
125, -4, 0
125, -3, 0
125, -4, 0
123, -2, 0
126, -4, 1
124, -3, 0
127, -4, 0
123, -3, 0
125, -4, 0
125, -2, 0
132, -4, 1
119, -3, 0
127, -4, 0
125, -3, 0
123, -4, 0
125, -2, 0
128, -4, 1
123, -3, 0
125, -4, 0
128, -3, 0
125, -4, 0
126, -3, 0
121, -4, 1
124, -2, 0
126, -4, 0
125, -3, 0
126, -3, 1
124, -4, 0
126, -3, 0
125, -4, 0
124, -3, 0
130, -4, 1
121, -3, 0
125, -4, 0
126, -3, 0
124, -4, 0
126, -3, 1
125, -4, 0
124, -3, 0
125, -4, 0
125, -3, 0
125, -4, 1
125, -3, 0
125, -4, 0
126, -3, 0
129, -4, 0
121, -3, 0
125, -4, 1
124, -3, 0
125, -4, 0
125, -3, 0
126, -4, 1
125, -3, 0
125, -5, 0
124, -2, 0
125, -5, 0
125, -3, 0
125, -4, 1
126, -3, 0
124, -4, 0
127, -3, 0
124, -5, 1
124, -2, 0
125, -3, 0
125, -5, 0
125, -3, 0
125, -4, 1
125, -3, 0
127, -5, 0
124, -2, 0
124, -5, 0
125, -3, 0
126, -4, 1
125, -3, 0
124, -5, 0
125, -3, 0
126, -4, 0
125, -3, 1
130, -5, 0
123, -3, 0
121, -4, 0
124, -3, 0
126, -5, 0
124, -3, 1
126, -4, 0
126, -3, 0
123, -5, 0
125, -3, 0
125, -4, 1
125, -3, 0
125, -5, 0
125, -3, 0
126, -4, 0
124, -3, 1
125, -5, 0
125, -3, 0
125, -5, 0
125, -3, 0
125, -4, 1
126, -3, 0
125, -5, 0
124, -3, 0
125, -3, 0
125, -5, 0
126, -3, 1
124, -4, 0
125, -3, 0
125, -5, 0
126, -3, 0
124, -5, 0
132, -3, 1
120, -4, 0
126, -3, 0
125, -5, 0
125, -3, 0
126, -5, 1
124, -3, 0
122, -4, 0
126, -4, 0
125, -4, 0
123, -3, 0
127, -5, 1
126, -3, 0
124, -5, 0
125, -3, 0
127, -4, 0
123, -4, 0
125, -4, 1
125, -3, 0
125, -5, 0
125, -3, 0
124, -5, 0
127, -3, 1
124, -4, 0
125, -3, 0
125, -5, 0
125, -3, 0
125, -3, 0
125, -5, 1
125, -3, 0
125, -5, 0
125, -3, 0
124, -4, 0
125, -3, 1
126, -5, 0
125, -3, 0
124, -5, 0
126, -3, 0
125, -4, 0
125, -4, 1
125, -4, 0
124, -3, 0
126, -5, 0
125, -3, 0
125, -4, 1
125, -4, 0
125, -4, 0
124, -3, 0
126, -5, 1
124, -3, 0
125, -5, 0
125, -3, 0
125, -4, 0
125, -3, 0
126, -5, 0
124, -3, 1
126, -5, 0
125, -3, 0
125, -5, 0
125, -3, 0
126, -4, 0
124, -3, 1
126, -3, 0
124, -5, 0
127, -3, 0
123, -4, 0
125, -4, 0
125, -4, 1
125, -3, 0
125, -5, 0
126, -3, 0
124, -4, 0
125, -3, 0
125, -5, 0
125, -3, 1
125, -5, 0
125, -2, 0
124, -5, 0
126, -3, 0
124, -5, 0
125, -3, 0
126, -4, 0
125, -3, 1
124, -5, 0
125, -3, 0
125, -5, 0
126, -3, 0
123, -4, 0
138, -3, 1
120, -5, 0
117, -3, 0
125, -4, 0
130, -3, 0
120, -5, 0
125, -3, 0
128, -3, 0
122, -4, 1
124, -3, 0
126, -4, 0
125, -3, 0
125, -5, 0
127, -3, 0
132, -4, 0
121, -3, 0
120, -5, 1
125, -3, 0
126, -4, 0
124, -3, 0
125, -5, 0
125, -3, 0
126, -4, 0
124, -3, 0
125, -4, 1
125, -3, 0
125, -5, 0
127, -3, 0
125, -4, 0
125, -3, 0
126, -4, 0
124, -3, 0
124, -5, 1
125, -3, 0
125, -4, 0
126, -3, 0
125, -4, 0
124, -3, 0
126, -5, 0
124, -2, 0
126, -5, 0
124, -3, 0
125, -4, 0
126, -3, 1
126, -3, 0
123, -4, 0
126, -3, 0
124, -4, 0
125, -3, 0
125, -4, 0
125, -3, 0
125, -4, 0
126, -3, 0
124, -4, 0
126, -3, 0
124, -4, 0
125, -3, 0
125, -4, 1
125, -3, 0
125, -4, 0
125, -3, 0
124, -4, 0
127, -3, 0
124, -4, 0
126, -3, 0
124, -4, 0
125, -3, 0
126, -4, 1
124, -3, 0
126, -4, 0
125, -2, 0
124, -5, 0
125, -2, 0
125, -4, 0
125, -3, 0
125, -4, 0
131, -3, 0
121, -4, 0
127, -2, 0
122, -3, 0
126, -4, 0
125, -3, 0
126, -4, 0
125, -3, 0
136, -3, 0
115, -3, 1
124, -4, 0
134, -3, 0
117, -4, 0
121, -2, 0
124, -4, 0
127, -3, 0
124, -4, 0
125, -2, 0
126, -4, 0
125, -3, 0
124, -4, 0
125, -3, 0
125, -3, 0
125, -3, 0
126, -4, 0
124, -3, 0
125, -3, 0
126, -3, 0
124, -4, 0
125, -2, 0
126, -4, 0
124, -3, 0
125, -3, 0
127, -3, 0
125, -3, 1
125, -3, 0
124, -4, 0
126, -2, 0
125, -3, 0
125, -3, 0
124, -3, 0
125, -3, 0
125, -3, 0
125, -4, 0
126, -2, 0
125, -4, 0
124, -2, 0
126, -4, 0
124, -2, 0
124, -4, 0
127, -2, 0
124, -4, 0
125, -2, 0
125, -4, 0
124, -2, 0
125, -3, 0
126, -3, 0
125, -3, 0
125, -3, 0
124, -3, 0
125, -3, 0
126, -3, 0
124, -2, 0
125, -4, 0
125, -2, 0
126, -3, 0
125, -3, 0
124, -3, 0
126, -2, 0
125, -4, 0
124, -2, 0
132, -3, 0
120, -3, 0
123, -3, 0
126, -2, 0
124, -2, 0
126, -4, 0
126, -2, 0
125, -3, 0
124, -2, 0
125, -3, 0
126, -3, 0
125, -3, 0
124, -2, 0
125, -3, 0
124, -2, 0
126, -4, 0
125, -2, 0
125, -3, 0
125, -2, 0
125, -3, 0
128, -2, 0
122, -3, 0
125, -2, 0
125, -3, 0
124, -2, 0
125, -4, 0
125, -2, 0
126, -3, 0
124, -2, 0
125, -3, 0
126, -2, 0
125, -3, 0
125, -2, 0
125, -3, 0
125, -2, 0
125, -3, 0
124, -2, 0
125, -2, 0
125, -3, 0
126, -2, 0
125, -3, 0
124, -1, 0
125, -3, 0
127, -2, 0
123, -3, 0
125, -2, 0
125, -3, 0
126, -2, 0
125, -2, 0
125, -2, 0
125, -3, 0
125, -2, 0
125, -3, 0
125, -1, 0
125, -3, 0
124, -2, 0
126, -3, 0
124, -2, 0
125, -2, 0
125, -2, 0
124, -3, 0
125, -1, 0
125, -3, 0
125, -2, 0
125, -2, 0
126, -2, 0
124, -3, 0
126, -2, 0
124, -2, 0
125, -2, 0
125, -2, 0
125, -2, 0
125, -3, 0
125, -1, 0
126, -2, 0
125, -2, 0
124, -2, 0
125, -2, 0
125, -2, 0
125, -3, 0
125, -1, 0
125, -3, 0
125, -1, 0
126, -3, 0
125, -1, 0
125, -2, 0
124, -2, 0
125, -2, 0
127, -2, 0
126, -2, 0
130, -2, 0
124, -2, 0
122, -1, 0
126, -3, 0
122, -1, 0
127, -2, 0
124, -2, 0
124, -2, 0
155, -1, 0
97, -2, 0
127, -2, 0
123, -2, 0
124, -1, 0
125, -3, 0
125, -1, 0
125, -2, 0
125, -1, 0
126, -2, 0
124, -2, 0
125, -2, 0
125, -1, 0
124, -1, 0
125, -2, 0
126, -2, 0
125, -2, -1
127, -1, 0
123, -2, 0
125, -1, 0
125, -2, 0
125, -1, 0
124, -2, 0
126, -1, 0
125, -2, 0
126, -1, 0
124, -2, 0
125, -1, 0
125, -2, 0
126, -1, 0
123, -2, 0
126, -1, 0
125, -2, -1
126, -1, 0
124, -2, 0
132, -1, 0
122, -1, 0
122, -1, 0
124, -2, 0
125, -1, 0
125, -2, 0
126, -1, 0
124, -1, 0
125, -1, 0
125, -2, 0
125, -1, 0
125, -1, -1
125, -1, 0
125, -2, 0
125, -1, 0
125, -1, 0
125, -1, 0
126, -1, 0
124, -2, 0
125, -1, 0
125, -1, 0
126, -1, 0
125, -1, -1
123, -1, 0
126, -1, 0
124, -1, 0
126, -2, 0
250, -2, 0
125, -1, 0
125, -1, 0
125, -1, 0
125, -1, -1
249, -2, 0
251, -2, 0
250, -1, 0
125, -1, 0
126, -1, 0
124, -1, -1
126, -1, 0
124, -1, 0
125, -1, 0
250, -1, 0
130, -1, 0
121, -1, 0
123, -1, 0
250, -1, -1
127, -1, 0
124, -1, 0
249, -1, 0
126, -1, 0
125, -1, 0
258, -1, -1
240, -1, 0
126, -1, 0
249, -1, 0
125, -1, 0
250, -1, -1
251, -1, 0
249, -1, 0
249, -1, 0
127, 0, -1
125, -1, 0
249, -1, 0
250, -1, 0
375, -1, -1
422, -1, 0
329, -1, 0
250, 0, -1
251, -1, 0
420, -1, 0
206, 0, -1
375, -1, 0
679, 0, -1
69, -1, 0
1174, 0, -1
702, -1, 0
500, 0, -1
1753, 0, -1
123, 1, 0
878, 1, 0
246, 0, -1
418, 1, 0
459, 1, 0
248, 0, -1
249, 1, 0
501, 1, 0
250, 1, -1
545, 1, 0
204, 1, 0
251, 0, -1
125, 1, 0
249, 1, 0
250, 1, 0
126, 0, -1
251, 1, 0
248, 1, 0
249, 1, 0
128, 0, -1
124, 1, 0
125, 1, 0
250, 1, 0
126, 0, -1
125, 1, 0
249, 1, 0
250, 1, 0
126, 1, -1
249, 1, 0
126, 1, 0
249, 1, -1
126, 1, 0
248, 1, 0
130, 1, 0
122, 0, -1
125, 1, 0
124, 1, 0
125, 1, 0
250, 1, -1
126, 1, 0
124, 1, 0
250, 1, 0
125, 1, 0
126, 1, -1
125, 1, 0
249, 1, 0
125, 1, 0
125, 1, -1
125, 1, 0
125, 1, 0
125, 1, 0
125, 1, 0
125, 1, -1
126, 1, 0
249, 2, 0
251, 1, 0
125, 1, -1
125, 1, 0
125, 1, 0
125, 1, 0
124, 1, 0
126, 1, -1
125, 1, 0
126, 2, 0
125, 1, 0
124, 1, 0
125, 1, -1
125, 1, 0
124, 1, 0
126, 1, 0
125, 1, 0
125, 1, -1
124, 1, 0
126, 2, 0
125, 1, 0
250, 2, -1
124, 1, 0
125, 1, 0
125, 1, 0
125, 2, 0
126, 1, -1
125, 1, 0
125, 1, 0
124, 2, 0
125, 1, 0
125, 1, -1
125, 1, 0
132, 2, 0
122, 1, 0
121, 1, 0
126, 2, -1
124, 1, 0
125, 1, 0
125, 2, 0
125, 1, 0
126, 2, -1
124, 1, 0
125, 1, 0
126, 2, 0
124, 1, 0
127, 1, -1
125, 2, 0
122, 1, 0
128, 2, 0
126, 1, 0
122, 2, -1
124, 1, 0
130, 2, 0
120, 1, 0
125, 1, 0
125, 2, 0
125, 1, -1
125, 2, 0
125, 1, 0
126, 2, 0
124, 2, -1
125, 2, 0
125, 1, 0
126, 2, 0
124, 1, 0
125, 2, -1
125, 1, 0
124, 2, 0
126, 2, 0
125, 2, 0
125, 1, 0
125, 2, -1
125, 1, 0
125, 2, 0
125, 2, 0
125, 2, -1
124, 1, 0
126, 2, 0
125, 2, 0
126, 2, 0
124, 1, 0
124, 2, -1
124, 2, 0
128, 2, 0
125, 1, 0
125, 3, -1
124, 1, 0
125, 2, 0
125, 2, 0
125, 2, 0
127, 2, -1
126, 1, 0
123, 2, 0
125, 2, 0
126, 2, 0
125, 2, -1
123, 2, 0
126, 2, 0
125, 2, 0
126, 1, -1
124, 3, 0
125, 2, 0
125, 2, 0
126, 1, 0
127, 3, -1
123, 1, 0
125, 3, 0
125, 1, 0
124, 3, 0
125, 2, -1
125, 2, 0
126, 2, 0
123, 2, 0
127, 2, 0
125, 2, -1
124, 2, 0
126, 3, 0
125, 1, 0
125, 3, -1
124, 2, 0
125, 2, 0
125, 2, 0
126, 3, 0
125, 1, -1
125, 3, 0
125, 2, 0
124, 1, 0
125, 3, 0
125, 2, -1
125, 2, 0
125, 2, 0
126, 3, 0
129, 2, 0
121, 2, -1
124, 2, 0
125, 3, 0
126, 2, 0
124, 3, 0
125, 1, -1
126, 3, 0
124, 2, 0
125, 3, 0
125, 2, -1
125, 2, 0
125, 2, 0
126, 3, 0
124, 2, 0
126, 3, -1
124, 2, 0
125, 3, 0
125, 2, 0
126, 2, -1
123, 3, 0
125, 3, 0
134, 1, 0
117, 3, 0
124, 2, 0
125, 3, -1
125, 2, 0
126, 3, 0
124, 2, 0
125, 3, -1
125, 2, 0
126, 2, 0
124, 3, 0
133, 2, 0
126, 3, -1
116, 2, 0
125, 3, 0
125, 2, 0
126, 3, 0
125, 2, -1
124, 4, 0
125, 2, 0
125, 3, 0
125, 2, 0
125, 3, -1
126, 2, 0
124, 3, 0
126, 2, 0
124, 3, 0
133, 3, -1
118, 3, 0
125, 2, 0
126, 3, 0
125, 2, 0
125, 3, -1
126, 2, 0
124, 4, 0
124, 2, 0
125, 3, 0
125, 2, -1
125, 3, 0
126, 2, 0
124, 4, 0
126, 2, 0
124, 3, -1
125, 2, 0
125, 2, 0
126, 4, 0
124, 2, 0
125, 3, -1
125, 2, 0
126, 4, 0
125, 2, 0
124, 3, 0
125, 2, -1
127, 4, 0
125, 2, 0
124, 3, 0
126, 3, 0
125, 3, -1
129, 2, 0
120, 4, 0
125, 2, 0
126, 3, 0
150, 2, 0
99, 4, -1
135, 2, 0
114, 3, 0
124, 3, 0
125, 3, -1
127, 3, 0
123, 3, 0
125, 2, 0
125, 4, 0
127, 2, 0
128, 3, -1
122, 3, 0
126, 3, 0
129, 3, 0
125, 3, 0
124, 2, -1
125, 4, 0
121, 2, 0
125, 3, 0
124, 3, 0
126, 2, 0
125, 4, -1
126, 2, 0
123, 4, 0
126, 2, 0
125, 4, -1
125, 2, 0
124, 3, 0
125, 3, 0
126, 3, 0
126, 3, 0
123, 3, -1
125, 2, 0
126, 4, 0
125, 2, 0
124, 4, 0
126, 2, -1
125, 4, 0
125, 2, 0
125, 4, 0
124, 2, 0
125, 4, 0
126, 2, -1
124, 3, 0
125, 3, 0
126, 3, 0
128, 3, 0
122, 3, -1
124, 3, 0
125, 4, 0
126, 2, 0
124, 3, 0
124, 3, 0
125, 2, -1
125, 4, 0
125, 2, 0
126, 4, 0
124, 2, 0
126, 4, -1
125, 3, 0
124, 3, 0
124, 3, 0
126, 3, 0
125, 3, 0
126, 4, -1
125, 2, 0
125, 4, 0
124, 2, 0
126, 4, 0
124, 2, 0
125, 4, -1
125, 2, 0
125, 4, 0
125, 3, 0
126, 3, 0
127, 3, -1
123, 3, 0
125, 3, 0
124, 4, 0
125, 2, 0
126, 4, 0
127, 2, 0
130, 4, -1
122, 3, 0
121, 3, 0
127, 3, 0
124, 3, 0
125, 3, 0
126, 4, -1
124, 2, 0
125, 3, 0
123, 3, 0
125, 3, 0
126, 4, 0
126, 2, -1
125, 4, 0
125, 2, 0
125, 4, 0
126, 3, 0
123, 3, 0
127, 3, -1
125, 4, 0
126, 2, 0
124, 4, 0
125, 3, 0
124, 3, 0
124, 3, 0
125, 4, -1
125, 2, 0
125, 4, 0
125, 2, 0
125, 4, 0
125, 3, -1
127, 3, 0
125, 3, 0
124, 4, 0
124, 2, 0
125, 4, 0
125, 3, 0
125, 4, -1
125, 2, 0
125, 4, 0
125, 2, 0
124, 3, 0
126, 4, 0
125, 2, -1
125, 4, 0
125, 2, 0
124, 4, 0
126, 3, 0
128, 4, 0
124, 2, 0
124, 4, -1
125, 3, 0
125, 3, 0
126, 3, 0
125, 4, 0
124, 2, 0
125, 4, 0
124, 3, -1
130, 3, 0
121, 3, 0
125, 4, 0
124, 2, 0
126, 4, 0
125, 3, 0
125, 4, -1
125, 2, 0
125, 4, 0
124, 3, 0
127, 3, 0
129, 3, 0
122, 4, -1
122, 2, 0
127, 4, 0
129, 2, 0
120, 4, 0
125, 3, 0
125, 2, -1
125, 4, 0
124, 3, 0
146, 4, 0
105, 2, 0
125, 4, 0
126, 3, 0
124, 3, -1
125, 3, 0
125, 4, 0
125, 2, 0
124, 4, 0
126, 3, 0
125, 4, 0
125, 2, -1
125, 4, 0
124, 2, 0
126, 4, 0
125, 3, 0
125, 4, 0
127, 2, 0
123, 4, -1
125, 3, 0
125, 3, 0
137, 3, 0
113, 4, 0
125, 2, 0
123, 4, 0
127, 3, 0
132, 4, 0
118, 2, 0
124, 4, -1
125, 3, 0
124, 3, 0
129, 3, 0
125, 2, 0
128, 4, 0
122, 3, 0
123, 3, 0
125, 3, 0
125, 4, -1
125, 2, 0
124, 4, 0
125, 3, 0
125, 3, 0
125, 3, 0
127, 4, 0
128, 2, 0
130, 4, 0
115, 2, -1
128, 4, 0
124, 3, 0
124, 3, 0
124, 3, 0
125, 4, 0
124, 2, 0
124, 4, 0
132, 2, 0
129, 4, 0
114, 3, 0
126, 4, -1
125, 2, 0
124, 4, 0
125, 2, 0
125, 4, 0
132, 3, 0
122, 3, 0
122, 3, 0
133, 4, 0
118, 2, -1
143, 4, 0
114, 2, 0
117, 4, 0
126, 2, 0
127, 3, 0
123, 4, 0
125, 2, 0
130, 4, 0
120, 2, 0
125, 4, -1
125, 2, 0
124, 4, 0
125, 3, 0
126, 3, 0
125, 3, 0
124, 3, 0
125, 3, 0
125, 4, 0
125, 2, -1
126, 4, 0
124, 2, 0
125, 4, 0
126, 2, 0
124, 4, 0
125, 2, 0
130, 4, 0
122, 2, 0
125, 4, 0
124, 2, -1
125, 4, 0
126, 3, 0
129, 3, 0
122, 3, 0
127, 3, 0
125, 3, 0
123, 3, 0
122, 3, 0
127, 2, 0
126, 4, 0
124, 2, -1
125, 4, 0
125, 2, 0
128, 4, 0
122, 2, 0
125, 4, 0
124, 2, 0
127, 4, 0
124, 2, 0
125, 4, 0
124, 2, 0
125, 4, -1
125, 2, 0
126, 3, 0
124, 3, 0
126, 3, 0
124, 3, 0
125, 3, 0
125, 3, 0
125, 3, 0
126, 2, 0
124, 4, -1
126, 2, 0
125, 4, 0
123, 2, 0
126, 3, 0
125, 3, 0
125, 3, 0
125, 3, 0
125, 3, 0
125, 2, 0
126, 4, -1
125, 2, 0
124, 2, 0
124, 4, 0
124, 2, 0
131, 4, 0
127, 2, 0
121, 3, 0
125, 3, 0
123, 3, -1
126, 2, 0
125, 4, 0
124, 2, 0
125, 3, 0
125, 2, 0
125, 4, 0
128, 2, 0
130, 3, -1
121, 3, 0
132, 3, 0
115, 2, 0
124, 4, 0
125, 2, 0
123, 3, 0
128, 2, 0
124, 4, 0
126, 2, 0
124, 3, -1
125, 2, 0
125, 3, 0
124, 3, 0
125, 3, 0
126, 2, 0
124, 3, 0
126, 2, 0
125, 4, -1
124, 2, 0
126, 2, 0
125, 3, 0
125, 2, 0
125, 3, 0
129, 2, 0
125, 4, 0
122, 2, 0
125, 3, -1
124, 2, 0
125, 3, 0
125, 2, 0
127, 3, 0
124, 2, 0
135, 3, -1
118, 3, 0
123, 3, 0
124, 2, 0
126, 3, 0
125, 2, 0
124, 3, 0
124, 2, 0
125, 3, -1
125, 2, 0
125, 3, 0
125, 2, 0
125, 3, 0
124, 2, 0
126, 3, 0
125, 2, -1
125, 3, 0
125, 2, 0
125, 3, 0
124, 2, 0
126, 3, 0
126, 2, -1
124, 2, 0
124, 2, 0
126, 2, 0
124, 3, 0
126, 2, -1
125, 3, 0
125, 2, 0
125, 3, 0
125, 2, 0
125, 2, 0
125, 2, -1
125, 3, 0
124, 2, 0
125, 3, 0
125, 2, 0
126, 2, 0
126, 2, -1
124, 3, 0
125, 2, 0
125, 2, 0
124, 2, 0
124, 3, 0
127, 2, -1
125, 2, 0
127, 2, 0
128, 3, 0
123, 1, 0
129, 3, -1
117, 2, 0
124, 3, 0
126, 1, 0
124, 3, 0
128, 1, -1
124, 3, 0
124, 2, 0
126, 1, 0
125, 3, 0
126, 1, -1
124, 3, 0
123, 2, 0
126, 2, 0
124, 2, 0
126, 2, -1
124, 2, 0
125, 2, 0
131, 2, 0
122, 2, 0
127, 2, -1
126, 2, 0
121, 2, 0
123, 2, 0
126, 2, 0
137, 2, -1
115, 1, 0
125, 3, 0
123, 1, 0
127, 3, -1
125, 1, 0
125, 2, 0
124, 2, 0
126, 2, 0
126, 1, -1
124, 3, 0
125, 1, 0
129, 2, 0
121, 2, -1
125, 2, 0
125, 1, 0
125, 2, 0
125, 2, -1
125, 2, 0
125, 1, 0
125, 2, 0
125, 2, -1
126, 1, 0
124, 2, 0
124, 1, 0
126, 2, -1
125, 2, 0
137, 2, 0
118, 1, 0
121, 2, -1
123, 1, 0
125, 2, 0
125, 1, 0
123, 2, 0
127, 1, -1
125, 2, 0
125, 1, 0
125, 2, -1
125, 1, 0
125, 2, 0
129, 1, 0
124, 2, -1
126, 1, 0
122, 2, 0
124, 1, 0
125, 1, -1
126, 1, 0
125, 2, 0
125, 1, 0
125, 2, -1
126, 1, 0
123, 1, 0
126, 1, 0
129, 2, -1
120, 1, 0
125, 1, 0
128, 1, -1
122, 1, 0
126, 2, 0
261, 2, -1
113, 1, 0
126, 1, 0
126, 1, 0
123, 1, -1
125, 1, 0
125, 2, 0
125, 1, -1
126, 1, 0
124, 1, 0
125, 1, 0
125, 0, -1
125, 2, 0
125, 1, 0
125, 1, -1
254, 1, 0
120, 1, 0
126, 1, -1
125, 1, 0
126, 1, 0
126, 1, -1
124, 1, 0
250, 1, 0
125, 1, -1
125, 1, 0
124, 1, 0
125, 0, -1
125, 1, 0
125, 1, 0
250, 1, -1
125, 1, 0
251, 1, 0
124, 0, -1
125, 1, 0
125, 1, 0
125, 1, -1
249, 1, 0
250, 1, 0
126, 0, -1
125, 1, 0
250, 0, -1
127, 1, 0
247, 1, 0
126, 0, -1
249, 1, 0
250, 1, -1
542, 1, -1
584, 1, -1
499, 0, -1
249, 1, 0
501, 0, -1
535, 0, -1
715, 0, -1
672, 0, -1
329, -1, 0
408, 0, -1
216, -1, 0
626, -1, -1
376, -1, 0
123, 0, -1
251, -1, 0
462, -1, 0
40, 0, -1
249, -1, 0
418, -1, -1
83, -1, 0
373, -1, -1
250, -1, 0
252, -1, 0
249, -1, -1
249, -1, 0
126, -1, 0
125, 0, -1
125, -1, 0
134, -1, 0
241, -1, -1
249, -1, 0
126, -1, 0
125, 0, -1
125, -1, 0
125, -1, 0
255, -1, 0
122, -1, -1
250, -1, 0
122, -1, 0
125, -1, -1
255, -1, 0
122, -1, 0
125, -1, -1
132, -1, 0
119, -1, 0
250, -1, -1
128, -1, 0
120, -1, 0
126, -1, -1
125, -1, 0
122, -1, 0
125, -1, 0
125, 0, -1
126, -2, 0
252, -2, 0
123, 0, -1
125, -2, 0
253, -1, -1
128, -1, 0
122, -2, 0
123, -1, 0
125, -1, 0
125, -1, -1
126, -1, 0
126, -1, 0
123, -1, 0
125, -1, -1
126, -1, 0
122, -1, 0
126, -2, -1
124, -1, 0
128, -1, 0
124, -2, 0
125, 0, -1
125, -2, 0
124, -1, 0
124, -1, 0
125, -1, -1
125, -2, 0
128, -1, 0
123, -2, 0
125, -1, -1
125, -1, 0
127, -1, 0
124, -2, -1
125, -1, 0
125, -2, 0
126, -1, 0
125, -2, 0
127, -1, -1
127, -2, 0
120, -1, 0
124, -1, 0
124, -2, -1
126, -1, 0
125, -2, 0
132, -1, 0
117, -2, -1
125, -1, 0
124, -2, 0
126, -2, 0
125, -1, 0
125, -2, -1
125, -1, 0
128, -2, 0
121, -1, 0
125, -2, -1
125, -2, 0
125, -1, 0
125, -2, 0
125, -1, 0
126, -2, 0
125, -2, -1
125, -2, 0
127, -1, 0
123, -2, 0
125, -2, -1
125, -2, 0
125, -1, 0
125, -3, 0
127, -1, 0
132, -2, -1
115, -2, 0
128, -2, 0
123, -2, 0
126, -2, 0
123, -1, 0
128, -3, -1
129, -1, 0
124, -3, 0
123, -1, 0
124, -2, 0
125, -2, -1
124, -2, 0
125, -2, 0
125, -2, 0
125, -2, 0
126, -2, 0
124, -2, 0
125, -3, -1
126, -1, 0
126, -2, 0
124, -3, 0
126, -1, 0
125, -3, 0
125, -2, 0
124, -2, 0
126, -2, -1
123, -3, 0
125, -1, 0
125, -3, 0
128, -2, 0
122, -3, 0
136, -1, 0
122, -3, 0
120, -2, -1
124, -3, 0
125, -1, 0
124, -3, 0
126, -2, 0
124, -3, 0
125, -2, 0
125, -2, 0
126, -2, 0
124, -3, 0
124, -2, 0
125, -3, -1
126, -2, 0
123, -3, 0
125, -2, 0
125, -3, 0
127, -1, 0
125, -4, 0
125, -1, 0
125, -3, 0
125, -2, 0
123, -3, 0
125, -3, 0
125, -2, 0
127, -2, 0
125, -3, 0
125, -3, 0
125, -2, 0
126, -3, 0
124, -2, 0
125, -3, 0
124, -2, 0
125, -3, 0
125, -2, 0
125, -3, 0
125, -2, 0
125, -3, 0
124, -3, 0
125, -3, 0
126, -2, 0
125, -3, 0
125, -2, 0
125, -3, 0
125, -3, 0
125, -3, 0
128, -2, 0
122, -4, 0
125, -2, 0
125, -3, 0
125, -2, 0
125, -3, 0
125, -3, 0
125, -3, 0
125, -2, 0
125, -4, 0
125, -2, 0
125, -3, 0
126, -3, 0
142, -3, 0
106, -2, 0
126, -3, 0
123, -3, 0
126, -2, 0
124, -4, 0
125, -2, 0
125, -4, 0
125, -2, 0
125, -3, 0
126, -3, 0
125, -3, 0
124, -3, 0
126, -3, 0
126, -3, 0
124, -3, 0
124, -3, 0
126, -3, 1
125, -3, 0
125, -3, 0
124, -3, 0
126, -3, 0
125, -3, 0
125, -3, 1
125, -3, 0
125, -3, 0
126, -3, 0
126, -3, 0
124, -3, 0
125, -4, 1
125, -2, 0
125, -4, 0
126, -2, 0
124, -4, 0
126, -2, 0
124, -4, 0
125, -3, 1
125, -3, 0
125, -3, 0
125, -2, 0
125, -4, 0
126, -3, 0
125, -3, 1
125, -3, 0
125, -4, 0
125, -2, 0
125, -4, 0
125, -3, 1
125, -3, 0
128, -3, 0
123, -4, 0
129, -3, 0
122, -4, 1
123, -2, 0
125, -4, 0
125, -3, 0
124, -3, 0
131, -3, 1
122, -4, 0
122, -3, 0
130, -3, 0
122, -3, 0
124, -4, 1
125, -3, 0
125, -3, 0
125, -3, 0
126, -4, 1
134, -3, 0
115, -4, 0
124, -2, 0
126, -4, 0
125, -3, 1
124, -4, 0
131, -3, 0
125, -4, 0
124, -2, 1
120, -3, 0
125, -4, 0
125, -3, 0
125, -4, 0
124, -2, 1
126, -5, 0
128, -2, 0
123, -4, 1
125, -3, 0
125, -4, 0
125, -3, 0
124, -4, 0
126, -3, 0
125, -4, 1
125, -2, 0
127, -4, 0
124, -3, 0
125, -4, 1
125, -3, 0
125, -4, 0
125, -3, 0
125, -4, 1
125, -3, 0
124, -4, 0
124, -3, 0
125, -4, 1
125, -3, 0
125, -4, 0
125, -3, 0
125, -4, 1
126, -3, 0
124, -4, 0
124, -3, 0
126, -4, 1
124, -2, 0
135, -3, 0
118, -4, 0
128, -3, 1
125, -4, 0
122, -3, 0
121, -5, 0
125, -2, 1
125, -5, 0
126, -2, 0
125, -5, 0
125, -3, 0
126, -4, 0
125, -3, 1
125, -4, 0
125, -3, 0
124, -4, 0
125, -3, 1
125, -4, 0
124, -3, 0
126, -4, 0
126, -3, 0
124, -5, 1
125, -2, 0
124, -5, 0
125, -3, 0
125, -4, 0
126, -3, 1
129, -4, 0
122, -3, 0
125, -4, 0
125, -3, 0
126, -4, 1
125, -3, 0
126, -5, 0
125, -3, 0
124, -4, 0
127, -3, 0
122, -3, 1
125, -4, 0
126, -3, 0
124, -4, 0
126, -3, 0
128, -4, 1
123, -3, 0
125, -5, 0
124, -3, 0
124, -4, 1
125, -3, 0
125, -4, 0
124, -3, 0
126, -4, 0
126, -3, 0
124, -5, 1
125, -3, 0
125, -4, 0
125, -3, 0
125, -4, 0
125, -3, 1
125, -4, 0
125, -3, 0
125, -5, 0
125, -2, 0
125, -5, 1
126, -3, 0
125, -4, 0
125, -3, 0
125, -4, 0
125, -3, 1
124, -5, 0
125, -2, 0
127, -5, 0
124, -3, 0
125, -4, 1
126, -3, 0
125, -3, 0
124, -4, 0
125, -3, 0
124, -4, 1
126, -3, 0
125, -4, 0
124, -3, 0
126, -5, 0
124, -2, 0
126, -4, 1
124, -3, 0
125, -5, 0
125, -3, 0
126, -4, 0
125, -3, 1
125, -4, 0
125, -3, 0
125, -4, 0
124, -3, 0
125, -4, 1
125, -3, 0
125, -5, 0
132, -2, 0
124, -5, 0
120, -2, 1
125, -5, 0
124, -3, 0
125, -4, 0
125, -3, 0
125, -4, 0
125, -3, 1
125, -4, 0
125, -3, 0
126, -4, 0
124, -3, 0
127, -3, 1
124, -4, 0
124, -3, 0
125, -4, 0
125, -3, 0
125, -4, 0
125, -3, 1
128, -4, 0
121, -3, 0
124, -4, 0
125, -3, 0
125, -4, 0
128, -3, 1
123, -4, 0
126, -3, 0
124, -4, 0
125, -3, 0
124, -4, 1
125, -2, 0
125, -5, 0
126, -2, 0
124, -4, 0
126, -3, 1
126, -4, 0
124, -3, 0
124, -4, 0
125, -3, 0
125, -4, 0
126, -3, 1
124, -4, 0
126, -3, 0
126, -4, 0
123, -2, 0
125, -4, 0
133, -3, 0
119, -3, 0
125, -4, 1
125, -3, 0
126, -4, 0
124, -3, 0
126, -4, 0
124, -2, 0
126, -4, 0
124, -3, 1
125, -4, 0
125, -3, 0
126, -4, 0
124, -2, 0
125, -4, 0
128, -3, 0
124, -4, 1
125, -3, 0
124, -3, 0
126, -3, 0
125, -4, 0
123, -3, 0
126, -4, 0
125, -3, 1
124, -4, 0
125, -2, 0
128, -4, 0
124, -3, 0
125, -4, 0
123, -2, 0
125, -4, 0
127, -3, 0
125, -4, 1
125, -2, 0
125, -3, 0
124, -4, 0
126, -2, 0
124, -4, 0
125, -3, 0
124, -4, 0
125, -2, 0
125, -4, 1
128, -3, 0
123, -4, 0
125, -2, 0
124, -4, 0
127, -2, 0
125, -4, 0
124, -3, 0
125, -4, 1
126, -2, 0
125, -4, 0
126, -2, 0
128, -4, 0
120, -3, 0
124, -3, 0
125, -3, 0
125, -4, 0
125, -2, 1
125, -4, 0
129, -2, 0
121, -4, 0
125, -2, 0
125, -4, 0
125, -3, 0
125, -3, 0
125, -3, 0
125, -3, 1
126, -3, 0
125, -2, 0
125, -4, 0
124, -2, 0
125, -4, 0
125, -2, 0
125, -4, 0
125, -2, 0
126, -4, 0
124, -2, 0
125, -4, 0
125, -2, 1
125, -4, 0
125, -2, 0
125, -4, 0
125, -2, 0
126, -4, 0
124, -2, 0
130, -3, 0
122, -3, 0
125, -3, 0
122, -3, 0
127, -3, 0
123, -2, 1
127, -4, 0
124, -2, 0
126, -4, 0
125, -2, 0
126, -3, 0
125, -3, 0
125, -3, 0
125, -2, 0
125, -4, 0
124, -2, 0
124, -3, 1
125, -3, 0
126, -3, 0
125, -2, 0
126, -3, 0
125, -3, 0
125, -2, 0
131, -4, 0
118, -2, 0
125, -3, 0
125, -2, 0
123, -4, 0
125, -2, 0
125, -3, 1
125, -2, 0
124, -4, 0
126, -2, 0
125, -3, 0
125, -3, 0
125, -3, 0
124, -2, 0
126, -3, 0
125, -2, 0
124, -4, 0
129, -2, 0
122, -3, 0
124, -3, 0
126, -3, 0
125, -2, 0
125, -3, 0
125, -2, 0
126, -4, 0
124, -2, 0
125, -3, 0
125, -2, 0
126, -3, 0
125, -3, 0
125, -3, 0
125, -2, 0
125, -2, 0
125, -3, 0
125, -2, 0
125, -3, 0
125, -3, 0
125, -3, 0
125, -2, 0
126, -3, 0
124, -2, 0
125, -3, 0
125, -2, 0
125, -3, 0
125, -3, 0
125, -3, 0
125, -2, 0
127, -3, 0
123, -2, 0
125, -3, 0
125, -2, 0
125, -3, 0
125, -2, 0
125, -3, 0
125, -2, 0
126, -3, 0
124, -2, 0
125, -3, 0
125, -2, 0
125, -3, 0
125, -2, 0
125, -3, 0
125, -2, 0
126, -3, 0
124, -2, 0
125, -2, 0
125, -3, 0
125, -2, 0
125, -3, 0
126, -2, 0
124, -2, 0
126, -2, 0
124, -3, 0
125, -2, -1
125, -3, 0
125, -2, 0
125, -3, 0
125, -2, 0
125, -2, 0
126, -2, 0
124, -3, 0
125, -2, 0
125, -2, 0
125, -2, 0
125, -3, 0
125, -2, 0
125, -2, 0
126, -2, 0
124, -3, 0
125, -2, 0
125, -3, 0
125, -1, 0
125, -3, 0
125, -2, 0
125, -2, 0
126, -2, 0
124, -2, 0
125, -3, -1
125, -1, 0
125, -3, 0
125, -2, 0
125, -2, 0
125, -2, 0
126, -2, 0
125, -2, 0
124, -3, 0
125, -1, 0
125, -3, 0
125, -1, 0
125, -3, 0
131, -1, 0
126, -3, 0
117, -1, 0
131, -3, 0
123, -2, 0
122, -2, 0
127, -1, 0
126, -3, 0
123, -1, 0
125, -3, 0
124, -1, -1
126, -3, 0
124, -1, 0
126, -2, 0
125, -2, 0
125, -2, 0
125, -2, 0
126, -2, 0
124, -1, 0
125, -2, 0
125, -2, 0
126, -2, 0
124, -2, 0
125, -1, 0
125, -2, 0
126, -2, 0
124, -2, 0
125, -1, 0
125, -2, 0
125, -2, 0
125, -2, 0
125, -1, 0
125, -2, -1
126, -2, 0
124, -2, 0
125, -1, 0
125, -2, 0
126, -1, 0
124, -2, 0
125, -2, 0
125, -2, 0
126, -1, 0
122, -2, 0
127, -1, 0
125, -2, 0
125, -1, 0
125, -2, 0
125, -1, -1
126, -2, 0
125, -1, 0
124, -2, 0
125, -1, 0
125, -2, 0
125, -1, 0
125, -2, 0
125, -1, 0
125, -1, 0
126, -2, 0
124, -1, 0
125, -2, 0
125, -1, -1
125, -2, 0
123, -1, 0
128, -2, 0
124, -1, 0
125, -1, 0
125, -1, 0
125, -2, 0
125, -1, 0
125, -2, 0
127, -1, 0
125, -1, 0
124, -1, 0
126, -2, 0
128, -1, 0
122, -1, -1
124, -1, 0
123, -2, 0
125, -1, 0
126, -1, 0
125, -1, 0
125, -2, 0
247, -1, 0
128, -2, 0
124, 0, -1
125, -2, 0
126, -1, 0
124, -1, 0
126, -1, 0
124, -1, 0
126, -1, 0
125, -1, 0
125, -1, 0
124, -1, 0
125, -1, 0
125, -2, 0
250, -1, -1
126, -1, 0
124, -1, 0
126, -1, 0
124, -1, 0
126, -1, 0
124, -1, 0
126, -1, 0
124, -1, 0
125, -1, 0
126, -1, -1
249, -1, 0
125, -1, 0
126, -1, 0
127, -1, 0
251, -1, 0
122, -1, 0
127, -1, -1
249, -1, 0
125, -1, 0
126, -1, 0
247, -1, 0
250, -2, 0
250, -1, -1
251, -1, 0
125, -1, 0
249, -1, 0
255, -1, 0
123, -1, -1
248, -1, 0
249, -1, 0
250, -1, 0
250, -1, 0
251, -1, -1
249, -1, 0
374, -1, 0
251, -1, -1
376, -1, 0
249, -1, 0
426, -1, 0
76, 0, -1
248, -1, 0
503, -1, 0
372, -1, 0
126, 0, -1
675, -1, 0
450, 0, -1
126, -1, 0
877, -1, 0
247, 0, -1
1560, 0, -1
1987, 0, -1
1370, 1, 0
207, 0, -1
488, 1, 0
577, 1, 0
186, 0, -1
248, 1, 0
376, 1, 0
406, 1, 0
218, 0, -1
126, 1, 0
404, 1, 0
346, 1, 0
125, 0, -1
125, 1, 0
431, 1, 0
194, 1, 0
125, 0, -1
130, 1, 0
243, 1, 0
251, 1, 0
251, 1, 0
125, 0, -1
125, 1, 0
250, 1, 0
249, 1, 0
251, 1, 0
125, 1, -1
249, 1, 0
250, 1, 0
126, 1, 0
124, 0, -1
127, 1, 0
125, 1, 0
248, 1, 0
251, 1, 0
125, 1, -1
126, 1, 0
249, 1, 0
125, 1, 0
125, 1, 0
127, 0, -1
125, 1, 0
125, 1, 0
251, 1, 0
123, 1, 0
125, 1, 0
125, 1, -1
124, 1, 0
253, 1, 0
124, 1, 0
125, 1, 0
128, 1, 0
121, 1, -1
248, 1, 0
126, 1, 0
125, 1, 0
125, 1, 0
126, 1, 0
124, 1, -1
125, 1, 0
125, 1, 0
125, 1, 0
130, 1, 0
121, 1, 0
124, 1, 0
126, 1, 0
126, 1, -1
123, 1, 0
126, 1, 0
124, 1, 0
125, 1, 0
124, 1, 0
143, 1, 0
108, 1, -1
128, 1, 0
123, 1, 0
126, 1, 0
124, 1, 0
124, 1, 0
126, 1, 0
127, 1, 0
124, 1, 0
125, 2, -1
248, 2, 0
127, 1, 0
124, 1, 0
125, 1, 0
127, 2, 0
249, 2, -1
125, 1, 0
124, 1, 0
126, 1, 0
124, 2, 0
125, 1, 0
124, 1, 0
130, 1, -1
121, 2, 0
125, 1, 0
125, 2, 0
126, 1, 0
125, 1, 0
125, 1, 0
125, 2, 0
127, 1, 0
122, 2, 0
127, 1, 0
123, 1, -1
126, 2, 0
125, 1, 0
125, 1, 0
125, 1, 0
126, 2, 0
123, 1, 0
124, 2, 0
125, 1, 0
126, 2, 0
124, 1, -1
125, 2, 0
125, 1, 0
126, 2, 0
124, 1, 0
125, 2, 0
126, 1, 0
124, 2, 0
125, 1, 0
125, 2, -1
125, 2, 0
126, 1, 0
128, 2, 0
122, 2, 0
124, 1, 0
125, 2, 0
125, 1, 0
126, 2, 0
131, 1, -1
126, 2, 0
117, 2, 0
126, 2, 0
124, 1, 0
126, 2, 0
125, 2, 0
126, 1, 0
126, 2, 0
125, 2, -1
124, 2, 0
125, 1, 0
125, 2, 0
123, 2, 0
126, 2, 0
125, 1, 0
125, 2, 0
125, 2, 0
125, 2, -1
124, 2, 0
126, 2, 0
125, 1, 0
125, 3, 0
125, 1, 0
124, 2, 0
126, 2, 0
124, 2, 0
125, 2, 0
126, 2, -1
124, 1, 0
125, 3, 0
126, 1, 0
125, 3, 0
125, 1, 0
124, 3, 0
125, 1, 0
126, 3, -1
126, 1, 0
124, 3, 0
125, 1, 0
125, 3, 0
126, 1, 0
125, 2, 0
125, 3, -1
125, 1, 0
125, 3, 0
124, 1, 0
127, 3, 0
124, 2, 0
125, 2, 0
124, 2, 0
125, 2, -1
125, 2, 0
127, 3, 0
124, 1, 0
125, 3, 0
125, 2, 0
125, 2, 0
124, 2, 0
125, 3, 0
125, 1, -1
127, 3, 0
124, 2, 0
125, 3, 0
125, 1, 0
126, 3, -1
124, 2, 0
124, 3, 0
125, 1, 0
124, 3, 0
127, 2, 0
126, 3, 0
124, 2, 0
124, 1, 0
128, 3, -1
122, 2, 0
125, 3, 0
125, 2, 0
124, 3, 0
125, 1, 0
124, 3, 0
129, 2, 0
123, 3, -1
124, 2, 0
126, 3, 0
126, 2, 0
126, 2, 0
124, 2, 0
131, 3, -1
124, 2, 0
121, 3, 0
124, 2, 0
124, 3, 0
126, 2, 0
124, 3, 0
125, 2, 0
125, 3, -1
125, 2, 0
125, 3, 0
124, 2, 0
126, 3, 0
125, 2, 0
125, 3, -1
125, 2, 0
125, 2, 0
126, 3, 0
124, 2, 0
125, 3, 0
125, 2, 0
125, 3, 0
125, 2, 0
125, 3, -1
125, 2, 0
126, 3, 0
124, 2, 0
125, 4, 0
125, 2, 0
124, 3, 0
125, 2, 0
126, 3, -1
123, 2, 0
128, 3, 0
124, 2, 0
125, 3, 0
127, 2, 0
124, 4, 0
126, 2, -1
124, 3, 0
125, 2, 0
125, 3, 0
124, 3, 0
125, 3, 0
125, 2, 0
126, 3, 0
130, 2, -1
124, 3, 0
123, 3, 0
124, 2, 0
125, 3, 0
123, 2, 0
125, 3, 0
124, 3, 0
126, 3, 0
125, 2, -1
125, 3, 0
125, 3, 0
125, 3, 0
126, 2, 0
125, 3, 0
124, 3, 0
124, 3, 0
127, 2, -1
124, 3, 0
125, 3, 0
128, 3, 0
122, 2, 0
124, 3, 0
128, 3, 0
123, 3, 0
126, 2, 0
124, 4, -1
133, 2, 0
120, 3, 0
125, 3, 0
124, 3, 0
127, 3, 0
123, 3, 0
123, 2, 0
125, 2, 0
125, 4, 0
124, 2, 0
127, 4, -1
125, 2, 0
124, 3, 0
125, 3, 0
125, 3, 0
126, 2, 0
125, 4, 0
124, 2, 0
125, 3, 0
125, 3, 0
128, 3, -1
122, 2, 0
125, 4, 0
125, 2, 0
126, 4, 0
124, 2, 0
125, 4, 0
125, 2, 0
125, 3, 0
125, 3, 0
125, 3, 0
125, 3, -1
126, 3, 0
124, 2, 0
127, 4, 0
125, 2, 0
123, 4, 0
125, 2, 0
126, 4, 0
124, 2, 0
135, 4, -1
121, 2, 0
119, 3, 0
126, 3, 0
125, 3, 0
124, 3, 0
125, 3, 0
125, 3, 0
125, 3, 0
125, 3, 0
125, 3, 0
125, 3, 0
125, 3, -1
125, 3, 0
125, 2, 0
127, 4, 0
124, 3, 0
124, 3, 0
125, 3, 0
125, 3, 0
125, 3, 0
125, 3, 0
125, 3, 0
125, 3, 0
126, 3, -1
124, 3, 0
125, 3, 0
125, 3, 0
125, 3, 0
125, 3, 0
125, 3, 0
125, 4, 0
126, 2, 0
127, 3, 0
122, 3, 0
125, 3, 0
125, 3, 0
125, 3, -1
125, 3, 0
125, 3, 0
126, 4, 0
124, 2, 0
125, 4, 0
125, 2, 0
125, 4, 0
125, 3, 0
125, 3, 0
125, 3, 0
125, 3, 0
125, 3, 0
125, 4, 0
125, 2, 0
125, 4, 0
126, 2, 0
123, 4, -1
126, 3, 0
126, 3, 0
123, 3, 0
126, 3, 0
125, 3, 0
125, 4, 0
125, 2, 0
125, 4, 0
126, 3, 0
125, 3, 0
124, 3, 0
132, 2, 0
117, 4, 0
127, 3, 0
124, 3, 0
125, 3, 0
125, 4, 0
126, 2, -1
124, 4, 0
125, 2, 0
125, 4, 0
125, 3, 0
125, 4, 0
124, 2, 0
130, 4, 0
124, 2, 0
123, 4, 0
125, 3, 0
125, 4, 0
125, 2, 0
124, 4, 0
126, 3, 0
124, 3, 0
125, 3, 0
125, 4, 0
124, 2, 0
126, 4, 0
125, 3, 0
126, 4, -1
124, 2, 0
125, 4, 0
126, 2, 0
124, 3, 0
125, 4, 0
126, 2, 0
125, 4, 0
124, 3, 0
126, 4, 0
124, 2, 0
127, 4, 0
123, 3, 0
125, 4, 0
125, 2, 0
125, 4, 0
125, 3, 0
125, 3, 0
125, 3, 0
126, 4, 0
128, 2, 0
121, 4, 0
125, 3, 0
125, 4, 0
125, 2, 0
125, 4, 0
125, 3, 0
126, 4, -1
124, 2, 0
125, 4, 0
125, 3, 0
125, 4, 0
125, 2, 0
129, 4, 0
121, 3, 0
126, 3, 0
124, 4, 0
125, 2, 0
125, 4, 0
125, 3, 0
125, 3, 0
125, 3, 0
125, 4, 0
126, 3, 0
126, 3, 0
124, 3, 0
124, 4, 0
132, 3, 0
118, 3, 0
125, 3, 0
128, 4, 0
125, 3, 0
122, 4, 0
125, 2, 0
125, 4, 0
125, 3, 0
125, 4, 0
125, 2, 0
125, 4, 0
126, 3, 0
124, 4, 0
127, 2, 0
124, 4, 0
124, 3, 0
125, 4, 0
129, 2, 0
120, 4, 0
132, 3, 0
119, 2, 0
125, 4, 0
125, 3, 0
123, 4, 0
125, 2, 0
125, 4, 0
126, 3, 0
125, 4, 0
125, 2, -1
125, 4, 0
129, 3, 0
125, 4, 0
123, 2, 0
125, 4, 0
123, 3, 0
125, 4, 0
125, 2, 0
125, 4, 0
125, 3, 0
125, 4, 0
125, 2, 0
125, 4, 0
124, 3, 0
127, 4, 0
124, 2, 0
126, 4, 0
125, 3, 0
126, 4, 0
125, 2, 0
125, 4, 0
124, 3, 0
126, 2, 0
127, 4, 0
122, 3, 0
125, 4, 0
124, 2, 0
126, 4, 0
125, 3, 0
132, 3, 0
123, 3, 0
121, 4, 0
124, 2, 0
125, 4, 0
125, 3, 0
125, 4, 0
125, 2, 0
125, 4, 0
126, 2, 0
124, 4, 0
125, 3, 0
125, 4, 0
128, 2, 0
124, 4, 0
130, 2, 0
124, 4, 0
121, 3, 0
123, 4, 0
125, 2, 0
125, 4, 0
126, 2, 0
125, 4, 0
141, 3, 0
108, 2, 0
126, 4, 0
129, 3, 0
121, 3, 0
126, 3, 0
123, 4, 0
125, 2, 0
125, 4, 0
125, 2, 0
127, 4, 0
124, 3, 0
124, 3, 0
125, 3, 0
125, 4, 0
125, 2, 0
125, 4, 0
125, 2, 0
126, 4, 0
124, 2, 0
125, 4, 0
125, 3, 0
125, 3, 0
125, 3, 0
125, 4, 0
125, 2, 0
126, 4, 0
124, 2, 0
125, 4, 0
126, 2, 0
125, 4, 0
124, 3, 0
125, 2, 0
125, 4, 0
126, 2, 0
124, 4, 0
125, 2, 0
125, 4, 0
125, 2, 0
125, 4, 0
125, 2, 0
125, 4, 0
124, 2, 0
128, 4, 0
124, 2, 0
124, 4, 0
126, 2, 0
124, 4, 0
126, 2, -1
124, 4, 0
127, 2, 0
126, 4, 0
122, 2, 0
125, 3, 0
125, 3, 0
130, 3, 0
121, 3, 0
125, 3, 0
126, 3, 0
124, 3, 0
125, 2, 0
125, 4, 0
125, 2, 0
125, 4, 0
125, 2, 0
125, 2, 0
127, 4, 0
123, 2, 0
125, 3, 0
125, 3, 0
125, 3, 0
125, 2, 0
125, 4, 0
124, 2, -1
130, 3, 0
121, 3, 0
124, 3, 0
125, 2, 0
131, 4, 0
119, 2, 0
125, 3, 0
128, 3, 0
123, 3, 0
124, 2, 0
125, 4, 0
125, 2, 0
124, 3, 0
127, 2, 0
123, 3, 0
125, 3, 0
126, 3, 0
125, 2, 0
125, 3, 0
125, 3, 0
125, 3, -1
124, 2, 0
126, 3, 0
124, 2, 0
126, 4, 0
127, 2, 0
123, 2, 0
125, 3, 0
124, 2, 0
125, 3, 0
126, 2, 0
129, 4, -1
123, 2, 0
124, 3, 0
125, 2, 0
128, 3, 0
123, 2, 0
128, 3, 0
122, 2, 0
124, 3, 0
126, 2, 0
124, 3, 0
125, 3, 0
125, 3, 0
125, 2, 0
125, 3, -1
125, 2, 0
125, 3, 0
126, 2, 0
124, 3, 0
125, 2, 0
125, 3, 0
125, 2, 0
125, 3, 0
125, 1, 0
126, 3, -1
125, 2, 0
135, 3, 0
114, 2, 0
125, 2, 0
125, 3, 0
125, 2, 0
124, 3, 0
125, 2, -1
127, 3, 0
124, 1, 0
127, 3, 0
123, 2, 0
125, 3, 0
125, 2, 0
125, 3, 0
125, 1, 0
126, 3, 0
124, 2, 0
125, 3, -1
125, 2, 0
125, 2, 0
125, 2, 0
125, 3, 0
125, 2, 0
126, 2, -1
123, 2, 0
126, 3, 0
125, 1, 0
127, 3, 0
123, 2, 0
133, 2, 0
117, 2, 0
126, 3, 0
124, 1, -1
125, 3, 0
125, 2, 0
125, 1, 0
125, 3, 0
125, 1, 0
125, 3, 0
126, 2, -1
125, 2, 0
124, 2, 0
125, 2, 0
124, 2, 0
126, 2, 0
125, 2, 0
124, 2, -1
126, 2, 0
124, 2, 0
125, 1, 0
129, 3, 0
125, 1, 0
121, 3, -1
124, 1, 0
126, 2, 0
125, 2, 0
124, 2, 0
125, 2, -1
125, 2, 0
125, 1, 0
125, 3, 0
125, 1, 0
125, 2, -1
126, 1, 0
124, 2, 0
125, 2, 0
125, 1, 0
126, 2, -1
125, 2, 0
124, 2, 0
125, 1, 0
126, 2, 0
124, 1, -1
125, 2, 0
125, 2, 0
126, 2, 0
125, 1, 0
127, 2, -1
123, 1, 0
128, 2, 0
128, 1, 0
121, 2, -1
124, 1, 0
125, 2, 0
125, 1, 0
125, 2, -1
125, 1, 0
125, 2, 0
124, 1, 0
126, 2, 0
125, 1, -1
126, 2, 0
125, 1, 0
125, 2, 0
125, 1, -1
123, 1, 0
125, 1, 0
126, 1, 0
125, 2, -1
125, 1, 0
125, 1, 0
124, 1, 0
126, 2, -1
125, 1, 0
124, 2, 0
249, 2, -1
126, 1, 0
125, 1, 0
125, 1, 0
125, 1, -1
125, 1, 0
125, 2, -1
252, 2, 0
124, 1, 0
124, 1, -1
250, 2, 0
128, 1, 0
123, 1, -1
250, 1, 0
125, 1, -1
125, 1, 0
126, 1, 0
125, 1, -1
126, 1, 0
248, 1, 0
125, 1, -1
125, 1, 0
124, 1, 0
125, 1, 0
126, 0, -1
128, 1, 0
245, 1, -1
126, 1, 0
125, 1, 0
250, 1, -1
125, 1, 0
250, 1, -1
250, 1, 0
126, 0, -1
124, 1, 0
249, 1, -1
251, 1, 0
124, 0, -1
251, 1, 0
252, 1, -1
377, 1, -1
497, 1, -1
499, 1, -1
532, 0, -1
467, 1, -1
406, 0, -1
474, 0, -1
497, 0, -1
498, 0, -1
501, -1, -1
500, -1, -1
500, -1, -1
502, -1, -1
248, -1, 0
124, 0, -1
252, -1, 0
376, -1, -1
247, -1, 0
127, 0, -1
126, -1, 0
249, -1, -1
250, -1, 0
249, -1, -1
250, -1, 0
251, -1, -1
125, -1, 0
249, -1, -1
250, -1, 0
125, 0, -1
127, -1, 0
125, -1, 0
124, -1, 0
125, 0, -1
128, -1, 0
122, -1, 0
125, 0, -1
125, -1, 0
125, -1, 0
256, -1, -1
126, -1, 0
117, -1, 0
126, -1, -1
124, -1, 0
250, -1, 0
126, -1, -1
124, -1, 0
126, -1, 0
124, 0, -1
125, -1, 0
125, -1, 0
125, -1, -1
125, -1, 0
125, -1, 0
125, -1, 0
127, -1, -1
123, -1, 0
125, -1, 0
125, -1, -1
126, -1, 0
124, -1, 0
126, -1, 0
124, -1, -1
126, -1, 0
125, -1, 0
124, -1, -1
125, -1, 0
125, -1, 0
125, -1, -1
125, -2, 0
125, -1, 0
126, -1, 0
125, -1, -1
125, -1, 0
124, -1, 0
126, -2, -1
249, -2, 0
126, -1, -1
125, -1, 0
124, -1, 0
125, -2, 0
125, -1, -1
125, -1, 0
125, -1, 0
125, -2, 0
126, -1, -1
125, -1, 0
125, -2, 0
125, -1, -1
124, -1, 0
125, -2, 0
125, -1, -1
126, -1, 0
123, -2, 0
127, -1, 0
124, -2, -1
125, -1, 0
124, -2, 0
125, -1, 0
125, -2, -1
125, -1, 0
125, -2, 0
126, -1, -1
125, -2, 0
124, -1, 0
126, -1, 0
124, -2, -1
125, -2, 0
127, -1, 0
125, -2, -1
124, -1, 0
128, -2, 0
122, -1, 0
125, -2, -1
124, -1, 0
125, -2, 0
125, -2, -1
126, -1, 0
125, -2, 0
125, -2, 0
124, -1, -1
130, -2, 0
122, -2, 0
125, -1, 0
125, -2, -1
125, -2, 0
126, -2, 0
124, -1, 0
125, -2, -1
125, -2, 0
125, -2, 0
125, -1, -1
125, -2, 0
125, -2, 0
127, -2, 0
124, -2, 0
125, -2, -1
123, -1, 0
126, -3, 0
124, -1, 0
126, -2, -1
124, -2, 0
126, -2, 0
125, -2, -1
124, -2, 0
125, -2, 0
125, -2, 0
126, -2, -1
124, -2, 0
125, -2, 0
126, -1, 0
125, -3, -1
124, -1, 0
125, -3, 0
126, -1, 0
124, -3, 0
126, -1, -1
124, -3, 0
126, -2, 0
124, -2, 0
125, -2, 0
126, -2, -1
124, -2, 0
125, -3, 0
125, -1, 0
126, -3, -1
125, -2, 0
124, -3, 0
125, -1, 0
125, -3, 0
126, -2, -1
130, -2, 0
129, -2, 0
114, -3, 0
127, -1, 0
125, -3, -1
124, -2, 0
125, -3, 0
126, -2, 0
124, -2, 0
125, -2, 0
125, -3, -1
126, -2, 0
124, -3, 0
125, -2, 0
126, -2, 0
125, -2, -1
125, -2, 0
125, -3, 0
124, -2, 0
126, -3, 0
127, -2, -1
123, -3, 0
124, -2, 0
126, -3, 0
125, -2, 0
125, -3, 0
125, -2, 0
125, -3, -1
125, -2, 0
125, -3, 0
126, -2, 0
124, -3, 0
125, -2, 0
126, -3, -1
124, -2, 0
125, -3, 0
125, -2, 0
125, -3, 0
125, -2, 0
125, -3, 0
125, -3, 0
125, -3, -1
125, -2, 0
126, -3, 0
124, -2, 0
125, -2, 0
125, -3, 0
126, -3, 0
124, -3, 0
125, -2, 0
125, -3, -1
126, -2, 0
124, -4, 0
125, -2, 0
125, -3, 0
125, -2, 0
125, -3, 0
126, -3, 0
124, -3, 0
126, -2, 0
124, -4, 0
125, -2, 0
124, -3, 0
126, -2, 0
125, -4, 0
125, -2, 0
125, -3, -1
126, -3, 0
124, -3, 0
125, -2, 0
125, -4, 0
125, -2, 0
125, -4, 0
125, -2, 0
126, -3, 0
125, -3, 0
124, -3, 0
125, -2, 0
125, -4, 0
126, -2, 0
125, -3, 0
124, -3, 0
125, -3, 0
126, -3, 0
124, -2, 0
125, -4, 0
125, -2, 0
125, -4, 0
125, -2, 0
125, -4, 0
125, -2, 0
126, -4, 0
124, -2, 0
125, -4, 0
125, -2, 0
125, -4, 0
126, -2, 0
124, -4, 0
124, -3, 0
126, -3, 0
127, -3, 0
124, -4, 0
124, -2, 0
125, -4, 0
124, -2, 0
126, -4, 0
135, -2, 0
117, -4, 0
123, -3, 0
126, -3, 0
129, -3, 0
125, -4, 0
125, -2, 0
123, -4, 0
123, -2, 1
126, -3, 0
123, -4, 0
126, -2, 0
125, -4, 0
124, -2, 0
125, -4, 0
124, -3, 0
126, -4, 0
126, -2, 0
126, -4, 0
124, -3, 0
130, -3, 0
123, -3, 0
123, -4, 0
126, -3, 0
123, -3, 0
128, -3, 0
123, -4, 1
130, -3, 0
118, -3, 0
125, -3, 0
126, -4, 0
125, -3, 0
123, -4, 0
127, -2, 0
125, -4, 0
125, -3, 0
125, -4, 0
124, -2, 0
125, -4, 0
126, -3, 0
125, -4, 0
125, -3, 0
124, -4, 0
125, -3, 0
125, -2, 0
126, -4, 0
125, -3, 0
125, -4, 0
126, -3, 1
124, -4, 0
125, -2, 0
125, -4, 0
124, -3, 0
125, -4, 0
125, -3, 0
126, -4, 0
125, -3, 0
124, -4, 0
126, -3, 0
124, -4, 0
126, -3, 0
125, -3, 0
126, -3, 0
125, -4, 0
126, -3, 0
124, -4, 0
124, -3, 0
125, -4, 0
125, -3, 0
124, -4, 0
126, -3, 0
125, -4, 0
124, -3, 0
126, -4, 0
132, -3, 0
118, -4, 0
124, -3, 0
126, -4, 0
124, -3, 0
125, -2, 0
125, -4, 0
126, -3, 0
124, -4, 0
126, -3, 0
125, -4, 0
125, -3, 1
125, -4, 0
125, -3, 0
125, -4, 0
126, -3, 0
124, -4, 0
125, -3, 0
125, -4, 0
124, -3, 0
126, -4, 0
124, -3, 0
125, -4, 0
127, -3, 0
127, -4, 0
125, -3, 0
124, -4, 0
124, -3, 0
124, -4, 0
125, -3, 0
124, -5, 0
126, -2, 0
126, -5, 0
125, -2, 0
126, -4, 0
123, -3, 0
125, -4, 0
125, -3, 0
125, -4, 0
125, -3, 0
124, -3, 0
126, -4, 0
125, -3, 0
124, -4, 0
126, -3, 0
125, -4, 1
124, -3, 0
126, -4, 0
124, -3, 0
126, -4, 0
127, -3, 0
122, -4, 0
125, -3, 0
125, -4, 0
127, -3, 0
124, -4, 0
124, -2, 0
125, -5, 0
125, -3, 0
125, -4, 0
125, -2, 0
127, -5, 0
124, -2, 0
126, -4, 0
124, -3, 0
125, -4, 0
125, -3, 0
124, -4, 0
126, -3, 0
124, -4, 0
126, -3, 1
126, -4, 0
123, -3, 0
126, -4, 0
125, -3, 0
124, -4, 0
126, -3, 0
125, -4, 0
125, -3, 0
126, -2, 0
130, -4, 0
119, -3, 0
124, -4, 0
126, -3, 0
124, -4, 0
126, -3, 0
131, -4, 0
124, -3, 0
119, -4, 0
125, -2, 0
126, -5, 0
124, -2, 0
125, -4, 0
126, -3, 0
124, -4, 0
126, -3, 0
124, -4, 0
126, -3, 0
124, -4, 0
126, -2, 0
125, -4, 0
125, -3, 0
124, -4, 0
126, -3, 0
125, -4, 0
124, -3, 0
126, -4, 0
133, -2, 1
120, -4, 0
124, -3, 0
123, -4, 0
124, -3, 0
123, -4, 0
131, -3, 0
121, -2, 0
123, -4, 0
126, -3, 0
124, -4, 0
127, -3, 0
124, -4, 0
124, -2, 0
125, -4, 0
129, -3, 0
122, -4, 0
125, -3, 0
125, -4, 0
125, -2, 0
126, -4, 0
124, -3, 0
125, -4, 0
126, -3, 0
125, -4, 0
125, -2, 0
125, -4, 0
126, -3, 0
125, -4, 0
124, -3, 0
126, -4, 0
124, -2, 0
125, -4, 0
127, -3, 0
126, -4, 0
126, -2, -1
125, -4, 0
125, -3, 0
124, -4, 0
124, -3, 0
125, -4, 0
124, -2, 0
125, -3, 0
126, -4, 0
125, -2, 0
126, -4, 0
125, -3, 0
125, -4, -1
124, -2, 0
124, -4, 0
125, -3, 0
125, -4, 0
125, -2, 0
134, -4, 0
116, -3, 0
125, -4, 0
125, -2, 0
125, -4, -1
125, -3, 0
125, -4, 0
126, -2, 0
125, -4, 0
123, -3, 0
126, -4, 0
125, -2, 0
125, -4, 0
126, -2, -1
125, -4, 0
125, -3, 0
125, -4, 0
124, -2, 0
125, -4, 0
125, -3, 0
126, -4, -1
124, -2, 0
125, -3, 0
126, -3, 0
124, -3, 0
125, -4, 0
125, -2, 0
125, -4, -1
125, -3, 0
125, -3, 0
125, -3, 0
124, -4, 0
125, -2, 0
126, -4, -1
125, -2, 0
124, -4, 0
126, -3, 0
126, -4, 0
124, -2, 0
126, -4, -1
125, -2, 0
125, -4, 0
124, -3, 0
126, -3, 0
128, -3, 0
123, -3, -1
123, -3, 0
126, -4, 0
124, -2, 0
125, -3, 0
125, -3, -1
125, -4, 0
124, -2, 0
125, -4, 0
127, -2, 0
125, -4, 0
124, -3, 0
125, -2, -1
124, -4, 0
125, -2, 0
131, -3, 0
123, -3, 0
122, -3, 0
125, -3, 0
125, -4, -1
125, -2, 0
125, -3, 0
125, -3, 0
125, -3, 0
125, -3, 0
125, -3, -1
126, -3, 0
124, -3, 0
125, -3, 0
124, -3, 0
126, -3, 0
125, -3, -1
125, -3, 0
125, -3, 0
126, -2, 0
129, -4, 0
120, -2, 0
125, -4, -1
124, -2, 0
126, -4, 0
125, -2, 0
125, -3, 0
126, -3, 0
124, -3, -1
125, -2, 0
125, -3, 0
126, -3, 0
124, -2, 0
125, -4, 0
125, -2, 0
125, -3, -1
125, -3, 0
125, -3, 0
125, -2, 0
125, -3, 0
125, -2, 0
125, -4, 0
125, -2, -1
126, -3, 0
124, -2, 0
125, -4, 0
125, -2, 0
126, -3, 0
124, -2, 0
125, -4, -1
125, -2, 0
125, -3, 0
125, -2, 0
123, -3, 0
126, -3, 0
124, -3, -1
125, -2, 0
125, -3, 0
135, -2, 0
116, -3, 0
124, -3, 0
125, -3, 0
125, -2, -1
125, -2, 0
125, -3, 0
125, -2, 0
125, -3, 0
126, -2, 0
124, -4, -1
125, -2, 0
126, -3, 0
128, -2, 0
124, -3, 0
124, -2, 0
125, -3, 0
125, -2, -1
124, -3, 0
125, -2, 0
125, -3, 0
125, -2, 0
133, -3, 0
119, -2, 0
124, -3, -1
126, -2, 0
125, -3, 0
124, -2, 0
125, -3, 0
125, -2, -1
125, -3, 0
125, -2, 0
125, -3, 0
126, -2, 0
124, -3, 0
125, -2, 0
125, -2, -1
125, -2, 0
124, -3, 0
127, -2, 0
125, -3, 0
125, -2, 0
128, -3, -1
121, -2, 0
125, -1, 0
126, -3, 0
124, -2, 0
124, -3, 0
125, -2, -1
126, -2, 0
124, -2, 0
126, -3, 0
125, -2, 0
125, -3, -1
124, -2, 0
126, -2, 0
125, -2, 0
126, -3, 0
124, -1, 0
125, -3, -1
124, -2, 0
126, -2, 0
125, -2, 0
125, -3, 0
125, -2, 0
125, -2, -1
125, -2, 0
127, -3, 0
124, -1, 0
125, -3, 0
124, -2, 0
125, -2, -1
125, -2, 0
125, -2, 0
125, -2, 0
129, -2, 0
126, -2, 0
120, -3, -1
124, -1, 0
125, -3, 0
125, -1, 0
127, -3, 0
124, -1, 0
124, -3, -1
125, -1, 0
126, -2, 0
124, -3, 0
126, -1, 0
124, -2, 0
126, -2, -1
126, -2, 0
124, -2, 0
123, -2, 0
127, -2, 0
124, -2, -1
125, -2, 0
126, -2, 0
127, -2, 0
122, -2, 0
126, -2, 0
125, -2, -1
125, -1, 0
125, -2, 0
125, -2, 0
124, -2, 0
126, -2, -1
124, -2, 0
126, -1, 0
125, -2, 0
124, -2, 0
126, -2, -1
124, -1, 0
126, -3, 0
125, -1, 0
124, -2, 0
125, -1, 0
126, -2, -1
125, -2, 0
124, -2, 0
126, -1, 0
124, -2, -1
126, -2, 0
129, -1, 0
121, -2, 0
128, -1, 0
121, -3, 0
126, -1, -1
124, -2, 0
125, -1, 0
126, -2, 0
124, -1, 0
125, -2, -1
125, -2, 0
125, -1, 0
127, -2, 0
128, -1, 0
120, -2, 0
125, -2, -1
124, -1, 0
127, -2, 0
124, -1, 0
124, -2, -1
125, -1, 0
125, -2, 0
125, -1, 0
126, -2, 0
125, -1, -1
124, -2, 0
126, -1, 0
126, -2, 0
123, -1, 0
126, -1, -1
125, -2, 0
129, -1, 0
124, -1, 0
123, -1, 0
126, -2, -1
124, -1, 0
125, -2, 0
123, -1, 0
126, -2, 0
125, -1, -1
128, -1, 0
133, -1, 0
120, -2, 0
126, -1, 0
127, -1, -1
126, -1, 0
117, -2, 0
126, -1, 0
128, -1, 0
122, -1, -1
126, -2, 0
126, -1, 0
123, -1, 0
125, -1, 0
125, -2, -1
124, -1, 0
125, -1, 0
128, -1, 0
122, -1, -1
124, -1, 0
130, -2, 0
247, -2, 0
127, -1, -1
125, -1, 0
126, -1, 0
122, -1, 0
128, -1, -1
124, -1, 0
124, -1, 0
125, -1, 0
126, -1, -1
125, -1, 0
124, -1, 0
132, -1, 0
120, -1, 0
123, -1, -1
125, -1, 0
249, -2, 0
133, 0, -1
122, -2, 0
247, -1, 0
124, -1, 0
126, -1, -1
129, -1, 0
125, -1, 0
248, -1, -1
122, -1, 0
123, -1, 0
127, -1, 0
125, 0, -1
126, -1, 0
122, -1, 0
123, -1, 0
127, -1, -1
250, -1, 0
125, -1, 0
249, -1, -1
127, -1, 0
253, -1, 0
121, -1, -1
250, -1, 0
125, -1, 0
250, -1, -1
251, -1, 0
124, -1, 0
255, -1, -1
246, -1, 0
248, -1, -1
250, -1, 0
249, -1, -1
250, -1, 0
250, -1, -1
413, -1, 0
211, -1, -1
379, -1, 0
247, 0, -1
126, -1, 0
375, -1, 0
127, 0, -1
251, -1, 0
376, 0, -1
122, -1, 0
501, 0, -1
124, -1, 0
499, 0, -1
126, -1, 0
663, 0, -1
110, -1, 0
600, 0, -1
661, 0, -1
879, 0, -1
711, 0, -1
753, 0, -1
751, 0, -1
122, 1, 0
624, 1, -1
630, 1, -1
498, 1, 0
248, 0, -1
125, 1, 0
385, 1, 0
242, 0, -1
255, 1, 0
244, 1, 0
135, 0, -1
115, 1, 0
373, 1, 0
255, 0, -1
125, 1, 0
248, 1, 0
247, 1, 0
135, 0, -1
116, 1, 0
250, 1, 0
125, 0, -1
124, 1, 0
251, 1, 0
249, 1, 0
125, 0, -1
125, 1, 0
126, 1, 0
249, 1, 0
126, 0, -1
124, 1, 0
126, 1, 0
250, 1, -1
249, 1, 0
126, 1, 0
250, 1, -1
125, 1, 0
124, 1, 0
267, 1, 0
109, 1, 0
124, 0, -1
126, 1, 0
125, 1, 0
125, 1, 0
125, 0, -1
124, 1, 0
126, 1, 0
123, 1, 0
251, 1, -1
125, 1, 0
126, 1, 0
125, 1, 0
125, 1, -1
249, 1, 0
125, 1, 0
126, 1, 0
124, 1, -1
125, 1, 0
126, 1, 0
125, 1, 0
123, 1, -1
129, 1, 0
250, 2, 0
250, 2, -1
248, 2, 0
249, 2, 0
126, 0, -1
126, 2, 0
124, 1, 0
129, 1, 0
123, 1, -1
128, 1, 0
129, 1, 0
116, 1, 0
124, 1, 0
126, 1, -1
124, 1, 0
125, 1, 0
124, 2, 0
251, 2, -1
131, 1, 0
121, 1, 0
125, 1, 0
130, 1, 0
118, 1, -1
126, 2, 0
124, 1, 0
125, 1, 0
124, 1, 0
126, 2, -1
126, 1, 0
123, 1, 0
126, 1, 0
126, 2, -1
123, 1, 0
129, 2, 0
122, 1, 0
128, 1, 0
123, 1, -1
125, 2, 0
125, 1, 0
125, 2, 0
124, 1, 0
125, 1, -1
127, 2, 0
123, 1, 0
126, 1, 0
124, 2, 0
125, 1, -1
126, 2, 0
124, 1, 0
125, 2, 0
126, 1, 0
126, 1, 0
125, 2, -1
123, 1, 0
131, 2, 0
125, 1, 0
127, 2, 0
121, 1, -1
129, 2, 0
118, 1, 0
127, 2, 0
122, 1, 0
126, 2, -1
125, 1, 0
125, 2, 0
126, 1, 0
123, 2, 0
124, 2, 0
127, 2, -1
123, 1, 0
126, 2, 0
123, 1, 0
126, 2, 0
126, 2, 0
125, 2, -1
125, 1, 0
126, 2, 0
123, 1, 0
126, 3, 0
125, 1, -1
124, 2, 0
125, 1, 0
126, 2, 0
125, 2, 0
125, 2, 0
125, 1, -1
125, 2, 0
125, 2, 0
125, 1, 0
125, 2, 0
124, 2, 0
126, 2, 0
125, 1, -1
125, 3, 0
125, 1, 0
125, 2, 0
125, 2, 0
125, 2, -1
125, 2, 0
125, 2, 0
126, 1, 0
129, 3, 0
120, 1, 0
125, 3, 0
125, 1, -1
124, 2, 0
126, 2, 0
125, 2, 0
126, 2, 0
124, 2, 0
125, 2, 0
125, 2, 0
126, 2, -1
125, 2, 0
125, 2, 0
125, 2, 0
125, 2, 0
125, 2, 0
125, 2, 0
124, 2, -1
125, 2, 0
125, 1, 0
125, 3, 0
125, 2, 0
125, 2, 0
125, 2, 0
126, 2, 0
126, 2, -1
127, 2, 0
121, 2, 0
125, 3, 0
125, 1, 0
126, 3, 0
124, 2, 0
125, 2, -1
125, 2, 0
125, 2, 0
124, 2, 0
126, 3, 0
124, 2, 0
126, 2, 0
125, 2, 0
128, 2, -1
123, 2, 0
124, 3, 0
125, 2, 0
127, 2, 0
124, 2, 0
124, 3, 0
125, 1, 0
125, 3, 0
125, 2, -1
125, 3, 0
125, 2, 0
125, 1, 0
124, 3, 0
125, 2, 0
125, 3, 0
124, 1, 0
126, 3, 0
125, 2, -1
126, 3, 0
123, 2, 0
126, 2, 0
127, 2, 0
123, 3, 0
127, 2, 0
125, 3, 0
125, 1, 0
122, 3, 0
126, 2, 0
125, 3, -1
126, 2, 0
124, 3, 0
125, 1, 0
125, 3, 0
125, 2, 0
125, 3, 0
125, 2, 0
125, 3, 0
126, 2, 0
127, 2, 0
122, 2, -1
130, 3, 0
121, 2, 0
125, 3, 0
125, 2, 0
131, 2, 0
127, 3, 0
116, 2, 0
126, 3, 0
125, 1, 0
125, 3, 0
125, 2, 0
125, 3, -1
125, 2, 0
126, 3, 0
124, 2, 0
125, 3, 0
125, 2, 0
125, 3, 0
125, 2, 0
125, 3, 0
125, 2, 0
125, 3, 0
125, 2, 0
125, 3, -1
125, 2, 0
125, 2, 0
125, 2, 0
125, 3, 0
125, 3, 0
126, 2, 0
124, 3, 0
125, 3, 0
125, 1, 0
125, 3, 0
125, 3, 0
127, 3, 0
123, 1, -1
125, 2, 0
126, 3, 0
124, 2, 0
125, 3, 0
127, 3, 0
126, 3, 0
124, 2, 0
140, 3, 0
109, 2, 0
124, 3, 0
125, 2, 0
126, 3, 0
125, 2, 0
127, 3, 0
122, 2, 0
126, 3, 0
125, 2, 0
124, 3, -1
125, 2, 0
127, 3, 0
123, 2, 0
124, 3, 0
127, 2, 0
125, 3, 0
128, 2, 0
123, 3, 0
125, 2, 0
122, 4, 0
126, 2, 0
125, 3, 0
125, 2, 0
125, 3, 0
124, 2, 0
127, 3, 0
126, 2, 0
122, 2, 0
124, 3, 0
126, 2, -1
126, 3, 0
125, 2, 0
124, 3, 0
130, 2, 0
120, 4, 0
125, 2, 0
125, 3, 0
125, 2, 0
125, 3, 0
126, 2, 0
127, 3, 0
122, 2, 0
126, 3, 0
124, 2, 0
125, 3, 0
126, 2, 0
124, 3, 0
125, 3, 0
125, 3, 0
125, 2, 0
125, 3, 0
130, 2, 0
122, 3, 0
124, 2, 0
125, 3, 0
127, 2, 0
124, 3, 0
125, 2, -1
125, 3, 0
126, 3, 0
124, 2, 0
124, 3, 0
128, 2, 0
122, 3, 0
127, 2, 0
123, 3, 0
124, 2, 0
126, 3, 0
125, 2, 0
125, 3, 0
125, 3, 0
125, 3, 0
126, 2, 0
125, 3, 0
126, 2, 0
123, 3, 0
125, 2, 0
125, 3, 0
125, 2, 0
125, 3, 0
126, 2, 0
124, 3, 0
124, 2, 0
126, 3, 0
125, 3, 0
125, 3, 0
125, 2, 0
125, 3, 0
126, 2, 0
124, 3, 0
125, 2, 0
125, 2, 0
125, 3, 0
129, 2, 0
120, 3, 0
127, 2, 0
125, 3, 0
124, 2, 0
125, 3, 0
125, 2, 0
125, 3, 0
125, 2, 0
125, 3, 0
125, 2, 0
126, 3, -1
124, 3, 0
125, 3, 0
125, 2, 0
125, 3, 0
125, 2, 0
125, 3, 0
125, 2, 0
125, 3, 0
128, 2, 0
122, 3, 0
126, 2, 0
125, 3, 0
127, 2, 0
124, 3, 0
125, 2, 0
125, 2, 0
123, 3, 0
125, 2, 0
126, 3, 0
125, 1, 0
124, 4, 0
125, 1, 0
125, 3, 0
126, 2, 0
124, 3, 0
125, 2, 0
125, 3, 0
125, 2, 0
126, 3, 0
124, 2, 0
125, 3, 0
125, 2, 0
125, 3, 0
125, 2, 0
125, 2, 0
125, 2, 0
124, 3, 0
125, 2, 0
124, 3, 0
126, 2, 0
125, 3, 0
124, 2, 0
126, 3, 0
124, 1, 0
125, 3, 0
125, 2, 0
127, 3, 0
126, 2, 0
126, 2, 0
127, 3, 0
122, 1, 0
125, 3, 0
123, 2, 0
125, 3, 0
127, 2, 0
125, 2, 0
124, 2, 0
125, 3, 0
125, 2, 0
126, 3, 0
122, 2, 0
126, 2, 0
127, 2, 0
127, 3, 0
122, 2, 0
126, 2, 0
125, 2, 0
127, 3, 0
124, 2, 0
125, 2, 0
124, 2, 0
126, 3, 0
124, 2, 0
125, 2, 0
125, 2, 0
126, 3, 0
124, 1, 0
125, 2, 0
125, 3, 0
127, 2, 0
123, 2, 0
125, 2, 0
125, 3, 0
125, 1, 0
125, 3, 0
125, 2, 0
126, 2, 0
124, 2, 0
127, 2, 0
121, 2, 0
128, 3, 0
123, 1, 0
126, 3, 0
125, 2, 0
127, 2, 0
126, 2, 0
126, 2, 0
123, 2, 0
123, 2, 0
127, 2, 0
124, 3, 0
125, 1, 0
123, 3, 0
126, 1, 0
124, 3, 0
128, 2, 0
125, 2, 0
124, 2, 0
123, 2, 0
128, 2, 0
125, 2, 0
124, 2, 0
128, 1, 0
120, 2, 0
125, 2, 0
126, 2, 0
126, 2, 0
126, 2, 0
126, 2, 0
124, 2, 0
124, 2, 0
128, 2, 0
122, 2, 0
123, 2, 0
124, 1, 0
126, 3, 0
127, 1, 1
124, 2, 0
124, 2, 0
125, 2, 0
125, 2, 0
125, 2, 0
125, 1, 0
125, 2, 0
125, 2, 0
126, 2, 0
124, 2, 0
125, 2, 0
125, 1, 0
125, 2, 0
125, 2, 0
125, 2, 0
126, 1, 0
125, 1, 0
124, 3, 0
125, 1, 0
125, 2, 0
125, 1, 1
125, 3, 0
125, 1, 0
125, 2, 0
126, 1, 0
124, 2, 0
125, 2, 0
125, 2, 0
125, 1, 0
125, 2, 0
125, 1, 0
125, 2, 0
126, 1, 0
124, 2, 0
125, 2, 0
124, 2, 0
126, 1, 1
125, 2, 0
126, 1, 0
124, 2, 0
126, 1, 0
126, 2, 0
123, 1, 0
125, 2, 0
126, 1, 0
123, 2, 0
132, 1, 0
121, 2, 0
124, 1, 0
125, 2, 0
125, 1, 0
124, 2, 0
126, 1, 0
124, 1, 1
125, 2, 0
125, 1, 0
126, 2, 0
125, 1, 0
125, 2, 0
125, 1, 0
125, 2, 0
124, 1, 0
125, 2, 0
125, 1, 0
126, 1, 0
124, 1, 0
125, 2, 0
125, 1, 0
126, 2, 0
124, 1, 0
125, 1, 0
125, 1, 0
126, 2, 1
124, 1, 0
125, 1, 0
125, 1, 0
125, 2, 0
125, 1, 0
126, 1, 0
124, 1, 0
126, 1, 0
124, 1, 0
125, 2, 0
125, 1, 0
126, 1, 0
124, 1, 0
128, 1, 0
124, 1, 1
125, 1, 0
125, 2, 0
248, 2, 0
126, 1, 0
124, 1, 0
125, 1, 0
126, 1, 0
128, 1, 0
121, 1, 0
125, 1, 0
125, 1, 1
125, 1, 0
125, 1, 0
126, 1, 0
124, 1, 0
126, 1, 0
125, 1, 0
125, 1, 0
124, 1, 0
126, 1, 0
249, 1, 0
126, 1, 0
126, 1, 1
124, 1, 0
125, 1, 0
125, 1, 0
125, 1, 0
249, 1, 0
126, 1, 0
125, 1, 0
133, 1, 0
242, 1, 1
125, 1, 0
124, 1, 0
125, 1, 0
255, 1, 0
119, 1, 0
251, 1, 0
125, 1, 0
249, 1, 0
126, 1, 0
126, 0, 1
125, 1, 0
124, 1, 0
249, 1, 0
250, 1, 0
126, 1, 0
250, 1, 0
249, 1, 0
251, 1, 1
252, 1, 0
248, 1, 0
250, 1, 0
250, 1, 0
404, 1, 0
96, 0, 1
125, 1, 0
375, 1, 0
376, 1, 0
527, 1, 0
347, 1, 0
126, 0, 1
529, 1, 0
732, 1, 0
996, 0, 1
119, 1, 0
6140, -1, 0
1800, -1, 0
934, -1, 0
874, -1, 0
754, -1, 0
748, -1, 0
628, -1, 0
371, -1, 0
531, -1, 0
498, -1, 0
346, -1, 0
406, -1, 0
342, -1, 0
377, -1, 0
385, -1, 0
241, -1, 0
248, 0, -1
125, -1, 0
375, -1, 0
251, -1, 0
252, -1, 0
247, -1, 0
252, -1, 0
249, -1, 0
252, -1, 0
373, -1, 0
251, -1, 0
250, -1, 0
127, -1, 0
248, -1, 0
250, -1, 0
257, -1, 0
245, -1, 0
122, -1, 0
250, -1, 0
251, -1, -1
250, -1, 0
127, -1, 0
249, -1, 0
123, -1, 0
251, -1, 0
250, -1, 0
125, -1, 0
250, -1, 0
126, -1, 0
249, -1, 0
124, -1, 0
252, -1, 0
124, -1, 0
250, -1, 0
124, -1, 0
127, -1, 0
249, -1, 0
127, -1, 0
122, -1, -1
251, -1, 0
126, -1, 0
249, -1, 0
125, -1, 0
126, -1, 0
257, -1, 0
121, -1, 0
119, -1, 0
252, -1, 0
124, -1, 0
126, -1, 0
250, -1, 0
126, -1, 0
124, -1, 0
133, -1, 0
118, -1, 0
252, -1, 0
121, -1, 0
126, -1, -1
124, -1, 0
125, -1, 0
249, -1, 0
145, -1, 0
107, -1, 0
125, -1, 0
124, -1, 0
251, -1, 0
125, -1, 0
125, -1, 0
123, -1, 0
126, -1, 0
124, -1, 0
249, -2, 0
250, -1, 0
128, -1, 0
123, -1, 0
127, -1, 0
123, -1, -1
126, -1, 0
124, -1, 0
126, -1, 0
124, -1, 0
126, -1, 0
124, -1, 0
264, -2, 0
236, -2, 0
251, -1, 0
123, -1, 0
126, -1, 0
128, -1, 0
125, -1, 0
124, -1, 0
125, -1, 0
124, -1, 0
125, -1, 0
124, -1, 0
126, -1, -1
125, -1, 0
125, -1, 0
127, -1, 0
124, -1, 0
125, -1, 0
125, -1, 0
125, -1, 0
125, -1, 0
126, -1, 0
122, -1, 0
126, -1, 0
124, -1, 0
127, -2, 0
249, -2, 0
125, -1, 0
127, -1, 0
125, -1, 0
124, -1, 0
123, -1, 0
125, -1, 0
125, -1, 0
125, -2, 0
250, -2, 0
125, -1, -1
125, -1, 0
126, -1, 0
124, -1, 0
125, -1, 0
127, -1, 0
122, -1, 0
128, -2, 0
123, -1, 0
126, -1, 0
125, -1, 0
124, -1, 0
127, -1, 0
125, -2, 0
252, -1, 0
124, -2, 0
123, -1, 0
125, -1, 0
124, -1, 0
126, -1, 0
125, -1, -1
124, -2, 0
250, -2, 0
124, -1, 0
127, -1, 0
124, -1, 0
125, -1, 0
125, -2, 0
125, -1, 0
126, -1, 0
124, -1, 0
125, -1, 0
125, -2, 0
250, -2, 0
125, -1, 0
125, -1, 0
126, -1, 0
126, -2, -1
248, -2, 0
126, -1, 0
126, -1, 0
124, -1, 0
130, -2, 0
127, -1, 0
121, -1, 0
123, -1, 0
124, -1, 0
124, -1, 0
128, -1, 0
124, -2, 0
126, -1, 0
124, -1, 0
126, -1, 0
123, -1, 0
127, -1, 0
125, -2, 0
125, -1, 0
125, -1, 0
123, -1, 0
127, -2, 0
123, -1, 0
128, -1, 0
124, -1, 0
127, -1, 0
127, -1, 0
123, -2, -1
123, -1, 0
127, -1, 0
123, -1, 0
125, -2, 0
123, -1, 0
130, -1, 0
123, -1, 0
127, -2, 0
121, -1, 0
126, -1, 0
125, -1, 0
126, -1, 0
128, -1, 0
123, -1, 0
123, -2, 0
125, -1, 0
126, -1, 0
126, -1, 0
122, -2, 0
127, -1, 0
123, -1, 0
124, -1, 0
125, -2, 0
126, -1, 0
126, -1, -1
125, -1, 0
124, -1, 0
126, -1, 0
124, -2, 0
126, -1, 0
127, -1, 0
123, -1, 0
123, -2, 0
126, -1, 0
130, -1, 0
124, -1, 0
126, -2, 0
125, -1, 0
120, -1, 0
127, -1, 0
124, -2, 0
124, -1, 0
125, -1, 0
125, -1, 0
125, -1, 0
125, -1, 0
129, -2, 0
123, -1, 0
125, -1, -1
125, -1, 0
133, -1, 0
120, -2, 0
126, -1, 0
124, -1, 0
124, -1, 0
124, -2, 0
124, -1, 0
126, -1, 0
124, -1, 0
125, -1, 0
125, -1, 0
126, -2, 0
124, -1, 0
123, -1, 0
126, -1, 0
125, -2, 0
125, -1, 0
125, -1, 0
125, -1, 0
124, -1, 0
127, -1, 0
125, -2, 0
127, -1, 0
123, -1, 0
127, -1, 0
121, -2, 0
124, -1, 0
127, -1, 0
123, -1, 0
129, -1, -1
135, -1, 0
114, -2, 0
126, -1, 0
124, -1, 0
131, -1, 0
119, -1, 0
125, -1, 0
125, -1, 0
125, -2, 0
128, -1, 0
123, -1, 0
124, -1, 0
125, -1, 0
124, -1, 0
129, -2, 0
123, -1, 0
123, -1, 0
125, -1, 0
125, -1, 0
127, -1, 0
123, -2, 0
132, -1, 0
122, -1, 0
122, -1, 0
125, -1, 0
125, -1, -1
126, -2, 0
122, -1, 0
132, -1, 0
120, -1, 0
135, -1, 0
115, -1, 0
124, -2, 0
251, -2, 0
129, -1, 0
121, -1, 0
128, -1, 0
125, -1, 0
122, -1, 0
131, -1, 0
119, -1, 0
126, -1, 0
126, -2, -1
125, -1, 0
129, -1, 0
120, -1, 0
128, -1, 0
122, -1, 0
126, -1, 0
130, -1, 0
119, -2, 0
250, -2, 0
125, -1, 0
123, -1, 0
128, -1, 0
125, -1, -1
131, -1, 0
119, -1, 0
121, -1, 0
127, -1, 0
130, -1, 0
122, -1, 0
123, -1, 0
126, -1, 0
124, -1, 0
125, -2, 0
125, -1, 0
131, -1, 0
121, -1, 0
129, -1, 0
124, -1, -1
121, -1, 0
124, -1, 0
125, -1, 0
129, -1, 0
124, -1, 0
121, -1, 0
130, -1, 0
125, -1, 0
122, -1, 0
125, -1, 0
123, -1, 0
128, -1, 0
123, -1, 0
126, -1, 0
125, -1, 0
125, -1, 0
123, -1, 0
136, -2, 0
125, 0, -1
115, -1, 0
127, -1, 0
123, -1, 0
127, -1, 0
123, -2, 0
254, -1, 0
125, -1, 0
122, -1, 0
129, -1, 0
122, -1, 0
126, -1, 0
122, -1, -1
131, -1, 0
117, -1, 0
127, -1, 0
124, -1, 0
126, -1, 0
128, -1, 0
123, -1, 0
249, -2, 0
248, -1, 0
127, -1, 0
124, -1, 0
128, -1, -1
123, -1, 0
122, -1, 0
130, -1, 0
122, -1, 0
129, -1, 0
132, -1, 0
119, -1, 0
126, -1, 0
122, -1, 0
135, -1, 0
122, -1, 0
241, -1, -1
126, -1, 0
124, -1, 0
127, -1, 0
124, -1, 0
128, -1, 0
122, -1, 0
249, -2, 0
250, -1, 0
124, -1, 0
125, -1, 0
127, -1, -1
248, -2, 0
251, -1, 0
124, -1, 0
124, -1, 0
124, -1, 0
126, -1, 0
251, -1, -1
126, -1, 0
123, -1, 0
132, -1, 0
118, -1, 0
248, -1, 0
126, -1, 0
126, -1, 0
131, -1, 0
121, -1, -1
248, -1, 0
126, -1, 0
123, -1, 0
250, -1, 0
126, -1, 0
124, -1, 0
126, -1, 0
124, -1, 0
126, 0, -1
124, -1, 0
127, -1, 0
123, -1, 0
250, -1, 0
126, -1, 0
249, -1, 0
126, -1, 0
128, -1, -1
254, -1, 0
118, -1, 0
124, -1, 0
250, -1, 0
127, -1, 0
125, -1, 0
124, 0, -1
124, -1, 0
126, -1, 0
126, -1, 0
249, -1, 0
124, -1, 0
249, -1, 0
126, -1, 0
125, 0, -1
126, -1, 0
127, -1, 0
249, -1, 0
124, -1, 0
252, -1, 0
126, -1, 0
122, 0, -1
124, -1, 0
125, -1, 0
251, -1, 0
124, -1, 0
250, -1, 0
250, -1, 0
126, -1, -1
250, -1, 0
124, -1, 0
251, -1, 0
249, -1, 0
250, -1, 0
126, -1, -1
249, -1, 0
126, -1, 0
250, -1, 0
249, -1, 0
249, -1, 0
250, -1, -1
126, -1, 0
250, -1, 0
250, -1, 0
249, -1, 0
251, -1, 0
125, 0, -1
125, -1, 0
251, -1, 0
248, -1, 0
252, -1, 0
247, -1, 0
253, -1, -1
248, -1, 0
251, -1, 0
253, -1, 0
248, -1, 0
249, 0, -1
125, -1, 0
249, -1, 0
379, -1, 0
379, -1, 0
247, -1, -1
249, -1, 0
374, -1, 0
373, -1, 0
256, -1, 0
126, 0, -1
242, -1, 0
376, -1, 0
250, -1, 0
501, -1, 0
248, 0, -1
126, -1, 0
375, -1, 0
381, -1, 0
496, -1, -1
375, -1, 0
498, -1, 0
375, -1, 0
250, 0, -1
250, -1, 0
658, -1, 0
468, -1, 0
249, 0, -1
375, -1, 0
625, -1, 0
625, -1, 0
125, 0, -1
626, -1, 0
632, -1, 0
683, 0, -1
188, -1, 0
880, -1, 0
875, 0, -1
118, -1, 0
1379, -1, 0
622, 0, -1
622, -1, 0
1510, -1, 0
1245, 0, -1
778, -1, 0
2221, 0, -1
121, -1, 0
2788, -1, 0
1087, 0, -1
2757, 0, -1
2920, 0, -1
2699, 0, -1
2658, 0, -1
2720, 1, 0
876, 0, -1
1250, 1, 0
2373, 1, 0
1670, 1, 0
1729, 1, 0
1727, 1, 0
1755, 1, 0
1647, 1, 0
1974, 1, 0
2125, 1, 0
2371, 1, 0
2285, 1, 0
2507, 1, 0
2713, 1, 0
1502, 0, 1
1620, 1, 0
2375, 0, 1
791, 1, 0
3525, 1, 0
556, 0, 1
3856, 1, 0
519, 0, 1
4380, 0, 1
373, 1, 0
4638, 0, 1
666, 1, 0
3480, 0, 1
4031, 0, 1
183, 1, 0
4425, 0, 1
1450, 1, 0
2407, 0, 1
2781, 1, 0
62, 0, 1
2506, 0, 1
1624, 1, 0
1301, 0, 1
1726, 0, 1
220, 1, 0
2404, 0, 1
1280, 1, 0
743, 0, 1
1954, 0, 1
246, 1, 0
1876, 0, 1
501, 1, 0
1376, 0, 1
872, 1, 0
749, 0, 1
1253, 1, 0
778, 0, 1
971, 1, 0
622, 0, 1
1288, 1, 0
344, 0, 1
1372, 1, 0
498, 0, 1
1314, 1, 0
437, 0, 1
1250, 1, 0
373, 0, 1
1253, 1, 0
375, 0, 1
1441, 1, 0
432, 0, 1
1554, 1, 0
66, 0, 1
1632, 1, 0
122, 0, 1
1688, 0, 1
59, 1, 0
1940, 0, 1
187, 1, 0
1556, 0, 1
1002, 1, 0
316, 0, 1
1934, 0, 1
66, 1, 0
1555, 0, 1
946, 1, 0
881, 0, 1
1875, 0, 1
247, 1, 0
1376, 0, 1
1747, 0, 1
125, 1, 0
1806, 0, 1
1890, 1, 1
1804, 0, 1
1751, 0, 1
1627, 1, 0
249, 0, 1
2188, 0, 1
1937, 0, 1
2000, 0, 1
2049, 0, 1
1702, 0, 1
1747, 0, 1
1821, 0, 1
1683, 0, 1
2106, 0, 1
1643, 0, 1
2001, 0, 1
1936, 0, 1
1622, 0, 1
1939, 0, 1
1877, 0, 1
2307, 0, 1
1595, 0, 1
1847, 0, 1
625, -1, 0
1176, 0, 1
1823, 0, 1
1875, 0, 1
374, -1, 0
1420, 0, 1
1741, 0, 1
1592, 0, 1
370, -1, 0
1537, 0, 1
1886, 0, 1
989, -1, 0
462, 0, 1
1923, 0, 1
993, -1, 0
334, 0, 1
1877, 0, 1
910, -1, 0
786, 0, 1
1604, 0, 1
736, -1, 0
714, 0, 1
1506, 0, 1
131, -1, 0
1746, 0, 1
746, -1, 0
748, 0, 1
1634, 0, 1
242, -1, 0
1503, 0, 1
873, -1, 0
626, 0, 1
1630, -1, 0
244, 0, 1
1377, 0, 1
371, -1, 0
1386, 0, 1
241, -1, 0
1379, 0, 1
748, -1, 0
624, 0, 1
999, -1, 0
748, 0, 1
1058, -1, 0
442, 0, 1
933, -1, 0
634, 0, 1
683, -1, 0
837, 0, 1
848, -1, 0
564, 0, 1
928, -1, 0
572, 0, 1
504, -1, 0
999, 0, 1
373, -1, 0
1254, 0, 1
125, -1, 0
1033, -1, 0
88, 0, 1
1128, -1, 0
497, 0, 1
752, -1, 0
623, 0, 1
379, -1, 0
1163, 0, 1
80, -1, 0
1049, -1, 0
578, 0, 1
628, -1, 0
681, 0, 1
190, -1, 0
1298, -1, 0
76, 0, 1
756, -1, 0
748, 0, 1
499, -1, 0
795, 0, 1
204, -1, 0
1125, -1, 0
376, 0, 1
499, -1, 0
1055, -1, 1
1071, -1, 0
391, 0, 1
608, -1, 0
922, 0, 1
76, -1, 0
1188, -1, 0
313, 0, 1
631, -1, 0
871, 0, 1
252, -1, 0
1251, 0, 1
124, -1, 0
1126, -1, 0
247, 0, 1
1001, -1, 0
762, 0, 1
612, -1, 0
1128, 0, 1
499, -1, 0
1378, 0, 1
497, -1, 0
1000, 0, 1
375, -1, 0
1377, 0, 1
874, -1, 0
873, 0, 1
1630, 0, 1
121, -1, 0
1792, 0, 1
1006, -1, 0
875, 0, 1
1626, 0, 1
1702, 0, 1
923, -1, 0
1123, 0, 1
1454, 0, 1
2067, 0, 1
1807, 0, 1
1807, 0, 1
440, -1, 0
1298, 0, 1
1455, 0, 1
1626, 0, 1
1620, 0, 1
1551, 0, 1
644, -1, 0
850, 0, 1
1588, 0, 1
1116, 0, 1
1380, 0, 1
247, -1, 0
1127, 0, 1
1295, 0, 1
1078, 0, 1
504, -1, 0
623, 0, 1
1249, 0, 1
1038, 0, 1
871, -1, 0
213, 0, 1
1127, 0, 1
1127, 0, 1
247, -1, 0
661, 0, 1
1214, 0, 1
761, 0, 1
371, -1, 0
756, 0, 1
1126, 0, 1
750, -1, 0
118, 0, 1
1006, 0, 1
1129, 0, 1
621, -1, 0
369, 0, 1
1005, 0, 1
996, 0, 1
619, -1, 0
503, 0, 1
1034, 0, 1
994, 0, 1
747, -1, 0
220, 0, 1
1125, 0, 1
1281, 0, 1
1124, 0, 1
345, -1, 0
755, 0, 1
1129, 0, 1
1252, 0, 1
1298, 0, 1
192, -1, 0
1028, 0, 1
1476, 0, 1
1408, 0, 1
1464, 0, 1
499, -1, 0
1008, 0, 1
1535, 0, 1
1590, 0, 1
1877, 0, 1
242, -1, 0
1135, 0, 1
1993, 0, 1
1631, 0, 1
1628, -1, 0
111, 0, 1
2017, 0, 1
1618, 0, 1
492, -1, 0
1672, 0, 1
2210, 0, 1
752, -1, 0
1503, 0, 1
2246, -1, 0
994, 0, 1
2883, -1, 0
992, 0, 1
3383, -1, 0
1019, 0, 1
4030, -1, 0
12224, 0, 1
61643, -1, 0
6251, 0, 1
1856, -1, 0
2752, 0, 1
2748, -1, 0
1626, 0, 1
3123, -1, 0
742, 0, 1
2251, 0, 1
523, -1, 0
1980, 0, 1
1377, -1, 0
1121, 0, 1
1522, -1, 0
95, 0, 1
2025, 0, 1
1348, -1, 0
619, 0, 1
1754, 0, 1
996, -1, 0
617, 0, 1
1758, -1, 1
1621, 0, 1
1440, -1, 0
68, 0, 1
1747, 0, 1
744, -1, 0
874, 0, 1
1384, -1, 0
364, 0, 1
1633, 0, 1
242, -1, 0
1507, 0, 1
1502, -1, 0
113, 0, 1
1751, 0, 1
775, -1, 0
972, 0, 1
1787, -1, 1
2111, 0, 1
1062, -1, 0
794, 0, 1
2130, 0, 1
647, -1, 0
1851, 0, 1
1407, -1, 0
621, 0, 1
2097, 0, 1
872, -1, 0
1400, 0, 1
2229, -1, 0
242, 0, 1
2776, 0, 1
1104, -1, 0
1532, 0, 1
3347, -1, 0
243, 0, 1
3636, 0, 1
2617, -1, 0
2506, 0, 1
6880, 0, 1
7054, -1, 0
18337, 0, 0
93778, 0, 0
