212, -1, 0
753, -1, 1
480, -1, 0
254, 0, 1
245, -1, 0
371, 0, 1
245, -1, 0
250, 0, 1
376, 0, 1
373, -1, 0
249, 0, 1
380, -1, 1
374, -1, 0
126, 0, 1
374, -1, 0
125, 0, 1
250, -1, 0
376, 0, 1
125, -1, 0
250, -1, 0
125, 0, 1
374, -1, 0
130, 0, 1
244, -1, 0
251, 0, 1
125, -1, 0
373, -1, 1
499, -1, 1
505, 0, 1
245, -1, 0
550, -1, 1
102, 0, 1
349, 0, 1
124, -1, 0
249, 0, 1
377, -1, 1
499, 0, 1
377, -1, 1
373, 0, 1
380, 0, 1
119, -1, 0
251, 0, 1
375, 0, 1
374, -1, 1
374, 0, 1
250, 0, 1
377, 0, 1
124, -1, 0
249, 0, 1
376, 0, 1
256, 0, 1
371, 0, 1
376, 0, 1
247, 0, 1
250, -1, 0
126, 0, 1
374, 0, 1
247, 0, 1
253, 0, 1
375, 0, 1
249, 0, 1
376, 0, 1
248, 0, 1
250, 0, 1
376, 0, 1
250, 0, 1
252, 0, 1
373, 0, 1
249, 0, 1
252, 0, 1
374, 0, 1
250, 0, 1
250, 0, 1
250, 0, 1
374, 0, 1
249, 0, 1
252, 0, 1
125, 1, 0
125, 0, 1
249, 0, 1
251, 0, 1
249, 0, 1
249, 0, 1
378, 0, 1
248, 0, 1
249, 0, 1
251, 0, 1
252, 0, 1
248, 0, 1
265, 0, 1
246, 0, 1
239, 0, 1
405, 0, 1
231, 0, 1
122, 0, 1
241, 0, 1
258, 0, 1
245, 0, 1
376, 0, 1
248, 0, 1
253, 0, 1
124, 0, 1
375, 0, 1
252, 0, 1
249, 0, 1
249, 0, 1
250, 0, 1
250, 0, 1
249, 0, 1
251, 0, 1
250, 0, 1
250, 0, 1
250, -1, 1
250, 0, 1
249, 0, 1
251, 0, 1
249, 0, 1
128, -1, 0
122, 0, 1
377, 0, 1
247, 0, 1
251, -1, 1
250, 0, 1
250, 0, 1
250, -1, 1
379, 0, 1
248, -1, 1
251, 0, 1
247, 0, 1
128, -1, 0
124, 0, 1
248, 0, 1
126, -1, 0
249, 0, 1
250, 0, 1
125, -1, 0
125, 0, 1
375, -1, 1
250, 0, 1
254, -1, 1
247, 0, 1
126, -1, 0
247, 0, 1
251, -1, 1
375, -1, 1
250, 0, 1
250, -1, 1
374, -1, 1
251, 0, 1
124, -1, 0
253, 0, 1
125, -1, 0
123, 0, 1
252, -1, 1
248, 0, 1
125, -1, 0
251, -1, 1
249, 0, 1
136, -1, 0
244, -1, 1
371, -1, 1
249, -1, 1
375, -1, 1
250, -1, 1
250, -1, 1
250, -1, 0
126, 0, 1
124, -1, 0
249, -1, 1
251, -1, 1
250, -1, 0
126, 0, 1
124, -1, 0
125, -1, 1
125, -1, 0
251, -1, 1
249, -1, 1
125, -1, 0
125, -1, 0
125, 0, 1
124, -1, 0
125, -1, 1
251, -1, 0
125, -1, 0
126, -1, 1
124, -1, 0
125, -1, 1
249, -1, 1
126, -1, 0
125, -1, 0
124, -1, 0
126, -1, 1
124, -1, 0
126, -1, 1
124, -1, 0
126, -1, 0
125, -1, 1
125, -1, 0
125, -1, 1
125, -1, 0
124, -1, 0
125, -1, 1
126, -1, 0
125, -1, 0
125, -1, 1
125, -1, 0
126, -1, 0
125, -1, 1
124, -1, 0
125, -2, 1
249, -2, 0
126, -1, 1
125, -1, 0
125, -1, 0
126, -2, 1
249, -2, 0
125, -1, 1
125, -1, 0
125, -1, 0
125, -1, 1
125, -2, 0
251, -1, 0
267, -1, 1
142, -4, 1
89, -1, 0
126, -1, 0
125, -2, 1
126, -1, 0
123, -1, 0
125, -1, 1
124, -2, 0
125, -1, 0
126, -1, 1
131, -1, 0
122, -2, 0
122, -1, 1
123, -1, 0
125, -1, 0
126, -2, 0
129, -1, 1
122, -1, 0
124, -2, 0
125, -1, 1
125, -1, 0
125, -2, 0
127, -1, 1
123, -1, 0
125, -1, 0
125, -2, 1
124, -1, 0
126, -2, 0
125, -1, 0
124, -1, 1
125, -1, 0
126, -2, 0
124, -1, 0
125, -1, 1
125, -2, 0
125, -1, 0
126, -1, 0
124, -1, 1
124, -2, 0
124, -1, 0
125, -2, 0
125, -1, 1
126, -2, 0
124, -1, 0
126, -1, 0
124, -2, 0
125, -1, 1
125, -1, 0
126, -2, 0
180, -1, 0
138, -2, 1
126, -1, 0
125, -1, 0
125, -1, 0
119, -2, 0
115, -1, 0
72, -2, 1
124, -1, 0
125, -2, 0
126, -1, 0
126, -2, 0
123, -1, 0
126, -2, 0
124, -1, 1
125, -1, 0
125, -1, 0
125, -2, 0
125, -1, 0
126, -2, 0
124, -1, 0
126, -2, 1
124, -1, 0
125, -2, 0
125, -1, 0
125, -2, 0
125, -1, 0
126, -1, 0
124, -2, 0
125, -1, 0
125, -2, 0
125, -1, 0
125, -2, 0
125, -1, 1
125, -2, 0
126, -1, 0
124, -2, 0
128, -1, 0
122, -2, 0
125, -2, 0
125, -1, 0
125, -2, 0
125, -1, 0
129, -2, 0
124, -1, 0
128, -2, 0
122, -1, 0
125, -2, 0
127, -2, 0
130, -1, 0
208, -2, 0
35, -1, 0
124, -2, 0
125, -1, 0
126, -2, 0
251, -2, 0
125, -1, 0
124, -2, 0
128, -1, 0
122, -2, 0
125, -1, 0
125, -2, 0
125, -1, 0
125, -2, 0
125, -1, 0
124, -1, 0
126, -1, 0
125, -2, 0
125, -1, 0
125, -1, 0
125, -2, 0
125, -1, 0
128, -1, 0
122, -1, 0
126, -2, 0
124, -1, 0
124, -1, 0
126, -1, 0
125, -2, 0
125, -1, 0
125, -1, 0
124, -1, 0
126, -2, 0
124, -1, 0
125, -1, 0
126, -1, 0
125, -1, 0
125, -1, 0
125, -2, 0
125, -1, 0
126, -1, 0
123, -1, 0
126, -1, 0
124, -1, 0
125, -1, 0
125, -1, 0
125, -1, 0
126, -1, 0
125, -1, 0
125, -1, 1
125, -1, 0
125, -1, 0
125, -1, 0
124, -1, 0
126, -1, 0
127, -1, 0
123, -1, 0
124, -1, 0
126, -1, 0
124, -1, 0
251, -2, 0
249, -1, 0
126, -1, 1
124, -1, 0
126, -1, 0
125, -1, 0
124, -1, 0
125, -1, 0
250, -1, 0
126, -1, 0
125, -1, 0
125, -1, 0
125, -1, 0
252, -1, 0
123, -1, 0
125, -1, 0
126, -1, 0
135, -1, 0
255, -1, 0
116, -1, 0
120, -1, 0
248, -1, 0
126, -1, 0
125, -1, 0
247, -1, 0
128, -1, 0
123, -1, 0
250, -1, 0
249, -1, 0
126, -1, 0
126, -1, 0
248, -1, 0
251, -1, 0
126, -1, 0
248, -1, -1
250, -1, 0
250, -1, 0
126, -1, 0
249, -1, 0
126, 0, -1
125, -1, 0
250, -1, 0
250, -1, 0
250, -1, -1
250, -1, 0
249, -1, 0
126, 0, -1
125, -1, 0
401, -1, 0
223, -1, -1
252, -1, 0
249, 0, -1
125, -1, 0
249, -1, 0
250, 0, -1
126, -1, 0
438, 0, -1
61, -1, 0
402, -1, 0
99, 0, -1
250, -1, 0
402, 0, -1
98, -1, 0
402, -1, -1
508, 0, -1
90, -1, 0
401, 0, -1
223, -1, 0
250, 0, -1
448, -1, 0
53, 0, -1
652, 0, -1
224, -1, 0
304, 0, -1
445, 0, -1
501, 0, -1
409, -1, 0
214, 0, -1
540, 0, -1
497, 0, -1
626, 0, -1
499, 0, -1
528, 0, -1
488, 1, 0
197, 0, -1
541, 1, -1
497, 0, -1
212, 1, 0
378, 0, -1
249, 1, 0
374, 0, -1
125, 1, 0
501, 1, -1
500, 1, 0
124, 0, -1
250, 1, 0
249, 0, -1
125, 1, 0
499, 1, -1
253, 1, 0
421, 1, -1
327, 1, -1
250, 1, 0
377, 1, 0
124, 0, -1
125, 1, 0
249, 1, 0
127, 0, -1
124, 1, 0
374, 1, 0
133, 0, -1
118, 1, 0
252, 1, -1
251, 1, 0
125, 1, 0
248, 0, -1
125, 1, 0
125, 1, 0
251, 1, -1
248, 1, 0
251, 1, -1
249, 1, 0
126, 1, 0
126, 0, -1
125, 1, 0
252, 1, 0
122, 1, -1
250, 1, 0
125, 1, 0
126, 0, -1
125, 1, 0
125, 1, 0
126, 0, -1
125, 1, 0
124, 1, 0
249, 1, 0
127, 1, -1
124, 1, 0
249, 1, 0
126, 1, -1
125, 1, 0
249, 1, -1
125, 1, 0
125, 1, 0
251, 1, -1
126, 1, 0
250, 1, 0
125, 1, -1
125, 1, 0
124, 1, 0
125, 1, -1
249, 1, 0
126, 1, 0
125, 1, -1
125, 1, 0
125, 1, 0
124, 0, -1
126, 1, 0
126, 1, 0
124, 1, 0
125, 1, -1
140, 1, 0
121, 1, 0
143, 1, -1
247, 1, 0
99, 1, 0
124, 1, -1
125, 1, 0
125, 1, 0
125, 1, -1
127, 1, 0
124, 1, 0
124, 1, -1
125, 1, 0
250, 2, 0
126, 0, -1
125, 2, 0
125, 0, -1
124, 1, 0
125, 1, 0
125, 2, -1
249, 2, 0
250, 2, -1
127, 1, 0
125, 1, -1
124, 1, 0
125, 1, 0
125, 1, -1
125, 1, 0
125, 1, 0
125, 1, -1
126, 1, 0
124, 1, 0
126, 1, 0
124, 1, -1
125, 1, 0
125, 1, 0
126, 1, -1
124, 1, 0
126, 2, 0
124, 1, -1
125, 1, 0
125, 1, 0
125, 1, -1
126, 1, 0
125, 1, 0
124, 1, -1
126, 2, 0
249, 2, -1
125, 1, 0
125, 1, 0
125, 1, -1
125, 1, 0
125, 1, 0
127, 2, -1
125, 1, 0
267, 1, 0
232, 1, -1
124, 3, -1
124, 2, 0
126, 1, 0
124, 1, -1
125, 1, 0
134, 1, 0
116, 1, -1
125, 2, 0
125, 1, 0
125, 1, -1
126, 1, 0
124, 1, 0
125, 1, -1
125, 2, 0
125, 1, 0
125, 1, -1
125, 1, 0
125, 2, 0
126, 1, -1
124, 1, 0
125, 1, 0
125, 2, -1
249, 2, 0
126, 1, -1
125, 1, 0
126, 1, 0
124, 1, -1
125, 2, 0
125, 1, 0
125, 1, -1
125, 1, 0
125, 2, 0
125, 1, -1
126, 1, 0
124, 1, 0
125, 2, -1
125, 1, 0
125, 1, 0
125, 1, -1
125, 1, 0
125, 1, 0
126, 2, -1
124, 1, 0
125, 1, 0
125, 1, -1
125, 2, 0
125, 1, 0
125, 1, -1
125, 1, 0
126, 2, -1
125, 1, 0
126, 1, 0
123, 1, -1
125, 1, 0
125, 1, 0
125, 1, 0
125, 2, -1
126, 1, 0
124, 1, -1
125, 1, 0
125, 2, 0
125, 1, -1
125, 1, 0
125, 1, 0
125, 1, -1
126, 1, 0
124, 2, 0
187, 1, -1
125, 1, 0
126, 1, 0
113, 1, -1
137, 1, 0
79, 2, 0
152, 1, 0
80, 1, -1
127, 1, 0
125, 2, -1
249, 1, 0
126, 2, 0
125, 1, -1
125, 1, 0
124, 1, 0
125, 1, -1
125, 1, 0
125, 2, 0
125, 1, -1
125, 1, 0
125, 1, 0
126, 1, -1
125, 1, 0
124, 2, 0
126, 1, -1
124, 1, 0
125, 1, 0
125, 1, -1
125, 1, 0
136, 1, 0
115, 1, -1
125, 2, 0
124, 1, 0
127, 1, -1
125, 1, 0
126, 1, -1
126, 1, 0
123, 1, 0
124, 1, 0
126, 1, -1
124, 1, 0
127, 1, 0
124, 2, -1
252, 2, -1
247, 2, 0
125, 1, 0
128, 1, -1
129, 1, 0
125, 1, -1
122, 1, 0
125, 1, 0
126, 1, -1
144, 1, 0
238, 1, 0
241, 1, -1
124, 3, -1
125, 1, 0
126, 1, 0
124, 1, -1
125, 1, 0
124, 1, 0
126, 1, -1
124, 1, 0
125, 1, 0
124, 1, -1
128, 1, 0
124, 1, 0
126, 1, -1
123, 1, 0
126, 1, 0
124, 1, -1
125, 1, 0
125, 1, 0
126, 1, -1
125, 1, 0
124, 1, -1
252, 2, 0
249, 1, -1
124, 1, 0
125, 1, -1
125, 1, 0
126, 1, 0
125, 1, 0
131, 1, -1
119, 1, 0
125, 1, -1
250, 1, 0
123, 1, 0
126, 1, -1
124, 1, 0
250, 1, -1
126, 1, 0
125, 1, -1
249, 2, 0
250, 1, -1
127, 1, 0
125, 1, -1
248, 1, 0
126, 1, 0
125, 1, -1
249, 1, -1
127, 1, 0
124, 1, 0
252, 1, -1
125, 1, 0
123, 0, -1
124, 1, 0
126, 1, 0
248, 1, -1
127, 1, 0
251, 1, -1
124, 1, 0
249, 1, 0
126, 1, -1
250, 1, 0
125, 0, -1
126, 1, 0
265, 1, -1
121, 1, 0
238, 1, 0
124, 0, -1
125, 1, 0
249, 1, 0
127, 0, -1
125, 1, 0
249, 1, 0
126, 1, -1
413, 1, 0
87, 0, -1
125, 1, 0
249, 1, 0
250, 0, -1
126, 1, 0
249, 1, 0
250, 0, -1
125, 1, 0
249, 1, 0
251, 0, -1
125, 1, 0
375, 1, 0
126, 0, -1
250, 1, 0
532, 1, -1
503, 1, 0
497, 1, -1
749, 1, 0
400, 0, -1
475, 1, 0
721, 0, -1
662, 1, 0
1463, 0, -1
2132, -1, 0
742, 0, -1
247, -1, 0
752, -1, 0
498, -1, 0
250, 0, -1
379, -1, 0
687, -1, 0
126, 0, -1
248, -1, 0
358, -1, 0
455, -1, -1
248, -1, 0
374, -1, 0
377, -1, -1
375, -1, 0
248, -1, 0
126, 0, -1
250, -1, 0
250, -1, 0
250, -1, -1
249, -1, 0
251, -1, 0
249, -1, -1
251, -1, 0
250, -1, 0
253, -1, -1
190, -1, 0
182, -1, 0
125, 0, -1
126, -1, 0
249, -1, 0
128, -1, 0
250, -1, 0
123, -1, -1
249, -1, 0
250, -1, 0
128, -1, -1
248, -1, 0
126, -1, 0
250, -1, -1
125, -1, 0
124, -1, 0
251, -1, -1
125, -1, 0
125, -1, 0
250, -1, 0
125, -1, 0
127, 0, -1
123, -1, 0
126, -1, 0
124, -1, 0
124, -1, 0
126, 0, -1
124, -1, 0
126, -1, 0
125, -1, 0
125, -1, 0
126, 0, -1
124, -1, 0
125, -1, 0
125, -1, 0
125, -1, -1
125, -1, 0
250, -2, 0
250, -1, -1
125, -1, 0
124, -1, 0
125, -1, 0
126, -1, 0
125, -1, 0
126, -1, -1
125, -1, 0
124, -1, 0
126, -1, 0
124, -1, 0
124, -1, -1
126, -1, 0
249, -2, 0
251, -2, 0
125, 0, -1
125, -2, 0
124, -1, 0
250, -2, 0
126, 0, -1
126, -2, 0
125, -1, 0
126, -1, 0
123, -1, 0
125, -1, 0
124, -1, 0
125, -1, -1
125, -1, 0
127, -2, 0
248, -2, 0
125, 0, -1
125, -2, 0
125, -1, 0
125, -1, 0
125, -1, 0
127, -1, 0
124, -1, 0
125, -2, -1
140, -1, 0
120, -1, 0
123, -1, 0
117, -1, 0
124, -1, 0
125, -2, 0
125, -1, 0
125, -1, -1
125, -1, 0
125, -2, 0
126, -1, 0
125, -1, 0
125, -1, 0
125, -1, 0
125, -2, 0
125, -1, 0
124, -1, 0
124, -1, 0
126, -2, -1
125, -1, 0
124, -1, 0
127, -2, 0
124, -1, 0
124, -1, 0
125, -2, 0
126, -1, 0
125, -1, 0
124, -2, 0
125, -1, 0
126, -1, 0
125, -2, 0
125, -1, 0
125, -2, 0
125, -1, 0
124, -2, 0
126, -1, 0
125, -1, 0
125, -2, 0
125, -1, 0
125, -1, 0
125, -2, 0
125, -1, 0
125, -2, 0
125, -1, 0
125, -1, 0
125, -2, 0
125, -1, 0
125, -2, 0
125, -1, 0
124, -2, 0
126, -1, 0
143, -2, 0
152, -1, 0
81, -2, 0
125, -1, 0
123, -2, 0
125, -1, 0
125, -2, 0
125, -2, 0
125, -1, 0
124, -2, 0
126, -2, 0
125, -1, 0
125, -2, 0
125, -1, 0
124, -2, 0
126, -1, 0
125, -2, 0
125, -2, 0
125, -1, 0
125, -2, 1
124, -2, 0
125, -1, 0
126, -2, 0
124, -1, 0
126, -2, 0
125, -2, 0
125, -2, 0
124, -1, 1
125, -2, 0
126, -2, 0
124, -1, 0
125, -2, 0
126, -1, 1
124, -2, 0
126, -2, 0
124, -2, 0
126, -1, 0
125, -2, 0
125, -2, 1
125, -2, 0
124, -1, 0
125, -2, 0
126, -2, 1
125, -2, 0
125, -1, 0
124, -2, 0
125, -2, 0
126, -2, 1
125, -2, 0
124, -2, 0
126, -1, 0
125, -2, 1
124, -2, 0
125, -2, 0
126, -1, 1
125, -3, 0
125, -1, 0
125, -2, 0
125, -2, 0
125, -2, 1
125, -2, 0
125, -2, 0
125, -1, 1
125, -3, 0
125, -1, 0
125, -3, 1
125, -1, 0
125, -2, 0
125, -2, 0
125, -1, 1
124, -3, 0
125, -1, 0
126, -3, 1
125, -1, 0
125, -2, 0
125, -2, 1
125, -2, 0
125, -2, 0
125, -2, 1
125, -2, 0
125, -2, 0
152, -2, 1
162, -2, 0
126, -2, 0
126, -2, 1
124, -2, 0
101, -2, 1
138, -2, 0
115, -2, 0
81, -2, 1
125, -2, 1
124, -2, 0
126, -2, 0
124, -2, 1
125, -2, 0
125, -2, 0
126, -2, 1
124, -2, 0
126, -2, 1
125, -2, 0
124, -2, 1
289, -2, 0
214, -2, 1
124, -6, 1
126, -2, 0
126, -2, 1
123, -2, 0
125, -2, 1
124, -2, 0
126, -2, 1
125, -2, 0
125, -3, 1
126, -1, 0
124, -3, 1
125, -1, 0
125, -3, 1
126, -2, 0
124, -2, 1
125, -2, 0
126, -2, 1
127, -2, 0
123, -2, 1
126, -2, 0
124, -2, 1
125, -2, 0
123, -3, 1
128, -1, 0
124, -3, 1
127, -2, 0
122, -2, 1
125, -2, 0
127, -2, 1
124, -2, 1
125, -3, 0
125, -1, 1
125, -3, 1
125, -2, 0
125, -2, 1
125, -2, 0
125, -2, 1
126, -2, 0
124, -2, 1
125, -2, 0
125, -3, 1
126, -1, 1
124, -3, 0
125, -1, 1
125, -2, 0
125, -3, 1
125, -1, 0
124, -3, 1
126, -2, 1
125, -2, 0
124, -2, 1
126, -2, 1
124, -2, 0
126, -3, 1
124, -1, 0
126, -3, 1
125, -1, 1
126, -3, 1
124, -2, 0
124, -2, 1
125, -2, 0
126, -2, 1
125, -2, 1
125, -2, 0
125, -2, 1
125, -2, 1
124, -2, 0
126, -2, 1
125, -2, 1
126, -2, 0
125, -2, 1
124, -3, 0
125, -1, 1
125, -3, 1
125, -1, 0
125, -3, 1
139, -1, 1
270, -3, 1
216, -1, 0
197, -7, 2
54, -2, 1
171, -2, 1
223, -1, 0
232, -3, 1
123, -5, 2
131, -2, 0
235, -2, 1
263, -2, 1
128, -6, 2
124, -2, 0
126, -2, 1
127, -2, 1
124, -2, 0
120, -2, 1
128, -2, 1
126, -1, 1
124, -3, 0
267, -1, 1
235, -3, 1
122, -5, 1
126, -2, 1
127, -2, 1
124, -2, 1
203, -1, 0
42, -3, 1
129, -1, 1
125, -3, 0
129, -1, 1
114, -2, 1
194, -2, 0
56, -2, 1
170, -1, 1
85, -3, 1
128, -1, 0
124, -2, 1
126, -2, 1
126, -2, 0
122, -1, 1
125, -3, 1
129, -1, 0
123, -2, 1
118, -2, 1
135, -2, 0
127, -1, 1
128, -2, 1
119, -2, 0
117, -2, 1
205, -1, 1
43, -2, 0
126, -2, 1
125, -1, 0
126, -2, 1
125, -2, 1
123, -2, 1
124, -1, 0
126, -2, 1
125, -1, 0
126, -2, 1
124, -2, 1
126, -2, 0
124, -1, 1
125, -2, 1
125, -1, 0
125, -2, 1
125, -2, 0
126, -2, 1
125, -1, 1
124, -2, 0
125, -1, 1
125, -2, 1
125, -1, 0
125, -2, 1
125, -1, 0
126, -2, 1
124, -2, 1
125, -1, 0
125, -2, 1
123, -2, 1
127, -1, 0
125, -2, 1
125, -1, 0
126, -2, 1
124, -1, 0
125, -1, 1
125, -2, 1
133, -1, 0
117, -2, 1
125, -1, 0
125, -1, 1
126, -2, 1
124, -1, 0
125, -2, 1
123, -1, 0
127, -2, 1
124, -1, 0
126, -1, 1
125, -2, 0
126, -1, 1
125, -1, 0
124, -1, 1
133, -2, 1
117, -1, 0
125, -2, 1
125, -1, 0
128, -1, 1
158, -1, 0
88, -2, 1
125, -1, 0
125, -1, 1
125, -1, 0
125, -2, 1
125, -1, 0
126, -1, 1
128, -1, 0
122, -2, 1
249, -2, 0
125, -1, 1
125, -1, 0
125, -1, 1
125, -1, 0
126, -1, 1
125, -2, 0
124, -1, 1
126, -1, 0
125, -1, 1
126, -1, 0
124, -1, 0
124, -1, 1
127, -1, 0
123, -1, 1
125, -1, 0
125, -1, 1
125, -1, 0
125, -1, 0
125, -1, 1
125, -1, 0
126, -1, 1
124, -1, 0
250, -2, 1
251, -1, 1
124, -1, 0
125, -1, 0
126, -1, 1
124, -1, 0
250, -1, 1
125, -1, 0
125, -1, 0
126, -1, 1
250, -1, 1
124, -1, 0
188, -1, 0
250, -1, 1
113, -1, 0
136, -1, 0
79, 0, 1
142, -1, 0
91, -1, 0
126, 0, 1
125, -1, 0
126, -1, 0
249, -1, 1
250, -1, 0
125, 0, 1
125, -1, 0
250, -1, 0
126, 0, 1
124, -1, 0
250, -1, 0
250, -1, 1
250, -1, 0
250, -1, 1
375, -1, 0
250, -1, 1
554, -1, 0
322, -1, 0
125, 0, 1
375, -1, 0
627, -1, 1
1000, -1, 0
498, 0, 1
2753, 1, 0
873, 1, 0
625, 1, 0
127, 0, 1
501, 1, 0
504, 1, 0
509, 1, 0
365, 1, 0
279, 0, 1
217, 1, 0
375, 1, 0
374, 1, 0
250, 1, 0
376, 1, 0
374, 1, 0
249, 1, 0
263, 1, 0
247, 1, 0
368, 1, 1
247, 1, 0
125, 1, 0
376, 1, 0
124, 1, 0
249, 1, 0
250, 1, 0
250, 1, 0
250, 1, 0
126, 1, 0
249, 1, 0
126, 1, 0
249, 1, 0
251, 1, 0
125, 1, 0
125, 1, 0
249, 1, 0
127, 1, 0
248, 1, 0
126, 1, 0
251, 1, 0
124, 1, 0
125, 1, 0
249, 1, 0
126, 1, 0
125, 1, 0
125, 1, 0
250, 1, 0
125, 1, 0
126, 1, 0
251, 2, 0
249, 1, 0
124, 1, 0
125, 1, 0
250, 1, 0
125, 1, 0
125, 1, 0
125, 1, 0
125, 1, 0
125, 1, 0
125, 1, 0
125, 1, 0
126, 1, -1
124, 1, 0
125, 1, 0
250, 2, 0
249, 2, 0
251, 2, 0
249, 2, 0
250, 1, 0
126, 2, 0
125, 0, -1
125, 2, 0
250, 2, 0
250, 2, 0
125, 1, 0
125, 1, 0
125, 1, 0
125, 1, -1
126, 1, 0
124, 1, 0
125, 1, 0
125, 1, 0
124, 1, 0
126, 2, 0
249, 2, -1
127, 1, 0
124, 1, 0
125, 1, 0
125, 1, 0
125, 1, -1
125, 2, 0
125, 1, 0
125, 1, 0
125, 1, 0
125, 1, 0
125, 1, 0
125, 2, -1
125, 1, 0
125, 1, 0
125, 1, 0
124, 2, 0
127, 1, 0
124, 1, 0
125, 1, -1
125, 1, 0
125, 1, 0
125, 2, 0
125, 1, -1
238, 1, 0
11, 1, 0
128, 1, 0
164, 2, 0
91, 1, 0
120, 1, -1
124, 1, 0
125, 2, 0
124, 1, 0
128, 1, -1
123, 2, 0
124, 1, 0
125, 1, 0
125, 2, 0
180, 1, -1
126, 1, 0
114, 1, 0
139, 2, 0
141, 1, 0
111, 1, -1
116, 2, 0
73, 1, 0
124, 1, 0
125, 2, -1
126, 1, 0
125, 1, 0
127, 1, 0
125, 2, -1
122, 1, 0
125, 2, 0
125, 1, 0
125, 1, -1
126, 1, 0
125, 2, 0
125, 1, -1
124, 1, 0
125, 2, 0
125, 1, 0
126, 1, 0
124, 2, -1
125, 1, 0
126, 1, 0
124, 2, -1
125, 1, 0
125, 1, 0
125, 1, 0
125, 2, -1
125, 1, 0
125, 2, 0
126, 1, 0
124, 1, -1
126, 1, 0
125, 2, 0
124, 1, -1
125, 2, 0
126, 1, 0
124, 2, 0
126, 1, -1
124, 1, 0
125, 1, 0
125, 2, -1
125, 1, 0
125, 2, 0
126, 1, 0
125, 1, -1
125, 2, 0
126, 1, 0
125, 1, -1
124, 2, 0
125, 1, 0
125, 2, -1
125, 1, 0
124, 1, 0
126, 1, 0
126, 2, -1
123, 1, 0
126, 2, 0
131, 1, 0
119, 1, -1
125, 2, 0
125, 1, -1
125, 1, 0
124, 1, 0
125, 2, 0
126, 1, -1
125, 2, 0
125, 1, 0
126, 2, -1
124, 1, 0
125, 1, 0
125, 1, 0
125, 2, -1
125, 1, 0
123, 2, 0
125, 1, -1
125, 2, 0
125, 1, 0
126, 1, -1
124, 1, 0
125, 2, 0
125, 1, 0
125, 2, -1
250, 1, 0
18, 2, -1
234, 2, 0
123, 1, 0
127, 2, -1
125, 1, 0
125, 1, 0
127, 2, -1
123, 1, 0
125, 1, 0
125, 2, -1
125, 1, 0
125, 2, 0
125, 1, -1
125, 1, 0
125, 1, 0
126, 2, -1
124, 1, 0
126, 2, 0
124, 1, -1
125, 1, 0
125, 1, 0
125, 1, 0
125, 2, -1
125, 1, 0
125, 1, 0
126, 2, -1
124, 1, 0
125, 1, 0
125, 2, -1
125, 1, 0
125, 1, 0
125, 1, -1
125, 2, 0
125, 1, 0
125, 2, -1
125, 1, 0
125, 1, 0
125, 1, -1
125, 2, 0
125, 1, 0
125, 1, -1
125, 1, 0
126, 2, 0
138, 1, 0
121, 2, -1
119, 1, 0
123, 1, 0
123, 1, -1
124, 2, 0
126, 1, 0
124, 1, -1
125, 1, 0
125, 2, 0
126, 1, -1
124, 1, 0
125, 1, 0
125, 1, -1
126, 2, 0
124, 1, 0
125, 1, 0
125, 1, -1
125, 1, 0
125, 2, 0
126, 1, -1
125, 1, 0
126, 1, 0
124, 1, 0
125, 2, -1
125, 1, 0
125, 1, 0
125, 1, -1
124, 1, 0
125, 1, 0
126, 2, -1
124, 1, 0
125, 1, 0
125, 1, 0
125, 1, -1
125, 1, 0
126, 1, 0
125, 1, -1
125, 2, 0
125, 1, 0
124, 1, -1
125, 1, 0
125, 1, 0
125, 1, 0
125, 1, -1
125, 1, 0
126, 2, 0
249, 2, -1
250, 2, 0
125, 1, -1
126, 1, 0
124, 1, 0
126, 1, 0
125, 1, -1
124, 1, 0
125, 1, 0
125, 1, 0
126, 1, -1
146, 1, 0
147, 1, 0
81, 1, 0
125, 1, -1
125, 1, 0
126, 1, 0
125, 1, 0
125, 1, -1
125, 1, 0
125, 1, 0
125, 1, 0
125, 1, -1
248, 1, 0
127, 1, 0
126, 1, 0
123, 1, -1
124, 1, 0
126, 1, 0
125, 1, 0
125, 1, 0
125, 1, -1
250, 1, 0
125, 1, 0
125, 1, -1
129, 1, 0
122, 1, 0
248, 1, 0
126, 1, -1
125, 1, 0
125, 1, 0
125, 1, 0
250, 1, -1
125, 1, 0
125, 1, 0
249, 1, 0
126, 1, 0
125, 1, -1
249, 1, 0
126, 1, 0
249, 1, 0
250, 1, -1
126, 1, 0
125, 1, 0
249, 1, 0
255, 1, 0
124, 1, -1
251, 1, 0
247, 1, 0
124, 1, 0
249, 1, 0
252, 1, 0
124, 0, -1
126, 1, 0
248, 1, 0
252, 1, 0
249, 1, 0
285, 1, 0
249, 1, 0
138, 0, -1
126, 1, 0
253, 1, 0
325, 1, 0
379, 1, 0
374, 1, 0
373, 1, 0
127, 0, -1
248, 1, 0
501, 1, 0
375, 1, 0
626, 1, 0
752, 1, 0
1252, 1, 0
9893, -1, 0
3767, -1, 0
2134, -1, 0
1111, -1, 0
1358, -1, 0
1032, -1, 0
746, -1, 0
578, 0, 1
124, -1, 0
671, -1, 0
754, -1, 0
493, 0, 1
82, -1, 0
499, -1, 0
502, -1, 0
499, -1, 0
251, 0, 1
376, -1, 0
498, -1, 0
374, -1, 0
128, 0, 1
373, -1, 0
376, -1, 0
374, 0, 1
174, -1, 0
372, -1, 0
368, -1, 0
338, -1, 1
503, -1, 0
245, -1, 0
126, 0, 1
376, -1, 0
377, -1, 0
245, 0, 1
124, -1, 0
408, -1, 0
416, -1, 0
58, 0, 1
246, -1, 0
380, -1, 0
246, 0, 1
125, -1, 0
373, -1, 0
250, -1, 0
377, -1, 1
376, -1, 0
375, -1, 1
376, -1, 0
498, -1, 1
374, -1, 0
374, -1, 0
251, -1, 1
500, -1, 0
253, 0, 1
123, -1, 0
375, -1, 0
374, -1, 0
125, 0, 1
378, -1, 0
373, -1, 0
250, 0, 1
251, -1, 0
537, -1, 0
209, 0, 1
126, -1, 0
533, -1, 0
467, -1, 1
658, -1, 0
349, 0, 1
243, -1, 0
624, -1, 0
658, -1, 1
598, -1, 0
869, -1, 0
125, 0, 1
909, -1, 0
1094, -1, 1
2502, -1, 0
1373, 0, 1
3376, 1, 0
1371, 1, 0
125, 0, 1
877, 1, 0
875, 1, 0
624, 1, 0
628, 0, 1
122, 1, 0
660, 1, 0
463, 1, 0
673, 1, 0
386, 1, 0
571, 1, 0
373, 1, 1
373, 1, 0
375, 1, 0
499, 1, 0
377, 1, 0
375, 1, 0
250, 1, 0
375, 1, 0
411, 1, 0
215, 1, 0
374, 1, 0
410, 1, 0
215, 1, 0
252, 1, 0
373, 1, 0
252, 1, 0
374, 1, 0
126, 1, 0
374, 1, 0
249, 1, 0
250, 1, 0
253, 1, 1
248, 1, 0
249, 1, 0
250, 1, 0
249, 1, 0
250, 1, 0
251, 1, 0
250, 1, 0
251, 1, 0
249, 1, 0
126, 1, 0
374, 1, 0
250, 1, 0
126, 1, 0
250, 1, 0
250, 1, 0
250, 1, 0
125, 1, 0
249, 1, 0
250, 1, 0
250, 1, 0
125, 1, 0
250, 1, 0
251, 1, 0
125, 1, 0
250, 1, 0
249, 1, 0
136, 1, 0
239, 1, 0
267, 1, 0
218, 1, 0
215, 1, 0
281, 1, 0
181, 1, 0
217, 1, 0
181, 1, 0
216, 1, 0
228, 1, 0
266, 1, 0
236, 1, 0
139, 2, 0
114, 1, 0
248, 1, 0
249, 1, 0
127, 1, 0
242, 1, 0
178, 1, 0
205, 1, 0
247, 1, 0
125, 1, 0
251, 1, 0
126, 1, 0
253, 1, 0
246, 1, 0
126, 1, 0
251, 1, 0
122, 1, 0
256, 1, 0
248, 1, 0
123, 1, 0
249, 1, 0
252, 1, 0
250, 1, 0
122, 1, 0
126, 1, 0
251, 1, 0
249, 1, 0
251, 1, 0
126, 1, 0
122, 1, 0
250, 1, 0
251, 1, 0
251, 1, 0
250, 1, 0
126, 1, 0
252, 1, 0
276, 1, 0
112, 1, 0
258, 1, 0
246, 1, 0
246, 1, 0
259, 1, 0
246, 1, 0
123, 1, 0
248, 1, 0
250, 1, 0
248, 1, 0
244, 1, 0
261, 1, 0
246, 1, 0
260, 1, 0
239, 1, 0
244, 1, 0
261, 1, 0
249, 1, 0
224, 1, 0
271, 1, 0
261, 1, 0
375, 1, 0
254, 1, 0
373, 1, 0
246, 1, 0
370, 1, 0
434, 1, 0
354, 1, 0
389, 1, 0
301, 1, 0
500, 1, 1
429, 1, 0
489, 1, 0
585, 1, 0
622, 1, 0
1122, 1, 0
7890, -1, 0
1114, -1, 0
1000, -1, 0
624, -1, 1
498, -1, 0
500, -1, 0
500, -1, 0
375, -1, 0
374, -1, 0
251, -1, 0
249, -1, 0
388, -1, 1
237, -1, 0
251, -1, 0
250, -1, 0
250, -1, 0
250, -1, 0
125, -1, 0
249, -1, 0
250, -1, 0
126, -1, 0
249, -1, 1
126, -1, 0
249, -1, 0
125, -1, 0
125, -1, 0
251, -1, 0
125, -1, 0
249, -1, 1
126, -1, 0
125, -1, 0
125, -1, 0
252, -1, 0
124, -1, 0
126, -1, 0
124, -1, 1
125, -1, 0
125, -1, 0
248, -2, 0
249, -2, 1
253, -2, 0
250, -2, 0
124, -1, 0
125, -1, 0
126, -1, 1
124, -1, 0
127, -1, 0
124, -1, 0
129, -1, 0
122, -1, 0
123, -1, 0
126, -2, 1
124, -1, 0
124, -1, 0
126, -1, 0
124, -1, 0
125, -2, 1
125, -1, 0
126, -1, 0
127, -1, 0
124, -2, 0
124, -1, 0
125, -1, 1
125, -1, 0
125, -2, 0
126, -1, 0
126, -2, 1
183, -1, 0
64, -2, 0
125, -1, 0
155, -1, 0
115, -2, 1
104, -1, 0
126, -2, 0
124, -1, 0
127, -1, 0
125, -2, 1
123, -1, 0
133, -2, 0
118, -2, 0
123, -2, 1
127, -1, 0
125, -2, 0
127, -1, 0
123, -2, 1
130, -1, 0
122, -2, 0
124, -2, 0
127, -2, 1
125, -1, 0
125, -2, 0
125, -2, 0
135, -2, 1
135, -1, 0
103, -3, 0
123, -1, 0
125, -2, 1
124, -2, 0
125, -2, 0
126, -1, 1
124, -2, 0
127, -2, 0
125, -2, 1
125, -2, 0
124, -2, 0
125, -2, 0
126, -1, 1
124, -3, 0
125, -1, 0
125, -3, 1
127, -1, 0
123, -3, 0
126, -1, 1
123, -3, 0
125, -1, 0
125, -3, 1
126, -2, 0
125, -2, 0
125, -2, 1
125, -2, 0
124, -2, 0
125, -3, 1
125, -1, 0
126, -3, 0
124, -2, 1
125, -2, 0
126, -2, 0
126, -3, 1
181, -2, 0
138, -2, 0
101, -2, 1
126, -3, 0
148, -2, 0
68, -3, 1
152, -1, 0
85, -3, 1
124, -2, 0
126, -3, 0
125, -2, 1
128, -3, 0
121, -2, 0
126, -3, 1
126, -2, 0
123, -3, 1
125, -2, 0
126, -3, 0
125, -1, 1
125, -3, 0
126, -3, 1
124, -2, 0
127, -2, 1
123, -3, 0
125, -3, 0
126, -2, 1
124, -3, 0
125, -2, 1
125, -3, 0
125, -2, 1
126, -3, 0
124, -2, 1
125, -3, 0
125, -2, 0
125, -4, 1
125, -2, 0
125, -3, 1
125, -2, 0
126, -3, 1
124, -3, 0
126, -3, 1
146, -2, 0
103, -3, 1
125, -3, 0
125, -3, 1
127, -2, 0
126, -4, 1
124, -2, 0
125, -3, 1
127, -2, 0
124, -4, 1
126, -2, 0
126, -4, 1
123, -2, 0
126, -4, 1
125, -2, 0
124, -4, 1
124, -2, 0
126, -3, 1
124, -3, 0
124, -3, 1
126, -3, 0
126, -3, 1
123, -3, 0
129, -3, 1
124, -3, 0
124, -2, 0
124, -4, 1
126, -3, 0
124, -3, 1
126, -3, 0
125, -3, 1
125, -3, 0
125, -4, 1
125, -2, 0
125, -4, 1
125, -2, 1
125, -4, 0
126, -3, 1
125, -4, 0
123, -2, 1
126, -4, 0
125, -3, 1
125, -3, 0
125, -3, 1
124, -4, 0
126, -3, 1
124, -3, 1
126, -3, 0
126, -4, 1
125, -3, 0
124, -3, 1
125, -3, 0
126, -4, 1
125, -3, 0
124, -4, 1
125, -3, 1
125, -4, 0
125, -2, 1
124, -4, 0
126, -3, 1
124, -4, 0
126, -3, 1
125, -4, 1
125, -2, 0
124, -5, 1
125, -2, 0
126, -4, 1
124, -3, 0
124, -4, 1
128, -3, 0
123, -3, 1
125, -4, 0
128, -3, 1
122, -4, 1
125, -3, 0
125, -4, 1
124, -3, 0
127, -4, 1
122, -3, 1
126, -4, 0
125, -2, 1
124, -5, 0
125, -2, 1
126, -5, 1
148, -2, 0
103, -5, 1
124, -3, 0
125, -4, 1
125, -3, 1
125, -4, 0
125, -3, 1
125, -4, 1
125, -3, 0
126, -4, 1
137, -3, 0
124, -4, 1
126, -3, 1
112, -4, 1
125, -3, 0
125, -4, 1
125, -3, 0
126, -4, 1
124, -3, 1
125, -4, 1
125, -3, 0
125, -4, 1
125, -3, 0
125, -5, 1
125, -2, 1
126, -5, 1
124, -3, 0
125, -3, 1
125, -4, 1
125, -3, 0
125, -4, 1
146, -3, 1
104, -4, 0
126, -3, 1
124, -4, 1
125, -3, 0
125, -5, 1
125, -2, 1
125, -5, 1
125, -2, 1
125, -5, 0
126, -3, 1
124, -4, 1
125, -3, 1
125, -4, 0
125, -3, 1
125, -4, 1
125, -3, 0
125, -4, 2
126, -3, 0
124, -5, 1
125, -2, 1
125, -5, 1
125, -3, 0
125, -4, 1
138, -2, 1
115, -5, 1
125, -3, 0
123, -4, 1
124, -3, 1
125, -4, 1
125, -3, 1
125, -4, 1
126, -3, 0
125, -4, 1
126, -3, 1
124, -4, 1
125, -3, 1
214, -3, 0
35, -4, 1
125, -2, 1
158, -5, 1
91, -3, 0
126, -4, 2
124, -3, 0
125, -4, 1
127, -2, 1
126, -5, 1
123, -2, 1
126, -4, 1
124, -3, 0
126, -4, 1
123, -3, 1
125, -4, 1
125, -3, 1
125, -4, 1
125, -3, 0
125, -4, 1
125, -3, 1
126, -4, 1
124, -2, 1
125, -4, 1
125, -3, 0
125, -4, 1
125, -3, 1
125, -4, 1
125, -3, 1
126, -4, 1
124, -2, 1
126, -4, 1
124, -3, 0
125, -4, 1
127, -2, 1
124, -4, 1
125, -3, 1
125, -4, 1
125, -3, 1
125, -4, 1
125, -2, 0
124, -3, 1
125, -4, 1
126, -2, 1
125, -4, 1
125, -3, 1
125, -4, 1
124, -2, 1
125, -4, 1
125, -3, 1
125, -4, 1
125, -2, 1
126, -4, 1
126, -3, 0
124, -3, 2
124, -3, 0
125, -4, 2
127, -2, 0
124, -4, 2
125, -3, 0
125, -3, 1
125, -3, 1
125, -3, 2
124, -3, 0
125, -4, 1
125, -2, 1
125, -4, 1
126, -2, 1
124, -4, 1
126, -2, 1
124, -4, 1
125, -2, 1
125, -4, 1
147, -2, 1
167, -4, 1
125, -2, 1
126, -4, 1
124, -2, 1
126, -4, 1
118, -2, 1
114, -3, 1
78, -3, 1
125, -2, 1
125, -4, 1
127, -2, 0
125, -3, 2
124, -3, 0
126, -3, 2
124, -2, 1
126, -4, 1
124, -2, 1
135, -4, 1
121, -2, 0
124, -3, 2
126, -2, 0
124, -4, 2
123, -2, 0
128, -3, 2
130, -3, 0
122, -3, 1
125, -2, 1
160, -3, 1
204, -3, 1
5, -3, 1
130, -2, 1
122, -3, 1
124, -2, 1
127, -3, 1
126, -3, 1
125, -3, 1
123, -2, 1
126, -3, 1
125, -2, 0
127, -3, 2
123, -2, 0
125, -3, 1
125, -2, 1
126, -3, 1
125, -2, 1
124, -3, 1
125, -2, 1
125, -3, 1
126, -2, 1
124, -2, 0
127, -3, 2
126, -2, 0
124, -3, 1
123, -1, 1
124, -3, 1
125, -2, 1
125, -3, 1
126, -2, 0
123, -3, 1
126, -1, 1
124, -3, 1
125, -2, 1
125, -2, 1
126, -2, 0
126, -3, 1
123, -2, 1
127, -2, 1
126, -2, 1
124, -3, 1
124, -1, 0
125, -3, 1
125, -2, 1
125, -2, 1
125, -2, 0
124, -2, 1
126, -2, 1
125, -2, 1
125, -2, 1
126, -2, 0
125, -2, 1
126, -2, 1
124, -2, 1
125, -2, 0
125, -1, 1
130, -3, 1
125, -1, 0
122, -2, 1
124, -2, 1
123, -1, 0
126, -3, 1
125, -1, 1
124, -2, 0
124, -1, 1
125, -2, 1
125, -2, 0
124, -2, 1
126, -1, 1
127, -2, 0
125, -1, 1
125, -2, 0
125, -1, 1
125, -2, 1
125, -2, 0
124, -1, 1
127, -2, 0
123, -1, 1
126, -2, 1
126, -1, 0
122, -2, 1
126, -1, 0
127, -2, 1
122, -1, 0
124, -1, 1
126, -2, 0
124, -1, 1
129, -1, 0
123, -1, 1
125, -2, 0
125, -1, 1
125, -1, 0
126, -1, 1
125, -2, 0
124, -1, 1
126, -1, 0
123, -1, 0
125, -1, 1
124, -1, 0
125, -1, 1
125, -2, 0
249, -2, 1
252, -2, 1
269, -2, 0
122, 0, 1
211, -2, 0
148, -1, 1
126, -1, 0
124, -1, 0
126, -1, 1
126, -1, 0
251, -1, 1
124, -1, 0
125, -1, 0
249, -1, 1
249, -1, 0
124, -1, 0
125, -1, 1
250, -1, 0
248, -1, 0
131, 0, 1
122, -1, 0
251, -1, 0
250, -1, 0
124, 0, 1
250, -1, 0
375, -1, 0
251, 0, 1
126, -1, 0
624, -1, 0
4147, 1, 0
617, 1, 0
364, 1, 1
496, 1, 0
373, 1, 0
501, 1, 0
251, 1, 0
374, 1, 0
251, 1, 0
248, 1, 0
248, 1, 0
376, 1, 0
129, 0, 1
123, 1, 0
252, 1, 0
129, 1, 0
255, 1, 0
240, 1, 0
248, 1, 0
251, 1, 0
141, 1, 0
233, 1, 0
126, 1, 0
249, 1, 0
125, 1, 0
250, 1, 0
126, 1, 0
125, 0, 1
136, 1, 0
125, 1, 0
120, 1, 0
243, 1, 0
125, 1, 0
125, 1, 0
251, 1, 0
124, 1, 0
126, 1, 0
125, 1, 0
124, 1, 0
251, 1, 0
124, 1, 0
126, 1, 0
124, 1, 0
125, 1, 0
125, 1, 0
125, 1, 0
124, 1, 0
249, 2, 0
251, 1, 0
125, 1, 0
125, 2, 0
125, 0, 1
125, 2, 0
249, 1, 0
127, 1, 0
127, 2, 0
248, 2, 0
126, 1, 0
124, 1, 0
126, 1, 0
124, 1, 0
126, 1, 0
124, 2, 0
250, 2, 0
125, 1, 0
125, 1, 0
125, 1, 0
125, 2, 0
126, 1, 0
124, 1, 0
127, 1, 0
123, 2, 0
124, 1, 0
125, 1, 0
125, 1, 0
125, 2, 0
126, 1, 0
124, 1, 0
125, 1, 0
125, 2, 0
125, 1, 0
125, 1, 0
134, 2, 0
116, 1, 0
126, 2, 0
124, 1, 0
125, 1, 0
128, 1, 0
123, 2, 0
124, 1, 0
126, 2, 0
125, 1, 0
125, 2, 0
124, 1, 0
126, 2, 0
124, 1, 0
125, 2, 0
125, 1, 0
125, 2, 0
125, 1, 0
126, 2, 0
124, 1, 0
126, 2, 0
124, 2, 0
125, 2, 0
125, 1, 0
125, 2, 0
125, 1, 0
126, 2, 0
124, 2, 0
126, 2, 0
124, 1, 0
125, 2, 0
125, 2, 0
125, 2, 0
125, 1, 0
126, 2, 0
124, 1, -1
125, 3, 0
125, 1, 0
125, 2, 0
125, 2, 0
125, 1, 0
125, 2, 0
126, 2, 0
124, 2, 0
125, 2, 0
125, 2, 0
125, 1, -1
125, 3, 0
126, 1, 0
124, 3, 0
126, 1, 0
124, 3, 0
125, 1, 0
125, 3, 0
126, 1, 0
125, 2, -1
124, 2, 0
125, 3, 0
126, 1, 0
125, 3, 0
129, 1, 0
120, 3, 0
127, 1, -1
125, 3, 0
125, 2, 0
125, 2, 0
126, 2, 0
124, 2, 0
125, 2, 0
125, 3, -1
125, 1, 0
141, 3, 0
122, 2, 0
127, 3, 0
110, 1, 0
125, 3, 0
125, 2, -1
126, 2, 0
123, 2, 0
125, 2, 0
125, 3, 0
125, 2, 0
126, 3, -1
124, 2, 0
125, 2, 0
125, 2, 0
127, 3, 0
124, 2, 0
124, 3, -1
125, 1, 0
125, 3, 0
125, 2, 0
125, 3, -1
169, 2, 0
107, 3, 0
97, 2, 0
125, 3, -1
125, 2, 0
126, 3, 0
124, 2, 0
125, 3, 0
125, 2, 0
125, 3, -1
125, 2, 0
125, 3, 0
125, 2, 0
126, 3, -1
124, 2, 0
125, 3, 0
125, 2, 0
125, 3, 0
125, 2, -1
126, 3, 0
124, 2, 0
126, 2, 0
124, 3, 0
125, 3, -1
124, 3, 0
126, 2, 0
125, 3, -1
130, 2, 0
125, 3, 0
130, 2, 0
121, 3, -1
121, 3, 0
123, 3, 0
126, 2, 0
127, 3, -1
126, 2, 0
123, 4, 0
126, 2, 0
128, 3, -1
122, 2, 0
125, 3, 0
125, 3, 0
125, 3, -1
125, 2, 0
125, 3, 0
126, 3, 0
124, 3, -1
126, 2, 0
124, 3, 0
125, 3, -1
124, 3, 0
125, 2, 0
125, 4, -1
126, 2, 0
124, 3, 0
126, 3, -1
125, 3, 0
125, 2, 0
127, 4, -1
132, 2, 0
116, 3, 0
126, 3, 0
124, 2, -1
126, 3, 0
130, 3, 0
120, 3, -1
125, 2, 0
124, 4, 0
126, 2, -1
124, 4, 0
125, 2, 0
125, 3, -1
125, 3, 0
126, 3, 0
124, 3, 0
130, 3, -1
121, 3, 0
124, 3, -1
123, 2, 0
125, 4, 0
124, 2, 0
125, 4, -1
125, 2, 0
144, 4, -1
128, 2, 0
106, 4, 0
124, 2, -1
125, 4, 0
125, 2, 0
125, 3, -1
127, 3, 0
122, 3, 0
124, 3, -1
126, 3, 0
124, 3, 0
126, 3, -1
125, 3, 0
126, 3, 0
125, 3, -1
125, 2, 0
125, 4, 0
289, 2, -1
213, 4, 0
125, 8, -1
123, 4, -1
125, 2, 0
125, 4, 0
126, 2, -1
124, 4, 0
141, 2, 0
124, 4, -1
118, 3, 0
268, 3, -1
228, 3, 0
124, 9, -1
127, 3, 0
125, 4, -1
125, 2, 0
122, 4, -1
124, 2, 0
127, 4, 0
126, 2, -1
124, 4, 0
125, 2, -1
125, 4, 0
125, 3, 0
125, 3, -1
147, 3, 0
101, 3, -1
125, 3, 0
125, 3, 0
124, 3, -1
126, 2, 0
125, 4, 0
125, 2, -1
124, 4, 0
126, 3, -1
126, 3, 0
124, 3, 0
126, 4, -1
124, 2, 0
125, 4, -1
125, 2, 0
126, 4, -1
128, 2, 0
124, 4, 0
123, 2, -1
125, 4, 0
126, 3, -1
123, 3, 0
129, 3, 0
143, 3, -1
133, 3, 0
96, 3, -1
123, 3, 0
130, 4, -1
122, 2, 0
127, 4, 0
127, 2, -1
122, 4, 0
124, 2, -1
125, 4, 0
126, 3, 0
123, 3, -1
125, 3, 0
125, 3, -1
125, 3, 0
125, 4, -1
126, 2, 0
124, 4, -1
125, 2, 0
125, 4, 0
124, 2, -1
124, 3, 0
126, 3, -1
125, 3, 0
125, 4, -1
126, 2, 0
126, 4, 0
124, 2, -1
125, 4, 0
126, 2, -1
124, 4, 0
125, 2, 0
125, 4, -1
126, 2, 0
124, 4, -1
123, 3, 0
125, 3, -1
127, 3, 0
123, 3, 0
126, 3, -1
125, 4, -1
127, 2, 0
126, 4, 0
124, 2, -1
124, 4, 0
125, 2, -1
125, 4, 0
125, 2, 0
125, 4, -1
125, 2, 0
125, 4, -1
124, 2, 0
125, 4, -1
128, 2, 0
123, 4, -1
125, 2, 0
124, 3, 0
126, 3, -1
125, 3, 0
124, 3, -1
125, 3, 0
126, 3, -1
124, 2, 0
126, 4, -1
124, 2, 0
128, 4, 0
124, 2, -1
125, 4, 0
125, 2, -1
124, 3, 0
125, 3, -1
126, 3, 0
126, 3, -1
125, 3, 0
124, 3, -1
124, 3, 0
126, 2, 0
125, 4, -1
126, 2, 0
126, 4, -1
123, 2, 0
126, 4, -1
123, 2, 0
125, 4, -1
126, 2, 0
123, 3, -1
125, 3, 0
125, 3, -1
161, 2, 0
151, 4, 0
126, 2, -1
126, 3, 0
114, 3, -1
127, 3, -1
82, 2, 0
131, 4, 0
110, 2, -1
132, 3, 0
132, 3, -1
113, 3, 0
302, 2, -1
200, 2, 0
123, 9, -2
134, 3, 0
117, 3, -1
121, 2, 0
128, 4, -1
126, 2, 0
124, 3, -1
123, 2, 0
125, 4, -1
130, 2, 0
120, 3, 0
125, 2, -1
125, 3, -1
124, 3, 0
126, 3, -1
125, 2, 0
125, 3, -1
125, 3, 0
124, 3, -1
125, 2, 0
125, 3, 0
126, 2, -1
125, 3, -1
127, 2, 0
123, 3, 0
148, 2, -1
117, 4, -1
228, 2, 0
8, 3, -1
187, 2, 0
63, 3, -1
125, 2, 0
125, 3, -1
170, 2, 0
219, 3, -1
371, 2, 0
240, 8, -2
124, 8, -1
135, 2, -1
267, 3, 0
231, 2, -1
126, 8, -1
221, 2, -1
30, 3, -1
123, 2, 0
127, 3, -1
121, 2, 0
128, 3, -1
119, 2, 0
132, 2, -1
122, 2, 0
128, 3, -1
125, 2, 0
130, 3, -1
118, 2, 0
124, 3, -1
122, 1, 0
134, 3, -1
118, 2, -1
124, 3, 0
125, 2, -1
126, 2, 0
124, 2, -1
129, 3, 0
123, 2, -1
124, 3, 0
125, 1, -1
128, 2, 0
135, 3, -1
114, 2, 0
127, 2, -1
120, 2, 0
128, 3, -1
123, 1, -1
125, 3, 0
125, 2, -1
125, 2, 0
120, 2, -1
127, 3, 0
129, 1, -1
123, 3, -1
130, 1, 0
120, 3, -1
128, 1, 0
124, 3, -1
125, 2, 0
127, 2, -1
209, 2, 0
29, 2, -1
135, 2, 0
121, 2, -1
128, 2, 0
122, 2, -1
127, 1, 0
124, 3, -1
134, 1, 0
113, 3, -1
133, 1, 0
116, 2, -1
132, 2, -1
124, 2, 0
119, 2, -1
133, 2, 0
121, 1, -1
125, 2, 0
130, 2, -1
122, 1, 0
123, 3, -1
117, 1, 0
127, 2, -1
133, 1, 0
122, 3, -1
124, 1, 0
132, 2, -1
119, 1, 0
119, 2, -1
132, 2, 0
122, 2, -1
125, 1, 0
130, 2, -1
122, 1, 0
125, 2, -1
124, 2, 0
131, 2, -1
123, 1, 0
123, 2, -1
119, 1, 0
125, 2, -1
125, 1, 0
126, 2, -1
124, 1, 0
127, 2, -1
125, 1, 0
125, 1, -1
126, 2, 0
125, 1, -1
123, 1, 0
126, 2, -1
123, 1, -1
125, 2, 0
123, 1, -1
155, 1, 0
96, 1, -1
126, 2, 0
125, 1, 0
125, 1, -1
125, 2, 0
126, 1, -1
124, 1, 0
126, 1, -1
124, 1, 0
125, 1, -1
126, 2, 0
125, 1, -1
126, 1, 0
124, 1, 0
123, 1, -1
127, 1, 0
124, 2, -1
253, 2, -1
250, 2, -1
128, 1, 0
122, 1, -1
247, 2, 0
125, 0, -1
125, 1, 0
125, 1, -1
125, 1, 0
125, 1, 0
124, 1, -1
125, 1, 0
129, 1, -1
253, 1, 0
120, 1, -1
124, 1, 0
125, 1, 0
124, 1, -1
250, 1, 0
126, 0, -1
124, 1, 0
126, 1, 0
124, 1, -1
250, 1, 0
125, 0, -1
125, 1, 0
125, 1, 0
125, 0, -1
125, 1, 0
250, 1, -1
251, 1, 0
126, 0, -1
124, 1, 0
249, 1, 0
125, 0, -1
126, 1, 0
248, 1, -1
501, 1, -1
254, 1, 0
503, 1, -1
498, 0, -1
122, 1, 0
625, 0, -1
250, 1, 0
753, 0, -1
1125, 0, -1
1625, -1, 0
122, 0, -1
782, -1, 0
624, -1, 0
218, 0, -1
125, -1, 0
537, -1, 0
380, -1, 0
209, 0, -1
124, -1, 0
379, -1, 0
400, -1, 0
96, 0, -1
125, -1, 0
408, -1, 0
218, -1, 0
249, -1, -1
250, -1, 0
252, -1, 0
248, -1, 0
249, -1, -1
253, -1, 0
130, -1, 0
244, -1, 0
249, -1, -1
250, -1, 0
250, -1, 0
126, -1, 0
124, -1, 0
125, 0, -1
124, -1, 0
253, -1, 0
123, -1, 0
127, -1, 0
124, 0, -1
124, -1, 0
124, -1, 0
128, -1, 0
248, -1, 0
130, -1, 0
126, -1, -1
245, -1, 0
123, -1, 0
125, -1, 0
252, -1, -1
127, -1, 0
127, -1, 0
121, -1, 0
124, -1, 0
124, -1, 0
251, -2, -1
258, -1, 0
118, -1, 0
133, -1, 0
117, -1, 0
128, -1, -1
121, -1, 0
125, -1, 0
125, -1, 0
126, -1, 0
126, -1, 0
125, -1, 0
133, -1, -1
116, -2, 0
250, -2, 0
125, -1, 0
125, -1, 0
126, -1, -1
125, -1, 0
125, -1, 0
125, -2, 0
125, -1, 0
124, -1, 0
126, -1, 0
126, -1, -1
123, -1, 0
126, -2, 0
124, -1, 0
126, -1, 0
124, -1, 0
125, -2, -1
125, -1, 0
126, -1, 0
130, -2, 0
125, -1, 0
122, -1, 0
123, -1, 0
125, -2, -1
124, -1, 0
124, -2, 0
125, -1, 0
125, -1, 0
126, -2, 0
126, -1, -1
126, -2, 0
122, -1, 0
125, -1, 0
126, -2, 0
125, -1, 0
125, -2, 0
126, -1, 0
125, -2, -1
124, -1, 0
125, -2, 0
127, -1, 0
125, -2, 0
124, -2, 0
124, -1, 0
126, -2, 0
124, -2, -1
125, -1, 0
125, -2, 0
124, -1, 0
124, -2, 0
126, -1, 0
128, -2, 0
124, -2, 0
124, -2, 0
124, -1, 0
125, -2, 0
127, -1, -1
124, -2, 0
127, -2, 0
123, -1, 0
126, -2, 0
125, -2, 0
124, -2, 0
126, -1, 0
124, -2, 0
125, -2, 0
125, -2, 0
126, -1, 0
126, -3, 0
124, -1, 0
125, -2, 0
124, -2, 0
126, -2, 0
124, -1, 0
125, -3, 0
125, -1, 0
126, -3, 0
126, -1, 0
129, -2, 0
121, -2, 0
122, -2, 0
126, -2, 0
126, -2, 0
126, -2, 0
125, -2, 0
125, -2, 0
125, -2, 0
124, -2, 0
124, -2, 0
128, -2, 0
125, -2, 0
124, -1, 0
126, -3, 0
126, -2, 0
122, -2, 0
128, -2, 0
123, -2, 0
126, -2, 0
123, -2, 0
126, -2, 0
126, -2, 0
124, -2, 0
125, -2, 0
124, -2, 0
125, -2, 0
125, -3, 0
143, -1, 0
106, -3, 0
126, -2, 0
124, -2, 1
126, -2, 0
124, -3, 0
126, -1, 0
124, -3, 0
126, -2, 0
124, -2, 0
126, -2, 0
124, -3, 1
125, -2, 0
126, -2, 0
125, -2, 0
125, -3, 0
125, -2, 0
125, -2, 1
125, -2, 0
125, -3, 0
125, -2, 0
125, -2, 0
125, -2, 1
125, -3, 0
124, -2, 0
125, -2, 0
125, -2, 0
124, -3, 0
126, -2, 1
126, -3, 0
128, -1, 0
123, -3, 0
124, -2, 1
123, -2, 0
128, -3, 0
124, -2, 0
125, -2, 0
125, -2, 1
123, -3, 0
125, -2, 0
128, -3, 0
123, -2, 1
126, -3, 0
124, -1, 0
126, -3, 0
124, -2, 1
128, -3, 0
132, -2, 0
125, -3, 1
116, -2, 0
126, -3, 0
125, -2, 0
124, -2, 1
125, -2, 0
124, -3, 0
127, -2, 1
125, -3, 0
125, -2, 0
125, -3, 1
125, -2, 0
124, -2, 0
124, -2, 1
125, -3, 0
125, -2, 0
126, -3, 1
125, -2, 0
125, -3, 0
127, -2, 0
124, -3, 1
125, -2, 0
124, -3, 1
126, -2, 0
126, -3, 1
123, -2, 0
127, -2, 0
122, -3, 1
128, -2, 0
123, -2, 0
125, -2, 1
126, -3, 0
124, -2, 1
124, -3, 0
128, -2, 0
123, -3, 1
125, -2, 0
124, -3, 1
125, -2, 0
124, -3, 0
126, -2, 1
125, -3, 0
128, -2, 1
123, -3, 0
125, -2, 0
124, -3, 1
125, -2, 0
126, -3, 1
125, -2, 0
125, -3, 1
125, -2, 0
125, -3, 1
124, -2, 0
127, -3, 0
126, -2, 1
125, -3, 0
131, -2, 1
116, -3, 0
125, -2, 1
124, -3, 0
125, -2, 0
128, -3, 1
124, -2, 0
125, -3, 1
124, -2, 0
125, -3, 1
128, -2, 0
133, -2, 1
118, -3, 0
125, -2, 1
123, -3, 0
125, -2, 1
128, -3, 0
125, -2, 1
125, -3, 0
126, -2, 1
124, -3, 0
127, -2, 1
124, -3, 0
127, -2, 1
118, -3, 0
125, -2, 1
125, -3, 0
125, -2, 1
125, -3, 1
123, -2, 0
125, -3, 1
127, -3, 0
124, -3, 1
126, -1, 0
126, -3, 1
123, -3, 0
128, -2, 1
123, -2, 0
125, -3, 1
124, -2, 0
126, -4, 1
125, -2, 1
125, -2, 0
126, -2, 1
123, -3, 0
125, -2, 1
124, -4, 1
127, -2, 0
124, -1, 1
123, -3, 0
127, -2, 1
124, -3, 0
126, -2, 1
125, -3, 1
126, -2, 0
124, -3, 1
125, -2, 0
145, -3, 1
105, -2, 0
126, -3, 1
126, -2, 1
123, -3, 0
125, -2, 1
125, -3, 0
126, -2, 1
123, -3, 0
126, -2, 1
125, -2, 1
124, -2, 0
125, -4, 1
125, -2, 0
125, -2, 1
125, -2, 1
125, -3, 0
126, -2, 1
124, -3, 1
132, -2, 0
125, -3, 1
118, -2, 0
125, -3, 1
125, -2, 0
125, -2, 1
126, -2, 1
124, -3, 0
125, -2, 1
125, -3, 1
125, -2, 0
125, -3, 1
125, -2, 0
125, -2, 1
126, -2, 0
125, -2, 1
125, -3, 1
125, -2, 0
126, -3, 1
124, -2, 0
144, -2, 1
106, -2, 1
125, -3, 0
125, -2, 1
125, -3, 0
124, -2, 1
125, -2, 1
125, -2, 0
126, -3, 1
125, -2, 0
126, -3, 1
124, -2, 0
126, -2, 1
124, -2, 1
124, -3, 0
125, -2, 1
125, -2, 0
129, -2, 1
124, -3, 1
122, -2, 0
125, -2, 1
125, -2, 0
126, -3, 1
124, -2, 1
125, -2, 0
126, -2, 1
125, -3, 1
126, -1, 0
126, -3, 1
124, -2, 0
123, -3, 1
128, -1, 0
125, -2, 1
125, -3, 1
127, -1, 0
123, -3, 1
122, -2, 0
127, -2, 1
126, -2, 0
125, -3, 1
127, -1, 0
122, -3, 1
124, -2, 1
124, -2, 0
126, -2, 1
124, -3, 0
125, -1, 1
126, -3, 1
125, -1, 0
124, -3, 1
126, -2, 0
124, -2, 1
126, -2, 0
124, -2, 1
125, -2, 0
125, -2, 1
124, -2, 1
125, -2, 0
130, -2, 1
122, -2, 0
126, -2, 1
123, -2, 0
127, -2, 1
122, -2, 1
125, -2, 0
125, -2, 1
126, -2, 0
124, -2, 1
126, -2, 0
125, -2, 1
130, -1, 0
129, -2, 1
115, -2, 0
126, -2, 1
125, -2, 0
126, -1, 1
124, -2, 0
126, -2, 1
126, -2, 0
123, -2, 1
125, -2, 0
124, -1, 1
126, -2, 1
125, -2, 0
124, -2, 0
132, -1, 1
120, -3, 1
124, -1, 0
126, -2, 1
125, -2, 0
128, -2, 0
124, -1, 1
123, -2, 1
124, -2, 0
124, -2, 0
125, -1, 1
125, -2, 0
131, -1, 1
122, -3, 0
122, -1, 1
125, -2, 0
125, -1, 1
125, -2, 0
126, -2, 1
129, -2, 0
124, -1, 1
123, -2, 0
123, -1, 1
125, -2, 0
125, -1, 1
125, -2, 0
125, -1, 0
126, -2, 1
135, -1, 0
117, -2, 1
122, -2, 0
129, -1, 1
120, -1, 0
126, -2, 1
126, -2, 0
123, -1, 1
127, -1, 0
125, -2, 0
123, -1, 1
127, -1, 0
124, -2, 1
125, -1, 0
126, -2, 1
125, -1, 0
126, -2, 0
125, -1, 1
123, -2, 0
125, -1, 1
125, -1, 0
125, -1, 0
127, -2, 1
124, -1, 0
125, -1, 1
126, -1, 0
124, -2, 1
124, -1, 0
127, -2, 0
126, -1, 1
125, -1, 0
126, -1, 0
122, -1, 1
126, -1, 0
124, -2, 1
125, -1, 0
250, -2, 1
123, -1, 0
127, -1, 1
125, -1, 0
127, -1, 0
123, -1, 1
124, -2, 0
251, -2, 1
249, -2, 0
125, -1, 1
126, -1, 0
251, -2, 1
251, -1, 0
125, -1, 1
124, -1, 0
127, -1, 0
124, -1, 1
125, -1, 0
125, -1, 0
125, -1, 0
125, -1, 1
249, -1, 0
130, -1, 1
138, -1, 0
114, -1, 0
123, 0, 1
121, -1, 0
125, -1, 0
248, -2, 1
253, -1, 0
249, -1, 1
127, -1, 0
248, -1, 0
128, -1, 0
124, 0, 1
123, -1, 0
249, -1, 0
127, -1, 1
248, -1, 0
253, -1, 0
134, 0, 1
129, -1, 0
245, -1, 0
242, 0, 1
125, -1, 0
251, -1, 0
380, -1, 0
119, 0, 1
249, -1, 0
379, -1, 0
249, 0, 1
253, -1, 0
625, -1, 0
371, 0, 1
753, -1, 0
3009, 1, 0
867, 1, 0
119, 0, 1
630, 1, 0
620, 1, 0
498, 1, 0
126, 0, 1
375, 1, 0
375, 1, 0
374, 1, 0
125, 0, 1
254, 1, 0
374, 1, 0
373, 1, 0
250, 1, 0
129, 0, 1
380, 1, 0
239, 1, 0
251, 1, 1
250, 1, 0
249, 1, 0
377, 1, 1
250, 1, 0
127, 1, 0
252, 1, 0
250, 0, 1
123, 1, 0
127, 1, 0
254, 1, 0
140, 0, 1
103, 1, 0
140, 1, 0
369, 1, 0
118, 1, 0
122, 0, 1
124, 1, 0
126, 1, 0
249, 1, 0
125, 1, 1
249, 1, 0
128, 1, 0
250, 1, 1
127, 1, 0
128, 1, 0
246, 1, 0
123, 1, 1
249, 1, 0
125, 1, 0
127, 1, 0
124, 1, 0
125, 0, 1
125, 1, 0
125, 1, 0
125, 1, 0
125, 1, 0
126, 0, 1
123, 1, 0
125, 1, 0
125, 1, 0
126, 1, 0
124, 1, 0
125, 1, 1
126, 1, 0
251, 1, 0
124, 1, 0
125, 1, 0
124, 1, 1
127, 1, 0
124, 1, 0
129, 1, 0
135, 1, 0
121, 1, 0
117, 1, 1
248, 2, 0
124, 1, 0
126, 1, 0
126, 1, 0
125, 1, 1
125, 1, 0
125, 1, 0
126, 1, 0
123, 1, 0
124, 1, 0
127, 1, 1
123, 1, 0
126, 1, 0
125, 1, 0
125, 2, 0
125, 1, 1
127, 1, 0
124, 1, 0
127, 1, 0
124, 1, 0
127, 2, 0
255, 2, 1
119, 1, 0
123, 1, 0
126, 1, 0
125, 2, 0
123, 1, 1
124, 1, 0
125, 1, 0
125, 1, 0
129, 2, 0
123, 1, 0
126, 1, 0
126, 1, 1
124, 2, 0
124, 1, 0
123, 1, 0
125, 2, 0
125, 1, 0
125, 1, 0
127, 2, 0
127, 1, 1
125, 1, 0
123, 2, 0
123, 1, 0
125, 1, 0
124, 2, 0
127, 1, 0
123, 2, 0
126, 1, 1
125, 2, 0
124, 1, 0
127, 1, 0
125, 2, 0
123, 1, 0
126, 2, 0
125, 1, 0
125, 1, 0
125, 2, 1
124, 2, 0
125, 1, 0
128, 1, 0
125, 2, 0
129, 2, 0
123, 1, 0
123, 2, 0
122, 1, 0
128, 2, 0
124, 1, 1
124, 2, 0
124, 1, 0
126, 2, 0
126, 2, 0
126, 1, 0
133, 2, 0
118, 2, 0
124, 1, 0
124, 2, 0
125, 1, 0
125, 2, 0
124, 2, 0
126, 2, 0
124, 1, 0
126, 2, 1
125, 1, 0
130, 2, 0
119, 2, 0
126, 2, 0
125, 1, 0
126, 2, 0
124, 2, 0
125, 2, 0
126, 1, 0
123, 2, 0
126, 2, 0
125, 2, 0
124, 1, 0
127, 2, 0
124, 2, 0
125, 2, 0
126, 1, 0
125, 2, 0
125, 2, 0
125, 1, 0
125, 2, 0
127, 2, 0
123, 2, 0
124, 2, 0
125, 2, 0
125, 1, 0
124, 2, 0
126, 2, 0
126, 2, 0
126, 2, 0
123, 2, 0
128, 1, 0
124, 3, 1
127, 1, 0
125, 2, 0
123, 2, 0
128, 2, 0
122, 2, 0
126, 2, 0
125, 1, 0
126, 3, 0
124, 1, 0
124, 3, 0
125, 1, 0
137, 2, 0
118, 2, 0
121, 2, 0
122, 2, 0
124, 2, 0
125, 2, 0
126, 2, 0
125, 2, 0
126, 1, 0
125, 2, 0
124, 2, 0
126, 2, 0
123, 2, 0
125, 2, 0
126, 2, 0
125, 2, 0
124, 2, 0
126, 2, 0
125, 2, 0
125, 2, -1
124, 2, 0
127, 2, 0
124, 2, 0
126, 2, 0
124, 2, 0
126, 2, 0
124, 2, 0
125, 2, 0
126, 2, 0
124, 2, -1
126, 2, 0
124, 2, 0
125, 2, 0
126, 3, 0
123, 1, 0
126, 3, 0
125, 1, 0
127, 3, 0
124, 1, -1
124, 3, 0
125, 1, 0
127, 3, 0
126, 1, 0
128, 3, 0
123, 2, 0
125, 1, -1
122, 3, 0
124, 1, 0
125, 3, 0
125, 1, 0
124, 3, 0
128, 1, -1
123, 3, 0
125, 2, 0
125, 2, 0
124, 2, 0
125, 2, 0
126, 2, -1
124, 2, 0
126, 2, 0
124, 2, 0
125, 2, 0
125, 2, 0
125, 2, -1
126, 3, 0
125, 1, 0
124, 3, 0
127, 1, 0
123, 3, 0
124, 1, -1
124, 3, 0
125, 1, 0
124, 3, 0
129, 2, 0
126, 2, -1
124, 2, 0
135, 2, 0
117, 2, -1
122, 2, 0
125, 2, 0
125, 2, 0
128, 2, -1
123, 1, 0
137, 3, 0
116, 2, 0
127, 2, 0
121, 2, -1
125, 2, 0
123, 2, 0
128, 2, 0
123, 2, -1
125, 2, 0
124, 2, 0
126, 2, 0
132, 2, -1
123, 2, 0
121, 2, 0
125, 2, 0
125, 2, -1
125, 2, 0
126, 2, 0
124, 2, -1
125, 2, 0
125, 2, 0
125, 2, 0
127, 2, -1
122, 2, 0
127, 2, 0
124, 2, 0
125, 2, -1
125, 2, 0
125, 2, -1
126, 1, 0
128, 3, 0
122, 1, 0
124, 3, -1
125, 1, 0
126, 3, 0
124, 1, -1
126, 2, 0
123, 2, 0
128, 1, 0
123, 3, -1
125, 1, 0
125, 2, 0
126, 2, -1
124, 2, 0
125, 2, 0
125, 2, 0
126, 1, -1
124, 2, 0
125, 2, 0
127, 2, -1
128, 2, 0
131, 2, 0
124, 1, -1
116, 3, 0
123, 1, 0
125, 2, -1
125, 2, 0
124, 2, 0
125, 1, 0
125, 2, -1
125, 2, 0
127, 2, -1
124, 1, 0
124, 2, 0
125, 2, 0
125, 2, -1
125, 1, 0
125, 2, 0
126, 1, -1
124, 3, 0
131, 1, 0
120, 2, -1
124, 1, 0
125, 2, 0
125, 2, 0
127, 1, -1
127, 2, 0
124, 1, 0
125, 2, -1
126, 2, 0
122, 2, 0
126, 1, -1
124, 2, 0
124, 1, 0
126, 2, -1
124, 1, 0
126, 2, 0
124, 1, 0
127, 2, -1
124, 1, 0
125, 2, 0
127, 1, -1
125, 2, 0
125, 1, 0
126, 2, -1
130, 1, 0
121, 2, 0
125, 1, 0
123, 2, -1
123, 1, 0
125, 2, 0
126, 1, -1
127, 2, 0
124, 1, 0
133, 1, -1
127, 2, 0
125, 1, 0
120, 1, 0
127, 2, -1
118, 1, 0
134, 2, 0
124, 1, 0
120, 1, -1
140, 1, 0
109, 1, 0
125, 2, -1
125, 1, 0
124, 1, 0
124, 1, 0
124, 2, -1
128, 1, 0
121, 1, 0
125, 1, 0
126, 2, -1
124, 1, 0
125, 1, 0
127, 1, 0
123, 1, -1
127, 1, 0
124, 2, 0
263, 2, -1
119, 1, 0
120, 1, 0
127, 1, -1
123, 1, 0
123, 1, 0
124, 1, 0
126, 1, 0
123, 1, -1
126, 1, 0
125, 1, 0
126, 1, -1
126, 1, 0
128, 1, 0
125, 1, 0
122, 1, 0
125, 1, -1
127, 1, 0
124, 1, 0
246, 1, 0
125, 1, 0
129, 1, -1
134, 1, 0
123, 1, 0
249, 1, 0
119, 1, -1
124, 1, 0
253, 1, 0
131, 1, 0
120, 1, 0
123, 0, -1
132, 1, 0
127, 1, 0
259, 1, 0
120, 1, -1
236, 1, 0
129, 1, 0
246, 1, 0
250, 1, -1
256, 1, 0
245, 1, 0
121, 1, 0
386, 1, -1
240, 1, 0
251, 1, 0
250, 1, 0
376, 1, -1
374, 1, 0
374, 1, 0
502, 1, 0
777, 1, 0
723, 0, -1
122, 1, 0
4287, -1, 0
987, -1, 0
872, -1, 0
883, -1, 0
641, -1, 0
485, -1, 0
617, -1, 0
487, -1, 0
367, -1, 0
505, -1, 0
499, -1, 0
378, -1, 0
369, -1, 0
381, -1, 0
245, -1, 0
508, -1, 0
246, -1, 0
245, -1, 0
378, -1, 0
249, -1, 0
390, -1, 0
232, -1, 0
258, -1, 0
246, -1, 0
246, -1, 0
248, -1, 1
376, -1, 0
128, -1, 0
247, -1, 0
250, -1, 0
249, -1, 0
128, -1, 0
246, -1, 0
253, -1, 0
124, 0, 1
125, -1, 0
250, -1, 0
128, -1, 0
247, -1, 0
125, -1, 0
250, -1, 0
251, -1, 1
125, -1, 0
256, -1, 0
121, -1, 0
252, -1, 0
120, -1, 0
124, 0, 1
125, -1, 0
131, -1, 0
245, -1, 0
129, -1, 0
248, -1, 0
125, -1, 0
125, -1, 1
249, -1, 0
125, -1, 0
125, -1, 0
253, -1, 0
123, -1, 1
126, -1, 0
249, -1, 0
125, -1, 0
125, -1, 0
267, -1, 1
114, -1, 0
124, -1, 0
124, -1, 0
247, -1, 0
126, -1, 1
125, -1, 0
123, -1, 0
251, -1, 0
124, -1, 1
131, -1, 0
121, -1, 0
129, -1, 0
245, -1, 1
122, -1, 0
126, -1, 0
128, -1, 0
129, -1, 1
246, -1, 0
122, -1, 0
124, -1, 0
125, -1, 1
127, -1, 0
124, -1, 0
249, -1, 0
126, -1, 1
127, -1, 0
123, -1, 0
123, -1, 0
126, -1, 0
125, -1, 1
250, -2, 0
252, -1, 1
123, -1, 0
124, -1, 0
128, -1, 1
123, -1, 0
126, -1, 0
124, -1, 0
125, -1, 0
127, -1, 1
251, -1, 0
123, -1, 0
126, -1, 1
124, -1, 0
125, -1, 0
132, -1, 0
127, -1, 1
122, -1, 0
118, -1, 0
126, -1, 0
124, 0, 1
127, -1, 0
123, -1, 0
125, -1, 0
125, -1, 1
125, -1, 0
126, -1, 0
125, -1, 0
124, -1, 1
125, -1, 0
125, -1, 0
125, -1, 0
125, -1, 1
125, -1, 0
256, -2, 0
117, 0, 1
129, -1, 0
130, -1, 0
124, -1, 1
124, -1, 0
128, -1, 0
121, -1, 0
126, -1, 1
124, -1, 0
123, -1, 0
124, -1, 0
126, -1, 1
250, -2, 0
249, -1, 1
124, -1, 0
129, -1, 0
122, -1, 1
124, -1, 0
125, -1, 0
125, -1, 0
126, -1, 1
249, -1, 0
125, -1, 0
136, -1, 1
119, -1, 0
124, -1, 0
142, -1, 1
114, -1, 0
247, -2, 0
122, 0, 1
131, -1, 0
121, -1, 0
128, -1, 0
123, -1, 1
125, -1, 0
250, -1, 1
127, -1, 0
124, -1, 0
129, -1, 0
120, -1, 1
122, -1, 0
123, -1, 0
250, -1, 1
125, -1, 0
125, -1, 0
124, -1, 0
127, -1, 1
250, -1, 0
126, -1, 0
124, -1, 1
249, -1, 0
124, -1, 0
126, -1, 1
125, -1, 0
250, -1, 0
124, -1, 1
126, -1, 0
250, -1, 0
125, -1, 1
126, -1, 0
252, -1, 0
124, -1, 0
123, -1, 1
256, -1, 0
123, -1, 0
123, -1, 0
125, 0, 1
126, -1, 0
124, -1, 0
123, -1, 0
256, -1, 1
122, -1, 0
248, -1, 0
126, -1, 1
247, -1, 0
125, -1, 0
249, -1, 0
126, -1, 1
249, -1, 0
251, -1, 0
125, -1, 0
125, 0, 1
124, -1, 0
250, -1, 0
127, -1, 1
248, -1, 0
250, -1, 0
250, -1, 1
125, -1, 0
249, -1, 0
256, -1, 0
245, -1, 1
249, -1, 0
250, -1, 0
250, -1, 0
252, -1, 1
249, -1, 0
374, -1, 0
250, -1, 0
254, 0, 1
120, -1, 0
253, -1, 0
249, -1, 0
500, -1, 0
249, 0, 1
125, -1, 0
407, -1, 0
345, -1, 0
528, -1, 0
400, 0, 1
71, -1, 0
783, -1, 0
639, -1, 0
832, -1, 0
1636, -1, 0
6251, 1, 0
1617, 1, 0
1372, 1, 0
1122, 1, 0
876, 1, 0
753, 1, 0
747, 1, 0
752, 1, 0
685, 1, 0
613, 1, 0
574, 1, 0
442, 1, 0
602, 1, 0
502, 1, 0
328, 1, 0
446, 1, 0
476, 1, -1
329, 1, 0
500, 1, 0
501, 1, 0
248, 0, -1
125, 1, 0
374, 1, 0
500, 1, 0
377, 1, 0
124, 0, -1
249, 1, 0
377, 1, 0
409, 1, -1
338, 1, 0
534, 1, -1
216, 1, 0
505, 1, 0
247, 1, -1
408, 1, 0
371, 1, -1
409, 1, 0
340, 1, -1
391, 1, 0
359, 1, -1
220, 1, 0
250, 0, -1
250, 1, 0
249, 1, 0
126, 0, -1
125, 1, 0
535, 1, -1
340, 1, 0
125, 0, -1
125, 1, 0
435, 1, -1
314, 1, 0
250, 0, -1
126, 1, 0
251, 0, -1
135, 1, 0
367, 1, 0
125, 0, -1
249, 1, 0
125, 0, -1
248, 1, 0
126, 0, -1
250, 1, 0
249, 0, -1
250, 1, 0
261, 0, -1
115, 1, 0
249, 0, -1
251, 1, 0
249, 0, -1
126, 1, 0
376, 1, -1
251, 0, -1
248, 1, 0
250, 0, -1
250, 1, 0
253, 0, -1
248, 1, 0
125, 0, -1
375, 1, -1
501, 0, -1
123, 1, 0
249, 0, -1
377, 1, -1
535, 0, -1
89, 1, 0
250, 0, -1
501, 1, -1
383, 0, -1
377, 0, -1
244, 1, 0
254, 0, -1
375, 0, -1
386, 0, -1
485, 1, -1
499, 0, -1
504, 0, -1
499, 0, -1
500, 0, -1
499, 0, -1
500, 0, -1
626, 0, -1
374, 0, -1
625, 0, -1
500, -1, 0
124, 0, -1
373, 0, -1
377, -1, 0
376, 0, -1
373, -1, 0
122, 0, -1
501, -1, 0
126, 0, -1
499, -1, 0
248, 0, -1
250, -1, 0
249, 0, -1
251, -1, 0
375, -1, 0
126, 0, -1
373, -1, 0
127, 0, -1
375, -1, 0
250, -1, 0
125, 0, -1
249, -1, 0
375, -1, -1
375, -1, 0
249, -1, -1
376, -1, 0
249, 0, -1
126, -1, 0
249, -1, 0
127, 0, -1
248, -1, 0
251, -1, -1
249, -1, 0
252, -1, 0
249, -1, -1
250, -1, 0
250, -1, -1
374, -1, 0
126, -1, -1
250, -1, 0
252, -1, 0
137, 0, -1
116, -1, 0
122, -1, 0
249, -1, -1
252, -1, 0
247, -1, -1
124, -1, 0
251, -1, 0
130, -1, 0
121, 0, -1
122, -1, 0
125, -1, 0
251, -1, 0
126, -1, -1
248, -1, 0
127, -1, 0
123, -1, -1
249, -1, 0
129, -1, 0
127, -1, -1
251, -1, 0
126, -1, 0
249, -1, -1
124, -1, 0
124, -1, 0
122, -1, 0
127, -1, 0
124, 0, -1
126, -1, 0
124, -1, 0
125, -1, 0
125, -1, 0
126, -1, -1
249, -1, 0
125, -1, 0
125, -1, 0
125, -1, -1
125, -1, 0
127, -1, 0
125, -1, 0
250, -1, -1
127, -1, 0
121, -2, 0
249, -1, 0
125, -1, -1
128, -2, 0
249, -1, 0
129, -1, 0
121, -2, 0
124, 0, -1
125, -2, 0
251, -2, 0
123, -1, 0
125, -1, 0
126, -1, -1
132, -1, 0
123, -1, 0
120, -1, 0
124, -1, 0
126, -1, 0
124, -1, 0
125, -1, 0
125, -2, -1
250, -2, 0
129, -1, 0
122, -1, 0
126, -1, 0
123, -1, 0
128, -1, -1
127, -2, 0
122, -1, 0
127, -1, 0
124, -1, 0
123, -2, 0
125, -1, 0
125, -1, 0
125, -1, 0
125, -2, -1
130, -1, 0
121, -1, 0
125, -1, 0
125, -2, 0
126, -1, 0
124, -1, 0
124, -1, 0
127, -2, 0
123, -1, 0
125, -1, 0
124, -1, 0
125, -2, 0
127, -1, 0
123, -2, 0
128, -1, 0
124, -1, 0
125, -2, 0
126, -1, 0
127, -1, -1
123, -1, 0
127, -2, 0
123, -1, 0
127, -2, 0
125, -1, 0
125, -2, 0
124, -1, 0
125, -2, 0
123, -1, 0
126, -2, 0
124, -1, 0
125, -2, 0
123, -1, 0
127, -2, 0
125, -1, 0
125, -2, 0
124, -1, 0
126, -2, 0
125, -1, 0
125, -2, 0
125, -1, 0
132, -2, 0
125, -1, 0
118, -2, 0
127, -1, 0
125, -2, 0
124, -1, 0
125, -2, 0
125, -2, 0
125, -2, 0
125, -1, 0
125, -2, 0
128, -1, 0
122, -2, 0
124, -2, 0
126, -1, 1
124, -2, 0
125, -2, 0
125, -1, 0
127, -1, 0
124, -3, 0
125, -1, 0
123, -2, 0
127, -1, 0
125, -2, 0
126, -2, 0
123, -2, 1
126, -1, 0
124, -2, 0
126, -1, 0
124, -3, 0
125, -1, 0
125, -2, 1
126, -2, 0
124, -2, 0
124, -1, 0
125, -2, 0
126, -2, 0
124, -2, 0
126, -1, 1
123, -2, 0
128, -2, 0
125, -2, 0
125, -2, 0
125, -2, 0
126, -1, 1
124, -2, 0
126, -2, 0
124, -2, 0
126, -2, 0
123, -2, 1
126, -1, 0
125, -3, 0
126, -1, 0
122, -2, 0
128, -2, 0
126, -1, 1
120, -3, 0
155, -1, 0
97, -3, 0
124, -1, 0
127, -2, 1
123, -2, 0
125, -2, 0
125, -2, 0
125, -2, 0
127, -1, 1
126, -3, 0
126, -2, 0
124, -2, 0
124, -1, 0
125, -3, 1
125, -1, 0
125, -3, 0
128, -1, 1
122, -3, 0
124, -1, 0
126, -3, 0
124, -1, 0
125, -3, 1
125, -1, 0
125, -3, 0
127, -1, 1
125, -3, 0
123, -1, 0
127, -3, 0
124, -2, 0
125, -2, 1
125, -2, 0
125, -2, 1
126, -2, 0
124, -2, 0
125, -2, 0
125, -1, 0
124, -3, 1
126, -2, 0
124, -2, 0
125, -2, 1
125, -2, 0
125, -2, 0
125, -2, 1
125, -2, 0
125, -3, 0
124, -1, 0
128, -3, 1
123, -1, 0
125, -3, 0
128, -2, 1
123, -2, 0
125, -2, 0
125, -2, 1
125, -2, 0
125, -3, 0
126, -1, 0
123, -3, 1
125, -2, 0
125, -2, 0
126, -2, 1
124, -2, 0
128, -2, 0
123, -3, 1
124, -1, 0
126, -3, 0
129, -1, 0
122, -3, 1
124, -2, 0
126, -2, 1
124, -2, 0
126, -2, 0
124, -2, 0
124, -2, 1
125, -2, 0
125, -2, 0
126, -3, 1
126, -1, 0
137, -3, 0
113, -2, 1
122, -2, 0
125, -2, 0
132, -3, 1
119, -1, 0
125, -3, 0
124, -1, 1
124, -3, 0
127, -2, 0
124, -2, 1
124, -2, 0
129, -2, 0
124, -2, 1
125, -3, 0
125, -1, 0
126, -3, 1
125, -2, 0
125, -2, 0
125, -2, 1
122, -2, 0
124, -2, 0
127, -3, 1
124, -1, 0
124, -3, 0
126, -2, 1
127, -2, 0
125, -2, 0
125, -2, 1
126, -2, 0
126, -3, 0
124, -1, 1
125, -2, 0
125, -2, 0
123, -2, 0
125, -3, 1
126, -1, 0
125, -3, 1
126, -2, 0
123, -2, 0
124, -2, 0
125, -2, 1
125, -2, 0
127, -2, 0
126, -2, 1
125, -3, 0
129, -1, 0
119, -3, 1
125, -1, 0
125, -3, 0
125, -1, 1
125, -3, 0
125, -1, 0
125, -3, 1
126, -2, 0
124, -2, 1
125, -2, 0
126, -2, 0
124, -2, 1
125, -2, 0
125, -2, 0
125, -2, 0
126, -2, 1
124, -2, 0
126, -2, 1
125, -1, 0
125, -3, 0
124, -1, 0
125, -3, 1
125, -1, 0
128, -3, 0
122, -1, 1
127, -3, 0
122, -1, 0
124, -2, 1
126, -2, 0
124, -2, 1
125, -2, 0
127, -2, 0
122, -1, 0
126, -3, 1
125, -1, 0
124, -3, 0
127, -1, 1
132, -2, 0
117, -2, 0
126, -2, 1
124, -1, 0
125, -3, 0
126, -1, 0
126, -3, 1
123, -1, 0
125, -2, 0
125, -2, 1
126, -2, 0
124, -1, 0
125, -2, 1
126, -2, 0
125, -2, 0
125, -1, 1
125, -2, 0
125, -2, 0
125, -1, 1
124, -2, 0
125, -2, 0
126, -2, 0
125, -1, 1
124, -2, 0
125, -2, 0
125, -2, 1
126, -1, 0
124, -2, 0
126, -1, 0
125, -2, 1
126, -2, 0
125, -2, 1
126, -1, 0
124, -2, 0
127, -1, 0
129, -2, 1
122, -2, 0
129, -2, 0
123, -1, 0
127, -2, 1
128, -1, 0
122, -2, 0
126, -1, 1
124, -2, 0
124, -1, 0
123, -2, 0
122, -1, 0
126, -2, 1
126, -2, 0
135, -1, 0
118, -1, 0
120, -2, 1
126, -1, 0
124, -2, 0
126, -1, 1
126, -2, 0
124, -1, 0
124, -2, 0
126, -1, 1
124, -1, 0
126, -2, 0
124, -1, 0
125, -2, 0
125, -1, 1
127, -2, 0
123, -1, 0
125, -1, 0
125, -1, 0
125, -2, 1
126, -1, 0
124, -2, 0
125, -1, 1
125, -1, 0
125, -1, 0
126, -2, 0
124, -1, 0
125, -1, 0
125, -1, 1
126, -2, 0
125, -1, 0
125, -1, 0
124, -1, 0
126, -2, 1
124, -1, 0
125, -1, 0
125, -1, 0
126, -1, 1
124, -1, 0
125, -1, 0
124, -1, 0
126, -1, 0
125, -1, 0
124, -1, 1
126, -2, 0
249, -2, 0
250, -2, 1
127, -1, 0
124, -1, 0
124, -1, 0
126, -1, 0
250, -1, 1
126, -1, 0
124, -1, 0
128, -1, 0
126, -1, 0
121, -1, 0
124, -1, 1
125, -1, 0
124, -1, 0
125, -1, 0
251, -1, 0
124, -1, 0
125, -1, 1
126, -1, 0
249, -1, 0
126, -1, 0
125, -1, 0
250, -1, 0
125, -1, 1
125, -1, 0
252, -1, 0
249, -1, 0
127, -1, 0
248, -1, 0
249, -1, 1
125, -1, 0
249, -1, 0
251, -1, 0
250, -1, 0
253, -1, 0
248, -1, 1
376, -1, 0
249, -1, 0
376, -1, 0
375, -1, 0
501, -1, 0
498, -1, 1
875, -1, 0
3897, 1, 0
744, 1, 0
609, 1, 0
249, 0, 1
250, 1, 0
502, 1, 0
377, 1, 0
504, 1, 0
248, 1, 1
374, 1, 0
372, 1, 0
379, 1, 0
246, 1, 1
250, 1, 0
252, 1, 0
250, 1, 0
249, 1, 0
249, 1, 0
124, 0, 1
125, 1, 0
126, 1, 0
252, 1, 0
247, 1, 0
125, 1, 0
249, 1, 0
252, 1, 1
129, 1, 0
250, 1, 0
122, 1, 0
250, 1, 0
123, 1, 0
124, 1, 0
250, 1, 0
129, 1, 1
122, 1, 0
126, 1, 0
252, 1, 0
123, 1, 0
125, 1, 0
250, 2, 0
248, 1, 0
126, 1, 1
125, 1, 0
125, 1, 0
126, 1, 0
124, 1, 0
126, 1, 0
124, 1, 0
124, 1, 0
126, 1, 0
126, 1, 0
125, 1, 0
124, 1, 0
126, 1, 0
125, 1, 0
124, 1, 0
129, 1, 0
122, 1, 0
125, 1, 1
125, 1, 0
124, 1, 0
125, 1, 0
125, 1, 0
124, 2, 0
126, 1, 0
127, 1, 0
124, 1, 0
127, 1, 0
123, 1, 0
125, 2, 0
125, 1, 0
127, 1, 0
129, 1, 1
130, 2, 0
241, 2, 0
124, 1, 0
124, 2, 0
124, 1, 0
123, 1, 0
127, 1, 0
138, 2, 0
113, 1, 0
124, 2, 0
124, 1, 0
128, 1, 1
128, 1, 0
121, 2, 0
125, 1, 0
124, 2, 0
124, 1, 0
125, 2, 0
126, 1, 0
124, 2, 0
128, 1, 0
128, 1, 1
120, 2, 0
125, 1, 0
125, 2, 0
124, 1, 0
125, 2, 0
125, 1, 0
126, 2, 1
125, 1, 0
126, 2, 0
123, 1, 0
124, 2, 0
125, 1, 0
126, 2, 1
125, 1, 0
125, 2, 0
125, 1, 0
125, 2, 0
125, 1, 0
126, 2, 1
124, 2, 0
125, 1, 0
125, 2, 0
126, 2, 0
125, 1, 0
127, 2, 1
123, 1, 0
130, 2, 0
120, 2, 0
125, 2, 0
128, 1, 0
127, 2, 1
122, 2, 0
125, 2, 0
124, 1, 0
124, 2, 0
124, 2, 1
125, 1, 0
123, 2, 0
127, 2, 0
123, 2, 0
128, 2, 1
124, 2, 0
126, 1, 0
127, 2, 0
123, 2, 0
124, 2, 0
126, 2, 1
123, 2, 0
131, 2, 0
121, 2, 0
125, 1, 0
123, 3, 0
126, 1, 1
133, 3, 0
118, 1, 0
124, 3, 0
127, 1, 0
125, 3, 0
124, 1, 0
125, 3, 1
125, 1, 0
125, 3, 0
126, 1, 0
126, 3, 0
122, 1, 0
125, 3, 1
126, 2, 0
124, 2, 0
126, 2, 0
127, 3, 0
123, 1, 0
126, 3, 1
126, 2, 0
124, 1, 0
124, 3, 0
126, 2, 0
125, 2, 0
124, 2, 0
126, 3, 0
126, 1, 1
124, 3, 0
125, 2, 0
124, 2, 0
126, 2, 0
124, 3, 0
127, 2, 0
125, 2, 0
125, 2, 0
125, 3, 0
125, 2, 1
124, 3, 0
123, 2, 0
126, 2, 0
127, 2, 0
125, 3, 0
124, 2, 0
125, 3, 0
126, 2, 1
124, 3, 0
123, 1, 0
125, 3, 0
125, 2, 0
126, 3, 0
128, 2, 0
123, 3, 0
124, 2, 0
125, 3, 0
125, 2, 0
126, 3, 0
137, 2, 0
118, 2, 0
122, 3, 1
121, 2, 0
125, 3, 0
125, 2, 0
124, 3, 0
129, 2, 0
124, 3, 0
126, 2, 0
123, 3, 0
125, 2, 0
124, 3, 0
125, 2, 0
124, 3, 0
125, 3, 0
126, 3, 0
127, 2, 0
124, 3, 0
125, 2, 0
127, 3, 0
124, 2, 0
124, 4, 0
127, 2, 0
126, 3, 0
123, 2, 0
124, 3, 0
125, 2, 0
125, 4, 0
125, 2, 0
126, 3, 0
123, 2, 0
124, 3, 0
126, 3, 0
123, 3, 0
128, 2, 0
126, 4, 0
128, 2, 0
126, 3, 0
121, 2, 0
123, 2, 0
126, 4, 0
124, 2, 0
124, 3, 0
125, 3, 0
125, 3, 0
125, 2, 0
125, 4, 0
129, 2, 0
126, 3, 0
122, 3, 0
123, 3, 0
125, 2, 0
125, 4, 0
125, 2, 0
125, 4, -1
125, 2, 0
126, 3, 0
125, 3, 0
126, 3, 0
125, 3, 0
123, 3, 0
125, 3, 0
125, 3, 0
126, 2, -1
124, 4, 0
125, 2, 0
125, 4, 0
126, 2, 0
133, 4, 0
120, 2, 0
122, 4, 0
124, 2, 0
126, 4, -1
125, 2, 0
125, 4, 0
128, 2, 0
125, 2, 0
124, 4, 0
125, 2, 0
124, 4, 0
128, 2, 0
123, 4, 0
123, 3, -1
125, 3, 0
131, 3, 0
122, 3, 0
124, 3, 0
124, 3, 0
126, 3, 0
124, 3, 0
125, 3, -1
124, 3, 0
133, 3, 0
118, 4, 0
125, 2, 0
125, 4, 0
126, 2, 0
124, 4, -1
124, 2, 0
126, 4, 0
126, 2, 0
124, 4, 0
125, 2, 0
124, 4, 0
126, 3, 0
124, 3, -1
125, 3, 0
125, 3, 0
126, 3, 0
124, 4, 0
126, 2, 0
125, 2, 0
125, 4, -1
129, 3, 0
131, 3, 0
117, 2, 0
125, 4, 0
124, 3, 0
125, 3, -1
126, 3, 0
124, 3, 0
125, 3, 0
125, 3, 0
126, 2, 0
124, 4, -1
127, 2, 0
125, 4, 0
124, 2, 0
128, 4, -1
123, 2, 0
124, 3, 0
125, 3, 0
131, 3, 0
129, 2, -1
124, 4, 0
117, 2, 0
128, 4, 0
122, 2, 0
125, 4, -1
123, 2, 0
124, 3, 0
124, 2, 0
126, 4, -1
126, 2, 0
126, 4, 0
123, 2, 0
125, 2, 0
124, 4, -1
126, 2, 0
124, 3, 0
125, 3, 0
125, 3, -1
126, 2, 0
125, 3, 0
124, 3, 0
125, 3, 0
126, 2, 0
124, 4, -1
126, 2, 0
127, 3, 0
126, 2, 0
124, 4, -1
125, 2, 0
124, 3, 0
125, 2, 0
125, 4, 0
125, 2, -1
126, 3, 0
123, 2, 0
125, 3, 0
126, 2, 0
124, 4, -1
125, 2, 0
123, 3, 0
129, 2, 0
125, 3, -1
123, 3, 0
124, 3, 0
125, 2, 0
125, 3, -1
125, 2, 0
124, 3, 0
125, 2, 0
125, 3, 0
126, 2, -1
124, 2, 0
125, 3, 0
125, 2, 0
126, 3, -1
126, 2, 0
123, 3, 0
126, 3, 0
130, 2, -1
124, 2, 0
122, 3, 0
127, 2, 0
124, 3, -1
127, 2, 0
139, 3, 0
110, 2, 0
127, 3, -1
129, 2, 0
119, 2, 0
124, 2, 0
126, 3, -1
125, 2, 0
125, 3, 0
124, 2, 0
126, 2, -1
123, 2, 0
125, 3, 0
125, 2, 0
125, 2, 0
125, 2, -1
126, 3, 0
124, 2, 0
128, 2, 0
125, 2, -1
122, 3, 0
128, 1, 0
123, 3, -1
125, 2, 0
125, 2, 0
125, 2, 0
129, 1, 0
122, 3, -1
124, 2, 0
124, 2, 0
124, 2, 0
126, 2, -1
124, 2, 0
126, 2, 0
126, 2, 0
127, 2, -1
122, 1, 0
126, 3, 0
124, 1, 0
132, 3, -1
119, 1, 0
128, 2, 0
123, 2, 0
124, 2, -1
126, 1, 0
125, 3, 0
124, 1, 0
125, 2, -1
124, 2, 0
125, 2, 0
126, 1, 0
123, 2, -1
127, 2, 0
125, 2, 0
125, 1, 0
126, 2, -1
125, 1, 0
126, 2, 0
127, 1, 0
121, 2, -1
126, 2, 0
124, 1, 0
123, 2, 0
125, 2, -1
125, 1, 0
125, 1, 0
125, 2, 0
126, 1, 0
137, 2, -1
119, 1, 0
119, 1, 0
124, 2, 0
126, 1, -1
124, 1, 0
125, 2, 0
125, 1, 0
124, 2, 0
126, 1, -1
125, 1, 0
125, 1, 0
123, 2, 0
126, 1, 0
126, 1, -1
124, 1, 0
126, 2, 0
124, 1, 0
125, 1, 0
125, 1, -1
126, 1, 0
125, 1, 0
125, 1, 0
125, 1, 0
126, 1, -1
126, 1, 0
131, 2, 0
243, 2, -1
249, 1, 0
125, 1, 0
124, 1, 0
125, 1, 0
124, 1, -1
125, 1, 0
250, 1, 0
127, 1, 0
124, 1, 0
250, 1, -1
125, 1, 0
126, 1, 0
249, 1, 0
125, 1, -1
248, 1, 0
126, 1, 0
252, 1, 0
253, 1, -1
250, 1, 0
247, 1, 0
377, 1, -1
249, 1, 0
379, 1, 0
375, 0, -1
124, 1, 0
631, 1, 0
623, 0, -1
2631, -1, -1
489, -1, 0
753, -1, 0
497, -1, 0
378, -1, -1
372, -1, 0
374, -1, 0
249, -1, 0
250, 0, -1
127, -1, 0
377, -1, 0
258, -1, 0
239, -1, 0
250, -1, 0
125, 0, -1
125, -1, 0
249, -1, 0
249, -1, 0
252, -1, 0
248, -1, 0
251, -1, -1
253, -1, 0
247, -1, 0
126, -1, 0
249, -1, 0
127, -1, 0
248, -1, -1
125, -1, 0
249, -1, 0
132, -1, 0
243, -1, 0
126, -1, 0
124, -1, 0
126, -1, 0
249, -1, 0
125, -1, 0
125, -1, 0
250, -1, 0
124, -1, -1
126, -1, 0
256, -2, 0
252, -1, 0
123, -1, 0
125, -1, 0
124, -1, 0
132, -1, 0
117, -1, 0
125, -1, 0
250, -1, 0
126, -1, 0
123, -1, 0
125, -1, 0
126, -1, 0
126, -1, 0
124, -1, 0
124, -1, 0
125, -1, 0
126, -1, 0
125, -1, 0
124, -1, 0
125, -1, 0
125, -1, 0
126, -1, 0
126, -1, 0
123, -1, 0
127, -2, 0
127, -1, 0
121, -1, 0
126, -1, 0
125, -1, 0
125, -1, 0
125, -2, 0
250, -2, 0
126, -1, 0
124, -1, 0
125, -1, 0
125, -2, 0
125, -1, 0
125, -1, 0
125, -1, 0
125, -2, 0
126, -1, 0
133, -1, 0
116, -1, 0
125, -2, 0
125, -1, 0
124, -2, 0
125, -1, 0
126, -1, 0
125, -1, 0
125, -2, 0
124, -1, 0
125, -1, 0
125, -2, 0
125, -1, 0
125, -2, 0
125, -1, 0
126, -2, 0
125, -1, 0
127, -1, 0
122, -2, 0
126, -1, 0
125, -2, 0
125, -1, 0
124, -2, 0
127, -1, 0
127, -2, 0
122, -1, 0
126, -2, 1
126, -2, 0
127, -1, 0
123, -2, 0
128, -1, 0
124, -2, 0
121, -1, 0
136, -2, 0
116, -1, 0
123, -2, 0
125, -2, 0
125, -2, 0
128, -1, 0
123, -2, 0
123, -1, 0
126, -2, 0
124, -2, 0
137, -2, 0
121, -1, 0
120, -2, 1
122, -2, 0
124, -2, 0
127, -1, 0
124, -2, 0
124, -2, 0
125, -1, 0
126, -2, 0
124, -2, 0
125, -2, 0
126, -1, 0
123, -2, 0
125, -2, 0
126, -2, 0
124, -1, 1
125, -3, 0
125, -1, 0
125, -2, 0
126, -2, 0
124, -2, 0
125, -2, 0
125, -2, 0
125, -1, 0
126, -2, 0
124, -2, 0
130, -2, 0
121, -2, 1
123, -2, 0
128, -2, 0
123, -2, 0
125, -2, 0
125, -2, 0
125, -2, 0
125, -2, 0
126, -1, 0
133, -3, 1
117, -1, 0
124, -3, 0
126, -1, 0
124, -3, 0
126, -1, 0
124, -3, 0
125, -1, 0
125, -2, 0
126, -2, 0
124, -2, 0
126, -3, 1
123, -1, 0
145, -3, 0
106, -1, 0
127, -3, 0
124, -2, 0
125, -2, 0
126, -2, 0
126, -2, 1
127, -2, 0
123, -2, 0
125, -2, 0
124, -3, 0
124, -1, 0
124, -3, 0
128, -1, 1
126, -3, 0
122, -2, 0
128, -2, 0
124, -2, 0
126, -3, 0
126, -1, 0
127, -3, 0
125, -1, 1
120, -3, 0
125, -2, 0
133, -2, 0
118, -2, 0
131, -3, 0
121, -2, 1
123, -2, 0
125, -2, 0
125, -3, 0
124, -1, 0
126, -3, 0
126, -2, 0
123, -1, 0
124, -3, 1
128, -2, 0
124, -3, 0
128, -1, 0
122, -3, 0
123, -2, 0
127, -2, 1
124, -2, 0
125, -3, 0
125, -1, 0
125, -3, 0
124, -2, 0
125, -3, 1
126, -2, 0
124, -2, 0
126, -2, 0
124, -3, 0
124, -2, 0
126, -2, 0
126, -2, 1
125, -3, 0
125, -1, 0
125, -3, 0
127, -2, 0
122, -3, 0
126, -2, 1
134, -2, 0
116, -2, 0
126, -3, 0
123, -2, 0
125, -2, 0
126, -2, 1
133, -3, 0
117, -2, 0
125, -2, 0
126, -2, 0
124, -3, 0
124, -2, 0
126, -2, 1
126, -2, 0
125, -2, 0
125, -3, 0
123, -2, 0
125, -2, 0
126, -2, 0
124, -3, 1
125, -2, 0
126, -2, 0
125, -2, 0
133, -3, 0
126, -2, 1
116, -2, 0
126, -2, 0
123, -3, 0
127, -2, 0
125, -3, 0
130, -1, 0
119, -3, 1
123, -2, 0
126, -3, 0
125, -2, 0
124, -2, 0
125, -2, 0
126, -3, 0
124, -2, 1
126, -2, 0
124, -2, 0
126, -3, 0
124, -2, 0
125, -2, 0
125, -2, 1
126, -3, 0
132, -2, 0
116, -2, 0
125, -2, 0
125, -3, 0
125, -2, 0
125, -2, 1
125, -2, 0
126, -2, 0
126, -3, 0
124, -2, 0
126, -2, 0
124, -2, 0
125, -3, 0
125, -2, 1
127, -2, 0
126, -2, 0
122, -3, 0
125, -2, 0
125, -3, 0
125, -1, 0
125, -3, 0
125, -2, 1
125, -3, 0
127, -1, 0
123, -3, 0
125, -2, 0
125, -3, 0
131, -1, 0
126, -3, 0
123, -2, 0
123, -3, 1
125, -1, 0
126, -3, 0
125, -2, 0
124, -2, 0
127, -2, 0
124, -3, 0
124, -1, 0
127, -3, 0
124, -2, 0
150, -2, 0
101, -2, 0
124, -3, 1
123, -2, 0
125, -2, 0
125, -2, 0
125, -2, 0
125, -3, 0
124, -1, 0
126, -3, 0
125, -2, 0
128, -2, 0
122, -2, 0
124, -3, 0
127, -1, 0
126, -3, 1
124, -2, 0
124, -2, 0
126, -2, 0
130, -2, 0
122, -2, 0
122, -3, 0
124, -1, 0
126, -3, 0
126, -2, 0
125, -2, 0
124, -2, 0
125, -3, 0
124, -1, 0
126, -3, 0
125, -1, 0
126, -3, 0
123, -2, 0
126, -2, 0
128, -2, 0
120, -2, 0
125, -2, 0
125, -2, 0
125, -2, 0
126, -3, 0
123, -1, 0
125, -3, 0
128, -1, 0
125, -3, 0
139, -1, 0
122, -3, 0
119, -1, 0
122, -2, 0
123, -2, 0
126, -2, 0
124, -2, 0
125, -2, 0
123, -2, 0
126, -2, 0
126, -2, 0
125, -2, 0
124, -2, 0
125, -2, 0
126, -2, 0
125, -2, 0
126, -2, 0
124, -1, 0
125, -3, 0
128, -1, 0
125, -3, 0
123, -1, 0
128, -2, 0
123, -2, 0
122, -2, 0
126, -2, 0
136, -2, 0
118, -1, 0
121, -2, 0
128, -2, 0
125, -2, 0
122, -2, 0
125, -2, 0
125, -1, 0
124, -2, 0
128, -2, 0
133, -2, 0
122, -1, 0
121, -3, 0
131, -1, 0
121, -2, 0
122, -2, 0
124, -2, 0
127, -1, 0
122, -1, 0
125, -2, 0
125, -2, 0
125, -2, 0
125, -1, 0
125, -2, 0
124, -2, 0
128, -2, 0
126, -1, 0
121, -2, 0
125, -1, 0
126, -2, 0
125, -1, 0
124, -2, 0
125, -2, 0
125, -1, 0
124, -2, 0
125, -2, 0
145, -1, 0
123, -2, 0
110, -1, 0
128, -2, 0
122, -1, 0
124, -2, 0
130, -1, 0
124, -2, -1
127, -1, 0
122, -2, 0
124, -1, 0
126, -2, 0
124, -1, 0
124, -2, 0
123, -1, 0
124, -1, 0
126, -1, 0
124, -2, 0
131, -1, 0
122, -2, 0
123, -1, 0
127, -1, 0
124, -2, 0
123, -1, 0
136, -1, 0
121, -1, 0
125, -2, 0
123, -1, -1
125, -1, 0
135, -1, 0
117, -2, 0
125, -1, 0
122, -1, 0
124, -1, 0
124, -2, 0
144, -1, 0
114, -1, 0
123, -1, 0
125, -1, 0
119, -1, 0
127, -2, 0
127, -1, 0
124, -1, -1
125, -1, 0
125, -1, 0
123, -1, 0
124, -1, 0
128, -1, 0
123, -1, 0
131, -1, 0
119, -1, 0
124, -1, 0
125, -1, 0
127, -1, 0
137, -1, -1
113, -1, 0
122, -1, 0
125, -1, 0
125, -1, 0
124, -1, 0
257, -2, 0
245, -1, 0
124, -1, 0
126, -1, 0
127, -1, 0
126, -1, 0
123, 0, -1
124, -1, 0
123, -1, 0
125, -1, 0
252, -1, 0
125, -1, 0
124, -1, 0
250, -1, 0
124, -1, 0
127, -1, 0
255, -1, 0
119, 0, -1
125, -1, 0
125, -1, 0
125, -1, 0
250, -1, 0
251, -1, 0
124, -1, 0
251, -1, 0
248, -1, 0
251, -1, -1
261, -1, 0
239, -1, 0
252, -1, 0
373, -1, 0
377, -1, 0
123, 0, -1
124, -1, 0
500, -1, 0
249, -1, 0
502, -1, 0
499, 0, -1
126, -1, 0
874, -1, 0
1379, 0, -1
3659, 1, 0
867, 1, 0
603, 1, 0
623, 1, 0
622, 1, 0
374, 1, 0
505, 1, 0
496, 1, 0
375, 1, 0
247, 0, 1
131, 1, 0
369, 1, 0
379, 1, 0
372, 1, 0
249, 1, 0
375, 1, 1
250, 1, 0
374, 1, 0
254, 1, 0
247, 1, 0
375, 1, 0
249, 1, 0
251, 1, 1
250, 1, 0
250, 1, 0
249, 1, 0
250, 1, 0
250, 1, 0
251, 1, 0
248, 1, 0
250, 1, 0
126, 0, 1
125, 1, 0
125, 1, 0
249, 1, 0
250, 1, 0
250, 1, 0
126, 1, 0
251, 1, 0
249, 1, 0
125, 1, 0
249, 1, 0
250, 1, 0
127, 1, 0
250, 1, 0
125, 1, 0
250, 1, 0
250, 1, 0
126, 1, 0
251, 1, 0
125, 1, 0
251, 1, 0
127, 1, 0
249, 1, 0
131, 1, 0
241, 1, 0
124, 1, 0
252, 1, 0
126, 1, 0
250, 1, 0
125, 1, 0
251, 1, 0
123, 1, 0
124, 1, 0
250, 1, 0
249, 1, 0
125, 1, 0
125, 1, 0
250, 1, 0
126, 1, 0
249, 1, 0
125, 1, 0
254, 1, 0
122, 1, 0
253, 1, 0
127, 1, 0
246, 1, 0
125, 1, 0
252, 1, 0
126, 1, 0
122, 1, 0
249, 1, 0
125, 1, 0
125, 0, -1
125, 1, 0
136, 1, 0
238, 1, 0
127, 1, 0
253, 1, 0
122, 1, 0
249, 1, 0
126, 1, 0
251, 1, 0
124, 1, -1
250, 1, 0
124, 1, 0
125, 1, 0
250, 1, 0
251, 1, 0
125, 1, 0
125, 0, -1
125, 1, 0
250, 1, 0
139, 1, 0
235, 1, 0
125, 1, 0
249, 1, 0
250, 1, 0
125, 1, 0
126, 0, -1
124, 1, 0
250, 1, 0
126, 1, 0
249, 1, 0
250, 1, 0
125, 1, 0
250, 1, -1
249, 1, 0
125, 1, 0
250, 1, 0
254, 1, 0
247, 1, 0
125, 0, -1
126, 1, 0
249, 1, 0
373, 1, 0
251, 1, 0
250, 1, 0
249, 1, 0
126, 0, -1
125, 1, 0
249, 1, 0
407, 1, 0
220, 1, 0
383, 1, -1
245, 1, 0
374, 1, 0
376, 1, 0
511, 1, 0
117, 0, -1
246, 1, 0
500, 1, 0
374, 1, 0
628, 1, -1
623, 1, 0
877, 1, 0
1264, 1, -1
7249, -1, 0
738, 0, -1
998, -1, 0
999, -1, 0
1001, -1, -1
883, -1, 0
870, -1, 0
622, -1, -1
780, -1, 0
498, -1, 0
598, -1, 0
248, 0, -1
375, -1, 0
499, -1, 0
500, -1, 0
502, -1, 0
252, 0, -1
124, -1, 0
501, -1, 0
501, -1, 0
377, -1, 0
499, -1, 0
245, 0, -1
126, -1, 0
395, -1, 0
483, -1, 0
242, -1, 0
378, -1, 0
390, -1, 0
109, 0, -1
255, -1, 0
397, -1, 0
225, -1, 0
385, -1, 0
366, -1, 0
275, -1, 0
347, -1, 0
375, -1, 0
377, -1, 0
127, 0, -1
123, -1, 0
248, -1, 0
501, -1, 0
250, -1, 0
254, -1, 0
373, -1, 0
248, -1, 0
378, -1, 0
247, -1, 0
377, -1, 0
246, -1, 0
377, -1, 0
252, -1, 0
122, 0, -1
126, -1, 0
375, -1, 0
375, -1, 0
252, -1, 0
374, -1, 0
248, -1, 0
378, -1, 0
405, -1, 0
218, -1, 0
375, -1, 0
405, -1, 0
94, 0, -1
127, -1, 0
247, -1, 0
377, -1, 0
376, -1, 0
408, -1, 0
217, -1, 0
534, -1, 0
215, -1, 0
378, -1, 0
373, -1, -1
376, -1, 0
409, -1, 0
350, -1, 0
365, -1, 0
533, -1, 0
466, -1, 0
125, 0, -1
249, -1, 0
532, -1, 0
500, -1, 0
594, -1, 0
377, 0, -1
247, -1, 0
627, -1, 0
657, -1, 0
472, 0, -1
621, -1, 0
1523, -1, -1
2253, 0, -1
3246, 0, -1
1244, 1, 0
1002, 0, -1
621, 1, 0
875, 1, -1
622, 1, 0
888, 1, 0
107, 0, -1
497, 1, 0
503, 1, 0
382, 0, -1
239, 1, 0
376, 1, 0
507, 1, -1
367, 1, 0
375, 1, 0
380, 1, 0
128, 0, -1
239, 1, 0
250, 1, 0
385, 1, 0
243, 0, -1
125, 1, 0
253, 1, 0
250, 1, 0
122, 0, -1
129, 1, 0
246, 1, 0
374, 1, 0
127, 1, -1
248, 1, 0
248, 1, 0
253, 1, 0
125, 1, -1
250, 1, 0
249, 1, -1
249, 1, 0
126, 1, 0
249, 1, 0
125, 1, -1
253, 1, 0
248, 1, 0
127, 1, 0
126, 0, -1
124, 1, 0
125, 1, 0
248, 1, -1
128, 1, 0
124, 1, 0
250, 1, 0
126, 1, -1
124, 1, 0
250, 1, 0
125, 1, 0
121, 1, -1
126, 1, 0
252, 1, 0
125, 1, -1
124, 1, 0
249, 2, 0
128, 0, -1
123, 1, 0
125, 1, 0
131, 1, 0
120, 1, -1
124, 1, 0
249, 1, 0
126, 1, -1
124, 1, 0
126, 1, 0
125, 1, 0
124, 1, -1
126, 1, 0
123, 1, 0
126, 1, 0
126, 1, -1
124, 1, 0
126, 1, 0
125, 1, -1
135, 1, 0
129, 1, 0
111, 1, 0
126, 1, -1
123, 1, 0
124, 1, 0
127, 1, 0
124, 1, 0
126, 1, -1
126, 1, 0
126, 1, 0
124, 1, -1
124, 2, 0
250, 2, 0
124, 1, -1
125, 1, 0
125, 1, 0
126, 1, -1
137, 1, 0
113, 2, 0
126, 1, 0
126, 1, -1
124, 1, 0
126, 1, 0
124, 1, 0
126, 2, -1
124, 1, 0
125, 1, 0
124, 1, -1
124, 2, 0
124, 1, 0
128, 1, -1
123, 1, 0
124, 2, 0
126, 1, 0
125, 1, -1
134, 1, 0
117, 2, 0
124, 1, -1
124, 1, 0
126, 1, 0
124, 2, -1
125, 1, 0
126, 1, 0
124, 2, 0
133, 1, -1
116, 1, 0
128, 1, 0
123, 2, 0
129, 1, -1
125, 2, 0
123, 1, 0
131, 1, -1
133, 2, 0
114, 1, 0
124, 1, 0
124, 2, -1
127, 1, 0
122, 2, 0
125, 1, -1
127, 1, 0
124, 1, 0
135, 2, 0
115, 1, -1
124, 2, 0
126, 1, 0
124, 2, -1
125, 1, 0
126, 2, 0
124, 1, 0
125, 2, -1
126, 1, 0
121, 1, 0
126, 2, 0
126, 1, -1
123, 2, 0
126, 1, 0
126, 2, -1
124, 1, 0
127, 2, 0
124, 1, 0
126, 2, -1
128, 1, 0
125, 2, 0
129, 1, 0
121, 2, -1
130, 1, 0
118, 2, 0
125, 1, 0
127, 2, -1
123, 1, 0
124, 2, 0
125, 1, 0
126, 2, -1
124, 2, 0
124, 1, 0
125, 2, 0
124, 1, -1
129, 2, 0
124, 1, 0
126, 2, 0
125, 2, -1
125, 1, 0
123, 2, 0
125, 1, 0
124, 2, -1
125, 2, 0
125, 1, 0
125, 2, 0
127, 2, 0
122, 1, -1
126, 2, 0
125, 1, 0
125, 3, 0
125, 1, -1
126, 2, 0
126, 1, 0
128, 2, 0
122, 1, 0
123, 2, -1
125, 2, 0
124, 1, 0
125, 2, 0
125, 1, -1
125, 2, 0
126, 2, 0
124, 2, 0
125, 1, 0
125, 2, -1
126, 2, 0
124, 2, 0
129, 1, 0
133, 2, 0
123, 1, -1
119, 2, 0
126, 2, 0
121, 2, -1
125, 1, 0
123, 2, 0
125, 2, 0
126, 2, 0
126, 1, 0
123, 2, -1
126, 2, 0
125, 2, 0
124, 1, 0
125, 2, 0
126, 1, 0
124, 3, -1
126, 1, 0
124, 2, 0
126, 1, 0
138, 2, -1
115, 2, 0
130, 2, 0
116, 1, 0
125, 2, 0
125, 2, 0
125, 2, -1
125, 1, 0
124, 2, 0
125, 2, 0
126, 1, 0
125, 2, 0
125, 2, 0
125, 2, 0
125, 1, -1
125, 3, 0
124, 1, 0
126, 2, 0
126, 1, 0
126, 3, -1
126, 1, 0
125, 2, 0
122, 1, 0
125, 3, 0
124, 1, 0
128, 2, 0
125, 2, -1
124, 2, 0
127, 1, 0
124, 2, 0
125, 2, 0
125, 2, 0
124, 1, -1
126, 3, 0
127, 1, 0
123, 2, 0
124, 2, 0
126, 2, 0
128, 1, 0
140, 2, -1
111, 2, 0
121, 2, 0
125, 1, 0
125, 2, 0
129, 2, 0
123, 2, 0
125, 2, -1
124, 1, 0
128, 2, 0
126, 1, 0
126, 3, 0
120, 1, 0
125, 2, -1
126, 2, 0
124, 2, 0
124, 1, 0
125, 3, 0
125, 1, 0
125, 2, 0
127, 2, -1
123, 2, 0
126, 1, 0
124, 2, 0
126, 2, 0
125, 2, 0
129, 1, 0
121, 3, -1
125, 1, 0
126, 2, 0
126, 2, 0
139, 2, 0
108, 1, 0
124, 2, -1
126, 2, 0
125, 2, 0
124, 1, 0
126, 3, 0
128, 1, 0
121, 2, -1
125, 2, 0
125, 2, 0
125, 1, 0
125, 1, 0
124, 3, 0
126, 1, -1
125, 2, 0
125, 2, 0
125, 2, 0
125, 1, 0
125, 2, 0
125, 2, -1
125, 2, 0
126, 1, 0
126, 2, 0
124, 2, 0
124, 2, -1
125, 1, 0
129, 2, 0
122, 2, 0
126, 2, 0
124, 1, -1
125, 2, 0
124, 2, 0
126, 2, 0
126, 1, 0
124, 2, -1
124, 2, 0
125, 2, 0
127, 1, 0
126, 2, 0
126, 1, -1
123, 2, 0
124, 2, 0
136, 2, 0
122, 1, 0
121, 2, -1
121, 1, 0
125, 2, 0
122, 2, 0
126, 2, 0
125, 1, -1
125, 1, 0
125, 2, 0
126, 2, 0
125, 2, 0
125, 1, -1
124, 2, 0
126, 1, 0
124, 2, 0
125, 1, -1
125, 2, 0
125, 1, 0
125, 2, 0
126, 2, 0
129, 2, -1
131, 1, 0
120, 2, 0
122, 1, 0
124, 2, -1
123, 1, 0
125, 2, 0
125, 1, 0
126, 2, 0
125, 1, -1
124, 2, 0
125, 1, 0
125, 2, 0
126, 1, 0
125, 2, -1
129, 1, 0
129, 1, 0
117, 2, 0
125, 1, -1
126, 1, 0
123, 2, 0
125, 1, 0
126, 2, 0
125, 1, -1
124, 2, 0
124, 1, 0
126, 2, 0
135, 1, -1
116, 1, 0
126, 1, 0
125, 1, 0
126, 2, 0
123, 1, -1
125, 2, 0
251, 2, 0
124, 1, 0
125, 1, -1
127, 1, 0
124, 2, 0
125, 1, 0
125, 1, 0
126, 1, -1
129, 2, 0
125, 1, 0
125, 1, 0
129, 1, -1
121, 1, 0
123, 1, 0
129, 2, 0
256, 2, -1
112, 1, 0
126, 1, 0
133, 1, 0
119, 1, 0
129, 1, -1
119, 1, 0
124, 1, 0
126, 1, 0
125, 1, 0
125, 1, 0
125, 1, -1
126, 1, 0
125, 1, 0
248, 1, 0
124, 1, 0
125, 1, -1
128, 1, 0
125, 1, 0
123, 1, 0
125, 1, 0
250, 2, -1
248, 1, 0
126, 1, 0
126, 1, 0
249, 1, 0
126, 1, 0
124, 1, -1
251, 1, 0
124, 1, 0
250, 1, 0
127, 1, 0
250, 1, -1
247, 1, 0
254, 1, 0
124, 1, 0
249, 1, 0
251, 1, 0
125, 0, -1
248, 1, 0
250, 1, 0
250, 1, 0
376, 1, 0
511, 1, -1
240, 1, 0
623, 1, 0
1001, 1, 0
3637, 0, -1
240, -1, 0
874, -1, 0
1010, -1, 0
749, -1, 0
496, -1, 0
507, -1, 0
247, 0, -1
241, -1, 0
501, -1, 0
375, -1, 0
502, -1, 0
251, -1, 0
371, -1, 0
126, 0, -1
249, -1, 0
250, -1, 0
377, -1, 0
246, -1, 0
250, -1, 0
251, -1, 0
376, -1, 0
249, -1, 0
250, -1, -1
126, -1, 0
251, -1, 0
248, -1, 0
249, -1, 0
250, -1, 0
126, -1, 0
249, -1, 0
128, -1, 0
249, -1, 0
265, -1, 0
115, -1, 0
244, -1, 0
125, -1, 0
127, -1, 0
248, -1, 0
124, -1, 0
126, 0, -1
133, -1, 0
117, -1, 0
125, -1, 0
249, -1, 0
125, -1, 0
125, -1, 0
126, -1, 0
125, -1, 0
249, -1, 0
126, -1, 0
127, -1, 0
121, -1, 0
128, -1, 0
124, -1, 0
249, -1, 0
124, -1, 0
125, -1, 0
125, -1, 0
126, -1, 0
124, -1, 0
126, -1, 0
125, -1, 0
124, -1, 0
125, -1, 0
127, -1, 0
124, -1, 0
124, -1, 0
125, -1, 0
126, -1, 0
124, -1, 0
125, -2, 0
125, -1, 0
125, -1, 0
125, -1, 0
125, -1, 0
125, -1, 0
126, -1, 0
138, -1, 0
112, -2, 0
250, -2, 0
126, -1, 0
125, -1, 0
124, -1, 0
127, -2, 0
250, -2, 0
126, -1, 0
122, -1, 0
128, -2, 0
124, -1, 0
145, -1, 0
104, -1, 0
124, -2, 0
125, -1, 0
125, -1, 0
127, -1, 0
127, -2, 0
124, -1, 1
124, -1, 0
127, -1, 0
122, -2, 0
126, -1, 0
124, -2, 0
124, -1, 0
127, -2, 0
124, -1, 0
125, -1, 0
125, -1, 0
124, -2, 0
125, -1, 1
125, -2, 0
126, -1, 0
125, -2, 0
125, -1, 0
126, -2, 0
127, -1, 0
130, -2, 0
117, -1, 1
125, -2, 0
125, -1, 0
125, -2, 0
125, -1, 0
125, -2, 0
126, -1, 0
125, -2, 0
124, -1, 1
124, -2, 0
126, -1, 0
126, -2, 0
124, -1, 0
125, -2, 0
125, -2, 0
125, -1, 0
125, -2, 1
125, -1, 0
124, -2, 0
126, -1, 0
125, -2, 0
125, -2, 1
125, -2, 0
125, -1, 0
125, -2, 0
125, -1, 0
126, -2, 0
124, -2, 1
124, -2, 0
126, -1, 0
125, -2, 0
125, -1, 0
125, -2, 1
124, -2, 0
125, -2, 0
126, -1, 0
125, -2, 0
125, -2, 1
125, -2, 0
124, -1, 0
125, -2, 0
126, -2, 0
136, -2, 1
122, -1, 0
116, -2, 0
125, -2, 0
126, -2, 1
124, -1, 0
126, -2, 0
124, -2, 0
125, -1, 0
125, -2, 1
125, -2, 0
126, -2, 0
125, -1, 0
125, -3, 1
124, -1, 0
125, -2, 0
125, -2, 0
125, -2, 0
125, -1, 1
125, -2, 0
126, -2, 0
124, -2, 0
125, -2, 1
125, -2, 0
125, -2, 0
125, -2, 0
125, -1, 0
125, -3, 1
128, -1, 0
123, -2, 0
124, -2, 1
125, -2, 0
125, -2, 0
125, -2, 0
125, -2, 1
125, -2, 0
127, -2, 0
128, -2, 0
121, -1, 1
124, -3, 0
125, -1, 0
125, -3, 1
125, -1, 0
125, -2, 0
126, -2, 0
124, -2, 1
125, -2, 0
125, -2, 0
125, -2, 0
125, -1, 1
125, -3, 0
125, -1, 0
126, -3, 0
124, -1, 1
125, -3, 0
125, -1, 0
125, -3, 1
125, -1, 0
125, -2, 0
125, -2, 0
127, -2, 1
122, -2, 0
125, -2, 0
127, -2, 0
125, -2, 1
124, -2, 0
123, -2, 0
126, -2, 0
126, -2, 1
124, -2, 0
129, -2, 0
121, -2, 1
128, -2, 0
123, -2, 0
135, -2, 1
115, -2, 0
125, -2, 0
124, -2, 0
125, -2, 1
125, -2, 0
125, -3, 0
125, -1, 1
125, -3, 0
126, -1, 0
127, -2, 0
123, -2, 1
125, -2, 0
127, -2, 0
123, -2, 1
128, -2, 0
123, -2, 0
125, -2, 1
126, -2, 0
123, -2, 0
126, -2, 0
125, -2, 1
125, -2, 0
125, -3, 1
125, -1, 0
125, -2, 0
126, -2, 0
124, -2, 1
125, -2, 0
125, -3, 0
125, -1, 1
124, -3, 0
126, -1, 0
125, -3, 1
125, -1, 0
125, -3, 0
125, -1, 0
125, -3, 1
125, -1, 0
125, -3, 0
125, -1, 1
125, -3, 0
125, -1, 0
136, -3, 1
115, -1, 0
124, -3, 0
125, -1, 0
125, -3, 1
126, -1, 0
126, -2, 0
123, -2, 1
126, -2, 0
127, -2, 0
123, -2, 1
125, -2, 0
124, -2, 0
127, -2, 0
124, -2, 1
126, -2, 0
124, -2, 0
133, -2, 1
118, -2, 0
124, -2, 0
124, -2, 0
125, -2, 1
126, -2, 0
124, -2, 0
125, -1, 1
125, -3, 0
125, -1, 0
127, -3, 0
122, -1, 1
128, -3, 0
123, -1, 0
125, -2, 1
124, -2, 0
126, -2, 0
124, -2, 0
126, -2, 1
125, -2, 0
125, -2, 0
125, -1, 0
126, -3, 1
125, -1, 0
125, -3, 0
127, -1, 0
125, -2, 1
122, -2, 0
125, -2, 0
126, -2, 0
124, -1, 0
124, -2, 1
126, -2, 0
124, -2, 0
125, -1, 0
125, -3, 1
125, -1, 0
126, -2, 0
125, -2, 0
126, -2, 1
125, -1, 0
123, -3, 0
124, -1, 0
126, -2, 0
130, -2, 1
125, -2, 0
123, -1, 0
132, -3, 0
120, -1, 1
120, -2, 0
124, -1, 0
126, -2, 0
126, -2, 0
124, -2, 1
126, -2, 0
125, -1, 0
124, -2, 0
126, -2, 0
126, -1, 1
128, -3, 0
121, -1, 0
124, -2, 0
125, -1, 0
134, -2, 0
116, -2, 1
125, -2, 0
124, -1, 0
125, -2, 0
125, -2, 0
126, -1, 0
126, -2, 1
125, -1, 0
125, -2, 0
125, -1, 0
125, -2, 0
125, -2, 1
125, -1, 0
125, -2, 0
126, -2, 0
124, -1, 0
125, -2, 0
128, -1, 0
126, -2, 1
122, -1, 0
125, -2, 0
125, -1, 0
126, -2, 0
123, -1, 1
125, -2, 0
125, -1, 0
128, -2, 0
122, -2, 0
125, -1, 0
124, -2, 0
127, -1, 0
124, -2, 1
125, -1, 0
125, -2, 0
125, -1, 0
125, -1, 0
125, -2, 0
124, -1, 0
128, -2, 1
124, -1, 0
125, -2, 0
125, -1, 0
124, -1, 0
125, -2, 0
124, -1, 0
126, -1, 0
127, -2, 0
123, -1, 0
126, -1, 1
124, -2, 0
126, -1, 0
126, -2, 0
124, -1, 0
125, -1, 0
126, -1, 0
122, -2, 0
126, -1, 0
125, -1, 0
125, -1, 1
125, -2, 0
125, -1, 0
125, -1, 0
126, -1, 0
124, -2, 0
125, -1, 0
125, -1, 0
127, -1, 0
123, -2, 0
125, -1, 0
133, -1, 0
124, -1, 0
117, -1, 0
131, -1, 0
120, -2, 0
249, -2, 0
126, -1, 0
125, -1, 0
125, -1, 0
133, -1, 0
117, -1, 0
124, -1, 0
125, -1, 0
125, -1, 0
126, -1, 0
125, -1, 0
125, -1, 1
124, -1, 0
125, -1, 0
125, -1, 0
125, -1, 0
125, -1, 0
127, -1, 0
123, -1, 0
125, -1, 0
250, -2, 0
249, -1, 0
125, -1, 0
125, -1, 0
125, -1, 0
126, -1, 0
124, -1, 0
125, -1, 0
250, -1, -1
126, -1, 0
124, -1, 0
125, -1, 0
125, -1, 0
249, -1, 0
126, -1, 0
127, -1, 0
250, -1, 0
123, -1, -1
250, -1, 0
127, -1, 0
125, -1, 0
249, -1, 0
125, -1, -1
251, -1, 0
125, -1, 0
252, -1, 0
248, -1, -1
125, -1, 0
250, -1, 0
125, -1, 0
125, 0, -1
124, -1, 0
250, -1, 0
250, -1, -1
250, -1, 0
250, -1, -1
250, -1, 0
250, -1, 0
126, 0, -1
124, -1, 0
250, -1, 0
126, 0, -1
250, -1, 0
252, -1, -1
248, -1, 0
250, 0, -1
125, -1, 0
249, 0, -1
126, -1, 0
249, -1, 0
125, 0, -1
376, -1, 0
125, 0, -1
249, -1, 0
125, 0, -1
250, -1, 0
251, 0, -1
249, -1, 0
125, 0, -1
375, 0, -1
125, -1, 0
376, 0, -1
124, -1, 0
250, 0, -1
380, 0, -1
247, -1, 0
124, 0, -1
383, 0, -1
367, 0, -1
125, -1, 0
249, 0, -1
377, 0, -1
250, 0, -1
373, 0, -1
376, -1, -1
249, 0, -1
378, 0, -1
375, 0, -1
251, 0, -1
377, 0, -1
248, 0, -1
376, 0, -1
255, 0, -1
245, 0, -1
375, 0, -1
248, 0, -1
250, 1, -1
375, 0, -1
251, 0, -1
252, 0, -1
124, 1, 0
250, 0, -1
251, 0, -1
248, 1, -1
247, 0, -1
378, 0, -1
125, 1, 0
124, 0, -1
250, 0, -1
125, 1, 0
130, 0, -1
246, 0, -1
126, 0, -1
123, 1, 0
249, 0, -1
249, 1, -1
251, 0, -1
124, 1, 0
124, 0, -1
252, 1, -1
248, 0, -1
125, 0, -1
128, 1, 0
125, 0, -1
252, 1, -1
251, 0, -1
124, 1, 0
124, 0, -1
253, 1, -1
251, 1, -1
246, 1, -1
125, 0, -1
249, 1, -1
254, 0, -1
122, 1, 0
125, 0, -1
128, 1, 0
121, 0, -1
125, 1, -1
249, 1, -1
252, 1, -1
256, 0, -1
118, 1, -1
254, 1, -1
121, 1, 0
126, 0, -1
126, 0, -1
124, 1, 0
124, 0, -1
126, 1, 0
124, 0, -1
128, 1, 0
125, 0, -1
124, 1, -1
124, 1, 0
124, 0, -1
131, 1, 0
122, 0, -1
124, 1, -1
126, 1, 0
124, 0, -1
124, 1, 0
126, 0, -1
123, 1, -1
253, 1, -1
124, 1, 0
124, 0, -1
124, 1, -1
250, 1, -1
126, 1, -1
250, 1, -1
128, 1, 0
124, 0, -1
125, 1, -1
126, 1, 0
125, 0, -1
123, 1, -1
133, 1, 0
118, 0, -1
128, 1, 0
119, 1, -1
128, 0, -1
136, 1, 0
111, 1, -1
251, 1, -1
125, 1, -1
124, 1, 0
126, 0, -1
127, 1, -1
124, 1, 0
125, 0, -1
123, 1, 0
127, 1, -1
125, 0, -1
126, 1, -1
124, 1, 0
124, 1, -1
250, 1, -1
137, 1, -1
112, 1, 0
128, 0, -1
124, 1, -1
125, 1, 0
124, 1, -1
126, 1, -1
125, 1, 0
121, 0, -1
125, 1, -1
130, 1, 0
122, 1, -1
252, 1, -1
124, 1, -1
127, 1, -1
130, 1, 0
244, 1, -1
125, 1, -1
124, 1, -1
252, 1, -1
125, 1, 0
122, 1, -1
126, 1, -1
126, 1, -1
249, 1, -1
127, 1, 0
120, 1, -1
127, 1, -1
127, 1, 0
124, 0, -1
125, 1, -1
124, 1, 0
124, 1, -1
125, 1, -1
125, 1, -1
253, 1, -1
126, 1, 0
126, 1, -1
124, 1, -1
125, 1, -1
124, 1, 0
125, 1, -1
251, 1, -1
124, 1, -1
125, 1, 0
125, 1, -1
125, 0, -1
125, 2, -1
249, 1, -1
125, 1, 0
126, 1, -1
124, 1, -1
124, 1, 0
125, 0, -1
125, 2, -1
250, 1, -1
126, 1, -1
125, 1, 0
126, 1, -1
124, 1, -1
263, 1, -1
111, 1, -1
124, 1, 0
124, 1, -1
126, 1, -1
124, 1, 0
125, 1, -1
125, 0, -1
127, 1, 0
126, 1, -1
124, 1, -1
123, 1, 0
126, 1, -1
125, 0, -1
124, 2, 0
125, 0, -1
125, 1, 0
138, 1, -1
120, 0, -1
117, 2, 0
126, 0, -1
124, 1, -1
125, 1, 0
125, 1, -1
125, 1, -1
125, 1, 0
126, 0, -1
128, 1, -1
122, 1, 0
125, 1, -1
124, 1, -1
125, 1, 0
125, 0, -1
125, 1, -1
126, 1, 0
124, 1, -1
250, 2, -1
125, 0, -1
125, 1, -1
125, 1, 0
125, 1, -1
249, 1, -1
126, 1, -1
125, 1, 0
126, 0, -1
124, 1, -1
126, 1, 0
124, 1, -1
126, 1, 0
124, 0, -1
125, 1, -1
125, 1, -1
126, 1, 0
124, 0, -1
125, 1, 0
125, 1, -1
126, 1, -1
249, 1, -1
125, 1, -1
250, 1, -1
125, 1, -1
125, 1, 0
126, 0, -1
124, 1, 0
125, 1, -1
125, 0, -1
125, 1, 0
125, 1, -1
249, 1, -1
127, 1, -1
248, 1, -1
126, 1, 0
126, 0, -1
125, 1, -1
127, 1, 0
128, 0, -1
120, 1, -1
249, 1, -1
125, 1, 0
125, 1, -1
250, 1, -1
126, 0, -1
126, 1, 0
123, 0, -1
127, 1, 0
123, 0, -1
125, 1, 0
125, 1, -1
125, 0, -1
125, 1, 0
126, 0, -1
124, 1, 0
125, 0, -1
125, 1, 0
125, 0, -1
125, 1, -1
249, 1, -1
257, 1, -1
245, 1, -1
249, 1, -1
249, 1, -1
251, 1, -1
252, 1, -1
247, 0, -1
125, 1, 0
251, 0, -1
124, 1, 0
125, 0, -1
135, 1, 0
118, 0, -1
126, 1, 0
124, 0, -1
250, 1, 0
123, 0, -1
249, 1, -1
447, 1, -1
179, 0, -1
249, 1, 0
126, 0, -1
249, 1, -1
418, 1, -1
207, 0, -1
258, 1, 0
243, 0, -1
374, 1, -1
400, 0, -1
100, 1, 0
250, 0, -1
500, 0, -1
126, 1, 0
400, 0, -1
474, 0, -1
126, 1, 0
401, 0, -1
499, 0, -1
376, 1, 0
224, 0, -1
628, 0, -1
872, 0, -1
1026, 0, -1
847, 0, -1
1317, 0, -1
1696, 0, -1
242, -1, 0
1128, 0, -1
1624, -1, 0
121, 0, -1
1761, -1, -1
1874, -1, -1
2041, -1, -1
1950, -1, 0
528, 0, -1
1501, -1, 0
2398, 0, -1
196, -1, 0
29078, 1, 0
826, 0, 1
349, 1, 0
1253, 1, 0
249, 0, 1
747, 1, 0
752, 0, 1
123, 1, 0
879, 1, 0
371, 0, 1
630, 1, 0
508, 1, 1
770, 1, 0
465, 0, 1
126, 1, 0
657, 1, 0
219, 0, 1
251, 1, 0
623, 1, 0
125, 0, 1
375, 1, 0
501, 1, 0
249, 0, 1
387, 1, 0
362, 1, 0
126, 0, 1
406, 1, 0
468, 1, 1
534, 1, 0
342, 1, 0
127, 0, 1
375, 1, 0
372, 1, 1
375, 1, 0
376, 0, 1
126, 1, 0
376, 1, 0
374, 1, 1
373, 1, 0
376, 1, 0
125, 0, 1
375, 1, 0
249, 1, 1
503, 1, 0
249, 1, 1
375, 1, 0
249, 0, 1
126, 1, 0
374, 1, 0
375, 1, 0
126, 0, 1
252, 1, 0
372, 1, 1
375, 1, 0
374, 1, 1
251, 1, 0
375, 1, 0
125, 0, 1
249, 1, 0
252, 1, 0
248, 0, 1
126, 1, 0
376, 1, 0
124, 0, 1
124, 1, 0
375, 1, 0
250, 0, 1
126, 1, 0
376, 1, 0
124, 0, 1
252, 1, 0
247, 1, 0
376, 1, 1
252, 1, 0
414, 1, 1
334, 1, 0
249, 1, 0
126, 0, 1
249, 1, 0
375, 1, 0
126, 0, 1
259, 1, 0
240, 1, 0
126, 0, 1
249, 1, 0
408, 1, 1
343, 1, 0
249, 1, 0
250, 1, 1
500, 1, 0
124, 0, 1
127, 1, 0
249, 1, 0
405, 0, 1
95, 1, 0
376, 1, 0
124, 0, 1
128, 1, 0
375, 1, 0
249, 0, 1
136, 1, 0
361, 1, 0
255, 1, 1
375, 1, 0
373, 1, 1
374, 1, 0
374, 1, 1
375, 1, 0
380, 1, 1
375, 1, 0
246, 0, 1
125, 1, 0
375, 1, 0
379, 1, 1
374, 1, 0
373, 1, 1
376, 1, 0
499, 1, 1
381, 1, 0
369, 1, 0
125, 0, 1
374, 1, 0
376, 1, 1
499, 1, 0
374, 0, 1
126, 1, 0
374, 1, 0
375, 1, 0
126, 0, 1
375, 1, 0
375, 1, 0
125, 0, 1
499, 1, 0
500, 1, 1
383, 1, 0
617, 1, 0
127, 0, 1
374, 1, 0
500, 1, 0
374, 0, 1
251, 1, 0
624, 1, 0
375, 0, 1
126, 1, 0
624, 1, 0
501, 0, 1
250, 1, 0
624, 1, 0
750, 1, 1
751, 1, 0
752, 1, 0
499, 0, 1
374, 1, 0
875, 1, 0
876, 1, 0
248, 0, 1
1001, 1, 0
1266, 1, 0
1491, 1, 0
2177, 0, 1
691, 1, 0
15333, 0, -1
436, -1, 0
2381, -1, -1
1778, -1, 0
501, 0, -1
1002, -1, 0
998, 0, -1
383, -1, 0
965, -1, 0
616, 0, -1
546, -1, 0
946, -1, 0
250, 0, -1
913, -1, 0
840, -1, 0
124, 0, -1
658, -1, 0
530, 0, -1
313, -1, 0
787, -1, 0
498, 0, -1
225, -1, 0
727, -1, 0
525, 0, -1
101, -1, 0
632, -1, 0
367, 0, -1
402, -1, 0
598, -1, 0
376, 0, -1
125, -1, 0
502, -1, 0
498, 0, -1
125, -1, 0
630, -1, 0
528, -1, 0
92, 0, -1
375, -1, 0
668, -1, -1
331, -1, 0
532, -1, 0
343, -1, 0
127, 0, -1
372, -1, 0
501, -1, 0
376, 0, -1
125, -1, 0
556, -1, 0
318, -1, 0
125, 0, -1
414, -1, 0
210, -1, 0
503, -1, 0
123, 0, -1
250, -1, 0
376, -1, 0
502, -1, 0
124, 0, -1
249, -1, 0
376, -1, 0
499, -1, 0
249, -1, -1
533, -1, 0
342, -1, 0
250, 0, -1
125, -1, 0
436, -1, 0
314, -1, 0
250, 0, -1
125, -1, 0
407, -1, 0
343, -1, 0
408, -1, 0
92, 0, -1
256, -1, 0
369, -1, 0
407, -1, 0
94, 0, -1
125, -1, 0
500, -1, 0
411, -1, 0
88, 0, -1
249, -1, 0
406, -1, 0
219, -1, 0
375, -1, 0
406, -1, -1
346, -1, 0
382, -1, 0
370, -1, -1
252, -1, 0
372, -1, 0
527, -1, 0
97, 0, -1
125, -1, 0
384, -1, 0
366, -1, 0
249, -1, 0
125, 0, -1
252, -1, 0
374, -1, 0
374, -1, 0
250, 0, -1
126, -1, 0
249, -1, 0
375, -1, 0
404, -1, 0
97, 0, -1
248, -1, 0
376, -1, 0
375, -1, -1
426, -1, 0
377, -1, 0
322, -1, -1
250, -1, 0
375, -1, 0
403, -1, 0
99, 0, -1
248, -1, 0
407, -1, 0
218, -1, -1
531, -1, 0
347, -1, 0
373, -1, -1
374, -1, 0
403, -1, 0
222, 0, -1
125, -1, 0
383, -1, 0
368, -1, 0
124, 0, -1
249, -1, 0
501, -1, 0
528, -1, -1
403, -1, 0
345, -1, 0
223, 0, -1
251, -1, 0
375, -1, 0
527, -1, -1
348, -1, 0
535, -1, 0
215, 0, -1
250, -1, 0
529, -1, 0
374, 0, -1
97, -1, 0
529, -1, 0
344, 0, -1
127, -1, 0
499, -1, 0
505, 0, -1
123, -1, 0
625, -1, 0
400, 0, -1
221, -1, 0
502, -1, 0
250, 0, -1
502, -1, 0
624, -1, 0
125, 0, -1
527, -1, 0
722, -1, -1
924, -1, 0
496, 0, -1
331, -1, 0
758, 0, -1
243, -1, 0
1136, -1, 0
114, 0, -1
1251, -1, 0
404, 0, -1
1006, -1, 0
619, 0, -1
1471, -1, 0
500, 0, -1
2806, 0, -1
567, -1, 0
3003, 0, -1
8449, 0, -1
10325, 0, -1
2625, 1, 0
6288, 0, -1
324, 1, 0
6544, 1, 0
4213, 1, 0
1410, 0, -1
2112, 1, 0
2609, 1, 0
2010, 1, 0
1614, 1, 0
1753, 1, 0
991, 1, 0
1253, 0, -1
136, 1, 0
1236, 1, 0
755, 1, 0
1007, 1, 0
861, 1, 0
881, 1, 0
622, 1, 0
752, 1, 0
618, 1, 0
623, 1, 0
625, 1, 0
626, 1, 0
499, 1, 0
502, 1, 0
518, 1, 0
495, 1, 0
244, 0, -1
123, 1, 0
634, 1, 0
368, 1, 0
499, 1, 0
500, 1, 0
384, 1, 0
371, 1, 0
360, 1, 0
373, 1, 0
499, 1, 0
250, 1, -1
489, 1, 0
253, 1, 0
376, 1, 0
374, 1, 0
375, 1, 0
376, 1, 0
376, 1, 0
247, 0, -1
125, 1, 0
376, 1, 0
257, 1, 0
370, 1, 0
248, 1, 0
375, 1, 0
251, 1, 0
374, 1, 0
249, 1, 0
126, 0, -1
249, 1, 0
251, 1, 0
250, 1, 0
376, 1, 0
374, 1, 0
251, 1, 0
251, 1, 0
247, 1, -1
376, 1, 0
249, 1, 0
249, 1, 0
251, 1, 0
251, 1, 0
376, 1, 0
124, 0, -1
125, 1, 0
249, 1, 0
254, 1, 0
250, 1, 0
246, 1, 0
375, 1, 0
126, 1, 0
402, 1, 0
221, 1, 0
126, 1, -1
400, 1, 0
225, 1, 0
249, 1, 0
250, 1, 0
126, 1, 0
250, 1, 0
250, 1, 0
249, 1, 0
250, 1, 0
251, 1, 0
252, 1, 0
250, 1, -1
249, 1, 0
248, 1, 0
125, 1, 0
249, 1, 0
250, 1, 0
250, 1, 0
252, 1, 0
124, 1, 0
249, 1, 0
250, 1, 0
251, 1, 0
251, 1, 0
125, 1, -1
251, 1, 0
249, 1, 0
249, 1, 0
126, 1, 0
249, 1, 0
251, 1, 0
125, 1, 0
249, 1, 0
251, 1, 0
256, 1, 0
119, 1, 0
251, 1, 0
248, 1, 0
126, 1, 0
250, 1, 0
250, 1, 0
126, 1, 0
124, 0, -1
125, 1, 0
125, 1, 0
249, 1, 0
250, 1, 0
251, 1, 0
125, 1, 0
249, 1, 0
126, 1, 0
249, 1, 0
251, 1, 0
125, 1, 0
249, 1, 0
126, 1, 0
249, 1, 0
252, 1, 0
124, 1, -1
250, 1, 0
125, 1, 0
251, 1, 0
126, 1, 0
250, 1, 0
248, 1, 0
125, 1, 0
249, 1, 0
127, 1, 0
248, 1, 0
251, 1, 0
125, 1, 0
126, 1, 0
249, 1, -1
249, 1, 0
126, 1, 0
250, 1, 0
124, 1, 0
251, 1, 0
251, 1, 0
125, 1, 0
248, 1, 0
127, 1, 0
248, 1, 0
125, 1, 0
125, 0, -1
125, 1, 0
250, 1, 0
125, 1, 0
125, 1, 0
249, 1, 0
250, 1, 0
127, 1, 0
250, 1, 0
126, 1, 0
249, 1, 0
250, 1, -1
126, 1, 0
248, 1, 0
251, 1, 0
125, 1, 0
249, 1, 0
126, 1, 0
250, 1, 0
125, 1, 0
249, 1, 0
125, 0, -1
130, 1, 0
248, 1, 0
126, 1, 0
123, 1, 0
375, 1, 0
128, 1, 0
246, 1, 0
250, 1, 0
126, 0, -1
125, 1, 0
124, 1, 0
249, 1, 0
252, 1, 0
125, 1, 0
254, 1, 0
253, 1, 0
117, 0, -1
125, 1, 0
126, 1, 0
249, 1, 0
250, 1, 0
251, 1, 0
251, 1, 0
250, 1, 0
123, 1, 0
126, 0, -1
124, 1, 0
250, 1, 0
250, 1, 0
250, 1, 0
249, 1, 0
250, 1, 0
251, 1, -1
250, 1, 0
251, 1, 0
250, 1, 0
251, 1, 0
252, 1, 0
246, 1, 0
252, 0, -1
124, 1, 0
250, 1, 0
249, 1, 0
250, 1, 0
378, 1, 0
248, 1, -1
248, 1, 0
376, 1, 0
250, 1, 0
379, 1, 0
245, 1, 0
250, 0, -1
126, 1, 0
402, 1, 0
347, 1, 0
250, 1, 0
499, 1, 0
261, 1, 0
242, 0, -1
249, 1, 0
376, 1, 0
528, 1, 0
348, 1, 0
499, 1, 0
125, 0, -1
374, 1, 0
625, 1, 0
625, 1, 0
126, 0, -1
658, 1, 0
890, 1, 0
954, 0, -1
123, 1, 0
2404, 1, 0
871, 0, -1
5287, -1, 0
62, 0, -1
1876, -1, 0
503, 0, -1
622, -1, 0
750, 0, -1
500, -1, 0
783, 0, -1
343, -1, 0
786, 0, -1
88, -1, 0
655, -1, 0
345, 0, -1
377, -1, 0
544, 0, -1
79, -1, 0
626, -1, 0
410, 0, -1
214, -1, 0
536, -1, 0
339, 0, -1
250, -1, 0
374, 0, -1
126, -1, 0
500, -1, 0
438, -1, 0
186, 0, -1
251, -1, 0
500, -1, 0
127, 0, -1
247, -1, 0
375, -1, 0
375, -1, -1
541, -1, 0
209, -1, 0
250, 0, -1
125, -1, 0
433, -1, 0
391, -1, 0
52, 0, -1
249, -1, 0
250, -1, 0
375, -1, 0
126, 0, -1
249, -1, 0
250, -1, 0
250, -1, 0
250, 0, -1
125, -1, 0
250, -1, 0
375, -1, 0
250, -1, 0
126, 0, -1
249, -1, 0
250, -1, 0
250, -1, 0
250, -1, -1
250, -1, 0
405, -1, 0
220, -1, 0
250, -1, 0
126, 0, -1
125, -1, 0
250, -1, 0
374, -1, 0
250, -1, 0
250, -1, -1
250, -1, 0
250, -1, 0
250, -1, 0
250, -1, -1
258, -1, 0
241, -1, 0
251, -1, 0
126, -1, 0
403, -1, 0
96, -1, 0
252, -1, -1
249, -1, 0
250, -1, 0
250, -1, 0
250, -1, 0
250, -1, 0
250, -1, 0
125, -1, -1
249, -1, 0
250, -1, 0
250, -1, 0
127, -1, 0
248, -1, 0
250, -1, 0
126, 0, -1
125, -1, 0
251, -1, 0
249, -1, 0
125, -1, 0
250, -1, 0
125, -1, 0
250, -1, 0
249, -1, 0
250, -1, 0
250, -1, 0
126, -1, -1
249, -1, 0
250, -1, 0
250, -1, 0
250, -1, 0
127, -1, 0
250, -1, 0
249, -1, 0
127, -1, 0
248, -1, 0
251, -1, 0
253, -1, 0
246, -1, 0
125, -1, 0
124, 0, -1
127, -1, 0
249, -1, 0
125, -1, 0
249, -1, 0
250, -1, 0
250, -1, 0
126, -1, 0
251, -1, 0
249, -1, 0
250, -1, 0
125, -1, 0
248, -1, 0
253, -1, 0
249, -1, 0
249, -1, 0
126, -1, 0
249, -1, 0
251, -1, 0
251, -1, 0
124, -1, 0
249, -1, 0
251, -1, 0
250, -1, 0
126, -1, 0
249, -1, 0
250, -1, 0
249, -1, 0
251, -1, 0
250, -1, 0
125, -1, 0
249, -1, 0
260, -1, 0
243, -1, 0
248, -1, 0
124, -1, 0
251, -1, 0
251, -1, 0
249, -1, 0
126, -1, 0
248, -1, 0
251, -1, 0
250, -1, 0
250, -1, 0
249, -1, 0
127, -1, 0
249, -1, 0
249, -1, 0
250, -1, 0
251, -1, 0
125, -1, 0
250, -1, 0
250, -1, 0
250, -1, 0
250, -1, 0
250, -1, 0
250, -1, 0
250, -1, 0
125, -1, 0
250, -1, 0
250, -1, 0
250, -1, 0
249, -1, 0
251, -1, 0
251, -1, 0
124, 0, 1
126, -1, 0
249, -1, 0
251, -1, 0
249, -1, 0
250, -1, 0
126, -1, 0
249, -1, 0
250, -1, 0
250, -1, 0
125, 0, 1
125, -1, 0
250, -1, 0
250, -1, 0
250, -1, 0
250, -1, 0
249, -1, 0
253, -1, 0
248, -1, 1
250, -1, 0
250, -1, 0
250, -1, 0
250, -1, 0
249, -1, 0
250, -1, 1
250, -1, 0
250, -1, 0
375, -1, 0
126, -1, 0
403, -1, 0
97, 0, 1
126, -1, 0
248, -1, 0
251, -1, 0
249, -1, 0
250, -1, 0
407, -1, 1
217, -1, 0
251, -1, 0
257, -1, 0
243, -1, 0
127, 0, 1
248, -1, 0
250, -1, 0
250, -1, 0
252, -1, 0
248, -1, 0
250, -1, 1
377, -1, 0
248, -1, 0
250, -1, 0
250, 0, 1
126, -1, 0
250, -1, 0
249, -1, 0
404, -1, 0
116, 0, 1
106, -1, 0
250, -1, 0
375, -1, 0
249, -1, 0
251, -1, 1
405, -1, 0
219, -1, 0
376, -1, 1
249, -1, 0
404, -1, 0
221, -1, 0
405, -1, 0
96, 0, 1
128, -1, 0
372, -1, 0
404, -1, 0
220, -1, 1
408, -1, 0
342, -1, 0
405, -1, 0
96, 0, 1
250, -1, 0
249, -1, 0
404, -1, 0
222, 0, 1
126, -1, 0
404, -1, 0
500, -1, 0
220, -1, 0
125, 0, 1
403, -1, 0
347, -1, 0
528, -1, 0
222, 0, 1
125, -1, 0
499, -1, 0
377, -1, 0
624, -1, 1
504, -1, 0
496, -1, 0
695, -1, 0
56, 0, 1
689, -1, 0
727, -1, 0
745, -1, 1
875, -1, 0
1005, -1, 0
1747, -1, 0
1461, 0, 1
11893, 1, 0
737, 0, 1
497, 1, 0
1252, 1, 0
1125, 0, 1
124, 1, 0
876, 1, 0
873, 1, 0
534, 1, 0
418, 0, 1
459, 1, 0
839, 1, 0
664, 1, 0
211, 0, 1
249, 1, 0
675, 1, 0
625, 1, 0
504, 0, 1
87, 1, 0
625, 1, 0
504, 1, 0
534, 1, 0
462, 1, 0
125, 0, 1
388, 1, 0
489, 1, 0
496, 1, 0
377, 1, 0
252, 0, 1
250, 1, 0
372, 1, 0
376, 1, 0
500, 1, 0
375, 1, 0
125, 0, 1
248, 1, 0
250, 1, 0
398, 1, 0
358, 1, 0
376, 1, 0
374, 1, 0
125, 0, 1
122, 1, 0
375, 1, 0
383, 1, 0
251, 1, 0
244, 1, 0
371, 1, 0
259, 1, 0
249, 1, 0
250, 0, 1
123, 1, 0
277, 1, 0
347, 1, 0
248, 1, 0
249, 1, 0
250, 1, 0
257, 1, 0
369, 1, 0
251, 1, 0
128, 1, 0
371, 1, 0
254, 1, 0
246, 1, 0
250, 1, 0
256, 1, 1
245, 1, 0
247, 1, 0
126, 1, 0
249, 1, 0
251, 1, 0
249, 1, 0
251, 1, 0
250, 1, 0
124, 1, 0
252, 1, 0
251, 1, 0
249, 1, 0
250, 1, 0
251, 1, 0
124, 1, 0
249, 1, 0
249, 1, 0
249, 1, 0
127, 1, 0
257, 1, 0
241, 1, 0
127, 1, 0
251, 1, 0
249, 1, 0
249, 1, 0
129, 1, 0
248, 1, 0
125, 1, 0
250, 1, 0
250, 1, 0
125, 1, 0
248, 1, 0
251, 1, 0
125, 1, 0
249, 1, 0
127, 1, 0
247, 1, 0
127, 1, 0
247, 1, 0
250, 1, 0
132, 1, 0
246, 1, 0
255, 1, 0
124, 1, 0
124, 1, 0
250, 1, 0
249, 1, 0
126, 1, 0
126, 1, 0
244, 1, 0
250, 1, 0
129, 1, 0
247, 1, 0
136, 1, 0
243, 1, 0
126, 1, 0
248, 1, -1
126, 1, 0
250, 1, 0
137, 1, 0
238, 1, 0
125, 1, 0
249, 1, 0
124, 1, 0
131, 1, 0
248, 1, 0
250, 1, 0
125, 1, 0
247, 1, 0
129, 1, 0
124, 1, 0
250, 1, 0
251, 1, 0
117, 1, 0
130, 1, 0
250, 1, -1
127, 1, 0
126, 1, 0
248, 1, 0
124, 1, 0
252, 1, 0
123, 1, 0
247, 1, 0
126, 1, 0
124, 1, 0
248, 1, 0
127, 1, 0
249, 1, 0
128, 1, 0
124, 0, -1
124, 1, 0
124, 1, 0
125, 1, 0
249, 1, 0
126, 1, 0
129, 1, 0
248, 1, 0
125, 1, 0
253, 1, 0
126, 1, 0
246, 1, 0
125, 1, 0
125, 1, 0
247, 1, 0
128, 1, 0
248, 1, 0
126, 1, -1
127, 1, 0
249, 1, 0
124, 1, 0
119, 1, 0
254, 1, 0
124, 1, 0
254, 1, 0
133, 1, 0
118, 1, 0
257, 1, 0
112, 1, -1
251, 1, 0
128, 1, 0
123, 1, 0
249, 1, 0
124, 1, 0
125, 1, 0
250, 1, 0
128, 1, 0
124, 1, 0
248, 1, 0
125, 1, 0
125, 1, 0
125, 0, -1
125, 1, 0
128, 1, 0
248, 1, 0
125, 1, 0
126, 1, 0
247, 1, 0
129, 1, 0
124, 1, 0
248, 1, 0
126, 1, 0
124, 1, 0
249, 1, 0
126, 0, -1
125, 1, 0
126, 1, 0
126, 1, 0
248, 1, 0
125, 1, 0
126, 1, 0
248, 1, 0
130, 1, 0
123, 1, 0
248, 1, 0
125, 1, 0
250, 1, -1
125, 1, 0
253, 1, 0
126, 1, 0
122, 1, 0
248, 1, 0
126, 1, 0
126, 1, 0
250, 1, 0
125, 1, 0
124, 0, -1
126, 1, 0
249, 1, 0
125, 1, 0
128, 1, 0
249, 1, 0
127, 1, 0
122, 1, 0
249, 1, -1
125, 1, 0
253, 1, 0
124, 1, 0
251, 1, 0
126, 1, 0
246, 1, 0
126, 1, 0
128, 0, -1
129, 1, 0
118, 1, 0
254, 1, 0
127, 1, 0
247, 1, 0
128, 1, 0
125, 0, -1
123, 1, 0
124, 1, 0
251, 1, 0
125, 1, 0
250, 1, -1
126, 1, 0
247, 1, 0
252, 1, 0
248, 1, 0
129, 1, 0
126, 0, -1
124, 1, 0
246, 1, 0
250, 1, 0
134, 1, 0
118, 0, -1
125, 1, 0
250, 1, 0
259, 1, 0
118, 1, 0
122, 0, -1
124, 1, 0
254, 1, 0
247, 1, 0
249, 1, -1
252, 1, 0
250, 1, 0
249, 1, 0
125, 0, -1
125, 1, 0
249, 1, 0
251, 1, 0
127, 0, -1
248, 1, 0
250, 1, 0
250, 1, -1
376, 1, 0
373, 1, 0
251, 1, -1
251, 1, 0
539, 1, 0
86, 0, -1
124, 1, 0
501, 1, 0
248, 0, -1
126, 1, 0
506, 1, 0
240, 0, -1
122, 1, 0
628, 1, 0
379, 0, -1
120, 1, 0
763, 1, 0
115, 0, -1
744, 1, 0
250, 0, -1
1052, 1, 0
347, 0, -1
1250, 0, -1
2098, 0, -1
1756, 0, -1
364, -1, 0
1129, 0, -1
245, -1, 0
1001, -1, 0
124, 0, -1
749, -1, 0
250, 0, -1
500, -1, 0
501, 0, -1
250, -1, 0
625, -1, 0
249, 0, -1
375, -1, 0
500, -1, -1
625, -1, 0
378, 0, -1
123, -1, 0
499, -1, 0
254, 0, -1
124, -1, 0
500, -1, 0
123, 0, -1
249, -1, 0
249, -1, 0
251, 0, -1
250, -1, 0
378, -1, 0
375, -1, -1
247, -1, 0
375, -1, 0
125, 0, -1
250, -1, 0
375, -1, -1
250, -1, 0
249, -1, 0
376, -1, 0
125, 0, -1
126, -1, 0
248, -1, 0
250, -1, 0
126, 0, -1
250, -1, 0
252, -1, 0
247, -1, -1
250, -1, 0
250, -1, 0
127, -1, 0
124, 0, -1
249, -1, 0
126, -1, 0
249, -1, 0
137, 0, -1
122, -1, 0
241, -1, 0
250, -1, 0
126, -1, 0
125, 0, -1
125, -1, 0
251, -1, 0
124, -1, 0
249, -1, 0
126, 0, -1
125, -1, 0
250, -1, 0
126, -1, 0
125, -1, 0
124, 0, -1
126, -1, 0
248, -1, 0
126, -1, 0
249, -1, 0
126, -1, -1
250, -1, 0
124, -1, 0
252, -1, 0
128, -1, 0
246, -1, -1
127, -1, 0
122, -1, 0
253, -1, 0
122, -1, 0
249, -1, 0
155, -1, -1
98, -1, 0
251, -1, 0
126, -1, 0
123, -1, 0
250, -1, 0
124, -1, 0
125, -1, -1
250, -1, 0
125, -1, 0
125, -1, 0
250, -1, 0
126, -1, 0
125, -1, 0
125, -1, 0
125, -1, 0
252, -1, -1
124, -1, 0
126, -1, 0
125, -1, 0
124, -1, 0
250, -1, 0
124, -1, 0
125, -1, 0
126, -1, 0
123, -1, 0
250, -1, -1
126, -1, 0
125, -1, 0
125, -1, 0
128, -1, 0
127, -1, 0
247, -1, 0
124, -1, 0
124, -1, 0
125, -1, 0
125, -1, 0
125, -1, 0
126, -1, 0
129, -1, 0
121, -1, 0
127, -1, 0
248, -1, 0
125, -1, -1
124, -1, 0
126, -1, 0
125, -1, 0
124, -1, 0
125, -1, 0
125, -1, 0
125, -1, 0
125, -1, 0
125, -1, 0
126, -1, 0
124, -1, 0
125, -1, 0
125, -1, 0
125, -1, 0
125, -1, 0
125, -1, 0
250, -2, 0
250, -2, 0
125, -1, 0
126, -1, 0
249, -2, 0
251, -1, 0
124, -1, 0
127, -1, 0
123, -1, 0
125, -1, 0
125, -1, 0
125, -1, 0
125, -1, 0
126, -1, 0
123, -1, 0
125, -1, 0
125, -1, 0
137, -1, 0
123, -1, 0
115, -1, 0
125, -2, 0
250, -2, 0
125, -1, 0
126, -1, 0
250, -2, 0
125, -1, 0
125, -1, 0
125, -1, 0
124, -1, 0
125, -1, 0
125, -1, 0
125, -1, 0
125, -1, 0
125, -1, 0
125, -1, 0
126, -1, 0
124, -1, 0
125, -1, 0
125, -1, 0
125, -1, 0
125, -1, 0
126, -2, 0
249, -2, 0
125, -1, 0
125, -1, 0
125, -1, 0
125, -1, 0
125, -1, 0
125, -1, 0
125, -1, 0
126, -1, 0
130, -1, 0
120, -2, 1
249, -2, 0
125, -1, 0
126, -1, 0
126, -1, 0
125, -1, 0
123, -1, 0
125, -1, 0
125, -1, 0
125, -1, 0
125, -1, 0
125, -2, 1
125, -1, 0
126, -1, 0
124, -1, 0
125, -1, 0
125, -1, 0
125, -1, 0
125, -1, 0
125, -1, 0
125, -1, 0
126, -2, 0
125, -1, 0
127, -1, 0
125, -1, 1
123, -1, 0
124, -1, 0
126, -1, 0
125, -1, 0
125, -1, 0
125, -2, 0
124, -1, 0
125, -1, 0
125, -1, 0
125, -1, 1
125, -1, 0
125, -1, 0
126, -1, 0
124, -1, 0
124, -1, 0
125, -2, 0
251, -2, 1
125, -1, 0
124, -1, 0
128, -1, 0
123, -1, 0
124, -1, 0
125, -1, 0
126, -1, 0
124, -2, 1
125, -1, 0
127, -1, 0
124, -1, 0
124, -1, 0
126, -1, 0
124, -1, 0
125, -1, 0
126, -2, 1
124, -1, 0
125, -1, 0
126, -1, 0
125, -1, 0
125, -1, 0
124, -1, 0
125, -1, 0
125, -1, 0
127, -1, 1
125, -1, 0
126, -1, 0
125, -1, 0
129, -1, 0
120, -1, 0
124, -2, 0
125, -1, 0
126, -1, 0
125, -1, 1
126, -1, 0
130, -1, 0
119, -1, 0
125, -1, 0
125, -1, 0
125, -1, 0
125, -1, 1
126, -1, 0
124, -1, 0
125, -1, 0
125, -2, 0
249, -2, 0
126, -1, 0
124, -1, 0
125, -1, 0
126, -1, 1
136, -1, 0
123, -1, 0
115, -1, 0
125, -1, 0
125, -1, 0
125, -1, 0
125, -1, 0
126, -1, 0
125, -1, 0
124, -1, 1
125, -1, 0
126, -1, 0
124, -1, 0
125, -1, 0
125, -1, 0
126, -1, 0
124, -1, 0
125, -1, 0
125, -1, 1
125, -1, 0
125, -1, 0
126, -1, 0
124, -1, 0
127, -1, 0
123, -1, 0
126, -1, 0
125, -1, 0
249, -2, 0
125, 0, 1
125, -1, 0
126, -1, 0
124, -1, 0
125, -1, 0
125, -1, 0
125, -1, 0
125, -1, 0
126, -1, 0
125, -1, 0
125, -1, 0
124, -1, 0
125, 0, 1
125, -1, 0
125, -1, 0
125, -1, 0
125, -1, 0
125, -1, 0
126, -1, 0
124, -1, 0
250, -1, 0
126, -1, 0
125, -1, 0
125, -1, 0
250, -1, 0
125, -1, 0
124, -1, 0
250, -1, 1
126, -1, 0
124, -1, 0
125, -1, 0
126, -1, 0
249, -1, 0
125, -1, 0
125, -1, 0
250, -1, 0
125, -1, 0
126, -1, 0
249, -1, 0
126, -1, 0
250, -1, 0
124, -1, 0
135, -1, 0
243, -1, 0
123, -1, 0
248, -1, 0
125, -1, 0
126, -1, 0
251, -1, 0
249, -1, 0
125, -1, 0
250, -1, 0
250, -1, 0
126, -1, 0
248, -1, 0
250, -1, 0
250, -1, 0
126, -1, 0
249, -1, 0
252, -1, 0
249, -1, 0
250, -1, 0
250, -1, 0
250, -1, 0
251, -1, 0
250, -1, 0
249, -1, 0
415, -1, 0
212, -1, 0
250, -1, 0
374, -1, 0
375, -1, 0
253, -1, 0
498, -1, 0
248, -1, 0
504, -1, -1
396, -1, 0
406, -1, 0
469, -1, 0
601, -1, 0
125, 0, -1
501, -1, 0
624, -1, 0
1001, -1, 0
248, 0, -1
875, -1, 0
1251, 0, -1
874, -1, 0
2924, 0, -1
3012, 1, 0
318, 0, -1
1123, 1, 0
750, 0, -1
249, 1, 0
800, 1, 0
725, 1, 0
100, 0, -1
524, 1, 0
477, 1, 0
374, 0, -1
249, 1, 0
500, 1, 0
443, 1, 0
458, 1, 0
100, 0, -1
250, 1, 0
373, 1, 0
408, 1, -1
342, 1, 0
375, 1, 0
407, 1, -1
218, 1, 0
377, 1, 0
250, 1, 0
413, 1, -1
211, 1, 0
253, 1, 0
248, 1, 0
126, 0, -1
249, 1, 0
250, 1, 0
250, 1, 0
251, 1, 0
124, 0, -1
125, 1, 0
251, 1, 0
249, 1, 0
126, 1, 0
125, 0, -1
125, 1, 0
250, 1, 0
249, 1, 0
250, 1, -1
250, 1, 0
126, 1, 0
249, 1, 0
126, 0, -1
125, 1, 0
249, 1, 0
126, 1, 0
249, 1, 0
125, 1, -1
250, 1, 0
250, 1, 0
129, 1, 0
125, 1, 0
122, 0, -1
124, 1, 0
250, 1, 0
126, 1, 0
249, 1, -1
125, 1, 0
250, 1, 0
125, 1, 0
127, 0, -1
124, 1, 0
125, 1, 0
133, 1, 0
241, 1, 0
125, 1, -1
250, 1, 0
126, 1, 0
125, 1, 0
249, 1, -1
125, 1, 0
127, 1, 0
248, 1, -1
126, 1, 0
124, 1, 0
250, 1, 0
125, 1, 0
249, 1, -1
126, 1, 0
125, 1, 0
126, 1, 0
248, 1, -1
126, 1, 0
125, 1, 0
125, 1, 0
249, 1, -1
127, 1, 0
124, 1, 0
128, 1, 0
123, 1, 0
249, 1, -1
126, 1, 0
129, 1, 0
245, 1, 0
126, 1, -1
126, 1, 0
123, 1, 0
126, 1, 0
125, 1, 0
249, 1, -1
125, 1, 0
125, 1, 0
125, 1, 0
128, 1, 0
122, 1, -1
251, 1, 0
125, 1, 0
124, 1, 0
125, 1, -1
251, 2, 0
248, 1, 0
129, 1, 0
123, 1, -1
130, 1, 0
120, 1, 0
124, 1, 0
125, 1, 0
251, 1, -1
124, 1, 0
126, 1, 0
124, 1, 0
125, 1, 0
125, 1, 0
125, 1, -1
125, 1, 0
126, 1, 0
250, 2, 0
249, 1, 0
125, 1, -1
126, 1, 0
124, 1, 0
126, 1, 0
124, 1, 0
126, 1, 0
124, 1, -1
125, 1, 0
125, 1, 0
126, 1, 0
126, 1, 0
124, 1, 0
251, 2, -1
124, 1, 0
125, 1, 0
249, 1, 0
126, 1, 0
125, 1, 0
124, 1, 0
126, 1, -1
124, 1, 0
126, 1, 0
123, 1, 0
130, 1, 0
124, 1, 0
124, 1, 0
123, 1, 0
126, 1, -1
125, 1, 0
124, 1, 0
125, 1, 0
125, 1, 0
125, 1, 0
126, 1, 0
125, 1, -1
126, 1, 0
123, 1, 0
126, 1, 0
125, 1, 0
125, 1, 0
124, 1, 0
125, 1, 0
126, 1, 0
126, 1, 0
124, 1, -1
124, 1, 0
126, 1, 0
125, 1, 0
124, 1, 0
125, 1, 0
133, 1, 0
252, 1, 0
117, 2, -1
249, 1, 0
124, 1, 0
125, 2, 0
250, 2, 0
250, 1, 0
126, 1, 0
126, 2, -1
249, 2, 0
249, 2, 0
249, 2, 0
251, 2, 0
250, 2, 0
250, 2, 0
126, 0, -1
123, 2, 0
131, 1, 0
123, 1, 0
252, 2, 0
121, 1, 0
125, 1, 0
249, 2, 0
125, 1, 0
126, 1, 0
253, 1, -1
124, 2, 0
250, 2, 0
249, 2, 0
252, 2, 0
122, 1, 0
125, 1, 0
126, 1, 0
126, 1, 0
123, 1, 0
125, 1, 0
125, 1, 0
125, 1, 0
125, 1, 0
125, 1, -1
125, 1, 0
125, 1, 0
125, 1, 0
125, 1, 0
125, 1, 0
125, 1, 0
125, 1, 0
125, 1, 0
126, 1, 0
124, 1, 0
125, 1, 0
125, 1, 0
125, 1, 0
125, 1, 0
123, 1, 0
127, 1, -1
126, 1, 0
124, 1, 0
125, 1, 0
127, 2, 0
250, 1, 0
123, 1, 0
125, 1, 0
126, 1, 0
124, 1, 0
125, 1, 0
125, 1, 0
125, 1, 0
125, 1, 0
125, 1, 0
125, 1, 0
125, 1, -1
130, 1, 0
120, 1, 0
125, 1, 0
125, 1, 0
125, 1, 0
125, 1, 0
125, 1, 0
126, 1, 0
124, 1, 0
124, 1, 0
126, 1, 0
125, 1, 0
126, 1, 0
124, 2, 0
250, 1, 0
125, 1, 0
125, 2, 0
125, 0, -1
125, 2, 0
250, 1, 0
126, 1, 0
127, 1, 0
124, 1, 0
126, 1, 0
122, 1, 0
125, 1, 0
125, 1, 0
125, 1, 0
125, 1, 0
126, 1, 0
124, 1, 0
125, 1, 0
125, 1, 0
249, 2, 0
126, 1, 0
125, 1, -1
127, 1, 0
124, 1, 0
124, 1, 0
125, 1, 0
263, 1, 0
112, 1, 0
125, 1, 0
125, 1, 0
125, 1, 0
125, 1, 0
125, 1, 0
125, 1, 0
125, 1, 0
125, 1, 0
125, 1, 0
126, 1, -1
124, 1, 0
249, 1, 0
126, 1, 0
125, 1, 0
125, 1, 0
125, 1, 0
125, 1, 0
125, 1, 0
249, 1, 0
126, 1, -1
125, 1, 0
125, 1, 0
125, 1, 0
125, 1, 0
125, 1, 0
125, 1, 0
125, 1, 0
249, 1, 0
126, 1, 0
250, 2, 0
250, 1, -1
125, 1, 0
125, 1, 0
248, 1, 0
127, 1, 0
125, 1, 0
125, 1, 0
125, 1, 0
249, 1, -1
126, 1, 0
125, 1, 0
250, 1, 0
125, 1, 0
125, 1, 0
252, 1, 0
127, 1, 0
123, 1, -1
248, 1, 0
125, 1, 0
125, 1, 0
251, 1, 0
250, 1, 0
124, 1, 0
126, 0, -1
124, 1, 0
126, 1, 0
250, 1, 0
250, 1, 0
124, 1, 0
250, 1, 0
125, 1, 0
125, 0, -1
127, 1, 0
123, 1, 0
249, 1, 0
250, 1, 0
250, 1, 0
250, 1, -1
128, 1, 0
251, 1, 0
247, 1, 0
250, 1, 0
374, 1, -1
251, 1, 0
249, 1, 0
250, 1, 0
250, 1, 0
250, 1, 0
252, 0, -1
248, 1, 0
250, 1, 0
376, 1, 0
375, 1, 0
249, 0, -1
127, 1, 0
535, 1, 0
505, 1, 0
459, 1, 0
125, 0, -1
506, 1, 0
1036, 1, 0
2216, 1, 0
3371, 0, -1
1623, -1, 0
2126, -1, 0
1124, 0, -1
374, -1, 0
874, -1, 0
1002, -1, 0
501, 0, -1
259, -1, 0
616, -1, 0
753, -1, 0
243, 0, -1
250, -1, 0
502, -1, 0
623, -1, 0
376, -1, -1
500, -1, 0
374, -1, 0
500, -1, 0
375, -1, 0
250, 0, -1
125, -1, 0
375, -1, 0
375, -1, 0
250, -1, 0
376, -1, 0
249, -1, 0
375, -1, -1
250, -1, 0
375, -1, 0
250, -1, 0
249, -1, 0
251, -1, 0
376, -1, 0
249, -1, 0
126, -1, 0
249, 0, -1
125, -1, 0
250, -1, 0
126, -1, 0
382, -1, 0
118, -1, 0
250, -1, 0
251, -1, 0
248, -1, 0
250, -1, 0
250, -1, 0
126, -1, 0
256, -1, 0
243, -1, 0
125, -1, 0
250, -1, 0
256, -1, 0
124, -1, 0
124, -1, 0
248, -1, 0
250, -1, 0
126, -1, 0
247, -1, 0
125, -1, 0
252, -1, 0
123, -1, 0
249, -1, 0
251, -1, 0
126, -1, 0
125, -1, 0
252, -1, 0
123, -1, 0
125, -1, 0
249, -1, 0
125, -1, 0
250, -1, 0
125, -1, 0
254, -1, 0
126, -1, 0
122, -1, 0
249, -1, 0
140, -1, 0
119, -1, 0
242, -1, 0
124, -1, 0
124, -1, 0
125, -1, 0
250, -1, 0
126, -1, 0
125, -1, 0
252, -1, 0
128, -1, 0
133, -1, 0
241, -1, 0
126, -1, 0
125, -1, 1
122, -1, 0
125, -1, 0
249, -1, 0
123, -1, 0
125, -1, 0
125, -1, 0
140, -1, 0
238, -1, 0
123, -1, 0
125, -1, 0
125, -1, 0
125, -1, 1
250, -1, 0
125, -1, 0
126, -1, 0
131, -1, 0
122, -1, 0
251, -2, 0
248, -1, 1
123, -1, 0
125, -1, 0
125, -1, 0
124, -1, 0
127, -1, 0
253, -1, 0
125, -1, 0
125, -1, 0
126, -1, 1
124, -1, 0
250, -2, 0
249, -1, 0
124, -1, 0
125, -1, 0
125, -1, 1
124, -1, 0
125, -1, 0
124, -1, 0
126, -1, 0
125, -1, 0
251, -1, 0
124, -1, 0
125, -1, 1
125, -1, 0
125, -1, 0
125, -1, 0
126, -1, 0
126, -1, 0
123, -1, 0
125, -1, 1
125, -1, 0
251, -1, 0
126, -1, 0
123, -1, 0
125, -1, 0
125, -1, 1
126, -1, 0
124, -1, 0
125, -1, 0
125, -1, 0
125, -1, 0
125, -1, 0
126, -1, 1
250, -2, 0
250, -1, 0
124, -1, 0
125, -1, 0
125, -1, 1
125, -1, 0
125, -1, 0
126, -1, 0
124, -1, 0
126, -1, 0
127, -1, 0
122, -1, 1
124, -1, 0
129, -1, 0
122, -1, 0
126, -1, 0
124, -1, 0
125, -1, 1
124, -1, 0
126, -1, 0
125, -1, 0
124, -1, 0
251, -1, 1
130, -1, 0
120, -1, 0
125, -1, 0
125, -1, 1
124, -1, 0
126, -1, 0
125, -1, 0
126, -1, 0
123, -1, 0
126, -1, 0
128, -1, 1
133, -1, 0
115, -1, 0
124, -1, 0
125, -1, 0
127, -1, 1
136, -1, 0
122, -1, 0
120, -1, 0
243, -2, 1
250, -2, 0
250, -2, 0
126, -1, 0
125, -1, 1
250, -1, 0
125, -1, 0
124, -1, 1
126, -1, 0
125, -1, 0
124, -1, 0
126, -1, 1
125, -1, 0
125, -1, 0
124, -1, 0
126, -1, 0
128, -1, 1
120, -1, 0
128, -1, 0
135, -1, 0
117, -1, 0
121, -1, 1
123, -1, 0
125, -1, 0
126, -1, 0
124, -1, 0
126, -1, 1
131, -1, 0
120, -1, 0
126, -1, 0
125, -1, 1
126, -1, 0
123, -1, 0
249, -2, 0
127, 0, 1
123, -2, 0
250, -2, 0
250, -1, 1
125, -1, 0
125, -1, 0
125, -1, 0
125, -1, 0
129, -1, 1
124, -1, 0
123, -1, 0
127, -1, 0
125, -1, 1
124, -1, 0
125, -1, 0
125, -1, 0
125, -1, 0
124, -1, 1
126, -1, 0
125, -1, 0
127, -1, 0
122, 0, 1
125, -2, 0
249, -2, 0
126, 0, 1
125, -1, 0
125, -1, 0
125, -1, 0
125, -1, 0
125, -1, 1
125, -1, 0
125, -1, 0
125, -1, 0
124, -1, 1
129, -1, 0
123, -1, 0
124, -1, 0
126, -1, 1
125, -1, 0
124, -1, 0
126, -1, 0
125, -1, 1
249, -2, 0
250, -2, 1
251, -1, 0
125, -1, 0
125, -1, 0
126, -1, 1
124, -1, 0
124, -1, 0
126, -1, 0
124, -1, 1
250, -2, 0
251, -1, 1
125, -1, 0
126, -1, 0
124, -1, 0
125, -1, 1
126, -1, 0
123, -1, 0
250, -2, 0
126, 0, 1
124, -1, 0
126, -1, 0
124, -1, 0
126, -1, 1
125, -1, 0
125, -1, 0
126, -1, 0
249, -1, 1
125, -1, 0
125, -1, 0
125, -1, 0
125, -1, 0
125, 0, 1
126, -1, 0
125, -1, 0
124, -1, 0
125, -1, 0
125, -1, 1
125, -1, 0
257, -1, 0
121, -1, 0
121, -1, 1
125, -1, 0
249, -1, 0
126, -1, 0
125, -1, 0
125, -1, 1
255, -1, 0
120, -1, 0
125, -1, 0
125, 0, 1
125, -1, 0
125, -1, 0
125, -1, 0
125, -1, 0
125, 0, 1
125, -1, 0
124, -1, 0
250, -1, 0
124, -1, 0
125, -1, 0
126, 0, 1
125, -1, 0
125, -1, 0
249, -1, 0
125, -1, 0
126, 0, 1
124, -1, 0
126, -1, 0
249, -1, 0
126, -1, 0
125, -1, 0
249, -1, 1
251, -1, 0
125, -1, 0
249, -1, 0
125, -1, 0
126, 0, 1
125, -1, 0
252, -1, 0
250, -1, 0
127, -1, 0
249, -1, 1
249, -1, 0
124, -1, 0
249, -1, 0
250, -1, 0
250, -1, 1
377, -1, 0
249, -1, 0
250, -1, 0
250, -1, 0
126, 0, 1
125, -1, 0
249, -1, 0
250, -1, 0
250, -1, 0
411, -1, 0
214, 0, 1
125, -1, 0
250, -1, 0
375, -1, 0
411, -1, 0
340, -1, 0
374, -1, 0
536, -1, 1
339, -1, 0
536, -1, 0
464, -1, 0
626, -1, 0
783, -1, 0
341, 0, 1
375, -1, 0
1294, -1, 0
10335, 1, 0
1872, 0, 1
125, 1, 0
1501, 1, 0
1123, 1, 0
634, 0, 1
241, 1, 0
1000, 1, 0
751, 1, 0
500, 0, 1
373, 1, 0
625, 1, 0
750, 1, 0
690, 1, 0
61, 0, 1
374, 1, 0
531, 1, 0
624, 1, 0
501, 1, 0
344, 0, 1
130, 1, 0
378, 1, 0
495, 1, 0
527, 1, 0
345, 1, 0
502, 1, 0
124, 0, 1
250, 1, 0
376, 1, 0
374, 1, 0
375, 1, 0
375, 1, 0
250, 1, 0
374, 1, 0
376, 1, 0
407, 1, 0
217, 1, 0
378, 1, 1
251, 1, 0
371, 1, 0
252, 1, 0
375, 1, 0
250, 1, 0
249, 1, 0
250, 1, 0
250, 1, 0
250, 1, 0
375, 1, 0
259, 1, 0
241, 1, 0
249, 1, 0
251, 1, 0
252, 1, 0
248, 1, 0
249, 1, 0
252, 1, 0
250, 1, 0
250, 1, 0
250, 1, 0
249, 1, 0
250, 1, 0
250, 1, 0
249, 1, 0
253, 1, 0
124, 1, 0
249, 1, 0
250, 1, 0
250, 1, 0
250, 1, 0
126, 1, 0
249, 1, 0
249, 1, 0
251, 1, 0
250, 1, 0
125, 1, 0
250, 1, 0
125, 1, 0
249, 1, 0
251, 1, 0
250, 1, 0
125, 1, 0
250, 1, 0
125, 1, 0
249, 1, 0
252, 1, 0
249, 1, 0
125, 1, 0
250, 1, 0
250, 1, 0
125, 1, 0
250, 1, 0
125, 1, 0
251, 1, 0
249, 1, 0
125, 1, 0
250, 1, 0
126, 1, 0
125, 0, -1
124, 1, 0
254, 1, 0
122, 1, 0
249, 1, 0
126, 1, 0
249, 1, 0
250, 1, 0
125, 1, 0
126, 1, 0
249, 1, 0
250, 1, 0
250, 1, 0
125, 1, 0
250, 1, 0
250, 1, 0
125, 1, 0
126, 1, -1
250, 1, 0
249, 1, 0
125, 1, 0
250, 1, 0
126, 1, 0
249, 1, 0
250, 1, 0
126, 1, 0
249, 1, 0
126, 1, 0
249, 1, 0
125, 0, -1
135, 1, 0
127, 1, 0
239, 1, 0
125, 1, 0
249, 1, 0
249, 1, 0
126, 1, 0
250, 1, 0
249, 1, 0
126, 0, -1
125, 1, 0
125, 1, 0
249, 1, 0
251, 1, 0
249, 1, 0
126, 1, -1
249, 1, 0
250, 1, 0
127, 1, 0
248, 1, 0
250, 1, 0
251, 1, 0
250, 1, 0
125, 1, -1
249, 1, 0
250, 1, 0
250, 1, 0
250, 1, 0
250, 1, 0
250, 1, -1
250, 1, 0
375, 1, 0
250, 1, 0
251, 1, 0
125, 0, -1
126, 1, 0
248, 1, 0
251, 1, 0
250, 1, 0
413, 1, 0
87, 0, -1
126, 1, 0
248, 1, 0
376, 1, 0
249, 1, 0
251, 0, -1
125, 1, 0
375, 1, 0
249, 1, 0
405, 1, 0
347, 1, 0
248, 0, -1
126, 1, 0
404, 1, 0
346, 1, 0
530, 1, -1
345, 1, 0
410, 1, 0
498, 1, 0
468, 1, 0
532, 1, 0
344, 0, -1
374, 1, 0
509, 1, 0
780, 1, 0
961, 1, 0
1160, 1, 0
214, 0, -1
1128, 1, 0
22205, 1, 0
3548, 1, 0
2748, 1, 0
2445, 1, 0
1479, 0, -1
709, 1, 0
1637, 1, 0
1373, 1, 0
1267, 1, 0
978, 1, 0
1000, 1, 0
1001, 1, 0
750, 1, 0
750, 1, 0
247, 0, -1
538, 1, 0
750, 1, 0
587, 1, 0
664, 1, 0
583, 1, 0
639, 1, 0
490, 1, 0
536, 1, 0
627, 1, 0
498, 1, 0
336, 1, 0
437, 1, -1
438, 1, 0
500, 1, 0
443, 1, 0
433, 1, 0
374, 1, 0
375, 1, 0
500, 1, 0
250, 1, 0
501, 1, 0
387, 1, 0
118, 0, -1
251, 1, 0
257, 1, 0
499, 1, 0
243, 1, 0
375, 1, 0
374, 1, 0
249, 1, 0
379, 1, 0
376, 1, 0
246, 1, 0
377, 1, -1
376, 1, 0
248, 1, 0
376, 1, 0
252, 1, 0
246, 1, 0
380, 1, 0
246, 1, 0
374, 1, 0
251, 1, 0
375, 1, 0
128, 0, -1
121, 1, 0
388, 1, 0
246, 1, 0
251, 1, 0
238, 1, 0
376, 1, 0
259, 1, 0
242, 1, 0
254, 1, 0
379, 1, -1
237, 1, 0
250, 1, 0
250, 1, 0
270, 1, 0
356, 1, 0
250, 1, 0
250, 1, 0
248, 1, 0
251, 1, 0
250, 1, 0
251, 1, -1
249, 1, 0
250, 1, 0
375, 1, 0
127, 1, 0
373, 1, 0
251, 1, 0
257, 1, 0
242, 1, 0
252, 1, -1
249, 1, 0
251, 1, 0
250, 1, 0
251, 1, 0
254, 1, 0
246, 1, 0
256, 1, 0
244, 1, 0
250, 1, 0
252, 1, 0
248, 1, -1
250, 1, 0
250, 1, 0
250, 1, 0
250, 1, 0
249, 1, 0
251, 1, 0
250, 1, 0
250, 1, 0
254, 1, 0
246, 1, 0
250, 1, 0
127, 0, -1
131, 1, 0
242, 1, 0
251, 1, 0
122, 1, 0
250, 1, 0
249, 1, 0
251, 1, 0
249, 1, 0
251, 0, -1
125, 1, 0
125, 1, 0
374, 1, 0
126, 1, 0
250, 1, 0
249, 1, 0
257, 1, 0
243, 1, 0
376, 1, 0
251, 1, -1
259, 1, 0
252, 1, 0
248, 1, 0
251, 1, 0
261, 1, 0
243, 1, 0
239, 1, 0
247, 1, -1
251, 1, 0
251, 1, 0
251, 1, 0
247, 1, 0
386, 1, 0
123, 0, -1
121, 1, 0
249, 1, 0
247, 1, 0
371, 1, 0
128, 1, 0
374, 1, 0
249, 1, 0
376, 1, -1
252, 1, 0
247, 1, 0
375, 1, 0
250, 1, 0
375, 1, 0
250, 1, -1
375, 1, 0
254, 1, 0
379, 1, 0
388, 1, 0
241, 0, -1
123, 1, 0
382, 1, 0
368, 1, 0
366, 1, 0
378, 1, 0
246, 0, -1
126, 1, 0
508, 1, 0
367, 1, 0
499, 1, 0
516, 1, -1
498, 1, 0
623, 1, 0
497, 1, 0
622, 1, 0
120, 0, -1
752, 1, 0
880, 1, 0
1128, 0, -1
129, 1, 0
9756, 0, -1
3113, 0, -1
371, -1, 0
1748, -1, 0
248, 0, -1
1259, -1, 0
779, 0, -1
355, -1, 0
980, -1, 0
542, 0, -1
585, -1, 0
1129, -1, 0
373, 0, -1
499, -1, 0
910, -1, 0
966, -1, 0
124, 0, -1
627, -1, 0
883, -1, 0
746, -1, 0
378, 0, -1
243, -1, 0
756, -1, 0
872, -1, 0
498, -1, 0
793, -1, -1
582, -1, 0
781, -1, 0
598, -1, 0
528, -1, 0
754, -1, 0
726, -1, 0
526, -1, 0
209, 0, -1
512, -1, 0
500, -1, 0
627, -1, 0
622, -1, 0
739, -1, 0
628, -1, 0
754, -1, 0
743, -1, 0
641, -1, 0
738, -1, 0
755, -1, 0
883, -1, 0
747, -1, 0
866, -1, 0
1002, -1, 0
1007, -1, 0
1127, -1, 0
1257, -1, 0
1499, -1, 0
2249, -1, 0
867, 0, -1
10516, 1, 0
1634, 1, 0
1125, 1, 0
1245, 1, 0
1130, 1, 0
873, 1, 0
747, 1, 0
880, 1, 0
621, 1, 0
750, 1, 0
619, 1, 0
623, 1, 0
628, 1, 0
490, 1, 0
626, 1, 0
497, 1, 0
502, 1, 0
499, 1, 0
372, 1, 0
504, 1, 0
500, 1, 0
374, 1, 0
375, 1, 0
379, 1, 0
508, 1, 0
337, 1, 0
379, 1, 0
375, 1, 0
247, 1, 0
373, 1, 0
376, 1, 0
250, 1, 0
377, 1, 0
261, 1, 0
361, 1, 0
247, 1, 0
374, 1, 0
250, 1, 0
376, 1, 0
249, 1, 0
250, 1, 0
254, 1, 0
249, 1, 0
252, 1, 0
250, 1, 0
254, 1, 0
244, 1, 0
251, 1, 0
250, 1, 0
250, 1, 0
261, 1, 0
241, 1, 0
123, 1, 0
271, 1, 0
230, 1, 0
253, 1, 0
245, 1, 0
250, 1, 0
127, 1, 0
251, 1, 0
250, 1, 0
125, 1, 0
250, 1, 0
250, 1, 0
248, 1, 0
127, 1, 0
248, 1, 0
125, 1, 0
253, 1, 0
248, 1, 0
124, 1, 0
251, 1, 0
124, 1, 0
249, 1, 0
251, 1, 0
125, 1, 0
251, 1, 0
123, 1, 0
252, 1, 0
120, 1, 0
253, 1, 0
125, 1, 0
255, 1, 0
120, 1, 0
252, 1, 0
121, 1, 0
127, 1, 0
254, 1, 0
252, 1, 0
122, 1, 0
124, 1, 0
254, 1, 0
120, 1, 0
125, 1, 0
252, 1, 0
126, 1, 0
247, 1, 0
127, 1, 0
248, 1, 0
125, 1, 0
126, 1, 0
253, 1, 0
122, 1, 0
123, 1, 0
253, 1, 0
122, 1, 0
253, 1, 0
123, 1, 0
125, 1, 0
252, 1, 0
122, 1, 0
125, 1, 0
253, 1, 0
142, 1, 0
120, 1, 0
239, 1, 0
126, 1, 0
123, 1, 0
251, 1, 0
122, 1, 0
125, 1, 0
251, 1, 0
126, 1, 0
121, 1, 0
253, 1, 0
121, 1, 0
125, 1, 0
126, 1, 0
253, 1, 0
127, 1, 0
124, 1, 0
251, 1, 0
122, 1, 0
127, 1, 0
249, 1, 0
124, 1, 0
126, 1, 0
251, 1, -1
125, 1, 0
124, 1, 0
248, 1, 0
126, 1, 0
126, 1, 0
249, 1, 0
124, 1, 0
125, 1, 0
126, 1, 0
249, 1, 0
126, 1, 0
125, 1, 0
123, 1, 0
256, 1, 0
122, 1, 0
120, 1, 0
254, 1, 0
127, 1, 0
119, 1, 0
253, 1, 0
126, 1, 0
125, 1, 0
250, 1, 0
123, 1, 0
128, 1, 0
245, 1, 0
125, 1, 0
125, 1, 0
125, 1, 0
250, 1, 0
125, 1, 0
125, 1, 0
249, 1, 0
126, 1, 0
125, 1, 0
251, 1, 0
124, 1, 0
126, 1, 0
250, 1, 0
126, 1, 0
125, 1, 0
249, 1, 0
124, 1, 0
253, 1, 0
123, 1, 0
124, 1, 0
250, 1, 0
126, 1, 0
124, 1, 0
249, 1, 0
127, 1, 0
125, 1, 0
251, 1, 0
128, 1, 0
245, 1, 0
125, 1, 0
250, 1, 0
125, 1, 0
125, 1, 0
249, 1, 0
126, 1, 0
126, 1, 0
248, 1, 0
126, 1, 0
251, 1, 0
124, 1, 0
249, 1, 0
126, 1, 0
125, 1, 0
249, 1, 0
127, 1, 0
249, 1, 0
125, 1, 0
250, 1, 0
125, 1, 0
135, 1, 0
241, 1, 0
249, 1, 0
127, 1, 0
131, 1, 0
240, 1, 0
127, 1, 0
251, 1, 0
247, 1, 0
126, 1, 0
249, 1, 0
127, 1, 0
248, 1, 0
126, 1, 0
250, 1, 0
125, 1, 0
251, 1, 0
249, 1, 0
125, 1, 0
125, 1, 0
251, 1, 0
258, 1, 0
243, 1, 0
125, 1, 0
251, 1, 0
125, 1, 0
250, 1, 0
249, 1, 0
250, 1, 0
125, 1, 0
255, 1, 1
248, 1, 0
247, 1, 0
125, 1, 0
249, 1, 0
251, 1, 0
249, 1, 0
126, 1, 0
250, 1, 0
250, 1, 0
253, 1, 0
249, 1, 0
249, 1, 0
247, 1, 0
250, 1, 0
250, 1, 0
251, 1, 0
250, 1, 0
250, 1, 0
250, 1, 0
250, 1, 0
376, 1, 0
249, 1, 0
375, 1, 0
251, 1, 0
251, 1, 0
379, 1, 0
246, 1, 0
377, 1, 0
374, 1, 0
374, 1, 0
385, 1, 0
369, 1, 0
371, 1, 1
374, 1, 0
501, 1, 0
502, 1, 0
498, 1, 0
625, 1, 0
624, 1, 0
750, 1, 0
1250, 1, 0
9631, -1, 0
1498, -1, -1
995, -1, 0
884, -1, 0
366, 0, -1
400, -1, 0
601, -1, 0
665, -1, -1
484, -1, 0
499, -1, 0
503, -1, 0
223, 0, -1
250, -1, 0
400, -1, 0
477, -1, 0
124, 0, -1
249, -1, 0
374, -1, 0
376, -1, 0
375, -1, 0
250, -1, 0
250, 0, -1
125, -1, 0
250, -1, 0
411, -1, -1
340, -1, 0
248, -1, 0
251, -1, 0
383, -1, 0
243, -1, 0
126, 0, -1
124, -1, 0
250, -1, 0
251, -1, 0
252, -1, 0
247, -1, 0
250, -1, 0
250, -1, -1
250, -1, 0
252, -1, 0
125, -1, 0
248, -1, 0
250, -1, 0
249, -1, 0
251, -1, -1
126, -1, 0
250, -1, 0
124, -1, 0
249, -1, 0
251, -1, 0
125, -1, 0
250, -1, 0
125, -1, 0
250, -1, -1
125, -1, 0
250, -1, 0
126, -1, 0
249, -1, 0
125, -1, 0
250, -1, 0
125, -1, 0
250, -1, 0
126, -1, 0
124, -1, 0
250, -1, 0
125, -1, 0
125, -1, -1
258, -1, 0
128, -1, 0
240, -1, 0
125, -1, 0
125, -1, 0
248, -1, 0
127, -1, 0
126, -1, 0
275, -1, 0
99, -1, 0
125, -1, 0
124, -1, 0
125, -1, 0
252, -1, 0
124, -1, 0
126, -1, 0
124, -1, 0
125, -1, 0
249, -1, 0
125, -1, 0
126, -1, 0
125, -1, 0
125, -1, -1
249, -1, 0
126, -1, 0
125, -1, 0
124, -1, 0
127, -1, 0
124, -1, 0
124, -1, 0
250, -1, 0
126, -1, 0
125, -1, 0
124, -1, 0
126, -1, 0
125, -1, 0
130, -1, 0
118, -1, 0
249, -2, 0
251, -2, 0
250, -1, 0
125, -1, 0
126, -1, 0
124, -1, 0
125, -1, 0
125, -1, 0
125, -1, 0
126, -1, 0
125, -1, 0
124, -1, 0
125, -1, 0
125, -1, 0
125, -1, 0
126, -1, 0
125, -1, 0
125, -1, 0
124, -1, 0
125, -1, 0
125, -1, 0
125, -1, 0
131, -1, 0
121, -1, 0
125, -1, 0
125, -1, 0
125, -1, 0
125, -1, 0
125, -1, 0
125, -1, 0
125, -1, 0
125, -1, 0
125, -1, 0
125, -1, 0
125, -1, 0
125, -1, 0
125, -1, 0
125, -1, 0
125, -1, 0
125, -1, 0
125, -1, 0
127, -1, 0
127, -1, 0
121, -2, 0
251, -2, 0
124, -1, 0
125, -1, 0
125, -1, 0
125, -1, 0
125, -1, 0
125, -1, 0
125, -1, 0
125, -1, 0
125, -1, 0
124, -2, 0
251, -2, 0
125, -1, 0
125, -1, 0
124, -1, 0
126, -1, 0
125, -1, 0
125, -1, 0
125, -1, 1
125, -1, 0
125, -1, 0
126, -2, 0
123, -1, 0
126, -1, 0
125, -1, 0
125, -1, 0
124, -1, 0
126, -1, 0
124, -2, 0
249, -2, 0
127, -1, 0
125, -1, 0
125, -1, 1
125, -1, 0
125, -1, 0
125, -2, 0
125, -1, 0
125, -1, 0
136, -1, 0
119, -1, 0
120, -1, 0
125, -1, 0
126, -2, 0
124, -1, 0
125, -1, 1
127, -1, 0
124, -1, 0
125, -1, 0
124, -1, 0
125, -2, 0
125, -1, 0
125, -1, 0
125, -1, 0
125, -1, 0
125, -2, 0
249, -2, 0
126, -1, 1
126, -1, 0
124, -1, 0
125, -2, 0
249, -2, 0
126, -1, 0
126, -1, 0
124, -1, 1
125, -2, 0
125, -1, 0
128, -1, 0
126, -1, 0
122, -1, 0
123, -1, 0
127, -2, 0
127, -1, 1
123, -1, 0
127, -1, 0
122, -2, 0
124, -1, 0
126, -1, 0
134, -1, 0
117, -1, 0
125, -1, 0
125, -2, 1
124, -1, 0
124, -1, 0
126, -1, 0
127, -1, 0
123, -2, 0
125, -1, 0
122, -1, 0
126, -1, 1
124, -2, 0
129, -1, 0
122, -1, 0
124, -1, 0
125, -1, 0
130, -1, 0
122, -2, 1
127, -1, 0
126, -1, 0
124, -1, 0
123, -2, 0
126, -1, 0
125, -1, 0
126, -1, 1
128, -2, 0
124, -1, 0
123, -1, 0
124, -1, 0
123, -2, 0
125, -1, 0
125, -1, 0
125, -1, 1
131, -2, 0
121, -1, 0
124, -1, 0
125, -1, 0
125, -2, 0
125, -1, 1
126, -1, 0
123, -1, 0
126, -2, 0
126, -1, 0
248, -2, 1
126, -1, 0
125, -2, 0
250, -2, 0
126, -1, 0
125, -1, 0
125, -2, 1
125, -1, 0
125, -1, 0
125, -2, 0
249, -2, 0
126, -1, 1
125, -2, 0
124, -1, 0
125, -1, 0
125, -1, 0
125, -1, 0
125, -1, 1
126, -2, 0
124, -1, 0
126, -2, 0
248, -2, 0
126, -1, 0
125, -1, 1
124, -2, 0
125, -1, 0
126, -1, 0
125, -1, 0
125, -1, 0
125, -2, 1
124, -1, 0
126, -1, 0
124, -1, 0
126, -1, 0
124, -2, 0
126, -1, 1
124, -1, 0
125, -1, 0
125, -2, 0
249, -2, 0
126, -1, 1
125, -2, 0
260, -2, 0
124, -1, 0
117, -1, 1
125, -1, 0
124, -2, 0
125, -1, 0
125, -1, 0
126, -1, 0
125, -2, 1
249, -2, 0
126, -1, 0
125, -1, 0
124, -1, 0
125, -2, 1
126, -1, 0
125, -1, 0
124, -1, 0
126, -2, 0
125, 0, 1
125, -2, 0
125, -1, 0
124, -1, 0
126, -1, 0
124, -2, 1
125, -1, 0
125, -1, 0
125, -1, 0
125, -1, 0
126, -1, 0
125, -1, 0
126, -2, 1
122, -1, 0
127, -1, 0
125, -1, 0
125, -1, 0
125, -1, 1
125, -2, 0
250, -2, 0
125, -1, 0
125, -1, 0
125, -1, 1
125, -1, 0
125, -1, 0
125, -2, 0
125, -1, 0
126, -1, 1
124, -1, 0
125, -1, 0
125, -1, 0
125, -1, 0
125, -1, 1
126, -2, 0
249, -2, 0
125, -1, 0
125, -1, 0
125, -1, 1
126, -1, 0
124, -1, 0
125, -1, 0
126, -1, 0
125, -1, 1
126, -1, 0
123, -2, 0
250, -2, 0
125, -1, 0
249, -2, 1
127, -1, 0
124, -1, 0
125, -1, 0
125, -1, 0
125, -1, 1
125, -1, 0
124, -1, 0
127, -1, 0
126, -1, 0
126, -1, 1
124, -1, 0
123, -1, 0
125, -1, 0
125, -1, 0
125, -1, 1
125, -1, 0
126, -1, 0
124, -1, 0
126, -1, 0
124, -1, 0
125, -1, 1
126, -1, 0
124, -1, 0
126, -1, 0
124, -1, 0
127, -1, 0
123, -1, 1
125, -1, 0
125, -1, 0
125, -1, 0
125, -1, 0
126, -1, 0
126, -1, 1
122, -1, 0
252, -1, 0
128, -1, 0
122, -1, 0
124, -1, 1
125, -1, 0
125, -1, 0
125, -1, 0
124, -1, 0
250, -2, 1
251, -1, 0
125, -1, 0
125, -1, 0
125, -1, 0
125, -1, 1
126, -1, 0
124, -1, 0
251, -1, 0
124, -1, 0
125, -1, 0
125, -1, 1
125, -1, 0
253, -1, 0
123, -1, 0
133, -1, 0
126, -1, 1
121, -1, 0
245, -1, 0
125, -1, 0
126, -1, 0
249, -1, 1
126, -1, 0
253, -1, 0
122, -1, 0
125, -1, 0
250, -1, 1
125, -1, 0
123, -1, 0
251, -1, 0
124, -1, 0
126, 0, 1
126, -1, 0
124, -1, 0
249, -1, 0
126, -1, 0
249, -1, 0
125, -1, 1
249, -1, 0
251, -1, 0
128, -1, 0
249, -1, 0
248, -1, 0
125, -1, 1
251, -1, 0
250, -1, 0
249, -1, 0
250, -1, 0
142, 0, 1
109, -1, 0
249, -1, 0
253, -1, 0
373, -1, 0
250, -1, 1
250, -1, 0
251, -1, 0
374, -1, 0
374, -1, 0
253, -1, 1
417, -1, 0
391, -1, 0
483, -1, 0
333, -1, 0
248, 0, 1
383, -1, 0
497, -1, 0
871, -1, 0
999, -1, 0
6555, 0, 1
2384, 1, 0
1311, 1, 0
126, 0, 1
751, 1, 0
1001, 1, 0
498, 0, 1
250, 1, 0
672, 1, 0
578, 1, 0
250, 0, 1
250, 1, 0
626, 1, 0
499, 1, 0
250, 0, 1
125, 1, 0
501, 1, 0
412, 1, 0
211, 0, 1
126, 1, 0
374, 1, 0
378, 1, 0
373, 1, 0
250, 1, 1
375, 1, 0
375, 1, 0
248, 1, 0
262, 1, 0
124, 0, 1
241, 1, 0
250, 1, 0
251, 1, 0
248, 1, 0
251, 1, 0
250, 1, 0
251, 1, 1
249, 1, 0
250, 1, 0
250, 1, 0
250, 1, 0
250, 1, 0
251, 1, 0
124, 1, 0
250, 1, 0
126, 1, 0
249, 1, 0
250, 1, 0
250, 1, 0
126, 1, 0
126, 0, 1
124, 1, 0
124, 1, 0
250, 1, 0
250, 1, 0
124, 1, 0
251, 1, 0
250, 1, 0
125, 1, 0
125, 1, 0
249, 1, 0
127, 1, 0
253, 1, 0
121, 1, 0
249, 1, 0
125, 1, 0
125, 1, 0
251, 1, 0
124, 1, 0
125, 1, 0
250, 1, 0
125, 1, 0
126, 1, 1
250, 1, 0
124, 1, 0
125, 1, 0
250, 1, 0
141, 1, 0
109, 1, 0
126, 1, 0
124, 1, 0
249, 1, 0
126, 1, 0
125, 1, 0
251, 1, 0
126, 1, 0
124, 1, 0
125, 1, 0
125, 1, 0
126, 1, 0
249, 1, 0
125, 1, 0
126, 1, 0
124, 1, 0
125, 1, 0
125, 1, 0
125, 1, 0
251, 1, 0
124, 1, 0
126, 1, 0
124, 1, 0
125, 1, 0
125, 1, 0
125, 1, 0
250, 2, 0
251, 1, 0
124, 1, 0
125, 1, 0
125, 1, 0
125, 1, 0
125, 1, 0
125, 1, 0
126, 1, 0
126, 1, 0
123, 1, 0
125, 1, 0
125, 1, 0
250, 2, 0
250, 2, 0
250, 2, 0
250, 2, 0
250, 2, 0
263, 2, 0
236, 2, 0
250, 2, 0
250, 1, 0
126, 1, 0
125, 2, 0
250, 2, 0
253, 2, 0
247, 2, 0
129, 1, 0
122, 1, 0
127, 1, 0
123, 1, 0
125, 1, 0
126, 1, 0
124, 1, 0
124, 1, 0
125, 1, 0
125, 1, 0
126, 1, 0
124, 1, 0
125, 1, 0
125, 1, 0
125, 1, 0
125, 1, 0
125, 1, 0
125, 1, 0
126, 1, 0
124, 1, 0
125, 1, 0
125, 1, 0
126, 2, 0
253, 2, 0
121, 1, 0
126, 1, 0
125, 1, 0
124, 1, 0
125, 1, 0
125, 1, 0
125, 1, 0
125, 2, 0
249, 2, 0
126, 1, 0
125, 1, 0
125, 1, 0
125, 1, 0
125, 1, 0
125, 1, 0
125, 1, 0
125, 1, 0
125, 2, 0
125, 1, 0
125, 1, 0
125, 1, 0
125, 1, 0
125, 1, 0
125, 1, 0
126, 1, 0
124, 1, 0
125, 1, 0
125, 1, 0
125, 1, 0
125, 2, 0
249, 2, 0
127, 1, 0
124, 1, 0
125, 1, 0
125, 1, 0
125, 1, 0
125, 1, 0
125, 1, 0
127, 2, 0
249, 2, 0
124, 1, 0
125, 1, 0
125, 1, 0
125, 1, -1
125, 1, 0
125, 1, 0
125, 1, 0
127, 2, 0
123, 1, 0
125, 1, 0
125, 1, 0
125, 1, 0
125, 1, 0
125, 1, 0
125, 1, 0
125, 2, 0
249, 2, 0
126, 1, 0
125, 1, 0
125, 1, 0
126, 1, 0
126, 1, 0
123, 1, 0
125, 1, 0
125, 1, 0
125, 1, 0
125, 1, 0
125, 2, 0
250, 2, 0
125, 1, 0
125, 1, 0
125, 1, 0
126, 1, 0
124, 1, 0
125, 1, 0
125, 1, 0
126, 2, 0
124, 0, -1
125, 2, 0
249, 2, 0
126, 1, 0
125, 1, 0
125, 1, 0
126, 1, 0
124, 1, 0
125, 1, 0
125, 1, 0
134, 1, 0
125, 1, 0
120, 1, 0
121, 1, 0
126, 1, 0
124, 1, 0
125, 1, -1
125, 1, 0
125, 2, 0
249, 2, 0
251, 2, 0
125, 1, 0
125, 1, 0
125, 1, 0
125, 1, 0
125, 1, 0
249, 2, 0
250, 2, 0
250, 2, -1
250, 2, 0
250, 2, 0
250, 1, 0
126, 1, 0
126, 1, 0
124, 1, 0
125, 1, 0
125, 1, 0
125, 1, 0
126, 1, 0
124, 1, 0
125, 1, 0
127, 1, 0
126, 1, -1
125, 1, 0
123, 1, 0
126, 1, 0
251, 1, 0
122, 1, 0
125, 1, 0
125, 1, 0
126, 1, 0
124, 1, 0
125, 1, 0
126, 1, 0
125, 1, 0
248, 1, 0
126, 1, -1
126, 1, 0
126, 1, 0
123, 1, 0
126, 1, 0
250, 1, 0
125, 1, 0
125, 1, 0
124, 1, 0
125, 1, 0
250, 1, 0
126, 1, -1
126, 1, 0
250, 1, 0
123, 1, 0
124, 1, 0
124, 1, 0
128, 1, 0
248, 1, 0
125, 1, 0
125, 1, 0
255, 1, 0
121, 1, 0
125, 1, 0
255, 1, -1
131, 1, 0
117, 1, 0
251, 1, 0
252, 1, 0
123, 1, 0
250, 1, 0
125, 1, 0
251, 1, 0
124, 1, 0
251, 1, 0
125, 0, -1
123, 1, 0
126, 1, 0
250, 1, 0
125, 1, 0
251, 1, 0
249, 1, 0
125, 1, 0
250, 1, 0
253, 1, 0
254, 1, -1
125, 1, 0
244, 1, 0
250, 1, 0
374, 1, 0
125, 1, 0
250, 1, 0
376, 1, 0
258, 1, 0
242, 1, 0
248, 1, 0
375, 1, 0
376, 1, 0
249, 1, -1
375, 1, 0
382, 1, 0
375, 1, 0
370, 1, 0
375, 1, 0
500, 1, 0
374, 1, 0
627, 1, 0
499, 1, 0
759, 1, 0
744, 1, 0
747, 1, 0
501, 0, -1
1125, 1, 0
14766, 0, -1
1109, -1, 0
1251, 0, -1
247, -1, 0
1503, -1, 0
372, 0, -1
1130, -1, 0
620, 0, -1
375, -1, 0
1127, -1, -1
1000, -1, 0
631, 0, -1
369, -1, 0
748, -1, 0
538, 0, -1
401, -1, 0
813, -1, 0
531, 0, -1
211, -1, 0
631, -1, 0
498, 0, -1
376, -1, 0
624, -1, 0
122, 0, -1
628, -1, 0
780, -1, 0
499, 0, -1
103, -1, 0
617, -1, 0
530, 0, -1
219, -1, 0
538, -1, 0
621, -1, 0
92, 0, -1
530, -1, 0
722, -1, 0
247, 0, -1
250, -1, 0
627, -1, 0
533, 0, -1
91, -1, 0
657, -1, 0
597, -1, -1
499, -1, 0
750, -1, 0
246, 0, -1
503, -1, 0
498, -1, 0
626, -1, -1
789, -1, 0
460, -1, 0
125, 0, -1
656, -1, 0
650, -1, 0
350, 0, -1
344, -1, 0
660, -1, 0
498, 0, -1
216, -1, 0
627, -1, 0
751, -1, 0
123, 0, -1
627, -1, 0
753, -1, 0
121, 0, -1
878, -1, 0
622, -1, 0
501, 0, -1
375, -1, 0
875, -1, 0
500, 0, -1
373, -1, 0
753, -1, 0
625, 0, -1
248, -1, 0
1157, -1, 0
628, 0, -1
98, -1, 0
1029, -1, 0
875, 0, -1
87, -1, 0
758, -1, 0
1022, -1, 0
96, 0, -1
750, -1, 0
874, -1, 0
750, 0, -1
249, -1, 0
907, -1, 0
847, -1, -1
1005, -1, 0
996, -1, 0
498, 0, -1
250, -1, 0
877, -1, 0
874, -1, 0
876, -1, -1
625, -1, 0
877, -1, 0
747, -1, 0
248, 0, -1
511, -1, 0
614, -1, 0
878, -1, 0
646, -1, 0
99, 0, -1
505, -1, 0
623, -1, 0
499, -1, 0
795, -1, 0
604, -1, 0
626, -1, 0
484, -1, -1
619, -1, 0
561, -1, 0
436, -1, 0
663, -1, 0
464, -1, 0
534, -1, 0
497, -1, 0
466, -1, 0
535, -1, 0
467, -1, 0
443, -1, 0
305, -1, 0
659, -1, 0
340, -1, 0
537, -1, 0
499, -1, 0
215, -1, 0
537, -1, 0
465, -1, 0
373, -1, 0
427, -1, 0
448, -1, 0
375, -1, 0
402, -1, 0
348, -1, 0
531, -1, 0
375, -1, 0
399, -1, 0
493, -1, 0
325, -1, 0
376, -1, 0
409, -1, 0
341, -1, 0
375, -1, 0
408, -1, 0
341, -1, 0
376, -1, 0
376, -1, 0
435, -1, 0
314, -1, 0
408, -1, 0
343, -1, 0
375, -1, 0
410, -1, 0
340, -1, 0
411, -1, 0
342, -1, 0
375, -1, 0
409, -1, 0
337, -1, 0
377, -1, 0
374, -1, 0
375, -1, 0
250, 0, 1
126, -1, 0
375, -1, 0
374, -1, 0
375, -1, 0
375, -1, 0
500, -1, 0
251, -1, 0
411, -1, 0
339, -1, 0
377, -1, 0
372, -1, 0
387, -1, 0
489, -1, 0
249, -1, 0
375, -1, 1
501, -1, 0
374, -1, 0
376, -1, 0
374, -1, 0
375, -1, 0
426, -1, 0
357, -1, 0
466, -1, 0
375, -1, 0
376, -1, 0
249, -1, 0
125, 0, 1
375, -1, 0
500, -1, 0
250, -1, 0
537, -1, 0
465, -1, 0
499, -1, 0
250, -1, 0
501, -1, 0
503, -1, 0
371, -1, 0
501, -1, 0
499, -1, 0
250, 0, 1
126, -1, 0
500, -1, 0
535, -1, 0
339, -1, 0
625, -1, 0
376, -1, 0
500, -1, 0
624, -1, 0
499, -1, 0
502, -1, 0
499, -1, 0
500, -1, 0
253, 0, 1
247, -1, 0
750, -1, 0
661, -1, 0
464, -1, 0
748, -1, 0
752, -1, 0
625, -1, 0
1001, -1, 0
751, -1, 0
997, -1, 0
1127, -1, 0
250, 0, 1
1000, -1, 0
1499, -1, 0
2299, -1, 0
189877, 0, 0
85242, 0, 0
