offset, x, y
9959, -1, 0
1991, 0, 1
1382, -1, 0
29238, 0, 1
4731, 0, 1
3775, 1, 0
382, 0, 1
5505, 0, 1
3223, 1, 0
7117, 0, 1
13499, 0, 1
1739, 1, 0
5157, 0, 1
96, 1, 0
3629, 1, 0
368, 0, 1
2049, 1, 0
1341, 0, 1
758, 1, 0
1647, 1, 0
458, 0, 1
872, 1, 0
1629, 1, 0
624, 0, 1
906, 1, 0
1121, 1, 0
222, 0, 1
1533, 1, 0
1123, 1, 0
98, 0, 1
1121, 1, 0
1157, 1, 0
561, 0, 1
662, 1, 0
1122, 1, 0
1025, 1, 0
755, 0, 1
466, 1, 0
1001, 1, 0
1021, 1, 0
1021, 1, 0
870, 1, 0
999, 1, 0
996, 1, 0
875, 1, 0
726, 1, 0
895, 1, 0
756, 1, 0
873, 1, 0
95, 0, -1
497, 1, 0
882, 1, 0
753, 1, -1
766, 1, 0
723, 1, 0
386, 0, -1
236, 1, 0
750, 1, 0
428, 0, -1
322, 1, 0
661, 1, 0
93, 0, -1
674, 1, 0
490, 1, -1
866, 1, 0
216, 0, -1
250, 1, 0
630, 0, -1
124, 1, 0
655, 1, 0
343, 0, -1
249, 1, 0
634, 1, -1
618, 1, 0
247, 0, -1
513, 1, 0
362, 0, -1
128, 1, 0
628, 0, -1
123, 1, 0
530, 1, 0
95, 0, -1
497, 1, 0
249, 0, -1
251, 1, 0
374, 0, -1
251, 1, 0
534, 0, -1
93, 1, 0
658, 1, -1
589, 1, -1
427, 1, 0
461, 0, -1
116, 1, 0
371, 0, -1
427, 1, 0
324, 1, -1
662, 1, -1
587, 1, -1
534, 1, -1
591, 1, -1
505, 1, 0
246, 0, -1
249, 1, 0
252, 0, -1
248, 1, 0
375, 0, -1
128, 1, 0
531, 0, -1
94, 1, 0
372, 0, -1
128, 1, 0
530, 1, -1
467, 1, 0
128, 0, -1
374, 1, 0
126, 0, -1
372, 1, 0
128, 0, -1
425, 1, 0
198, 0, -1
374, 1, -1
540, 1, 0
210, 0, -1
128, 1, 0
414, 0, -1
86, 1, 0
373, 0, -1
127, 1, 0
419, 1, 0
82, 0, -1
378, 1, 0
259, 0, -1
245, 1, 0
244, 0, -1
263, 1, 0
244, 0, -1
244, 1, 0
376, 1, -1
373, 1, 0
134, 0, -1
514, 1, 0
110, 0, -1
250, 1, 0
245, 0, -1
470, 1, 0
398, 1, 0
263, 0, -1
114, 1, -1
251, 1, 0
450, 0, -1
52, 1, 0
375, 1, 0
123, 0, -1
253, 1, 0
372, 0, -1
127, 1, 0
372, 1, 0
127, 0, -1
248, 1, 0
374, 0, -1
129, 1, 0
534, 1, -1
341, 1, 0
248, 0, -1
127, 1, 0
371, 1, 0
128, 0, -1
374, 1, 0
126, 0, -1
247, 1, 0
374, 1, 0
129, 0, -1
248, 1, 0
374, 1, -1
548, 1, -1
332, 1, 0
370, 1, -1
376, 1, 0
250, 0, -1
127, 1, 0
372, 1, 0
128, 0, -1
247, 1, 0
428, 1, 0
75, 0, -1
372, 1, 0
252, 1, 0
126, 0, -1
260, 1, 0
363, 0, -1
140, 1, 0
236, 1, 0
377, 1, -1
372, 1, 0
375, 1, -1
375, 1, 0
375, 1, -1
377, 1, 0
375, 1, -1
258, 1, 0
474, 1, 0
127, 0, -1
125, 1, 0
512, 1, 0
245, 0, -1
117, 1, 0
247, 1, 0
251, 1, -1
565, 1, 0
184, 1, 0
250, 0, -1
129, 1, 0
403, 1, 0
344, 1, 0
127, 0, -1
125, 1, 0
402, 1, 0
375, 1, -1
220, 1, 0
532, 1, 0
106, 0, -1
115, 1, 0
404, 1, 0
221, 1, 0
248, 0, -1
128, 1, 0
428, 1, 0
348, 1, 0
220, 0, -1
128, 1, 0
372, 1, 0
250, 1, 0
250, 0, -1
128, 1, 0
373, 1, 0
249, 1, 0
407, 1, -1
343, 1, 0
250, 1, 0
406, 1, 0
109, 0, -1
235, 1, 0
406, 1, 0
219, 1, 0
404, 1, 0
102, 0, -1
122, 1, 0
528, 1, 0
219, 1, 0
376, 1, -1
250, 1, 0
406, 1, 0
218, 1, 0
376, 0, -1
137, 1, 0
363, 1, 0
251, 1, 0
382, 1, 0
369, 1, 0
134, 0, -1
125, 1, 0
521, 1, 0
848, 1, 0
256, 1, 0
125, 1, -1
125, 1, 0
363, 1, 0
376, 1, 0
409, 1, -1
340, 1, 0
532, 1, 0
352, 1, 0
244, 0, -1
135, 1, 0
395, 1, 0
343, 1, 0
501, 1, 0
376, 1, 0
135, 0, -1
238, 1, 0
531, 1, 0
344, 1, 0
499, 1, 0
505, 1, 0
133, 0, -1
489, 1, 0
876, 1, -1
1377, 1, -1
1249, 0, -1
1124, 0, -1
1376, 0, -1
1627, 0, -1
1621, 0, -1
1414, 0, -1
1865, 0, -1
1630, -1, -1
2070, 0, -1
22, -1, 0
1912, 0, -1
335, -1, 0
1424, 0, -1
591, -1, 0
785, 0, -1
1123, -1, 0
625, 0, -1
1331, -1, 0
372, 0, -1
1012, -1, 0
408, 0, -1
1255, -1, 0
324, 0, -1
1043, -1, 0
438, 0, -1
807, -1, 0
504, 0, -1
606, -1, 0
766, 0, -1
462, -1, 0
795, 0, -1
83, -1, 0
917, -1, 0
330, 0, -1
831, -1, 0
176, 0, -1
498, -1, 0
750, 0, -1
127, -1, 0
748, -1, 0
374, 0, -1
425, -1, 0
636, -1, 0
68, 0, -1
622, -1, 0
556, 0, -1
71, -1, 0
683, -1, 0
983, 0, -1
81, -1, 0
123, -1, 0
247, 0, -1
409, -1, 0
591, -1, -1
531, -1, 0
624, -1, -1
502, -1, 0
497, -1, 0
99, 0, -1
373, -1, 0
535, -1, 0
92, 0, -1
402, -1, 0
512, -1, 0
85, 0, -1
404, -1, 0
374, -1, 0
500, -1, 0
98, 0, -1
400, -1, 0
382, -1, 0
102, 0, -1
363, -1, 0
412, -1, 0
464, 0, -1
135, -1, 0
239, -1, 0
539, -1, 0
336, -1, -1
536, -1, 0
339, -1, 0
250, 0, -1
136, -1, 0
400, -1, 0
339, -1, 0
411, -1, -1
339, -1, 0
500, -1, 0
250, -1, 0
249, 0, -1
137, -1, 0
366, -1, 0
428, -1, 0
195, 0, -1
251, -1, 0
249, -1, 0
1083, -1, 0
180, -1, 0
123, -1, -1
125, -1, 0
241, -1, 0
374, -1, 0
139, 0, -1
234, -1, 0
376, -1, 0
249, -1, 0
414, -1, 0
337, -1, 0
136, 0, -1
125, -1, 0
445, -1, 0
295, -1, 0
249, -1, 0
375, -1, 0
415, -1, -1
210, -1, 0
413, -1, 0
212, -1, 0
379, -1, 0
374, -1, 0
246, -1, 0
251, 0, -1
127, -1, 0
247, -1, 0
438, -1, 0
187, -1, 0
375, -1, 0
250, -1, 0
409, -1, 0
341, -1, 0
252, -1, 0
249, -1, 0
250, 0, -1
127, -1, 0
411, -1, 0
212, -1, 0
251, -1, 0
249, -1, 0
414, -1, 0
211, -1, 0
413, -1, 0
211, -1, 0
416, -1, 0
210, -1, 0
374, -1, 0
251, -1, 0
413, -1, 0
212, -1, 0
250, -1, 0
250, -1, 0
383, -1, 0
243, -1, 0
249, -1, 0
777, -1, 0
231, -1, 0
174, -1, 0
162, -1, 0
157, -1, 0
376, -1, 0
247, -1, 0
408, -1, 0
217, -1, 0
250, -1, 0
250, -1, 0
408, -1, 0
217, -1, 0
427, -1, 0
198, -1, 0
426, -1, 0
199, -1, 0
250, -1, 0
406, -1, 0
219, -1, 0
408, -1, 0
217, -1, 0
250, -1, 0
375, -1, 0
250, -1, 0
250, -1, 0
421, -1, 0
204, -1, 0
375, -1, 0
250, -1, 0
375, -1, 0
250, -1, 0
250, -1, 0
420, -1, 0
205, -1, 0
250, -1, 1
407, -1, 0
342, -1, 0
251, -1, 0
250, -1, 0
387, -1, 0
237, -1, 0
251, -1, 0
406, -1, 0
218, -1, 0
410, -1, 1
215, -1, 0
251, -1, 0
406, -1, 0
343, -1, 0
254, -1, 0
249, -1, 0
374, -1, 1
250, -1, 0
377, -1, 0
530, -1, 0
221, -1, 0
263, -1, 0
232, -1, 1
251, -1, 0
250, -1, 0
375, -1, 0
408, -1, 0
342, -1, 0
250, -1, 1
249, -1, 0
409, -1, 0
342, -1, 0
249, -1, 0
253, -1, 0
250, 0, 1
247, -1, 0
251, -1, 0
249, -1, 0
375, -1, 0
375, -1, 0
128, 0, 1
125, -1, 0
404, -1, 0
218, -1, 0
402, -1, 0
380, -1, 0
96, 0, 1
247, -1, 0
250, -1, 0
409, -1, 0
341, -1, 0
250, 0, 1
128, -1, 0
247, -1, 0
375, -1, 0
409, -1, 0
341, -1, 0
128, 0, 1
247, -1, 0
250, -1, 0
540, -1, 0
210, -1, 1
409, -1, 0
498, -1, 0
218, -1, 0
534, -1, 0
113, 0, 1
228, -1, 0
376, -1, 0
478, -1, 0
271, -1, 0
128, 0, 1
247, -1, 0
375, -1, 0
666, -1, 0
212, -1, 0
125, 0, 1
372, -1, 0
534, -1, 0
342, -1, 0
537, -1, 1
495, -1, 0
342, -1, 0
534, -1, 0
466, 0, 1
128, -1, 0
405, -1, 0
467, -1, 0
660, -1, 0
340, -1, 0
128, 0, 1
532, -1, 0
623, -1, 0
502, -1, 0
590, -1, 1
626, -1, 0
659, -1, 0
590, -1, 0
751, -1, 0
752, -1, 1
747, -1, 0
906, -1, 0
879, -1, 0
1096, -1, 0
1744, -1, 0
806, -1, 0
72, 0, 1
1791, -1, 0
3502, -1, 0
25492, 1, 0
7122, 1, 0
1764, 0, 1
2874, 1, 0
3264, 1, 0
762, 0, 1
2453, 1, 0
2628, 1, 0
635, 0, 1
1900, 1, 0
2230, 1, 0
1854, 1, 0
1387, 0, 1
359, 1, 0
1790, 1, 0
1365, 1, 0
1496, 1, 0
1355, 1, 0
1117, 1, 0
1247, 1, 0
1182, 1, 0
942, 1, 0
1019, 1, 0
986, 1, 0
906, 1, 0
878, 1, 0
841, 1, 0
750, 1, 0
890, 1, 0
723, 1, 0
619, 1, 0
908, 1, 0
626, 1, 0
840, 1, 0
658, 1, 0
592, 1, -1
747, 1, 0
508, 1, 0
749, 1, 0
530, 1, 0
751, 1, -1
475, 1, 0
538, 1, 0
577, 1, 0
625, 1, 0
625, 1, 0
250, 0, -1
249, 1, 0
626, 1, 0
529, 1, 0
542, 1, 0
429, 1, -1
631, 1, 0
621, 1, 0
248, 1, 0
627, 0, -1
125, 1, 0
502, 1, 0
377, 1, 0
625, 1, 0
504, 1, -1
500, 1, 0
499, 1, 0
499, 1, 0
422, 1, 0
196, 0, -1
255, 1, 0
496, 1, 0
498, 1, 0
753, 1, 0
258, 0, -1
116, 1, 0
247, 1, 0
531, 1, 0
470, 1, 0
127, 0, -1
401, 1, 0
401, 1, 0
475, 1, 0
426, 1, 0
353, 0, -1
69, 1, 0
528, 1, 0
470, 1, 0
403, 1, 0
221, 0, -1
250, 1, 0
404, 1, 0
502, 1, 0
397, 1, 0
381, 0, -1
69, 1, 0
511, 1, 0
362, 1, 0
418, 1, 0
458, 1, -1
374, 1, 0
502, 1, 0
499, 1, 0
249, 0, -1
250, 1, 0
375, 1, 0
418, 1, 0
457, 1, 0
250, 0, -1
137, 1, 0
529, 1, 0
459, 1, 0
417, 1, 0
340, 1, -1
556, 1, 0
492, 1, 0
324, 1, 0
250, 0, -1
855, 1, 0
154, 1, 0
237, 1, 0
379, 1, 0
132, 0, -1
239, 1, 0
536, 1, 0
340, 1, 0
545, 1, 0
204, 0, -1
250, 1, 0
375, 1, 0
501, 1, 0
415, 0, -1
87, 1, 0
411, 1, 0
502, 1, 0
498, 1, -1
503, 1, 0
496, 1, 0
503, 1, 0
334, 0, -1
128, 1, 0
558, 1, 0
440, 1, 0
375, 0, -1
127, 1, 0
497, 1, 0
500, 1, 0
415, 0, -1
210, 1, 0
544, 1, 0
622, 1, -1
626, 1, 0
617, 1, 0
382, 0, -1
87, 1, 0
539, 1, 0
711, 1, 0
247, 0, -1
382, 1, 0
533, 1, 0
485, 0, -1
225, 1, 0
779, 1, 0
506, 0, -1
214, 1, 0
906, 1, 0
499, 0, -1
220, 1, 0
779, 1, 0
721, 1, 0
128, 0, -1
911, 1, 0
617, 0, -1
219, 1, 0
1127, 1, 0
749, 0, -1
502, 1, 0
1043, 1, 0
745, 0, -1
897, 1, 0
1103, 0, -1
336, 1, 0
3434, 0, -1
208, 1, 0
4985, 0, -1
13454, 0, -1
3813, 0, -1
1923, -1, 0
740, 0, -1
2333, 0, -1
2037, 0, -1
92, -1, 0
1750, 0, -1
874, -1, 0
929, 0, -1
1238, 0, -1
726, -1, 0
711, 0, -1
1407, 0, -1
218, -1, 0
1002, 0, -1
779, -1, 0
748, 0, -1
1241, 0, -1
245, -1, 0
777, 0, -1
585, -1, 0
630, 0, -1
746, -1, 0
375, 0, -1
790, -1, 0
208, 0, -1
1165, 0, -1
97, -1, 0
916, 0, -1
84, -1, 0
777, -1, 0
211, 0, -1
1189, -1, 0
206, 0, -1
482, -1, 0
134, 0, -1
657, -1, 0
631, 0, -1
201, -1, 0
668, -1, -1
1175, -1, 0
239, 0, -1
46, -1, 0
413, 0, -1
335, -1, 0
664, -1, 0
87, 0, -1
498, -1, 0
540, 0, -1
87, -1, 0
679, -1, -1
499, -1, 0
485, -1, 0
210, 0, -1
416, -1, 0
500, -1, -1
467, -1, 0
372, 0, -1
127, -1, 0
499, -1, 0
557, -1, -1
497, -1, 0
467, -1, -1
353, -1, 0
499, -1, -1
423, -1, 0
453, -1, 0
128, 0, -1
246, -1, 0
429, -1, 0
447, -1, -1
755, -1, 0
432, -1, 0
204, -1, -1
106, -1, 0
432, -1, -1
315, -1, 0
404, -1, 0
377, 0, -1
97, -1, 0
247, -1, 0
406, -1, 0
101, 0, -1
243, -1, 0
375, -1, 0
381, -1, -1
247, -1, 0
540, -1, 0
210, -1, 0
250, 0, -1
127, -1, 0
406, -1, 0
216, -1, 0
128, 0, -1
247, -1, 0
407, -1, 0
218, -1, 0
250, 0, -1
128, -1, 0
416, -1, 0
314, -1, 0
149, -1, 0
247, 0, -1
135, -1, 0
238, -1, 0
426, -1, 0
199, -1, 0
136, 0, -1
239, -1, 0
250, -1, 0
380, -1, 0
245, -1, 0
250, -1, -1
430, -1, 0
196, -1, 0
249, -1, 0
250, -1, -1
427, -1, 0
199, -1, 0
427, -1, 0
83, 0, -1
125, -1, 0
239, -1, 0
250, -1, 0
426, -1, 0
200, -1, 0
135, 0, -1
123, -1, 0
237, -1, 0
250, -1, 0
250, -1, 0
374, -1, 0
769, 0, -1
246, -1, 0
128, -3, 0
237, -1, 0
250, -1, -1
250, -1, 0
250, -1, 0
251, -1, 0
249, -1, 0
250, -1, 0
250, -1, 0
136, 0, -1
126, -1, 0
237, -1, 0
250, -1, 0
251, -1, 0
375, -1, 0
249, -1, -1
358, -1, 0
140, -1, 0
249, -1, 0
250, -1, 0
128, -1, 0
246, -1, 0
252, -1, 0
249, -1, -1
250, -1, 0
375, -1, 0
250, -1, 0
250, -1, 0
250, -1, 0
128, -1, 0
247, 0, -1
129, -1, 0
124, -1, 0
247, -1, 0
250, -1, 0
250, -1, 0
250, -1, 0
250, -1, 0
250, -1, 0
250, -1, -1
250, -1, 0
250, -1, 0
250, -1, 0
250, -1, 0
250, -1, 0
250, -1, 0
250, -1, 0
250, -1, -1
250, -1, 0
128, -1, 0
247, -1, 0
250, -1, 0
250, -1, 0
250, -1, 0
250, -1, 0
250, -1, -1
250, -1, 0
250, -1, 0
250, -1, 0
128, -1, 0
247, -1, 0
415, -1, 0
210, -1, 0
250, -1, 0
129, -1, 0
124, 0, -1
125, -1, 0
503, -1, 0
247, -1, 0
125, -1, 0
125, -1, 0
247, -1, 0
250, -1, 0
250, -1, 0
250, -1, 0
127, -1, 0
126, 0, -1
124, -1, 0
248, -1, 0
250, -1, 0
250, -1, 0
414, -1, 0
211, -1, 0
127, -1, 0
248, -1, 0
256, -1, 0
126, 0, -1
124, -1, 0
247, -1, 0
251, -1, 0
263, -1, 0
241, -1, 0
246, -1, 0
250, -1, 0
250, -1, 0
250, -1, 0
127, 0, -1
125, -1, 0
248, -1, 0
249, -1, 0
251, -1, 0
249, -1, 0
251, -1, 0
250, -1, 0
375, -1, 0
250, -1, -1
128, -1, 0
247, -1, 0
250, -1, 0
250, -1, 0
375, -1, 0
249, -1, 0
251, -1, 0
249, -1, 0
251, -1, -1
249, -1, 0
250, -1, 0
251, -1, 0
253, -1, 0
247, -1, 0
430, -1, 0
196, -1, -1
250, -1, 0
425, -1, 0
77, -1, 0
246, -1, 0
376, -1, 0
249, -1, 0
251, -1, -1
374, -1, 0
248, -1, 0
249, -1, 0
250, -1, 0
375, -1, 0
250, -1, 0
245, 0, -1
258, -1, 0
124, -1, 0
248, -1, 0
249, -1, 0
376, -1, 0
250, -1, 0
250, -1, 0
250, 0, -1
127, -1, 0
247, -1, 0
251, -1, 0
417, -1, 0
208, -1, 0
375, -1, 0
128, 0, -1
124, -1, 0
372, -1, 0
250, -1, 0
377, -1, 0
248, -1, 0
415, -1, 0
336, -1, 0
249, -1, -1
416, -1, 0
210, -1, 0
417, -1, 0
339, -1, 0
373, -1, 0
250, -1, -1
375, -1, 0
376, -1, 0
374, -1, 0
375, -1, 0
250, -1, 0
129, 0, -1
242, -1, 0
375, -1, 0
377, -1, 0
374, -1, 0
376, -1, 0
506, -1, -1
243, -1, 0
502, -1, 0
373, -1, 0
374, -1, 0
375, -1, 0
500, -1, 0
128, 0, -1
248, -1, 0
499, -1, 0
500, -1, 0
376, -1, 0
500, -1, 0
405, 0, -1
96, -1, 0
526, -1, 0
472, -1, 0
532, -1, 0
500, -1, 0
499, -1, 0
498, -1, 0
98, 0, -1
403, -1, 0
754, -1, 0
509, -1, 0
625, -1, 0
457, 0, -1
127, -1, 0
660, -1, 0
588, -1, 0
794, -1, 0
741, -1, 0
876, -1, 0
92, 0, -1
781, -1, 0
880, -1, 0
995, -1, 0
1127, -1, 0
214, 0, -1
1131, -1, 0
1610, -1, 0
2042, -1, 0
3248, -1, 0
17165, 0, 1
2071, 0, 1
1405, 1, 0
626, 0, 1
1749, 0, 1
1377, 1, 1
1464, 0, 1
785, 1, 0
480, 0, 1
1246, 0, 1
243, 1, 0
1142, 0, 1
720, 1, 0
378, 0, 1
994, 1, 0
126, 0, 1
1297, 0, 1
200, 1, 0
696, 0, 1
679, 1, 0
249, 0, 1
752, 1, 0
409, 0, 1
897, 1, 0
70, 0, 1
747, 1, 0
251, 0, 1
749, 1, 0
251, 0, 1
657, 1, 0
342, 0, 1
534, 1, 0
466, 0, 1
534, 1, 0
341, 0, 1
250, 1, 0
786, 0, 1
93, 1, 0
655, 1, 0
321, 0, 1
273, 1, 0
497, 0, 1
250, 1, 0
626, 1, 0
127, 0, 1
653, 1, 0
220, 0, 1
249, 1, 0
656, 1, 0
97, 0, 1
526, 1, 0
503, 1, 1
593, 1, 0
251, 0, 1
249, 1, 0
649, 1, 0
104, 0, 1
403, 1, 0
498, 1, 0
99, 0, 1
372, 1, 0
375, 1, 1
625, 1, 0
250, 0, 1
250, 1, 0
375, 1, 0
249, 0, 1
251, 1, 0
407, 1, 0
343, 1, 1
626, 1, 0
136, 0, 1
124, 1, 0
489, 1, 0
378, 1, 1
521, 1, 0
226, 0, 1
136, 1, 0
437, 1, 0
302, 1, 0
250, 0, 1
138, 1, 0
368, 1, 0
245, 0, 1
136, 1, 0
394, 1, 0
359, 1, 0
837, 0, 1
167, 1, 0
118, 2, 1
392, 1, 0
221, 1, 0
375, 1, 1
406, 1, 0
219, 1, 0
250, 0, 1
136, 1, 0
394, 1, 0
347, 1, 0
373, 1, 1
253, 1, 0
247, 1, 0
405, 1, 0
102, 0, 1
121, 1, 0
402, 1, 0
220, 1, 0
250, 0, 1
128, 1, 0
247, 1, 0
250, 1, 0
375, 1, 0
128, 0, 1
125, 1, 0
401, 1, 0
221, 1, 0
250, 1, 0
128, 0, 1
125, 1, 0
401, 1, 0
222, 1, 0
250, 1, 0
376, 1, 1
248, 1, 0
251, 1, 0
249, 1, 0
408, 1, 0
95, 1, 0
247, 0, 1
128, 1, 0
247, 1, 0
250, 1, 0
409, 1, 0
94, 1, 0
247, 1, 0
250, 1, 1
250, 1, 0
250, 1, 0
250, 1, 0
250, 1, 0
250, 1, 0
250, 1, 1
408, 1, 0
217, 1, 0
263, 1, 0
119, 1, 0
243, 1, 0
250, 1, 0
250, 1, 0
128, 0, 1
125, 1, 0
247, 1, 0
250, 1, 0
282, 1, 0
218, 1, 0
250, 1, 0
250, 1, 0
127, 1, 0
126, 0, 1
125, 1, 0
248, 1, 0
249, 1, 0
251, 1, 0
127, 1, 0
247, 1, 0
250, 1, 0
250, 1, 0
250, 1, 0
250, 1, 0
250, 1, 0
128, 1, 0
247, 1, 1
250, 1, 0
250, 1, 0
128, 1, 0
247, 1, 0
250, 1, 0
250, 1, 0
250, 1, 0
128, 1, 0
247, 1, 0
250, 1, 0
250, 1, 0
127, 1, 0
248, 1, 0
127, 1, 0
248, 1, 0
249, 1, 0
291, 1, 0
97, 1, 0
263, 1, 0
225, 1, 0
252, 1, 0
134, 1, 0
239, 1, 0
249, 1, 0
250, 1, 0
137, 1, 0
238, 1, 0
251, 1, 1
250, 1, 0
136, 1, 0
238, 1, 0
250, 1, 0
137, 1, 0
239, 1, 0
250, 1, 0
249, 1, 0
137, 1, 0
241, 1, 0
248, 1, 0
136, 1, 0
239, 1, 0
250, 1, 0
250, 1, 0
136, 1, 0
239, 1, 0
136, 1, 0
239, 1, 0
250, 1, 0
249, 1, 0
138, 1, 0
238, 1, 0
250, 1, 0
136, 1, 0
240, 1, 0
249, 1, 0
250, 1, 0
954, 1, 0
190, 1, 0
117, 4, 0
238, 1, 0
136, 1, 0
241, 1, 0
253, 1, 0
249, 1, 0
134, 1, -1
238, 1, 0
250, 1, 0
250, 1, 0
250, 1, 0
136, 1, 0
239, 1, 0
250, 1, 0
251, 1, 0
130, 1, 0
244, 1, 0
250, 1, 0
250, 1, 0
251, 1, 0
249, 1, -1
128, 1, 0
247, 1, 0
250, 1, 0
250, 1, 0
250, 1, 0
250, 1, 0
250, 1, 0
128, 1, 0
247, 1, 0
250, 1, 0
250, 1, 0
128, 0, -1
125, 1, 0
247, 1, 0
250, 1, 0
128, 1, 0
372, 1, 0
128, 1, 0
247, 1, 0
250, 1, -1
250, 1, 0
251, 1, 0
249, 1, 0
250, 1, 0
250, 1, 0
250, 1, 0
250, 1, -1
250, 1, 0
250, 1, 0
250, 1, 0
250, 1, 0
250, 1, 0
250, 1, 0
128, 0, -1
125, 1, 0
247, 1, 0
250, 1, 0
250, 1, 0
249, 1, 0
251, 1, 0
250, 1, -1
375, 1, 0
249, 1, 0
251, 1, 0
250, 1, 0
251, 1, 0
129, 0, -1
246, 1, 0
251, 1, 0
249, 1, 0
249, 1, 0
375, 1, 0
249, 1, -1
250, 1, 0
250, 1, 0
406, 1, 0
219, 1, 0
398, 1, -1
227, 1, 0
404, 1, 0
221, 1, 0
250, 1, 0
128, 0, -1
247, 1, 0
250, 1, 0
250, 1, 0
375, 1, -1
405, 1, 0
345, 1, 0
250, 1, 0
406, 1, -1
219, 1, 0
500, 1, 0
250, 1, 0
250, 0, -1
128, 1, 0
375, 1, 0
373, 1, 0
249, 1, 0
137, 0, -1
238, 1, 0
500, 1, 0
250, 1, 0
538, 1, -1
337, 1, 0
412, 1, 0
338, 1, 0
137, 0, -1
400, 1, 0
502, 1, 0
97, 0, -1
239, 1, 0
539, 1, 0
336, 1, 0
250, 0, -1
250, 1, 0
535, 1, 0
470, 1, 0
133, 0, -1
399, 1, 0
624, 1, 0
780, 0, -1
201, 1, 0
120, 1, 0
517, 1, -1
762, 1, 0
458, 0, -1
137, 1, 0
739, 1, 0
678, 0, -1
201, 1, 0
635, 1, 0
522, 0, -1
339, 1, 0
658, 0, -1
499, 1, 0
968, 1, 0
127, 0, -1
1162, 1, 0
495, 0, -1
1626, 0, -1
215, 1, 0
1789, 0, -1
2124, 1, -1
2506, 0, -1
2490, 0, -1
2122, 0, -1
219, -1, 0
1181, 0, -1
1604, 0, -1
754, -1, 0
763, 0, -1
827, 0, -1
1033, -1, 0
212, 0, -1
1125, 0, -1
250, -1, 0
625, 0, -1
1003, -1, -1
1645, 0, -1
238, -1, 0
126, 0, -1
689, 0, -1
299, -1, 0
539, 0, -1
620, -1, 0
113, 0, -1
729, 0, -1
374, -1, 0
411, 0, -1
589, -1, -1
785, 0, -1
215, -1, 0
535, 0, -1
340, -1, 0
250, 0, -1
660, -1, 0
112, 0, -1
644, -1, -1
617, 0, -1
115, -1, 0
477, 0, -1
375, -1, 0
375, 0, -1
250, -1, 0
250, 0, -1
500, -1, 0
128, 0, -1
497, -1, 0
136, 0, -1
495, -1, 0
124, 0, -1
623, -1, -1
499, 0, -1
128, -1, 0
501, -1, -1
496, 0, -1
128, -1, 0
497, 0, -1
128, -1, 0
534, -1, -1
520, 0, -1
200, -1, 0
250, -1, -1
497, -1, -1
500, -1, -1
498, -1, 0
127, 0, -1
247, -1, 0
252, 0, -1
255, -1, 0
252, 0, -1
243, -1, 0
125, 0, -1
247, -1, 0
387, 0, -1
118, -1, 0
379, -1, 0
127, 0, -1
246, -1, 0
126, 0, -1
250, -1, 0
244, 0, -1
249, -1, 0
249, -1, -1
504, -1, -1
372, -1, -1
375, -1, 0
250, 0, -1
132, -1, 0
371, -1, -1
248, -1, 0
255, 0, -1
245, -1, 0
288, 0, -1
178, -1, 0
164, -1, 0
264, 0, -1
291, -1, 0
184, 0, -1
263, -1, 0
186, -1, -1
328, -1, -1
343, -1, 0
279, -1, -1
378, -1, -1
237, -1, 0
250, -1, -1
377, -1, 0
267, -1, -1
354, -1, 0
129, 0, -1
126, -1, 0
379, -1, -1
367, -1, 0
132, 0, -1
126, -1, 0
244, -1, -1
322, -1, 0
306, -1, -1
240, -1, 0
252, -1, -1
432, -1, 0
199, -1, -1
245, -1, 0
248, -1, -1
251, -1, 0
126, 0, -1
247, -1, 0
255, -1, 0
119, 0, -1
130, -1, 0
265, -1, 0
229, -1, -1
250, -1, 0
248, -1, -1
374, -1, 0
127, 0, -1
125, -1, 0
247, -1, 0
250, -1, -1
250, -1, 0
253, -1, -1
248, -1, 0
249, -1, -1
375, -1, 0
128, -1, 0
125, 0, -1
247, -1, 0
250, -1, 0
128, 0, -1
125, -1, 0
247, -1, 0
128, -1, -1
247, -1, 0
250, -1, 0
128, 0, -1
125, -1, 0
247, -1, 0
250, -1, -1
250, -1, 0
250, -1, 0
132, 0, -1
121, -1, 0
247, -1, 0
250, -1, -1
250, -1, 0
250, -1, 0
128, -1, -1
250, -1, 0
248, -1, 0
249, -1, -1
251, -1, 0
249, -1, 0
177, 0, -1
78, -1, 0
246, -1, 0
249, -1, 0
128, -1, -1
247, -1, 0
250, -1, 0
128, 0, -1
125, -1, 0
247, -1, 0
128, -1, 0
247, -1, -1
250, -1, 0
250, -1, 0
250, -1, -1
267, -1, 0
119, -1, 0
239, -1, 0
251, -1, -1
142, -1, 0
235, -1, 0
249, -1, 0
137, 0, -1
125, -1, 0
125, -1, 0
842, -1, 0
169, -1, -1
114, -3, 0
239, -1, 0
135, -1, -1
239, -1, 0
248, -1, 0
250, -1, -1
136, -1, 0
239, -1, 0
250, -1, 0
136, -1, 0
239, -1, -1
136, -1, 0
239, -1, 0
250, -1, 0
250, -1, 0
136, -1, -1
238, -1, 0
250, -1, 0
137, -1, 0
125, -1, 0
334, -1, -1
156, -1, 0
248, -1, 0
137, -1, 0
239, -1, 0
136, -1, 0
239, -1, 0
136, -1, -1
239, -1, 0
250, -1, 0
136, -1, 0
239, -1, 0
250, -1, 0
143, -1, 0
232, -1, -1
250, -1, 0
136, -1, 0
126, -1, 0
237, -1, 0
251, -1, 0
136, -1, 0
239, -1, 0
249, -1, 0
137, 0, -1
126, -1, 0
124, -1, 0
125, -1, 0
239, -1, 0
268, -1, 0
111, -1, 0
246, -1, 0
250, -1, 0
128, -1, 0
247, -1, 0
128, -1, 0
248, -1, -1
249, -1, 0
128, -1, 0
247, -1, 0
250, -1, 0
128, -1, 0
125, -1, 0
247, -1, 0
250, -1, 0
128, -1, 0
247, -1, 0
250, -1, 0
128, -1, 0
247, -1, 0
128, 0, -1
125, -1, 0
125, -1, 0
249, -1, 0
132, -1, 0
248, -1, 0
250, -1, 0
124, -1, 0
248, -1, 0
126, -1, 0
248, -1, 0
277, -1, 0
106, -1, 0
239, -1, 0
128, -1, 0
247, -1, 0
128, -1, 0
247, -1, 0
250, -1, 0
128, -1, 0
248, -1, 0
249, -1, 0
128, -1, 0
247, -1, 0
131, -1, 0
244, -1, 0
128, -1, 0
247, -1, 0
250, -1, 0
128, -1, 0
248, -1, 0
249, -1, 0
128, -1, 0
246, -1, 0
128, -1, 0
248, -1, 0
250, -1, 0
129, -1, 0
246, -1, 0
250, -1, 0
128, -1, 0
247, -1, 0
128, -1, 0
247, -1, 0
128, -1, 0
247, -1, 0
250, -1, 0
128, -1, 0
247, -1, 0
257, -1, 0
254, -1, 0
125, -1, 0
241, -1, 0
135, -1, 0
237, -1, 0
137, -1, 1
239, -1, 0
142, -1, 0
361, -1, 0
136, -1, 0
125, -1, 0
238, -1, 0
251, -1, 0
136, -1, 0
238, -1, 0
137, -1, 1
239, -1, 0
250, -1, 0
135, -1, 0
240, -1, 0
253, -1, 0
248, -1, 0
138, -1, 0
244, -1, 0
272, -1, 1
112, -1, 0
235, -1, 0
135, -1, 0
239, -1, 0
249, -1, 0
251, -1, 0
136, -1, 1
238, -1, 0
250, -1, 0
137, -1, 0
240, -1, 0
249, -1, 0
249, -1, 0
137, -1, 1
240, -1, 0
135, -1, 0
240, -1, 0
932, -1, 0
207, -1, 0
118, -3, 1
125, -1, 0
125, -1, 0
245, -1, 0
254, -1, 1
243, -1, 0
136, -1, 0
239, -1, 0
251, -1, 0
135, 0, 1
125, -1, 0
125, -1, 0
238, -1, 0
250, -1, 0
252, -1, 0
353, -1, 1
142, -1, 0
128, -1, 0
248, -1, 0
250, -1, 0
128, 0, 1
125, -1, 0
246, -1, 0
250, -1, 0
128, -1, 0
125, 0, 1
125, -1, 0
247, -1, 0
250, -1, 0
251, -1, 1
249, -1, 0
250, -1, 0
250, -1, 0
134, -1, 0
125, 0, 1
124, -1, 0
245, -1, 0
249, -1, 0
249, -1, 1
251, -1, 0
248, -1, 0
250, -1, 0
128, 0, 1
125, -1, 0
248, -1, 0
249, -1, 0
250, -1, 1
250, -1, 0
250, -1, 0
251, -1, 0
127, 0, 1
125, -1, 0
247, -1, 0
251, -1, 0
128, 0, 1
246, -1, 0
250, -1, 0
250, -1, 1
250, -1, 0
249, -1, 0
251, -1, 0
127, 0, 1
249, -1, 0
250, -1, 0
249, -1, 1
250, -1, 0
250, -1, 0
381, -1, 1
247, -1, 0
247, -1, 0
250, -1, 1
377, -1, 0
248, -1, 0
253, 0, 1
250, -1, 0
125, -1, 0
246, -1, 1
404, -1, 0
374, -1, 0
101, 0, 1
125, -1, 0
400, -1, 0
221, -1, 1
406, -1, 0
220, 0, 1
127, -1, 0
401, -1, 0
222, -1, 1
404, -1, 0
374, -1, 0
99, 0, 1
248, -1, 0
376, -1, 0
128, 0, 1
249, -1, 0
375, -1, 0
127, 0, 1
247, -1, 0
411, -1, 0
212, 0, 1
137, -1, 0
365, -1, 0
248, 0, 1
250, -1, 0
501, -1, 0
136, 0, 1
238, -1, 0
541, -1, 1
540, -1, 0
169, 0, 1
136, -1, 0
499, -1, 0
402, 0, 1
213, -1, 0
375, -1, 0
250, 0, 1
521, -1, 0
229, 0, 1
250, -1, 0
532, -1, 0
217, 0, 1
410, -1, 0
629, -1, 1
731, -1, 1
731, -1, 0
249, 0, 1
763, -1, 0
249, 0, 1
238, -1, 0
753, 0, 1
247, -1, 0
693, 0, 1
433, -1, 0
783, 0, 1
500, -1, 0
716, 0, 1
625, -1, 0
409, 0, 1
1512, 0, 1
329, -1, 0
828, 0, 1
1079, 0, 1
877, -1, 0
521, 0, 1
1447, 0, 1
1407, 0, 1
1472, 0, 1
1379, 0, 1
1366, 0, 1
1155, 0, 1
1000, 1, 0
219, 0, 1
1181, 0, 1
1101, 0, 1
499, 1, 0
498, 0, 1
975, 0, 1
655, 1, 0
216, 0, 1
909, 0, 1
878, 1, 1
712, 0, 1
766, 1, 1
893, 0, 1
466, 1, 0
137, 0, 1
773, 0, 1
467, 1, 0
248, 0, 1
625, 0, 1
1145, 1, 0
242, 0, 1
125, 0, 1
125, 1, 0
363, 0, 1
795, 1, 1
581, 0, 1
534, 1, 0
102, 0, 1
729, 0, 1
194, 1, 0
316, 0, 1
376, 1, 0
248, 0, 1
661, 1, 1
497, 0, 1
218, 1, 0
409, 0, 1
603, 1, 0
115, 0, 1
531, 0, 1
94, 1, 0
560, 0, 1
65, 1, 0
404, 0, 1
218, 1, 0
410, 0, 1
340, 1, 0
250, 0, 1
410, 1, 0
215, 0, 1
375, 1, 0
250, 0, 1
410, 1, 0
93, 0, 1
497, 1, 0
128, 0, 1
407, 1, 0
215, 0, 1
375, 1, 0
250, 0, 1
398, 1, 0
106, 0, 1
377, 1, 0
246, 0, 1
249, 1, 0
375, 0, 1
256, 1, 0
400, 0, 1
176, 1, 0
292, 1, 0
128, 0, 1
403, 1, 0
219, 0, 1
250, 1, 0
535, 1, 1
340, 1, 0
250, 0, 1
250, 1, 0
406, 1, 1
500, 1, 0
219, 0, 1
128, 1, 0
528, 1, 1
344, 1, 0
377, 1, 1
374, 1, 0
250, 0, 1
249, 1, 0
250, 1, 0
250, 0, 1
251, 1, 0
404, 1, 0
221, 1, 1
406, 1, 0
343, 1, 1
407, 1, 0
344, 1, 0
135, 0, 1
239, 1, 0
250, 1, 0
249, 0, 1
137, 1, 0
364, 1, 0
406, 1, 0
106, 0, 1
124, 1, 0
363, 1, 0
251, 0, 1
136, 1, 0
238, 1, 0
376, 1, 0
249, 1, 1
407, 1, 0
219, 1, 0
406, 1, 0
105, 0, 1
125, 1, 0
397, 1, 0
216, 1, 0
250, 1, 1
376, 1, 0
250, 1, 0
404, 1, 0
220, 1, 1
250, 1, 0
796, 1, 0
236, 1, 0
105, 2, 1
238, 1, 0
408, 1, 0
217, 1, 0
250, 1, 0
408, 1, 1
218, 1, 0
251, 1, 0
249, 1, 0
249, 1, 0
251, 1, 0
252, 1, 0
248, 1, 1
250, 1, 0
376, 1, 0
249, 1, 0
250, 1, 0
250, 1, 0
250, 1, 0
250, 1, 0
128, 0, 1
125, 1, 0
247, 1, 0
250, 1, 0
250, 1, 0
250, 1, 0
128, 1, 0
402, 1, 0
220, 1, 0
250, 1, 0
250, 1, 0
129, 1, 0
247, 1, 0
250, 1, 0
249, 1, 0
250, 1, 0
251, 1, 0
249, 1, 0
251, 1, 1
250, 1, 0
127, 1, 0
411, 1, 0
89, 1, 0
247, 1, 0
251, 1, 0
249, 1, 0
256, 1, 0
255, 1, 0
323, 1, 0
207, 1, 0
220, 1, 0
220, 1, 0
144, 1, 0
309, 1, 0
222, 1, 0
227, 1, 0
250, 1, 0
127, 1, 0
247, 1, 0
251, 1, 0
133, 1, 0
292, 1, 0
331, 1, 0
353, 1, 0
274, 1, 0
121, 2, 0
248, 1, 0
252, 1, 0
245, 1, 0
128, 1, 0
250, 1, 0
250, 1, 0
250, 1, 0
250, 1, 0
125, 1, 0
250, 1, 0
250, 1, 0
248, 1, 0
129, 1, 0
247, 1, 0
249, 1, 0
251, 1, -1
129, 1, 0
246, 1, 0
128, 1, 0
248, 1, 0
249, 1, 0
246, 1, 0
132, 1, 0
385, 1, 0
328, 1, 0
41, 1, -1
130, 1, 0
241, 1, 0
250, 1, 0
247, 1, 0
126, 1, 0
250, 1, 0
251, 1, 0
286, 1, 0
217, 0, -1
171, 2, 0
69, 1, 0
394, 1, 0
361, 1, 0
244, 1, 0
125, 2, -1
247, 1, 0
128, 1, 0
248, 1, 0
250, 1, 0
130, 1, 0
244, 1, 0
129, 1, 0
124, 0, -1
125, 1, 0
249, 1, 0
129, 1, 0
245, 1, 0
251, 1, 0
249, 1, -1
128, 1, 0
252, 1, 0
246, 1, 0
249, 1, 0
127, 1, 0
248, 1, 0
128, 1, -1
247, 1, 0
250, 1, 0
250, 1, 0
128, 1, 0
247, 1, -1
250, 1, 0
127, 1, 0
248, 1, 0
128, 1, 0
247, 0, -1
128, 1, 0
125, 1, 0
246, 1, 0
251, 1, 0
128, 1, 0
125, 0, -1
284, 1, 0
217, 1, 0
175, 1, 0
73, 1, 0
247, 1, -1
316, 1, 0
70, 1, 0
265, 1, 0
229, 1, 0
246, 1, -1
249, 1, 0
137, 1, 0
238, 1, 0
137, 1, 0
125, 0, -1
238, 1, 0
137, 1, 0
238, 1, 0
250, 1, -1
137, 1, 0
238, 1, 0
250, 1, 0
136, 0, -1
126, 1, 0
238, 1, 0
137, 1, 0
238, 1, 0
137, 0, -1
125, 1, 0
240, 1, 0
248, 1, 0
137, 1, 0
125, 0, -1
124, 1, 0
239, 1, 0
250, 1, 0
137, 0, -1
125, 1, 0
125, 1, 0
238, 1, 0
250, 1, 0
136, 0, -1
126, 1, 0
238, 1, 0
251, 1, 0
136, 0, -1
124, 1, 0
126, 1, 0
238, 1, 0
250, 1, -1
250, 1, 0
250, 1, 0
250, 1, -1
250, 1, 0
250, 1, 0
250, 1, -1
250, 1, 0
250, 1, 0
136, 0, -1
126, 1, 0
238, 1, 0
250, 1, 0
137, 0, -1
125, 1, 0
401, 1, 0
212, 1, -1
250, 1, 0
250, 1, 0
136, 0, -1
117, 1, 0
247, 1, 0
251, 1, 0
127, 0, -1
125, 1, 0
247, 1, 0
250, 0, -1
131, 1, 0
248, 1, 0
250, 1, -1
247, 1, 0
381, 1, -1
245, 1, 0
498, 1, 0
253, 0, -1
125, 2, 0
248, 1, -1
375, 1, 0
429, 1, -1
195, 1, 0
250, 0, -1
128, 1, 0
247, 1, 0
404, 0, -1
99, 1, 0
247, 1, 0
403, 1, -1
376, 1, 0
99, 0, -1
247, 1, 0
402, 1, 0
101, 0, -1
247, 1, 0
403, 1, -1
499, 1, 0
223, 0, -1
143, 1, 0
356, 1, 0
137, 0, -1
395, 1, 0
218, 0, -1
137, 1, 0
519, 1, 0
106, 0, -1
396, 1, 0
217, 0, -1
250, 1, 0
533, 1, 0
104, 0, -1
520, 1, 0
218, 0, -1
250, 1, 0
406, 0, -1
219, 1, 0
375, 0, -1
250, 1, 0
669, 0, -1
93, 1, 0
644, 1, -1
719, 0, -1
250, 1, 0
533, 0, -1
342, 1, 0
500, 0, -1
500, 1, 0
957, 0, -1
190, 0, -1
407, 1, 0
446, 0, -1
918, 0, -1
459, 1, 0
248, 0, -1
875, 0, -1
750, 0, -1
1126, 0, -1
999, 0, -1
877, 0, -1
907, 0, -1
1123, 0, -1
875, 0, -1
646, -1, 0
197, 0, -1
875, 0, -1
533, -1, 0
342, 0, -1
916, 0, -1
209, -1, 0
571, 0, -1
759, 0, -1
299, -1, 0
654, 0, -1
468, 0, -1
127, -1, 0
778, 0, -1
220, -1, 0
405, 0, -1
596, 0, -1
249, -1, 0
404, 0, -1
627, -1, 0
96, 0, -1
650, 0, -1
222, -1, 0
408, 0, -1
408, -1, 0
62, 0, -1
626, 0, -1
126, -1, 0
407, 0, -1
464, -1, 0
136, 0, -1
646, 0, -1
106, -1, 0
404, 0, -1
381, -1, 0
88, 0, -1
531, -1, -1
623, -1, -1
499, 0, -1
210, -1, 0
250, 0, -1
376, -1, 0
136, 0, -1
528, -1, -1
461, 0, -1
136, -1, 0
401, 0, -1
99, -1, 0
364, 0, -1
136, -1, 0
377, 0, -1
237, -1, 0
136, 0, -1
364, -1, 0
136, 0, -1
398, -1, 0
215, 0, -1
250, -1, 0
137, 0, -1
1089, 0, -1
163, -1, 0
123, -1, -2
125, -1, 0
238, 0, -1
250, -1, 0
250, 0, -1
136, -1, 0
239, 0, -1
250, -1, 0
250, 0, -1
137, -1, 0
239, 0, -1
249, -1, 0
250, 0, -1
250, -1, 0
250, 0, -1
128, -1, 0
247, 0, -1
128, -1, 0
408, 0, -1
92, -1, 0
372, -1, -1
415, 0, -1
88, -1, 0
409, -1, -1
338, -1, 0
128, 0, -1
247, -1, 0
128, 0, -1
247, -1, 0
250, 0, -1
250, -1, 0
250, -1, -1
375, -1, -1
501, -1, -1
249, -1, 0
250, 0, -1
250, -1, -1
249, -1, 0
409, -1, -1
341, -1, 0
128, 0, -1
248, -1, 0
128, 0, -1
125, -1, 0
372, -1, -1
408, -1, 0
94, 0, -1
247, -1, 0
251, 0, -1
128, -1, 0
247, -1, 0
127, 0, -1
247, -1, 0
128, 0, -1
247, -1, 0
410, -1, -1
341, -1, 0
127, 0, -1
251, -1, 0
254, -1, -1
369, -1, 0
128, 0, -1
247, -1, 0
250, -1, -1
486, -1, 0
174, 0, -1
217, -1, 0
125, -1, 0
125, 0, -1
247, -1, 0
250, -1, -1
375, -1, 0
128, 0, -1
247, -1, 0
250, -1, 0
128, 0, -1
247, -1, 0
412, -1, -1
213, -1, 0
250, 0, -1
128, -1, 0
247, -1, 0
250, -1, -1
546, -1, 0
82, 0, -1
125, -1, 0
247, -1, 0
128, 0, -1
247, -1, 0
412, -1, 0
90, 0, -1
125, -1, 0
373, -1, 0
127, 0, -1
248, -1, 0
250, -1, 0
127, 0, -1
247, -1, 0
251, -1, 0
127, 0, -1
248, -1, 0
375, -1, 0
127, 0, -1
125, -1, 0
408, -1, 0
215, 0, -1
128, -1, 0
246, -1, 0
250, 0, -1
128, -1, 0
247, -1, 0
375, -1, -1
250, -1, 0
408, -1, 0
95, 0, -1
247, -1, 0
429, -1, 0
74, 0, -1
125, -1, 0
247, -1, 0
409, -1, -1
343, -1, 0
252, -1, 0
373, -1, -1
421, -1, 0
203, -1, 0
250, 0, -1
130, -1, 0
372, -1, 0
126, 0, -1
247, -1, 0
250, -1, 0
250, -1, 0
614, -1, -1
263, -1, 0
247, -1, 0
250, -1, 0
128, 0, -1
247, -1, 0
410, -1, 0
374, -1, -1
216, -1, 0
375, -1, 0
409, -1, -1
341, -1, 0
250, -1, 0
409, -1, 0
216, 0, -1
128, -1, 0
406, -1, 0
216, -1, 0
402, -1, 0
101, 0, -1
247, -1, 0
408, -1, 0
342, -1, 0
410, -1, 0
215, 0, -1
134, -1, 0
370, -1, 0
410, -1, 0
218, -1, 0
372, -1, 0
127, 0, -1
409, -1, 0
213, -1, 0
375, -1, 0
408, -1, 0
509, -1, -1
400, -1, 0
372, -1, 0
187, -1, 0
410, -1, 0
386, -1, -1
453, -1, 0
413, -1, 0
337, -1, 0
375, -1, 0
409, -1, 0
341, -1, 0
128, 0, -1
249, -1, 0
498, -1, 0
374, -1, 0
418, -1, 0
468, -1, 0
364, -1, 0
418, -1, 0
84, 0, -1
247, -1, 0
501, -1, 0
420, -1, 0
329, -1, 0
545, -1, 0
330, -1, 0
417, -1, 0
87, 0, -1
418, -1, 0
328, -1, 0
375, -1, 0
528, -1, 0
516, -1, 0
332, -1, 0
374, -1, 0
544, -1, 0
456, -1, 0
470, -1, 0
453, -1, 0
383, -1, 0
445, -1, 0
500, -1, 0
375, -1, 0
257, 0, -1
242, -1, 0
374, -1, 0
500, -1, 0
375, -1, 0
527, -1, 0
512, -1, 0
336, -1, 0
527, -1, 0
474, -1, 0
500, -1, 0
500, -1, 0
374, -1, 0
978, -1, 0
151, -1, 0
374, -1, 0
525, -1, 0
472, -1, 0
526, -1, 0
398, -1, 0
577, -1, 0
501, -1, 0
505, -1, 0
560, -1, 0
434, -1, 1
529, -1, 0
596, -1, 0
535, -1, 0
613, -1, 0
519, -1, 0
585, -1, 0
137, 0, 1
398, -1, 0
590, -1, 0
534, -1, 0
591, -1, 0
411, 0, 1
214, -1, 0
503, -1, 0
785, -1, 0
623, -1, 0
338, 0, 1
251, -1, 0
661, -1, 0
614, -1, 0
723, -1, 0
127, 0, 1
748, -1, 0
500, -1, 0
649, 0, 1
103, -1, 0
749, -1, 0
748, -1, 0
535, 0, 1
340, -1, 0
782, -1, 0
878, -1, 0
340, 0, 1
500, -1, 0
1008, -1, 0
132, 0, 1
988, -1, 0
913, 0, 1
98, -1, 0
1400, -1, 0
338, 0, 1
876, -1, 0
751, 0, 1
874, -1, 0
1130, 0, 1
1007, -1, 0
869, 0, 1
1887, 0, 1
738, -1, 0
1307, 0, 1
2220, 0, 1
1997, 0, 1
1718, 0, 1
1505, 0, 1
1623, 0, 1
1544, 0, 1
1082, 0, 1
1522, 0, 1
243, 1, 0
830, 0, 1
859, 0, 1
700, 1, 0
469, 0, 1
919, 0, 1
867, 0, 1
212, 1, 0
786, 0, 1
838, 0, 1
875, 1, 0
133, 0, 1
809, 0, 1
851, 0, 1
85, 1, 0
791, 0, 1
582, 1, 0
127, 0, 1
902, 0, 1
386, 1, 0
406, 0, 1
721, 0, 1
208, 1, 0
502, 0, 1
682, 1, 0
323, 0, 1
541, 0, 1
84, 1, 0
619, 0, 1
538, 1, 0
211, 0, 1
642, 1, 0
112, 0, 1
749, 0, 1
125, 1, 0
624, 0, 1
125, 1, 0
498, 0, 1
375, 1, 0
392, 0, 1
357, 1, 0
249, 0, 1
537, 1, 0
213, 0, 1
535, 1, 0
102, 0, 1
647, 1, 0
103, 0, 1
699, 1, 1
592, 1, 0
87, 0, 1
488, 1, 0
250, 0, 1
412, 1, 0
338, 0, 1
250, 1, 0
410, 0, 1
215, 1, 0
537, 1, 1
648, 1, 1
602, 1, 0
100, 0, 1
363, 1, 0
407, 0, 1
105, 1, 0
397, 0, 1
103, 1, 0
532, 1, 0
339, 0, 1
244, 1, 0
544, 1, 1
330, 1, 0
762, 0, 1
240, 1, 0
123, 1, 1
406, 1, 0
215, 0, 1
251, 1, 0
533, 1, 1
341, 1, 0
503, 1, 1
499, 1, 0
126, 0, 1
373, 1, 0
407, 1, 0
217, 0, 1
128, 1, 0
498, 1, 0
249, 0, 1
250, 1, 0
375, 1, 0
128, 0, 1
247, 1, 0
554, 1, 0
196, 0, 1
128, 1, 0
404, 1, 0
343, 0, 1
128, 1, 0
393, 1, 0
387, 1, 0
95, 0, 1
249, 1, 0
532, 1, 0
216, 0, 1
128, 1, 0
405, 1, 0
342, 1, 1
376, 1, 0
375, 1, 0
376, 0, 1
126, 1, 0
375, 1, 0
381, 1, 0
211, 0, 1
155, 1, 0
402, 1, 0
348, 1, 0
250, 0, 1
128, 1, 0
411, 1, 0
398, 1, 0
374, 1, 1
315, 1, 0
847, 1, 0
156, 1, 0
124, 1, 1
403, 1, 0
372, 1, 0
347, 1, 1
404, 1, 0
403, 1, 0
346, 1, 0
100, 0, 1
248, 1, 0
404, 1, 0
374, 1, 0
373, 1, 0
224, 1, 0
253, 0, 1
259, 1, 0
242, 1, 0
374, 1, 0
372, 1, 0
250, 0, 1
127, 1, 0
406, 1, 0
396, 1, 0
195, 1, 0
562, 1, 0
188, 1, 0
436, 1, 1
373, 1, 0
376, 1, 0
348, 1, 0
374, 1, 0
378, 1, 0
396, 1, 0
72, 0, 1
125, 1, 0
407, 1, 0
341, 1, 0
571, 1, 0
181, 1, 0
497, 1, 0
250, 1, 0
375, 1, 0
409, 1, 0
341, 1, 0
407, 1, 0
106, 0, 1
238, 1, 0
380, 1, 0
377, 1, 0
371, 1, 0
899, 1, 0
244, 1, 0
114, 1, 0
390, 1, 0
349, 1, 0
404, 1, 0
415, 1, 0
306, 1, 0
450, 1, 0
372, 1, 0
303, 1, 0
531, 1, 0
344, 1, 0
500, 1, 0
405, 1, 0
469, 1, 0
406, 1, 0
344, 1, 0
560, 1, 0
441, 1, 0
438, 1, 0
439, 1, 0
499, 1, 0
563, 1, 0
437, 1, 0
539, 1, 0
460, 1, 0
378, 1, 0
623, 1, 0
539, 1, 0
460, 1, 0
539, 1, 0
586, 1, 0
577, 1, 0
549, 1, 0
625, 1, 0
625, 1, 0
681, 1, 0
595, 1, 0
760, 1, 0
617, 1, 0
748, 1, 0
877, 1, 0
722, 1, 0
896, 1, 0
900, 1, 0
1120, 1, 0
1002, 1, 0
1373, 1, 0
1258, 1, 0
1740, 1, 0
2501, 1, 0
29535, -1, 0
81, 0, -1
5080, 0, -1
533, -1, 0
3633, 0, -1
1500, -1, 0
2745, 0, -1
1507, -1, 0
2164, 0, -1
1336, -1, 0
3005, 0, -1
1365, -1, 0
2781, 0, -1
1123, -1, 0
3461, -1, 0
260, 0, -1
3163, -1, 0
869, 0, -1
2472, -1, 0
3652, -1, -1
4752, -1, 0
962, 0, -1
3637, -1, 0
3120, 0, -1
2002, -1, 0
4902, 0, -1
1234, -1, 0
5651, -1, -1
5712, -1, 0
2148, 0, -1
4731, -1, 0
4367, 0, -1
3627, -1, 0
6639, 0, -1
2611, -1, 0
5410, 0, -1
1371, -1, 0
3368, -1, 0
361, 0, -1
2804, -1, 0
1471, 0, -1
1120, -1, 0
2251, -1, 0
718, 0, -1
1168, -1, 0
2112, 0, -1
91, -1, 0
1783, -1, 0
1097, 0, -1
288, -1, 0
1773, -1, 0
842, 0, -1
730, -1, 0
1122, -1, 0
1233, 0, -1
149, -1, 0
1693, -1, 0
946, -1, 0
110, 0, -1
1253, -1, 0
1384, -1, 0
354, 0, -1
626, -1, 0
1134, -1, 0
1003, 0, -1
260, -1, 0
878, -1, 0
1233, -1, 0
1014, 0, -1
104, -1, 0
1020, -1, 0
869, -1, 0
499, 0, -1
498, -1, 0
1004, -1, 0
877, -1, 0
496, 0, -1
625, -1, 0
882, -1, 0
879, -1, 0
391, 0, -1
620, -1, 0
619, -1, 0
1019, -1, 0
332, 0, -1
503, -1, 0
873, -1, 0
741, -1, 0
618, 0, -1
120, -1, 0
1156, -1, 0
466, -1, 0
871, -1, 0
375, 0, -1
389, -1, 0
742, -1, 0
755, -1, 0
622, 0, -1
120, -1, 0
876, -1, 0
643, -1, 0
604, -1, 0
499, 0, -1
373, -1, 0
752, -1, 0
622, -1, 0
752, -1, 0
499, 0, -1
126, -1, 0
763, -1, 0
735, -1, 0
625, -1, 0
256, 0, -1
497, -1, 0
621, -1, 0
625, -1, 0
754, -1, 0
622, -1, -1
621, -1, 0
844, -1, 0
408, -1, 0
749, -1, 0
643, -1, -1
619, -1, 0
744, -1, 0
621, -1, 0
640, -1, 0
489, -1, 0
130, 0, -1
491, -1, 0
623, -1, 0
624, -1, 0
624, -1, 0
630, -1, 0
374, 0, -1
248, -1, 0
626, -1, 0
626, -1, 0
630, -1, 0
627, -1, 0
493, -1, 0
623, -1, 0
500, 0, -1
127, -1, 0
622, -1, 0
627, -1, 0
499, -1, 0
751, -1, 0
498, -1, 0
626, -1, 0
626, -1, 0
628, -1, 0
623, -1, 0
624, -1, 0
624, -1, 0
627, -1, 0
247, 0, -1
250, -1, 0
626, -1, 0
749, -1, 0
626, -1, 0
625, -1, 0
751, -1, 0
624, -1, 0
750, -1, 0
497, -1, 0
753, -1, 0
750, -1, 0
624, -1, 0
752, -1, 0
750, -1, 0
629, -1, 0
750, -1, 0
876, -1, 0
1105, -1, 0
387, -1, 0
877, -1, 0
876, -1, 0
875, -1, 0
874, -1, 0
1001, -1, 0
1005, -1, 0
1133, -1, 0
1244, -1, 0
1494, -1, 0
1498, -1, 0
2384, -1, 0
128, 0, 1
16333, 0, 1
3809, 0, 1
2764, 0, 1
326, 1, 0
1665, 0, 1
1379, 1, 0
728, 0, 1
1761, 0, 1
244, 1, 0
1511, 0, 1
903, 1, 0
724, 0, 1
998, 1, 0
744, 0, 1
871, 1, 0
499, 0, 1
1020, 1, 0
609, 0, 1
500, 1, 0
1127, 0, 1
254, 1, 0
997, 1, 0
376, 0, 1
914, 1, 0
706, 0, 1
251, 1, 0
1032, 1, 0
353, 0, 1
615, 1, 0
749, 1, 0
115, 0, 1
883, 1, 0
750, 1, 0
134, 0, 1
610, 1, 0
872, 1, 0
127, 0, 1
636, 1, 0
625, 1, 0
626, 1, 1
878, 1, 0
616, 1, 0
250, 0, 1
379, 1, 0
836, 1, 0
544, 1, 0
124, 0, 1
530, 1, 0
573, 1, 0
654, 1, 1
642, 1, 0
605, 1, 0
501, 1, 0
99, 0, 1
374, 1, 0
636, 1, 0
626, 1, 0
499, 1, 0
375, 0, 1
244, 1, 0
506, 1, 0
511, 1, 0
491, 1, 0
383, 0, 1
127, 1, 0
499, 1, 0
494, 1, 0
631, 1, 0
370, 1, 0
508, 1, 1
496, 1, 0
497, 1, 0
497, 1, 0
373, 1, 0
488, 1, 0
500, 1, 0
377, 1, 1
497, 1, 0
375, 1, 0
1145, 1, 0
244, 1, 0
124, 1, 0
238, 1, 0
376, 1, 1
499, 1, 0
381, 1, 0
358, 1, 0
376, 1, 0
550, 1, 0
323, 1, 0
433, 1, 0
545, 1, 0
147, 1, 0
556, 1, 1
319, 1, 0
434, 1, 0
316, 1, 0
426, 1, 0
501, 1, 0
323, 1, 0
375, 1, 0
250, 1, 0
503, 1, 0
376, 1, 0
249, 1, 0
498, 1, 0
425, 1, 0
324, 1, 0
429, 1, 0
321, 1, 0
129, 0, 1
246, 1, 0
434, 1, 0
191, 1, 0
554, 1, 0
321, 1, 0
250, 1, 0
426, 1, 0
324, 1, 0
375, 1, 0
376, 1, 0
437, 1, 0
312, 1, 0
250, 1, 0
577, 1, 0
176, 1, 0
369, 1, 0
404, 1, 0
412, 1, 0
365, 1, 0
194, 1, 0
406, 1, 0
374, 1, 0
374, 1, 0
374, 1, 0
377, 1, 0
220, 1, 0
404, 1, 0
346, 1, 0
405, 1, 0
220, 1, 0
375, 1, 0
403, 1, 0
375, 1, 0
223, 1, -1
403, 1, 0
374, 1, 0
348, 1, 0
251, 1, 0
376, 1, 0
375, 1, 0
378, 1, 0
250, 1, 0
372, 1, 0
499, 1, 0
251, 1, -1
374, 1, 0
376, 1, 0
374, 1, 0
251, 1, 0
499, 1, 0
250, 1, 0
375, 1, 0
137, 0, -1
238, 1, 0
375, 1, 0
375, 1, 0
376, 1, 0
374, 1, 0
250, 0, -1
137, 1, 0
363, 1, 0
1101, 1, 0
171, 1, 0
116, 1, 0
124, 1, 0
238, 0, -1
136, 1, 0
489, 1, 0
250, 1, 0
500, 1, 0
250, 1, 0
136, 0, -1
364, 1, 0
375, 1, 0
375, 1, 0
500, 1, 0
251, 0, -1
129, 1, 0
370, 1, 0
500, 1, 0
375, 1, 0
375, 0, -1
128, 1, 0
372, 1, 0
500, 1, 0
500, 1, 0
128, 0, -1
372, 1, 0
500, 1, 0
503, 1, 0
502, 1, -1
498, 1, 0
623, 1, 0
500, 0, -1
131, 1, 0
618, 1, 0
500, 1, 0
250, 0, -1
500, 1, 0
625, 1, 0
500, 0, -1
250, 1, 0
751, 1, 0
905, 1, 0
227, 0, -1
742, 1, 0
875, 0, -1
127, 1, 0
1123, 1, 0
625, 0, -1
1125, 1, 0
1375, 0, -1
1304, 1, 0
3901, 0, -1
5547, 0, -1
2816, 0, -1
622, -1, 0
1259, 0, -1
1859, 0, -1
318, -1, 0
1125, 0, -1
1251, 0, -1
128, -1, 0
1192, 0, -1
1245, -1, -1
992, 0, -1
878, -1, 0
487, 0, -1
827, 0, -1
128, -1, 0
927, 0, -1
694, -1, 0
375, 0, -1
912, -1, 0
91, 0, -1
1051, 0, -1
71, -1, 0
1000, 0, -1
426, -1, 0
486, 0, -1
626, -1, 0
497, 0, -1
338, -1, 0
661, 0, -1
465, -1, 0
536, 0, -1
338, -1, 0
631, 0, -1
373, -1, 0
535, 0, -1
211, -1, 0
912, -1, -1
755, -1, 0
86, 0, -1
786, -1, 0
336, 0, -1
430, -1, 0
606, -1, -1
750, -1, 0
339, 0, -1
435, -1, 0
603, 0, -1
89, -1, 0
623, -1, 0
375, 0, -1
249, -1, 0
660, -1, 0
216, 0, -1
433, -1, 0
596, -1, 0
221, 0, -1
430, -1, 0
570, -1, 0
249, 0, -1
376, -1, 0
523, -1, 0
226, 0, -1
251, -1, 0
661, -1, 0
213, 0, -1
250, -1, 0
536, -1, 0
626, -1, -1
463, -1, 0
503, -1, 0
502, 0, -1
123, -1, 0
535, -1, 0
337, 0, -1
128, -1, 0
532, -1, 0
340, -1, 0
501, 0, -1
127, -1, 0
536, -1, 0
515, -1, 0
321, -1, 0
128, 0, -1
375, -1, 0
625, -1, 0
535, -1, 0
337, -1, -1
654, -1, 0
349, -1, 0
539, -1, 0
346, -1, -1
548, -1, 0
498, -1, 0
502, -1, 0
509, -1, 0
307, 0, -1
128, -1, 0
429, -1, 0
318, -1, 0
685, -1, 0
315, -1, 0
375, -1, 0
559, -1, 0
500, -1, 0
71, 0, -1
245, -1, 0
554, -1, 0
321, -1, 0
500, -1, 0
374, -1, 0
502, -1, 0
377, -1, 0
374, -1, 0
498, -1, 0
250, 0, -1
128, -1, 0
550, -1, 0
508, -1, 0
314, -1, 0
559, -1, 0
316, -1, 0
570, -1, 0
304, -1, 0
555, -1, 0
321, -1, 0
375, -1, 0
558, -1, 0
317, -1, 0
555, -1, 0
553, -1, 0
269, -1, 0
373, -1, 0
430, -1, 0
530, -1, 0
290, -1, 0
553, -1, 0
322, -1, 0
553, -1, 0
321, -1, 0
556, -1, 0
320, -1, 0
431, -1, 0
319, -1, 0
577, -1, 0
478, -1, 0
319, -1, 0
554, -1, 0
321, -1, 0
129, 0, 1
423, -1, 0
506, -1, 0
318, -1, 0
379, -1, 0
496, -1, 0
375, -1, 0
507, -1, 0
583, -1, 0
289, 0, 1
128, -1, 0
434, -1, 0
511, -1, 0
302, -1, 0
575, -1, 0
300, 0, 1
128, -1, 0
424, -1, 0
522, -1, 0
483, -1, 0
319, -1, 0
499, -1, 0
535, -1, 0
91, 0, 1
392, -1, 0
532, -1, 0
446, -1, 0
434, -1, 0
499, -1, 0
514, -1, 0
178, 0, 1
128, -1, 0
497, -1, 0
557, -1, 0
443, -1, 0
557, -1, 0
70, 0, 1
248, -1, 0
558, -1, 0
625, -1, 0
495, -1, 0
322, -1, 0
599, -1, 1
471, -1, 0
433, -1, 0
374, -1, 0
694, -1, 0
495, -1, 0
62, 0, 1
426, -1, 0
675, -1, 0
270, -1, 0
552, -1, 0
497, -1, 0
201, 0, 1
250, -1, 0
614, -1, 0
391, -1, 0
709, -1, 0
45, 0, 1
436, -1, 0
435, -1, 0
624, -1, 0
440, -1, 0
634, -1, 0
75, 0, 1
352, -1, 0
705, -1, 0
493, -1, 0
302, 0, 1
128, -1, 0
576, -1, 0
619, -1, 0
427, -1, 0
250, 0, 1
430, -1, 0
649, -1, 0
624, -1, 0
173, 0, 1
249, -1, 0
572, -1, 0
553, -1, 0
498, 0, 1
249, -1, 0
373, -1, 0
751, -1, 0
554, -1, 0
89, 0, 1
670, -1, 0
561, -1, 0
679, -1, 1
623, -1, 0
752, -1, 0
321, 0, 1
249, -1, 0
807, -1, 0
746, -1, 0
484, 0, 1
470, -1, 0
500, -1, 0
249, 0, 1
696, -1, 0
633, -1, 0
296, 0, 1
575, -1, 0
870, -1, 0
305, 0, 1
819, -1, 0
885, 0, 1
70, -1, 0
923, -1, 0
800, 0, 1
374, -1, 0
1252, -1, 0
126, 0, 1
1121, -1, 0
626, 0, 1
875, -1, 0
1125, 0, 1
375, -1, 0
1251, 0, 1
769, -1, 0
1407, 0, 1
1124, -1, 0
875, 0, 1
2397, -1, 0
54, 0, 1
2051, 0, 1
2411, 0, 1
1912, 0, 1
2055, 0, 1
1735, 0, 1
1366, 0, 1
1618, 0, 1
1351, 0, 1
1377, 0, 1
1131, 0, 1
1254, 0, 1
870, 0, 1
244, 1, 0
1135, 0, 1
868, 0, 1
750, 1, 0
258, 0, 1
995, 0, 1
1008, 0, 1
368, 1, 0
498, 0, 1
876, 0, 1
251, 1, 0
748, 0, 1
885, 0, 1
361, 1, 0
382, 0, 1
996, 0, 1
245, 1, 0
503, 0, 1
748, 1, 1
878, 0, 1
509, 1, 0
370, 0, 1
750, 1, 1
877, 0, 1
124, 1, 0
499, 0, 1
499, 1, 0
370, 0, 1
751, 1, 1
751, 1, 1
754, 0, 1
130, 1, 0
756, 0, 1
120, 1, 0
617, 0, 1
134, 1, 0
616, 0, 1
138, 1, 0
608, 0, 1
133, 1, 0
613, 1, 1
634, 1, 0
251, 0, 1
501, 1, 0
367, 0, 1
247, 1, 0
887, 0, 1
249, 1, 0
123, 1, 1
655, 1, 0
95, 0, 1
364, 1, 0
686, 1, 1
478, 1, 0
336, 0, 1
129, 1, 0
664, 1, 1
499, 1, 0
334, 0, 1
131, 1, 0
535, 1, 0
333, 0, 1
128, 1, 0
553, 1, 0
194, 0, 1
250, 1, 0
429, 1, 0
323, 0, 1
128, 1, 0
541, 1, 0
84, 0, 1
248, 1, 0
501, 1, 0
375, 0, 1
126, 1, 0
371, 1, 0
501, 1, 0
126, 0, 1
247, 1, 0
376, 1, 0
429, 1, 1
485, 1, 0
335, 1, 0
537, 1, 1
338, 1, 0
449, 1, 0
301, 1, 1
475, 1, 0
276, 1, 0
379, 1, 0
373, 1, 1
373, 1, 0
705, 1, 0
173, 0, 1
124, 1, 0
125, 1, 0
407, 1, 0
340, 1, 0
252, 1, 0
410, 1, 1
395, 1, 0
193, 1, 0
535, 1, 0
215, 1, 0
250, 0, 1
128, 1, 0
372, 1, 0
250, 1, 0
376, 1, 0
249, 1, 0
413, 1, 1
212, 1, 0
410, 1, 0
397, 1, 0
193, 1, 0
410, 1, 0
215, 1, 0
250, 1, 0
411, 1, 1
339, 1, 0
252, 1, 0
375, 1, 0
251, 1, 0
376, 1, 0
246, 1, 0
250, 1, 0
409, 1, 0
216, 1, 0
359, 1, 0
175, 0, 1
102, 1, 0
240, 1, 0
432, 1, 0
192, 1, 0
424, 1, 0
201, 1, 0
249, 1, 0
443, 1, 0
182, 1, 0
250, 1, 0
432, 1, 0
193, 1, 0
381, 1, 0
252, 1, 0
249, 1, 0
250, 1, 0
447, 1, 0
881, 1, 0
183, 1, 0
123, 2, 0
124, 0, 1
125, 1, 0
238, 1, 0
249, 1, 0
250, 1, 0
251, 1, 0
380, 1, 0
249, 1, 0
250, 1, 0
250, 1, 0
376, 1, 0
249, 1, 0
250, 1, 0
250, 1, 0
436, 1, 0
198, 1, 0
239, 1, 0
250, 1, 0
376, 1, 0
249, 1, 0
250, 1, 0
452, 1, 0
173, 1, 0
250, 1, 0
376, 1, 0
249, 1, 0
250, 1, 0
250, 1, 0
446, 1, 0
179, 1, 0
252, 1, 0
374, 1, 0
253, 1, 0
247, 1, 0
372, 1, 0
250, 1, 0
249, 1, 0
250, 1, 0
439, 1, 0
186, 1, 0
251, 1, 0
249, 1, 0
250, 1, 0
435, 1, 0
190, 1, 0
250, 1, 0
443, 1, 0
182, 1, 0
129, 0, -1
124, 1, 0
439, 1, 0
183, 1, 0
251, 1, 0
436, 1, 0
188, 1, 0
436, 1, 0
190, 1, 0
267, 1, 0
357, 1, 0
248, 1, 0
250, 1, 0
250, 1, 0
250, 1, 0
375, 1, 0
128, 0, -1
248, 1, 0
249, 1, 0
405, 1, 0
219, 1, 0
251, 1, 0
404, 1, 0
221, 1, 0
250, 1, 0
375, 1, 0
405, 1, 0
220, 1, 0
404, 1, 0
98, 0, -1
126, 1, 0
373, 1, 0
249, 1, 0
403, 1, 0
347, 1, 0
249, 1, 0
411, 1, 0
219, 1, 0
373, 1, 0
376, 1, 0
137, 0, -1
240, 1, 0
250, 1, 0
373, 1, 0
449, 1, 0
300, 1, 0
250, 1, 0
445, 1, 0
305, 1, 0
375, 1, 0
137, 0, -1
238, 1, 0
436, 1, 0
314, 1, 0
250, 1, 0
436, 1, 0
491, 1, 0
323, 1, 0
449, 1, 0
301, 1, -1
551, 1, 0
324, 1, 0
1035, 1, 0
246, 1, 0
105, 1, 0
239, 1, -1
575, 1, 0
482, 1, 0
317, 1, 0
555, 1, 0
509, 1, 0
485, 1, -1
506, 1, 0
484, 1, 0
647, 1, 0
647, 1, 0
294, 0, -1
249, 1, 0
560, 1, 0
749, 1, 0
691, 1, 0
376, 0, -1
250, 1, 0
944, 1, 0
868, 1, 0
871, 0, -1
191, 1, 0
1248, 1, 0
1287, 1, 0
882, 0, -1
2083, 1, 0
10190, 0, -1
4749, -1, -1
2459, 0, -1
1152, -1, 0
755, 0, -1
1588, -1, -1
1497, 0, -1
502, -1, 0
783, 0, -1
1106, -1, -1
1247, 0, -1
117, -1, 0
1061, 0, -1
575, -1, 0
358, 0, -1
912, -1, 0
89, 0, -1
1125, -1, -1
1131, -1, -1
1020, -1, -1
980, -1, -1
872, -1, 0
122, 0, -1
876, -1, 0
124, 0, -1
625, -1, 0
373, 0, -1
502, -1, 0
637, 0, -1
113, -1, 0
795, -1, -1
579, -1, 0
499, 0, -1
249, -1, 0
752, -1, 0
127, 0, -1
509, -1, 0
621, -1, -1
756, -1, 0
116, 0, -1
503, -1, 0
632, -1, 0
113, 0, -1
497, -1, 0
630, -1, -1
496, -1, 0
627, -1, -1
499, -1, 0
628, -1, 0
124, 0, -1
506, -1, 0
492, -1, 0
528, 0, -1
224, -1, 0
371, -1, 0
376, 0, -1
125, -1, 0
502, -1, 0
497, -1, 0
126, 0, -1
501, -1, 0
498, -1, 0
375, 0, -1
126, -1, 0
374, -1, 0
513, -1, 0
370, 0, -1
122, -1, 0
502, -1, 0
498, -1, 0
502, -1, -1
498, -1, 0
374, -1, 0
502, -1, -1
502, -1, 0
497, -1, 0
377, -1, 0
253, 0, -1
245, -1, 0
509, -1, 0
498, -1, 0
498, -1, 0
122, 0, -1
248, -1, 0
504, -1, 0
507, -1, 0
490, -1, 0
242, 0, -1
132, -1, 0
504, -1, 0
378, -1, 0
496, -1, 0
372, 0, -1
126, -1, 0
374, -1, 0
502, -1, 0
497, -1, 0
441, -1, 0
303, 0, -1
128, -1, 0
374, -1, 0
502, -1, 0
373, -1, 0
625, -1, 0
375, -1, 0
253, 0, -1
250, -1, 0
380, -1, 0
492, -1, 0
499, -1, 0
375, -1, 0
375, -1, 0
374, 0, -1
128, -1, 0
498, -1, 0
539, -1, 0
371, -1, 0
499, -1, 0
488, -1, 0
118, 0, -1
254, -1, 0
496, -1, 0
502, -1, 0
371, -1, 0
376, -1, 0
501, -1, 0
502, -1, 0
517, -1, 0
230, 0, -1
124, -1, 0
507, -1, 0
497, -1, 0
500, -1, 0
500, -1, 0
378, -1, 0
496, -1, 0
500, -1, 0
529, -1, 0
244, 0, -1
252, -1, 0
363, -1, 0
489, -1, 0
377, -1, 0
494, -1, 0
500, -1, 0
377, -1, 0
498, -1, 0
500, -1, 0
500, -1, 0
384, -1, 0
242, 0, -1
255, -1, 0
497, -1, 0
376, -1, 0
499, -1, 0
496, -1, 0
501, -1, 0
503, -1, 0
503, -1, 0
376, -1, 0
497, -1, 0
501, -1, 0
380, -1, 0
520, -1, 0
477, -1, 0
504, -1, 0
495, -1, 0
375, 0, -1
113, -1, 0
390, -1, 0
501, -1, 0
498, -1, 0
492, -1, 0
501, -1, 0
500, -1, 0
727, -1, 0
270, -1, 0
392, -1, 0
485, -1, 0
497, -1, 0
377, -1, 0
624, -1, 0
497, -1, 0
378, -1, 0
497, -1, 0
499, -1, 0
503, -1, 0
501, -1, 0
497, -1, 0
624, -1, 0
380, -1, 0
496, -1, 0
625, -1, 0
501, -1, 0
522, -1, 0
618, -1, 0
499, -1, 0
515, -1, 0
497, -1, 0
500, -1, 0
624, -1, 0
504, -1, 0
614, -1, 0
501, -1, 0
622, -1, 0
627, -1, 0
497, -1, 0
809, -1, 0
429, -1, 0
616, -1, 0
623, -1, 0
666, -1, 0
627, -1, 0
624, -1, 0
768, -1, 0
689, -1, 0
793, -1, 0
749, -1, 0
749, -1, 0
755, -1, 0
831, -1, 0
1000, -1, 0
1001, -1, 0
1158, -1, 0
1256, -1, 0
1502, -1, 0
2016, -1, 0
5611, -1, 0
13599, 1, 0
1404, 0, 1
3125, 0, 1
338, 1, 0
2002, 0, 1
1557, 1, 0
448, 0, 1
1987, 0, 1
119, 1, 0
1545, 0, 1
751, 1, 0
1217, 0, 1
498, 1, 0
1158, 0, 1
592, 1, 0
909, 0, 1
591, 1, 0
913, 0, 1
340, 1, 0
1283, 1, 1
998, 1, 0
343, 0, 1
772, 1, 0
986, 1, 0
108, 0, 1
774, 1, 0
865, 0, 1
107, 1, 0
802, 1, 0
591, 0, 1
247, 1, 0
796, 1, 0
455, 0, 1
382, 1, 0
617, 1, 0
629, 0, 1
525, 1, 0
212, 1, 0
759, 1, 1
741, 1, 0
626, 1, 0
385, 0, 1
248, 1, 0
623, 1, 0
623, 1, 0
114, 0, 1
511, 1, 0
627, 1, 0
251, 0, 1
252, 1, 0
496, 1, 0
623, 1, 0
255, 0, 1
242, 1, 0
503, 1, 0
501, 1, 0
625, 1, 0
124, 0, 1
259, 1, 0
494, 1, 0
499, 1, 0
509, 1, 1
498, 1, 0
627, 1, 0
364, 1, 0
506, 1, 0
120, 0, 1
253, 1, 0
496, 1, 0
374, 1, 0
503, 1, 0
372, 1, 0
127, 0, 1
286, 1, 0
908, 1, 0
19, 1, 0
398, 1, 0
364, 1, 0
373, 1, 0
375, 1, 0
128, 0, 1
438, 1, 0
309, 1, 0
443, 1, 0
329, 1, 0
353, 1, 0
549, 1, 0
326, 1, 0
376, 1, 0
250, 0, 1
128, 1, 0
454, 1, 0
293, 1, 0
457, 1, 0
490, 1, 0
177, 1, 0
546, 1, 0
204, 1, 0
375, 1, 0
501, 1, 0
319, 1, 0
309, 1, 0
500, 1, 0
372, 1, 0
249, 1, 0
434, 1, 0
316, 1, 0
375, 1, 0
446, 1, 0
304, 1, 0
250, 1, 0
500, 1, 0
250, 1, 0
432, 1, 0
318, 1, 0
430, 1, 0
319, 1, 0
381, 1, 0
372, 1, 0
375, 1, 0
374, 1, 0
380, 1, 0
366, 1, 0
405, 1, 0
401, 1, 0
357, 1, 0
369, 1, 0
219, 1, 0
375, 1, 0
530, 1, 0
220, 1, 0
530, 1, 0
373, 1, 0
221, 1, 0
376, 1, 0
534, 1, 0
340, 1, 0
406, 1, 0
345, 1, 0
539, 1, 0
210, 1, 0
406, 0, -1
97, 1, 0
376, 1, 0
502, 1, 0
375, 1, 0
373, 1, 0
549, 1, 0
325, 1, -1
548, 1, 0
520, 1, 0
431, 1, 0
435, 1, 0
443, 1, 0
374, 1, 0
136, 0, -1
487, 1, 0
500, 1, 0
501, 1, 0
499, 1, 0
674, 1, 0
509, 1, -1
857, 1, 0
222, 1, 0
615, 1, 0
499, 0, -1
259, 1, 0
617, 1, 0
750, 1, 0
795, 1, 0
789, 1, 0
165, 0, -1
750, 1, 0
1184, 1, 0
1104, 1, 0
590, 0, -1
876, 1, 0
2123, 1, 0
7051, 0, -1
7455, 0, -1
369, -1, 0
2374, 0, -1
750, -1, 0
1501, 0, -1
375, -1, 0
1124, 0, -1
998, -1, 0
965, 0, -1
419, -1, 0
959, 0, -1
289, -1, 0
1326, 0, -1
50, -1, 0
1214, -1, 0
604, 0, -1
306, -1, 0
963, -1, -1
1037, -1, 0
625, 0, -1
250, -1, 0
749, -1, 0
961, -1, -1
539, -1, 0
843, -1, 0
749, -1, -1
534, -1, 0
714, -1, 0
536, -1, -1
839, -1, 0
409, -1, 0
639, -1, 0
635, -1, 0
501, -1, 0
505, 0, -1
91, -1, 0
527, -1, 0
474, -1, 0
629, -1, 0
495, -1, 0
530, -1, 0
547, -1, 0
457, -1, 0
216, 0, -1
250, -1, 0
532, -1, 0
499, -1, 0
500, -1, 0
382, -1, 0
468, -1, 0
503, -1, 0
371, -1, 0
591, -1, 0
462, -1, 0
531, -1, 0
290, -1, 0
500, -1, 0
376, -1, 0
423, -1, 0
450, -1, 0
376, -1, 0
375, -1, 0
593, -1, 0
282, -1, 0
375, -1, 0
573, -1, 0
302, -1, 0
430, -1, 0
774, -1, 0
179, -1, 0
237, -1, 0
250, -1, 0
534, -1, 0
341, -1, 0
376, -1, 0
374, -1, 0
375, -1, 1
376, -1, 0
500, -1, 0
375, -1, 0
375, -1, 0
375, -1, 0
375, -1, 0
374, -1, 0
377, -1, 0
375, -1, 1
373, -1, 0
376, -1, 0
374, -1, 0
375, -1, 0
376, -1, 0
374, -1, 0
250, -1, 0
129, 0, 1
249, -1, 0
373, -1, 0
374, -1, 0
375, -1, 0
374, -1, 0
375, -1, 0
251, 0, 1
128, -1, 0
247, -1, 0
374, -1, 0
375, -1, 0
375, -1, 0
376, -1, 0
374, -1, 0
128, 0, 1
125, -1, 0
373, -1, 0
375, -1, 0
376, -1, 0
373, -1, 0
376, -1, 0
258, -1, 1
557, -1, 0
297, -1, 0
265, -1, 0
247, -1, 0
375, -1, 0
376, -1, 1
374, -1, 0
250, -1, 0
375, -1, 0
376, -1, 0
375, -1, 0
374, -1, 0
128, 0, 1
125, -1, 0
373, -1, 0
375, -1, 0
250, -1, 0
374, -1, 0
250, 0, 1
128, -1, 0
373, -1, 0
250, -1, 0
374, -1, 0
376, -1, 0
376, -1, 1
249, -1, 0
375, -1, 0
376, -1, 0
375, -1, 0
250, -1, 0
258, 0, 1
125, -1, 0
247, -1, 0
503, -1, 0
247, -1, 0
375, -1, 0
127, 0, 1
247, -1, 0
375, -1, 0
251, -1, 0
427, -1, 0
322, -1, 0
250, 0, 1
128, -1, 0
247, -1, 0
444, -1, 0
306, -1, 0
446, -1, 0
57, 0, 1
246, -1, 0
251, -1, 0
448, -1, 0
303, -1, 0
445, -1, 1
179, -1, 0
572, -1, 0
176, -1, 0
298, 0, 1
93, -1, 0
230, -1, 0
440, -1, 0
311, -1, 0
439, -1, 0
65, 0, 1
246, -1, 0
444, -1, 0
186, -1, 0
373, -1, 0
428, -1, 0
79, 0, 1
245, -1, 0
438, -1, 0
187, -1, 0
250, 0, 1
250, -1, 0
249, -1, 0
435, -1, 0
316, -1, 0
250, -1, 0
127, 0, 1
248, -1, 0
437, -1, 0
313, -1, 0
374, -1, 0
128, 0, 1
248, -1, 0
377, -1, 0
371, -1, 0
127, 0, 1
248, -1, 0
376, -1, 0
378, -1, 0
373, -1, 1
375, -1, 0
374, -1, 0
425, -1, 0
81, 0, 1
245, -1, 0
438, -1, 0
312, -1, 0
127, 0, 1
247, -1, 0
573, -1, 0
178, -1, 0
374, 0, 1
128, -1, 0
371, -1, 0
252, -1, 0
591, -1, 1
819, -1, 0
228, -1, 0
138, 0, 1
105, -1, 0
413, -1, 0
556, -1, 0
144, 0, 1
128, -1, 0
373, -1, 0
554, -1, 0
320, 0, 1
128, -1, 0
438, -1, 0
613, -1, 0
72, 0, 1
249, -1, 0
500, -1, 0
680, -1, 1
321, -1, 0
553, -1, 0
573, -1, 1
573, -1, 0
550, -1, 0
128, 0, 1
499, -1, 0
623, -1, 0
446, 0, 1
179, -1, 0
697, -1, 0
679, -1, 0
127, 0, 1
678, -1, 0
749, -1, 0
195, 0, 1
750, -1, 0
886, -1, 0
117, 0, 1
926, -1, 0
1071, 0, 1
250, -1, 0
1389, -1, 0
361, 0, 1
1554, -1, 0
2127, 0, 1
7702, 0, 1
3127, 0, 1
2519, 0, 1
375, 1, 0
1279, 0, 1
1749, 0, 1
589, 1, 0
1287, 0, 1
1092, 0, 1
380, 1, 0
877, 0, 1
1156, 1, 0
341, 0, 1
1369, 0, 1
253, 1, 0
750, 0, 1
1148, 1, 0
373, 0, 1
1024, 1, 0
201, 0, 1
1055, 1, 0
64, 0, 1
1169, 1, 0
211, 0, 1
627, 1, 0
499, 0, 1
501, 1, 0
625, 0, 1
253, 1, 0
885, 1, 0
262, 0, 1
612, 1, 0
501, 0, 1
262, 1, 0
770, 1, 1
599, 1, 0
750, 1, 1
498, 1, 0
635, 1, 0
115, 0, 1
635, 1, 0
503, 1, 1
613, 1, 0
499, 1, 0
119, 0, 1
503, 1, 0
499, 1, 1
489, 1, 0
500, 1, 0
119, 0, 1
380, 1, 0
784, 1, 0
217, 1, 1
370, 1, 0
365, 1, 0
281, 0, 1
118, 1, 0
497, 1, 0
382, 1, 1
373, 1, 0
500, 1, 0
374, 1, 0
261, 0, 1
117, 1, 0
382, 1, 0
364, 1, 0
264, 0, 1
116, 1, 0
381, 1, 0
365, 1, 0
259, 1, 0
119, 0, 1
258, 1, 0
372, 1, 0
367, 1, 0
266, 1, 0
226, 0, 1
126, 1, 0
373, 1, 0
253, 1, 0
371, 1, 0
249, 1, 0
254, 0, 1
124, 1, 0
250, 1, 0
250, 1, 0
375, 1, 0
248, 1, 0
252, 1, 0
379, 1, 0
244, 1, 0
128, 0, 1
125, 1, 0
378, 1, 0
246, 1, 0
251, 1, 0
372, 1, 0
122, 1, 0
379, 1, 0
249, 1, 1
250, 1, 0
249, 1, 0
251, 1, 0
249, 1, 0
252, 1, 0
248, 1, 0
252, 1, 0
248, 1, 0
250, 1, 0
251, 1, 0
556, 1, 0
322, 1, 0
282, 1, 0
86, 2, 0
254, 1, 0
250, 1, 0
250, 1, 0
251, 1, 0
249, 1, 0
251, 1, 0
249, 1, 0
122, 1, 0
251, 1, 0
250, 1, 0
252, 1, 0
127, 1, 0
249, 1, 0
249, 1, 0
596, 2, 0
176, 1, 0
113, 1, 0
244, 1, 0
245, 1, 0
129, 1, 0
248, 1, 0
246, 1, 0
250, 1, 0
132, 1, 0
244, 1, 0
257, 1, 0
245, 1, 0
123, 1, 0
250, 1, 0
251, 1, 0
124, 1, 0
254, 1, 0
249, 1, 0
254, 1, 0
125, 1, 0
249, 1, 0
125, 1, 0
253, 1, 0
250, 1, 0
125, 1, 0
222, 1, 0
249, 1, 0
127, 1, 0
248, 1, 0
127, 1, 0
265, 1, 0
253, 1, 0
137, 1, 0
238, 1, 0
251, 1, 0
125, 1, 0
249, 1, 0
126, 1, 0
247, 1, 0
126, 0, -1
128, 1, 0
123, 1, 0
248, 1, 0
251, 1, 0
126, 1, 0
244, 1, 0
131, 1, 0
243, 1, 0
251, 1, 0
130, 1, 0
238, 1, -1
135, 1, 0
242, 1, 0
130, 1, 0
243, 1, 0
250, 1, 0
133, 1, 0
472, 1, 0
283, 1, 0
270, 2, -1
222, 1, 0
126, 2, 0
237, 1, 0
250, 1, 0
130, 1, 0
126, 1, 0
245, 1, 0
129, 0, -1
125, 1, 0
125, 1, 0
245, 1, 0
130, 1, 0
245, 1, 0
130, 1, 0
264, 1, 0
229, 1, 0
128, 1, -1
247, 1, 0
128, 1, 0
247, 1, 0
128, 1, 0
248, 1, 0
127, 1, 0
248, 1, 0
249, 1, 0
128, 1, -1
247, 1, 0
128, 1, 0
247, 1, 0
128, 1, 0
247, 1, 0
250, 1, 0
128, 1, 0
125, 0, -1
125, 1, 0
125, 1, 0
247, 1, 0
128, 1, 0
247, 1, 0
250, 1, 0
129, 1, 0
249, 1, -1
125, 1, 0
250, 1, 0
128, 1, 0
247, 1, 0
248, 1, 0
127, 1, 0
247, 1, 0
128, 1, -1
250, 1, 0
127, 1, 0
248, 1, 0
250, 1, 0
125, 1, 0
246, 1, -1
128, 1, 0
247, 1, 0
250, 1, 0
128, 1, 0
247, 1, 0
128, 1, 0
125, 0, -1
124, 1, 0
126, 1, 0
246, 1, 0
251, 1, 0
134, 1, 0
240, 1, 0
127, 1, 0
248, 1, -1
127, 1, 0
248, 1, 0
250, 1, 0
127, 1, 0
248, 1, 0
250, 1, -1
128, 1, 0
247, 1, 0
128, 1, 0
247, 1, 0
250, 1, 0
127, 1, -1
385, 1, 0
258, 1, 0
221, 1, 0
261, 1, 0
126, 2, 0
247, 1, 0
128, 0, -1
125, 1, 0
124, 1, 0
247, 1, 0
250, 1, 0
128, 1, -1
247, 1, 0
250, 1, 0
128, 1, 0
247, 1, 0
128, 1, 0
125, 0, -1
125, 1, 0
247, 1, 0
250, 1, 0
128, 1, 0
247, 1, 0
250, 1, 0
128, 1, -1
247, 1, 0
250, 1, 0
250, 1, 0
128, 1, 0
247, 1, 0
128, 1, -1
436, 1, 0
65, 1, 0
246, 1, 0
250, 1, 0
128, 1, -1
247, 1, 0
250, 1, 0
250, 1, 0
250, 1, 0
127, 1, -1
248, 1, 0
250, 1, 0
252, 1, 0
250, 1, 0
252, 1, -1
128, 1, 0
246, 1, 0
249, 1, 0
249, 1, 0
128, 0, -1
124, 1, 0
247, 1, 0
257, 1, 0
248, 1, 0
250, 1, -1
250, 1, 0
250, 1, 0
250, 1, 0
250, 1, -1
250, 1, 0
250, 1, 0
250, 1, 0
250, 1, -1
250, 1, 0
250, 1, 0
250, 1, 0
250, 1, -1
250, 1, 0
250, 1, 0
250, 1, 0
250, 0, -1
128, 1, 0
247, 1, 0
250, 1, 0
250, 1, -1
290, 1, 0
204, 1, 0
430, 1, -1
196, 1, 0
250, 1, 0
432, 1, 0
193, 0, -1
128, 1, 0
247, 1, 0
250, 1, 0
127, 0, -1
248, 1, 0
430, 1, 0
195, 1, -1
249, 1, 0
501, 1, 0
250, 1, -1
375, 1, 0
250, 1, 0
250, 0, -1
128, 1, 0
553, 1, 0
194, 1, -1
551, 1, 0
199, 1, 0
250, 0, -1
250, 1, 0
432, 1, 0
192, 0, -1
251, 1, 0
378, 1, 0
250, 0, -1
251, 1, 0
497, 1, 0
249, 0, -1
250, 1, 0
625, 1, 0
127, 0, -1
373, 1, 0
500, 0, -1
159, 1, 0
631, 1, 0
518, 0, -1
192, 1, 0
872, 1, -1
947, 1, 0
73, 0, -1
1012, 1, 0
248, 0, -1
1381, 0, -1
365, 1, 0
1252, 0, -1
2157, 0, -1
2876, 0, -1
2104, -1, -1
1651, 0, -1
340, -1, 0
1280, 0, -1
337, -1, 0
912, 0, -1
595, -1, 0
496, 0, -1
790, -1, 0
745, 0, -1
217, -1, 0
373, 0, -1
658, -1, 0
341, 0, -1
503, -1, 0
388, 0, -1
495, -1, 0
374, 0, -1
376, -1, 0
375, 0, -1
373, -1, 0
504, 0, -1
228, -1, 0
522, 0, -1
120, -1, 0
630, -1, 0
118, 0, -1
503, -1, 0
260, 0, -1
250, -1, 0
377, 0, -1
109, -1, 0
509, -1, 0
259, 0, -1
249, -1, 0
488, 0, -1
131, -1, 0
502, -1, 0
118, 0, -1
262, -1, 0
498, -1, -1
502, -1, 0
250, 0, -1
114, -1, 0
383, -1, 0
248, 0, -1
251, -1, 0
365, -1, 0
123, 0, -1
262, -1, 0
366, -1, 0
112, 0, -1
271, -1, 0
496, -1, -1
253, -1, 0
367, -1, 0
123, 0, -1
261, -1, 0
778, -1, 0
195, 0, -1
165, -2, 0
304, -1, -1
288, -1, 0
378, -1, 0
120, -1, -1
503, -1, 0
122, 0, -1
253, -1, 0
251, -1, 0
251, -1, 0
124, 0, -1
251, -1, 0
249, -1, 0
250, -1, 0
250, 0, -1
122, -1, 0
251, -1, 0
366, -1, 0
126, 0, -1
128, -1, 0
263, -1, 0
249, -1, 0
245, -1, 0
129, 0, -1
249, -1, 0
247, -1, 0
248, -1, 0
130, 0, -1
246, -1, 0
130, -1, 0
370, -1, 0
249, -1, 0
131, 0, -1
127, -1, 0
247, -1, 0
246, -1, 0
250, -1, 0
251, -1, -1
249, -1, 0
250, -1, 0
267, -1, 0
228, -1, 0
132, 0, -1
126, -1, 0
247, -1, 0
250, -1, 0
250, -1, 0
250, -1, 0
130, 0, -1
121, -1, 0
248, -1, 0
250, -1, 0
250, -1, 0
128, -1, 0
248, -1, 0
245, -1, 0
132, 0, -1
124, -1, 0
244, -1, 0
250, -1, 0
249, -1, 0
132, -1, 0
244, -1, 0
250, -1, -1
261, -1, 0
233, -1, 0
250, -1, 0
134, -1, 0
241, -1, 0
250, -1, 0
249, -1, 0
366, -1, 0
265, 0, -1
126, -3, 0
238, -1, 0
249, -1, 0
130, -1, 0
245, -1, 0
250, -1, 0
251, -1, 0
129, -1, 0
245, -1, 0
250, -1, 0
130, -1, -1
245, -1, 0
250, -1, 0
130, -1, 0
244, -1, 0
250, -1, 0
128, -1, 0
246, -1, 0
251, -1, 0
128, -1, 0
247, -1, 0
128, -1, 0
246, -1, 0
250, -1, 0
129, -1, 0
247, -1, 0
128, -1, 0
247, -1, 0
128, -1, 0
246, -1, 0
251, -1, -1
128, -1, 0
247, -1, 0
250, -1, 0
128, -1, 0
246, -1, 0
129, -1, 0
247, -1, 0
127, -1, 0
249, -1, 0
128, -1, 0
248, -1, 0
127, -1, 0
251, -1, 0
125, -1, 0
246, -1, 0
249, -1, 0
128, -1, 0
125, -1, 0
245, -1, 0
251, -1, 0
127, -1, 0
248, -1, 0
127, -1, 0
247, -1, 0
128, -1, 0
247, -1, 0
129, -1, 0
246, -1, 0
128, -1, 0
247, -1, 0
128, -1, 0
247, -1, 0
128, -1, 0
247, -1, 0
127, -1, 0
247, -1, 0
128, -1, 0
247, -1, 0
128, -1, 0
247, -1, 0
128, -1, 0
247, -1, 0
128, -1, 0
247, -1, 0
128, -1, 0
247, -1, 0
128, -1, 0
247, -1, 0
128, -1, 0
247, -1, 0
128, -1, 0
247, -1, 0
299, -1, 0
214, -1, 0
115, -2, 0
247, -1, 0
250, -1, 0
128, -1, 0
247, -1, 0
128, -1, 0
125, -1, 0
247, -1, 0
128, -1, 0
247, -1, 0
250, -1, 0
128, -1, 0
125, -1, 0
247, -1, 0
128, -1, 0
126, 0, 1
125, -1, 0
247, -1, 0
128, -1, 0
125, -1, 0
247, -1, 0
127, -1, 0
248, -1, 0
127, -1, 0
247, -1, 0
129, -1, 0
247, -1, 0
127, -1, 0
125, -1, 0
247, -1, 0
251, -1, 0
128, -1, 0
124, -1, 0
248, -1, 1
127, -1, 0
248, -1, 0
128, -1, 0
246, -1, 0
128, -1, 0
248, -1, 0
128, -1, 0
246, -1, 0
129, -1, 0
124, -1, 0
247, -1, 0
250, -1, 0
131, -1, 0
248, -1, 1
127, -1, 0
127, -1, 0
247, -1, 0
125, -1, 0
247, -1, 0
128, -1, 0
247, -1, 0
128, -1, 0
246, -1, 0
128, -1, 0
247, -1, 0
130, -1, 0
122, -1, 0
248, -1, 0
128, -1, 1
247, -1, 0
128, -1, 0
247, -1, 0
257, -1, 0
126, -1, 0
124, -1, 0
248, -1, 0
128, -1, 0
247, -1, 0
128, -1, 0
247, -1, 0
128, -1, 1
247, -1, 0
127, -1, 0
248, -1, 0
128, -1, 0
245, -1, 0
125, -1, 0
247, -1, 0
127, -1, 0
125, -1, 0
125, 0, 1
126, -1, 0
124, -1, 0
247, -1, 0
251, -1, 0
324, -1, 0
177, -1, 0
128, -1, 0
123, -1, 0
125, -1, 0
247, -1, 0
128, -1, 1
247, -1, 0
128, -1, 0
247, -1, 0
128, -1, 0
125, -1, 0
247, -1, 0
250, -1, 0
128, -1, 0
125, 0, 1
125, -1, 0
125, -1, 0
247, -1, 0
128, -1, 0
247, -1, 0
128, -1, 0
247, -1, 0
128, -1, 0
247, -1, 0
128, -1, 1
247, -1, 0
128, -1, 0
247, -1, 0
128, -1, 0
247, -1, 0
128, -1, 0
247, -1, 0
128, 0, 1
125, -1, 0
125, -1, 0
247, -1, 0
128, -1, 0
125, -1, 0
247, -1, 0
250, -1, 0
128, -1, 1
247, -1, 0
128, -1, 0
247, -1, 0
128, -1, 0
247, -1, 0
128, -1, 0
250, -1, 0
128, -1, 0
124, 0, 1
124, -1, 0
247, -1, 0
131, -1, 0
246, -1, 0
126, -1, 0
247, -1, 0
128, 0, 1
125, -1, 0
125, -1, 0
247, -1, 0
128, -1, 0
246, -1, 0
128, -1, 0
248, -1, 0
127, -1, 1
247, -1, 0
250, -1, 0
128, -1, 0
247, -1, 0
128, -1, 0
125, 0, 1
125, -1, 0
247, -1, 0
128, -1, 0
247, -1, 0
128, -1, 0
247, -1, 0
128, 0, 1
125, -1, 0
125, -1, 0
247, -1, 0
250, -1, 0
128, -1, 0
248, -1, 0
249, -1, 1
128, -1, 0
248, -1, 0
249, -1, 0
128, -1, 0
247, -1, 0
353, 0, 1
151, -1, 0
146, -2, 0
225, -1, 0
136, -1, 0
239, -1, 0
128, -1, 1
247, -1, 0
250, -1, 0
250, -1, 0
128, -1, 0
247, -1, 1
249, -1, 0
251, -1, 0
127, -1, 0
248, -1, 0
251, -1, 1
127, -1, 0
247, -1, 0
250, -1, 0
128, -1, 0
247, -1, 1
249, -1, 0
251, -1, 0
250, -1, 0
128, -1, 0
247, -1, 1
250, -1, 0
249, -1, 0
129, -1, 0
247, -1, 0
250, -1, 1
250, -1, 0
250, -1, 0
250, -1, 0
127, -1, 1
248, -1, 0
250, -1, 0
249, -1, 0
251, -1, 0
128, 0, 1
127, -1, 0
249, -1, 0
127, -1, 0
247, -1, 0
127, 0, 1
124, -1, 0
247, -1, 0
250, -1, 0
249, -1, 0
250, -1, 1
250, -1, 0
250, -1, 0
250, -1, 0
250, -1, 1
250, -1, 0
249, -1, 0
251, -1, 0
127, 0, 1
126, -1, 0
247, -1, 0
443, -1, 0
182, -1, 0
128, 0, 1
126, -1, 0
246, -1, 0
250, -1, 0
251, -1, 0
127, 0, 1
126, -1, 0
246, -1, 0
251, -1, 0
250, -1, 1
423, -1, 0
201, -1, 0
375, -1, 0
265, 0, 1
238, -1, 0
125, -1, 0
247, -1, 0
250, -1, 1
251, -1, 0
249, -1, 0
375, -1, 1
250, -1, 0
550, -1, 0
201, -1, 0
250, -1, 1
375, -1, 0
375, -1, 0
249, -1, 1
375, -1, 0
441, -1, 1
184, -1, 0
428, -1, 0
322, -1, 0
128, 0, 1
248, -1, 0
249, -1, 0
552, -1, 1
323, -1, 0
442, -1, 0
184, 0, 1
127, -1, 0
373, -1, 0
549, -1, 0
77, 0, 1
378, -1, 0
376, -1, 0
246, 0, 1
250, -1, 0
374, -1, 0
500, -1, 1
500, -1, 0
549, -1, 0
200, 0, 1
426, -1, 0
624, -1, 0
200, 0, 1
426, -1, 0
750, -1, 1
749, -1, 0
753, -1, 1
1120, -1, 0
628, 0, 1
450, -1, 0
801, 0, 1
752, -1, 0
1071, 0, 1
2270, -1, 1
2270, 0, 1
2276, 0, 1
1367, 1, 0
214, 0, 1
1534, 0, 1
348, 1, 0
1283, 0, 1
860, 1, 0
224, 0, 1
874, 1, 0
122, 0, 1
1040, 0, 1
214, 1, 0
747, 0, 1
375, 1, 0
625, 0, 1
375, 1, 0
503, 0, 1
497, 1, 0
375, 0, 1
375, 1, 0
501, 0, 1
375, 1, 0
647, 0, 1
113, 1, 0
756, 0, 1
116, 1, 0
761, 1, 1
674, 1, 0
210, 0, 1
373, 1, 0
498, 0, 1
120, 1, 0
505, 1, 0
121, 0, 1
619, 1, 0
375, 0, 1
123, 1, 0
502, 1, 0
374, 0, 1
261, 1, 0
516, 1, 0
112, 0, 1
373, 1, 0
367, 0, 1
121, 1, 0
675, 1, 0
190, 0, 1
170, 1, 0
330, 1, 0
372, 0, 1
124, 1, 0
380, 1, 0
372, 1, 1
500, 1, 0
378, 1, 0
121, 0, 1
381, 1, 0
248, 1, 0
249, 0, 1
251, 1, 0
250, 1, 0
372, 1, 1
499, 1, 0
254, 1, 0
250, 0, 1
120, 1, 0
381, 1, 0
371, 1, 1
252, 1, 0
371, 1, 0
375, 1, 1
255, 1, 0
377, 1, 0
263, 1, 1
361, 1, 0
262, 1, 0
245, 0, 1
120, 1, 0
253, 1, 0
382, 1, 0
247, 1, 0
120, 0, 1
124, 1, 0
259, 1, 0
370, 1, 1
244, 1, 0
249, 1, 0
251, 1, 0
248, 1, 0
126, 0, 1
126, 1, 0
249, 1, 0
250, 1, 0
250, 1, 0
126, 0, 1
123, 1, 0
250, 1, 0
250, 1, 0
252, 1, 0
249, 1, 1
248, 1, 0
251, 1, 0
261, 1, 0
263, 1, 0
116, 1, 1
380, 1, 0
247, 1, 0
125, 1, 0
657, 1, 0
195, 1, 1
210, 2, 0
52, 1, 0
109, 1, 0
249, 1, 0
128, 0, 1
126, 1, 0
248, 1, 0
125, 1, 0
246, 1, 0
250, 1, 0
250, 1, 0
130, 1, 1
125, 1, 0
245, 1, 0
250, 1, 0
129, 1, 0
246, 1, 0
250, 1, 0
129, 1, 0
126, 0, 1
125, 1, 0
125, 1, 0
251, 1, 0
249, 1, 0
121, 1, 0
245, 1, 0
130, 1, 0
125, 1, 1
245, 1, 0
250, 1, 0
130, 1, 0
245, 1, 0
130, 1, 0
124, 1, 0
246, 1, 0
252, 1, 1
129, 1, 0
123, 1, 0
246, 1, 0
130, 1, 0
245, 1, 0
129, 1, 0
126, 1, 0
245, 1, 0
250, 1, 0
130, 1, 0
124, 1, 0
251, 1, 1
130, 1, 0
246, 1, 0
129, 1, 0
142, 1, 0
226, 1, 0
124, 1, 0
125, 1, 0
125, 1, 0
248, 1, 0
127, 1, 0
126, 1, 0
247, 1, 0
127, 1, 0
248, 1, 0
127, 1, 0
125, 1, 0
248, 1, 0
128, 1, 0
125, 1, 0
125, 0, 1
124, 1, 0
125, 1, 0
125, 1, 0
246, 1, 0
129, 1, 0
125, 1, 0
245, 1, 0
130, 1, 0
125, 1, 0
126, 1, 0
245, 1, 0
130, 1, 0
245, 1, 0
130, 1, 0
143, 1, 0
105, 1, 0
123, 1, 0
247, 1, 0
128, 1, 0
125, 1, 0
248, 1, 0
127, 1, 0
125, 1, 0
125, 1, 0
340, 1, 0
36, 1, 0
139, 1, 0
232, 1, 0
128, 1, 0
126, 1, 0
133, 1, 0
242, 1, 0
130, 1, 0
125, 1, 0
248, 2, 0
249, 1, 0
129, 1, 0
247, 2, 0
250, 1, 0
128, 1, 0
124, 1, 0
247, 1, 0
128, 1, 0
125, 1, 0
131, 1, 0
117, 1, 0
247, 1, 0
128, 1, 0
125, 1, 0
125, 1, 0
247, 1, 0
128, 1, 0
126, 1, 0
124, 1, 0
125, 1, 0
247, 1, 0
128, 1, 0
125, 1, 0
125, 1, 0
247, 1, 0
128, 1, 0
125, 1, 0
125, 1, 0
125, 1, 0
247, 1, 0
128, 1, 0
125, 1, 0
125, 1, 0
247, 1, 0
128, 1, 0
125, 1, 0
125, 1, 0
125, 1, 0
247, 1, 0
128, 1, 0
125, 1, 0
125, 1, 0
246, 1, 0
129, 1, 0
125, 1, 0
127, 1, 0
122, 1, 0
125, 0, -1
125, 1, 0
125, 1, 0
125, 1, 0
124, 1, 0
243, 1, 0
127, 1, 0
126, 1, 0
124, 1, 0
142, 1, 0
116, 1, 0
248, 1, 0
128, 1, 0
124, 1, 0
125, 1, 0
126, 1, -1
247, 1, 0
128, 1, 0
126, 1, 0
124, 1, 0
125, 1, 0
244, 1, 0
129, 1, 0
124, 1, 0
125, 1, 0
125, 1, 0
247, 1, 0
128, 1, -1
125, 1, 0
125, 1, 0
247, 1, 0
128, 1, 0
125, 1, 0
125, 1, 0
125, 1, 0
247, 1, 0
128, 1, 0
125, 1, 0
125, 1, 0
247, 1, -1
128, 1, 0
125, 1, 0
122, 1, 0
245, 1, 0
127, 1, 0
125, 1, 0
247, 1, 0
128, 1, 0
125, 1, 0
125, 1, 0
259, 0, -1
327, 1, 0
54, 3, 0
119, 1, 0
238, 1, 0
128, 1, 0
247, 1, 0
128, 1, 0
125, 1, 0
248, 2, -1
249, 1, 0
128, 1, 0
125, 1, 0
247, 1, 0
128, 1, 0
125, 1, 0
125, 1, 0
247, 1, -1
128, 1, 0
125, 1, 0
247, 1, 0
128, 1, 0
247, 1, 0
128, 1, 0
132, 1, 0
123, 1, -1
125, 1, 0
247, 1, 0
128, 1, 0
247, 1, 0
128, 1, 0
125, 1, 0
125, 1, 0
125, 0, -1
144, 1, 0
106, 1, 0
247, 1, 0
128, 1, 0
125, 1, 0
247, 1, 0
128, 1, -1
125, 1, 0
125, 1, 0
247, 1, 0
128, 1, 0
125, 1, 0
247, 1, -1
128, 1, 0
247, 1, 0
128, 1, 0
246, 1, 0
129, 1, 0
125, 1, 0
250, 1, 0
128, 1, -1
124, 1, 0
248, 1, 0
250, 1, 0
127, 1, 0
125, 1, 0
245, 1, 0
128, 1, -1
125, 1, 0
247, 1, 0
128, 1, 0
247, 1, 0
250, 1, 0
127, 1, 0
126, 1, -1
247, 1, 0
250, 1, 0
129, 1, 0
246, 1, 0
128, 1, 0
125, 1, 0
125, 0, -1
125, 1, 0
247, 1, 0
127, 1, 0
248, 1, 0
250, 1, 0
128, 1, -1
125, 1, 0
247, 1, 0
128, 1, 0
247, 1, 0
250, 1, 0
250, 1, -1
128, 1, 0
247, 1, 0
250, 1, 0
128, 1, 0
247, 1, -1
127, 1, 0
405, 1, 0
309, 1, 0
43, 1, 0
114, 1, 0
247, 1, -1
249, 1, 0
251, 1, 0
249, 1, 0
128, 1, 0
247, 1, 0
128, 0, -1
125, 1, 0
247, 1, 0
250, 1, 0
250, 1, 0
128, 1, 0
125, 0, -1
248, 1, 0
127, 1, 0
247, 1, 0
250, 1, 0
251, 1, 0
127, 0, -1
125, 1, 0
247, 1, 0
375, 1, 0
250, 1, 0
250, 1, -1
251, 1, 0
249, 1, 0
426, 1, 0
199, 1, 0
128, 0, -1
125, 1, 0
247, 1, 0
434, 1, 0
191, 1, 0
127, 0, -1
126, 1, 0
372, 1, 0
431, 1, 0
197, 1, 0
128, 0, -1
248, 1, 0
250, 1, 0
373, 1, 0
374, 1, 0
249, 0, -1
128, 1, 0
247, 1, 0
500, 1, 0
375, 1, -1
429, 1, 0
321, 1, 0
548, 1, 0
327, 1, 0
250, 0, -1
250, 1, 0
551, 1, 0
450, 1, 0
558, 0, -1
87, 1, 0
684, 1, 0
442, 1, 0
659, 1, 0
497, 0, -1
323, 1, 0
927, 1, 0
624, 0, -1
221, 1, 0
1511, 1, 0
1903, 0, -1
11712, 0, -1
1913, -1, 0
1332, 0, -1
1391, -1, 0
897, 0, -1
1087, -1, 0
890, 0, -1
1320, -1, 0
672, 0, -1
1146, -1, 0
229, 0, -1
1147, -1, 0
469, 0, -1
1129, -1, 0
369, 0, -1
1007, -1, 0
621, 0, -1
373, -1, 0
1161, -1, 0
217, 0, -1
908, -1, 0
460, 0, -1
500, -1, 0
1044, -1, 0
89, 0, -1
748, -1, 0
766, 0, -1
234, -1, 0
786, -1, 0
464, 0, -1
499, -1, 0
622, -1, 0
757, -1, -1
872, -1, 0
629, 0, -1
125, -1, 0
626, -1, 0
631, -1, 0
250, 0, -1
371, -1, 0
933, -1, 0
330, 0, -1
94, -1, 0
645, -1, 0
693, -1, 0
440, 0, -1
94, -1, 0
624, -1, 0
536, -1, 0
219, 0, -1
374, -1, 0
498, -1, 0
625, -1, 0
554, -1, -1
506, -1, 0
535, -1, 0
463, -1, -1
496, -1, 0
509, -1, 0
483, -1, 0
516, -1, -1
312, -1, 0
594, -1, 0
411, -1, 0
245, 0, -1
250, -1, 0
375, -1, 0
375, -1, 0
553, -1, 0
321, 0, -1
128, -1, 0
446, -1, 0
302, -1, 0
556, -1, 0
506, -1, 0
188, 0, -1
127, -1, 0
435, -1, 0
312, -1, 0
435, -1, 0
488, -1, 0
81, 0, -1
247, -1, 0
424, -1, 0
325, -1, 0
434, -1, 0
444, -1, 0
248, 0, -1
125, -1, 0
404, -1, 0
372, -1, 0
394, -1, 0
364, -1, 0
372, -1, 0
371, -1, 0
220, -1, -1
405, -1, 0
500, -1, 0
220, -1, 0
406, -1, 0
374, -1, 0
220, 0, -1
127, -1, 0
373, -1, 0
249, -1, 0
405, -1, 0
346, -1, 0
477, -1, 0
152, -1, 0
372, -1, 0
440, -1, -1
310, -1, 0
250, -1, 0
376, -1, 0
376, -1, 0
248, -1, 0
455, -1, 0
170, -1, 0
438, -1, 0
312, -1, -1
251, -1, 0
418, -1, 0
332, -1, 0
249, -1, 0
424, -1, 0
201, -1, 0
436, -1, 0
189, -1, 0
436, -1, 0
189, -1, 0
440, -1, -1
185, -1, 0
376, -1, 0
249, -1, 0
449, -1, 0
176, -1, 0
1407, -2, 0
105, -3, 0
412, -1, 0
201, -1, 0
375, -1, 0
250, -1, 0
251, -1, 0
374, -1, 0
137, 0, -1
119, -1, 0
368, -1, 0
250, -1, 0
426, -1, 0
197, -1, 0
431, -1, 0
194, -1, 0
250, -1, 0
250, -1, 0
431, -1, 0
194, -1, 0
250, -1, 0
434, -1, 0
191, -1, 0
437, -1, 0
188, -1, 0
250, -1, 0
446, -1, 0
305, -1, 0
254, -1, 0
250, -1, 0
262, -1, 0
237, -1, 0
375, -1, 0
127, 0, -1
125, -1, 0
247, -1, 0
449, -1, 0
301, -1, 0
128, -1, 0
454, -1, 0
294, -1, 0
250, -1, 0
250, -1, 0
444, -1, 0
180, -1, 0
250, -1, 0
250, -1, 0
438, -1, 0
187, -1, 0
444, -1, 0
181, -1, 0
251, -1, 0
442, -1, 0
187, -1, 0
372, -1, 0
248, -1, 0
333, -1, 0
291, -1, 0
246, -1, 0
250, -1, 0
407, -1, 0
219, -1, 0
375, -1, 0
252, -1, 0
431, -1, 0
192, -1, 0
405, -1, 0
220, -1, 0
249, -1, 0
406, -1, 0
219, -1, 0
406, -1, 0
219, -1, 0
376, -1, 0
405, -1, 0
219, -1, 0
250, -1, 0
404, -1, 0
221, -1, 0
404, -1, 0
221, -1, 0
418, -1, 0
333, -1, 0
250, -1, 0
425, -1, 0
199, -1, 0
137, 0, 1
256, -1, 0
358, -1, 0
250, -1, 0
250, -1, 0
375, -1, 0
374, -1, 0
437, -1, 0
188, -1, 0
376, -1, 0
249, -1, 0
382, -1, 0
247, -1, 0
439, -1, 0
311, -1, 0
439, -1, 0
311, -1, 0
137, 0, 1
125, -1, 0
442, -1, 0
422, -1, 0
250, -1, 0
453, -1, 0
1270, -3, 0
152, -1, 0
438, -1, 0
312, -1, 0
440, -1, 0
71, 0, 1
238, -1, 0
439, -1, 0
311, -1, 0
434, -1, 0
444, -1, 0
442, -1, 0
306, -1, 0
565, -1, 0
311, -1, 0
554, -1, 0
95, 0, 1
225, -1, 0
500, -1, 0
551, -1, 0
508, -1, 0
329, -1, 0
491, -1, 0
621, -1, 0
500, -1, 0
499, -1, 0
501, 0, 1
127, -1, 0
574, -1, 0
605, -1, 0
622, -1, 0
753, -1, 0
569, -1, 0
755, -1, 0
968, -1, 0
277, 0, 1
247, -1, 0
877, -1, 0
997, -1, 0
1034, -1, 0
1373, -1, 0
1595, -1, 0
1162, 0, 1
961, -1, 0
16889, 0, 1
3368, 1, 1
2371, 0, 1
874, 1, 0
1128, 0, 1
1628, 1, 0
243, 0, 1
1504, 1, 1
1748, 1, 0
248, 0, 1
1252, 1, 0
374, 0, 1
751, 1, 0
818, 0, 1
432, 1, 0
880, 1, 0
247, 0, 1
1006, 1, 0
881, 0, 1
246, 1, 0
876, 1, 0
244, 0, 1
626, 1, 0
875, 1, 0
138, 0, 1
611, 1, 0
632, 0, 1
132, 1, 0
871, 1, 0
776, 0, 1
222, 1, 0
491, 1, 0
748, 1, 1
626, 1, 0
624, 1, 1
625, 1, 0
768, 1, 0
238, 0, 1
366, 1, 0
502, 1, 0
627, 1, 0
248, 0, 1
377, 1, 0
622, 1, 0
247, 0, 1
127, 1, 0
755, 1, 0
499, 1, 0
134, 0, 1
367, 1, 0
538, 1, 0
464, 1, 0
250, 0, 1
245, 1, 0
501, 1, 0
499, 1, 0
251, 0, 1
249, 1, 0
501, 1, 0
374, 1, 0
373, 0, 1
127, 1, 0
498, 1, 0
380, 1, 0
494, 1, 0
250, 0, 1
249, 1, 0
376, 1, 0
374, 1, 0
377, 0, 1
124, 1, 0
402, 1, 0
345, 1, 0
501, 1, 0
404, 1, 0
98, 0, 1
248, 1, 0
402, 1, 0
348, 1, 0
410, 1, 0
394, 1, 1
384, 1, 0
494, 1, 0
319, 1, 0
248, 1, 0
405, 0, 1
98, 1, 0
373, 1, 0
250, 1, 0
378, 1, 0
498, 1, 0
335, 1, 0
167, 0, 1
134, 1, 0
363, 1, 0
378, 1, 0
374, 1, 0
253, 1, 0
375, 1, 0
132, 0, 1
239, 1, 0
374, 1, 0
374, 1, 0
250, 1, 0
376, 1, 0
432, 1, 0
317, 1, 0
137, 0, 1
125, 1, 0
420, 1, 0
319, 1, 0
252, 1, 0
374, 1, 0
379, 1, 0
248, 1, 0
375, 1, 0
374, 1, 0
135, 0, 1
239, 1, 0
249, 1, 0
1171, 1, 0
216, 1, 0
124, 2, 0
124, 1, 0
364, 1, 0
375, 1, 0
250, 1, 0
250, 1, 0
448, 1, 0
302, 1, 0
137, 0, 1
124, 1, 0
419, 1, 0
321, 1, 0
249, 1, 0
375, 1, 0
250, 1, 0
377, 1, 0
446, 1, 0
302, 1, 0
250, 1, 0
250, 1, 0
440, 1, 0
310, 1, 0
440, 1, 0
185, 1, 0
377, 1, 0
249, 1, 0
374, 1, 0
377, 1, 0
251, 1, 0
375, 1, 0
373, 1, 0
439, 1, 0
189, 1, 0
442, 1, 0
305, 1, 0
379, 1, 0
246, 1, 0
436, 1, 0
313, 1, 0
442, 1, 0
308, 1, 0
442, 1, 0
308, 1, 0
446, 1, 0
306, 1, 0
373, 1, 0
129, 0, -1
246, 1, 0
435, 1, 0
443, 1, 0
374, 1, 0
375, 1, 0
405, 1, 0
468, 1, 0
404, 1, 0
99, 0, -1
400, 1, 0
375, 1, 0
501, 1, 0
499, 1, 0
538, 1, 0
358, 0, -1
79, 1, 0
527, 1, 0
623, 1, 0
627, 1, 0
498, 1, 0
597, 1, 0
137, 0, -1
552, 1, 0
692, 1, 0
818, 1, 0
844, 1, 0
498, 0, -1
210, 1, 0
1166, 1, 0
1128, 1, 0
1750, 1, 0
1394, 0, -1
12729, 0, -1
3141, -1, 0
482, 0, -1
1606, -1, 0
531, 0, -1
1873, -1, 0
89, 0, -1
1532, 0, -1
93, -1, 0
879, 0, -1
495, -1, 0
1144, 0, -1
241, -1, 0
1000, 0, -1
245, -1, 0
878, -1, -1
1129, -1, -1
901, -1, 0
337, 0, -1
500, -1, 0
626, 0, -1
249, -1, 0
751, -1, 0
135, 0, -1
614, -1, 0
1186, 0, -1
202, -1, 0
124, -1, 0
124, 0, -1
368, -1, 0
624, -1, 0
247, 0, -1
499, -1, 0
501, -1, 0
154, 0, -1
477, -1, 0
631, -1, 0
126, 0, -1
372, -1, 0
500, -1, 0
240, 0, -1
254, -1, 0
497, -1, 0
502, -1, 0
124, 0, -1
374, -1, 0
502, -1, 0
246, 0, -1
270, -1, 0
360, -1, 0
497, -1, 0
128, 0, -1
249, -1, 0
378, -1, 0
504, -1, 0
365, 0, -1
133, -1, 0
253, -1, 0
493, -1, 0
372, -1, -1
375, -1, 0
375, -1, 0
382, -1, -1
375, -1, 0
371, -1, 0
375, -1, 0
375, -1, -1
254, -1, 0
503, -1, 0
367, -1, 0
251, -1, 0
127, 0, -1
526, -1, 0
227, -1, 0
149, -1, 0
360, -1, 0
231, -1, 0
130, 0, -1
122, -1, 0
378, -1, 0
372, -1, 0
248, -1, 0
377, -1, -1
377, -1, 0
375, -1, 0
247, -1, 0
253, -1, 0
248, -1, 0
128, 0, -1
125, -1, 0
373, -1, 0
380, -1, 0
242, -1, 0
253, -1, 0
248, 0, -1
129, -1, 0
247, -1, 0
249, -1, 0
251, -1, 0
252, -1, 0
373, -1, 0
256, -1, 0
253, -1, -1
245, -1, 0
382, -1, 0
243, -1, 0
250, -1, 0
246, -1, 0
251, -1, 0
127, 0, -1
123, -1, 0
377, -1, 0
245, -1, 0
260, -1, 0
244, -1, 0
251, -1, 0
251, -1, 0
250, -1, 0
248, -1, 0
129, 0, -1
124, -1, 0
383, -1, 0
118, -1, 0
246, -1, 0
250, -1, 0
250, -1, 0
250, -1, 0
250, -1, 0
376, -1, 0
250, -1, 0
134, -1, -1
256, -1, 0
252, -1, 0
239, -1, 0
245, -1, 0
252, -1, 0
252, -1, 0
477, -1, 0
281, -1, 0
195, -1, 0
196, -1, 0
223, -1, 0
128, -1, -1
247, -1, 0
128, -1, 0
373, -1, 0
126, -1, 0
245, -1, 0
259, -1, 0
240, -1, 0
249, -1, 0
252, -1, 0
249, -1, 0
128, -1, 0
246, -1, 0
251, -1, 0
249, -1, 0
251, -1, 0
249, -1, -1
255, -1, 0
247, -1, 0
127, -1, 0
247, -1, 0
250, -1, 0
251, -1, 0
127, -1, 0
242, -1, 0
247, -1, 0
250, -1, 0
250, -1, 0
250, -1, 0
126, -1, 0
252, -1, 0
247, -1, 0
254, -1, 0
246, -1, 0
127, -1, 0
257, -1, 0
243, -1, 0
125, 0, -1
126, -1, 0
125, -1, 0
249, -1, 0
250, -1, 0
248, -1, 0
132, -1, 0
243, -1, 0
249, -1, 0
252, -1, 0
279, -1, 0
224, -1, 0
122, -1, 0
247, -1, 0
250, -1, 0
250, -1, 0
126, -1, 0
249, -1, 0
250, -1, 0
252, -1, 0
248, -1, 0
126, -1, 0
248, -1, 0
250, -1, 0
252, -1, 0
126, -1, 0
253, -1, 0
245, -1, 0
249, -1, 0
127, -1, 0
250, -1, 0
249, -1, 0
486, -1, 0
282, -1, -1
218, -2, 0
264, -1, 0
126, -1, 0
125, -1, 0
247, -1, 0
251, -1, 0
256, -1, 0
122, -1, 0
247, -1, 0
250, -1, 0
250, -1, 0
250, -1, 0
129, -1, 0
247, -1, 0
250, -1, 0
249, -1, 0
251, -1, 0
249, -1, 0
128, -1, 0
248, -1, 0
264, -1, 0
234, -1, 0
250, -1, 0
128, -1, 0
247, -1, 0
249, -1, 0
250, -1, 0
251, -1, 0
249, -1, 0
250, -1, 0
128, -1, 0
248, -1, 0
250, -1, 0
250, -1, 0
128, -1, 0
247, -1, 0
249, -1, 0
250, -1, 0
252, -1, 0
249, -1, 0
251, -1, 0
129, -1, 0
242, -1, 0
249, -1, 0
255, -1, 0
247, -1, 0
251, -1, 0
250, -1, 0
249, -1, 0
128, -1, 0
373, -1, 0
128, -1, 0
247, -1, 0
250, -1, 0
250, -1, 0
249, -1, 0
249, -1, 0
250, -1, 0
251, -1, 0
250, -1, 0
249, -1, 0
254, -1, 0
246, -1, 0
251, -1, 0
249, -1, 0
250, -1, 0
250, -1, 0
250, -1, 0
250, -1, 0
250, -1, 0
344, -1, 0
157, -1, 0
256, -1, 0
368, -1, 0
250, -1, 0
250, -1, 0
251, -1, 0
249, -1, 0
250, -1, 0
250, -1, 0
375, -1, 0
250, -1, 0
252, -1, 0
373, -1, 0
250, -1, 0
250, -1, 0
376, -1, 0
249, -1, 0
376, -1, 0
127, 0, 1
127, -1, 0
370, -1, 0
250, -1, 0
249, -1, 0
376, -1, 0
250, -1, 0
375, -1, 0
375, -1, 0
250, -1, 0
377, -1, 0
374, -1, 0
374, -1, 0
252, -1, 0
373, -1, 0
374, -1, 0
375, -1, 0
376, -1, 0
375, -1, 0
128, 0, 1
247, -1, 0
374, -1, 0
375, -1, 0
376, -1, 0
500, -1, 0
562, -1, 0
312, -1, 0
533, -1, 0
468, -1, 0
375, -1, 0
534, -1, 0
581, -1, 0
329, 0, 1
180, -1, 0
535, -1, 0
643, -1, 0
594, -1, 0
501, -1, 0
777, -1, 0
589, -1, 0
789, -1, 0
864, -1, 0
758, -1, 0
1089, -1, 0
1131, -1, 0
1262, -1, 0
1996, -1, 0
14123, 0, 1
3742, 1, 0
618, 0, 1
1518, 1, 0
1534, 0, 1
454, 1, 0
998, 0, 1
906, 1, 0
877, 0, 1
221, 1, 0
1377, 1, 0
119, 0, 1
1030, 1, 0
344, 0, 1
498, 1, 0
908, 0, 1
218, 1, 0
882, 1, 0
376, 0, 1
491, 1, 0
750, 1, 0
129, 0, 1
502, 1, 0
746, 1, 0
127, 0, 1
501, 1, 0
779, 1, 1
467, 1, 0
783, 1, 1
468, 1, 0
624, 1, 0
269, 0, 1
241, 1, 0
631, 1, 0
298, 0, 1
194, 1, 0
377, 1, 0
503, 1, 0
243, 0, 1
247, 1, 0
500, 1, 0
250, 0, 1
249, 1, 0
500, 1, 0
251, 0, 1
129, 1, 0
370, 1, 0
500, 1, 0
254, 0, 1
126, 1, 0
370, 1, 0
501, 1, 1
374, 1, 0
379, 1, 0
371, 1, 1
373, 1, 0
374, 1, 0
250, 1, 0
257, 0, 1
247, 1, 0
244, 1, 0
376, 1, 0
129, 0, 1
124, 1, 0
371, 1, 0
376, 1, 0
129, 0, 1
124, 1, 0
372, 1, 0
381, 1, 0
122, 0, 1
127, 1, 0
245, 1, 0
375, 1, 0
252, 1, 1
373, 1, 0
250, 1, 0
375, 1, 0
250, 1, 1
251, 1, 0
249, 1, 0
375, 1, 0
128, 0, 1
126, 1, 0
252, 1, 0
256, 1, 0
371, 1, 0
121, 0, 1
124, 1, 0
247, 1, 0
606, 1, 0
345, 1, 0
60, 1, 1
117, 1, 0
125, 1, 0
248, 1, 0
249, 1, 0
252, 1, 1
376, 1, 0
248, 1, 0
251, 1, 0
129, 1, 1
245, 1, 0
250, 1, 0
251, 1, 0
249, 1, 0
250, 1, 1
250, 1, 0
249, 1, 0
128, 1, 0
247, 1, 0
129, 0, 1
145, 1, 0
221, 1, 0
249, 1, 0
249, 1, 0
129, 1, 0
247, 1, 1
250, 1, 0
250, 1, 0
250, 1, 0
127, 1, 0
248, 1, 0
128, 1, 0
125, 0, 1
125, 1, 0
247, 1, 0
127, 1, 0
248, 1, 0
251, 1, 0
255, 1, 1
123, 1, 0
245, 1, 0
250, 1, 0
129, 1, 0
246, 1, 0
128, 1, 0
131, 0, 1
116, 1, 0
247, 1, 0
129, 1, 0
251, 1, 0
124, 1, 0
247, 1, 0
128, 1, 0
125, 0, 1
124, 1, 0
249, 1, 0
126, 1, 0
247, 1, 0
129, 1, 0
246, 1, 0
129, 1, 0
246, 1, 0
128, 1, 1
248, 1, 0
250, 1, 0
131, 1, 0
126, 1, 0
245, 1, 0
249, 1, 0
128, 1, 0
125, 1, 1
248, 1, 0
127, 1, 0
246, 1, 0
249, 1, 0
128, 1, 0
125, 1, 0
247, 1, 0
128, 1, 0
250, 1, 0
127, 1, 1
332, 1, 0
182, 1, 0
334, 1, 0
35, 2, 0
240, 1, 0
124, 1, 0
247, 1, 1
128, 1, 0
247, 1, 0
129, 1, 0
246, 1, 0
128, 1, 0
125, 1, 0
247, 1, 0
128, 1, 0
247, 1, 0
128, 1, 0
125, 1, 1
247, 1, 0
126, 1, 0
247, 1, 0
129, 1, 0
124, 1, 0
248, 1, 0
128, 1, 0
124, 1, 0
247, 1, 0
129, 1, 0
125, 0, 1
125, 1, 0
125, 1, 0
125, 1, 0
247, 1, 0
128, 1, 0
124, 1, 0
247, 1, 0
128, 1, 0
250, 1, 0
129, 1, 0
128, 1, 0
246, 1, 0
124, 1, 0
249, 1, 1
129, 1, 0
124, 1, 0
247, 1, 0
127, 1, 0
127, 1, 0
246, 1, 0
128, 1, 0
128, 1, 0
243, 1, 0
128, 1, 0
251, 1, 0
124, 1, 0
127, 1, 0
123, 0, 1
124, 1, 0
125, 1, 0
126, 1, 0
247, 1, 0
125, 1, 0
126, 1, 0
250, 1, 0
127, 1, 0
125, 1, 0
249, 1, 0
124, 1, 0
126, 1, 0
247, 1, 0
126, 1, 0
128, 1, 0
247, 1, 0
125, 1, 0
127, 1, 0
247, 1, 0
126, 1, 0
127, 1, 0
125, 0, 1
125, 1, 0
125, 1, 0
248, 1, 0
126, 1, 0
126, 1, 0
248, 1, 0
125, 1, 0
127, 1, 0
248, 1, 0
129, 1, 0
246, 1, 0
127, 1, 0
128, 1, 0
122, 1, 0
246, 1, 0
129, 1, 1
124, 1, 0
247, 1, 0
128, 1, 0
125, 1, 0
540, 1, 0
213, 1, 0
144, 3, 0
232, 1, 0
133, 1, 0
115, 1, 0
247, 1, 0
129, 1, 0
141, 1, 0
228, 1, 0
128, 1, 0
246, 1, 0
128, 1, 0
124, 1, 0
247, 1, 0
129, 1, 1
124, 1, 0
247, 1, 0
128, 1, 0
125, 1, 0
247, 1, 0
128, 1, 0
127, 1, 0
247, 1, 0
126, 1, 0
125, 1, 0
125, 1, 0
247, 1, 0
128, 1, 0
247, 1, 0
128, 1, 0
125, 1, 0
259, 1, 0
116, 1, 0
125, 1, 0
247, 1, 0
128, 1, 0
247, 1, 0
146, 1, 0
106, 1, 0
247, 1, 0
128, 1, 0
248, 1, 0
128, 1, 0
124, 1, 0
248, 1, 0
127, 1, 0
125, 1, 0
248, 1, 0
128, 1, 0
248, 1, 0
127, 1, 0
247, 1, 0
128, 1, 0
126, 1, 0
246, 1, 0
128, 1, 0
246, 1, 0
128, 1, 0
247, 1, 0
128, 1, 0
125, 1, 0
248, 1, 0
128, 1, 0
124, 1, 0
248, 1, 0
127, 1, 0
254, 1, 0
121, 1, 0
125, 1, 0
248, 1, 0
131, 1, 0
247, 1, 0
130, 1, 0
245, 1, 0
128, 1, 0
252, 1, 0
123, 1, 0
124, 1, 0
247, 1, 0
127, 1, 0
247, 1, 0
126, 1, 0
247, 1, 0
128, 1, 0
248, 1, 0
127, 1, 0
125, 1, 0
250, 1, 0
148, 1, 0
226, 1, 0
250, 1, 0
126, 1, 0
125, 1, 0
573, 1, 0
180, 1, 0
174, 2, 0
73, 1, 0
209, 1, 0
163, 1, 0
250, 1, 0
128, 1, 0
248, 1, 0
127, 1, 0
247, 1, 0
128, 1, 0
248, 1, 0
127, 1, 0
247, 1, 0
128, 1, 0
401, 1, 0
107, 1, 0
117, 1, 0
248, 1, 0
249, 1, 0
128, 1, 0
247, 1, 0
250, 1, 0
128, 1, 0
248, 1, 0
127, 1, 0
247, 1, 0
250, 1, 0
251, 1, 0
134, 1, 0
243, 1, 0
250, 1, 0
128, 1, 0
247, 1, 0
250, 1, 0
250, 1, 0
128, 1, 0
247, 1, 0
250, 1, 0
128, 1, 0
248, 1, 0
249, 1, 0
254, 1, 0
246, 1, 0
250, 1, 0
128, 1, 0
247, 1, 0
254, 1, 0
246, 1, 0
314, 1, 0
212, 1, 0
108, 1, 0
364, 1, 0
249, 1, 0
250, 1, 0
250, 1, 0
250, 1, 0
250, 1, 0
250, 1, 0
250, 1, 0
250, 1, 0
254, 1, 0
253, 1, 0
247, 1, 0
252, 1, 0
249, 1, 0
249, 1, 0
252, 1, 0
375, 1, 0
248, 1, 0
250, 1, 0
375, 1, 0
807, 1, 0
201, 1, 0
125, 1, 0
124, 1, 0
239, 1, 0
250, 0, -1
137, 1, 0
238, 1, 0
425, 1, 0
200, 1, 0
442, 1, 0
308, 1, 0
250, 1, 0
415, 1, 0
335, 1, 0
377, 1, 0
376, 1, 0
376, 1, 0
374, 1, 0
533, 1, 0
359, 1, 0
356, 1, 0
537, 1, 0
337, 1, 0
376, 1, 0
630, 1, 0
623, 1, 0
371, 1, 0
659, 1, 0
625, 1, 0
499, 1, 0
755, 1, 0
744, 1, 0
750, 1, 0
1002, 1, 0
1126, 1, 0
1343, 1, 0
3034, 1, 0
17876, -1, 0
1617, 0, -1
2321, -1, 0
3202, -1, -1
2833, -1, 0
1442, 0, -1
679, -1, 0
1894, -1, 0
1613, 0, -1
364, -1, 0
1509, -1, 0
1369, -1, -1
1627, -1, 0
1138, -1, 0
862, 0, -1
371, -1, 0
1383, -1, 0
867, -1, 0
757, 0, -1
367, -1, 0
1262, -1, 0
1183, -1, 0
184, 0, -1
495, -1, 0
1000, -1, 0
875, -1, 0
373, 0, -1
500, -1, 0
1000, -1, 0
752, -1, 0
875, -1, 0
623, 0, -1
375, -1, 0
919, -1, 0
717, -1, 0
994, -1, 0
131, 0, -1
618, -1, 0
621, -1, 0
882, -1, 0
750, 0, -1
131, -1, 0
741, -1, 0
872, -1, 0
756, -1, 0
745, -1, 0
247, 0, -1
772, -1, 0
478, -1, 0
881, -1, 0
751, -1, -1
874, -1, 0
623, -1, 0
875, -1, 0
628, 0, -1
253, -1, 0
748, -1, 0
745, -1, 0
625, -1, 0
757, 0, -1
119, -1, 0
872, -1, 0
751, -1, 0
752, -1, 0
249, 0, -1
502, -1, 0
750, -1, 0
749, -1, 0
748, -1, 0
128, 0, -1
757, -1, 0
742, -1, 0
993, -1, 0
388, 0, -1
125, -1, 0
759, -1, 0
983, -1, 0
1097, -1, -1
538, -1, 0
500, -1, 0
622, -1, 0
750, 0, -1
122, -1, 0
752, -1, 0
751, -1, 0
758, -1, 0
616, -1, -1
877, -1, 0
629, -1, 0
877, -1, 0
745, -1, 0
251, 0, -1
494, -1, 0
749, -1, 0
625, -1, 0
875, -1, 0
373, 0, -1
375, -1, 0
1040, -1, 0
467, -1, 0
881, -1, 0
633, -1, 0
232, 0, -1
632, -1, 0
745, -1, 0
750, -1, 0
1006, -1, 0
367, 0, -1
375, -1, 0
625, -1, 0
1004, -1, 0
772, -1, 0
856, -1, 0
872, -1, 0
370, 0, -1
502, -1, 0
754, -1, 0
873, -1, 0
873, -1, 0
751, -1, 0
623, 0, -1
503, -1, 0
749, -1, 0
751, -1, 0
1004, -1, 0
895, -1, 0
979, -1, 0
875, -1, -1
779, -1, 0
971, -1, 0
995, -1, 0
1253, -1, 0
872, -1, 0
622, 0, -1
374, -1, 0
1126, -1, 0
1001, -1, 0
1126, -1, 0
1000, -1, 0
1121, -1, 0
1685, -1, 0
207, 0, -1
481, -1, 0
1380, -1, 0
1122, -1, 0
1516, -1, 0
1244, -1, 0
1371, -1, 0
1501, -1, 0
121, 0, -1
1250, -1, 0
1500, -1, 0
1626, -1, 0
1377, -1, 0
1762, -1, 0
1895, -1, 0
1834, -1, 0
2287, -1, 0
2213, -1, 0
2928, -1, 0
3003, -1, 0
3749, -1, 0
3987, -1, 0
4509, -1, 0
6203, -1, 0
9377, -1, 0
13179, -1, 0
118385, 0, 1
7859, 1, 0
4250, 0, 1
6878, 0, 1
1970, 1, 0
2622, 0, 1
4160, 1, 0
2239, 0, 1
4374, 1, 0
471, 0, 1
5036, 0, 1
584, 1, 0
5168, 1, 1
5372, 1, 0
876, 0, 1
4086, 1, 0
1406, 0, 1
2402, 1, 0
3831, 1, 0
538, 0, 1
3102, 1, 0
3140, 0, 1
462, 1, 0
4278, 1, 0
1714, 0, 1
4158, 1, 0
205629, -1, 0
223, 0, -1
2491, 0, -1
1155, -1, 0
601, 0, -1
1383, 0, -1
583, -1, 0
903, 0, -1
1250, -1, 0
247, 0, -1
1124, 0, -1
627, -1, 0
736, 0, -1
782, -1, 0
500, 0, -1
760, -1, 0
207, 0, -1
1126, -1, 0
248, 0, -1
1001, -1, -1
1004, -1, 0
250, 0, -1
750, -1, 0
246, 0, -1
660, -1, 0
519, 0, -1
607, -1, 0
500, 0, -1
91, -1, 0
1037, -1, -1
711, -1, 0
792, 0, -1
211, -1, 0
557, -1, -1
689, -1, 0
407, 0, -1
218, -1, 0
626, -1, 0
529, 0, -1
96, -1, 0
652, -1, 0
471, 0, -1
250, -1, 0
627, -1, 0
248, 0, -1
250, -1, 0
659, -1, 0
625, -1, -1
496, -1, 0
602, -1, 0
265, 0, -1
238, -1, 0
617, -1, 0
533, -1, 0
216, 0, -1
250, -1, 0
678, -1, 0
380, -1, 0
78, 0, -1
397, -1, 0
628, -1, 0
499, -1, 0
342, 0, -1
133, -1, 0
519, -1, 0
345, -1, 0
626, -1, 0
375, -1, -1
539, -1, 0
1052, -1, 0
170, -1, 0
125, 0, -1
123, -1, 0
525, -1, 0
340, -1, 0
529, -1, 0
624, -1, 0
404, -1, 0
78, 0, -1
239, -1, 0
659, -1, 0
341, -1, 0
501, -1, 0
499, -1, 0
407, -1, 0
218, 0, -1
250, -1, 0
531, -1, 0
344, -1, 0
532, -1, 0
469, -1, 0
531, -1, 0
218, 0, -1
128, -1, 0
497, -1, 0
501, -1, 0
379, -1, 0
497, -1, 0
571, -1, 0
304, -1, 0
499, -1, 0
533, -1, 0
467, -1, 0
250, 0, -1
127, -1, 0
525, -1, 0
502, -1, 0
471, -1, 0
375, -1, 0
572, -1, 0
553, -1, 0
405, -1, 0
498, -1, 0
479, -1, 0
495, -1, 0
497, -1, 0
250, 0, -1
251, -1, 0
531, -1, 0
498, -1, 0
624, -1, 0
471, -1, 0
533, -1, 0
623, -1, 0
501, -1, 0
469, -1, 0
786, -1, 0
463, -1, 0
625, -1, 0
625, -1, 0
528, -1, 0
597, -1, 0
780, -1, 0
627, -1, 0
718, -1, 0
757, -1, 0
628, -1, 0
871, -1, 0
747, -1, 0
1089, -1, 0
176, 0, -1
360, -1, 0
1001, -1, 0
881, -1, 0
995, -1, 0
1249, -1, 0
1133, -1, 0
1494, -1, 0
1754, -1, 0
1878, -1, 0
2996, -1, 0
24717, 1, 0
4186, 1, 1
3243, 1, 1
2399, 0, 1
90, 1, 0
2029, 1, 1
1848, 1, 1
1529, 1, 0
397, 0, 1
978, 1, 0
747, 0, 1
346, 1, 0
1292, 1, 0
101, 0, 1
982, 1, 0
625, 0, 1
535, 1, 0
1121, 1, 1
842, 1, 0
785, 0, 1
214, 1, 0
915, 1, 0
491, 0, 1
103, 1, 0
978, 1, 0
247, 0, 1
958, 1, 0
292, 1, 0
249, 0, 1
535, 1, 0
663, 1, 0
457, 0, 1
107, 1, 0
768, 1, 0
346, 0, 1
406, 1, 0
594, 1, 0
253, 0, 1
409, 1, 0
515, 1, 0
573, 1, 1
625, 1, 0
532, 1, 1
593, 1, 0
532, 1, 0
218, 0, 1
250, 1, 0
531, 1, 0
595, 1, 0
126, 0, 1
405, 1, 0
468, 1, 0
250, 0, 1
250, 1, 0
500, 1, 0
531, 1, 0
219, 0, 1
250, 1, 0
406, 1, 0
502, 1, 0
217, 0, 1
250, 1, 0
535, 1, 0
341, 1, 1
500, 1, 0
392, 1, 0
357, 1, 0
250, 0, 1
250, 1, 0
430, 1, 0
478, 1, 0
94, 0, 1
248, 1, 0
379, 1, 0
374, 1, 0
411, 1, 1
498, 1, 0
414, 1, 0
367, 1, 1
496, 1, 0
400, 1, 0
162, 1, 0
411, 0, 1
92, 1, 0
407, 1, 0
339, 1, 0
250, 1, 0
413, 0, 1
90, 1, 0
272, 1, 0
350, 1, 0
425, 1, 0
377, 1, 1
323, 1, 0
413, 1, 0
337, 1, 0
250, 1, 0
250, 0, 1
137, 1, 0
400, 1, 0
338, 1, 0
250, 1, 0
413, 1, 0
212, 0, 1
136, 1, 0
364, 1, 0
250, 1, 0
375, 1, 0
250, 1, 0
413, 1, 0
98, 0, 1
239, 1, 0
250, 1, 0
388, 1, 0
363, 1, 0
249, 1, 0
410, 1, 0
102, 0, 1
124, 1, 0
775, 1, 0
237, 1, 0
113, 1, 0
239, 1, 0
250, 1, 0
250, 1, 0
137, 0, 1
238, 1, 0
250, 1, 0
414, 1, 0
211, 1, 0
375, 1, 0
250, 1, 0
376, 1, 0
249, 1, 0
418, 1, 0
207, 1, 1
376, 1, 0
416, 1, 0
208, 1, 0
250, 1, 0
375, 1, 0
250, 1, 0
250, 1, 0
375, 1, 0
255, 1, 0
374, 1, 0
246, 1, 0
253, 1, 0
413, 1, 0
209, 1, 1
375, 1, 0
250, 1, 0
413, 1, 0
212, 1, 0
415, 1, 0
210, 1, 0
250, 1, 0
375, 1, 0
376, 1, 0
249, 1, 0
250, 1, 0
416, 1, 0
209, 1, 0
250, 1, 0
375, 1, 0
415, 1, 0
210, 1, 0
375, 1, 0
250, 1, 0
375, 1, 0
250, 1, 0
416, 1, 0
209, 1, 0
688, 1, 0
200, 1, 0
115, 1, 0
410, 1, 0
212, 1, 0
415, 1, 0
335, 1, 0
250, 1, 0
250, 1, 0
413, 1, 0
337, 1, 0
415, 1, 0
210, 1, 0
413, 1, 0
337, 1, 0
413, 1, 0
212, 1, 0
422, 1, 0
383, 1, 0
372, 1, 0
198, 1, 0
538, 1, 0
336, 1, 0
251, 1, 0
538, 1, 0
337, 1, 0
415, 1, 0
334, 1, 0
379, 1, 0
375, 1, 0
373, 1, 0
374, 1, 0
536, 1, 0
339, 1, 0
375, 1, 0
704, 1, 0
296, 1, 0
249, 0, -1
250, 1, 0
376, 1, 0
538, 1, 0
461, 1, 0
626, 1, 0
375, 1, 0
667, 1, -1
583, 1, 0
665, 1, 0
647, 1, 0
688, 1, 0
661, 1, 0
629, 0, -1
209, 1, 0
1041, 1, 0
1131, 1, 0
1497, 1, 0
331, 0, -1
11501, 0, -1
2311, -1, 0
2110, 0, -1
81, -1, 0
2443, -1, 0
57, 0, -1
1558, -1, 0
79, 0, -1
1158, -1, 0
842, 0, -1
374, -1, 0
1126, -1, -1
1010, -1, 0
238, 0, -1
807, -1, 0
714, -1, -1
617, -1, 0
776, -1, -1
717, -1, 0
655, -1, -1
639, -1, 0
489, -1, -1
523, -1, 0
697, -1, -1
529, -1, 0
341, -1, 0
556, -1, 0
194, 0, -1
426, -1, 0
451, -1, 0
249, 0, -1
126, -1, 0
498, -1, 0
375, -1, 0
374, -1, 0
252, 0, -1
253, -1, 0
373, -1, 0
375, -1, 0
375, -1, -1
373, -1, 0
376, -1, 0
373, -1, 0
427, -1, 0
203, 0, -1
124, -1, 0
371, -1, 0
430, -1, 0
197, -1, 0
376, -1, 0
127, 0, -1
246, -1, 0
251, -1, 0
379, -1, 0
370, -1, 0
492, -1, 0
262, -1, 0
191, -1, -1
306, -1, 0
372, -1, 0
258, -1, 0
126, -1, 0
367, -1, 0
252, -1, 0
248, -1, 0
128, 0, -1
247, -1, 0
251, -1, 0
251, -1, 0
247, -1, 0
375, -1, 0
256, -1, 0
252, -1, 0
244, -1, 0
250, -1, 0
249, -1, 0
253, -1, 0
247, -1, 0
250, -1, -1
378, -1, 0
248, -1, 0
127, -1, 0
247, -1, 0
249, -1, 0
252, -1, 0
249, -1, 0
250, -1, 0
252, -1, 0
249, -1, 0
249, -1, 0
249, -1, 0
129, -1, 0
246, -1, 0
253, -1, 0
248, -1, 0
249, -1, 0
250, -1, 0
134, -1, 0
243, -1, 0
249, -1, 0
249, -1, 0
253, -1, 0
133, -1, 0
242, -1, 0
247, -1, 0
251, -1, 0
127, -1, 0
251, -1, 0
248, -1, 0
127, -1, 0
246, -1, 0
128, -1, 0
250, -1, 0
249, -1, 0
127, -1, 0
246, -1, 0
250, -1, 0
131, -1, 0
250, -1, 0
140, -1, 0
235, -1, 0
250, -1, 0
125, -1, 0
247, -1, 0
248, -1, 0
366, -1, 0
265, -1, 0
193, -2, 0
54, -1, 0
192, 0, 1
171, -1, 0
284, -1, 0
103, -2, 0
250, -1, 0
131, -1, 0
242, -1, 0
127, -1, 0
247, -1, 0
132, -1, 0
245, -1, 0
126, -1, 1
246, -1, 0
128, -1, 0
248, -1, 0
131, -1, 0
245, -1, 0
127, -1, 0
124, -1, 0
247, -1, 0
129, -1, 0
250, -1, 1
125, -1, 0
249, -1, 0
129, -1, 0
245, -1, 0
130, -1, 0
126, -1, 0
243, -1, 0
127, -1, 0
248, -1, 0
128, -1, 1
127, -1, 0
246, -1, 0
128, -1, 0
131, -1, 0
245, -1, 0
126, -1, 0
248, -1, 0
122, -1, 0
133, -1, 0
125, 0, 1
130, -1, 0
144, -1, 0
103, -1, 0
251, -1, 0
126, -1, 0
243, -1, 0
130, -1, 0
126, -1, 0
125, -1, 0
250, -1, 1
124, -1, 0
126, -1, 0
243, -1, 0
131, -1, 0
129, -1, 0
244, -1, 0
128, -1, 0
125, -1, 0
126, 0, 1
123, -1, 0
125, -1, 0
243, -1, 0
136, -1, 0
122, -1, 0
125, -1, 0
242, -1, 0
133, -1, 1
125, -1, 0
242, -1, 0
132, -1, 0
125, -1, 0
244, -1, 0
130, -1, 0
128, -1, 0
123, -1, 1
127, -1, 0
245, -1, 0
129, -1, 0
242, -1, 0
132, -1, 0
124, -1, 0
245, -1, 1
133, -1, 0
126, -1, 0
123, -1, 0
242, -1, 0
132, -1, 0
126, -1, 0
125, -1, 1
124, -1, 0
245, -1, 0
133, -1, 0
122, -1, 0
660, -1, 0
208, -1, 0
195, -4, 1
57, -1, 0
255, -1, 0
385, -1, 0
236, -2, 1
127, -2, 0
122, -1, 0
125, -1, 0
123, -1, 0
127, -1, 1
246, -1, 0
128, -1, 0
125, -1, 0
257, -1, 0
127, -1, 0
132, -1, 1
121, -1, 0
117, -1, 0
245, -1, 0
128, -1, 0
122, -1, 0
123, -1, 0
248, -1, 1
132, -1, 0
121, -1, 0
129, -1, 0
119, -1, 0
244, -1, 0
127, -1, 0
126, -1, 1
247, -1, 0
137, -1, 0
117, -1, 0
124, -1, 0
124, -1, 0
125, -1, 0
126, 0, 1
125, -1, 0
145, -1, 0
107, -1, 0
259, -1, 0
115, -1, 0
124, -1, 1
124, -1, 0
247, -1, 0
128, -1, 0
126, -1, 0
124, -1, 0
249, -1, 1
126, -1, 0
125, -1, 0
126, -1, 0
124, -1, 0
250, -1, 0
128, -1, 1
125, -1, 0
247, -1, 0
127, -1, 0
126, -1, 0
128, -1, 0
197, -1, 0
72, -1, 1
240, -1, 0
125, -1, 0
134, -1, 0
243, -1, 0
124, -1, 0
120, -1, 0
118, -1, 1
273, -1, 0
125, -1, 0
108, -1, 0
125, -1, 0
128, -1, 0
138, 0, 1
115, -1, 0
119, -1, 0
124, -1, 0
128, -1, 0
259, -1, 0
111, -1, 1
218, -1, 0
182, -1, 0
238, -1, 0
94, -2, 0
125, -1, 0
125, -1, 1
247, -1, 0
128, -1, 0
125, -1, 0
247, -1, 0
128, -1, 0
126, -1, 1
126, -1, 0
245, -1, 0
128, -1, 0
125, -1, 0
253, -1, 1
123, -1, 0
124, -1, 0
408, -1, 0
217, -1, 0
176, -2, 1
75, -1, 0
124, -1, 0
125, -1, 0
125, -1, 0
126, -1, 0
246, -1, 0
128, -1, 1
247, -1, 0
128, -1, 0
129, -1, 0
121, -1, 0
247, -1, 0
128, -1, 1
124, -1, 0
248, -1, 0
128, -1, 0
129, -1, 0
243, -1, 1
128, -1, 0
125, -1, 0
246, -1, 0
128, -1, 0
248, -1, 0
127, -1, 0
126, -1, 1
246, -1, 0
129, -1, 0
124, -1, 0
248, -1, 0
127, -1, 1
247, -1, 0
128, -1, 0
125, -1, 0
126, -1, 0
249, -1, 0
125, -1, 1
247, -1, 0
128, -1, 0
248, -1, 0
127, -1, 0
129, -1, 0
121, -1, 1
247, -1, 0
128, -1, 0
247, -1, 0
129, -1, 0
247, -1, 1
128, -1, 0
124, -1, 0
247, -1, 0
128, -1, 0
136, -1, 0
236, -1, 0
129, 0, 1
125, -1, 0
125, -1, 0
124, -1, 0
248, -1, 0
127, -1, 0
247, -1, 1
128, -1, 0
125, -1, 0
251, -1, 0
247, -1, 0
128, -1, 0
248, -1, 0
126, -1, 0
126, 0, 1
124, -1, 0
125, -1, 0
248, -1, 0
127, -1, 0
249, -1, 1
249, -1, 0
127, -1, 0
125, -1, 0
248, -1, 0
249, -1, 0
128, -1, 0
126, 0, 1
124, -1, 0
249, -1, 0
128, -1, 0
246, -1, 0
128, -1, 0
249, -1, 0
126, 0, 1
125, -1, 0
125, -1, 0
247, -1, 0
250, -1, 0
127, -1, 0
248, -1, 0
128, 0, 1
125, -1, 0
285, -1, 0
176, -1, 0
160, -1, 0
128, -1, 0
248, -1, 1
249, -1, 0
251, -1, 0
249, -1, 0
251, -1, 0
127, -1, 0
309, -1, 0
75, 0, 1
125, -1, 0
272, -1, 0
217, -1, 0
249, -1, 0
250, -1, 0
136, -1, 0
126, 0, 1
238, -1, 0
250, -1, 0
137, -1, 0
391, -1, 0
108, -1, 0
126, 0, 1
125, -1, 0
238, -1, 0
250, -1, 0
403, -1, 0
222, -1, 0
250, -1, 0
136, 0, 1
125, -1, 0
239, -1, 0
251, -1, 0
249, -1, 0
250, -1, 0
376, -1, 1
251, -1, 0
373, -1, 0
250, -1, 0
250, -1, 0
404, -1, 1
221, -1, 0
403, -1, 0
222, -1, 0
375, -1, 0
250, -1, 0
408, -1, 1
342, -1, 0
407, -1, 0
218, -1, 0
500, -1, 0
250, 0, 1
153, -1, 0
379, -1, 0
392, -1, 0
378, -1, 0
568, -1, 0
272, 0, 1
112, -1, 0
246, -1, 0
500, -1, 0
755, -1, 0
249, -1, 1
498, -1, 0
631, -1, 0
536, -1, 0
212, 0, 1
496, -1, 0
668, -1, 0
708, -1, 0
1000, 0, 1
126, -1, 0
1158, -1, 0
1362, -1, 0
1145, 0, 1
12050, 0, 1
1326, 1, 0
2223, 0, 1
251, 1, 0
1503, 0, 1
499, 1, 0
1001, 0, 1
748, 1, 0
999, 0, 1
249, 1, 0
1126, 0, 1
126, 1, 0
1016, 1, 1
1233, 1, 0
251, 0, 1
630, 1, 0
370, 0, 1
390, 1, 0
730, 0, 1
128, 1, 0
872, 1, 0
131, 0, 1
495, 1, 0
499, 0, 1
127, 1, 0
749, 1, 0
248, 0, 1
251, 1, 0
751, 1, 1
624, 1, 0
531, 0, 1
99, 1, 0
523, 1, 0
374, 0, 1
122, 1, 0
592, 1, 0
247, 0, 1
249, 1, 0
501, 1, 0
375, 0, 1
136, 1, 0
363, 1, 0
502, 1, 1
503, 1, 0
372, 1, 0
249, 0, 1
250, 1, 0
374, 1, 0
375, 0, 1
137, 1, 0
490, 1, 0
376, 1, 0
134, 0, 1
239, 1, 0
374, 1, 0
251, 0, 1
136, 1, 0
960, 1, 0
171, 1, 0
118, 1, 1
238, 1, 0
407, 1, 0
103, 0, 1
239, 1, 0
404, 1, 0
379, 1, 1
217, 1, 0
406, 1, 0
344, 1, 1
249, 1, 0
408, 1, 0
312, 1, 1
281, 1, 0
375, 1, 0
250, 1, 0
128, 0, 1
247, 1, 0
250, 1, 0
380, 1, 0
125, 0, 1
131, 1, 0
245, 1, 0
370, 1, 0
249, 1, 0
128, 0, 1
125, 1, 0
247, 1, 0
376, 1, 0
250, 1, 1
249, 1, 0
250, 1, 0
407, 1, 0
218, 1, 0
250, 1, 1
251, 1, 0
249, 1, 0
250, 1, 0
250, 1, 1
414, 1, 0
89, 1, 0
373, 1, 0
127, 0, 1
125, 1, 0
247, 1, 0
250, 1, 0
250, 1, 0
128, 0, 1
125, 1, 0
125, 1, 0
408, 1, 0
92, 1, 0
247, 1, 1
250, 1, 0
251, 1, 0
249, 1, 0
251, 1, 0
127, 0, 1
125, 1, 0
247, 1, 0
250, 1, 0
250, 1, 0
128, 0, 1
125, 1, 0
127, 1, 0
406, 1, 0
219, 1, 0
175, 1, 0
72, 1, 0
126, 0, 1
125, 1, 0
246, 1, 0
250, 1, 0
129, 1, 0
247, 1, 1
250, 1, 0
249, 1, 0
250, 1, 0
128, 1, 0
248, 1, 1
250, 1, 0
249, 1, 0
128, 1, 0
247, 1, 0
250, 1, 0
128, 1, 1
247, 1, 0
254, 1, 0
125, 1, 0
247, 1, 0
250, 1, 0
129, 0, 1
125, 1, 0
124, 1, 0
247, 1, 0
250, 1, 0
128, 1, 0
247, 1, 0
128, 0, 1
125, 1, 0
125, 1, 0
247, 1, 0
250, 1, 0
128, 1, 0
247, 1, 0
128, 1, 1
278, 1, 0
221, 1, 0
134, 1, 0
238, 1, 0
137, 1, 0
239, 1, 0
136, 1, 1
238, 1, 0
250, 1, 0
250, 1, 0
137, 1, 0
238, 1, 0
137, 1, 1
238, 1, 0
137, 1, 0
238, 1, 0
137, 1, 0
238, 1, 0
251, 1, 0
140, 1, 0
121, 0, 1
125, 1, 0
125, 1, 0
238, 1, 0
137, 1, 0
238, 1, 0
250, 1, 0
137, 1, 0
238, 1, 0
148, 1, 0
114, 0, 1
125, 1, 0
125, 1, 0
238, 1, 0
250, 1, 0
136, 1, 0
239, 1, 0
138, 1, 0
124, 1, 0
241, 1, 1
248, 1, 0
137, 1, 0
238, 1, 0
136, 1, 0
238, 1, 0
783, 1, 0
237, 1, 0
117, 4, 1
238, 1, 0
136, 1, 0
239, 1, 0
136, 1, 0
239, 1, 0
137, 1, 1
239, 1, 0
135, 1, 0
239, 1, 0
136, 1, 0
239, 1, 0
136, 1, 0
239, 1, 0
250, 1, 0
137, 1, 0
124, 1, 0
240, 1, 1
127, 1, 0
247, 1, 0
250, 1, 0
128, 1, 0
125, 1, 0
247, 1, 0
250, 1, 0
128, 1, 0
125, 1, 0
247, 1, 0
250, 1, 0
128, 1, 1
247, 1, 0
128, 1, 0
247, 1, 0
128, 1, 0
247, 1, 0
128, 1, 0
247, 1, 0
250, 1, 0
128, 1, 0
126, 1, 0
126, 0, 1
123, 1, 0
247, 1, 0
128, 1, 0
247, 1, 0
250, 2, 0
250, 1, 0
250, 1, 0
128, 1, 0
247, 1, 0
250, 1, 0
128, 1, 0
247, 1, 0
128, 1, 0
126, 0, 1
124, 1, 0
246, 1, 0
133, 1, 0
244, 1, 0
126, 1, 0
257, 1, 0
121, 1, 0
249, 1, 0
127, 1, 0
401, 1, 0
222, 1, 0
125, 2, 0
246, 1, 0
251, 1, 1
250, 1, 0
127, 1, 0
247, 1, 0
128, 1, 0
247, 1, 0
129, 1, 0
248, 1, 0
249, 1, 0
128, 1, 0
246, 1, 0
251, 1, 0
127, 1, 0
125, 1, 0
283, 1, 0
217, 1, 0
178, 1, 1
195, 1, 0
250, 1, 0
249, 1, 0
128, 1, 0
125, 1, 0
250, 1, 0
248, 1, 0
249, 1, 0
128, 1, 0
248, 1, 0
250, 1, 0
127, 1, 0
247, 1, 0
250, 1, 0
250, 1, 0
128, 1, 0
247, 1, 0
128, 1, 0
247, 1, 0
250, 1, 0
128, 1, 0
248, 1, 0
249, 1, 0
250, 1, 1
128, 1, 0
247, 1, 0
251, 1, 0
249, 1, 0
251, 1, 0
127, 1, 0
247, 1, 0
250, 1, 0
250, 1, 0
143, 1, 0
232, 1, 0
250, 1, 0
251, 1, 0
128, 1, 0
247, 1, 0
250, 1, 0
250, 1, 0
127, 1, 0
247, 1, 0
250, 1, 0
250, 1, 0
250, 1, 0
272, 1, 0
106, 1, 0
373, 1, 0
251, 1, 0
126, 1, 0
248, 1, 0
249, 1, 0
251, 1, 0
249, 1, 0
250, 1, 0
250, 1, 0
250, 1, 0
250, 1, 0
250, 1, 0
250, 1, 0
250, 1, 0
128, 1, 0
247, 1, 0
250, 1, 0
431, 1, 0
194, 1, 0
250, 1, 0
252, 1, 0
248, 1, 0
1041, 1, 0
247, 1, 0
99, 3, 0
125, 1, 0
421, 1, 0
193, 1, 0
250, 1, 0
250, 1, 0
249, 1, 0
406, 1, 0
218, 1, 0
251, 1, 0
375, 1, 0
250, 1, 0
250, 1, 0
407, 1, 0
218, 1, 0
250, 1, 0
409, 1, 0
221, 1, 0
248, 1, 0
427, 1, 0
321, 1, 0
249, 1, 0
411, 1, 0
214, 1, 0
412, 1, 0
339, 1, 0
414, 1, 0
211, 1, 0
374, 1, 0
437, 1, 0
364, 1, 0
400, 1, 0
367, 1, 0
372, 1, 0
392, 1, 0
294, 1, 0
375, 1, 0
409, 1, 0
341, 1, 0
499, 1, 0
375, 1, 0
546, 1, 0
515, 1, 0
316, 1, 0
538, 1, 0
1000, 1, 0
213, 1, 0
247, 1, 0
652, 1, 0
659, 1, 0
591, 1, 0
598, 1, 0
661, 1, 0
589, 1, 0
942, 1, 0
838, 1, 0
845, 1, 0
1125, 1, 0
1253, 1, 0
1124, 0, -1
1039, 1, 0
21976, -1, 0
624, 0, -1
2287, -1, 0
999, 0, -1
1588, -1, 0
500, 0, -1
1401, -1, 0
474, 0, -1
1250, -1, 0
500, 0, -1
1156, -1, 0
468, 0, -1
876, -1, 0
657, 0, -1
592, -1, 0
784, 0, -1
639, -1, 0
703, 0, -1
248, -1, 0
1146, -1, 0
239, 0, -1
478, -1, 0
624, 0, -1
253, -1, 0
1055, -1, 0
78, 0, -1
668, -1, 0
740, 0, -1
84, -1, 0
622, -1, 0
375, 0, -1
413, -1, 0
751, -1, 0
88, 0, -1
661, -1, 0
500, -1, 0
337, 0, -1
375, -1, 0
646, -1, 0
228, 0, -1
251, -1, 0
624, -1, 0
251, 0, -1
249, -1, 0
626, -1, 0
541, -1, -1
583, -1, 0
538, -1, 0
212, 0, -1
250, -1, 0
666, -1, 0
334, -1, 0
128, 0, -1
374, -1, 0
498, -1, 0
517, -1, 0
327, 0, -1
175, -1, 0
483, -1, 0
247, 0, -1
251, -1, 0
441, -1, 0
469, -1, 0
340, -1, -1
533, -1, 0
343, -1, 0
539, -1, 0
210, 0, -1
250, -1, 0
412, -1, 0
338, -1, 0
250, 0, -1
250, -1, 0
414, -1, 0
336, -1, 0
413, -1, 0
404, -1, -1
308, -1, 0
539, -1, 0
336, -1, 0
250, -1, 0
414, 0, -1
89, -1, 0
410, -1, 0
337, -1, 0
413, -1, 0
211, -1, -1
501, -1, 0
249, -1, 0
377, -1, 0
374, -1, 0
416, -1, 0
86, 0, -1
248, -1, 0
250, -1, 0
415, -1, 0
334, -1, 0
413, -1, 0
213, -1, 0
413, -1, -1
337, -1, 0
415, -1, 0
210, -1, 0
375, -1, 0
249, -1, 0
406, 0, -1
222, -1, 0
125, -1, 0
247, -1, 0
410, -1, 0
340, -1, 0
378, -1, 0
247, -1, 0
128, 0, -1
247, -1, 0
250, -1, 0
409, -1, 0
216, -1, 0
250, -1, 0
409, -1, 0
341, -1, 0
250, -1, 0
128, 0, -1
247, -1, 0
250, -1, 0
403, -1, 0
379, -1, 0
218, -1, 0
407, -1, 0
218, -1, 0
379, -1, -1
247, -1, 0
374, -1, 0
250, -1, 0
423, -1, 0
202, -1, 0
250, -1, 0
409, -1, 0
216, -1, 0
375, -1, 0
143, 0, -1
110, -1, 0
405, -1, 0
342, -1, 0
250, -1, 0
250, -1, 0
250, -1, 0
375, -1, 0
408, -1, 0
95, 0, -1
125, -1, 0
372, -1, 0
250, -1, 0
408, -1, 0
217, -1, 0
250, -1, 0
409, -1, 0
341, -1, 0
250, -1, 0
251, 0, -1
128, -1, 0
245, -1, 0
376, -1, 0
250, -1, 0
605, -1, 0
155, -1, 0
240, -1, 0
250, -1, 0
407, -1, 0
217, -1, 0
251, -1, -1
409, -1, 0
341, -1, 0
249, -1, 0
410, -1, 0
216, -1, 0
375, -1, 0
250, -1, 0
409, -1, 0
215, -1, 0
251, 0, -1
128, -1, 0
405, -1, 0
217, -1, 0
250, -1, 0
410, -1, 0
340, -1, 0
250, -1, 0
409, -1, 0
215, -1, 0
375, -1, 0
251, -1, 0
375, -1, 0
250, -1, 0
250, 0, -1
127, -1, 0
409, -1, 0
213, -1, 0
376, -1, 0
250, -1, 0
376, -1, 0
377, -1, 0
248, -1, 0
375, -1, 0
395, -1, 0
230, -1, -1
377, -1, 0
249, -1, 0
406, -1, 0
342, -1, 0
409, -1, 0
217, -1, 0
375, -1, 0
376, -1, 0
402, -1, 0
221, -1, 0
535, -1, 0
312, 0, -1
178, -1, 0
115, -1, 0
361, -1, 0
271, -1, 0
369, -1, 0
361, -1, 0
374, -1, 0
455, -1, 0
300, -1, 0
370, -1, 0
375, -1, 0
408, -1, 0
342, -1, 0
135, 0, -1
240, -1, 0
409, -1, 0
343, -1, 0
372, -1, 0
415, -1, 0
461, -1, 0
374, -1, 0
376, -1, 0
412, -1, 0
463, -1, 0
375, -1, 0
375, -1, 0
249, 0, -1
137, -1, 0
523, -1, 0
340, -1, 0
551, -1, 0
378, -1, 0
504, -1, 0
374, -1, 0
443, -1, 0
414, -1, 0
502, -1, 0
461, -1, 0
503, -1, 0
537, -1, 0
460, -1, 0
548, -1, 0
490, 0, -1
432, -1, 0
157, -1, 0
566, -1, 0
590, -1, 0
500, -1, 0
591, -1, 0
499, -1, 0
667, -1, 0
641, -1, 0
692, -1, 0
666, -1, 0
709, -1, 0
414, 0, -1
336, -1, 0
791, -1, 0
1000, -1, 0
750, -1, 0
1124, -1, 0
1085, -1, 0
1288, -1, 0
1758, -1, 0
3029, -1, -1
15954, 1, 0
3649, 1, 0
2370, 0, 1
229, 1, 0
2279, 1, 0
1873, 1, 1
1379, 1, 0
1369, 1, 0
217, 0, 1
1026, 1, 0
978, 1, 0
749, 0, 1
293, 1, 0
863, 1, 0
1001, 1, 0
214, 0, 1
499, 1, 0
750, 1, 0
930, 1, 0
446, 0, 1
127, 1, 0
751, 1, 0
623, 1, 0
252, 0, 1
375, 1, 0
660, 1, 0
595, 1, 0
627, 1, 0
123, 0, 1
242, 1, 0
634, 1, 0
671, 1, 0
443, 1, 0
130, 0, 1
372, 1, 0
529, 1, 0
505, 1, 0
501, 1, 1
507, 1, 0
331, 1, 0
501, 1, 0
501, 1, 0
382, 1, 0
245, 0, 1
247, 1, 0
374, 1, 0
534, 1, 0
344, 1, 0
502, 1, 1
372, 1, 0
374, 1, 0
375, 1, 0
375, 1, 0
374, 1, 0
374, 1, 0
253, 0, 1
127, 1, 0
531, 1, 0
217, 1, 0
426, 1, 0
323, 1, 0
375, 1, 0
390, 1, 1
361, 1, 0
249, 1, 0
375, 1, 0
426, 1, 0
198, 1, 0
428, 1, 0
330, 1, 0
246, 1, 0
126, 0, 1
246, 1, 0
249, 1, 0
374, 1, 0
428, 1, 0
197, 1, 0
251, 1, 0
375, 1, 0
128, 0, 1
125, 1, 0
246, 1, 0
392, 1, 0
237, 1, 0
373, 1, 0
254, 1, 0
374, 1, 0
247, 1, 0
250, 1, 0
128, 0, 1
126, 1, 0
373, 1, 0
248, 1, 0
264, 1, 0
234, 1, 0
375, 1, 0
247, 1, 0
249, 1, 0
256, 1, 0
247, 0, 1
126, 1, 0
571, 1, 0
196, 1, 0
111, 1, 0
121, 1, 0
251, 1, 0
261, 1, 0
363, 1, 0
250, 1, 0
247, 1, 0
251, 1, 0
259, 1, 0
246, 0, 1
125, 1, 0
125, 1, 0
385, 1, 0
247, 1, 0
250, 1, 0
273, 1, 0
226, 1, 0
256, 1, 0
252, 1, 0
242, 1, 0
249, 1, 0
249, 1, 0
250, 1, 0
249, 1, 0
251, 1, 0
252, 1, 1
246, 1, 0
252, 1, 0
412, 1, 0
221, 1, 0
100, 1, 0
246, 1, 0
250, 1, 0
249, 1, 0
250, 1, 0
251, 1, 0
249, 1, 0
251, 1, 0
250, 1, 0
250, 1, 0
250, 1, 1
250, 1, 0
250, 1, 0
250, 1, 0
249, 1, 0
252, 1, 0
249, 1, 0
249, 1, 0
251, 1, 0
249, 1, 0
129, 1, 0
247, 1, 0
250, 1, 0
249, 1, 0
250, 1, 0
250, 1, 0
250, 1, 0
250, 1, 0
250, 1, 0
254, 1, 0
248, 1, 0
249, 1, 0
250, 1, 0
252, 1, 0
125, 0, 1
127, 1, 0
124, 1, 0
408, 1, 0
218, 1, 0
123, 1, 0
247, 1, 0
250, 1, 0
249, 1, 0
251, 1, 0
250, 1, 0
271, 1, 0
228, 1, 0
128, 1, 0
401, 1, 0
221, 1, 0
250, 1, 0
250, 1, 0
128, 1, 0
247, 1, 0
250, 1, 0
251, 1, 0
249, 1, 0
250, 1, 0
251, 1, 0
249, 1, 0
250, 1, 0
251, 1, 0
148, 1, 0
226, 1, 0
404, 1, 0
105, 1, 0
263, 1, 0
228, 1, 0
250, 1, 0
250, 1, 0
250, 1, 0
250, 1, 0
254, 1, 0
247, 1, 0
249, 1, 0
251, 1, 0
249, 1, 0
250, 1, 0
272, 1, 0
114, 1, 0
364, 1, 0
137, 1, 0
238, 1, 0
251, 1, 0
249, 1, 0
250, 1, 0
251, 1, 0
249, 1, 0
250, 1, 0
250, 1, 0
250, 1, 0
250, 1, 0
251, 1, 0
249, 1, 0
250, 1, 0
250, 1, 0
250, 1, 0
250, 1, 0
250, 1, 0
250, 1, 0
250, 1, 0
250, 1, 0
404, 1, 0
221, 1, 0
902, 1, 0
239, 1, 0
121, 3, 0
238, 1, 0
429, 1, 0
197, 1, 0
249, 1, 0
250, 1, 0
250, 1, 0
403, 1, 0
222, 1, 0
250, 1, 0
252, 1, 0
248, 0, -1
137, 1, 0
238, 1, 0
541, 1, 0
232, 1, 0
106, 1, 0
405, 1, 0
216, 1, 0
410, 1, 0
390, 1, 0
200, 1, 0
408, 1, -1
217, 1, 0
408, 1, 0
342, 1, 0
252, 1, 0
525, 1, 0
223, 1, 0
376, 1, 0
407, 1, 0
217, 0, -1
128, 1, 0
372, 1, 0
533, 1, 0
342, 1, 0
375, 1, 0
431, 1, 0
509, 1, 0
365, 1, 0
445, 1, 0
538, 1, 0
94, 0, -1
243, 1, 0
531, 1, 0
597, 1, 0
531, 1, 0
592, 1, 0
696, 1, 0
706, 1, 0
626, 1, 0
402, 0, -1
380, 1, 0
717, 1, 0
1001, 1, 0
1223, 1, 0
1504, 1, 0
8667, 0, -1
5138, -1, 0
1477, 0, -1
1263, -1, 0
1861, -1, 0
476, 0, -1
1161, -1, 0
1627, -1, 0
464, 0, -1
661, -1, 0
1214, -1, 0
250, 0, -1
759, -1, 0
1307, -1, 0
310, 0, -1
127, -1, 0
739, -1, 0
901, -1, 0
592, -1, 0
404, 0, -1
421, -1, 0
582, -1, 0
594, -1, 0
687, -1, -1
488, -1, 0
624, -1, 0
625, -1, 0
374, -1, 0
378, 0, -1
128, -1, 0
597, -1, 0
375, -1, 0
499, -1, 0
498, -1, 0
136, 0, -1
236, -1, 0
376, -1, 0
501, -1, 0
376, -1, 0
373, -1, 0
516, -1, 0
270, -1, -1
343, -1, 0
518, -1, 0
234, -1, 0
378, -1, 0
369, -1, 0
251, -1, 0
350, -1, 0
378, -1, -1
373, -1, 0
957, -1, 0
183, -1, 0
121, -2, 0
238, -1, 0
375, -1, 0
375, -1, -1
250, -1, 0
250, -1, 0
250, -1, 0
375, -1, 0
250, -1, 0
250, -1, 0
250, -1, 0
250, -1, 0
250, -1, 0
378, -1, 0
247, -1, 0
249, -1, 0
250, -1, -1
250, -1, 0
250, -1, 0
250, -1, 0
250, -1, 0
250, -1, 0
250, -1, 0
250, -1, 0
250, -1, 0
250, -1, 0
250, -1, 0
250, -1, 0
250, -1, 0
250, -1, 0
250, -1, 0
128, -1, 0
247, -1, 0
250, -1, 0
250, -1, 0
250, -1, 0
250, -1, 0
250, -1, 0
128, -1, 0
247, -1, 0
250, -1, 0
250, -1, 0
128, -1, 0
248, -1, 0
249, -1, 0
250, -1, 0
128, -1, 0
247, -1, 0
250, -1, 0
250, -1, 0
128, -1, 0
247, -1, 0
128, -1, 0
407, -1, 0
93, -1, 0
247, -1, 0
128, -1, 0
247, -1, 0
250, -1, 0
128, -1, 0
249, -1, 0
248, -1, 0
128, -1, 0
247, -1, 0
128, -1, 0
247, -1, 0
128, -1, 0
398, -1, 0
323, -1, 0
49, -1, 0
105, -1, 0
125, -1, 0
249, -1, 0
126, -1, 0
247, -1, 0
128, -1, 0
248, -1, 0
127, -1, 0
247, -1, 0
250, -1, 0
128, -1, 0
125, -1, 0
247, -1, 0
128, -1, 0
247, -1, 0
250, -1, 0
128, -1, 0
125, -1, 0
247, -1, 0
250, -1, 0
128, -1, 0
247, -1, 0
128, -1, 0
125, -1, 0
247, -1, 0
128, -1, 0
125, -1, 0
247, -1, 0
128, -1, 0
247, -1, 0
250, -1, 0
128, -1, 0
125, -1, 0
247, -1, 0
128, -1, 0
247, -1, 0
128, -1, 0
247, -1, 0
128, -1, 0
125, -1, 0
247, -1, 0
250, -1, 0
128, -1, 0
125, -1, 0
247, -1, 0
128, -1, 0
125, -1, 0
247, -1, 0
128, -1, 0
247, -1, 0
128, -1, 0
125, -1, 0
247, -1, 0
127, -1, 0
126, -1, 0
247, -1, 0
128, -1, 0
247, -1, 0
128, -1, 1
247, -1, 0
127, -1, 0
126, -1, 0
247, -1, 0
128, -1, 0
247, -1, 0
128, -1, 0
125, -1, 0
247, -1, 0
128, -1, 0
248, -1, 0
127, -1, 0
124, -1, 0
248, -1, 0
128, -1, 0
125, -1, 0
247, -1, 0
128, -1, 0
247, -1, 0
127, -1, 0
125, -1, 0
251, -1, 0
125, -1, 0
247, -1, 0
129, -1, 0
124, -1, 0
248, -1, 0
128, -1, 0
125, -1, 0
246, -1, 0
316, -1, 0
313, -1, 0
257, -2, 1
126, -2, 0
117, -1, 0
247, -1, 0
126, -1, 0
247, -1, 0
128, -1, 0
125, -1, 0
247, -1, 0
128, -1, 0
248, -1, 0
127, -1, 0
125, -1, 0
249, -1, 0
126, -1, 0
249, -1, 0
129, -1, 0
247, -1, 0
127, -1, 0
246, -1, 0
129, -1, 0
123, -1, 0
247, -1, 0
128, -1, 0
125, -1, 0
247, -1, 0
128, -1, 0
248, -1, 1
127, -1, 0
125, -1, 0
247, -1, 0
128, -1, 0
248, -1, 0
127, -1, 0
247, -1, 0
128, -1, 0
247, -1, 0
128, -1, 0
125, -1, 0
247, -1, 0
128, -1, 0
125, -1, 0
247, -1, 0
250, -1, 0
129, -1, 0
246, -1, 0
128, -1, 0
125, -1, 0
247, -1, 0
128, -1, 0
247, -1, 0
128, -1, 0
247, -1, 0
128, -1, 0
247, -1, 0
128, -1, 1
247, -1, 0
128, -1, 0
125, -1, 0
247, -1, 0
250, -1, 0
128, -1, 0
125, -1, 0
247, -1, 0
128, -1, 0
247, -1, 0
128, -1, 0
247, -1, 0
128, -1, 0
247, -1, 0
128, -1, 0
247, -1, 0
128, -1, 0
247, -1, 0
128, -1, 0
247, -1, 0
128, -1, 0
247, -1, 0
250, -1, 0
128, -1, 0
125, -1, 0
249, -1, 0
128, 0, 1
123, -1, 0
125, -1, 0
125, -1, 0
247, -1, 0
250, -1, 0
128, -1, 0
403, -1, 0
221, -1, 0
126, -1, 0
132, -1, 0
118, -1, 0
247, -1, 0
128, -1, 0
247, -1, 0
250, -1, 0
130, -1, 0
245, -1, 0
128, -1, 0
247, -1, 0
250, -1, 0
371, -1, 0
269, -1, 0
152, -1, 0
94, -1, 0
126, -1, 0
240, -1, 0
249, -1, 0
135, -1, 0
240, -1, 0
250, -1, 0
136, -1, 0
238, -1, 0
250, -1, 0
136, -1, 0
238, -1, 0
251, -1, 0
250, -1, 0
250, -1, 0
136, -1, 0
243, -1, 0
247, -1, 0
249, -1, 0
136, -1, 0
238, -1, 0
250, -1, 0
250, -1, 0
251, -1, 0
249, -1, 0
250, -1, 0
250, -1, 0
137, -1, 0
238, -1, 0
250, -1, 0
251, -1, 0
249, -1, 0
250, -1, 0
250, -1, 0
250, -1, 0
250, -1, 0
250, -1, 0
251, -1, 0
250, -1, 0
249, -1, 0
408, -1, 0
104, -1, 0
419, -1, 0
194, -1, 0
251, -1, 0
249, -1, 0
250, -1, 0
375, -1, 0
250, -1, 0
251, -1, 0
249, -1, 0
394, -1, 0
232, -1, 0
250, -1, 0
508, -1, 0
244, -1, 0
248, -1, 0
250, -1, 0
407, -1, 0
217, -1, 0
376, -1, 0
250, -1, 0
530, -1, 0
219, -1, 0
251, -1, 0
530, -1, 0
375, -1, 0
219, -1, 0
405, -1, 0
220, 0, -1
128, -1, 0
372, -1, 0
406, -1, 0
499, -1, 0
220, -1, 0
531, -1, 0
398, -1, 0
481, -1, 0
465, -1, 0
375, -1, 0
532, -1, 0
469, -1, 0
136, 0, -1
395, -1, 0
593, -1, 0
532, -1, 0
593, -1, 0
656, -1, 0
627, -1, 0
717, 0, -1
137, -1, 0
863, -1, 0
1040, -1, 0
1296, -1, 0
1792, -1, 0
530, 0, -1
11370, 1, 0
3030, 1, 0
2332, 1, 0
1812, 1, 0
1599, 1, 0
1258, 1, 0
1456, 1, 1
888, 1, 0
1016, 1, 0
971, 1, 0
874, 1, 0
751, 1, 0
648, 0, 1
113, 1, 0
761, 1, 0
856, 1, 0
1263, 1, 0
266, 1, 0
467, 1, 0
502, 1, 0
659, 1, 0
102, 0, 1
364, 1, 0
660, 1, 0
462, 1, 0
505, 1, 0
505, 1, 0
479, 1, 0
541, 1, 0
493, 1, 0
339, 1, 0
535, 1, 0
340, 1, 0
250, 0, 1
250, 1, 0
433, 1, 0
333, 1, 0
519, 1, 0
340, 1, 0
250, 1, 0
535, 1, 0
215, 1, 0
374, 1, 0
542, 1, 0
209, 1, 0
375, 1, 0
410, 1, 0
340, 1, 1
250, 1, 0
410, 1, 0
339, 1, 0
250, 1, 0
409, 1, 0
218, 1, 0
421, 1, 0
330, 1, 0
249, 1, 0
417, 1, 0
306, 1, 0
164, 1, 0
414, 1, 0
198, 1, 0
417, 1, 0
210, 1, 0
249, 1, 0
250, 1, 0
250, 1, 0
416, 1, 0
208, 1, 0
250, 1, 0
250, 1, 0
250, 1, 0
250, 1, 0
250, 1, 0
252, 1, 0
249, 1, 0
250, 1, 0
250, 1, 0
255, 1, 0
245, 1, 0
127, 0, 1
125, 1, 0
247, 1, 0
415, 1, 0
210, 1, 0
250, 1, 0
128, 1, 0
247, 1, 0
250, 1, 0
250, 1, 0
250, 1, 0
253, 1, 0
248, 1, 0
249, 1, 0
128, 1, 0
247, 1, 0
250, 1, 0
250, 1, 0
250, 1, 0
250, 1, 0
128, 1, 0
247, 1, 0
250, 1, 0
250, 1, 0
268, 1, 0
110, 1, 0
247, 1, 0
250, 1, 0
250, 1, 0
250, 1, 0
128, 1, 0
247, 1, 0
250, 1, 0
250, 1, 0
128, 1, 0
247, 1, 0
250, 1, 0
128, 1, 0
247, 1, 0
250, 1, 0
128, 1, 0
247, 1, 0
252, 1, 0
126, 1, 0
247, 1, 0
250, 1, 0
250, 1, 0
128, 1, 0
459, 1, 0
177, 1, 0
114, 1, 0
125, 1, 0
125, 1, 0
247, 1, 0
250, 1, 0
128, 1, 0
247, 1, 0
252, 1, 0
126, 1, 0
247, 1, 0
128, 1, 0
247, 1, 0
250, 1, 0
127, 1, 0
248, 1, 0
250, 1, 0
128, 1, 0
247, 1, 0
128, 1, 0
247, 1, 0
127, 1, 0
248, 1, 0
250, 1, 0
127, 1, 0
248, 1, 0
128, 1, 1
247, 1, 0
250, 1, 0
128, 1, 0
247, 1, 0
128, 1, 0
247, 1, 0
128, 1, 0
247, 1, 0
250, 1, 0
128, 1, 0
248, 1, 0
127, 1, 0
247, 1, 0
127, 1, 0
248, 1, 0
250, 1, 0
127, 1, 0
248, 1, 0
250, 1, 0
128, 1, 0
124, 1, 0
248, 1, 0
250, 1, 0
127, 1, 0
248, 1, 0
128, 1, 0
247, 1, 0
250, 1, 0
127, 1, 0
248, 1, 0
127, 1, 0
248, 1, 0
130, 1, 0
245, 1, 0
251, 1, 0
127, 1, 0
247, 1, 0
128, 1, 0
247, 1, 0
127, 1, 0
247, 1, 0
251, 1, 0
127, 1, 0
248, 1, 0
127, 1, 0
247, 1, 0
128, 1, 0
247, 1, 0
251, 1, 0
128, 1, 0
247, 1, 0
128, 1, 0
247, 1, 0
250, 1, 0
127, 1, 0
247, 1, 0
128, 1, 0
249, 1, 0
175, 1, 0
199, 1, 0
249, 1, 0
129, 1, 0
308, 1, 0
194, 1, 0
132, 1, 0
116, 1, 0
249, 1, 0
357, 1, 0
27, 1, 0
238, 1, 0
250, 1, 0
250, 1, -1
128, 1, 0
247, 1, 0
250, 1, 0
128, 1, 0
247, 1, 0
128, 1, 0
247, 1, 0
250, 1, 0
128, 1, 0
247, 1, 0
250, 1, 0
128, 1, 0
247, 1, 0
250, 1, 0
128, 1, 0
247, 1, 0
128, 0, -1
125, 1, 0
125, 1, 0
247, 1, 0
250, 1, 0
250, 1, 0
128, 1, 0
247, 1, 0
250, 1, 0
128, 1, 0
247, 1, 0
250, 1, 0
250, 1, 0
250, 1, 0
250, 1, 0
128, 1, 0
248, 1, 0
249, 1, 0
250, 1, 0
128, 0, -1
125, 1, 0
125, 1, 0
401, 1, 0
99, 1, 0
247, 1, 0
255, 1, 0
247, 1, 0
127, 1, 0
246, 1, 0
250, 1, 0
250, 1, 0
251, 1, 0
249, 1, 0
249, 1, 0
251, 1, -1
127, 1, 0
404, 1, 0
218, 1, 0
128, 1, 0
248, 1, 0
253, 1, 0
247, 1, 0
251, 1, 0
375, 1, 0
126, 1, 0
248, 1, 0
428, 1, 0
76, 1, 0
371, 1, 0
249, 1, 0
128, 0, -1
125, 1, 0
248, 1, 0
250, 1, 0
375, 1, 0
250, 1, 0
250, 1, 0
249, 1, 0
375, 1, 0
251, 1, 0
250, 1, 0
404, 1, 0
221, 1, 0
398, 1, 0
227, 1, 0
250, 1, 0
128, 0, -1
247, 1, 0
250, 1, 0
404, 1, 0
375, 1, 0
221, 1, 0
404, 1, 0
221, 1, 0
452, 1, 0
330, 1, 0
351, 1, 0
242, 1, 0
527, 1, 0
348, 1, 0
250, 1, -1
500, 1, 0
249, 1, 0
531, 1, 0
344, 1, 0
424, 1, 0
481, 1, 0
345, 1, 0
407, 1, 0
594, 1, 0
404, 1, 0
346, 1, 0
658, 1, 0
467, 1, 0
531, 1, 0
1165, 1, 0
191, 1, 0
362, 1, 0
712, 1, 0
540, 1, 0
623, 1, 0
375, 0, -1
501, 1, 0
753, 1, 0
874, 1, 0
1124, 1, 0
1300, 1, 0
1576, 1, 0
16704, -1, 0
696, 0, -1
1933, -1, 0
2217, -1, 0
1253, 0, -1
717, -1, 0
1270, -1, 0
1361, -1, 0
623, 0, -1
491, -1, 0
999, -1, 0
1028, -1, 0
865, -1, 0
373, 0, -1
489, -1, 0
624, -1, 0
876, -1, 0
629, -1, 0
511, 0, -1
127, -1, 0
625, -1, 0
624, -1, 0
464, -1, 0
650, -1, 0
379, 0, -1
219, -1, 0
375, -1, 0
899, -1, 0
237, -1, 0
399, -1, 0
468, -1, 0
374, -1, 0
127, 0, -1
247, -1, 0
714, -1, 0
164, -1, 0
497, -1, 0
375, -1, 0
529, -1, 0
221, -1, 0
405, -1, 0
220, 0, -1
127, -1, 0
402, -1, 0
399, -1, 0
350, -1, 0
377, -1, 0
374, -1, 0
220, -1, 0
410, -1, 0
215, -1, 0
404, -1, 0
375, -1, 0
222, -1, 0
402, -1, 0
375, -1, 0
222, -1, 0
128, 0, -1
125, -1, 0
276, -1, 0
221, -1, 0
376, -1, 0
408, -1, 0
220, -1, 0
246, -1, 0
407, -1, 0
219, -1, 0
249, -1, 0
376, -1, 0
137, -1, 0
365, -1, 0
248, -1, 0
249, -1, 0
250, -1, 0
384, -1, 0
128, -1, 0
238, -1, 0
404, -1, 0
107, -1, 0
364, -1, 0
250, -1, 0
250, -1, 0
249, -1, 0
251, -1, 0
250, -1, 0
250, -1, 0
251, -1, 0
249, -1, 0
250, -1, 0
136, -1, 0
239, -1, 0
250, -1, 0
860, -1, 0
277, -1, 0
124, -3, 0
239, -1, 0
136, -1, 0
393, -1, 0
108, -1, 0
238, -1, 0
250, -1, 1
136, -1, 0
239, -1, 0
378, -1, 0
135, -1, 0
239, -1, 0
248, -1, 0
237, -1, 0
266, -1, 0
125, -1, 0
247, -1, 0
128, -1, 0
247, -1, 0
252, -1, 0
248, -1, 0
128, -1, 0
247, -1, 0
250, -1, 1
250, -1, 0
128, -1, 0
247, -1, 0
250, -1, 0
128, -1, 0
247, -1, 0
250, -1, 0
128, -1, 0
247, -1, 0
250, -1, 0
250, -1, 0
128, -1, 0
247, -1, 0
128, 0, 1
125, -1, 0
125, -1, 0
247, -1, 0
128, -1, 0
248, -1, 0
249, -1, 0
250, -1, 0
128, -1, 0
247, -1, 0
128, -1, 0
247, -1, 0
251, -1, 0
249, -1, 0
129, -1, 0
124, 0, 1
124, -1, 0
125, -1, 0
258, -1, 0
121, -1, 0
245, -1, 0
255, -1, 0
140, -1, 0
240, -1, 0
240, -1, 0
127, -1, 0
248, -1, 0
249, -1, 0
128, -1, 0
247, -1, 0
128, 0, 1
126, -1, 0
124, -1, 0
248, -1, 0
249, -1, 0
128, -1, 0
248, -1, 0
132, -1, 0
245, -1, 0
247, -1, 0
304, -1, 0
198, -1, 0
126, -1, 1
125, -1, 0
126, -1, 0
246, -1, 0
250, -1, 0
250, -1, 0
128, -1, 0
248, -1, 0
249, -1, 0
128, -1, 0
247, -1, 0
128, -1, 0
247, -1, 0
128, -1, 0
248, -1, 0
250, -1, 1
127, -1, 0
247, -1, 0
250, -1, 0
128, -1, 0
247, -1, 0
250, -1, 0
128, -1, 0
247, -1, 0
251, -1, 0
127, -1, 0
250, -1, 0
248, -1, 0
127, -1, 1
248, -1, 0
127, -1, 0
247, -1, 0
250, -1, 0
128, -1, 0
247, -1, 0
250, -1, 0
129, -1, 0
246, -1, 0
128, -1, 0
247, -1, 0
250, -1, 0
128, -1, 0
125, 0, 1
125, -1, 0
247, -1, 0
128, -1, 0
247, -1, 0
251, -1, 0
249, -1, 0
128, -1, 0
247, -1, 0
128, -1, 0
247, -1, 0
250, -1, 0
128, -1, 0
247, -1, 0
250, -1, 0
130, -1, 0
123, 0, 1
125, -1, 0
247, -1, 0
250, -1, 0
128, -1, 0
247, -1, 0
128, -1, 0
247, -1, 0
250, -1, 0
250, -1, 0
128, -1, 0
247, -1, 0
250, -1, 0
128, -1, 0
247, -1, 1
128, -1, 0
372, -1, 0
128, -1, 0
247, -1, 0
128, -1, 0
247, -1, 0
253, -1, 0
465, -1, 0
160, -1, 0
125, -1, 0
146, -1, 0
256, -1, 0
220, -1, 1
137, -1, 0
237, -1, 0
251, -1, 0
251, -1, 0
135, -1, 0
240, -1, 0
248, -1, 0
251, -1, 0
137, -1, 0
238, -1, 0
250, -1, 0
136, -1, 0
238, -1, 0
405, -1, 1
107, -1, 0
238, -1, 0
250, -1, 0
136, -1, 0
365, -1, 0
137, -1, 0
238, -1, 0
249, -1, 0
250, -1, 0
137, -1, 0
364, -1, 0
136, -1, 1
238, -1, 0
251, -1, 0
250, -1, 0
252, -1, 0
248, -1, 0
252, -1, 0
250, -1, 0
254, -1, 0
133, -1, 0
238, -1, 0
253, -1, 0
248, -1, 0
249, -1, 0
249, -1, 1
250, -1, 0
249, -1, 0
251, -1, 0
251, -1, 0
251, -1, 0
136, -1, 0
364, -1, 0
248, -1, 0
250, -1, 0
250, -1, 0
250, -1, 0
254, -1, 0
248, -1, 0
253, -1, 0
126, 0, 1
122, -1, 0
247, -1, 0
254, -1, 0
249, -1, 0
249, -1, 0
250, -1, 0
250, -1, 0
250, -1, 0
248, -1, 0
376, -1, 0
250, -1, 0
273, -1, 0
229, -1, 1
251, -1, 0
374, -1, 0
250, -1, 0
250, -1, 0
253, -1, 0
247, -1, 0
380, -1, 0
249, -1, 0
245, -1, 0
255, -1, 0
374, -1, 0
248, -1, 0
375, -1, 0
248, -1, 1
382, -1, 0
245, -1, 0
379, -1, 0
250, -1, 0
248, -1, 0
375, -1, 0
373, -1, 0
249, -1, 0
404, -1, 0
345, -1, 0
378, -1, 0
131, 0, 1
128, -1, 0
369, -1, 0
370, -1, 0
375, -1, 0
379, -1, 0
374, -1, 0
375, -1, 0
372, -1, 0
499, -1, 0
248, -1, 0
502, -1, 0
376, -1, 0
380, 0, 1
132, -1, 0
489, -1, 0
498, -1, 0
383, -1, 0
626, -1, 0
493, -1, 0
631, -1, 0
1180, -1, 0
198, -1, 0
489, -1, 0
753, -1, 0
746, -1, 0
1000, -1, 0
1124, -1, 0
668, 0, 1
1082, -1, 0
2934, -1, 0
6509, 1, 0
3480, 1, 0
2361, 1, 0
2150, 1, 0
1145, 0, 1
600, 1, 0
1354, 1, 0
1255, 1, 0
982, 1, 0
247, 0, 1
753, 1, 0
896, 1, 0
979, 1, 0
1657, 1, 0
214, 1, 1
394, 1, 0
588, 1, 0
660, 1, 0
753, 1, 0
566, 1, 1
563, 1, 0
493, 1, 0
631, 1, 0
464, 1, 0
531, 1, 0
214, 0, 1
250, 1, 0
537, 1, 0
338, 1, 0
560, 1, 0
379, 1, 0
436, 1, 0
410, 1, 0
466, 1, 0
375, 1, 0
127, 0, 1
247, 1, 0
408, 1, 0
375, 1, 0
342, 1, 0
375, 1, 0
407, 1, 0
343, 1, 0
250, 1, 0
399, 1, 0
351, 1, 0
128, 0, 1
247, 1, 0
249, 1, 0
376, 1, 0
375, 1, 0
250, 1, 0
406, 1, 0
221, 1, 0
418, 1, 0
207, 1, 0
248, 1, 0
250, 1, 0
406, 1, 0
219, 1, 0
250, 1, 0
250, 1, 0
406, 1, 0
219, 1, 0
250, 1, 0
250, 1, 0
407, 1, 0
95, 1, 0
248, 1, 0
375, 1, 0
249, 1, 0
251, 1, 0
251, 1, 0
249, 1, 0
250, 1, 0
249, 1, 0
251, 1, 0
249, 1, 0
251, 1, 0
249, 1, 0
128, 1, 0
373, 1, 0
127, 1, 0
248, 1, 0
252, 1, 0
248, 1, 0
249, 1, 0
251, 1, 0
250, 1, 0
253, 1, 0
127, 1, 0
246, 1, 0
250, 1, 0
250, 1, 0
128, 1, 0
247, 1, 0
250, 1, 0
128, 1, 0
247, 1, 0
250, 1, 0
250, 1, 0
128, 1, 0
249, 1, 0
248, 1, 0
128, 1, 0
247, 1, 0
250, 1, 0
128, 1, 0
247, 1, 0
128, 1, 0
247, 1, 0
250, 1, 0
128, 1, 0
247, 1, 0
250, 1, 0
128, 1, 0
247, 1, 0
128, 1, 0
247, 1, 0
251, 1, 0
127, 1, 0
247, 1, 0
250, 1, 0
128, 1, 0
125, 1, 0
247, 1, 0
249, 1, 0
289, 1, 0
331, 1, 0
261, 1, 0
124, 2, 0
125, 1, 0
124, 1, 0
247, 1, 0
127, 1, 0
248, 1, 0
127, 1, 0
247, 1, 0
128, 1, 0
125, 1, 0
247, 1, 0
251, 1, 0
128, 1, 0
247, 1, 0
127, 1, 0
125, 1, 0
247, 1, 0
128, 1, 0
247, 1, 0
128, 1, 0
248, 1, 0
127, 1, 0
248, 1, 0
127, 1, 0
126, 1, 0
