699, 1, 0
324, 0, 1
114, 1, 0
556, 1, 0
249, 1, 0
87, 0, 1
236, 1, 0
298, 1, 0
127, 0, 1
198, 1, 0
251, 1, 1
243, 1, 0
250, 1, 1
249, 1, 0
132, 0, 1
113, 1, 0
250, 1, 1
250, 1, 0
130, 1, 0
125, 0, 1
109, 1, 0
264, 1, 1
252, 1, 1
120, 1, 0
254, 1, 0
126, 0, 1
126, 1, 0
108, 1, 1
250, 1, 0
141, 0, 1
109, 1, 0
250, 1, 1
141, 1, 0
234, 1, 1
141, 1, 0
250, 1, 1
252, 1, 0
123, 1, 1
250, 1, 0
125, 0, 1
120, 1, 0
130, 0, 1
120, 1, 0
124, 1, 0
115, 1, 0
125, 0, 1
125, 1, 0
125, 0, 1
125, 1, 0
135, 1, 0
115, 0, 1
125, 1, 0
125, 1, 0
250, 1, 1
262, 1, 0
124, 1, 1
249, 1, 0
125, 0, 1
115, 1, 0
136, 1, 0
125, 0, 1
125, 1, 0
125, 1, 0
250, 1, 1
249, 1, 0
126, 1, 1
250, 1, 0
125, 1, 1
249, 1, 0
251, 1, 1
124, 1, 0
240, 1, 0
126, 1, 1
259, 1, 0
126, 1, 0
125, 0, 1
125, 1, 0
239, 1, 0
138, 1, 0
125, 1, 1
247, 1, 0
126, 1, 0
125, 0, 1
114, 1, 0
137, 1, 0
238, 1, 1
125, 1, 0
136, 1, 0
250, 1, 0
125, 1, 1
250, 1, 0
125, 1, 0
239, 1, 0
136, 1, 1
114, 1, 0
250, 1, 0
136, 1, 0
253, 1, 1
123, 1, 0
124, 1, 0
125, 1, 0
239, 1, 1
136, 1, 0
125, 1, 0
115, 1, 0
249, 1, 0
125, 1, 0
136, 1, 0
125, 0, 1
125, 1, 0
114, 1, 0
125, 1, 0
125, 1, 0
250, 1, 0
125, 1, 0
125, 1, 1
126, 1, 0
135, 1, 0
249, 1, 0
125, 1, 0
126, 1, 0
124, 1, 0
128, 1, 0
248, 1, 0
125, 1, 0
125, 1, 0
114, 1, 1
135, 1, 0
115, 1, 0
125, 1, 0
250, 1, 0
136, 1, 0
114, 1, 0
125, 1, 0
126, 1, 0
124, 1, 0
261, 2, 0
249, 1, 0
126, 1, 0
125, 1, 0
125, 1, 0
124, 1, 0
126, 1, 0
125, 1, 0
114, 1, 0
250, 1, 0
136, 1, 0
114, 1, 0
136, 1, 0
124, 1, 0
126, 1, 0
114, 1, 0
125, 1, 0
125, 1, 0
125, 1, 0
250, 1, 0
125, 1, 0
125, 1, 0
136, 1, 0
125, 1, 0
125, 1, -1
124, 1, 0
115, 1, 0
125, 1, 0
125, 1, 0
125, 1, 0
137, 1, 0
128, 1, 0
151, 1, 0
120, 0, -1
124, 1, 0
125, 1, 0
125, 1, 0
109, 1, 0
131, 2, 0
246, 1, 0
122, 1, -1
140, 1, 0
112, 1, 0
123, 1, 0
125, 1, 0
131, 1, 0
126, 1, 0
119, 1, 0
124, 1, -1
126, 1, 0
125, 1, 0
139, 1, 0
110, 1, 0
125, 1, 0
129, 1, -1
121, 1, 0
125, 1, 0
128, 1, 0
140, 1, 0
127, 1, 0
122, 1, 0
125, 1, 0
130, 1, -1
104, 1, 0
124, 1, 0
125, 1, 0
125, 1, 0
126, 1, 0
139, 1, 0
110, 1, -1
131, 1, 0
119, 1, 0
125, 1, 0
125, 1, 0
125, 1, 0
125, 1, 0
126, 1, -1
124, 1, 0
146, 1, 0
105, 1, 0
124, 1, 0
125, 1, 0
124, 1, 0
126, 1, -1
129, 1, 0
121, 1, 0
132, 1, 0
119, 1, 0
124, 1, -1
125, 1, 0
125, 1, 0
124, 1, 0
126, 1, 0
141, 1, -1
117, 2, 0
242, 2, 0
126, 1, 0
124, 1, 0
125, 1, -1
125, 1, 0
126, 1, 0
130, 1, 0
141, 1, 0
104, 2, -1
250, 2, 0
124, 1, 0
124, 1, 0
127, 1, -1
141, 1, 0
167, 1, 0
118, 1, 0
124, 1, 0
125, 1, 0
121, 1, -1
79, 1, 0
124, 2, 0
128, 1, 0
126, 1, -1
168, 1, 0
125, 1, 0
127, 1, 0
124, 1, 0
93, 1, -1
125, 1, 0
112, 1, 0
128, 2, 0
245, 2, -1
124, 1, 0
141, 1, 0
125, 1, 0
124, 1, 0
110, 1, -1
130, 1, 0
135, 1, 0
113, 2, 0
266, 1, 0
124, 2, -1
124, 1, 0
125, 1, 0
131, 1, 0
102, 1, 0
125, 1, -1
125, 1, 0
125, 1, 0
125, 2, 0
126, 0, -1
139, 2, 0
119, 1, 0
116, 1, 0
125, 1, -1
125, 1, 0
124, 1, 0
126, 1, 0
125, 1, -1
125, 2, 0
133, 1, 0
133, 1, 0
110, 1, -1
124, 1, 0
125, 1, 0
128, 1, 0
142, 2, -1
121, 1, 0
127, 1, 0
117, 1, 0
118, 1, -1
129, 1, 0
119, 1, 0
124, 1, 0
125, 2, 0
127, 1, -1
129, 1, 0
126, 1, 0
136, 1, -1
107, 1, 0
125, 1, 0
125, 1, 0
125, 2, 0
126, 1, -1
124, 1, 0
131, 1, 0
120, 1, 0
124, 1, -1
140, 2, 0
110, 1, 0
125, 1, 0
141, 1, -1
115, 1, 0
124, 1, 0
121, 1, -1
125, 1, 0
124, 1, 0
125, 2, 0
250, 2, -1
125, 1, 0
131, 1, 0
141, 1, -1
105, 1, 0
123, 1, 0
125, 2, 0
127, 0, -1
123, 2, 0
124, 1, 0
126, 1, -1
131, 1, 0
146, 1, 0
114, 1, 0
109, 2, -1
278, 2, -1
103, 1, 0
130, 1, 0
129, 1, 0
156, 1, -1
78, 1, 0
172, 1, 0
76, 1, 0
124, 1, -1
125, 2, 0
171, 1, 0
81, 1, -1
122, 1, 0
174, 1, 0
79, 1, -1
169, 1, 0
80, 2, 0
125, 1, -1
123, 1, 0
172, 1, 0
80, 1, 0
123, 1, -1
174, 1, 0
78, 1, 0
170, 1, -1
80, 2, 0
123, 1, 0
125, 1, -1
140, 1, 0
125, 1, 0
164, 1, -1
73, 1, 0
174, 1, 0
125, 1, 0
76, 2, -1
248, 1, -1
125, 2, 0
175, 1, 0
78, 1, -1
122, 1, 0
172, 1, 0
125, 1, -1
125, 1, 0
124, 1, 0
81, 1, -1
123, 1, 0
128, 1, 0
169, 2, -1
80, 1, 0
124, 0, -1
124, 1, 0
171, 1, 0
126, 2, -1
94, 1, 0
128, 1, 0
136, 1, -1
147, 1, 0
92, 1, 0
107, 1, -1
124, 1, 0
126, 1, -1
139, 1, 0
110, 1, 0
143, 1, 0
109, 2, -1
123, 0, -1
126, 2, 0
124, 1, 0
125, 1, -1
125, 1, 0
125, 1, -1
127, 1, 0
123, 1, 0
140, 1, -1
111, 2, 0
125, 0, -1
124, 1, 0
125, 1, 0
125, 1, -1
125, 2, 0
127, 1, 0
127, 1, -1
270, 2, -1
121, 1, 0
105, 1, -1
125, 1, 0
125, 1, -1
128, 1, 0
122, 1, 0
125, 1, -1
125, 1, 0
125, 1, -1
125, 1, 0
139, 1, -1
112, 2, 0
127, 1, -1
123, 1, 0
124, 1, -1
125, 1, 0
125, 0, -1
125, 2, 0
125, 1, 0
125, 0, -1
140, 2, 0
112, 0, -1
124, 2, 0
124, 1, -1
125, 1, 0
127, 0, -1
124, 2, 0
124, 1, -1
125, 1, 0
126, 1, -1
124, 1, 0
125, 0, -1
126, 2, -1
248, 1, -1
141, 1, 0
111, 2, -1
250, 2, 0
124, 0, -1
125, 2, 0
126, 0, -1
124, 2, 0
125, 1, -1
125, 1, 0
125, 0, -1
146, 1, -1
112, 1, 0
124, 1, -1
138, 1, 0
123, 1, -1
144, 1, -1
168, 1, 0
80, 1, 0
159, 1, -1
79, 1, 0
159, 1, -1
137, 1, -1
121, 1, 0
68, 1, -1
136, 1, 0
120, 1, -1
131, 1, 0
165, 1, -1
253, 2, -1
255, 1, -1
114, 1, 0
134, 1, -1
116, 1, -1
139, 1, 0
129, 1, -1
196, 1, -1
172, 1, 0
78, 1, -1
113, 1, 0
132, 1, -1
98, 1, 0
141, 1, -1
124, 0, -1
110, 1, 0
155, 1, -1
109, 1, 0
126, 1, -1
113, 1, -1
247, 2, -1
125, 0, -1
125, 1, 0
124, 1, -1
135, 1, 0
134, 1, -1
160, 0, -1
83, 1, 0
131, 1, -1
123, 1, -1
120, 1, 0
124, 1, -1
240, 1, -1
126, 1, -1
135, 1, 0
114, 0, -1
137, 1, -1
124, 1, 0
125, 1, -1
249, 1, -1
125, 1, -1
125, 1, -1
240, 1, -1
178, 1, -1
73, 1, 0
125, 0, -1
124, 1, -1
135, 1, 0
116, 1, -1
259, 1, -1
125, 1, -1
125, 0, -1
125, 1, 0
125, 1, -1
240, 1, -1
125, 1, -1
260, 1, -1
134, 0, -1
152, 1, -1
133, 1, 0
110, 0, -1
124, 1, -1
126, 1, 0
122, 0, -1
114, 1, -1
283, 1, -1
89, 1, -1
286, 1, -1
89, 1, -1
286, 1, -1
103, 0, -1
147, 1, -1
101, 1, 0
129, 0, -1
122, 1, 0
132, 0, -1
106, 1, -1
120, 0, -1
127, 1, 0
137, 0, -1
125, 1, -1
114, 1, 0
139, 0, -1
125, 1, -1
125, 0, -1
108, 1, 0
125, 0, -1
127, 1, -1
123, 0, -1
139, 1, 0
111, 0, -1
125, 1, -1
125, 0, -1
125, 1, 0
125, 0, -1
253, 1, -1
124, 0, -1
125, 1, -1
251, 1, -2
264, 0, -1
181, 1, 0
87, 0, -1
111, 0, -1
127, 1, 0
117, 0, -1
117, 1, -1
100, 0, -1
249, 1, -1
135, 0, -1
136, 0, -1
124, 1, 0
127, 0, -1
122, 0, -1
107, 1, -1
249, 0, -1
136, 1, -1
115, 0, -1
249, 1, -1
126, 0, -1
136, 0, -1
249, 0, -1
154, 1, 0
105, 0, -1
116, 0, -1
249, 0, -1
126, 1, -1
129, 0, -1
246, 0, -1
149, 1, -1
101, 0, -1
250, 0, -1
163, 0, -1
234, 0, -1
139, 0, -1
223, 1, -1
127, 0, -1
113, 0, -1
259, 0, -1
250, 0, -1
126, 0, -1
250, 0, -1
125, 0, -1
125, 0, -1
239, 0, -1
136, 0, -1
126, 0, -1
250, 0, -1
124, 0, -1
115, 0, -1
249, 0, -1
126, -1, -1
125, 0, -1
249, -1, -1
126, 0, -1
124, 0, -1
116, -1, 0
125, 0, -1
125, -1, -1
250, -1, -1
126, 0, -1
124, -1, -1
250, -1, -1
251, -1, -1
125, 0, -1
125, -1, -1
250, -1, -1
249, -1, -1
125, 0, -1
126, -1, 0
125, -1, -1
249, -1, -1
126, -1, -1
249, -1, -1
250, -1, -1
125, 0, -1
125, -1, 0
125, -1, -1
125, 0, -1
125, -1, 0
125, 0, -1
126, -1, -1
249, -1, -1
125, 0, -1
125, -1, 0
125, -1, -1
125, 0, -1
125, -1, 0
125, -1, -1
277, -1, -1
244, -1, -1
129, -1, 0
125, -1, -1
121, 0, -1
124, -1, 0
125, -1, -1
126, -1, -1
249, -1, 0
125, -1, -1
126, -1, -1
249, -1, -1
126, -1, 0
125, -1, -1
125, -1, -1
249, -1, -1
126, -1, 0
127, -1, -1
246, -2, -1
232, -1, -1
125, -1, 0
125, -1, -1
125, -1, 0
125, -1, -1
125, -1, 0
125, -1, -1
124, -1, 0
126, -1, -1
249, -2, -1
250, -1, -1
126, -1, 0
125, -1, -1
125, -1, 0
125, -1, -1
125, -1, 0
125, -2, -1
125, -1, 0
249, -2, -1
125, -1, 0
126, -1, -1
125, -1, 0
125, -1, -1
125, -1, 0
125, -1, -1
125, -1, 0
125, -1, -1
125, -1, 0
125, -2, -1
125, -1, 0
125, -1, -1
124, -1, 0
126, -1, 0
125, -1, -1
125, -1, 0
125, -2, -1
124, -1, 0
126, -1, -1
125, -1, 0
124, -1, 0
126, -1, -1
124, -2, 0
126, -1, 0
125, -1, -1
125, -1, 0
125, -2, -1
125, -1, 0
124, -1, -1
126, -1, 0
124, -2, 0
126, -1, -1
125, -2, 0
125, 0, -1
124, -2, 0
126, -1, 0
125, -2, -1
125, -1, 0
124, -1, 0
125, -1, -1
125, -1, 0
126, -2, 0
125, -1, -1
125, -2, 0
124, -1, 0
126, -2, -1
124, -1, 0
125, -2, 0
125, -1, -1
126, -1, 0
125, -2, 0
125, -1, -1
124, -2, 0
126, -1, 0
125, -1, -1
124, -2, 0
127, -1, 0
127, -2, -1
123, -1, 0
124, -2, 0
125, -1, 0
125, -2, -1
125, -1, 0
124, -2, 0
126, -2, -1
124, -1, 0
126, -2, 0
124, -1, 0
126, -2, -1
125, -1, 0
125, -2, 0
125, -1, 0
125, -2, -1
125, -2, 0
125, -2, 0
125, -1, 0
124, -2, -1
126, -1, 0
124, -2, 0
126, -2, 0
124, -1, 0
126, -2, -1
125, -2, 0
125, -1, 0
125, -2, -1
125, -2, 0
124, -2, 0
126, -1, 0
124, -2, 0
125, -1, -1
126, -2, 0
124, -2, 0
126, -1, 0
124, -3, 0
126, -1, -1
125, -2, 0
125, -1, 0
125, -2, 0
124, -2, 0
126, -2, -1
125, -1, 0
125, -3, 0
125, -1, 0
125, -2, 0
124, -2, 0
125, -2, 0
126, -1, 0
124, -3, -1
126, -1, 0
125, -2, 0
125, -2, 0
125, -2, 0
124, -1, 0
125, -2, -1
126, -2, 0
124, -2, 0
125, -2, 0
126, -1, 0
125, -3, 0
125, -1, 0
125, -2, 0
125, -2, 0
124, -2, -1
126, -2, 0
125, -2, 0
125, -2, 0
125, -2, 0
124, -1, 0
125, -3, 0
126, -1, 0
125, -3, 0
124, -1, 0
125, -3, 0
126, -1, 0
125, -3, 0
125, -1, 0
124, -3, -1
126, -1, 0
125, -3, 0
125, -1, 0
125, -2, 0
125, -2, 0
125, -2, 0
124, -2, 0
126, -2, 0
125, -2, 0
124, -2, 0
126, -2, 0
124, -2, 0
126, -2, 0
125, -2, 0
125, -2, 0
124, -2, 0
126, -3, 0
124, -1, 0
126, -3, 0
125, -1, 0
125, -3, 0
124, -2, 0
126, -2, 0
125, -2, 0
125, -3, 0
124, -1, 0
126, -3, 0
125, -1, 0
125, -2, 0
125, -3, 0
125, -1, 0
125, -3, 0
124, -1, 0
125, -3, 0
126, -2, 0
124, -2, 0
125, -2, 0
125, -3, 0
126, -1, 0
125, -3, 0
125, -2, 0
125, -2, 0
125, -2, 1
124, -3, 0
126, -1, 0
124, -3, 0
125, -2, 0
126, -2, 0
124, -2, 0
126, -2, 0
125, -2, 0
125, -3, 1
124, -2, 0
126, -1, 0
125, -3, 0
125, -2, 0
125, -2, 0
126, -2, 0
124, -3, 0
125, -1, 1
217, -3, 0
98, -2, 0
101, -2, 0
121, -2, 0
121, -3, 0
125, -2, 1
124, -2, 0
129, -2, 0
120, -3, 0
126, -1, 0
125, -3, 1
124, -2, 0
124, -3, 0
124, -1, 0
126, -3, 1
125, -2, 0
125, -3, 0
125, -1, 0
127, -2, 0
123, -3, 0
129, -2, 1
128, -2, 0
122, -2, 0
125, -3, 0
125, -1, 0
123, -3, 1
124, -2, 0
123, -3, 0
129, -1, 0
123, -3, 1
124, -2, 0
124, -2, 0
125, -2, 0
127, -3, 1
123, -1, 0
125, -3, 0
125, -2, 0
126, -3, 1
127, -1, 0
123, -3, 0
124, -2, 0
126, -3, 1
126, -1, 0
124, -2, 0
124, -3, 0
126, -1, 1
125, -3, 0
126, -2, 0
124, -2, 1
127, -2, 0
122, -3, 0
127, -1, 0
123, -3, 0
125, -2, 1
125, -2, 0
126, -2, 0
125, -3, 1
125, -1, 0
124, -3, 0
128, -2, 0
123, -2, 1
125, -2, 0
124, -3, 0
127, -2, 1
123, -2, 0
125, -2, 0
125, -2, 0
127, -2, 1
124, -2, 0
124, -2, 0
128, -2, 0
124, -3, 1
124, -1, 0
150, -3, 1
103, -2, 0
122, -2, 0
126, -2, 1
124, -3, 0
125, -1, 0
126, -3, 1
126, -1, 0
122, -3, 0
125, -2, 1
127, -2, 0
123, -2, 0
125, -2, 1
126, -2, 0
122, -2, 0
126, -2, 1
126, -2, 0
125, -2, 0
123, -2, 1
128, -2, 0
133, -2, 0
116, -2, 1
119, -2, 0
125, -2, 1
128, -2, 0
120, -2, 0
126, -2, 1
123, -2, 0
141, -2, 0
118, -2, 1
127, -2, 0
120, -2, 0
120, -1, 0
123, -3, 1
136, -1, 0
117, -2, 1
131, -2, 0
119, -2, 0
125, -2, 1
134, -2, 0
115, -2, 0
125, -2, 1
134, -1, 0
116, -2, 0
122, -2, 1
135, -1, 0
119, -3, 1
131, -1, 0
118, -2, 0
123, -2, 1
136, -2, 0
116, -1, 0
124, -2, 1
133, -2, 0
177, -2, 1
115, -2, 0
128, -2, 0
132, -1, 1
111, -2, 0
122, -1, 0
81, -2, 1
125, -2, 0
125, -2, 1
128, -1, 0
166, -2, 0
126, -1, 1
126, -2, 0
124, -1, 0
126, -2, 1
96, -2, 0
106, -1, 1
128, -2, 0
124, -1, 0
122, -2, 1
174, -1, 0
93, -2, 1
129, -1, 0
123, -2, 0
121, -1, 1
127, -2, 0
132, -1, 0
108, -2, 1
119, -1, 0
127, -2, 0
124, -1, 1
126, -2, 0
123, -1, 0
125, -2, 1
130, -1, 0
120, -1, 1
141, -1, 0
109, -1, 0
125, -2, 1
127, -1, 0
123, -2, 0
124, -1, 1
127, -1, 0
125, -1, 0
123, -2, 1
128, -1, 0
138, -1, 1
112, -1, 0
123, -2, 0
125, -1, 1
127, -1, 0
125, -1, 0
121, -2, 1
252, -2, 1
138, -1, 0
130, -1, 0
109, -1, 1
126, -1, 0
125, -1, 0
123, -1, 0
122, -1, 1
130, -1, 0
122, -1, 1
128, -1, 0
121, -1, 0
140, -1, 1
112, -1, 0
125, -1, 0
122, -1, 1
250, -2, 0
250, -1, 1
129, -1, 0
123, -1, 1
127, -1, 0
123, -1, 0
263, -1, 1
163, -1, 0
130, -1, 1
244, -1, 0
128, -1, 0
125, 0, 1
121, -1, 0
124, -1, 0
79, 0, 1
126, -1, 0
122, -1, 0
171, 0, 1
82, -1, 0
249, -1, 1
292, -1, 0
251, -1, 1
250, -1, 0
131, 0, 1
122, -1, 0
246, -1, 0
98, 0, 1
251, -1, 0
128, 0, 1
246, -1, 0
248, 0, 1
131, -1, 0
366, 0, 1
129, -1, 0
373, 0, 1
374, -1, 0
127, 0, 1
624, 0, 1
508, 0, 1
631, 0, 1
743, 0, 1
624, 0, 1
377, 1, 0
498, 1, 1
629, 1, 0
235, 1, 1
382, 1, 0
255, 0, 1
119, 1, 0
376, 1, 0
245, 1, 1
375, 1, 0
255, 1, 0
120, 0, 1
126, 1, 0
253, 1, 0
122, 1, 0
263, 1, 1
244, 1, 0
244, 1, 1
126, 1, 0
254, 1, 0
121, 1, 0
253, 1, 1
119, 1, 0
249, 1, 0
127, 1, 1
125, 1, 0
250, 1, 0
124, 1, 0
112, 1, 1
248, 1, 0
126, 1, 0
139, 1, 0
112, 1, 1
125, 1, 0
249, 1, 0
142, 1, 1
125, 1, 0
124, 1, 0
109, 1, 1
140, 1, 0
110, 1, 0
126, 1, 0
124, 1, 0
125, 1, 1
125, 1, 0
125, 1, 0
124, 1, 0
125, 1, 1
126, 1, 0
141, 1, 0
109, 1, 0
125, 1, 1
125, 1, 0
125, 2, 0
249, 2, 1
127, 1, 0
124, 1, 0
124, 1, 0
127, 2, 1
139, 1, 0
111, 1, 0
124, 1, 0
125, 2, 1
125, 1, 0
124, 1, 0
127, 1, 0
124, 2, 1
125, 1, 0
124, 1, 0
141, 1, 0
110, 2, 1
125, 1, 0
125, 1, 0
127, 2, 1
123, 1, 0
124, 1, 0
126, 2, 1
125, 1, 0
124, 1, 0
141, 2, 1
110, 1, 0
125, 2, 0
126, 1, 0
124, 2, 1
130, 1, 0
122, 2, 0
148, 1, 1
104, 2, 0
125, 1, 0
121, 2, 0
126, 2, 1
124, 1, 0
124, 2, 0
127, 2, 1
123, 1, 0
125, 1, 0
141, 2, 0
111, 2, 1
124, 2, 0
126, 1, 0
124, 2, 1
125, 2, 0
124, 2, 0
127, 1, 1
124, 2, 0
125, 2, 0
140, 2, 0
112, 1, 1
123, 2, 0
125, 2, 0
125, 2, 1
125, 1, 0
125, 3, 0
140, 1, 1
157, 3, 0
127, 1, 0
123, 2, 1
125, 2, 0
80, 1, 0
123, 3, 1
125, 1, 0
124, 3, 0
173, 1, 0
127, 3, 1
123, 1, 0
126, 3, 1
124, 1, 0
125, 3, 0
80, 1, 0
123, 3, 1
126, 2, 0
124, 2, 1
128, 2, 0
138, 2, 0
124, 2, 0
125, 3, 1
111, 1, 0
124, 3, 1
125, 2, 0
125, 2, 0
127, 2, 1
173, 2, 0
122, 2, 0
126, 2, 1
124, 3, 0
125, 2, 0
80, 3, 1
123, 2, 0
125, 2, 0
128, 2, 1
169, 3, 0
95, 2, 0
124, 3, 1
124, 1, 0
125, 3, 1
125, 2, 0
111, 3, 0
124, 2, 1
128, 3, 0
122, 2, 0
126, 3, 1
139, 2, 0
110, 2, 0
125, 3, 1
125, 2, 0
125, 3, 0
139, 2, 0
112, 3, 1
124, 2, 0
126, 3, 0
124, 2, 1
125, 3, 0
125, 2, 1
125, 3, 0
126, 2, 0
124, 3, 1
139, 2, 0
112, 3, 0
124, 3, 1
125, 3, 0
125, 2, 1
125, 3, 0
125, 2, 0
127, 3, 1
122, 3, 0
126, 3, 0
141, 2, 1
109, 2, 0
125, 3, 0
125, 3, 1
124, 3, 0
127, 2, 0
124, 4, 1
126, 2, 0
171, 3, 0
126, 2, 1
123, 4, 0
126, 2, 0
125, 4, 1
80, 2, 0
126, 3, 0
122, 3, 1
125, 3, 0
125, 3, 1
172, 3, 0
124, 2, 0
126, 4, 1
124, 2, 0
99, 3, 0
120, 3, 1
111, 3, 0
124, 3, 0
125, 3, 1
125, 4, 0
124, 2, 0
142, 4, 1
126, 2, 0
108, 4, 1
125, 2, 0
125, 4, 0
132, 3, 1
146, 3, 0
101, 3, 0
126, 4, 1
134, 2, 0
113, 4, 1
123, 2, 0
125, 4, 0
125, 3, 1
125, 4, 0
127, 2, 0
139, 4, 0
109, 3, 1
126, 2, 0
123, 4, 0
126, 3, 1
125, 4, 0
124, 2, 0
126, 4, 1
125, 3, 0
125, 4, 0
140, 3, 1
111, 4, 0
124, 2, 0
133, 4, 1
121, 3, 0
135, 4, 0
113, 3, 1
123, 4, 0
130, 2, 0
192, 5, 1
72, 2, 0
163, 4, 0
117, 3, 1
122, 4, 0
83, 3, 0
121, 2, 0
125, 4, 1
124, 3, 0
145, 4, 1
121, 3, 0
125, 5, 0
125, 2, 1
111, 5, 0
133, 2, 0
117, 5, 0
124, 3, 1
122, 4, 0
123, 2, 0
125, 5, 1
125, 3, 0
125, 4, 0
138, 3, 1
127, 4, 0
152, 3, 0
127, 5, 1
119, 2, 0
125, 5, 0
125, 3, 0
89, 3, 1
124, 4, 0
124, 3, 0
125, 4, 1
163, 3, 0
129, 4, 0
121, 3, 0
125, 5, 1
101, 3, 0
124, 4, 0
113, 3, 0
124, 5, 1
125, 3, 0
127, 4, 0
123, 3, 0
138, 5, 1
125, 3, 0
112, 5, 0
126, 3, 0
124, 4, 1
125, 3, 0
139, 5, 0
125, 3, 0
125, 3, 1
124, 4, 0
125, 3, 0
112, 5, 0
125, 3, 1
125, 5, 0
125, 3, 0
139, 4, 0
125, 3, 1
111, 5, 0
125, 3, 0
125, 5, 0
125, 3, 0
126, 5, 1
124, 3, 0
125, 4, 0
126, 4, 0
137, 4, 0
125, 3, 1
113, 5, 0
124, 3, 0
125, 5, 0
125, 3, 0
126, 5, 1
130, 3, 0
119, 3, 0
125, 5, 0
125, 3, 0
125, 5, 1
126, 3, 0
124, 5, 0
125, 3, 0
126, 4, 0
123, 4, 0
126, 4, 1
125, 4, 0
125, 4, 0
125, 4, 0
125, 4, 0
125, 3, 0
125, 5, 1
126, 3, 0
124, 5, 0
125, 3, 0
138, 5, 0
125, 3, 0
112, 5, 1
125, 3, 0
134, 3, 0
124, 5, 0
120, 3, 0
128, 5, 0
132, 3, 0
126, 5, 0
123, 3, 0
126, 5, 0
112, 3, 1
125, 5, 0
126, 3, 0
137, 5, 0
112, 3, 0
125, 5, 0
125, 3, 0
125, 5, 0
125, 3, 0
125, 5, 0
126, 3, 0
124, 5, 1
125, 3, 0
126, 5, 0
131, 3, 0
125, 4, 0
119, 4, 0
125, 4, 0
127, 4, 0
123, 4, 0
125, 5, 0
125, 3, 0
131, 5, 0
144, 3, 0
116, 5, 0
119, 3, 0
133, 5, 0
111, 3, 0
123, 5, 1
124, 3, 0
126, 5, 0
124, 3, 0
166, 5, 0
90, 3, 0
136, 5, 0
132, 3, 0
116, 5, 0
127, 3, 0
109, 4, 0
124, 4, 0
125, 4, 0
125, 5, 0
139, 3, 0
123, 5, 0
128, 3, 0
129, 5, 0
116, 3, 0
115, 5, 0
143, 3, 0
108, 5, 0
124, 3, 0
125, 5, 0
129, 3, 0
122, 5, -1
124, 3, 0
125, 4, 0
125, 4, 0
125, 5, 0
125, 3, 0
126, 4, 0
125, 4, 0
126, 3, 0
123, 5, -1
125, 3, 0
125, 5, 0
125, 3, 0
125, 5, 0
125, 3, 0
125, 5, 0
126, 3, 0
126, 5, -1
123, 3, 0
125, 5, 0
125, 3, 0
125, 5, 0
126, 3, 0
129, 5, 0
125, 3, -1
125, 4, 0
124, 4, 0
123, 4, 0
123, 3, 0
125, 5, 0
125, 3, -1
125, 3, 0
125, 5, 0
129, 3, 0
121, 5, 0
125, 3, 0
126, 5, -1
124, 3, 0
125, 5, 0
125, 3, 0
125, 5, -1
126, 3, 0
126, 4, 0
123, 3, 0
125, 5, 0
126, 3, 0
124, 5, -1
125, 3, 0
125, 5, 0
126, 3, 0
126, 4, -1
123, 3, 0
125, 3, 0
125, 5, -1
125, 3, 0
125, 5, 0
125, 3, 0
126, 4, -1
127, 3, 0
122, 5, 0
125, 3, -1
125, 4, 0
125, 3, 0
125, 5, -1
125, 3, 0
125, 4, 0
127, 3, -1
125, 5, 0
123, 3, 0
125, 4, -1
125, 3, 0
125, 5, 0
125, 3, -1
125, 4, 0
125, 3, 0
141, 3, -1
125, 5, 0
116, 2, -1
125, 5, 0
119, 3, 0
124, 4, -1
125, 3, 0
126, 4, 0
126, 3, -1
123, 5, 0
125, 2, -1
127, 5, 0
123, 3, 0
125, 4, -1
125, 3, 0
126, 4, -1
124, 3, 0
126, 4, 0
124, 3, -1
125, 4, 0
127, 3, 0
123, 4, -1
125, 3, -1
125, 4, 0
125, 3, 0
126, 3, -1
124, 4, 0
127, 3, -1
127, 4, 0
125, 3, -1
125, 4, 0
125, 2, 0
124, 5, -1
123, 2, 0
124, 5, -1
125, 2, 0
125, 4, -1
140, 3, 0
114, 4, -1
123, 3, 0
125, 4, -1
125, 3, 0
125, 3, -1
123, 3, 0
125, 4, -1
125, 3, 0
127, 2, 0
126, 4, -1
124, 3, 0
125, 4, -1
126, 2, 0
122, 4, -1
125, 3, 0
126, 4, -1
133, 2, 0
132, 4, -1
126, 3, 0
121, 4, -1
125, 2, 0
123, 4, -1
124, 3, 0
120, 3, -1
130, 3, 0
119, 4, -1
134, 2, 0
123, 4, -1
121, 2, 0
129, 4, -1
125, 2, -1
124, 3, 0
119, 3, -1
130, 3, 0
120, 3, -1
131, 3, 0
119, 4, -1
133, 2, 0
118, 4, -1
130, 2, -1
123, 4, 0
122, 2, -1
150, 4, 0
104, 2, -1
121, 3, -1
125, 3, 0
132, 3, -1
123, 2, 0
119, 4, -1
131, 2, 0
119, 4, -1
131, 2, 0
119, 3, -1
131, 2, -1
124, 2, 0
120, 4, -1
130, 2, -1
124, 3, 0
121, 2, -1
131, 4, -1
125, 2, 0
119, 3, -1
131, 2, 0
121, 3, -1
129, 2, -1
124, 3, 0
121, 2, -1
129, 3, 0
120, 3, -1
126, 3, -1
180, 2, 0
82, 3, -1
155, 2, -1
95, 3, 0
128, 2, -1
119, 3, -1
121, 2, 0
119, 2, -1
130, 3, -1
127, 2, 0
125, 2, -1
153, 2, 0
92, 3, -1
128, 2, -1
126, 3, 0
120, 2, -1
130, 2, -1
123, 2, 0
127, 3, -1
124, 2, 0
120, 2, -1
142, 2, -1
137, 3, -1
117, 2, 0
117, 2, -1
128, 2, -1
121, 2, 0
157, 2, -1
96, 3, -1
120, 2, 0
171, 1, -1
77, 3, -1
121, 1, 0
125, 3, -1
126, 1, 0
129, 2, -1
123, 2, -1
122, 2, -1
180, 2, 0
76, 2, -1
133, 2, -1
125, 2, 0
112, 2, -1
129, 2, -1
121, 1, 0
127, 2, -1
121, 2, -1
129, 2, -1
121, 1, 0
125, 3, -1
131, 1, -1
120, 2, 0
161, 1, -1
95, 2, -1
120, 2, 0
123, 1, -1
125, 2, -1
124, 1, 0
127, 2, -1
125, 2, -1
125, 1, 0
124, 2, -1
124, 1, -1
126, 2, 0
125, 2, -1
124, 1, -1
125, 2, -1
251, 2, -1
127, 1, -1
123, 2, 0
124, 1, -1
126, 2, -1
124, 1, 0
125, 1, -1
125, 1, -1
125, 1, 0
128, 2, -1
123, 1, -1
132, 1, -1
128, 1, 0
118, 1, -1
125, 1, 0
125, 2, -1
125, 1, -1
122, 1, -1
127, 1, 0
123, 1, -1
124, 1, 0
129, 1, -1
121, 1, -1
125, 1, 0
125, 1, -1
126, 1, -1
250, 1, -1
125, 1, -1
125, 1, -1
124, 1, 0
126, 0, -1
125, 1, -1
125, 1, 0
125, 1, -1
249, 1, -1
126, 1, -1
132, 1, -1
242, 1, -1
254, 1, -1
143, 1, -1
246, 1, -1
113, 0, -1
127, 1, 0
122, 0, -1
126, 1, 0
124, 0, -1
127, 0, -1
120, 1, 0
123, 0, -1
125, 1, 0
125, 0, -1
125, 0, -1
125, 1, 0
125, 0, -1
125, 0, -1
252, 1, -1
248, 0, -1
160, 0, -1
196, 0, -1
142, 1, -1
250, 0, -1
250, 0, -1
244, 0, -1
131, 0, -1
250, 0, -1
234, 0, -1
249, 0, -1
250, 0, -1
250, -1, -1
126, 0, -1
389, -1, -1
111, 0, -1
251, -1, -1
249, -1, -1
249, 0, -1
126, -1, 0
125, 0, -1
125, -1, 0
125, 0, -1
125, -1, 0
125, 0, -1
125, -1, 0
125, -1, -1
249, -1, -1
126, -1, 0
125, 0, -1
125, -1, 0
125, -1, 0
125, 0, -1
125, -1, 0
124, -1, -1
126, -1, 0
125, -1, -1
125, -1, 0
125, 0, -1
125, -1, 0
125, -1, 0
127, -1, -1
143, -1, 0
123, -1, -1
125, -1, 0
125, -1, -1
124, -1, 0
132, -1, -1
119, -1, 0
126, -1, 0
123, -1, -1
124, -1, 0
126, -1, -1
132, -1, 0
129, -2, -1
123, -1, 0
119, -1, -1
123, -1, 0
126, -2, 0
121, -1, 0
127, -1, -1
125, -1, 0
125, -2, -1
125, -1, 0
125, -1, -1
126, -2, 0
148, -1, 0
104, -1, 0
122, -1, -1
125, -2, 0
125, -1, 0
126, -2, -1
124, -1, 0
125, -2, -1
127, -1, 0
124, -2, 0
124, -1, -1
125, -2, 0
125, -1, 0
126, -2, -1
124, -2, 0
125, -2, 0
126, -1, -1
126, -2, 0
123, -1, 0
125, -3, -1
125, -1, 0
126, -2, 0
124, -1, 0
125, -3, -1
125, -1, 0
128, -1, 0
122, -3, -1
127, -1, 0
127, -2, 0
125, -2, -1
123, -2, 0
126, -2, 0
123, -2, 0
124, -1, 0
128, -3, -1
122, -1, 0
125, -3, 0
126, -1, 0
126, -3, -1
124, -2, 0
125, -2, 0
124, -2, 0
127, -2, 0
123, -2, -1
125, -3, 0
125, -2, 0
125, -2, 0
126, -2, -1
124, -2, 0
125, -2, 0
127, -2, 0
123, -3, 0
125, -2, -1
125, -3, 0
127, -2, 0
127, -2, 0
123, -2, 0
125, -3, 0
126, -2, -1
124, -3, 0
123, -2, 0
125, -3, 0
125, -2, 0
126, -3, -1
125, -2, 0
124, -3, 0
126, -2, 0
126, -3, 0
123, -2, 0
126, -3, 0
125, -2, 0
124, -2, 0
126, -3, -1
124, -2, 0
125, -4, 0
126, -2, 0
126, -3, 0
124, -2, 0
124, -3, 0
126, -3, 0
140, -3, 0
109, -2, -1
125, -3, 0
133, -3, 0
128, -3, 0
117, -2, 0
126, -3, 0
121, -3, 0
125, -3, 0
126, -2, 0
125, -4, 0
124, -2, 0
125, -4, 0
126, -2, 0
124, -3, 0
125, -3, 0
125, -2, 0
125, -3, 0
125, -3, 0
125, -3, 0
125, -3, 0
126, -3, 0
124, -3, 0
125, -3, 0
125, -3, 0
126, -4, 0
124, -2, 0
127, -4, 0
127, -2, 0
123, -4, 0
128, -2, 0
122, -4, 0
123, -3, 0
125, -4, 0
125, -2, 0
126, -4, 0
124, -3, 0
125, -4, 0
127, -2, 0
123, -4, 0
125, -3, 0
125, -3, 0
125, -3, 0
125, -3, 0
125, -4, 0
125, -3, 0
127, -4, 0
123, -3, 0
125, -4, 0
126, -2, 1
125, -4, 0
124, -3, 0
125, -4, 0
125, -3, 0
129, -4, 0
127, -3, 0
122, -4, 0
125, -2, 0
123, -5, 1
125, -2, 0
125, -5, 0
124, -2, 0
125, -5, 0
125, -2, 0
127, -4, 0
124, -3, 1
149, -3, 0
110, -4, 0
125, -3, 0
122, -5, 0
127, -2, 0
123, -5, 1
117, -2, 0
136, -5, 0
122, -2, 0
123, -5, 0
126, -3, 0
126, -4, 1
124, -3, 0
125, -4, 0
136, -3, 0
117, -4, 0
123, -3, 1
146, -5, 0
113, -3, 0
124, -4, 0
118, -3, 0
127, -4, 1
262, -8, 0
113, -3, 0
135, -3, 1
112, -4, 0
129, -3, 0
128, -4, 0
132, -3, 0
121, -5, 1
123, -3, 0
127, -5, 0
120, -3, 0
132, -4, 1
112, -3, 0
125, -5, 0
124, -3, 0
129, -4, 1
121, -3, 0
126, -5, 0
124, -3, 0
132, -5, 0
124, -3, 1
123, -4, 0
125, -3, 0
124, -5, 0
124, -3, 1
123, -5, 0
127, -3, 0
121, -3, 0
125, -4, 1
129, -3, 0
125, -5, 0
126, -3, 0
126, -5, 0
122, -3, 1
125, -5, 0
125, -3, 0
125, -4, 0
126, -3, 1
126, -5, 0
124, -3, 0
124, -5, 1
124, -3, 0
132, -4, 0
123, -4, 1
116, -4, 0
126, -3, 0
122, -5, 0
127, -3, 0
125, -5, 1
121, -3, 0
124, -3, 0
126, -5, 1
126, -3, 0
123, -4, 0
138, -4, 0
112, -4, 1
125, -3, 0
125, -5, 0
125, -3, 0
125, -5, 0
126, -3, 1
124, -5, 0
125, -3, 0
125, -4, 0
139, -3, 1
111, -5, 0
125, -3, 0
125, -5, 0
126, -3, 1
124, -5, 0
125, -3, 0
145, -5, 0
109, -3, 1
121, -3, 0
125, -5, 0
126, -3, 1
125, -4, 0
124, -3, 0
124, -5, 0
127, -3, 1
124, -5, 0
139, -3, 0
111, -5, 0
125, -3, 0
125, -4, 1
126, -4, 0
124, -4, 0
125, -3, 0
126, -5, 1
124, -3, 0
125, -5, 0
138, -3, 0
113, -4, 0
132, -3, 1
117, -5, 0
127, -3, 0
124, -3, 1
124, -5, 0
127, -3, 0
172, -4, 0
125, -3, 0
130, -5, 1
120, -3, 0
121, -4, 0
81, -3, 0
125, -5, 1
124, -3, 0
125, -5, 0
170, -3, 0
128, -4, 1
124, -3, 0
123, -5, 0
125, -3, 0
126, -4, 1
81, -3, 0
123, -5, 0
125, -3, 0
126, -4, 1
171, -3, 0
94, -5, 0
124, -3, 0
136, -4, 0
116, -3, 1
122, -3, 0
125, -4, 0
126, -3, 0
127, -5, 1
127, -3, 0
107, -4, 0
124, -3, 0
128, -4, 0
139, -3, 1
124, -5, 0
111, -3, 0
125, -4, 0
127, -3, 0
123, -4, 1
124, -3, 0
126, -5, 0
124, -2, 0
126, -5, 1
124, -2, 0
141, -5, 0
110, -3, 0
126, -4, 0
124, -3, 1
124, -4, 0
125, -3, 0
126, -2, 0
124, -4, 0
126, -3, 1
142, -4, 0
124, -3, 0
110, -4, 0
124, -3, 0
124, -4, 1
125, -3, 0
126, -4, 0
124, -2, 0
126, -4, 0
125, -3, 1
126, -4, 0
139, -3, 0
110, -4, 0
125, -3, 0
125, -4, 1
125, -3, 0
124, -4, 0
125, -2, 0
126, -4, 0
124, -3, 0
126, -2, 1
140, -4, 0
110, -3, 0
124, -4, 0
126, -2, 0
124, -4, 0
127, -3, 0
126, -4, 1
138, -2, 0
172, -4, 0
122, -3, 0
119, -3, 0
79, -3, 1
119, -4, 0
123, -2, 0
128, -4, 0
169, -2, 0
125, -4, 0
127, -2, 1
123, -4, 0
125, -2, 0
125, -4, 0
80, -2, 0
128, -4, 1
121, -2, 0
124, -3, 0
172, -3, 0
126, -2, 0
94, -4, 0
124, -2, 0
125, -4, 1
126, -2, 0
109, -4, 0
125, -2, 0
127, -3, 0
122, -3, 0
126, -3, 1
124, -2, 0
125, -4, 0
125, -2, 0
128, -3, 0
123, -2, 0
124, -4, 0
140, -2, 0
111, -3, 1
125, -2, 0
124, -4, 0
126, -2, 0
126, -2, 0
123, -3, 0
125, -2, 0
126, -3, 0
124, -2, 1
141, -3, 0
110, -2, 0
125, -4, 0
125, -2, 0
126, -3, 0
123, -2, 0
126, -3, 1
144, -2, 0
106, -3, 0
125, -2, 0
124, -3, 0
125, -2, 0
127, -3, 0
123, -2, 0
126, -2, 0
125, -2, 1
125, -3, 0
139, -2, 0
111, -2, 0
124, -3, 0
126, -2, 0
126, -3, 0
123, -1, 0
125, -3, 0
125, -2, 0
125, -3, 0
126, -2, 1
139, -2, 0
111, -2, 0
126, -3, 0
123, -1, 0
126, -3, 0
124, -2, 0
125, -2, 0
126, -2, 0
176, -3, 0
125, -1, 0
128, -3, 0
121, -2, 1
77, -2, 0
123, -2, 0
125, -1, 0
124, -3, 0
172, -1, 0
125, -3, 0
126, -1, 0
127, -3, 0
122, -1, 0
125, -3, 0
80, -1, 0
124, -2, 0
125, -2, 0
124, -2, 0
174, -2, 0
126, -2, 0
122, -1, 1
96, -3, 0
123, -1, 0
126, -2, 0
109, -2, 0
125, -2, 0
127, -1, 0
123, -2, 0
147, -2, 0
103, -2, 0
125, -1, 0
125, -1, 0
124, -2, 0
125, -2, 0
125, -2, 0
125, -1, 0
127, -2, 0
124, -1, 0
139, -2, 0
111, -1, 0
124, -2, 0
125, -1, 0
126, -2, 0
124, -1, 0
126, -2, 0
126, -1, 1
124, -2, 0
124, -1, 0
140, -2, 0
113, -1, 0
128, -1, 0
124, -2, 0
139, -1, 0
160, -1, 0
123, -1, 0
124, -2, 0
127, -1, 0
126, -1, 0
93, -1, 0
111, -2, 0
129, -1, 0
121, -1, 0
125, -1, 0
124, -2, 0
126, -1, 0
124, -1, 0
125, -1, 0
126, -1, 0
125, -1, 0
127, -2, 0
248, -2, 0
124, -1, 0
126, -1, 0
125, -1, 0
125, -1, 0
125, -1, 0
251, -1, 0
124, -1, 0
125, -1, 0
124, -1, 0
126, -1, 0
124, -1, 0
125, -1, 0
252, -2, -1
249, -1, 0
124, -1, 0
126, -1, 0
249, -1, 0
126, -1, 0
127, -1, 0
247, -1, 0
251, -1, 0
125, -1, 0
125, -1, 0
249, 0, -1
141, -1, 0
236, -1, 0
122, -1, 0
249, -1, 0
249, -1, 0
375, -1, 0
249, -1, 0
250, -1, -1
502, -1, 0
373, -1, 0
500, -1, -1
751, -1, 0
628, 0, -1
1939, 0, -1
1128, 1, 0
499, 0, -1
251, 1, 0
625, 1, 0
334, 1, 0
379, 1, -1
488, 1, 0
395, 1, 0
372, 1, -1
241, 1, 0
274, 1, 0
355, 1, 0
237, 1, 0
179, 0, -1
227, 1, 0
265, 1, 0
239, 1, 0
119, 1, 0
254, 0, -1
123, 1, 0
92, 1, 0
307, 1, 0
235, 1, 0
245, 1, 0
121, 1, -1
305, 1, 0
33, 1, 0
295, 1, 0
254, 1, 0
93, 1, 0
111, 0, -1
127, 1, 0
122, 1, 0
259, 1, 0
131, 1, 0
135, 1, 0
86, 1, 0
129, 0, -1
124, 1, 0
127, 1, 0
270, 1, 0
115, 1, 0
130, 1, 0
126, 1, 0
124, 0, -1
123, 1, 0
112, 1, 0
126, 1, 0
119, 1, 0
248, 1, 0
130, 1, 0
142, 1, -1
122, 1, 0
128, 1, 0
126, 1, 0
120, 1, 0
112, 1, 0
125, 1, 0
125, 1, 0
125, 1, 0
140, 0, -1
113, 2, 0
246, 2, 0
246, 2, 0
146, 1, 0
123, 1, 0
123, 1, 0
148, 1, -1
122, 1, 0
104, 1, 0
124, 1, 0
113, 1, 0
127, 1, 0
125, 1, 0
140, 1, 0
125, 1, 0
123, 2, 0
251, 2, -1
122, 1, 0
131, 1, 0
109, 1, 0
125, 2, 0
248, 2, 0
126, 1, 0
141, 2, 0
244, 2, 0
129, 1, 0
120, 2, 0
114, 0, -1
129, 2, 0
125, 1, 0
121, 1, 0
129, 2, 0
123, 1, 0
125, 1, 0
125, 1, 0
126, 2, 0
126, 1, 0
124, 2, 0
126, 1, 0
139, 1, 0
109, 1, 0
125, 2, 0
125, 1, 0
127, 2, 0
125, 1, 0
124, 2, 0
124, 1, 0
126, 1, 0
127, 2, 0
139, 1, 0
118, 2, -1
116, 1, 0
126, 2, 0
128, 1, 0
137, 2, 0
132, 1, 0
116, 2, 0
125, 1, 0
108, 2, 0
131, 1, 0
122, 2, 0
128, 1, 0
140, 2, 0
103, 1, 0
129, 2, 0
125, 1, 0
125, 2, 0
123, 2, 0
127, 2, 0
125, 1, 0
127, 2, 0
119, 1, 0
145, 2, 0
111, 1, 0
122, 2, 0
125, 2, 0
126, 1, 0
126, 2, 0
126, 2, 0
119, 1, 0
127, 2, 0
122, 2, 0
132, 1, 0
122, 2, 0
124, 2, 0
127, 2, 0
126, 1, 0
121, 3, 0
128, 1, 0
142, 2, 0
122, 2, 0
110, 2, 0
125, 1, 0
125, 2, 0
127, 2, 0
124, 2, 0
122, 2, 0
128, 2, 1
125, 1, 0
125, 2, 0
139, 2, 0
111, 2, 0
126, 2, 0
126, 1, 0
121, 3, 0
126, 1, 0
137, 2, 0
162, 2, 0
125, 2, 0
126, 2, 0
128, 2, 0
122, 2, 1
74, 2, 0
127, 2, 0
124, 2, 0
127, 2, 0
123, 2, 0
170, 2, 0
128, 2, 0
126, 2, 0
121, 2, 1
126, 2, 0
126, 1, 0
83, 3, 0
122, 2, 0
122, 2, 0
128, 2, 0
141, 2, 0
119, 2, 0
129, 3, 1
125, 1, 0
110, 3, 0
126, 1, 0
121, 3, 0
144, 2, 0
126, 2, 1
122, 2, 0
126, 2, 0
123, 2, 0
113, 3, 0
126, 2, 0
122, 2, 0
125, 2, 0
144, 3, 1
104, 1, 0
128, 2, 0
125, 3, 0
125, 2, 0
124, 2, 0
126, 2, 0
125, 3, 1
126, 1, 0
127, 3, 0
132, 2, 0
115, 3, 0
125, 1, 0
125, 3, 0
128, 2, 1
121, 3, 0
127, 2, 0
125, 2, 0
123, 2, 0
122, 3, 0
131, 2, 1
122, 3, 0
125, 1, 0
126, 3, 0
126, 2, 0
126, 2, 0
135, 3, 1
112, 2, 0
125, 3, 0
126, 2, 0
124, 2, 0
126, 2, 1
125, 3, 0
126, 2, 0
120, 3, 0
129, 2, 0
141, 3, 1
108, 2, 0
126, 3, 0
126, 2, 0
131, 3, 1
122, 2, 0
131, 3, 0
127, 2, 0
113, 3, 0
126, 1, 0
126, 4, 1
123, 2, 0
129, 3, 0
120, 2, 0
125, 2, 0
125, 3, 1
125, 2, 0
140, 3, 0
111, 2, 0
123, 3, 0
129, 2, 0
121, 3, 1
126, 2, 0
119, 3, 0
131, 2, 0
124, 3, 1
123, 2, 0
141, 3, 0
111, 2, 0
125, 3, 0
126, 2, 1
119, 3, 0
130, 2, 0
125, 4, 0
122, 2, 0
182, 3, 1
123, 2, 0
127, 2, 0
122, 3, 0
125, 2, 0
74, 3, 1
128, 2, 0
125, 4, 0
121, 2, 0
136, 3, 1
163, 2, 0
93, 3, 0
117, 2, 0
143, 4, 0
142, 2, 1
88, 3, 0
113, 2, 0
129, 3, 0
167, 3, 0
98, 3, 1
128, 2, 0
127, 3, 0
116, 2, 0
131, 4, 1
118, 2, 0
126, 2, 0
125, 3, 0
114, 3, 1
123, 3, 0
128, 2, 0
125, 3, 0
129, 3, 1
122, 3, 0
126, 2, 0
125, 4, 0
125, 2, 1
127, 3, 0
123, 2, 0
125, 4, 0
125, 2, 0
125, 3, 1
126, 3, 0
123, 3, 0
125, 3, 1
127, 3, 0
124, 2, 0
124, 4, 0
126, 2, 0
126, 3, 1
124, 3, 0
126, 2, 0
123, 4, 0
141, 2, 0
105, 3, 1
127, 3, 0
126, 3, 0
126, 2, 0
125, 4, 1
124, 2, 0
123, 4, 0
126, 2, 0
128, 4, 0
124, 2, 1
123, 3, 0
127, 3, 0
125, 3, 0
124, 3, 0
124, 3, 1
125, 3, 0
126, 3, 0
128, 2, 1
122, 4, 0
127, 2, 0
124, 3, 0
126, 3, 1
121, 3, 0
126, 3, 0
126, 3, 0
128, 3, 1
122, 3, 0
138, 3, 0
118, 3, 0
126, 3, 0
122, 3, 1
126, 3, 0
121, 3, 0
127, 3, 0
128, 3, 1
121, 3, 0
125, 3, 0
125, 3, 0
124, 3, 1
125, 4, 0
123, 2, 0
129, 4, 0
126, 2, 0
123, 3, 1
125, 3, 0
125, 3, 0
125, 3, 0
124, 3, 0
128, 4, 1
122, 2, 0
130, 4, 0
120, 2, 0
127, 4, 0
123, 2, 1
121, 4, 0
129, 2, 0
131, 4, 0
128, 3, 1
115, 3, 0
129, 3, 0
122, 4, 0
127, 2, 0
123, 4, 1
122, 2, 0
129, 4, 0
122, 3, 0
126, 2, 0
130, 4, 1
118, 2, 0
127, 4, 0
124, 3, 0
126, 4, 0
122, 2, 0
128, 4, 1
123, 3, 0
125, 3, 0
130, 3, 0
123, 4, 0
125, 2, 0
140, 4, 1
107, 2, 0
127, 4, 0
135, 3, 0
112, 3, 0
128, 3, 0
125, 4, 1
127, 2, 0
126, 4, 0
126, 3, 0
125, 2, 0
122, 4, 0
127, 2, 1
126, 4, 0
123, 3, 0
125, 4, 0
125, 2, 0
126, 4, 0
127, 2, 1
126, 4, 0
118, 3, 0
129, 4, 0
127, 2, 1
117, 4, 0
141, 2, 0
107, 4, 0
132, 3, 0
130, 4, 0
117, 2, 0
128, 4, 0
124, 3, 0
124, 3, 1
126, 3, 0
128, 3, 0
122, 3, 0
125, 3, 0
122, 4, 0
123, 2, 0
125, 4, 0
124, 3, 1
125, 3, 0
124, 3, 0
123, 4, 0
132, 2, 0
126, 4, 0
120, 3, 0
125, 4, 1
123, 2, 0
123, 4, 0
126, 2, 0
127, 4, 0
125, 3, 0
124, 4, 0
124, 2, 0
144, 4, 0
204, 3, 0
124, 4, 0
124, 2, 0
124, 2, 0
126, 4, 0
81, 3, 0
123, 4, 0
126, 2, 1
124, 4, 0
173, 3, 0
123, 4, 0
125, 2, 0
66, 4, 0
152, 2, 0
95, 4, 0
93, 3, 0
124, 3, 0
128, 3, 0
122, 4, 0
142, 2, 1
124, 4, 0
124, 3, 0
125, 4, 0
111, 2, 0
124, 4, 0
151, 3, 0
101, 2, 0
124, 4, 0
124, 2, 0
126, 4, 0
124, 3, 0
125, 3, 0
125, 3, 0
125, 4, 0
126, 2, 0
140, 4, 0
110, 2, 0
124, 4, 0
125, 3, 0
125, 4, 0
125, 2, 0
126, 4, 0
124, 2, 0
126, 4, 0
124, 2, 0
140, 4, 0
110, 3, 0
125, 3, 0
125, 3, 0
126, 4, 0
134, 2, 0
122, 3, 0
124, 3, 0
168, 3, 0
127, 4, 0
122, 2, 0
125, 4, 0
124, 2, 0
80, 4, 0
123, 2, 0
128, 4, 0
123, 3, 0
124, 3, 0
171, 3, 0
96, 3, 0
123, 3, 0
125, 3, 0
125, 3, 0
113, 4, 0
122, 2, 0
125, 4, 0
125, 2, 0
140, 4, 0
111, 2, 0
124, 3, 0
125, 3, 0
127, 2, 0
123, 4, 0
125, 3, 0
128, 3, 0
125, 2, 0
122, 4, 0
125, 2, 0
126, 4, -1
124, 2, 0
127, 4, 0
123, 2, 0
125, 4, 0
142, 2, 0
108, 3, 0
125, 3, 0
125, 3, 0
126, 3, -1
125, 3, 0
124, 2, 0
125, 4, 0
125, 2, 0
126, 4, 0
140, 2, 0
109, 2, 0
126, 3, -1
124, 3, 0
126, 3, 0
125, 2, 0
124, 4, 0
144, 2, 0
107, 4, -1
124, 2, 0
126, 3, 0
124, 2, 0
126, 4, 0
124, 2, 0
126, 3, -1
124, 3, 0
124, 3, 0
141, 2, 0
111, 3, 0
124, 2, 0
127, 4, -1
123, 2, 0
125, 3, 0
125, 2, 0
126, 4, -1
124, 2, 0
126, 2, 0
139, 3, 0
110, 2, 0
127, 4, -1
123, 2, 0
125, 3, 0
125, 2, 0
125, 3, 0
131, 3, -1
166, 3, 0
94, 2, 0
128, 3, 0
125, 2, 0
122, 3, -1
124, 2, 0
125, 3, 0
125, 2, 0
111, 3, -1
125, 3, 0
124, 3, 0
127, 2, -1
123, 3, 0
126, 2, 0
124, 3, 0
126, 2, -1
124, 2, 0
125, 3, 0
126, 2, 0
141, 3, 0
109, 2, -1
124, 3, 0
126, 2, 0
125, 3, -1
124, 2, 0
126, 3, 0
145, 1, 0
159, 3, 0
120, 2, -1
126, 3, 0
75, 2, 0
124, 3, -1
125, 2, 0
125, 3, 0
172, 2, 0
125, 2, -1
127, 2, 0
122, 3, 0
126, 2, 0
126, 2, -1
79, 3, 0
124, 1, 0
124, 3, 0
126, 2, -1
173, 2, 0
123, 2, 0
95, 3, -1
123, 2, 0
125, 2, 0
126, 2, 0
111, 3, -1
123, 2, 0
151, 2, 0
102, 2, -1
124, 2, 0
128, 2, 0
126, 3, -1
124, 1, 0
120, 3, 0
125, 2, -1
125, 2, 0
127, 2, 0
124, 2, -1
124, 2, 0
140, 2, 0
110, 2, 0
125, 2, -1
125, 2, 0
126, 2, 0
124, 2, -1
127, 2, 0
123, 2, 0
125, 2, -1
125, 2, 0
140, 2, 0
111, 2, -1
124, 2, 0
125, 2, 0
126, 1, -1
126, 3, 0
174, 1, 0
121, 2, -1
125, 2, 0
127, 2, 0
124, 1, -1
79, 3, 0
124, 1, 0
128, 2, -1
121, 2, 0
173, 1, 0
124, 3, -1
126, 1, 0
124, 2, -1
124, 1, 0
126, 2, 0
83, 2, -1
120, 2, 0
125, 1, 0
126, 2, -1
141, 2, 0
123, 2, 0
125, 1, -1
125, 2, 0
112, 1, -1
123, 2, 0
126, 1, 0
126, 2, -1
123, 2, 0
125, 2, -1
124, 1, 0
126, 1, 0
126, 2, 0
125, 1, -1
124, 2, 0
125, 1, 0
143, 2, -1
107, 1, 0
125, 2, -1
125, 1, 0
125, 2, 0
126, 1, -1
124, 2, 0
250, 2, -1
124, 1, 0
126, 2, -1
140, 1, 0
110, 1, 0
125, 2, 0
127, 1, -1
123, 1, 0
126, 2, -1
143, 1, 0
107, 1, 0
124, 1, -1
125, 1, 0
125, 2, 0
126, 1, -1
124, 1, 0
125, 1, 0
126, 2, -1
248, 2, 0
141, 1, -1
110, 1, 0
126, 1, 0
124, 1, -1
125, 1, 0
125, 1, 0
125, 1, -1
125, 2, 0
249, 2, -1
251, 2, 0
141, 1, -1
234, 1, 0
139, 1, -1
120, 1, 0
162, 1, 0
126, 1, -1
128, 1, 0
121, 1, 0
126, 1, 0
80, 1, -1
248, 1, -1
125, 1, 0
124, 1, 0
299, 1, -1
124, 1, 0
124, 1, 0
125, 1, -1
249, 1, 0
127, 1, -1
94, 1, 0
129, 0, -1
106, 1, 0
248, 1, 0
130, 1, -1
271, 1, 0
150, 1, -1
249, 1, 0
95, 0, -1
122, 1, 0
248, 1, -1
251, 1, 0
251, 1, -1
252, 1, 0
249, 0, -1
123, 1, 0
111, 0, -1
124, 1, 0
391, 1, -1
376, 1, 0
123, 0, -1
274, 1, 0
234, 0, -1
372, 1, -1
501, 0, -1
117, 1, 0
382, 0, -1
626, 0, -1
243, 1, 0
253, 0, -1
501, 0, -1
501, 0, -1
625, 0, -1
502, -1, -1
625, 0, -1
122, -1, 0
503, -1, -1
417, -1, 0
68, 0, -1
289, -1, 0
356, -1, 0
119, 0, -1
256, -1, 0
248, -1, 0
118, 0, -1
255, -1, 0
253, -1, -1
263, -1, 0
235, -1, 0
123, -1, -1
249, -1, 0
261, -1, 0
121, 0, -1
120, -1, 0
125, -1, 0
249, -1, 0
248, -1, -1
132, -1, 0
256, -1, 0
112, -1, -1
261, -1, 0
132, -1, 0
233, -1, -1
139, -1, 0
118, -1, 0
132, -1, 0
241, -1, -1
125, -1, 0
107, -1, 0
123, -1, 0
251, -1, -1
124, -1, 0
126, -1, 0
124, -1, 0
127, -1, 0
135, 0, -1
126, -1, 0
122, -1, 0
121, -1, 0
127, -1, 0
121, -1, 0
126, -1, -1
124, -1, 0
124, -1, 0
126, -1, 0
124, -1, -1
127, -1, 0
123, -1, 0
125, -1, 0
125, -1, 0
127, -1, -1
189, -1, 0
68, -1, 0
181, -2, 0
254, -2, 0
67, -1, -1
184, -1, 0
65, -1, 0
180, -1, 0
109, -1, -1
143, -1, 0
98, -2, 0
86, -1, 0
125, -1, 0
127, -1, -1
122, -1, 0
190, -2, 0
97, -1, 0
151, -1, 0
93, -1, -1
159, -1, 0
92, -2, 0
94, -1, 0
127, -2, -1
122, -1, 0
125, -1, 0
187, -1, 0
94, -2, -1
159, -1, 0
92, -2, 0
155, -1, 0
94, -2, 0
96, -1, 0
123, -1, 0
126, -2, -1
124, -1, 0
139, -1, 0
180, -2, 0
64, -1, -1
183, -1, 0
98, -2, 0
151, -1, 0
92, -2, 0
156, -1, -1
68, -2, 0
122, -1, 0
122, -2, 0
125, -1, 0
188, -2, -1
94, -1, 0
155, -2, 0
92, -2, 0
158, -2, -1
95, -1, 0
96, -2, 0
123, -1, 0
124, -1, 0
126, -2, 0
188, -2, -1
92, -1, 0
156, -2, 0
85, -2, 0
124, -1, 0
113, -2, -1
181, -1, 0
97, -3, 0
90, -1, 0
125, -2, 0
185, -1, 0
93, -2, -1
162, -2, 0
94, -2, 0
90, -1, 0
125, -2, -1
125, -2, 0
187, -2, 0
68, -1, 0
120, -3, 0
186, -1, 0
94, -2, -1
157, -2, 0
92, -1, 0
157, -2, 0
68, -2, 0
124, -2, -1
121, -2, 0
125, -2, 0
146, -1, 0
123, -3, 0
124, -1, 0
174, -3, -1
64, -1, 0
188, -2, 0
65, -2, 0
184, -2, 0
93, -2, -1
154, -2, 0
93, -2, 0
95, -2, 0
122, -2, 0
187, -3, -1
93, -1, 0
96, -2, 0
126, -2, 0
125, -2, 0
185, -2, 0
68, -2, -1
183, -2, 0
92, -2, 0
157, -2, 0
68, -2, 0
182, -3, 0
94, -1, -1
97, -3, 0
130, -1, 0
121, -3, 0
143, -2, 0
110, -2, -1
118, -2, 0
121, -3, 0
195, -1, 0
68, -3, 0
178, -2, -1
93, -2, 0
157, -2, 0
76, -3, 0
113, -2, 0
186, -2, 0
91, -2, 0
99, -2, -1
127, -2, 0
121, -2, 0
187, -3, 0
92, -2, 0
158, -3, 0
93, -1, 0
97, -3, -1
124, -2, 0
188, -2, 0
66, -2, 0
121, -3, 0
143, -2, 0
125, -2, -1
113, -2, 0
184, -3, 0
96, -2, 0
155, -3, 0
96, -2, 0
148, -2, 0
68, -2, 0
122, -3, -1
125, -2, 0
124, -3, 0
188, -2, 0
92, -2, 0
159, -3, 0
86, -2, 0
162, -2, 0
83, -2, 0
125, -4, -1
103, -1, 0
125, -3, 0
124, -2, 0
129, -3, 0
141, -2, 0
105, -3, 0
125, -2, 0
129, -3, -1
124, -2, 0
125, -3, 0
127, -2, 0
123, -3, 0
126, -2, 0
125, -3, 0
124, -2, 0
126, -3, 0
124, -2, 0
126, -3, -1
124, -2, 0
125, -2, 0
126, -3, 0
124, -2, 0
125, -3, 0
125, -2, 0
125, -3, 0
124, -2, 0
126, -3, 0
126, -2, -1
124, -3, 0
125, -3, 0
125, -3, 0
125, -2, 0
125, -3, 0
125, -2, 0
125, -3, 0
124, -2, 0
135, -3, 0
119, -2, 0
122, -3, 0
125, -3, 0
125, -3, 0
125, -2, -1
126, -3, 0
124, -2, 0
125, -2, 0
124, -3, 0
126, -3, 0
126, -3, 0
124, -2, 0
125, -3, 0
125, -2, 0
125, -3, 0
125, -2, 0
125, -4, 0
125, -2, 0
124, -3, 0
126, -2, 0
126, -3, -1
124, -3, 0
124, -3, 0
126, -2, 0
124, -3, 0
127, -3, 0
126, -3, 0
188, -2, 0
97, -3, 0
153, -2, 0
98, -3, 0
149, -3, 0
67, -2, 0
122, -3, 0
126, -3, 0
124, -3, 0
194, -2, 0
62, -3, 0
181, -3, 0
91, -3, 0
158, -2, 0
94, -3, 0
158, -3, 0
94, -3, 0
93, -2, 0
124, -4, 0
126, -2, 0
124, -3, 0
125, -2, 0
187, -4, 0
88, -2, 0
119, -3, 0
126, -3, 0
126, -3, 0
116, -2, 0
117, -2, -1
130, -4, 0
117, -2, 0
119, -4, 0
127, -2, 0
123, -3, 0
126, -2, 0
126, -4, 0
128, -2, 0
122, -4, 0
124, -2, 0
123, -3, 0
128, -2, 0
122, -4, 0
125, -2, 0
125, -4, 0
125, -2, 0
126, -3, 0
124, -2, 0
125, -4, 0
125, -2, 0
126, -4, 0
125, -2, 0
124, -3, 0
143, -3, 0
112, -2, 0
121, -3, 0
124, -3, 0
127, -3, 0
125, -2, 0
123, -4, 0
125, -2, 0
125, -3, 0
126, -3, 0
124, -3, 0
125, -3, 0
125, -3, 0
125, -2, 0
127, -4, 0
123, -2, 0
125, -3, 0
125, -3, 0
125, -3, 0
125, -2, 0
126, -4, 0
125, -2, 1
125, -4, 0
124, -2, 0
126, -3, 0
124, -3, 0
125, -3, 0
128, -2, 0
194, -2, 0
99, -4, 0
153, -2, 0
96, -4, 0
148, -2, 0
67, -3, 0
121, -3, 0
126, -3, 0
125, -3, 0
186, -3, 0
92, -2, 0
160, -4, 0
93, -2, 0
155, -3, 0
93, -3, 0
96, -3, 0
124, -2, 0
127, -4, 0
123, -2, 0
190, -3, 1
93, -3, 0
154, -3, 0
94, -2, 0
113, -4, 0
125, -2, 0
106, -4, 0
127, -2, 0
125, -2, 0
125, -4, 0
123, -2, 0
125, -3, 0
125, -3, 0
125, -3, 0
125, -2, 0
125, -3, 0
125, -3, 0
126, -3, 0
124, -2, 0
126, -4, 0
124, -2, 0
126, -3, 1
124, -3, 0
132, -3, 0
119, -2, 0
119, -3, 0
125, -3, 0
125, -3, 0
170, -2, 0
91, -4, 0
140, -2, 0
120, -3, 0
125, -3, 0
124, -2, 1
119, -3, 0
212, -2, 0
68, -4, 0
174, -2, 0
131, -3, 0
38, -3, 0
173, -3, 0
132, -2, 0
137, -3, 0
94, -3, 0
119, -3, 0
125, -2, 0
125, -3, 0
139, -3, 1
112, -3, 0
138, -2, 0
111, -3, 0
126, -3, 0
93, -3, 0
125, -2, 0
124, -3, 0
125, -3, 0
126, -2, 0
125, -3, 0
111, -2, 0
123, -4, 0
131, -2, 0
120, -3, 0
125, -2, 0
150, -3, 0
114, -2, 0
126, -4, 0
127, -2, 0
120, -3, 1
120, -2, 0
122, -3, 0
125, -3, 0
126, -3, 0
123, -2, 0
125, -3, 0
125, -2, 0
124, -3, 0
128, -2, 0
123, -2, 0
125, -3, 0
126, -3, 0
124, -3, 0
125, -2, 0
125, -3, 0
126, -2, 1
125, -3, 0
124, -2, 0
125, -3, 0
128, -2, 0
124, -3, 0
123, -2, 0
125, -3, 0
125, -3, 0
125, -3, 0
126, -2, 0
124, -3, 0
125, -2, 0
125, -3, 0
125, -2, 0
125, -3, 0
125, -2, 0
125, -3, 1
125, -2, 0
125, -2, 0
125, -3, 0
124, -1, 0
126, -3, 0
125, -2, 0
126, -3, 0
124, -2, 0
127, -3, 0
124, -2, 0
124, -3, 0
125, -2, 0
130, -3, 0
121, -2, 0
124, -3, 0
124, -2, 0
125, -2, 0
127, -2, 0
124, -3, 0
125, -2, 1
125, -3, 0
124, -2, 0
126, -2, 0
125, -2, 0
125, -2, 0
125, -3, 0
124, -2, 0
126, -3, 0
125, -1, 0
124, -3, 0
125, -2, 0
126, -3, 0
125, -1, 0
126, -3, 0
124, -2, 0
125, -3, 0
125, -2, 0
125, -2, 0
124, -2, 0
128, -3, 0
126, -1, 0
123, -3, 0
126, -1, 0
125, -3, 1
123, -2, 0
124, -2, 0
126, -2, 0
124, -3, 0
126, -1, 0
125, -2, 0
125, -3, 0
126, -1, 0
124, -3, 0
125, -2, 0
126, -2, 0
124, -2, 0
125, -2, 0
125, -2, 0
124, -2, 0
128, -2, 0
123, -2, 0
125, -2, 0
127, -2, 0
124, -2, 0
125, -2, 0
125, -2, 0
126, -2, 0
125, -2, 0
124, -2, 0
125, -2, 0
126, -2, 0
124, -2, 0
125, -1, 0
125, -2, 0
125, -2, 0
125, -2, 0
126, -2, 0
125, -2, 0
123, -1, 0
126, -3, 0
126, -1, 0
124, -2, 0
125, -2, 0
125, -2, 0
126, -1, 0
124, -2, 0
125, -2, 0
125, -2, 0
125, -2, 0
125, -2, 0
125, -1, 0
126, -2, 0
154, -2, 0
110, -2, 0
120, -1, 0
123, -2, 0
119, -1, 0
124, -2, 0
124, -2, 0
127, -1, 0
123, -2, 0
127, -1, 0
124, -2, 0
124, -2, 0
125, -2, 0
125, -1, 0
125, -2, 0
125, -1, 0
125, -2, 0
125, -2, 0
126, -1, 0
124, -2, 0
125, -2, 0
124, -1, 0
125, -2, 0
125, -1, 0
126, -2, 0
125, -1, 0
126, -2, 0
119, -1, 0
114, -1, 0
124, -2, 0
125, -1, 0
125, -2, 0
124, -1, 0
126, -2, 0
124, -1, 0
125, -1, 0
125, -2, 0
125, -1, 0
125, -1, 0
125, -2, 0
125, -1, 0
125, -2, 0
125, -1, 0
126, -1, 0
124, -1, 0
125, -2, 0
125, -1, 0
125, -2, 0
125, -1, 0
125, -1, 0
125, -1, 0
125, -2, 0
125, -1, 0
125, -1, 0
125, -1, 0
125, -1, 0
125, -1, 0
125, -1, 0
125, -2, 0
125, -1, 0
126, -1, 0
124, -1, 0
125, -1, 0
125, -1, 0
125, -2, 0
250, -2, 0
125, -1, 0
125, -1, 0
125, -1, 0
125, -1, 0
125, -1, 0
125, -1, 0
125, -1, 0
126, -1, 0
124, -1, 0
125, -1, 0
125, -1, 0
125, -1, 0
125, -1, 0
250, -2, 0
250, -2, 0
250, -1, 0
126, -1, 0
125, -1, 0
124, -1, 0
125, -1, 0
125, -1, 0
249, -1, 0
126, -1, 0
125, -1, 0
125, -1, 0
249, -1, 0
126, -1, 0
125, -1, 0
249, -1, 0
127, -1, 0
249, -1, 0
125, -1, 0
125, -1, -1
250, -1, 0
250, -1, 0
126, -1, 0
249, -1, 0
251, -1, 0
124, -1, 0
249, -1, 0
250, -1, 0
251, -1, 0
249, -1, 0
250, -1, 0
251, -1, 0
389, -1, 0
236, -1, 0
379, -1, 0
386, -1, 0
235, -1, 0
390, 0, -1
111, -1, 0
513, -1, 0
625, -1, 0
753, -1, 0
4892, 1, 0
875, 1, 0
500, 1, 0
626, 1, 0
554, 1, 0
374, 1, 0
372, 1, 0
500, 1, 0
250, 1, 0
379, 1, 0
370, 1, 0
210, 1, 0
377, 1, 0
295, 1, 0
247, 1, 0
375, 1, 0
251, 1, 0
250, 1, 0
92, 0, 1
155, 1, 0
248, 1, 0
251, 1, 0
253, 1, 0
247, 1, 0
202, 1, 0
124, 1, 0
255, 1, 0
237, 1, 0
308, 1, 0
66, 1, 0
312, 1, 0
249, 1, 0
93, 1, 0
154, 1, 1
251, 1, 0
249, 1, 0
91, 1, 0
95, 1, 0
250, 1, 0
125, 1, 0
143, 1, 0
249, 1, 0
126, 1, 0
125, 1, 0
258, 1, 0
119, 1, 0
105, 1, 0
249, 1, 0
149, 1, 1
103, 1, 0
248, 1, 0
144, 1, 0
106, 1, 0
125, 1, 0
249, 1, 0
145, 1, 0
106, 1, 0
125, 1, 0
129, 1, 0
125, 1, 1
124, 1, 0
251, 2, 0
248, 1, 0
126, 1, 0
133, 1, 0
182, 1, 0
100, 1, 0
150, 1, 0
97, 1, 0
153, 1, 1
93, 1, 0
94, 1, 0
124, 1, 0
125, 1, 0
124, 1, 0
125, 1, 0
125, 1, 0
187, 1, 0
91, 1, 0
158, 1, 0
94, 1, 1
161, 1, 0
93, 1, 0
93, 1, 0
123, 1, 0
126, 2, 0
123, 1, 0
144, 1, 0
126, 1, 0
124, 1, 0
125, 1, 0
109, 1, 1
188, 1, 0
97, 2, 0
276, 2, 0
90, 1, 0
160, 1, 0
84, 1, 0
120, 1, 0
107, 2, 0
124, 0, 1
124, 2, 0
144, 1, 0
107, 1, 0
124, 1, 0
147, 2, 0
105, 1, 0
123, 1, 0
126, 1, 0
128, 2, 1
124, 1, 0
125, 1, 0
125, 1, 0
126, 2, 0
125, 1, 0
124, 2, 0
124, 1, 0
128, 1, 1
123, 1, 0
126, 2, 0
123, 1, 0
125, 1, 0
126, 2, 0
125, 1, 0
125, 1, 0
125, 1, 1
125, 2, 0
125, 1, 0
125, 2, 0
125, 1, 0
126, 2, 0
124, 1, 0
125, 1, 0
124, 1, 0
127, 2, 1
125, 1, 0
124, 2, 0
125, 1, 0
126, 2, 0
125, 1, 0
124, 2, 0
125, 1, 1
125, 2, 0
135, 1, 0
116, 1, 0
125, 2, 0
131, 1, 0
124, 2, 0
125, 1, 1
114, 2, 0
125, 1, 0
127, 2, 0
127, 1, 0
125, 2, 0
123, 1, 0
123, 2, 1
125, 1, 0
125, 2, 0
124, 1, 0
125, 2, 0
125, 2, 0
126, 1, 1
125, 2, 0
124, 1, 0
126, 2, 0
124, 2, 0
125, 1, 0
125, 2, 0
125, 1, 0
126, 2, 1
130, 1, 0
144, 2, 0
124, 2, 0
127, 1, 0
123, 2, 0
124, 1, 1
106, 2, 0
125, 2, 0
123, 2, 0
124, 1, 0
124, 2, 0
127, 1, 0
126, 2, 0
123, 2, 1
125, 2, 0
124, 1, 0
125, 2, 0
125, 2, 0
125, 2, 0
126, 1, 0
125, 2, 1
125, 1, 0
124, 2, 0
125, 2, 0
125, 1, 0
125, 2, 0
125, 2, 0
127, 2, 0
126, 1, 1
122, 2, 0
125, 2, 0
125, 2, 0
125, 1, 0
125, 2, 0
126, 2, 1
125, 2, 0
125, 1, 0
124, 2, 0
125, 2, 0
125, 2, 0
125, 2, 1
125, 2, 0
125, 1, 0
126, 2, 0
124, 2, 0
126, 2, 0
124, 1, 0
125, 3, 0
126, 1, 1
125, 1, 0
124, 3, 0
125, 1, 0
125, 3, 0
141, 1, 0
114, 2, 0
121, 2, 1
125, 2, 0
124, 1, 0
125, 3, 0
125, 1, 0
126, 2, 1
124, 2, 0
126, 2, 0
124, 1, 0
125, 3, 0
126, 1, 0
124, 2, 0
125, 2, 0
125, 2, 1
125, 2, 0
126, 2, 0
124, 1, 0
126, 2, 0
124, 2, 0
125, 2, 0
125, 2, 0
126, 1, 1
124, 3, 0
126, 1, 0
124, 2, 0
129, 2, 0
193, 2, 0
99, 2, 1
150, 2, 0
96, 1, 0
151, 3, 0
66, 1, 0
126, 3, 0
121, 1, 0
126, 2, 1
186, 2, 0
93, 2, 0
156, 2, 0
92, 2, 0
158, 2, 0
96, 1, 0
96, 3, 1
122, 1, 0
125, 3, 0
125, 1, 0
188, 3, 0
92, 1, 0
115, 2, 1
126, 2, 0
109, 2, 0
130, 2, 0
120, 2, 0
126, 2, 0
114, 2, 0
127, 2, 0
129, 2, 1
122, 2, 0
126, 2, 0
123, 2, 0
125, 2, 0
124, 2, 0
123, 2, 1
125, 2, 0
125, 2, 0
125, 1, 0
128, 2, 0
122, 2, 0
125, 2, 1
125, 2, 0
125, 2, 0
125, 2, 0
125, 2, 0
125, 3, 0
126, 1, 1
126, 3, 0
123, 1, 0
125, 2, 0
126, 2, 0
141, 2, 0
113, 2, 1
121, 2, 0
124, 2, 0
126, 2, 0
124, 2, 0
126, 3, 0
124, 1, 0
126, 2, 1
124, 2, 0
125, 2, 0
125, 2, 0
125, 2, 0
126, 2, 0
125, 2, 1
124, 2, 0
125, 2, 0
125, 2, 0
134, 2, 0
128, 2, 0
121, 2, 0
123, 2, 1
123, 2, 0
124, 2, 0
142, 2, 0
122, 2, 0
129, 2, 0
120, 2, 1
130, 2, 0
118, 2, 0
120, 2, 0
117, 2, 0
125, 2, 0
130, 2, 1
142, 2, 0
106, 1, 0
125, 3, 0
140, 1, 0
110, 3, 0
120, 1, 0
126, 3, 1
124, 1, 0
126, 3, 0
125, 1, 0
124, 3, 0
125, 1, 0
126, 3, 0
124, 1, 0
126, 3, 1
124, 1, 0
126, 3, 0
125, 1, 0
125, 3, 0
125, 1, 0
127, 3, 0
124, 1, 1
124, 3, 0
124, 1, 0
125, 2, 0
125, 2, 0
125, 2, 0
125, 2, 0
125, 2, 0
127, 2, 1
123, 2, 0
126, 2, 0
124, 2, 0
125, 2, 0
125, 1, 0
126, 3, 0
125, 1, 1
124, 3, 0
126, 1, 0
125, 3, 0
124, 1, 0
126, 3, 0
124, 1, 0
126, 3, 1
125, 1, 0
124, 3, 0
134, 1, 0
117, 2, 0
124, 2, 0
125, 2, 0
125, 2, 0
125, 2, 0
126, 2, 1
125, 1, 0
127, 3, 0
122, 1, 0
125, 3, 0
125, 1, 0
126, 3, 0
124, 1, 0
125, 2, 0
126, 2, 1
124, 3, 0
127, 1, 0
123, 2, 0
125, 2, 0
125, 2, 0
125, 2, 0
125, 2, 0
125, 2, 1
125, 2, 0
126, 2, 0
182, 1, 0
85, 3, 0
175, 1, 0
111, 2, 0
131, 2, 0
127, 2, 1
123, 2, 0
71, 2, 0
128, 2, 0
125, 2, 0
129, 1, 0
168, 3, 0
122, 1, 0
122, 3, 0
128, 1, 0
129, 2, 1
122, 2, 0
82, 2, 0
125, 2, 0
123, 2, 0
125, 2, 0
171, 2, 0
122, 1, 0
97, 3, 0
125, 1, 0
124, 2, 0
127, 2, 1
113, 2, 0
114, 2, 0
132, 1, 0
141, 3, 0
109, 1, 0
128, 2, 0
136, 2, 0
127, 2, 0
130, 2, 0
107, 2, 1
125, 1, 0
118, 3, 0
130, 1, 0
144, 2, 0
107, 2, 0
125, 2, 0
126, 1, 0
126, 3, 0
125, 1, 0
118, 2, 0
130, 2, 0
127, 1, 0
126, 2, 0
136, 2, 0
122, 2, 0
115, 2, 1
123, 2, 0
127, 1, 0
118, 2, 0
119, 2, 0
131, 2, 0
126, 1, 0
124, 3, 0
127, 1, 0
139, 2, 0
110, 2, 0
124, 2, 0
125, 1, 0
128, 2, 0
124, 2, 0
123, 2, 0
127, 1, 0
125, 2, 0
124, 2, 0
138, 1, 0
114, 2, 1
126, 2, 0
122, 2, 0
126, 1, 0
125, 2, 0
127, 2, 0
125, 2, 0
125, 1, 0
124, 2, 0
147, 2, 0
125, 2, 0
126, 1, 0
123, 2, 0
122, 2, 0
113, 2, 0
119, 1, 0
125, 2, 0
143, 1, 0
111, 2, 0
122, 2, 0
126, 2, 0
128, 1, 0
125, 2, 0
124, 1, 0
120, 2, 0
123, 2, 0
131, 1, 0
142, 2, 0
109, 1, 0
124, 2, 0
126, 1, 0
126, 3, 0
119, 1, 0
124, 2, 0
131, 1, 0
126, 2, 0
137, 1, 0
104, 2, 0
130, 1, 0
119, 2, 0
130, 1, 0
125, 2, 0
140, 2, 0
117, 1, 0
127, 2, 0
112, 2, 0
146, 1, 0
112, 1, 0
121, 2, 0
128, 1, 0
128, 2, 0
125, 1, 0
123, 2, 0
115, 1, 0
130, 2, 0
123, 1, 0
140, 2, 0
114, 1, 0
125, 2, 0
119, 1, 0
130, 2, 0
127, 1, 0
172, 2, 0
125, 1, 0
130, 2, 0
120, 1, 0
94, 1, 0
112, 2, 0
118, 1, 0
131, 1, 0
127, 2, 0
126, 1, 0
122, 1, 0
122, 2, 0
129, 1, 0
123, 2, 0
124, 1, 0
125, 2, 0
242, 2, 0
122, 1, 0
134, 2, 0
118, 1, 0
131, 2, 0
118, 1, 0
132, 1, 0
126, 1, -1
126, 2, 0
124, 1, 0
136, 1, 0
126, 1, 0
123, 2, 0
125, 1, 0
123, 2, 0
239, 1, 0
123, 2, 0
131, 1, 0
126, 1, 0
124, 1, 0
119, 2, 0
135, 1, 0
120, 1, 0
119, 1, -1
132, 2, 0
122, 1, 0
122, 1, 0
131, 1, 0
125, 1, 0
125, 1, 0
127, 1, 0
124, 2, 0
126, 1, 0
125, 1, 0
121, 1, -1
130, 1, 0
137, 1, 0
116, 1, 0
134, 1, 0
121, 2, 0
237, 2, 0
245, 2, 0
140, 1, 0
108, 1, 0
125, 1, 0
124, 1, -1
126, 1, 0
125, 1, 0
125, 1, 0
125, 1, 0
125, 1, 0
125, 1, 0
126, 1, 0
124, 1, 0
250, 2, -1
264, 1, 0
115, 1, 0
126, 1, 0
151, 1, 0
195, 1, 0
31, 1, 0
345, 2, -1
251, 1, 0
27, 1, 0
221, 1, 0
28, 1, 0
219, 1, 0
213, 1, 0
114, 1, -1
121, 1, 0
268, 1, 0
111, 1, 0
121, 1, 0
131, 1, 0
215, 1, 0
111, 1, 0
122, 0, -1
174, 1, 0
98, 1, 0
262, 1, 0
164, 1, 0
118, 1, 0
217, 1, -1
252, 1, 0
110, 1, 0
253, 1, 0
167, 1, 0
247, 1, -1
254, 1, 0
217, 1, 0
163, 1, 0
204, 1, 0
242, 1, -1
247, 1, 0
374, 1, 0
263, 1, 0
258, 1, -1
376, 1, 0
246, 1, 0
378, 1, 0
248, 0, -1
128, 1, 0
371, 1, 0
502, 1, 0
247, 0, -1
249, 1, 0
632, 1, 0
244, 0, -1
378, 1, 0
1127, 1, -1
2000, 0, -1
1909, -1, 0
148, 0, -1
759, -1, 0
627, -1, 0
596, -1, -1
508, -1, 0
373, -1, 0
371, -1, 0
488, -1, 0
249, -1, -1
392, -1, 0
241, -1, 0
235, -1, 0
407, -1, 0
229, -1, 0
247, 0, -1
109, -1, 0
275, -1, 0
231, -1, 0
247, -1, 0
251, -1, 0
247, -1, 0
104, -1, 0
279, -1, 0
232, -1, -1
242, -1, 0
255, -1, 0
155, -1, 0
224, -1, 0
115, -1, 0
244, -1, 0
254, -1, -1
121, -1, 0
253, -1, 0
130, -1, 0
220, -1, 0
141, -1, 0
236, -1, 0
154, -1, 0
113, -1, 0
250, -1, 0
133, -1, -1
116, -1, 0
250, -1, 0
132, -1, 0
121, -1, 0
243, -1, 0
149, -1, 0
106, -1, 0
249, -1, 0
128, -1, 0
120, -1, 0
128, -1, -1
127, -1, 0
248, -2, 0
252, -1, 0
122, -1, 0
117, -1, 0
138, -1, 0
241, -2, 0
239, -2, 0
260, -1, -1
131, -1, 0
128, -1, 0
112, -1, 0
126, -1, 0
126, -1, 0
121, -1, 0
115, -1, 0
132, -1, 0
122, -1, 0
129, -1, 0
130, -1, 0
122, -1, 0
116, -1, 0
135, -1, 0
123, -1, 0
121, -2, 0
247, -1, -1
129, -2, 0
129, -1, 0
134, -1, 0
107, -1, 0
134, -1, 0
124, -1, 0
117, -1, 0
130, -1, 0
128, -1, 0
126, -1, 0
116, -2, 0
132, -1, 0
128, -1, 0
124, -1, 0
117, -1, 0
129, -1, 0
129, -2, -1
125, -1, 0
116, -1, 0
132, -1, 0
123, -2, 0
122, -1, 0
124, -1, 0
130, -1, 0
128, -1, 0
124, -2, 0
126, -1, 0
124, -1, 0
126, -1, 0
136, -2, 0
107, -1, 0
132, -1, 0
125, -1, 0
119, -2, 0
130, -1, 0
125, -2, 0
117, -1, 0
132, -1, 0
129, -1, 0
116, -2, 0
128, -1, 0
128, -1, 0
125, -2, 0
126, -1, -1
115, -1, 0
133, -2, 0
127, -1, 0
116, -1, 0
131, -2, 0
126, -1, 0
123, -2, 0
128, -1, 0
126, -1, 0
119, -2, 0
138, -1, 0
134, -1, 0
112, -2, 0
123, -1, 0
115, -2, 0
132, -1, 0
126, -2, 0
127, -1, 0
124, -2, 0
118, -1, 0
130, -2, 0
125, -1, 0
126, -2, 0
125, -1, 0
117, -2, 0
126, -1, 0
130, -1, 0
127, -2, 0
118, -1, 0
130, -2, 0
127, -1, 0
125, -2, 0
125, -1, 0
126, -2, 0
115, -2, 0
133, -1, 0
127, -2, 0
123, -2, 0
128, -1, 0
119, -2, 0
131, -1, 0
118, -2, 0
134, -1, 0
124, -2, 0
122, -2, 0
122, -2, 0
120, -1, 0
134, -2, 0
124, -1, 0
125, -2, 0
125, -2, 0
116, -1, 0
133, -2, 0
126, -1, 0
124, -2, 0
118, -2, 0
131, -2, 0
124, -1, 0
120, -2, 0
132, -1, 0
123, -3, 0
129, -1, 0
122, -2, 0
127, -1, 0
124, -2, 0
126, -2, 0
126, -2, 0
124, -1, 0
117, -2, 0
132, -2, 0
127, -2, 0
124, -1, 0
117, -2, 0
132, -2, 0
126, -2, 0
116, -1, 0
133, -2, 0
119, -2, 0
133, -1, 1
124, -2, 0
124, -2, 0
126, -2, 0
116, -2, 0
133, -2, 0
123, -1, 0
120, -2, 0
132, -2, 0
125, -2, 0
118, -1, 0
132, -3, 0
125, -1, 0
141, -2, 0
102, -2, 0
131, -2, 0
125, -2, 0
129, -2, 1
122, -1, 0
118, -2, 0
133, -2, 0
124, -2, 0
126, -2, 0
125, -1, 0
117, -2, 0
133, -2, 0
117, -2, 0
131, -2, 0
127, -2, 1
125, -1, 0
117, -3, 0
131, -1, 0
125, -3, 0
125, -1, 0
131, -2, 0
121, -2, 0
125, -2, 0
124, -2, 0
126, -2, 0
125, -2, 0
128, -2, 1
118, -2, 0
131, -2, 0
126, -2, 0
117, -1, 0
134, -2, 0
122, -2, 0
124, -2, 0
126, -2, 0
117, -2, 1
131, -2, 0
120, -2, 0
129, -2, 0
124, -2, 0
120, -2, 0
131, -2, 0
124, -1, 0
120, -3, 0
131, -1, 0
130, -3, 1
114, -1, 0
133, -3, 0
125, -1, 0
125, -3, 0
125, -1, 0
125, -3, 0
119, -1, 0
132, -3, 1
132, -1, 0
119, -2, 0
127, -2, 0
131, -2, 0
117, -2, 0
123, -2, 0
124, -2, 1
125, -2, 0
128, -2, 0
123, -2, 0
125, -2, 0
117, -2, 0
132, -3, 1
126, -1, 0
116, -3, 0
132, -1, 0
129, -3, 0
115, -1, 0
130, -3, 0
129, -1, 0
117, -3, 1
131, -1, 0
123, -3, 0
126, -2, 0
127, -1, 0
142, -3, 0
109, -1, 0
125, -3, 1
124, -1, 0
125, -3, 0
116, -1, 0
132, -3, 0
127, -2, 0
128, -2, 0
114, -2, 1
131, -2, 0
127, -2, 0
125, -2, 0
116, -2, 0
133, -3, 0
126, -1, 1
119, -3, 0
129, -2, 0
127, -2, 0
125, -2, 0
125, -2, 1
116, -2, 0
148, -2, 0
117, -2, 0
117, -2, 0
122, -2, 1
126, -2, 0
127, -2, 0
146, -2, 0
120, -2, 0
109, -2, 1
128, -2, 0
122, -2, 0
155, -3, 0
113, -1, 0
116, -3, 1
138, -1, 0
113, -3, 0
128, -1, 0
117, -3, 0
130, -2, 1
119, -2, 0
127, -2, 0
122, -2, 0
137, -2, 0
122, -2, 0
117, -2, 1
124, -2, 0
126, -2, 0
125, -2, 0
125, -2, 0
124, -2, 1
125, -2, 0
124, -2, 0
134, -2, 0
128, -2, 0
119, -3, 1
146, -1, 0
101, -3, 0
126, -1, 0
122, -3, 0
125, -1, 0
127, -3, 1
124, -1, 0
124, -3, 0
126, -1, 0
121, -3, 1
130, -2, 0
123, -2, 0
125, -2, 0
125, -2, 0
125, -2, 0
129, -2, 1
124, -2, 0
123, -2, 0
124, -2, 0
127, -2, 0
124, -2, 1
124, -2, 0
126, -2, 0
137, -2, 0
116, -2, 0
124, -2, 1
122, -3, 0
125, -1, 0
127, -3, 0
124, -1, 1
124, -3, 0
125, -1, 0
129, -3, 0
121, -1, 0
126, -3, 1
124, -1, 0
124, -3, 0
126, -1, 0
125, -3, 1
125, -1, 0
126, -2, 0
125, -2, 0
125, -2, 0
124, -2, 1
125, -2, 0
126, -2, 0
178, -2, 0
75, -2, 0
121, -2, 1
123, -2, 0
128, -2, 0
118, -2, 0
125, -1, 0
122, -3, 1
129, -1, 0
124, -3, 0
121, -1, 0
134, -3, 0
118, -1, 1
124, -2, 0
124, -2, 0
125, -2, 0
126, -2, 1
125, -2, 0
125, -2, 0
132, -2, 0
118, -1, 0
124, -2, 0
126, -2, 1
124, -2, 0
126, -2, 0
124, -2, 0
126, -2, 1
128, -1, 0
124, -3, 0
123, -1, 0
125, -2, 0
127, -2, 1
122, -2, 0
126, -1, 0
125, -3, 0
126, -1, 0
127, -2, 1
121, -2, 0
125, -2, 0
126, -2, 0
125, -2, 1
126, -1, 0
125, -2, 0
125, -2, 0
127, -2, 0
125, -1, 1
123, -2, 0
125, -2, 0
126, -2, 0
124, -2, 0
125, -1, 1
126, -2, 0
127, -1, 0
133, -3, 0
141, -1, 1
104, -2, 0
118, -2, 0
155, -2, 0
102, -1, 0
118, -2, 1
130, -1, 0
121, -3, 0
126, -1, 0
123, -2, 0
125, -1, 1
125, -2, 0
125, -2, 0
125, -2, 0
130, -1, 0
120, -1, 1
128, -2, 0
122, -2, 0
125, -2, 0
125, -1, 0
126, -2, 1
124, -1, 0
133, -2, 0
118, -2, 0
126, -2, 0
124, -1, 1
127, -2, 0
123, -1, 0
126, -2, 0
124, -1, 0
128, -2, 1
135, -1, 0
160, -2, 0
90, -2, 0
122, -2, 0
117, -1, 1
128, -2, 0
120, -1, 0
126, -2, 0
130, -1, 0
124, -1, 0
127, -2, 1
118, -1, 0
126, -2, 0
124, -1, 0
126, -2, 1
124, -1, 0
133, -2, 0
118, -1, 0
124, -2, 0
127, -1, 0
124, -2, 0
125, -1, 0
125, -2, 1
125, -1, 0
128, -2, 0
122, -1, 0
127, -1, 1
124, -1, 0
123, -2, 0
125, -1, 0
126, -2, 0
124, -1, 0
125, -1, 0
128, -2, 1
123, -1, 0
126, -1, 0
123, -2, 0
125, -1, 0
125, -1, 0
126, -2, 1
124, -1, 0
126, -2, 0
124, -1, 0
126, -1, 0
126, -1, 0
123, -2, 1
125, -1, 0
125, -1, 0
126, -1, 0
128, -2, 0
121, -1, 1
125, -1, 0
159, -1, 0
122, -2, 0
103, -1, 0
119, -1, 0
127, -1, 0
129, -2, 1
241, -1, 0
125, -2, 0
127, -1, 0
124, -1, 1
124, -1, 0
125, -1, 0
132, -1, 0
120, -2, 0
123, -1, 0
125, -1, 0
127, -1, 1
123, -1, 0
126, -1, 0
124, -1, 0
128, -1, 0
124, -1, 0
123, -1, 0
126, -1, 1
124, -1, 0
127, -1, 0
125, -1, 0
131, -1, 0
122, -1, 0
125, -1, 1
124, -1, 0
124, -1, 0
122, -1, 0
127, -1, 0
123, -1, 0
125, -1, 0
129, -1, 0
129, -1, 0
121, -1, 1
121, -1, 0
125, -1, 0
252, -1, 0
123, -1, 0
125, -1, 0
132, -1, 0
119, -1, 0
250, -2, 1
250, -1, 0
128, -1, 0
124, -1, 0
257, -1, 0
133, -1, 0
124, -1, 0
122, 0, 1
113, -1, 0
123, -1, 0
125, -1, 0
250, -1, 0
124, -1, 0
254, -1, 0
138, -1, 0
111, -1, 0
248, -1, 1
273, -1, 0
109, -1, 0
264, -1, 0
114, -1, 0
242, -1, 0
268, -1, 0
233, -1, 1
122, -1, 0
254, -1, 0
248, -1, 0
250, -1, 0
375, -1, 0
271, -1, 0
235, -1, 0
371, -1, 0
250, -1, 0
124, 0, 1
256, -1, 0
389, -1, 0
383, -1, 0
473, -1, 0
524, -1, 0
620, -1, 0
1001, -1, 0
4700, 1, 0
999, 1, 0
624, 1, 0
482, 1, 0
648, 1, 0
243, 0, 1
127, 1, 0
482, 1, 0
368, 1, 0
498, 1, 0
237, 1, 0
387, 1, 0
359, 1, 0
312, 1, 0
326, 1, 0
381, 1, 0
251, 1, 0
231, 1, 0
372, 1, 0
251, 1, 0
258, 1, 0
254, 1, 0
237, 1, 0
269, 1, 0
249, 1, 0
251, 1, 0
202, 1, 0
262, 1, 0
115, 1, 0
251, 1, 0
245, 1, 0
262, 1, 0
251, 1, 0
114, 1, 0
124, 1, 0
245, 1, 0
267, 1, 0
255, 1, 0
119, 1, 0
113, 1, 0
260, 1, 0
116, 1, 0
158, 1, 0
213, 1, 0
247, 1, 0
175, 1, 0
237, 1, 0
88, 1, 0
103, 1, 0
250, 1, 0
126, 1, 1
126, 1, 0
123, 1, 0
240, 1, 0
135, 1, 0
115, 1, 0
126, 1, 0
249, 1, 0
126, 1, 0
125, 1, 0
134, 1, 0
125, 1, 0
250, 1, 0
127, 1, 0
123, 1, 0
125, 1, 0
250, 1, 0
125, 1, 0
125, 1, 0
125, 1, 0
126, 1, 0
124, 1, 0
117, 1, 0
124, 1, 0
125, 1, 0
249, 1, 0
126, 1, 0
125, 1, 0
125, 1, 0
125, 1, 0
125, 1, 0
125, 1, 0
125, 1, 0
125, 1, 0
125, 1, 0
124, 1, 0
126, 1, 0
125, 1, 0
125, 1, 1
125, 1, 0
125, 1, 0
125, 1, 0
125, 1, 0
125, 1, 0
125, 1, 0
124, 1, 0
125, 1, 0
126, 1, 0
125, 1, 0
125, 1, 0
125, 2, 0
250, 2, 0
125, 1, 0
125, 1, 0
125, 1, 0
125, 1, 0
124, 1, 0
126, 2, 0
125, 1, 0
125, 1, 0
125, 1, 0
125, 1, 0
125, 1, 0
125, 1, 0
125, 2, 0
249, 2, 0
126, 1, 1
125, 1, 0
125, 1, 0
125, 2, 0
125, 1, 0
125, 1, 0
125, 1, 0
125, 2, 0
125, 1, 0
125, 1, 0
125, 1, 0
125, 1, 0
124, 1, 0
125, 2, 0
126, 1, 0
125, 1, 0
125, 1, 0
125, 2, 0
125, 1, 0
125, 1, 0
125, 2, 0
125, 1, 0
125, 1, 1
125, 1, 0
125, 2, 0
125, 1, 0
125, 1, 0
125, 2, 0
125, 1, 0
125, 1, 0
124, 2, 0
125, 1, 0
126, 2, 0
125, 1, 0
125, 1, 0
125, 2, 0
125, 1, 0
125, 1, 0
125, 2, 0
125, 1, 1
124, 2, 0
125, 1, 0
126, 1, 0
126, 2, 0
124, 1, 0
125, 1, 0
125, 2, 0
125, 1, 0
125, 2, 0
125, 1, 0
127, 1, 0
123, 2, 0
125, 1, 0
125, 2, 0
125, 1, 0
125, 2, 0
125, 1, 0
125, 2, 0
125, 1, 1
125, 2, 0
125, 1, 0
124, 2, 0
126, 1, 0
125, 2, 0
125, 1, 0
125, 2, 0
125, 1, 0
125, 1, 0
125, 2, 0
125, 1, 0
125, 2, 0
125, 2, 1
125, 1, 0
125, 2, 0
125, 2, 0
125, 1, 0
125, 2, 0
125, 1, 0
125, 2, 0
125, 1, 0
125, 2, 0
125, 1, 0
125, 2, 0
125, 1, 1
124, 2, 0
126, 2, 0
125, 2, 0
125, 1, 0
124, 2, 0
126, 1, 0
125, 2, 0
125, 1, 0
125, 2, 1
125, 1, 0
125, 2, 0
124, 2, 0
126, 1, 0
125, 2, 0
125, 1, 0
125, 2, 0
125, 2, 0
125, 2, 0
125, 1, 0
125, 2, 0
125, 2, 0
125, 1, 1
125, 2, 0
125, 2, 0
125, 1, 0
125, 2, 0
125, 2, 0
125, 2, 0
125, 1, 0
125, 2, 1
125, 1, 0
125, 3, 0
125, 1, 0
125, 1, 0
125, 2, 0
125, 2, 0
125, 2, 0
124, 1, 0
126, 2, 1
125, 2, 0
125, 2, 0
125, 1, 0
125, 2, 0
125, 1, 0
125, 3, 0
125, 1, 0
125, 2, 0
125, 2, 0
125, 2, 1
125, 1, 0
125, 2, 0
125, 2, 0
125, 2, 0
125, 1, 0
125, 3, 0
125, 1, 0
124, 1, 0
126, 3, 1
125, 1, 0
125, 2, 0
125, 2, 0
125, 2, 0
125, 1, 0
125, 3, 0
125, 1, 0
125, 2, 1
125, 2, 0
125, 2, 0
125, 1, 0
125, 2, 0
142, 2, 0
128, 2, 0
119, 2, 0
127, 2, 0
122, 1, 0
138, 2, 1
115, 2, 0
128, 2, 0
123, 2, 0
125, 2, 0
125, 1, 0
125, 2, 0
126, 2, 1
130, 1, 0
120, 3, 0
126, 1, 0
123, 2, 0
126, 2, 0
124, 2, 0
125, 2, 0
125, 2, 1
126, 2, 0
125, 2, 0
126, 1, 0
129, 3, 0
129, 1, 0
122, 2, 0
125, 2, 0
124, 2, 1
120, 2, 0
131, 2, 0
119, 1, 0
131, 3, 0
127, 1, 0
117, 2, 0
124, 2, 0
125, 2, 0
126, 2, 1
131, 1, 0
118, 3, 0
127, 1, 0
123, 3, 0
125, 1, 0
125, 2, 0
125, 2, 0
125, 2, 0
132, 2, 0
119, 2, 0
124, 2, 1
127, 2, 0
123, 1, 0
125, 3, 0
125, 1, 0
144, 3, 0
111, 1, 0
122, 2, 0
123, 2, 0
128, 2, 1
122, 2, 0
125, 1, 0
125, 3, 0
125, 1, 0
129, 2, 0
122, 2, 0
125, 2, 0
124, 2, 0
143, 2, 1
109, 2, 0
128, 2, 0
127, 2, 0
122, 2, 0
127, 2, 0
126, 2, 0
148, 2, 0
99, 2, 0
123, 2, 0
129, 2, 1
123, 2, 0
127, 2, 0
123, 1, 0
125, 3, 0
126, 1, 0
125, 2, 0
122, 2, 0
125, 2, 0
137, 2, 0
125, 2, 0
121, 2, 0
117, 1, 0
122, 3, 0
120, 1, 1
123, 3, 0
125, 1, 0
126, 2, 0
124, 2, 0
125, 2, 0
126, 2, 0
124, 2, 0
125, 2, 0
125, 2, 0
126, 2, 0
124, 2, 0
126, 1, 0
125, 3, 0
125, 1, 1
125, 3, 0
124, 1, 0
117, 2, 0
124, 2, 0
125, 1, 0
125, 3, 0
124, 1, 0
125, 3, 0
126, 1, 0
124, 3, 0
126, 1, 0
125, 2, 0
124, 2, 0
125, 2, 0
125, 2, 0
125, 2, 0
125, 1, 0
126, 3, 0
125, 1, 0
125, 3, 0
124, 1, 0
126, 2, 0
125, 2, 0
125, 2, 0
125, 2, 0
125, 2, 0
125, 1, 0
125, 3, 0
125, 1, 0
126, 2, 0
124, 2, 0
125, 2, 0
125, 2, 0
125, 1, 0
125, 2, 0
124, 2, 0
125, 2, 0
125, 2, 0
125, 2, 0
126, 2, 0
125, 2, 0
125, 1, 0
125, 3, 0
125, 1, 0
124, 2, 0
125, 2, 0
125, 2, 0
125, 1, 0
126, 3, 0
125, 1, 0
125, 2, 0
125, 2, 0
124, 2, 0
126, 1, 0
125, 3, 0
125, 1, 0
129, 2, 0
123, 2, 0
123, 1, 0
125, 2, 0
125, 2, 0
125, 2, 0
124, 1, 0
126, 2, 0
125, 2, 0
124, 2, 0
126, 1, 0
125, 3, 0
124, 1, 0
126, 2, 0
124, 1, 0
125, 3, 0
126, 1, 0
125, 2, 0
125, 1, 0
124, 2, 0
125, 2, 0
126, 2, -1
125, 1, 0
125, 3, 0
125, 1, 0
125, 2, 0
125, 1, 0
124, 1, 0
125, 3, 0
126, 1, 0
125, 2, 0
125, 1, 0
124, 2, 0
126, 2, -1
134, 2, 0
126, 1, 0
124, 2, 0
125, 1, 0
124, 2, 0
125, 1, 0
127, 2, 0
124, 2, 0
125, 2, 0
125, 1, -1
125, 2, 0
126, 1, 0
124, 2, 0
124, 2, 0
127, 1, 0
124, 2, 0
125, 2, 0
126, 1, 0
139, 1, -1
114, 2, 0
122, 1, 0
125, 2, 0
126, 1, 0
124, 2, 0
125, 1, 0
128, 2, 0
122, 1, -1
125, 2, 0
125, 2, 0
125, 1, 0
124, 2, 0
125, 1, -1
125, 2, 0
126, 1, 0
124, 2, 0
125, 1, 0
126, 1, 0
125, 2, 0
125, 1, -1
125, 2, 0
125, 1, 0
124, 2, 0
125, 1, 0
125, 2, 0
126, 1, 0
126, 1, -1
126, 2, 0
124, 1, 0
125, 2, 0
123, 1, 0
126, 2, -1
249, 2, 0
126, 1, 0
124, 2, 0
125, 1, 0
126, 1, -1
125, 2, 0
125, 1, 0
125, 1, 0
124, 2, 0
126, 1, -1
125, 1, 0
124, 1, 0
125, 2, 0
125, 1, 0
126, 1, -1
124, 1, 0
126, 2, 0
125, 1, 0
125, 1, -1
125, 1, 0
127, 1, 0
130, 2, 0
119, 1, 0
125, 1, -1
123, 1, 0
126, 1, 0
126, 1, 0
124, 2, 0
125, 0, -1
125, 2, 0
124, 1, 0
125, 1, 0
125, 1, 0
125, 1, -1
126, 1, 0
125, 1, 0
125, 1, 0
125, 2, -1
249, 2, 0
126, 1, 0
125, 1, -1
261, 2, 0
247, 1, -1
125, 1, 0
119, 1, 0
122, 1, 0
126, 1, -1
124, 1, 0
126, 1, 0
125, 1, 0
125, 1, 0
125, 1, -1
125, 1, 0
124, 1, 0
125, 0, -1
126, 2, 0
249, 1, 0
126, 1, 0
124, 1, -1
125, 1, 0
125, 1, 0
126, 1, -1
249, 1, 0
126, 1, 0
124, 1, -1
250, 1, 0
125, 1, 0
128, 1, -1
248, 1, 0
126, 1, 0
124, 0, -1
125, 1, 0
124, 1, 0
250, 1, -1
125, 1, 0
250, 1, -1
126, 1, 0
249, 1, -1
250, 1, 0
250, 1, -1
125, 1, 0
250, 1, 0
125, 0, -1
126, 1, 0
249, 1, 0
125, 0, -1
127, 1, 0
248, 1, -1
375, 1, 0
126, 0, -1
125, 1, 0
374, 1, -1
250, 1, 0
125, 0, -1
250, 1, 0
249, 0, -1
251, 1, 0
250, 0, -1
250, 1, 0
125, 0, -1
377, 1, 0
124, 0, -1
499, 0, -1
126, 1, 0
250, 0, -1
514, 0, -1
484, 0, -1
516, 0, -1
525, 0, -1
493, 0, -1
467, 0, -1
376, 0, -1
626, 0, -1
174, -1, 0
372, 0, -1
248, -1, 0
251, 0, -1
250, -1, 0
218, 0, -1
260, -1, 0
259, 0, -1
126, -1, 0
373, -1, -1
395, -1, 0
120, 0, -1
125, -1, 0
376, -1, -1
249, -1, 0
250, -1, -1
247, -1, 0
252, 0, -1
97, -1, 0
123, -1, 0
253, -1, -1
247, -1, 0
124, -1, 0
237, -1, -1
248, -1, 0
125, -1, -1
250, -1, 0
250, -1, -1
124, -1, 0
250, -1, 0
126, -1, -1
249, -1, 0
125, -1, 0
126, -1, -1
251, -1, 0
124, -1, 0
125, -1, -1
251, -1, 0
125, -1, 0
125, -1, -1
249, -1, 0
125, -1, 0
125, -1, -1
125, -1, 0
126, -1, 0
124, -1, 0
125, -1, -1
250, -1, 0
125, -1, 0
125, -1, -1
125, -1, 0
125, -1, 0
125, -1, -1
125, -1, 0
125, -1, 0
125, -1, 0
125, -1, -1
125, -1, 0
125, -1, 0
125, -1, 0
125, -1, -1
125, -1, 0
126, -1, 0
124, -1, 0
125, -1, -1
124, -1, 0
125, -1, 0
126, -1, 0
125, -2, -1
249, -2, 0
125, -1, 0
127, -1, -1
124, -1, 0
125, -1, 0
125, -1, -1
125, -1, 0
124, -2, 0
125, -1, 0
125, -1, 0
127, -1, -1
124, -2, 0
125, -1, 0
125, -1, 0
124, -1, -1
126, -2, 0
124, -1, 0
126, -1, 0
133, -1, 0
118, -2, -1
123, -1, 0
126, -2, 0
125, -1, -1
125, -1, 0
124, -1, 0
125, -2, 0
126, -1, 0
125, -2, -1
125, -1, 0
125, -2, 0
125, -1, 0
125, -1, -1
125, -2, 0
125, -1, 0
124, -2, 0
126, -1, 0
125, -2, -1
125, -1, 0
124, -2, 0
126, -1, 0
125, -2, 0
125, -1, -1
124, -2, 0
125, -1, 0
126, -2, 0
126, -1, 0
125, -2, 0
124, -1, -1
134, -2, 0
125, -1, 0
124, -2, 0
117, -2, 0
126, -2, -1
124, -1, 0
126, -2, 0
124, -1, 0
124, -2, 0
125, -2, -1
125, -1, 0
126, -2, 0
125, -1, 0
124, -2, 0
126, -2, -1
125, -2, 0
124, -1, 0
125, -2, 0
125, -2, 0
125, -2, -1
125, -1, 0
125, -2, 0
125, -2, 0
125, -2, 0
127, -1, 0
124, -3, -1
125, -1, 0
125, -2, 0
124, -2, 0
127, -2, 0
123, -1, 0
126, -3, -1
124, -1, 0
125, -2, 0
126, -2, 0
125, -1, 0
124, -3, 0
125, -1, 0
125, -2, 0
125, -2, 0
125, -2, 0
126, -2, -1
124, -2, 0
126, -2, 0
125, -2, 0
124, -2, 0
126, -2, 0
124, -2, -1
125, -2, 0
125, -2, 0
134, -2, 0
118, -2, 0
124, -2, 0
125, -2, 0
125, -2, 0
125, -2, 0
124, -2, -1
126, -2, 0
124, -2, 0
125, -2, 0
125, -2, 0
126, -2, 0
125, -2, 0
125, -3, 0
125, -1, 0
124, -3, 0
125, -2, 0
125, -2, -1
125, -2, 0
125, -3, 0
125, -1, 0
126, -3, 0
125, -2, 0
125, -2, 0
124, -2, 0
125, -3, 0
125, -2, 0
126, -2, 0
125, -2, 0
124, -3, 0
126, -2, 0
125, -2, -1
125, -2, 0
125, -2, 0
124, -3, 0
125, -1, 0
126, -3, 0
124, -2, 0
126, -3, 0
124, -2, 0
125, -2, 0
125, -2, 0
126, -3, 0
125, -2, 0
125, -3, 0
125, -2, 0
124, -3, 0
125, -1, 0
125, -3, 0
125, -2, 0
125, -3, 0
125, -2, 0
126, -3, 0
125, -2, 0
125, -3, 0
125, -1, 0
124, -3, 0
125, -2, 0
125, -2, 0
126, -3, 0
124, -2, 0
125, -3, 0
125, -2, 0
126, -3, 0
125, -2, 0
125, -3, 0
125, -2, 0
124, -3, 0
125, -2, 0
125, -3, 0
125, -2, 0
125, -3, 0
126, -2, 0
125, -3, 0
124, -2, 0
126, -3, 0
125, -2, 0
125, -3, 0
125, -2, 0
137, -3, 0
136, -2, 0
105, -3, 0
122, -2, 0
125, -3, 0
126, -2, 0
130, -2, 0
119, -3, 0
124, -2, 0
125, -4, 0
139, -2, 0
124, -3, 0
154, -2, 0
109, -3, 0
122, -2, 0
213, -3, 0
60, -2, 0
112, -4, 1
109, -2, 0
126, -3, 0
126, -2, 0
122, -3, 0
127, -2, 0
121, -3, 0
124, -2, 0
124, -4, 0
127, -2, 1
125, -3, 0
134, -2, 0
120, -3, 0
123, -2, 0
125, -4, 0
123, -2, 0
132, -2, 0
125, -3, 0
120, -2, 0
122, -3, 1
126, -2, 0
124, -4, 0
124, -2, 0
130, -3, 0
131, -2, 0
119, -4, 0
127, -2, 1
124, -3, 0
119, -2, 0
127, -3, 0
122, -2, 0
125, -4, 0
126, -2, 0
134, -3, 0
121, -2, 1
128, -4, 0
123, -2, 0
120, -3, 0
141, -2, 0
113, -4, 0
126, -2, 0
122, -2, 0
124, -3, 1
128, -2, 0
120, -3, 0
133, -3, 0
123, -3, 0
126, -2, 1
122, -4, 0
121, -2, 0
125, -3, 0
131, -2, 0
126, -4, 0
120, -2, 0
129, -3, 1
125, -3, 0
122, -3, 0
124, -2, 0
127, -4, 0
135, -2, 1
118, -3, 0
120, -2, 0
128, -4, 0
132, -2, 1
126, -3, 0
121, -2, 0
122, -3, 0
133, -3, 0
116, -2, 1
122, -3, 0
132, -3, 0
122, -3, 0
129, -2, 1
129, -4, 0
116, -2, 0
119, -3, 0
131, -3, 0
121, -3, 1
132, -2, 0
121, -3, 0
130, -3, 0
120, -3, 1
127, -2, 0
124, -3, 0
119, -3, 0
126, -3, 0
133, -2, 1
122, -4, 0
122, -2, 0
131, -3, 0
136, -3, 1
112, -2, 0
129, -3, 0
125, -2, 0
122, -4, 1
130, -2, 0
121, -4, 0
126, -2, 0
121, -3, 1
126, -2, 0
123, -4, 0
121, -2, 0
134, -3, 0
123, -3, 1
125, -3, 0
130, -2, 0
117, -4, 1
124, -2, 0
128, -3, 0
119, -2, 0
134, -4, 1
122, -2, 0
125, -3, 0
130, -2, 1
127, -3, 0
117, -3, 0
132, -2, 0
120, -3, 1
125, -3, 0
173, -3, 0
80, -2, 0
124, -3, 1
131, -2, 0
155, -4, 0
86, -2, 1
120, -3, 0
120, -2, 0
128, -4, 0
178, -2, 1
72, -3, 0
123, -2, 0
149, -4, 0
123, -2, 1
119, -3, 0
130, -2, 0
115, -3, 1
116, -3, 0
129, -3, 0
120, -2, 1
131, -2, 0
119, -4, 0
123, -2, 0
134, -3, 1
128, -2, 0
130, -3, 0
120, -2, 0
114, -4, 1
126, -2, 0
123, -3, 0
137, -2, 1
165, -3, 0
77, -3, 0
124, -3, 1
121, -2, 0
125, -3, 0
170, -2, 0
125, -3, 1
125, -2, 0
125, -4, 0
125, -2, 0
126, -3, 1
81, -2, 0
123, -3, 1
125, -2, 0
125, -2, 0
171, -3, 0
124, -2, 1
128, -4, 0
92, -2, 0
127, -3, 1
127, -2, 0
112, -3, 0
122, -2, 1
126, -3, 0
170, -2, 0
127, -3, 0
132, -2, 1
97, -3, 0
121, -2, 0
100, -4, 0
125, -2, 1
127, -3, 0
124, -2, 0
137, -3, 0
129, -2, 1
125, -3, 0
109, -2, 0
124, -3, 1
140, -2, 0
110, -2, 0
125, -3, 0
125, -2, 1
128, -3, 0
122, -2, 0
125, -3, 0
126, -2, 1
125, -3, 0
124, -2, 0
140, -3, 0
128, -2, 1
124, -2, 0
128, -2, 0
121, -3, 1
124, -2, 0
110, -3, 0
125, -2, 0
125, -3, 1
128, -2, 0
122, -3, 0
142, -2, 0
108, -2, 1
127, -2, 0
123, -3, 0
125, -2, 1
127, -2, 0
124, -3, 0
124, -1, 0
125, -3, 1
128, -2, 0
135, -3, 0
113, -2, 0
124, -2, 1
127, -2, 0
123, -3, 0
135, -2, 0
116, -3, 1
127, -1, 0
122, -3, 0
125, -2, 0
125, -3, 1
127, -1, 0
124, -3, 1
126, -2, 0
123, -2, 0
138, -2, 0
113, -3, 0
125, -2, 1
126, -1, 0
123, -3, 0
125, -2, 1
127, -2, 0
123, -2, 0
125, -3, 0
126, -1, 1
139, -3, 0
111, -2, 0
124, -2, 1
126, -2, 0
124, -2, 0
136, -2, 0
134, -3, 1
116, -1, 0
162, -3, 0
123, -2, 0
125, -2, 1
129, -2, 0
120, -2, 0
82, -2, 0
124, -2, 1
126, -2, 0
123, -2, 0
167, -2, 0
126, -1, 0
124, -3, 1
127, -1, 0
127, -3, 0
122, -1, 0
81, -2, 1
125, -2, 0
127, -2, 0
121, -2, 0
172, -2, 1
95, -2, 0
123, -2, 0
124, -1, 0
126, -3, 0
111, -1, 1
129, -2, 0
123, -2, 0
124, -2, 0
124, -2, 1
144, -2, 0
121, -1, 0
123, -2, 0
125, -2, 0
112, -2, 1
128, -1, 0
121, -2, 0
126, -2, 0
125, -1, 1
140, -3, 0
123, -1, 0
126, -2, 0
124, -1, 0
127, -2, 1
111, -2, 0
124, -2, 0
125, -1, 0
124, -2, 0
126, -2, 1
139, -2, 0
125, -1, 0
112, -2, 0
124, -1, 1
137, -2, 0
116, -2, 0
121, -2, 0
125, -1, 0
126, -2, 1
126, -1, 0
124, -2, 0
125, -1, 0
124, -1, 0
125, -2, 0
140, -1, 1
112, -2, 0
123, -2, 0
125, -1, 0
125, -1, 0
127, -2, 1
125, -1, 0
123, -2, 0
125, -1, 0
125, -2, 0
140, -1, 0
111, -2, 1
126, -1, 0
123, -2, 0
127, -1, 0
123, -1, 0
125, -2, 0
127, -1, 0
217, -1, 1
69, -2, 0
142, -1, 0
132, -1, 0
97, -1, 0
153, -2, 0
82, -1, 1
113, -1, 0
121, -2, 0
125, -1, 0
126, -1, 0
138, -1, 0
127, -2, 1
112, -1, 0
123, -1, 0
124, -1, 0
124, -2, 0
125, -1, 0
125, -1, 0
125, -1, 0
126, -1, 1
128, -1, 0
136, -2, 0
111, -1, 0
126, -1, 0
123, -1, 0
128, -1, 1
173, -1, 0
124, -1, 0
98, -1, 0
122, -1, 0
119, -1, 0
112, -1, 0
124, -1, 0
126, -1, 1
126, -1, 0
137, -1, 0
126, -1, 0
128, -1, 0
108, -1, 0
125, -1, 0
138, -1, 0
112, -1, 0
126, -1, 1
125, -1, 0
124, -1, 0
126, -1, 0
123, -1, 0
126, -1, 0
125, -1, 0
249, -1, 0
156, -1, 0
108, -1, 0
123, -1, 1
256, -1, 0
165, -1, 0
98, -1, 0
151, -1, 0
250, -1, 0
90, -1, 0
161, -1, 0
89, 0, 1
105, -1, 0
123, -1, 0
251, -1, 0
138, -1, 0
125, -1, 0
235, -1, 0
184, -1, 0
210, -1, 1
233, -1, 0
273, -1, 0
162, -1, 0
246, -1, 0
250, -1, 0
250, -1, 0
250, -1, 0
90, 0, 1
123, -1, 0
286, -1, 0
250, -1, 0
377, -1, 0
248, -1, 0
377, -1, 0
219, -1, 0
282, 0, 1
249, -1, 0
500, -1, 0
503, -1, 0
497, -1, 0
751, -1, 0
1750, -1, 0
1127, 0, 1
1376, 1, 0
997, 1, 0
875, 1, 0
625, 1, 0
631, 1, 0
529, 1, 0
256, 0, 1
368, 1, 0
375, 1, 0
474, 1, 0
276, 1, 0
373, 1, 0
217, 0, 1
236, 1, 0
235, 1, 0
437, 1, 0
350, 1, 0
275, 1, 0
221, 1, 0
261, 0, 1
71, 1, 0
320, 1, 0
226, 1, 0
369, 1, 0
245, 1, 0
221, 1, 0
114, 0, 1
121, 1, 0
133, 1, 0
373, 1, 0
164, 1, 0
223, 1, 0
246, 1, 1
287, 1, 0
85, 1, 0
286, 1, 0
251, 1, 0
239, 1, 0
84, 1, 0
292, 1, 1
84, 1, 0
252, 1, 0
246, 1, 0
125, 1, 0
302, 1, 1
78, 1, 0
133, 1, 0
279, 1, 0
85, 1, 0
290, 1, 0
94, 1, 1
283, 1, 0
82, 1, 0
150, 1, 0
264, 1, 0
86, 1, 0
155, 1, 0
263, 1, 1
84, 1, 0
132, 1, 0
128, 1, 0
126, 1, 0
246, 1, 0
136, 1, 0
116, 1, 1
240, 1, 0
123, 1, 0
125, 1, 0
169, 1, 0
84, 1, 0
133, 1, 0
118, 1, 0
249, 1, 1
123, 1, 0
121, 1, 0
129, 1, 0
121, 1, 0
129, 1, 0
122, 1, 0
124, 1, 1
251, 2, 0
249, 1, 0
125, 1, 0
125, 1, 0
126, 1, 0
124, 1, 0
173, 1, 0
107, 1, 1
145, 1, 0
113, 1, 0
110, 1, 0
125, 1, 0
129, 1, 0
112, 1, 0
125, 1, 1
124, 2, 0
250, 2, 0
250, 1, 0
125, 2, 0
252, 2, 1
125, 1, 0
124, 1, 0
124, 1, 0
124, 1, 0
126, 1, 0
125, 1, 0
125, 1, 0
125, 2, 1
252, 2, 0
126, 1, 0
122, 1, 0
125, 1, 0
127, 1, 1
124, 1, 0
124, 2, 0
125, 1, 0
126, 1, 0
125, 1, 0
125, 2, 0
128, 0, 1
121, 1, 0
126, 2, 0
124, 1, 0
126, 1, 0
124, 1, 0
125, 2, 0
127, 1, 1
123, 1, 0
125, 1, 0
127, 2, 0
123, 1, 0
124, 1, 0
126, 1, 0
127, 2, 1
124, 1, 0
150, 1, 0
102, 1, 0
123, 2, 0
125, 1, 0
127, 1, 0
121, 1, 1
128, 2, 0
123, 1, 0
125, 2, 0
125, 1, 0
125, 1, 0
126, 1, 1
124, 1, 0
126, 2, 0
125, 1, 0
126, 2, 0
124, 1, 0
124, 1, 0
126, 1, 1
125, 2, 0
124, 1, 0
125, 2, 0
124, 1, 0
126, 2, 0
253, 2, 1
122, 1, 0
128, 2, 0
135, 1, 0
123, 2, 0
124, 1, 0
127, 2, 1
115, 1, 0
124, 1, 0
124, 1, 0
125, 2, 0
127, 1, 0
124, 2, 0
124, 1, 1
125, 2, 0
125, 1, 0
127, 2, 0
123, 1, 0
125, 1, 0
126, 2, 1
124, 1, 0
127, 2, 0
124, 1, 0
124, 2, 0
125, 2, 0
125, 1, 0
125, 2, 1
126, 1, 0
124, 1, 0
137, 2, 0
123, 1, 0
125, 2, 0
127, 2, 0
125, 1, 1
115, 2, 0
123, 1, 0
125, 2, 0
125, 1, 0
125, 2, 0
126, 1, 0
125, 2, 1
125, 1, 0
126, 2, 0
124, 1, 0
124, 2, 0
125, 2, 1
125, 1, 0
124, 2, 0
126, 2, 0
126, 1, 0
124, 2, 0
125, 1, 0
126, 2, 1
126, 1, 0
125, 2, 0
145, 2, 0
106, 1, 0
122, 2, 0
126, 1, 1
126, 2, 0
123, 1, 0
125, 2, 0
125, 2, 0
127, 2, 0
122, 1, 0
128, 2, 1
123, 1, 0
125, 2, 0
125, 2, 0
125, 2, 0
125, 1, 1
125, 2, 0
125, 1, 0
125, 2, 0
127, 2, 0
123, 2, 0
125, 1, 0
125, 2, 0
125, 1, 0
126, 2, 1
124, 1, 0
125, 2, 0
128, 2, 0
134, 1, 0
128, 2, 0
121, 2, 0
124, 2, 1
117, 1, 0
123, 2, 0
124, 1, 0
126, 3, 0
126, 1, 0
124, 2, 0
126, 1, 1
124, 2, 0
127, 2, 0
123, 2, 0
126, 1, 0
123, 2, 0
126, 1, 0
126, 2, 1
125, 2, 0
124, 2, 0
125, 1, 0
125, 2, 0
127, 2, 0
122, 1, 0
127, 2, 1
126, 2, 0
127, 2, 0
121, 1, 0
125, 2, 0
125, 1, 0
125, 2, 0
124, 2, 0
127, 2, 1
126, 1, 0
123, 2, 0
124, 2, 0
126, 2, 0
125, 1, 0
125, 2, 0
124, 2, 0
125, 2, 0
127, 1, 0
124, 2, 1
127, 2, 0
123, 2, 0
125, 1, 0
125, 2, 0
124, 2, 0
127, 1, 0
124, 2, 0
125, 2, 1
125, 1, 0
145, 2, 0
107, 2, 0
126, 2, 0
122, 2, 0
126, 1, 0
123, 2, 0
127, 2, 1
124, 2, 0
125, 1, 0
126, 2, 0
124, 1, 0
125, 3, 0
127, 1, 0
122, 2, 0
127, 1, 0
125, 2, 0
123, 2, 0
127, 2, 1
124, 1, 0
125, 2, 0
125, 2, 0
125, 2, 0
124, 1, 0
128, 1, 0
124, 2, 0
124, 2, 0
125, 2, 0
120, 1, 0
104, 2, 1
125, 2, 0
125, 2, 0
124, 1, 0
142, 2, 0
125, 2, 0
108, 2, 0
124, 1, 0
125, 2, 0
125, 1, 0
126, 3, 0
124, 1, 0
125, 2, 0
125, 1, 0
125, 2, 0
125, 2, 1
125, 2, 0
125, 1, 0
125, 2, 0
126, 2, 0
124, 1, 0
125, 2, 0
126, 1, 0
124, 2, 0
126, 2, 0
123, 2, 0
141, 1, 0
114, 2, 0
118, 1, 0
125, 3, 0
125, 1, 0
125, 2, 1
134, 1, 0
125, 2, 0
125, 2, 0
115, 2, 0
125, 1, 0
126, 2, 0
124, 2, 0
126, 2, 0
134, 1, 0
122, 2, 0
128, 1, 0
125, 2, 0
115, 2, 0
126, 1, 0
124, 2, 0
125, 1, 0
125, 2, 0
125, 2, 0
125, 2, 0
125, 1, 0
125, 2, 0
126, 1, 0
125, 2, 1
124, 1, 0
125, 2, 0
125, 2, 0
126, 1, 0
124, 2, 0
125, 2, 0
125, 1, 0
126, 2, 0
124, 1, 0
125, 2, 0
125, 1, 0
125, 2, 0
125, 2, 0
125, 1, 0
125, 2, 0
126, 1, 0
124, 2, 0
125, 1, 0
125, 2, 0
128, 1, 0
123, 2, 0
124, 1, 0
125, 2, 0
125, 1, 0
126, 2, 0
125, 2, 0
125, 1, 0
125, 2, 0
125, 1, 0
124, 2, 0
125, 1, 0
125, 2, 0
125, 1, 0
125, 2, 0
125, 1, 0
126, 2, 0
125, 1, 0
124, 2, 0
125, 1, 0
125, 1, 0
125, 2, 0
125, 1, 0
125, 2, 0
125, 1, 0
125, 2, 0
125, 1, 0
125, 1, 0
125, 2, 0
126, 1, 0
125, 2, 0
124, 1, 0
125, 2, 0
125, 1, 0
125, 2, 0
125, 1, 0
144, 2, 0
124, 1, 0
121, 1, 0
129, 1, 0
123, 2, 0
131, 1, 0
129, 2, 0
116, 1, 0
124, 2, 0
125, 1, 0
126, 1, 0
126, 2, 0
124, 1, 0
124, 1, 0
130, 1, 0
121, 2, 0
125, 1, 0
124, 2, 0
125, 1, 0
126, 1, 0
124, 1, 0
126, 2, 0
141, 1, 0
116, 1, -1
117, 2, 0
125, 1, 0
125, 1, 0
126, 2, 0
125, 1, 0
124, 1, 0
131, 1, 0
121, 2, 0
124, 1, 0
124, 1, 0
125, 1, 0
125, 2, 0
127, 1, 0
123, 1, 0
131, 1, 0
120, 1, 0
124, 2, 0
126, 1, 0
124, 1, 0
125, 1, -1
138, 1, 0
114, 1, 0
131, 2, 0
119, 1, 0
124, 1, 0
134, 1, 0
120, 1, 0
123, 1, 0
141, 2, 0
119, 1, 0
135, 1, 0
121, 1, 0
122, 1, 0
129, 1, 0
115, 2, 0
250, 2, 0
116, 1, 0
261, 2, -1
112, 1, 0
140, 1, 0
111, 1, 0
138, 1, 0
122, 1, 0
127, 1, 0
137, 1, 0
121, 1, 0
114, 1, 0
125, 1, 0
125, 1, 0
124, 1, 0
133, 1, 0
118, 1, 0
137, 1, 0
129, 1, 0
112, 1, 0
122, 1, 0
125, 1, -1
125, 1, 0
125, 1, 0
125, 1, 0
125, 1, 0
139, 1, 0
111, 1, 0
125, 1, 0
126, 1, 0
249, 2, 0
249, 1, 0
140, 1, 0
114, 1, 0
123, 1, 0
123, 1, 0
126, 1, 0
127, 1, 0
274, 1, -1
112, 1, 0
128, 1, 0
109, 1, 0
125, 1, 0
249, 1, 0
126, 1, 0
126, 1, 0
255, 1, 0
119, 1, 0
125, 1, 0
124, 1, 0
250, 1, 0
127, 1, 0
261, 1, 0
114, 1, 0
249, 1, -1
126, 1, 0
124, 1, 0
249, 1, 0
137, 1, 0
139, 1, 0
230, 1, 0
113, 1, 0
261, 1, 0
248, 1, 0
140, 1, 0
237, 1, 0
246, 1, 0
132, 1, 0
242, 1, -1
257, 1, 0
246, 1, 0
247, 1, 0
250, 1, 0
267, 1, 0
240, 1, 0
250, 1, 0
247, 1, 0
377, 1, 0
248, 1, -1
376, 1, 0
261, 1, 0
236, 1, 0
376, 1, 0
372, 1, 0
379, 1, 0
505, 1, 0
111, 0, -1
387, 1, 0
372, 1, 0
753, 1, 0
624, 1, 0
753, 1, 0
1372, 0, -1
5186, -1, 0
997, -1, 0
762, -1, 0
616, -1, 0
622, -1, 0
630, -1, 0
325, -1, 0
668, -1, 0
474, -1, 0
398, -1, 0
364, -1, 0
479, -1, 0
369, -1, 0
383, -1, 0
108, 0, -1
258, -1, 0
251, -1, 0
380, -1, 0
369, -1, 0
238, -1, 0
394, -1, 0
233, -1, 0
384, -1, 0
387, -1, 0
235, -1, 0
257, -1, 0
263, -1, 0
245, -1, 0
244, -1, 0
229, -1, 0
266, -1, 0
246, -1, 0
238, -1, 0
268, -1, 0
236, -1, 0
268, -1, 0
249, -1, 0
115, -1, 0
258, -1, 0
241, -1, 0
255, -1, 0
254, -1, 0
256, -1, 0
116, -1, 0
252, -1, 0
124, -1, 0
249, -1, 0
250, -1, 0
122, -1, 0
124, 0, -1
126, -1, 0
124, -1, 0
260, -1, 0
118, -1, 0
254, -1, 0
229, -1, 0
144, -1, 0
125, -1, 0
252, -1, 0
119, -1, 0
253, -1, 0
123, -1, 0
123, -1, 0
264, -1, 0
115, -1, 0
251, -1, 0
115, -1, 0
134, -1, 0
124, -1, 0
248, -1, 0
240, -2, 0
264, -1, 0
122, -1, 0
133, -1, 0
269, -1, 0
102, -1, 0
124, -1, 0
239, -1, 0
124, -1, 0
111, -1, 0
147, -1, 0
101, -1, 0
273, -1, 0
103, -1, 0
141, -1, 0
109, -1, 0
141, -1, 0
243, -1, 0
128, -1, 0
123, -1, 0
131, -1, 0
242, -2, 0
249, -1, 0
150, -1, 0
121, -1, 0
129, -1, 0
124, -1, 0
115, -1, 0
135, -1, 0
228, -2, 0
249, -1, 0
141, -1, 0
108, -1, 0
125, -1, 0
146, -1, 0
109, -1, 0
120, -1, 0
126, -1, 0
124, -1, 0
139, -1, 0
236, -2, 0
249, -1, 0
129, -1, 0
122, -1, 0
124, -1, 0
138, -2, 0
298, -1, 0
79, -1, 1
132, -1, 0
156, -1, 0
94, -1, 0
118, -1, 0
129, -1, 0
119, -1, 0
114, -1, 0
124, -1, 0
126, -2, 0
308, -1, 0
81, -1, 0
131, -1, 0
124, -1, 0
129, -1, 0
107, -2, 0
245, -2, 0
152, -1, 0
107, -1, 0
128, -1, 0
119, -1, 0
118, -1, 0
155, -1, 0
105, -1, 0
115, -1, 0
127, -1, 0
123, -2, 0
126, -1, 1
139, -1, 0
112, -1, 0
123, -1, 0
125, -1, 0
125, -1, 0
125, -1, 0
128, -1, 0
122, -1, 0
140, -2, 0
111, -1, 0
124, -1, 0
125, -1, 0
126, -1, 0
123, -1, 0
125, -1, 0
126, -2, 0
138, -1, 0
115, -1, 1
122, -1, 0
125, -1, 0
125, -1, 0
132, -2, 0
255, -2, 0
140, -1, 0
123, -1, 0
113, -1, 0
141, -2, 0
115, -1, 0
233, -2, 0
123, -1, 0
136, -1, 0
120, -1, 1
119, -2, 0
125, -1, 0
124, -1, 0
128, -1, 0
124, -1, 0
124, -1, 0
126, -2, 0
139, -1, 0
111, -1, 0
124, -1, 0
126, -2, 0
123, -1, 0
126, -1, 0
127, -1, 1
131, -2, 0
127, -1, 0
119, -1, 0
125, -1, 0
127, -2, 0
121, -1, 0
122, -1, 0
125, -1, 0
125, -1, 0
142, -1, 1
124, -1, 0
111, -2, 0
124, -1, 0
126, -1, 0
124, -1, 0
126, -2, 0
123, -1, 0
127, -1, 0
138, -1, 0
114, -2, 0
123, -1, 0
124, -1, 1
125, -1, 0
124, -2, 0
126, -1, 0
126, -1, 0
164, -1, 0
91, -2, 0
110, -1, 0
146, -1, 0
122, -2, 0
127, -1, 0
122, -1, 0
127, -1, 1
134, -2, 0
232, -2, 0
124, -1, 0
125, -2, 0
125, -1, 0
126, -1, 0
116, -1, 1
150, -2, 0
124, -1, 0
111, -1, 0
125, -1, 0
123, -2, 0
124, -1, 0
126, -2, 0
124, -1, 0
145, -1, 0
120, -1, 0
113, -2, 0
130, -1, 1
137, -1, 0
123, -1, 0
129, -2, 0
98, -1, 0
145, -1, 0
113, -2, 0
136, -1, 0
115, -1, 1
122, -1, 0
125, -2, 0
126, -1, 0
124, -1, 0
125, -2, 0
140, -1, 0
110, -1, 0
127, -2, 1
123, -1, 0
126, -1, 0
124, -2, 0
124, -1, 0
126, -1, 0
136, -2, 0
115, -1, 0
138, -2, 1
126, -1, 0
124, -1, 0
126, -1, 0
124, -1, 0
126, -2, 0
124, -1, 0
125, -2, 0
153, -1, 1
102, -1, 0
122, -1, 0
133, -2, 0
117, -1, 0
125, -2, 0
118, -1, 1
122, -2, 0
127, -1, 0
128, -1, 0
122, -1, 0
118, -2, 0
130, -1, 0
126, -2, 1
119, -1, 0
122, -1, 0
133, -2, 0
119, -1, 0
123, -1, 0
124, -2, 0
132, -1, 1
140, -1, 0
110, -2, 0
120, -1, 0
124, -1, 0
125, -2, 0
125, -1, 0
125, -1, 0
125, -2, 1
133, -1, 0
117, -2, 0
126, -1, 0
125, -1, 0
125, -1, 0
125, -2, 0
125, -1, 1
124, -2, 0
132, -1, 0
118, -2, 0
125, -1, 0
124, -1, 0
129, -1, 1
122, -2, 0
126, -1, 0
123, -2, 0
134, -1, 0
118, -1, 0
123, -1, 0
130, -2, 1
135, -1, 0
124, -1, 0
122, -2, 0
125, -1, 0
124, -2, 0
119, -1, 0
126, -1, 1
124, -1, 0
126, -2, 0
130, -1, 0
120, -2, 0
124, -1, 1
130, -1, 0
128, -1, 0
119, -2, 0
124, -1, 0
124, -2, 0
126, -1, 0
125, -2, 1
126, -1, 0
123, -1, 0
132, -2, 0
118, -1, 0
126, -1, 1
138, -1, 0
103, -2, 0
128, -1, 0
120, -2, 0
127, -1, 0
122, -2, 0
196, -1, 1
89, -1, 0
156, -1, 0
84, -2, 0
165, -1, 0
84, -2, 1
106, -1, 0
144, -1, 0
106, -1, 0
123, -2, 0
122, -1, 0
192, -2, 1
63, -1, 0
185, -1, 0
84, -2, 0
166, -1, 0
83, -1, 0
169, -1, 0
83, -2, 0
106, -1, 1
120, -2, 0
126, -1, 0
134, -1, 0
184, -2, 0
89, -1, 1
162, -1, 0
89, -2, 0
160, -1, 0
89, -2, 0
93, -1, 0
129, -1, 1
120, -1, 0
124, -2, 0
191, -1, 0
82, -2, 0
169, -1, 1
98, -2, 0
154, -1, 0
88, -1, 0
98, -1, 0
125, -1, 0
122, -2, 1
124, -1, 0
125, -2, 0
195, -1, 0
88, -2, 0
156, -1, 0
77, -1, 0
130, -1, 1
115, -2, 0
114, -1, 0
196, -1, 0
89, -2, 0
94, -1, 1
121, -1, 0
195, -2, 0
59, -1, 0
189, -2, 0
83, -1, 0
164, -1, 1
65, -1, 0
123, -2, 0
187, -1, 0
81, -2, 0
168, -1, 0
83, -1, 1
106, -1, 0
186, -1, 0
83, -2, 0
168, -1, 0
65, -2, 1
148, -1, 0
168, -1, 0
58, -1, 0
143, -2, 0
124, -1, 0
134, -2, 1
139, -1, 0
156, -1, 0
71, -1, 0
130, -2, 0
120, -1, 1
125, -2, 0
125, -1, 0
121, -1, 0
117, -1, 1
126, -2, 0
111, -1, 0
119, -1, 0
126, -2, 0
125, -1, 0
124, -1, 0
124, -1, 1
124, -2, 0
125, -1, 0
126, -1, 0
125, -1, 0
135, -2, 1
115, -1, 0
125, -1, 0
125, -1, 0
125, -2, 0
124, -1, 0
136, -2, 1
125, -1, 0
124, -1, 0
117, -1, 0
135, -2, 0
115, -1, 1
125, -1, 0
133, -1, 0
115, -2, 0
125, -1, 0
125, -2, 0
125, -1, 0
127, -1, 1
122, -1, 0
127, -1, 0
125, -2, 0
248, -2, 1
126, -1, 0
135, -1, 0
116, -1, 0
134, -2, 0
116, -1, 1
124, -1, 0
124, -1, 0
127, -2, 0
124, -1, 0
153, -1, 0
119, -1, 1
131, -2, 0
115, -1, 0
108, -1, 0
134, -1, 0
126, -2, 0
115, -1, 0
124, -1, 1
136, -1, 0
124, -1, 0
116, -2, 0
248, -2, 1
127, -1, 0
124, -1, 0
125, -1, 0
126, -2, 0
125, -1, 1
125, -1, 0
125, -1, 0
125, -1, 0
124, -1, 0
126, -2, 1
124, -1, 0
125, -1, 0
126, -1, 0
124, -1, 0
125, -1, 0
125, -2, 0
125, -1, 1
125, -1, 0
125, -1, 0
125, -1, 0
126, -1, 0
125, -2, 0
125, -1, 1
124, -1, 0
125, -1, 0
125, -1, 0
125, -1, 0
125, -1, 1
125, -1, 0
126, -1, 0
125, -2, 0
125, -1, 0
124, -1, 1
125, -1, 0
125, -1, 0
125, -1, 0
125, -1, 0
125, -1, 0
125, -1, 1
124, -1, 0
123, -2, 0
250, -2, 0
126, -1, 0
125, -1, 1
124, -1, 0
126, -1, 0
125, -1, 0
126, -1, 0
125, -1, 0
124, -1, 1
125, -1, 0
124, -1, 0
126, -1, 0
125, -1, 0
124, -1, 0
126, -1, 1
124, -1, 0
126, -1, 0
125, -1, 0
126, -1, 0
125, -1, 0
123, -1, 1
126, -1, 0
124, -1, 0
126, -1, 0
139, -1, 0
125, -1, 0
125, -1, 1
113, -1, 0
122, -1, 0
140, -1, 0
111, -1, 0
125, -1, 0
125, -1, 1
125, -1, 0
125, -1, 0
125, -1, 0
126, -1, 0
248, -1, 0
127, -1, 0
123, -1, 1
126, -1, 0
125, -1, 0
125, -1, 0
126, -1, 0
123, -1, 0
127, -1, 1
125, -1, 0
249, -1, 0
127, -1, 0
124, -1, 0
125, -1, 0
125, -1, 1
124, -1, 0
250, -1, 0
134, -1, 0
117, -1, 0
123, -1, 0
250, -1, 0
126, -1, 1
126, -1, 0
125, -1, 0
123, -1, 0
250, -1, 0
127, -1, 0
125, -1, 1
248, -1, 0
129, -1, 0
123, -1, 0
250, -1, 1
125, -1, 0
125, -1, 0
249, -1, 0
125, -1, 0
125, -1, 0
250, -1, 1
251, -1, 0
124, -1, 0
125, -1, 0
250, -1, 0
125, -1, 0
125, 0, 1
125, -1, 0
250, -1, 0
126, -1, 0
249, -1, 0
125, -1, 0
250, -1, 0
250, -1, 1
251, -1, 0
125, -1, 0
249, -1, 0
250, -1, 0
250, -1, 0
250, -1, 1
249, -1, 0
251, -1, 0
251, -1, 0
249, -1, 0
250, -1, 1
250, -1, 0
250, -1, 0
376, -1, 0
389, -1, 0
362, -1, 0
124, 0, 1
125, -1, 0
388, -1, 0
388, -1, 0
488, -1, 0
236, -1, 0
514, -1, 0
486, 0, 1
250, -1, 0
639, -1, 0
876, -1, 0
5392, 1, 0
920, 1, 0
592, 1, 0
653, 1, 0
494, 1, 0
513, 1, 0
372, 1, 0
348, 1, 0
503, 1, 0
250, 1, 0
362, 1, 0
377, 1, 0
372, 1, 0
266, 1, 0
248, 1, 0
246, 1, 0
257, 1, -1
360, 1, 0
103, 1, 0
244, 1, 0
377, 1, 0
125, 1, 0
246, 1, 0
375, 1, 0
131, 1, 0
246, 1, 0
248, 1, 0
131, 1, 0
126, 0, -1
124, 1, 0
250, 1, 0
125, 1, 0
124, 1, 0
246, 1, 0
249, 1, 0
126, 1, 0
135, 1, 0
262, 1, 0
229, 1, 0
126, 1, 0
248, 1, 0
135, 1, -1
118, 1, 0
125, 1, 0
248, 1, 0
125, 1, 0
254, 1, 0
134, 1, 0
115, 1, 0
123, 1, 0
124, 1, 0
252, 1, 0
123, 1, 0
125, 1, 0
135, 1, -1
117, 1, 0
248, 2, 0
251, 1, 0
124, 1, 0
125, 1, 0
133, 1, 0
119, 1, 0
123, 1, 0
249, 1, 0
126, 1, 0
126, 1, 0
124, 1, 0
125, 1, 0
138, 1, -1
117, 1, 0
123, 1, 0
125, 1, 0
125, 1, 0
123, 1, 0
124, 1, 0
141, 1, 0
121, 1, 0
116, 1, 0
123, 1, 0
126, 1, 0
125, 1, 0
125, 1, -1
125, 1, 0
124, 1, 0
136, 1, 0
118, 1, 0
122, 1, 0
125, 1, 0
126, 2, 0
124, 1, 0
124, 1, 0
126, 1, 0
135, 1, 0
116, 1, 0
124, 1, -1
111, 1, 0
124, 1, 0
125, 1, 0
125, 2, 0
125, 1, 0
125, 1, 0
125, 1, 0
125, 2, 0
250, 1, 0
125, 2, -1
125, 1, 0
125, 1, 0
125, 1, 0
126, 2, 0
124, 1, 0
125, 1, 0
125, 1, 0
125, 2, -1
125, 1, 0
125, 1, 0
125, 1, 0
125, 2, 0
125, 1, 0
125, 1, 0
125, 1, 0
126, 2, 0
125, 1, 0
124, 1, 0
125, 1, -1
125, 2, 0
126, 1, 0
124, 1, 0
125, 1, 0
125, 2, 0
126, 1, 0
124, 1, 0
126, 2, 0
124, 1, 0
126, 1, 0
124, 2, -1
125, 1, 0
125, 1, 0
125, 2, 0
126, 1, 0
124, 2, 0
125, 1, 0
126, 2, 0
124, 1, 0
125, 1, -1
125, 1, 0
125, 2, 0
125, 1, 0
126, 2, 0
125, 1, 0
125, 1, 0
125, 2, -1
125, 1, 0
124, 2, 0
125, 1, 0
125, 2, 0
125, 1, 0
126, 2, 0
125, 1, -1
125, 2, 0
124, 1, 0
125, 2, 0
125, 1, 0
125, 2, 0
125, 1, 0
125, 2, 0
126, 1, -1
124, 2, 0
125, 1, 0
125, 2, 0
126, 1, 0
124, 2, 0
125, 1, 0
125, 2, -1
126, 2, 0
125, 1, 0
124, 2, 0
125, 1, 0
125, 2, 0
125, 1, 0
125, 2, 0
125, 1, -1
125, 2, 0
126, 2, 0
124, 2, 0
125, 1, 0
125, 2, 0
125, 1, 0
125, 2, -1
125, 1, 0
125, 2, 0
125, 2, 0
125, 2, 0
125, 1, 0
125, 2, 0
125, 1, -1
125, 2, 0
125, 2, 0
125, 1, 0
126, 2, 0
124, 1, 0
126, 2, 0
125, 2, 0
124, 2, 0
125, 1, -1
125, 2, 0
125, 2, 0
125, 2, 0
125, 1, 0
125, 3, 0
126, 1, -1
124, 2, 0
125, 1, 0
125, 2, 0
125, 2, 0
125, 2, 0
125, 1, 0
125, 2, 0
125, 2, -1
125, 2, 0
125, 1, 0
125, 2, 0
125, 2, 0
125, 1, 0
126, 3, -1
124, 1, 0
125, 2, 0
125, 1, 0
133, 2, 0
121, 2, 0
122, 2, -1
125, 2, 0
125, 2, 0
124, 1, 0
125, 2, 0
125, 2, 0
125, 2, 0
126, 1, -1
124, 3, 0
125, 1, 0
126, 2, 0
124, 2, 0
125, 2, 0
125, 2, 0
125, 1, 0
125, 2, -1
125, 2, 0
125, 2, 0
128, 2, 0
122, 2, 0
125, 1, 0
125, 3, -1
125, 1, 0
125, 3, 0
126, 1, 0
125, 2, 0
124, 2, 0
126, 2, 0
124, 2, -1
125, 2, 0
125, 1, 0
125, 3, 0
125, 1, 0
125, 2, 0
125, 2, 0
126, 2, -1
124, 2, 0
125, 2, 0
125, 2, 0
125, 1, 0
125, 3, 0
125, 1, 0
126, 3, -1
125, 1, 0
124, 3, 0
125, 1, 0
125, 3, 0
125, 1, 0
125, 2, -1
125, 2, 0
125, 2, 0
125, 2, 0
126, 2, 0
124, 2, 0
125, 2, -1
126, 2, 0
124, 2, 0
125, 2, 0
125, 2, 0
125, 2, 0
126, 3, 0
124, 1, -1
125, 3, 0
125, 1, 0
125, 2, 0
125, 2, 0
125, 2, 0
125, 2, -1
125, 2, 0
125, 2, 0
125, 2, 0
125, 3, 0
125, 1, 0
125, 3, -1
125, 1, 0
125, 3, 0
125, 1, 0
125, 3, 0
126, 1, 0
124, 3, 0
126, 2, -1
125, 2, 0
125, 2, 0
124, 2, 0
126, 2, 0
124, 2, 0
126, 2, 0
126, 2, -1
143, 2, 0
151, 2, 0
123, 3, 0
137, 1, 0
95, 3, 0
144, 1, -1
108, 3, 0
118, 1, 0
121, 3, 0
119, 2, 0
137, 2, -1
115, 2, 0
126, 2, 0
127, 2, 0
127, 3, 0
125, 1, 0
123, 3, 0
121, 1, 0
126, 3, -1
127, 2, 0
120, 2, 0
125, 2, 0
137, 2, 0
128, 2, 0
114, 2, -1
122, 2, 0
124, 2, 0
123, 2, 0
125, 2, 0
128, 3, 0
129, 1, -1
124, 3, 0
125, 1, 0
136, 3, 0
111, 2, 0
124, 2, 0
123, 2, -1
126, 2, 0
126, 2, 0
128, 2, 0
120, 2, 0
141, 3, 0
112, 1, 0
137, 3, -1
114, 1, 0
121, 3, 0
125, 2, 0
127, 1, 0
125, 3, 0
125, 1, -1
124, 3, 0
126, 2, 0
123, 2, 0
125, 2, 0
126, 2, -1
129, 2, 0
121, 2, 0
124, 2, 0
126, 2, 0
124, 2, 0
128, 3, -1
122, 1, 0
125, 3, 0
131, 1, 0
122, 3, -1
128, 2, 0
124, 2, 0
122, 2, 0
124, 2, 0
124, 2, 0
128, 2, -1
134, 2, 0
125, 2, 0
124, 2, 0
123, 2, -1
119, 3, 0
130, 1, 0
118, 2, 0
124, 2, 0
126, 3, -1
127, 1, 0
126, 3, 0
122, 2, 0
128, 2, 0
121, 2, -1
128, 2, 0
122, 2, 0
125, 2, 0
129, 2, 0
122, 2, -1
124, 2, 0
132, 2, 0
118, 2, 0
128, 3, -1
126, 1, 0
121, 2, 0
129, 2, 0
124, 2, 0
123, 2, -1
125, 2, 0
125, 2, 0
124, 2, 0
126, 3, -1
124, 1, 0
129, 3, 0
123, 1, 0
137, 3, -1
114, 1, 0
125, 3, 0
122, 1, 0
126, 3, -1
124, 1, 0
130, 3, 0
122, 1, 0
124, 3, -1
124, 1, 0
129, 2, 0
121, 2, 0
125, 2, -1
125, 2, 0
128, 2, 0
123, 2, 0
125, 2, -1
138, 2, 0
113, 1, 0
127, 3, 0
122, 1, -1
125, 3, 0
128, 1, 0
123, 2, -1
124, 2, 0
124, 2, 0
125, 2, 0
127, 2, -1
126, 2, 0
122, 2, 0
126, 1, -1
126, 3, 0
124, 1, 0
137, 3, 0
116, 1, -1
122, 2, 0
126, 2, 0
123, 1, 0
126, 2, -1
130, 2, 0
140, 2, 0
110, 2, -1
131, 2, 0
117, 1, 0
126, 2, -1
123, 2, 0
133, 2, 0
124, 2, -1
122, 2, 0
128, 1, 0
119, 2, 0
125, 2, -1
122, 2, 0
125, 1, -1
127, 2, 0
126, 2, 0
129, 2, -1
126, 1, 0
122, 2, 0
122, 2, 0
125, 2, -1
124, 1, 0
124, 2, 0
128, 2, -1
126, 1, 0
129, 2, 0
121, 1, 0
123, 3, -1
127, 1, 0
123, 2, -1
123, 1, 0
127, 2, 0
128, 2, -1
119, 2, 0
129, 1, 0
122, 2, -1
122, 1, 0
127, 2, 0
133, 2, -1
118, 1, 0
132, 2, 0
121, 2, -1
124, 1, 0
123, 2, 0
124, 1, -1
131, 2, 0
120, 1, 0
129, 2, -1
127, 1, 0
119, 2, 0
128, 2, -1
125, 1, 0
124, 2, 0
123, 1, -1
124, 2, 0
130, 1, 0
127, 2, -1
131, 1, 0
114, 2, -1
124, 1, 0
125, 2, 0
125, 1, -1
125, 2, 0
126, 1, 0
126, 2, -1
124, 1, 0
125, 2, 0
124, 1, -1
125, 2, 0
125, 1, -1
125, 1, 0
126, 2, 0
129, 1, 0
121, 1, -1
124, 1, 0
125, 2, -1
126, 1, 0
124, 2, 0
125, 1, 0
125, 2, -1
129, 1, 0
122, 1, -1
124, 1, 0
125, 2, 0
129, 1, -1
125, 1, 0
127, 1, 0
124, 2, -1
127, 1, 0
128, 2, -1
241, 2, 0
124, 1, 0
125, 1, -1
125, 2, 0
127, 1, 0
126, 1, -1
128, 1, 0
124, 2, 0
127, 1, -1
123, 1, 0
120, 1, 0
125, 1, -1
125, 1, 0
126, 1, 0
127, 2, -1
122, 1, 0
128, 1, 0
121, 1, -1
127, 1, 0
123, 1, 0
131, 1, -1
121, 2, 0
251, 2, -1
123, 1, 0
249, 2, -1
253, 2, 0
253, 2, -1
265, 2, 0
113, 0, -1
125, 2, 0
248, 1, -1
124, 1, 0
122, 1, 0
133, 1, -1
119, 1, 0
122, 1, 0
124, 1, -1
125, 1, 0
125, 1, 0
125, 0, -1
139, 2, 0
248, 1, 0
120, 1, -1
125, 1, 0
124, 1, 0
250, 1, -1
125, 1, 0
125, 1, 0
126, 0, -1
124, 1, 0
124, 1, 0
127, 1, -1
247, 1, 0
127, 1, -1
124, 1, 0
250, 1, 0
126, 1, -1
124, 1, 0
252, 1, -1
248, 1, 0
125, 1, 0
129, 0, -1
123, 1, 0
263, 1, 0
131, 1, -1
267, 1, 0
127, 0, -1
116, 1, 0
257, 1, 0
130, 0, -1
112, 1, 0
258, 1, 0
130, 0, -1
113, 1, 0
215, 1, 0
168, 0, -1
116, 1, 0
216, 1, 0
168, 0, -1
247, 1, 0
358, 1, -1
247, 1, 0
249, 0, -1
259, 1, 0
242, 0, -1
249, 1, 0
403, 1, -1
492, 0, -1
100, 1, 0
650, 0, -1
247, 1, 0
368, 0, -1
637, 0, -1
741, 0, -1
873, 0, -1
1128, 0, -1
874, 0, -1
112, -1, 0
761, -1, 0
373, 0, -1
250, -1, 0
661, -1, 0
375, -1, -1
367, -1, 0
506, -1, 0
243, -1, 0
344, -1, -1
375, -1, 0
249, -1, 0
247, -1, 0
251, -1, 0
270, -1, 0
236, 0, -1
122, -1, 0
249, -1, 0
253, -1, 0
248, -1, 0
249, -1, 0
246, -1, 0
125, -1, 0
251, -1, 0
125, 0, -1
137, -1, 0
237, -1, 0
124, -1, 0
251, -1, 0
128, -1, 0
248, -1, 0
254, -1, 0
123, -1, 0
124, -1, 0
253, -1, 0
248, -1, 0
130, -1, 0
243, -1, 0
126, -1, -1
251, -1, 0
122, -1, 0
124, -1, 0
252, -1, 0
126, -1, 0
123, -1, 0
236, -1, 0
124, -1, 0
127, -1, 0
126, -1, 0
249, -1, 0
128, -1, 0
122, -1, 0
252, -1, 0
122, -1, 0
125, -1, 0
131, -1, 0
243, -2, 0
255, -1, 0
120, -1, 0
125, -1, 0
127, -1, 0
122, -1, 0
128, -1, 0
123, -1, 0
255, -1, 0
123, -1, 0
122, -1, 0
125, -1, 0
125, -1, 0
128, -1, 0
121, -1, 0
127, -1, 0
139, -1, 0
113, -1, 0
122, -1, 0
128, -1, 0
123, -1, 0
123, -1, 0
125, -1, 0
128, -1, 0
122, -1, 0
126, -1, 0
126, -1, 0
127, -1, 0
124, -1, 0
121, -1, 0
127, -1, 0
127, -1, 0
122, -1, 0
125, -1, 0
126, -1, 0
127, -1, 0
123, -1, 0
124, -1, 0
130, -1, 0
123, -2, 0
122, -1, 0
127, -1, 0
124, -1, 0
155, -1, 0
146, -1, 0
124, -1, 0
128, -1, 0
123, -1, 0
127, -1, 0
124, -2, 0
75, -1, 0
124, -1, 0
125, -1, 1
123, -1, 0
126, -1, 0
174, -1, 0
126, -2, 0
122, -1, 0
125, -1, 0
127, -1, 0
122, -2, 0
80, -1, 0
125, -1, 0
124, -1, 0
125, -1, 1
128, -1, 0
124, -1, 0
171, -2, 0
94, -1, 0
123, -1, 0
162, -1, 0
94, -2, 1
120, -1, 0
113, -1, 0
121, -1, 0
126, -2, 0
141, -1, 0
122, -1, 0
110, -1, 0
129, -2, 0
123, -1, 0
124, -1, 1
128, -1, 0
130, -2, 0
133, -1, 0
124, -2, 0
128, -1, 0
124, -1, 1
123, -1, 0
111, -2, 0
126, -1, 0
124, -1, 0
125, -2, 0
124, -1, 0
124, -1, 0
128, -1, 1
136, -2, 0
111, -1, 0
128, -2, 0
127, -1, 0
122, -2, 0
123, -1, 0
125, -1, 1
126, -2, 0
128, -1, 0
121, -1, 0
141, -2, 0
113, -1, 0
123, -2, 0
126, -1, 0
123, -2, 1
124, -1, 0
125, -1, 0
129, -2, 0
121, -1, 0
130, -1, 1
136, -2, 0
110, -1, 0
129, -1, 0
120, -2, 0
128, -1, 1
123, -2, 0
125, -1, 0
126, -2, 0
178, -1, 1
122, -2, 0
125, -1, 0
125, -2, 0
122, -1, 0
78, -2, 0
126, -1, 1
123, -2, 0
128, -1, 0
170, -2, 0
125, -1, 0
127, -2, 1
121, -1, 0
97, -1, 0
122, -2, 0
111, -1, 1
124, -2, 0
128, -1, 0
123, -2, 0
139, -1, 0
126, -2, 1
123, -2, 0
114, -1, 0
121, -2, 0
142, -1, 1
112, -2, 0
124, -2, 0
122, -1, 0
130, -2, 1
124, -1, 0
121, -2, 0
125, -1, 0
128, -2, 1
127, -1, 0
121, -2, 0
139, -2, 0
111, -1, 1
125, -2, 0
124, -1, 0
126, -2, 0
124, -1, 0
127, -2, 1
126, -1, 0
124, -2, 0
123, -2, 0
140, -2, 1
112, -1, 0
124, -2, 0
128, -1, 0
123, -2, 1
127, -1, 0
122, -2, 0
138, -2, 0
111, -2, 1
130, -1, 0
120, -2, 0
127, -1, 0
126, -2, 1
124, -2, 0
126, -1, 0
123, -2, 1
124, -1, 0
140, -2, 0
111, -2, 1
125, -2, 0
124, -1, 0
126, -2, 0
128, -1, 1
122, -2, 0
124, -2, 0
127, -2, 1
124, -1, 0
126, -2, 0
123, -1, 0
125, -3, 0
128, -1, 1
123, -2, 0
124, -1, 0
142, -2, 1
115, -2, 0
171, -2, 0
124, -1, 1
125, -2, 0
126, -2, 0
124, -1, 0
77, -2, 1
122, -2, 0
125, -2, 0
125, -1, 1
171, -2, 0
126, -1, 0
125, -3, 0
129, -1, 1
120, -2, 0
126, -2, 0
79, -2, 1
125, -1, 0
124, -2, 0
126, -2, 1
178, -2, 0
122, -1, 0
121, -2, 0
95, -2, 1
124, -2, 0
124, -1, 0
114, -2, 1
121, -2, 0
125, -1, 0
127, -2, 1
146, -2, 0
103, -2, 0
124, -1, 0
126, -2, 1
124, -2, 0
124, -2, 0
126, -1, 1
126, -2, 0
125, -2, 0
126, -2, 1
137, -1, 0
112, -2, 0
127, -2, 1
121, -2, 0
127, -1, 0
125, -2, 1
124, -2, 0
126, -2, 0
123, -1, 0
127, -2, 0
141, -2, 1
107, -1, 0
132, -3, 1
132, -1, 0
114, -2, 0
124, -2, 0
126, -2, 1
123, -1, 0
126, -2, 0
124, -2, 1
129, -2, 0
121, -1, 0
126, -2, 1
139, -2, 0
111, -2, 0
125, -1, 1
124, -3, 0
124, -1, 0
128, -2, 1
124, -1, 0
125, -3, 0
123, -1, 1
126, -1, 0
140, -3, 0
111, -1, 0
124, -2, 1
127, -2, 0
122, -2, 0
128, -1, 1
123, -2, 0
125, -2, 0
181, -2, 1
124, -1, 0
120, -2, 0
127, -2, 1
119, -2, 0
88, -1, 0
117, -3, 1
190, -1, 0
122, -2, 0
112, -2, 1
130, -2, 0
125, -1, 0
122, -2, 0
77, -2, 1
130, -2, 0
153, -1, 0
88, -2, 1
125, -2, 0
127, -1, 0
121, -3, 1
139, -1, 0
124, -2, 0
121, -2, 1
127, -2, 0
118, -1, 0
138, -2, 1
118, -2, 0
150, -2, 0
98, -1, 1
153, -2, 0
96, -2, 0
154, -2, 1
93, -1, 0
124, -2, 0
126, -2, 1
122, -2, 0
159, -1, 0
96, -2, 1
154, -2, 0
97, -1, 0
161, -2, 1
98, -2, 0
111, -2, 0
124, -1, 1
129, -2, 0
121, -2, 0
160, -2, 1
97, -1, 0
131, -2, 0
126, -1, 1
111, -3, 0
126, -1, 0
137, -2, 1
116, -2, 0
121, -2, 0
126, -1, 1
125, -2, 0
125, -1, 0
126, -2, 1
125, -2, 0
124, -2, 0
126, -1, 0
124, -2, 1
124, -1, 0
125, -2, 0
126, -2, 1
126, -1, 0
124, -2, 0
124, -1, 0
126, -3, 1
127, -1, 0
123, -2, 1
125, -1, 0
124, -2, 0
127, -2, 0
125, -2, 1
125, -1, 0
123, -2, 0
128, -1, 1
123, -2, 0
132, -1, 0
123, -2, 1
126, -2, 0
123, -2, 0
124, -1, 0
122, -2, 1
126, -1, 0
125, -2, 0
123, -2, 1
126, -1, 0
129, -2, 0
124, -1, 1
125, -2, 0
124, -1, 0
123, -2, 1
126, -2, 0
123, -2, 0
129, -1, 0
123, -2, 1
124, -1, 0
125, -2, 0
124, -1, 0
126, -2, 1
126, -1, 0
124, -2, 0
125, -1, 1
127, -2, 0
125, -1, 0
123, -2, 1
125, -1, 0
124, -2, 0
127, -1, 1
125, -2, 0
124, -1, 0
126, -1, 0
125, -2, 1
125, -2, 0
124, -1, 0
124, -1, 1
126, -2, 0
126, -1, 0
124, -2, 0
124, -1, 1
127, -2, 0
124, -1, 0
125, -2, 1
125, -1, 0
125, -2, 0
124, -1, 0
127, -2, 1
123, -1, 0
126, -2, 0
134, -1, 0
117, -1, 1
124, -2, 0
125, -1, 0
126, -1, 1
125, -2, 0
122, -1, 0
127, -1, 0
125, -2, 0
125, -1, 1
125, -2, 0
124, -1, 0
126, -1, 1
126, -1, 0
124, -2, 0
125, -1, 0
126, -2, 1
124, -1, 0
124, -1, 0
126, -1, 0
125, -2, 1
125, -1, 0
130, -1, 0
125, -1, 1
124, -2, 0
124, -1, 0
122, -1, 0
126, -1, 0
131, -1, 1
124, -2, 0
131, -1, 0
120, -1, 0
122, -1, 1
125, -2, 0
121, -1, 0
125, -1, 0
126, -1, 1
124, -2, 0
129, -1, 0
124, -1, 0
126, -1, 1
124, -1, 0
122, -1, 0
124, -2, 0
127, -1, 0
125, -1, 1
124, -1, 0
126, -1, 0
125, -1, 0
125, -2, 1
125, -1, 0
249, -2, 0
125, -1, 0
127, -1, 1
125, -1, 0
125, -1, 0
123, -1, 0
125, -1, 0
125, -1, 1
126, -1, 0
125, -1, 0
124, -1, 0
124, -1, 0
128, -1, 1
124, -1, 0
124, -1, 0
125, -1, 0
125, -1, 0
125, -1, 0
126, -1, 1
124, -1, 0
127, -1, 0
123, -1, 0
126, -1, 0
124, -1, 1
125, -1, 0
125, -1, 0
125, -1, 0
125, -1, 0
138, 0, 1
115, -2, 0
123, -1, 0
249, -1, 0
126, -1, 0
124, -1, 0
127, -1, 1
124, -1, 0
126, -1, 0
247, -1, 0
126, -1, 1
125, -1, 0
125, -1, 0
128, -1, 0
249, -1, 0
123, -1, 0
125, -1, 0
126, -1, 1
249, -1, 0
125, -1, 0
125, -1, 0
251, -1, 0
138, -1, 1
288, -1, 0
87, -1, 0
152, -1, 0
267, -1, 0
81, -1, 1
288, -1, 0
82, -1, 0
292, -1, 0
85, -1, 0
292, -1, 0
82, -1, 1
292, -1, 0
250, -1, 0
252, -1, 0
83, -1, 0
263, -1, 0
110, 0, 1
147, -1, 0
109, -1, 0
411, -1, 0
92, -1, 0
283, -1, 0
375, -1, 1
253, -1, 0
247, -1, 0
250, -1, 0
249, -1, 0
378, -1, 0
247, -1, 0
211, 0, 1
144, -1, 0
363, -1, 0
413, -1, 0
375, -1, 0
376, -1, 0
470, -1, 0
530, -1, 0
369, 0, 1
83, -1, 0
800, -1, 0
747, -1, 0
1004, -1, 0
6044, 1, 0
999, 1, 0
840, 1, 0
789, 1, 0
618, 1, 0
614, 1, 0
506, 1, 0
470, 1, 0
661, 1, 0
343, 1, 0
386, 1, 0
491, 1, 0
363, 1, 0
375, 1, 0
388, 1, 0
342, 1, 0
375, 1, 0
362, 1, 0
282, 1, 0
357, 1, 0
113, 0, -1
136, 1, 0
269, 1, 0
368, 1, 0
249, 1, 0
263, 1, 0
387, 1, 0
201, 1, 0
311, 1, 0
220, 1, 0
251, 1, 0
348, 1, 0
127, 1, 0
287, 1, 0
233, 1, 0
213, 1, 0
245, 1, 0
260, 1, 0
283, 1, 0
247, 1, 0
82, 1, 0
138, 0, -1
126, 1, 0
285, 1, 0
251, 1, 0
79, 1, 0
308, 1, 0
238, 1, 0
95, 1, 0
245, 1, 0
277, 1, 0
84, 1, 0
293, 1, 0
100, 1, 0
281, 1, -1
243, 1, 0
83, 1, 0
126, 1, 0
290, 1, 0
236, 1, 0
113, 1, 0
140, 1, 0
278, 1, 0
85, 1, 0
281, 1, 0
75, 1, 0
295, 1, 0
81, 1, 0
293, 1, 0
82, 1, 0
152, 1, -1
267, 1, 0
82, 1, 0
149, 1, 0
266, 1, 0
83, 1, 0
145, 1, 0
232, 1, 0
140, 1, 0
159, 1, 0
91, 1, 0
279, 1, 0
101, 1, 0
128, 1, 0
267, 1, -1
84, 1, 0
147, 1, 0
100, 1, 0
129, 1, 0
251, 1, 0
164, 1, 0
85, 1, 0
293, 2, 0
261, 1, 0
86, 1, 0
112, 1, 0
130, 1, 0
286, 1, 0
80, 1, 0
127, 1, 0
155, 1, 0
92, 1, -1
124, 1, 0
134, 1, 0
250, 2, 0
248, 1, 0
168, 1, 0
93, 1, 0
114, 1, 0
121, 1, 0
126, 1, 0
120, 1, 0
260, 1, 0
161, 1, 0
79, 1, 0
126, 1, 0
127, 1, 0
131, 1, 0
122, 1, -1
129, 1, 0
241, 2, 0
277, 2, 0
271, 1, 0
89, 1, 0
136, 1, 0
118, 1, 0
119, 1, 0
120, 1, 0
125, 1, 0
123, 1, 0
123, 1, 0
131, 1, 0
122, 1, -1
124, 1, 0
122, 1, 0
124, 1, 0
152, 1, 0
121, 1, 0
235, 2, 0
247, 2, 0
127, 1, 0
119, 1, 0
250, 2, 0
285, 2, 0
277, 2, 0
87, 1, 0
119, 1, 0
127, 1, 0
134, 1, -1
101, 1, 0
120, 1, 0
128, 1, 0
166, 1, 0
81, 1, 0
129, 1, 0
121, 1, 0
133, 1, 0
125, 1, 0
118, 1, 0
126, 1, 0
125, 1, 0
129, 1, 0
123, 1, 0
122, 1, 0
151, 1, 0
100, 1, 0
123, 1, 0
125, 1, 0
126, 1, -1
125, 1, 0
127, 1, 0
126, 2, 0
246, 2, 0
141, 1, 0
111, 1, 0
127, 1, 0
135, 1, 0
113, 1, 0
126, 1, 0
123, 1, 0
126, 1, 0
126, 1, 0
124, 1, 0
124, 1, 0
125, 1, 0
127, 2, 0
127, 0, -1
122, 2, 0
123, 1, 0
125, 1, 0
150, 1, 0
101, 1, 0
127, 1, 0
125, 1, 0
133, 1, 0
119, 2, 0
141, 1, 0
110, 1, 0
122, 1, 0
124, 1, 0
123, 1, 0
126, 1, 0
128, 2, 0
126, 0, -1
121, 2, 0
124, 1, 0
154, 1, 0
96, 1, 0
127, 1, 0
125, 1, 0
126, 2, 0
250, 2, 0
124, 1, 0
129, 1, 0
121, 1, 0
126, 1, 0
122, 1, 0
128, 2, -1
123, 1, 0
127, 1, 0
122, 1, 0
143, 1, 0
118, 1, 0
125, 1, 0
121, 2, 0
249, 2, 0
126, 1, 0
121, 1, 0
147, 1, 0
100, 2, -1
128, 1, 0
122, 1, 0
127, 1, 0
124, 1, 0
124, 1, 0
128, 2, 0
150, 1, 0
100, 1, 0
122, 1, 0
126, 1, 0
126, 1, 0
126, 2, 0
124, 1, 0
126, 1, 0
149, 1, 0
97, 1, 0
132, 2, -1
247, 2, 0
123, 1, 0
153, 1, 0
103, 1, 0
127, 2, 0
149, 1, 0
96, 1, 0
121, 1, 0
132, 1, 0
120, 1, 0
125, 2, -1
124, 1, 0
127, 1, 0
124, 1, 0
124, 2, 0
131, 1, 0
119, 1, 0
126, 1, 0
125, 1, 0
124, 1, 0
125, 1, 0
128, 2, 0
122, 1, 0
125, 1, 0
141, 1, -1
108, 1, 0
126, 1, 0
125, 2, 0
126, 1, 0
126, 1, 0
123, 1, 0
125, 1, 0
124, 1, 0
127, 2, 0
125, 1, 0
124, 1, 0
125, 1, 0
149, 2, 0
100, 0, -1
128, 2, 0
122, 1, 0
127, 1, 0
125, 1, 0
124, 1, 0
125, 2, 0
148, 1, 0
104, 1, 0
125, 1, 0
123, 1, 0
126, 2, -1
125, 1, 0
123, 1, 0
135, 1, 0
124, 1, 0
152, 2, 0
96, 1, 0
128, 1, 0
115, 1, 0
129, 1, 0
123, 1, -1
125, 2, 0
125, 1, 0
129, 1, 0
151, 1, 0
95, 1, 0
123, 1, 0
125, 1, 0
127, 2, 0
124, 1, 0
125, 1, -1
125, 1, 0
127, 1, 0
145, 1, 0
104, 2, 0
127, 1, 0
127, 1, 0
125, 1, 0
121, 1, 0
127, 1, 0
123, 2, -1
316, 2, 0
75, 1, 0
123, 1, 0
146, 1, 0
96, 2, 0
115, 1, 0
139, 1, 0
136, 1, 0
115, 1, 0
109, 1, 0
118, 1, -1
133, 2, 0
258, 2, 0
128, 1, 0
160, 1, 0
126, 1, 0
124, 1, 0
128, 1, 0
67, 2, 0
249, 2, -1
125, 1, 0
142, 1, 0
153, 1, 0
126, 1, 0
123, 1, 0
125, 1, 0
123, 1, 0
125, 1, 0
125, 1, 0
148, 1, 0
108, 2, -1
125, 1, 0
95, 1, 0
123, 1, 0
125, 1, 0
125, 1, 0
125, 1, 0
111, 1, 0
125, 2, 0
127, 0, -1
124, 2, 0
124, 1, 0
125, 1, 0
125, 1, 0
132, 1, 0
118, 1, 0
125, 1, 0
125, 1, -1
127, 1, 0
175, 1, 0
122, 1, 0
125, 1, 0
126, 1, 0
120, 1, 0
82, 1, 0
123, 2, 0
253, 2, -1
122, 1, 0
125, 1, 0
295, 2, 0
249, 2, 0
132, 1, 0
122, 1, 0
122, 1, -1
126, 1, 0
124, 1, 0
124, 1, 0
82, 1, 0
124, 1, 0
125, 1, 0
125, 1, -1
142, 1, 0
157, 1, 0
125, 1, 0
132, 1, 0
86, 1, 0
248, 2, 0
125, 0, -1
127, 2, 0
233, 2, 0
249, 1, 0
140, 1, 0
126, 1, 0
124, 1, -1
124, 1, 0
113, 1, 0
124, 1, 0
125, 1, 0
125, 1, 0
125, 1, 0
140, 1, 0
110, 1, -1
250, 1, 0
124, 1, 0
145, 1, 0
106, 1, 0
125, 1, 0
125, 1, -1
124, 1, 0
126, 1, 0
125, 1, 0
126, 1, 0
123, 1, 0
250, 1, -1
141, 1, 0
110, 1, 0
125, 1, 0
125, 1, 0
126, 1, 0
124, 1, 0
250, 1, -1
125, 1, 0
124, 1, 0
125, 1, 0
265, 1, 0
125, 1, 0
111, 1, -1
124, 1, 0
154, 1, 0
231, 1, 0
121, 1, 0
126, 1, 0
124, 1, 0
125, 1, 0
125, 0, -1
124, 1, 0
124, 1, 0
125, 1, 0
250, 1, 0
129, 1, 0
124, 1, -1
125, 1, 0
249, 1, 0
124, 1, 0
125, 1, 0
250, 1, 0
125, 1, -1
125, 1, 0
249, 1, 0
126, 1, 0
254, 1, 0
122, 1, 0
124, 0, -1
125, 1, 0
126, 1, 0
124, 1, 0
249, 1, 0
126, 1, 0
250, 1, -1
125, 1, 0
249, 1, 0
126, 1, 0
249, 1, 0
252, 1, -1
124, 1, 0
249, 1, 0
126, 1, 0
250, 1, 0
253, 1, -1
122, 1, 0
251, 1, 0
249, 1, 0
126, 1, 0
249, 1, 0
126, 0, -1
125, 1, 0
248, 1, 0
250, 1, 0
251, 1, 0
126, 1, -1
372, 1, 0
251, 1, 0
126, 1, 0
249, 1, 0
254, 0, -1
123, 1, 0
249, 1, 0
251, 1, 0
250, 1, 0
123, 0, -1
250, 1, 0
250, 1, 0
375, 1, 0
251, 1, -1
374, 1, 0
375, 1, 0
250, 1, 0
253, 0, -1
248, 1, 0
376, 1, 0
374, 1, 0
250, 0, -1
126, 1, 0
499, 1, 0
499, 1, 0
250, 0, -1
251, 1, 0
751, 1, 0
376, 0, -1
373, 1, 0
878, 1, 0
318, 0, -1
1627, 1, 0
369, 0, -1
2348, 0, -1
1784, -1, 0
874, 0, -1
251, -1, 0
998, -1, 0
624, -1, 0
625, -1, -1
622, -1, 0
624, -1, 0
502, -1, 0
100, 0, -1
401, -1, 0
501, -1, 0
374, -1, 0
502, -1, 0
67, 0, -1
305, -1, 0
249, -1, 0
513, -1, 0
365, -1, 0
251, -1, -1
376, -1, 0
248, -1, 0
375, -1, 0
376, -1, 0
254, -1, -1
241, -1, 0
249, -1, 0
253, -1, 0
344, -1, 0
220, -1, 0
312, -1, 0
101, 0, -1
150, -1, 0
248, -1, 0
251, -1, 0
246, -1, 0
253, -1, 0
248, -1, 0
93, -1, 0
284, -1, 0
248, -1, -1
252, -1, 0
207, -1, 0
122, -1, 0
255, -1, 0
245, -1, 0
106, -1, 0
247, -1, 0
272, -1, 0
124, -1, 0
125, -1, -1
250, -1, 0
249, -1, 0
126, -1, 0
125, -1, 0
248, -1, 0
250, -1, 0
127, -1, 0
125, -1, 0
249, -1, 0
125, -1, 0
107, -1, 0
126, 0, -1
129, -1, 0
122, -1, 0
247, -1, 0
125, -1, 0
125, -1, 0
250, -1, 0
145, -1, 0
106, -1, 0
250, -1, 0
143, -1, 0
125, -1, 0
107, -1, 0
126, -1, 0
248, -1, 0
126, -1, 0
124, -1, 0
126, -1, 0
125, -1, 0
249, -1, 0
126, -1, 0
130, -1, 0
142, -1, 0
229, -1, 0
144, -1, 0
127, -1, 0
121, -1, 0
127, -1, 0
105, -1, 0
125, -1, 0
125, -1, 0
124, -1, 0
250, -1, 0
144, -1, 0
107, -1, 0
125, -1, 0
124, -1, 0
126, -1, 0
125, -1, 0
125, -1, 0
124, -1, 0
125, -1, 0
125, -1, 0
125, -1, 0
254, -2, -1
250, -2, 0
267, -2, 0
296, -2, 0
91, -1, 0
158, -1, 0
86, -1, 0
163, -1, 0
83, -1, 0
122, -1, 0
108, -1, 0
123, -1, 0
124, -1, 0
144, -1, 0
130, -1, 0
101, -1, 0
126, -1, 0
124, -1, 0
125, -1, 0
127, -1, 0
126, -1, 0
126, -1, 0
124, -2, 0
251, -2, 0
127, -1, 0
122, -1, 0
126, -1, 0
124, -1, 0
125, -1, 0
126, -1, 0
125, -1, 0
124, -2, 0
126, -1, 0
125, -1, 1
124, -1, 0
126, -1, 0
125, -1, 0
124, -2, 0
126, -1, 0
125, -1, 0
124, -1, 0
125, -1, 0
125, -2, 0
249, -2, 0
126, -1, 0
125, -1, 0
126, -1, 0
125, -2, 0
125, -1, 1
133, -1, 0
118, -1, 0
124, -2, 0
125, -1, 0
124, -1, 0
125, -1, 0
126, -2, 0
124, -1, 0
125, -1, 0
125, -1, 0
125, -2, 0
126, -1, 1
125, -1, 0
124, -1, 0
125, -1, 0
125, -2, 0
125, -1, 0
126, -1, 0
124, -1, 0
125, -2, 0
125, -1, 0
125, -1, 0
126, -1, 1
124, -2, 0
125, -1, 0
125, -2, 0
125, -1, 0
128, -1, 0
184, -1, 0
92, -2, 0
161, -1, 1
94, -2, 0
153, -1, 0
66, -1, 0
123, -1, 0
125, -2, 0
126, -1, 0
175, -1, 0
87, -2, 0
126, -1, 1
123, -2, 0
122, -1, 0
194, -1, 0
114, -2, 0
70, -1, 0
145, -1, 0
113, -2, 0
116, -1, 1
140, -2, 0
108, -1, 0
123, -2, 0
122, -1, 0
140, -1, 0
106, -2, 0
129, -1, 1
130, -1, 0
120, -2, 0
123, -1, 0
125, -2, 0
124, -1, 0
128, -1, 0
122, -2, 0
125, -1, 1
121, -2, 0
133, -1, 0
124, -2, 0
124, -1, 0
125, -2, 0
125, -1, 1
125, -2, 0
124, -1, 0
123, -1, 0
129, -2, 0
123, -1, 0
127, -2, 1
126, -1, 0
123, -1, 0
124, -2, 0
126, -1, 0
129, -2, 1
129, -1, 0
118, -2, 0
119, -1, 0
126, -2, 0
124, -1, 0
127, -2, 1
121, -1, 0
124, -1, 0
124, -2, 0
126, -1, 0
124, -2, 1
128, -1, 0
124, -2, 0
125, -1, 0
127, -2, 1
123, -2, 0
124, -1, 0
124, -2, 0
126, -1, 0
124, -2, 0
126, -1, 1
126, -2, 0
126, -2, 0
124, -1, 0
125, -2, 0
126, -1, 1
123, -1, 0
126, -2, 0
128, -1, 0
124, -2, 0
126, -1, 1
124, -2, 0
121, -1, 0
128, -2, 0
125, -1, 0
123, -2, 1
125, -1, 0
126, -2, 0
126, -1, 0
124, -2, 1
126, -1, 0
122, -2, 0
127, -2, 0
125, -1, 0
125, -2, 1
123, -2, 0
127, -1, 0
126, -2, 1
124, -1, 0
125, -1, 0
131, -2, 0
134, -1, 0
108, -2, 1
125, -1, 0
129, -2, 0
121, -1, 0
126, -2, 0
125, -2, 1
124, -1, 0
125, -2, 0
127, -2, 0
123, -1, 1
125, -2, 0
139, -1, 0
112, -2, 0
124, -1, 1
125, -2, 0
125, -1, 0
126, -2, 0
125, -2, 0
124, -1, 1
125, -2, 0
125, -1, 0
141, -2, 0
123, -1, 1
111, -2, 0
126, -1, 0
125, -2, 1
124, -1, 0
125, -2, 0
139, -1, 0
112, -2, 0
125, -2, 1
126, -1, 0
123, -2, 0
126, -1, 0
125, -2, 1
124, -1, 0
125, -2, 0
125, -2, 0
140, -1, 1
110, -2, 0
125, -1, 0
128, -1, 0
123, -2, 1
124, -1, 0
125, -2, 0
125, -1, 0
126, -2, 1
128, -1, 0
138, -2, 0
126, -1, 0
110, -2, 1
126, -2, 0
122, -2, 0
126, -1, 0
125, -2, 1
136, -1, 0
171, -2, 0
120, -1, 0
127, -2, 1
123, -1, 0
74, -2, 0
127, -1, 0
122, -2, 1
126, -1, 0
171, -2, 0
125, -1, 0
127, -2, 0
123, -2, 1
126, -1, 0
124, -2, 0
79, -1, 0
126, -2, 1
124, -1, 0
124, -2, 0
125, -1, 0
174, -2, 1
94, -1, 0
122, -2, 0
125, -1, 0
125, -2, 1
110, -1, 0
126, -2, 0
127, -1, 1
124, -2, 0
138, -1, 0
113, -2, 0
123, -1, 1
124, -1, 0
125, -2, 0
125, -1, 0
125, -2, 1
127, -1, 0
124, -2, 0
123, -1, 0
142, -2, 1
109, -1, 0
124, -1, 0
126, -2, 0
126, -1, 1
124, -2, 0
133, -1, 0
127, -2, 0
118, -1, 1
122, -1, 0
143, -2, 0
108, -1, 0
125, -2, 1
124, -1, 0
145, -2, 0
107, -1, 0
123, -1, 0
128, -2, 1
122, -1, 0
124, -1, 0
126, -2, 0
126, -1, 1
124, -1, 0
125, -2, 0
139, -1, 0
111, -2, 0
126, -1, 1
125, -2, 0
124, -1, 0
126, -2, 1
124, -1, 0
125, -1, 0
124, -1, 0
125, -2, 0
143, -1, 1
108, -2, 0
125, -1, 0
126, -2, 0
125, -1, 1
123, -1, 0
127, -1, 0
126, -1, 0
177, -2, 1
122, -1, 0
125, -2, 0
125, -1, 0
120, -1, 0
83, -2, 1
124, -1, 0
122, -1, 0
124, -2, 0
173, -1, 0
126, -1, 1
123, -1, 0
126, -2, 0
125, -1, 0
129, -1, 0
76, -1, 1
122, -2, 0
125, -1, 0
127, -1, 0
170, -1, 0
96, -2, 1
123, -1, 0
125, -1, 0
129, -1, 0
107, -1, 0
124, -2, 1
128, -1, 0
122, -1, 0
124, -1, 0
126, -2, 1
125, -1, 0
127, -1, 0
122, -1, 0
125, -2, 0
128, -1, 1
138, -1, 0
110, -1, 0
124, -1, 0
125, -1, 0
125, -2, 0
128, -1, 1
122, -1, 0
125, -1, 0
125, -1, 0
127, -1, 0
139, -1, 1
109, -2, 0
125, -1, 0
126, -1, 0
124, -1, 0
126, -1, 1
124, -1, 0
144, -2, 0
108, -1, 0
126, -1, 0
122, -1, 0
125, -1, 1
127, -1, 0
124, -1, 0
124, -1, 0
125, -1, 0
126, -1, 1
139, -2, 0
237, -2, 0
249, -2, 0
124, -1, 0
126, -1, 1
125, -1, 0
124, -1, 0
126, -1, 0
124, -1, 0
144, -1, 0
108, -1, 1
123, -1, 0
125, -1, 0
140, -1, 0
113, -1, 0
126, -1, 0
175, -1, 1
123, -1, 0
128, -1, 0
123, -1, 0
120, -1, 0
79, -1, 0
123, -1, 0
125, -1, 0
126, -1, 1
172, -1, 0
251, -2, 0
250, -1, 0
123, -1, 0
126, -1, 0
125, -1, 1
79, -1, 0
124, -1, 0
299, -1, 0
173, -1, 0
27, -1, 0
178, -1, 0
75, -1, 0
124, -1, 0
178, -1, 1
249, -1, 0
124, -1, 0
92, -1, 0
124, -1, 0
123, -1, 0
251, -1, 0
123, -1, 1
239, -1, 0
152, -1, 0
95, -1, 0
123, -1, 0
252, -1, 0
155, -1, 0
128, -1, 0
91, -1, 0
125, 0, 1
124, -1, 0
125, -1, 0
281, -1, 0
97, -1, 0
153, -1, 0
244, -1, 0
173, -1, 0
234, -1, 0
88, -1, 0
276, -1, 0
100, -1, 1
278, -1, 0
100, -1, 0
299, -1, 0
250, -1, 0
72, -1, 0
251, -1, 0
120, -1, 0
251, -1, 0
277, -1, 0
242, -1, 0
263, -1, 0
98, -1, 0
301, -1, 0
209, -1, 0
167, 0, 1
73, -1, 0
255, -1, 0
244, -1, 0
252, -1, 0
247, -1, 0
248, -1, 0
423, -1, 0
222, -1, 0
399, -1, 0
222, -1, 0
378, -1, 0
248, -1, 0
377, -1, 0
374, -1, 0
503, -1, 0
497, -1, 0
378, -1, 0
505, -1, 0
627, -1, 0
742, -1, 0
877, -1, 0
1752, -1, 0
371, 0, -1
3160, 1, 0
1284, 1, 0
350, 0, -1
649, 1, 0
745, 1, 0
625, 1, 0
627, 1, 0
499, 0, -1
25, 1, 0
599, 1, 0
634, 1, 0
370, 1, 0
500, 1, 0
247, 0, -1
49, 1, 0
456, 1, 0
491, 1, 0
374, 1, 0
349, 1, -1
406, 1, 0
249, 1, 0
382, 1, 0
375, 1, 0
243, 1, 0
378, 1, -1
250, 1, 0
368, 1, 0
220, 1, 0
282, 1, 0
327, 1, -1
301, 1, 0
255, 1, 0
244, 1, 0
207, 1, 0
248, 1, 0
241, 1, 0
181, 0, -1
25, 1, 0
344, 1, 0
163, 1, 0
241, 1, 0
301, 1, 0
297, 1, -1
28, 1, 0
275, 1, 0
332, 1, 0
244, 1, 0
248, 1, 0
49, 1, 0
330, 1, -1
24, 1, 0
348, 1, 0
245, 1, 0
28, 1, 0
348, 1, 0
252, 1, 0
177, 1, -1
116, 1, 0
123, 1, 0
249, 1, 0
255, 1, 0
125, 1, 0
123, 1, 0
234, 1, -1
141, 1, 0
249, 1, 0
173, 1, 0
251, 1, 0
73, 1, 0
259, 1, 0
173, 1, -1
69, 1, 0
302, 1, 0
74, 1, 0
141, 1, 0
235, 1, 0
178, 1, -1
69, 1, 0
258, 1, 0
118, 1, 0
147, 1, 0
281, 1, 0
74, 1, 0
117, 1, 0
129, 0, -1
146, 2, 0
268, 1, 0
73, 1, 0
132, 1, 0
294, 1, 0
73, 1, 0
131, 1, 0
170, 1, -1
253, 1, 0
71, 1, 0
129, 1, 0
174, 1, 0
72, 1, 0
133, 1, 0
119, 1, 0
125, 0, -1
126, 1, 0
126, 1, 0
141, 1, 0
114, 1, 0
120, 1, 0
122, 1, 0
126, 1, 0
251, 1, -1
124, 1, 0
124, 1, 0
125, 1, 0
127, 1, 0
124, 1, 0
124, 1, 0
125, 1, 0
125, 1, 0
127, 1, -1
123, 1, 0
125, 1, 0
251, 2, 0
249, 1, 0
125, 1, 0
127, 1, 0
123, 1, -1
126, 1, 0
127, 1, 0
122, 1, 0
125, 1, 0
127, 1, 0
123, 1, 0
126, 1, 0
124, 1, 0
126, 1, -1
124, 1, 0
126, 1, 0
124, 1, 0
125, 1, 0
125, 1, 0
126, 1, 0
125, 1, 0
124, 1, 0
125, 1, -1
125, 1, 0
126, 1, 0
124, 1, 0
126, 2, 0
249, 2, 0
128, 1, 0
122, 1, 0
125, 1, 0
139, 1, -1
113, 1, 0
123, 1, 0
125, 1, 0
125, 1, 0
126, 1, 0
124, 1, 0
126, 1, 0
124, 1, 0
126, 2, -1
125, 1, 0
124, 1, 0
125, 1, 0
126, 1, 0
125, 1, 0
124, 1, 0
127, 1, 0
123, 2, 0
126, 1, 0
125, 1, -1
124, 1, 0
126, 1, 0
125, 1, 0
124, 1, 0
125, 1, 0
127, 2, 0
125, 1, 0
126, 1, 0
125, 1, 0
124, 1, 0
127, 1, -1
123, 1, 0
124, 2, 0
124, 1, 0
125, 1, 0
125, 1, 0
127, 1, 0
123, 1, 0
127, 2, 0
124, 1, 0
126, 1, -1
123, 1, 0
126, 2, 0
125, 1, 0
124, 1, 0
125, 1, 0
127, 1, 0
124, 1, 0
125, 2, 0
125, 1, -1
124, 1, 0
125, 1, 0
125, 1, 0
125, 2, 0
128, 1, 0
123, 1, 0
126, 1, 0
123, 2, 0
125, 1, -1
125, 1, 0
125, 1, 0
125, 2, 0
126, 1, 0
126, 1, 0
123, 1, 0
125, 2, 0
127, 1, 0
124, 1, -1
124, 1, 0
125, 2, 0
125, 1, 0
125, 1, 0
127, 1, 0
123, 1, 0
126, 2, -1
124, 1, 0
133, 1, 0
127, 2, 0
117, 1, 0
123, 1, 0
141, 2, 0
115, 1, 0
120, 1, -1
124, 1, 0
142, 2, 0
112, 1, 0
133, 1, 0
113, 2, 0
125, 1, 0
126, 1, 0
126, 2, -1
122, 1, 0
125, 1, 0
125, 1, 0
125, 2, 0
125, 1, 0
125, 1, 0
126, 2, 0
124, 1, -1
126, 1, 0
124, 1, 0
126, 2, 0
124, 1, 0
125, 2, -1
125, 1, 0
125, 1, 0
126, 1, 0
127, 2, 0
129, 1, 0
125, 2, 0
123, 1, 0
121, 1, -1
128, 1, 0
125, 2, 0
123, 1, 0
123, 2, 0
126, 1, 0
125, 1, -1
125, 1, 0
124, 1, 0
125, 2, 0
126, 1, 0
126, 2, 0
124, 1, -1
124, 1, 0
126, 2, 0
125, 1, 0
125, 1, 0
124, 2, 0
125, 1, 0
125, 2, -1
126, 1, 0
124, 1, 0
125, 1, 0
128, 2, 0
123, 1, 0
125, 2, -1
124, 1, 0
125, 1, 0
126, 1, 0
124, 2, 0
126, 1, -1
124, 1, 0
126, 2, 0
124, 1, 0
125, 1, 0
126, 1, -1
124, 2, 0
126, 1, 0
125, 2, 0
124, 1, 0
125, 1, -1
126, 1, 0
124, 2, 0
125, 1, 0
125, 1, 0
127, 1, -1
123, 2, 0
125, 1, 0
126, 2, 0
137, 1, 0
116, 1, -1
122, 2, 0
125, 1, 0
125, 1, 0
124, 1, 0
125, 2, 0
126, 1, -1
124, 2, 0
249, 2, 0
127, 1, -1
125, 2, 0
126, 1, 0
123, 1, 0
126, 2, 0
125, 1, 0
124, 1, -1
125, 2, 0
125, 1, 0
126, 1, 0
125, 1, 0
125, 2, -1
125, 1, 0
125, 2, 0
249, 2, -1
127, 1, 0
130, 1, 0
124, 2, 0
125, 1, -1
123, 2, 0
126, 1, 0
121, 1, 0
125, 1, -1
124, 2, 0
125, 1, 0
125, 1, 0
126, 1, 0
125, 2, -1
124, 1, 0
126, 1, 0
124, 1, 0
127, 2, -1
123, 1, 0
125, 2, 0
126, 1, 0
124, 1, -1
125, 1, 0
125, 2, 0
127, 1, 0
123, 1, 0
125, 1, -1
131, 1, 0
149, 2, 0
228, 2, -1
135, 1, 0
122, 1, 0
125, 2, 0
116, 1, -1
126, 1, 0
125, 2, 0
122, 0, -1
130, 2, 0
120, 1, 0
134, 1, 0
119, 2, -1
127, 1, 0
118, 1, 0
130, 1, 0
126, 1, -1
127, 2, 0
125, 1, 0
122, 1, 0
125, 1, -1
120, 1, 0
122, 2, 0
131, 1, 0
126, 1, -1
138, 1, 0
106, 1, 0
125, 1, 0
124, 2, -1
127, 1, 0
128, 1, 0
123, 1, 0
123, 1, -1
129, 1, 0
127, 2, 0
127, 1, -1
123, 1, 0
123, 1, 0
126, 1, 0
124, 1, -1
119, 1, 0
131, 2, 0
126, 1, 0
125, 1, -1
128, 1, 0
122, 1, 0
124, 1, 0
126, 1, -1
124, 2, 0
127, 1, 0
123, 1, 0
119, 1, -1
141, 1, 0
118, 1, 0
119, 1, 0
129, 1, -1
132, 1, 0
117, 2, 0
118, 0, -1
125, 2, 0
132, 1, 0
205, 1, 0
53, 1, -1
112, 1, 0
124, 1, 0
125, 1, 0
125, 1, -1
127, 1, 0
123, 1, 0
125, 1, 0
125, 1, -1
124, 1, 0
127, 2, 0
247, 2, -1
252, 2, 0
248, 2, -1
130, 1, 0
121, 1, 0
125, 1, 0
125, 1, -1
249, 2, 0
145, 1, 0
126, 1, -1
106, 1, 0
248, 1, -1
126, 1, 0
125, 1, 0
112, 1, 0
125, 1, -1
125, 1, 0
126, 1, 0
124, 1, 0
125, 1, -1
125, 1, 0
125, 1, 0
136, 1, 0
126, 1, -1
113, 1, 0
125, 1, 0
250, 1, -1
125, 1, 0
125, 1, 0
125, 1, 0
125, 1, -1
137, 1, 0
249, 2, 0
139, 0, -1
102, 1, 0
124, 1, 0
125, 1, 0
124, 1, -1
125, 1, 0
250, 1, 0
125, 1, 0
126, 1, -1
124, 1, 0
137, 1, 0
126, 0, -1
112, 1, 0
125, 1, 0
125, 1, 0
249, 1, -1
126, 1, 0
125, 1, 0
152, 1, -1
311, 1, 0
89, 1, 0
155, 1, 0
84, 0, -1
162, 1, 0
67, 1, 0
119, 1, 0
125, 0, -1
189, 1, 0
65, 1, 0
309, 1, -1
84, 1, 0
293, 1, 0
86, 1, -1
163, 1, 0
249, 1, 0
83, 1, 0
168, 0, -1
86, 1, 0
225, 1, 0
197, 1, -1
248, 1, 0
91, 0, -1
157, 1, 0
89, 1, 0
281, 1, 0
84, 0, -1
167, 1, 0
189, 1, 0
188, 1, 0
62, 0, -1
124, 1, 0
316, 1, 0
89, 0, -1
163, 1, 0
247, 1, 0
89, 0, -1
205, 1, 0
160, 1, 0
275, 1, -1
271, 1, 0
252, 1, 0
88, 0, -1
167, 1, 0
243, 1, 0
246, 0, -1
78, 1, 0
251, 1, 0
125, 0, -1
125, 1, 0
378, 1, 0
123, 0, -1
248, 1, 0
384, 1, -1
367, 1, 0
383, 1, -1
373, 1, 0
250, 0, -1
249, 1, 0
374, 0, -1
127, 1, 0
624, 1, -1
622, 1, -1
757, 0, -1
122, 1, 0
627, 0, -1
496, 1, 0
379, 0, -1
746, 0, -1
879, 0, -1
997, 0, -1
876, 0, -1
1006, 0, -1
495, -1, 0
627, 0, -1
122, -1, 0
626, -1, 0
376, 0, -1
373, -1, 0
500, -1, -1
625, -1, 0
377, 0, -1
250, -1, 0
374, -1, 0
372, 0, -1
134, -1, 0
371, -1, 0
370, -1, 0
250, 0, -1
132, -1, 0
391, -1, 0
356, -1, 0
123, 0, -1
249, -1, 0
376, -1, 0
375, -1, -1
249, -1, 0
377, -1, 0
246, -1, 0
250, -1, -1
377, -1, 0
252, -1, 0
251, -1, 0
247, -1, -1
376, -1, 0
250, -1, 0
249, -1, 0
127, 0, -1
122, -1, 0
126, -1, 0
248, -1, 0
251, -1, 0
251, -1, 0
249, -1, 0
251, -1, -1
228, -1, 0
147, -1, 0
231, -1, 0
290, -1, 0
231, -1, -1
125, -1, 0
249, -1, 0
126, -1, 0
246, -1, 0
248, -1, 0
128, -1, -1
247, -1, 0
255, -1, 0
123, -1, 0
124, -1, 0
250, -1, 0
250, -1, 0
127, -1, -1
122, -1, 0
256, -1, 0
124, -1, 0
102, -1, 0
249, -1, 0
148, -1, 0
123, -1, 0
248, -1, 0
128, -1, -1
248, -1, 0
106, -1, 0
124, -1, 0
249, -1, 0
126, -1, 0
146, -1, 0
231, -1, 0
143, -1, 0
106, -1, 0
248, -2, 0
261, -1, 0
138, -1, 0
125, -1, -1
126, -1, 0
248, -1, 0
126, -1, 0
122, -1, 0
126, -1, 0
105, -1, 0
248, -1, 0
128, -1, 0
123, -1, 0
145, -1, 0
106, -1, 0
248, -1, 0
127, -1, 0
124, -1, 0
125, -1, 0
125, -1, 0
126, -1, 0
124, -1, 0
125, -1, 0
125, -1, 0
250, -2, 0
249, -1, 0
127, -1, -1
125, -1, 0
124, -1, 0
125, -1, 0
125, -1, 0
126, -1, 0
124, -1, 0
125, -1, 0
124, -1, 0
126, -1, 0
125, -1, 0
127, -1, 0
123, -1, 0
249, -2, 0
126, -1, 0
125, -1, 0
126, -1, 0
124, -1, 0
125, -1, 0
126, -1, 0
248, -2, 0
131, -1, 0
120, -1, 0
125, -1, 0
125, -1, 0
125, -1, 0
125, -1, 0
127, -1, 0
123, -1, 0
153, -1, 0
105, -1, 0
133, -1, 0
124, -1, 0
165, -1, 0
102, -1, 0
113, -1, 0
108, -1, 0
132, -2, 0
249, -2, 0
237, -2, 0
125, -1, 0
181, -1, 0
125, -1, 0
105, -1, 0
109, -1, 0
125, -2, 0
306, -2, 0
64, -1, 1
111, -1, 0
124, -1, 0
199, -1, 0
82, -1, 0
165, -1, 0
82, -2, 0
165, -1, 0
85, -1, 0
102, -1, 0
122, -1, 0
127, -1, 0
124, -1, 0
190, -2, 0
83, -1, 0
168, -1, 0
83, -2, 0
293, -2, 0
83, -1, 0
167, -1, 1
66, -1, 0
118, -2, 0
124, -1, 0
144, -1, 0
176, -1, 0
89, -1, 0
163, -2, 0
89, -1, 0
161, -1, 0
59, -1, 0
120, -2, 0
126, -1, 0
124, -1, 1
189, -1, 0
82, -2, 0
170, -1, 0
82, -1, 0
167, -1, 0
82, -2, 0
106, -1, 0
123, -2, 1
248, -2, 0
124, -1, 0
191, -1, 0
83, -2, 0
169, -1, 0
82, -1, 0
120, -2, 0
128, -1, 0
129, -1, 0
104, -1, 1
121, -1, 0
125, -2, 0
124, -1, 0
195, -2, 0
62, -1, 0
183, -1, 0
83, -1, 1
170, -2, 0
84, -1, 0
164, -2, 0
63, -1, 0
121, -1, 0
125, -1, 0
126, -2, 0
190, -1, 0
83, -2, 1
166, -1, 0
82, -1, 0
172, -1, 0
82, -2, 0
101, -1, 0
123, -2, 0
125, -1, 0
126, -1, 0
144, -2, 1
119, -1, 0
181, -2, 0
91, -1, 0
161, -1, 0
90, -1, 0
158, -2, 0
82, -1, 0
103, -2, 1
121, -1, 0
125, -2, 0
124, -1, 0
190, -2, 0
84, -1, 0
169, -1, 0
84, -1, 1
164, -2, 0
84, -1, 0
102, -2, 0
123, -1, 0
125, -2, 0
126, -1, 1
191, -1, 0
83, -2, 0
166, -1, 0
78, -1, 0
128, -2, 1
123, -1, 0
111, -1, 0
120, -2, 0
124, -1, 0
127, -2, 0
123, -1, 1
151, -2, 0
99, -1, 0
126, -2, 0
125, -1, 0
128, -2, 0
127, -1, 1
119, -2, 0
126, -1, 0
125, -1, 0
125, -1, 0
125, -2, 1
126, -1, 0
126, -2, 0
123, -1, 0
125, -1, 1
125, -2, 0
126, -1, 0
124, -2, 0
125, -1, 0
125, -2, 1
126, -1, 0
155, -2, 0
113, -1, 0
127, -2, 0
110, -1, 1
119, -2, 0
125, -1, 0
125, -2, 0
125, -1, 0
126, -1, 1
124, -2, 0
127, -2, 0
123, -1, 0
125, -2, 0
126, -1, 0
124, -1, 1
125, -2, 0
125, -1, 0
126, -2, 0
124, -1, 1
125, -2, 0
126, -1, 0
124, -2, 0
126, -1, 1
124, -1, 0
125, -2, 0
125, -2, 0
126, -1, 1
126, -1, 0
196, -2, 0
95, -1, 0
159, -2, 1
63, -1, 0
178, -1, 0
86, -2, 0
99, -1, 0
124, -2, 1
122, -1, 0
126, -2, 0
194, -1, 0
90, -2, 1
162, -1, 0
89, -1, 0
159, -2, 0
90, -1, 1
92, -2, 0
125, -1, 0
123, -2, 0
126, -1, 1
124, -2, 0
195, -1, 0
82, -2, 0
127, -1, 1
119, -2, 0
124, -1, 0
177, -2, 1
60, -1, 0
117, -2, 0
124, -1, 0
199, -2, 1
86, -1, 0
161, -2, 0
91, -1, 0
92, -2, 1
122, -1, 0
195, -2, 0
61, -1, 0
121, -1, 1
123, -2, 0
195, -1, 0
89, -2, 0
160, -1, 1
87, -2, 0
163, -1, 0
64, -2, 0
119, -1, 1
123, -2, 0
125, -1, 0
148, -2, 1
122, -1, 0
125, -2, 0
130, -1, 0
175, -2, 1
56, -1, 0
195, -1, 0
62, -2, 0
186, -1, 1
87, -1, 0
157, -2, 0
87, -1, 1
99, -2, 0
122, -1, 0
124, -1, 0
126, -2, 1
196, -1, 0
88, -2, 0
158, -1, 0
89, -2, 1
162, -1, 0
89, -1, 0
94, -2, 0
124, -1, 1
124, -1, 0
126, -2, 1
144, -1, 0
129, -2, 0
122, -1, 0
126, -2, 1
123, -1, 0
106, -2, 0
124, -1, 0
127, -1, 1
123, -2, 0
125, -1, 0
125, -2, 1
128, -1, 0
123, -1, 0
124, -1, 0
125, -2, 1
126, -1, 0
124, -2, 0
125, -1, 0
125, -2, 1
125, -1, 0
126, -1, 0
125, -1, 0
124, -2, 1
125, -1, 0
126, -2, 0
124, -1, 1
125, -2, 0
143, -1, 0
127, -1, 1
107, -1, 0
125, -2, 0
127, -1, 0
148, -2, 1
99, -1, 0
124, -1, 0
125, -1, 1
146, -1, 0
124, -2, 0
106, -1, 0
124, -2, 1
127, -1, 0
123, -1, 0
125, -1, 0
125, -2, 1
125, -1, 0
126, -1, 0
124, -1, 1
125, -2, 0
125, -1, 0
126, -2, 0
126, -1, 1
123, -1, 0
125, -1, 0
140, -2, 1
128, -1, 0
108, -1, 0
124, -1, 0
150, -2, 1
102, -1, 0
123, -1, 0
127, -1, 1
124, -1, 0
124, -2, 0
125, -1, 0
125, -1, 1
126, -1, 0
124, -2, 0
125, -1, 1
125, -1, 0
126, -1, 0
125, -2, 0
125, -1, 1
124, -1, 0
125, -1, 0
126, -2, 1
249, -2, 0
125, -1, 0
126, -1, 1
125, -1, 0
124, -2, 0
125, -1, 0
125, -1, 1
126, -1, 0
126, -1, 0
197, -1, 1
62, -1, 0
188, -1, 0
61, -1, 0
185, -2, 1
87, -1, 0
163, -1, 0
87, -1, 0
96, -1, 1
122, -1, 0
125, -1, 0
127, -1, 1
192, -2, 0
87, -1, 0
165, -1, 0
90, -1, 1
158, -1, 0
87, -1, 0
96, -1, 0
126, -1, 1
122, -1, 0
125, -1, 0
154, -1, 1
127, -1, 0
109, -1, 0
131, -1, 0
142, -1, 1
156, -1, 0
80, -1, 0
110, -1, 0
123, -1, 1
126, -1, 0
128, -1, 0
148, -1, 0
103, -1, 0
119, -1, 1
134, -1, 0
117, -1, 0
124, -1, 0
125, -1, 1
126, -1, 0
123, -1, 0
125, -1, 0
127, -1, 1
125, -1, 0
124, -1, 0
126, -1, 0
123, -1, 1
125, -1, 0
251, -1, 0
125, -1, 1
155, -1, 0
107, -1, 0
110, -1, 0
129, -1, 1
120, -1, 0
253, -1, 0
128, -1, 0
124, -1, 1
123, -1, 0
126, -1, 0
119, -1, 0
132, -1, 1
250, -1, 0
123, -1, 0
127, -1, 1
248, -1, 0
126, -1, 0
124, -1, 0
127, -1, 1
249, -1, 0
123, -1, 0
123, -1, 1
273, -1, 0
135, -1, 0
271, -1, 1
149, -1, 0
62, -1, 0
310, -1, 0
69, -1, 1
268, -1, 0
154, -1, 0
92, -1, 0
104, 0, 1
125, -1, 0
295, -1, 0
98, -1, 0
136, 0, 1
84, -1, 0
253, -1, 0
121, -1, 0
147, 0, 1
120, -1, 0
125, -1, 0
242, -1, 0
116, 0, 1
130, -1, 0
250, -1, 0
251, -1, 0
196, -1, 1
246, -1, 0
252, -1, 0
63, 0, 1
277, -1, 0
252, -1, 0
90, -1, 0
257, 0, 1
113, -1, 0
259, -1, 0
264, -1, 0
124, 0, 1
296, -1, 0
266, -1, 0
250, 0, 1
47, -1, 0
268, -1, 0
377, -1, 0
255, 0, 1
111, -1, 0
383, -1, 0
240, 0, 1
126, -1, 0
509, -1, 0
376, 0, 1
120, -1, 0
631, -1, 0
252, 0, 1
370, -1, 0
754, -1, 1
871, -1, 0
380, 0, 1
1623, 0, 1
2008, 0, 1
2117, 1, 0
251, 0, 1
621, 1, 0
753, 1, 0
362, 0, 1
255, 1, 0
622, 1, 0
628, 1, 0
248, 0, 1
251, 1, 0
380, 1, 0
499, 1, 0
122, 0, 1
251, 1, 0
502, 1, 0
371, 1, 0
249, 1, 1
500, 1, 0
251, 1, 0
388, 1, 0
115, 0, 1
249, 1, 0
255, 1, 0
245, 1, 0
373, 1, 0
254, 1, 1
248, 1, 0
377, 1, 0
245, 1, 0
252, 1, 0
123, 0, 1
125, 1, 0
249, 1, 0
244, 1, 0
261, 1, 0
251, 1, 1
248, 1, 0
123, 1, 0
252, 1, 0
374, 1, 0
123, 1, 0
125, 0, 1
124, 1, 0
125, 1, 0
252, 1, 0
250, 1, 0
123, 1, 0
252, 1, 0
125, 1, 1
286, 1, 0
220, 1, 0
117, 1, 0
250, 1, 0
130, 1, 0
246, 1, 0
124, 1, 1
252, 1, 0
122, 1, 0
126, 1, 0
250, 1, 0
126, 1, 0
230, 1, 0
126, 1, 1
249, 1, 0
125, 1, 0
125, 1, 0
250, 1, 0
124, 1, 0
153, 1, 0
224, 1, 1
123, 1, 0
125, 1, 0
124, 1, 0
251, 1, 0
124, 1, 0
125, 1, 0
125, 1, 0
250, 1, 1
125, 1, 0
125, 1, 0
125, 1, 0
251, 1, 0
124, 1, 0
125, 1, 0
125, 1, 0
126, 1, 0
124, 1, 0
128, 0, 1
124, 1, 0
125, 1, 0
125, 1, 0
127, 1, 0
126, 1, 0
124, 1, 0
125, 1, 0
125, 1, 0
123, 1, 0
125, 1, 0
249, 1, 0
127, 1, 1
124, 1, 0
125, 1, 0
124, 1, 0
126, 1, 0
125, 1, 0
125, 1, 0
125, 1, 0
125, 1, 0
126, 1, 0
124, 1, 0
124, 1, 0
126, 1, 0
125, 1, 1
125, 1, 0
124, 1, 0
125, 1, 0
125, 1, 0
130, 1, 0
124, 1, 0
124, 1, 0
125, 1, 0
123, 1, 0
125, 1, 0
125, 1, 0
124, 1, 0
125, 1, 0
126, 1, 0
127, 1, 1
123, 1, 0
124, 1, 0
126, 1, 0
124, 1, 0
126, 2, 0
249, 2, 0
126, 1, 0
125, 1, 0
125, 1, 0
124, 1, 0
126, 1, 0
124, 1, 0
126, 1, 0
126, 2, 1
138, 1, 0
112, 1, 0
124, 1, 0
126, 1, 0
124, 1, 0
125, 1, 0
125, 1, 0
125, 2, 0
125, 1, 0
125, 1, 0
125, 1, 0
125, 1, 1
126, 1, 0
124, 1, 0
125, 2, 0
249, 2, 0
126, 1, 0
124, 1, 0
126, 1, 0
124, 1, 0
126, 1, 0
126, 2, 0
124, 1, 0
124, 1, 0
127, 1, 0
124, 2, 0
129, 1, 0
121, 1, 0
125, 1, 0
139, 2, 1
119, 1, 0
119, 1, 0
123, 1, 0
125, 2, 0
126, 1, 0
124, 1, 0
125, 1, 0
125, 2, 0
125, 1, 0
125, 1, 0
125, 1, 0
126, 1, 0
124, 2, 0
125, 1, 0
125, 1, 0
125, 1, 0
126, 2, 0
124, 1, 1
125, 1, 0
125, 1, 0
126, 2, 0
124, 1, 0
126, 2, 0
125, 1, 0
124, 1, 0
125, 1, 0
125, 2, 0
125, 1, 0
125, 1, 0
125, 2, 0
127, 1, 0
123, 1, 0
125, 2, 0
125, 1, 0
125, 1, 0
125, 1, 0
125, 2, 0
125, 1, 0
125, 1, 0
127, 2, 0
123, 1, 0
125, 2, 1
125, 1, 0
125, 1, 0
125, 1, 0
125, 2, 0
125, 1, 0
125, 2, 0
125, 1, 0
140, 1, 0
111, 1, 0
124, 2, 0
124, 1, 0
127, 2, 0
124, 1, 0
125, 2, 0
125, 1, 0
125, 1, 0
126, 2, 0
125, 1, 1
124, 1, 0
124, 1, 0
125, 2, 0
126, 1, 0
125, 2, 0
125, 1, 0
125, 2, 0
125, 1, 0
126, 2, 0
124, 1, 0
126, 2, 0
124, 1, 0
125, 2, 0
124, 1, 0
126, 1, 0
125, 2, 0
127, 1, 0
127, 1, 0
125, 2, 0
124, 1, 0
125, 2, 1
122, 1, 0
126, 2, 0
124, 1, 0
125, 2, 0
124, 1, 0
126, 1, 0
126, 2, 0
125, 1, 0
123, 2, 0
126, 1, 0
125, 2, 0
125, 1, 0
125, 2, 0
125, 1, 0
125, 2, 0
125, 1, 0
126, 2, 0
124, 1, 0
126, 2, 0
124, 1, 0
125, 2, 0
125, 1, 0
128, 2, 0
125, 1, 0
124, 2, 0
126, 1, 0
122, 2, 0
125, 1, 0
126, 2, 0
124, 1, 0
125, 2, 0
125, 1, 0
125, 1, 1
124, 2, 0
127, 1, 0
125, 2, 0
124, 1, 0
125, 2, 0
125, 1, 0
126, 2, 0
124, 1, 0
125, 2, 0
125, 2, 0
125, 1, 0
126, 2, 0
124, 2, 0
138, 1, 0
132, 2, 0
124, 1, 0
108, 2, 0
123, 1, 0
125, 2, 0
127, 1, 0
123, 2, 0
126, 1, 0
124, 2, 0
125, 1, 0
125, 2, 0
125, 1, 0
124, 2, 0
126, 2, 0
125, 1, 0
125, 2, 0
126, 1, 0
125, 2, 0
124, 1, 0
124, 2, 0
126, 1, 0
125, 2, 0
126, 1, 0
123, 2, 0
126, 1, 0
125, 2, 0
126, 2, 0
124, 1, 0
128, 2, 0
126, 2, 0
123, 1, 0
125, 2, 0
125, 1, 0
123, 2, 0
126, 1, 0
124, 1, 0
126, 2, 0
123, 2, 0
126, 1, 0
125, 2, 0
125, 2, 0
125, 1, 0
125, 2, 0
126, 1, 0
124, 2, 0
125, 1, 0
126, 2, 0
124, 1, 0
125, 2, 0
125, 2, 0
125, 1, 0
125, 2, 0
124, 2, 0
126, 1, 0
125, 2, 0
128, 1, 0
122, 2, 0
125, 1, 0
125, 2, 0
125, 1, 0
125, 2, 0
124, 2, 0
127, 1, 0
124, 2, 0
125, 1, 0
126, 2, 0
124, 1, 0
125, 2, 0
125, 2, 0
125, 1, 0
125, 2, 0
125, 2, 0
124, 1, 0
126, 2, 0
127, 1, 0
123, 2, 0
125, 1, 0
125, 2, 0
125, 2, 0
125, 2, 0
125, 1, 0
138, 2, -1
113, 1, 0
138, 2, 0
119, 1, 0
146, 2, 0
113, 1, 0
129, 2, 0
197, 2, 0
44, 1, 0
115, 2, 0
122, 1, 0
125, 2, 0
139, 1, 0
126, 2, 0
112, 1, 0
124, 2, 0
125, 2, 0
125, 1, 0
125, 2, -1
123, 2, 0
125, 1, 0
125, 2, 0
125, 1, 0
127, 2, 0
124, 1, 0
124, 2, 0
125, 1, 0
162, 2, 0
112, 1, 0
105, 2, -1
124, 1, 0
125, 2, 0
124, 2, 0
126, 1, 0
123, 2, 0
126, 1, 0
123, 2, 0
125, 1, 0
126, 2, 0
124, 1, 0
126, 2, -1
126, 1, 0
125, 2, 0
124, 1, 0
125, 2, 0
125, 2, 0
125, 1, 0
124, 2, 0
126, 2, 0
125, 1, -1
124, 2, 0
125, 1, 0
126, 2, 0
126, 1, 0
127, 2, 0
136, 1, 0
127, 2, 0
112, 1, 0
122, 1, -1
126, 2, 0
124, 1, 0
125, 2, 0
126, 1, 0
124, 2, 0
125, 1, 0
124, 2, 0
126, 1, 0
125, 2, -1
124, 1, 0
125, 2, 0
127, 1, 0
125, 2, 0
123, 1, 0
126, 2, 0
125, 1, 0
126, 2, -1
123, 1, 0
126, 2, 0
138, 1, 0
123, 2, 0
140, 1, 0
103, 2, -1
121, 1, 0
125, 2, 0
124, 1, 0
125, 1, 0
125, 1, 0
126, 2, 0
126, 1, -1
124, 2, 0
125, 1, 0
126, 1, 0
124, 2, 0
125, 1, 0
126, 2, -1
124, 1, 0
125, 2, 0
125, 1, 0
125, 1, 0
125, 2, 0
127, 1, -1
123, 1, 0
125, 2, 0
125, 1, 0
125, 2, 0
125, 1, -1
125, 1, 0
129, 2, 0
128, 1, 0
118, 1, 0
129, 2, 0
123, 1, 0
572, 5, -1
78, 1, 0
121, 2, -1
121, 1, 0
125, 1, 0
127, 1, 0
123, 2, 0
127, 1, -1
107, 2, 0
123, 1, 0
124, 1, 0
125, 1, -1
125, 2, 0
125, 1, 0
124, 1, 0
128, 1, 0
123, 2, -1
125, 1, 0
125, 1, 0
122, 1, 0
113, 1, 0
125, 2, 0
126, 1, -1
125, 1, 0
124, 1, 0
125, 1, 0
125, 1, -1
125, 2, 0
126, 1, 0
124, 1, 0
125, 1, -1
125, 2, 0
250, 2, 0
125, 1, -1
125, 1, 0
125, 1, 0
125, 1, 0
125, 1, 0
126, 2, -1
124, 1, 0
125, 1, 0
125, 1, 0
125, 1, -1
125, 1, 0
125, 1, 0
126, 1, 0
125, 1, 0
124, 1, -1
125, 1, 0
125, 2, 0
250, 2, 0
125, 0, -1
125, 2, 0
125, 1, 0
125, 1, 0
125, 1, -1
125, 1, 0
125, 1, 0
125, 1, 0
125, 1, -1
125, 1, 0
125, 1, 0
125, 1, -1
125, 1, 0
126, 1, 0
124, 1, 0
125, 1, 0
127, 1, -1
123, 1, 0
125, 1, 0
250, 2, -1
249, 1, 0
126, 1, 0
126, 1, -1
124, 1, 0
125, 1, 0
125, 1, 0
125, 1, -1
250, 1, 0
125, 1, 0
125, 1, -1
125, 1, 0
125, 1, 0
249, 1, 0
126, 1, -1
125, 1, 0
125, 1, 0
125, 1, -1
250, 1, 0
125, 1, 0
125, 1, 0
125, 1, -1
250, 1, 0
125, 1, 0
125, 1, -1
250, 1, 0
125, 1, 0
125, 1, -1
249, 1, 0
126, 1, 0
125, 0, -1
125, 1, 0
125, 1, 0
249, 1, -1
126, 1, 0
249, 1, 0
126, 1, 0
125, 0, -1
125, 1, 0
250, 1, 0
125, 1, -1
249, 1, 0
251, 1, -1
125, 1, 0
250, 1, 0
249, 1, -1
250, 1, 0
250, 1, -1
251, 1, 0
125, 0, -1
125, 1, 0
249, 1, 0
251, 1, 0
125, 0, -1
125, 1, 0
249, 1, 0
250, 0, -1
251, 1, 0
250, 1, -1
250, 1, 0
250, 0, -1
125, 1, 0
389, 1, 0
111, 0, -1
250, 1, 0
374, 0, -1
126, 1, 0
514, 1, -1
485, 1, 0
126, 0, -1
514, 1, 0
111, 0, -1
764, 0, -1
111, 1, 0
639, 0, -1
625, 1, 0
235, 0, -1
879, 0, -1
762, 0, -1
877, 0, -1
878, -1, 0
250, 0, -1
750, -1, 0
249, 0, -1
536, -1, 0
495, -1, -1
598, -1, 0
527, -1, 0
86, 0, -1
259, -1, 0
375, -1, 0
533, -1, 0
92, 0, -1
125, -1, 0
532, -1, 0
218, -1, 0
125, 0, -1
374, -1, 0
250, -1, 0
406, -1, 0
87, 0, -1
126, -1, 0
450, -1, 0
251, -1, 0
376, -1, -1
64, -1, 0
434, -1, 0
96, -1, 0
398, -1, 0
89, -1, 0
166, 0, -1
88, -1, 0
284, -1, 0
250, -1, 0
205, -1, 0
243, -1, 0
138, 0, -1
119, -1, 0
250, -1, 0
124, -1, 0
250, -1, 0
125, -1, 0
250, -1, -1
249, -1, 0
248, -1, 0
125, -1, 0
126, -1, 0
249, -1, 0
127, -1, 0
249, -1, 0
259, -1, 0
120, -1, 0
123, -1, -1
251, -1, 0
248, -1, 0
127, -1, 0
125, -1, 0
249, -1, 0
113, -1, 0
114, -1, 0
250, -1, -1
125, -1, 0
127, -1, 0
268, -1, 0
126, -1, 0
105, -1, 0
249, -2, 0
271, -1, 0
125, -1, 0
251, -1, 0
124, -1, 0
124, -1, 0
254, -1, 0
124, -1, 0
125, -1, 0
105, -1, -1
124, -1, 0
125, -1, 0
123, -1, 0
250, -1, 0
125, -1, 0
145, -1, 0
107, -1, 0
124, -1, 0
250, -1, 0
124, -1, 0
126, -1, 0
125, -1, 0
125, -1, 0
124, -1, 0
125, -1, 0
126, -1, 0
124, -1, 0
127, -1, 0
123, -1, 0
125, -1, 0
251, -2, 0
249, -1, 0
126, -1, 0
125, -2, 0
250, -2, 0
269, -2, 0
250, -2, 0
251, -2, 0
248, -2, 0
251, -2, 0
126, -1, 0
124, -1, 0
126, -1, 0
250, -2, 0
124, -1, 0
126, -1, 0
126, -1, 0
104, -1, 0
128, -1, 0
122, -1, 0
125, -1, 0
124, -1, 0
125, -1, 0
126, -1, 0
125, -1, 0
124, -2, 0
126, -1, 0
125, -1, 0
124, -1, 0
126, -1, 0
124, -1, 0
125, -2, 0
249, -2, 0
126, -1, 0
126, -1, 0
125, -1, 0
124, -1, 0
125, -1, 0
126, -1, 0
125, -2, 0
124, -1, 0
125, -1, 0
125, -1, 0
133, -1, 0
120, -1, 0
123, -2, 0
124, -1, 0
125, -1, 0
125, -1, 0
125, -2, 0
126, -1, 0
124, -1, 0
125, -1, 0
125, -1, 0
127, -1, 0
124, -2, 0
124, -1, 0
125, -2, 0
249, -2, 0
127, -1, 0
193, -1, 0
91, -1, 1
161, -1, 0
89, -2, 0
93, -1, 0
125, -1, 0
123, -1, 0
125, -2, 0
142, -1, 0
151, -2, 0
157, -1, 0
60, -1, 0
188, -1, 0
97, -2, 0
148, -1, 1
63, -2, 0
245, -2, 0
124, -1, 0
125, -2, 0
193, -1, 0
89, -1, 0
161, -1, 0
91, -2, 0
159, -1, 0
89, -2, 0
96, -1, 0
123, -1, 1
124, -2, 0
125, -1, 0
193, -1, 0
85, -1, 0
118, -2, 0
125, -1, 0
128, -2, 0
121, -1, 0
107, -2, 0
123, -1, 0
126, -1, 1
124, -1, 0
126, -2, 0
192, -1, 0
63, -2, 0
188, -1, 0
91, -2, 0
159, -1, 1
89, -2, 0
161, -1, 0
59, -1, 0
123, -1, 0
126, -2, 0
123, -1, 0
193, -2, 0
89, -1, 1
162, -1, 0
91, -2, 0
158, -1, 0
84, -2, 0
99, -1, 0
124, -2, 0
127, -1, 1
123, -2, 0
175, -1, 0
152, -1, 0
62, -2, 0
186, -1, 0
63, -2, 0
185, -1, 1
91, -1, 0
154, -2, 0
60, -1, 0
123, -2, 0
124, -1, 0
195, -2, 1
88, -1, 0
94, -2, 0
123, -1, 0
196, -2, 0
90, -1, 0
157, -2, 0
61, -1, 1
122, -1, 0
193, -2, 0
88, -1, 0
114, -2, 0
105, -1, 0
125, -2, 1
149, -1, 0
120, -2, 0
105, -1, 0
129, -2, 0
126, -1, 0
125, -2, 1
105, -1, 0
124, -2, 0
145, -1, 0
117, -2, 0
113, -1, 1
125, -2, 0
125, -1, 0
136, -2, 0
114, -1, 0
135, -2, 1
115, -1, 0
125, -2, 0
125, -1, 0
137, -2, 0
192, -2, 0
116, -1, 1
108, -2, 0
97, -1, 0
131, -2, 0
125, -1, 0
141, -2, 1
108, -1, 0
125, -2, 0
182, -1, 0
115, -2, 0
140, -1, 0
118, -2, 1
112, -1, 0
82, -2, 0
124, -2, 0
124, -1, 1
125, -2, 0
175, -2, 0
120, -1, 0
105, -2, 0
103, -1, 1
123, -2, 0
124, -1, 0
112, -2, 0
124, -1, 0
125, -2, 1
125, -1, 0
139, -2, 0
113, -1, 0
123, -2, 0
125, -1, 1
125, -2, 0
125, -2, 0
125, -1, 0
149, -2, 1
102, -1, 0
125, -2, 0
135, -1, 0
138, -2, 1
106, -1, 0
123, -2, 0
124, -2, 0
124, -1, 0
126, -2, 1
125, -1, 0
126, -2, 0
124, -2, 0
125, -1, 1
124, -2, 0
126, -1, 0
124, -1, 0
126, -2, 1
125, -2, 0
125, -1, 0
125, -2, 0
126, -2, 0
124, -1, 1
125, -2, 0
124, -1, 0
126, -2, 0
125, -1, 0
132, -2, 1
104, -1, 0
125, -2, 0
124, -1, 0
125, -2, 1
125, -1, 0
125, -2, 0
125, -2, 0
125, -1, 1
125, -2, 0
125, -2, 0
125, -1, 0
125, -2, 0
125, -1, 1
125, -2, 0
125, -1, 0
125, -1, 0
125, -2, 1
125, -1, 0
125, -2, 0
125, -2, 0
125, -2, 0
125, -1, 1
125, -2, 0
125, -1, 0
125, -2, 0
125, -1, 0
126, -2, 1
124, -1, 0
125, -2, 0
125, -1, 1
125, -2, 0
125, -1, 0
125, -2, 0
125, -1, 0
125, -2, 1
125, -1, 0
125, -2, 0
125, -1, 1
125, -2, 0
125, -1, 0
125, -2, 0
125, -1, 0
125, -2, 1
125, -1, 0
125, -2, 0
125, -2, 0
125, -1, 1
125, -2, 0
125, -1, 0
125, -2, 0
125, -1, 0
125, -2, 1
125, -1, 0
125, -2, 0
125, -1, 0
125, -2, 1
125, -1, 0
125, -2, 0
125, -1, 0
125, -2, 1
125, -1, 0
125, -2, 0
125, -1, 0
125, -2, 1
125, -1, 0
125, -1, 0
125, -2, 0
125, -1, 1
125, -2, 0
125, -1, 0
125, -2, 0
125, -1, 0
125, -2, 1
126, -1, 0
124, -2, 0
125, -1, 1
126, -2, 0
124, -1, 0
125, -2, 0
126, -1, 1
124, -2, 0
125, -1, 0
126, -2, 0
124, -1, 1
125, -2, 0
125, -1, 0
125, -2, 0
125, -1, 0
125, -2, 1
125, -1, 0
125, -1, 0
125, -2, 1
125, -1, 0
125, -1, 0
125, -2, 0
125, -1, 0
125, -1, 1
125, -2, 0
125, -1, 0
126, -2, 1
124, -1, 0
125, -2, 0
125, -1, 0
125, -2, 0
128, -1, 1
122, -2, 0
135, -1, 0
118, -2, 1
123, -1, 0
124, -1, 0
125, -2, 0
125, -1, 0
125, -2, 1
125, -1, 0
125, -1, 0
125, -2, 0
125, -1, 1
125, -1, 0
125, -2, 0
125, -1, 0
125, -2, 1
125, -1, 0
125, -1, 0
125, -2, 0
125, -1, 1
125, -1, 0
125, -2, 0
125, -1, 0
125, -2, 1
125, -1, 0
125, -1, 0
125, -2, 0
130, -1, 1
121, -1, 0
124, -2, 0
125, -1, 0
125, -2, 0
125, -1, 1
125, -1, 0
125, -1, 0
125, -2, 0
125, -1, 0
125, -1, 1
125, -2, 0
125, -1, 0
125, -1, 1
125, -1, 0
125, -2, 0
125, -1, 0
125, -1, 0
125, -2, 1
125, -1, 0
125, -1, 0
125, -2, 0
125, -1, 0
125, -1, 1
125, -1, 0
125, -2, 0
125, -1, 0
126, -1, 1
124, -1, 0
126, -2, 0
124, -1, 0
125, -1, 0
125, -1, 1
125, -2, 0
125, -1, 0
125, -1, 0
125, -1, 1
125, -1, 0
125, -2, 0
125, -1, 0
125, -1, 1
125, -1, 0
125, -2, 0
125, -1, 0
125, -1, 0
125, -1, 0
125, -2, 1
125, -1, 0
125, -1, 0
125, -1, 0
125, -2, 1
125, -1, 0
125, -1, 0
125, -1, 0
125, -2, 0
125, 0, 1
125, -2, 0
125, -1, 0
125, -1, 0
125, -1, 0
125, -1, 1
125, -1, 0
125, -2, 0
125, -1, 0
125, -1, 1
125, -1, 0
125, -1, 0
125, -1, 0
125, -1, 0
125, -1, 0
125, -1, 1
125, -2, 0
125, -1, 0
125, -1, 0
125, -1, 0
125, -1, 0
125, -1, 1
125, -2, 0
249, -2, 0
126, -1, 0
126, -1, 1
124, -1, 0
125, -1, 0
125, -1, 0
125, -1, 0
125, -1, 0
125, -2, 1
249, -2, 0
126, -1, 0
125, -1, 0
125, -1, 1
249, -2, 0
126, -1, 0
125, -1, 0
125, -1, 0
125, -1, 1
125, -1, 0
125, -1, 0
125, -1, 0
125, -1, 0
125, -1, 0
125, -1, 1
125, -1, 0
125, -1, 0
125, -1, 0
128, -1, 0
122, -1, 0
125, -1, 0
125, -1, 1
125, -1, 0
249, -2, 0
251, -1, 0
125, -1, 0
125, -1, 1
125, -1, 0
125, -1, 0
125, -1, 0
125, -1, 0
125, -1, 1
125, -1, 0
125, -1, 0
250, -1, 0
125, -1, 0
125, -1, 0
125, -1, 1
125, -1, 0
125, -1, 0
125, -1, 0
250, -1, 0
125, -1, 0
125, -1, 1
125, -1, 0
125, -1, 0
249, -1, 0
126, -1, 0
125, -1, 0
125, -1, 0
125, 0, 1
125, -1, 0
125, -1, 0
125, -1, 0
125, -1, 0
125, -1, 0
249, -1, 0
126, -1, 0
125, -1, 1
249, -1, 0
126, -1, 0
125, -1, 0
249, -1, 0
170, -1, 1
149, -1, 0
249, -1, 0
127, -1, 0
129, -1, 0
245, -1, 0
126, -1, 0
72, -1, 1
249, -1, 0
304, -1, 0
125, -1, 0
249, -1, 0
126, -1, 0
86, -1, 1
254, -1, 0
131, -1, 0
274, -1, 0
87, -1, 0
270, -1, 0
242, -1, 0
123, 0, 1
133, -1, 0
108, -1, 0
261, -1, 0
119, -1, 0
251, -1, 0
248, -1, 0
250, -1, 1
250, -1, 0
240, -1, 0
245, -1, 0
250, -1, 0
250, -1, 0
126, 0, 1
126, -1, 0
250, -1, 0
248, -1, 0
253, -1, 0
377, -1, 0
247, -1, 0
122, 0, 1
132, -1, 0
244, -1, 0
376, -1, 0
374, -1, 0
253, -1, 0
393, -1, 0
236, -1, 1
371, -1, 0
498, -1, 0
376, -1, 0
374, -1, 0
501, -1, 0
374, 0, 1
124, -1, 0
499, -1, 0
504, -1, 0
748, -1, 0
499, -1, 0
1002, -1, 0
130, 0, 1
998, -1, 0
2814, -1, 0
3632, 1, 0
1621, 1, 0
998, 1, 0
878, 1, 0
997, 1, 0
632, 0, 1
62, 1, 0
677, 1, 0
646, 1, 0
612, 1, 0
495, 1, 0
501, 1, 0
503, 1, 0
497, 1, 0
504, 1, 0
326, 1, 0
177, 0, 1
369, 1, 0
376, 1, 0
376, 1, 0
373, 1, 0
376, 1, 0
375, 1, 0
374, 1, 0
205, 1, 0
369, 1, 0
251, 1, 0
372, 1, 0
257, 0, 1
121, 1, 0
300, 1, 0
249, 1, 0
374, 1, 0
252, 1, 0
371, 1, 0
252, 1, 0
204, 1, 0
255, 1, 0
243, 1, 0
249, 1, 0
230, 1, 0
398, 1, 0
124, 1, 0
125, 0, 1
250, 1, 0
123, 1, 0
249, 1, 0
250, 1, 0
251, 1, 0
254, 1, 0
252, 1, 0
236, 1, 0
262, 1, 0
247, 1, 0
248, 1, 0
125, 1, 0
230, 1, 0
273, 1, 0
249, 1, 1
123, 1, 0
250, 1, 0
250, 1, 0
128, 1, 0
249, 1, 0
123, 1, 0
250, 1, 0
250, 1, 0
128, 1, 0
249, 1, 0
251, 1, 0
123, 1, 0
251, 1, 0
124, 1, 0
248, 1, 0
126, 1, 0
251, 1, 0
123, 1, 0
251, 1, 0
124, 1, 0
250, 1, 0
125, 1, 0
251, 1, 0
124, 1, 0
251, 1, 0
112, 1, 0
266, 1, 0
122, 1, 0
253, 1, 0
124, 1, 0
104, 1, 0
250, 1, 0
124, 1, 0
125, 1, 0
249, 1, 0
126, 1, 0
250, 1, 0
125, 1, 0
124, 1, 0
127, 1, 1
252, 1, 0
122, 1, 0
125, 1, 0
251, 1, 0
124, 1, 0
252, 1, 0
124, 1, 0
125, 1, 0
249, 1, 0
127, 1, 0
124, 1, 0
249, 1, 0
124, 1, 0
126, 1, 0
125, 1, 0
250, 1, 0
126, 1, 0
124, 1, 0
125, 1, 0
250, 1, 0
125, 1, 0
125, 1, 0
249, 1, 0
125, 1, 0
128, 1, 0
123, 1, 0
128, 1, 0
249, 1, 0
126, 1, 0
124, 1, 0
125, 1, 0
250, 1, 0
124, 1, 0
124, 1, 0
127, 1, 0
123, 1, 0
249, 1, 0
126, 1, 0
126, 1, 0
126, 1, 0
123, 1, 0
126, 1, 0
124, 1, 0
250, 1, 0
125, 1, 0
125, 1, 0
125, 1, 0
133, 1, 0
133, 1, 0
123, 1, 0
237, 1, 0
128, 1, 0
122, 1, 0
124, 1, 0
125, 1, 0
125, 1, 0
252, 2, 0
248, 2, 0
250, 1, 0
124, 1, 0
125, 1, 0
125, 1, 0
126, 1, 0
125, 1, 0
124, 1, 0
251, 2, 0
250, 1, 0
125, 1, 0
125, 1, 0
129, 1, 0
124, 1, 0
124, 1, 0
124, 1, 0
125, 1, 0
123, 1, 0
127, 1, 0
250, 2, 0
250, 2, 0
248, 1, 0
125, 1, 0
126, 1, 0
124, 1, 0
126, 1, 0
125, 1, -1
125, 1, 0
125, 1, 0
124, 1, 0
125, 1, 0
125, 1, 0
125, 1, 0
125, 1, 0
126, 1, 0
125, 1, 0
126, 1, 0
124, 1, 0
251, 2, 0
249, 2, 0
252, 2, 0
249, 1, 0
124, 1, 0
126, 1, 0
123, 1, 0
125, 1, 0
125, 1, 0
126, 1, -1
124, 1, 0
125, 1, 0
125, 1, 0
126, 1, 0
126, 1, 0
124, 1, 0
126, 1, 0
124, 1, 0
125, 1, 0
125, 1, 0
130, 1, 0
121, 1, 0
124, 1, 0
126, 1, 0
125, 1, 0
124, 1, 0
125, 1, 0
125, 1, 0
126, 1, -1
124, 1, 0
250, 2, 0
251, 2, 0
250, 1, 0
123, 1, 0
125, 2, 0
250, 2, 0
250, 2, 0
251, 1, 0
125, 1, 0
125, 1, 0
125, 1, 0
129, 1, -1
123, 1, 0
124, 1, 0
125, 1, 0
124, 1, 0
129, 1, 0
122, 1, 0
125, 1, 0
125, 1, 0
124, 1, 0
125, 1, 0
126, 1, -1
124, 1, 0
125, 1, 0
126, 1, 0
125, 1, 0
124, 1, 0
125, 1, 0
125, 1, 0
125, 1, 0
125, 1, 0
125, 1, 0
125, 1, 0
125, 1, 0
127, 1, -1
123, 1, 0
125, 1, 0
126, 1, 0
125, 1, 0
140, 1, 0
243, 2, 0
117, 1, 0
126, 1, 0
124, 0, -1
124, 2, 0
251, 1, 0
124, 1, 0
125, 1, 0
125, 1, 0
125, 1, 0
125, 1, 0
126, 1, 0
124, 1, -1
125, 1, 0
125, 1, 0
125, 1, 0
125, 1, 0
125, 1, 0
125, 1, 0
125, 1, 0
126, 1, -1
152, 1, 0
149, 1, 0
213, 1, 0
110, 1, 0
126, 1, 0
124, 1, 0
125, 1, 0
125, 1, -1
128, 1, 0
121, 1, 0
125, 1, 0
125, 1, 0
250, 2, 0
125, 0, -1
126, 2, 0
250, 1, 0
126, 1, 0
124, 1, 0
126, 1, 0
125, 1, 0
124, 1, 0
126, 1, -1
124, 1, 0
125, 1, 0
127, 1, 0
125, 1, 0
258, 2, -1
242, 1, 0
124, 1, 0
123, 1, 0
125, 1, 0
125, 1, 0
127, 1, -1
249, 2, 0
250, 1, 0
126, 1, 0
124, 1, 0
125, 1, 0
125, 1, -1
125, 1, 0
125, 1, 0
249, 1, 0
126, 1, 0
126, 1, 0
124, 1, -1
125, 1, 0
126, 1, 0
125, 1, 0
250, 1, 0
124, 1, 0
125, 1, -1
125, 1, 0
125, 1, 0
125, 1, 0
250, 1, -1
126, 1, 0
124, 1, 0
125, 1, 0
125, 1, 0
125, 1, 0
250, 1, -1
125, 1, 0
125, 1, 0
125, 1, 0
126, 1, 0
124, 1, 0
250, 1, -1
125, 1, 0
141, 1, 0
235, 1, 0
127, 1, 0
126, 1, -1
123, 1, 0
125, 1, 0
249, 1, 0
125, 1, 0
125, 1, -1
249, 1, 0
126, 1, 0
124, 1, 0
250, 1, 0
125, 1, -1
124, 1, 0
126, 1, 0
250, 1, 0
124, 1, 0
127, 1, -1
265, 1, 0
118, 1, 0
119, 1, 0
251, 1, -1
122, 1, 0
251, 1, 0
124, 1, 0
250, 1, -1
124, 1, 0
124, 1, 0
250, 1, 0
126, 1, -1
250, 1, 0
124, 1, 0
250, 1, 0
125, 1, -1
251, 1, 0
125, 1, 0
250, 1, 0
125, 1, -1
251, 1, 0
249, 1, 0
126, 1, 0
125, 1, -1
251, 1, 0
248, 1, 0
124, 1, -1
250, 1, 0
251, 1, 0
125, 1, 0
126, 0, -1
123, 1, 0
250, 1, 0
250, 1, 0
126, 1, -1
249, 1, 0
251, 1, 0
132, 0, -1
121, 1, 0
247, 1, 0
251, 1, -1
250, 1, 0
125, 1, 0
375, 1, -1
248, 1, 0
250, 1, 0
251, 1, -1
249, 1, 0
250, 1, 0
126, 0, -1
126, 1, 0
250, 1, 0
377, 1, -1
249, 1, 0
249, 1, 0
251, 0, -1
125, 1, 0
374, 1, 0
249, 1, -1
251, 1, 0
374, 0, -1
125, 1, 0
375, 1, 0
251, 0, -1
124, 1, 0
378, 1, 0
249, 0, -1
249, 1, 0
376, 1, 0
125, 0, -1
249, 1, 0
500, 1, -1
624, 1, 0
249, 0, -1
376, 1, 0
516, 0, -1
111, 1, 0
751, 0, -1
123, 1, 0
626, 0, -1
248, 1, 0
877, 0, -1
750, 1, 0
129, 0, -1
1124, 0, -1
1193, 0, -1
1252, 0, -1
1374, 0, -1
247, -1, 0
1252, -1, 0
94, 0, -1
784, -1, 0
500, 0, -1
245, -1, 0
753, -1, 0
521, -1, 0
479, 0, -1
246, -1, 0
499, -1, 0
501, -1, 0
626, -1, 0
88, 0, -1
410, -1, 0
523, -1, 0
355, -1, 0
378, -1, 0
61, 0, -1
445, -1, 0
370, -1, 0
374, -1, 0
368, -1, 0
377, -1, 0
89, 0, -1
286, -1, 0
377, -1, 0
378, -1, 0
375, -1, 0
249, -1, 0
62, 0, -1
311, -1, 0
251, -1, 0
371, -1, 0
252, -1, 0
373, -1, 0
251, -1, 0
332, -1, 0
172, 0, -1
64, -1, 0
309, -1, 0
251, -1, 0
377, -1, 0
251, -1, 0
369, -1, 0
87, -1, 0
412, -1, 0
250, -1, -1
92, -1, 0
409, -1, 0
204, -1, 0
298, -1, 0
93, -1, 0
416, -1, 0
63, -1, 0
304, -1, 0
250, -1, 0
245, -1, 0
255, -1, 0
204, -1, 0
245, -1, 0
124, -1, 0
374, -1, 0
106, -1, 0
128, 0, -1
122, -1, 0
250, -1, 0
124, -1, 0
250, -1, 0
324, -1, 0
57, -1, 0
317, -1, 0
247, -1, 0
203, -1, 0
123, -1, 0
251, -1, 0
126, -1, 0
251, -1, 0
245, -1, 0
126, -1, 0
252, -1, 0
251, -1, 0
121, -1, 0
259, -1, 0
120, -1, 0
250, -1, 0
125, -1, 0
250, -1, 0
127, -1, 0
246, -1, 0
125, -1, 0
250, -1, 0
123, -1, 0
252, -1, 0
125, -1, 0
124, -1, 0
252, -1, 0
248, -1, 0
125, -1, 0
249, -1, 0
131, -1, 0
124, -1, 0
248, -1, 0
124, -1, 0
126, -1, 0
230, -1, 0
123, -1, 0
126, -1, 0
251, -1, 0
123, -1, 0
124, -1, 0
251, -1, 0
126, 0, 1
124, -1, 0
125, -1, 0
125, -1, 0
250, -1, 0
125, -1, 0
126, -1, 0
249, -1, 0
143, -1, 0
111, -1, 0
249, -1, 0
124, -1, 0
124, -1, 0
251, -1, 1
123, -1, 0
125, -1, 0
126, -1, 0
250, -1, 0
123, -1, 0
126, -1, 0
250, -1, 0
125, -1, 0
125, -1, 0
250, -1, 0
126, -1, 1
127, -1, 0
122, -1, 0
126, -1, 0
248, -1, 0
127, -1, 0
255, -1, 0
120, -1, 0
126, -1, 0
124, -1, 0
250, -1, 1
124, -1, 0
124, -1, 0
125, -1, 0
249, -1, 0
126, -1, 0
126, -1, 0
124, -1, 0
125, -1, 0
250, -1, 1
125, -1, 0
126, -1, 0
125, -1, 0
251, -1, 0
124, -1, 0
125, -1, 0
126, -1, 0
125, 0, 1
124, -1, 0
125, -1, 0
125, -1, 0
126, -1, 0
249, -1, 0
125, -1, 0
125, -1, 0
125, -1, 0
126, -1, 1
248, -1, 0
126, -1, 0
126, -1, 0
124, -1, 0
126, -1, 0
124, 0, 1
125, -1, 0
125, -1, 0
125, -1, 0
263, -2, 0
250, -1, 0
114, -1, 0
141, -1, 0
114, -1, 1
245, -1, 0
124, -1, 0
125, -1, 0
251, -1, 0
124, -1, 0
126, -1, 0
124, -1, 1
124, -1, 0
249, -1, 0
127, -1, 0
124, -1, 0
126, -1, 0
124, -1, 1
250, -1, 0
125, -1, 0
125, -1, 0
125, -1, 0
125, -1, 0
249, -1, 0
128, -1, 0
127, -1, 1
124, -1, 0
123, -1, 0
250, -1, 0
124, -1, 0
127, -1, 0
124, -1, 0
250, -1, 0
125, -1, 1
124, -1, 0
125, -1, 0
125, -1, 0
249, -1, 0
127, -1, 0
125, -1, 0
124, -1, 1
125, -1, 0
250, -1, 0
125, -1, 0
125, -1, 0
249, -1, 0
126, -1, 0
129, -1, 1
121, -1, 0
249, -1, 0
127, -1, 0
126, -1, 0
249, -1, 0
124, -1, 0
127, -1, 1
123, -1, 0
126, -1, 0
248, -1, 0
126, -1, 0
125, -1, 0
251, -1, 1
125, -1, 0
124, -1, 0
125, -1, 0
125, -1, 0
249, -1, 0
127, -1, 0
124, -1, 0
137, 0, 1
114, -1, 0
125, -1, 0
125, -1, 0
248, -1, 0
129, -1, 0
246, -1, 0
127, -1, 0
126, -1, 0
124, 0, 1
124, -1, 0
125, -1, 0
125, -1, 0
249, -1, 0
127, -1, 0
124, -1, 0
251, -1, 0
124, -1, 1
250, -1, 0
124, -1, 0
249, -1, 0
130, -1, 0
124, -1, 0
251, -1, 0
123, -1, 1
249, -1, 0
124, -1, 0
250, -1, 0
126, -1, 0
250, -1, 0
124, -1, 0
125, -1, 0
251, -1, 1
124, -1, 0
249, -1, 0
126, -1, 0
251, -1, 0
249, -1, 0
126, -1, 1
142, -1, 0
248, -1, 0
239, -1, 0
123, -1, 0
248, -1, 0
250, -1, 0
124, -1, 0
251, -1, 1
125, -1, 0
249, -1, 0
250, -1, 0
250, -1, 0
126, -1, 0
251, -1, 0
125, -1, 0
249, -1, 1
271, -1, 0
238, -1, 0
142, -1, 0
229, -1, 0
246, -1, 0
249, -1, 0
252, -1, 0
249, -1, 0
125, 0, 1
124, -1, 0
249, -1, 0
251, -1, 0
125, -1, 0
250, -1, 0
249, -1, 0
250, -1, 0
253, -1, 0
250, -1, 0
250, -1, 0
374, -1, 0
125, -1, 1
375, -1, 0
249, -1, 0
249, -1, 0
250, -1, 0
375, -1, 0
252, -1, 0
373, -1, 0
253, -1, 0
375, -1, 0
248, -1, 0
375, -1, 0
251, -1, 0
500, -1, 0
248, -1, 1
375, -1, 0
377, -1, 0
500, -1, 0
250, -1, 0
501, -1, 0
498, -1, 0
378, -1, 0
498, -1, 0
506, -1, 0
495, -1, 0
522, -1, 0
756, -1, 0
617, -1, 0
747, -1, 0
928, -1, 0
1251, -1, 0
1627, -1, 0
9126, 1, 0
2247, 1, 0
1750, 1, 0
1500, 1, 0
1374, 1, 0
1251, 1, 0
996, 1, 0
1125, 1, 0
875, 1, 0
755, 1, 0
871, 1, 0
878, 1, 0
753, 1, 0
748, 1, 0
621, 1, 0
629, 1, 0
621, 0, -1
93, 1, 0
660, 1, 0
622, 1, 0
627, 1, 0
500, 1, 0
623, 1, 0
498, 1, 0
501, 1, 0
627, 1, 0
504, 1, 0
497, 1, 0
454, 1, 0
544, 1, 0
457, 1, 0
245, 0, -1
299, 1, 0
499, 1, 0
504, 1, 0
496, 1, 0
379, 1, 0
373, 1, 0
500, 1, 0
449, 1, 0
370, 1, 0
500, 1, 0
376, 1, 0
135, 0, -1
240, 1, 0
500, 1, 0
374, 1, 0
383, 1, 0
352, 1, 0
569, 1, 0
379, 1, 0
371, 1, 0
502, 1, 0
252, 0, -1
62, 1, 0
430, 1, 0
379, 1, 0
482, 1, 0
409, 1, 0
484, 1, 0
377, 1, 0
375, 1, 0
374, 1, 0
208, 1, 0
117, 0, -1
422, 1, 0
510, 1, 0
177, 1, 0
512, 1, 0
375, 1, 0
372, 1, 0
378, 1, 0
250, 0, -1
238, 1, 0
386, 1, 0
500, 1, 0
287, 1, 0
483, 1, 0
356, 1, 0
363, 1, 0
262, 0, -1
140, 1, 0
491, 1, 0
369, 1, 0
375, 1, 0
493, 1, 0
375, 1, 0
517, 1, 0
357, 1, 0
139, 0, -1
360, 1, 0
501, 1, 0
374, 1, 0
373, 1, 0
504, 1, 0
374, 1, 0
487, 1, 0
512, 1, 0
133, 0, -1
368, 1, 0
500, 1, 0
499, 1, 0
421, 1, 0
475, 1, 0
622, 1, 0
372, 1, -1
624, 1, 0
500, 1, 0
502, 1, 0
498, 1, 0
623, 1, 0
624, 1, 0
125, 0, -1
376, 1, 0
749, 1, 0
630, 1, 0
622, 1, 0
751, 1, 0
250, 0, -1
376, 1, 0
747, 1, 0
753, 1, 0
874, 1, 0
750, 1, 0
1000, 1, 0
624, 0, -1
251, 1, 0
1125, 1, 0
1127, 1, 0
1676, 1, 0
1498, 1, 0
2125, 1, 0
625, 0, -1
5378, 1, 0
57498, -1, 0
12627, -1, -1
11001, -1, 0
8746, 0, -1
9377, 0, -1
5247, 0, -1
5378, 0, -1
3748, 0, -1
3375, 0, -1
4375, 0, -1
3374, 0, -1
2501, 0, -1
500, 1, 0
2375, 0, -1
2500, 0, -1
1749, 0, -1
93, 1, 0
2408, 0, -1
2366, 0, -1
1634, 0, -1
1249, 1, 0
876, 0, -1
2250, 0, -1
1625, 0, -1
2502, 1, -1
2250, 0, -1
2373, 0, -1
2501, 0, -1
2751, 0, -1
2621, 0, -1
2123, 0, -1
2504, 0, -1
2627, 0, -1
2250, 0, -1
2747, 0, -1
3250, 0, -1
2753, 0, -1
3623, 0, -1
4124, 0, -1
8003, 0, -1
70646, 0, 0
135875, 0, 0
