offset, x, y
1200, 1, 0
1754, 0, 1
119, 1, 0
1369, 1, 0
876, 1, 0
763, 0, 1
253, 1, 0
984, 1, 0
874, 1, 0
125, 0, 1
626, 1, 0
624, 1, 0
375, 0, 1
248, 1, 0
627, 1, 0
750, 1, 1
500, 1, 0
625, 1, 0
507, 1, 0
250, 0, 1
374, 1, 0
494, 1, 0
495, 1, 1
630, 1, 0
377, 1, 0
507, 1, 0
248, 0, 1
240, 1, 0
399, 1, 0
539, 1, 0
318, 0, 1
123, 1, 0
379, 1, 0
478, 1, 0
374, 1, 0
250, 0, 1
126, 1, 0
499, 1, 0
377, 1, 0
373, 1, 0
126, 0, 1
250, 1, 0
379, 1, 0
371, 1, 0
375, 1, 0
374, 1, 0
250, 0, 1
125, 1, 0
405, 1, 0
345, 1, 0
375, 1, 0
407, 1, 0
344, 1, 1
250, 1, 0
375, 1, 0
375, 1, 0
249, 1, 0
408, 1, 0
342, 1, 0
249, 1, 0
251, 0, 1
126, 1, 0
411, 1, 0
213, 1, 0
406, 1, 0
219, 1, 0
404, 1, 0
345, 1, 0
251, 1, 0
249, 1, 0
376, 1, 0
249, 1, 0
252, 1, 0
405, 1, 0
218, 1, 0
251, 1, 1
375, 1, 0
250, 1, 0
252, 1, 0
390, 1, 0
236, 1, 0
249, 1, 0
250, 1, 0
452, 1, 0
170, 1, 0
250, 1, 0
251, 1, 0
250, 1, 0
250, 1, 0
249, 1, 0
404, 1, 0
222, 1, 0
250, 1, 0
249, 1, 0
250, 1, 0
406, 1, 0
220, 1, 0
250, 1, 0
250, 1, 0
405, 1, 0
220, 1, 0
126, 0, 1
248, 1, 0
251, 1, 0
250, 1, 0
375, 1, 0
404, 1, 0
377, 1, 1
217, 1, 0
406, 1, 0
220, 1, 0
374, 1, 0
250, 0, 1
126, 1, 0
407, 1, 0
342, 1, 0
125, 0, 1
250, 1, 0
408, 1, 0
217, 0, 1
126, 1, 0
406, 1, 0
343, 1, 0
126, 0, 1
249, 1, 0
408, 1, 0
93, 0, 1
249, 1, 0
406, 1, 0
94, 0, 1
251, 1, 0
403, 1, 1
377, 1, 0
395, 1, 1
331, 1, 0
245, 1, 0
250, 0, 1
124, 1, 0
400, 1, 0
261, 0, 1
123, 1, 0
340, 1, 0
126, 0, 1
125, 1, 0
409, 1, 0
216, 0, 1
250, 1, 0
249, 1, 0
251, 0, 1
126, 1, 0
414, 1, 0
85, 0, 1
125, 1, 0
376, 1, 0
252, 0, 1
132, 1, 0
242, 1, 0
420, 1, 0
79, 0, 1
251, 1, 0
249, 1, 0
126, 0, 1
250, 1, 0
376, 1, 0
125, 0, 1
125, 1, 0
543, 1, 0
206, 1, 0
125, 0, 1
125, 1, 0
416, 1, 0
85, 0, 1
250, 1, 0
251, 1, 0
418, 1, 1
400, 1, 0
180, 1, 0
126, 0, 1
250, 1, 0
249, 1, 0
250, 0, 1
125, 1, 0
250, 1, 0
374, 1, 0
126, 0, 1
249, 1, 0
251, 1, 0
249, 0, 1
126, 1, 0
416, 1, 0
208, 1, 1
376, 1, 0
421, 1, 0
79, 0, 1
125, 1, 0
417, 1, 0
208, 0, 1
125, 1, 0
250, 1, 0
418, 1, 1
404, 1, 0
177, 1, 0
250, 0, 1
126, 1, 0
250, 1, 0
250, 0, 1
125, 1, 0
256, 1, 0
369, 1, 0
124, 0, 1
250, 1, 0
375, 1, 0
250, 1, 1
250, 1, 0
410, 1, 0
215, 0, 1
126, 1, 0
249, 1, 0
411, 1, 1
397, 1, 0
214, 1, 0
229, 1, 1
408, 1, 0
383, 1, 1
208, 1, 0
411, 1, 0
213, 0, 1
127, 1, 0
249, 1, 0
414, 1, 1
211, 1, 0
411, 1, 0
214, 1, 0
125, 0, 1
252, 1, 0
277, 1, 1
346, 1, 0
248, 1, 0
250, 0, 1
127, 1, 0
411, 1, 0
212, 1, 0
125, 0, 1
134, 1, 0
400, 1, 0
216, 1, 1
407, 1, 0
343, 1, 1
250, 1, 0
250, 1, 0
376, 1, 1
249, 1, 0
374, 1, 0
128, 0, 1
123, 1, 0
377, 1, 0
123, 0, 1
125, 1, 0
407, 1, 0
218, 1, 0
125, 0, 1
126, 1, 0
374, 1, 0
250, 1, 1
250, 1, 0
409, 1, 0
92, 0, 1
124, 1, 0
375, 1, 0
250, 1, 1
405, 1, 0
246, 1, 1
265, 1, 0
335, 1, 0
250, 1, 1
249, 1, 0
407, 1, 0
94, 0, 1
125, 1, 0
407, 1, 0
94, 0, 1
124, 1, 0
375, 1, 0
250, 1, 1
250, 1, 0
432, 1, 0
69, 1, 1
409, 1, 0
216, 0, 1
125, 1, 0
249, 1, 0
254, 1, 0
247, 1, 1
376, 1, 0
250, 1, 0
125, 0, 1
125, 1, 0
411, 1, 0
213, 1, 1
250, 1, 0
250, 1, 0
250, 0, 1
125, 1, 0
250, 1, 0
409, 1, 1
216, 1, 0
449, 1, 0
60, 0, 1
117, 1, 0
408, 1, 0
216, 1, 0
126, 0, 1
249, 1, 0
250, 1, 0
253, 1, 0
248, 0, 1
124, 1, 0
250, 1, 0
249, 0, 1
128, 1, 0
249, 1, 0
249, 1, 0
251, 0, 1
125, 1, 0
249, 1, 0
443, 1, 0
58, 0, 1
125, 1, 0
414, 1, 0
335, 1, 1
250, 1, 0
445, 1, 0
180, 1, 0
125, 0, 1
250, 1, 0
250, 1, 0
417, 1, 1
429, 1, 0
279, 1, 0
250, 1, 1
375, 1, 0
412, 1, 0
89, 0, 1
124, 1, 0
375, 1, 0
411, 1, 0
90, 0, 1
249, 1, 0
375, 1, 0
375, 1, 1
417, 1, 0
333, 1, 0
251, 0, 1
248, 1, 0
250, 1, 0
540, 1, 0
86, 0, 1
250, 1, 0
500, 1, 0
423, 1, 0
78, 0, 1
374, 1, 0
417, 0, 1
83, 1, 0
537, 1, 0
337, 1, 0
413, 0, 1
213, 1, 0
667, 1, 0
499, 1, 1
627, 1, 0
331, 0, 1
250, 1, 0
935, 1, 0
607, 1, 1
1032, 1, 0
678, 0, 1
124, 1, 0
1300, 1, 0
102, 0, 1
1396, 1, 0
452, 0, 1
1000, 1, 0
1311, 0, 1
813, 1, 0
889, 0, 1
2787, 0, 1
85, 1, 0
2413, 0, 1
2012, 0, 1
2109, 0, 1
848, -1, 0
1252, 0, 1
1257, -1, 0
617, 0, 1
1253, -1, 0
906, 0, 1
592, -1, 0
1246, 0, 1
136, -1, 0
1366, -1, 0
125, 0, 1
1028, -1, 0
853, 0, 1
245, -1, 0
1001, -1, 0
623, 0, 1
375, -1, 0
1017, -1, 0
233, 0, 1
499, -1, 0
750, -1, 0
625, 0, 1
251, -1, 0
751, -1, 0
674, 0, 1
80, -1, 0
628, -1, 0
743, -1, 0
625, -1, 0
124, 0, 1
502, -1, 0
632, -1, 0
751, -1, 0
619, -1, 0
126, 0, 1
381, -1, 0
511, -1, 0
628, -1, 0
620, -1, 0
252, 0, 1
242, -1, 0
493, -1, 0
512, -1, 0
483, -1, 0
506, -1, 0
498, -1, 0
506, -1, 0
372, -1, 0
371, 0, 1
131, -1, 0
497, -1, 0
371, -1, 0
378, -1, 0
501, -1, 0
371, -1, 0
504, -1, 0
373, -1, 0
377, -1, 0
499, -1, 0
374, -1, 0
386, -1, 0
368, -1, 0
540, -1, 0
232, -1, 0
347, -1, 0
375, -1, 0
376, -1, 0
247, -1, 0
501, -1, 0
252, -1, 0
374, -1, 0
375, -1, 0
376, -1, 0
373, -1, 0
249, -1, 0
252, -1, 0
373, -1, 0
376, -1, 0
242, -1, 0
381, -1, -1
249, -1, 0
382, -1, 0
242, -1, 0
248, -1, 0
372, -1, 0
253, -1, 0
373, -1, 0
249, -1, 0
255, 0, -1
132, -1, 0
248, -1, 0
244, -1, 0
256, -1, 0
244, -1, 0
373, -1, 0
250, -1, 0
245, -1, -1
250, -1, 0
250, -1, 0
375, -1, 0
259, -1, 0
242, -1, 0
248, -1, -1
251, -1, 0
250, -1, 0
253, -1, 0
249, -1, 0
248, -1, 0
255, -1, -1
249, -1, 0
120, -1, 0
253, -1, 0
253, -1, 0
245, -1, 0
252, -1, 0
125, 0, -1
122, -1, 0
243, -1, 0
251, -1, 0
250, -1, 0
126, -1, 0
258, -1, 0
126, 0, -1
124, -1, 0
240, -1, 0
125, -1, 0
250, -1, 0
249, -1, 0
127, 0, -1
124, -1, 0
249, -1, 0
126, -1, 0
125, -1, 0
249, -1, 0
251, -1, 0
252, -1, -1
248, -1, 0
126, -1, 0
249, -1, 0
125, -1, 0
249, -1, -1
126, -1, 0
250, -1, 0
250, -1, 0
125, -1, 0
249, -1, 0
250, -1, -1
127, -1, 0
249, -1, 0
126, -1, 0
252, -1, 0
122, -1, 0
250, -1, -1
125, -1, 0
249, -1, 0
126, -1, 0
252, -1, 0
124, -1, 0
124, 0, -1
125, -1, 0
126, -1, 0
249, -1, 0
251, -1, 0
124, -1, 0
125, -1, 0
250, -1, -1
125, -1, 0
125, -1, 0
249, -1, 0
250, -1, 0
126, -1, -1
126, -1, 0
250, -1, 0
124, -1, 0
125, -1, 0
249, -1, 0
251, -1, -1
125, -1, 0
125, -1, 0
250, -1, 0
125, -1, 0
126, -1, 0
249, -1, 0
125, -1, 0
125, -1, -1
249, -1, 0
126, -1, 0
249, -1, 0
251, -1, 0
125, -1, 0
127, -1, -1
247, -1, 0
125, -1, 0
126, -1, 0
249, -1, 0
126, -1, 0
131, -1, -1
244, -1, 0
125, -1, 0
125, -1, 0
249, -1, 0
124, -1, 0
127, -1, 0
125, 0, -1
125, -1, 0
125, -1, 0
125, -1, 0
249, -1, 0
125, -1, 0
125, -1, -1
250, -1, 0
125, -1, 0
124, -1, 0
250, -1, 0
126, -1, 0
153, -1, 0
124, -1, 0
249, -1, -1
126, -1, 0
99, -1, 0
254, -1, 0
122, -1, 0
250, -1, 0
124, -1, -1
125, -1, 0
249, -1, 0
126, -1, 0
125, -1, 0
125, -1, 0
126, -1, 0
249, -1, 0
126, -1, -1
124, -1, 0
251, -1, 0
124, -1, 0
251, -1, 0
124, -1, 0
126, -1, 0
124, -1, -1
251, -1, 0
124, -1, 0
126, -1, 0
249, -1, 0
126, -1, 0
124, -1, 0
125, -1, -1
249, -1, 0
127, -1, 0
124, -1, 0
250, -1, 0
125, -1, 0
125, -1, 0
250, -1, 0
126, -1, -1
125, -1, 0
249, -1, 0
125, -1, 0
125, -1, 0
252, -2, 0
249, -1, 0
124, -1, -1
126, -1, 0
248, -1, 0
126, -1, 0
125, -1, 0
251, -1, 0
125, -1, 0
125, -1, 0
124, 0, -1
125, -1, 0
125, -1, 0
125, -1, 0
250, -1, 0
126, -1, 0
129, -1, 0
246, -1, 0
126, -1, -1
125, -1, 0
249, -1, 0
126, -1, 0
125, -1, 0
249, -1, 0
126, -1, 0
124, -1, 0
250, -1, -1
126, -1, 0
249, -1, 0
125, -1, 0
126, -1, 0
249, -1, 0
126, -1, 0
126, -1, 0
248, -1, -1
126, -1, 0
125, -1, 0
249, -1, 0
126, -1, 0
250, -1, 0
125, -1, 0
249, -1, 0
124, -1, -1
127, -1, 0
249, -1, 0
127, -1, 0
248, -1, 0
126, -1, 0
249, -1, 0
126, -1, -1
129, -1, 0
249, -1, 0
248, -1, 0
121, -1, 0
127, -1, 0
248, -1, 0
134, 0, -1
125, -1, 0
116, -1, 0
125, -1, 0
249, -1, 0
251, -1, 0
126, -1, 0
249, -1, 0
125, -1, 0
125, 0, -1
125, -1, 0
250, -1, 0
126, -1, 0
249, -1, 0
250, -1, 0
125, -1, 0
126, 0, -1
124, -1, 0
249, -1, 0
126, -1, 0
251, -1, 0
249, -1, 0
251, -1, 0
124, -1, 0
125, 0, -1
125, -1, 0
250, -1, 0
125, -1, 0
250, -1, 0
250, -1, 0
250, -1, 0
250, -1, -1
250, -1, 0
250, -1, 0
250, -1, 0
249, -1, 0
251, -1, 0
125, 0, -1
125, -1, 0
250, -1, 0
275, -1, 0
224, -1, 0
249, -1, 0
408, -1, 0
93, 0, -1
125, -1, 0
249, -1, 0
375, -1, 0
251, -1, 0
405, -1, 0
219, 0, -1
126, -1, 0
249, -1, 0
375, -1, 0
407, -1, 0
419, -1, 0
174, 0, -1
126, -1, 0
407, -1, 0
504, -1, 0
338, -1, 0
503, -1, -1
497, -1, 0
536, -1, 0
589, -1, -1
754, -1, 0
771, -1, 0
375, 0, -1
382, -1, 0
1375, -1, 0
468, 0, -1
2922, 0, -1
3583, 0, -1
1381, 1, 0
1119, 1, 0
1125, 0, -1
126, 1, 0
1124, 1, 0
626, 1, 0
124, 0, -1
750, 1, 0
625, 1, 0
624, 1, -1
500, 1, 0
750, 1, 0
532, 1, -1
421, 1, 0
579, 1, 0
373, 1, 0
218, 0, -1
126, 1, 0
532, 1, 0
374, 1, 0
218, 0, -1
126, 1, 0
378, 1, 0
414, 1, 0
337, 1, -1
371, 1, 0
373, 1, 0
268, 1, 0
109, 0, -1
248, 1, 0
277, 1, 0
351, 1, 0
124, 0, -1
126, 1, 0
373, 1, 0
252, 1, 0
423, 1, -1
200, 1, 0
250, 1, 0
251, 1, 0
125, 0, -1
249, 1, 0
250, 1, 0
250, 1, 0
251, 1, -1
249, 1, 0
250, 1, 0
250, 1, 0
126, 0, -1
125, 1, 0
250, 1, 0
249, 1, 0
250, 1, -1
126, 1, 0
251, 1, 0
248, 1, 0
125, 0, -1
126, 1, 0
252, 1, 0
124, 1, 0
248, 1, 0
125, 0, -1
126, 1, 0
249, 1, 0
126, 1, 0
251, 1, 0
124, 0, -1
125, 1, 0
125, 1, 0
249, 1, 0
250, 1, 0
171, 1, -1
113, 1, 0
260, 1, 0
237, 1, 0
127, 0, -1
103, 1, 0
116, 1, 0
125, 1, 0
253, 1, 0
247, 1, -1
132, 1, 0
242, 1, 0
250, 1, 0
124, 1, -1
126, 1, 0
249, 1, 0
125, 1, 0
250, 1, 0
125, 1, -1
250, 1, 0
125, 1, 0
125, 1, 0
252, 1, -1
249, 1, 0
126, 1, 0
125, 1, 0
249, 1, -1
125, 1, 0
126, 1, 0
249, 1, 0
126, 1, 0
125, 1, -1
249, 1, 0
126, 1, 0
125, 1, 0
249, 1, 0
126, 1, -1
125, 1, 0
249, 1, 0
125, 1, 0
126, 1, -1
249, 1, 0
125, 1, 0
126, 1, 0
249, 1, 0
125, 1, -1
126, 1, 0
250, 2, 0
249, 1, 0
126, 1, -1
125, 1, 0
249, 1, 0
125, 1, 0
126, 1, -1
125, 1, 0
125, 1, 0
252, 1, 0
123, 1, 0
129, 1, -1
120, 1, 0
250, 1, 0
126, 1, 0
125, 1, 0
143, 1, 0
106, 1, -1
249, 1, 0
127, 1, 0
124, 1, 0
126, 1, -1
124, 1, 0
125, 1, 0
126, 1, 0
249, 1, -1
126, 1, 0
124, 1, 0
125, 1, 0
125, 1, 0
132, 0, -1
118, 1, 0
126, 1, 0
124, 1, 0
125, 1, 0
125, 1, 0
125, 1, 0
125, 1, -1
125, 1, 0
125, 1, 0
250, 1, -1
126, 1, 0
124, 1, 0
125, 1, 0
126, 1, 0
124, 1, 0
125, 1, -1
125, 1, 0
124, 1, 0
126, 1, 0
124, 1, 0
126, 0, -1
125, 1, 0
125, 1, 0
124, 1, 0
126, 1, 0
125, 1, -1
124, 1, 0
126, 1, 0
124, 1, 0
125, 1, 0
126, 1, -1
354, 2, 0
20, 1, 0
251, 2, -1
249, 1, 0
126, 1, 0
125, 1, 0
126, 1, -1
124, 1, 0
125, 1, 0
126, 1, 0
124, 1, 0
125, 1, 0
125, 1, -1
125, 1, 0
126, 1, 0
124, 1, 0
125, 1, 0
125, 1, -1
125, 1, 0
249, 2, 0
251, 2, -1
125, 1, 0
125, 1, 0
250, 2, 0
125, 0, -1
125, 2, 0
250, 2, 0
249, 2, -1
253, 1, 0
124, 1, 0
124, 1, 0
125, 1, -1
128, 2, 0
248, 1, 0
125, 1, -1
124, 1, 0
127, 1, 0
125, 1, 0
124, 1, -1
125, 1, 0
125, 1, 0
124, 1, 0
126, 1, 0
125, 1, -1
125, 1, 0
125, 1, 0
124, 1, 0
126, 1, -1
125, 1, 0
124, 1, 0
125, 1, 0
125, 1, -1
126, 1, 0
139, 1, 0
111, 1, 0
125, 1, -1
125, 1, 0
125, 1, 0
125, 1, 0
125, 1, 0
125, 1, -1
133, 1, 0
116, 1, 0
126, 1, -1
124, 1, 0
126, 1, 0
124, 1, 0
126, 1, -1
125, 1, 0
123, 1, 0
126, 1, 0
126, 1, 0
124, 1, -1
125, 1, 0
125, 1, 0
125, 1, 0
126, 1, -1
138, 1, 0
111, 1, 0
126, 1, 0
124, 1, 0
125, 1, -1
125, 1, 0
125, 1, 0
126, 1, 0
125, 0, -1
125, 2, 0
249, 2, 0
125, 0, -1
126, 2, 0
249, 2, 0
126, 0, -1
124, 1, 0
128, 1, 0
123, 1, 0
124, 1, -1
126, 1, 0
124, 1, 0
124, 1, 0
124, 1, 0
126, 1, -1
126, 1, 0
126, 1, 0
123, 1, 0
125, 1, -1
125, 1, 0
125, 1, 0
138, 1, 0
112, 1, -1
126, 1, 0
124, 1, 0
125, 1, 0
125, 1, -1
125, 1, 0
125, 1, 0
251, 1, -1
125, 1, 0
125, 1, 0
124, 1, 0
133, 1, -1
115, 1, 0
129, 1, 0
127, 1, 0
122, 1, -1
126, 1, 0
124, 1, 0
125, 1, 0
125, 1, -1
249, 1, 0
125, 1, 0
127, 1, -1
125, 1, 0
127, 1, 0
123, 1, 0
124, 1, -1
248, 1, 0
126, 1, 0
125, 1, 0
125, 1, -1
126, 1, 0
248, 1, 0
126, 1, -1
124, 1, 0
126, 1, 0
125, 1, 0
125, 1, -1
249, 1, 0
125, 1, 0
126, 1, 0
125, 1, -1
125, 1, 0
250, 2, 0
125, 0, -1
125, 1, 0
125, 1, 0
125, 1, 0
125, 0, -1
125, 1, 0
125, 1, 0
126, 1, 0
124, 1, 0
125, 0, -1
125, 1, 0
125, 1, 0
125, 1, 0
125, 1, -1
250, 1, 0
125, 1, 0
125, 1, -1
249, 1, 0
126, 1, 0
125, 1, 0
124, 0, -1
126, 1, 0
124, 1, 0
125, 1, 0
126, 0, -1
124, 1, 0
125, 1, 0
125, 1, 0
250, 1, -1
125, 1, 0
125, 1, 0
250, 1, 0
125, 1, 0
126, 0, -1
124, 1, 0
126, 1, 0
248, 1, -1
126, 1, 0
249, 1, 0
126, 1, 0
125, 0, -1
126, 1, 0
126, 1, 0
249, 1, 0
125, 0, -1
125, 1, 0
123, 1, 0
127, 1, 0
249, 1, -1
249, 1, 0
251, 1, 0
126, 1, 0
124, 0, -1
127, 1, 0
125, 1, 0
248, 1, 0
250, 1, -1
125, 1, 0
251, 1, 0
249, 1, -1
250, 1, 0
126, 1, 0
249, 1, 0
126, 0, -1
125, 1, 0
250, 1, 0
249, 1, -1
250, 1, 0
250, 1, 0
251, 1, 0
123, 0, -1
126, 1, 0
250, 1, 0
258, 1, 0
253, 0, -1
117, 1, 0
258, 1, 0
243, 1, 0
125, 0, -1
256, 1, 0
241, 1, 0
378, 1, 0
122, 0, -1
126, 1, 0
251, 1, 0
504, 1, -1
247, 1, 0
375, 1, 0
375, 1, 0
122, 0, -1
374, 1, 0
376, 1, 0
375, 1, -1
506, 1, 0
623, 1, 0
497, 1, -1
624, 1, 0
750, 0, -1
125, 1, 0
875, 1, 0
875, 0, -1
756, 1, 0
5636, 0, -1
495, -1, 0
1990, -1, 0
1500, -1, 0
1500, -1, 0
875, -1, 0
373, 0, -1
500, -1, 0
1020, -1, 0
604, -1, 0
876, -1, 0
636, -1, 0
615, -1, 0
624, -1, 0
498, -1, 0
500, -1, 0
502, -1, 0
498, -1, 0
505, -1, 0
373, -1, 0
497, -1, 0
376, -1, 0
379, -1, 0
371, -1, 0
402, -1, 0
377, -1, 0
360, -1, 0
393, -1, 0
221, -1, 0
390, -1, 0
357, -1, 0
249, -1, 0
375, -1, 0
252, -1, 0
249, -1, 0
249, -1, 0
378, -1, 0
249, -1, 0
249, -1, 0
250, -1, 0
377, -1, 0
250, -1, 0
250, -1, 0
249, -1, 0
251, -1, 0
289, -1, 0
209, -1, 0
274, -1, 0
228, -1, 0
126, -1, 0
376, -1, 0
122, -1, 0
251, -1, 0
251, -1, 0
249, -1, 0
249, -1, 0
125, -1, 0
251, -1, 0
250, -1, 0
125, -1, 0
249, -1, 0
250, -1, 0
250, -1, 0
125, -1, 0
250, -1, 0
125, -1, 0
252, -1, 0
248, -1, 0
125, -1, 0
250, -1, 0
250, -1, 0
125, -1, 0
250, -1, 0
249, -1, 0
127, -1, 0
128, -1, 0
246, -1, 0
126, -1, 0
249, -1, 0
126, -1, 0
124, 0, 1
125, -1, 0
250, -1, 0
127, -1, 0
123, -1, 0
250, -1, 0
250, -1, 0
125, -1, 0
123, -1, 0
252, -1, 0
126, -1, 0
249, -1, 0
125, -1, 0
125, -1, 0
250, -1, 1
125, -1, 0
250, -1, 0
127, -1, 0
248, -1, 0
125, -1, 0
126, -1, 0
255, -1, 0
128, -1, 0
136, -1, 0
106, -1, 0
249, -1, 0
127, -1, 1
123, -1, 0
125, -1, 0
251, -1, 0
124, -1, 0
126, -1, 0
249, -1, 0
125, -1, 0
125, -1, 0
250, -1, 0
124, -1, 0
128, -1, 0
124, -1, 0
127, -1, 1
247, -1, 0
125, -1, 0
126, -1, 0
250, -1, 0
124, -1, 0
126, -1, 0
125, -1, 0
124, -1, 0
249, -1, 1
126, -1, 0
125, -1, 0
125, -1, 0
126, -1, 0
249, -1, 0
125, -1, 0
224, -1, 0
25, -1, 0
128, -1, 0
281, -2, 1
222, -1, 0
122, -1, 0
123, -1, 0
250, -1, 0
127, -1, 0
124, -1, 0
125, -1, 1
124, -1, 0
126, -1, 0
250, -1, 0
126, -1, 0
123, -1, 0
126, -1, 0
124, -1, 1
128, -1, 0
122, -1, 0
123, -1, 0
125, -1, 0
250, -1, 0
126, -1, 0
124, -1, 0
126, -1, 0
126, -1, 0
124, -1, 1
125, -1, 0
124, -1, 0
251, -1, 0
125, -1, 0
124, -1, 0
126, -1, 0
124, -1, 1
125, -1, 0
125, -1, 0
127, -1, 0
126, -1, 0
123, -1, 0
125, -1, 0
126, -1, 1
125, -1, 0
124, -1, 0
126, -1, 0
125, -1, 0
249, -1, 0
125, -1, 0
126, -1, 1
125, -1, 0
128, -1, 0
123, -1, 0
123, -1, 0
125, -1, 0
124, -1, 0
126, -1, 1
125, -1, 0
125, -1, 0
125, -1, 0
125, -1, 0
126, -1, 0
124, -1, 0
124, 0, 1
125, -2, 0
250, -2, 0
250, -1, 0
126, -1, 0
125, -1, 1
125, -1, 0
124, -1, 0
126, -1, 0
125, -1, 0
124, -1, 0
125, -1, 0
126, -1, 1
125, -1, 0
125, -1, 0
124, -1, 0
125, -1, 0
126, -1, 0
852, -6, 1
34, -1, 0
151, -1, 1
88, -1, 0
125, -1, 0
125, -1, 0
126, -1, 0
124, -1, 0
279, -1, 1
224, -1, 0
123, -3, 0
127, -1, 0
125, -1, 1
124, -1, 0
125, -1, 0
126, -1, 0
125, -1, 0
125, -1, 0
124, -1, 1
125, -1, 0
126, -1, 0
124, -1, 0
125, -1, 0
125, -1, 0
125, -1, 0
125, -1, 1
125, -1, 0
125, -1, 0
125, -1, 0
125, -1, 0
125, -1, 1
125, -1, 0
125, -1, 0
125, -1, 0
125, -1, 0
125, -1, 0
129, -1, 1
124, -1, 0
124, -1, 0
124, -1, 0
125, -1, 0
125, -1, 0
126, -1, 1
124, -1, 0
126, -1, 0
124, -1, 0
125, -1, 0
125, -1, 0
125, -1, 1
125, -2, 0
250, -1, 0
126, -1, 0
124, -2, 1
249, -2, 0
250, -2, 0
126, -1, 0
125, -1, 1
126, -1, 0
124, -1, 0
125, -1, 0
125, -1, 0
125, -1, 1
125, -1, 0
125, -1, 0
125, -1, 0
125, -1, 0
125, -1, 0
125, -1, 1
125, -1, 0
125, -1, 0
125, -1, 0
126, -1, 1
124, -1, 0
125, -1, 0
125, -1, 0
125, -1, 0
125, -1, 0
125, -1, 1
125, -1, 0
126, -1, 0
124, -1, 0
125, -1, 0
125, -1, 1
125, -1, 0
125, -1, 0
125, -1, 0
124, -1, 0
136, -1, 1
115, -1, 0
126, -1, 0
123, -1, 0
125, -1, 0
126, -1, 1
125, -1, 0
124, -1, 0
126, -1, 0
124, -1, 0
126, -1, 0
125, -1, 0
124, -1, 1
125, -1, 0
126, -1, 0
124, -1, 0
126, -1, 1
125, -1, 0
125, -1, 0
128, -1, 0
123, -1, 0
124, -1, 0
125, -1, 1
124, -1, 0
138, -1, 0
112, -1, 0
125, -1, 1
124, -1, 0
126, -1, 0
143, -1, 0
106, -1, 0
125, -1, 0
126, -1, 1
125, -1, 0
125, -1, 0
124, -1, 0
125, -1, 0
132, -1, 0
121, -1, 1
258, -2, 0
239, -2, 1
248, -1, 0
126, -1, 0
125, -1, 0
125, -1, 0
125, -1, 1
125, -1, 0
126, -1, 0
124, -1, 0
125, -1, 0
125, -1, 1
125, -1, 0
125, -1, 0
126, -1, 0
124, -1, 0
126, -1, 0
125, -1, 1
124, -1, 0
125, -1, 0
125, -1, 0
260, -2, 1
239, -1, 0
126, -1, 0
125, -1, 0
125, -1, 1
125, -1, 0
125, -1, 0
125, -1, 0
125, -1, 0
126, -1, 0
124, -1, 1
249, -1, 0
126, -1, 0
125, -1, 0
125, -1, 0
125, -1, 1
126, -1, 0
125, -1, 0
123, -1, 0
173, -1, 0
89, 0, 1
113, -2, 0
250, -1, 0
126, -1, 0
124, -1, 1
125, -1, 0
125, -1, 0
125, -1, 0
125, -1, 0
125, -1, 0
125, -1, 0
126, 0, 1
124, -1, 0
126, -1, 0
124, -1, 0
125, -1, 0
125, -1, 1
250, -2, 0
250, -1, 0
125, -1, 0
125, -1, 0
125, -1, 1
125, -1, 0
250, -2, 0
250, -1, 0
125, -1, 0
125, -1, 1
125, -1, 0
126, -1, 0
124, -1, 0
250, -1, 0
125, -1, 1
125, -1, 0
125, -1, 0
249, -1, 0
126, -1, 0
125, -1, 0
126, -1, 1
249, -1, 0
125, -1, 0
125, -1, 0
125, -1, 0
249, -1, 1
126, -1, 0
125, -1, 0
125, -1, 0
249, -1, 0
126, -1, 0
125, -1, 1
250, -1, 0
125, -1, 0
125, -1, 0
125, -1, 0
249, -1, 0
126, -1, 1
125, -1, 0
125, -1, 0
249, -1, 0
126, -1, 0
125, 0, 1
125, -1, 0
125, -1, 0
125, -1, 0
250, -1, 0
125, -1, 0
249, -1, 1
126, -1, 0
125, -1, 0
277, -1, 0
124, -1, 0
125, -1, 0
247, -1, 0
125, -1, 1
127, -1, 0
226, -1, 0
250, -1, 0
125, -1, 0
125, -1, 0
126, 0, 1
125, -1, 0
251, -1, 0
124, -1, 0
126, -1, 0
250, -1, 0
125, -1, 0
125, 0, 1
125, -1, 0
249, -1, 0
126, -1, 0
249, -1, 0
125, -1, 0
126, 0, 1
124, -1, 0
251, -1, 0
125, -1, 0
250, -1, 0
125, -1, 0
124, 0, 1
126, -1, 0
249, -1, 0
125, -1, 0
252, -1, 0
260, -1, 0
113, -1, 0
250, -1, 1
250, -1, 0
248, -1, 0
252, -1, 0
125, -1, 0
249, -1, 0
250, -1, 1
250, -1, 0
251, -1, 0
248, -1, 0
250, -1, 0
250, -1, 1
251, -1, 0
249, -1, 0
254, -1, 0
248, -1, 0
426, -1, 1
198, -1, 0
250, -1, 0
378, -1, 0
247, -1, 0
250, -1, 0
253, 0, 1
123, -1, 0
248, -1, 0
407, -1, 0
222, -1, 0
373, -1, 0
249, 0, 1
125, -1, 0
248, -1, 0
504, -1, 0
372, -1, 0
376, -1, 0
376, -1, 0
124, 0, 1
249, -1, 0
501, -1, 0
510, -1, 0
493, -1, 0
667, -1, 0
82, 0, 1
498, -1, 0
625, -1, 0
758, -1, 0
1026, -1, 0
970, 0, 1
250, -1, 0
9193, 1, 0
180, 0, 1
1498, 1, 0
1542, 1, 0
332, 0, 1
790, 1, 0
1016, 1, 0
486, 0, 1
458, 1, 0
752, 1, 0
755, 1, 0
501, 0, 1
252, 1, 0
624, 1, 0
748, 1, 0
499, 1, 1
501, 1, 0
501, 1, 0
496, 1, 0
377, 0, 1
123, 1, 0
501, 1, 0
500, 1, 0
376, 1, 0
498, 1, 0
249, 1, 0
127, 0, 1
248, 1, 0
501, 1, 0
248, 1, 0
375, 1, 0
375, 1, 0
375, 1, 0
126, 0, 1
249, 1, 0
376, 1, 0
250, 1, 0
250, 1, 0
415, 1, 0
337, 1, 0
257, 1, 0
267, 1, 0
100, 0, 1
123, 1, 0
250, 1, 0
250, 1, 0
431, 1, 0
195, 1, 0
249, 1, 0
251, 1, 0
250, 1, 0
251, 0, 1
123, 1, 0
251, 1, 0
127, 1, 0
439, 1, 0
60, 1, 0
248, 1, 0
377, 1, 0
125, 1, 0
249, 1, 0
249, 1, 0
251, 1, 0
125, 1, 0
250, 1, 0
250, 1, 0
249, 1, 0
251, 1, 1
251, 1, 0
125, 1, 0
249, 1, 0
249, 1, 0
252, 1, 0
124, 1, 0
249, 1, 0
126, 1, 0
249, 1, 0
256, 1, 0
246, 1, 0
124, 1, 0
125, 1, 0
250, 1, 0
249, 1, 0
126, 1, 0
249, 1, 0
126, 1, 0
250, 1, 0
125, 1, 0
250, 1, 0
126, 1, 0
248, 1, 0
126, 1, 0
250, 1, 0
125, 1, 0
251, 1, 0
128, 1, 0
245, 1, 0
125, 1, 1
251, 1, 0
123, 1, 0
127, 1, 0
277, 1, 0
97, 1, 0
250, 1, 0
125, 1, 0
251, 1, 0
124, 1, 0
249, 1, 0
126, 1, 0
125, 1, 0
249, 1, 0
127, 1, 0
124, 1, 0
249, 1, 0
126, 1, 0
126, 1, 0
249, 1, 0
125, 1, 0
126, 1, 0
248, 1, 0
126, 1, -1
125, 1, 0
279, 1, 0
106, 1, 0
125, 1, 0
240, 1, 0
126, 1, 0
126, 1, 0
247, 1, 0
127, 1, 0
125, 1, 0
248, 1, 0
126, 1, 0
125, 1, 0
249, 1, 0
127, 1, 0
124, 1, -1
126, 1, 0
249, 1, 0
125, 1, 0
125, 1, 0
125, 1, 0
249, 1, 0
127, 1, 0
124, 1, 0
249, 1, 0
146, 1, 0
105, 1, 0
249, 1, 0
126, 1, 0
125, 1, -1
125, 1, 0
125, 1, 0
249, 1, 0
126, 1, 0
250, 1, 0
125, 1, 0
125, 1, 0
125, 1, 0
125, 1, 0
125, 0, -1
126, 1, 0
124, 1, 0
125, 1, 0
125, 1, 0
249, 1, 0
126, 1, 0
125, 1, 0
126, 1, 0
248, 1, -1
126, 1, 0
125, 1, 0
125, 1, 0
125, 1, 0
250, 1, 0
125, 1, 0
125, 1, 0
125, 1, 0
125, 1, 0
249, 1, -1
126, 1, 0
125, 1, 0
125, 1, 0
125, 1, 0
249, 1, 0
126, 1, 0
125, 1, 0
124, 0, -1
126, 1, 0
125, 1, 0
125, 1, 0
125, 1, 0
125, 1, 0
249, 1, 0
126, 1, 0
126, 1, -1
124, 1, 0
125, 1, 0
249, 1, 0
126, 1, 0
125, 1, 0
250, 1, 0
125, 1, 0
125, 1, -1
126, 1, 0
124, 1, 0
249, 1, 0
126, 1, 0
125, 1, 0
125, 1, 0
123, 1, 0
127, 0, -1
127, 1, 0
125, 1, 0
124, 1, 0
126, 1, 0
251, 1, 0
125, 1, 0
124, 1, 0
126, 0, -1
125, 1, 0
124, 1, 0
125, 1, 0
124, 1, 0
248, 1, 0
128, 1, 0
126, 1, 0
123, 1, -1
248, 1, 0
126, 1, 0
124, 1, 0
125, 1, 0
258, 1, 0
116, 1, -1
166, 1, 0
83, 1, 0
251, 1, 0
126, 1, 0
126, 1, 0
248, 1, 0
126, 1, -1
125, 1, 0
249, 1, 0
126, 1, 0
125, 1, 0
125, 1, 0
127, 1, 0
123, 0, -1
125, 1, 0
126, 1, 0
124, 1, 0
249, 1, 0
126, 1, 0
125, 1, -1
249, 1, 0
126, 1, 0
249, 1, 0
126, 1, 0
125, 1, 0
124, 1, -1
250, 1, 0
126, 1, 0
249, 1, 0
126, 1, 0
249, 1, 0
126, 1, -1
250, 1, 0
124, 1, 0
126, 1, 0
251, 1, 0
124, 1, -1
126, 1, 0
249, 1, 0
125, 1, 0
249, 1, 0
126, 1, -1
249, 1, 0
126, 1, 0
125, 1, 0
249, 1, 0
251, 1, -1
125, 1, 0
125, 1, 0
250, 1, 0
249, 1, 0
126, 1, -1
125, 1, 0
249, 1, 0
251, 1, 0
125, 1, 0
125, 0, -1
125, 1, 0
125, 1, 0
249, 1, 0
251, 1, 0
125, 1, 0
125, 0, -1
125, 1, 0
125, 1, 0
249, 1, 0
251, 1, -1
249, 1, 0
126, 1, 0
249, 1, 0
250, 1, -1
251, 1, 0
125, 1, 0
249, 1, 0
250, 1, 0
125, 0, -1
126, 1, 0
249, 1, 0
249, 1, 0
126, 0, -1
126, 1, 0
250, 1, 0
249, 1, 0
250, 1, -1
250, 1, 0
250, 1, 0
250, 1, 0
126, 0, -1
125, 1, 0
410, 1, 0
257, 1, 0
209, 1, 0
138, 0, -1
235, 1, 0
250, 1, 0
250, 1, 0
125, 0, -1
250, 1, 0
250, 1, 0
375, 1, 0
126, 0, -1
249, 1, 0
251, 1, 0
375, 1, 0
248, 0, -1
251, 1, 0
251, 1, 0
543, 1, 0
82, 0, -1
249, 1, 0
500, 1, 0
377, 0, -1
124, 1, 0
500, 1, 0
667, 1, 0
105, 0, -1
352, 1, 0
750, 1, 0
539, 0, -1
211, 1, 0
751, 1, 0
661, 0, -1
1003, 1, 0
1586, 0, -1
6920, -1, 0
329, 0, -1
1418, -1, 0
1337, -1, 0
497, 0, -1
795, -1, 0
1002, -1, 0
577, 0, -1
250, -1, 0
1046, -1, 0
454, 0, -1
125, -1, 0
668, -1, 0
753, -1, 0
329, 0, -1
125, -1, 0
667, -1, 0
458, -1, 0
250, 0, -1
249, -1, 0
376, -1, 0
548, -1, 0
202, 0, -1
250, -1, 0
427, -1, 0
342, -1, 0
356, 0, -1
126, -1, 0
419, -1, 0
330, -1, 0
376, -1, 0
248, 0, -1
126, -1, 0
375, -1, 0
375, -1, 0
250, -1, 0
421, -1, -1
205, -1, 0
419, -1, 0
205, -1, 0
376, -1, -1
249, -1, 0
420, -1, 0
206, -1, 0
375, -1, 0
247, -1, -1
251, -1, 0
250, -1, 0
250, -1, 0
250, -1, 0
249, -1, 0
251, -1, 0
250, 0, -1
125, -1, 0
249, -1, 0
250, -1, 0
251, -1, 0
249, -1, 0
250, -1, 0
251, -1, 0
254, -1, 0
121, 0, -1
125, -1, 0
248, -1, 0
126, -1, 0
377, -1, 0
126, -1, 0
248, -1, 0
250, -1, 0
252, -1, -1
124, -1, 0
250, -1, 0
250, -1, 0
250, -1, 0
126, -1, 0
249, -1, 0
125, -1, 0
250, -1, 0
249, -1, 0
251, -1, 0
125, -1, 0
126, 0, -1
124, -1, 0
125, -1, 0
250, -1, 0
250, -1, 0
126, -1, 0
249, -1, 0
125, -1, 0
250, -1, 0
126, -1, 0
249, -1, 0
126, -1, 0
249, -1, 0
126, -1, 0
250, -1, -1
265, -1, 0
115, -1, 0
193, -1, 0
174, -1, 0
126, -1, 0
252, -1, 0
123, -1, 0
250, -1, 0
125, -1, 0
125, -1, 0
250, -1, 0
125, -1, 0
125, -1, 0
250, -1, 0
125, -1, 0
250, -1, 0
126, -1, 0
124, -1, 0
249, -1, 0
127, -1, 0
124, -1, 0
249, -1, 0
127, -1, 0
124, -1, 0
249, -1, 0
125, -1, 0
126, -1, 0
125, -1, 0
250, -1, 0
125, -1, 0
125, -1, 0
249, -1, 0
126, -1, 0
126, -1, 0
124, -1, 0
250, -1, 0
128, -1, 0
125, -1, 0
123, -1, 0
249, -1, 0
125, -1, 0
126, -1, 0
126, -1, 0
247, -1, 0
126, -1, 0
125, -1, 0
126, -1, 0
124, -1, 0
250, -1, 0
125, -1, 0
125, -1, 0
125, -1, 0
125, -1, 0
125, -1, 0
250, -1, 0
125, -1, 0
125, -1, 0
125, -1, 0
125, -1, 0
125, -1, 0
250, -2, 0
250, -1, 0
125, -1, 0
125, -1, 0
125, -1, 0
125, -1, 0
250, -2, 0
252, -1, 0
123, -1, 0
125, -1, 1
125, -1, 0
125, -1, 0
126, -1, 0
124, -1, 0
126, -1, 0
124, -1, 0
249, -2, 0
250, -1, 0
127, -1, 0
124, -1, 0
126, -1, 0
125, -1, 0
126, -1, 1
126, -1, 0
124, -1, 0
128, -1, 0
122, -1, 0
123, -1, 0
126, -1, 0
123, -1, 0
262, -2, 0
114, -1, 0
126, -1, 0
128, 0, 1
122, -2, 0
249, -1, 0
127, -1, 0
124, -1, 0
124, -1, 0
125, -1, 0
126, -1, 0
124, -1, 0
127, -1, 1
124, -1, 0
124, -1, 0
125, -1, 0
125, -1, 0
125, -1, 0
132, -1, 0
125, -1, 0
117, -1, 1
207, -1, 0
50, -1, 0
119, -1, 0
125, -1, 0
125, -1, 0
125, -1, 0
125, -1, 0
126, -1, 1
124, -1, 0
125, -1, 0
125, -1, 0
125, -1, 0
125, -1, 0
125, -1, 0
125, -1, 0
126, -1, 1
124, -1, 0
125, -1, 0
125, -1, 0
125, -1, 0
125, -1, 0
126, -1, 1
124, -1, 0
126, -1, 0
125, -1, 0
126, -2, 0
252, -2, 0
122, 0, 1
126, -2, 0
124, -1, 0
126, -1, 0
124, -1, 0
125, -1, 0
125, -1, 1
125, -1, 0
125, -1, 0
134, -1, 0
116, -1, 0
126, -1, 0
126, -1, 0
124, -1, 1
125, -1, 0
124, -1, 0
125, -2, 0
250, -2, 1
250, -2, 0
125, -1, 0
126, -1, 0
124, -1, 0
125, -1, 1
125, -1, 0
125, -1, 0
127, -1, 0
123, -2, 0
250, -2, 1
125, -1, 0
125, -1, 0
127, -1, 0
124, -1, 1
128, -1, 0
123, -1, 0
123, -1, 0
125, -1, 0
126, -1, 1
124, -2, 0
250, -2, 0
126, -1, 0
125, -1, 1
125, -1, 0
124, -1, 0
126, -1, 0
124, -1, 0
125, -1, 1
125, -2, 0
126, -1, 0
125, -1, 0
125, -1, 0
125, -1, 1
124, -1, 0
126, -1, 0
125, -1, 0
125, -2, 1
125, -1, 0
124, -1, 0
125, -1, 0
126, -1, 1
124, -1, 0
126, -1, 0
124, -1, 0
125, -2, 1
250, -1, 0
125, -2, 0
126, -1, 0
126, -1, 1
124, -1, 0
125, -1, 0
125, -1, 0
126, -2, 1
124, -1, 0
125, -1, 0
125, -1, 0
126, -1, 1
124, -1, 0
124, -1, 0
126, -1, 0
126, -2, 1
248, -2, 0
126, -1, 0
126, -1, 1
124, -1, 0
125, -1, 0
125, -2, 0
131, -1, 1
117, -1, 0
125, -1, 0
125, -1, 0
128, -1, 1
124, -1, 0
125, -2, 0
124, -1, 1
125, -1, 0
125, -1, 0
125, -1, 0
131, -1, 1
128, -2, 0
116, -1, 0
188, -1, 1
69, -1, 0
117, -1, 0
124, -1, 0
126, -2, 1
250, -2, 0
151, -1, 0
100, -1, 1
125, -1, 0
125, -1, 0
125, -1, 1
125, -2, 0
123, -1, 0
127, -1, 0
125, -1, 1
127, -2, 0
250, -2, 1
124, -1, 0
124, -1, 0
125, -1, 1
125, -1, 0
127, -1, 0
125, -1, 0
125, -2, 1
124, -1, 0
124, -1, 0
124, -1, 1
126, -1, 0
125, -1, 0
125, -2, 1
125, -1, 0
125, -1, 0
126, -1, 1
124, -1, 0
125, -1, 0
125, -1, 0
125, -1, 1
125, -2, 0
125, -1, 0
125, -1, 1
126, -1, 0
124, -1, 1
125, -1, 0
126, -2, 0
124, -1, 0
125, -1, 1
125, -1, 0
125, -1, 0
126, -1, 1
124, -2, 0
249, -2, 1
126, -1, 0
125, -1, 0
125, -1, 1
125, -1, 0
126, -1, 0
124, -2, 1
125, -1, 0
125, -1, 0
126, -1, 1
125, -1, 0
124, -1, 0
125, -2, 1
126, -1, 0
124, -1, 1
125, -1, 0
125, -1, 0
125, -1, 0
125, -1, 1
126, -1, 0
124, -2, 1
126, -1, 0
124, -1, 0
125, -1, 1
125, -1, 0
125, -1, 0
125, -1, 1
125, -2, 0
250, -2, 1
125, -1, 0
125, -1, 1
127, -1, 0
126, -1, 0
126, -1, 1
125, -2, 0
251, -2, 1
122, -1, 0
125, -1, 0
125, -1, 1
126, -1, 0
122, -1, 0
125, -1, 1
125, -1, 0
126, -2, 1
125, -1, 0
124, -1, 1
126, -1, 0
128, -1, 0
123, -1, 1
125, -1, 0
125, -1, 0
123, -2, 1
124, -1, 0
125, -1, 0
125, -1, 1
125, -1, 0
125, -1, 0
127, -1, 1
127, -1, 0
125, -1, 1
125, -1, 0
122, -1, 0
125, -1, 1
124, -2, 0
125, -1, 0
125, -1, 1
126, -1, 0
125, -1, 1
128, -1, 0
123, -1, 0
125, -1, 1
124, -1, 0
125, -1, 0
125, -1, 1
124, -1, 0
242, -2, 0
18, 0, 1
124, -2, 0
244, -2, 1
247, -2, 1
251, -1, 0
124, -2, 1
249, -2, 0
251, -2, 1
249, -2, 1
127, -1, 0
124, -1, 0
127, -1, 1
123, -1, 0
125, -1, 0
125, -1, 1
126, -1, 0
124, -1, 0
129, -1, 1
122, -1, 0
124, -1, 0
125, -1, 1
125, -1, 0
125, -1, 0
128, -1, 1
126, -1, 0
124, -1, 0
124, -1, 1
124, -1, 0
125, -1, 0
125, -1, 1
125, -1, 0
125, -1, 0
143, -1, 0
108, -1, 1
124, -1, 0
125, -1, 0
125, -1, 1
125, -1, 0
125, -1, 0
125, -1, 1
125, -1, 0
127, -1, 0
126, -1, 1
247, -2, 0
249, -2, 1
250, -2, 0
127, 0, 1
124, -2, 0
250, -1, 1
125, -1, 0
125, -1, 0
125, -1, 0
125, -1, 1
126, -1, 0
124, -1, 0
125, -1, 0
125, -1, 1
125, -1, 0
125, -1, 0
249, -1, 1
127, -1, 0
124, -1, 0
125, -1, 0
125, -1, 1
125, -1, 0
125, -1, 0
126, -1, 0
124, -1, 1
126, -1, 0
248, -1, 0
126, -1, 1
125, -1, 0
125, -1, 0
125, -1, 0
125, -1, 1
126, -1, 0
248, -1, 0
126, -1, 0
125, -1, 1
125, -1, 0
125, -1, 0
250, -2, 1
249, -1, 0
126, -1, 0
125, -1, 0
125, -1, 1
137, -1, 0
238, -1, 0
125, -1, 0
126, -1, 1
124, -1, 0
249, -1, 0
126, -1, 0
125, -1, 1
125, -1, 0
249, -1, 0
126, -1, 0
125, -1, 1
249, -1, 0
126, -1, 0
126, -1, 0
248, -1, 0
126, -1, 1
125, -1, 0
249, -1, 0
126, -1, 0
125, -1, 1
250, -1, 0
250, -1, 0
142, -1, 0
124, -1, 0
121, 0, 1
116, -1, 0
122, -1, 0
250, -1, 0
249, -1, 0
126, -1, 0
125, -1, 1
249, -1, 0
250, -1, 0
126, -1, 0
249, -1, 1
126, -1, 0
249, -1, 0
250, -1, 0
251, -1, 1
125, -1, 0
250, -1, 0
249, -1, 0
126, -1, 0
249, -1, 0
126, 0, 1
125, -1, 0
249, -1, 0
250, -1, 0
250, -1, 0
250, -1, 1
250, -1, 0
250, -1, 0
376, -1, 0
250, -1, 0
125, 0, 1
125, -1, 0
415, -1, 0
209, -1, 0
250, -1, 0
539, -1, 0
90, 0, 1
122, -1, 0
413, -1, 0
396, -1, 0
382, -1, 0
478, -1, 0
205, 0, 1
251, -1, 0
540, -1, 0
753, -1, 0
587, -1, 0
620, 0, 1
125, -1, 0
1293, -1, 0
2685, -1, 0
3317, 0, 1
204, 1, 0
1250, 1, 0
1050, 1, 0
1008, 1, 0
620, 1, 0
487, 0, 1
211, 1, 0
624, 1, 0
500, 1, 0
625, 1, 0
501, 1, 0
252, 0, 1
249, 1, 0
375, 1, 0
499, 1, 0
419, 1, 0
457, 1, 0
423, 1, 1
327, 1, 0
374, 1, 0
418, 1, 0
332, 1, 0
417, 1, 0
207, 1, 0
126, 0, 1
250, 1, 0
375, 1, 0
250, 1, 0
564, 1, 0
193, 1, 1
119, 1, 0
374, 1, 0
249, 1, 0
250, 1, 0
250, 1, 0
421, 1, 0
80, 1, 0
126, 0, 1
249, 1, 0
250, 1, 0
250, 1, 0
250, 1, 0
250, 1, 0
250, 1, 0
128, 1, 0
247, 1, 0
249, 1, 1
250, 1, 0
126, 1, 0
249, 1, 0
250, 1, 0
250, 1, 0
126, 1, 0
250, 1, 0
250, 1, 0
125, 1, 0
250, 1, 0
125, 1, 0
125, 0, 1
126, 1, 0
248, 1, 0
126, 1, 0
125, 1, 0
249, 1, 0
126, 1, 0
249, 1, 0
126, 1, 0
249, 1, 0
126, 1, 0
125, 1, 0
250, 1, 0
125, 1, 0
125, 1, 0
250, 1, 0
126, 1, 0
143, 1, 0
231, 1, 0
125, 1, 0
125, 1, 0
249, 1, 0
127, 1, 0
124, 1, 0
125, 1, 0
126, 1, 0
248, 1, 0
126, 1, 0
125, 1, 0
125, 1, 0
125, 1, 0
125, 1, 0
125, 1, 0
249, 2, 0
250, 1, 0
126, 1, 0
126, 1, 0
124, 1, 0
126, 1, 0
124, 1, 0
125, 1, 0
249, 2, 0
251, 1, 0
125, 1, 0
126, 2, 0
248, 1, 0
128, 1, 0
124, 1, 0
124, 1, 0
124, 1, 0
126, 1, 0
126, 1, 0
123, 1, 0
126, 1, 0
125, 1, 0
125, 1, 0
125, 1, 0
125, 1, 0
125, 1, 0
125, 1, 0
125, 1, 0
125, 1, 0
125, 2, 0
266, 2, 0
124, 1, 0
123, 1, -1
263, 1, 0
224, 1, 0
125, 3, 0
125, 2, 0
249, 2, 0
127, 1, 0
124, 1, 0
125, 1, -1
125, 1, 0
125, 1, 0
125, 1, 0
125, 1, 0
125, 2, 0
126, 1, 0
124, 1, 0
125, 1, 0
125, 1, -1
125, 1, 0
125, 2, 0
125, 1, 0
125, 1, 0
126, 1, 0
124, 2, 0
125, 1, 0
125, 1, 0
124, 1, -1
126, 1, 0
125, 1, 0
125, 2, 0
125, 1, 0
125, 1, 0
125, 1, 0
125, 2, 0
125, 1, -1
125, 1, 0
125, 1, 0
125, 1, 0
126, 2, 0
126, 1, 0
123, 1, -1
124, 1, 0
126, 2, 0
125, 1, 0
126, 1, 0
124, 1, 0
126, 2, 0
124, 1, -1
125, 1, 0
124, 1, 0
126, 2, 0
125, 1, 0
125, 2, 0
125, 0, -1
126, 2, 0
124, 1, 0
125, 2, 0
125, 1, 0
125, 1, 0
125, 1, -1
124, 2, 0
126, 1, 0
125, 1, 0
125, 2, 0
125, 1, 0
125, 1, -1
124, 2, 0
126, 1, 0
125, 1, 0
125, 2, 0
126, 1, 0
124, 1, -1
125, 2, 0
125, 1, 0
125, 2, 0
125, 1, 0
125, 1, -1
125, 1, 0
125, 2, 0
125, 1, 0
125, 2, 0
125, 1, -1
124, 1, 0
126, 2, 0
124, 1, 0
126, 1, 0
125, 2, 0
124, 1, -1
125, 2, 0
126, 1, 0
124, 1, 0
126, 2, 0
125, 1, -1
125, 1, 0
125, 2, 0
124, 1, 0
125, 2, 0
126, 1, -1
125, 1, 0
124, 2, 0
125, 1, 0
125, 2, 0
126, 1, -1
124, 1, 0
125, 1, 0
125, 2, 0
125, 1, 0
126, 2, -1
124, 1, 0
125, 2, 0
126, 1, 0
124, 2, 0
126, 1, -1
124, 2, 0
125, 1, 0
125, 2, 0
126, 1, -1
124, 1, 0
126, 1, 0
124, 2, 0
125, 1, 0
125, 2, -1
125, 1, 0
125, 2, 0
126, 1, 0
124, 2, 0
126, 1, -1
124, 1, 0
125, 2, 0
140, 1, -1
126, 2, 0
118, 1, 0
116, 2, 0
124, 1, 0
127, 1, 0
124, 2, -1
125, 1, 0
125, 2, 0
125, 1, 0
125, 2, -1
124, 1, 0
126, 2, 0
127, 1, 0
123, 2, -1
125, 1, 0
125, 2, 0
124, 1, 0
126, 2, -1
125, 1, 0
125, 1, 0
126, 2, 0
125, 1, -1
125, 1, 0
125, 2, 0
124, 1, 0
125, 1, 0
126, 2, -1
124, 1, 0
126, 2, 0
125, 1, 0
124, 2, -1
125, 1, 0
125, 2, 0
125, 1, 0
125, 2, -1
125, 1, 0
126, 2, 0
124, 1, 0
125, 2, -1
125, 1, 0
125, 1, 0
125, 2, -1
125, 1, 0
125, 2, 0
126, 1, 0
124, 1, -1
125, 2, 0
126, 2, 0
124, 1, 0
125, 1, -1
126, 2, 0
124, 1, 0
126, 2, 0
124, 1, -1
125, 2, 0
125, 1, 0
125, 2, 0
125, 1, -1
125, 2, 0
125, 1, 0
126, 2, -1
124, 1, 0
125, 2, 0
125, 1, 0
125, 1, 0
126, 2, -1
125, 1, 0
124, 2, 0
126, 1, -1
124, 1, 0
125, 2, 0
125, 1, 0
125, 1, -1
125, 2, 0
125, 1, 0
125, 2, 0
126, 1, -1
124, 2, 0
125, 1, 0
125, 2, -1
125, 1, 0
125, 2, 0
125, 1, 0
125, 2, -1
126, 1, 0
124, 2, 0
125, 1, 0
125, 1, -1
125, 2, 0
125, 1, 0
125, 1, 0
125, 2, -1
126, 1, 0
124, 2, 0
126, 1, 0
124, 2, -1
125, 1, 0
125, 2, 0
125, 1, -1
125, 2, 0
126, 1, 0
124, 2, 0
126, 1, -1
124, 1, 0
125, 1, 0
125, 2, 0
125, 1, -1
125, 2, 0
126, 1, 0
124, 2, -1
126, 1, 0
124, 1, 0
126, 2, 0
124, 1, -1
126, 1, 0
124, 2, 0
126, 1, 0
124, 2, -1
125, 1, 0
125, 2, 0
125, 1, -1
125, 1, 0
144, 2, 0
106, 1, -1
126, 1, 0
124, 2, 0
125, 1, 0
126, 2, -1
124, 1, 0
125, 1, 0
124, 2, 0
125, 1, -1
148, 1, 0
116, 1, 0
114, 2, -1
123, 1, 0
125, 2, 0
124, 1, 0
132, 1, -1
123, 2, 0
138, 1, 0
107, 1, -1
126, 2, 0
124, 1, 0
127, 2, -1
271, 1, 0
234, 1, 0
119, 4, -1
124, 2, 0
125, 1, -1
125, 1, 0
125, 1, 0
126, 2, -1
125, 1, 0
125, 2, 0
125, 1, 0
125, 1, -1
125, 1, 0
124, 2, 0
125, 1, -1
126, 2, 0
124, 1, 0
126, 1, -1
125, 1, 0
125, 2, 0
124, 1, -1
125, 1, 0
125, 1, 0
146, 2, 0
106, 1, -1
126, 1, 0
123, 2, 0
126, 1, -1
126, 1, 0
124, 2, 0
127, 1, -1
123, 1, 0
124, 1, 0
125, 2, -1
125, 1, 0
128, 1, 0
124, 1, -1
123, 2, 0
125, 1, 0
139, 1, 0
111, 1, -1
126, 1, 0
124, 2, 0
125, 0, -1
125, 2, 0
125, 1, 0
125, 1, -1
125, 1, 0
125, 2, 0
126, 1, -1
124, 1, 0
125, 1, 0
124, 2, 0
126, 1, -1
125, 1, 0
125, 1, 0
125, 1, -1
125, 1, 0
124, 2, 0
125, 1, -1
126, 1, 0
125, 1, 0
125, 1, -1
125, 1, 0
125, 2, 0
125, 1, 0
124, 1, -1
125, 1, 0
125, 1, 0
126, 1, -1
124, 1, 0
126, 1, 0
125, 1, -1
126, 1, 0
124, 2, 0
125, 1, -1
124, 1, 0
125, 1, 0
126, 1, -1
139, 1, 0
110, 1, 0
126, 1, 0
124, 1, -1
125, 1, 0
125, 1, -1
125, 1, 0
125, 2, 0
251, 2, -1
125, 1, 0
124, 1, 0
126, 1, -1
125, 1, 0
125, 1, 0
125, 1, -1
125, 1, 0
125, 1, 0
125, 1, -1
125, 1, 0
124, 1, 0
125, 1, 0
125, 1, -1
125, 1, 0
250, 2, -1
250, 1, 0
125, 1, -1
125, 1, 0
125, 1, 0
125, 1, 0
126, 1, -1
124, 1, 0
126, 1, 0
125, 0, -1
125, 2, 0
249, 1, -1
132, 1, 0
129, 1, 0
125, 1, -1
115, 1, 0
124, 1, 0
126, 1, -1
249, 1, 0
125, 1, 0
127, 1, -1
124, 1, 0
125, 1, 0
125, 0, -1
125, 1, 0
124, 1, 0
125, 1, -1
125, 1, 0
250, 1, 0
126, 1, -1
125, 1, 0
124, 1, 0
250, 1, -1
125, 1, 0
125, 1, 0
125, 0, -1
126, 1, 0
124, 1, 0
125, 1, -1
250, 1, 0
125, 1, 0
125, 1, -1
250, 1, 0
125, 1, 0
125, 0, -1
125, 1, 0
125, 1, 0
125, 0, -1
126, 1, 0
124, 1, 0
250, 1, -1
125, 1, 0
250, 1, 0
125, 0, -1
126, 1, 0
125, 1, 0
125, 0, -1
124, 1, 0
266, 1, 0
111, 1, 0
124, 0, -1
153, 1, 0
95, 1, 0
250, 1, -1
250, 1, 0
250, 1, -1
249, 1, 0
250, 1, 0
126, 0, -1
125, 1, 0
250, 1, 0
125, 0, -1
125, 1, 0
251, 1, 0
250, 1, -1
375, 1, 0
124, 0, -1
126, 1, 0
373, 1, 0
250, 1, -1
376, 1, 0
249, 0, -1
126, 1, 0
249, 1, 0
252, 0, -1
250, 1, 0
375, 1, 0
249, 0, -1
251, 1, 0
501, 1, -1
502, 1, 0
374, 0, -1
373, 1, 0
499, 0, -1
249, 1, 0
754, 0, -1
311, 1, 0
1066, 0, -1
1401, 0, -1
2222, 0, -1
1556, -1, 0
984, 0, -1
210, -1, 0
1041, -1, 0
709, -1, 0
250, 0, -1
539, -1, 0
710, -1, 0
536, -1, -1
592, -1, 0
499, -1, 0
499, -1, 0
125, 0, -1
442, -1, 0
432, -1, 0
422, -1, -1
496, -1, 0
207, -1, 0
417, -1, 0
208, 0, -1
125, -1, 0
376, -1, 0
554, -1, 0
202, -1, 0
117, 0, -1
271, -1, 0
230, -1, 0
249, -1, 0
250, 0, -1
125, -1, 0
424, -1, 0
202, -1, 0
249, -1, 0
250, -1, 0
428, -1, 0
73, 0, -1
125, -1, 0
249, -1, 0
250, -1, 0
250, -1, 0
250, -1, 0
250, -1, 0
125, 0, -1
125, -1, 0
250, -1, 0
249, -1, 0
251, -1, 0
249, -1, 0
127, -1, 0
249, -1, 0
250, -1, -1
250, -1, 0
126, -1, 0
249, -1, 0
250, -1, 0
125, -1, 0
277, -1, 0
97, -1, 0
249, -1, 0
126, 0, -1
125, -1, 0
125, -1, 0
249, -1, 0
126, -1, 0
249, -1, 0
126, -1, 0
126, -1, 0
248, -1, 0
250, -1, 0
127, -1, 0
124, -1, 0
250, -1, 0
125, -1, 0
125, -1, 0
249, -1, 0
126, -1, 0
125, -1, 0
249, -1, 0
126, -1, 0
249, -1, 0
126, -1, 0
126, -1, 0
248, -1, 0
126, -1, 0
124, -1, 0
126, -1, 0
125, -1, 0
250, -1, 0
125, -1, 0
125, -1, 0
125, -1, 0
125, -1, 0
249, -1, 0
126, -1, 0
125, -1, 0
125, -1, 0
126, -1, 0
124, -1, 0
125, -1, 0
249, -1, 0
126, -1, 0
125, -1, 0
125, -1, 0
125, -1, 0
125, -1, 0
125, -1, 0
249, -2, 0
251, -1, 0
126, -1, 0
124, -1, 0
125, -1, 0
129, -1, 0
210, -1, 0
139, -1, 0
138, -1, 0
137, -1, 0
150, -1, 0
257, -1, 0
91, -3, 0
125, -1, 0
125, -1, 0
125, -1, 0
125, -1, 0
125, -1, 0
125, -1, 0
125, -1, 1
126, -1, 0
125, -1, 0
125, -1, 0
125, -1, 0
124, -1, 0
130, -1, 0
122, -1, 0
124, -1, 0
125, -1, 0
125, -1, 0
126, -1, 1
124, -1, 0
123, -1, 0
133, -1, 0
233, -2, 0
136, -2, 0
125, -1, 0
125, -1, 0
126, -1, 1
124, -1, 0
125, -1, 0
125, -2, 0
249, -2, 0
126, -1, 0
125, -1, 1
128, -1, 0
126, -1, 0
123, -1, 0
123, -2, 0
250, -2, 1
126, -1, 0
124, -1, 0
126, -1, 0
123, -2, 0
126, -1, 0
124, -1, 1
126, -1, 0
124, -1, 0
126, -1, 0
125, -2, 0
125, -1, 1
125, -1, 0
125, -1, 0
125, -2, 0
125, -1, 0
130, -1, 0
123, -1, 1
126, -1, 0
126, -1, 0
123, -2, 0
124, -1, 0
126, -1, 1
123, -1, 0
126, -2, 0
125, -1, 0
125, -1, 1
125, -1, 0
125, -2, 0
124, -1, 0
125, -1, 1
125, -1, 0
125, -1, 0
125, -2, 0
125, -1, 0
125, -2, 1
125, -1, 0
125, -1, 0
124, -1, 0
128, -2, 1
123, -1, 0
126, -1, 0
132, -1, 0
120, -2, 1
125, -1, 0
123, -2, 0
126, -1, 1
124, -1, 0
126, -1, 0
122, -2, 0
125, -1, 1
133, -2, 0
119, -1, 0
127, -1, 1
125, -1, 0
124, -2, 0
124, -1, 0
142, -2, 1
110, -1, 0
124, -1, 0
127, -2, 1
122, -1, 0
129, -1, 0
123, -2, 0
123, -1, 1
124, -2, 0
124, -1, 0
128, -2, 1
131, -1, 0
118, -1, 0
127, -2, 1
127, -1, 0
121, -1, 0
130, -2, 1
125, -1, 0
261, -2, 0
49, -1, 1
61, -2, 0
125, -1, 0
187, -2, 1
62, -1, 0
127, -1, 1
125, -2, 0
127, -1, 0
121, -2, 1
126, -1, 0
130, -1, 0
125, -2, 1
122, -1, 0
124, -2, 0
125, -1, 1
127, -2, 0
120, -1, 1
129, -1, 0
124, -2, 0
123, -1, 1
126, -2, 0
126, -1, 0
126, -2, 1
125, -1, 0
125, -2, 1
127, -1, 0
120, -2, 1
129, -1, 0
125, -2, 0
122, -1, 1
124, -2, 0
128, -1, 1
128, -2, 0
120, -1, 0
126, -2, 1
124, -1, 0
125, -2, 1
123, -1, 0
148, -2, 0
104, -1, 1
126, -2, 0
124, -1, 1
124, -2, 0
124, -2, 0
125, -1, 1
127, -2, 0
125, -1, 1
132, -2, 0
117, -1, 1
127, -2, 0
123, -1, 1
124, -2, 0
125, -1, 1
125, -2, 0
125, -2, 0
127, -1, 1
130, -2, 0
120, -1, 1
124, -2, 0
125, -1, 1
125, -2, 0
124, -1, 0
124, -2, 1
128, -1, 1
123, -2, 0
125, -1, 0
132, -2, 1
122, -1, 0
121, -2, 1
125, -2, 0
127, -1, 1
125, -2, 0
124, -1, 1
126, -2, 0
125, -2, 1
124, -1, 0
125, -2, 1
128, -1, 0
122, -1, 1
125, -2, 0
126, -1, 1
125, -2, 0
124, -2, 1
126, -2, 0
124, -1, 1
130, -2, 0
121, -1, 1
124, -2, 0
126, -1, 1
133, -2, 0
117, -1, 1
125, -2, 0
128, -2, 1
127, -1, 0
127, -2, 1
119, -2, 0
133, -1, 1
115, -2, 0
126, -1, 1
124, -2, 1
124, -1, 0
124, -2, 0
126, -1, 1
126, -2, 0
124, -2, 1
125, -1, 1
124, -2, 0
126, -2, 1
128, -1, 0
138, -2, 1
108, -1, 0
126, -2, 1
128, -1, 0
123, -2, 1
124, -1, 0
123, -2, 1
125, -1, 0
125, -2, 1
125, -2, 0
126, -1, 1
125, -2, 1
125, -2, 0
124, -1, 1
125, -2, 0
125, -1, 1
125, -2, 0
125, -1, 1
126, -2, 0
124, -1, 1
126, -2, 1
125, -2, 0
124, -2, 1
128, -1, 0
124, -2, 1
123, -1, 0
126, -2, 1
124, -1, 0
126, -2, 1
126, -1, 0
123, -2, 1
126, -2, 1
125, -1, 0
124, -2, 1
126, -2, 0
132, -1, 1
127, -1, 0
114, -2, 1
126, -1, 0
125, -2, 1
144, -1, 0
106, -2, 1
126, -2, 1
124, -1, 0
125, -2, 1
125, -2, 0
125, -1, 1
125, -2, 0
126, -1, 1
124, -2, 1
126, -1, 0
124, -2, 1
125, -1, 0
125, -2, 1
125, -2, 0
126, -1, 1
125, -2, 0
124, -2, 1
127, -1, 1
123, -2, 0
125, -1, 1
125, -2, 0
144, -1, 1
104, -2, 0
126, -1, 1
165, -2, 1
92, -1, 0
120, -2, 1
123, -1, 0
125, -2, 1
125, -1, 0
125, -2, 1
125, -1, 0
125, -2, 1
125, -2, 0
125, -1, 1
125, -2, 0
125, -1, 1
125, -2, 1
125, -1, 0
126, -2, 1
124, -1, 0
126, -2, 1
126, -1, 0
123, -2, 1
125, -1, 1
128, -2, 0
126, -1, 1
123, -2, 0
126, -2, 1
125, -1, 0
123, -2, 1
150, -1, 0
100, -1, 1
125, -2, 1
125, -1, 0
125, -2, 1
125, -1, 0
126, -1, 1
124, -2, 0
125, -2, 1
125, -1, 0
125, -1, 1
125, -2, 0
125, -1, 1
125, -2, 0
126, -1, 1
124, -1, 1
125, -2, 0
126, -2, 1
124, -1, 0
125, -1, 1
126, -2, 1
124, -1, 0
127, -2, 1
123, -1, 0
125, -2, 1
125, -1, 0
125, -2, 1
125, -1, 0
127, -1, 1
124, -2, 0
124, -1, 1
124, -1, 0
125, -2, 1
125, -1, 0
125, -2, 1
125, -1, 1
125, -2, 0
125, -1, 1
125, -2, 0
125, -1, 1
125, -1, 0
125, -1, 1
125, -2, 0
125, -1, 1
127, -2, 0
123, -1, 1
125, -2, 0
124, -1, 1
126, -1, 1
126, -1, 0
124, -2, 1
133, -1, 0
123, -2, 1
123, -1, 0
127, -1, 1
122, -1, 0
124, -2, 1
124, -1, 0
127, -2, 1
122, -1, 0
145, -1, 1
105, -1, 0
126, -1, 1
124, -2, 0
125, -1, 1
125, -2, 0
125, 0, 1
125, -2, 0
125, -1, 1
125, -2, 0
126, -1, 1
138, -1, 0
221, -1, 1
19, -2, 0
121, -1, 1
128, -1, 0
130, -1, 1
127, -2, 1
118, -1, 0
124, -1, 1
125, -1, 0
125, -2, 1
127, -1, 0
123, -1, 1
125, -1, 0
125, -1, 1
126, -1, 0
124, -2, 1
125, -1, 0
125, -1, 1
125, -1, 0
125, -2, 1
125, -1, 0
128, -1, 1
123, -1, 0
123, -1, 0
125, -1, 1
135, -2, 1
242, -2, 1
124, -1, 0
124, -1, 0
126, -1, 1
124, -1, 0
126, -1, 1
124, -2, 0
126, 0, 1
124, -2, 0
126, -1, 1
124, -1, 0
126, -1, 1
124, -1, 0
125, -1, 1
125, -1, 0
125, -1, 0
125, -1, 1
125, -1, 0
127, -1, 1
125, -1, 0
124, -1, 1
125, -1, 0
125, -1, 1
124, -1, 0
125, -1, 0
126, -1, 1
124, -1, 0
126, -1, 1
124, -1, 0
125, -2, 1
250, -1, 1
125, -1, 0
125, -1, 1
125, -1, 0
126, -1, 0
125, -1, 1
124, -1, 0
125, -1, 1
126, -1, 0
124, -1, 0
125, -1, 1
126, -1, 0
125, -1, 1
124, -1, 0
125, -1, 1
250, -1, 0
125, -1, 1
126, -1, 0
125, -1, 1
125, -1, 0
127, -1, 0
125, -1, 1
248, -1, 1
126, -1, 0
126, -1, 1
123, -1, 0
125, -1, 0
124, -1, 1
125, -1, 0
250, -1, 1
126, -1, 0
125, -1, 1
249, -1, 0
126, -1, 1
124, -1, 0
125, -1, 0
125, 0, 1
125, -1, 0
126, -1, 0
124, -1, 1
250, -1, 0
125, -1, 1
126, -1, 0
248, -1, 1
126, -1, 0
125, -1, 0
126, 0, 1
125, -1, 0
251, -1, 1
123, -1, 0
126, -1, 0
125, 0, 1
124, -1, 0
250, -1, 1
126, -1, 0
125, -1, 0
255, -1, 1
245, -1, 0
126, 0, 1
125, -1, 0
124, -1, 0
125, 0, 1
125, -1, 0
125, -1, 0
250, -1, 1
249, -1, 0
126, 0, 1
134, -1, 0
240, -1, 0
127, 0, 1
124, -1, 0
250, -1, 0
125, -1, 1
250, -1, 0
125, 0, 1
125, -1, 0
250, -1, 0
125, 0, 1
249, -1, 0
250, -1, 0
126, 0, 1
125, -1, 0
250, -1, 0
250, 0, 1
126, -1, 0
248, -1, 0
250, 0, 1
126, -1, 0
375, -1, 1
250, -1, 0
375, 0, 1
125, -1, 0
375, -1, 0
253, 0, 1
124, -1, 0
498, -1, 0
125, 0, 1
249, -1, 0
625, -1, 0
126, 0, 1
499, -1, 0
375, 0, 1
501, -1, 0
623, 0, 1
876, -1, 0
1125, 0, 1
4256, 1, 0
368, 0, 1
630, 1, 0
1014, 1, 0
857, 1, 0
373, 0, 1
413, 1, 0
656, 1, 0
592, 1, 0
589, 1, 0
535, 0, 1
91, 1, 0
374, 1, 0
535, 1, 0
467, 1, 0
501, 1, 0
249, 1, 1
377, 1, 0
534, 1, 0
213, 1, 0
535, 1, 0
216, 1, 0
444, 1, 0
181, 1, 0
407, 1, 0
342, 1, 0
250, 1, 0
250, 1, 0
250, 1, 0
409, 1, 0
92, 1, 0
408, 1, 0
92, 0, 1
125, 1, 0
251, 1, 0
249, 1, 0
250, 1, 0
249, 1, 0
250, 1, 0
251, 1, 0
125, 1, 0
249, 1, 0
250, 1, 0
250, 1, 0
250, 1, 0
127, 1, 0
249, 1, 0
125, 1, 0
249, 1, 0
250, 1, 0
126, 1, 0
250, 1, 0
125, 1, 0
260, 1, 0
240, 1, 0
126, 1, 0
248, 1, 0
126, 1, 0
249, 1, 0
143, 1, 0
111, 0, -1
123, 1, 0
124, 1, 0
125, 1, 0
251, 1, 0
124, 1, 0
125, 1, 0
250, 1, 0
125, 1, 0
250, 1, 0
125, 1, 0
125, 1, -1
125, 1, 0
250, 1, 0
125, 1, 0
125, 1, 0
249, 1, 0
126, 1, 0
125, 1, 0
125, 1, 0
125, 1, 0
125, 1, -1
249, 1, 0
126, 1, 0
125, 1, 0
125, 1, 0
125, 1, 0
127, 1, 0
249, 1, -1
124, 1, 0
125, 1, 0
125, 1, 0
133, 1, 0
117, 1, 0
125, 1, 0
125, 1, 0
125, 1, -1
248, 1, 0
125, 1, 0
126, 1, 0
125, 1, 0
125, 1, 0
124, 1, -1
125, 1, 0
126, 1, 0
124, 1, 0
125, 1, 0
125, 1, 0
125, 1, -1
126, 1, 0
124, 1, 0
125, 1, 0
125, 1, 0
125, 1, 0
125, 1, 0
125, 1, -1
126, 2, 0
250, 2, 0
124, 1, 0
125, 1, -1
125, 1, 0
125, 1, 0
125, 1, 0
125, 1, 0
126, 1, -1
124, 1, 0
125, 1, 0
125, 2, 0
125, 1, -1
125, 1, 0
125, 1, 0
125, 1, 0
126, 1, 0
125, 2, -1
124, 1, 0
125, 1, 0
125, 1, 0
125, 1, -1
125, 1, 0
125, 2, 0
126, 1, 0
125, 1, 0
124, 1, -1
126, 1, 0
125, 1, 0
124, 2, 0
126, 1, -1
124, 1, 0
126, 1, 0
125, 2, 0
124, 1, -1
126, 1, 0
126, 1, 0
123, 2, 0
125, 1, -1
125, 1, 0
126, 1, 0
124, 2, -1
125, 1, 0
125, 1, 0
125, 1, 0
125, 2, -1
126, 1, 0
125, 1, 0
125, 2, -1
124, 1, 0
126, 1, 0
125, 2, 0
124, 1, -1
125, 1, 0
126, 1, 0
124, 2, -1
126, 1, 0
124, 1, 0
125, 2, 0
165, 1, -1
125, 1, 0
124, 2, 0
135, 1, -1
111, 1, 0
126, 2, 0
124, 1, -1
90, 2, 0
126, 1, 0
124, 2, -1
125, 1, 0
125, 1, 0
125, 1, 0
126, 2, -1
130, 1, 0
119, 2, -1
125, 1, 0
125, 2, 0
125, 1, -1
125, 2, 0
125, 1, 0
126, 2, -1
125, 1, 0
124, 1, 0
125, 1, 0
127, 2, -1
125, 1, 0
125, 2, -1
128, 1, 0
126, 2, 0
121, 1, -1
125, 2, 0
126, 1, 0
125, 2, -1
124, 1, 0
126, 2, -1
125, 1, 0
126, 2, 0
124, 1, -1
124, 2, 0
126, 1, 0
124, 2, -1
126, 1, 0
125, 2, -1
125, 1, 0
125, 2, 0
125, 1, -1
124, 2, 0
126, 1, 0
125, 2, -1
125, 1, 0
125, 2, -1
125, 1, 0
126, 2, -1
124, 1, 0
124, 2, 0
125, 1, -1
126, 2, 0
124, 1, 0
126, 2, -1
125, 1, 0
125, 1, -1
125, 2, 0
124, 2, 0
126, 1, -1
126, 2, 0
124, 2, -1
125, 1, 0
125, 2, 0
125, 1, -1
125, 2, 0
125, 1, 0
125, 2, -1
124, 1, 0
126, 2, -1
125, 1, 0
125, 2, -1
125, 1, 0
125, 2, -1
125, 2, 0
124, 2, -1
125, 1, 0
125, 2, 0
126, 1, -1
125, 2, 0
126, 1, -1
123, 2, 0
125, 1, 0
126, 2, -1
125, 2, 0
124, 1, -1
126, 2, 0
125, 2, -1
126, 1, 0
124, 2, 0
124, 1, -1
125, 2, 0
125, 1, -1
126, 2, 0
125, 2, -1
125, 2, 0
126, 1, -1
124, 2, 0
125, 1, 0
125, 2, -1
125, 1, 0
125, 2, -1
125, 1, 0
124, 2, -1
127, 2, 0
123, 2, -1
125, 1, 0
125, 2, -1
125, 1, 0
125, 2, -1
126, 1, 0
124, 2, 0
127, 2, -1
123, 2, 0
125, 1, -1
125, 2, 0
125, 1, -1
125, 2, 0
125, 1, -1
125, 2, 0
126, 2, -1
125, 1, 0
125, 2, 0
125, 1, -1
124, 2, 0
125, 1, -1
125, 2, 0
125, 2, -1
126, 2, 0
133, 1, -1
126, 2, 0
114, 1, -1
129, 2, 0
122, 1, -1
124, 2, 0
125, 2, 0
126, 2, -1
125, 1, 0
125, 2, -1
124, 1, 0
125, 2, -1
125, 1, 0
125, 2, -1
125, 2, 0
126, 2, -1
124, 1, 0
125, 2, -1
125, 1, 0
125, 2, -1
125, 1, 0
126, 2, -1
125, 2, 0
125, 2, -1
124, 1, 0
125, 2, -1
125, 1, 0
126, 2, -1
126, 2, 0
123, 1, -1
125, 2, 0
126, 2, -1
124, 1, 0
126, 2, -1
124, 1, 0
125, 2, -1
125, 2, 0
125, 1, -1
125, 2, 0
126, 2, 0
124, 1, -1
125, 2, -1
125, 1, 0
125, 2, -1
125, 1, 0
126, 2, 0
124, 2, -1
126, 2, -1
125, 1, 0
124, 2, 0
125, 1, -1
126, 2, -1
124, 1, 0
125, 2, 0
125, 2, -1
132, 1, 0
119, 2, -1
125, 1, 0
201, 2, -1
83, 1, 0
90, 2, -1
126, 2, 0
122, 1, -1
126, 2, 0
124, 2, -1
129, 1, 0
122, 2, -1
124, 1, 0
125, 2, -1
126, 1, 0
125, 2, -1
125, 2, 0
124, 1, -1
126, 2, 0
125, 2, -1
124, 1, 0
125, 2, -1
126, 1, 0
125, 2, -1
129, 1, 0
123, 2, -1
124, 1, 0
124, 2, -1
127, 1, -1
127, 2, 0
125, 2, -1
135, 1, 0
112, 2, 0
124, 1, -1
125, 2, -1
125, 2, 0
125, 1, -1
125, 2, 0
125, 1, -1
125, 2, 0
125, 1, -1
125, 2, 0
125, 1, -1
125, 2, 0
125, 1, -1
125, 2, 0
126, 1, -1
124, 2, 0
126, 1, -1
124, 2, 0
125, 1, -1
125, 2, 0
125, 1, -1
125, 2, 0
126, 1, -1
124, 2, 0
127, 1, -1
123, 2, 0
125, 1, -1
125, 2, 0
125, 1, -1
125, 1, -1
127, 2, 0
123, 1, 0
126, 2, -1
124, 1, 0
125, 2, -1
125, 1, 0
125, 2, -1
125, 1, 0
125, 2, -1
126, 1, 0
124, 2, -1
125, 1, 0
125, 2, -1
125, 1, -1
125, 1, 0
140, 2, 0
171, 1, -1
101, 2, 0
125, 1, -1
124, 1, -1
126, 2, 0
131, 1, -1
120, 2, 0
88, 1, -1
135, 2, 0
115, 1, -1
125, 1, 0
125, 2, 0
124, 1, -1
125, 1, -1
125, 2, 0
126, 1, 0
125, 2, -1
124, 1, 0
126, 1, -1
124, 2, 0
125, 1, -1
126, 1, 0
124, 2, -1
125, 1, 0
125, 1, -1
125, 1, 0
126, 2, -1
274, 1, 0
227, 2, -1
125, 3, -1
125, 2, -1
125, 1, 0
125, 1, -1
125, 2, 0
125, 1, -1
125, 1, 0
125, 2, -1
125, 1, 0
125, 1, -1
125, 1, 0
130, 2, -1
120, 1, 0
126, 1, -1
124, 1, 0
125, 2, -1
124, 1, 0
127, 1, -1
127, 1, 0
124, 2, -1
123, 1, 0
124, 1, -1
125, 1, 0
125, 1, 0
126, 1, -1
124, 2, 0
126, 1, -1
125, 1, 0
124, 1, -1
125, 1, 0
126, 2, -1
249, 2, -1
125, 1, 0
125, 1, -1
126, 1, 0
124, 1, -1
126, 1, 0
124, 2, -1
125, 1, 0
126, 1, -1
125, 1, 0
124, 1, 0
126, 1, -1
125, 1, -1
125, 1, 0
125, 2, 0
125, 0, -1
125, 2, 0
126, 1, -1
125, 1, 0
125, 1, -1
124, 1, 0
126, 1, 0
128, 1, -1
123, 1, 0
123, 1, -1
128, 1, 0
123, 1, -1
125, 1, 0
123, 1, -1
127, 1, 0
124, 1, -1
125, 1, 0
126, 1, -1
125, 1, 0
125, 1, 0
126, 1, -1
123, 1, 0
125, 1, -1
126, 1, 0
125, 1, -1
125, 1, 0
126, 1, 0
124, 1, -1
249, 2, -1
250, 1, -1
125, 1, 0
125, 1, 0
126, 1, -1
125, 1, 0
125, 0, -1
124, 1, 0
126, 1, -1
125, 1, 0
124, 1, 0
126, 1, -1
249, 1, -1
130, 1, 0
120, 1, 0
125, 1, -1
250, 1, -1
125, 1, 0
126, 1, 0
124, 0, -1
126, 1, 0
125, 1, -1
124, 1, 0
257, 1, -1
123, 1, 0
245, 1, -1
125, 1, 0
124, 0, -1
125, 1, 0
125, 1, 0
126, 1, -1
249, 1, -1
250, 1, 0
125, 1, -1
250, 1, 0
125, 1, -1
250, 1, -1
251, 1, 0
126, 1, -1
249, 1, 0
125, 0, -1
124, 1, 0
250, 1, -1
249, 1, 0
126, 0, -1
125, 1, 0
126, 0, -1
124, 1, 0
251, 1, 0
126, 0, -1
124, 1, 0
249, 0, -1
126, 1, 0
249, 1, -1
251, 1, 0
125, 0, -1
249, 1, 0
126, 0, -1
249, 1, 0
251, 0, -1
125, 1, 0
249, 0, -1
126, 1, 0
374, 0, -1
126, 1, 0
508, 0, -1
258, 1, 0
141, 0, -1
93, 1, 0
378, 0, -1
248, 1, 0
248, 0, -1
499, 0, -1
249, 1, 0
375, 0, -1
625, 0, -1
624, 0, -1
910, 0, -1
992, 0, -1
1034, 0, -1
817, -1, 0
779, -1, -1
754, -1, 0
719, -1, 0
247, 0, -1
250, -1, 0
540, -1, 0
591, -1, 0
494, -1, 0
416, -1, 0
532, -1, 0
470, -1, 0
333, -1, 0
375, -1, 0
416, -1, 0
210, -1, 0
500, -1, 0
250, -1, 0
254, -1, 0
519, -1, 0
227, -1, 0
249, -1, 0
250, 0, 1
126, -1, 0
265, -1, 0
235, -1, 0
419, -1, 0
205, -1, 1
250, -1, 0
250, -1, 0
250, -1, 0
250, -1, 0
250, -1, 1
251, -1, 0
125, -1, 0
249, -1, 0
251, -1, 0
125, -1, 1
249, -1, 0
250, -1, 0
250, -1, 0
126, -1, 0
129, 0, 1
122, -1, 0
124, -1, 0
249, -1, 0
250, -1, 0
126, -1, 1
125, -1, 0
249, -1, 0
125, -1, 0
250, -1, 1
250, -1, 0
126, -1, 0
125, -1, 0
249, -1, 1
125, -1, 0
125, -1, 0
250, -1, 0
125, -1, 0
126, 0, 1
125, -1, 0
125, -1, 0
124, -1, 0
126, -1, 0
258, -1, 1
126, -1, 0
115, -1, 0
249, -1, 1
126, -1, 0
125, -1, 0
125, -1, 0
126, -1, 0
126, 0, 1
125, -2, 0
248, -1, 0
126, -1, 0
124, -1, 1
125, -1, 0
124, -1, 0
251, -2, 1
249, -1, 0
127, -1, 0
124, -1, 1
125, -1, 0
126, -1, 0
124, -1, 0
126, -1, 0
124, -1, 1
125, -1, 0
125, -1, 0
125, -1, 0
125, -1, 1
125, -1, 0
125, -1, 0
126, -1, 0
124, -1, 1
125, -1, 0
253, -2, 1
153, -1, 0
94, -1, 0
125, -1, 0
125, -1, 0
126, -1, 1
124, -1, 0
124, -1, 0
126, -1, 0
124, -1, 1
126, -1, 0
125, -1, 0
128, -1, 0
122, -1, 1
124, -1, 0
125, -1, 0
125, -1, 0
125, -2, 1
125, -1, 0
125, -1, 0
126, -1, 0
124, -1, 1
125, -1, 0
125, -1, 0
125, -1, 1
125, -2, 0
125, -1, 0
125, -1, 1
126, -1, 0
124, -1, 0
125, -1, 0
125, -2, 1
125, -1, 0
125, -1, 0
125, -1, 0
125, -2, 1
126, -1, 0
135, -1, 0
114, -1, 1
125, -1, 0
125, -2, 0
125, -1, 1
125, -1, 0
125, -1, 0
126, -1, 1
124, -2, 0
125, -1, 0
125, -1, 1
125, -2, 0
125, -1, 0
125, -1, 0
125, -2, 1
126, -1, 0
124, -1, 1
126, -1, 0
124, -2, 0
125, -1, 1
125, -2, 0
125, -1, 0
125, -1, 1
125, -1, 0
125, -2, 0
125, -1, 1
125, -2, 0
125, -1, 0
125, -1, 1
125, -2, 0
125, -1, 1
126, -1, 0
124, -2, 0
125, -1, 0
125, -1, 1
125, -2, 0
125, -1, 0
125, -2, 1
125, -1, 0
125, -1, 1
125, -1, 0
125, -2, 0
124, -1, 1
126, -2, 0
125, -1, 1
125, -2, 0
125, -1, 0
126, -2, 1
124, -1, 0
125, -2, 1
125, -1, 0
125, -2, 1
125, -1, 0
125, -2, 0
125, -1, 1
126, -1, 0
124, -2, 0
125, -1, 1
154, -2, 1
125, -1, 0
125, -2, 0
125, -2, 1
124, -1, 0
116, -1, 1
260, -2, 0
223, -2, 0
124, -4, 2
125, -2, 0
125, -1, 1
126, -2, 0
125, -1, 1
124, -2, 0
125, -1, 1
125, -2, 0
125, -1, 1
144, -2, 0
106, -1, 1
126, -2, 0
125, -2, 0
124, -1, 1
125, -2, 0
125, -2, 1
125, -1, 0
125, -2, 1
125, -1, 0
126, -2, 1
124, -1, 0
125, -2, 1
125, -1, 0
125, -2, 1
125, -2, 0
125, -2, 1
125, -1, 0
126, -1, 1
124, -2, 0
126, -1, 1
124, -2, 0
125, -2, 1
125, -2, 0
126, -1, 1
124, -2, 0
126, -1, 1
124, -2, 0
128, -1, 1
126, -2, 1
135, -2, 0
110, -2, 1
172, -1, 0
78, -2, 1
212, -1, 0
39, -2, 1
126, -2, 0
135, -1, 1
130, -2, 0
191, -2, 1
50, -1, 1
122, -2, 0
128, -2, 1
125, -2, 0
124, -1, 1
120, -2, 0
130, -1, 1
126, -3, 1
123, -1, 0
137, -2, 1
114, -1, 0
128, -2, 1
145, -1, 0
150, -3, 1
206, -1, 1
249, -2, 0
125, -5, 2
122, -2, 1
125, -1, 0
124, -2, 1
126, -2, 0
127, -2, 1
299, -1, 0
201, -2, 1
235, -5, 2
257, -2, 0
145, -5, 2
114, -2, 1
118, -2, 0
130, -2, 1
124, -1, 1
127, -2, 0
123, -2, 1
127, -2, 1
116, -1, 0
127, -2, 1
173, -1, 0
83, -2, 1
126, -2, 1
118, -1, 0
126, -3, 1
123, -1, 0
125, -2, 1
125, -1, 1
126, -2, 0
124, -2, 1
125, -2, 1
125, -1, 0
125, -2, 1
125, -2, 0
126, -2, 1
124, -1, 1
126, -3, 0
124, -1, 1
125, -2, 1
125, -2, 0
125, -2, 1
126, -1, 1
129, -2, 0
120, -2, 1
126, -2, 1
124, -1, 0
125, -2, 1
126, -2, 0
124, -2, 1
125, -2, 0
125, -2, 2
125, -1, 0
131, -2, 1
127, -2, 0
117, -2, 1
125, -1, 1
125, -2, 1
125, -2, 0
125, -2, 1
124, -1, 0
126, -3, 1
125, -1, 1
125, -2, 1
126, -2, 0
125, -2, 1
124, -1, 0
131, -2, 1
125, -2, 1
120, -2, 1
124, -1, 0
125, -3, 1
125, -1, 0
125, -2, 1
125, -2, 1
147, -2, 1
104, -1, 0
125, -2, 1
124, -2, 0
126, -2, 1
125, -1, 1
125, -3, 1
125, -1, 0
124, -2, 1
125, -2, 1
126, -2, 0
124, -1, 1
125, -2, 0
125, -2, 1
125, -2, 1
126, -1, 1
124, -2, 0
125, -2, 1
126, -1, 1
124, -3, 0
125, -1, 1
126, -2, 1
126, -2, 0
125, -2, 1
123, -1, 1
125, -2, 0
126, -2, 1
125, -2, 1
125, -1, 1
124, -3, 0
126, -1, 1
125, -2, 1
124, -2, 0
125, -2, 1
126, -1, 0
125, -2, 1
125, -2, 1
125, -2, 1
125, -1, 0
125, -2, 1
124, -2, 0
126, -2, 1
125, -2, 1
125, -2, 1
127, -1, 0
124, -2, 1
126, -2, 0
124, -2, 1
124, -1, 1
125, -2, 1
125, -2, 0
125, -2, 1
124, -1, 1
125, -2, 0
125, -2, 1
125, -2, 1
126, -1, 0
124, -2, 1
126, -2, 1
124, -2, 0
125, -1, 1
125, -3, 1
125, -1, 0
125, -2, 1
125, -1, 1
125, -2, 0
126, -2, 1
124, -2, 1
125, -2, 0
125, -2, 1
125, -1, 0
125, -2, 1
125, -2, 1
125, -2, 0
126, -1, 1
124, -2, 1
126, -2, 1
124, -1, 0
125, -2, 1
125, -1, 0
129, -3, 1
121, -1, 1
126, -2, 0
124, -1, 1
125, -2, 1
125, -2, 0
125, -2, 1
125, -1, 1
125, -2, 0
125, -1, 1
126, -3, 1
124, -1, 0
125, -2, 1
125, -1, 1
125, -2, 0
125, -2, 1
133, -2, 1
117, -1, 0
126, -2, 1
124, -1, 1
125, -2, 0
125, -2, 1
125, -2, 1
125, -1, 0
125, -2, 1
125, -2, 1
126, -1, 0
256, -2, 1
245, -2, 1
174, -4, 1
147, -2, 1
89, -2, 1
112, -2, 0
126, -1, 1
125, -2, 1
124, -1, 0
111, -2, 1
156, -2, 0
85, -2, 1
122, -1, 1
126, -2, 0
125, -1, 1
125, -2, 1
125, -2, 0
126, -1, 1
127, -2, 1
126, -2, 0
123, -1, 1
127, -2, 1
122, -1, 0
130, -2, 1
142, -1, 0
137, -2, 1
93, -1, 0
125, -2, 1
124, -2, 0
126, -1, 1
124, -2, 1
125, -1, 1
125, -2, 0
125, -1, 0
126, -2, 1
125, -1, 1
125, -2, 0
126, -1, 1
123, -2, 1
125, -1, 0
125, -2, 1
126, -1, 0
124, -2, 1
126, -1, 0
124, -2, 1
126, -1, 0
124, -2, 1
126, -1, 1
124, -2, 0
125, -1, 1
125, -2, 0
126, -1, 1
125, -2, 1
125, -1, 0
124, -2, 1
125, -1, 0
126, -2, 1
124, -1, 0
125, -2, 1
126, -1, 0
127, -2, 1
124, -1, 1
123, -1, 0
125, -2, 1
125, -1, 0
125, -1, 1
125, -2, 0
125, -1, 1
125, -2, 1
126, -1, 0
123, -2, 1
125, -1, 0
125, -2, 1
126, -1, 0
124, -1, 1
125, -2, 0
125, -1, 1
127, -1, 0
125, -2, 1
123, -1, 0
126, -1, 1
125, -2, 1
125, -1, 0
124, -1, 0
125, -2, 1
127, -1, 1
124, -2, 0
124, -1, 1
126, -1, 0
125, -1, 0
124, -2, 1
126, -1, 1
125, -2, 0
125, -1, 1
125, -1, 0
124, -1, 1
126, -1, 0
127, -2, 1
124, -1, 0
123, -1, 1
125, -1, 0
125, -2, 1
124, -1, 0
125, -1, 0
127, -2, 1
123, -1, 0
154, -1, 1
97, -2, 0
125, 0, 1
126, -2, 0
124, -1, 1
125, -1, 0
125, -1, 1
125, -2, 0
125, -1, 1
125, -1, 0
125, -1, 0
126, -2, 1
124, -1, 0
125, -1, 1
125, -1, 0
125, -2, 1
251, -2, 1
124, -1, 0
126, -1, 1
124, -1, 0
125, -1, 0
125, -1, 1
126, -2, 0
124, -1, 1
126, -1, 0
124, -1, 0
126, -1, 1
124, -1, 0
125, -1, 1
131, -1, 0
128, -2, 1
245, -2, 0
123, -1, 1
125, -1, 1
124, -1, 0
125, -1, 0
126, -1, 1
125, -1, 0
124, -1, 0
133, -1, 1
117, -1, 0
126, -2, 1
249, -2, 0
125, 0, 1
125, -2, 0
126, -1, 1
124, -1, 0
202, -1, 0
47, -1, 1
130, -1, 0
123, -1, 1
151, -1, 0
96, -1, 0
126, -1, 1
127, -1, 0
124, -1, 0
125, -1, 1
123, -1, 0
125, -1, 1
250, -1, 0
126, -1, 1
125, -1, 0
124, -1, 1
126, -1, 0
124, -1, 0
125, -1, 1
125, -1, 0
124, -1, 0
126, -1, 1
126, -1, 0
147, -1, 0
104, 0, 1
124, -2, 0
250, -1, 1
124, -1, 0
125, -1, 0
126, -1, 1
124, -1, 0
253, -2, 1
250, -1, 1
125, -1, 0
124, -1, 0
127, -1, 0
122, -1, 1
250, -1, 0
125, -1, 1
125, -1, 0
249, -1, 1
126, -1, 0
125, -1, 0
125, -1, 1
125, -1, 0
249, -1, 1
125, -1, 0
126, -1, 0
143, 0, 1
107, -1, 0
124, -1, 0
125, -1, 0
125, 0, 1
124, -1, 0
126, -1, 0
125, 0, 1
125, -1, 0
125, -1, 0
126, 0, 1
124, -1, 0
125, -1, 0
125, -1, 1
249, -1, 0
251, -1, 1
125, -1, 0
249, -1, 0
126, -1, 1
249, -1, 0
251, -1, 1
250, -1, 0
125, -1, 0
124, 0, 1
126, -1, 0
249, -1, 1
251, -1, 0
125, -1, 0
125, 0, 1
124, -1, 0
250, -1, 0
250, -1, 1
251, -1, 0
249, -1, 1
258, -1, 0
243, 0, 1
127, -1, 0
249, -1, 0
252, -1, 1
373, -1, 0
260, -1, 1
366, -1, 0
375, -1, 1
417, -1, 0
205, -1, 1
533, -1, 0
343, 0, 1
125, -1, 0
535, -1, 0
389, 0, 1
200, -1, 0
625, 0, 1
125, -1, 0
912, -1, 0
338, 0, 1
1422, -1, 0
452, 0, 1
3919, 1, 0
1245, 1, 0
338, 0, 1
534, 1, 0
965, 1, 0
751, 1, 0
624, 1, 0
676, 1, 1
584, 1, 0
654, 1, 0
499, 1, 0
499, 1, 0
466, 1, 0
374, 1, 0
499, 1, 0
537, 1, 0
212, 1, 0
376, 1, 0
410, 1, 0
343, 1, 0
374, 1, 0
248, 1, 0
428, 1, 0
322, 1, 0
250, 1, 0
250, 1, 0
375, 1, 0
414, 1, 0
88, 1, 0
249, 1, 0
374, 1, 0
250, 1, 0
250, 1, 0
250, 1, 0
250, 1, 0
126, 0, -1
249, 1, 0
250, 1, 0
251, 1, 0
125, 1, 0
124, 0, -1
125, 1, 0
250, 1, 0
250, 1, 0
125, 1, 0
250, 1, 0
250, 1, -1
250, 1, 0
250, 1, 0
126, 1, 0
249, 1, -1
126, 1, 0
249, 1, 0
125, 1, 0
250, 1, 0
125, 1, -1
251, 1, 0
249, 1, 0
125, 1, 0
125, 1, -1
249, 1, 0
251, 1, 0
125, 1, 0
126, 1, 0
124, 0, -1
125, 1, 0
125, 1, 0
125, 1, 0
249, 1, -1
126, 1, 0
249, 1, 0
126, 1, 0
133, 1, -1
124, 1, 0
242, 1, 0
125, 1, 0
126, 1, -1
249, 1, 0
125, 1, 0
126, 1, 0
125, 1, -1
249, 1, 0
126, 1, 0
124, 1, -1
250, 1, 0
126, 1, 0
124, 1, 0
126, 1, -1
125, 1, 0
249, 1, 0
125, 1, -1
125, 1, 0
125, 1, 0
125, 1, 0
125, 1, -1
125, 1, 0
250, 1, 0
125, 1, -1
125, 1, 0
126, 1, 0
125, 1, 0
125, 1, -1
124, 1, 0
126, 1, 0
125, 1, 0
124, 0, -1
125, 1, 0
125, 1, 0
125, 1, 0
126, 1, -1
124, 1, 0
126, 1, 0
124, 1, 0
126, 1, -1
135, 1, 0
115, 1, 0
124, 1, -1
127, 1, 0
123, 1, 0
126, 1, 0
123, 1, -1
153, 1, 0
99, 1, 0
124, 1, 0
126, 1, -1
342, 2, 0
65, 1, -1
116, 1, 0
101, 1, 0
124, 1, -1
250, 2, 0
250, 2, -1
250, 1, 0
126, 1, 0
124, 1, -1
129, 2, 0
247, 2, -1
251, 2, 0
124, 1, 0
125, 1, -1
125, 1, 0
125, 1, 0
125, 1, -1
125, 1, 0
125, 1, 0
126, 1, -1
124, 1, 0
125, 1, 0
125, 1, 0
125, 1, -1
125, 1, 0
125, 1, 0
125, 1, -1
126, 2, 0
124, 1, 0
125, 1, -1
125, 1, 0
125, 1, 0
125, 1, -1
125, 1, 0
125, 1, 0
126, 1, 0
125, 1, -1
128, 2, 0
121, 1, 0
125, 1, -1
125, 1, 0
125, 1, 0
125, 1, -1
126, 1, 0
124, 1, 0
126, 2, -1
124, 1, 0
125, 1, 0
125, 1, 0
125, 1, -1
125, 1, 0
126, 1, -1
124, 1, 0
125, 2, 0
125, 1, 0
124, 1, -1
125, 1, 0
125, 1, -1
125, 1, 0
126, 2, 0
125, 1, -1
124, 1, 0
126, 1, 0
125, 2, -1
249, 2, 0
125, 1, 0
152, 1, -1
125, 1, 0
126, 2, -1
124, 1, 0
123, 1, 0
101, 1, 0
154, 1, -1
95, 1, 0
126, 1, 0
125, 2, -1
124, 1, 0
125, 1, -1
125, 1, 0
125, 2, 0
126, 1, 0
125, 1, -1
125, 1, 0
124, 1, 0
126, 1, -1
125, 2, 0
124, 1, -1
125, 1, 0
126, 1, 0
125, 2, -1
125, 1, 0
124, 1, 0
125, 1, -1
126, 2, 0
124, 1, 0
285, 1, -1
216, 1, 0
124, 4, -1
127, 1, -1
125, 2, 0
125, 1, 0
125, 1, -1
125, 1, 0
125, 2, 0
126, 1, -1
124, 1, 0
125, 1, 0
125, 2, -1
125, 1, 0
125, 1, -1
125, 1, 0
125, 2, 0
126, 1, -1
124, 1, 0
125, 1, 0
125, 2, -1
125, 1, 0
125, 1, -1
125, 1, 0
125, 2, 0
125, 1, -1
125, 2, 0
125, 1, 0
125, 1, -1
125, 1, 0
127, 2, -1
124, 1, 0
124, 1, 0
126, 1, -1
124, 2, 0
125, 1, 0
125, 1, -1
125, 1, 0
126, 1, -1
125, 2, 0
125, 1, 0
126, 2, -1
124, 1, 0
125, 1, 0
126, 1, -1
124, 2, 0
129, 1, -1
121, 1, 0
126, 1, -1
125, 2, 0
126, 1, 0
123, 1, -1
125, 2, 0
125, 1, -1
125, 1, 0
130, 2, 0
120, 1, -1
126, 1, 0
124, 1, 0
125, 2, -1
125, 1, 0
125, 1, -1
125, 1, 0
126, 2, -1
125, 1, 0
124, 2, 0
125, 1, -1
124, 1, 0
125, 1, 0
125, 2, -1
125, 1, 0
126, 1, -1
124, 1, 0
126, 2, 0
125, 1, -1
124, 1, 0
125, 1, 0
125, 2, -1
125, 1, 0
126, 2, -1
124, 1, 0
126, 1, -1
124, 1, 0
125, 2, 0
125, 1, -1
126, 1, 0
124, 1, -1
125, 2, 0
125, 1, 0
126, 1, -1
124, 2, 0
125, 1, -1
125, 1, 0
125, 1, -1
125, 1, 0
125, 2, 0
126, 1, -1
125, 2, 0
124, 1, 0
126, 1, -1
124, 1, 0
125, 2, -1
133, 1, 0
121, 1, -1
128, 1, 0
268, 1, 0
226, 2, -1
125, 4, -1
125, 1, -1
125, 1, 0
129, 2, -1
121, 1, 0
124, 1, 0
125, 1, -1
125, 2, 0
125, 1, -1
125, 1, 0
127, 1, 0
123, 2, -1
126, 1, 0
124, 1, -1
125, 1, 0
126, 2, -1
124, 1, 0
125, 1, -1
125, 1, 0
125, 2, -1
126, 1, 0
124, 1, 0
125, 1, -1
125, 2, 0
125, 1, 0
125, 1, -1
125, 1, 0
125, 2, -1
126, 1, 0
124, 1, -1
125, 1, 0
125, 1, -1
125, 1, 0
125, 2, 0
126, 1, -1
124, 1, 0
126, 1, -1
124, 2, 0
125, 1, 0
125, 1, -1
125, 1, 0
125, 2, -1
250, 2, -1
126, 1, 0
124, 1, 0
125, 1, -1
125, 2, 0
125, 1, -1
125, 1, 0
125, 1, -1
128, 1, 0
123, 1, 0
125, 2, -1
124, 1, 0
125, 1, -1
125, 1, 0
125, 1, -1
125, 1, 0
125, 2, 0
126, 0, -1
124, 1, 0
125, 2, -1
125, 1, 0
125, 1, 0
125, 1, -1
125, 1, 0
126, 1, -1
125, 2, 0
248, 2, -1
126, 1, 0
125, 1, -1
125, 1, 0
125, 1, 0
125, 1, -1
125, 1, 0
125, 1, -1
125, 2, 0
125, 1, 0
125, 1, -1
125, 1, 0
125, 1, -1
125, 1, 0
125, 1, 0
125, 1, -1
125, 1, 0
125, 1, 0
127, 2, -1
247, 2, -1
126, 1, 0
128, 1, -1
123, 1, 0
124, 1, 0
125, 1, -1
124, 1, 0
128, 1, 0
129, 1, -1
125, 1, 0
122, 1, -1
124, 1, 0
126, 1, 0
124, 1, -1
224, 1, 0
30, 1, 0
137, 2, -1
232, 2, -1
249, 2, 0
126, 0, -1
126, 2, 0
249, 2, -1
125, 1, 0
249, 1, -1
126, 1, 0
125, 2, -1
250, 2, 0
126, 0, -1
125, 1, 0
125, 1, 0
124, 1, -1
125, 1, 0
134, 1, 0
123, 1, -1
130, 1, 0
114, 1, 0
124, 1, -1
126, 1, 0
124, 1, -1
125, 1, 0
125, 1, 0
125, 1, -1
125, 1, 0
125, 1, 0
126, 1, -1
250, 1, 0
124, 1, 0
125, 1, -1
125, 1, 0
126, 1, -1
124, 1, 0
125, 1, 0
126, 1, -1
125, 1, 0
249, 1, -1
125, 1, 0
125, 1, 0
125, 1, -1
125, 1, 0
126, 1, 0
124, 1, -1
125, 1, 0
249, 1, 0
126, 1, -1
126, 1, 0
124, 1, -1
126, 1, 0
248, 1, 0
126, 1, -1
125, 1, 0
125, 1, 0
125, 0, -1
126, 1, 0
125, 1, 0
124, 1, -1
125, 1, 0
125, 1, 0
126, 0, -1
125, 1, 0
124, 1, 0
125, 1, -1
250, 1, 0
125, 1, -1
126, 1, 0
249, 1, -1
125, 1, 0
125, 1, 0
126, 0, -1
124, 1, 0
125, 1, 0
125, 1, 0
125, 0, -1
125, 1, 0
125, 1, 0
125, 0, -1
126, 1, 0
124, 1, 0
125, 1, -1
249, 1, 0
126, 1, -1
250, 1, 0
126, 1, -1
249, 1, 0
125, 1, 0
125, 0, -1
125, 1, 0
125, 1, 0
250, 1, -1
250, 1, 0
125, 1, -1
250, 1, 0
125, 1, -1
250, 1, 0
249, 1, -1
127, 1, 0
250, 1, -1
125, 1, 0
250, 1, 0
125, 0, -1
124, 1, 0
250, 1, -1
249, 1, 0
252, 1, -1
125, 1, 0
249, 1, 0
125, 0, -1
125, 1, 0
249, 1, 0
127, 0, -1
124, 1, 0
249, 1, 0
126, 0, -1
125, 1, 0
249, 1, 0
127, 0, -1
124, 1, 0
249, 0, -1
126, 1, 0
249, 1, 0
127, 0, -1
126, 1, 0
254, 1, 0
124, 0, -1
244, 1, 0
249, 1, 0
127, 0, -1
249, 1, 0
249, 0, -1
126, 1, 0
249, 1, 0
127, 0, -1
248, 1, 0
250, 0, -1
126, 1, 0
376, 1, 0
124, 0, -1
249, 1, 0
250, 0, -1
250, 1, 0
374, 1, -1
501, 1, 0
124, 0, -1
375, 1, 0
250, 0, -1
375, 1, 0
251, 0, -1
374, 1, 0
375, 0, -1
376, 1, 0
379, 0, -1
622, 1, 0
124, 0, -1
749, 0, -1
500, 1, 0
500, 0, -1
1000, 0, -1
1125, 0, -1
1251, 0, -1
1254, 0, -1
1250, -1, 0
622, 0, -1
505, -1, 0
998, -1, 0
249, 0, -1
500, -1, 0
874, -1, 0
249, 0, -1
500, -1, 0
656, -1, 0
344, 0, -1
250, -1, 0
653, -1, 0
600, -1, -1
403, -1, 0
500, -1, 0
498, -1, 0
101, 0, -1
246, -1, 0
531, -1, 0
469, -1, -1
250, -1, 0
503, -1, 0
247, -1, 0
406, -1, 0
345, -1, -1
374, -1, 0
420, -1, 0
204, -1, 0
375, -1, 0
250, -1, 0
376, -1, 0
125, 0, -1
125, -1, 0
406, -1, 0
219, -1, 0
249, -1, 0
250, -1, 0
250, -1, 0
250, -1, 0
252, -1, 0
248, -1, 0
250, -1, 0
250, -1, 0
250, -1, 0
250, -1, 0
250, -1, 0
309, -1, 0
75, 0, -1
123, -1, 0
118, -1, 0
251, -1, 0
249, -1, 0
126, -1, 0
250, -1, 0
250, -1, 0
250, -1, 0
249, -1, 0
126, -1, 0
125, -1, 0
250, -1, 0
250, -1, 0
125, -1, 0
249, -1, 0
250, -1, 0
126, -1, 0
126, -1, 0
248, -1, 0
250, -1, 1
126, -1, 0
251, -1, 0
125, -1, 0
124, -1, 0
249, -1, 0
126, -1, 0
249, -1, 0
126, -1, 0
125, -1, 0
249, -1, 0
126, -1, 0
125, 0, 1
159, -1, 0
92, -1, 0
248, -1, 0
125, -1, 0
128, -1, 0
250, -1, 0
122, -1, 0
127, -1, 1
125, -1, 0
124, -1, 0
248, -1, 0
125, -1, 0
125, -1, 0
250, -1, 0
126, -1, 1
125, -1, 0
125, -1, 0
124, -1, 0
250, -1, 0
125, -1, 0
126, -1, 1
250, -1, 0
124, -1, 0
126, -1, 0
124, -1, 0
125, -1, 0
252, -1, 1
123, -1, 0
126, -1, 0
124, -1, 0
125, -1, 0
125, -1, 0
250, -1, 1
125, -1, 0
125, -1, 0
126, -1, 0
124, -1, 0
125, -1, 0
125, -1, 1
249, -2, 0
250, -1, 0
127, -1, 0
134, -1, 0
115, -1, 1
125, -1, 0
125, -1, 0
125, -1, 0
125, -1, 0
125, -1, 1
126, -1, 0
124, -1, 0
249, -2, 0
126, 0, 1
125, -1, 0
125, -1, 0
125, -1, 0
126, -1, 0
124, -1, 1
125, -1, 0
125, -1, 0
125, -1, 0
125, -1, 0
125, -1, 1
125, -1, 0
126, -1, 0
124, -1, 0
125, -1, 0
125, -1, 1
125, -1, 0
125, -1, 0
125, -1, 0
125, -1, 1
161, -1, 0
125, -1, 0
125, -1, 0
125, -1, 0
123, -1, 1
103, -1, 0
151, -1, 0
87, -1, 0
128, -1, 1
122, -1, 0
125, -2, 0
253, -2, 1
247, -2, 0
124, -1, 0
128, -1, 1
145, -1, 0
246, -1, 0
234, -1, 0
126, -3, 1
124, -1, 1
125, -2, 0
249, -2, 0
126, -1, 1
124, -1, 0
125, -1, 0
126, -1, 1
124, -1, 0
126, -2, 0
124, -1, 0
126, -1, 1
125, -1, 0
124, -1, 0
127, -1, 0
127, -1, 1
122, -1, 0
125, -2, 0
125, -1, 1
124, -1, 0
126, -1, 0
126, -1, 0
124, -1, 1
125, -2, 0
125, -1, 0
125, -1, 1
125, -1, 0
124, -1, 0
126, -1, 0
125, -2, 1
125, -1, 0
126, -1, 1
124, -1, 0
126, -1, 0
124, -2, 0
125, 0, 1
126, -2, 0
123, -1, 0
124, -1, 1
127, -1, 0
125, -2, 0
126, -1, 1
124, -1, 0
124, -1, 0
125, -2, 1
125, -1, 0
134, -1, 0
119, -1, 1
123, -2, 0
125, -1, 0
127, -1, 1
122, -1, 0
126, -2, 0
124, -1, 1
125, -1, 0
125, -1, 0
124, -2, 1
128, -1, 0
126, -1, 1
123, -1, 0
123, -2, 0
128, -1, 0
125, -1, 1
124, -1, 0
125, -2, 1
125, -1, 0
124, -1, 0
174, -1, 1
175, -2, 0
27, -1, 0
125, -2, 1
127, -1, 0
173, -1, 0
77, -1, 1
123, -2, 0
124, -1, 0
125, -1, 1
127, -1, 0
124, -2, 1
127, -1, 0
124, -1, 1
125, -2, 0
123, -1, 0
125, -1, 0
126, -2, 1
125, -1, 0
125, -1, 1
124, -1, 0
126, -2, 0
125, -1, 1
125, -2, 0
127, -1, 1
124, -1, 0
124, -1, 0
124, -1, 1
125, -2, 0
125, -1, 1
126, -2, 0
124, -1, 0
125, -2, 1
125, -1, 0
125, -1, 1
125, -1, 0
125, -2, 0
125, -1, 1
126, -2, 0
125, -1, 1
124, -2, 0
125, -1, 0
125, -1, 1
132, -1, 0
127, -2, 1
122, -1, 0
120, -2, 1
124, -1, 0
125, -2, 0
125, -1, 1
125, -1, 0
125, -1, 1
125, -2, 0
130, -1, 0
122, -2, 1
124, -1, 0
124, -2, 1
125, -1, 0
126, -2, 1
124, -1, 0
125, -1, 1
125, -1, 0
126, -2, 1
124, -1, 0
143, -2, 0
107, -1, 1
128, -2, 0
124, -1, 1
155, -2, 0
122, -1, 1
97, -1, 0
124, -2, 0
124, -1, 1
128, -1, 0
122, -2, 1
125, -1, 0
126, -2, 1
124, -1, 0
126, -1, 0
125, -2, 1
125, -1, 0
125, -2, 1
124, -1, 0
125, -2, 1
125, -1, 0
125, -1, 1
126, -2, 0
124, -1, 1
125, -1, 0
125, -2, 1
125, -1, 0
125, -2, 1
126, -1, 0
124, -2, 0
125, -1, 1
125, -2, 1
125, -1, 0
125, -2, 0
126, -1, 1
124, -2, 0
126, -1, 1
124, -1, 0
126, -2, 1
124, -1, 0
126, -1, 1
125, -2, 0
124, -1, 1
125, -2, 0
125, -1, 1
125, -2, 0
125, -1, 0
125, -2, 1
124, -1, 0
126, -1, 1
125, -2, 0
125, -1, 1
125, -2, 0
125, -1, 1
125, -1, 0
125, -2, 1
125, -1, 0
125, -2, 1
125, -1, 0
125, -2, 1
125, -1, 0
125, -2, 1
126, -1, 0
124, -1, 1
125, -2, 0
125, -1, 1
125, -1, 0
125, -2, 1
125, -1, 0
125, -2, 1
127, -1, 0
123, -1, 0
125, -2, 1
125, -1, 0
125, -2, 1
125, -1, 0
125, -2, 1
124, -1, 0
126, -1, 1
125, -2, 0
125, -1, 1
125, -1, 0
126, -2, 1
124, -1, 0
125, -2, 1
125, -1, 0
126, -2, 1
123, -1, 0
126, -2, 1
125, -1, 0
125, -2, 1
124, -1, 0
126, -1, 1
125, -2, 0
126, -1, 0
123, -1, 1
126, -2, 0
125, -1, 1
125, -2, 0
125, -1, 1
125, -2, 0
144, -1, 1
208, -2, 0
23, 0, 1
124, -2, 0
126, -1, 1
127, -2, 0
124, -1, 1
126, -2, 0
130, -1, 1
120, -2, 0
124, -1, 1
128, -1, 0
130, -2, 1
124, -1, 0
118, -1, 1
137, -2, 0
113, -1, 0
126, -2, 1
124, -1, 0
125, -2, 1
126, -1, 0
124, -1, 1
126, -1, 0
124, -2, 1
125, -1, 0
126, -2, 1
124, -1, 0
125, -1, 1
125, -2, 0
125, -1, 0
125, -1, 1
125, -2, 1
125, -1, 0
126, -1, 1
130, -2, 0
148, -1, 0
95, -2, 1
125, -1, 0
125, -1, 1
143, -1, 0
107, -2, 1
125, -1, 0
124, -2, 1
125, -1, 0
126, -1, 1
125, -1, 0
124, -2, 0
126, -1, 1
124, -2, 0
126, -1, 1
124, -1, 0
126, -1, 1
125, -2, 0
124, -1, 0
125, -2, 1
126, -1, 0
126, -1, 1
124, -1, 0
124, -2, 1
125, -1, 0
126, -1, 1
124, -1, 0
125, -2, 1
126, -1, 0
124, -2, 0
126, -1, 1
125, -1, 0
125, -1, 0
124, -2, 1
126, -1, 1
124, -1, 0
125, -1, 0
125, -2, 1
126, -1, 0
124, -1, 1
125, -1, 0
125, -2, 1
125, -1, 0
125, -1, 0
126, -1, 1
124, -1, 0
126, -2, 1
124, -1, 0
126, -1, 0
125, -2, 1
124, -1, 0
126, -1, 1
125, -1, 0
124, -1, 0
126, -2, 1
124, -1, 0
125, -1, 1
125, -1, 0
125, -2, 0
125, -1, 1
125, -1, 0
126, -1, 1
125, -2, 0
124, -1, 0
125, -1, 1
125, -1, 0
125, -1, 1
125, -1, 0
125, -2, 0
125, -1, 1
126, -1, 0
124, -1, 0
126, -1, 1
124, -1, 0
125, -2, 1
125, -1, 0
133, -1, 0
117, -1, 1
126, -1, 0
124, -1, 0
126, -2, 1
248, -2, 1
126, -1, 0
126, -1, 0
123, -1, 1
126, -1, 0
124, -1, 0
127, -2, 1
124, -1, 0
125, -1, 1
125, -1, 0
125, -1, 1
125, -1, 0
126, -1, 0
124, -1, 0
130, -1, 1
120, -1, 0
125, -1, 1
125, -1, 0
125, -1, 0
127, -2, 1
249, -2, 0
126, 0, 1
125, -2, 0
125, -1, 0
125, -1, 1
125, -1, 0
125, -1, 0
135, -1, 1
123, -1, 0
116, -1, 0
137, -1, 1
114, -1, 0
125, -1, 0
124, -1, 1
127, -1, 0
128, -1, 0
124, -1, 1
123, -1, 0
125, -1, 0
124, -1, 0
124, -1, 1
134, -1, 0
117, -1, 0
126, 0, 1
124, -2, 0
249, -1, 1
126, -1, 0
125, -1, 0
125, -1, 0
125, -1, 1
125, -1, 0
125, -1, 0
125, -1, 1
125, -1, 0
249, -2, 0
126, 0, 1
125, -1, 0
125, -1, 0
125, -1, 0
125, -1, 1
125, -1, 0
248, -2, 0
156, 0, 1
94, -1, 0
126, -1, 0
124, -1, 1
250, -1, 0
125, -1, 0
125, -1, 0
125, -1, 1
250, -1, 0
125, -1, 0
125, -1, 1
250, -1, 0
125, -1, 0
125, -1, 1
125, -1, 0
249, -1, 0
126, -1, 1
125, -1, 0
249, -1, 0
127, -1, 0
250, -1, 1
124, -1, 0
125, -1, 0
250, -1, 1
125, -1, 0
249, -1, 0
127, -1, 0
249, -1, 1
125, -1, 0
250, -1, 0
125, -1, 0
125, 0, 1
126, -1, 0
248, -1, 0
251, -1, 1
125, -1, 0
249, -1, 0
127, -1, 0
248, -1, 0
251, -1, 1
250, -1, 0
250, -1, 0
249, -1, 0
126, 0, 1
125, -1, 0
250, -1, 0
250, -1, 0
250, -1, 0
125, 0, 1
125, -1, 0
407, -1, 0
218, -1, 0
250, -1, 0
250, -1, 1
375, -1, 0
409, -1, 0
216, -1, 0
463, -1, 0
287, -1, 1
399, -1, 0
498, -1, 0
353, -1, 0
536, -1, 0
215, 0, 1
250, -1, 0
800, -1, 0
826, -1, 0
999, -1, 0
8377, 1, 0
1499, 1, 0
1254, 1, 0
875, 1, 0
775, 1, 0
868, 1, 0
607, 1, 0
622, 1, 0
518, 1, 0
380, 0, -1
107, 1, 0
494, 1, 0
501, 1, 0
396, 1, 0
483, 1, 0
119, 0, -1
251, 1, 0
250, 1, 0
524, 1, 0
355, 1, -1
370, 1, 0
250, 1, 0
253, 1, 0
373, 1, -1
250, 1, 0
374, 1, 0
250, 1, 0
250, 1, -1
374, 1, 0
251, 1, 0
250, 1, -1
251, 1, 0
250, 1, 0
249, 1, 0
125, 0, -1
125, 1, 0
250, 1, 0
250, 1, 0
250, 1, -1
250, 1, 0
250, 1, 0
250, 1, -1
125, 1, 0
250, 1, 0
125, 1, 0
125, 0, -1
126, 1, 0
249, 1, 0
125, 1, 0
250, 1, -1
250, 1, 0
127, 1, 0
248, 1, -1
126, 1, 0
249, 1, 0
125, 1, 0
251, 1, 0
124, 0, -1
125, 1, 0
127, 1, 0
123, 1, 0
125, 0, -1
126, 1, 0
124, 1, 0
126, 1, 0
255, 1, 0
118, 1, -1
251, 1, 0
125, 1, 0
251, 2, -1
248, 1, 0
126, 1, 0
126, 1, -1
249, 1, 0
125, 1, 0
250, 1, -1
126, 1, 0
125, 1, 0
125, 1, 0
249, 1, -1
126, 1, 0
125, 1, 0
124, 1, 0
126, 0, -1
125, 1, 0
125, 1, 0
124, 1, 0
126, 1, 0
125, 1, -1
249, 2, 0
255, 1, -1
123, 1, 0
125, 1, 0
134, 1, 0
114, 1, -1
126, 1, 0
124, 1, 0
249, 1, -1
126, 1, 0
125, 1, 0
128, 1, 0
122, 1, 0
126, 1, -1
125, 1, 0
124, 1, 0
124, 1, 0
126, 1, 0
125, 1, -1
249, 1, 0
127, 1, -1
124, 1, 0
125, 1, 0
125, 1, 0
125, 1, -1
125, 1, 0
125, 1, 0
125, 1, 0
126, 1, -1
132, 1, 0
119, 1, 0
125, 1, 0
124, 1, -1
125, 1, 0
124, 1, 0
125, 1, 0
126, 1, -1
125, 1, 0
124, 1, 0
126, 1, -1
125, 1, 0
126, 1, 0
124, 1, 0
125, 1, -1
125, 1, 0
124, 1, 0
125, 1, -1
125, 1, 0
126, 1, 0
124, 1, 0
125, 2, -1
251, 2, 0
124, 1, -1
125, 1, 0
125, 1, 0
125, 1, 0
126, 1, -1
124, 1, 0
125, 1, 0
126, 2, -1
249, 2, 0
125, 1, -1
126, 1, 0
124, 1, 0
133, 1, 0
117, 1, -1
126, 2, 0
124, 1, 0
126, 1, -1
124, 1, 0
125, 1, 0
126, 1, -1
125, 1, 0
124, 1, 0
127, 2, -1
123, 1, 0
125, 1, 0
125, 1, 0
125, 1, -1
125, 2, 0
250, 2, -1
126, 1, 0
124, 1, -1
125, 1, 0
125, 2, 0
125, 1, 0
125, 1, -1
125, 1, 0
125, 2, 0
126, 1, -1
125, 1, 0
124, 1, 0
126, 2, -1
124, 1, 0
132, 1, -1
124, 1, 0
123, 2, 0
124, 1, 0
122, 1, -1
125, 1, 0
124, 1, -1
126, 2, 0
125, 1, 0
125, 1, -1
126, 2, 0
125, 1, 0
124, 1, -1
125, 1, 0
125, 2, 0
125, 1, -1
124, 1, 0
126, 1, 0
125, 2, -1
125, 1, 0
125, 2, -1
125, 1, 0
125, 1, 0
125, 1, 0
125, 2, -1
125, 1, 0
125, 1, -1
126, 1, 0
124, 2, 0
125, 1, -1
124, 1, 0
126, 2, -1
125, 1, 0
125, 1, 0
125, 1, -1
126, 2, 0
124, 1, 0
125, 2, -1
124, 1, 0
126, 1, -1
125, 1, 0
125, 2, 0
125, 1, -1
125, 2, 0
125, 1, 0
125, 1, -1
124, 2, 0
125, 1, -1
126, 1, 0
125, 2, 0
125, 1, -1
126, 2, 0
124, 1, 0
125, 1, -1
125, 1, 0
125, 2, -1
124, 1, 0
126, 2, -1
125, 1, 0
125, 2, 0
125, 1, -1
125, 2, 0
124, 1, 0
126, 1, -1
125, 1, 0
125, 2, -1
124, 1, 0
126, 2, 0
125, 1, -1
125, 2, 0
125, 1, -1
125, 2, 0
125, 1, 0
125, 1, -1
125, 1, 0
125, 2, -1
125, 1, 0
125, 2, -1
125, 1, 0
236, 2, 0
14, 1, -1
156, 1, 0
94, 2, -1
126, 1, 0
124, 2, -1
125, 1, 0
124, 2, 0
125, 1, -1
127, 1, 0
123, 1, -1
137, 2, 0
142, 1, -1
126, 2, 0
120, 1, 0
100, 2, -1
150, 1, 0
129, 2, -1
99, 1, 0
147, 1, -1
100, 2, 0
149, 1, -1
118, 1, 0
132, 2, 0
130, 1, -1
113, 2, 0
124, 1, -1
137, 2, 0
127, 1, -1
127, 2, 0
122, 1, -1
123, 1, 0
126, 1, 0
125, 2, -1
135, 1, 0
100, 2, -1
137, 1, 0
126, 2, -1
125, 1, 0
126, 2, -1
132, 1, 0
127, 2, -1
126, 1, 0
115, 2, -1
138, 1, 0
123, 1, 0
120, 1, -1
114, 2, -1
127, 1, 0
114, 2, -1
133, 1, 0
143, 2, 0
116, 1, -1
127, 2, 0
125, 1, -1
93, 1, 0
151, 2, 0
120, 1, -1
136, 1, 0
124, 2, -1
113, 1, 0
136, 1, -1
124, 2, 0
112, 1, -1
136, 2, 0
124, 1, -1
124, 2, 0
123, 1, -1
125, 1, 0
136, 2, -1
123, 1, 0
112, 1, 0
137, 2, -1
124, 1, 0
111, 2, -1
136, 1, 0
128, 1, -1
112, 2, 0
136, 1, -1
124, 1, 0
124, 2, -1
125, 1, 0
126, 2, -1
126, 1, 0
125, 2, -1
124, 1, 0
135, 1, -1
118, 1, 0
127, 2, -1
123, 1, 0
123, 2, -1
123, 1, 0
135, 1, -1
115, 1, 0
125, 2, -1
124, 1, 0
126, 2, -1
186, 1, 0
38, 1, -1
128, 1, 0
131, 2, 0
125, 1, -1
124, 2, 0
119, 1, -1
143, 1, 0
113, 1, -1
136, 2, 0
110, 1, -1
178, 1, 0
75, 2, -1
127, 1, 0
124, 1, -1
126, 1, 0
123, 2, -1
125, 1, 0
123, 1, -1
128, 1, 0
124, 2, 0
124, 1, -1
126, 2, -1
125, 1, 0
126, 1, 0
124, 1, -1
126, 2, 0
125, 1, -1
117, 1, 0
125, 1, -1
126, 2, 0
125, 1, -1
124, 1, 0
126, 1, -1
124, 2, 0
127, 1, -1
123, 1, 0
126, 1, -1
124, 2, 0
125, 1, 0
127, 1, -1
124, 1, 0
125, 2, -1
126, 1, 0
127, 1, -1
122, 1, 0
125, 1, -1
125, 1, 0
127, 2, -1
128, 1, 0
123, 1, -1
124, 1, 0
125, 1, -1
128, 1, 0
123, 2, 0
132, 1, -1
116, 1, 0
146, 1, -1
103, 1, 0
125, 1, -1
125, 2, 0
126, 1, 0
124, 1, -1
125, 1, 0
125, 1, -1
134, 1, 0
116, 2, -1
249, 2, -1
126, 1, 0
125, 1, -1
125, 1, 0
125, 1, 0
125, 1, -1
125, 1, 0
126, 1, -1
124, 1, 0
125, 1, -1
125, 1, 0
125, 2, 0
125, 1, -1
125, 1, 0
125, 1, 0
125, 1, -1
125, 1, 0
125, 1, -1
126, 1, 0
124, 1, -1
125, 1, 0
125, 1, -1
125, 1, 0
133, 1, 0
123, 1, -1
121, 1, 0
123, 1, -1
124, 1, 0
126, 1, 0
124, 1, -1
126, 1, 0
125, 1, -1
124, 1, 0
125, 1, -1
125, 1, 0
125, 1, 0
125, 1, -1
132, 1, 0
118, 1, 0
126, 1, -1
124, 1, 0
125, 1, -1
125, 1, 0
126, 1, 0
124, 1, -1
131, 1, 0
121, 1, 0
124, 1, -1
276, 2, -1
223, 1, -1
125, 1, 0
125, 1, 0
125, 1, -1
126, 1, 0
124, 1, 0
125, 1, -1
249, 1, 0
126, 1, -1
126, 1, 0
124, 1, -1
126, 1, 0
248, 1, -1
126, 1, 0
125, 1, 0
125, 1, -1
249, 1, 0
127, 1, -1
127, 1, 0
124, 1, 0
123, 0, -1
126, 1, 0
124, 1, -1
136, 1, 0
114, 1, 0
126, 0, -1
124, 1, 0
125, 1, 0
125, 1, -1
249, 1, 0
126, 1, -1
125, 1, 0
249, 1, -1
126, 1, 0
249, 1, -1
126, 1, 0
249, 1, -1
127, 1, 0
124, 1, 0
125, 0, -1
126, 1, 0
124, 1, 0
125, 0, -1
147, 1, 0
103, 1, 0
250, 1, -1
249, 1, 0
126, 1, -1
249, 1, 0
126, 1, -1
249, 1, 0
126, 0, -1
125, 1, 0
249, 1, -1
250, 1, 0
126, 1, 0
125, 0, -1
125, 1, 0
249, 1, -1
251, 1, 0
250, 1, -1
249, 1, 0
250, 1, -1
250, 1, 0
251, 1, -1
249, 1, 0
126, 0, -1
249, 1, 0
250, 1, -1
251, 1, 0
249, 0, -1
126, 1, 0
250, 1, 0
250, 0, -1
125, 1, 0
249, 0, -1
126, 1, 0
374, 1, 0
127, 0, -1
248, 1, 0
395, 1, -1
356, 1, -1
498, 1, 0
250, 0, -1
375, 1, 0
376, 0, -1
125, 1, 0
500, 0, -1
125, 1, 0
626, 0, -1
248, 1, 0
626, 0, -1
629, 1, 0
247, 0, -1
1252, 0, -1
1374, 0, -1
1876, 0, -1
1624, -1, 0
1002, 0, -1
248, -1, 0
1000, -1, 0
749, -1, 0
125, 0, -1
675, -1, 0
832, -1, 0
241, 0, -1
251, -1, 0
658, -1, 0
502, -1, 0
498, 0, -1
96, -1, 0
428, -1, 0
482, -1, 0
494, -1, 0
377, -1, 0
215, 0, -1
250, -1, 0
390, -1, 0
423, -1, 0
371, -1, 0
368, -1, 0
198, -1, 0
413, -1, 0
337, -1, 0
250, -1, -1
249, -1, 0
375, -1, 0
375, -1, 0
250, -1, 0
250, -1, 0
250, -1, 0
252, -1, 0
250, -1, 0
410, -1, 0
214, -1, 0
268, -1, 0
232, -1, 0
249, -1, 0
251, -1, 0
251, -1, 0
126, -1, 0
410, -1, 0
214, -1, 0
250, -1, 0
126, -1, 0
252, -1, 0
247, -1, 0
250, -1, 0
125, -1, 0
251, -1, 0
249, -1, 0
250, -1, 0
250, -1, 0
126, -1, 0
125, -1, 1
249, -1, 0
250, -1, 0
125, -1, 0
250, -1, 0
250, -1, 0
126, -1, 0
249, -1, 1
125, -1, 0
250, -1, 0
132, -1, 0
243, -1, 0
125, -1, 0
249, -1, 0
128, -1, 1
248, -1, 0
125, -1, 0
249, -1, 0
126, -1, 0
125, -1, 0
126, 0, 1
124, -1, 0
126, -1, 0
248, -1, 0
126, -1, 0
125, -1, 0
250, -1, 1
125, -1, 0
249, -1, 0
126, -1, 0
125, -1, 0
249, -1, 1
126, -1, 0
125, -1, 0
249, -1, 0
126, -1, 0
126, -1, 0
124, 0, 1
126, -1, 0
144, -1, 0
105, -1, 0
249, -1, 0
126, -1, 1
125, -1, 0
125, -1, 0
125, -1, 0
249, -1, 0
127, -1, 1
125, -1, 0
124, -1, 0
249, -1, 0
126, -1, 0
125, -1, 1
125, -1, 0
249, -1, 0
126, -1, 0
187, -1, 1
81, -1, 0
107, -1, 0
125, -1, 0
124, -1, 0
249, -1, 1
126, -1, 0
125, -1, 0
125, -1, 1
125, -1, 0
249, -1, 0
126, -1, 0
125, -1, 1
125, -1, 0
125, -1, 0
128, -1, 0
122, -1, 0
125, -1, 1
126, -1, 0
248, -1, 0
126, -1, 1
125, -1, 0
124, -1, 0
125, -1, 0
125, -1, 0
125, -1, 1
127, -1, 0
248, -2, 0
126, 0, 1
124, -2, 0
250, -1, 0
126, -1, 1
125, -1, 0
124, -1, 0
126, -1, 0
125, -1, 1
124, -1, 0
125, -1, 0
126, -1, 0
125, -1, 1
126, -1, 0
124, -1, 0
124, -1, 1
126, -1, 0
125, -1, 0
124, -1, 0
130, -1, 1
138, -1, 0
110, -1, 0
124, -1, 1
125, -1, 0
125, -1, 0
125, -1, 0
125, -1, 1
126, -1, 0
123, -1, 0
127, -1, 1
123, -1, 0
128, -1, 0
123, -1, 1
125, -1, 0
124, -1, 0
132, -1, 0
121, -1, 1
125, -1, 0
123, -1, 0
125, -1, 1
128, -1, 0
129, -1, 0
126, -1, 1
123, -1, 0
118, -1, 0
127, -1, 1
124, -1, 0
125, -1, 0
125, -1, 0
125, -1, 1
125, -1, 0
147, -1, 0
103, -1, 1
126, -2, 0
249, -2, 1
249, -2, 0
126, 0, 1
125, -2, 0
125, -1, 0
126, -1, 1
125, -1, 0
249, -2, 1
125, -1, 0
125, -1, 0
146, -1, 0
104, -1, 1
126, -1, 0
125, -1, 1
125, -1, 0
124, -2, 0
125, 0, 1
126, -2, 0
124, -1, 0
125, -1, 1
126, -1, 0
124, -1, 0
125, -1, 1
125, -1, 0
125, -1, 0
125, -1, 1
126, -1, 0
124, -2, 0
126, -1, 1
124, -1, 0
126, -1, 0
125, -1, 1
125, -1, 0
125, -1, 0
125, -1, 1
127, -1, 0
123, -1, 0
125, -2, 1
249, -2, 1
127, -1, 0
124, -1, 0
125, -1, 1
125, -1, 0
125, -1, 0
125, -2, 1
249, -2, 0
125, -1, 1
125, -1, 0
126, -1, 0
126, -1, 1
125, -1, 0
124, -1, 1
124, -1, 0
125, -2, 0
125, -1, 1
127, -1, 0
125, -1, 0
126, -1, 1
124, -1, 0
125, -1, 1
123, -1, 0
125, -2, 0
125, 0, 1
125, -2, 0
125, -1, 0
125, -1, 1
126, -1, 0
124, -1, 1
125, -1, 0
126, -1, 0
124, -2, 1
250, -2, 1
125, -1, 0
126, -1, 0
124, -1, 1
130, -1, 0
121, -1, 0
124, -2, 1
250, -2, 1
126, -1, 0
125, -1, 0
124, -1, 1
125, -1, 0
126, -1, 0
125, -2, 1
125, -1, 0
125, -1, 1
125, -1, 0
126, -1, 0
124, -1, 1
125, -1, 0
126, -1, 0
123, -2, 1
250, -2, 1
126, -1, 0
125, -1, 0
124, -1, 1
125, -1, 0
126, -1, 0
124, -2, 1
249, -2, 1
126, -1, 0
126, -1, 0
124, -1, 1
125, -1, 0
125, -1, 0
125, -2, 1
250, -2, 1
125, -1, 0
128, -1, 0
124, -1, 1
122, -1, 0
132, -1, 0
118, -1, 1
127, -1, 0
129, -1, 1
120, -1, 0
126, -2, 0
126, -1, 1
247, -2, 1
126, -1, 0
125, -1, 0
139, -1, 1
111, -1, 0
126, -1, 0
124, -1, 1
125, -1, 0
125, -2, 1
250, -2, 0
125, 0, 1
125, -2, 0
126, -1, 0
125, -1, 1
124, -1, 0
125, -1, 1
125, -1, 0
125, -1, 0
125, -1, 1
126, -1, 0
125, -1, 0
124, -2, 1
249, -2, 0
126, -1, 1
125, -1, 0
136, -1, 0
114, -1, 1
126, -1, 0
124, -1, 1
125, -1, 0
125, -1, 0
126, -1, 1
124, -1, 0
126, -1, 0
125, -1, 1
125, -1, 0
124, -1, 0
126, -1, 1
125, -2, 0
249, -2, 1
249, -2, 0
127, 0, 1
124, -2, 0
128, -1, 0
122, -1, 1
259, -2, 1
115, -1, 0
125, -1, 0
126, -1, 0
125, -1, 1
123, -1, 0
125, -1, 0
125, -1, 1
126, -1, 0
127, -1, 0
122, -1, 1
125, -1, 0
131, -1, 0
120, -1, 1
125, -1, 0
324, -1, 1
54, -1, 0
125, -1, 0
124, -1, 1
127, -1, 0
126, -1, 0
142, -1, 0
123, -1, 1
106, -1, 0
125, -1, 0
124, -1, 1
125, -1, 0
124, -1, 0
126, 0, 1
124, -1, 0
125, -1, 0
125, -1, 0
126, -1, 1
124, -1, 0
126, -1, 0
125, -1, 1
124, -1, 0
125, -1, 0
125, -1, 0
126, 0, 1
124, -1, 0
125, -1, 0
126, -1, 1
125, -1, 0
124, -1, 0
126, -1, 0
124, -1, 1
256, -1, 0
122, -1, 0
126, -1, 1
125, -1, 0
125, -1, 0
250, -1, 1
125, -1, 0
125, -1, 0
250, -1, 0
125, -1, 1
125, -1, 0
124, -1, 0
125, -1, 0
125, 0, 1
126, -1, 0
125, -1, 0
125, -1, 0
124, 0, 1
126, -1, 0
125, -1, 0
125, -1, 0
250, -1, 1
125, -1, 0
131, -1, 0
244, -1, 0
125, -1, 1
249, -1, 0
126, -1, 0
125, -1, 0
126, 0, 1
124, -1, 0
125, -1, 0
250, -1, 0
125, -1, 1
250, -1, 0
127, -1, 0
248, -1, 0
125, -1, 1
249, -1, 0
126, -1, 0
250, -1, 0
125, -1, 1
250, -1, 0
250, -1, 0
125, -1, 0
124, 0, 1
126, -1, 0
249, -1, 0
251, -1, 0
125, -1, 0
142, 0, 1
107, -1, 0
250, -1, 0
251, -1, 0
249, -1, 1
250, -1, 0
126, -1, 0
375, -1, 0
249, -1, 0
125, -1, 1
376, -1, 0
251, -1, 0
250, -1, 0
375, -1, 0
123, 0, 1
125, -1, 0
251, -1, 0
375, -1, 0
374, -1, 0
251, -1, 0
249, 0, 1
125, -1, 0
375, -1, 0
502, -1, 0
249, -1, 0
500, -1, 0
500, -1, 0
500, -1, 0
125, 0, 1
500, -1, 0
645, -1, 0
860, -1, 0
1244, -1, 0
8637, 1, 0
1740, 1, 0
998, 1, 0
1160, 1, 0
870, 1, 0
631, 1, 0
746, 1, 0
498, 1, 0
637, 1, 0
487, 1, 0
95, 0, -1
374, 1, 0
406, 1, 0
473, 1, 0
526, 1, 0
95, 0, -1
250, 1, 0
402, 1, 0
377, 1, 0
374, 1, 0
222, 0, -1
126, 1, 0
249, 1, 0
250, 1, 0
529, 1, -1
221, 1, 0
375, 1, 0
250, 1, 0
250, 1, 0
125, 0, -1
126, 1, 0
249, 1, 0
403, 1, 0
97, 0, -1
125, 1, 0
254, 1, 0
267, 1, 0
228, 1, -1
249, 1, 0
251, 1, 0
249, 1, 0
126, 1, -1
249, 1, 0
250, 1, 0
126, 0, -1
125, 1, 0
250, 1, 0
126, 1, 0
248, 1, 0
126, 0, -1
125, 1, 0
125, 1, 0
249, 1, 0
127, 0, -1
124, 1, 0
125, 1, 0
249, 1, 0
126, 1, -1
249, 1, 0
127, 1, 0
248, 1, -1
126, 1, 0
249, 1, 0
135, 1, 0
116, 0, -1
126, 1, 0
124, 1, 0
249, 1, 0
126, 1, -1
125, 1, 0
249, 1, 0
128, 1, 0
125, 1, -1
249, 1, 0
126, 1, 0
124, 1, -1
250, 1, 0
126, 1, 0
249, 1, -1
125, 1, 0
125, 1, 0
250, 1, 0
126, 1, -1
125, 1, 0
124, 1, 0
125, 1, 0
125, 0, -1
125, 1, 0
125, 1, 0
125, 1, 0
125, 1, -1
249, 1, 0
126, 1, 0
126, 1, -1
125, 1, 0
249, 2, 0
424, 2, -1
77, 1, 0
125, 1, 0
125, 1, -1
249, 1, 0
125, 1, 0
126, 1, -1
124, 1, 0
125, 1, 0
125, 1, 0
125, 1, -1
126, 1, 0
125, 1, 0
249, 1, -1
125, 1, 0
126, 1, 0
123, 1, 0
126, 1, -1
126, 1, 0
125, 1, 0
125, 1, -1
249, 2, 0
126, 1, 0
125, 1, -1
249, 2, 0
250, 2, -1
250, 2, 0
250, 2, -1
250, 1, 0
125, 1, 0
126, 2, -1
249, 2, 0
250, 2, -1
125, 1, 0
125, 1, 0
126, 1, -1
124, 1, 0
126, 1, 0
125, 1, 0
124, 1, -1
125, 1, 0
125, 1, 0
125, 1, -1
126, 1, 0
124, 1, 0
126, 1, 0
124, 1, -1
125, 1, 0
140, 2, 0
234, 2, -1
128, 1, 0
125, 1, 0
124, 1, -1
123, 1, 0
125, 1, 0
125, 1, -1
125, 1, 0
125, 1, 0
125, 1, 0
125, 2, -1
250, 1, 0
125, 2, 0
126, 1, -1
124, 1, 0
125, 1, 0
125, 1, -1
125, 1, 0
126, 1, 0
124, 1, 0
125, 2, -1
125, 1, 0
125, 1, 0
125, 1, -1
125, 1, 0
125, 1, 0
126, 2, 0
124, 1, -1
125, 1, 0
125, 1, 0
125, 1, -1
125, 1, 0
125, 2, 0
125, 1, 0
126, 1, -1
124, 1, 0
125, 1, 0
125, 1, -1
125, 2, 0
125, 1, 0
126, 1, -1
127, 1, 0
123, 2, 0
124, 1, -1
125, 1, 0
125, 1, 0
125, 1, -1
125, 1, 0
126, 2, 0
127, 1, 0
126, 1, -1
124, 1, 0
125, 2, 0
125, 1, -1
124, 1, 0
124, 1, 0
125, 2, -1
126, 1, 0
125, 1, 0
124, 1, 0
126, 2, -1
124, 1, 0
126, 1, -1
125, 1, 0
125, 1, 0
125, 2, 0
126, 1, -1
124, 1, 0
125, 1, 0
125, 2, -1
125, 1, 0
343, 2, -1
31, 2, 0
126, 1, 0
124, 1, -1
126, 1, 0
125, 2, 0
125, 1, 0
125, 2, -1
125, 1, 0
125, 1, -1
125, 1, 0
125, 2, 0
125, 1, -1
124, 1, 0
125, 1, 0
126, 2, 0
125, 1, -1
124, 1, 0
126, 2, 0
125, 1, -1
125, 1, 0
125, 2, 0
125, 1, -1
125, 1, 0
125, 1, -1
124, 2, 0
126, 1, 0
124, 2, 0
126, 1, -1
125, 1, 0
124, 1, 0
126, 2, -1
124, 1, 0
125, 1, 0
126, 2, -1
124, 1, 0
126, 1, 0
125, 2, -1
124, 1, 0
126, 1, -1
125, 2, 0
125, 1, 0
125, 1, 0
125, 2, -1
124, 1, 0
126, 2, -1
126, 1, 0
123, 1, 0
125, 1, -1
125, 1, 0
127, 2, 0
124, 1, -1
126, 2, 0
247, 2, -1
126, 1, 0
128, 2, 0
127, 1, -1
122, 1, 0
128, 2, 0
122, 1, -1
125, 1, 0
127, 2, -1
124, 1, 0
124, 2, 0
124, 1, -1
126, 1, 0
124, 1, 0
125, 2, -1
125, 1, 0
125, 2, -1
125, 1, 0
125, 2, 0
125, 1, -1
125, 1, 0
125, 1, 0
125, 2, -1
124, 1, 0
125, 1, 0
126, 1, -1
125, 2, 0
125, 1, -1
125, 2, 0
130, 1, 0
120, 2, -1
126, 1, 0
123, 1, -1
125, 1, 0
125, 2, 0
127, 1, -1
125, 2, 0
123, 1, -1
125, 1, 0
127, 1, 0
130, 2, -1
120, 1, 0
124, 1, -1
126, 1, 0
127, 2, 0
123, 1, -1
124, 2, 0
125, 1, 0
125, 1, -1
124, 1, 0
126, 1, 0
125, 2, -1
125, 1, 0
124, 1, -1
126, 2, 0
124, 1, -1
125, 1, 0
125, 2, 0
126, 1, -1
125, 1, 0
125, 1, -1
125, 2, 0
125, 1, 0
124, 1, -1
125, 1, 0
126, 2, -1
125, 1, 0
125, 2, 0
125, 1, -1
124, 1, 0
125, 1, 0
125, 1, -1
125, 1, 0
126, 2, -1
125, 1, 0
125, 1, -1
125, 1, 0
125, 2, 0
397, 3, -1
104, 2, -1
129, 1, 0
120, 1, -1
125, 1, 0
125, 2, 0
125, 1, -1
123, 1, 0
127, 1, -1
125, 2, 0
125, 1, 0
124, 1, -1
126, 1, 0
123, 1, -1
126, 1, 0
126, 2, 0
124, 1, -1
125, 1, 0
125, 1, 0
125, 1, -1
126, 1, 0
126, 2, -1
123, 1, 0
125, 1, -1
125, 1, 0
125, 1, 0
125, 1, -1
125, 1, 0
126, 2, 0
124, 1, -1
125, 1, 0
125, 1, -1
125, 1, 0
125, 1, 0
126, 1, -1
124, 1, 0
126, 2, -1
249, 2, 0
125, 1, -1
125, 1, 0
125, 1, 0
126, 1, -1
126, 1, 0
125, 1, -1
123, 1, 0
125, 2, 0
126, 1, -1
124, 1, 0
125, 1, 0
125, 1, -1
125, 1, 0
126, 1, -1
124, 1, 0
125, 1, 0
125, 1, -1
125, 1, 0
125, 1, 0
125, 2, -1
250, 2, 0
126, 0, -1
124, 2, 0
125, 1, 0
125, 1, -1
125, 1, 0
125, 1, 0
125, 1, -1
126, 1, 0
124, 1, 0
125, 1, -1
125, 1, 0
125, 1, -1
250, 2, 0
251, 2, -1
248, 1, 0
126, 1, -1
125, 2, 0
250, 1, -1
125, 1, 0
126, 1, 0
124, 1, -1
125, 1, 0
125, 1, 0
125, 1, 0
124, 1, -1
250, 2, -1
249, 1, 0
126, 1, 0
125, 1, -1
125, 1, 0
125, 1, 0
126, 0, -1
125, 2, 0
251, 1, 0
123, 1, -1
125, 1, 0
125, 1, 0
124, 1, -1
250, 1, 0
126, 1, -1
125, 1, 0
125, 1, 0
125, 1, 0
125, 0, -1
125, 1, 0
125, 1, 0
126, 1, -1
125, 1, 0
125, 1, 0
249, 1, -1
130, 1, 0
122, 1, 0
132, 0, -1
117, 1, 0
126, 1, 0
124, 1, 0
125, 0, -1
125, 1, 0
125, 1, 0
125, 1, 0
125, 0, -1
124, 1, 0
266, 1, 0
129, 1, -1
122, 1, 0
233, 1, -1
126, 1, 0
257, 1, 0
117, 1, 0
126, 0, -1
126, 1, 0
125, 1, 0
250, 1, -1
253, 1, 0
122, 1, 0
125, 0, -1
125, 1, 0
125, 1, 0
249, 1, -1
251, 1, 0
249, 1, -1
126, 1, 0
249, 1, 0
126, 0, -1
125, 1, 0
249, 1, 0
126, 1, 0
125, 0, -1
250, 1, 0
249, 1, 0
126, 0, -1
123, 1, 0
250, 1, 0
125, 0, -1
126, 1, 0
249, 1, 0
377, 1, -1
249, 1, 0
250, 1, 0
125, 0, -1
250, 1, 0
375, 1, 0
125, 0, -1
125, 1, 0
374, 1, 0
126, 0, -1
374, 1, 0
377, 1, 0
125, 0, -1
249, 1, 0
499, 1, -1
500, 1, 0
500, 1, -1
876, 1, -1
749, 1, 0
625, 0, -1
751, 1, 0
375, 0, -1
2876, 0, -1
2035, -1, 0
1248, -1, 0
623, 0, -1
424, -1, 0
1047, -1, 0
751, -1, -1
747, -1, 0
625, -1, 0
626, -1, 0
122, 0, -1
544, -1, 0
456, -1, 0
529, -1, 0
501, -1, 0
497, -1, 0
100, 0, -1
249, -1, 0
405, -1, 0
346, -1, 0
412, -1, 0
368, -1, 0
347, -1, 0
375, -1, 0
249, -1, 0
431, -1, 0
316, -1, 0
250, -1, 0
252, -1, 0
374, -1, 0
250, -1, 0
250, -1, 0
250, -1, 0
254, -1, 0
372, -1, 0
124, -1, 0
250, -1, 0
249, -1, 0
250, -1, 0
250, -1, 0
250, -1, 0
251, -1, 0
249, -1, 0
126, -1, 0
250, -1, 0
250, -1, 0
125, -1, 0
249, -1, 0
250, -1, 0
250, -1, 0
126, -1, 0
249, -1, 0
126, -1, 0
253, -1, 0
123, -1, 0
248, -1, 1
249, -1, 0
126, -1, 0
125, -1, 0
250, -1, 0
251, -1, 0
125, -1, 0
124, -1, 0
126, 0, 1
124, -1, 0
125, -1, 0
126, -1, 0
249, -1, 0
125, -1, 0
125, -1, 0
250, -1, 0
126, -1, 1
125, -1, 0
248, -1, 0
126, -1, 0
125, -1, 0
250, -1, 1
125, -1, 0
126, -1, 0
126, -1, 0
123, -1, 0
249, -1, 0
126, -1, 0
126, -1, 1
124, -1, 0
126, -1, 0
249, -1, 0
125, -1, 0
125, -1, 0
125, -1, 1
249, -2, 0
250, -1, 0
126, -1, 0
125, -1, 0
127, -1, 1
125, -1, 0
124, -1, 0
126, -1, 0
249, -2, 0
126, 0, 1
124, -1, 0
126, -1, 0
125, -1, 0
125, -1, 0
124, -1, 1
126, -1, 0
125, -1, 0
125, -1, 0
125, -1, 0
125, -1, 1
125, -1, 0
125, -1, 0
125, -1, 0
126, -1, 0
124, -1, 1
249, -2, 0
250, -2, 1
250, -2, 0
250, -2, 0
126, 0, 1
125, -2, 0
125, -1, 0
249, -2, 1
251, -2, 0
125, -1, 0
125, -1, 1
125, -1, 0
125, -1, 0
125, -1, 0
125, -1, 1
125, -1, 0
131, -1, 0
125, -1, 0
119, -1, 1
124, -1, 0
125, -1, 0
125, -1, 0
125, -2, 1
125, -1, 0
125, -1, 0
125, -1, 0
125, -1, 1
125, -1, 0
125, -1, 0
125, -1, 0
125, -2, 1
250, -2, 1
125, -1, 0
125, -1, 0
125, -1, 0
125, -1, 1
125, -1, 0
125, -1, 0
125, -1, 1
126, -2, 0
124, -1, 0
125, -1, 1
125, -1, 0
125, -1, 0
125, -1, 0
125, -1, 1
125, -2, 0
126, -1, 0
124, -1, 1
125, -1, 0
125, -1, 0
125, -1, 1
125, -2, 0
125, -1, 0
125, -1, 1
166, -1, 0
98, -1, 0
110, -1, 1
124, -2, 0
126, -1, 0
125, -1, 1
125, -1, 0
124, -2, 0
126, 0, 1
125, -2, 0
125, -1, 0
125, -1, 1
125, -1, 0
124, -2, 0
126, -1, 1
124, -1, 0
126, -1, 0
125, -2, 1
124, -1, 0
125, -1, 1
126, -1, 0
124, -2, 0
125, -1, 0
126, -1, 1
125, -1, 0
124, -2, 1
125, -1, 0
125, -1, 0
126, -1, 1
124, -1, 0
125, -2, 1
126, -1, 0
125, -1, 0
125, -1, 1
125, -2, 0
125, -1, 1
125, -2, 0
249, -2, 1
126, -1, 0
125, -2, 0
125, -1, 1
125, -1, 0
124, -1, 1
126, -2, 0
125, -1, 0
124, -2, 1
126, -1, 0
126, -1, 1
123, -1, 0
125, -2, 1
127, -1, 0
126, -2, 0
126, -1, 1
122, -1, 0
125, -1, 0
126, -2, 1
128, -1, 0
125, -1, 1
123, -2, 0
125, -1, 1
124, -1, 0
130, -2, 0
124, -1, 1
123, -1, 0
124, -1, 1
124, -2, 0
125, -1, 0
125, -2, 1
124, -1, 0
126, -1, 1
125, -1, 0
125, -2, 0
125, -1, 1
124, -1, 0
126, -2, 1
125, -1, 0
125, -2, 1
125, -1, 0
125, -1, 1
126, -1, 0
126, -2, 1
124, -1, 0
124, -2, 0
127, -1, 1
124, -1, 0
124, -1, 1
125, -2, 0
125, -1, 1
124, -2, 0
126, -1, 1
125, -2, 0
125, -1, 0
133, -1, 1
123, -1, 0
118, -2, 1
126, -1, 0
125, -2, 1
125, -1, 0
125, -2, 1
125, -1, 0
125, -1, 1
125, -1, 0
125, -2, 1
126, -1, 0
124, -2, 1
125, -1, 0
125, -2, 0
125, -1, 1
125, -1, 0
125, -1, 1
125, -2, 0
126, -1, 1
124, -1, 0
125, -2, 1
125, -1, 0
125, -2, 1
125, -1, 0
125, -1, 1
125, -2, 0
126, -1, 1
124, -1, 0
125, -2, 0
125, -1, 1
125, -2, 0
125, -1, 1
125, -2, 0
125, -1, 1
125, -1, 0
125, -1, 1
125, -2, 0
125, -1, 1
125, -2, 0
125, -1, 1
125, -2, 0
125, -1, 0
126, -1, 1
124, -1, 0
125, -2, 1
125, -1, 0
125, -2, 1
125, -1, 0
126, -1, 1
124, -2, 0
126, -1, 1
125, -1, 0
124, -2, 1
125, -1, 0
125, -2, 1
125, -1, 0
125, -2, 1
126, -1, 0
125, -1, 1
124, -2, 0
125, -1, 1
125, -1, 0
125, -2, 1
125, -1, 0
125, -2, 1
125, -1, 0
126, -1, 1
124, -2, 0
125, -1, 0
125, -1, 1
125, -1, 0
125, -2, 1
125, -1, 0
125, -2, 1
126, -1, 1
125, -2, 0
128, -1, 0
121, -1, 1
125, -2, 0
125, -1, 1
125, -1, 0
125, -2, 1
126, -1, 0
124, -1, 1
125, -2, 0
125, -1, 1
125, -1, 0
125, -2, 1
125, -1, 0
125, -2, 1
126, -1, 0
125, -2, 1
249, -2, 1
125, -1, 0
125, -2, 1
125, -1, 0
125, -1, 1
126, -2, 0
124, -1, 1
125, -1, 0
126, -2, 1
124, -1, 0
125, -1, 1
125, -1, 0
125, -2, 1
126, -1, 0
124, -2, 1
125, -1, 0
125, -1, 1
125, -1, 0
125, -2, 0
125, -1, 1
125, -2, 0
126, -1, 1
124, -1, 0
125, -1, 1
125, -2, 0
125, -1, 1
125, -1, 0
125, -1, 1
125, -1, 0
126, -2, 1
124, -1, 0
125, -2, 1
125, -1, 0
125, -1, 1
125, -1, 0
128, -2, 1
121, -1, 0
130, -1, 1
121, -1, 0
127, -2, 0
130, -1, 1
121, -1, 0
121, -1, 1
126, -2, 0
142, -1, 1
108, -1, 0
124, -1, 1
125, -2, 0
127, -1, 0
122, -1, 1
127, -1, 0
123, -2, 1
126, -1, 0
127, -1, 1
122, -1, 0
125, -2, 1
125, -1, 0
126, -1, 1
124, -1, 0
171, -1, 1
83, -1, 0
123, -2, 1
126, -1, 0
125, -1, 0
146, -1, 1
103, -2, 0
139, -1, 1
111, -1, 0
126, -1, 1
125, -2, 0
124, -1, 1
126, -1, 0
125, -1, 1
124, -1, 0
125, -1, 0
126, -1, 1
125, -2, 0
125, 0, 1
124, -2, 0
125, -1, 0
126, -1, 1
125, -1, 0
125, -2, 1
251, -2, 1
126, -1, 0
123, -1, 1
124, -1, 0
127, -1, 0
125, -1, 1
124, -1, 0
125, -1, 1
125, -2, 0
127, -1, 0
123, -1, 1
126, -1, 0
125, -1, 1
125, -1, 0
125, -1, 1
125, -1, 0
125, -1, 0
126, -1, 1
124, -1, 0
125, -1, 0
125, -1, 1
126, -1, 0
124, -1, 1
126, -1, 0
124, -1, 1
125, -1, 0
125, -2, 0
125, 0, 1
124, -2, 0
126, 0, 1
124, -1, 0
127, -1, 0
125, -1, 1
125, -1, 0
125, -1, 0
124, -1, 0
126, -1, 1
124, -1, 0
125, -1, 1
125, -1, 0
125, -1, 0
126, -1, 1
124, -1, 0
125, -1, 1
125, -1, 0
125, -1, 0
250, -1, 1
125, -1, 0
126, -1, 0
124, -1, 1
125, -1, 0
125, -1, 0
125, -1, 1
125, -1, 0
125, -1, 0
125, 0, 1
126, -1, 0
125, -1, 0
125, -1, 1
124, -1, 0
125, -1, 0
250, -1, 1
125, -1, 0
126, -1, 1
124, -1, 0
250, -1, 0
125, -1, 1
125, -1, 0
125, -1, 0
125, 0, 1
125, -1, 0
125, -1, 0
125, -1, 0
125, 0, 1
126, -1, 0
124, -1, 0
125, -1, 1
250, -1, 0
125, -1, 0
125, 0, 1
126, -1, 0
125, -1, 0
124, -1, 0
125, 0, 1
125, -1, 0
133, -1, 0
241, -1, 1
126, -1, 0
250, -1, 0
125, -1, 1
250, -1, 0
125, -1, 0
125, 0, 1
125, -1, 0
250, -1, 0
146, -1, 0
103, 0, 1
126, -1, 0
125, -1, 0
249, -1, 0
126, 0, 1
125, -1, 0
250, -1, 0
126, 0, 1
124, -1, 0
249, -1, 0
250, -1, 0
125, 0, 1
125, -1, 0
251, -1, 0
249, -1, 1
250, -1, 0
250, -1, 0
250, -1, 1
377, -1, 0
250, -1, 0
250, -1, 1
377, -1, 0
368, -1, 0
250, 0, 1
125, -1, 0
375, -1, 0
375, -1, 0
126, 0, 1
376, -1, 0
373, -1, 0
502, 0, 1
124, -1, 0
624, -1, 0
625, -1, 0
750, 0, 1
250, -1, 0
1754, -1, 0
6423, 1, 0
1737, 1, 0
216, 0, 1
1123, 1, 0
1123, 1, 0
1000, 1, 0
749, 1, 0
125, 0, 1
501, 1, 0
749, 1, 0
656, 1, 0
493, 1, 0
636, 1, 1
518, 1, 0
358, 1, 0
465, 1, 0
410, 1, 0
465, 1, 0
376, 1, 0
249, 1, 0
500, 1, 0
410, 1, 0
215, 1, 0
405, 1, 0
227, 1, 0
368, 1, 0
250, 1, 0
251, 1, 0
249, 1, 0
407, 1, 0
218, 1, 0
250, 1, 0
250, 1, 0
251, 1, 0
250, 1, 0
249, 1, 0
250, 1, 0
251, 1, 0
249, 1, 0
126, 1, 0
249, 1, 0
250, 1, 0
250, 1, 0
250, 1, 0
126, 1, 0
249, 1, 0
126, 1, 0
249, 1, 0
126, 1, 0
249, 1, 0
270, 1, 0
104, 1, -1
126, 1, 0
248, 1, 0
126, 1, 0
249, 1, 0
126, 1, 0
251, 1, 0
125, 1, 0
124, 1, -1
249, 1, 0
126, 1, 0
125, 1, 0
250, 1, 0
126, 1, 0
124, 1, 0
126, 0, -1
124, 1, 0
125, 1, 0
125, 1, 0
125, 1, 0
126, 1, 0
248, 1, 0
126, 1, -1
250, 2, 0
250, 1, 0
126, 1, 0
124, 1, -1
125, 1, 0
125, 1, 0
125, 1, 0
125, 1, 0
250, 1, 0
126, 1, 0
124, 1, -1
125, 1, 0
125, 1, 0
125, 1, 0
125, 1, 0
125, 1, 0
127, 1, -1
251, 2, 0
250, 1, 0
125, 1, 0
123, 1, -1
126, 1, 0
125, 1, 0
126, 1, 0
124, 1, 0
125, 1, -1
125, 1, 0
125, 1, 0
125, 1, 0
125, 1, 0
125, 1, -1
126, 1, 0
124, 1, 0
125, 1, 0
125, 1, 0
125, 1, -1
125, 1, 0
125, 1, 0
125, 2, 0
250, 2, -1
125, 1, 0
250, 2, 0
125, 1, 0
125, 1, -1
125, 1, 0
133, 1, 0
121, 1, 0
131, 1, -1
115, 1, 0
125, 1, 0
125, 1, 0
125, 2, 0
125, 1, -1
126, 1, 0
124, 1, 0
125, 1, 0
125, 1, -1
125, 2, 0
249, 2, 0
126, 1, -1
126, 1, 0
124, 1, 0
125, 1, 0
125, 1, -1
125, 2, 0
125, 1, 0
125, 1, 0
125, 1, -1
126, 1, 0
124, 1, 0
125, 2, 0
125, 1, -1
124, 1, 0
125, 1, 0
126, 2, 0
124, 1, 0
126, 1, -1
124, 1, 0
126, 2, 0
125, 1, -1
124, 1, 0
125, 1, 0
125, 1, 0
125, 1, -1
126, 1, 0
124, 2, 0
125, 1, 0
125, 1, -1
126, 1, 0
124, 2, 0
126, 1, -1
124, 1, 0
126, 1, 0
126, 2, 0
124, 1, -1
125, 2, 0
124, 1, 0
125, 1, -1
125, 1, 0
125, 2, 0
126, 1, 0
124, 1, -1
125, 1, 0
126, 2, 0
124, 1, -1
125, 2, 0
125, 1, 0
125, 1, -1
126, 1, 0
124, 2, 0
125, 1, 0
125, 1, -1
125, 1, 0
125, 2, 0
125, 1, -1
125, 2, 0
126, 1, 0
124, 1, -1
125, 1, 0
126, 2, 0
125, 1, 0
124, 2, -1
126, 1, 0
124, 1, -1
126, 2, 0
124, 1, 0
125, 1, 0
125, 1, 0
125, 2, -1
125, 1, 0
125, 2, -1
125, 1, 0
126, 1, 0
124, 1, -1
125, 2, 0
125, 1, 0
125, 2, -1
125, 1, 0
125, 2, 0
125, 1, -1
126, 1, 0
124, 1, 0
125, 2, -1
125, 1, 0
125, 2, 0
125, 1, -1
126, 2, 0
124, 1, 0
126, 1, -1
124, 2, 0
125, 1, 0
125, 1, -1
125, 2, 0
125, 1, 0
126, 2, -1
124, 1, 0
126, 2, 0
124, 1, -1
125, 1, 0
125, 2, 0
125, 1, -1
125, 1, 0
131, 2, 0
119, 1, -1
126, 2, 0
124, 1, 0
125, 2, -1
125, 1, 0
125, 2, -1
125, 1, 0
125, 1, 0
125, 2, -1
126, 1, 0
124, 1, 0
125, 1, -1
125, 2, 0
125, 1, 0
132, 2, -1
124, 1, 0
121, 2, -1
124, 1, 0
126, 2, 0
148, 1, -1
100, 2, 0
125, 1, 0
125, 2, -1
125, 1, 0
125, 1, -1
126, 2, 0
124, 1, 0
125, 1, -1
125, 2, 0
125, 1, 0
125, 2, -1
125, 1, 0
125, 2, -1
126, 1, 0
124, 2, 0
125, 1, -1
125, 2, 0
125, 1, 0
125, 1, -1
125, 1, 0
125, 2, -1
126, 1, 0
124, 2, 0
125, 1, -1
125, 2, 0
125, 1, 0
125, 2, -1
125, 1, 0
125, 1, -1
126, 2, 0
124, 1, 0
125, 2, -1
125, 1, 0
125, 1, -1
125, 1, 0
126, 2, -1
125, 1, 0
125, 2, 0
124, 1, -1
125, 2, 0
125, 1, 0
125, 2, -1
125, 1, 0
125, 1, -1
125, 2, 0
126, 1, 0
124, 2, -1
125, 1, 0
125, 1, 0
125, 2, -1
125, 1, 0
125, 2, -1
125, 1, 0
126, 2, 0
124, 1, -1
125, 1, 0
125, 1, -1
125, 2, 0
125, 1, 0
125, 2, -1
125, 1, 0
126, 2, -1
124, 1, 0
125, 1, 0
125, 2, -1
125, 1, 0
125, 1, -1
125, 2, 0
125, 1, 0
126, 2, -1
124, 1, 0
125, 1, 0
125, 1, -1
125, 2, 0
125, 1, -1
125, 2, 0
125, 1, 0
126, 1, -1
124, 2, 0
125, 1, 0
125, 1, -1
126, 2, 0
123, 1, -1
125, 1, 0
125, 2, -1
127, 1, 0
124, 2, 0
124, 1, -1
125, 1, 0
156, 1, -1
98, 2, 0
125, 1, 0
124, 2, -1
126, 1, 0
125, 1, 0
125, 1, -1
124, 2, 0
123, 1, -1
125, 2, 0
126, 1, 0
124, 1, -1
126, 1, 0
125, 2, -1
124, 1, 0
125, 2, 0
125, 1, -1
125, 1, 0
127, 1, 0
123, 2, -1
126, 1, 0
124, 1, -1
125, 1, 0
126, 2, 0
124, 1, -1
125, 1, 0
126, 2, 0
126, 1, -1
124, 1, 0
124, 1, -1
125, 2, 0
126, 1, 0
125, 1, -1
124, 1, 0
126, 2, 0
124, 1, -1
126, 1, 0
124, 1, 0
134, 2, -1
122, 1, 0
143, 1, 0
101, 1, -1
125, 2, 0
251, 2, -1
124, 1, 0
126, 2, -1
250, 2, 0
124, 1, -1
125, 1, 0
125, 1, 0
127, 2, -1
123, 1, 0
126, 1, -1
124, 1, 0
125, 2, 0
125, 1, -1
145, 1, 0
105, 1, 0
126, 2, -1
125, 1, 0
124, 1, 0
131, 1, -1
121, 1, 0
125, 1, 0
141, 1, -1
107, 1, 0
126, 1, 0
123, 2, -1
126, 1, 0
125, 1, 0
124, 1, -1
126, 1, 0
125, 1, 0
125, 2, -1
126, 1, 0
124, 1, 0
125, 1, -1
125, 1, 0
125, 1, 0
125, 2, -1
252, 2, 0
124, 1, -1
124, 1, 0
125, 1, 0
126, 1, -1
124, 1, 0
125, 1, 0
125, 1, -1
125, 2, 0
249, 2, -1
126, 1, 0
125, 1, 0
125, 1, -1
125, 1, 0
125, 1, 0
125, 1, 0
126, 1, -1
124, 1, 0
125, 1, 0
125, 1, -1
125, 1, 0
125, 1, 0
126, 1, -1
124, 2, 0
126, 0, -1
124, 1, 0
125, 1, 0
125, 1, 0
125, 1, -1
125, 1, 0
125, 1, 0
125, 1, -1
126, 1, 0
124, 1, 0
124, 1, -1
126, 1, 0
125, 1, 0
125, 1, 0
125, 1, -1
125, 1, 0
126, 1, 0
123, 1, -1
126, 1, 0
125, 1, 0
126, 1, -1
125, 1, 0
124, 1, 0
251, 1, -1
124, 1, 0
125, 1, 0
125, 1, -1
125, 1, 0
125, 1, 0
125, 1, -1
125, 1, 0
126, 1, 0
248, 1, -1
126, 1, 0
125, 1, 0
125, 1, -1
124, 1, 0
126, 1, 0
126, 0, -1
124, 1, 0
125, 1, 0
125, 1, 0
125, 1, -1
125, 1, 0
249, 1, -1
126, 1, 0
125, 1, 0
249, 1, -1
126, 1, 0
125, 1, 0
125, 1, 0
125, 0, -1
125, 1, 0
125, 1, 0
125, 1, -1
125, 1, 0
249, 1, 0
126, 1, -1
124, 1, 0
258, 1, 0
118, 1, -1
249, 1, 0
126, 1, 0
254, 1, -1
122, 1, 0
123, 1, 0
126, 0, -1
125, 1, 0
249, 1, 0
126, 1, -1
125, 1, 0
249, 1, 0
125, 0, -1
124, 1, 0
125, 1, 0
252, 1, 0
123, 0, -1
127, 1, 0
123, 1, 0
125, 0, -1
125, 1, 0
249, 1, 0
127, 1, 0
125, 0, -1
125, 1, 0
249, 1, 0
250, 1, -1
250, 1, 0
251, 1, -1
250, 1, 0
249, 1, -1
250, 1, 0
251, 1, 0
250, 1, -1
381, 1, 0
245, 1, -1
374, 1, 0
249, 1, -1
278, 1, 0
347, 1, -1
500, 1, 0
250, 0, -1
127, 1, 0
375, 1, 0
125, 0, -1
374, 1, 0
375, 1, -1
625, 1, 0
250, 0, -1
376, 1, 0
501, 0, -1
124, 1, 0
875, 0, -1
249, 1, 0
1001, 0, -1
1658, 0, -1
2008, 0, -1
1239, -1, 0
884, -1, 0
406, 0, -1
588, -1, 0
747, -1, 0
596, -1, 0
124, 0, -1
500, -1, 0
660, -1, 0
464, -1, -1
533, -1, 0
467, -1, 0
410, -1, 0
533, -1, 0
62, 0, -1
245, -1, 0
410, -1, 0
339, -1, 0
412, -1, 0
338, -1, 0
376, -1, 0
249, -1, 0
412, -1, -1
214, -1, 0
251, -1, 0
411, -1, 0
214, -1, 0
249, -1, 0
251, -1, 0
249, -1, 0
251, -1, 0
396, -1, 0
104, -1, 0
250, -1, 0
251, -1, 0
249, -1, 0
125, -1, 0
249, -1, 0
252, -1, 0
248, -1, 0
134, -1, 0
245, -1, 0
246, -1, 0
126, -1, 0
250, -1, 0
125, -1, 0
250, -1, 0
125, -1, 0
250, -1, 0
126, -1, 0
126, -1, 0
249, -1, 0
124, -1, 0
125, 0, 1
126, -1, 0
249, -1, 0
125, -1, 0
125, -1, 0
250, -1, 0
125, -1, 0
125, -1, 0
125, -1, 0
126, -1, 0
124, 0, 1
125, -1, 0
125, -1, 0
125, -1, 0
249, -1, 0
126, -1, 0
126, -1, 0
124, -1, 0
125, -1, 1
249, -2, 0
250, -1, 0
126, -1, 0
126, -1, 1
124, -1, 0
125, -1, 0
126, -1, 0
206, -1, 0
166, -1, 0
126, -1, 1
126, -1, 0
124, -1, 0
125, -1, 0
125, -1, 0
124, -1, 0
126, -1, 1
125, -1, 0
124, -1, 0
126, -1, 0
125, -1, 0
125, -1, 1
124, -1, 0
126, -1, 0
125, -1, 0
125, -1, 0
125, -1, 1
127, -1, 0
123, -1, 0
125, -1, 0
125, -1, 1
125, -1, 0
124, -1, 0
126, -1, 0
125, -1, 0
126, -1, 1
123, -2, 0
250, -2, 1
126, -1, 0
125, -1, 0
125, -1, 0
125, -1, 0
125, -1, 1
125, -1, 0
125, -1, 0
124, -2, 1
250, -2, 0
144, -1, 0
106, -1, 1
126, -1, 0
125, -1, 0
125, -1, 0
124, -2, 1
125, -1, 0
125, -1, 0
144, -1, 0
107, -1, 1
127, -2, 0
124, -1, 0
125, -1, 1
125, -1, 0
125, -1, 0
125, -1, 1
125, -2, 0
125, -1, 0
125, -1, 1
129, -1, 0
125, -2, 0
124, -1, 0
125, -1, 1
124, -1, 0
124, -2, 0
126, -1, 1
129, -2, 0
118, 0, 1
126, -2, 0
128, -1, 0
123, -2, 1
126, -1, 0
124, -1, 0
125, -1, 1
126, -2, 0
128, -1, 0
123, -2, 1
124, -1, 0
125, -1, 0
126, -2, 1
124, -1, 0
124, -1, 0
134, -2, 1
121, -1, 0
122, -2, 1
124, -1, 0
124, -1, 0
125, -1, 1
125, -2, 0
125, -1, 0
126, -1, 1
125, -2, 0
126, -1, 0
125, -2, 1
125, -1, 0
125, -2, 1
124, -1, 0
125, -2, 0
126, -1, 1
124, -2, 0
124, -1, 1
125, -1, 0
125, -2, 0
125, -1, 1
126, -1, 0
124, -2, 1
126, -1, 0
124, -2, 1
125, -2, 0
128, -1, 0
125, -2, 1
126, -2, 0
121, -1, 1
125, -1, 0
126, -2, 0
124, -2, 1
125, -1, 0
125, -2, 1
128, -1, 0
123, -2, 1
124, -1, 0
126, -2, 0
125, -1, 1
124, -2, 1
124, -1, 0
132, -2, 0
121, -1, 1
123, -2, 0
125, -2, 1
124, -1, 0
128, -2, 1
123, -1, 0
126, -2, 1
132, -1, 0
122, -2, 0
126, -2, 1
121, -2, 0
122, -1, 1
126, -2, 0
124, -1, 1
142, -2, 0
116, -1, 1
120, -2, 0
130, -2, 1
123, -2, 0
130, -1, 0
121, -2, 1
124, -1, 1
125, -2, 0
128, -2, 1
119, -2, 0
123, -1, 1
126, -2, 0
124, -1, 1
125, -2, 0
136, -2, 1
118, -2, 0
125, -1, 1
124, -2, 0
122, -1, 1
125, -2, 0
124, -2, 1
126, -2, 0
124, -1, 1
129, -2, 0
123, -2, 1
131, -2, 0
124, -1, 1
124, -1, 0
124, -2, 1
122, -2, 0
124, -2, 1
125, -1, 0
125, -2, 1
126, -2, 0
126, -2, 1
129, -1, 1
124, -2, 0
128, -2, 1
118, -2, 0
125, -1, 1
125, -3, 0
125, -1, 1
124, -2, 0
130, -2, 1
122, -2, 1
133, -1, 0
123, -2, 1
128, -2, 0
118, -2, 1
121, -1, 0
125, -2, 1
125, -2, 0
125, -2, 1
126, -1, 0
131, -2, 1
120, -2, 1
128, -2, 0
122, -2, 1
127, -2, 0
122, -1, 1
126, -2, 1
135, -2, 0
117, -2, 1
127, -1, 0
123, -3, 1
127, -1, 0
123, -2, 1
167, -2, 0
84, -1, 1
126, -2, 0
135, -2, 1
114, -2, 1
126, -2, 0
126, -2, 1
130, -1, 0
123, -2, 1
123, -2, 1
120, -2, 0
129, -1, 1
122, -3, 0
128, -1, 1
123, -3, 1
126, -1, 0
127, -2, 1
117, -2, 0
126, -2, 1
123, -2, 0
126, -2, 1
128, -1, 1
125, -3, 0
126, -1, 1
125, -2, 1
124, -2, 0
127, -2, 1
122, -1, 0
127, -3, 1
125, -1, 1
125, -2, 0
122, -2, 1
147, -2, 0
104, -2, 1
126, -2, 1
125, -1, 0
133, -3, 1
116, -1, 0
125, -2, 1
124, -2, 1
125, -1, 0
125, -3, 1
127, -1, 0
123, -2, 1
127, -2, 1
125, -2, 0
128, -2, 1
122, -2, 1
124, -1, 0
125, -3, 1
124, -1, 0
127, -2, 1
125, -2, 1
124, -2, 0
131, -2, 1
121, -2, 0
132, -1, 1
119, -3, 1
124, -1, 0
124, -2, 1
126, -2, 0
131, -2, 1
116, -2, 1
126, -2, 0
127, -2, 1
125, -2, 1
125, -1, 0
124, -3, 1
124, -1, 0
126, -2, 1
124, -2, 0
124, -2, 1
126, -2, 1
126, -2, 1
124, -1, 0
124, -3, 1
125, -1, 0
126, -3, 1
124, -1, 1
124, -2, 0
125, -2, 1
125, -1, 0
126, -3, 1
125, -1, 1
125, -2, 0
125, -2, 1
124, -2, 1
132, -2, 0
121, -2, 1
127, -1, 0
123, -3, 1
121, -1, 1
126, -2, 0
125, -2, 1
124, -2, 1
125, -2, 0
137, -2, 1
113, -1, 0
126, -3, 1
125, -1, 1
124, -2, 0
125, -2, 1
125, -2, 0
125, -1, 1
125, -3, 1
125, -1, 0
126, -2, 1
124, -2, 1
125, -2, 0
126, -2, 1
124, -2, 1
125, -1, 0
136, -3, 1
114, -1, 0
126, -2, 1
124, -2, 1
125, -2, 0
125, -1, 1
125, -3, 1
125, -1, 0
125, -2, 0
125, -2, 1
126, -1, 1
124, -3, 1
125, -1, 0
126, -2, 1
124, -2, 0
131, -2, 1
120, -1, 0
124, -2, 1
125, -2, 1
124, -2, 0
125, -2, 1
126, -2, 1
127, -1, 0
123, -2, 1
140, -2, 0
113, -2, 1
122, -1, 1
126, -3, 1
134, -1, 0
132, -2, 1
122, -1, 0
127, -3, 1
107, -1, 0
143, -2, 1
112, -1, 1
121, -3, 0
125, -1, 1
125, -2, 1
130, -2, 0
120, -2, 1
125, -1, 0
125, -2, 1
126, -2, 1
124, -2, 0
125, -1, 1
125, -2, 0
125, -1, 1
125, -2, 1
125, -2, 0
125, -1, 1
126, -2, 0
126, -2, 1
123, -2, 0
125, -1, 1
125, -2, 1
125, -1, 0
125, -3, 1
125, -1, 0
126, -2, 1
124, -1, 0
127, -2, 1
124, -2, 1
130, -2, 0
121, -1, 1
124, -2, 1
124, -1, 0
128, -2, 1
124, -1, 0
123, -2, 1
126, -2, 0
124, -2, 1
125, -1, 0
141, -2, 1
109, -1, 1
125, -2, 0
125, -1, 1
127, -2, 0
124, -2, 1
125, -2, 0
125, -1, 1
146, -2, 1
104, -1, 0
126, -2, 1
125, -1, 0
126, -2, 1
125, -1, 0
125, -2, 1
125, -2, 0
129, -1, 1
122, -2, 0
124, -1, 1
125, -2, 0
125, -1, 1
125, -2, 1
125, -1, 0
125, -2, 1
125, -1, 0
125, -2, 1
126, -1, 0
124, -2, 1
124, -1, 0
126, -2, 1
124, -1, 0
126, -2, 1
146, -1, 0
104, -2, 1
125, -1, 0
124, -2, 1
125, -1, 0
126, -2, 1
125, -1, 0
124, -1, 1
128, -2, 0
123, -1, 1
124, -1, 0
124, -2, 1
125, -1, 0
126, -2, 1
124, -1, 0
129, -2, 1
123, -1, 0
125, -2, 1
126, -1, 0
125, -1, 1
124, -1, 0
125, -2, 1
125, -1, 0
125, -2, 1
125, -1, 0
125, -1, 0
126, -1, 1
129, -2, 0
120, -1, 1
123, -1, 0
126, -2, 1
125, -1, 0
124, -1, 1
126, -1, 0
125, -2, 1
125, -1, 0
125, -1, 1
125, -1, 0
124, -2, 0
126, -1, 1
124, -2, 0
126, -1, 1
125, -1, 0
124, -1, 0
125, -1, 1
125, -1, 0
125, -2, 1
125, -1, 0
125, -1, 0
126, -1, 1
125, -2, 0
125, -1, 1
126, -1, 0
125, -1, 0
124, -2, 1
249, -2, 0
126, -1, 1
133, -1, 0
124, -1, 0
119, -1, 1
125, -1, 0
125, -2, 1
248, -2, 1
127, -1, 0
126, -1, 0
126, -1, 0
123, -1, 1
126, -1, 0
128, -1, 1
127, -1, 0
132, -1, 0
114, -1, 1
124, -1, 0
123, -1, 0
125, -1, 1
126, -1, 0
124, -1, 0
128, -1, 1
125, -1, 0
123, -1, 0
124, -1, 1
124, -1, 0
125, -1, 0
126, -1, 1
124, -1, 0
125, -1, 0
126, -1, 1
124, -1, 0
126, -1, 0
124, -1, 1
125, -1, 0
126, -1, 0
248, -1, 1
132, -1, 0
139, -1, 0
107, -1, 1
122, -1, 0
127, -1, 0
124, -1, 1
250, -1, 0
125, -1, 0
125, -1, 1
126, -1, 0
127, -1, 0
247, -1, 1
125, -1, 0
249, -1, 0
126, -1, 0
126, -1, 1
248, -1, 0
126, -1, 0
125, -1, 1
251, -1, 0
124, -1, 0
126, -1, 1
249, -1, 0
250, -1, 1
125, -1, 0
126, -1, 0
249, -1, 0
125, 0, 1
125, -1, 0
126, -1, 0
249, -1, 0
250, -1, 1
126, -1, 0
248, -1, 0
250, -1, 1
250, -1, 0
251, -1, 0
251, -1, 0
125, 0, 1
125, -1, 0
250, -1, 0
251, -1, 0
249, 0, 1
125, -1, 0
250, -1, 0
250, -1, 0
417, -1, 1
392, -1, 0
191, -1, 0
500, -1, 0
250, 0, 1
125, -1, 0
375, -1, 0
792, -1, 1
583, -1, 0
946, -1, 0
708, 0, 1
5222, 1, 0
1045, 1, 0
996, 1, 0
643, 0, 1
64, 1, 0
752, 1, 0
623, 1, 0
500, 1, 0
503, 1, 0
431, 0, 1
67, 1, 0
499, 1, 0
533, 1, 0
341, 1, 0
406, 1, 0
403, 1, 0
316, 1, 0
251, 0, 1
125, 1, 0
408, 1, 0
341, 1, 0
251, 1, 0
249, 1, 0
378, 1, 0
247, 1, 0
406, 1, 0
219, 1, 0
250, 1, 0
250, 1, 0
250, 1, 0
250, 1, 0
251, 1, 0
249, 1, 0
252, 1, 0
249, 1, 0
125, 1, 0
250, 1, 0
249, 1, 0
250, 1, 0
126, 1, 0
249, 1, 0
250, 1, 0
250, 1, 0
126, 1, 0
249, 1, 0
126, 1, 0
249, 1, 0
127, 1, 0
248, 1, 0
140, 1, 0
111, 1, 0
250, 1, 0
125, 1, 0
249, 1, 0
133, 1, -1
118, 1, 0
249, 1, 0
126, 1, 0
143, 1, 0
106, 1, 0
248, 1, 0
126, 1, 0
125, 1, 0
125, 0, -1
125, 1, 0
125, 1, 0
125, 1, 0
125, 1, 0
125, 1, 0
250, 1, 0
126, 1, -1
124, 1, 0
125, 1, 0
126, 1, 0
124, 1, 0
125, 1, 0
249, 1, -1
126, 1, 0
125, 1, 0
125, 1, 0
126, 1, 0
124, 1, 0
125, 1, 0
125, 1, -1
125, 1, 0
125, 1, 0
125, 1, 0
125, 1, 0
125, 1, 0
125, 1, -1
125, 1, 0
125, 1, 0
125, 1, 0
125, 1, 0
125, 1, -1
126, 1, 0
127, 1, 0
130, 1, 0
120, 1, 0
123, 1, -1
124, 1, 0
126, 1, 0
126, 1, 0
125, 2, 0
124, 0, -1
192, 2, 0
57, 1, 0
125, 1, 0
126, 1, 0
125, 1, -1
126, 1, 0
124, 2, 0
249, 2, -1
126, 1, 0
125, 1, 0
125, 1, 0
125, 1, 0
125, 1, -1
125, 1, 0
126, 2, 0
124, 1, 0
125, 1, -1
133, 1, 0
117, 1, 0
125, 1, 0
125, 2, -1
125, 1, 0
281, 2, 0
99, 2, -1
120, 1, 0
125, 1, 0
125, 1, 0
126, 2, -1
124, 1, 0
126, 2, 0
124, 1, -1
125, 1, 0
126, 1, 0
124, 2, 0
125, 1, -1
125, 1, 0
125, 1, 0
126, 2, 0
124, 1, -1
125, 1, 0
125, 2, 0
125, 1, -1
125, 1, 0
125, 2, 0
125, 1, 0
126, 2, -1
124, 1, 0
125, 1, -1
125, 1, 0
125, 2, 0
125, 1, 0
125, 2, -1
125, 1, 0
126, 1, 0
124, 2, -1
125, 1, 0
126, 1, -1
124, 2, 0
125, 1, 0
125, 1, 0
125, 2, -1
126, 1, 0
124, 2, 0
126, 1, -1
126, 2, 0
124, 1, 0
124, 2, -1
126, 1, 0
124, 2, 0
126, 1, -1
125, 2, 0
124, 1, 0
125, 1, -1
125, 2, 0
125, 1, -1
125, 2, 0
125, 1, 0
126, 2, -1
124, 1, 0
125, 2, 0
125, 1, -1
125, 2, 0
126, 1, 0
124, 2, -1
125, 1, 0
126, 2, 0
124, 1, -1
126, 2, 0
124, 2, -1
125, 1, 0
125, 2, 0
125, 1, 0
125, 2, -1
126, 1, 0
124, 2, -1
125, 1, 0
125, 2, 0
126, 1, -1
125, 2, 0
125, 1, 0
125, 2, -1
125, 1, 0
124, 2, -1
125, 2, 0
125, 2, 0
125, 1, -1
125, 1, 0
125, 2, 0
125, 1, -1
126, 2, 0
124, 1, 0
125, 3, -1
125, 1, 0
125, 2, -1
125, 1, 0
125, 2, 0
125, 1, -1
126, 2, 0
124, 1, 0
125, 2, -1
125, 2, 0
125, 2, -1
125, 1, 0
125, 2, -1
125, 2, 0
126, 1, -1
124, 2, 0
125, 2, 0
125, 1, 0
126, 2, -1
124, 1, 0
126, 2, -1
124, 2, 0
126, 2, -1
124, 1, 0
125, 2, 0
126, 1, -1
124, 3, 0
125, 1, -1
125, 2, 0
125, 1, 0
126, 2, -1
124, 2, 0
125, 2, -1
125, 1, 0
125, 2, -1
125, 2, 0
125, 2, 0
125, 1, -1
126, 2, 0
124, 1, -1
125, 2, 0
125, 2, 0
126, 1, -1
317, 4, -1
56, 2, 0
127, 1, 0
124, 2, -1
125, 2, -1
125, 2, 0
125, 1, 0
125, 2, -1
125, 2, 0
125, 2, -1
126, 1, 0
124, 2, -1
125, 2, 0
125, 2, 0
129, 1, -1
123, 2, 0
124, 2, -1
124, 2, 0
126, 1, -1
123, 3, 0
126, 1, 0
126, 2, -1
123, 2, 0
153, 2, -1
98, 1, 0
125, 2, -1
126, 2, 0
124, 2, -1
125, 1, 0
125, 2, 0
125, 2, -1
125, 2, 0
127, 1, -1
123, 3, 0
126, 1, -1
124, 2, 0
125, 2, -1
125, 1, 0
125, 2, -1
125, 2, 0
125, 2, 0
125, 1, -1
126, 2, 0
124, 2, -1
125, 2, 0
125, 1, -1
125, 3, 0
125, 1, -1
125, 2, 0
125, 2, -1
126, 2, 0
124, 1, -1
125, 3, 0
125, 1, 0
125, 2, -1
125, 2, 0
125, 2, -1
125, 1, 0
126, 3, -1
124, 1, 0
125, 2, -1
125, 2, 0
125, 2, -1
126, 1, 0
124, 2, -1
125, 2, 0
126, 2, 0
124, 2, -1
125, 2, 0
125, 1, -1
125, 2, 0
125, 2, -1
125, 2, 0
125, 2, -1
126, 2, 0
125, 1, -1
124, 2, 0
125, 2, -1
125, 2, 0
125, 2, -1
125, 2, 0
125, 1, 0
126, 2, -1
124, 2, 0
126, 1, -1
124, 2, 0
125, 2, -1
125, 2, 0
131, 1, -1
120, 3, 0
125, 1, -1
124, 2, 0
125, 2, -1
132, 2, 0
123, 1, -1
124, 2, 0
123, 2, -1
127, 2, 0
126, 2, 0
127, 2, -1
128, 1, 0
116, 2, -1
125, 2, 0
125, 2, -1
125, 2, 0
125, 2, -1
127, 1, 0
123, 2, -1
125, 2, 0
124, 2, -1
125, 1, 0
126, 3, -1
124, 1, 0
126, 2, -1
125, 2, 0
125, 2, -1
124, 1, 0
125, 2, -1
126, 2, 0
125, 2, -1
124, 2, 0
126, 1, -1
125, 2, 0
125, 1, -1
125, 3, 0
124, 1, 0
126, 2, -1
125, 2, -1
125, 2, 0
125, 1, -1
126, 2, 0
124, 2, 0
379, 3, -1
9, 2, -1
112, 2, 0
125, 2, -1
124, 1, 0
126, 2, -1
125, 2, 0
125, 2, -1
125, 1, -1
124, 2, 0
125, 2, 0
125, 2, -1
125, 1, -1
126, 2, 0
124, 2, -1
125, 2, 0
125, 1, 0
125, 2, -1
125, 2, 0
138, 2, -1
112, 1, 0
126, 2, -1
124, 1, 0
125, 3, -1
125, 1, 0
125, 2, -1
126, 1, 0
125, 2, -1
124, 2, 0
126, 1, -1
124, 2, 0
125, 1, -1
125, 2, 0
125, 2, -1
125, 2, -1
125, 1, 0
125, 2, -1
126, 1, 0
124, 2, 0
125, 2, -1
125, 2, 0
125, 1, -1
127, 2, -1
126, 1, 0
124, 2, 0
127, 2, -1
120, 2, 0
129, 1, -1
124, 2, 0
123, 1, -1
125, 2, -1
125, 1, 0
144, 2, 0
107, 1, -1
124, 2, 0
125, 2, -1
125, 2, -1
125, 1, 0
125, 2, 0
125, 1, -1
125, 2, 0
126, 1, -1
124, 2, 0
125, 1, -1
125, 2, 0
125, 1, -1
125, 2, 0
136, 1, -1
114, 2, 0
126, 1, -1
124, 2, 0
125, 1, -1
125, 2, 0
125, 1, -1
125, 2, 0
125, 1, -1
125, 2, 0
126, 1, -1
124, 2, 0
125, 1, -1
125, 2, 0
125, 1, -1
125, 1, 0
125, 2, -1
125, 1, 0
126, 2, -1
124, 1, 0
125, 2, 0
125, 1, -1
125, 2, 0
125, 1, -1
129, 2, 0
121, 1, -1
126, 2, 0
124, 1, -1
125, 1, 0
125, 1, 0
125, 2, -1
125, 1, 0
125, 2, -1
125, 1, 0
126, 2, -1
124, 1, 0
125, 1, -1
125, 1, 0
125, 2, -1
125, 1, 0
125, 2, 0
125, 1, -1
125, 1, 0
125, 1, -1
125, 2, 0
125, 1, -1
125, 1, 0
125, 1, -1
126, 1, 0
124, 2, 0
126, 1, -1
124, 1, 0
125, 2, -1
125, 1, 0
125, 1, 0
125, 1, -1
124, 1, 0
126, 2, -1
125, 1, 0
125, 1, -1
125, 1, 0
125, 2, -1
125, 1, 0
125, 1, 0
125, 1, -1
125, 1, 0
289, 3, -1
210, 2, -1
125, 1, 0
125, 1, 0
125, 1, -1
125, 1, 0
126, 1, -1
125, 2, 0
249, 2, -1
126, 1, 0
125, 1, 0
131, 1, -1
121, 1, 0
125, 1, -1
122, 1, 0
125, 1, 0
126, 1, -1
125, 1, 0
124, 1, 0
147, 1, -1
103, 1, 0
127, 1, -1
160, 1, 0
87, 1, 0
127, 0, -1
140, 2, 0
234, 1, -1
125, 1, 0
125, 1, 0
124, 1, -1
126, 1, 0
125, 1, 0
126, 1, -1
124, 1, 0
126, 1, 0
250, 1, -1
124, 1, 0
125, 1, -1
126, 1, 0
124, 1, 0
125, 0, -1
125, 1, 0
125, 1, 0
126, 1, -1
124, 1, 0
250, 1, 0
125, 1, -1
125, 1, 0
146, 1, 0
104, 0, -1
126, 1, 0
124, 1, 0
125, 1, -1
250, 1, 0
250, 1, -1
125, 1, 0
250, 1, -1
125, 1, 0
250, 1, -1
125, 1, 0
249, 1, 0
127, 0, -1
124, 1, 0
250, 1, 0
143, 0, -1
108, 1, 0
124, 1, 0
252, 1, -1
248, 1, 0
251, 1, -1
250, 1, 0
250, 1, 0
126, 0, -1
124, 1, 0
375, 1, -1
250, 1, 0
375, 1, -1
375, 1, 0
250, 0, -1
126, 1, 0
374, 1, 0
250, 0, -1
250, 1, 0
500, 1, 0
126, 0, -1
500, 1, 0
374, 0, -1
626, 1, 0
545, 0, -1
1380, 0, -1
3201, 0, -1
532, -1, 0
1009, -1, 0
741, -1, 0
470, 0, -1
125, -1, 0
790, -1, 0
455, -1, 0
858, -1, 0
269, 0, -1
124, -1, 0
425, -1, 0
450, -1, 0
424, -1, 0
521, -1, 0
380, -1, 0
50, 0, -1
251, -1, 0
377, -1, 0
373, -1, 0
420, -1, 0
205, -1, 0
375, -1, 0
250, -1, 0
417, -1, 0
208, -1, 0
249, -1, 0
250, -1, 0
422, -1, 0
80, 0, -1
125, -1, 0
249, -1, 0
489, -1, 0
11, -1, 0
249, -1, 0
249, -1, 0
250, -1, 0
132, -1, 0
246, -1, 0
247, -1, 0
250, -1, 0
250, -1, 0
250, -1, 0
126, -1, 0
125, -1, 0
250, -1, 0
249, -1, 0
128, -1, 0
247, -1, 0
251, -1, 0
125, -1, 0
249, -1, 0
126, -1, 0
249, -1, 1
126, -1, 0
126, -1, 0
248, -1, 0
126, -1, 0
125, -1, 0
249, -1, 0
251, -1, 0
125, -1, 0
125, -1, 1
250, -2, 0
249, -1, 0
126, -1, 0
126, -1, 0
248, -1, 0
126, -1, 0
125, -1, 1
265, -1, 0
110, -1, 0
126, -1, 0
123, -1, 0
125, -1, 0
125, -1, 1
125, -1, 0
249, -1, 0
126, -1, 0
126, -1, 0
124, -1, 0
125, -1, 1
125, -1, 0
125, -1, 0
250, -2, 0
250, -1, 0
126, -1, 1
124, -1, 0
125, -1, 0
124, -1, 0
126, -1, 0
125, -1, 0
125, -1, 0
126, -1, 1
124, -1, 0
125, -1, 0
127, -1, 0
248, -2, 1
249, -2, 0
126, -1, 0
125, -1, 0
249, -2, 1
126, -1, 0
125, -1, 0
124, -1, 0
126, -1, 1
125, -1, 0
125, -1, 0
125, -1, 0
125, -1, 0
125, -1, 0
125, -1, 1
125, -1, 0
125, -1, 0
193, -1, 0
59, -2, 1
250, -2, 0
124, -1, 0
125, -1, 0
126, -1, 1
124, -1, 0
126, -1, 0
124, -1, 1
126, -1, 0
124, -2, 0
251, -2, 0
125, -1, 1
128, -1, 0
124, -1, 0
126, -1, 0
128, -1, 1
122, -1, 0
125, -2, 0
123, -1, 0
124, -1, 1
125, -1, 0
132, -1, 0
123, -2, 1
119, -1, 0
126, -1, 0
123, -1, 0
126, -1, 1
125, -2, 0
125, -1, 0
127, -1, 1
123, -1, 0
125, -1, 0
126, -1, 0
125, -2, 1
124, -1, 0
131, -1, 0
120, -1, 0
126, -2, 1
124, -1, 0
125, -1, 0
125, -1, 1
125, -2, 0
125, -1, 0
125, -1, 1
124, -1, 0
126, -2, 0
124, -1, 1
125, -1, 0
125, -1, 0
126, -2, 1
124, -1, 0
126, -1, 0
124, -1, 0
126, -2, 1
124, -1, 0
127, -2, 1
124, -1, 0
126, -1, 0
124, -1, 1
124, -2, 0
125, -1, 0
126, -1, 0
124, -1, 1
125, -2, 0
126, -1, 1
126, -1, 0
124, -2, 0
124, -1, 1
125, -2, 0
126, -1, 0
125, -1, 1
124, -1, 0
126, -2, 0
125, -1, 1
125, -2, 0
124, -1, 0
125, -1, 1
126, -2, 0
125, -1, 1
124, -1, 0
125, -2, 0
125, -1, 1
125, -2, 0
125, -1, 0
125, -1, 1
126, -2, 0
124, -1, 0
125, -1, 1
125, -2, 0
125, -1, 0
126, -2, 1
124, -1, 0
125, -2, 1
126, -1, 0
124, -1, 1
125, -1, 0
126, -2, 0
124, -1, 1
125, -2, 0
125, -1, 0
125, -2, 1
126, -1, 0
124, -2, 1
125, -1, 0
125, -2, 0
125, -1, 1
125, -2, 0
125, -1, 1
125, -1, 0
126, -1, 0
124, -2, 1
125, -1, 0
125, -2, 1
125, -1, 0
125, -1, 0
126, -2, 1
124, -1, 0
126, -2, 1
124, -1, 0
125, -2, 1
125, -1, 0
125, -2, 0
125, -1, 1
130, -2, 0
121, -1, 1
125, -2, 0
125, -1, 0
124, -2, 1
125, -1, 0
125, -2, 1
125, -1, 0
126, -2, 1
124, -1, 0
126, -1, 0
124, -2, 1
125, -1, 0
125, -2, 1
125, -1, 0
125, -2, 1
125, -1, 0
125, -2, 1
126, -1, 0
124, -1, 0
125, -2, 1
125, -1, 0
125, -2, 1
125, -1, 0
126, -2, 1
124, -1, 0
127, -2, 0
124, -2, 1
125, -1, 1
124, -2, 0
125, -1, 0
132, -1, 1
120, -2, 0
124, -1, 1
125, -2, 0
124, -2, 1
125, -1, 0
125, -1, 0
127, -2, 1
124, -1, 0
125, -2, 1
125, -1, 0
125, -2, 1
124, -1, 0
125, -1, 1
125, -2, 0
125, -1, 0
125, -2, 1
126, -1, 0
125, -2, 1
125, -1, 0
124, -2, 1
125, -1, 0
126, -2, 1
124, -1, 0
127, -2, 1
125, -1, 0
124, -2, 1
126, -1, 0
123, -2, 0
126, -1, 1
124, -2, 0
124, -1, 1
126, -2, 0
140, -1, 1
110, -2, 0
125, -1, 1
124, -2, 0
126, -1, 0
127, -2, 1
123, -2, 1
126, -1, 0
124, -1, 0
141, -2, 1
113, -1, 0
123, -2, 1
124, -1, 0
126, -2, 1
127, -2, 0
136, -1, 1
113, -2, 0
124, -1, 1
125, -2, 0
124, -1, 1
125, -2, 0
125, -1, 0
125, -2, 1
125, -1, 1
125, -1, 0
125, -2, 0
125, -2, 1
125, -1, 0
125, -2, 1
125, -1, 0
125, -2, 1
125, -1, 0
125, -2, 1
125, -1, 0
125, -2, 1
124, -1, 0
126, -1, 1
125, -2, 0
124, -1, 1
126, -2, 0
125, -1, 1
125, -2, 0
126, -1, 1
124, -2, 0
125, -1, 0
125, -2, 1
124, -1, 0
126, -2, 1
125, -1, 0
125, -1, 1
125, -2, 0
125, -1, 1
125, -2, 0
125, -1, 1
125, -2, 0
125, -1, 1
125, -2, 0
125, -1, 1
126, -2, 0
124, -1, 1
125, -2, 0
124, -1, 0
126, -1, 1
124, -2, 0
126, -1, 1
124, -2, 0
126, -1, 1
124, -2, 0
126, -1, 1
125, -2, 0
125, -1, 1
127, -2, 0
124, -1, 1
124, -2, 0
126, -1, 1
124, -1, 0
125, -2, 1
125, -1, 0
124, -2, 1
126, -1, 0
125, -1, 1
125, -2, 0
125, -1, 0
125, -2, 1
124, -1, 0
126, -2, 1
125, -1, 0
124, -2, 1
125, -1, 0
126, -1, 1
125, -2, 0
124, -1, 1
125, -1, 0
125, -2, 1
125, -1, 0
125, -2, 1
126, -1, 0
124, -2, 0
126, -1, 1
124, -2, 0
133, -1, 1
122, -1, 0
133, -2, 1
113, -1, 0
125, -1, 1
124, -2, 0
126, -1, 1
125, -2, 0
125, -1, 0
124, -2, 1
126, -1, 0
124, -1, 1
125, -1, 0
126, -1, 1
125, -2, 0
125, -1, 1
124, -2, 0
126, -1, 1
125, -1, 0
125, -2, 0
125, -1, 1
125, -1, 0
125, -2, 1
125, -1, 0
125, -2, 1
124, -1, 0
126, -1, 1
125, -1, 0
125, -2, 1
124, -1, 0
126, -1, 0
125, -2, 1
124, -1, 0
126, -1, 1
125, -2, 0
124, -1, 0
125, -1, 1
125, -1, 0
126, -2, 1
125, -1, 0
125, -2, 1
124, -1, 0
125, -1, 1
125, -1, 0
126, -2, 0
126, -1, 1
124, -2, 0
124, -1, 1
125, -1, 0
126, -1, 0
125, -2, 1
124, -1, 0
131, -1, 1
119, -1, 0
125, -2, 1
125, -1, 0
125, -1, 1
125, -1, 0
124, -1, 0
126, -2, 1
126, -1, 0
123, -1, 1
126, -1, 0
124, -2, 0
125, -1, 1
125, -1, 0
125, -1, 1
125, -2, 0
126, -1, 0
124, -1, 1
126, -1, 0
124, -1, 1
125, -1, 0
125, -2, 1
125, -1, 0
125, -1, 0
126, -1, 1
128, -2, 0
122, -1, 0
125, -1, 1
125, -1, 0
124, -1, 1
125, -2, 0
125, -1, 1
125, -1, 0
125, -1, 0
125, -1, 1
129, -1, 0
121, -1, 0
141, -2, 1
108, -1, 0
126, -1, 1
124, -1, 0
127, -2, 1
250, -2, 0
125, -1, 0
124, -1, 1
124, -1, 0
125, -1, 1
125, -1, 0
125, -1, 0
126, -1, 1
125, -1, 0
124, -2, 0
125, 0, 1
125, -2, 0
125, -1, 1
125, -1, 0
125, -1, 0
126, -1, 1
129, -1, 0
120, -1, 0
125, -1, 1
125, -1, 0
125, -1, 1
125, -2, 0
250, -2, 1
249, -2, 0
126, 0, 1
125, -2, 0
250, -2, 1
125, -1, 0
126, -1, 1
124, -1, 0
125, -1, 0
127, -1, 0
125, -1, 1
125, -1, 0
124, -1, 1
124, -1, 0
147, -1, 0
122, 0, 1
121, -2, 0
129, -1, 0
107, -1, 0
124, 0, 1
125, -2, 0
251, -1, 1
125, -1, 0
125, -1, 0
125, -1, 1
125, -1, 0
126, -1, 0
129, -1, 1
120, -1, 0
126, -1, 0
125, -1, 1
249, -1, 0
125, -1, 0
126, -1, 1
125, -1, 0
126, -1, 1
124, -1, 0
124, -1, 0
125, -1, 0
125, 0, 1
126, -1, 0
124, -1, 0
126, -1, 1
124, -1, 0
126, -1, 0
124, -1, 0
125, 0, 1
126, -1, 0
124, -1, 0
126, -1, 1
124, -1, 0
125, -1, 0
126, 0, 1
124, -1, 0
125, -1, 0
125, -1, 0
125, -1, 1
125, -1, 0
250, -1, 1
126, -1, 0
131, -1, 0
242, -1, 0
127, -1, 1
124, -1, 0
250, -1, 0
126, -1, 1
124, -1, 0
249, -1, 1
126, -1, 0
250, -1, 0
125, -1, 1
126, -1, 0
248, -1, 0
126, -1, 1
125, -1, 0
256, -1, 0
119, 0, 1
126, -1, 0
124, -1, 0
125, -1, 0
125, 0, 1
125, -1, 0
250, -1, 0
125, -1, 0
129, 0, 1
125, -1, 0
123, -1, 0
248, -1, 0
126, 0, 1
124, -1, 0
124, -1, 0
251, -1, 0
125, 0, 1
125, -1, 0
125, -1, 0
250, -1, 1
250, -1, 0
249, -1, 0
250, -1, 1
126, -1, 0
250, -1, 0
250, -1, 0
125, 0, 1
125, -1, 0
250, -1, 0
249, -1, 1
252, -1, 0
374, -1, 0
126, -1, 1
433, -1, 0
191, -1, 0
250, 0, 1
126, -1, 0
249, -1, 0
250, -1, 0
126, 0, 1
249, -1, 0
376, -1, 0
375, -1, 1
374, -1, 0
249, -1, 0
404, -1, 0
222, 0, 1
249, -1, 0
511, -1, 0
421, -1, 0
87, 0, 1
514, -1, 0
499, -1, 0
625, -1, 0
103, 0, 1
616, -1, 0
1045, -1, 0
1456, -1, 0
8633, 1, 0
368, 0, 1
1781, 1, 0
1500, 1, 0
1013, 1, 0
486, 0, 1
498, 1, 0
970, 1, 0
780, 1, 0
595, 1, 0
670, 1, 0
80, 0, 1
557, 1, 0
443, 1, 0
499, 1, 0
538, 1, 0
462, 1, 0
537, 1, 0
338, 1, 0
414, 1, 0
461, 1, 0
250, 1, 0
414, 1, 0
336, 1, 0
376, 1, 0
415, 1, 0
210, 1, 0
375, 1, 0
250, 1, 0
250, 1, 0
251, 1, 0
374, 1, 0
259, 1, 0
241, 1, 0
252, 1, 0
250, 1, 0
250, 1, 0
247, 1, 0
252, 1, 0
248, 1, 0
251, 1, 0
250, 1, -1
125, 1, 0
249, 1, 0
251, 1, 0
250, 1, 0
125, 1, 0
249, 1, 0
251, 1, 0
124, 1, -1
251, 1, 0
125, 1, 0
249, 1, 0
126, 1, 0
249, 1, 0
127, 0, -1
124, 1, 0
125, 1, 0
250, 1, 0
125, 1, 0
126, 1, 0
249, 1, 0
126, 1, -1
124, 1, 0
249, 1, 0
251, 1, 0
125, 1, 0
126, 1, -1
249, 1, 0
125, 1, 0
125, 1, 0
125, 1, 0
249, 1, 0
127, 1, -1
124, 1, 0
249, 1, 0
126, 1, 0
125, 1, -1
125, 1, 0
125, 1, 0
249, 1, 0
126, 1, 0
125, 1, 0
125, 1, -1
125, 1, 0
249, 1, 0
127, 1, 0
124, 1, 0
125, 1, -1
127, 1, 0
124, 1, 0
124, 1, 0
249, 1, 0
127, 1, -1
124, 1, 0
125, 1, 0
125, 1, 0
125, 1, 0
125, 1, 0
126, 1, -1
124, 1, 0
249, 2, 0
250, 1, -1
126, 1, 0
125, 1, 0
126, 1, 0
124, 1, 0
126, 1, -1
124, 1, 0
125, 1, 0
125, 1, 0
125, 1, 0
125, 1, 0
126, 1, -1
124, 1, 0
126, 1, 0
124, 1, 0
125, 1, -1
125, 1, 0
125, 1, 0
125, 1, 0
125, 1, 0
125, 1, -1
126, 1, 0
124, 1, 0
125, 1, 0
125, 1, 0
126, 2, -1
249, 2, 0
250, 2, 0
126, 1, -1
124, 1, 0
125, 1, 0
125, 1, 0
133, 1, -1
121, 1, 0
120, 1, 0
126, 1, 0
125, 1, -1
125, 2, 0
125, 1, 0
125, 1, 0
125, 1, -1
125, 1, 0
125, 1, 0
125, 1, 0
125, 1, -1
125, 1, 0
125, 2, 0
125, 1, 0
125, 1, 0
125, 1, -1
125, 1, 0
126, 1, 0
124, 1, -1
125, 1, 0
126, 2, 0
124, 1, 0
125, 1, -1
125, 1, 0
125, 2, 0
249, 2, -1
126, 1, 0
125, 1, 0
125, 1, 0
126, 2, -1
126, 1, 0
124, 1, 0
126, 1, 0
123, 2, -1
126, 1, 0
125, 1, 0
124, 1, 0
126, 2, -1
269, 2, 0
106, 1, 0
125, 1, -1
124, 1, 0
125, 2, 0
127, 1, 0
123, 1, -1
132, 2, 0
243, 2, 0
125, 1, 0
125, 2, -1
124, 1, 0
126, 1, 0
125, 1, -1
125, 2, 0
125, 1, 0
126, 1, -1
124, 1, 0
125, 2, 0
125, 1, 0
125, 2, -1
125, 1, 0
125, 1, 0
125, 1, -1
126, 2, 0
124, 1, 0
125, 1, 0
125, 2, -1
125, 1, 0
125, 1, 0
125, 2, -1
125, 1, 0
126, 2, 0
125, 1, 0
124, 1, -1
125, 1, 0
125, 2, 0
125, 1, 0
126, 2, -1
124, 1, 0
126, 1, 0
125, 1, -1
124, 2, 0
125, 1, 0
125, 2, -1
125, 1, 0
126, 2, 0
124, 1, -1
126, 1, 0
124, 1, 0
125, 2, 0
125, 1, -1
125, 1, 0
125, 2, 0
125, 1, -1
125, 2, 0
126, 1, 0
124, 2, -1
125, 1, 0
125, 1, 0
126, 2, -1
124, 1, 0
126, 1, 0
124, 2, -1
126, 1, 0
124, 2, 0
125, 1, -1
126, 2, 0
125, 1, 0
124, 2, -1
125, 1, 0
125, 2, 0
126, 1, 0
124, 1, -1
125, 2, 0
125, 1, 0
125, 1, -1
125, 2, 0
125, 1, 0
125, 2, -1
126, 1, 0
124, 2, 0
125, 1, -1
125, 2, 0
125, 1, 0
125, 2, -1
125, 1, 0
125, 2, 0
126, 1, -1
124, 2, 0
131, 1, 0
126, 2, -1
117, 1, 0
127, 2, 0
124, 1, -1
125, 2, 0
126, 1, 0
124, 1, -1
125, 2, 0
125, 1, 0
125, 2, -1
125, 1, 0
125, 2, 0
125, 1, -1
126, 2, 0
124, 1, 0
125, 2, -1
125, 1, 0
125, 2, 0
125, 1, -1
125, 2, 0
125, 1, 0
126, 2, -1
124, 1, 0
125, 2, 0
125, 1, -1
125, 2, 0
125, 1, 0
125, 2, -1
125, 1, 0
126, 2, 0
124, 1, -1
125, 2, 0
125, 1, -1
125, 2, 0
125, 1, 0
126, 2, -1
124, 1, 0
126, 2, 0
124, 2, -1
125, 1, 0
125, 2, -1
125, 2, 0
125, 1, 0
127, 2, -1
123, 1, 0
126, 2, 0
124, 1, -1
125, 2, 0
125, 1, -1
125, 1, 0
125, 2, 0
125, 1, -1
125, 2, 0
126, 1, 0
125, 2, -1
124, 1, 0
125, 2, 0
125, 1, -1
125, 2, 0
130, 2, -1
124, 1, 0
123, 2, 0
124, 1, -1
125, 1, 0
123, 2, -1
126, 2, 0
130, 1, 0
121, 2, -1
126, 1, 0
126, 2, -1
124, 2, 0
126, 1, 0
122, 2, -1
125, 1, 0
127, 2, -1
124, 1, 0
128, 2, 0
122, 1, -1
124, 2, 0
125, 1, -1
127, 2, 0
130, 1, 0
121, 2, -1
129, 1, 0
119, 2, 0
129, 1, -1
123, 2, 0
129, 1, -1
120, 2, 0
125, 1, -1
127, 2, 0
124, 1, 0
124, 2, -1
125, 1, 0
124, 2, -1
126, 1, 0
124, 1, 0
126, 2, -1
127, 1, 0
125, 2, -1
123, 1, 0
126, 2, -1
124, 1, 0
125, 2, 0
124, 1, -1
125, 2, 0
127, 1, 0
123, 2, -1
125, 1, 0
126, 2, -1
124, 1, 0
125, 2, -1
125, 1, 0
125, 2, 0
125, 1, -1
128, 1, 0
123, 2, -1
125, 1, 0
125, 2, -1
126, 1, 0
124, 1, 0
125, 2, -1
125, 1, 0
125, 2, -1
125, 1, 0
126, 2, -1
124, 1, 0
125, 2, 0
126, 1, -1
124, 1, 0
125, 2, -1
125, 1, 0
125, 2, 0
131, 1, -1
122, 1, 0
123, 2, -1
124, 1, 0
124, 2, -1
125, 1, 0
125, 1, 0
125, 2, -1
126, 1, 0
124, 2, -1
125, 1, 0
125, 1, -1
125, 2, 0
126, 1, 0
125, 1, -1
124, 2, 0
126, 1, 0
125, 1, -1
125, 2, 0
125, 1, -1
124, 1, 0
126, 2, -1
125, 1, 0
124, 2, -1
125, 1, 0
125, 1, 0
125, 1, -1
126, 2, 0
124, 1, -1
125, 2, 0
125, 1, -1
125, 1, 0
124, 1, 0
126, 2, -1
125, 1, 0
125, 1, -1
125, 1, 0
125, 2, -1
125, 1, 0
125, 2, 0
126, 1, -1
124, 1, 0
125, 1, -1
125, 2, 0
249, 2, -1
143, 1, 0
108, 1, -1
125, 1, 0
125, 1, 0
125, 2, -1
125, 1, 0
125, 1, -1
125, 1, 0
125, 2, 0
126, 1, -1
124, 1, 0
124, 1, 0
126, 1, -1
125, 1, 0
125, 2, -1
125, 1, 0
125, 1, -1
125, 1, 0
126, 1, 0
124, 1, -1
125, 2, 0
125, 1, 0
125, 1, -1
124, 1, 0
126, 1, -1
125, 1, 0
125, 1, 0
125, 1, -1
125, 1, 0
125, 1, 0
125, 2, -1
249, 2, -1
126, 1, 0
125, 1, 0
125, 1, -1
125, 1, 0
124, 1, 0
126, 1, -1
125, 1, 0
125, 1, -1
125, 1, 0
125, 1, 0
129, 1, -1
123, 1, 0
126, 1, 0
123, 1, -1
125, 1, 0
124, 1, 0
124, 1, -1
249, 2, 0
126, 0, -1
128, 1, 0
122, 1, -1
125, 1, 0
125, 1, 0
126, 1, -1
125, 1, 0
124, 1, 0
124, 1, 0
126, 1, -1
124, 1, 0
126, 0, -1
125, 1, 0
124, 1, 0
126, 1, 0
125, 1, -1
125, 1, 0
125, 1, -1
249, 1, 0
126, 1, 0
125, 1, -1
249, 1, 0
128, 1, -1
123, 1, 0
125, 1, 0
125, 0, -1
125, 1, 0
125, 1, 0
250, 1, -1
128, 1, 0
124, 1, 0
121, 0, -1
163, 1, 0
105, 1, 0
234, 1, -1
141, 1, 0
108, 1, 0
126, 0, -1
124, 1, 0
251, 1, -1
127, 1, 0
246, 1, 0
126, 1, -1
249, 1, 0
252, 1, -1
251, 1, 0
122, 1, 0
125, 0, -1
126, 1, 0
249, 1, -1
250, 1, 0
250, 1, 0
125, 0, -1
125, 1, 0
250, 1, 0
125, 0, -1
125, 1, 0
376, 1, -1
248, 1, 0
250, 1, 0
126, 0, -1
252, 1, 0
257, 0, -1
117, 1, 0
376, 1, 0
126, 0, -1
373, 1, 0
375, 1, -1
501, 1, 0
125, 0, -1
499, 1, 0
377, 0, -1
373, 1, 0
501, 0, -1
750, 1, 0
375, 0, -1
1500, 0, -1
2378, -1, 0
123, 0, -1
750, -1, 0
999, -1, 0
379, 0, -1
370, -1, 0
665, -1, 0
586, -1, 0
402, 0, -1
222, -1, 0
528, -1, 0
503, -1, 0
375, -1, 0
95, 0, -1
249, -1, 0
529, -1, 0
346, -1, 0
404, -1, 0
347, -1, -1
249, -1, 0
431, -1, 0
213, -1, 0
355, -1, 0
251, -1, 0
249, -1, 0
251, 0, -1
124, -1, 0
250, -1, 0
250, -1, 0
250, -1, 0
376, -1, 0
124, -1, 0
250, -1, 0
250, -1, 0
250, -1, 0
249, -1, 0
126, -1, 0
250, -1, 0
250, -1, 0
250, -1, 0
125, -1, 0
250, -1, 0
250, -1, 0
126, -1, 0
124, 0, -1
125, -1, 0
125, -1, 0
249, -1, 0
251, -1, 0
126, -1, 0
126, -1, 0
250, -1, 0
125, -1, 0
126, -1, 0
249, -1, 0
250, -1, 0
130, -1, 0
120, -1, 0
126, -1, 0
249, -1, 0
124, -1, 0
127, -1, 0
124, -1, 0
248, -1, 0
127, -1, 0
125, -1, 0
250, -1, 1
126, -1, 0
124, -1, 0
125, -1, 0
250, -1, 0
125, -1, 0
125, -1, 0
125, -1, 0
133, -1, 0
122, -1, 0
122, -1, 0
123, -1, 1
125, -1, 0
249, -2, 0
251, -1, 0
125, -1, 0
125, -1, 0
125, -1, 1
125, -1, 0
126, -1, 0
127, -1, 0
122, -1, 0
130, -1, 0
120, -1, 0
125, -1, 0
125, -1, 0
126, -1, 1
124, -1, 0
133, -1, 0
117, -1, 0
126, -1, 0
124, -1, 1
125, -1, 0
125, -1, 0
125, -1, 0
125, -1, 0
125, -1, 0
124, -1, 0
126, -2, 1
249, -2, 0
126, -1, 0
125, -1, 0
125, -1, 0
125, -1, 1
125, -1, 0
125, -1, 0
125, -1, 0
124, -1, 0
127, -2, 1
248, -2, 0
126, -1, 0
125, -1, 0
125, -1, 0
126, -1, 1
124, -1, 0
125, -2, 0
125, -1, 1
125, -1, 0
125, -1, 0
125, -2, 0
125, -1, 0
125, -1, 1
125, -1, 0
141, -1, 0
113, -1, 0
119, -2, 0
126, -1, 1
125, -1, 0
125, -1, 0
125, -2, 1
125, -1, 0
124, -1, 0
126, -1, 0
125, -2, 1
125, -1, 0
125, -1, 0
126, -1, 0
124, -2, 0
125, -1, 1
125, -1, 0
125, -1, 0
125, -2, 1
126, -1, 0
124, -2, 0
125, -1, 0
125, -1, 1
125, -1, 0
125, -1, 0
124, -2, 0
126, -1, 1
124, -2, 0
126, -1, 0
126, -1, 1
124, -1, 0
125, -2, 0
125, -1, 0
125, -2, 1
125, -1, 0
125, -1, 0
125, -2, 0
126, -1, 1
124, -1, 0
125, -2, 1
125, -1, 0
125, -2, 0
124, -1, 1
126, -2, 0
125, -1, 0
126, -1, 1
124, -2, 0
125, -1, 0
125, -2, 0
125, -1, 1
124, -1, 0
132, -2, 1
120, -1, 0
126, -2, 0
124, -1, 0
125, -2, 1
125, -1, 0
125, -2, 1
125, -1, 0
125, -1, 0
125, -2, 1
126, -1, 0
124, -2, 0
125, -1, 1
127, -2, 0
124, -1, 1
124, -2, 0
125, -1, 0
125, -2, 1
126, -1, 0
125, -2, 1
124, -1, 0
125, -1, 0
125, -2, 1
133, -2, 0
120, -1, 0
122, -1, 1
126, -2, 0
124, -2, 1
126, -1, 0
124, -2, 0
125, -1, 1
125, -2, 0
126, -1, 1
124, -2, 0
126, -1, 0
124, -2, 1
126, -1, 0
124, -2, 1
125, -1, 0
125, -2, 0
125, -1, 1
125, -2, 0
127, -1, 1
124, -2, 0
124, -2, 0
126, -1, 1
124, -2, 0
126, -2, 1
125, -1, 0
124, -2, 1
125, -1, 0
125, -2, 0
131, -1, 1
122, -2, 0
122, -1, 1
124, -2, 0
126, -2, 0
127, -1, 1
127, -2, 0
125, -2, 1
123, -1, 0
125, -2, 1
129, -1, 0
123, -2, 0
128, -1, 1
121, -2, 0
124, -2, 1
124, -1, 0
125, -2, 1
134, -1, 0
116, -2, 1
124, -1, 0
126, -2, 1
125, -2, 0
125, -2, 0
125, -1, 1
124, -2, 0
126, -1, 1
124, -2, 0
125, -1, 1
125, -2, 0
125, -2, 0
126, -2, 1
124, -1, 0
126, -2, 1
124, -1, 0
125, -2, 1
125, -2, 0
125, -1, 1
125, -2, 0
126, -2, 1
124, -1, 0
126, -2, 1
125, -1, 0
124, -2, 1
125, -2, 0
126, -1, 1
125, -2, 0
126, -2, 1
124, -1, 0
124, -2, 0
126, -1, 1
129, -2, 0
124, -2, 1
123, -2, 0
125, -1, 1
126, -1, 0
124, -2, 1
125, -1, 0
125, -2, 1
125, -2, 0
125, -2, 1
125, -1, 0
125, -2, 0
126, -1, 1
124, -2, 1
125, -2, 0
125, -2, 1
125, -1, 0
125, -2, 0
125, -1, 1
123, -2, 1
126, -2, 0
124, -2, 0
126, -1, 1
125, -2, 0
124, -1, 1
125, -2, 0
148, -1, 1
102, -2, 0
126, -2, 1
124, -2, 0
125, -1, 1
125, -2, 0
125, -1, 1
126, -2, 0
125, -2, 1
125, -2, 0
125, -1, 0
125, -2, 1
124, -1, 1
125, -2, 0
125, -1, 0
125, -2, 1
125, -2, 0
125, -2, 1
126, -1, 0
124, -2, 1
125, -1, 0
125, -2, 1
125, -2, 0
125, -2, 1
125, -1, 0
125, -1, 1
126, -2, 0
124, -2, 1
133, -2, 0
125, -1, 1
124, -2, 0
119, -1, 1
125, -2, 0
125, -1, 1
125, -2, 0
125, -2, 1
124, -2, 0
125, -1, 1
125, -2, 0
126, -1, 1
124, -2, 0
125, -1, 1
126, -2, 1
124, -2, 0
125, -1, 0
125, -2, 1
125, -2, 0
126, -1, 1
138, -2, 0
111, -1, 1
126, -2, 0
125, -1, 1
124, -2, 0
125, -1, 1
125, -2, 0
125, -2, 1
125, -2, 0
126, -1, 1
125, -2, 0
124, -1, 1
126, -2, 0
125, -1, 0
124, -2, 1
126, -1, 1
125, -2, 0
124, -1, 0
126, -2, 1
124, -1, 0
125, -2, 1
125, -1, 0
125, -2, 1
127, -2, 0
124, -1, 1
124, -2, 0
126, -1, 1
124, -2, 0
125, -1, 1
125, -2, 0
126, -1, 0
127, -2, 1
122, -1, 0
125, -2, 1
126, -1, 0
124, -2, 1
125, -1, 0
125, -2, 1
125, -1, 0
125, -2, 1
125, -1, 0
125, -2, 1
126, -1, 0
124, -2, 0
125, -1, 1
125, -2, 0
125, -1, 1
125, -2, 1
126, -1, 0
124, -1, 0
128, -2, 1
126, -1, 0
123, -1, 1
123, -2, 0
126, -1, 1
124, -2, 0
126, -1, 0
124, -2, 1
126, -1, 0
124, -2, 1
149, -1, 0
101, -2, 1
125, -1, 0
125, -1, 1
125, -1, 0
125, -2, 1
126, -1, 0
124, -2, 0
125, -1, 1
125, -1, 0
125, -2, 0
125, -1, 1
126, -1, 0
124, -1, 1
126, -2, 0
124, -1, 0
125, -2, 1
124, -1, 0
134, -2, 1
115, -1, 0
126, -1, 1
131, -1, 0
120, -2, 0
125, -1, 1
124, -1, 0
124, -1, 1
125, -2, 0
125, -1, 0
126, -2, 1
125, -1, 0
126, -1, 1
124, -1, 0
124, -1, 0
126, -2, 1
125, -1, 0
124, -1, 0
126, -2, 1
250, -2, 1
124, -1, 0
125, -1, 0
126, -1, 1
125, -2, 0
126, -1, 0
124, -1, 1
124, -1, 0
126, -1, 0
125, -1, 1
124, -2, 0
126, -1, 0
125, -1, 1
124, -1, 0
128, -1, 0
134, -1, 1
140, -1, 0
122, -1, 1
122, -1, 0
122, -2, 0
107, -1, 0
125, -1, 1
126, -1, 0
124, -1, 0
126, -1, 1
124, -1, 0
125, -1, 0
126, -1, 1
124, -1, 0
127, -1, 0
123, -1, 1
126, -1, 0
125, -1, 0
125, -1, 1
126, -1, 0
125, -1, 0
123, -1, 0
127, -1, 1
125, -1, 0
125, -1, 1
126, -1, 0
124, -1, 0
125, -1, 0
125, -1, 1
125, -1, 0
126, -1, 0
124, -1, 0
125, -1, 1
250, -2, 0
250, -2, 1
249, -1, 0
126, -1, 0
125, -1, 1
126, -1, 0
124, -1, 0
249, -1, 1
126, -1, 0
125, -1, 0
125, -1, 0
251, -1, 1
125, -1, 0
124, -1, 0
249, -1, 0
126, -1, 1
125, -1, 0
250, -1, 0
125, -1, 0
125, -1, 1
249, -1, 0
250, -2, 0
251, -1, 1
250, -1, 0
129, -1, 0
248, -1, 1
125, -1, 0
250, -1, 0
249, -1, 0
263, -1, 1
117, -1, 0
246, -1, 0
249, -1, 0
250, -1, 1
251, -1, 0
251, -1, 0
248, -1, 0
425, -1, 1
200, -1, 0
251, -1, 0
374, -1, 0
500, -1, 0
127, 0, 1
248, -1, 0
375, -1, 0
526, -1, 0
901, -1, 0
1199, -1, 0
3927, 1, 0
1113, 1, 0
832, 1, 0
754, 1, 0
656, 1, 0
543, 1, 0
476, 1, 0
498, 1, 0
324, 1, 0
376, 1, 0
375, 1, 0
374, 1, 0
423, 1, 0
202, 1, 0
375, 1, 0
250, 1, 0
251, 1, 0
249, 1, 0
250, 1, 0
250, 1, 0
251, 1, 0
249, 1, 0
250, 1, 0
125, 0, -1
126, 1, 0
249, 1, 0
125, 1, 0
251, 1, 0
126, 1, 0
249, 1, 0
251, 1, -1
125, 1, 0
125, 1, 0
249, 1, 0
251, 1, 0
125, 1, 0
126, 1, 0
124, 0, -1
125, 1, 0
125, 1, 0
126, 1, 0
250, 1, 0
123, 1, 0
127, 1, -1
121, 1, 0
258, 1, 0
119, 1, 0
151, 1, -1
98, 1, 0
125, 1, 0
126, 1, 0
124, 1, 0
250, 2, -1
249, 1, 0
126, 1, 0
125, 1, 0
126, 1, -1
124, 1, 0
125, 1, 0
125, 1, 0
125, 1, 0
125, 1, -1
125, 1, 0
125, 1, 0
126, 1, 0
125, 2, -1
248, 2, 0
126, 1, 0
125, 1, -1
125, 1, 0
125, 1, 0
126, 1, 0
125, 2, -1
248, 2, 0
126, 1, 0
125, 1, -1
125, 1, 0
125, 2, 0
126, 1, -1
124, 1, 0
125, 1, 0
125, 1, 0
125, 2, -1
125, 1, 0
125, 1, 0
125, 1, -1
126, 2, 0
124, 1, 0
125, 1, -1
126, 1, 0
124, 2, 0
125, 1, 0
125, 2, -1
125, 1, 0
126, 1, 0
124, 1, -1
125, 2, 0
125, 1, 0
125, 2, -1
195, 1, 0
75, 2, 0
104, 1, -1
125, 2, 0
124, 1, 0
125, 2, -1
125, 1, 0
125, 2, 0
125, 1, -1
125, 2, 0
125, 1, 0
126, 2, -1
124, 1, 0
125, 2, -1
125, 1, 0
126, 2, 0
125, 1, -1
125, 2, 0
124, 1, 0
128, 1, -1
122, 2, 0
125, 2, 0
126, 2, -1
124, 1, 0
125, 2, -1
125, 1, 0
125, 2, 0
126, 1, -1
124, 2, 0
125, 2, 0
129, 2, -1
121, 1, 0
125, 2, -1
125, 1, 0
126, 3, -1
125, 1, 0
124, 2, 0
125, 1, -1
125, 2, 0
125, 2, -1
125, 2, 0
125, 1, 0
125, 2, -1
126, 2, 0
125, 2, -1
124, 1, 0
125, 2, -1
126, 2, 0
125, 2, -1
126, 1, 0
123, 3, 0
131, 1, -1
121, 2, 0
125, 2, -1
125, 2, 0
125, 2, 0
125, 2, -1
125, 1, 0
125, 3, -1
126, 1, 0
124, 2, -1
128, 2, 0
125, 1, -1
125, 3, 0
124, 1, -1
125, 2, 0
125, 2, 0
126, 2, -1
125, 2, 0
125, 2, -1
126, 2, 0
122, 2, -1
124, 2, 0
125, 2, -1
133, 2, 0
124, 2, -1
136, 1, 0
108, 3, -1
124, 1, 0
125, 3, -1
125, 2, 0
125, 2, -1
125, 2, 0
126, 2, -1
124, 2, 0
125, 2, -1
125, 2, 0
125, 2, -1
125, 2, 0
125, 2, -1
125, 2, 0
126, 2, -1
124, 2, 0
125, 3, -1
125, 1, -1
125, 3, 0
125, 2, -1
130, 2, 0
123, 2, -1
125, 2, 0
123, 2, -1
126, 2, 0
125, 2, -1
125, 2, 0
125, 3, -1
125, 1, 0
143, 3, -1
108, 2, -1
124, 2, 0
125, 2, -1
125, 3, 0
126, 1, -1
124, 3, 0
125, 2, -1
130, 2, -1
125, 2, 0
124, 2, -1
126, 2, 0
125, 3, -1
125, 2, -1
125, 2, 0
125, 2, -1
121, 3, 0
126, 1, -1
125, 3, 0
130, 2, -1
117, 2, -1
124, 2, 0
126, 3, -1
124, 2, 0
126, 2, -1
125, 2, -1
124, 3, 0
126, 1, -1
124, 3, -1
125, 2, 0
126, 2, -1
125, 2, 0
124, 3, -1
126, 2, 0
124, 2, -1
127, 2, -1
124, 2, 0
124, 3, -1
126, 1, -1
124, 3, 0
126, 2, -1
125, 3, -1
124, 2, 0
125, 2, -1
126, 2, 0
125, 3, -1
125, 2, -1
125, 2, 0
125, 2, -1
125, 3, -1
125, 2, 0
124, 2, -1
126, 2, 0
125, 3, -1
125, 2, -1
124, 2, -1
125, 2, 0
126, 3, -1
124, 2, 0
125, 2, -1
125, 2, -1
125, 3, 0
126, 1, -1
124, 3, -1
125, 2, 0
126, 3, -1
124, 1, -1
127, 3, 0
123, 2, -1
125, 3, -1
126, 1, 0
125, 3, -1
126, 2, -1
125, 2, 0
124, 2, -1
124, 3, -1
128, 2, 0
130, 2, -1
121, 2, -1
123, 2, 0
133, 3, -1
120, 1, -1
127, 3, 0
117, 2, -1
126, 2, -1
125, 2, 0
125, 3, -1
124, 1, -1
126, 3, -1
126, 2, 0
124, 3, -1
124, 1, -1
126, 3, 0
124, 2, -1
125, 2, -1
126, 2, -1
124, 3, 0
126, 1, -1
125, 3, -1
124, 1, 0
125, 3, -1
125, 2, -1
133, 2, -1
119, 2, 0
124, 3, -1
126, 1, -1
124, 3, -1
124, 2, 0
129, 2, -1
122, 2, 0
124, 2, -1
125, 2, -1
125, 2, -1
126, 2, 0
124, 3, -1
125, 1, -1
125, 3, 0
125, 1, -1
125, 2, -1
125, 3, -1
125, 1, 0
126, 3, -1
124, 1, -1
125, 3, -1
127, 1, 0
123, 3, -1
126, 1, -1
125, 3, 0
125, 1, -1
125, 3, -1
124, 1, 0
126, 3, -1
124, 1, -1
125, 3, -1
125, 1, 0
125, 3, -1
125, 1, -1
126, 2, 0
124, 2, -1
125, 2, -1
125, 2, 0
125, 2, -1
125, 2, -1
126, 2, -1
124, 2, 0
126, 2, -1
124, 1, -1
125, 3, 0
125, 1, -1
125, 3, -1
125, 1, 0
126, 2, -1
124, 2, -1
126, 2, 0
124, 1, -1
125, 3, 0
126, 1, -1
124, 2, -1
125, 2, 0
125, 2, -1
125, 1, -1
126, 2, 0
126, 2, -1
123, 1, 0
125, 2, -1
125, 2, 0
125, 2, -1
125, 1, -1
126, 2, 0
128, 2, -1
121, 2, -1
125, 1, 0
125, 2, -1
125, 2, 0
125, 2, -1
126, 1, -1
124, 2, 0
126, 1, -1
125, 2, 0
124, 2, -1
125, 2, -1
125, 1, 0
125, 2, -1
125, 1, 0
125, 2, -1
139, 1, 0
110, 2, -1
141, 1, 0
109, 2, -1
125, 1, 0
125, 2, -1
126, 2, -1
124, 2, 0
125, 1, -1
124, 2, 0
126, 1, -1
125, 2, 0
125, 1, -1
125, 1, 0
125, 2, -1
125, 1, 0
126, 2, -1
124, 1, 0
125, 2, -1
125, 1, 0
125, 1, -1
125, 2, 0
126, 1, -1
124, 2, 0
126, 1, -1
124, 1, 0
125, 2, -1
125, 1, 0
125, 2, -1
125, 1, 0
125, 1, 0
124, 1, -1
126, 2, 0
125, 1, -1
125, 2, 0
125, 1, -1
125, 1, 0
125, 1, 0
125, 2, -1
125, 1, 0
126, 1, -1
123, 1, 0
126, 2, -1
124, 1, 0
125, 1, -1
125, 1, 0
126, 2, 0
126, 1, -1
124, 1, 0
125, 1, 0
146, 2, -1
111, 1, 0
125, 0, -1
128, 2, 0
118, 1, 0
123, 1, -1
126, 1, 0
124, 2, -1
249, 2, 0
126, 1, -1
125, 1, 0
128, 1, 0
122, 1, -1
126, 1, 0
124, 1, -1
125, 1, 0
125, 1, 0
125, 1, -1
125, 1, 0
125, 1, 0
125, 1, -1
126, 1, 0
124, 1, 0
125, 1, 0
125, 1, -1
125, 1, 0
125, 1, 0
125, 1, -1
125, 1, 0
126, 1, 0
124, 1, -1
125, 1, 0
125, 1, 0
250, 1, -1
126, 1, 0
125, 1, -1
125, 1, 0
124, 1, 0
125, 1, 0
249, 1, -1
126, 1, 0
126, 1, 0
124, 0, -1
126, 1, 0
124, 1, 0
128, 1, 0
123, 0, -1
124, 1, 0
125, 1, 0
125, 1, 0
125, 0, -1
126, 1, 0
124, 1, 0
125, 1, 0
249, 1, -1
250, 1, 0
127, 1, -1
125, 1, 0
248, 1, 0
250, 1, -1
250, 1, 0
126, 1, 0
125, 0, -1
125, 1, 0
249, 1, 0
125, 1, 0
126, 0, -1
250, 1, 0
126, 1, 0
254, 1, 0
123, 0, -1
248, 1, 0
250, 1, 0
125, 0, -1
123, 1, 0
376, 1, 0
250, 0, -1
125, 1, 0
250, 1, 0
375, 1, 0
125, 0, -1
249, 1, 0
501, 1, 0
250, 0, -1
249, 1, 0
626, 1, 0
374, 0, -1
625, 1, 0
1251, 0, -1
5418, -1, 0
609, 0, -1
472, -1, 0
926, -1, 0
893, -1, 0
474, 0, -1
206, -1, 0
500, -1, 0
627, -1, 0
543, -1, 0
456, -1, 0
541, -1, 0
334, -1, 0
126, 0, -1
414, -1, 0
335, -1, 0
378, -1, 0
390, -1, 0
358, -1, 0
251, -1, 0
417, -1, 0
233, -1, 0
350, -1, 0
249, -1, 0
413, -1, 0
217, -1, 0
246, -1, 0
249, -1, 0
256, -1, 0
245, -1, 0
249, -1, 0
250, -1, 0
125, -1, 0
249, -1, 0
251, -1, 0
249, -1, 0
250, -1, 0
126, -1, 0
249, -1, 0
250, -1, 0
126, -1, 0
250, -1, 0
125, -1, 0
249, -1, 0
250, -1, 0
126, -1, 0
249, -1, 0
126, -1, 0
125, -1, 0
250, -1, 0
249, -1, 0
126, -1, 0
125, -1, 0
249, -1, 0
126, -1, 0
126, -1, 0
248, -1, 0
126, -1, 0
125, -1, 0
125, 0, 1
125, -1, 0
125, -1, 0
126, -1, 0
124, -1, 0
250, -1, 0
125, -1, 0
124, -1, 0
250, -2, 1
249, -1, 0
126, -1, 0
125, -1, 0
250, -1, 0
125, -1, 0
125, -1, 1
126, -1, 0
124, -1, 0
125, -1, 0
125, -1, 0
249, -2, 0
251, -1, 0
126, -1, 0
125, -1, 1
124, -1, 0
125, -1, 0
125, -1, 0
249, -2, 0
251, -2, 1
250, -1, 0
125, -1, 0
125, -1, 0
125, -1, 0
126, -2, 0
124, 0, 1
126, -1, 0
124, -1, 0
125, -1, 0
125, -1, 0
125, -1, 1
125, -1, 0
125, -1, 0
126, -1, 0
125, -1, 0
124, -1, 0
125, -1, 1
125, -1, 0
125, -1, 0
132, -1, 0
120, -2, 0
125, 0, 1
125, -2, 0
125, -1, 0
124, -1, 0
125, -1, 0
126, -1, 1
125, -1, 0
124, -1, 0
126, -1, 0
125, -1, 0
124, -1, 1
126, -1, 0
124, -1, 0
125, -1, 0
126, -1, 1
125, -1, 0
125, -2, 0
249, -2, 0
126, -1, 1
125, -1, 0
124, -1, 0
125, -1, 0
129, -1, 1
121, -1, 0
126, -1, 0
124, -2, 0
130, -1, 1
125, -1, 0
121, -1, 0
127, -1, 0
124, -1, 1
123, -1, 0
126, -1, 0
123, -2, 1
125, -1, 0
125, -1, 0
124, -1, 0
127, -1, 1
132, -2, 0
117, -1, 0
126, -1, 0
125, -1, 1
124, -1, 0
126, -2, 0
124, -1, 0
126, -1, 1
125, -1, 0
125, -1, 0
125, -1, 0
125, -1, 1
125, -2, 0
124, -1, 0
125, -1, 1
126, -1, 0
124, -2, 0
251, -2, 1
124, -1, 0
126, -2, 0
124, 0, 1
125, -2, 0
125, -1, 0
126, -1, 1
124, -1, 0
126, -2, 0
124, -1, 1
126, -1, 0
125, -1, 0
124, -2, 0
126, -1, 1
124, -1, 0
125, -1, 0
126, -2, 1
124, -1, 0
125, -1, 0
126, -1, 0
125, -2, 1
124, -1, 0
126, -2, 1
124, -1, 0
126, -1, 0
124, -1, 0
125, -1, 1
125, -2, 0
125, -1, 0
125, -1, 1
125, -1, 0
126, -2, 0
126, -1, 1
124, -1, 0
125, -1, 0
125, -2, 1
125, -1, 0
125, -2, 0
126, -1, 1
124, -1, 0
127, -1, 0
123, -2, 1
125, -1, 0
125, -2, 0
125, -1, 1
125, -1, 0
125, -1, 1
125, -2, 0
125, -1, 0
125, -1, 1
125, -1, 0
126, -2, 0
124, -1, 1
125, -2, 0
125, -1, 0
125, -1, 1
126, -1, 0
124, -2, 0
125, -1, 1
125, -1, 0
125, -2, 0
125, -1, 1
125, -1, 0
125, -1, 1
125, -2, 0
125, -1, 0
125, -2, 1
125, -1, 0
125, -1, 0
125, -1, 1
125, -2, 0
125, -1, 1
125, -2, 0
126, -1, 0
124, -1, 1
125, -1, 0
124, -2, 0
128, -1, 1
123, -2, 0
125, -1, 1
125, -2, 0
124, -1, 0
125, -1, 1
125, -1, 0
125, -2, 1
125, -1, 0
126, -2, 0
124, -1, 1
126, -1, 0
124, -2, 1
125, -1, 0
125, -1, 0
125, -2, 1
125, -1, 0
126, -2, 1
124, -1, 0
126, -1, 0
124, -1, 1
125, -2, 0
126, -1, 1
124, -1, 0
125, -2, 0
126, -1, 1
132, -2, 0
129, -1, 1
115, -1, 0
130, -2, 0
123, -1, 1
123, -1, 0
123, -2, 1
124, -1, 0
126, -2, 1
125, -1, 0
125, -1, 0
124, -2, 1
125, -1, 0
126, -1, 1
124, -2, 0
126, -1, 1
125, -2, 0
125, -1, 0
124, -1, 1
125, -1, 0
125, -2, 1
125, -1, 0
125, -2, 1
126, -1, 0
125, -2, 0
126, -1, 1
124, -2, 0
125, -1, 1
124, -1, 0
125, -1, 1
125, -1, 0
125, -2, 0
127, -1, 1
125, -2, 0
124, -1, 1
124, -2, 0
125, -1, 0
125, -1, 1
125, -1, 0
124, -2, 1
126, -1, 0
126, -2, 1
125, -1, 0
127, -1, 0
124, -2, 1
124, -1, 0
125, -1, 1
125, -2, 0
125, -1, 1
125, -2, 0
125, -1, 1
125, -1, 0
125, -1, 0
124, -2, 1
125, -1, 0
126, -2, 1
124, -1, 0
126, -1, 1
125, -2, 0
125, -1, 0
124, -1, 1
125, -2, 0
125, -1, 1
126, -2, 0
127, -1, 1
124, -1, 0
124, -1, 0
132, -1, 1
121, -2, 0
129, -1, 1
119, -2, 0
147, -1, 1
105, -1, 0
124, -1, 0
123, -2, 1
125, -1, 0
127, -2, 1
125, -1, 0
124, -1, 1
130, -1, 0
120, -2, 1
125, -1, 0
124, -2, 0
124, -1, 1
127, -1, 0
125, -1, 1
125, -2, 0
125, -1, 1
125, -2, 0
125, -1, 1
125, -1, 0
124, -1, 0
126, -2, 1
125, -1, 0
125, -1, 1
125, -2, 0
124, -1, 1
126, -1, 0
124, -2, 1
127, -1, 0
124, -1, 0
125, -1, 1
124, -2, 0
147, -1, 1
103, -2, 0
126, -1, 1
124, -1, 0
125, -1, 0
125, -1, 1
125, -2, 0
125, -1, 1
126, -1, 0
124, -1, 0
126, -2, 1
124, -1, 0
125, -1, 1
125, -1, 0
125, -2, 1
125, -1, 0
125, -2, 1
125, -1, 0
126, -1, 0
124, -1, 1
125, -2, 1
125, -1, 0
125, -1, 0
125, -1, 1
125, -2, 0
125, -1, 0
126, -1, 1
125, -1, 0
124, -2, 1
125, -1, 0
126, -1, 1
325, -3, 0
51, -1, 1
124, -1, 0
123, -1, 1
125, -2, 0
125, -1, 1
125, -1, 0
125, -1, 1
126, -1, 0
124, -1, 0
126, -2, 1
124, -1, 0
125, -1, 0
125, -1, 1
125, -1, 0
125, -2, 1
125, -1, 0
125, -1, 1
126, -1, 0
124, -1, 1
125, -2, 0
126, -1, 0
124, -1, 1
125, -1, 0
126, -1, 1
124, -1, 0
126, -1, 0
125, -2, 1
124, -1, 0
125, -1, 1
125, -1, 0
125, -2, 0
126, 0, 1
124, -2, 0
126, -1, 1
124, -1, 0
125, -1, 1
125, -1, 0
125, -1, 0
125, -2, 1
250, -2, 1
126, -1, 0
124, -1, 1
125, -1, 0
125, -1, 0
125, -1, 1
125, -2, 0
130, -1, 1
120, -1, 0
126, -1, 0
125, -1, 1
124, -1, 0
126, -1, 1
124, -1, 0
125, -1, 0
127, -1, 1
130, -1, 0
120, -1, 0
127, -1, 1
127, -1, 0
120, -1, 1
126, -1, 0
124, -1, 0
124, -1, 1
125, -1, 0
127, -1, 1
122, -1, 0
154, -2, 0
97, 0, 1
126, -2, 0
249, -2, 1
250, -1, 1
126, -1, 0
125, -1, 0
124, -1, 1
125, -1, 0
125, -1, 0
125, -1, 1
125, -1, 0
126, -1, 0
125, -1, 1
125, -1, 0
126, -1, 0
249, -2, 1
249, -1, 1
126, -1, 0
124, -1, 0
125, -1, 0
125, -1, 1
125, -1, 0
125, -1, 0
125, 0, 1
125, -1, 0
125, -1, 0
125, -1, 1
125, -1, 0
125, -1, 0
125, 0, 1
125, -1, 0
133, -1, 0
117, -1, 0
126, -1, 1
124, -1, 0
249, -1, 1
126, -1, 0
125, -1, 0
250, -1, 1
126, -1, 0
124, -1, 0
125, -1, 0
176, 0, 1
73, -1, 0
125, -1, 0
138, 0, 1
132, -1, 0
107, -1, 0
125, -1, 0
124, 0, 1
125, -1, 0
125, -1, 0
264, -1, 0
112, -1, 1
249, -1, 0
150, -1, 0
123, 0, 1
124, -1, 0
116, -1, 0
236, -1, 0
126, 0, 1
125, -1, 0
125, -1, 0
249, -1, 0
127, 0, 1
124, -1, 0
250, -1, 0
124, -1, 0
126, 0, 1
125, -1, 0
249, -1, 0
251, -1, 0
126, 0, 1
125, -1, 0
249, -1, 0
249, -1, 0
126, 0, 1
125, -1, 0
249, -1, 0
250, -1, 0
126, 0, 1
250, -1, 0
250, -1, 0
375, -1, 1
375, -1, 0
252, -1, 0
386, -1, 0
113, 0, 1
250, -1, 0
376, -1, 0
537, -1, 0
211, 0, 1
250, -1, 0
407, -1, 0
593, -1, 0
697, -1, 0
180, 0, 1
535, -1, 0
1090, -1, 0
9809, 0, 1
2745, 1, 0
1598, 1, 0
1401, 1, 0
982, 0, 1
336, 1, 0
1001, 1, 0
1046, 1, 0
867, 1, 0
842, 1, 0
371, 0, 1
440, 1, 0
816, 1, 0
654, 1, 0
590, 1, 0
784, 1, 0
591, 1, 0
537, 1, 0
627, 1, 0
463, 1, 0
658, 1, 0
466, 1, 0
554, 1, 0
354, 1, 0
500, 1, 0
374, 1, 0
465, 1, 0
251, 1, -1
534, 1, 0
340, 1, 0
516, 1, 0
395, 1, 0
342, 1, -1
247, 1, 0
535, 1, 0
216, 1, 0
410, 1, -1
339, 1, 0
376, 1, 0
249, 1, 0
455, 1, -1
170, 1, 0
377, 1, 0
409, 1, 0
216, 1, -1
410, 1, 0
214, 1, 0
411, 1, 0
217, 1, -1
409, 1, 0
214, 1, 0
250, 1, 0
257, 1, 0
126, 0, -1
241, 1, 0
250, 1, 0
251, 1, 0
408, 1, 0
93, 0, -1
128, 1, 0
248, 1, 0
247, 1, 0
251, 1, 0
125, 0, -1
125, 1, 0
250, 1, 0
416, 1, 0
209, 1, -1
250, 1, 0
250, 1, 0
250, 1, 0
125, 0, -1
125, 1, 0
250, 1, 0
249, 1, 0
126, 1, 0
250, 0, -1
125, 1, 0
126, 1, 0
249, 1, 0
249, 1, 0
127, 0, -1
124, 1, 0
250, 1, 0
250, 1, 0
125, 1, 0
126, 0, -1
124, 1, 0
250, 1, 0
250, 1, 0
250, 1, -1
125, 1, 0
250, 1, 0
250, 1, -1
250, 1, 0
126, 1, 0
249, 1, 0
125, 0, -1
128, 1, 0
124, 1, 0
249, 1, 0
249, 1, -1
126, 1, 0
249, 1, 0
250, 1, -1
126, 1, 0
250, 1, 0
125, 1, 0
249, 1, -1
126, 1, 0
250, 1, 0
125, 1, 0
249, 1, -1
250, 1, 0
126, 1, 0
250, 1, -1
126, 1, 0
249, 1, 0
125, 1, 0
125, 0, -1
125, 1, 0
125, 1, 0
249, 1, -1
126, 1, 0
125, 1, 0
249, 1, 0
126, 1, -1
249, 1, 0
125, 1, 0
125, 0, -1
126, 1, 0
124, 1, 0
126, 1, 0
249, 1, -1
127, 1, 0
124, 1, 0
249, 1, 0
127, 1, -1
124, 1, 0
523, 3, -1
227, 1, 0
125, 1, -1
125, 1, 0
249, 1, 0
126, 1, 0
124, 0, -1
125, 1, 0
125, 1, 0
126, 1, -1
249, 1, 0
125, 1, 0
126, 1, -1
125, 1, 0
124, 1, 0
250, 1, 0
126, 1, -1
125, 1, 0
126, 1, 0
125, 1, 0
124, 0, -1
125, 1, 0
125, 1, 0
124, 1, 0
126, 1, -1
125, 1, 0
250, 1, 0
125, 1, -1
125, 1, 0
125, 1, 0
125, 1, 0
125, 1, -1
249, 1, 0
126, 1, -1
125, 1, 0
124, 1, 0
127, 1, 0
124, 1, -1
124, 1, 0
126, 1, 0
250, 2, -1
251, 1, 0
123, 1, -1
126, 1, 0
125, 1, 0
137, 1, 0
112, 1, -1
126, 1, 0
124, 1, 0
250, 2, -1
250, 2, 0
128, 0, -1
123, 2, 0
249, 1, 0
125, 1, -1
125, 1, 0
125, 1, 0
125, 1, -1
125, 1, 0
126, 1, 0
126, 1, 0
124, 2, -1
249, 2, -1
126, 1, 0
125, 1, 0
125, 1, 0
125, 1, -1
125, 1, 0
124, 1, 0
125, 1, -1
125, 1, 0
125, 1, 0
125, 1, -1
125, 1, 0
130, 1, 0
123, 1, 0
123, 1, -1
125, 1, 0
125, 1, 0
125, 1, -1
125, 1, 0
126, 2, 0
126, 0, -1
124, 2, 0
124, 1, 0
125, 1, -1
125, 1, 0
125, 1, 0
125, 1, 0
126, 2, -1
249, 2, -1
124, 1, 0
125, 1, 0
125, 1, 0
125, 1, -1
125, 1, 0
126, 2, -1
124, 1, 0
125, 1, 0
125, 1, -1
125, 1, 0
125, 1, 0
125, 2, -1
125, 1, 0
125, 1, 0
125, 1, -1
126, 1, 0
124, 2, 0
125, 1, -1
125, 1, 0
125, 1, 0
125, 1, -1
125, 2, 0
126, 1, -1
125, 1, 0
125, 1, 0
124, 2, -1
125, 1, 0
125, 1, 0
133, 1, -1
144, 1, 0
100, 2, 0
124, 1, -1
124, 1, 0
155, 1, 0
96, 2, -1
125, 1, 0
125, 2, -1
125, 1, 0
123, 1, 0
126, 1, -1
126, 2, 0
124, 1, 0
125, 1, -1
125, 2, 0
126, 1, -1
124, 1, 0
133, 2, 0
120, 1, -1
124, 1, 0
126, 1, 0
126, 2, -1
125, 1, 0
129, 2, 0
138, 1, -1
104, 2, 0
126, 1, -1
124, 1, 0
125, 1, 0
129, 2, -1
123, 1, 0
123, 2, -1
125, 1, 0
125, 1, 0
126, 2, -1
124, 1, 0
125, 2, -1
125, 1, 0
126, 1, 0
124, 1, -1
126, 2, 0
125, 1, 0
126, 2, -1
123, 1, 0
127, 2, -1
125, 1, 0
126, 2, 0
123, 1, -1
125, 2, 0
125, 1, -1
125, 1, 0
124, 2, 0
125, 1, -1
126, 2, 0
127, 1, -1
122, 1, 0
126, 2, -1
125, 1, 0
125, 2, 0
125, 1, -1
124, 2, 0
126, 1, 0
124, 2, -1
125, 1, 0
125, 2, -1
125, 1, 0
125, 2, 0
125, 1, -1
134, 2, 0
120, 1, -1
123, 2, 0
124, 1, -1
126, 2, 0
128, 1, 0
123, 2, -1
122, 1, 0
126, 2, -1
124, 2, 0
125, 1, 0
126, 2, -1
124, 1, 0
125, 2, -1
126, 1, 0
125, 2, 0
125, 1, -1
125, 2, 0
125, 1, 0
125, 2, -1
125, 2, 0
125, 1, -1
128, 2, 0
122, 1, -1
125, 2, 0
127, 2, 0
122, 1, -1
124, 2, 0
126, 1, -1
125, 2, 0
126, 1, -1
124, 2, 0
125, 1, 0
126, 3, -1
124, 1, 0
125, 2, -1
125, 1, 0
125, 2, 0
126, 1, -1
124, 2, 0
125, 2, -1
125, 2, 0
125, 1, 0
125, 2, -1
125, 1, 0
125, 2, -1
126, 2, 0
124, 2, -1
125, 1, 0
125, 2, -1
125, 1, 0
125, 2, -1
125, 2, 0
125, 1, 0
126, 2, -1
124, 1, 0
125, 2, -1
125, 2, 0
125, 2, -1
125, 1, 0
126, 2, -1
141, 1, 0
120, 2, 0
113, 2, -1
133, 2, 0
123, 1, -1
124, 2, 0
125, 2, 0
120, 2, -1
125, 1, 0
126, 2, -1
124, 1, 0
125, 2, -1
125, 2, 0
125, 2, -1
125, 1, 0
125, 2, 0
125, 2, -1
126, 2, 0
124, 1, -1
125, 2, 0
125, 2, -1
125, 2, 0
194, 1, -1
54, 2, 0
128, 1, 0
140, 2, -1
121, 2, 0
114, 2, -1
127, 1, 0
121, 2, -1
125, 2, 0
125, 1, 0
127, 2, -1
124, 2, 0
124, 2, -1
125, 1, 0
126, 2, -1
125, 2, 0
124, 2, 0
125, 1, -1
124, 2, 0
127, 2, -1
124, 2, 0
125, 1, -1
125, 2, 0
126, 2, 0
125, 2, -1
126, 1, 0
124, 2, -1
125, 1, 0
124, 2, -1
125, 2, 0
125, 2, -1
125, 1, 0
125, 2, -1
125, 2, 0
125, 2, -1
126, 1, 0
124, 2, 0
125, 2, -1
125, 2, 0
125, 1, -1
125, 2, 0
124, 2, -1
125, 2, 0
126, 1, -1
124, 2, 0
125, 2, -1
125, 2, 0
127, 1, -1
124, 2, 0
125, 2, 0
125, 2, -1
126, 1, 0
123, 1, -1
126, 2, 0
127, 2, -1
124, 2, 0
125, 1, -1
126, 2, 0
124, 2, -1
126, 2, 0
125, 1, -1
124, 2, 0
125, 1, -1
125, 2, 0
125, 2, 0
125, 2, -1
125, 1, 0
126, 2, -1
125, 2, 0
124, 2, -1
125, 1, 0
125, 2, -1
125, 1, 0
126, 2, -1
124, 2, 0
126, 2, -1
124, 1, 0
125, 2, -1
127, 1, 0
125, 2, -1
124, 2, 0
125, 2, 0
124, 1, -1
126, 2, 0
123, 1, -1
126, 2, 0
125, 2, -1
124, 2, 0
152, 1, 0
99, 2, -1
125, 1, 0
125, 2, -1
125, 1, 0
125, 2, -1
125, 2, 0
125, 2, -1
125, 1, 0
125, 1, -1
125, 2, 0
125, 1, 0
125, 2, -1
125, 2, 0
125, 1, -1
125, 2, 0
125, 2, -1
135, 1, 0
115, 2, -1
125, 1, 0
125, 2, -1
124, 1, 0
126, 2, 0
124, 1, -1
125, 2, 0
126, 1, -1
128, 2, 0
128, 2, 0
121, 1, -1
123, 2, 0
125, 1, -1
125, 2, 0
125, 1, -1
125, 2, 0
125, 1, 0
126, 2, -1
124, 1, 0
125, 2, -1
125, 1, 0
125, 2, 0
125, 1, -1
125, 2, 0
125, 1, -1
131, 1, 0
144, 2, -1
101, 2, 0
124, 1, 0
125, 2, -1
125, 1, 0
125, 1, 0
126, 2, -1
124, 1, 0
157, 1, -1
99, 2, 0
123, 1, 0
119, 2, -1
125, 1, 0
127, 2, -1
125, 1, 0
129, 1, 0
121, 1, 0
126, 2, -1
124, 1, 0
125, 2, -1
125, 1, 0
125, 1, 0
124, 1, -1
127, 2, 0
123, 1, -1
125, 2, 0
124, 1, 0
126, 1, -1
124, 1, 0
127, 2, 0
128, 1, -1
122, 1, 0
126, 1, 0
124, 2, -1
124, 1, 0
127, 1, 0
124, 1, -1
125, 2, 0
125, 1, -1
125, 1, 0
124, 1, 0
126, 2, -1
124, 1, 0
126, 1, 0
125, 1, 0
125, 1, -1
125, 1, 0
126, 2, -1
124, 1, 0
125, 1, 0
125, 1, 0
124, 1, -1
126, 1, 0
125, 1, 0
125, 2, -1
249, 2, 0
126, 1, 0
125, 1, -1
129, 1, 0
122, 1, 0
125, 1, -1
125, 1, 0
126, 1, 0
124, 1, -1
125, 1, 0
125, 1, 0
125, 1, -1
125, 1, 0
144, 1, 0
106, 1, 0
126, 1, -1
124, 1, 0
125, 1, 0
125, 1, -1
125, 1, 0
125, 1, 0
249, 1, -1
127, 1, 0
124, 1, 0
125, 1, 0
125, 1, -1
125, 1, 0
125, 1, 0
250, 1, -1
126, 1, 0
124, 1, 0
125, 1, 0
125, 1, -1
249, 1, 0
126, 1, 0
125, 1, 0
126, 0, -1
124, 1, 0
125, 1, 0
125, 1, 0
249, 1, -1
126, 1, 0
250, 1, 0
125, 1, 0
125, 0, -1
125, 1, 0
128, 1, 0
251, 1, 0
123, 1, -1
248, 1, 0
248, 1, 0
127, 1, -1
270, 1, 0
241, 1, 0
113, 1, 0
249, 0, -1
125, 1, 0
250, 1, 0
250, 1, 0
125, 0, -1
126, 1, 0
403, 1, 0
221, 1, 0
126, 0, -1
249, 1, 0
264, 1, 0
392, 1, 0
219, 0, -1
249, 1, 0
533, 1, 0
500, 1, 0
218, 0, -1
501, 1, 0
1000, 1, 0
528, 0, -1
3847, -1, 0
1300, -1, 0
823, -1, 0
750, 0, -1
126, -1, 0
660, -1, 0
501, -1, 0
498, -1, 0
645, -1, 0
321, -1, 0
500, -1, 0
378, -1, 0
124, 0, -1
248, -1, 0
404, -1, 0
346, -1, 0
250, -1, 0
408, -1, 0
219, -1, 0
373, -1, 0
250, -1, 0
250, -1, 0
250, -1, 0
250, -1, 0
250, -1, 0
250, -1, 0
250, -1, 0
126, -1, 0
249, -1, 0
250, -1, 0
251, -1, 0
124, -1, 0
126, 0, 1
125, -1, 0
249, -1, 0
126, -1, 0
250, -1, 0
249, -1, 0
125, -1, 0
125, -1, 0
250, -1, 0
126, -1, 1
125, -1, 0
249, -1, 0
125, -1, 0
125, -1, 0
251, -1, 0
125, -1, 0
125, -1, 1
249, -1, 0
125, -1, 0
250, -1, 0
126, -1, 0
125, -1, 0
125, -1, 1
125, -1, 0
249, -2, 0
250, -1, 0
126, -1, 1
124, -1, 0
126, -1, 0
124, -1, 0
250, -2, 0
126, 0, 1
124, -1, 0
126, -1, 0
124, -1, 0
126, -1, 0
124, -1, 1
126, -1, 0
125, -1, 0
125, -1, 0
124, -1, 0
126, -1, 1
125, -1, 0
125, -1, 0
125, -1, 0
125, -1, 0
125, -1, 1
124, -1, 0
125, -1, 0
125, -1, 0
125, -1, 0
126, -1, 1
124, -2, 0
250, -1, 0
125, -2, 1
250, -2, 0
125, -1, 0
126, -1, 1
125, -1, 0
125, -1, 0
125, -1, 0
124, -2, 1
250, -2, 0
125, -1, 0
126, -1, 1
124, -1, 0
125, -2, 0
126, -1, 0
125, -1, 1
124, -1, 0
126, -1, 0
131, -1, 1
125, -2, 0
130, -1, 0
113, -1, 1
126, -1, 0
125, -2, 0
124, -1, 0
125, -1, 1
125, -1, 0
126, -2, 0
125, -1, 1
124, -2, 0
125, -1, 0
126, -1, 1
124, -1, 0
126, -2, 0
125, -1, 1
125, -2, 0
124, -1, 0
125, -1, 0
125, -1, 1
126, -2, 0
125, -1, 1
125, -1, 0
125, -2, 0
125, -1, 0
125, -2, 1
125, -1, 0
125, -2, 1
125, -1, 0
125, -1, 0
125, -1, 1
124, -2, 0
126, -1, 0
124, -2, 1
126, -1, 0
125, -2, 1
124, -1, 0
125, -2, 0
127, -1, 1
123, -2, 0
126, -1, 0
124, -2, 1
125, -1, 0
125, -2, 1
125, -1, 0
127, -2, 1
126, -1, 0
122, -2, 0
126, -1, 1
129, -2, 0
123, -2, 0
125, -1, 1
124, -2, 0
124, -1, 1
124, -2, 0
126, -2, 1
125, -1, 0
126, -2, 1
149, -1, 0
99, -2, 1
125, -1, 0
125, -2, 0
125, -2, 1
125, -2, 0
126, -1, 1
124, -2, 0
125, -1, 1
125, -1, 0
125, -3, 0
125, -1, 1
125, -2, 0
125, -1, 1
126, -2, 0
124, -2, 1
125, -2, 0
125, -1, 1
125, -2, 0
125, -2, 1
126, -2, 0
124, -1, 1
126, -2, 0
124, -2, 1
125, -2, 0
125, -1, 0
125, -2, 1
125, -2, 1
125, -2, 0
125, -1, 0
126, -2, 1
124, -2, 1
125, -2, 0
125, -1, 0
125, -3, 1
125, -1, 1
125, -2, 0
125, -2, 1
126, -2, 0
124, -1, 1
125, -3, 0
125, -1, 1
125, -2, 0
125, -2, 1
125, -2, 0
125, -1, 1
125, -2, 0
129, -2, 1
122, -2, 1
124, -2, 0
125, -2, 1
125, -2, 0
126, -2, 1
124, -1, 0
126, -2, 1
124, -2, 0
125, -1, 1
125, -3, 0
125, -1, 1
125, -3, 0
125, -1, 1
125, -2, 0
126, -2, 1
124, -2, 1
126, -2, 0
124, -2, 1
125, -2, 0
125, -2, 1
126, -1, 1
124, -3, 0
126, -1, 1
125, -3, 0
124, -1, 1
125, -3, 1
125, -1, 0
132, -3, 1
126, -1, 0
125, -3, 1
118, -1, 0
124, -3, 1
125, -1, 1
125, -3, 0
125, -1, 1
125, -3, 1
126, -1, 0
124, -3, 1
126, -1, 0
124, -3, 1
125, -2, 1
126, -2, 0
124, -2, 1
125, -2, 1
125, -2, 0
125, -2, 1
126, -2, 0
124, -2, 1
125, -2, 1
126, -2, 0
124, -2, 1
125, -2, 0
126, -2, 1
124, -2, 1
126, -2, 0
124, -2, 1
125, -2, 1
125, -2, 0
126, -3, 1
125, -1, 0
124, -3, 1
125, -1, 1
126, -3, 1
124, -1, 0
125, -3, 1
125, -2, 0
125, -2, 1
125, -2, 1
125, -2, 1
125, -2, 0
126, -3, 1
124, -1, 0
125, -3, 1
125, -2, 1
125, -2, 0
125, -2, 1
125, -2, 1
125, -2, 0
126, -3, 1
124, -1, 1
125, -3, 1
125, -2, 0
125, -2, 1
125, -2, 1
125, -2, 0
125, -2, 1
126, -3, 1
124, -1, 0
125, -3, 1
125, -2, 1
125, -2, 1
125, -2, 0
125, -2, 1
125, -2, 1
126, -3, 1
124, -1, 0
125, -2, 1
125, -3, 0
125, -2, 1
125, -2, 1
126, -2, 0
124, -2, 1
126, -2, 1
124, -3, 0
125, -1, 1
126, -3, 1
125, -2, 1
124, -2, 0
125, -2, 1
125, -3, 1
128, -2, 0
123, -2, 1
125, -2, 1
125, -3, 1
125, -1, 0
128, -3, 1
157, -1, 1
91, -3, 1
125, -2, 0
122, -3, 1
126, -1, 1
125, -3, 1
125, -2, 0
125, -2, 1
139, -2, 1
111, -3, 1
126, -1, 0
124, -3, 1
125, -2, 1
126, -2, 1
124, -2, 0
126, -3, 1
124, -2, 1
126, -2, 0
125, -2, 1
124, -3, 1
125, -1, 1
125, -3, 1
125, -2, 0
125, -1, 1
125, -3, 1
125, -2, 0
126, -2, 1
125, -2, 1
124, -3, 1
125, -2, 0
126, -2, 1
124, -2, 0
139, -2, 1
111, -2, 1
126, -3, 1
124, -2, 0
125, -2, 1
125, -2, 1
125, -3, 1
125, -1, 0
126, -3, 1
124, -1, 1
126, -3, 1
125, -2, 0
129, -2, 1
128, -2, 1
121, -3, 1
122, -1, 0
125, -3, 1
124, -2, 1
126, -2, 1
124, -2, 0
126, -2, 1
124, -2, 1
126, -3, 1
124, -1, 0
129, -3, 1
122, -2, 1
125, -2, 1
124, -2, 0
125, -2, 1
125, -2, 1
125, -3, 1
125, -1, 0
125, -3, 1
125, -1, 1
126, -3, 0
126, -2, 1
124, -2, 1
124, -2, 1
125, -2, 0
125, -2, 1
125, -2, 1
125, -2, 1
126, -2, 0
124, -3, 1
125, -1, 1
126, -3, 0
124, -2, 1
125, -2, 1
125, -2, 0
125, -2, 1
127, -2, 1
123, -2, 1
125, -2, 0
126, -2, 1
124, -2, 1
125, -3, 1
128, -1, 0
123, -3, 1
125, -1, 1
124, -3, 1
125, -1, 0
125, -3, 1
125, -1, 1
125, -3, 0
125, -2, 1
125, -2, 1
126, -2, 0
124, -2, 1
125, -2, 1
125, -2, 1
125, -2, 0
125, -2, 1
125, -2, 1
125, -2, 1
126, -2, 0
124, -2, 1
125, -1, 1
125, -3, 0
125, -1, 1
125, -3, 1
127, -2, 0
123, -2, 1
126, -1, 1
124, -2, 0
125, -2, 1
125, -2, 1
125, -2, 0
125, -2, 1
126, -2, 1
124, -2, 0
126, -2, 1
124, -2, 1
125, -2, 0
125, -1, 1
125, -3, 1
125, -1, 0
125, -2, 1
125, -2, 1
126, -2, 0
124, -2, 1
125, -2, 1
125, -1, 0
125, -3, 1
125, -1, 0
125, -3, 1
125, -1, 1
126, -2, 0
124, -2, 1
125, -2, 1
125, -1, 0
125, -3, 1
125, -1, 1
127, -2, 0
123, -2, 1
126, -2, 0
125, -1, 1
124, -3, 1
125, -1, 0
126, -2, 1
128, -2, 1
125, -2, 0
125, -1, 1
124, -2, 1
124, -2, 0
124, -2, 1
125, -1, 0
125, -2, 1
125, -2, 0
142, -1, 1
108, -2, 1
125, -2, 0
125, -2, 1
125, -1, 0
125, -2, 1
125, -2, 0
125, -1, 1
143, -2, 0
107, -2, 1
125, -1, 1
125, -2, 0
125, -2, 1
126, -2, 0
124, -1, 1
124, -2, 0
126, -1, 1
130, -3, 1
126, -1, 0
134, -2, 1
108, -1, 0
126, -2, 1
138, -1, 0
111, -2, 1
125, -2, 0
125, -1, 1
126, -2, 0
125, -2, 1
127, -1, 0
123, -2, 1
124, -1, 0
128, -2, 1
122, -1, 0
125, -2, 1
126, -1, 1
123, -2, 0
125, -1, 0
126, -2, 1
125, -1, 0
124, -2, 1
126, -1, 0
125, -2, 1
125, -1, 0
125, -2, 1
125, -1, 0
125, -2, 1
125, -1, 0
125, -1, 1
125, -2, 0
124, -1, 1
126, -2, 0
125, -1, 0
125, -2, 1
125, -1, 0
125, -2, 1
124, -1, 0
145, -1, 1
105, -1, 0
126, -2, 1
124, -1, 0
126, -2, 0
125, -1, 1
124, -2, 0
126, -1, 1
125, -1, 0
124, -1, 0
126, -2, 1
125, -1, 0
124, -1, 0
126, -1, 1
125, -2, 0
124, -1, 1
127, -2, 0
125, -1, 0
126, -1, 1
124, -1, 0
125, -2, 1
249, -2, 0
126, -1, 1
125, -1, 0
125, -1, 0
127, -2, 1
123, -1, 0
126, -1, 0
124, -1, 1
125, -1, 0
125, -1, 0
136, -2, 1
114, -1, 0
126, -1, 0
124, -1, 1
126, -1, 0
124, -1, 0
125, -1, 0
125, -1, 1
132, -1, 0
118, -1, 1
127, -1, 0
123, -2, 0
249, -2, 1
251, -2, 0
132, -1, 0
118, -1, 1
126, -1, 0
124, -1, 0
250, -2, 1
250, -1, 0
128, -1, 0
122, -1, 1
127, -1, 0
123, -1, 0
125, -1, 0
125, -1, 1
125, -1, 0
125, -1, 0
125, -1, 0
125, -1, 1
249, -1, 0
126, -1, 0
125, -1, 0
125, -1, 1
125, -1, 0
250, -1, 0
126, -1, 0
124, -1, 0
125, 0, 1
125, -1, 0
126, -1, 0
248, -1, 0
126, -1, 1
126, -1, 0
248, -1, 0
126, -1, 0
125, -1, 0
125, 0, 1
125, -1, 0
125, -1, 0
250, -1, 0
125, -1, 0
249, -1, 1
256, -1, 0
126, -1, 0
248, -1, 0
246, -1, 1
125, -1, 0
250, -1, 0
250, -1, 0
249, -1, 0
250, -1, 0
250, -1, 0
251, 0, 1
125, -1, 0
250, -1, 0
249, -1, 0
409, -1, 0
373, -1, 0
344, -1, 0
407, -1, 0
468, -1, 0
625, -1, 0
752, -1, 0
904, -1, 0
6801, 1, 0
1089, 1, 0
206, 0, -1
665, 1, 0
714, 1, 0
497, 1, 0
126, 0, -1
403, 1, 0
498, 1, 0
470, 1, 0
125, 0, -1
250, 1, 0
503, 1, 0
126, 0, -1
121, 1, 0
408, 1, 0
343, 1, -1
249, 1, 0
250, 1, 0
250, 1, 0
124, 0, -1
154, 1, 0
377, 1, 0
95, 0, -1
125, 1, 0
249, 1, 0
251, 1, -1
249, 1, 0
251, 1, 0
126, 0, -1
124, 1, 0
250, 1, 0
125, 1, 0
125, 0, -1
125, 1, 0
125, 1, 0
249, 1, -1
250, 1, 0
124, 1, 0
126, 0, -1
125, 1, 0
125, 1, 0
249, 1, -1
126, 1, 0
125, 1, 0
251, 1, -1
124, 1, 0
251, 1, -1
124, 1, 0
125, 1, 0
125, 1, 0
125, 0, -1
125, 1, 0
125, 1, 0
125, 1, -1
249, 1, 0
126, 1, 0
125, 1, -1
125, 1, 0
249, 1, -1
128, 1, 0
125, 1, 0
124, 1, -1
125, 1, 0
125, 1, 0
125, 1, -1
253, 2, 0
122, 0, -1
125, 1, 0
125, 1, 0
124, 1, -1
125, 1, 0
125, 1, 0
125, 1, -1
125, 1, 0
125, 1, 0
126, 1, -1
124, 1, 0
125, 1, 0
125, 1, -1
125, 1, 0
125, 1, 0
125, 1, -1
125, 1, 0
127, 1, -1
124, 1, 0
125, 2, 0
125, 0, -1
126, 2, 0
124, 1, -1
125, 1, 0
125, 1, 0
126, 1, -1
124, 1, 0
125, 1, 0
126, 1, -1
125, 1, 0
124, 1, -1
125, 1, 0
131, 2, -1
125, 1, 0
130, 1, 0
114, 1, -1
125, 2, 0
250, 2, -1
125, 1, 0
125, 1, -1
126, 1, 0
124, 2, -1
125, 1, 0
125, 1, 0
125, 1, -1
125, 2, 0
125, 1, -1
125, 1, 0
126, 1, 0
125, 2, -1
124, 1, 0
125, 2, -1
125, 1, 0
125, 1, -1
125, 1, 0
126, 2, -1
125, 1, 0
125, 2, -1
124, 1, 0
125, 1, -1
126, 2, 0
125, 1, -1
124, 1, 0
126, 2, 0
126, 1, -1
123, 2, 0
125, 1, -1
125, 1, 0
125, 2, -1
125, 1, 0
125, 2, -1
125, 1, 0
126, 2, -1
124, 1, 0
126, 2, -1
125, 1, 0
125, 2, -1
124, 1, 0
126, 2, 0
124, 1, -1
126, 2, 0
125, 1, -1
125, 2, 0
124, 1, -1
125, 2, -1
125, 1, 0
125, 2, 0
125, 1, -1
126, 2, -1
124, 1, 0
128, 2, -1
125, 1, 0
124, 2, -1
125, 2, 0
124, 2, -1
123, 1, 0
127, 2, -1
123, 1, 0
126, 2, -1
125, 2, 0
125, 1, -1
125, 2, 0
125, 2, -1
125, 1, 0
126, 2, -1
124, 1, 0
125, 2, -1
125, 2, 0
125, 2, -1
125, 1, 0
125, 2, -1
125, 2, 0
126, 1, -1
124, 2, 0
125, 1, -1
125, 3, -1
125, 1, 0
125, 2, -1
125, 1, 0
125, 3, -1
126, 1, 0
124, 2, -1
125, 2, 0
125, 2, -1
125, 1, 0
125, 2, -1
125, 2, -1
125, 2, 0
126, 1, -1
124, 3, 0
125, 1, -1
125, 2, 0
125, 2, -1
125, 2, -1
125, 1, 0
125, 2, -1
126, 2, 0
124, 2, -1
125, 2, 0
125, 2, -1
125, 1, 0
125, 3, -1
125, 1, 0
125, 2, -1
126, 2, -1
124, 2, 0
125, 2, -1
125, 2, -1
125, 1, 0
125, 3, 0
125, 1, -1
125, 3, -1
126, 1, 0
124, 2, -1
125, 2, 0
125, 2, -1
125, 2, -1
125, 1, 0
125, 3, -1
125, 1, 0
126, 3, -1
124, 1, 0
125, 2, -1
125, 2, 0
125, 3, -1
133, 1, -1
119, 3, 0
131, 1, -1
118, 3, 0
124, 1, -1
125, 3, -1
125, 1, 0
125, 3, -1
125, 1, 0
125, 3, -1
125, 1, 0
126, 3, -1
124, 1, -1
125, 3, 0
125, 2, -1
125, 2, -1
126, 2, 0
124, 2, -1
125, 2, 0
126, 2, -1
124, 2, 0
125, 2, -1
126, 2, -1
125, 3, 0
125, 1, -1
124, 3, 0
125, 1, -1
126, 3, -1
124, 2, 0
125, 2, -1
125, 2, -1
125, 2, 0
125, 2, -1
125, 3, 0
126, 1, -1
125, 2, 0
124, 3, -1
125, 1, -1
125, 3, 0
125, 2, -1
126, 2, -1
125, 2, 0
124, 2, -1
126, 2, 0
124, 3, -1
126, 1, -1
125, 3, 0
124, 2, -1
125, 2, -1
125, 2, 0
127, 3, -1
124, 1, 0
125, 3, -1
125, 2, -1
124, 2, 0
125, 2, -1
125, 3, -1
126, 2, 0
124, 2, -1
126, 2, 0
124, 3, -1
125, 1, -1
126, 3, 0
125, 2, -1
124, 2, -1
125, 2, 0
125, 3, -1
126, 2, 0
124, 2, -1
125, 2, -1
126, 3, -1
124, 2, 0
125, 2, -1
125, 2, 0
129, 3, -1
123, 1, 0
124, 3, -1
125, 2, -1
125, 3, 0
124, 1, -1
125, 2, -1
126, 3, 0
126, 2, -1
123, 3, -1
125, 1, 0
125, 3, -1
126, 2, 0
124, 3, -1
124, 1, -1
126, 3, 0
124, 2, -1
172, 3, -1
80, 2, 0
127, 2, -1
122, 2, 0
126, 3, -1
157, 2, -1
109, 3, -1
115, 1, 0
121, 3, -1
125, 2, 0
125, 3, -1
125, 1, -1
124, 3, 0
126, 2, -1
125, 3, -1
124, 2, 0
126, 2, -1
124, 2, 0
126, 3, -1
124, 2, -1
125, 2, 0
126, 2, -1
124, 3, -1
125, 2, 0
126, 3, -1
124, 2, -1
125, 2, 0
125, 2, -1
125, 3, -1
126, 2, 0
124, 3, -1
125, 1, 0
126, 2, -1
124, 3, -1
125, 2, 0
125, 3, -1
125, 2, -1
126, 3, 0
125, 1, -1
124, 3, -1
126, 2, 0
125, 3, -1
132, 2, 0
121, 2, -1
119, 2, -1
126, 3, 0
126, 2, -1
124, 3, -1
126, 2, 0
124, 2, -1
125, 2, 0
125, 3, -1
125, 2, -1
125, 3, -1
125, 2, 0
125, 2, -1
125, 2, 0
125, 3, -1
125, 2, -1
125, 3, 0
125, 1, -1
125, 3, -1
125, 2, 0
125, 3, -1
125, 2, 0
125, 3, -1
124, 1, -1
125, 3, 0
125, 2, -1
126, 3, -1
125, 2, 0
125, 2, -1
125, 2, -1
125, 3, 0
125, 2, -1
125, 2, 0
125, 3, -1
124, 1, -1
149, 3, 0
101, 2, -1
125, 3, -1
125, 1, 0
125, 3, -1
125, 2, 0
125, 3, -1
125, 2, -1
124, 3, 0
126, 1, -1
125, 3, -1
125, 2, 0
125, 3, -1
125, 2, 0
125, 2, -1
125, 2, -1
125, 3, -1
125, 2, 0
125, 3, -1
125, 1, 0
125, 3, -1
125, 2, -1
125, 3, 0
125, 1, -1
125, 3, -1
124, 2, 0
126, 3, -1
125, 2, 0
124, 2, -1
125, 2, -1
126, 3, 0
124, 2, -1
147, 2, -1
104, 2, 0
127, 3, -1
124, 2, -1
125, 2, 0
124, 2, -1
128, 3, -1
123, 2, 0
125, 2, -1
125, 2, 0
125, 2, -1
124, 3, -1
125, 1, 0
126, 3, -1
125, 2, 0
126, 3, -1
123, 1, -1
125, 3, 0
126, 2, -1
124, 2, -1
125, 2, 0
126, 3, -1
124, 1, -1
125, 3, 0
125, 2, -1
125, 2, -1
126, 2, 0
124, 3, -1
125, 1, 0
125, 3, -1
125, 2, -1
126, 2, 0
125, 2, -1
126, 3, -1
124, 1, 0
125, 3, -1
125, 2, -1
124, 2, 0
125, 2, -1
125, 3, -1
125, 1, 0
126, 3, -1
125, 1, 0
124, 3, -1
125, 2, 0
125, 2, -1
128, 2, -1
122, 2, -1
127, 2, 0
125, 2, -1
123, 2, 0
125, 2, -1
125, 2, -1
125, 2, 0
125, 2, -1
124, 2, 0
126, 2, -1
143, 2, 0
107, 3, -1
124, 1, -1
126, 3, 0
125, 1, -1
128, 2, -1
123, 2, 0
125, 2, -1
127, 2, 0
130, 2, -1
124, 2, -1
118, 2, 0
125, 2, -1
125, 2, 0
124, 2, -1
126, 2, -1
134, 2, 0
117, 2, -1
127, 1, 0
124, 3, -1
124, 1, 0
126, 3, -1
126, 1, -1
123, 2, 0
124, 2, -1
126, 2, -1
124, 2, 0
125, 2, -1
125, 1, 0
125, 3, -1
125, 1, 0
127, 2, -1
124, 2, 0
125, 1, -1
124, 2, 0
125, 2, -1
127, 2, -1
123, 1, 0
125, 3, -1
127, 1, 0
124, 2, -1
125, 1, 0
124, 3, -1
125, 1, 0
125, 2, -1
126, 1, 0
123, 3, -1
125, 1, 0
127, 2, -1
126, 1, 0
122, 2, -1
125, 2, -1
125, 2, 0
125, 1, 0
125, 2, -1
125, 2, -1
125, 1, 0
125, 2, 0
125, 2, -1
125, 1, -1
124, 2, 0
126, 1, -1
125, 2, 0
125, 1, -1
132, 2, 0
119, 2, -1
124, 2, 0
126, 1, -1
125, 2, 0
125, 1, -1
125, 2, 0
125, 1, -1
125, 2, 0
126, 1, -1
124, 1, 0
125, 2, 0
125, 1, -1
125, 2, 0
125, 1, -1
126, 2, 0
124, 1, -1
126, 2, 0
124, 1, -1
126, 2, 0
126, 1, -1
123, 2, 0
125, 1, -1
125, 1, 0
125, 1, 0
126, 2, -1
124, 1, 0
126, 2, -1
124, 1, 0
125, 2, -1
126, 1, 0
124, 1, 0
125, 1, -1
126, 2, 0
125, 1, -1
124, 1, 0
125, 1, 0
136, 2, -1
114, 1, 0
126, 1, -1
124, 1, 0
126, 2, -1
124, 1, 0
125, 1, 0
125, 1, -1
125, 2, 0
125, 0, -1
129, 2, 0
121, 1, -1
126, 1, 0
124, 1, 0
125, 1, -1
125, 1, 0
125, 1, 0
125, 2, -1
249, 2, -1
250, 2, 0
126, 1, -1
125, 1, 0
125, 1, 0
125, 1, -1
137, 1, 0
113, 1, -1
127, 1, 0
123, 1, 0
125, 1, 0
126, 1, -1
249, 1, -1
126, 1, 0
124, 1, 0
126, 1, 0
127, 1, -1
122, 1, 0
125, 1, 0
124, 0, -1
132, 1, 0
128, 1, 0
116, 1, -1
126, 1, 0
124, 1, 0
249, 1, -1
126, 1, 0
125, 1, 0
128, 0, -1
122, 1, 0
126, 1, 0
124, 1, -1
248, 1, 0
127, 1, 0
125, 0, -1
149, 1, 0
226, 1, -1
125, 1, 0
250, 1, 0
125, 1, 0
125, 0, -1
125, 1, 0
250, 1, 0
125, 0, -1
125, 1, 0
249, 1, 0
126, 0, -1
133, 1, 0
243, 1, 0
249, 0, -1
125, 1, 0
406, 1, 0
94, 0, -1
127, 1, 0
546, 1, -1
454, 1, 0
248, 0, -1
249, 1, 0
626, 0, -1
124, 1, 0
1157, 0, -1
1969, 0, -1
1043, -1, 0
758, -1, 0
627, -1, 0
448, -1, 0
124, 0, -1
377, -1, 0
500, -1, 0
421, -1, 0
329, -1, 0
425, -1, 0
199, 0, -1
126, -1, 0
250, -1, 0
261, -1, 0
363, -1, 0
249, -1, 0
251, -1, 0
249, -1, 0
250, -1, 0
250, -1, 0
250, -1, 0
250, -1, 0
250, -1, 0
250, -1, 0
126, -1, 0
250, -1, 0
124, -1, 0
250, -1, 0
126, -1, 0
249, -1, 0
125, -1, 0
250, -1, 0
125, -1, 0
125, -1, 0
250, -1, 0
126, -1, 0
130, -1, 0
122, -1, 0
125, -1, 0
249, -1, 0
124, -1, 0
124, -1, 0
249, -1, 0
126, -1, 0
128, -1, 0
122, -1, 0
125, -1, 1
125, -1, 0
125, -1, 0
126, -1, 0
248, -1, 0
125, -1, 0
126, -1, 0
166, -1, 1
103, -1, 0
106, -1, 0
126, -1, 0
123, -1, 0
125, -1, 1
125, -1, 0
124, -1, 0
125, -1, 0
126, -1, 1
125, -1, 0
126, -2, 0
248, -2, 0
126, -1, 1
124, -1, 0
126, -1, 0
125, -1, 0
125, -1, 1
125, -1, 0
125, -1, 0
125, -2, 1
124, -1, 0
125, -1, 0
125, -1, 0
126, -2, 1
250, -2, 0
125, -1, 0
124, -1, 1
125, -1, 0
125, -2, 0
125, -1, 1
125, -1, 0
125, -1, 0
126, -2, 1
125, -1, 0
125, -2, 0
124, -1, 1
125, -1, 0
125, -1, 0
126, -2, 1
124, -1, 0
127, -2, 1
125, -1, 0
123, -1, 0
125, -2, 1
126, -1, 0
125, -1, 1
124, -2, 0
125, -1, 0
138, -1, 1
115, -2, 0
124, -1, 0
127, -2, 1
125, -1, 0
125, -2, 1
125, -1, 0
125, -2, 1
126, -1, 0
126, -2, 0
123, -1, 1
125, -2, 0
125, -1, 1
124, -2, 0
126, -2, 1
125, -2, 0
125, -1, 0
125, -2, 1
125, -1, 0
126, -2, 1
124, -1, 0
125, -2, 1
125, -2, 0
136, -2, 1
122, -1, 0
123, -2, 1
120, -1, 0
124, -2, 1
125, -2, 0
125, -2, 1
125, -1, 0
125, -2, 1
125, -2, 0
125, -2, 1
126, -1, 0
124, -2, 1
125, -2, 0
125, -1, 1
125, -3, 0
125, -1, 1
125, -2, 0
125, -2, 1
125, -2, 0
125, -2, 1
125, -2, 0
125, -1, 1
125, -3, 0
125, -1, 1
126, -3, 1
124, -1, 0
125, -2, 1
126, -2, 0
124, -2, 1
125, -2, 0
125, -2, 1
125, -2, 0
125, -2, 1
125, -2, 1
125, -2, 0
125, -2, 1
125, -2, 0
125, -2, 1
125, -2, 1
125, -2, 0
126, -3, 1
124, -1, 0
125, -3, 1
126, -2, 0
125, -2, 1
124, -2, 1
125, -2, 0
125, -2, 1
125, -2, 1
126, -2, 0
124, -3, 1
126, -1, 0
124, -3, 1
125, -2, 1
126, -2, 0
124, -2, 1
125, -2, 0
125, -3, 1
125, -1, 1
124, -3, 1
127, -2, 0
124, -3, 1
125, -2, 0
125, -2, 1
125, -2, 1
124, -3, 0
125, -2, 1
126, -2, 1
125, -2, 0
125, -3, 1
125, -2, 1
124, -2, 1
126, -2, 0
126, -3, 1
123, -2, 0
126, -3, 1
129, -2, 1
121, -3, 1
130, -2, 0
120, -2, 1
125, -2, 1
124, -3, 0
126, -2, 1
124, -3, 1
126, -2, 0
124, -3, 1
126, -2, 1
124, -3, 1
126, -2, 0
125, -3, 1
124, -2, 1
125, -3, 0
126, -2, 1
125, -3, 1
124, -2, 0
125, -3, 1
126, -2, 1
124, -2, 1
126, -3, 1
125, -2, 0
125, -3, 1
125, -2, 1
125, -3, 0
124, -2, 1
126, -4, 1
124, -2, 0
125, -3, 1
125, -2, 1
126, -3, 1
124, -2, 0
126, -3, 1
125, -3, 1
125, -3, 1
124, -2, 0
125, -3, 2
125, -2, 0
125, -3, 1
126, -2, 1
124, -4, 1
125, -2, 0
126, -3, 1
124, -2, 1
125, -3, 1
125, -2, 0
125, -4, 1
126, -2, 1
125, -3, 1
124, -2, 1
126, -4, 1
124, -2, 0
125, -3, 1
125, -2, 1
126, -3, 1
129, -3, 1
122, -3, 1
130, -2, 0
120, -3, 1
124, -3, 1
124, -3, 1
125, -2, 1
125, -3, 0
126, -3, 1
125, -2, 1
125, -3, 1
126, -3, 1
123, -3, 1
124, -2, 0
125, -4, 1
126, -2, 1
125, -3, 1
124, -3, 1
125, -3, 1
126, -2, 1
132, -4, 1
119, -2, 0
124, -3, 1
125, -3, 1
127, -3, 1
125, -2, 1
129, -4, 1
119, -2, 0
124, -3, 2
125, -3, 0
125, -3, 2
132, -2, 0
118, -4, 1
146, -2, 1
105, -4, 1
125, -2, 1
126, -3, 1
124, -3, 1
126, -3, 1
125, -3, 1
124, -3, 1
125, -2, 1
124, -4, 1
127, -2, 0
124, -4, 2
124, -2, 0
126, -3, 1
125, -3, 1
125, -3, 1
126, -3, 1
124, -3, 1
125, -3, 1
126, -3, 1
122, -2, 1
126, -3, 1
126, -3, 1
126, -3, 0
125, -3, 2
123, -2, 0
125, -4, 1
125, -2, 1
127, -4, 1
138, -2, 1
112, -4, 1
126, -2, 1
125, -3, 1
127, -3, 1
125, -3, 1
123, -3, 1
125, -3, 1
124, -3, 1
125, -3, 1
125, -3, 1
125, -3, 1
125, -2, 1
127, -4, 1
124, -2, 1
124, -4, 1
125, -2, 0
124, -4, 2
125, -2, 0
126, -4, 2
127, -2, 0
126, -4, 2
123, -2, 0
126, -4, 2
124, -2, 0
126, -3, 1
125, -3, 1
128, -3, 1
122, -3, 1
123, -3, 1
125, -3, 1
125, -3, 1
125, -3, 1
124, -3, 1
133, -3, 1
124, -3, 1
129, -2, 1
128, -3, 1
117, -3, 1
126, -3, 1
125, -3, 1
123, -3, 1
122, -3, 1
126, -3, 1
124, -3, 1
124, -3, 1
124, -3, 1
125, -3, 1
126, -3, 1
125, -2, 1
125, -4, 1
124, -2, 1
125, -4, 1
126, -2, 1
125, -4, 1
125, -2, 1
124, -4, 1
125, -2, 1
125, -4, 1
125, -2, 1
125, -4, 1
125, -2, 1
125, -3, 1
125, -3, 1
125, -3, 1
125, -3, 1
125, -3, 1
127, -2, 1
124, -4, 1
126, -2, 1
125, -4, 1
132, -2, 1
122, -4, 1
118, -2, 1
127, -4, 2
125, -2, 0
124, -4, 2
125, -2, 0
124, -4, 2
128, -2, 0
128, -3, 2
122, -2, 0
126, -3, 1
122, -3, 1
126, -3, 1
125, -3, 1
125, -3, 1
124, -3, 1
127, -2, 1
126, -4, 1
129, -2, 1
121, -4, 1
123, -2, 1
124, -3, 1
127, -3, 1
123, -3, 1
138, -2, 1
115, -4, 1
122, -2, 1
125, -4, 1
127, -2, 1
124, -3, 1
124, -3, 1
125, -3, 1
127, -2, 1
129, -4, 1
118, -2, 1
126, -3, 1
143, -3, 1
113, -3, 1
122, -2, 1
125, -4, 1
125, -2, 1
126, -3, 1
123, -3, 1
124, -3, 1
124, -2, 1
126, -4, 1
131, -2, 1
119, -3, 1
125, -2, 1
125, -4, 1
125, -2, 1
127, -3, 1
123, -2, 1
125, -3, 1
123, -3, 1
126, -2, 0
125, -4, 2
127, -2, 0
125, -3, 1
123, -2, 1
124, -4, 1
127, -2, 1
125, -3, 1
127, -2, 1
125, -3, 1
127, -2, 1
123, -4, 1
125, -2, 1
126, -3, 1
129, -2, 1
123, -3, 1
127, -3, 1
123, -3, 1
123, -2, 1
125, -3, 1
125, -2, 0
125, -3, 2
124, -2, 0
122, -4, 1
124, -2, 1
130, -3, 1
122, -2, 1
126, -3, 1
126, -2, 1
126, -3, 1
122, -2, 1
125, -3, 1
128, -2, 1
124, -3, 1
125, -3, 0
124, -2, 2
126, -3, 0
125, -3, 1
126, -2, 1
125, -3, 1
125, -2, 1
125, -3, 1
125, -2, 1
123, -2, 0
126, -3, 1
124, -2, 1
125, -3, 1
125, -2, 1
127, -3, 1
123, -2, 1
125, -3, 1
125, -2, 0
125, -3, 2
125, -2, 0
127, -3, 1
122, -1, 1
129, -3, 1
123, -2, 1
125, -3, 1
123, -2, 0
124, -3, 1
127, -2, 1
127, -3, 1
122, -2, 1
124, -2, 1
127, -2, 0
125, -3, 1
125, -2, 1
123, -3, 1
131, -2, 1
128, -2, 1
122, -2, 0
125, -3, 1
123, -2, 1
126, -2, 1
124, -2, 0
130, -3, 1
132, -2, 1
122, -2, 1
116, -2, 0
121, -3, 2
124, -1, 0
127, -3, 1
123, -2, 1
132, -3, 1
127, -1, 0
120, -2, 1
127, -3, 1
129, -1, 0
122, -3, 1
121, -2, 1
124, -2, 1
125, -2, 0
124, -2, 1
127, -2, 1
130, -3, 1
124, -1, 0
122, -3, 1
139, -2, 1
111, -2, 1
125, -1, 0
125, -3, 1
123, -2, 1
125, -2, 0
122, -2, 1
132, -2, 1
128, -2, 0
118, -2, 1
125, -2, 1
126, -2, 1
127, -2, 0
122, -2, 1
128, -2, 0
120, -2, 1
127, -1, 1
125, -3, 1
127, -1, 0
127, -3, 1
127, -1, 1
140, -2, 0
133, -2, 1
99, -2, 1
127, -2, 0
123, -2, 1
125, -1, 0
125, -2, 1
125, -2, 1
124, -2, 0
125, -1, 1
125, -3, 1
127, -1, 0
123, -1, 0
124, -2, 1
125, -2, 1
125, -2, 0
125, -1, 1
125, -2, 0
125, -2, 1
125, -2, 1
125, -1, 0
126, -2, 1
124, -1, 0
126, -2, 1
126, -2, 0
125, -2, 1
121, -1, 0
124, -2, 1
125, -1, 0
131, -2, 1
120, -1, 0
124, -2, 1
126, -1, 0
126, -2, 1
125, -1, 0
125, -2, 1
124, -1, 0
126, -2, 1
125, -1, 0
125, -2, 1
125, -1, 0
124, -2, 1
125, -1, 0
126, -2, 1
124, -1, 0
125, -1, 1
125, -2, 0
126, -1, 0
125, -1, 1
124, -2, 0
126, -1, 1
125, -2, 0
124, 0, 1
126, -2, 0
124, -1, 0
126, -1, 1
125, -1, 0
124, -1, 0
125, -2, 1
125, -1, 0
125, -1, 1
126, -1, 0
125, -2, 0
126, -1, 1
124, -1, 0
126, -1, 0
123, -1, 1
125, -1, 0
125, -1, 0
126, -1, 1
124, -2, 0
250, -2, 1
250, -2, 0
125, -1, 0
125, -1, 1
250, -2, 0
126, 0, 1
125, -2, 0
249, -1, 0
125, -1, 1
125, -1, 0
140, -1, 0
111, -1, 0
125, -1, 1
126, -1, 0
248, -1, 0
126, -1, 1
131, -1, 0
244, -1, 0
157, -1, 0
90, -1, 1
249, -1, 0
126, -1, 0
249, -1, 0
126, -1, 0
126, 0, 1
124, -1, 0
125, -1, 0
250, -1, 0
249, -1, 1
252, -1, 0
249, -1, 0
134, -1, 0
243, -1, 0
376, -1, 1
263, -1, 0
238, -1, 0
377, -1, 0
373, -1, 0
375, -1, 0
500, -1, 0
756, -1, 0
5631, 1, 0
867, 1, 0
623, 1, 0
653, 1, 1
623, 1, 0
367, 1, 0
375, 1, 0
499, 1, 0
353, 1, 0
262, 1, 0
371, 1, 0
365, 1, 0
251, 1, 0
249, 1, 0
250, 1, 0
403, 1, 0
222, 1, 0
126, 1, 0
249, 1, 0
250, 1, 0
257, 1, 0
244, 1, 0
249, 1, 0
126, 1, 0
125, 1, 0
249, 1, 0
250, 1, 0
126, 1, -1
249, 1, 0
126, 1, 0
126, 1, 0
248, 1, 0
218, 1, 0
32, 1, -1
251, 1, 0
126, 1, 0
123, 1, 0
249, 1, 0
128, 1, -1
123, 1, 0
125, 1, 0
125, 1, 0
253, 1, -1
125, 1, 0
140, 1, 0
115, 1, 0
120, 1, 0
124, 1, -1
126, 1, 0
124, 1, 0
126, 1, 0
135, 1, 0
112, 1, -1
125, 1, 0
125, 1, 0
125, 1, 0
126, 1, -1
126, 1, 0
133, 1, 0
114, 1, 0
125, 1, -1
126, 1, 0
125, 1, 0
126, 1, 0
131, 1, -1
119, 2, 0
250, 2, -1
124, 1, 0
125, 1, 0
125, 1, -1
125, 2, 0
249, 2, -1
127, 1, 0
124, 2, 0
125, 1, -1
125, 1, 0
125, 1, 0
125, 2, -1
126, 1, 0
126, 1, 0
126, 1, -1
124, 2, 0
125, 1, 0
125, 2, -1
126, 1, 0
123, 1, 0
125, 1, -1
126, 2, 0
127, 1, 0
124, 2, -1
124, 1, 0
126, 2, -1
125, 1, 0
124, 1, 0
125, 2, -1
125, 1, 0
126, 1, 0
124, 2, -1
125, 2, 0
126, 1, 0
124, 1, -1
125, 2, 0
126, 2, -1
124, 1, 0
126, 2, -1
124, 1, 0
125, 2, 0
125, 1, -1
125, 2, 0
125, 1, -1
125, 2, 0
125, 1, 0
126, 2, -1
124, 2, 0
125, 2, -1
128, 1, 0
122, 2, -1
125, 2, 0
125, 2, -1
378, 3, -1
0, 1, 0
124, 2, -1
122, 2, 0
125, 2, -1
125, 1, 0
125, 2, 0
125, 2, -1
126, 2, -1
124, 1, 0
125, 2, 0
125, 2, -1
125, 1, 0
125, 2, -1
125, 2, 0
125, 2, -1
126, 2, 0
124, 2, -1
125, 1, 0
125, 3, -1
132, 1, 0
119, 2, -1
125, 2, 0
124, 2, -1
127, 2, 0
123, 2, -1
125, 2, -1
126, 2, 0
125, 2, -1
125, 2, 0
124, 1, -1
125, 3, 0
126, 1, -1
125, 3, 0
124, 1, -1
125, 3, 0
125, 2, -1
125, 2, -1
125, 2, 0
125, 2, -1
126, 2, 0
126, 2, -1
124, 2, 0
126, 2, -1
128, 2, 0
124, 2, -1
125, 2, 0
124, 3, -1
125, 1, -1
125, 3, 0
126, 2, -1
123, 2, 0
124, 2, -1
125, 3, -1
125, 1, 0
126, 2, 0
125, 3, -1
124, 1, -1
125, 3, 0
126, 2, -1
124, 3, 0
125, 1, -1
127, 3, -1
127, 2, 0
124, 2, -1
125, 2, 0
124, 3, -1
125, 2, -1
125, 3, 0
125, 1, -1
125, 3, -1
125, 2, 0
125, 3, -1
125, 2, 0
125, 2, -1
325, 5, -1
50, 2, -1
125, 3, 0
124, 2, -1
127, 3, -1
123, 2, 0
126, 2, -1
124, 2, -1
125, 3, 0
125, 2, -1
133, 3, -1
116, 2, 0
127, 3, -1
124, 2, 0
125, 3, -1
124, 2, -1
126, 3, 0
125, 2, -1
125, 2, -1
125, 2, 0
126, 3, -1
126, 2, -1
125, 2, 0
123, 3, -1
123, 2, -1
141, 3, 0
113, 2, -1
131, 3, -1
118, 2, 0
124, 3, -1
127, 2, -1
123, 3, 0
125, 2, -1
126, 3, -1
124, 2, 0
123, 4, -1
130, 2, -1
123, 3, -1
126, 2, 0
124, 3, -1
123, 2, 0
123, 3, -1
126, 2, -1
124, 3, -1
126, 2, 0
124, 4, -1
125, 1, -1
125, 4, 0
125, 2, -1
125, 3, -1
125, 2, 0
125, 3, -1
126, 2, -1
125, 3, -1
124, 3, 0
125, 3, -1
125, 2, -1
157, 3, 0
115, 2, -1
128, 3, -1
124, 3, 0
102, 3, -1
125, 2, -1
124, 3, -1
125, 2, 0
126, 2, -1
124, 4, -1
125, 2, 0
126, 3, -1
124, 2, -1
125, 3, -1
125, 3, 0
126, 3, -1
124, 2, -1
127, 3, -1
123, 3, 0
129, 3, -1
162, 2, -1
88, 3, 0
129, 3, -1
125, 3, -1
125, 2, 0
122, 3, -1
123, 3, -1
126, 3, -1
124, 2, 0
125, 4, -1
125, 2, -1
125, 3, -1
126, 2, 0
124, 4, -1
125, 2, -1
126, 3, -1
124, 3, 0
125, 3, -1
125, 2, -1
125, 4, -1
126, 2, 0
125, 3, -1
124, 3, -1
126, 3, 0
124, 2, -1
125, 4, -1
125, 2, 0
125, 3, -1
126, 3, -1
125, 2, -1
124, 3, -1
126, 2, 0
124, 4, -1
125, 2, -1
125, 3, -1
125, 3, 0
126, 3, -1
125, 2, -1
125, 4, -1
125, 2, 0
124, 4, -1
125, 2, -1
125, 4, -1
125, 2, 0
126, 3, -1
124, 3, -1
125, 3, -1
126, 2, 0
124, 4, -1
126, 2, -1
124, 3, -1
125, 3, 0
126, 3, -1
124, 3, -1
125, 3, -1
127, 2, 0
124, 4, -1
124, 2, -1
125, 4, -1
125, 2, 0
125, 4, -1
126, 2, -1
124, 3, -1
126, 3, 0
124, 3, -1
125, 2, -1
126, 4, -1
124, 2, 0
126, 3, -1
126, 3, -1
126, 2, 0
126, 4, -1
122, 2, -1
123, 4, -1
125, 2, -1
125, 3, 0
125, 3, -1
125, 3, -1
125, 3, -1
125, 3, 0
125, 3, -1
126, 3, -1
125, 3, -1
124, 3, 0
125, 2, -1
125, 4, -1
130, 2, -1
123, 4, -1
124, 2, 0
124, 4, -1
126, 2, -1
124, 4, -1
124, 2, -1
126, 4, 0
126, 2, -1
125, 4, -1
124, 2, -1
125, 4, -1
125, 2, 0
125, 3, -1
125, 3, -1
125, 3, -1
126, 2, -1
125, 4, 0
124, 2, -1
125, 4, -1
125, 2, -1
125, 3, 0
125, 3, -1
126, 3, -1
125, 3, -1
125, 2, -1
124, 4, 0
133, 2, -1
121, 4, -1
119, 2, 0
126, 3, -1
125, 3, -1
126, 3, -1
125, 3, -1
124, 3, 0
125, 2, -1
125, 4, -1
125, 2, -1
125, 4, -1
125, 2, 0
125, 3, -1
126, 3, -1
124, 4, -1
125, 2, 0
125, 3, -1
125, 3, -1
125, 3, -1
125, 3, 0
124, 3, -1
126, 3, -1
128, 3, -1
122, 2, 0
124, 4, -1
126, 2, -1
124, 3, -1
126, 3, 0
125, 3, -1
126, 3, -1
124, 3, -1
125, 2, -1
125, 4, 0
124, 2, -1
125, 3, -1
126, 3, -1
124, 2, 0
127, 4, -1
124, 2, -1
125, 4, -1
125, 2, 0
126, 3, -1
124, 3, -1
125, 3, -1
125, 3, 0
125, 3, -1
125, 2, -1
124, 4, -1
127, 2, 0
125, 4, -1
124, 2, -1
125, 3, -1
124, 3, -1
126, 3, 0
125, 2, -1
124, 4, -1
126, 2, -1
125, 3, -1
125, 3, 0
125, 3, -1
125, 2, -1
125, 4, -1
125, 2, 0
125, 3, -1
125, 3, -1
124, 3, -1
127, 2, 0
126, 4, -1
123, 2, -1
126, 3, -1
123, 2, 0
126, 4, -1
125, 2, -1
124, 3, -1
125, 2, 0
280, 3, -1
221, 3, -1
124, 8, -2
125, 3, -1
125, 2, 0
125, 4, -1
125, 2, -1
125, 3, -1
126, 2, 0
126, 4, -1
123, 2, -1
125, 3, -1
125, 2, 0
126, 4, -1
124, 2, -1
126, 3, -1
125, 2, 0
124, 3, -1
126, 2, -1
125, 4, -1
126, 2, -1
124, 3, 0
140, 2, -1
110, 3, -1
125, 3, 0
127, 3, -1
123, 2, -1
126, 3, -1
125, 2, 0
125, 3, -1
126, 2, -1
128, 3, -1
120, 3, 0
124, 3, -1
125, 2, -1
125, 3, -1
125, 2, 0
125, 3, -1
125, 2, -1
125, 2, 0
126, 3, -1
124, 2, -1
125, 4, -1
125, 2, 0
125, 3, -1
125, 2, -1
125, 3, -1
125, 2, 0
126, 3, -1
124, 2, 0
125, 3, -1
126, 2, -1
124, 3, -1
125, 2, 0
125, 3, -1
128, 2, -1
130, 3, -1
121, 2, 0
120, 3, -1
125, 2, 0
127, 2, -1
124, 2, -1
142, 3, -1
109, 2, 0
124, 3, -1
124, 2, -1
126, 3, 0
125, 2, -1
124, 3, -1
125, 2, 0
126, 2, -1
125, 2, -1
125, 3, 0
124, 2, -1
126, 3, -1
125, 2, 0
125, 2, -1
124, 2, 0
127, 2, -1
124, 3, -1
125, 2, -1
139, 2, 0
109, 2, -1
143, 3, -1
129, 2, 0
109, 2, -1
125, 2, -1
125, 3, 0
124, 2, -1
121, 2, -1
125, 2, 0
128, 3, -1
124, 2, 0
125, 2, -1
125, 2, -1
125, 2, -1
128, 2, 0
122, 3, -1
123, 1, 0
125, 3, -1
125, 2, 0
125, 2, -1
125, 2, -1
125, 2, 0
126, 2, -1
125, 2, -1
124, 2, 0
125, 3, -1
125, 1, 0
125, 3, -1
125, 1, -1
125, 3, 0
126, 1, -1
124, 3, 0
125, 1, -1
126, 3, -1
124, 1, 0
125, 3, -1
125, 1, 0
125, 2, -1
125, 2, -1
125, 2, 0
124, 2, -1
126, 1, 0
125, 3, -1
124, 1, 0
126, 2, -1
125, 2, -1
126, 2, 0
124, 2, -1
125, 2, 0
125, 1, -1
126, 2, 0
125, 2, -1
124, 2, -1
127, 1, 0
125, 3, -1
124, 1, 0
127, 2, -1
124, 1, 0
125, 2, -1
124, 2, 0
126, 2, -1
124, 1, 0
127, 2, -1
123, 1, 0
126, 2, -1
124, 2, 0
125, 2, -1
125, 1, 0
126, 2, -1
124, 1, 0
126, 2, -1
126, 1, 0
125, 2, -1
123, 1, 0
126, 2, -1
125, 1, 0
125, 2, -1
125, 1, 0
126, 2, -1
123, 1, 0
126, 2, -1
124, 1, 0
126, 2, -1
124, 1, 0
126, 1, -1
125, 2, 0
125, 1, -1
124, 2, 0
126, 1, -1
124, 2, 0
126, 1, 0
124, 1, -1
135, 1, 0
117, 2, -1
126, 1, 0
123, 1, -1
124, 1, 0
126, 2, -1
124, 1, 0
125, 1, -1
125, 1, 0
125, 2, 0
126, 1, -1
126, 1, 0
124, 1, -1
124, 1, 0
125, 1, 0
133, 2, -1
122, 1, 0
122, 1, -1
129, 1, 0
120, 1, 0
125, 1, -1
125, 1, 0
125, 1, -1
124, 1, 0
126, 1, 0
125, 1, -1
125, 1, 0
125, 1, -1
124, 1, 0
126, 1, 0
125, 1, -1
125, 1, 0
125, 1, 0
125, 0, -1
125, 1, 0
125, 1, 0
126, 1, -1
124, 1, 0
125, 1, 0
125, 1, -1
249, 1, 0
126, 1, -1
125, 1, 0
252, 1, -1
126, 1, 0
126, 1, 0
121, 0, -1
124, 1, 0
126, 1, 0
249, 1, -1
126, 1, 0
250, 1, -1
249, 1, 0
127, 1, 0
123, 0, -1
248, 1, 0
148, 0, -1
103, 1, 0
250, 1, 0
126, 0, -1
124, 1, 0
404, 1, -1
220, 1, 0
406, 1, 0
95, 0, -1
404, 1, 0
220, 0, -1
431, 1, 0
476, 0, -1
344, 1, 0
781, 0, -1
2382, 0, -1
341, -1, 0
908, -1, 0
589, -1, 0
626, -1, 0
536, -1, -1
338, -1, 0
417, -1, 0
335, -1, 0
375, -1, 0
250, -1, 0
374, -1, -1
406, -1, 0
218, -1, 0
406, -1, 0
94, -1, 0
406, -1, 0
220, -1, 0
249, -1, 0
125, -1, 0
250, -1, 0
250, -1, 0
250, -1, -1
125, -1, 0
250, -1, 0
249, -1, 0
127, -1, 0
124, -1, 0
250, -1, 0
250, -1, 0
125, -1, 0
125, -1, 0
250, -1, 0
125, -1, 0
125, -1, 0
297, -1, 0
98, -1, 0
104, -1, 0
249, -1, 0
126, -1, 0
125, -1, 0
125, -1, 0
249, -1, 0
126, -1, 0
125, -1, 0
125, -1, 0
125, -1, 0
125, -1, 0
125, -1, 0
125, -1, 0
125, -1, 0
250, -2, 0
249, -2, 0
250, -1, 1
126, -1, 0
127, -2, 0
250, -2, 0
249, -2, 0
125, -1, 0
125, -1, 0
126, -1, 1
124, -1, 0
125, -1, 0
126, -1, 0
125, -1, 0
125, -1, 0
124, -1, 0
125, -2, 1
125, -1, 0
126, -1, 0
124, -1, 0
126, -1, 0
125, -1, 0
124, -2, 0
126, -1, 1
124, -1, 0
125, -1, 0
125, -1, 0
125, -2, 0
135, -1, 0
117, -1, 1
123, -1, 0
127, -2, 0
125, -1, 0
125, -1, 0
125, -1, 0
125, -2, 1
126, -1, 0
125, -2, 0
124, -1, 0
125, -1, 0
125, -2, 1
125, -1, 0
125, -1, 0
125, -2, 0
126, -1, 0
124, -2, 1
126, -1, 0
124, -2, 0
125, -1, 0
125, -2, 1
125, -1, 0
125, -2, 0
125, -1, 0
125, -2, 1
126, -1, 0
125, -2, 0
124, -1, 0
125, -2, 1
125, -1, 0
134, -2, 0
126, -2, 0
122, -1, 1
119, -2, 0
125, -2, 0
124, -1, 0
125, -2, 1
125, -1, 0
125, -1, 0
125, -2, 0
125, -2, 1
126, -2, 0
125, -1, 0
124, -2, 1
125, -1, 0
125, -3, 0
125, -1, 0
125, -2, 1
125, -2, 0
125, -2, 0
126, -1, 1
124, -2, 0
125, -2, 0
125, -2, 1
125, -1, 0
125, -2, 0
125, -2, 1
125, -2, 0
126, -1, 0
124, -3, 1
126, -1, 0
124, -3, 0
125, -1, 1
126, -2, 0
124, -2, 1
125, -2, 0
126, -2, 0
124, -2, 1
125, -1, 0
125, -3, 0
125, -1, 1
125, -3, 0
125, -1, 0
125, -3, 1
126, -1, 0
124, -3, 1
125, -1, 0
125, -3, 0
125, -1, 1
126, -3, 0
125, -2, 1
124, -2, 0
125, -2, 0
125, -1, 1
125, -3, 0
125, -1, 0
125, -3, 1
128, -1, 0
123, -3, 1
124, -2, 0
126, -3, 1
124, -1, 0
125, -3, 1
125, -2, 0
125, -2, 0
126, -2, 1
124, -3, 0
125, -1, 1
126, -3, 0
124, -2, 0
125, -2, 1
125, -2, 0
125, -3, 1
125, -2, 0
125, -2, 1
125, -2, 0
127, -3, 1
123, -2, 0
125, -2, 1
125, -2, 0
125, -3, 1
126, -2, 0
124, -3, 1
125, -1, 0
125, -3, 1
125, -2, 0
126, -3, 1
125, -2, 0
124, -3, 1
126, -1, 0
123, -3, 1
126, -2, 0
125, -3, 1
127, -2, 0
123, -3, 1
132, -2, 0
118, -3, 1
125, -2, 0
124, -1, 1
126, -3, 1
125, -3, 0
126, -2, 1
124, -2, 0
125, -3, 1
125, -2, 0
126, -3, 1
123, -2, 0
125, -3, 1
126, -2, 1
126, -3, 0
124, -2, 1
142, -3, 0
108, -2, 1
125, -3, 1
125, -2, 0
125, -3, 1
125, -2, 0
125, -4, 1
125, -1, 1
125, -4, 0
125, -2, 1
125, -3, 1
125, -2, 0
124, -3, 1
125, -2, 0
127, -3, 1
124, -2, 0
125, -3, 1
125, -2, 1
125, -4, 0
125, -2, 1
125, -3, 1
125, -2, 0
125, -3, 1
136, -2, 0
122, -3, 1
124, -2, 1
118, -4, 1
124, -2, 0
126, -3, 1
124, -2, 0
125, -3, 1
126, -2, 1
125, -2, 0
124, -3, 1
126, -3, 1
124, -3, 1
125, -2, 0
126, -3, 1
124, -2, 0
126, -4, 1
125, -2, 1
124, -3, 1
126, -2, 0
124, -3, 1
127, -3, 1
124, -3, 1
124, -2, 0
125, -3, 1
124, -2, 1
124, -4, 0
127, -2, 1
123, -3, 1
125, -3, 0
126, -3, 1
148, -2, 1
103, -3, 1
125, -3, 0
123, -3, 1
127, -2, 1
128, -4, 1
131, -2, 0
114, -3, 1
126, -3, 1
124, -3, 1
142, -2, 0
108, -3, 1
126, -3, 1
124, -3, 1
125, -2, 1
125, -4, 1
125, -2, 0
125, -3, 1
126, -3, 1
125, -3, 1
125, -2, 0
124, -3, 1
125, -3, 1
125, -2, 1
125, -4, 0
125, -2, 1
125, -3, 1
125, -3, 1
126, -3, 1
124, -2, 0
125, -4, 1
125, -2, 1
125, -4, 1
125, -2, 1
125, -3, 1
125, -3, 0
126, -3, 1
125, -2, 1
125, -4, 1
124, -2, 1
126, -4, 0
125, -2, 1
126, -3, 1
124, -3, 1
126, -3, 1
125, -2, 0
124, -4, 1
125, -2, 1
125, -3, 1
124, -3, 1
125, -3, 1
126, -3, 0
125, -3, 2
124, -3, 0
126, -3, 1
125, -2, 1
126, -4, 1
123, -2, 1
146, -4, 1
105, -2, 0
137, -4, 1
115, -2, 1
124, -2, 1
124, -4, 1
125, -2, 0
128, -4, 1
122, -2, 1
125, -3, 1
126, -3, 1
124, -3, 1
125, -3, 0
126, -3, 2
128, -2, 0
121, -4, 1
125, -2, 1
125, -4, 1
126, -2, 1
124, -4, 1
125, -2, 0
125, -3, 2
125, -3, 0
125, -3, 1
125, -2, 1
126, -4, 1
132, -2, 1
121, -4, 1
122, -2, 0
126, -4, 1
123, -2, 1
125, -4, 1
125, -2, 1
125, -3, 1
126, -3, 1
123, -3, 1
127, -3, 1
124, -3, 1
125, -3, 0
125, -3, 1
143, -2, 1
107, -4, 1
126, -2, 1
124, -4, 1
135, -2, 1
122, -2, 0
117, -4, 1
126, -2, 1
125, -4, 1
125, -2, 1
126, -4, 1
124, -2, 1
125, -3, 1
125, -3, 0
125, -4, 1
125, -2, 1
125, -3, 1
125, -3, 1
125, -3, 1
125, -2, 1
125, -4, 1
125, -2, 0
125, -4, 2
125, -2, 0
126, -4, 1
125, -2, 1
126, -3, 1
125, -3, 1
124, -3, 1
124, -3, 1
125, -3, 1
125, -2, 1
125, -4, 1
125, -2, 0
126, -4, 1
124, -2, 1
125, -3, 1
125, -3, 1
125, -3, 1
125, -3, 0
125, -3, 2
125, -2, 0
126, -4, 1
124, -2, 1
125, -2, 1
125, -4, 1
125, -2, 0
125, -3, 2
126, -3, 0
124, -3, 1
126, -3, 1
125, -3, 1
124, -2, 1
126, -4, 1
124, -2, 0
125, -4, 1
125, -2, 1
125, -3, 1
126, -3, 1
124, -3, 1
125, -2, 1
125, -4, 1
125, -2, 0
125, -3, 1
125, -3, 1
125, -3, 1
126, -2, 1
124, -4, 1
124, -2, 0
126, -3, 1
124, -2, 1
126, -4, 1
125, -2, 1
124, -3, 1
127, -3, 1
124, -3, 1
124, -2, 0
125, -3, 1
126, -3, 1
124, -3, 1
126, -2, 1
125, -4, 1
126, -2, 1
124, -3, 1
125, -2, 0
124, -3, 1
126, -3, 1
124, -2, 0
125, -3, 1
126, -2, 1
125, -4, 1
125, -2, 1
125, -3, 1
125, -2, 1
124, -3, 0
126, -3, 1
124, -3, 1
125, -2, 1
126, -3, 1
124, -2, 0
173, -3, 1
76, -2, 1
126, -4, 1
145, -2, 1
104, -3, 1
125, -2, 0
128, -3, 1
122, -2, 1
124, -3, 1
125, -2, 0
128, -4, 1
124, -2, 1
131, -3, 1
119, -2, 1
126, -3, 1
125, -2, 0
124, -3, 1
125, -2, 1
124, -3, 1
125, -2, 1
146, -3, 1
104, -2, 0
126, -4, 1
125, -2, 1
125, -3, 1
125, -2, 0
125, -3, 1
125, -2, 1
125, -3, 1
125, -2, 0
126, -2, 1
124, -3, 1
125, -2, 0
126, -3, 1
124, -1, 1
124, -3, 1
126, -2, 0
142, -3, 1
122, -2, 1
131, -3, 1
120, -2, 0
131, -3, 1
103, -2, 1
125, -3, 1
126, -2, 0
124, -3, 1
127, -1, 1
123, -3, 1
125, -2, 0
126, -3, 1
125, -2, 1
129, -3, 1
120, -2, 0
125, -2, 1
127, -2, 1
124, -3, 0
155, -2, 1
96, -2, 1
125, -2, 0
126, -3, 1
125, -2, 1
124, -2, 0
126, -2, 1
124, -3, 1
125, -2, 0
125, -2, 1
125, -2, 1
125, -3, 0
125, -1, 1
125, -3, 1
125, -2, 0
125, -1, 1
125, -3, 0
125, -1, 1
125, -3, 1
125, -2, 0
125, -2, 1
125, -2, 0
126, -3, 1
124, -1, 1
125, -3, 0
125, -1, 1
125, -3, 1
125, -1, 0
126, -3, 1
124, -2, 0
126, -2, 1
124, -2, 0
125, -2, 1
125, -1, 1
125, -3, 0
124, -1, 1
126, -3, 0
124, -1, 1
127, -2, 0
124, -2, 1
125, -2, 1
125, -2, 0
125, -2, 1
125, -2, 0
125, -2, 1
125, -1, 0
126, -2, 1
124, -2, 0
125, -2, 1
125, -2, 0
124, -2, 1
126, -1, 0
125, -2, 1
125, -2, 0
125, -2, 1
124, -1, 0
126, -2, 1
126, -2, 0
125, -2, 1
125, -1, 0
125, -1, 0
125, -2, 1
125, -2, 0
124, -2, 1
125, -1, 0
125, -2, 1
125, -1, 0
125, -2, 1
124, -2, 0
125, -1, 0
126, -2, 1
125, -2, 0
124, -1, 1
126, -2, 0
125, -1, 0
125, -2, 1
125, -1, 0
124, -2, 1
126, -1, 0
125, -2, 0
125, -1, 1
124, -1, 0
126, -2, 1
124, -1, 0
127, -2, 0
124, -1, 1
126, -1, 0
124, -2, 0
125, -1, 1
125, -2, 0
124, -1, 0
126, -1, 1
125, -1, 0
125, -2, 0
125, -1, 0
126, -2, 1
248, -2, 0
126, -1, 1
125, -2, 0
124, -1, 0
125, -1, 0
126, -1, 1
124, -1, 0
125, -1, 0
125, -1, 0
125, -2, 1
125, -1, 0
126, -1, 0
125, -1, 1
125, -1, 0
125, -1, 0
124, -2, 0
250, -2, 1
133, -1, 0
127, -1, 0
116, -1, 0
133, -1, 1
116, -1, 0
125, -1, 0
126, -1, 0
124, -1, 0
125, -1, 0
125, -1, 1
251, -2, 0
249, -1, 0
125, -1, 0
125, -1, 0
125, -1, 1
125, -1, 0
125, -1, 0
126, -1, 0
249, -1, 0
127, -1, 0
124, -1, 1
124, -1, 0
249, -1, 0
127, -1, 0
125, -1, 0
249, -1, 0
125, -1, 0
249, -1, 0
126, -1, 0
126, 0, 1
124, -1, 0
190, -1, 0
196, -1, 0
241, -1, 0
128, -1, 0
247, -1, 0
248, -1, 0
249, -1, 0
251, -1, 0
249, -1, 0
376, -1, 0
249, -1, 0
375, -1, 0
409, -1, 0
341, -1, 0
659, -1, 0
906, -1, 0
4753, 1, 0
726, 1, 0
748, 1, 0
717, 1, 0
494, 1, 0
374, 1, 0
533, 1, 0
344, 0, -1
123, 1, 0
408, 1, 0
428, 1, 0
289, 1, 0
249, 1, 0
250, 0, -1
126, 1, 0
250, 1, 0
249, 1, 0
250, 1, 0
251, 0, -1
125, 1, 0
249, 1, 0
249, 1, 0
250, 1, 0
126, 0, -1
124, 1, 0
125, 1, 0
250, 1, 0
250, 1, 0
125, 1, 0
126, 0, -1
124, 1, 0
125, 1, 0
250, 1, 0
125, 0, -1
125, 1, 0
125, 1, 0
250, 1, 0
125, 1, 0
125, 0, -1
125, 1, 0
125, 1, 0
125, 1, 0
125, 0, -1
126, 1, 0
124, 1, 0
250, 1, 0
126, 1, -1
124, 1, 0
140, 1, 0
110, 1, 0
126, 0, -1
124, 1, 0
126, 1, 0
124, 1, 0
126, 1, -1
124, 1, 0
125, 1, 0
125, 1, -1
250, 2, 0
250, 1, -1
126, 1, 0
124, 1, 0
125, 1, 0
125, 1, -1
131, 1, 0
119, 1, -1
125, 1, 0
126, 1, 0
125, 1, -1
126, 2, 0
249, 2, 0
126, 1, -1
125, 1, 0
124, 1, 0
126, 1, -1
124, 1, 0
126, 1, -1
125, 1, 0
125, 2, 0
125, 1, -1
124, 1, 0
125, 1, 0
125, 1, -1
125, 1, 0
125, 1, 0
126, 2, -1
124, 1, 0
126, 1, -1
124, 1, 0
125, 2, 0
126, 1, -1
124, 1, 0
125, 1, -1
126, 2, 0
125, 1, 0
125, 2, -1
124, 1, 0
125, 1, -1
126, 1, 0
125, 2, -1
125, 1, 0
125, 2, 0
135, 1, -1
125, 2, 0
114, 1, -1
137, 1, 0
114, 2, -1
125, 1, 0
124, 1, -1
126, 2, 0
125, 1, -1
125, 2, 0
125, 1, -1
124, 2, 0
125, 1, -1
126, 2, 0
124, 1, 0
126, 2, -1
125, 2, 0
125, 1, -1
125, 2, 0
124, 2, -1
125, 1, 0
126, 2, -1
124, 1, 0
126, 2, -1
125, 1, 0
126, 2, -1
124, 2, 0
124, 1, -1
125, 2, -1
126, 1, 0
124, 2, 0
126, 1, -1
124, 2, 0
126, 2, -1
125, 2, 0
125, 1, -1
125, 2, 0
124, 2, -1
126, 2, -1
124, 1, 0
126, 2, -1
126, 2, 0
123, 2, -1
126, 1, 0
127, 2, -1
123, 2, 0
125, 2, -1
144, 1, 0
104, 3, -1
126, 1, 0
125, 2, -1
124, 2, 0
125, 2, -1
125, 1, 0
125, 3, -1
125, 1, 0
125, 2, -1
126, 2, 0
124, 2, -1
125, 2, -1
125, 2, 0
125, 2, -1
125, 2, 0
125, 1, -1
125, 3, 0
126, 1, -1
124, 3, 0
125, 1, -1
125, 2, 0
125, 2, -1
125, 2, -1
125, 2, 0
125, 2, -1
126, 2, 0
124, 2, -1
125, 2, 0
125, 2, -1
125, 2, -1
125, 2, 0
125, 2, -1
125, 2, 0
126, 2, -1
124, 2, 0
125, 2, -1
125, 2, -1
125, 3, 0
125, 1, -1
125, 3, 0
126, 1, -1
125, 3, -1
124, 2, 0
125, 2, -1
125, 2, 0
125, 2, -1
125, 2, 0
125, 3, -1
127, 1, 0
126, 3, -1
128, 2, -1
123, 2, 0
124, 2, -1
124, 3, -1
125, 1, 0
127, 3, -1
122, 2, 0
127, 3, -1
124, 1, 0
125, 3, -1
125, 2, 0
125, 3, -1
125, 1, -1
125, 3, 0
125, 2, -1
125, 1, 0
125, 3, -1
125, 2, -1
125, 3, 0
125, 1, -1
125, 3, 0
125, 2, -1
125, 3, -1
126, 2, 0
124, 2, -1
125, 2, 0
125, 3, -1
125, 2, -1
125, 3, 0
125, 2, -1
125, 2, -1
125, 2, 0
126, 3, -1
124, 2, 0
125, 3, -1
125, 1, 0
134, 3, -1
123, 2, -1
122, 3, 0
122, 2, -1
124, 3, -1
125, 2, 0
125, 2, -1
125, 2, 0
125, 3, -1
125, 2, -1
125, 3, 0
125, 2, -1
125, 3, 0
125, 2, -1
125, 3, -1
125, 1, 0
125, 3, -1
125, 2, 0
125, 3, -1
125, 2, -1
125, 3, 0
125, 2, -1
126, 3, -1
124, 2, 0
125, 2, -1
125, 3, 0
125, 2, -1
125, 3, -1
125, 2, 0
125, 3, -1
125, 2, 0
125, 3, -1
125, 2, 0
125, 3, -1
125, 2, -1
126, 3, -1
124, 2, 0
125, 3, -1
125, 2, 0
125, 3, -1
125, 2, -1
126, 3, 0
124, 2, -1
125, 3, -1
125, 2, 0
125, 3, -1
125, 2, 0
125, 3, -1
125, 2, -1
125, 4, 0
127, 2, -1
122, 3, -1
124, 2, 0
126, 3, -1
132, 2, 0
124, 3, -1
124, 2, -1
122, 3, -1
124, 2, 0
128, 3, -1
126, 2, 0
121, 3, -1
125, 3, 0
124, 3, -1
126, 2, -1
125, 3, -1
124, 2, 0
126, 2, -1
126, 3, 0
124, 2, -1
124, 3, -1
126, 2, 0
124, 3, -1
125, 3, -1
126, 3, 0
125, 2, -1
125, 3, -1
125, 2, 0
125, 3, -1
124, 2, 0
125, 4, -1
126, 2, -1
124, 3, 0
126, 2, -1
125, 3, -1
125, 2, 0
127, 3, -1
124, 3, -1
124, 3, 0
125, 2, -1
126, 3, -1
125, 2, 0
124, 3, -1
126, 2, 0
125, 4, -1
124, 2, -1
129, 3, 0
122, 2, -1
124, 3, -1
126, 2, 0
124, 4, -1
126, 2, 0
125, 3, -1
125, 2, -1
125, 3, -1
125, 2, 0
124, 4, -1
126, 2, 0
124, 3, -1
126, 2, -1
124, 2, 0
125, 3, -1
125, 3, 0
125, 3, -1
126, 2, -1
125, 3, 0
124, 2, -1
126, 3, -1
125, 2, 0
125, 4, -1
125, 2, -1
124, 3, 0
126, 2, -1
126, 3, -1
124, 2, 0
125, 4, -1
125, 2, -1
125, 3, -1
124, 2, 0
126, 3, -1
125, 2, 0
126, 4, -1
122, 2, -1
134, 3, 0
119, 2, -1
123, 3, -1
125, 2, 0
125, 4, -1
125, 2, -1
126, 3, 0
124, 2, -1
125, 3, -1
124, 2, 0
126, 3, -1
124, 3, 0
125, 3, -1
125, 2, -1
127, 3, 0
123, 2, -1
126, 3, -1
125, 3, 0
125, 3, -1
125, 2, -1
125, 3, 0
125, 2, -1
126, 3, -1
125, 2, 0
125, 3, -1
124, 3, -1
124, 2, 0
126, 3, -1
125, 2, 0
124, 3, -1
126, 2, -1
124, 4, 0
125, 2, -1
125, 3, -1
126, 2, 0
124, 3, -1
126, 2, -1
124, 3, 0
126, 2, -1
124, 4, -1
126, 2, 0
124, 3, -1
125, 2, -1
126, 3, 0
131, 2, -1
120, 3, 0
124, 2, -1
125, 4, -1
125, 2, 0
125, 3, -1
129, 2, -1
121, 3, 0
125, 2, -1
125, 3, -1
125, 2, 0
124, 3, -1
126, 2, 0
125, 3, -1
125, 2, -1
125, 4, -1
124, 1, 0
125, 4, -1
126, 2, 0
124, 3, -1
125, 2, -1
125, 3, 0
125, 2, -1
125, 2, 0
125, 3, -1
125, 2, -1
126, 3, -1
124, 2, 0
126, 3, -1
125, 2, 0
124, 3, -1
125, 2, -1
127, 3, 0
123, 2, -1
126, 3, -1
124, 2, 0
127, 3, -1
124, 2, 0
124, 3, -1
126, 2, -1
124, 3, -1
125, 2, 0
126, 3, -1
124, 2, 0
125, 3, -1
134, 2, -1
115, 3, -1
126, 2, 0
139, 3, -1
112, 2, 0
125, 2, -1
124, 2, 0
125, 3, -1
125, 2, -1
125, 3, -1
125, 2, 0
125, 3, -1
125, 2, 0
123, 3, -1
125, 1, -1
125, 3, 0
125, 2, -1
125, 3, -1
126, 2, 0
125, 3, -1
126, 2, 0
126, 2, -1
123, 2, -1
125, 3, -1
125, 2, 0
124, 2, 0
126, 3, -1
125, 1, -1
124, 3, 0
126, 2, -1
124, 3, -1
125, 1, 0
125, 3, -1
126, 2, 0
125, 3, -1
125, 2, 0
125, 2, -1
125, 2, -1
124, 3, 0
125, 2, -1
126, 2, -1
125, 2, 0
125, 3, -1
125, 1, 0
144, 3, -1
123, 2, 0
122, 2, -1
128, 2, -1
122, 3, 0
110, 2, -1
131, 2, 0
120, 2, -1
124, 2, -1
128, 2, 0
124, 3, -1
125, 1, 0
125, 3, -1
125, 2, 0
125, 2, -1
126, 2, -1
124, 2, 0
126, 2, -1
124, 2, 0
126, 2, -1
128, 2, -1
123, 2, 0
124, 2, -1
126, 2, 0
125, 2, 0
125, 2, -1
122, 2, -1
126, 2, 0
126, 2, -1
125, 2, 0
125, 2, -1
126, 2, -1
124, 1, 0
125, 3, -1
125, 1, 0
125, 3, -1
125, 1, 0
124, 2, -1
125, 2, 0
126, 2, -1
125, 2, 0
125, 2, -1
125, 2, 0
125, 2, -1
124, 1, 0
125, 3, -1
125, 1, 0
125, 2, -1
125, 2, -1
127, 2, 0
124, 2, -1
130, 2, 0
119, 1, -1
125, 2, 0
125, 2, 0
126, 2, -1
124, 1, 0
126, 2, -1
125, 2, 0
124, 2, -1
126, 1, 0
124, 2, -1
125, 2, 0
147, 2, -1
103, 1, 0
126, 2, -1
124, 1, 0
125, 2, -1
125, 2, 0
125, 1, -1
125, 2, 0
125, 1, -1
125, 2, 0
126, 1, -1
125, 2, 0
124, 2, -1
126, 2, 0
124, 1, 0
125, 2, -1
125, 1, 0
125, 2, -1
126, 1, 0
124, 1, -1
126, 2, 0
124, 2, -1
125, 1, 0
125, 1, -1
125, 2, 0
125, 1, 0
126, 1, -1
124, 2, 0
125, 1, -1
125, 2, 0
125, 1, 0
125, 2, -1
126, 1, 0
124, 1, -1
126, 1, 0
124, 2, -1
125, 1, 0
125, 2, -1
125, 1, 0
125, 1, 0
126, 1, -1
124, 2, 0
126, 1, 0
124, 1, -1
125, 1, 0
125, 1, -1
125, 1, 0
125, 2, -1
125, 1, 0
126, 1, 0
125, 1, -1
124, 1, 0
125, 1, 0
127, 1, -1
126, 1, 0
125, 1, -1
122, 1, 0
125, 1, 0
126, 1, -1
124, 1, 0
125, 1, 0
127, 1, -1
124, 1, 0
124, 1, 0
127, 1, -1
123, 1, 0
126, 1, -1
125, 1, 0
124, 1, 0
125, 1, -1
125, 1, 0
131, 1, 0
124, 1, -1
248, 1, 0
123, 1, -1
124, 1, 0
125, 1, 0
125, 1, -1
250, 1, 0
125, 1, -1
249, 1, 0
126, 1, 0
125, 0, -1
125, 1, 0
125, 1, 0
139, 1, -1
236, 1, 0
249, 1, -1
251, 1, 0
126, 1, 0
125, 0, -1
124, 1, 0
249, 1, 0
126, 0, -1
125, 1, 0
250, 1, 0
250, 0, -1
126, 1, 0
406, 1, -1
217, 1, 0
379, 0, -1
123, 1, 0
498, 1, 0
126, 0, -1
450, 1, 0
464, 0, -1
623, 1, 0
497, 0, -1
2130, 0, -1
87, -1, 0
1001, -1, 0
785, -1, 0
464, -1, 0
457, 0, -1
166, -1, 0
409, -1, 0
525, -1, 0
352, -1, 0
90, 0, -1
249, -1, 0
410, -1, 0
398, -1, 0
396, -1, 0
59, -1, 0
238, 0, -1
125, -1, 0
251, -1, 0
248, -1, 0
251, -1, 0
266, -1, 0
236, -1, 0
248, -1, 0
247, -1, 0
128, -1, 0
249, -1, 0
125, 0, -1
126, -1, 0
249, -1, 0
125, -1, 0
250, -1, 0
125, -1, 0
249, -1, 0
126, -1, 0
249, -1, 0
127, -1, 0
249, -1, 0
124, -1, 0
126, -1, 0
249, -1, 0
126, -1, 0
125, -1, 0
249, -1, 0
126, -1, 0
125, -1, 0
124, -1, 0
126, -1, 0
250, -1, 0
124, -1, 0
126, -1, 0
125, -1, 0
125, -1, 0
124, -1, 0
125, -1, 0
250, -2, 0
250, -1, 0
125, -1, 0
125, -1, 0
125, -1, 0
126, -1, 0
125, -1, 0
126, -1, 0
125, -1, 0
125, -1, 0
125, -1, 0
138, -2, 0
236, -2, 0
125, -1, 0
126, -1, 0
124, -1, 0
125, -1, 0
125, -1, 0
126, -1, 0
124, -1, 0
132, -2, 0
247, -1, 0
124, -2, 0
124, -1, 0
126, -1, 0
124, -1, 1
125, -2, 0
133, -1, 0
139, -1, 0
103, -1, 0
127, -2, 0
122, -1, 0
125, -1, 0
126, -1, 1
125, -2, 0
125, -1, 0
124, -1, 0
126, -1, 0
124, -2, 0
125, -1, 0
125, -2, 0
125, -1, 1
126, -2, 0
125, -1, 0
124, -2, 0
126, -1, 0
125, -1, 0
125, -1, 1
124, -2, 0
125, -1, 0
125, -2, 0
125, -1, 0
126, -2, 1
126, -1, 0
123, -2, 0
125, -1, 0
125, -2, 1
125, -1, 0
125, -2, 0
126, -1, 0
125, -2, 0
125, -1, 0
124, -2, 1
125, -1, 0
125, -2, 0
126, -2, 0
124, -1, 1
125, -2, 0
125, -1, 0
126, -2, 0
124, -1, 0
128, -2, 1
123, -2, 0
125, -2, 0
124, -1, 0
125, -2, 1
369, -3, 0
11, -2, 1
120, -2, 0
125, -1, 0
125, -2, 1
125, -2, 0
125, -2, 0
126, -1, 0
125, -3, 1
124, -1, 0
125, -2, 0
125, -2, 1
125, -2, 0
125, -1, 0
125, -2, 1
125, -2, 0
126, -2, 0
124, -1, 1
125, -3, 0
125, -1, 0
125, -2, 1
125, -2, 0
125, -2, 0
126, -2, 1
125, -2, 0
125, -1, 0
125, -3, 1
124, -1, 0
125, -3, 1
125, -1, 0
125, -3, 0
125, -1, 1
126, -3, 0
124, -1, 0
125, -3, 1
125, -1, 0
125, -2, 1
125, -2, 0
125, -2, 0
125, -2, 1
126, -2, 0
124, -2, 1
125, -2, 0
125, -3, 1
125, -1, 0
125, -3, 0
125, -2, 1
125, -2, 0
126, -2, 1
124, -2, 0
125, -2, 1
125, -2, 0
125, -2, 1
125, -3, 0
125, -2, 1
125, -2, 0
126, -2, 1
124, -3, 0
125, -1, 1
129, -3, 0
135, -2, 0
112, -2, 1
125, -2, 0
125, -3, 1
125, -2, 0
124, -2, 1
124, -2, 0
125, -3, 1
126, -2, 0
126, -2, 1
124, -2, 0
124, -3, 1
128, -2, 0
123, -3, 1
124, -1, 0
126, -3, 1
125, -2, 0
125, -3, 1
125, -2, 1
124, -3, 0
127, -2, 1
124, -2, 0
124, -2, 1
125, -3, 0
125, -2, 1
125, -3, 0
125, -2, 1
125, -2, 0
126, -3, 1
125, -2, 1
125, -3, 0
125, -1, 1
124, -3, 1
126, -2, 0
124, -3, 1
125, -2, 0
126, -3, 1
125, -2, 0
124, -3, 1
125, -2, 1
126, -3, 0
124, -2, 1
126, -3, 1
125, -2, 0
128, -3, 1
122, -2, 0
126, -3, 1
124, -2, 1
124, -3, 0
125, -3, 1
125, -3, 1
134, -2, 0
116, -3, 1
124, -2, 1
127, -3, 0
125, -2, 1
125, -3, 0
125, -2, 1
125, -3, 1
125, -2, 0
126, -3, 1
124, -3, 1
125, -3, 0
125, -2, 1
125, -3, 1
125, -2, 0
126, -3, 1
124, -2, 1
126, -3, 0
125, -2, 1
124, -4, 1
125, -2, 1
125, -3, 0
132, -2, 1
119, -2, 0
124, -3, 1
126, -3, 1
124, -3, 1
125, -2, 0
125, -3, 1
125, -2, 0
125, -4, 1
126, -2, 1
124, -3, 1
126, -2, 0
124, -3, 1
125, -3, 1
125, -3, 1
125, -2, 0
125, -3, 1
126, -2, 1
124, -4, 0
126, -2, 1
124, -3, 1
125, -2, 0
126, -4, 1
124, -2, 1
125, -3, 1
126, -2, 0
124, -4, 1
126, -2, 1
124, -3, 1
125, -2, 0
125, -4, 1
125, -2, 1
125, -3, 1
125, -2, 0
125, -4, 1
126, -2, 1
124, -3, 1
125, -3, 0
125, -3, 1
125, -2, 1
125, -3, 1
125, -3, 0
125, -3, 1
127, -2, 1
123, -3, 1
125, -3, 0
125, -2, 1
125, -4, 1
125, -2, 0
125, -3, 1
125, -2, 1
126, -4, 1
125, -2, 1
124, -4, 1
125, -2, 0
125, -3, 1
125, -3, 1
146, -3, 1
169, -2, 0
80, -4, 1
105, -2, 1
123, -3, 1
124, -3, 1
125, -3, 1
126, -2, 0
132, -4, 1
119, -2, 1
127, -3, 1
122, -3, 0
124, -3, 1
126, -2, 1
125, -4, 1
127, -2, 1
123, -3, 1
124, -3, 0
126, -3, 1
127, -2, 1
130, -4, 1
120, -2, 1
126, -4, 1
124, -2, 0
127, -3, 1
127, -3, 1
125, -3, 1
124, -2, 1
150, -4, 1
99, -2, 0
122, -3, 1
125, -3, 1
124, -2, 1
125, -4, 0
126, -2, 1
124, -3, 1
126, -3, 1
124, -3, 1
125, -2, 1
125, -4, 1
126, -2, 0
124, -4, 2
126, -2, 0
124, -3, 1
125, -3, 1
126, -3, 1
125, -2, 0
124, -4, 2
126, -2, 0
125, -4, 1
125, -2, 1
124, -3, 1
132, -3, 1
120, -3, 1
125, -2, 0
125, -4, 1
125, -2, 1
125, -4, 1
126, -2, 1
124, -3, 1
125, -3, 0
125, -3, 1
125, -2, 1
125, -4, 1
125, -2, 1
125, -4, 1
126, -2, 1
124, -3, 1
126, -3, 0
125, -3, 1
124, -2, 1
125, -4, 1
146, -2, 1
104, -4, 1
125, -2, 0
125, -3, 2
131, -3, 0
124, -3, 1
122, -2, 1
123, -2, 0
125, -4, 1
124, -2, 1
126, -4, 1
124, -2, 1
125, -3, 1
129, -3, 0
121, -3, 2
125, -2, 0
125, -4, 1
125, -2, 1
126, -3, 1
124, -3, 1
125, -3, 1
125, -2, 0
125, -4, 1
126, -2, 1
125, -4, 1
124, -2, 1
127, -3, 1
124, -2, 1
124, -4, 1
126, -2, 0
125, -3, 1
124, -3, 1
126, -3, 1
124, -2, 1
126, -4, 1
124, -2, 0
125, -3, 1
125, -3, 1
125, -3, 1
125, -2, 1
125, -3, 1
125, -3, 0
126, -3, 1
124, -2, 1
125, -4, 1
125, -2, 1
125, -3, 1
127, -2, 0
128, -4, 1
123, -2, 1
124, -3, 1
124, -2, 1
127, -4, 1
124, -2, 0
124, -2, 1
125, -3, 1
125, -3, 1
125, -3, 1
125, -2, 0
125, -3, 1
125, -3, 1
125, -3, 1
125, -2, 1
125, -3, 0
125, -2, 1
125, -4, 1
125, -2, 1
125, -3, 1
125, -2, 1
125, -3, 1
125, -3, 0
125, -3, 1
146, -2, 1
104, -3, 1
125, -2, 1
125, -4, 0
124, -2, 1
126, -3, 1
125, -2, 1
125, -3, 1
147, -3, 0
107, -3, 1
121, -2, 1
124, -3, 1
125, -2, 0
126, -3, 1
125, -2, 1
125, -4, 1
125, -2, 1
125, -3, 1
125, -2, 0
124, -3, 1
125, -2, 1
125, -3, 1
126, -2, 0
125, -3, 1
124, -2, 1
126, -2, 1
125, -3, 1
124, -2, 0
125, -4, 1
125, -2, 1
126, -3, 1
125, -2, 0
125, -3, 1
124, -2, 1
126, -3, 1
125, -2, 0
124, -3, 1
125, -2, 1
125, -3, 1
125, -2, 0
125, -3, 2
125, -2, 0
126, -3, 1
125, -2, 0
125, -3, 1
124, -2, 1
125, -3, 1
126, -2, 1
124, -3, 0
125, -2, 1
126, -3, 1
124, -2, 0
125, -2, 1
126, -2, 1
124, -3, 1
127, -2, 1
124, -3, 0
124, -2, 1
128, -3, 1
124, -2, 0
126, -2, 1
125, -2, 1
129, -3, 1
119, -2, 0
126, -3, 1
140, -2, 1
128, -3, 1
123, -2, 0
121, -2, 1
131, -2, 1
107, -3, 0
126, -2, 1
124, -2, 0
123, -2, 1
126, -2, 1
125, -3, 1
124, -2, 0
125, -2, 1
127, -2, 1
124, -3, 0
125, -2, 1
124, -2, 1
126, -2, 0
124, -3, 1
125, -1, 1
125, -3, 0
125, -2, 1
125, -2, 0
126, -2, 1
125, -2, 1
125, -2, 0
124, -3, 1
125, -1, 1
140, -3, 1
112, -2, 0
124, -2, 1
125, -2, 0
125, -2, 1
126, -2, 1
123, -3, 0
125, -1, 1
125, -3, 1
125, -1, 0
124, -3, 1
126, -1, 0
125, -3, 1
125, -1, 0
125, -3, 1
125, -1, 1
124, -3, 0
128, -1, 1
123, -3, 0
126, -1, 1
125, -2, 1
126, -2, 0
124, -2, 1
125, -2, 0
125, -1, 1
125, -3, 0
125, -1, 1
125, -2, 1
125, -2, 0
126, -2, 1
124, -2, 0
126, -2, 1
124, -2, 0
125, -2, 1
125, -1, 0
126, -2, 1
124, -2, 0
126, -2, 1
124, -1, 0
125, -2, 1
125, -2, 0
125, -2, 1
125, -1, 0
125, -3, 1
125, -1, 0
126, -2, 1
124, -2, 0
125, -2, 1
126, -1, 0
124, -2, 1
125, -1, 0
125, -2, 1
125, -2, 0
126, -2, 1
124, -1, 0
126, -2, 0
125, -1, 1
124, -2, 0
125, -2, 1
125, -1, 0
125, -2, 0
126, -2, 1
124, -1, 0
125, -2, 1
126, -1, 0
124, -2, 1
125, -1, 0
126, -1, 0
125, -2, 1
125, -1, 0
125, -2, 1
125, -1, 0
124, -2, 0
125, -1, 1
125, -2, 0
129, -1, 0
122, -2, 1
125, -1, 0
124, -2, 0
125, -1, 1
125, -2, 0
125, -1, 0
126, -1, 1
124, -1, 0
125, -2, 1
126, -1, 0
124, -2, 0
125, -1, 1
125, -1, 0
125, -1, 0
125, -2, 0
125, -1, 1
125, -2, 0
126, -1, 0
124, -1, 1
125, -1, 0
125, -2, 0
125, -1, 0
125, -1, 1
126, -1, 0
124, -2, 0
250, -2, 1
125, -1, 0
125, -1, 0
125, -1, 0
133, -2, 1
242, -2, 0
125, -1, 0
124, -1, 1
125, -1, 0
125, -1, 0
125, -1, 0
125, -1, 0
125, -1, 1
125, -1, 0
126, -1, 0
124, -1, 0
125, -1, 1
125, -1, 0
125, -2, 0
250, -2, 0
250, -1, 1
125, -1, 0
125, -1, 0
126, -1, 0
124, -1, 0
125, -1, 0
125, -1, 0
126, -1, 1
125, -1, 0
124, -1, 0
125, -1, 0
249, -1, 0
126, -1, 0
125, -1, 1
125, -1, 0
126, -1, 0
249, -1, 0
125, -1, 0
125, -1, 0
250, -1, 1
126, -1, 0
126, -1, 0
249, -1, 0
125, -1, 0
249, -1, 0
126, -1, 0
250, -1, 0
256, -1, 0
119, 0, 1
125, -1, 0
124, -1, 0
249, -1, 0
251, -1, 0
249, -1, 0
250, -1, 0
435, -1, 0
190, -1, 0
419, -1, 0
332, -1, 0
420, -1, 0
498, -1, 0
499, -1, 0
754, -1, 0
6137, 1, 0
981, 1, 0
962, 1, 0
536, 1, 0
747, 1, 0
503, 1, 0
624, 1, -1
340, 1, 0
415, 1, 0
396, 1, 0
381, 1, 0
182, 0, -1
125, 1, 0
394, 1, 0
234, 1, 0
245, 1, 0
125, 0, -1
251, 1, 0
251, 1, 0
249, 1, 0
250, 1, -1
250, 1, 0
251, 1, 0
249, 1, -1
250, 1, 0
250, 1, 0
252, 1, -1
124, 1, 0
251, 1, 0
126, 1, 0
123, 0, -1
125, 1, 0
251, 1, 0
124, 1, 0
125, 1, -1
249, 1, 0
251, 1, 0
125, 1, -1
126, 1, 0
124, 1, 0
125, 0, -1
124, 1, 0
126, 1, 0
125, 1, 0
125, 1, -1
250, 1, 0
124, 1, 0
129, 1, -1
123, 1, 0
125, 1, 0
125, 0, -1
125, 1, 0
125, 1, 0
126, 1, 0
124, 1, -1
250, 1, -1
125, 1, 0
125, 1, 0
125, 1, 0
125, 1, -1
126, 1, 0
124, 1, 0
125, 1, -1
130, 1, 0
121, 1, 0
124, 1, -1
125, 1, 0
130, 1, -1
127, 1, 0
118, 1, 0
125, 1, -1
123, 1, 0
126, 1, 0
126, 1, -1
125, 1, 0
125, 2, 0
126, 1, -1
124, 1, 0
125, 1, -1
125, 1, 0
125, 1, 0
125, 1, -1
125, 1, 0
125, 2, -1
126, 1, 0
124, 1, 0
125, 1, -1
125, 1, 0
125, 1, 0
125, 2, -1
125, 1, 0
125, 1, -1
126, 1, 0
124, 2, -1
125, 1, 0
125, 1, -1
125, 1, 0
127, 2, 0
126, 1, -1
123, 1, 0
124, 1, -1
125, 2, 0
125, 1, 0
125, 1, -1
125, 1, 0
125, 2, -1
124, 1, 0
125, 1, -1
126, 2, 0
125, 1, 0
125, 2, -1
126, 1, -1
123, 1, 0
125, 2, 0
126, 1, -1
124, 1, 0
127, 2, -1
124, 1, 0
126, 2, -1
124, 1, 0
124, 2, -1
125, 1, 0
125, 2, -1
125, 1, 0
126, 2, 0
124, 1, -1
125, 1, 0
125, 2, -1
125, 2, 0
125, 1, -1
125, 1, 0
125, 2, -1
126, 1, 0
124, 2, -1
125, 2, 0
125, 1, -1
125, 2, 0
125, 1, -1
125, 2, 0
125, 1, -1
126, 2, 0
124, 1, -1
126, 2, 0
125, 1, -1
125, 2, 0
125, 2, -1
125, 2, 0
124, 1, -1
126, 2, 0
124, 1, -1
125, 2, 0
125, 1, -1
125, 2, 0
125, 2, -1
125, 1, 0
125, 2, -1
125, 1, 0
125, 2, -1
125, 2, 0
125, 2, -1
125, 1, 0
125, 2, -1
125, 1, 0
125, 2, -1
126, 2, 0
124, 2, -1
125, 1, 0
125, 2, -1
125, 1, 0
125, 2, -1
125, 2, 0
125, 2, -1
126, 1, -1
124, 2, 0
126, 2, -1
124, 2, 0
125, 1, -1
125, 3, 0
126, 1, -1
124, 2, 0
126, 1, -1
124, 3, -1
125, 1, 0
125, 2, -1
127, 2, 0
123, 2, -1
125, 1, 0
124, 2, -1
126, 2, 0
126, 2, -1
150, 2, 0
99, 2, -1
125, 1, -1
125, 2, 0
125, 2, -1
125, 2, 0
127, 2, -1
123, 2, -1
126, 1, 0
125, 2, 0
124, 2, -1
132, 2, 0
117, 2, -1
127, 1, -1
125, 3, 0
125, 1, -1
124, 3, 0
132, 1, -1
118, 2, -1
126, 2, 0
125, 2, -1
125, 2, 0
126, 2, -1
124, 1, 0
125, 3, -1
125, 1, 0
124, 2, -1
126, 2, 0
124, 2, -1
126, 2, -1
125, 2, 0
125, 2, -1
125, 2, 0
125, 2, -1
126, 2, 0
125, 1, -1
124, 3, -1
125, 1, 0
126, 3, -1
123, 1, 0
125, 3, -1
125, 1, -1
126, 3, 0
125, 1, -1
124, 3, 0
126, 1, -1
125, 3, -1
124, 1, 0
125, 2, -1
125, 2, 0
125, 2, -1
125, 2, 0
126, 2, -1
125, 2, -1
125, 2, 0
124, 2, -1
126, 2, -1
124, 2, 0
125, 2, 0
125, 2, -1
126, 2, -1
125, 2, 0
126, 2, -1
123, 2, -1
125, 1, 0
125, 3, -1
125, 2, 0
126, 2, -1
124, 2, 0
125, 2, -1
126, 2, -1
124, 2, -1
125, 1, 0
125, 3, -1
126, 2, 0
124, 2, -1
125, 2, 0
126, 2, -1
125, 2, -1
124, 2, 0
156, 1, -1
104, 3, -1
114, 1, 0
125, 3, -1
125, 2, 0
126, 2, -1
125, 2, -1
126, 2, 0
123, 2, -1
124, 2, -1
125, 2, 0
125, 2, -1
125, 2, 0
125, 2, -1
126, 2, -1
125, 2, -1
124, 2, 0
126, 2, -1
124, 2, 0
125, 2, -1
126, 2, -1
124, 2, 0
126, 2, -1
124, 2, -1
125, 2, 0
125, 2, -1
125, 2, 0
125, 2, -1
125, 2, -1
126, 2, 0
126, 2, -1
123, 2, -1
125, 2, 0
125, 2, -1
125, 2, -1
125, 2, 0
126, 2, -1
124, 2, -1
126, 2, 0
124, 2, -1
125, 2, -1
125, 2, 0
128, 2, -1
122, 2, -1
125, 2, 0
125, 2, -1
131, 2, -1
120, 2, 0
124, 2, -1
125, 2, -1
125, 2, 0
137, 2, -1
119, 2, -1
123, 2, 0
126, 2, -1
125, 2, 0
126, 2, -1
123, 1, -1
126, 3, 0
124, 1, -1
125, 3, -1
124, 1, 0
126, 3, -1
124, 1, -1
131, 3, 0
120, 1, -1
124, 3, -1
124, 1, 0
125, 2, -1
125, 2, -1
126, 2, 0
124, 2, -1
126, 2, -1
127, 2, 0
127, 1, -1
122, 3, -1
125, 1, 0
123, 2, -1
126, 2, 0
123, 2, -1
126, 2, -1
126, 2, 0
124, 2, -1
125, 2, -1
125, 1, 0
125, 2, -1
125, 2, 0
125, 2, -1
125, 2, -1
125, 2, 0
125, 2, -1
125, 2, -1
125, 1, 0
125, 3, -1
125, 1, -1
125, 2, 0
125, 2, -1
125, 2, -1
125, 1, 0
125, 3, -1
125, 1, 0
125, 2, -1
126, 2, -1
124, 2, 0
125, 1, -1
125, 3, -1
125, 1, 0
129, 2, -1
122, 2, 0
124, 2, -1
125, 1, -1
125, 2, -1
125, 2, 0
125, 2, -1
125, 1, 0
125, 2, -1
125, 2, -1
125, 1, 0
125, 2, -1
125, 2, 0
125, 2, -1
125, 1, -1
125, 2, 0
125, 2, -1
125, 2, -1
125, 1, 0
125, 2, -1
125, 2, 0
125, 2, -1
125, 1, -1
125, 2, 0
125, 2, -1
125, 2, -1
125, 1, 0
126, 2, -1
124, 1, 0
125, 2, -1
125, 2, 0
125, 2, -1
125, 1, -1
125, 2, 0
125, 2, -1
126, 2, 0
124, 1, -1
126, 2, -1
124, 1, 0
125, 2, -1
125, 1, 0
125, 2, -1
125, 2, -1
126, 2, 0
124, 1, -1
125, 2, 0
126, 1, -1
124, 2, -1
125, 1, 0
125, 2, -1
125, 1, 0
125, 2, -1
125, 2, 0
125, 2, -1
125, 1, -1
125, 2, 0
125, 1, -1
125, 2, 0
125, 1, -1
126, 1, 0
124, 2, -1
125, 1, 0
125, 2, -1
125, 1, 0
125, 2, -1
125, 1, -1
125, 2, 0
126, 2, -1
123, 1, 0
126, 1, -1
125, 2, 0
125, 1, -1
124, 2, 0
126, 1, -1
125, 2, -1
125, 1, 0
125, 2, -1
124, 1, 0
126, 2, -1
125, 1, 0
125, 2, -1
124, 1, 0
125, 1, -1
126, 2, 0
124, 1, -1
125, 1, 0
126, 2, -1
128, 1, 0
144, 2, -1
101, 1, 0
148, 1, -1
125, 1, 0
115, 2, -1
128, 1, 0
125, 2, -1
130, 1, 0
106, 1, -1
124, 2, 0
126, 1, -1
125, 1, 0
125, 2, -1
125, 1, 0
124, 1, -1
125, 1, 0
125, 1, -1
126, 2, 0
124, 1, -1
126, 2, 0
124, 0, -1
125, 2, 0
125, 1, -1
126, 1, 0
124, 1, -1
127, 2, 0
123, 1, 0
127, 1, -1
123, 1, 0
125, 2, -1
125, 1, 0
125, 1, -1
125, 1, 0
131, 2, -1
119, 1, 0
126, 1, -1
124, 1, 0
125, 1, -1
125, 1, 0
125, 2, -1
250, 2, -1
125, 1, 0
126, 1, 0
124, 1, -1
125, 1, 0
125, 1, -1
125, 1, 0
125, 1, 0
137, 2, -1
248, 2, -1
116, 1, 0
125, 1, -1
125, 1, 0
125, 1, -1
125, 1, 0
125, 1, 0
126, 1, -1
125, 1, 0
124, 1, -1
125, 1, 0
125, 1, 0
126, 1, -1
124, 1, 0
125, 0, -1
126, 2, 0
249, 2, -1
250, 1, 0
129, 1, -1
121, 1, 0
126, 1, -1
125, 1, 0
126, 1, 0
123, 1, -1
125, 1, 0
129, 1, -1
247, 1, 0
125, 1, 0
125, 1, -1
126, 1, 0
123, 1, -1
250, 1, 0
125, 1, -1
125, 1, 0
250, 1, -1
126, 1, 0
124, 1, 0
126, 0, -1
124, 1, 0
126, 1, -1
124, 1, 0
249, 1, 0
127, 1, -1
124, 1, 0
250, 1, -1
125, 1, 0
250, 1, -1
125, 1, 0
250, 1, -1
125, 1, 0
250, 1, -1
250, 1, 0
125, 1, 0
126, 0, -1
124, 1, 0
249, 1, -1
126, 1, 0
250, 1, 0
125, 0, -1
126, 1, 0
249, 1, 0
125, 0, -1
125, 1, 0
250, 1, -1
250, 1, 0
250, 1, -1
383, 1, 0
121, 0, -1
123, 1, 0
373, 1, -1
249, 1, 0
375, 1, 0
126, 0, -1
249, 1, 0
250, 0, -1
126, 1, 0
499, 1, -1
500, 1, 0
250, 0, -1
252, 1, 0
534, 0, -1
98, 1, 0
777, 0, -1
103, 1, 0
865, 0, -1
796, 1, 0
701, 0, -1
3429, 0, -1
1250, -1, 0
1501, -1, 0
620, 0, -1
701, -1, 0
1006, -1, 0
751, 0, -1
124, -1, 0
928, -1, 0
690, -1, 0
684, -1, -1
567, -1, 0
664, -1, 0
497, 0, -1
89, -1, 0
518, -1, 0
520, -1, 0
392, -1, 0
499, -1, 0
321, -1, -1
388, -1, 0
543, -1, 0
319, -1, 0
374, -1, 0
429, -1, 0
321, -1, -1
376, -1, 0
249, -1, 0
426, -1, 0
324, -1, 0
250, -1, 0
425, -1, 0
200, -1, 0
424, -1, 0
203, -1, 0
248, -1, 0
374, -1, 0
249, -1, 0
251, -1, 0
376, -1, 0
250, -1, 0
250, -1, 0
249, -1, 0
251, -1, 0
250, -1, 0
250, -1, 0
250, -1, 0
250, -1, 0
250, -1, 0
250, -1, 0
250, -1, 0
253, -1, 0
247, -1, 0
258, -1, 0
241, -1, 0
250, -1, 0
251, -1, 0
125, -1, 0
249, -1, 0
250, -1, 0
250, -1, 0
126, -1, 0
375, -1, 0
125, -1, 0
249, -1, 0
251, -1, 0
125, -1, 0
249, -1, 0
250, -1, 0
250, -1, 0
126, -1, 0
250, -1, 1
249, -1, 0
126, -1, 0
249, -1, 0
250, -1, 0
127, -1, 0
248, -1, 0
127, -1, 0
249, -1, 0
250, -1, 1
250, -1, 0
125, -1, 0
125, -1, 0
250, -1, 0
250, -1, 0
126, -1, 0
248, -1, 0
126, -1, 0
125, 0, 1
125, -1, 0
249, -1, 0
127, -1, 0
248, -1, 0
250, -1, 0
126, -1, 0
249, -1, 0
127, -1, 0
124, 0, 1
125, -1, 0
126, -1, 0
249, -1, 0
126, -1, 0
249, -1, 0
250, -1, 0
125, -1, 0
125, -1, 1
267, -1, 0
108, -1, 0
249, -1, 0
126, -1, 0
249, -1, 0
268, -1, 1
107, -1, 0
126, -1, 0
249, -1, 0
126, -1, 0
249, -1, 0
126, -1, 0
250, -1, 1
125, -1, 0
250, -1, 0
125, -1, 0
124, -1, 0
250, -1, 0
250, -1, 0
126, -1, 1
124, -1, 0
250, -1, 0
250, -1, 0
126, -1, 0
124, -1, 0
250, -1, 1
126, -1, 0
248, -1, 0
127, -1, 0
250, -1, 0
125, -1, 0
125, -1, 0
256, -1, 1
138, -1, 0
109, -1, 0
246, -1, 0
250, -1, 0
126, -1, 1
125, -1, 0
249, -1, 0
127, -1, 0
124, -1, 0
249, -1, 0
126, -1, 0
125, 0, 1
125, -1, 0
125, -1, 0
249, -1, 0
126, -1, 0
250, -1, 0
125, -1, 0
126, -1, 1
249, -1, 0
125, -1, 0
125, -1, 0
249, -1, 0
250, -1, 1
126, -1, 0
125, -1, 0
249, -1, 0
126, -1, 0
125, -1, 0
249, -1, 0
126, -1, 1
249, -1, 0
127, -1, 0
249, -1, 0
125, -1, 0
125, -1, 0
126, 0, 1
125, -1, 0
124, -1, 0
250, -1, 0
125, -1, 0
125, -1, 0
249, -1, 0
127, -1, 1
248, -1, 0
128, -1, 0
123, -1, 0
249, -1, 0
251, -1, 0
125, -1, 1
249, -1, 0
126, -1, 0
125, -1, 0
249, -1, 0
126, -1, 0
126, -1, 1
248, -1, 0
251, -1, 0
125, -1, 0
125, -1, 0
249, -1, 0
126, -1, 0
125, 0, 1
126, -1, 0
124, -1, 0
249, -1, 0
127, -1, 0
124, -1, 0
249, -1, 0
126, 0, 1
125, -1, 0
125, -1, 0
125, -1, 0
249, -1, 0
126, -1, 0
249, -1, 0
126, -1, 1
249, -1, 0
126, -1, 0
249, -1, 0
125, -1, 0
250, -1, 0
126, -1, 0
125, 0, 1
126, -1, 0
124, -1, 0
249, -1, 0
126, -1, 0
249, -1, 0
125, -1, 0
250, -1, 1
126, -1, 0
249, -1, 0
251, -1, 0
125, -1, 0
126, -1, 0
256, -1, 0
124, -1, 0
132, 0, 1
112, -1, 0
249, -1, 0
126, -1, 0
249, -1, 0
126, -1, 0
249, -1, 0
145, -1, 0
231, -1, 1
249, -1, 0
126, -1, 0
252, -1, 0
124, -1, 0
249, -1, 0
126, -1, 1
248, -1, 0
250, -1, 0
126, -1, 0
250, -1, 0
249, -1, 0
125, -1, 0
250, -1, 0
126, 0, 1
125, -1, 0
125, -1, 0
124, -1, 0
250, -1, 0
250, -1, 0
127, -1, 0
249, -1, 0
249, -1, 1
126, -1, 0
249, -1, 0
250, -1, 0
126, -1, 0
249, -1, 0
250, -1, 0
125, -1, 0
126, 0, 1
125, -1, 0
249, -1, 0
125, -1, 0
250, -1, 0
250, -1, 0
251, -1, 0
249, -1, 1
250, -1, 0
125, -1, 0
251, -1, 0
249, -1, 0
126, -1, 0
249, -1, 0
250, -1, 0
250, -1, 0
126, -1, 0
124, 0, 1
125, -1, 0
250, -1, 0
250, -1, 0
250, -1, 0
250, -1, 0
125, -1, 0
250, -1, 0
251, -1, 1
250, -1, 0
249, -1, 0
250, -1, 0
254, -1, 0
246, -1, 0
250, -1, 0
251, -1, 0
124, -1, 0
250, -1, 0
125, 0, 1
250, -1, 0
250, -1, 0
253, -1, 0
248, -1, 0
250, -1, 0
249, -1, 0
256, -1, 0
370, -1, 0
125, -1, 0
249, 0, 1
126, -1, 0
249, -1, 0
250, -1, 0
250, -1, 0
418, -1, 0
207, -1, 0
250, -1, 0
251, -1, 0
441, -1, 0
183, -1, 1
417, -1, 0
209, -1, 0
422, -1, 0
202, -1, 0
421, -1, 0
204, -1, 0
375, -1, 0
250, -1, 0
375, -1, 0
376, -1, 1
249, -1, 0
418, -1, 0
332, -1, 0
418, -1, 0
332, -1, 0
375, -1, 0
416, -1, 0
334, -1, 0
375, -1, 0
545, -1, 0
330, -1, 0
416, -1, 0
504, -1, 0
331, -1, 0
125, 0, 1
249, -1, 0
500, -1, 0
375, -1, 0
547, -1, 0
497, -1, 0
501, -1, 0
625, -1, 0
330, -1, 0
675, -1, 0
579, -1, 0
545, -1, 0
702, -1, 0
499, -1, 0
751, -1, 0
875, -1, 0
799, -1, 0
747, -1, 0
955, -1, 0
1049, -1, 0
892, -1, 0
932, -1, 0
1584, -1, 0
166, 0, -1
1300, -1, 0
1503, -1, 0
1868, -1, 0
93, 0, -1
1802, -1, 0
2094, -1, 0
1513, 0, -1
1002, -1, 0
2003, -1, 0
1124, 0, -1
993, -1, 0
2256, -1, 0
575, 0, -1
1428, -1, 0
1872, -1, 0
325, 0, -1
1556, -1, 0
1115, 0, -1
749, -1, 0
2001, -1, 0
330, 0, -1
1250, -1, 0
1294, 0, -1
205, -1, 0
1544, -1, 0
1003, 0, -1
620, -1, 0
1251, -1, 0
498, 0, -1
887, -1, 0
1322, 0, -1
250, -1, 0
1377, -1, 0
1077, 0, -1
172, -1, 0
1694, -1, 0
602, 0, -1
705, -1, 0
1543, -1, 0
462, 0, -1
1126, -1, 0
1561, -1, 0
60, 0, -1
1684, -1, 0
1500, 0, -1
334, -1, 0
1918, -1, 0
748, 0, -1
1103, -1, 0
1983, 0, -1
249, -1, 0
2627, -1, 0
777, 0, -1
1513, -1, 0
2123, 0, -1
961, -1, 0
2410, 0, -1
1007, -1, 0
2496, 0, -1
2883, -1, 0
1618, 0, -1
3589, -1, 0
871, 0, -1
3789, 0, -1
3624, -1, -1
3373, 0, -1
3125, 0, -1
1465, -1, 0
1285, 0, -1
3467, 0, -1
1625, -1, 0
1156, 0, -1
2968, 0, -1
3295, -1, -1
2738, 0, -1
2963, -1, 0
249, 0, -1
3246, 0, -1
2258, -1, 0
745, 0, -1
3051, 0, -1
199, -1, 0
2796, 0, -1
1623, -1, 0
1127, 0, -1
2622, -1, 0
214, 0, -1
2790, -1, -1
2245, -1, -1
2347, 0, -1
123, -1, 0
1911, -1, 0
453, 0, -1
1540, -1, 0
464, 0, -1
1130, -1, 0
996, 0, -1
371, -1, 0
1386, -1, 0
238, 0, -1
1003, -1, 0
999, 0, -1
368, -1, 0
1022, -1, 0
737, 0, -1
498, -1, 0
996, -1, 0
739, 0, -1
242, -1, 0
999, -1, 0
751, 0, -1
124, -1, 0
877, -1, 0
904, -1, 0
496, 0, -1
351, -1, 0
877, -1, 0
745, -1, 0
402, 0, -1
361, -1, 0
738, -1, 0
750, -1, 0
249, 0, -1
528, -1, 0
598, -1, 0
652, -1, 0
629, -1, 0
646, 0, -1
196, -1, 0
669, -1, 0
635, -1, 0
572, -1, 0
660, -1, 0
530, 0, -1
61, -1, 0
665, -1, 0
715, -1, 0
496, -1, 0
649, -1, 0
224, 0, -1
403, -1, 0
498, -1, 0
599, -1, 0
749, -1, 0
538, -1, 0
587, -1, 0
663, -1, 0
211, 0, -1
251, -1, 0
670, -1, 0
641, -1, 0
606, -1, 0
460, -1, 0
750, -1, 0
500, -1, 0
125, 0, -1
433, -1, 0
729, -1, 0
462, -1, 0
625, -1, 0
662, -1, 0
635, -1, 0
379, 0, -1
199, -1, 0
626, -1, 0
662, -1, 0
665, -1, 0
673, -1, 0
714, -1, 0
535, -1, 0
777, -1, 0
98, 0, -1
541, -1, 0
709, -1, 0
793, -1, 0
581, -1, 0
788, -1, 0
213, 0, -1
536, -1, 0
840, -1, 0
748, -1, 0
892, -1, 0
521, 0, -1
337, -1, 0
796, -1, 0
955, -1, 0
875, -1, 0
411, 0, -1
589, -1, 0
1000, -1, 0
1125, -1, 0
536, 0, -1
464, -1, 0
1550, -1, 0
1239, -1, 0
587, 0, -1
909, -1, 0
1502, -1, 0
1023, 0, -1
1236, -1, 0
2206, -1, 0
2668, 0, -1
1622, -1, 0
26769, -1, 0
94638, 0, 0
82102, 0, 0
