616, 0, 0
3622, -1, 0
5159, -1, 0
17217, -1, 0
4495, -1, 0
1611, -1, 0
1376, -1, 0
114, 0, 1
871, -1, 0
752, -1, 0
122, 0, 1
510, -1, 0
637, -1, 0
248, 0, 1
245, -1, 0
505, -1, 0
245, 0, 1
113, -1, 0
517, -1, 0
246, -1, 1
516, -1, 0
238, 0, 1
116, -1, 0
250, -1, 0
249, -1, 0
126, 0, 1
250, -1, 0
252, -1, 0
131, 0, 1
120, -1, 0
251, -1, 0
243, -1, 1
376, -1, 0
121, 0, 1
126, -1, 0
252, -1, 0
121, -1, 0
127, 0, 1
123, -1, 0
248, -1, 0
126, 0, 1
122, -1, 0
293, -1, 0
100, 0, 1
126, -1, 0
247, -1, 0
105, 0, 1
152, -1, 0
92, -1, 0
250, -1, 1
248, -1, 0
252, -1, 1
247, -1, 0
126, -1, 0
126, 0, 1
126, -1, 0
248, -1, 0
126, -1, 1
252, -1, 0
247, -1, 1
127, -1, 0
249, -1, 0
123, 0, 1
125, -1, 0
125, -1, 0
320, -1, 1
57, -1, 0
250, -1, 0
125, -1, 0
126, 0, 1
126, -1, 0
124, -1, 0
126, 0, 1
124, -1, 0
251, -1, 0
127, -1, 0
124, -1, 1
249, -1, 0
123, -1, 0
126, 0, 1
124, -1, 0
248, -1, 1
125, -1, 0
125, -1, 0
250, -1, 0
128, -1, 1
248, -1, 0
126, -1, 0
250, -1, 1
126, -1, 0
126, -1, 0
246, -1, 1
125, -1, 0
126, -1, 0
253, -1, 1
126, -1, 0
250, -1, 0
126, -1, 0
125, -1, 0
121, 0, 1
126, -1, 0
124, -1, 0
125, -1, 0
250, -1, 1
125, -1, 0
124, -1, 0
249, -1, 1
126, -1, 0
125, -1, 0
250, -1, 0
125, -1, 0
126, -1, 1
247, -1, 0
126, -1, 0
126, -1, 0
124, -1, 0
126, 0, 1
125, -1, 0
124, -1, 0
126, -1, 0
249, -1, 0
126, -1, 1
124, -1, 0
126, -1, 0
125, -1, 0
249, -1, 1
125, -1, 0
125, -1, 0
126, -1, 0
124, -1, 0
250, -1, 1
125, -1, 0
126, -1, 0
249, -1, 0
126, -1, 0
124, -1, 0
126, -1, 0
125, -1, 1
125, -1, 0
249, -1, 0
127, -1, 0
124, -1, 1
124, -1, 0
126, -1, 0
124, -1, 0
126, -1, 0
256, -1, 0
129, -1, 0
114, -1, 1
125, -1, 0
126, -1, 0
250, -1, 0
124, -1, 0
125, -1, 0
125, -1, 0
125, -1, 0
127, -1, 1
124, -1, 0
125, -1, 0
248, -2, 0
251, -1, 0
125, -1, 0
125, -1, 1
126, -1, 0
124, -1, 0
125, -1, 0
125, -1, 0
249, -1, 0
126, -1, 0
125, -1, 1
126, -1, 0
124, -1, 0
125, -1, 0
125, -1, 0
125, -1, 0
126, -1, 0
124, -1, 0
250, -2, 0
250, -1, 1
125, -1, 0
125, -1, 0
125, -1, 0
125, -1, 0
125, -1, 0
126, -1, 0
124, -1, 0
125, -1, 0
125, -1, 0
125, -1, 0
125, -1, 0
249, -1, 1
127, -1, 0
124, -1, 0
125, -1, 0
125, -1, 0
125, -1, 0
126, -1, 0
125, -1, 0
124, -1, 0
175, -1, 0
110, -1, 0
89, -1, 0
125, -1, 0
127, -1, 0
134, -1, 0
115, -1, 0
249, -1, 0
125, -1, 0
125, -1, 1
125, -1, 0
125, -1, 0
125, -1, 0
125, -1, 0
125, -1, 0
126, -1, 0
124, -1, 0
125, -1, 0
249, -1, 0
126, -1, 0
125, -1, 0
125, -1, 0
126, -1, 0
124, -1, 0
125, -1, 0
249, -1, 0
126, -1, 0
125, -1, 0
126, -1, 0
125, -1, 0
248, -1, 0
126, -1, 0
125, -1, 0
125, -1, 0
125, -1, 0
125, -1, 0
250, -1, 0
125, -1, 0
125, -1, 0
249, -1, 0
126, -1, 0
125, -1, 0
126, -1, 0
124, -1, 0
251, -1, 0
125, -1, -1
126, -1, 0
248, -1, 0
126, -1, 0
124, -1, 0
251, -1, 0
125, -1, 0
124, -1, 0
147, -1, 0
232, -1, 0
123, -1, -1
251, -1, 0
123, -1, 0
130, -1, 0
245, -1, 0
161, -1, 0
250, -1, 0
124, -1, 0
124, -1, -1
248, -1, 0
220, -1, 0
123, -1, 0
125, -1, 0
249, -1, -1
253, -1, 0
124, -1, 0
250, -1, 0
250, -1, 0
124, -1, -1
250, -1, 0
125, -1, 0
249, -1, 0
250, -1, -1
126, -1, 0
250, -1, 0
251, -1, 0
125, 0, -1
125, -1, 0
125, -1, 0
251, -1, -1
251, -1, 0
250, -1, 0
249, -1, 0
126, -1, -1
247, -1, 0
251, -1, -1
250, -1, 0
249, -1, 0
251, -1, -1
377, -1, -1
249, -1, 0
248, -1, 0
126, 0, -1
128, -1, 0
248, -1, 0
127, 0, -1
248, -1, 0
249, -1, -1
376, -1, 0
125, 0, -1
124, -1, 0
250, -1, -1
413, -1, 0
89, 0, -1
249, -1, 0
124, 0, -1
251, -1, 0
125, 0, -1
248, -1, 0
250, 0, -1
126, -1, 0
251, 0, -1
249, -1, 0
125, 0, -1
413, -1, -1
463, -1, -1
377, 0, -1
124, -1, 0
250, 0, -1
250, 0, -1
123, -1, 0
249, 0, -1
376, -1, -1
375, 0, -1
374, 0, -1
126, -1, 0
249, 0, -1
253, 0, -1
376, 0, -1
253, -1, 0
120, 0, -1
373, 0, -1
250, 0, -1
377, 0, -1
377, 0, -1
247, 0, -1
374, 0, -1
251, 0, -1
375, 0, -1
251, 0, -1
373, 0, -1
375, 0, -1
250, 0, -1
401, 0, -1
224, 0, -1
376, 0, -1
250, 0, -1
400, 1, -1
225, 0, -1
401, 0, -1
99, 1, 0
124, 0, -1
401, 0, -1
224, 1, -1
401, 0, -1
374, 1, -1
224, 0, -1
404, 1, -1
220, 0, -1
250, 1, 0
126, 0, -1
249, 0, -1
126, 1, 0
249, 0, -1
251, 1, -1
375, 1, -1
253, 0, -1
125, 1, 0
248, 0, -1
126, 1, 0
125, 0, -1
373, 1, -1
251, 0, -1
125, 1, 0
250, 0, -1
125, 1, 0
126, 0, -1
248, 1, 0
125, 0, -1
249, 1, 0
127, 0, -1
124, 1, 0
125, 0, -1
249, 1, 0
126, 0, -1
249, 1, 0
127, 0, -1
124, 1, 0
125, 0, -1
249, 1, 0
127, 0, -1
126, 1, 0
125, 0, -1
251, 1, 0
123, 0, -1
125, 1, 0
249, 0, -1
127, 1, 0
250, 1, -1
272, 1, -1
261, 1, 0
126, 0, -1
249, 1, 0
96, 0, -1
165, 1, 0
206, 1, -1
248, 1, 0
126, 0, -1
126, 1, 0
249, 1, -1
249, 1, -1
252, 1, 0
124, 0, -1
250, 1, 0
125, 1, -1
249, 1, 0
126, 0, -1
125, 1, 0
249, 1, -1
251, 1, 0
252, 0, -1
251, 1, 0
125, 1, -1
125, 1, 0
124, 0, -1
124, 1, 0
124, 1, 0
253, 1, -1
251, 1, -1
248, 1, 0
249, 1, -1
249, 1, -1
128, 1, 0
248, 1, 0
127, 0, -1
124, 1, 0
126, 1, 0
123, 0, -1
125, 1, 0
249, 1, -1
251, 1, 0
125, 1, 0
125, 0, -1
125, 1, 0
250, 1, -1
125, 1, 0
250, 1, -1
249, 1, 0
126, 1, -1
249, 1, 0
250, 1, -1
127, 1, 0
248, 1, -1
250, 1, 0
126, 1, -1
250, 1, 0
249, 1, -1
126, 1, 0
132, 1, 0
196, 0, -1
48, 1, 0
354, 1, -1
19, 1, 0
239, 1, 0
182, 1, -1
313, 1, 0
26, 1, 0
126, 0, -1
124, 1, 0
126, 1, 0
121, 0, -1
129, 1, 0
123, 1, 0
252, 1, -1
124, 1, 0
124, 1, 0
249, 1, -1
251, 1, 0
126, 1, 0
122, 1, -1
253, 1, 0
116, 1, -1
180, 1, 0
201, 1, 0
126, 1, -1
243, 1, 0
132, 1, 0
124, 0, -1
122, 1, 0
132, 1, 0
124, 1, -1
250, 1, 0
126, 1, 0
129, 1, 0
114, 0, -1
132, 1, 0
124, 1, 0
125, 1, 0
126, 0, -1
116, 1, 0
125, 1, 0
249, 1, -1
126, 1, 0
125, 1, 0
125, 1, 0
126, 0, -1
124, 1, 0
125, 1, 0
126, 1, 0
124, 1, -1
249, 1, 0
126, 1, 0
125, 1, -1
249, 1, 0
127, 1, 0
124, 1, -1
249, 1, 0
126, 1, 0
125, 1, 0
125, 1, -1
125, 1, 0
249, 1, 0
126, 1, -1
125, 1, 0
125, 1, 0
125, 1, 0
251, 1, -1
125, 1, 0
124, 1, 0
125, 1, 0
125, 1, -1
249, 1, 0
126, 1, 0
125, 1, 0
125, 1, -1
125, 1, 0
249, 1, 0
128, 1, 0
125, 1, -1
124, 1, 0
125, 1, 0
125, 1, 0
248, 1, -1
125, 1, 0
126, 1, 0
124, 1, 0
125, 1, 0
126, 1, -1
125, 1, 0
124, 1, 0
126, 1, 0
249, 1, -1
126, 1, 0
125, 1, 0
124, 1, 0
126, 1, 0
125, 1, -1
125, 1, 0
125, 1, 0
124, 1, 0
250, 1, -1
125, 1, 0
127, 1, 0
124, 1, 0
125, 1, 0
125, 1, 0
124, 1, 0
126, 1, -1
126, 1, 0
124, 1, 0
250, 2, 0
125, 0, -1
125, 2, 0
250, 1, 0
125, 1, 0
125, 1, 0
125, 1, -1
125, 1, 0
125, 1, 0
125, 1, 0
124, 1, 0
125, 1, 0
126, 1, 0
125, 1, -1
125, 1, 0
124, 1, 0
126, 1, 0
125, 1, 0
125, 1, 0
124, 1, -1
126, 1, 0
124, 1, 0
126, 1, 0
125, 1, 0
125, 1, 0
125, 1, -1
125, 1, 0
124, 1, 0
126, 1, 0
126, 1, 0
129, 1, 0
120, 1, 0
125, 1, 0
125, 1, -1
125, 1, 0
125, 1, 0
125, 1, 0
125, 1, 0
125, 1, 0
125, 1, 0
124, 1, -1
126, 1, 0
125, 2, 0
256, 2, 0
243, 2, 0
250, 2, 0
126, 1, 0
124, 1, -1
126, 1, 0
125, 1, 0
124, 1, 0
126, 1, 0
124, 1, 0
126, 1, 0
125, 1, 0
125, 1, -1
125, 1, 0
124, 2, 0
249, 2, 0
125, 1, 0
127, 1, 0
125, 1, 0
125, 1, 0
125, 1, 0
125, 1, -1
125, 1, 0
126, 1, 0
123, 1, 0
126, 2, 0
124, 1, 0
250, 2, 0
126, 1, 0
125, 1, 0
126, 1, 0
124, 1, 0
125, 1, 0
125, 2, 0
125, 0, -1
126, 2, 0
129, 1, 0
125, 1, 0
124, 1, 0
127, 1, 0
122, 1, 0
128, 2, 0
249, 2, 0
124, 1, 0
123, 1, 0
124, 1, 0
125, 1, 0
125, 1, 0
126, 2, 0
126, 1, -1
128, 1, 0
122, 1, 0
124, 1, 0
126, 1, 0
125, 1, 0
125, 1, 0
123, 2, 0
126, 1, 0
123, 1, 0
131, 1, 0
123, 1, 0
126, 1, 0
124, 1, 0
124, 1, 0
125, 1, 0
126, 2, 0
125, 1, 0
124, 1, 0
127, 1, 0
126, 1, 0
125, 1, 0
123, 2, 0
253, 2, -1
122, 1, 0
126, 1, 0
123, 1, 0
128, 1, 0
123, 1, 0
125, 1, 0
126, 1, 0
123, 2, 0
247, 2, 0
145, 1, 0
107, 1, 0
128, 1, 0
124, 1, 0
124, 1, 0
125, 1, 0
126, 1, 0
124, 1, 0
125, 1, 0
125, 1, 0
124, 1, 0
126, 1, 0
124, 1, 0
126, 1, 0
131, 1, 0
118, 1, 0
128, 1, -1
125, 1, 0
125, 1, 0
123, 1, 0
125, 1, 0
125, 1, 0
125, 1, 0
125, 1, 0
125, 1, 0
126, 1, 0
124, 1, 0
128, 1, 0
121, 1, 0
126, 1, 0
124, 1, 0
251, 2, 0
254, 2, 0
249, 2, 0
251, 2, 0
245, 1, 0
125, 1, 0
125, 1, 0
123, 1, 0
173, 1, 0
86, 1, 0
124, 1, 0
124, 1, 0
120, 1, 0
125, 1, 0
122, 1, 0
125, 1, 0
126, 1, 0
126, 1, 0
125, 1, 0
127, 1, 0
126, 1, 0
124, 1, 0
123, 1, 0
250, 1, 0
126, 1, 0
125, 1, 0
124, 1, 0
124, 1, 0
126, 1, 0
124, 1, 0
126, 1, 0
126, 1, 0
125, 1, 0
124, 1, 0
126, 1, 0
248, 1, 0
125, 1, 0
125, 1, 1
125, 1, 0
125, 1, 0
125, 1, 0
125, 1, 0
125, 1, 0
126, 1, 0
248, 1, 0
125, 1, 0
129, 1, 0
123, 1, 0
126, 1, 0
253, 2, 1
247, 1, 0
125, 1, 0
124, 1, 0
251, 1, 0
123, 1, 0
126, 1, 0
127, 1, 0
249, 1, 0
125, 1, 0
124, 1, 0
126, 0, 1
124, 1, 0
125, 1, 0
124, 1, 0
250, 1, 0
125, 1, 0
126, 1, 0
249, 1, 0
126, 1, 0
124, 1, 0
249, 1, 0
127, 1, 1
252, 1, 0
123, 1, 0
248, 1, 0
126, 1, 0
125, 1, 0
254, 1, 1
251, 1, 0
249, 1, 0
129, 1, 0
245, 1, 0
250, 1, 0
126, 1, 1
246, 1, 0
248, 1, 0
252, 1, 0
126, 1, 0
250, 1, 0
250, 1, 1
249, 1, 0
249, 1, 0
253, 1, 0
251, 1, 1
250, 1, 0
249, 1, 0
249, 1, 0
374, 1, 0
125, 0, 1
126, 1, 0
377, 1, 0
375, 1, 0
125, 0, 1
125, 1, 0
401, 1, 0
373, 1, 0
226, 0, 1
269, 1, 0
380, 1, 0
347, 0, 1
127, 1, 0
623, 1, 0
253, 0, 1
247, 1, 0
635, 1, 0
246, 0, 1
879, 1, 0
122, 0, 1
1513, 0, 1
1627, 0, 1
1873, 0, 1
612, -1, 0
1032, -1, 0
844, -1, 0
120, 0, 1
625, -1, 0
751, -1, 0
500, -1, 0
628, -1, 0
498, -1, 0
247, 0, 1
250, -1, 0
506, -1, 0
386, -1, 0
522, -1, 0
352, -1, 1
490, -1, 0
377, -1, 0
368, -1, 0
250, -1, 0
383, 0, 1
116, -1, 0
253, -1, 0
376, -1, 0
248, -1, 0
384, -1, 0
247, -1, 0
382, -1, 1
239, -1, 0
255, -1, 0
366, -1, 0
251, -1, 0
250, -1, 1
249, -1, 0
249, -1, 0
249, -1, 0
283, -1, 0
92, -1, 0
282, -1, 0
220, -1, 1
253, -1, 0
250, -1, 0
247, -1, 0
125, -1, 0
252, -1, 0
254, -1, 0
243, -1, 1
125, -1, 0
250, -1, 0
125, -1, 0
250, -1, 0
127, -1, 0
124, -1, 0
288, -1, 1
220, -1, 0
117, -1, 0
125, -1, 0
249, -1, 0
126, -1, 0
250, -1, 0
126, -1, 0
124, -1, 0
125, -1, 0
250, -1, 1
125, -1, 0
126, -1, 0
250, -1, 0
126, -1, 0
125, -1, 0
127, -1, 0
252, -1, 0
124, -1, 0
121, -1, 0
150, -1, 1
112, -1, 0
251, -1, 0
120, -1, 0
124, -1, 0
117, -1, 0
127, -1, 0
129, -1, 0
122, -1, 0
124, -1, 0
127, -1, 1
251, -2, 0
248, -1, 0
130, -1, 0
118, -1, 0
125, -1, 0
127, -1, 0
125, -1, 0
124, -1, 0
156, -1, 0
198, -1, 0
50, -1, 0
112, -2, 1
234, -1, 0
158, -1, 0
92, -1, 0
126, -2, 0
248, -2, 0
124, -1, 0
154, -1, 0
98, -1, 0
123, -1, 0
127, -1, 0
125, -1, 1
123, -1, 0
125, -2, 0
126, -1, 0
124, -1, 0
132, -1, 0
121, -2, 0
251, -2, 0
125, -1, 0
129, -1, 0
117, -1, 0
125, -2, 0
126, -1, 0
128, -1, 1
122, -1, 0
124, -2, 0
128, -1, 0
124, -1, 0
125, -1, 0
126, -1, 0
126, -2, 0
126, -1, 0
125, -2, 0
126, -1, 0
123, -1, 0
124, -1, 0
145, -2, 0
124, -1, 0
106, -2, 0
124, -1, 0
124, -2, 1
126, -1, 0
132, -1, 0
120, -2, 0
124, -1, 0
125, -1, 0
126, -2, 0
124, -1, 0
126, -2, 0
124, -1, 0
125, -2, 0
125, -1, 0
125, -2, 0
125, -1, 0
124, -2, 0
125, -1, 0
124, -2, 1
128, -1, 0
124, -2, 0
127, -1, 0
123, -1, 0
126, -2, 0
127, -2, 0
123, -1, 0
125, -2, 0
124, -2, 0
126, -1, 0
124, -2, 0
125, -1, 0
125, -2, 0
125, -1, 0
124, -2, 1
125, -2, 0
125, -2, 0
127, -1, 0
122, -2, 0
126, -1, 0
128, -2, 0
125, -2, 0
123, -2, 0
126, -1, 0
124, -2, 0
130, -1, 0
122, -2, 0
125, -2, 1
124, -2, 0
125, -1, 0
125, -2, 0
126, -1, 0
136, -3, 0
125, -1, 0
124, -2, 0
120, -2, 0
126, -1, 0
126, -2, 0
116, -2, 0
127, -2, 0
126, -1, 0
123, -2, 1
126, -2, 0
124, -2, 0
124, -1, 0
126, -2, 0
122, -2, 0
127, -2, 0
123, -2, 0
125, -2, 0
126, -1, 0
124, -3, 1
128, -1, 0
126, -2, 0
119, -2, 0
126, -2, 0
126, -1, 0
124, -3, 0
127, -1, 0
123, -2, 0
125, -2, 0
126, -2, 0
124, -2, 0
125, -2, 1
126, -2, 0
124, -2, 0
125, -1, 0
125, -3, 0
126, -1, 0
134, -2, 0
123, -2, 0
121, -2, 0
122, -2, 0
125, -2, 1
125, -2, 0
126, -2, 0
124, -2, 0
126, -2, 0
124, -2, 0
126, -1, 0
124, -3, 0
125, -2, 0
130, -2, 0
119, -1, 1
124, -3, 0
126, -1, 0
124, -3, 0
125, -1, 0
126, -3, 0
125, -1, 0
154, -3, 1
94, -1, 0
125, -2, 0
125, -2, 0
125, -3, 0
124, -1, 0
125, -2, 0
125, -2, 0
126, -2, 1
125, -2, 0
125, -3, 0
128, -1, 0
125, -3, 0
124, -1, 0
124, -2, 0
125, -2, 0
125, -2, 1
124, -2, 0
127, -2, 0
124, -3, 0
123, -1, 0
127, -3, 0
126, -1, 1
124, -3, 0
125, -1, 0
124, -3, 0
125, -2, 0
125, -2, 0
124, -2, 0
125, -2, 1
125, -2, 0
125, -2, 0
125, -2, 0
136, -3, 0
114, -1, 0
126, -3, 0
124, -1, 1
125, -3, 0
125, -1, 0
125, -3, 0
126, -2, 0
140, -2, 1
113, -2, 0
124, -2, 0
124, -2, 0
126, -3, 0
124, -1, 0
124, -2, 1
125, -2, 0
126, -2, 0
126, -3, 0
124, -1, 0
127, -3, 0
124, -1, 1
125, -3, 0
125, -2, 0
125, -2, 0
126, -2, 0
123, -2, 0
125, -2, 1
125, -2, 0
125, -2, 0
126, -3, 0
126, -1, 0
127, -3, 0
123, -1, 1
124, -3, 0
125, -2, 0
128, -2, 0
123, -2, 0
125, -2, 1
124, -2, 0
129, -3, 0
119, -1, 0
132, -3, 0
129, -1, 0
115, -3, 1
124, -1, 0
126, -3, 0
123, -2, 0
127, -2, 0
126, -2, 0
129, -2, 1
125, -2, 0
122, -2, 0
126, -2, 0
124, -2, 1
127, -3, 0
121, -1, 0
124, -3, 0
125, -2, 0
127, -2, 0
124, -2, 1
125, -2, 0
124, -2, 0
126, -2, 0
125, -2, 0
125, -3, 1
126, -1, 0
126, -3, 0
125, -2, 0
258, -2, 1
245, -2, 0
123, -6, 0
126, -2, 0
125, -3, 1
124, -1, 0
124, -3, 0
124, -1, 0
124, -3, 1
125, -2, 0
128, -2, 0
131, -2, 0
125, -2, 0
115, -2, 1
126, -2, 0
125, -2, 0
125, -2, 0
125, -2, 0
125, -2, 1
125, -3, 0
126, -1, 0
124, -3, 0
127, -1, 1
127, -3, 0
121, -2, 0
125, -2, 0
126, -2, 0
124, -2, 1
126, -2, 0
124, -2, 0
125, -2, 0
125, -2, 1
125, -2, 0
125, -3, 0
125, -1, 0
125, -3, 0
126, -1, 1
124, -3, 0
125, -1, 0
125, -3, 0
125, -1, 0
125, -3, 1
125, -1, 0
125, -3, 0
126, -2, 1
198, -1, 0
74, -2, 0
135, -2, 0
91, -2, 0
125, -2, 0
125, -2, 1
124, -2, 0
126, -2, 0
124, -2, 0
125, -3, 1
125, -1, 0
125, -3, 0
125, -1, 0
125, -2, 0
125, -2, 1
127, -3, 0
124, -1, 0
124, -2, 0
126, -2, 1
124, -2, 0
125, -2, 0
125, -2, 0
125, -2, 1
126, -2, 0
124, -2, 0
125, -2, 0
125, -2, 1
125, -2, 0
125, -1, 0
126, -3, 0
125, -1, 0
125, -3, 1
124, -1, 0
127, -3, 0
124, -1, 0
125, -2, 0
125, -2, 1
125, -1, 0
125, -3, 0
126, -1, 1
124, -3, 0
125, -1, 0
125, -2, 0
125, -2, 0
126, -2, 1
125, -2, 0
124, -2, 0
126, -1, 1
124, -3, 0
125, -1, 0
125, -2, 0
125, -2, 0
127, -2, 1
124, -2, 0
124, -2, 0
127, -1, 0
124, -2, 0
126, -2, 1
123, -2, 0
125, -2, 0
125, -2, 0
125, -1, 1
125, -2, 0
126, -2, 0
126, -2, 0
124, -1, 1
125, -2, 0
124, -2, 0
126, -1, 0
124, -2, 0
125, -2, 1
126, -2, 0
124, -1, 0
125, -2, 0
125, -2, 1
125, -2, 0
125, -1, 0
125, -2, 0
125, -2, 0
126, -2, 1
124, -1, 0
125, -2, 0
125, -2, 0
125, -2, 1
127, -1, 0
123, -2, 0
125, -1, 0
126, -2, 0
124, -2, 1
126, -2, 0
124, -1, 0
125, -2, 0
127, -1, 0
124, -2, 1
124, -2, 0
127, -2, 0
124, -1, 0
148, -2, 1
188, -1, 0
64, -2, 0
127, -2, 0
126, -1, 0
119, -2, 1
117, -1, 0
112, -2, 0
125, -1, 0
127, -2, 0
125, -1, 1
124, -2, 0
125, -2, 0
125, -1, 0
125, -2, 0
124, -1, 1
126, -2, 0
125, -1, 0
124, -2, 0
125, -2, 0
126, -1, 1
125, -2, 0
125, -1, 0
124, -1, 0
125, -2, 0
125, -1, 1
125, -2, 0
125, -1, 0
127, -1, 0
123, -2, 0
127, -1, 0
123, -2, 0
125, -1, 1
126, -2, 0
124, -1, 0
125, -2, 0
125, -1, 1
125, -2, 0
126, -1, 0
124, -1, 0
125, -2, 0
125, -1, 0
125, -1, 1
126, -2, 0
126, -1, 0
124, -1, 0
125, -2, 0
124, -1, 0
125, -2, 1
125, -1, 0
124, -1, 0
126, -1, 0
124, -2, 0
126, -1, 0
125, -1, 1
125, -1, 0
124, -2, 0
126, -1, 0
125, -2, 0
125, -1, 0
125, -1, 1
126, -1, 0
125, -1, 0
124, -1, 0
124, -2, 0
125, -1, 0
126, -1, 1
126, -1, 0
124, -2, 0
125, -1, 0
127, -1, 0
124, -1, 0
124, -1, 1
126, -1, 0
124, -1, 0
125, -1, 0
125, -1, 0
125, -2, 0
126, -1, 0
124, -1, 1
126, -1, 0
124, -1, 0
125, -1, 0
125, -1, 0
125, -1, 0
125, -1, 1
127, -1, 0
123, -1, 0
125, -1, 0
125, -1, 0
125, -1, 0
125, -1, 0
128, -1, 0
124, -2, 1
249, -1, 0
124, -1, 0
125, -1, 0
125, -1, 0
125, -1, 0
125, -1, 1
126, -1, 0
128, -1, 0
122, -1, 0
250, -1, 0
125, -1, 0
124, -1, 1
125, -1, 0
124, -1, 0
127, -1, 0
248, -1, 0
126, -1, 0
125, -1, 0
125, 0, 1
125, -1, 0
125, -1, 0
126, -1, 0
126, -1, 0
125, -1, 0
251, -1, 0
124, -1, 0
249, -1, 1
126, -1, 0
126, -1, 0
249, -1, 0
125, -1, 0
250, -1, 0
126, -1, 0
257, -1, 0
134, -1, 1
254, -1, 0
227, -1, 0
124, -1, 0
256, -1, 0
248, -1, 1
249, -1, 0
247, -1, 0
250, -1, 0
250, -1, 0
250, -1, 0
294, -1, 0
208, 0, 1
125, -1, 0
251, -1, 0
408, -1, 0
358, -1, 0
384, -1, 0
229, -1, 0
501, -1, 0
247, 0, 1
124, -1, 0
498, -1, 0
503, -1, 0
748, -1, 0
751, -1, 0
1381, -1, 0
4086, 1, 0
805, 1, 0
739, 1, 0
626, 1, 0
613, 1, 0
507, 1, 0
499, 1, 0
376, 1, 0
369, 1, 0
380, 1, 0
377, 1, 0
372, 1, 0
374, 1, 0
374, 1, 0
252, 1, 0
391, 1, 0
240, 1, 0
388, 1, 0
237, 1, 0
370, 1, 0
250, 1, 0
316, 1, 0
257, 1, 0
175, 1, 0
254, 1, 0
351, 1, 0
225, 1, 0
187, 1, 0
235, 1, 0
252, 1, 0
404, 1, 0
222, 1, 0
121, 1, 0
255, 1, 0
119, 1, 0
247, 1, 0
256, 1, 0
247, 1, 0
139, 1, 0
230, 1, 0
250, 1, 0
122, 1, 0
251, 1, 0
250, 1, 0
125, 1, 0
126, 1, 0
250, 1, 0
125, 1, 0
261, 1, 0
115, 1, 0
248, 1, 0
133, 1, 0
155, 1, 0
212, 1, 0
125, 1, 0
250, 1, 0
125, 1, 0
126, 1, 0
254, 1, 0
124, 1, 0
123, 1, 0
125, 1, 0
126, 1, 0
250, 1, 0
124, 1, 0
125, 1, 0
125, 1, 0
127, 1, 0
248, 1, 0
125, 1, 0
125, 1, 0
124, 1, 0
125, 1, 0
252, 2, 0
251, 1, 0
123, 1, 0
127, 1, 0
124, 1, 0
139, 1, 0
187, 1, 0
213, 1, 0
237, 1, 0
103, 2, 0
149, 1, 0
95, 1, 0
125, 1, 0
125, 1, 0
126, 1, 1
126, 1, 0
128, 1, 0
124, 1, 0
122, 1, 0
125, 1, 0
125, 1, 0
125, 1, 0
125, 1, 0
123, 1, 0
125, 1, 0
126, 1, 0
124, 1, 0
125, 1, 0
125, 1, 0
125, 1, 0
124, 1, 0
125, 1, 0
125, 1, 0
126, 1, 0
126, 2, 1
248, 1, 0
126, 2, 0
125, 1, 0
124, 1, 0
127, 1, 0
127, 1, 0
123, 1, 0
125, 1, 0
124, 1, 0
125, 2, 0
252, 2, 0
124, 1, 0
127, 1, 0
124, 1, 0
123, 2, 0
125, 1, 1
125, 1, 0
125, 1, 0
135, 1, 0
116, 1, 0
125, 2, 0
124, 1, 0
125, 1, 0
125, 1, 0
125, 2, 0
125, 1, 0
125, 1, 0
125, 1, 0
126, 1, 0
127, 1, 0
134, 2, 1
122, 1, 0
122, 1, 0
273, 1, 0
241, 1, 0
108, 4, 0
127, 1, 0
124, 2, 0
125, 1, 0
125, 2, 0
124, 1, 0
124, 1, 0
126, 1, 0
124, 2, 1
125, 1, 0
126, 1, 0
125, 2, 0
125, 1, 0
126, 1, 0
125, 2, 0
127, 1, 0
122, 1, 0
124, 2, 0
125, 1, 0
125, 1, 0
125, 2, 0
125, 1, 0
130, 2, 1
121, 1, 0
124, 1, 0
125, 2, 0
125, 1, 0
125, 1, 0
125, 2, 0
126, 1, 0
125, 1, 0
126, 2, 0
126, 1, 0
123, 2, 0
124, 1, 0
126, 2, 0
126, 1, 1
124, 2, 0
124, 1, 0
126, 1, 0
124, 2, 0
125, 1, 0
126, 2, 0
124, 1, 0
125, 1, 0
125, 2, 0
125, 1, 0
126, 2, 0
125, 1, 1
125, 2, 0
124, 1, 0
125, 2, 0
124, 1, 0
126, 2, 0
124, 2, 0
126, 1, 0
127, 1, 0
123, 2, 0
125, 1, 0
124, 2, 0
126, 1, 1
123, 2, 0
127, 1, 0
209, 2, 0
68, 2, 0
106, 1, 0
125, 2, 0
117, 1, 0
131, 2, 0
119, 1, 0
125, 2, 0
125, 1, 0
124, 2, 1
127, 1, 0
123, 2, 0
126, 1, 0
125, 2, 0
124, 1, 0
125, 2, 0
126, 2, 0
124, 1, 0
125, 2, 0
126, 2, 0
125, 1, 0
125, 2, 0
124, 1, 0
126, 2, 0
174, 1, 1
110, 2, 0
90, 1, 0
124, 2, 0
125, 2, 0
129, 1, 0
123, 2, 0
125, 1, 0
126, 2, 0
124, 1, 0
125, 2, 0
125, 2, 0
126, 1, 0
124, 2, 0
125, 2, 0
127, 1, 0
124, 2, 0
124, 1, 1
125, 2, 0
125, 1, 0
123, 2, 0
125, 2, 0
125, 2, 0
125, 1, 0
126, 2, 0
124, 1, 0
125, 2, 0
125, 2, 0
125, 2, 0
125, 1, 0
125, 2, 0
125, 1, 0
126, 2, 0
124, 2, 0
125, 2, 0
125, 1, 0
125, 1, 0
126, 2, 1
124, 2, 0
125, 1, 0
128, 2, 0
131, 2, 0
129, 1, 0
121, 2, 0
118, 1, 0
144, 2, 0
122, 2, 0
124, 2, 0
123, 1, 0
110, 2, 0
126, 1, 0
126, 2, 0
124, 1, 0
126, 2, 0
125, 2, 1
124, 2, 0
125, 1, 0
124, 2, 0
154, 1, 0
97, 2, 0
125, 2, 0
125, 2, 0
127, 1, 0
123, 2, 0
126, 1, 0
126, 2, 0
123, 2, 0
125, 1, 0
124, 2, 0
126, 1, 0
125, 2, 0
124, 1, 0
127, 2, 1
125, 2, 0
124, 2, 0
125, 1, 0
125, 2, 0
125, 1, 0
125, 2, 0
125, 1, 0
126, 2, 0
125, 2, 0
124, 2, 0
125, 1, 0
125, 2, 0
127, 1, 0
123, 2, 0
125, 1, 0
128, 2, 0
128, 2, 0
120, 1, 0
124, 2, 0
126, 2, 0
125, 1, 0
134, 2, 0
128, 1, 0
115, 2, 0
125, 1, 1
123, 2, 0
125, 2, 0
128, 1, 0
273, 2, 0
225, 1, 0
125, 5, 0
124, 1, 0
127, 2, 0
123, 1, 0
135, 2, 0
123, 1, 0
127, 2, 0
117, 1, 0
129, 2, 0
119, 1, 0
125, 2, 0
125, 2, 0
125, 1, 0
125, 2, 0
125, 1, 0
128, 2, 0
122, 1, 0
128, 2, 0
121, 1, 0
125, 2, 1
126, 1, 0
128, 2, 0
123, 1, 0
126, 2, 0
124, 1, 0
125, 1, 0
125, 2, 0
125, 1, 0
125, 2, 0
204, 1, 0
70, 1, 0
103, 2, 0
123, 1, 0
125, 2, 0
122, 1, 0
124, 2, 0
127, 1, 0
128, 2, 0
123, 1, 0
127, 1, 0
123, 2, 0
124, 1, 0
125, 1, 0
128, 2, 0
133, 1, 0
118, 2, 0
123, 1, 0
124, 1, 0
126, 2, 0
127, 1, 0
124, 1, 0
123, 2, 0
129, 1, 0
120, 1, 0
126, 2, 0
125, 1, 0
124, 1, 0
125, 2, 0
127, 1, 1
125, 1, 0
124, 1, 0
125, 1, 0
125, 2, 0
126, 1, 0
124, 1, 0
126, 1, 0
124, 2, 0
126, 1, 0
124, 1, 0
125, 1, 0
127, 1, 0
125, 1, 0
124, 2, 0
126, 1, 0
124, 1, 0
125, 1, 0
125, 2, 0
126, 0, 1
125, 2, 0
125, 1, 0
123, 1, 0
125, 1, 0
125, 1, 0
125, 1, 0
125, 2, 0
125, 1, 0
125, 1, 0
126, 1, 0
124, 1, 0
125, 1, 0
125, 1, 0
125, 1, 0
125, 1, 0
125, 1, 1
124, 1, 0
127, 1, 0
124, 1, 0
130, 1, 0
121, 1, 0
123, 1, 0
125, 1, 0
125, 1, 0
130, 1, 0
125, 1, 0
124, 1, 1
126, 1, 0
123, 1, 0
125, 1, 0
126, 1, 0
126, 1, 0
248, 1, 0
124, 1, 0
153, 1, 0
96, 1, 1
125, 1, 0
249, 1, 0
126, 1, 0
125, 1, 0
250, 1, 1
128, 1, 0
122, 1, 0
252, 1, 0
124, 1, 0
125, 1, 0
249, 1, 1
130, 1, 0
313, 1, 0
187, 1, 0
128, 1, 1
260, 1, 0
237, 1, 0
123, 1, 0
125, 0, 1
125, 1, 0
250, 1, 0
248, 1, 0
128, 0, 1
123, 1, 0
251, 1, 0
250, 1, 1
251, 1, 0
376, 1, 0
125, 0, 1
249, 1, 0
250, 1, 0
375, 1, 1
375, 1, 0
249, 0, 1
125, 1, 0
500, 1, 0
251, 0, 1
249, 1, 0
501, 1, 1
625, 1, 1
625, 1, 0
249, 0, 1
376, 1, 0
503, 0, 1
777, 1, 0
94, 0, 1
751, 0, 1
1002, 0, 1
887, 0, 1
862, 0, 1
1003, 0, 1
1004, 0, 1
744, 0, 1
752, -1, 0
248, 0, 1
905, 0, 1
120, -1, 0
596, 0, 1
502, -1, 0
247, 0, 1
752, -1, 1
748, -1, 1
627, -1, 1
625, 0, 1
126, -1, 0
500, 0, 1
125, -1, 0
502, -1, 1
623, -1, 1
502, -1, 1
499, -1, 1
374, -1, 0
250, 0, 1
250, -1, 0
250, 0, 1
249, -1, 0
377, -1, 1
374, -1, 1
376, -1, 0
123, 0, 1
251, -1, 0
250, 0, 1
250, -1, 0
249, -1, 1
377, -1, 1
374, -1, 0
125, 0, 1
249, -1, 0
125, 0, 1
125, -1, 0
374, -1, 1
375, -1, 1
251, -1, 0
124, 0, 1
251, -1, 0
250, -1, 1
251, -1, 0
124, 0, 1
251, -1, 0
124, 0, 1
125, -1, 0
250, -1, 0
124, 0, 1
123, -1, 0
249, 0, 1
125, -1, 0
250, -1, 0
126, 0, 1
127, -1, 0
124, 0, 1
133, -1, 0
248, -1, 0
202, 0, 1
40, -1, 0
251, -1, 1
249, -1, 0
251, -1, 1
250, -1, 0
126, 0, 1
124, -1, 0
249, -1, 1
252, -1, 0
126, -1, 1
248, -1, 0
251, -1, 1
249, -1, 0
125, -1, 1
251, -1, 0
124, 0, 1
125, -1, 0
123, -1, 0
153, 0, 1
99, -1, 0
250, -1, 0
124, -1, 1
250, -1, 0
126, -1, 1
250, -1, 0
125, 0, 1
199, -1, 0
78, -1, 0
96, 0, 1
125, -1, 0
126, -1, 0
251, -1, 1
125, -1, 0
128, -1, 0
138, 0, 1
108, -1, 0
125, -1, 0
124, 0, 1
126, -1, 0
136, -1, 0
241, -1, 1
123, -1, 0
125, -1, 1
125, -1, 0
249, -1, 0
126, -1, 1
126, -1, 0
248, -1, 1
127, -1, 0
124, -1, 0
125, -1, 1
250, -1, 0
126, -1, 0
125, 0, 1
124, -1, 0
126, -1, 0
124, -1, 1
124, -1, 0
125, -1, 0
126, 0, 1
126, -1, 0
125, -1, 0
123, -1, 0
126, -1, 1
254, -1, 0
122, -1, 1
125, -1, 0
127, -1, 0
123, -1, 1
123, -1, 0
251, -2, 0
126, 0, 1
125, -1, 0
124, -1, 0
125, -1, 1
126, -1, 0
124, -1, 0
126, -1, 1
124, -1, 0
124, -1, 0
126, -1, 0
125, -1, 1
249, -1, 0
125, -1, 1
125, -1, 0
125, -1, 0
125, -1, 1
125, -1, 0
125, -1, 0
125, -1, 0
127, -1, 1
124, -1, 0
124, -1, 0
125, -1, 0
125, -1, 1
126, -1, 0
125, -1, 1
124, -1, 0
126, -1, 0
124, -1, 0
126, -1, 1
126, -1, 0
124, -1, 0
129, -1, 1
121, -1, 0
126, -1, 0
125, -1, 0
123, -1, 1
140, -1, 0
139, -1, 0
125, -1, 1
125, -1, 0
125, -1, 0
125, -1, 0
136, -1, 1
102, -1, 0
110, -1, 0
124, -1, 1
125, -1, 0
125, -2, 0
252, -2, 1
251, -2, 0
124, -1, 1
124, -1, 0
125, -1, 0
129, -1, 0
124, -1, 1
123, -1, 0
125, -1, 0
124, -2, 1
125, -1, 0
131, -1, 0
123, -1, 0
123, -1, 1
124, -1, 0
130, -1, 0
124, -1, 1
122, -2, 0
249, -2, 0
124, -1, 1
126, -1, 0
123, -1, 0
128, -1, 0
124, -1, 1
125, -1, 0
126, -2, 0
125, -1, 1
125, -1, 0
124, -1, 0
126, -1, 0
125, -1, 1
126, -2, 0
249, -2, 0
124, -1, 1
124, -1, 0
125, -1, 0
125, -2, 0
125, 0, 1
130, -2, 0
121, -1, 0
125, -1, 0
125, -1, 1
125, -2, 0
125, -1, 0
125, -1, 0
144, -1, 1
107, -1, 0
124, -1, 0
126, -2, 0
125, -1, 1
124, -1, 0
127, -1, 0
122, -1, 0
125, -2, 1
126, -1, 0
124, -1, 0
125, -1, 0
123, -1, 1
127, -1, 0
125, -2, 0
125, -1, 0
124, -1, 0
127, -1, 1
125, -2, 0
125, -1, 0
126, -1, 0
123, -1, 0
126, -2, 1
250, -2, 0
127, -1, 0
125, -1, 0
124, -1, 1
125, -2, 0
128, -1, 0
123, -1, 0
123, -1, 0
127, -2, 1
129, -1, 0
118, -1, 0
125, -1, 0
125, -1, 0
124, -2, 1
126, -1, 0
127, -1, 0
124, -1, 0
126, -2, 0
124, -1, 1
125, -1, 0
125, -1, 0
125, -1, 0
125, -2, 0
126, -1, 0
126, -1, 1
124, -2, 0
124, -1, 0
125, -1, 0
125, -1, 1
125, -2, 0
250, -2, 0
125, -1, 0
129, -1, 0
121, -1, 1
125, -2, 0
124, -1, 0
128, -1, 0
124, -1, 0
124, -2, 1
126, -1, 0
126, -1, 0
123, -1, 0
125, -1, 0
125, -2, 0
125, -1, 0
125, -1, 1
124, -1, 0
125, -1, 0
133, -1, 0
123, -2, 1
121, -1, 0
123, -1, 0
125, -1, 0
125, -2, 0
126, -1, 0
124, -1, 1
126, -1, 0
125, -2, 0
125, -1, 0
124, -1, 0
125, -1, 0
126, -1, 1
124, -1, 0
125, -2, 0
126, -1, 0
124, -1, 0
125, -1, 0
125, -2, 1
125, -1, 0
124, -1, 0
125, -1, 0
126, -1, 0
126, -1, 0
124, -1, 0
125, -2, 1
125, -1, 0
125, -1, 0
127, -1, 0
124, -2, 0
126, -1, 0
125, -1, 1
125, -1, 0
132, -1, 0
115, -1, 0
127, -2, 0
131, -1, 0
146, -1, 1
109, -1, 0
115, -2, 0
247, -2, 0
124, -1, 0
125, -1, 0
125, -1, 1
125, -1, 0
127, -1, 0
125, -2, 0
124, -1, 0
124, -1, 0
127, -1, 1
127, -1, 0
125, -1, 0
122, -2, 0
125, -1, 0
125, -1, 0
127, -1, 1
124, -1, 0
124, -1, 0
127, -1, 0
125, -1, 0
126, -1, 0
137, -2, 0
111, -1, 0
125, -1, 1
127, -1, 0
123, -1, 0
124, -1, 0
124, -1, 0
126, -1, 0
125, -2, 0
125, -1, 1
124, -1, 0
125, -1, 0
128, -1, 0
124, -1, 0
124, -1, 0
125, -1, 0
126, -2, 1
251, -2, 0
125, -1, 0
125, -1, 0
124, -1, 0
127, -1, 0
123, -1, 0
124, -1, 0
127, -1, 1
123, -1, 0
126, -1, 0
125, -1, 0
124, -1, 0
127, -1, 0
124, -1, 0
125, -1, 0
126, -2, 1
250, -2, 0
124, -1, 0
125, -1, 0
124, -1, 0
125, -1, 0
125, -1, 0
126, -1, 1
125, -1, 0
129, -1, 0
123, -1, 0
123, -1, 0
127, -1, 0
123, -1, 0
125, -1, 0
125, -1, 0
125, -1, 1
124, -1, 0
125, -1, 0
125, -1, 0
125, -1, 0
125, -1, 0
128, -1, 0
123, -1, 0
124, -1, 0
124, -1, 1
126, -1, 0
124, -1, 0
126, -1, 0
124, -1, 0
126, -1, 0
126, -1, 0
124, -1, 0
125, -1, 0
125, -1, 1
125, -1, 0
161, -1, 0
221, -2, 0
268, -2, 0
226, -1, 0
125, -1, 0
125, -1, 1
125, -1, 0
125, -1, 0
126, -1, 0
124, -1, 0
126, -1, 0
125, -1, 0
124, -1, 0
126, -1, 0
249, -1, 0
126, -1, 0
124, -1, 0
125, -1, 1
125, -1, 0
125, -1, 0
249, -2, 0
251, -1, 0
126, -1, 0
124, -1, 0
125, -1, 0
125, -1, 0
250, -1, 0
125, -1, 1
126, -1, 0
124, -1, 0
132, -1, 0
245, -1, 0
125, -1, 0
123, -1, 0
251, -1, 0
124, -1, 0
125, -1, 0
125, -1, 0
249, -1, 1
126, -1, 0
125, -1, 0
249, -1, 0
126, -1, 0
125, -1, 0
249, -1, 0
126, -1, 0
125, -1, 0
251, -1, 0
124, -1, 1
127, -1, 0
249, -1, 0
124, -1, 0
126, -1, 0
253, -1, 0
121, -1, 0
249, -1, 0
126, -1, 0
249, -1, 0
127, -1, 0
124, -1, 0
125, 0, 1
125, -1, 0
249, -1, 0
126, -1, 0
250, -1, 0
250, -1, 0
125, -1, 0
252, -1, 0
124, -1, 0
249, -1, 0
250, -1, 0
249, -1, 0
126, -1, 0
249, -1, 0
251, -1, 0
128, -1, 0
251, -1, 0
124, 0, 1
124, -1, 0
248, -1, 0
251, -1, 0
248, -1, 0
251, -1, 0
376, -1, 0
249, -1, 0
250, -1, 0
252, -1, 0
250, -1, 0
375, -1, 0
374, -1, 0
249, -1, 0
250, -1, 0
501, -1, 0
375, -1, 0
374, -1, 0
378, -1, 0
499, -1, 0
401, -1, 0
600, -1, 0
594, -1, 0
662, -1, 0
900, -1, 0
995, -1, 0
9987, 1, 0
1738, 1, 0
1377, 1, 0
869, 1, 0
1036, 1, 0
717, 1, 0
248, 0, -1
377, 1, 0
748, 1, 0
627, 1, 0
499, 1, 0
688, 1, 0
344, 1, 0
92, 0, -1
374, 1, 0
504, 1, 0
498, 1, 0
376, 1, 0
537, 1, 0
209, 0, -1
128, 1, 0
407, 1, 0
418, 1, 0
300, 1, 0
373, 1, 0
125, 0, -1
250, 1, 0
250, 1, 0
376, 1, 0
374, 1, 0
249, 1, -1
376, 1, 0
376, 1, 0
249, 1, 0
375, 1, 0
124, 0, -1
125, 1, 0
257, 1, 0
243, 1, 0
413, 1, 0
212, 1, -1
249, 1, 0
252, 1, 0
249, 1, 0
251, 1, 0
250, 1, -1
380, 1, 0
121, 1, 0
249, 1, 0
250, 1, 0
126, 0, -1
126, 1, 0
248, 1, 0
251, 1, 0
252, 1, -1
250, 1, 0
248, 1, 0
248, 1, 0
269, 1, 0
109, 1, -1
249, 1, 0
250, 1, 0
126, 1, 0
373, 1, -1
126, 1, 0
250, 1, 0
250, 1, 0
250, 1, -1
126, 1, 0
249, 1, 0
252, 1, 0
122, 1, 0
127, 0, -1
124, 1, 0
253, 1, 0
122, 1, 0
251, 1, -1
248, 1, 0
125, 1, 0
250, 1, 0
125, 1, 0
249, 1, 0
126, 0, -1
125, 1, 0
249, 1, 0
127, 1, 0
249, 1, -1
251, 1, 0
124, 1, 0
126, 1, 0
256, 1, -1
243, 1, 0
126, 1, 0
248, 1, 0
126, 1, -1
252, 1, 0
247, 1, 0
127, 1, 0
249, 1, -1
249, 1, 0
127, 1, 0
248, 1, 0
126, 1, -1
251, 1, 0
124, 1, 0
258, 1, 0
120, 1, -1
250, 1, 0
251, 1, 0
129, 1, 0
118, 0, -1
125, 1, 0
124, 1, 0
250, 1, 0
125, 1, 0
250, 1, -1
253, 1, 0
252, 1, 0
127, 1, 0
119, 1, -1
251, 1, 0
249, 1, 0
125, 1, 0
249, 1, -1
125, 1, 0
250, 1, 0
252, 1, 0
123, 1, 0
126, 0, -1
125, 1, 0
125, 1, 0
249, 1, 0
250, 1, -1
126, 1, 0
249, 1, 0
250, 1, 0
125, 1, 0
126, 0, -1
125, 1, 0
125, 1, 0
248, 1, 0
257, 1, -1
244, 1, 0
125, 1, 0
251, 1, 0
125, 1, -1
248, 1, 0
250, 1, 0
249, 1, 0
126, 0, -1
125, 1, 0
125, 1, 0
250, 1, 0
250, 1, 0
250, 1, -1
126, 1, 0
248, 1, 0
251, 1, 0
251, 1, 0
125, 0, -1
125, 1, 0
124, 1, 0
251, 1, 0
250, 1, 0
250, 1, -1
250, 1, 0
250, 1, 0
251, 1, 0
249, 1, -1
250, 1, 0
250, 1, 0
253, 1, 0
248, 1, -1
248, 1, 0
251, 1, 0
382, 1, 0
243, 1, -1
251, 1, 0
250, 1, 0
376, 1, 0
248, 1, 0
250, 0, -1
126, 1, 0
374, 1, 0
250, 1, 0
250, 1, 0
408, 1, 0
343, 1, -1
447, 1, 0
176, 1, 0
376, 1, 0
405, 0, -1
101, 1, 0
373, 1, 0
498, 1, 0
377, 1, 0
499, 1, 0
373, 0, -1
127, 1, 0
500, 1, 0
498, 1, 0
817, 1, 0
717, 1, 0
591, 0, -1
248, 1, 0
1250, 1, 0
16390, -1, 0
1366, -1, 0
1165, -1, 0
956, -1, 0
751, -1, 0
625, -1, 0
125, 0, -1
503, -1, 0
624, -1, 0
541, -1, 0
515, -1, 0
372, -1, 0
378, -1, 0
440, -1, 0
416, -1, 0
460, -1, 0
251, -1, 0
377, -1, 0
384, -1, -1
365, -1, 0
249, -1, 0
375, -1, 0
380, -1, 0
246, -1, 0
373, -1, 0
250, -1, 0
250, -1, 0
409, -1, 0
215, -1, 0
250, -1, 0
250, -1, 0
250, -1, 0
375, -1, 0
126, -1, 0
249, -1, 0
375, -1, 0
251, -1, 0
250, -1, 0
249, -1, 0
250, -1, 0
250, -1, 0
251, -1, 0
249, -1, 0
126, -1, 0
249, -1, 0
252, -1, 0
248, -1, 0
126, -1, 0
249, -1, 0
251, -1, 0
250, -1, 0
249, -1, 0
126, -1, 0
249, -1, 0
250, -1, 0
250, -1, 0
126, -1, 0
249, -1, 0
126, -1, 0
249, -1, 0
252, -1, 0
249, -1, 0
125, -1, 0
250, -1, 0
126, -1, 0
248, -1, 0
250, -1, 0
126, -1, 0
249, -1, 0
250, -1, 0
126, -1, 0
249, -1, 0
126, -1, 0
249, -1, 0
126, -1, 0
126, 0, 1
124, -1, 0
125, -1, 0
249, -1, 0
126, -1, 0
249, -1, 0
127, -1, 0
249, -1, 0
125, -1, 0
250, -1, 0
126, -1, 1
249, -1, 0
125, -1, 0
249, -1, 0
126, -1, 0
249, -1, 0
125, -1, 0
261, -1, 0
113, -1, 0
251, -1, 1
125, -1, 0
250, -1, 0
126, -1, 0
125, -1, 0
249, -1, 0
127, -1, 0
250, -1, 0
127, -1, 1
248, -1, 0
124, -1, 0
249, -1, 0
151, -1, 0
224, -1, 0
127, -1, 1
248, -1, 0
126, -1, 0
125, -1, 0
249, -1, 0
126, -1, 0
127, -1, 1
247, -1, 0
251, -1, 0
125, -1, 0
125, -1, 0
127, -1, 0
249, -1, 0
125, -1, 1
248, -1, 0
126, -1, 0
125, -1, 0
250, -1, 1
125, -1, 0
249, -1, 0
126, -1, 0
125, -1, 0
249, -1, 0
127, -1, 1
124, -1, 0
249, -1, 0
126, -1, 0
125, -1, 0
125, 0, 1
125, -1, 0
126, -1, 0
249, -1, 0
126, -1, 0
124, -1, 0
125, -1, 1
249, -1, 0
250, -1, 0
126, -1, 0
125, -1, 1
249, -1, 0
126, -1, 0
250, -1, 0
126, -1, 1
124, -1, 0
250, -1, 0
125, -1, 0
125, -1, 0
250, -1, 1
125, -1, 0
126, -1, 0
248, -1, 0
127, -1, 0
124, 0, 1
127, -1, 0
124, -1, 0
249, -1, 0
125, -1, 0
125, -1, 1
250, -1, 0
125, -1, 0
249, -1, 1
126, -1, 0
125, -1, 0
249, -1, 0
253, -1, 1
125, -1, 0
123, -1, 0
249, -1, 0
251, -1, 1
125, -1, 0
126, -1, 0
249, -1, 0
126, 0, 1
124, -1, 0
125, -1, 0
125, -1, 0
249, -1, 0
127, 0, 1
124, -1, 0
125, -1, 0
249, -1, 0
256, -1, 1
126, -1, 0
243, -1, 0
126, -1, 0
124, 0, 1
126, -1, 0
250, -1, 0
126, -1, 0
249, -1, 0
128, 0, 1
124, -1, 0
125, -1, 0
249, -1, 0
250, -1, 1
250, -1, 0
249, -1, 0
126, -1, 0
125, 0, 1
125, -1, 0
250, -1, 0
251, -1, 0
125, 0, 1
126, -1, 0
247, -1, 0
255, -1, 0
124, 0, 1
125, -1, 0
248, -1, 0
253, -1, 0
375, -1, 1
249, -1, 0
247, -1, 0
250, 0, 1
125, -1, 0
249, -1, 0
251, -1, 0
376, -1, 1
376, -1, 0
251, -1, 0
377, -1, 1
374, -1, 0
374, -1, 0
250, 0, 1
124, -1, 0
501, -1, 0
500, -1, 0
123, 0, 1
249, -1, 0
627, -1, 0
500, 0, 1
123, -1, 0
625, -1, 0
876, -1, 0
249, 0, 1
884, -1, 0
6881, 0, 1
2373, 1, 0
988, 1, 0
252, 0, 1
501, 1, 0
750, 1, 0
627, 1, 0
375, 0, 1
121, 1, 0
627, 1, 0
372, 1, 0
499, 1, 0
252, 0, 1
247, 1, 0
379, 1, 0
375, 1, 0
376, 1, 0
372, 1, 1
374, 1, 0
252, 1, 0
377, 1, 0
374, 1, 0
250, 0, 1
125, 1, 0
250, 1, 0
257, 1, 0
240, 1, 0
375, 1, 0
252, 1, 1
250, 1, 0
250, 1, 0
376, 1, 0
251, 1, 0
248, 1, 0
248, 1, 0
253, 1, 1
254, 1, 0
120, 1, 0
250, 1, 0
252, 1, 0
248, 1, 0
249, 1, 0
126, 0, 1
125, 1, 0
250, 1, 0
124, 1, 0
250, 1, 0
124, 1, 0
249, 1, 0
250, 1, 0
125, 1, 0
126, 0, 1
125, 1, 0
249, 1, 0
133, 1, 0
240, 1, 0
126, 1, 0
250, 1, 0
250, 1, 0
125, 1, 0
125, 0, 1
125, 1, 0
125, 1, 0
252, 1, 0
124, 1, 0
126, 1, 0
247, 1, 0
251, 1, 0
125, 1, 0
125, 1, 0
251, 1, 0
126, 1, 1
124, 1, 0
251, 1, 0
126, 1, 0
254, 1, 0
122, 1, 0
123, 1, 0
249, 1, 0
126, 1, 0
125, 1, 1
249, 1, 0
125, 1, 0
126, 1, 0
125, 1, 0
250, 1, 0
125, 1, 0
125, 1, 0
125, 1, 0
252, 1, 0
125, 1, 1
124, 1, 0
124, 1, 0
125, 1, 0
125, 1, 0
249, 1, 0
126, 1, 0
125, 1, 0
125, 1, 0
125, 1, 0
250, 1, 0
125, 1, 0
125, 1, 0
125, 1, 0
125, 1, 1
125, 1, 0
125, 1, 0
251, 1, 0
124, 1, 0
125, 1, 0
125, 1, 0
125, 1, 0
125, 1, 0
125, 1, 0
125, 1, 0
249, 1, 0
125, 1, 0
126, 1, 1
125, 1, 0
130, 1, 0
123, 1, 0
122, 1, 0
137, 1, 0
112, 1, 0
126, 1, 0
124, 1, 0
125, 1, 0
125, 1, 0
125, 1, 0
126, 1, 0
125, 1, 0
124, 1, 0
126, 1, 0
124, 1, 1
125, 1, 0
125, 1, 0
126, 1, 0
125, 1, 0
125, 1, 0
124, 1, 0
126, 1, 0
124, 1, 0
125, 1, 0
125, 1, 0
125, 1, 0
125, 1, 0
126, 1, 0
124, 1, 0
125, 1, 1
125, 1, 0
125, 1, 0
125, 1, 0
126, 2, 0
249, 2, 0
126, 1, 0
124, 1, 0
125, 1, 0
126, 1, 0
125, 1, 0
124, 1, 0
125, 1, 0
126, 1, 0
124, 1, 0
125, 1, 0
125, 1, 0
125, 1, 0
125, 2, 0
125, 1, 1
125, 1, 0
126, 1, 0
124, 1, 0
125, 1, 0
125, 1, 0
125, 1, 0
125, 2, 0
123, 1, 0
127, 1, 0
125, 1, 0
124, 1, 0
125, 1, 0
125, 2, 0
249, 2, 0
127, 1, 0
125, 1, 0
126, 1, 0
125, 1, 0
124, 1, 0
125, 1, 0
125, 2, 1
125, 1, 0
124, 1, 0
126, 1, 0
125, 1, 0
125, 1, 0
125, 2, 0
125, 1, 0
124, 1, 0
126, 1, 0
124, 2, 0
251, 2, 0
125, 1, 0
129, 1, 0
123, 1, 0
124, 2, 0
125, 1, 0
125, 1, 0
125, 1, 0
126, 2, 0
249, 2, 0
125, 1, 0
125, 1, 0
125, 1, 1
125, 1, 0
125, 2, 0
126, 1, 0
124, 1, 0
126, 1, 0
124, 2, 0
125, 1, 0
125, 1, 0
124, 1, 0
126, 1, 0
125, 2, 0
124, 1, 0
126, 1, 0
123, 1, 1
126, 1, 0
126, 2, 0
125, 1, 0
124, 1, 0
126, 1, 0
124, 2, 0
125, 1, 0
125, 1, 0
125, 1, 0
126, 2, 0
125, 1, 0
123, 1, 0
127, 1, 0
128, 1, 0
124, 2, 0
125, 1, 0
125, 1, 0
126, 1, 0
124, 2, 0
252, 2, 0
121, 1, 0
133, 2, 1
242, 2, 0
126, 1, 0
125, 1, 0
126, 1, 0
125, 2, 0
125, 1, 0
125, 1, 0
124, 1, 0
128, 2, 0
123, 1, 0
124, 1, 0
127, 1, 0
129, 2, 0
246, 2, 1
124, 1, 0
125, 1, 0
126, 1, 0
124, 1, 0
126, 2, 0
125, 1, 0
124, 1, 0
125, 1, 0
126, 2, 0
125, 1, 0
123, 1, 0
125, 1, 0
125, 1, 0
126, 1, 0
124, 2, 0
125, 1, 0
125, 1, 0
125, 1, 1
126, 1, 0
124, 2, 0
124, 1, 0
126, 1, 0
124, 1, 0
125, 1, 0
125, 2, 0
248, 2, 0
128, 1, 0
125, 1, 0
125, 1, 0
123, 1, 0
126, 1, 0
125, 1, 0
125, 2, 0
125, 1, 1
125, 1, 0
125, 1, 0
126, 1, 0
124, 1, 0
125, 2, 0
125, 1, 0
125, 1, 0
125, 1, 0
125, 1, 0
125, 1, 0
126, 2, 0
248, 2, 0
126, 1, 0
125, 1, 0
126, 1, 1
124, 1, 0
125, 1, 0
126, 1, 0
124, 1, 0
125, 1, 0
125, 1, 0
125, 2, 0
125, 1, 0
249, 2, 0
127, 1, 0
124, 1, 0
124, 1, 0
126, 1, 0
126, 1, 0
126, 1, 1
125, 1, 0
125, 1, 0
125, 1, 0
124, 1, 0
127, 1, 0
122, 1, 0
126, 1, 0
125, 1, 0
127, 1, 0
125, 1, 0
125, 1, 0
127, 2, 0
250, 2, 0
247, 2, 0
125, 0, 1
134, 1, 0
115, 1, 0
124, 1, 0
126, 1, 0
124, 1, 0
125, 1, 0
125, 1, 0
125, 1, 0
125, 1, 0
125, 1, 0
125, 1, 0
125, 1, 1
125, 1, 0
125, 1, 0
125, 1, 0
125, 1, 0
125, 1, 0
126, 1, 0
124, 1, 0
125, 1, 0
250, 1, 0
125, 1, 0
126, 1, 1
124, 1, 0
126, 1, 0
124, 1, 0
126, 1, 0
124, 1, 0
250, 2, 0
249, 1, 0
133, 1, 0
122, 1, 0
122, 1, 1
123, 1, 0
249, 1, 0
126, 1, 0
126, 1, 0
125, 1, 0
124, 1, 0
250, 2, 1
250, 1, 0
125, 1, 0
125, 1, 0
249, 1, 0
126, 1, 0
125, 1, 0
124, 0, 1
128, 1, 0
124, 1, 0
124, 1, 0
127, 1, 0
248, 1, 0
125, 1, 0
250, 1, 1
141, 1, 0
109, 1, 0
249, 1, 0
125, 1, 0
251, 1, 0
129, 1, 1
249, 1, 0
125, 1, 0
249, 1, 0
126, 1, 0
248, 1, 1
125, 1, 0
250, 1, 0
250, 1, 0
249, 1, 0
126, 1, 1
250, 1, 0
248, 1, 0
250, 1, 0
253, 1, 1
250, 1, 0
250, 1, 0
252, 1, 0
123, 0, 1
125, 1, 0
249, 1, 0
251, 1, 0
249, 1, 0
126, 0, 1
125, 1, 0
377, 1, 0
372, 1, 0
250, 0, 1
125, 1, 0
249, 1, 0
401, 1, 0
100, 0, 1
250, 1, 0
504, 1, 0
248, 0, 1
124, 1, 0
375, 1, 0
634, 1, 1
745, 1, 0
374, 0, 1
372, 1, 0
882, 1, 0
249, 0, 1
1507, 1, 1
1870, 0, 1
4497, 0, 1
1624, -1, 0
498, 0, 1
1125, -1, 0
249, 0, 1
751, -1, 0
749, 0, 1
125, -1, 0
750, -1, 0
126, 0, 1
500, -1, 0
374, 0, 1
124, -1, 0
502, -1, 0
375, 0, 1
124, -1, 0
502, -1, 0
123, 0, 1
250, -1, 0
381, -1, 0
370, 0, 1
124, -1, 0
250, -1, 0
250, 0, 1
124, -1, 0
376, -1, 0
250, 0, 1
125, -1, 0
249, -1, 0
250, -1, 0
126, 0, 1
250, -1, 0
249, -1, 1
376, -1, 0
255, -1, 0
123, 0, 1
124, -1, 0
251, -1, 0
247, -1, 1
251, -1, 0
250, -1, 0
126, 0, 1
125, -1, 0
249, -1, 0
125, 0, 1
126, -1, 0
124, -1, 0
248, -1, 0
125, -1, 1
250, -1, 0
378, -1, 1
124, -1, 0
249, -1, 0
126, -1, 1
251, -1, 0
247, -1, 1
251, -1, 0
124, -1, 0
125, 0, 1
124, -1, 0
127, -1, 0
249, -1, 1
125, -1, 0
248, -1, 0
125, -1, 1
253, -1, 0
252, -1, 1
124, -1, 0
123, -1, 0
256, -1, 1
122, -1, 0
254, -1, 0
121, -1, 1
251, -1, 0
122, -1, 1
126, -1, 0
250, -1, 0
126, -1, 1
249, -1, 0
125, -1, 1
125, -1, 0
250, -1, 0
125, -1, 1
125, -1, 0
250, -1, 1
125, -1, 0
125, -1, 0
250, -1, 1
251, -1, 0
124, -1, 1
125, -1, 0
125, -1, 0
250, -1, 1
125, -1, 0
125, -1, 0
249, -1, 1
131, -1, 0
248, -1, 1
125, -1, 0
125, -1, 0
123, 0, 1
126, -1, 0
124, -1, 0
126, -1, 0
124, 0, 1
125, -1, 0
125, -1, 0
125, -1, 1
257, -1, 0
123, -1, 1
121, -1, 0
248, -1, 0
126, -1, 1
125, -1, 0
252, -1, 1
124, -1, 0
125, -1, 0
250, -1, 1
125, -1, 0
124, -1, 0
125, 0, 1
126, -1, 0
124, -1, 0
125, -1, 1
250, -1, 0
124, -1, 0
125, -1, 1
126, -1, 0
126, -1, 0
124, 0, 1
125, -1, 0
127, -1, 0
124, -1, 1
125, -1, 0
250, -1, 1
125, -1, 0
124, -1, 0
250, -1, 1
125, -1, 0
124, -1, 0
126, -1, 1
125, -1, 0
250, -1, 1
124, -1, 0
125, -1, 0
125, -1, 1
126, -1, 0
249, -1, 1
126, -1, 0
125, -1, 0
125, -1, 1
125, -1, 0
249, -1, 0
125, -1, 1
126, -1, 0
126, -1, 0
123, -1, 1
252, -1, 0
125, -1, 1
124, -1, 0
125, -1, 0
125, -1, 0
125, 0, 1
126, -1, 0
120, -1, 0
126, -1, 1
125, -1, 0
253, -1, 1
124, -1, 0
126, -1, 0
123, -1, 1
124, -1, 0
125, -1, 0
127, -1, 1
249, -1, 0
125, -1, 1
126, -1, 0
124, -1, 0
126, -1, 1
123, -1, 0
250, -1, 1
125, -1, 0
126, -1, 0
126, -1, 0
124, -1, 1
250, -1, 0
125, -1, 1
126, -1, 0
124, -1, 0
124, -1, 1
251, -1, 0
125, -1, 1
124, -1, 0
125, -1, 0
126, -1, 1
125, -1, 0
250, -1, 1
124, -1, 0
125, -1, 0
123, -1, 1
127, -1, 0
127, -1, 0
124, 0, 1
125, -1, 0
125, -1, 0
123, -1, 1
126, -1, 0
249, -1, 1
125, -1, 0
127, -1, 0
125, -1, 1
125, -1, 0
249, -1, 1
124, -1, 0
127, -1, 0
124, -1, 1
249, -1, 0
126, -1, 1
127, -1, 0
124, -1, 0
124, 0, 1
125, -1, 0
132, -1, 0
120, -1, 1
122, -1, 0
250, -1, 0
128, -1, 1
123, -1, 0
251, -1, 1
124, -1, 0
125, -1, 0
127, -1, 1
248, -1, 0
126, -1, 1
125, -1, 0
250, -1, 0
127, -1, 1
125, -1, 0
124, -1, 0
125, 0, 1
124, -1, 0
251, -1, 1
125, -1, 0
126, -1, 0
249, -1, 1
123, -1, 0
125, -1, 0
250, -1, 1
126, -1, 0
250, -1, 1
249, -1, 0
126, -1, 1
250, -1, 0
125, -1, 1
255, -1, 0
121, -1, 0
252, -1, 1
123, -1, 0
248, -1, 1
125, -1, 0
250, -1, 0
126, 0, 1
124, -1, 0
125, -1, 0
250, -1, 1
251, -1, 0
124, -1, 1
250, -1, 0
251, -1, 1
252, -1, 0
126, -1, 1
250, -1, 0
122, 0, 1
125, -1, 0
248, -1, 0
126, -1, 1
249, -1, 0
250, -1, 1
250, -1, 0
126, 0, 1
124, -1, 0
249, -1, 0
250, -1, 1
250, -1, 0
124, 0, 1
256, -1, 0
251, -1, 1
246, -1, 0
126, 0, 1
127, -1, 0
250, -1, 0
123, 0, 1
249, -1, 0
251, 0, 1
125, -1, 0
250, -1, 0
126, 0, 1
124, -1, 0
376, -1, 1
374, -1, 0
124, 0, 1
249, -1, 0
251, 0, 1
124, -1, 0
403, -1, 1
472, -1, 0
126, 0, 1
374, -1, 1
503, -1, 0
124, 0, 1
373, -1, 0
249, 0, 1
375, -1, 0
126, 0, 1
652, -1, 1
499, 0, 1
499, -1, 0
100, 0, 1
651, 0, 1
514, 0, 1
475, 0, 1
405, -1, 0
331, 0, 1
623, 0, 1
786, 0, 1
622, 0, 1
468, 1, 0
125, 0, 1
818, 0, 1
183, 1, 0
407, 0, 1
342, 1, 0
375, 0, 1
501, 1, 0
385, 0, 1
365, 1, 0
404, 0, 1
95, 1, 0
658, 0, 1
93, 1, 0
529, 1, 0
96, 0, 1
529, 1, 0
220, 0, 1
250, 1, 0
501, 1, 1
518, 1, 0
356, 0, 1
126, 1, 0
534, 0, 1
97, 1, 0
502, 1, 0
244, 0, 1
125, 1, 0
502, 1, 0
122, 0, 1
251, 1, 0
499, 1, 1
626, 1, 0
247, 0, 1
126, 1, 0
407, 0, 1
93, 1, 0
378, 1, 0
248, 0, 1
247, 1, 0
502, 1, 1
379, 1, 0
371, 1, 0
126, 0, 1
501, 1, 0
248, 0, 1
125, 1, 0
373, 1, 0
250, 0, 1
253, 1, 0
379, 1, 1
373, 1, 0
373, 0, 1
125, 1, 0
502, 1, 1
375, 1, 0
499, 1, 1
375, 1, 0
250, 0, 1
125, 1, 0
374, 1, 0
250, 0, 1
250, 1, 0
408, 1, 1
375, 1, 0
343, 0, 1
123, 1, 0
374, 1, 0
250, 0, 1
127, 1, 0
409, 1, 0
214, 0, 1
134, 1, 0
367, 1, 0
125, 0, 1
249, 1, 0
537, 1, 1
213, 1, 0
381, 0, 1
124, 1, 0
376, 1, 0
246, 0, 1
126, 1, 0
376, 1, 0
248, 0, 1
127, 1, 0
372, 1, 0
125, 0, 1
125, 1, 0
543, 1, 0
80, 0, 1
251, 1, 0
251, 1, 0
125, 0, 1
433, 1, 0
191, 1, 1
408, 1, 0
403, 1, 1
351, 1, 0
346, 1, 1
244, 1, 0
374, 1, 1
377, 1, 0
248, 1, 1
503, 1, 0
247, 1, 1
374, 1, 0
250, 1, 0
127, 0, 1
247, 1, 0
375, 1, 1
249, 1, 0
250, 1, 0
253, 0, 1
126, 1, 0
250, 1, 0
375, 1, 1
374, 1, 0
249, 1, 0
127, 0, 1
126, 1, 0
249, 1, 0
250, 1, 1
374, 1, 0
375, 1, 1
248, 1, 0
250, 1, 0
251, 1, 1
249, 1, 0
405, 1, 1
221, 1, 0
249, 1, 0
251, 0, 1
125, 1, 0
250, 1, 0
250, 1, 0
125, 0, 1
125, 1, 0
249, 1, 0
251, 0, 1
125, 1, 0
249, 1, 0
257, 1, 0
244, 1, 1
249, 1, 0
405, 1, 1
221, 1, 0
250, 1, 0
128, 0, 1
123, 1, 0
249, 1, 0
401, 1, 1
224, 1, 0
250, 1, 0
125, 0, 1
249, 1, 0
251, 1, 0
250, 1, 1
250, 1, 0
250, 1, 0
125, 0, 1
250, 1, 0
249, 1, 0
250, 1, 1
258, 1, 0
249, 1, 1
373, 1, 0
123, 1, 0
250, 0, 1
125, 1, 0
249, 1, 0
249, 0, 1
126, 1, 0
125, 1, 0
374, 1, 1
250, 1, 0
250, 1, 1
376, 1, 0
250, 1, 1
249, 1, 0
250, 1, 0
251, 0, 1
125, 1, 0
252, 1, 0
123, 0, 1
125, 1, 0
251, 1, 0
251, 0, 1
125, 1, 0
250, 1, 0
249, 1, 1
250, 1, 0
426, 1, 1
199, 1, 0
249, 1, 1
250, 1, 0
250, 0, 1
126, 1, 0
249, 1, 0
250, 0, 1
126, 1, 0
249, 1, 0
126, 0, 1
125, 1, 0
249, 1, 0
126, 0, 1
251, 1, 0
248, 1, 1
415, 1, 0
85, 0, 1
127, 1, 0
418, 1, 0
80, 0, 1
128, 1, 0
255, 1, 1
381, 1, 0
116, 0, 1
122, 1, 0
377, 1, 0
123, 0, 1
125, 1, 0
251, 0, 1
124, 1, 0
251, 1, 0
122, 0, 1
250, 1, 0
376, 1, 1
250, 1, 0
124, 0, 1
125, 1, 0
382, 1, 1
374, 1, 0
123, 0, 1
125, 1, 0
248, 0, 1
250, 1, 0
125, 0, 1
125, 1, 0
377, 1, 1
248, 1, 0
124, 0, 1
250, 1, 0
250, 0, 1
126, 1, 0
248, 1, 0
127, 0, 1
374, 1, 1
375, 1, 0
125, 0, 1
126, 1, 0
249, 0, 1
252, 1, 0
125, 0, 1
249, 1, 0
250, 1, 1
378, 1, 1
375, 1, 1
375, 0, 1
123, 1, 0
375, 1, 1
374, 1, 1
409, 1, 1
466, 1, 1
377, 1, 1
388, 1, 1
520, 1, 1
340, 0, 1
124, 1, 0
250, 0, 1
125, 1, 0
404, 0, 1
97, 1, 0
249, 0, 1
253, 1, 0
122, 0, 1
251, 1, 0
125, 0, 1
539, 1, 1
334, 0, 1
127, 1, 0
248, 0, 1
126, 1, 0
501, 1, 1
373, 0, 1
250, 1, 0
125, 0, 1
407, 1, 0
93, 0, 1
378, 1, 1
374, 0, 1
263, 1, 0
236, 0, 1
253, 1, 0
250, 0, 1
248, 1, 0
125, 0, 1
500, 1, 1
529, 0, 1
94, 1, 0
375, 0, 1
255, 1, 0
245, 0, 1
376, 0, 1
127, 1, 0
372, 0, 1
129, 1, 0
373, 0, 1
251, 1, 0
125, 0, 1
651, 1, 1
474, 1, 1
525, 0, 1
222, 1, 0
250, 0, 1
401, 1, 0
226, 0, 1
500, 1, 1
661, 0, 1
87, 1, 0
376, 0, 1
408, 1, 0
217, 0, 1
531, 1, 0
92, 0, 1
659, 1, 1
626, 0, 1
93, 1, 0
749, 1, 1
909, 1, 1
722, 1, 1
869, 1, 1
753, 0, 1
249, 1, 0
758, 0, 1
239, 1, 0
879, 0, 1
248, 1, 0
874, 1, 1
1127, 1, 0
125, 0, 1
1006, 1, 0
241, 0, 1
628, 1, 0
880, 0, 1
118, 1, 0
1378, 1, 0
248, 0, 1
750, 1, 0
1036, 0, 1
86, 1, 0
1186, 1, 0
974, 0, 1
90, 1, 0
1037, 1, 0
845, 0, 1
246, 1, 0
1257, 1, 0
618, 0, 1
373, 1, 0
1326, 1, 0
549, 0, 1
499, 1, 0
1401, 1, 0
604, 0, 1
875, 1, 0
1500, 0, 1
247, 1, 0
3011, 0, 1
4000, 0, 1
3126, -1, 0
1622, -1, 0
1625, -1, 0
1502, -1, 0
1247, -1, 0
246, 0, -1
877, -1, 0
1006, -1, 0
248, 0, -1
752, -1, 0
872, -1, -1
747, -1, 0
627, 0, -1
121, -1, 0
749, -1, 0
630, -1, -1
622, -1, 0
508, 0, -1
116, -1, 0
624, -1, 0
252, 0, -1
252, -1, 0
629, -1, 0
122, 0, -1
379, -1, 0
498, -1, 0
249, 0, -1
376, -1, 0
500, -1, 0
122, 0, -1
249, -1, 0
502, -1, 0
123, 0, -1
375, -1, 0
373, -1, 0
249, 0, -1
250, -1, 0
502, -1, 0
124, 0, -1
250, -1, 0
504, -1, 0
244, 0, -1
251, -1, 0
375, -1, 0
252, 0, -1
126, -1, 0
500, -1, 0
244, -1, -1
503, -1, 0
249, 0, -1
123, -1, 0
375, -1, 0
250, -1, -1
379, -1, 0
370, -1, -1
375, -1, 0
251, -1, 0
125, 0, -1
250, -1, 0
250, -1, -1
375, -1, 0
249, -1, -1
377, -1, 0
250, -1, -1
374, -1, 0
250, -1, -1
249, -1, 0
250, -1, -1
375, -1, 0
128, 0, -1
123, -1, 0
267, -1, 0
112, 0, -1
130, -1, 0
242, -1, -1
261, -1, 0
239, -1, -1
251, -1, 0
250, -1, -1
250, -1, 0
124, 0, -1
125, -1, 0
250, -1, -1
248, -1, 0
126, -1, 0
126, 0, -1
124, -1, 0
250, -1, -1
249, -1, 0
126, 0, -1
125, -1, 0
125, -1, 0
125, 0, -1
126, -1, 0
124, -1, 0
125, 0, -1
125, -1, 0
250, -1, -1
250, -1, 0
126, -1, -1
249, -1, 0
126, -1, -1
248, -1, 0
128, -1, -1
254, -1, 0
122, -1, -1
247, -1, -1
126, -1, 0
249, -1, -1
125, -1, 0
250, -1, -1
125, -1, 0
125, 0, -1
127, -1, 0
124, -1, 0
124, -1, -1
251, -1, -1
125, -1, 0
126, -1, -1
249, -1, 0
126, -1, -1
125, -1, 0
124, 0, -1
126, -1, 0
125, -1, -1
125, -1, 0
249, -1, -1
125, -1, 0
126, -1, -1
125, -1, 0
125, -1, -1
249, -1, -1
126, -1, 0
124, -1, -1
252, -1, 0
123, -1, -1
125, -1, 0
125, -1, -1
249, -1, -1
125, -1, 0
127, -1, -1
124, -1, 0
125, -1, -1
126, -1, 0
123, -1, -1
249, -1, -1
125, -1, 0
125, -1, -1
126, -1, 0
124, -1, -1
126, -1, 0
126, -1, 0
124, 0, -1
125, -1, 0
125, -1, -1
125, -1, -1
125, -1, 0
125, -1, -1
126, -1, 0
124, -1, -1
250, -2, -1
249, -1, -1
126, -1, 0
127, -1, -1
125, -1, 0
123, -1, -1
125, -1, 0
129, -1, -1
130, -1, 0
126, -1, -1
121, -1, -1
250, -2, -1
246, -2, -1
250, -2, -1
130, 0, -1
127, -2, 0
136, 0, -1
117, -2, 0
114, 0, -1
125, -1, 0
125, -1, -1
125, -2, -1
249, -1, -1
125, -1, 0
126, -1, -1
125, -1, -1
125, -2, 0
126, 0, -1
128, -2, 0
125, 0, -1
122, -2, -1
249, -1, -1
124, -2, 0
125, -1, -1
126, -1, -1
124, -1, 0
125, -1, -1
124, -1, 0
125, -1, -1
127, -1, -1
123, -1, 0
125, -1, -1
126, -1, -1
125, -1, 0
124, -1, -1
126, -1, 0
125, -2, -1
127, 0, -1
124, -2, 0
124, -1, -1
125, -1, -1
125, -1, 0
127, -1, -1
124, -1, -1
124, -1, 0
126, -1, -1
124, -1, -1
125, -1, 0
125, -2, -1
125, -1, 0
125, -1, -1
125, -1, -1
125, -1, 0
126, -1, -1
123, -1, -1
126, -1, 0
127, -1, -1
124, -1, -1
123, -1, 0
125, -2, -1
254, -2, -1
126, -1, -1
127, -1, 0
126, -1, -1
123, -1, -1
124, -1, 0
125, -2, -1
252, -2, -1
120, -1, -1
125, -1, -1
125, -1, 0
125, -1, -1
124, -1, 0
125, -1, -1
125, -1, -1
126, -2, 0
125, -1, -1
125, -1, -1
125, -1, 0
127, -1, -1
129, -1, 0
122, -2, -1
125, 0, -1
125, -2, 0
125, -1, -1
125, -1, -1
124, -1, 0
125, -1, -1
129, -1, 0
122, -1, -1
124, -1, -1
127, -1, 0
123, -2, -1
251, -2, -1
124, -1, 0
125, -1, -1
126, -1, -1
124, -1, 0
126, -1, -1
124, -1, 0
125, -1, -1
125, -2, -1
125, -1, 0
124, -1, -1
125, -1, 0
125, -1, -1
126, -1, 0
125, -1, -1
125, -1, -1
124, -1, 0
125, -1, -1
126, -2, 0
125, 0, -1
124, -2, 0
127, 0, -1
125, -2, -1
127, -1, 0
122, -1, -1
124, -1, 0
127, -1, -1
125, -1, 0
125, -1, 0
126, -1, -1
124, -1, -1
125, -1, 0
126, -1, 0
125, -1, -1
130, -1, 0
119, -1, -1
125, -1, 0
128, -1, -1
121, -1, 0
126, -2, -1
247, -2, -1
251, -2, -1
250, -2, -1
249, -2, -1
253, -2, -1
248, -2, -1
248, -2, 0
126, 0, -1
124, -2, 0
253, -2, -1
248, -2, -1
253, -1, 0
124, -1, -1
122, -1, 0
125, -1, 0
125, -1, -1
125, -1, 0
125, -1, 0
125, -1, -1
125, -1, 0
125, -1, 0
125, -1, 0
125, -1, -1
125, -1, 0
125, -1, 0
124, 0, -1
128, -2, 0
246, -1, 0
127, -1, -1
126, -1, 0
124, -1, 0
125, -1, 0
126, -1, -1
123, -1, 0
250, -2, 0
125, 0, -1
127, -1, 0
127, -1, 0
124, -1, 0
124, -1, 0
124, -1, -1
250, -1, 0
124, -1, 0
125, -1, 0
126, -1, 0
124, 0, -1
127, -1, 0
126, -1, 0
131, -1, 0
253, -1, 0
116, -1, 0
126, -1, -1
127, -1, 0
122, -1, 0
251, -1, 0
123, -1, 0
124, -1, 0
250, -1, 0
125, -1, -1
128, -1, 0
250, -1, 0
125, -1, 0
262, -1, 0
114, -1, 0
123, -1, 0
252, -1, 0
128, -1, 0
244, -1, 0
127, -1, 0
125, 0, -1
127, -1, 0
123, -1, 0
250, -1, 0
124, -1, 0
250, -1, 0
125, -1, 0
124, -1, 0
250, -1, 0
249, -1, 0
126, -1, 0
250, -1, 0
131, -1, 0
265, -1, 0
233, -1, 0
123, -1, 0
124, 0, -1
125, -1, 0
125, -1, 0
251, -1, 0
249, -1, 0
250, -1, 0
249, -1, 0
126, -1, 0
250, -1, 0
249, -1, 0
249, -1, 0
125, -1, 0
252, -1, 0
250, -1, 0
252, -1, 0
122, -1, 0
250, -1, 0
249, -1, 0
257, -1, 0
380, -1, 0
240, -1, 0
248, -1, 0
251, -1, 0
253, -1, 0
246, -1, 0
249, -1, 0
250, -1, 0
376, -1, -1
250, -1, 0
249, -1, 0
375, -1, 0
252, -1, 0
373, -1, 0
250, -1, 0
375, -1, 0
251, -1, 0
374, -1, 0
414, -1, 0
337, -1, 0
250, -1, 0
504, -1, 0
373, -1, 0
374, -1, 0
376, -1, 0
501, -1, 0
379, -1, 0
526, -1, 0
480, -1, 0
490, -1, 0
629, -1, 0
626, -1, 0
621, -1, 0
874, -1, 0
879, -1, 0
997, -1, 0
1418, -1, 0
13887, 1, 0
1324, 0, 1
1370, 1, 0
1537, 0, 1
213, 1, 0
1535, 1, 1
1088, 1, 0
500, 0, 1
528, 1, 0
998, 1, 1
723, 1, 0
377, 0, 1
500, 1, 0
665, 0, 1
84, 1, 0
625, 1, 0
374, 0, 1
376, 1, 0
668, 1, 0
207, 0, 1
376, 1, 0
660, 1, 1
464, 1, 0
250, 0, 1
375, 1, 0
500, 1, 0
125, 0, 1
376, 1, 0
499, 0, 1
125, 1, 0
408, 1, 0
342, 0, 1
125, 1, 0
629, 1, 1
559, 1, 0
370, 1, 0
191, 0, 1
251, 1, 0
533, 1, 0
92, 0, 1
249, 1, 0
506, 1, 0
122, 0, 1
250, 1, 0
412, 1, 0
211, 0, 1
250, 1, 0
406, 1, 0
219, 0, 1
250, 1, 0
404, 1, 0
220, 0, 1
127, 1, 0
405, 1, 0
417, 1, 0
52, 0, 1
249, 1, 0
376, 1, 0
128, 0, 1
248, 1, 0
375, 1, 0
375, 1, 0
126, 0, 1
124, 1, 0
504, 1, 0
245, 1, 0
124, 0, 1
251, 1, 0
248, 1, 0
250, 0, 1
126, 1, 0
377, 1, 0
249, 1, 0
250, 0, 1
126, 1, 0
249, 1, 0
407, 1, 0
218, 1, 0
125, 0, 1
250, 1, 0
249, 1, 0
376, 1, 1
249, 1, 0
252, 1, 0
249, 1, 0
250, 0, 1
125, 1, 0
250, 1, 0
375, 1, 0
250, 1, 1
250, 1, 0
250, 1, 0
250, 1, 0
250, 0, 1
131, 1, 0
250, 1, 0
248, 1, 0
247, 1, 0
124, 1, 0
125, 0, 1
268, 1, 0
231, 1, 0
126, 1, 0
375, 1, 1
249, 1, 0
126, 1, 0
249, 1, 0
249, 1, 0
252, 1, 1
249, 1, 0
250, 1, 0
250, 1, 0
250, 1, 0
250, 1, 1
250, 1, 0
125, 1, 0
250, 1, 0
251, 1, 0
126, 1, 0
249, 1, 0
125, 0, 1
124, 1, 0
250, 1, 0
252, 1, 0
250, 1, 0
124, 1, 0
249, 1, 0
125, 1, 1
255, 1, 0
249, 1, 0
247, 1, 0
124, 1, 0
250, 1, 0
250, 1, 0
251, 1, 1
124, 1, 0
250, 1, 0
125, 1, 0
250, 1, 0
251, 1, 0
125, 1, 0
249, 1, 0
126, 1, 1
249, 1, 0
252, 1, 0
124, 1, 0
252, 1, 0
250, 1, 0
123, 1, 0
251, 1, 0
249, 1, 0
127, 1, 0
252, 1, 1
250, 1, 0
122, 1, 0
249, 1, 0
125, 1, 0
251, 1, 0
248, 1, 0
126, 1, 0
125, 1, 0
250, 1, 0
250, 1, 0
126, 1, 1
249, 1, 0
125, 1, 0
251, 1, 0
249, 1, 0
125, 1, 0
250, 1, 0
251, 1, 0
124, 1, 0
128, 1, 0
247, 1, 0
256, 1, 0
120, 1, 0
247, 1, 0
129, 1, 0
251, 1, 1
122, 1, 0
250, 1, 0
125, 1, 0
251, 1, 0
125, 1, 0
248, 1, 0
126, 1, 0
250, 1, 0
125, 1, 0
250, 1, 0
249, 1, 0
126, 1, 0
125, 1, 0
250, 1, 0
250, 1, 0
125, 1, 0
126, 1, 0
248, 1, 0
127, 1, 0
249, 1, 0
126, 1, 0
249, 1, 0
125, 1, 0
249, 1, 0
126, 1, 0
250, 1, 0
125, 1, 0
125, 1, 0
249, 1, 0
126, 1, 0
249, 1, 0
127, 1, 0
252, 1, 0
125, 1, 0
246, 1, 0
131, 1, 0
121, 1, 0
250, 1, 0
248, 1, 0
125, 1, 0
125, 1, 0
251, 1, 0
125, 1, 0
250, 1, 0
125, 1, 0
250, 1, 0
124, 1, 0
125, 1, 0
253, 1, 0
123, 1, 0
249, 1, 0
126, 1, 0
252, 1, 0
126, 1, 0
247, 1, 0
129, 1, 0
247, 1, 0
125, 1, 0
251, 1, 0
124, 1, 0
124, 1, 0
250, 1, 0
126, 1, 0
249, 1, 0
127, 1, 0
248, 1, 0
126, 1, 0
125, 1, 0
249, 1, 0
126, 1, 0
249, 1, 0
126, 1, 0
249, 1, 0
125, 1, 0
249, 1, 0
127, 1, 0
250, 1, 0
129, 1, 0
244, 1, 0
127, 1, 0
126, 1, 0
248, 1, 0
249, 1, 0
126, 1, 0
125, 1, 0
255, 1, 0
244, 1, 0
126, 1, 0
125, 1, 0
249, 1, 0
251, 1, -1
126, 1, 0
248, 1, 0
126, 1, 0
250, 1, 0
126, 1, 0
250, 1, 0
124, 1, 0
249, 1, 0
126, 1, 0
250, 1, 0
250, 1, 0
125, 1, 0
125, 1, 0
249, 1, 0
250, 1, 0
126, 1, 0
250, 1, 0
125, 1, 0
250, 1, 0
250, 1, 0
126, 1, 0
249, 1, -1
126, 1, 0
249, 1, 0
125, 1, 0
249, 1, 0
250, 1, 0
126, 1, 0
251, 1, 0
128, 1, 0
248, 1, 0
256, 1, 0
117, 1, 0
252, 1, 0
124, 1, 0
249, 1, -1
250, 1, 0
125, 1, 0
248, 1, 0
250, 1, 0
252, 1, 0
124, 1, 0
250, 1, 0
250, 1, 0
125, 1, 0
251, 1, 0
250, 1, -1
250, 1, 0
127, 1, 0
248, 1, 0
248, 1, 0
127, 1, 0
252, 1, 0
249, 1, 0
250, 1, 0
125, 0, -1
125, 1, 0
124, 1, 0
407, 1, 0
93, 1, 0
250, 1, 0
249, 1, 0
251, 1, 0
250, 1, 0
126, 0, -1
124, 1, 0
250, 1, 0
125, 1, 0
250, 1, 0
251, 1, 0
249, 1, 0
250, 1, 0
126, 0, -1
124, 1, 0
125, 1, 0
374, 1, 0
249, 1, 0
262, 1, 0
247, 1, 0
244, 1, 0
249, 1, -1
251, 1, 0
250, 1, 0
250, 1, 0
249, 1, 0
250, 1, 0
251, 1, -1
250, 1, 0
376, 1, 0
248, 1, 0
250, 1, 0
250, 1, 0
251, 1, -1
376, 1, 0
248, 1, 0
251, 1, 0
375, 1, 0
125, 0, -1
124, 1, 0
251, 1, 0
377, 1, 0
253, 1, 0
408, 1, 0
211, 1, -1
374, 1, 0
250, 1, 0
374, 1, 0
377, 1, -1
249, 1, 0
250, 1, 0
384, 1, 0
370, 1, 0
122, 0, -1
124, 1, 0
377, 1, 0
375, 1, 0
377, 1, -1
375, 1, 0
377, 1, 0
372, 1, -1
374, 1, 0
249, 1, 0
501, 1, 0
250, 0, -1
126, 1, 0
378, 1, 0
429, 1, 0
67, 0, -1
446, 1, 0
467, 1, 0
214, 0, -1
249, 1, 0
373, 1, 0
508, 1, 0
119, 0, -1
374, 1, 0
499, 1, 0
250, 0, -1
251, 1, 0
530, 1, 0
219, 0, -1
377, 1, 0
623, 1, 0
376, 0, -1
125, 1, 0
781, 1, 0
218, 0, -1
502, 1, 0
629, 0, -1
122, 1, 0
873, 1, 0
249, 0, -1
751, 1, 0
500, 0, -1
627, 1, 0
374, 0, -1
1381, 1, 0
244, 0, -1
1506, 0, -1
1121, 1, 0
498, 0, -1
2132, 0, -1
4321, 0, -1
1678, -1, 0
2247, 0, -1
1128, -1, 0
2171, 0, -1
197, -1, 0
1427, -1, 0
481, 0, -1
718, -1, 0
535, 0, -1
392, -1, 0
697, -1, 0
376, 0, -1
384, -1, 0
490, -1, 0
126, 0, -1
658, -1, 0
345, 0, -1
124, -1, 0
669, -1, 0
77, 0, -1
375, -1, 0
535, -1, -1
499, -1, 0
218, 0, -1
248, -1, 0
535, -1, -1
215, -1, 0
504, -1, 0
123, 0, -1
408, -1, 0
215, -1, -1
532, -1, 0
222, 0, -1
123, -1, 0
374, -1, 0
249, 0, -1
126, -1, 0
374, -1, 0
252, 0, -1
123, -1, 0
250, -1, 0
537, -1, -1
212, -1, 0
376, -1, -1
411, -1, 0
215, -1, -1
376, -1, 0
376, -1, 0
124, 0, -1
250, -1, 0
249, -1, 0
251, 0, -1
125, -1, 0
249, -1, 0
375, -1, -1
251, -1, 0
407, -1, 0
92, 0, -1
250, -1, 0
250, -1, 0
250, -1, 0
125, 0, -1
250, -1, 0
376, -1, 0
250, -1, 0
125, 0, -1
251, -1, 0
250, -1, 0
415, -1, 0
83, 0, -1
132, -1, 0
244, -1, 0
373, -1, 0
251, -1, 0
125, 0, -1
125, -1, 0
406, -1, 0
220, -1, 0
407, -1, 0
92, 0, -1
125, -1, 0
249, -1, 0
251, -1, 0
249, -1, 0
406, -1, 0
95, -1, 0
126, 0, -1
249, -1, 0
249, -1, 0
250, -1, 0
251, -1, 0
379, -1, 0
122, 0, -1
125, -1, 0
249, -1, 0
250, -1, 0
250, -1, 0
250, -1, 0
249, -1, 0
250, -1, 0
250, -1, 0
250, -1, -1
250, -1, 0
250, -1, 0
250, -1, 0
125, -1, 0
251, -1, 0
251, -1, 0
248, -1, 0
251, -1, 0
125, -1, 0
250, -1, 0
407, -1, 0
93, -1, 0
249, -1, 0
254, -1, 0
125, -1, -1
247, -1, 0
249, -1, 0
251, -1, 0
252, -1, 0
248, -1, 0
126, -1, 0
249, -1, 0
250, -1, 0
126, -1, 0
248, -1, 0
250, -1, 0
126, -1, 0
249, -1, 0
251, -1, 0
250, -1, 0
125, -1, 0
250, -1, 0
125, -1, 0
250, -1, 0
250, -1, 0
125, -1, 0
251, -1, 0
125, -1, 0
248, -1, 0
251, -1, 0
125, -1, 0
249, -1, 0
128, -1, 0
246, -1, 0
127, -1, 0
249, -1, 0
126, -1, 0
250, -1, 0
126, -1, 0
248, -1, 0
126, -1, 0
251, -1, 0
150, -1, 0
224, -1, 0
125, -1, 0
249, -1, 0
126, -1, 0
250, -1, 0
125, -1, 0
126, -1, 0
248, -1, 0
126, -1, 0
249, -1, 0
127, -1, 0
249, -1, 0
126, -1, 0
124, -1, 0
249, -1, 0
126, -1, 0
124, -1, 0
254, -1, 0
123, -1, 0
249, -1, 1
126, -1, 0
125, -1, 0
250, -1, 0
249, -1, 0
125, -1, 0
125, -1, 0
249, -1, 0
126, -1, 0
125, -1, 0
251, -1, 0
124, -1, 0
125, -1, 0
250, -1, 0
125, 0, 1
124, -1, 0
130, -1, 0
121, -1, 0
250, -1, 0
129, -1, 0
124, -1, 0
248, -1, 0
129, -1, 0
245, -1, 0
124, -1, 0
125, -1, 1
249, -1, 0
126, -1, 0
249, -1, 0
126, -1, 0
124, -1, 0
251, -1, 0
126, -1, 0
251, -1, 0
124, -1, 1
125, -1, 0
250, -1, 0
126, -1, 0
125, -1, 0
250, -1, 0
125, -1, 0
249, -1, 0
126, -1, 0
249, -1, 1
126, -1, 0
249, -1, 0
126, -1, 0
125, -1, 0
250, -1, 0
249, -1, 0
126, -1, 0
125, -1, 1
249, -1, 0
125, -1, 0
125, -1, 0
252, -1, 0
248, -1, 0
126, -1, 0
125, -1, 0
125, 0, 1
125, -1, 0
125, -1, 0
249, -1, 0
124, -1, 0
251, -1, 0
126, -1, 0
130, 0, 1
124, -1, 0
246, -1, 0
124, -1, 0
125, -1, 0
250, -1, 0
249, -1, 0
126, -1, 0
128, -1, 1
248, -1, 0
249, -1, 0
125, -1, 0
250, -1, 0
126, -1, 0
249, -1, 1
125, -1, 0
249, -1, 0
126, -1, 0
250, -1, 0
250, -1, 0
125, -1, 0
249, -1, 1
251, -1, 0
250, -1, 0
125, -1, 0
249, -1, 0
127, -1, 1
249, -1, 0
250, -1, 0
125, -1, 0
250, -1, 0
125, -1, 0
249, -1, 0
127, 0, 1
124, -1, 0
250, -1, 0
125, -1, 0
250, -1, 0
250, -1, 0
124, 0, 1
125, -1, 0
250, -1, 0
125, -1, 0
250, -1, 0
249, -1, 0
129, 0, 1
123, -1, 0
248, -1, 0
125, -1, 0
409, -1, 0
92, -1, 0
249, -1, 1
251, -1, 0
250, -1, 0
249, -1, 0
250, -1, 0
251, -1, 0
253, -1, 1
373, -1, 0
250, -1, 0
250, -1, 0
250, -1, 0
125, 0, 1
125, -1, 0
374, -1, 0
251, -1, 0
406, -1, 0
218, -1, 1
251, -1, 0
406, -1, 0
218, -1, 0
376, -1, 1
408, -1, 0
216, -1, 0
376, -1, 0
380, -1, 1
370, -1, 0
375, -1, 0
500, -1, 0
250, 0, 1
126, -1, 0
374, -1, 0
625, -1, 0
375, -1, 0
533, -1, 1
645, -1, 0
479, -1, 0
631, 0, 1
87, -1, 0
750, -1, 0
875, -1, 0
751, 0, 1
249, -1, 0
1558, -1, 0
6198, 0, 1
12382, 1, 0
2492, 1, 0
2172, 1, 0
1340, 1, 0
1249, 1, 0
999, 1, 0
1000, 1, 0
749, 1, 0
754, 1, 0
627, 1, 0
745, 1, 0
540, 1, 0
585, 1, 0
632, 1, 0
377, 1, 0
497, 1, 0
502, 1, 0
119, 0, -1
380, 1, 0
515, 1, 0
369, 1, 0
381, 1, 0
497, 1, 0
374, 1, 0
374, 1, 0
372, 1, 0
368, 1, 0
380, 1, 0
125, 0, -1
245, 1, 0
398, 1, 0
231, 1, 0
372, 1, 0
374, 1, 0
254, 1, 0
371, 1, 0
129, 0, -1
127, 1, 0
385, 1, 0
238, 1, 0
377, 1, 0
253, 1, 0
379, 1, 0
242, 1, 0
246, 1, -1
379, 1, 0
244, 1, 0
251, 1, 0
250, 1, 0
258, 1, 0
243, 1, 0
128, 0, -1
247, 1, 0
249, 1, 0
252, 1, 0
253, 1, 0
247, 1, 0
250, 1, -1
252, 1, 0
248, 1, 0
248, 1, 0
256, 1, 0
255, 1, 0
247, 1, -1
246, 1, 0
247, 1, 0
251, 1, 0
279, 1, 0
213, 1, 0
255, 1, -1
118, 1, 0
373, 1, 0
126, 1, 0
249, 1, 0
126, 0, -1
126, 1, 0
248, 1, 0
250, 1, 0
250, 1, 0
126, 1, 0
250, 1, -1
125, 1, 0
251, 1, 0
256, 1, 0
262, 1, 0
109, 0, -1
123, 1, 0
125, 1, 0
249, 1, 0
125, 1, 0
261, 1, 0
119, 0, -1
133, 1, 0
122, 1, 0
245, 1, 0
249, 1, 0
125, 1, 0
127, 0, -1
123, 1, 0
250, 1, 0
126, 1, 0
248, 1, 0
251, 1, -1
125, 1, 0
255, 1, 0
120, 1, 0
250, 1, 0
126, 1, -1
249, 1, 0
130, 1, 0
248, 1, 0
248, 1, -1
128, 1, 0
250, 1, 0
128, 1, 0
255, 1, -1
120, 1, 0
246, 1, 0
125, 1, 0
263, 1, 0
129, 0, -1
121, 1, 0
125, 1, 0
121, 1, 0
249, 1, 0
117, 1, 0
133, 0, -1
125, 1, 0
123, 1, 0
253, 1, 0
115, 1, 0
124, 0, -1
124, 1, 0
124, 1, 0
125, 1, 0
250, 1, 0
249, 1, -1
127, 1, 0
124, 1, 0
250, 1, 0
125, 1, -1
249, 1, 0
113, 1, 0
129, 1, 0
245, 1, 0
125, 1, -1
249, 1, 0
126, 1, 0
250, 1, 0
126, 1, -1
125, 1, 0
250, 1, 0
125, 1, 0
124, 1, -1
249, 1, 0
125, 1, 0
125, 1, 0
125, 0, -1
125, 1, 0
125, 1, 0
125, 1, 0
250, 1, 0
125, 1, -1
126, 1, 0
249, 1, 0
125, 1, 0
125, 0, -1
125, 1, 0
126, 1, 0
125, 1, 0
250, 1, -1
125, 1, 0
124, 1, 0
249, 1, 0
126, 1, 0
123, 1, -1
252, 1, 0
124, 1, 0
126, 1, -1
252, 1, 0
124, 1, 0
124, 1, 0
250, 1, -1
126, 1, 0
126, 1, 0
248, 1, 0
126, 1, -1
124, 1, 0
249, 1, 0
126, 1, 0
125, 0, -1
125, 1, 0
125, 1, 0
126, 1, 0
248, 1, -1
126, 1, 0
125, 1, 0
249, 1, -1
126, 1, 0
126, 1, 0
248, 1, 0
126, 1, 0
125, 1, -1
250, 1, 0
126, 1, 0
125, 1, -1
249, 1, 0
125, 1, 0
125, 1, 0
250, 1, -1
125, 1, 0
126, 1, 0
249, 1, -1
125, 1, 0
257, 1, 0
124, 1, -1
120, 1, 0
249, 1, 0
125, 1, 0
125, 0, -1
125, 1, 0
125, 1, 0
125, 1, 0
125, 1, 0
126, 0, -1
124, 1, 0
126, 1, 0
249, 1, 0
125, 1, -1
249, 1, 0
127, 1, 0
124, 1, -1
249, 1, 0
126, 1, 0
125, 1, 0
125, 0, -1
125, 1, 0
126, 1, 0
248, 1, 0
126, 1, -1
125, 1, 0
250, 1, 0
125, 1, -1
254, 1, 0
124, 1, 0
247, 1, -1
126, 1, 0
124, 1, 0
251, 1, -1
124, 1, 0
250, 1, 0
126, 1, 0
124, 0, -1
126, 1, 0
124, 1, 0
250, 1, 0
126, 1, -1
249, 1, 0
125, 1, 0
125, 1, 0
125, 0, -1
126, 1, 0
248, 1, 0
126, 1, 0
249, 1, -1
126, 1, 0
252, 1, 0
123, 1, -1
249, 1, 0
126, 1, 0
249, 1, -1
126, 1, 0
250, 1, 0
249, 1, -1
126, 1, 0
250, 1, 0
124, 1, 0
127, 0, -1
124, 1, 0
249, 1, 0
127, 1, 0
124, 0, -1
125, 1, 0
125, 1, 0
249, 1, 0
127, 0, -1
124, 1, 0
125, 1, 0
250, 1, 0
250, 1, -1
249, 1, 0
126, 1, 0
250, 1, -1
127, 1, 0
252, 1, 0
124, 0, -1
125, 1, 0
248, 1, 0
258, 1, 0
117, 1, -1
249, 1, 0
248, 1, 0
128, 0, -1
124, 1, 0
250, 1, 0
250, 1, -1
249, 1, 0
125, 1, 0
250, 1, 0
125, 0, -1
126, 1, 0
256, 1, 0
243, 1, 0
127, 1, -1
374, 1, 0
125, 0, -1
125, 1, 0
252, 1, 0
250, 1, -1
249, 1, 0
247, 1, 0
252, 1, -1
374, 1, 0
250, 1, 0
128, 0, -1
123, 1, 0
249, 1, 0
126, 0, -1
250, 1, 0
250, 1, 0
250, 1, -1
374, 1, 0
250, 1, 0
126, 0, -1
125, 1, 0
374, 1, 0
252, 1, -1
375, 1, 0
248, 0, -1
250, 1, 0
251, 1, 0
125, 0, -1
249, 1, 0
375, 1, 0
127, 0, -1
372, 1, 0
376, 1, 0
126, 0, -1
249, 1, 0
527, 1, -1
499, 1, 0
224, 0, -1
250, 1, 0
502, 1, -1
626, 1, 0
248, 0, -1
375, 1, 0
500, 0, -1
125, 1, 0
750, 1, 0
124, 0, -1
662, 1, 0
494, 0, -1
471, 1, 0
531, 0, -1
845, 1, 0
257, 0, -1
1118, 1, 0
247, 0, -1
1280, 0, -1
1598, 0, -1
1375, 0, -1
1749, 0, -1
2127, 0, -1
1626, 0, -1
1498, 0, -1
125, -1, 0
1500, 0, -1
249, -1, 0
1125, -1, -1
750, -1, 0
376, 0, -1
498, -1, 0
749, 0, -1
127, -1, 0
624, -1, 0
250, 0, -1
375, -1, 0
625, -1, -1
500, -1, 0
403, 0, -1
98, -1, 0
510, -1, 0
392, 0, -1
98, -1, 0
500, -1, 0
376, -1, -1
498, -1, 0
375, -1, -1
377, -1, 0
372, -1, 0
126, 0, -1
251, -1, 0
374, -1, 0
250, 0, -1
125, -1, 0
375, -1, 0
252, -1, 0
248, 0, -1
125, -1, 0
250, -1, 0
375, -1, 0
127, 0, -1
123, -1, 0
251, -1, 0
250, -1, 0
250, -1, 0
376, -1, -1
250, -1, 0
249, -1, 0
251, -1, 0
249, -1, 0
125, 0, -1
126, -1, 0
249, -1, 0
249, -1, 0
253, -1, 0
249, -1, -1
248, -1, 0
251, -1, 0
251, -1, 0
249, -1, 0
250, -1, -1
125, -1, 0
251, -1, 0
249, -1, 0
250, -1, 0
255, -1, 0
120, -1, 0
251, -1, -1
250, -1, 0
124, -1, 0
250, -1, 0
250, -1, 0
126, -1, 0
128, -1, 0
248, -1, 0
250, -1, -1
126, -1, 0
249, -1, 0
125, -1, 0
249, -1, 0
126, -1, 0
249, -1, 0
126, -1, 0
125, -1, 0
251, -1, 0
248, -1, 0
126, -1, 0
125, -1, 0
249, -1, 0
126, -1, 0
126, -1, 0
124, 0, -1
126, -1, 0
125, -1, 0
125, -1, 0
248, -1, 0
127, -1, 0
124, -1, 0
249, -1, 0
126, -1, 0
249, -1, 0
126, -1, 0
125, -1, 0
249, -1, 0
126, -1, 0
125, -1, 0
249, -1, 0
125, -1, 0
127, -1, 0
125, -1, 0
121, -1, 0
250, -1, 0
126, -1, 0
127, -1, 0
250, -1, 0
126, -1, 0
123, -1, 0
125, -1, 0
126, -1, 0
248, -1, 0
126, -1, 0
125, -1, 0
126, -1, 0
249, -1, 0
126, -1, 0
123, -1, 0
126, -1, 0
125, -1, 0
125, -1, 0
127, -1, 0
248, -1, 0
125, -1, 0
125, -1, 0
125, -1, 0
127, -1, 0
125, -1, 0
125, -1, 0
124, -1, 0
125, -1, 0
249, -1, 0
126, -1, 0
125, -1, 1
124, -1, 0
127, -1, 0
124, -1, 0
125, -1, 0
125, -1, 0
249, -1, 0
126, -1, 0
125, -1, 0
125, -1, 0
125, -1, 1
124, -1, 0
126, -1, 0
125, -1, 0
124, -1, 0
126, -1, 0
125, -1, 0
250, -2, 0
251, -1, 1
124, -1, 0
125, -1, 0
125, -1, 0
125, -1, 0
126, -1, 0
124, -1, 0
125, -1, 0
125, -1, 0
125, -1, 1
125, -1, 0
125, -1, 0
126, -1, 0
124, -1, 0
264, -1, 0
111, -1, 0
125, -1, 1
125, -1, 0
125, -1, 0
125, -1, 0
125, -1, 0
124, -1, 0
126, -1, 0
124, -1, 0
126, -1, 1
125, -1, 0
125, -1, 0
125, -1, 0
126, -1, 0
123, -1, 0
126, -1, 1
125, -1, 0
125, -1, 0
250, -1, 0
125, -2, 0
249, -1, 1
126, -1, 0
125, -1, 0
125, -1, 0
125, -1, 0
125, -1, 0
125, -1, 0
126, -1, 0
124, -1, 1
127, -1, 0
123, -1, 0
125, -1, 0
125, -1, 0
125, -1, 1
126, -1, 0
126, -1, 0
124, -1, 0
124, -1, 0
126, -1, 0
248, -1, 1
129, -1, 0
123, -1, 0
126, -1, 0
125, -1, 0
123, -1, 0
126, -1, 0
124, -1, 1
125, -1, 0
125, -1, 0
250, -2, 0
250, -1, 0
126, -1, 1
124, -1, 0
125, -1, 0
142, -1, 0
108, -1, 0
126, -1, 0
124, -1, 1
126, -1, 0
131, -1, 0
119, -1, 0
249, -1, 1
126, -1, 0
125, -1, 0
124, -1, 0
125, -1, 0
127, -1, 0
124, -1, 0
249, -1, 1
125, -1, 0
125, -1, 0
125, -1, 0
125, -1, 0
125, -1, 0
126, 0, 1
124, -1, 0
126, -1, 0
127, -1, 0
123, -1, 0
124, -1, 0
125, -1, 0
125, 0, 1
125, -1, 0
126, -1, 0
139, -1, 0
110, -1, 0
125, -1, 0
125, -1, 1
249, -1, 0
126, -1, 0
125, -1, 0
125, -1, 0
125, -1, 0
249, -1, 1
126, -1, 0
125, -1, 0
125, -1, 0
249, -1, 0
126, -1, 0
125, -1, 1
125, -1, 0
248, -1, 0
127, -1, 0
126, -1, 0
124, -1, 1
252, -1, 0
124, -1, 0
125, -1, 0
250, -1, 0
126, -1, 0
123, -1, 1
249, -1, 0
125, -1, 0
125, -1, 0
125, -1, 1
257, -1, 0
119, -1, 0
125, -1, 0
249, -1, 0
125, -1, 0
125, -1, 0
125, 0, 1
125, -1, 0
125, -1, 0
250, -1, 0
125, -1, 0
250, -1, 0
126, -1, 1
125, -1, 0
249, -1, 0
126, -1, 0
248, -1, 0
125, -1, 1
125, -1, 0
251, -1, 0
125, -1, 0
249, -1, 0
250, -1, 1
126, -1, 0
125, -1, 0
249, -1, 0
127, -1, 0
248, -1, 0
250, -1, 1
128, -1, 0
247, -1, 0
127, -1, 0
249, -1, 0
250, -1, 1
125, -1, 0
249, -1, 0
126, -1, 0
249, -1, 0
250, -1, 1
126, -1, 0
249, -1, 0
250, -1, 0
126, -1, 0
249, -1, 0
250, -1, 1
251, -1, 0
126, -1, 0
249, -1, 0
249, -1, 0
251, -1, 1
249, -1, 0
126, -1, 0
249, -1, 0
251, -1, 0
250, -1, 0
249, -1, 1
250, -1, 0
250, -1, 0
127, -1, 0
375, -1, 0
248, -1, 0
126, 0, 1
125, -1, 0
250, -1, 0
249, -1, 0
375, -1, 0
252, -1, 0
126, 0, 1
123, -1, 0
250, -1, 0
375, -1, 0
254, -1, 0
247, -1, 0
375, -1, 0
124, 0, 1
124, -1, 0
250, -1, 0
375, -1, 0
375, -1, 0
250, -1, 0
254, 0, 1
121, -1, 0
376, -1, 0
249, -1, 0
375, -1, 0
376, -1, 0
374, -1, 0
126, 0, 1
374, -1, 0
375, -1, 0
376, -1, 0
534, -1, 0
341, -1, 1
501, -1, 0
501, -1, 0
550, -1, 0
451, -1, 0
373, 0, 1
250, -1, 0
500, -1, 0
625, -1, 0
751, -1, 0
750, -1, 0
136, 0, 1
613, -1, 0
878, -1, 0
872, -1, 0
1251, -1, 0
999, 0, 1
625, -1, 0
3879, -1, 0
43638, 1, 0
2491, 1, 0
1624, 1, 0
1374, 1, 0
995, 1, 0
499, 0, -1
627, 1, 0
876, 1, 0
748, 1, 0
752, 1, 0
750, 1, 0
499, 1, 0
751, 1, 0
376, 0, -1
125, 1, 0
499, 1, 0
501, 1, 0
624, 1, 0
500, 1, 0
374, 1, 0
503, 1, 0
373, 1, 0
376, 1, 0
251, 0, -1
247, 1, 0
376, 1, 0
372, 1, 0
377, 1, 0
375, 1, 0
250, 1, 0
373, 1, 0
385, 1, 0
367, 1, 0
247, 1, 0
378, 1, 0
250, 1, 0
376, 1, -1
255, 1, 0
373, 1, 0
245, 1, 0
375, 1, 0
251, 1, 0
248, 1, 0
251, 1, 0
249, 1, 0
250, 1, 0
377, 1, 0
249, 1, 0
250, 1, 0
253, 1, 0
247, 1, 0
250, 1, -1
250, 1, 0
251, 1, 0
250, 1, 0
249, 1, 0
250, 1, 0
250, 1, 0
251, 1, 0
124, 1, 0
247, 1, 0
252, 1, 0
251, 1, 0
249, 1, 0
125, 1, 0
253, 1, 0
248, 1, 0
125, 1, 0
125, 0, -1
125, 1, 0
249, 1, 0
251, 1, 0
126, 1, 0
249, 1, 0
124, 1, 0
250, 1, 0
250, 1, 0
126, 1, 0
250, 1, 0
250, 1, 0
125, 1, 0
250, 1, 0
126, 1, 0
248, 1, 0
252, 1, 0
123, 1, -1
132, 1, 0
246, 1, 0
124, 1, 0
255, 1, 0
120, 1, 0
250, 1, 0
124, 1, 0
125, 1, 0
249, 1, 0
251, 1, 0
125, 1, 0
249, 1, 0
126, 1, 0
123, 1, 0
251, 1, 0
126, 1, 0
252, 1, 0
122, 1, -1
126, 1, 0
250, 1, 0
125, 1, 0
125, 1, 0
250, 1, 0
125, 1, 0
126, 1, 0
251, 1, 0
124, 1, 0
251, 1, 0
123, 1, 0
124, 1, 0
126, 1, 0
254, 1, 0
120, 1, 0
127, 1, 0
250, 1, 0
123, 1, 0
126, 1, 0
248, 1, 0
130, 1, -1
121, 1, 0
250, 1, 0
126, 1, 0
125, 1, 0
124, 1, 0
125, 1, 0
249, 1, 0
127, 1, 0
124, 1, 0
249, 1, 0
126, 1, 0
125, 1, 0
125, 1, 0
250, 1, 0
143, 1, 0
109, 1, 0
248, 1, 0
125, 1, 0
125, 1, 0
125, 1, 0
125, 1, -1
250, 1, 0
126, 1, 0
124, 1, 0
127, 1, 0
248, 1, 0
126, 1, 0
126, 1, 0
124, 1, 0
249, 1, 0
126, 1, 0
125, 1, 0
125, 1, 0
125, 1, 0
127, 1, 0
247, 1, 0
124, 1, 0
125, 1, 0
125, 1, 0
124, 1, 0
126, 0, -1
125, 1, 0
125, 1, 0
126, 1, 0
124, 1, 0
123, 1, 0
251, 2, 0
250, 1, 0
126, 1, 0
125, 1, 0
125, 1, 0
125, 1, 0
249, 1, 0
125, 1, 0
125, 1, 0
127, 1, 0
126, 1, 0
123, 1, 0
249, 1, 0
126, 1, 0
126, 1, -1
124, 1, 0
125, 1, 0
249, 1, 0
126, 1, 0
126, 1, 0
125, 1, 0
123, 1, 0
125, 1, 0
251, 2, 0
249, 1, 0
125, 1, 0
126, 1, 0
124, 1, 0
125, 1, 0
125, 1, 0
249, 1, 0
126, 1, -1
125, 1, 0
126, 1, 0
124, 1, 0
126, 1, 0
249, 1, 0
125, 1, 0
125, 1, 0
125, 1, 0
125, 1, 0
251, 2, 0
249, 1, 0
125, 1, 0
126, 1, 0
124, 1, -1
125, 1, 0
249, 1, 0
126, 1, 0
126, 1, 0
124, 1, 0
125, 1, 0
125, 1, 0
125, 1, 0
249, 1, 0
133, 1, 0
123, 1, 0
128, 1, 0
123, 1, 0
121, 1, -1
248, 1, 0
126, 1, 0
124, 1, 0
126, 1, 0
126, 1, 0
248, 1, 0
125, 1, 0
127, 1, 0
124, 1, 0
124, 1, 0
250, 1, 0
126, 1, -1
125, 1, 0
124, 1, 0
126, 1, 0
125, 1, 0
249, 1, 0
127, 1, 0
124, 1, 0
124, 1, 0
125, 1, 0
125, 1, 0
250, 1, -1
126, 1, 0
128, 1, 0
124, 1, 0
250, 1, 0
124, 1, 0
125, 1, 0
125, 1, 0
249, 1, 0
126, 1, 0
125, 1, 0
125, 1, -1
249, 1, 0
126, 1, 0
125, 1, 0
124, 1, 0
126, 1, 0
249, 1, 0
125, 1, 0
126, 1, 0
125, 0, -1
125, 1, 0
124, 1, 0
126, 1, 0
124, 1, 0
250, 1, 0
125, 1, 0
250, 1, 0
126, 1, 0
125, 1, -1
125, 1, 0
249, 1, 0
126, 1, 0
125, 1, 0
249, 1, 0
125, 1, -1
250, 1, 0
125, 1, 0
125, 1, 0
251, 1, 0
124, 1, 0
250, 1, -1
125, 1, 0
125, 1, 0
250, 1, 0
126, 1, 0
249, 1, 0
250, 1, 0
126, 1, -1
125, 1, 0
250, 1, 0
124, 1, 0
250, 1, 0
126, 1, 0
249, 1, 0
251, 1, -1
124, 1, 0
250, 1, 0
126, 1, 0
249, 1, 0
126, 0, -1
126, 1, 0
124, 1, 0
249, 1, 0
250, 1, 0
126, 1, 0
249, 1, -1
250, 1, 0
125, 1, 0
250, 1, 0
250, 1, 0
250, 1, -1
250, 1, 0
256, 1, 0
243, 1, 0
251, 1, 0
126, 0, -1
124, 1, 0
250, 1, 0
250, 1, 0
250, 1, 0
126, 0, -1
125, 1, 0
425, 1, 0
200, 1, 0
249, 1, 0
126, 0, -1
124, 1, 0
414, 1, 0
211, 1, 0
378, 1, -1
249, 1, 0
375, 1, 0
374, 1, 0
251, 0, -1
124, 1, 0
376, 1, 0
376, 1, 0
248, 0, -1
251, 1, 0
499, 1, 0
375, 1, -1
500, 1, 0
501, 1, 0
499, 0, -1
125, 1, 0
750, 1, 0
375, 0, -1
376, 1, 0
1126, 1, 0
122, 0, -1
1252, 1, 0
876, 0, -1
2251, 0, -1
3128, 0, -1
1871, 0, -1
625, -1, 0
874, 0, -1
751, -1, 0
626, 0, -1
623, -1, 0
500, 0, -1
625, -1, 0
378, 0, -1
746, -1, 0
268, 0, -1
482, -1, 0
375, 0, -1
377, -1, 0
373, 0, -1
379, -1, 0
496, 0, -1
250, -1, 0
501, 0, -1
125, -1, 0
625, -1, 0
124, 0, -1
502, -1, 0
248, 0, -1
250, -1, 0
500, 0, -1
125, -1, 0
508, -1, 0
119, 0, -1
373, -1, 0
375, -1, -1
507, -1, 0
122, 0, -1
374, -1, 0
249, 0, -1
249, -1, 0
374, -1, 0
125, 0, -1
250, -1, 0
376, -1, 0
125, 0, -1
376, -1, 0
124, 0, -1
124, -1, 0
502, -1, 0
250, 0, -1
124, -1, 0
249, -1, 0
126, 0, -1
249, -1, 0
375, -1, -1
249, -1, 0
381, -1, 0
121, 0, -1
126, -1, 0
374, -1, 0
125, 0, -1
251, -1, 0
252, -1, 0
247, 0, -1
125, -1, 0
250, -1, 0
250, -1, -1
250, -1, 0
375, -1, 0
125, 0, -1
125, -1, 0
251, -1, 0
249, 0, -1
126, -1, 0
249, -1, 0
250, -1, -1
250, -1, 0
249, -1, 0
126, 0, -1
126, -1, 0
249, -1, 0
251, -1, -1
249, -1, 0
251, -1, 0
251, 0, -1
125, -1, 0
124, -1, 0
251, -1, 0
123, 0, -1
124, -1, 0
251, -1, 0
249, -1, 0
126, 0, -1
125, -1, 0
249, -1, 0
251, -1, 0
125, 0, -1
125, -1, 0
125, -1, 0
249, -1, 0
250, -1, -1
250, -1, 0
125, -1, 0
250, -1, 0
127, 0, -1
129, -1, 0
252, -1, 0
118, -1, 0
250, -1, -1
125, -1, 0
249, -1, 0
250, -1, 0
250, -1, -1
126, -1, 0
249, -1, 0
252, -1, 0
124, -1, 0
126, -1, -1
249, -1, 0
250, -1, 0
254, -1, -1
122, -1, 0
126, -1, 0
246, -1, 0
250, -1, 0
126, -1, -1
249, -1, 0
126, -1, 0
250, -1, 0
125, -1, 0
250, -1, -1
133, -1, 0
241, -1, 0
126, -1, 0
249, -1, 0
126, -1, -1
249, -1, 0
125, -1, 0
250, -1, 0
125, -1, 0
126, -1, 0
124, 0, -1
125, -1, 0
250, -2, 0
250, -1, 0
249, -1, 0
127, -1, -1
249, -1, 0
126, -1, 0
126, -1, 0
248, -1, 0
126, -1, 0
125, -1, 0
124, 0, -1
125, -1, 0
125, -1, 0
126, -1, 0
249, -1, 0
125, -1, 0
125, -1, 0
250, -1, 0
126, -1, -1
125, -1, 0
249, -1, 0
125, -1, 0
126, -1, 0
248, -1, 0
126, -1, 0
250, -1, 0
127, -1, 0
123, -1, -1
254, -1, 0
124, -1, 0
124, -1, 0
248, -1, 0
125, -1, 0
126, -1, 0
249, -1, -1
125, -1, 0
125, -1, 0
250, -1, 0
125, -1, 0
125, -1, 0
125, -1, 0
126, -1, 0
250, -1, 0
125, -1, 0
124, -1, 0
250, -1, -1
126, -1, 0
126, -1, 0
124, -1, 0
250, -1, 0
125, -1, 0
124, -1, 0
250, -1, 0
127, -1, 0
123, -1, 0
251, -2, -1
255, -1, 0
127, -1, 0
122, -1, 0
246, -1, 0
125, -1, 0
126, -1, 0
249, -2, 0
253, -1, 0
122, -1, 0
252, -1, 0
125, -1, 0
123, -1, 0
125, -1, 0
126, -1, -1
248, -1, 0
126, -1, 0
125, -1, 0
126, -1, 0
124, -1, 0
251, -1, 0
125, -1, 0
124, -1, 0
250, -1, 0
125, -1, 0
126, -1, 0
124, -1, 0
125, -1, 0
249, -1, 0
126, -1, 0
125, -1, 0
126, -1, -1
249, -1, 0
125, -1, 0
125, -1, 0
126, -1, 0
125, -1, 0
249, -1, 0
125, -1, 0
125, -1, 0
126, -1, 0
124, -1, 0
248, -1, 0
127, -1, 0
126, -1, 0
125, -1, 0
124, -1, 0
249, -1, 0
126, -1, 0
125, -1, 0
125, -1, 0
249, -1, 0
128, -1, 0
124, -1, 0
124, -1, 0
124, -1, 0
254, -2, 0
248, -1, 0
124, -1, 0
126, -1, 0
124, -1, 0
125, -1, 0
249, -1, 0
127, -1, 0
124, -1, 0
126, -1, 0
124, -1, 0
125, -1, 0
125, -1, -1
249, -1, 0
127, -1, 0
124, -1, 0
126, -1, 0
248, -1, 0
126, -1, 0
125, -1, 0
127, -1, 0
127, -1, 0
123, -1, 0
125, -1, 0
249, -1, 0
124, -1, 0
125, -1, 0
125, -1, 0
126, -1, 0
124, -1, 0
125, -1, 0
249, -1, 0
126, -1, 0
125, -1, 0
125, -1, 0
126, -1, 0
125, -1, 0
124, -1, 0
249, -1, 0
126, -1, 0
125, -1, 0
125, -1, 0
126, -1, 0
124, -1, 0
250, -2, 0
250, -1, 0
126, -1, 0
125, -1, 0
125, -1, 0
124, -1, 0
125, -1, 0
249, -1, 0
126, -1, 0
125, -1, 0
131, -1, 0
127, -1, 0
117, -1, 0
250, -2, 0
249, -1, 0
127, -1, 0
124, -1, 0
126, -1, 0
124, -1, 0
125, -1, 0
249, -1, 0
127, -1, 0
124, -1, 0
125, -1, 0
127, -1, 0
124, -1, 0
123, -1, 0
251, -2, 0
250, -1, 0
125, -1, 0
126, -1, 0
124, -1, 0
127, -1, 0
124, -1, 0
124, -1, 0
252, -1, 0
122, -1, 0
127, -1, 0
125, -1, 0
126, -1, 0
123, -1, 0
249, -1, 0
127, -1, 0
126, -1, 0
124, -1, 0
124, -1, 0
126, -1, 0
125, -1, 1
249, -2, 0
249, -1, 0
127, -1, 0
124, -1, 0
126, -1, 0
124, -1, 0
125, -1, 0
125, -1, 0
249, -1, 0
128, -1, 0
126, -1, 0
124, -1, 0
126, -1, 0
124, -1, 0
124, -1, 0
248, -1, 0
127, -1, 0
124, -1, 0
127, -1, 0
124, -1, 0
125, -1, 0
249, -2, 0
251, -1, 0
126, -1, 1
126, -1, 0
124, -1, 0
123, -1, 0
249, -2, 0
252, -1, 0
125, -1, 0
124, -1, 0
125, -1, 0
125, -1, 0
125, -1, 0
125, -1, 0
250, -1, 0
125, -1, 0
125, -1, 0
126, -1, 0
124, 0, 1
126, -2, 0
250, -1, 0
125, -1, 0
124, -1, 0
125, -1, 0
126, -1, 0
248, -1, 0
126, -1, 0
125, -1, 0
126, -1, 0
125, -1, 0
249, -2, 0
249, -1, 1
126, -1, 0
125, -1, 0
126, -1, 0
124, -1, 0
250, -1, 0
125, -1, 0
124, -1, 0
129, -1, 0
250, -1, 0
124, -1, 0
123, -1, 0
125, -1, 0
126, -1, 0
124, -1, 0
125, -1, 1
250, -1, 0
125, -1, 0
125, -1, 0
125, -1, 0
125, -1, 0
266, -1, 0
109, -1, 0
126, -1, 0
124, -1, 0
125, -1, 0
250, -1, 0
125, -1, 0
125, -1, 1
125, -1, 0
249, -1, 0
127, -1, 0
125, -1, 0
125, -1, 0
125, -1, 0
249, -1, 0
126, -1, 0
124, -1, 0
125, -1, 1
124, -1, 0
253, -1, 0
125, -1, 0
123, -1, 0
249, -1, 0
126, -1, 0
125, -1, 0
125, -1, 0
250, -1, 0
125, -1, 0
126, -1, 0
124, -1, 0
251, -1, 0
125, -1, 1
125, -1, 0
249, -1, 0
126, -1, 0
125, -1, 0
125, -1, 0
248, -1, 0
251, -1, 0
125, -1, 0
126, -1, 0
124, -1, 0
250, -1, 0
126, -1, 0
124, -1, 0
125, -1, 0
126, 0, 1
125, -1, 0
126, -1, 0
247, -1, 0
127, -1, 0
249, -1, 0
126, -1, 0
249, -1, 0
125, -1, 0
125, -1, 0
250, -1, 0
125, -1, 0
250, -1, 0
125, -1, 0
125, 0, 1
124, -1, 0
126, -1, 0
249, -1, 0
126, -1, 0
250, -1, 0
125, -1, 0
125, -1, 0
249, -1, 0
126, -1, 0
251, -1, 0
124, -1, 0
250, -1, 0
250, -1, 0
126, -1, 0
250, -1, 0
249, -1, 0
125, -1, 0
126, 0, 1
125, -1, 0
124, -1, 0
250, -1, 0
249, -1, 0
250, -1, 0
126, -1, 0
249, -1, 0
250, -1, 0
250, -1, 0
126, -1, 0
375, -1, 0
250, -1, 0
126, -1, 0
249, -1, 0
250, -1, 0
125, 0, 1
126, -1, 0
254, -1, 0
247, -1, 0
248, -1, 0
250, -1, 0
249, -1, 0
410, -1, 0
216, -1, 0
250, -1, 0
375, -1, 0
250, -1, 0
251, -1, 0
411, -1, 0
212, -1, 0
412, -1, 0
214, -1, 0
410, -1, 0
340, -1, 0
376, -1, 0
414, -1, 0
335, -1, 0
539, -1, 0
499, -1, 0
500, -1, 1
498, -1, 0
589, -1, 0
790, -1, 0
749, -1, 0
962, -1, 0
1630, -1, 0
9885, 1, 0
1776, 1, 0
1114, 1, 0
349, 0, -1
498, 1, 0
874, 1, 0
624, 1, 0
626, 1, 0
498, 1, 0
535, 1, 0
341, 1, 0
410, 1, 0
464, 1, 0
377, 1, 0
373, 1, 0
377, 1, 0
247, 1, 0
411, 1, 0
341, 1, 0
249, 1, 0
250, 1, 0
376, 1, 0
251, 1, 0
249, 1, 0
248, 1, 0
250, 1, 0
250, 1, 0
251, 1, 0
253, 1, 0
248, 1, 0
248, 1, 0
250, 1, 0
250, 1, 0
250, 1, 0
126, 1, 0
125, 0, -1
125, 1, 0
249, 1, 0
125, 1, 0
250, 1, 0
250, 1, 0
126, 1, 0
252, 1, 0
125, 1, 0
249, 1, 0
124, 1, 0
249, 1, 0
250, 1, 0
126, 1, 0
125, 1, 0
250, 1, 0
249, 1, 0
126, 1, 0
126, 1, 0
249, 1, 0
125, 1, 0
125, 1, 0
249, 1, -1
126, 1, 0
134, 1, 0
242, 1, 0
127, 1, 0
124, 1, 0
122, 1, 0
125, 1, 0
249, 1, 0
126, 1, 0
125, 1, 0
125, 1, 0
126, 1, 0
249, 1, 0
126, 1, 0
124, 1, 0
125, 1, 0
125, 1, -1
125, 1, 0
250, 1, 0
129, 1, 0
123, 1, 0
124, 1, 0
124, 1, 0
126, 1, 0
132, 1, 0
243, 2, 0
252, 2, 0
248, 1, 0
126, 1, 0
125, 1, 0
126, 1, 0
124, 1, 0
125, 1, 0
125, 1, -1
125, 1, 0
125, 1, 0
125, 1, 0
125, 1, 0
125, 1, 0
124, 1, 0
126, 1, 0
125, 1, 0
125, 1, 0
125, 1, 0
125, 1, 0
125, 1, 0
125, 1, 0
126, 1, 0
125, 2, 0
250, 2, 0
125, 1, 0
124, 1, 0
125, 1, -1
126, 1, 0
124, 1, 0
125, 1, 0
125, 1, 0
125, 2, 0
125, 1, 0
125, 1, 0
124, 1, 0
127, 1, 0
124, 1, 0
131, 2, 0
245, 2, 0
126, 1, -1
122, 1, 0
125, 1, 0
127, 2, 0
123, 1, 0
125, 1, 0
125, 1, 0
125, 1, 0
124, 1, 0
126, 1, 0
134, 2, 0
116, 1, 0
124, 1, 0
126, 1, 0
125, 2, 0
125, 1, 0
125, 1, 0
125, 1, -1
124, 2, 0
129, 1, 0
122, 1, 0
125, 1, 0
125, 2, 0
125, 1, 0
125, 1, 0
125, 2, 0
125, 1, 0
126, 1, 0
124, 2, 0
125, 1, 0
125, 1, 0
125, 1, 0
125, 2, 0
125, 1, -1
125, 2, 0
125, 1, 0
125, 1, 0
125, 1, 0
126, 1, 0
124, 2, 0
125, 1, 0
125, 2, 0
125, 1, 0
125, 2, 0
125, 1, 0
125, 1, 0
125, 1, 0
126, 2, -1
124, 1, 0
125, 2, 0
125, 1, 0
126, 2, 0
124, 1, 0
127, 2, 0
123, 1, 0
125, 1, 0
125, 2, 0
137, 1, 0
114, 2, 0
125, 1, 0
124, 1, 0
124, 2, 0
125, 1, 0
125, 2, 0
126, 1, 0
125, 2, -1
124, 1, 0
126, 1, 0
125, 2, 0
125, 1, 0
124, 2, 0
125, 1, 0
125, 2, 0
125, 1, 0
125, 2, 0
126, 1, 0
124, 2, 0
126, 2, 0
125, 1, 0
124, 2, 0
125, 2, 0
125, 1, 0
125, 2, 0
126, 1, 0
124, 2, -1
127, 1, 0
125, 2, 0
125, 1, 0
125, 2, 0
125, 1, 0
126, 2, 0
125, 2, 0
124, 2, 0
125, 1, 0
125, 2, 0
126, 1, 0
126, 2, 0
125, 1, 0
124, 2, 0
125, 2, 0
124, 1, 0
125, 2, -1
125, 1, 0
125, 2, 0
125, 1, 0
125, 2, 0
125, 2, 0
125, 2, 0
125, 1, 0
125, 2, 0
125, 1, 0
125, 2, 0
125, 2, 0
125, 1, 0
125, 2, 0
125, 2, 0
125, 1, 0
126, 2, 0
124, 2, 0
125, 1, -1
125, 2, 0
125, 2, 0
125, 1, 0
125, 2, 0
125, 2, 0
125, 2, 0
125, 1, 0
125, 2, 0
125, 2, 0
125, 1, 0
132, 2, 0
123, 1, 0
123, 2, 0
122, 2, 0
125, 2, 0
125, 1, 0
125, 2, 0
125, 2, 0
125, 2, 0
125, 1, 0
125, 2, 0
126, 1, 0
125, 3, 0
124, 1, 0
126, 2, 0
125, 1, 0
124, 3, 0
126, 1, -1
124, 2, 0
125, 1, 0
125, 3, 0
125, 1, 0
125, 2, 0
125, 2, 0
125, 2, 0
126, 1, 0
124, 2, 0
125, 2, 0
125, 2, 0
125, 1, 0
125, 2, 0
132, 2, 0
118, 1, 0
125, 2, 0
125, 2, 0
126, 2, 0
127, 1, 0
123, 3, 0
123, 1, 0
127, 2, 0
127, 2, 0
123, 2, -1
125, 1, 0
124, 2, 0
125, 2, 0
126, 2, 0
124, 1, 0
125, 3, 0
125, 1, 0
126, 2, 0
124, 2, 0
125, 2, 0
125, 1, 0
125, 2, 0
125, 2, 0
125, 2, 0
125, 2, 0
125, 2, 0
125, 1, 0
125, 2, 0
125, 2, 0
125, 1, 0
125, 3, 0
125, 1, 0
125, 2, 0
125, 2, 0
125, 2, 0
126, 1, 0
124, 3, 0
125, 1, 0
125, 2, 0
125, 2, 0
125, 2, -1
126, 1, 0
124, 3, 0
125, 1, 0
125, 2, 0
125, 2, 0
125, 2, 0
125, 1, 0
125, 3, 0
125, 1, 0
125, 2, 0
125, 2, 0
125, 2, 0
125, 1, 0
125, 3, 0
125, 1, 0
125, 2, 0
125, 2, 0
125, 1, 0
125, 3, 0
126, 1, 0
124, 2, 0
125, 2, 0
125, 2, 0
126, 1, 0
126, 2, 0
123, 2, 0
125, 2, 0
125, 2, -1
128, 2, 0
125, 1, 0
123, 2, 0
126, 2, 0
132, 2, 0
120, 2, 0
137, 2, 0
112, 1, 0
124, 2, 0
124, 2, 0
125, 2, 0
125, 2, 0
126, 2, 0
124, 1, 0
125, 2, 0
125, 2, 0
125, 1, 0
125, 2, 0
126, 2, -1
125, 2, 0
125, 2, 0
124, 2, 0
125, 1, 0
125, 2, 0
125, 2, 0
125, 2, 0
125, 1, 0
125, 2, 0
137, 2, 0
113, 2, 0
126, 1, 0
124, 3, 0
125, 1, 0
129, 2, 0
121, 1, -1
129, 2, 0
122, 2, 0
124, 2, 0
125, 1, 0
126, 3, 0
124, 1, 0
125, 2, 0
125, 1, 0
125, 2, 0
126, 2, 0
124, 2, 0
126, 1, 0
124, 2, -1
125, 2, 0
126, 1, 0
124, 2, 0
125, 1, 0
125, 2, 0
125, 2, 0
125, 2, 0
126, 1, 0
125, 2, 0
124, 1, 0
125, 2, 0
125, 2, 0
126, 2, -1
123, 1, 0
126, 2, 0
125, 1, 0
125, 2, 0
125, 1, 0
126, 2, 0
125, 2, 0
126, 2, 0
124, 1, 0
125, 2, 0
125, 1, -1
124, 2, 0
125, 1, 0
125, 2, 0
125, 1, 0
127, 2, 0
130, 1, 0
130, 2, 0
120, 2, -1
123, 1, 0
126, 2, 0
122, 1, 0
124, 2, 0
126, 1, 0
123, 2, 0
126, 1, 0
124, 2, 0
129, 1, -1
123, 2, 0
124, 1, 0
125, 2, 0
127, 1, 0
124, 1, 0
124, 2, 0
125, 1, 0
125, 2, 0
125, 1, -1
125, 1, 0
126, 2, 0
124, 1, 0
123, 2, 0
125, 1, 0
124, 2, 0
138, 1, 0
113, 1, -1
126, 2, 0
140, 1, 0
110, 1, 0
125, 1, 0
126, 2, 0
124, 1, 0
125, 2, 0
125, 1, 0
127, 1, -1
124, 1, 0
124, 2, 0
123, 1, 0
126, 1, 0
129, 1, 0
123, 2, 0
123, 1, -1
125, 1, 0
125, 1, 0
127, 2, 0
124, 1, 0
126, 1, 0
126, 1, 0
122, 1, 0
125, 2, 0
126, 1, -1
124, 1, 0
126, 1, 0
124, 1, 0
125, 1, 0
125, 1, 0
126, 1, 0
126, 1, -1
123, 1, 0
125, 2, 0
249, 2, 0
126, 1, 0
125, 1, 0
125, 1, 0
125, 1, -1
125, 1, 0
126, 1, 0
124, 1, 0
125, 1, 0
125, 1, 0
125, 1, 0
125, 1, 0
126, 1, -1
249, 1, 0
126, 1, 0
124, 1, 0
125, 1, 0
126, 1, 0
124, 1, -1
126, 1, 0
124, 1, 0
126, 1, 0
249, 1, 0
132, 1, 0
124, 1, 0
119, 0, -1
125, 1, 0
125, 1, 0
125, 1, 0
126, 1, 0
249, 1, 0
125, 1, 0
123, 0, -1
127, 1, 0
125, 1, 0
252, 1, 0
123, 1, 0
250, 1, 0
126, 1, -1
248, 1, 0
250, 1, 0
125, 1, 0
249, 1, -1
251, 1, 0
252, 1, 0
252, 1, 0
246, 1, 0
125, 0, -1
125, 1, 0
249, 1, 0
376, 1, 0
375, 1, -1
250, 1, 0
501, 1, 0
250, 0, -1
250, 1, 0
625, 1, 0
625, 1, -1
1377, 1, 0
248, 0, -1
3258, -1, 0
119, 0, -1
750, -1, 0
750, -1, 0
125, 0, -1
501, -1, 0
624, -1, 0
249, 0, -1
126, -1, 0
499, -1, 0
374, 0, -1
126, -1, 0
375, -1, 0
375, -1, 0
249, 0, -1
126, -1, 0
251, -1, 0
249, -1, 0
250, 0, -1
254, -1, 0
249, -1, 0
248, -1, -1
248, -1, 0
251, -1, 0
249, -1, -1
247, -1, 0
250, -1, 0
250, -1, -1
250, -1, 0
251, -1, 0
126, -1, 0
248, -1, -1
251, -1, 0
249, -1, 0
126, -1, 0
126, 0, -1
125, -1, 0
124, -1, 0
249, -1, 0
126, 0, -1
125, -1, 0
125, -1, 0
126, -1, 0
252, -1, 0
123, -1, -1
125, -1, 0
249, -1, 0
126, -1, 0
126, -1, 0
124, 0, -1
125, -1, 0
125, -1, 0
249, -1, 0
126, -1, 0
125, -1, -1
126, -1, 0
248, -1, 0
126, -1, 0
125, -1, 0
125, -1, -1
125, -1, 0
250, -1, 0
125, -1, 0
125, -1, 0
125, -1, 0
127, -1, 0
124, -1, -1
125, -1, 0
124, -1, 0
249, -1, 0
126, -1, 0
125, -1, -1
125, -1, 0
125, -1, 0
125, -1, 0
125, -1, 0
126, -1, 0
124, -1, 0
125, -1, -1
125, -1, 0
125, -1, 0
125, -1, 0
125, -1, 0
125, -1, 0
126, -1, 0
124, -1, -1
125, -1, 0
125, -1, 0
125, -1, 0
125, -1, 0
125, -1, 0
125, -1, 0
126, -1, -1
124, -1, 0
125, -2, 0
249, -2, 0
126, -1, 0
125, -1, 0
126, -1, -1
125, -1, 0
124, -1, 0
125, -1, 0
126, -1, 0
124, -1, 0
125, -2, 0
125, -1, -1
125, -1, 0
126, -1, 0
125, -1, 0
124, -1, 0
125, -2, 0
125, -1, 0
130, -1, 0
129, -1, -1
116, -2, 0
250, -2, 0
125, -1, 0
125, -1, 0
125, -1, 0
126, -2, 0
124, -1, -1
125, -1, 0
126, -1, 0
124, -2, 0
126, -1, 0
124, -2, 0
125, -1, 0
126, -1, 0
125, -1, 0
125, -1, 0
125, -2, -1
124, -1, 0
125, -1, 0
125, -2, 0
125, -1, 0
126, -1, 0
125, -2, 0
126, -1, 0
124, -1, 0
124, -2, -1
125, -1, 0
125, -1, 0
125, -2, 0
125, -1, 0
125, -2, 0
125, -1, 0
126, -1, 0
124, -2, 0
125, -1, 0
125, -2, 0
126, -1, -1
125, -1, 0
124, -2, 0
125, -1, 0
126, -2, 0
124, -1, 0
125, -2, 0
125, -1, 0
125, -1, 0
125, -2, 0
125, -1, 0
125, -2, 0
126, -1, -1
124, -2, 0
125, -1, 0
126, -2, 0
124, -1, 0
125, -2, 0
125, -1, 0
125, -2, 0
126, -1, 0
124, -2, 0
125, -1, 0
125, -2, 0
125, -1, 0
125, -2, 0
125, -2, 0
125, -1, 0
126, -2, -1
124, -1, 0
125, -2, 0
125, -2, 0
126, -1, 0
125, -2, 0
124, -1, 0
125, -2, 0
126, -1, 0
124, -2, 0
125, -1, 0
124, -2, 0
126, -2, 0
125, -1, 0
126, -2, 0
125, -1, 0
125, -2, 0
124, -1, 0
125, -2, 0
125, -2, 0
125, -2, 0
128, -1, -1
122, -2, 0
125, -1, 0
126, -2, 0
124, -2, 0
126, -1, 0
124, -2, 0
125, -2, 0
127, -1, 0
124, -2, 0
126, -2, 0
138, -2, 0
111, -1, 0
123, -2, 0
126, -1, 0
125, -2, 0
125, -2, 0
126, -2, 0
125, -1, 0
126, -2, 0
123, -2, 0
126, -1, 0
125, -2, 0
125, -1, 0
125, -2, 0
124, -2, 0
125, -2, 0
126, -1, 0
124, -2, 0
125, -2, 0
126, -2, 0
123, -1, 0
127, -2, 0
130, -2, 0
119, -2, 0
125, -1, 0
124, -2, 0
126, -2, 0
127, -2, 0
123, -1, 0
126, -2, 0
124, -2, 0
126, -2, 0
129, -1, 0
121, -2, 0
132, -2, 0
122, -2, 0
120, -1, 0
125, -2, 0
125, -2, 1
126, -1, 0
125, -2, 0
124, -2, 0
125, -2, 0
125, -1, 0
125, -2, 0
125, -2, 0
126, -2, 0
125, -1, 0
125, -2, 0
124, -2, 0
126, -2, 0
126, -1, 0
124, -3, 0
126, -1, 0
124, -2, 1
125, -2, 0
125, -2, 0
125, -1, 0
124, -2, 0
126, -2, 0
125, -2, 0
124, -1, 0
125, -3, 0
125, -1, 0
126, -2, 1
124, -2, 0
125, -1, 0
125, -2, 0
125, -2, 0
125, -2, 0
125, -1, 0
124, -3, 0
127, -1, 0
125, -2, 0
125, -2, 0
125, -2, 1
124, -1, 0
125, -2, 0
125, -2, 0
125, -2, 0
126, -1, 0
124, -3, 0
125, -1, 0
125, -2, 1
126, -2, 0
125, -2, 0
125, -2, 0
124, -2, 0
126, -1, 0
125, -3, 0
124, -1, 0
125, -2, 1
125, -2, 0
125, -2, 0
125, -1, 0
131, -3, 0
119, -1, 0
125, -1, 0
129, -3, 1
126, -1, 0
129, -2, 0
116, -2, 0
124, -2, 0
125, -2, 0
126, -2, 1
124, -1, 0
125, -2, 0
125, -2, 0
125, -2, 0
125, -1, 0
125, -3, 1
125, -1, 0
125, -2, 0
125, -2, 0
125, -2, 0
125, -1, 0
125, -3, 1
125, -1, 0
125, -2, 0
125, -2, 0
126, -2, 0
124, -1, 0
137, -3, 1
114, -1, 0
126, -2, 0
126, -2, 0
126, -1, 0
124, -2, 1
124, -2, 0
123, -2, 0
126, -1, 0
126, -3, 0
124, -1, 1
126, -2, 0
125, -2, 0
125, -2, 0
126, -1, 0
124, -3, 1
125, -1, 0
125, -2, 0
126, -2, 0
125, -2, 1
124, -1, 0
125, -2, 0
126, -2, 0
124, -2, 0
125, -2, 1
125, -2, 0
123, -1, 0
127, -2, 0
125, -2, 1
125, -2, 0
126, -1, 0
124, -2, 0
125, -2, 0
125, -1, 1
125, -3, 0
125, -1, 0
125, -2, 0
124, -1, 0
126, -2, 1
124, -2, 0
126, -2, 0
125, -2, 0
125, -2, 1
125, -1, 0
125, -2, 0
131, -2, 1
124, -2, 0
121, -1, 0
124, -2, 0
124, -2, 1
125, -2, 0
126, -1, 0
125, -2, 0
125, -2, 0
127, -2, 1
123, -1, 0
125, -2, 0
125, -2, 0
125, -2, 1
125, -1, 0
125, -2, 0
124, -2, 0
126, -1, 1
124, -2, 0
126, -1, 0
124, -2, 1
125, -2, 0
128, -2, 0
123, -1, 0
124, -2, 1
126, -1, 0
122, -2, 0
126, -2, 0
125, -2, 1
126, -1, 0
125, -2, 0
125, -1, 0
126, -3, 1
125, -1, 0
124, -2, 0
125, -1, 0
125, -2, 1
125, -1, 0
125, -2, 0
126, -2, 0
126, -2, 1
125, -1, 0
125, -2, 0
126, -1, 0
124, -2, 1
124, -2, 0
125, -1, 0
123, -2, 1
127, -1, 0
126, -2, 0
122, -1, 0
126, -2, 1
125, -2, 0
124, -2, 0
126, -1, 0
125, -2, 1
125, -1, 0
126, -2, 0
124, -1, 0
125, -2, 1
125, -1, 0
125, -2, 0
125, -1, 1
125, -2, 0
125, -1, 0
125, -2, 0
125, -1, 1
125, -2, 0
123, -2, 0
127, -1, 0
125, -2, 1
126, -1, 0
123, -2, 0
127, -1, 0
125, -2, 1
124, -1, 0
125, -1, 0
125, -2, 0
125, -1, 1
126, -2, 0
125, -1, 0
125, -2, 1
125, -1, 0
124, -2, 0
126, -1, 0
124, -1, 1
125, -2, 0
128, -1, 0
122, -2, 0
126, -1, 1
124, -2, 0
125, -1, 0
125, -1, 1
125, -2, 0
126, -1, 0
124, -1, 0
125, -2, 1
126, -1, 0
124, -2, 0
125, -1, 0
125, -1, 1
125, -1, 0
125, -1, 0
125, -2, 0
125, -1, 1
125, -2, 0
124, -1, 0
125, -1, 0
136, -1, 1
114, -2, 0
127, -1, 0
124, -2, 1
254, -2, 0
119, -1, 0
125, -1, 1
127, -2, 0
124, -1, 0
124, -1, 0
125, -1, 1
126, -1, 0
125, -2, 0
125, -1, 0
127, -1, 1
125, -1, 0
126, -2, 0
125, -1, 0
126, -1, 1
124, -1, 0
125, -1, 0
124, -1, 1
125, -1, 0
125, -2, 0
256, -2, 1
126, -1, 0
119, -1, 0
126, -1, 0
124, -1, 0
125, -1, 1
125, -1, 0
125, -1, 0
126, -2, 1
249, -2, 0
125, -1, 0
125, -1, 0
126, -1, 1
124, -1, 0
125, -1, 0
125, -1, 0
125, -1, 1
126, -1, 0
124, -1, 0
124, -1, 0
125, -1, 0
126, -1, 1
125, -1, 0
125, -1, 0
125, -1, 0
124, -1, 1
126, -1, 0
125, -1, 0
125, -1, 0
125, 0, 1
124, -2, 0
250, -1, 0
126, -1, 0
126, -1, 1
124, -1, 0
124, -1, 0
125, -1, 0
125, -1, 1
126, -1, 0
125, -1, 0
250, -1, 0
124, -1, 0
126, -1, 1
125, -1, 0
124, -1, 0
251, -1, 1
125, -1, 0
129, -1, 0
125, -1, 0
123, -1, 0
249, -1, 1
125, -1, 0
250, -1, 0
126, -1, 1
124, -1, 0
250, -1, 0
125, -1, 0
125, -1, 0
125, 0, 1
126, -1, 0
125, -1, 0
249, -1, 0
125, -1, 1
250, -1, 0
127, -1, 0
251, -1, 1
122, -1, 0
251, -1, 0
248, -1, 0
125, -1, 1
251, -1, 0
249, -1, 0
126, -1, 0
125, 0, 1
125, -1, 0
250, -1, 0
127, -1, 0
249, 0, 1
125, -1, 0
124, -1, 0
250, -1, 0
249, 0, 1
125, -1, 0
250, -1, 0
250, -1, 0
250, -1, 1
249, -1, 0
375, -1, 0
375, -1, 0
126, 0, 1
125, -1, 0
374, -1, 0
375, -1, 1
376, -1, 0
374, -1, 0
250, 0, 1
250, -1, 0
503, -1, 0
624, -1, 1
499, -1, 0
878, -1, 1
1123, -1, 0
874, 0, 1
8141, 0, 1
1240, 1, 0
1619, 0, 1
125, 1, 0
1155, 1, 0
721, 0, 1
250, 1, 0
751, 1, 0
626, 0, 1
122, 1, 0
626, 1, 0
623, 1, 1
500, 1, 0
656, 1, 0
502, 1, 0
91, 0, 1
376, 1, 0
500, 1, 0
377, 1, 1
498, 1, 0
407, 1, 0
341, 1, 0
251, 0, 1
250, 1, 0
249, 1, 0
409, 1, 0
341, 1, 1
411, 1, 0
339, 1, 0
250, 1, 0
376, 1, 1
253, 1, 0
499, 1, 0
250, 1, 0
249, 1, 0
250, 1, 0
126, 0, 1
249, 1, 0
249, 1, 0
251, 1, 0
250, 1, 0
250, 1, 0
125, 0, 1
250, 1, 0
250, 1, 0
249, 1, 0
251, 1, 0
251, 1, 0
249, 1, 0
125, 0, 1
125, 1, 0
125, 1, 0
250, 1, 0
374, 1, 0
251, 1, 0
132, 1, 0
243, 1, 1
250, 1, 0
258, 1, 0
117, 1, 0
250, 1, 0
249, 1, 0
252, 1, 0
248, 1, 0
126, 1, 0
125, 0, 1
125, 1, 0
126, 1, 0
249, 1, 0
249, 1, 0
126, 1, 0
125, 1, 0
250, 1, 0
249, 1, 0
126, 1, 0
125, 0, 1
125, 1, 0
125, 1, 0
250, 1, 0
125, 1, 0
249, 1, 0
126, 1, 0
250, 1, 0
125, 1, 0
250, 1, 0
125, 1, 0
250, 1, 0
125, 1, 1
248, 1, 0
128, 1, 0
124, 1, 0
249, 1, 0
125, 1, 0
125, 1, 0
249, 1, 0
127, 1, 0
124, 1, 0
249, 1, 0
126, 1, 0
125, 1, 1
250, 1, 0
126, 1, 0
124, 1, 0
249, 1, 0
126, 1, 0
125, 1, 0
125, 1, 0
250, 1, 0
125, 1, 0
126, 1, 0
249, 2, 0
252, 1, 0
125, 1, 0
126, 1, 0
248, 1, 0
126, 1, 0
125, 1, 0
125, 1, 0
125, 1, 0
125, 0, 1
128, 1, 0
123, 1, 0
124, 1, 0
125, 1, 0
249, 1, 0
126, 1, 0
125, 1, 0
126, 1, 0
124, 1, 0
125, 1, 0
125, 1, 0
249, 1, 0
126, 1, 0
125, 1, 0
126, 1, 0
124, 1, 0
125, 1, 0
125, 1, 0
249, 1, 0
127, 1, 0
124, 1, 0
126, 1, 0
124, 1, 0
125, 1, 0
125, 1, 0
125, 1, 0
250, 1, 0
125, 1, 0
126, 1, 0
124, 1, 0
125, 1, 0
125, 1, 0
125, 1, 0
125, 1, 0
125, 1, 0
250, 2, 0
257, 1, 1
122, 1, 0
135, 1, 0
111, 1, 0
125, 1, 0
125, 1, 0
126, 1, 0
123, 1, 0
126, 1, 0
125, 1, 0
125, 1, 0
125, 1, 0
125, 1, 0
126, 1, 0
253, 2, 0
245, 2, 0
250, 2, 0
251, 2, 0
249, 1, 0
126, 1, 0
125, 2, 0
253, 2, 0
248, 1, 0
125, 1, 0
122, 2, 0
250, 1, 0
125, 1, 0
126, 1, 0
125, 1, 0
125, 2, 0
250, 1, 0
126, 2, 0
248, 2, 0
251, 2, 0
250, 2, 0
249, 2, 0
128, 1, 0
124, 1, 0
125, 1, 0
125, 1, 0
125, 1, 0
126, 1, 0
124, 1, 0
126, 1, 0
125, 1, 0
124, 1, 0
125, 1, 0
125, 1, 0
125, 1, 0
126, 1, -1
124, 1, 0
125, 1, 0
125, 1, 0
125, 1, 0
125, 1, 0
125, 1, 0
125, 1, 0
126, 1, 0
124, 2, 0
250, 2, 0
251, 2, 0
124, 1, 0
126, 1, 0
125, 1, 0
124, 1, 0
127, 1, 0
125, 1, 0
123, 1, 0
126, 1, 0
126, 1, 0
124, 1, 0
125, 1, 0
127, 2, -1
122, 1, 0
125, 1, 0
125, 1, 0
125, 1, 0
125, 1, 0
126, 1, 0
125, 1, 0
125, 1, 0
126, 1, 0
125, 1, 0
125, 1, 0
128, 1, 0
121, 2, 0
250, 2, 0
124, 1, 0
125, 1, 0
124, 1, 0
126, 1, 0
125, 1, 0
125, 1, 0
126, 1, -1
125, 2, 0
125, 1, 0
124, 1, 0
125, 1, 0
126, 1, 0
126, 1, 0
126, 1, 0
123, 1, 0
124, 1, 0
124, 1, -1
126, 1, 0
124, 2, 0
251, 2, 0
126, 1, 0
125, 1, 0
124, 1, 0
124, 1, 0
125, 1, 0
127, 1, 0
124, 1, 0
127, 2, 0
127, 1, 0
127, 1, -1
125, 1, 0
119, 1, 0
124, 1, 0
127, 1, 0
127, 1, 0
129, 1, 0
119, 1, 0
128, 2, 0
125, 1, 0
122, 1, 0
124, 1, 0
126, 1, -1
124, 1, 0
127, 1, 0
126, 1, 0
125, 1, 0
123, 2, 0
250, 2, 0
125, 1, 0
126, 1, 0
125, 1, -1
125, 1, 0
124, 1, 0
128, 2, 0
248, 2, 0
124, 1, 0
124, 1, 0
125, 1, 0
127, 1, 0
125, 1, -1
126, 1, 0
125, 1, 0
126, 2, 0
124, 1, 0
123, 1, 0
126, 1, 0
124, 1, 0
125, 1, 0
126, 1, -1
125, 1, 0
123, 1, 0
125, 1, 0
128, 1, 0
123, 2, 0
125, 1, 0
127, 1, -1
127, 1, 0
121, 1, 0
125, 1, 0
126, 1, 0
126, 1, 0
123, 1, 0
126, 1, 0
123, 2, 0
127, 1, -1
125, 1, 0
126, 1, 0
126, 1, 0
122, 1, 0
126, 1, 0
134, 1, 0
114, 1, -1
129, 1, 0
123, 1, 0
124, 1, 0
126, 1, 0
125, 2, 0
125, 1, 0
126, 1, 0
126, 1, -1
123, 1, 0
124, 1, 0
125, 1, 0
125, 1, 0
126, 1, 0
127, 1, -1
122, 1, 0
125, 1, 0
130, 2, 0
244, 2, 0
124, 1, 0
128, 1, -1
124, 1, 0
125, 1, 0
129, 1, 0
123, 1, 0
121, 1, 0
127, 1, -1
128, 1, 0
127, 1, 0
121, 1, 0
123, 1, 0
125, 1, 0
126, 1, 0
126, 2, -1
252, 2, 0
249, 2, 0
126, 0, -1
123, 2, 0
127, 1, 0
125, 1, 0
124, 1, 0
126, 1, 0
126, 1, -1
125, 1, 0
123, 1, 0
125, 1, 0
126, 1, 0
122, 1, -1
125, 1, 0
125, 1, 0
125, 1, 0
124, 1, 0
129, 1, -1
126, 1, 0
124, 1, 0
125, 1, 0
124, 1, 0
123, 1, 0
126, 1, -1
128, 1, 0
123, 1, 0
126, 1, 0
124, 1, -1
124, 1, 0
125, 1, 0
250, 2, 0
132, 1, 0
126, 1, -1
119, 1, 0
126, 1, 0
250, 1, -1
125, 1, 0
124, 1, 0
127, 1, 0
124, 1, 0
122, 1, -1
124, 1, 0
125, 1, 0
126, 1, 0
124, 1, 0
125, 1, -1
126, 1, 0
127, 1, 0
248, 1, 0
124, 1, -1
125, 1, 0
125, 1, 0
126, 1, 0
123, 1, -1
125, 1, 0
123, 1, 0
128, 1, 0
124, 1, 0
126, 0, -1
126, 2, 0
250, 1, 0
125, 1, -1
124, 1, 0
126, 1, 0
123, 1, 0
125, 0, -1
125, 1, 0
125, 1, 0
125, 1, 0
126, 1, -1
124, 1, 0
125, 1, 0
249, 1, 0
126, 1, -1
125, 1, 0
125, 1, 0
125, 1, 0
125, 0, -1
129, 1, 0
123, 1, 0
124, 1, 0
125, 0, -1
125, 1, 0
126, 1, 0
124, 1, 0
124, 1, 0
127, 1, -1
246, 1, 0
125, 1, 0
129, 1, -1
248, 1, 0
125, 1, -1
124, 1, 0
252, 1, 0
122, 1, 0
129, 1, -1
254, 1, 0
123, 1, 0
124, 0, -1
123, 1, 0
127, 1, 0
127, 1, -1
247, 1, 0
126, 1, 0
125, 1, 0
127, 0, -1
125, 1, 0
249, 1, -1
124, 1, 0
249, 1, 0
124, 1, -1
250, 1, 0
126, 1, -1
249, 1, 0
125, 1, 0
249, 1, -1
251, 1, 0
125, 1, -1
249, 1, 0
249, 1, -1
126, 1, 0
250, 1, 0
131, 1, -1
249, 1, 0
122, 0, -1
125, 1, 0
251, 1, 0
124, 0, -1
126, 1, 0
249, 1, 0
126, 1, -1
247, 1, 0
126, 0, -1
127, 1, 0
249, 1, 0
125, 0, -1
127, 1, 0
248, 1, 0
124, 0, -1
125, 1, 0
374, 1, -1
250, 1, 0
252, 1, -1
374, 1, -1
250, 1, 0
251, 1, -1
379, 1, -1
372, 1, 0
125, 0, -1
124, 1, 0
374, 1, -1
500, 1, -1
250, 1, 0
249, 0, -1
251, 1, 0
125, 0, -1
376, 1, 0
124, 0, -1
251, 1, 0
249, 0, -1
249, 1, 0
251, 0, -1
251, 1, 0
252, 0, -1
374, 1, -1
626, 0, -1
123, 1, 0
376, 0, -1
375, 0, -1
131, 1, 0
369, 0, -1
624, 0, -1
499, 1, -1
501, 0, -1
499, 0, -1
627, 0, -1
500, 0, -1
499, 0, -1
499, 0, -1
625, 0, -1
500, 0, -1
501, 0, -1
625, 0, -1
501, 0, -1
502, -1, -1
620, 0, -1
376, -1, 0
125, 0, -1
624, 0, -1
250, -1, 0
250, 0, -1
250, -1, 0
251, 0, -1
500, -1, -1
499, 0, -1
249, -1, 0
250, 0, -1
251, -1, 0
249, 0, -1
250, -1, 0
251, 0, -1
252, -1, 0
248, 0, -1
376, -1, 0
125, 0, -1
250, -1, 0
376, -1, -1
375, -1, -1
376, -1, 0
249, 0, -1
124, -1, 0
250, 0, -1
125, -1, 0
377, -1, -1
248, -1, 0
250, 0, -1
126, -1, 0
374, -1, -1
250, -1, 0
250, 0, -1
125, -1, 0
249, -1, 0
126, 0, -1
250, -1, 0
125, 0, -1
126, -1, 0
250, -1, 0
124, 0, -1
125, -1, 0
251, -1, 0
126, 0, -1
124, -1, 0
250, -1, 0
125, 0, -1
250, -1, 0
249, -1, -1
125, -1, 0
250, -1, 0
125, 0, -1
125, -1, 0
250, -1, -1
126, -1, 0
249, -1, 0
126, 0, -1
124, -1, 0
250, -1, 0
125, -1, -1
251, -1, 0
252, -1, -1
123, -1, 0
250, -1, 0
125, 0, -1
123, -1, 0
130, -1, 0
252, -1, -1
121, -1, 0
246, -1, 0
126, -1, -1
254, -1, 0
248, -1, 0
122, -1, -1
126, -1, 0
251, -1, 0
127, -1, -1
248, -1, 0
126, -1, 0
123, 0, -1
126, -1, 0
124, -1, 0
124, -1, 0
250, -1, 0
126, -1, -1
125, -1, 0
249, -1, 0
125, -1, -1
125, -1, 0
249, -1, 0
126, -1, 0
126, -1, -1
248, -1, 0
126, -1, 0
125, -1, 0
128, -1, 0
124, 0, -1
125, -1, 0
125, -1, 0
124, -1, 0
125, -1, 0
126, -1, -1
248, -1, 0
125, -1, 0
125, -1, 0
127, -1, 0
124, -1, -1
249, -1, 0
126, -1, 0
125, -1, -1
125, -1, 0
123, -1, 0
126, -1, 0
128, -1, 0
246, -1, -1
124, -1, 0
126, -1, 0
126, -1, 0
124, -1, 0
125, -1, 0
124, -1, 0
131, -1, -1
250, -2, 0
247, -1, 0
125, -1, 0
125, -1, -1
127, -1, 0
128, -1, 0
120, -1, 0
123, -1, 0
125, -1, 0
125, -1, 0
128, -1, -1
125, -1, 0
124, -1, 0
124, -1, 0
133, -1, 0
118, -1, 0
126, -1, -1
126, -1, 0
123, -1, 0
249, -2, 0
126, -1, 0
126, -1, 0
125, -1, 0
124, -1, 0
126, -1, 0
125, -1, -1
125, -1, 0
124, -1, 0
127, -1, 0
123, -1, 0
125, -1, 0
125, -1, 0
125, -1, 0
125, -1, 0
126, -1, -1
125, -1, 0
128, -1, 0
125, -2, 0
124, -1, 0
124, -1, 0
128, -1, 0
122, -1, 0
127, -1, 0
125, -1, 0
124, -1, 0
125, -1, 0
122, -1, 0
125, -1, 0
129, -2, 0
248, -2, 0
125, -1, 0
125, -1, -1
125, -1, 0
126, -2, 0
248, -2, 0
124, -1, 0
126, -1, 0
124, -1, 0
124, -1, 0
126, -1, 0
125, -2, 0
126, -1, 0
124, -1, 0
125, -1, 0
126, -2, 0
124, -1, 0
131, -1, 0
127, -1, 0
118, -1, 0
124, -1, 0
125, -2, 0
130, -1, 0
121, -1, 0
124, -1, 0
127, -1, 0
123, -2, 0
129, -1, 0
123, -1, 0
125, -1, 0
126, -2, 0
125, -1, 0
124, -1, 0
126, -1, 0
122, -2, 0
125, -1, 0
125, -1, 0
125, -1, 0
126, -2, 0
126, -1, 0
124, -1, 0
125, -1, 0
126, -2, 0
124, -1, 0
126, -2, 0
123, -1, 0
125, -1, 0
126, -1, 0
124, -2, 0
125, -1, 0
125, -1, 0
125, -1, 0
126, -2, 0
124, -1, 0
126, -2, 0
124, -1, 0
124, -1, 0
127, -1, 0
127, -1, 0
121, -2, 0
126, -1, 0
135, -2, 0
115, -1, 1
126, -1, 0
122, -1, 0
127, -2, 0
125, -1, 0
125, -2, 0
126, -1, 0
126, -1, 0
124, -1, 0
125, -2, 0
124, -1, 1
125, -2, 0
125, -1, 0
125, -2, 0
125, -1, 0
125, -1, 0
125, -1, 0
126, -2, 0
124, -1, 1
124, -2, 0
130, -1, 0
124, -1, 0
124, -2, 0
124, -1, 0
126, -1, 0
125, -1, 0
124, -2, 0
127, -1, 1
122, -2, 0
125, -1, 0
125, -2, 0
125, -1, 0
127, -1, 0
126, -2, 0
124, -1, 1
124, -1, 0
126, -2, 0
124, -1, 0
126, -2, 0
125, -1, 0
123, -2, 0
126, -1, 1
124, -1, 0
126, -2, 0
124, -1, 0
127, -1, 0
128, -2, 0
122, -1, 1
125, -2, 0
125, -1, 0
123, -2, 0
125, -1, 0
125, -1, 0
125, -2, 0
125, -1, 1
125, -1, 0
126, -2, 0
127, -1, 0
126, -2, 0
123, -1, 1
125, -1, 0
125, -2, 0
124, -1, 0
126, -2, 0
125, -1, 1
124, -2, 0
125, -1, 0
124, -1, 0
125, -2, 0
127, -1, 0
124, -1, 0
126, -2, 1
124, -1, 0
126, -2, 0
124, -1, 0
125, -2, 1
124, -1, 0
125, -2, 0
125, -1, 0
125, -2, 0
125, -1, 1
126, -1, 0
124, -2, 0
125, -1, 0
125, -1, 0
125, -2, 0
125, -1, 1
125, -1, 0
132, -2, 0
124, -1, 0
119, -2, 1
125, -1, 0
124, -2, 0
125, -1, 0
127, -2, 0
131, -1, 1
119, -1, 0
128, -2, 0
123, -1, 0
123, -1, 0
124, -2, 1
125, -1, 0
129, -2, 0
122, -1, 0
124, -2, 1
126, -1, 0
124, -1, 0
125, -2, 0
125, -1, 0
129, -1, 0
123, -2, 1
125, -1, 0
125, -1, 0
125, -2, 0
125, -1, 1
125, -2, 0
124, -1, 0
125, -1, 0
124, -2, 0
126, -1, 1
131, -1, 0
119, -2, 0
124, -1, 0
127, -2, 0
125, -1, 1
125, -1, 0
124, -2, 0
126, -1, 0
125, -1, 1
125, -2, 0
124, -1, 0
125, -2, 0
126, -1, 0
125, -1, 1
124, -1, 0
126, -2, 0
125, -1, 0
126, -2, 0
123, -1, 1
125, -1, 0
125, -1, 0
126, -1, 0
125, -2, 0
124, -1, 1
126, -2, 0
125, -1, 0
124, -1, 0
125, -1, 0
125, -2, 1
125, -1, 0
126, -1, 0
127, -1, 0
126, -2, 1
125, -1, 0
123, -1, 0
126, -2, 0
123, -1, 0
124, -1, 1
125, -2, 0
124, -1, 0
126, -1, 0
125, -1, 0
125, -2, 1
125, -1, 0
125, -1, 0
125, -1, 0
125, -1, 0
125, -1, 1
125, -2, 0
125, -1, 0
125, -1, 0
125, -1, 0
125, -1, 1
125, -2, 0
251, -2, 0
124, -1, 0
125, -1, 1
125, -1, 0
125, -2, 0
249, -2, 0
127, -1, 1
124, -1, 0
125, -1, 0
126, -2, 0
248, -2, 1
126, -1, 0
125, -1, 0
125, -1, 0
127, -1, 0
122, -1, 0
126, -1, 1
124, -1, 0
125, -2, 0
250, -2, 1
125, -1, 0
250, -2, 0
126, -1, 0
125, -1, 0
124, -1, 0
125, -1, 1
125, -1, 0
126, -1, 0
125, -1, 0
125, -1, 0
126, -1, 1
123, -1, 0
126, -1, 0
125, -1, 0
249, -2, 1
125, -1, 0
126, -1, 0
249, -1, 0
126, -1, 0
124, -1, 1
126, -1, 0
130, -1, 0
127, -1, 0
121, -1, 0
133, -1, 0
114, -1, 1
249, -1, 0
126, -1, 0
125, -1, 0
124, -1, 0
126, -1, 1
125, -1, 0
250, -1, 0
124, -1, 0
126, -1, 0
125, -1, 1
125, -1, 0
250, -1, 0
125, -1, 0
125, -1, 0
125, 0, 1
125, -1, 0
125, -1, 0
124, -1, 0
126, -1, 0
249, -1, 0
126, -1, 1
249, -1, 0
126, -1, 0
125, -1, 0
250, -1, 0
125, -1, 1
249, -1, 0
251, -1, 0
124, -1, 0
251, -1, 1
124, -1, 0
250, -1, 0
249, -1, 0
126, -1, 0
124, 0, 1
127, -1, 0
250, -1, 0
248, -1, 0
250, -1, 1
251, -1, 0
125, -1, 0
408, -1, 0
217, -1, 1
250, -1, 0
249, -1, 0
379, -1, 0
123, 0, 1
258, -1, 0
243, -1, 0
373, -1, 0
252, 0, 1
126, -1, 0
374, -1, 0
376, -1, 0
124, 0, 1
503, -1, 0
497, -1, 0
250, 0, 1
248, -1, 0
1007, -1, 0
245, 0, 1
876, -1, 0
1001, 0, 1
5504, 1, 0
525, 0, 1
381, 1, 0
614, 1, 0
626, 1, 0
604, 1, 0
495, 1, 1
500, 1, 0
499, 1, 0
374, 1, 0
374, 1, 0
250, 0, 1
125, 1, 0
408, 1, 0
341, 1, 0
380, 1, 0
248, 1, 0
376, 1, 0
124, 0, 1
125, 1, 0
375, 1, 0
251, 1, 0
247, 1, 0
250, 1, 0
251, 1, 0
250, 1, 0
250, 1, 0
126, 0, 1
248, 1, 0
126, 1, 0
250, 1, 0
250, 1, 0
249, 1, 0
127, 1, 0
251, 1, 0
249, 1, 0
249, 1, 0
125, 1, 0
125, 0, 1
125, 1, 0
131, 1, 0
246, 1, 0
250, 1, 0
124, 1, 0
251, 1, 0
125, 1, 0
247, 1, 0
126, 1, 0
251, 1, 0
126, 1, 0
248, 1, 0
126, 1, 0
124, 1, 0
249, 1, 0
126, 1, 1
126, 1, 0
248, 1, 0
127, 1, 0
124, 1, 0
249, 1, 0
126, 1, 0
125, 1, 0
125, 1, 0
250, 1, 0
125, 1, 0
249, 2, 0
250, 1, 0
126, 1, 0
124, 1, 0
127, 1, 0
124, 1, 0
249, 1, 0
126, 1, 0
125, 1, 0
125, 1, 0
125, 1, 0
126, 1, 0
124, 1, 0
249, 2, 0
253, 1, 0
138, 1, 0
110, 1, 0
129, 1, 0
122, 1, 0
125, 1, 0
125, 1, 0
125, 1, 0
124, 1, 0
125, 1, 0
125, 1, 0
126, 1, 0
124, 1, 0
125, 1, 0
125, 1, 0
123, 1, 0
127, 1, 0
125, 1, 0
125, 1, 0
125, 1, 0
125, 1, 0
125, 1, 0
125, 1, 0
125, 1, 0
125, 1, 0
125, 1, 0
125, 1, 0
126, 2, 0
248, 1, 0
126, 1, 0
125, 1, 0
126, 2, 0
127, 1, 0
126, 1, 0
123, 1, 0
124, 1, 0
125, 1, 0
127, 1, 0
122, 1, 0
126, 2, 0
124, 1, 0
126, 1, 0
126, 1, 0
124, 1, 0
125, 1, 0
125, 2, 0
123, 1, 0
126, 1, 0
125, 1, 0
125, 1, 0
126, 1, 0
124, 2, 0
125, 1, 0
125, 1, 0
125, 1, 0
125, 1, 0
125, 2, 0
125, 1, 0
126, 1, 0
124, 1, 0
125, 1, 0
125, 1, 0
125, 2, 0
125, 1, 0
125, 2, 0
250, 2, 0
125, 1, 0
124, 2, 0
126, 1, 0
125, 1, 0
125, 1, 0
124, 2, 0
129, 1, 0
124, 1, 0
124, 1, 0
125, 2, 0
126, 1, 0
125, 2, 0
129, 1, 0
123, 1, 0
123, 1, 0
125, 1, 0
124, 2, 0
125, 1, 0
125, 2, 0
125, 1, 0
124, 2, 0
125, 1, -1
125, 1, 0
126, 2, 0
124, 1, 0
126, 1, 0
124, 2, 0
128, 1, 0
123, 2, 0
127, 1, 0
125, 2, 0
124, 1, 0
124, 1, 0
124, 2, 0
125, 1, 0
126, 1, 0
149, 2, 0
100, 1, 0
125, 1, 0
126, 2, 0
124, 1, 0
124, 2, -1
128, 1, 0
124, 2, 0
128, 1, 0
124, 2, 0
123, 1, 0
126, 2, 0
124, 1, 0
127, 2, 0
122, 1, 0
126, 2, 0
126, 1, 0
124, 2, 0
126, 1, 0
126, 2, -1
123, 1, 0
125, 2, 0
124, 1, 0
126, 2, 0
125, 1, 0
125, 2, 0
125, 1, 0
125, 1, 0
124, 2, 0
126, 1, 0
125, 2, -1
124, 1, 0
125, 2, 0
125, 1, 0
125, 2, 0
126, 1, 0
124, 2, 0
125, 1, 0
125, 2, 0
125, 1, 0
125, 2, -1
125, 2, 0
126, 1, 0
125, 2, 0
122, 1, 0
127, 2, 0
128, 2, 0
123, 1, 0
125, 2, -1
125, 1, 0
125, 2, 0
127, 1, 0
122, 1, 0
125, 2, 0
125, 1, 0
126, 2, 0
125, 2, -1
125, 1, 0
125, 2, 0
126, 1, 0
124, 2, 0
124, 2, 0
125, 1, 0
125, 2, -1
125, 1, 0
125, 2, 0
126, 1, 0
127, 2, 0
122, 1, 0
125, 2, 0
125, 1, 0
125, 2, -1
125, 2, 0
125, 1, 0
125, 2, 0
126, 2, 0
124, 1, 0
125, 1, 0
125, 2, -1
125, 1, 0
125, 2, 0
125, 1, 0
125, 2, 0
126, 2, 0
124, 2, -1
126, 1, 0
124, 2, 0
125, 1, 0
125, 2, 0
126, 1, -1
124, 2, 0
126, 1, 0
124, 2, 0
125, 1, 0
125, 2, -1
125, 1, 0
126, 2, 0
126, 1, 0
123, 2, 0
126, 2, 0
124, 2, -1
125, 1, 0
125, 2, 0
125, 1, 0
125, 1, 0
125, 2, -1
125, 1, 0
126, 2, 0
124, 1, 0
131, 2, 0
124, 1, 0
123, 2, -1
122, 1, 0
125, 2, 0
125, 2, 0
126, 1, 0
124, 2, -1
125, 1, 0
125, 2, 0
125, 1, 0
125, 2, 0
125, 1, -1
126, 2, 0
125, 1, 0
124, 2, 0
125, 1, 0
125, 2, -1
125, 1, 0
125, 2, 0
125, 1, 0
125, 2, 0
126, 1, -1
124, 1, 0
125, 2, 0
125, 1, 0
125, 2, -1
125, 1, 0
125, 1, 0
125, 2, 0
126, 1, 0
125, 2, -1
124, 1, 0
125, 2, 0
125, 1, 0
125, 2, -1
125, 1, 0
125, 2, 0
126, 1, 0
124, 2, 0
126, 1, -1
124, 1, 0
125, 1, 0
125, 2, 0
126, 1, 0
124, 2, -1
126, 1, 0
125, 2, 0
124, 1, 0
125, 1, -1
126, 1, 0
124, 2, 0
132, 1, 0
118, 1, 0
126, 2, -1
124, 1, 0
125, 1, 0
125, 1, 0
125, 2, -1
125, 1, 0
125, 2, 0
126, 1, 0
127, 1, 0
122, 1, -1
125, 2, 0
125, 1, 0
125, 2, 0
250, 2, -1
125, 1, 0
126, 2, 0
124, 1, 0
125, 1, 0
125, 1, -1
125, 2, 0
125, 1, 0
125, 1, 0
128, 1, -1
124, 1, 0
123, 1, 0
126, 1, 0
125, 2, 0
124, 1, -1
126, 1, 0
124, 1, 0
125, 2, 0
251, 2, -1
125, 1, 0
124, 1, 0
125, 1, 0
125, 2, -1
125, 1, 0
128, 1, 0
126, 1, 0
121, 1, 0
126, 1, 0
128, 1, -1
128, 1, 0
125, 2, 0
249, 2, -1
123, 1, 0
124, 1, 0
124, 1, 0
125, 1, 0
126, 1, -1
125, 1, 0
125, 1, 0
125, 1, 0
125, 1, 0
124, 1, -1
126, 1, 0
124, 1, 0
126, 1, 0
125, 1, 0
124, 1, -1
125, 1, 0
126, 1, 0
250, 2, 0
250, 1, -1
125, 1, 0
125, 1, 0
125, 1, 0
128, 1, -1
122, 1, 0
250, 2, 0
249, 1, 0
126, 1, -1
132, 1, 0
122, 1, 0
245, 1, 0
126, 1, -1
124, 1, 0
125, 1, 0
250, 1, 0
126, 1, 0
124, 1, -1
249, 1, 0
126, 1, 0
126, 1, 0
124, 0, -1
125, 1, 0
126, 1, 0
124, 1, 0
249, 1, 0
126, 0, -1
125, 1, 0
125, 1, 0
251, 1, 0
124, 1, 0
125, 0, -1
125, 1, 0
250, 1, 0
125, 1, 0
251, 1, -1
249, 1, 0
253, 1, 0
247, 1, 0
130, 0, -1
121, 1, 0
124, 1, 0
375, 1, 0
126, 0, -1
125, 1, 0
250, 1, 0
374, 1, 0
125, 0, -1
125, 1, 0
251, 1, 0
499, 1, 0
126, 0, -1
124, 1, 0
503, 1, 0
248, 0, -1
250, 1, 0
502, 1, 0
501, 0, -1
123, 1, 0
1000, 1, 0
250, 0, -1
1753, 0, -1
2378, 0, -1
2120, -1, 0
250, 0, -1
501, -1, 0
874, -1, -1
751, -1, 0
500, 0, -1
121, -1, 0
503, -1, 0
375, 0, -1
247, -1, 0
377, -1, 0
250, 0, -1
249, -1, 0
502, -1, 0
374, -1, -1
375, -1, 0
499, -1, -1
250, -1, 0
374, -1, 0
125, 0, -1
252, -1, 0
248, -1, 0
250, -1, 0
250, 0, -1
125, -1, 0
375, -1, 0
125, -1, 0
377, -1, -1
250, -1, 0
248, -1, 0
251, -1, -1
381, -1, 0
121, -1, 0
257, 0, -1
116, -1, 0
126, -1, 0
250, -1, 0
249, -1, 0
250, -1, -1
249, -1, 0
252, -1, 0
250, -1, 0
123, -1, -1
126, -1, 0
248, -1, 0
251, -1, 0
253, -1, 0
123, -1, -1
250, -1, 0
125, -1, 0
250, -1, 0
252, -1, -1
123, -1, 0
249, -1, 0
125, -1, 0
250, -1, 0
125, -1, 0
250, -1, 0
130, -1, -1
245, -1, 0
126, -1, 0
124, -1, 0
250, -1, 0
126, -1, 0
249, -1, 0
125, -1, -1
125, -1, 0
256, -1, 0
121, -1, 0
125, -1, 0
249, -1, 0
125, -1, 0
124, -1, 0
126, 0, -1
124, -1, 0
124, -1, 0
124, -1, 0
250, -1, 0
126, -1, 0
125, -1, 0
125, -1, 0
252, -1, 0
124, -1, 0
125, -1, 0
125, -1, -1
249, -1, 0
127, -1, 0
123, -1, 0
125, -1, 0
249, -1, 0
125, -1, 0
125, -1, 0
125, -1, 0
126, -1, 0
250, -1, 0
125, -1, 0
124, -1, 0
126, -1, 0
125, -1, 0
124, -1, 0
248, -1, 0
131, -1, 0
120, -1, -1
125, -1, 0
125, -1, 0
126, -1, 0
252, -1, 0
122, -1, 0
126, -1, 0
125, -1, 0
129, -1, 0
123, -1, 0
129, -1, 0
124, -1, 0
121, -1, 0
134, -1, 0
239, -1, 0
126, -1, 0
125, -1, 0
125, -1, 0
125, -1, 0
125, -1, 0
125, -1, 0
126, -1, 0
250, -2, 0
249, -1, 0
126, -1, 0
126, -1, 0
124, -1, 0
126, -1, 0
124, -1, 0
125, -1, 0
125, -1, 0
125, -1, 0
125, -1, 0
126, -1, 0
126, -1, 0
124, -1, 0
125, -1, 0
124, -1, 0
250, -2, 0
249, -2, 0
252, -2, 0
254, -2, 0
246, -1, 0
125, -1, 0
125, -1, 0
125, -1, 0
125, -1, 0
124, -1, 0
125, -1, 0
125, -1, 0
125, -1, 0
125, -1, 0
125, -1, 0
125, -1, 0
126, -1, 0
124, -1, 0
126, -1, 0
124, -1, 0
125, -1, 0
125, -1, 0
125, -1, 0
125, -1, 0
126, -1, 0
124, -1, 0
125, -1, 0
126, -1, 0
126, -1, 0
125, -1, 0
124, -1, 0
134, -1, 0
126, -1, 0
119, -1, 0
123, -1, 0
123, -1, 1
124, -1, 0
125, -1, 0
126, -1, 0
126, -1, 0
123, -1, 0
125, -1, 0
125, -1, 0
125, -1, 0
125, -1, 0
127, -1, 0
124, -1, 0
250, -2, 0
125, -1, 1
126, -1, 0
123, -1, 0
125, -1, 0
250, -2, 0
250, -2, 0
250, -2, 0
249, -1, 0
126, -1, 1
125, -1, 0
125, -1, 0
125, -1, 0
125, -1, 0
125, -1, 0
125, -1, 0
125, -1, 0
125, -1, 0
125, -1, 0
129, -1, 0
122, -1, 1
124, -1, 0
125, -1, 0
125, -1, 0
125, -1, 0
125, -1, 0
124, -1, 0
126, -1, 0
125, -1, 0
125, -1, 0
125, -1, 0
125, -1, 0
126, 0, 1
124, -1, 0
125, -1, 0
125, -1, 0
126, -1, 0
129, -1, 0
121, -1, 0
125, -1, 0
125, -1, 0
125, -1, 0
125, -1, 1
252, -1, 0
122, -1, 0
125, -1, 0
125, -1, 0
127, -1, 0
124, -1, 0
124, -1, 0
126, -1, 0
125, -1, 0
127, 0, 1
125, -1, 0
123, -1, 0
125, -1, 0
125, -1, 0
125, -1, 0
125, -1, 0
126, -1, 0
249, -1, 0
124, -1, 0
125, -1, 1
125, -1, 0
249, -1, 0
128, -1, 0
124, -1, 0
125, -1, 0
125, -1, 0
253, -1, 0
125, -1, 1
123, -1, 0
247, -2, 0
251, -1, 0
127, -1, 0
123, -1, 0
252, -1, 0
122, -1, 0
124, 0, 1
126, -1, 0
124, -1, 0
126, -1, 0
127, -1, 0
249, -1, 0
125, -1, 0
250, -1, 0
124, -1, 1
127, -1, 0
248, -1, 0
255, -1, 0
120, -1, 0
125, -1, 0
252, -1, 0
125, -1, 0
124, 0, 1
125, -1, 0
125, -1, 0
251, -1, 0
124, -1, 0
254, -1, 0
147, -1, 0
226, -1, 0
250, -1, 0
127, -1, 1
248, -1, 0
251, -1, 0
248, -1, 0
126, -1, 0
249, -1, 0
252, -1, 0
247, -1, 0
125, 0, 1
125, -1, 0
250, -1, 0
125, -1, 0
250, -1, 0
376, -1, 0
249, -1, 0
129, 0, 1
141, -1, 0
232, -1, 0
249, -1, 0
376, -1, 0
246, -1, 0
379, -1, 0
123, 0, 1
128, -1, 0
373, -1, 0
376, -1, 0
251, -1, 0
374, -1, 0
499, -1, 1
373, -1, 0
503, -1, 0
376, -1, 0
633, -1, 0
362, 0, 1
127, -1, 0
753, -1, 0
876, -1, 0
1124, 0, 1
122, -1, 0
9267, 1, 0
484, 0, 1
1130, 1, 0
999, 1, 0
746, 0, 1
248, 1, 0
881, 1, 0
746, 1, 0
627, 1, 1
749, 1, 0
625, 1, 0
624, 1, 0
404, 0, 1
95, 1, 0
528, 1, 0
517, 1, 0
579, 1, 0
507, 1, 0
543, 1, 0
207, 0, 1
122, 1, 0
524, 1, 0
348, 1, 0
514, 1, 0
485, 1, 0
401, 1, 0
500, 1, 0
351, 1, 0
399, 0, 1
100, 1, 0
541, 1, 0
461, 1, 0
372, 1, 0
403, 1, 0
501, 1, 0
346, 1, 0
540, 1, 0
461, 1, 0
402, 1, 0
473, 1, 0
535, 1, 0
498, 1, 0
495, 1, 0
475, 1, 0
372, 1, 0
625, 1, 0
627, 1, 0
570, 1, 0
590, 1, 0
713, 1, 0
536, 1, 0
1004, 1, 0
996, 1, 0
1125, 1, 0
2127, 1, 0
10719, -1, 0
2253, -1, 0
1418, -1, 0
968, -1, 0
893, -1, 0
748, -1, 0
737, -1, 0
625, -1, 0
497, -1, 0
628, -1, 0
495, -1, 0
630, -1, 0
374, -1, 0
519, -1, 0
497, -1, 0
504, -1, 0
364, -1, 0
118, 0, 1
373, -1, 0
374, -1, 0
374, -1, 0
369, -1, 0
385, -1, 0
500, -1, 0
242, -1, 0
381, -1, 0
374, -1, 0
375, -1, 0
376, -1, 1
249, -1, 0
496, -1, 0
249, -1, 0
389, -1, 0
255, -1, 0
363, -1, 0
368, -1, 0
250, -1, 0
375, -1, 1
254, -1, 0
371, -1, 0
256, -1, 0
378, -1, 0
248, -1, 0
269, -1, 0
360, -1, 0
130, 0, 1
112, -1, 0
260, -1, 0
384, -1, 0
242, -1, 0
249, -1, 0
385, -1, 0
242, -1, 0
244, -1, 0
122, 0, 1
262, -1, 0
239, -1, 0
230, -1, 0
249, -1, 0
251, -1, 0
250, -1, 0
250, -1, 0
122, 0, 1
126, -1, 0
251, -1, 0
378, -1, 0
247, -1, 0
253, -1, 0
247, -1, 0
248, -1, 1
253, -1, 0
249, -1, 0
249, -1, 0
249, -1, 0
250, -1, 0
253, -1, 0
249, -1, 1
376, -1, 0
247, -1, 0
251, -1, 0
250, -1, 0
252, -1, 0
248, -1, 0
125, 0, 1
125, -1, 0
251, -1, 0
249, -1, 0
249, -1, 0
250, -1, 0
411, -1, 0
214, -1, 0
126, 0, 1
125, -1, 0
249, -1, 0
250, -1, 0
250, -1, 0
375, -1, 0
250, -1, 0
127, 0, 1
125, -1, 0
248, -1, 0
251, -1, 0
410, -1, 0
214, -1, 0
250, -1, 0
257, -1, 0
370, -1, 1
248, -1, 0
375, -1, 0
249, -1, 0
251, -1, 0
418, -1, 0
207, -1, 0
251, -1, 1
408, -1, 0
401, -1, 0
190, -1, 0
407, -1, 0
343, -1, 0
253, -1, 0
431, -1, 0
316, -1, 1
422, -1, 0
355, -1, 0
375, -1, 0
348, -1, 0
401, -1, 0
515, -1, 0
335, -1, 0
378, -1, 1
496, -1, 0
501, -1, 0
500, -1, 0
626, -1, 0
503, -1, 0
623, -1, 0
623, -1, 0
880, -1, 0
625, -1, 0
871, 0, 1
124, -1, 0
1509, -1, 0
1498, -1, 0
8800, 1, 0
1197, 1, 0
497, 0, -1
625, 1, 0
785, 1, 0
840, 1, 0
628, 1, 0
497, 0, -1
124, 1, 0
500, 1, 0
501, 1, 0
630, 1, 0
368, 1, 0
533, 1, 0
93, 0, -1
249, 1, 0
506, 1, 0
403, 1, 0
398, 1, 0
326, 1, 0
372, 1, 0
122, 0, -1
250, 1, 0
248, 1, 0
376, 1, 0
375, 1, 0
254, 1, 0
247, 1, 0
378, 1, 0
121, 0, -1
125, 1, 0
406, 1, 0
218, 1, 0
250, 1, 0
250, 1, 0
406, 1, 0
219, 1, -1
255, 1, 0
246, 1, 0
248, 1, 0
250, 1, 0
250, 1, 0
250, 1, 0
250, 1, -1
249, 1, 0
250, 1, 0
252, 1, 0
248, 1, 0
250, 1, 0
126, 1, -1
268, 1, 0
233, 1, 0
250, 1, 0
250, 1, 0
251, 1, 0
250, 1, 0
126, 1, 0
260, 1, 0
241, 1, -1
124, 1, 0
250, 1, 0
248, 1, 0
126, 1, 0
125, 1, 0
249, 1, 0
252, 1, 0
124, 1, 0
125, 0, -1
124, 1, 0
250, 1, 0
126, 1, 0
125, 1, 0
249, 1, 0
251, 1, 0
129, 1, 0
248, 1, 0
123, 1, -1
251, 1, 0
123, 1, 0
125, 1, 0
257, 1, 0
132, 1, 0
238, 1, 0
124, 1, 0
251, 1, 0
124, 1, 0
125, 1, -1
249, 1, 0
127, 1, 0
248, 1, 0
126, 1, 0
125, 1, 0
249, 1, 0
125, 1, 0
126, 1, 0
249, 1, -1
125, 1, 0
125, 1, 0
250, 1, 0
125, 1, 0
126, 1, 0
248, 1, 0
129, 1, 0
123, 1, 0
125, 0, -1
126, 1, 0
127, 1, 0
123, 1, 0
125, 1, 0
250, 1, 0
123, 1, 0
126, 1, 0
249, 1, 0
127, 1, -1
123, 1, 0
125, 1, 0
125, 1, 0
250, 1, 0
125, 1, 0
125, 1, 0
128, 1, 0
123, 1, 0
251, 1, 0
124, 1, 0
125, 1, -1
249, 2, 0
250, 1, 0
126, 1, 0
125, 1, 0
125, 1, 0
125, 1, 0
250, 1, 0
126, 1, 0
124, 1, -1
126, 1, 0
124, 1, 0
249, 1, 0
126, 1, 0
125, 1, 0
126, 1, 0
249, 1, 0
125, 1, 0
125, 1, -1
125, 1, 0
125, 1, 0
250, 2, 0
250, 1, 0
125, 1, 0
125, 1, 0
125, 1, -1
125, 1, 0
250, 1, 0
125, 1, 0
125, 1, 0
126, 1, 0
124, 1, 0
125, 1, 0
126, 1, 0
249, 1, 0
125, 1, 0
125, 1, -1
125, 1, 0
250, 2, 0
249, 1, 0
127, 1, 0
124, 1, 0
125, 1, 0
125, 1, 0
249, 1, -1
126, 1, 0
125, 1, 0
126, 1, 0
124, 1, 0
125, 1, 0
125, 1, 0
252, 1, 0
124, 1, 0
125, 1, 0
126, 1, 0
126, 1, 0
122, 0, -1
125, 1, 0
124, 1, 0
127, 1, 0
124, 1, 0
125, 1, 0
249, 1, 0
132, 1, 0
122, 1, 0
127, 1, 0
120, 0, -1
125, 1, 0
125, 1, 0
126, 1, 0
124, 1, 0
125, 1, 0
250, 1, 0
125, 1, 0
125, 1, 0
126, 1, 0
125, 1, -1
249, 1, 0
125, 1, 0
126, 1, 0
124, 1, 0
125, 1, 0
250, 1, 0
125, 1, 0
125, 1, -1
250, 1, 0
125, 1, 0
126, 1, 0
124, 1, 0
250, 1, 0
125, 1, 0
125, 1, 0
250, 1, -1
125, 1, 0
125, 1, 0
249, 1, 0
127, 1, 0
124, 1, 0
250, 1, 0
125, 1, -1
125, 1, 0
249, 1, 0
126, 1, 0
125, 1, 0
250, 1, 0
125, 1, 0
125, 1, -1
249, 1, 0
126, 1, 0
250, 1, 0
250, 1, 0
125, 1, 0
126, 1, 0
248, 1, -1
126, 1, 0
250, 1, 0
126, 1, 0
249, 1, 0
125, 1, 0
249, 1, 0
126, 1, -1
250, 1, 0
249, 1, 0
128, 1, 0
249, 1, 0
125, 0, -1
124, 1, 0
126, 1, 0
250, 1, 0
248, 1, 0
250, 1, 0
127, 1, 0
249, 1, -1
250, 1, 0
249, 1, 0
251, 1, 0
251, 1, 0
249, 1, 0
125, 0, -1
125, 1, 0
249, 1, 0
377, 1, 0
124, 1, 0
412, 1, 0
89, 0, -1
124, 1, 0
375, 1, 0
418, 1, 0
207, 1, 0
380, 1, 0
245, 0, -1
125, 1, 0
380, 1, 0
370, 1, 0
537, 1, 0
463, 1, -1
499, 1, 0
755, 1, 0
749, 1, 0
373, 0, -1
878, 1, 0
7015, -1, 0
1236, -1, 0
998, -1, 0
124, 0, -1
622, -1, 0
812, -1, 0
600, -1, 0
628, -1, 0
338, 0, -1
126, -1, 0
498, -1, 0
499, -1, 0
375, -1, 0
536, -1, 0
339, -1, 0
125, 0, -1
249, -1, 0
380, -1, 0
372, -1, 0
374, -1, 0
250, -1, 0
375, -1, 0
250, -1, 0
377, -1, 0
248, -1, 0
126, 0, -1
123, -1, 0
379, -1, 0
247, -1, 0
251, -1, 0
374, -1, 0
251, -1, 0
249, -1, 0
250, -1, 0
249, -1, 0
253, -1, 0
123, 0, -1
125, -1, 0
250, -1, 0
249, -1, 0
251, -1, 0
125, -1, 0
249, -1, 0
250, -1, 0
250, -1, 0
251, -1, 0
252, -1, 0
124, -1, 0
250, -1, 0
250, -1, 0
249, -1, 0
126, -1, 0
247, -1, 0
127, -1, -1
250, -1, 0
249, -1, 0
126, -1, 0
250, -1, 0
125, -1, 0
250, -1, 0
249, -1, 0
126, -1, 0
252, -1, 0
125, -1, 0
124, -1, 0
249, -1, 0
249, -1, 0
126, -1, 0
124, -1, 0
251, -1, 0
126, -1, 0
249, -1, 0
125, -1, 0
249, -1, 0
127, -1, 0
126, -1, 0
249, -1, 0
129, -1, 0
122, -1, 0
249, -1, 0
125, -1, 0
124, -1, 0
251, -1, 0
125, -1, 0
249, -1, 0
124, -1, 0
128, -1, 0
249, -1, 0
125, -1, 0
124, -1, 0
125, -1, 0
249, -1, 0
126, -1, 0
126, -1, 0
125, -1, 0
248, -1, 0
126, -1, 0
125, -1, 0
249, -2, 0
251, -1, 0
125, -1, 0
125, -1, 0
250, -1, 0
128, -1, 0
124, -1, 0
125, -1, 0
248, -1, 0
126, -1, 0
124, -1, 0
125, -1, 0
125, -1, 0
250, -1, 0
126, -1, 0
124, -1, 0
125, -1, 0
125, -1, 0
125, -1, 0
125, -1, 0
249, -1, 0
127, -1, 0
125, -1, 0
124, -1, 0
125, -1, 0
249, -1, 0
126, -1, 0
125, -1, 0
126, -1, 0
124, -1, 0
125, -1, 0
249, -1, 0
127, -1, 0
124, -1, 0
125, -1, 0
127, -1, 0
125, -1, 0
124, -1, 0
249, -1, 0
125, -1, 0
125, -1, 0
125, -1, 0
126, -1, 0
126, -1, 1
149, -1, 0
223, -1, 0
126, -1, 0
125, -1, 0
125, -1, 0
126, -1, 0
124, -1, 0
125, -1, 0
125, -1, 0
125, -1, 0
249, -1, 0
126, -1, 0
126, -1, 0
124, -1, 0
125, -1, 0
125, -1, 0
249, -1, 0
126, -1, 0
125, -1, 0
126, -1, 0
124, -1, 1
125, -1, 0
125, -1, 0
249, -2, 0
250, -1, 0
127, -1, 0
124, -1, 0
125, -1, 0
125, -1, 0
125, -1, 0
125, -1, 0
249, -1, 0
127, -1, 1
124, -1, 0
125, -1, 0
125, -1, 0
249, -1, 0
126, -1, 0
125, -1, 0
126, -1, 0
124, -1, 0
125, -1, 0
249, -1, 0
126, -1, 0
125, -1, 0
131, -1, 0
124, -1, 0
120, -1, 1
125, -1, 0
249, -1, 0
126, -1, 0
125, -1, 0
125, -1, 0
126, -1, 0
248, -1, 0
126, -1, 0
125, -1, 0
126, -1, 0
124, -1, 0
125, 0, 1
126, -1, 0
124, -1, 0
125, -1, 0
125, -1, 0
249, -1, 0
126, -1, 0
125, -1, 0
249, -1, 0
126, -1, 0
125, -1, 0
125, -1, 0
125, -1, 1
249, -1, 0
127, -1, 0
124, -1, 0
249, -1, 0
126, -1, 0
125, -1, 0
125, -1, 0
251, -1, 0
125, -1, 1
124, -1, 0
249, -1, 0
126, -1, 0
125, -1, 0
249, -1, 0
126, -1, 0
125, -1, 0
249, -1, 0
126, -1, 0
249, -1, 0
127, -1, 0
124, 0, 1
125, -1, 0
125, -1, 0
125, -1, 0
249, -1, 0
126, -1, 0
126, -1, 0
249, -1, 0
129, -1, 0
245, -1, 0
126, -1, 0
250, -1, 0
125, -1, 0
125, 0, 1
125, -1, 0
249, -1, 0
126, -1, 0
125, -1, 0
250, -1, 0
249, -1, 0
126, -1, 0
125, -1, 0
249, -1, 1
251, -1, 0
250, -1, 0
126, -1, 0
249, -1, 0
125, -1, 0
250, -1, 0
250, -1, 0
126, -1, 0
248, -1, 0
251, -1, 0
250, -1, 0
124, 0, 1
129, -1, 0
248, -1, 0
249, -1, 0
253, -1, 0
123, -1, 0
249, -1, 0
378, -1, 0
123, -1, 0
376, -1, 0
249, -1, 0
252, -1, 0
122, 0, 1
125, -1, 0
252, -1, 0
380, -1, 0
244, -1, 0
251, -1, 0
375, -1, 0
374, -1, 0
250, -1, 0
250, -1, 0
539, -1, 0
87, 0, 1
249, -1, 0
250, -1, 0
542, -1, 0
458, -1, 0
375, -1, 0
501, -1, 0
628, -1, 0
623, -1, 0
500, -1, 0
999, -1, 0
915, -1, 0
1461, -1, 0
7801, 1, 0
950, 1, 0
998, 1, 0
805, 1, 0
694, 1, 0
626, 1, 0
625, 1, -1
374, 1, 0
624, 1, 0
500, 1, 0
500, 1, 0
375, 1, 0
377, 1, 0
249, 0, -1
250, 1, 0
377, 1, 0
373, 1, 0
376, 1, 0
249, 1, 0
376, 1, 0
374, 1, -1
377, 1, 0
248, 1, 0
374, 1, 0
250, 1, 0
250, 1, 0
376, 1, -1
249, 1, 0
250, 1, 0
375, 1, 0
250, 1, 0
250, 1, 0
250, 1, 0
375, 1, 0
250, 1, -1
251, 1, 0
249, 1, 0
250, 1, 0
250, 1, 0
250, 1, 0
124, 1, 0
380, 1, 0
123, 0, -1
125, 1, 0
126, 1, 0
247, 1, 0
250, 1, 0
252, 1, 0
249, 1, 0
249, 1, 0
250, 1, 0
126, 1, -1
249, 1, 0
252, 1, 0
122, 1, 0
251, 1, 0
249, 1, 0
270, 1, 0
107, 1, 0
249, 1, 0
125, 0, -1
125, 1, 0
126, 1, 0
250, 1, 0
249, 1, 0
125, 1, 0
250, 1, 0
250, 1, 0
126, 1, 0
249, 1, -1
125, 1, 0
250, 1, 0
251, 1, 0
125, 1, 0
125, 1, 0
249, 1, 0
251, 1, 0
125, 1, -1
250, 1, 0
126, 1, 0
249, 1, 0
125, 1, 0
125, 1, 0
249, 1, 0
251, 1, -1
125, 1, 0
249, 1, 0
125, 1, 0
126, 1, 0
249, 1, 0
127, 1, 0
248, 1, 0
125, 1, -1
250, 1, 0
126, 1, 0
124, 1, 0
250, 1, 0
126, 1, 0
249, 1, 0
126, 1, 0
125, 1, -1
250, 1, 0
125, 1, 0
124, 1, 0
250, 1, 0
126, 1, 0
249, 1, 0
127, 1, 0
124, 1, 0
125, 0, -1
125, 1, 0
124, 1, 0
250, 1, 0
125, 1, 0
126, 1, 0
249, 1, -1
126, 1, 0
124, 1, 0
126, 1, 0
249, 1, 0
126, 1, 0
125, 1, 0
249, 1, 0
125, 1, -1
250, 1, 0
125, 1, 0
126, 1, 0
125, 1, 0
124, 1, 0
257, 1, 0
125, 1, 0
118, 1, -1
251, 1, 0
125, 1, 0
249, 1, 0
126, 1, 0
124, 1, 0
125, 0, -1
125, 1, 0
126, 1, 0
125, 1, 0
249, 1, 0
126, 1, 0
125, 1, 0
249, 1, 0
126, 1, 0
130, 1, -1
244, 1, 0
126, 1, 0
125, 1, 0
249, 1, 0
126, 1, 0
124, 1, 0
126, 0, -1
125, 1, 0
125, 1, 0
249, 1, 0
125, 1, 0
125, 1, 0
253, 1, 0
124, 1, -1
125, 1, 0
251, 1, 0
123, 1, 0
125, 1, 0
249, 1, -1
252, 1, 0
125, 1, 0
125, 1, 0
251, 1, 0
125, 1, 0
123, 1, 0
251, 1, 0
124, 0, -1
125, 1, 0
125, 1, 0
125, 1, 0
249, 1, 0
126, 1, 0
249, 1, 0
126, 0, -1
125, 1, 0
125, 1, 0
249, 1, 0
126, 1, 0
249, 1, 0
126, 1, 0
125, 0, -1
125, 1, 0
125, 1, 0
249, 1, 0
254, 1, 0
247, 1, 0
126, 1, 0
126, 0, -1
123, 1, 0
125, 1, 0
251, 1, 0
249, 1, 0
251, 1, 0
124, 1, 0
249, 0, -1
126, 1, 0
125, 1, 0
250, 1, 0
249, 1, 0
250, 1, 0
251, 1, 0
127, 0, -1
125, 1, 0
250, 1, 0
250, 1, 0
250, 1, 0
251, 1, 0
375, 1, 0
123, 0, -1
126, 1, 0
248, 1, 0
374, 1, 0
378, 1, 0
247, 1, 0
382, 1, 0
369, 1, 0
125, 0, -1
250, 1, 0
376, 1, 0
374, 1, 0
539, 1, 0
463, 1, 0
501, 1, 0
499, 0, -1
248, 1, 0
753, 1, 0
1122, 1, 0
9936, -1, 0
1192, -1, 0
1001, -1, 0
874, -1, 0
624, -1, 0
626, -1, 0
499, -1, 0
623, -1, 0
403, -1, 0
472, -1, 0
374, -1, 0
404, -1, 0
351, -1, 0
372, -1, 0
375, -1, 0
248, -1, 0
376, -1, 0
420, -1, 0
205, -1, 0
251, -1, 0
413, -1, 0
211, -1, 0
250, -1, 0
251, -1, 0
255, -1, 0
372, -1, 0
249, -1, 0
247, -1, 1
253, -1, 0
124, -1, 0
374, -1, 0
252, -1, 0
123, -1, 0
249, -1, 0
251, -1, 0
249, -1, 0
250, -1, 0
127, -1, 1
251, -1, 0
252, -1, 0
124, -1, 0
375, -1, 0
122, -1, 0
250, -1, 0
124, -1, 0
253, -1, 1
250, -1, 0
130, -1, 0
121, -1, 0
247, -1, 0
250, -1, 0
127, -1, 1
124, -1, 0
249, -1, 0
126, -1, 0
257, -1, 0
126, -1, 0
245, -1, 0
123, -1, 0
125, -1, 0
125, 0, 1
125, -1, 0
124, -1, 0
251, -1, 0
126, -1, 0
124, -1, 0
250, -1, 0
125, -1, 1
125, -1, 0
254, -1, 0
121, -1, 0
128, -1, 0
125, -1, 0
124, -1, 0
250, -1, 1
124, -1, 0
124, -1, 0
250, -1, 0
123, -1, 0
126, -1, 0
125, 0, 1
124, -2, 0
250, -1, 0
127, -1, 0
124, -1, 0
125, -1, 0
249, -1, 0
127, -1, 1
124, -1, 0
126, -1, 0
125, -1, 0
248, -1, 0
126, -1, 0
125, -1, 0
125, -1, 0
125, -1, 1
250, -1, 0
125, -1, 0
124, -1, 0
126, -1, 0
125, -1, 0
250, -1, 1
125, -1, 0
126, -1, 0
123, -1, 0
126, -1, 0
125, -1, 0
125, -1, 0
249, -1, 0
126, -1, 1
125, -1, 0
125, -1, 0
249, -1, 0
125, -1, 0
125, -1, 0
125, -1, 0
126, -1, 0
125, -1, 1
125, -1, 0
249, -1, 0
125, -1, 0
126, -1, 0
125, -1, 0
124, -1, 1
126, -1, 0
249, -1, 0
125, -1, 0
126, -1, 0
124, -1, 0
126, -1, 1
125, -1, 0
125, -1, 0
250, -1, 0
124, -1, 0
125, -1, 0
126, -1, 1
125, -1, 0
249, -2, 0
250, -1, 0
125, -1, 0
126, -1, 0
124, -1, 1
125, -1, 0
126, -1, 0
125, -1, 0
124, -1, 0
126, -1, 0
124, 0, 1
125, -1, 0
126, -1, 0
125, -1, 0
124, -1, 0
126, -1, 0
125, -1, 1
124, -1, 0
125, -1, 0
125, -1, 0
250, -2, 0
251, -1, 1
124, -1, 0
126, -1, 0
124, -1, 0
252, -2, 0
124, 0, 1
124, -1, 0
126, -1, 0
125, -1, 0
130, -1, 0
122, -1, 0
126, -1, 0
122, -1, 1
125, -1, 0
125, -1, 0
248, -2, 0
270, -1, 1
107, -1, 0
125, -1, 0
154, -1, 0
96, -1, 0
125, -1, 0
124, -1, 1
249, -1, 0
126, -1, 0
125, -1, 0
125, -1, 0
125, 0, 1
126, -2, 0
249, -1, 0
125, -1, 0
125, -1, 0
125, -1, 0
126, -1, 1
249, -1, 0
126, -1, 0
124, -1, 0
125, -1, 0
125, -1, 1
125, -1, 0
250, -1, 0
126, -1, 0
124, -1, 0
126, -1, 0
125, -1, 1
124, -1, 0
249, -1, 0
129, -1, 0
127, -1, 0
122, -1, 1
248, -1, 0
125, -1, 0
125, -1, 0
125, -1, 0
250, -1, 1
125, -1, 0
125, -1, 0
126, -1, 0
248, -1, 0
129, -1, 0
126, -1, 1
247, -1, 0
124, -1, 0
125, -1, 0
251, -1, 0
124, -1, 1
125, -1, 0
250, -1, 0
125, -1, 0
125, -1, 0
250, -1, 1
125, -1, 0
250, -1, 0
249, -1, 0
126, -1, 0
126, -1, 0
124, 0, 1
125, -1, 0
125, -1, 0
249, -1, 0
126, -1, 0
250, -1, 0
125, -1, 1
250, -1, 0
126, -1, 0
248, -1, 0
251, -1, 1
125, -1, 0
250, -1, 0
249, -1, 0
126, -1, 0
249, -1, 0
251, -1, 1
250, -1, 0
249, -1, 0
250, -1, 0
250, -1, 0
126, -1, 0
249, -1, 1
413, -1, 0
89, -1, 0
248, -1, 0
408, -1, 0
217, -1, 0
126, 0, 1
125, -1, 0
373, -1, 0
253, -1, 0
377, -1, 0
250, -1, 0
373, -1, 0
375, -1, 0
250, 0, 1
124, -1, 0
376, -1, 0
374, -1, 0
375, -1, 0
531, -1, 0
469, -1, 0
685, -1, 0
475, -1, 0
717, -1, 0
749, -1, 0
1415, -1, 0
10840, 1, 0
1246, 1, 0
874, 1, 0
500, 0, -1
250, 1, 0
749, 1, 0
534, 1, 0
642, 1, 0
200, 0, -1
374, 1, 0
502, 1, 0
373, 1, 0
380, 1, 0
370, 0, -1
126, 1, 0
375, 1, 0
249, 1, 0
500, 1, 0
250, 1, 0
251, 0, -1
125, 1, 0
375, 1, 0
249, 1, 0
378, 1, 0
249, 1, 0
248, 1, -1
250, 1, 0
375, 1, 0
250, 1, 0
250, 1, -1
250, 1, 0
250, 1, 0
251, 1, 0
249, 1, 0
250, 1, 0
127, 0, -1
124, 1, 0
125, 1, 0
408, 1, 0
92, 1, 0
249, 1, 0
126, 0, -1
131, 1, 0
248, 1, 0
121, 1, 0
249, 1, 0
250, 1, 0
126, 1, -1
249, 1, 0
250, 1, 0
126, 1, 0
250, 1, 0
249, 1, 0
126, 1, -1
249, 1, 0
125, 1, 0
250, 1, 0
126, 1, 0
249, 1, -1
250, 1, 0
125, 1, 0
126, 1, 0
249, 1, 0
125, 1, 0
125, 1, 0
125, 0, -1
125, 1, 0
125, 1, 0
250, 1, 0
127, 1, 0
248, 1, -1
126, 1, 0
125, 1, 0
124, 1, 0
250, 1, 0
125, 1, 0
126, 1, 0
124, 0, -1
125, 1, 0
125, 1, 0
125, 1, 0
250, 1, 0
125, 1, 0
126, 1, -1
125, 1, 0
124, 1, 0
250, 1, 0
126, 1, 0
124, 1, 0
126, 0, -1
125, 1, 0
125, 1, 0
125, 1, 0
124, 1, 0
125, 1, 0
250, 2, -1
250, 1, 0
126, 1, 0
124, 1, 0
126, 1, 0
125, 1, 0
249, 1, -1
125, 1, 0
127, 1, 0
125, 1, 0
123, 1, 0
125, 1, 0
251, 1, -1
125, 1, 0
125, 1, 0
124, 1, 0
126, 1, 0
125, 1, 0
125, 1, -1
125, 1, 0
126, 1, 0
125, 1, 0
124, 1, 0
250, 2, -1
249, 1, 0
126, 1, 0
125, 1, 0
125, 1, 0
125, 1, -1
124, 1, 0
126, 1, 0
125, 1, 0
125, 1, 0
125, 1, 0
125, 1, 0
125, 1, 0
125, 1, -1
124, 1, 0
250, 2, 0
126, 1, 0
125, 1, 0
125, 1, -1
124, 1, 0
250, 2, 0
251, 2, 0
125, 0, -1
125, 2, 0
125, 1, 0
125, 1, 0
249, 2, 0
126, 1, -1
124, 1, 0
126, 1, 0
129, 1, 0
125, 1, 0
245, 2, -1
250, 2, 0
250, 2, 0
126, 1, 0
125, 1, -1
124, 1, 0
125, 1, 0
125, 1, 0
125, 1, 0
126, 1, 0
125, 1, -1
125, 1, 0
126, 1, 0
123, 1, 0
126, 1, 0
125, 1, 0
124, 1, -1
126, 1, 0
125, 1, 0
125, 1, 0
125, 2, 0
249, 2, 0
125, 1, 0
126, 0, -1
125, 2, 0
125, 1, 0
125, 1, 0
125, 1, 0
125, 1, -1
125, 1, 0
125, 1, 0
125, 1, 0
124, 1, 0
126, 1, 0
126, 1, 0
126, 1, -1
123, 2, 0
249, 2, 0
126, 1, 0
125, 1, 0
124, 1, 0
126, 1, -1
125, 1, 0
125, 1, 0
125, 1, 0
125, 1, 0
124, 1, 0
125, 1, 0
126, 1, -1
125, 1, 0
125, 1, 0
125, 1, 0
125, 1, 0
125, 1, 0
125, 2, 0
125, 0, -1
125, 2, 0
250, 2, 0
124, 1, 0
126, 1, 0
125, 1, 0
126, 1, -1
124, 1, 0
125, 1, 0
125, 1, 0
126, 1, 0
124, 1, 0
125, 1, 0
125, 1, -1
125, 1, 0
124, 1, 0
126, 1, 0
125, 1, 0
126, 1, 0
124, 1, 0
125, 1, 0
125, 1, -1
125, 1, 0
124, 2, 0
250, 2, 0
250, 2, 0
251, 2, -1
125, 1, 0
125, 1, 0
125, 1, 0
125, 1, 0
125, 1, 0
125, 1, 0
125, 1, 0
125, 1, -1
125, 1, 0
124, 1, 0
126, 1, 0
125, 1, 0
126, 1, 0
124, 1, 0
125, 1, 0
125, 1, 0
125, 1, -1
125, 1, 0
127, 1, 0
125, 1, 0
124, 1, 0
126, 1, 0
124, 1, 0
123, 1, 0
124, 1, -1
128, 1, 0
124, 1, 0
128, 1, 0
124, 1, 0
122, 1, 0
126, 1, 0
125, 1, 0
126, 1, 0
124, 1, -1
132, 1, 0
118, 1, 0
126, 1, 0
124, 1, 0
126, 1, 0
124, 1, 0
130, 1, 0
124, 1, 0
128, 1, 0
244, 2, -1
248, 1, 0
126, 1, 0
125, 1, 0
125, 1, 0
125, 1, 0
126, 1, 0
249, 2, -1
252, 1, 0
126, 1, 0
123, 1, 0
124, 1, 0
124, 1, 0
126, 1, 0
124, 1, 0
250, 2, 0
126, 0, -1
125, 1, 0
125, 1, 0
125, 1, 0
125, 1, 0
124, 1, 0
252, 1, 0
124, 1, 0
125, 1, 0
125, 1, 0
250, 1, 0
125, 1, -1
125, 1, 0
125, 1, 0
125, 1, 0
250, 1, 0
125, 1, 0
126, 1, 0
249, 1, 0
125, 1, 0
123, 1, 0
130, 0, -1
123, 1, 0
123, 1, 0
126, 1, 0
249, 1, 0
126, 1, 0
249, 1, 0
128, 1, 0
249, 1, 0
124, 1, 0
249, 1, 0
126, 1, 0
125, 1, -1
250, 1, 0
127, 1, 0
247, 1, 0
127, 1, 0
248, 1, 0
250, 1, 0
250, 1, 0
126, 1, 0
249, 1, 0
126, 1, 0
249, 1, 0
250, 1, 0
126, 0, -1
125, 1, 0
373, 1, 0
252, 1, 0
250, 1, 0
253, 1, 0
247, 1, 0
250, 1, 0
249, 1, 0
376, 1, 0
250, 1, 0
406, 1, 0
219, 1, 0
568, 1, 0
346, 1, 0
336, 1, 0
408, 1, 0
469, 1, 0
499, 1, 0
625, 1, 0
873, 1, 0
877, 1, 0
2283, 1, 0
8597, -1, 0
2194, -1, 0
1348, -1, 0
702, -1, 0
1000, -1, 0
654, -1, 0
597, -1, 0
631, -1, 0
498, -1, 0
748, -1, 0
377, -1, 0
376, -1, 0
499, -1, 0
496, -1, 0
376, -1, 0
501, -1, 0
375, -1, 0
375, -1, 0
375, -1, 0
373, -1, 0
376, -1, 0
375, -1, 0
377, -1, 0
375, -1, 0
377, -1, 0
248, -1, 0
374, -1, 0
251, -1, 0
374, -1, 0
376, -1, 0
248, -1, 0
250, -1, 0
378, -1, 0
377, -1, 0
250, -1, 0
247, -1, 0
249, -1, 0
376, -1, 0
252, -1, 0
372, -1, 0
251, -1, 0
248, -1, 0
251, -1, 0
381, -1, 0
249, -1, 0
246, -1, 0
248, -1, 0
250, -1, 0
250, -1, 0
252, -1, 0
251, -1, 0
124, 0, 1
124, -1, 0
252, -1, 0
250, -1, 0
373, -1, 0
249, -1, 0
250, -1, 0
249, -1, 0
251, -1, 0
251, -1, 0
124, -1, 0
250, -1, 0
250, -1, 0
250, -1, 0
251, -1, 0
247, -1, 0
249, -1, 0
250, -1, 0
251, -1, 0
250, -1, 0
249, -1, 0
249, -1, 1
127, -1, 0
249, -1, 0
249, -1, 0
127, -1, 0
248, -1, 0
251, -1, 0
252, -1, 0
249, -1, 0
250, -1, 0
125, -1, 0
248, -1, 0
253, -1, 0
248, -1, 0
250, -1, 0
125, -1, 0
125, -1, 0
250, -1, 0
250, -1, 0
125, 0, 1
125, -1, 0
250, -1, 0
126, -1, 0
249, -1, 0
250, -1, 0
250, -1, 0
125, -1, 0
250, -1, 0
125, -1, 0
251, -1, 0
249, -1, 0
252, -1, 1
125, -1, 0
250, -1, 0
124, -1, 0
250, -1, 0
251, -1, 0
125, -1, 0
249, -1, 0
251, -1, 0
249, -1, 0
126, -1, 0
249, -1, 0
126, -1, 0
251, -1, 0
124, 0, 1
124, -1, 0
250, -1, 0
133, -1, 0
242, -1, 0
125, -1, 0
250, -1, 0
249, -1, 0
249, -1, 0
128, -1, 0
249, -1, 0
251, -1, 0
124, -1, 0
250, -1, 0
250, -1, 0
125, -1, 0
250, -1, 0
125, 0, 1
125, -1, 0
250, -1, 0
127, -1, 0
246, -1, 0
252, -1, 0
248, -1, 0
127, -1, 0
250, -1, 0
250, -1, 0
126, -1, 0
250, -1, 0
249, -1, 0
250, -1, 0
126, -1, 0
248, -1, 0
126, 0, 1
125, -1, 0
250, -1, 0
125, -1, 0
249, -1, 0
250, -1, 0
251, -1, 0
132, -1, 0
243, -1, 0
249, -1, 0
250, -1, 0
250, -1, 0
250, -1, 0
250, -1, 0
249, -1, 0
126, -1, 0
249, -1, 0
251, -1, 0
252, -1, 0
124, 0, 1
124, -1, 0
249, -1, 0
251, -1, 0
251, -1, 0
250, -1, 0
125, -1, 0
251, -1, 0
249, -1, 0
251, -1, 0
249, -1, 0
252, -1, 0
248, -1, 0
251, -1, 0
250, -1, 0
249, -1, 0
250, -1, 0
250, -1, 0
125, 0, 1
126, -1, 0
249, -1, 0
251, -1, 0
250, -1, 0
374, -1, 0
250, -1, 0
250, -1, 0
248, -1, 0
258, -1, 0
370, -1, 0
249, -1, 0
250, -1, 0
406, -1, 0
219, -1, 0
250, -1, 0
251, -1, 0
251, -1, 0
131, 0, 1
243, -1, 0
256, -1, 0
245, -1, 0
373, -1, 0
399, -1, 0
254, -1, 0
257, -1, 0
341, -1, 0
379, -1, 0
247, -1, 0
253, -1, 0
371, -1, 0
375, -1, 0
374, -1, 0
258, -1, 0
391, -1, 0
354, -1, 0
373, -1, 0
375, -1, 0
249, -1, 0
130, 0, 1
377, -1, 0
372, -1, 0
247, -1, 0
500, -1, 0
379, -1, 0
376, -1, 0
499, -1, 0
250, -1, 0
517, -1, 0
354, -1, 0
499, -1, 0
126, 0, 1
249, -1, 0
410, -1, 0
499, -1, 0
593, -1, 0
406, -1, 0
467, -1, 0
536, -1, 0
590, -1, 0
532, -1, 0
93, 0, 1
408, -1, 0
468, -1, 0
630, -1, 0
777, -1, 0
466, -1, 0
786, -1, 1
590, -1, 0
752, -1, 0
914, -1, 0
710, -1, 0
124, 0, 1
751, -1, 0
1035, -1, 0
838, -1, 0
891, 0, 1
235, -1, 0
1288, -1, 0
1120, -1, 0
716, 0, 1
786, -1, 0
1999, -1, 0
967, 0, 1
1627, -1, 0
3123, 0, 1
1282, -1, 0
5098, 0, 1
5767, 0, 1
3644, 0, 1
2963, 0, 1
1535, 1, 0
1087, 0, 1
1879, 1, 0
749, 0, 1
2252, 1, 1
2506, 1, 1
2246, 1, 0
551, 0, 1
1951, 1, 0
495, 0, 1
1879, 1, 0
998, 0, 1
1749, 1, 0
874, 0, 1
1933, 1, 0
1128, 0, 1
1691, 1, 0
927, 0, 1
1752, 1, 0
1373, 0, 1
2002, 1, 0
998, 0, 1
2123, 1, 0
591, 0, 1
2661, 1, 0
836, 0, 1
3374, 1, 0
998, 0, 1
4397, 0, 1
1022, 1, 0
5601, 0, 1
5268, 1, 0
12748, 0, 1
14243, 1, 0
19899, 0, 0
14382, 1, 0
8081, 1, 0
3244, 0, 0
864, 1, 0
525, 0, 1
3350, 1, 0
3011, 1, 0
2235, 1, 0
1997, 1, 0
1868, 1, 0
2171, 1, 0
1952, 1, 0
626, 0, 0
1558, 1, 0
1943, 1, 0
2447, 1, 0
2178, 1, 0
2501, 1, 0
3133, 1, 0
4873, 1, 0
76445, 1, 0
4324, 1, 0
1899, 1, 0
1878, 1, 0
1462, 1, 0
1148, 1, 0
1235, 1, 0
1126, 1, 0
874, 0, -1
240, 1, 0
1001, 1, 0
888, 1, 0
867, 1, 0
872, 1, 0
656, 0, -1
90, 1, 0
909, 1, 0
597, 1, 0
756, 1, 0
772, 1, 0
625, 1, 0
718, 1, -1
622, 1, 0
751, 1, 0
633, 1, 0
654, 1, 0
463, 1, -1
660, 1, 0
471, 1, 0
656, 1, 0
463, 1, 0
538, 1, -1
586, 1, 0
504, 1, 0
497, 1, 0
681, 1, 0
194, 0, -1
125, 1, 0
535, 1, 0
464, 1, 0
506, 1, 0
371, 1, 0
249, 0, -1
126, 1, 0
503, 1, 0
496, 1, 0
375, 1, 0
375, 1, 0
375, 1, 0
126, 0, -1
375, 1, 0
374, 1, 0
373, 1, 0
386, 1, 0
493, 1, 0
248, 1, -1
499, 1, 0
376, 1, 0
375, 1, 0
375, 1, 0
250, 1, 0
375, 1, -1
387, 1, 0
370, 1, 0
378, 1, 0
365, 1, -1
249, 1, 0
375, 1, 0
376, 1, 0
249, 1, 0
375, 1, 0
382, 1, 0
375, 1, -1
244, 1, 0
375, 1, 0
249, 1, 0
250, 1, 0
382, 1, 0
245, 1, 0
373, 1, 0
250, 1, 0
126, 0, -1
249, 1, 0
250, 1, 0
379, 1, 0
247, 1, 0
250, 1, 0
249, 1, 0
375, 1, -1
251, 1, 0
249, 1, 0
250, 1, 0
378, 1, 0
247, 1, 0
250, 1, 0
376, 1, 0
249, 1, 0
250, 1, -1
375, 1, 0
251, 1, 0
249, 1, 0
250, 1, 0
250, 1, 0
251, 1, 0
249, 1, 0
262, 1, -1
246, 1, 0
370, 1, 0
253, 1, 0
252, 1, 0
242, 1, 0
254, 1, 0
253, 1, 0
245, 1, 0
132, 0, -1
136, 1, 0
242, 1, 0
262, 1, 0
243, 1, 0
247, 1, 0
245, 1, 0
249, 1, 0
261, 1, 0
242, 1, 0
249, 1, 0
119, 0, -1
125, 1, 0
124, 1, 0
254, 1, 0
248, 1, 0
245, 1, 0
375, 1, 0
249, 1, 0
127, 1, 0
249, 1, 0
249, 1, 0
251, 1, 0
253, 1, 0
123, 1, 0
248, 1, 0
251, 1, 0
250, 1, -1
249, 1, 0
251, 1, 0
254, 1, 0
246, 1, 0
129, 1, 0
245, 1, 0
251, 1, 0
249, 1, 0
251, 1, 0
251, 1, 0
249, 1, 0
125, 1, 0
249, 1, 0
250, 1, 0
250, 1, 0
126, 1, 0
375, 1, 0
126, 1, 0
125, 0, -1
124, 1, 0
250, 1, 0
125, 1, 0
375, 1, 0
125, 1, 0
264, 1, 0
247, 1, 0
243, 1, 0
246, 1, 0
249, 1, 0
126, 1, 0
250, 1, 0
252, 1, 0
259, 1, 0
239, 1, 0
250, 1, 0
251, 1, 0
124, 1, 0
259, 1, 0
242, 1, 0
252, 1, 0
123, 0, -1
125, 1, 0
249, 1, 0
254, 1, 0
122, 1, 0
250, 1, 0
249, 1, 0
250, 1, 0
250, 1, 0
252, 1, 0
124, 1, 0
250, 1, 0
375, 1, 0
260, 1, 0
119, 1, 0
253, 1, 0
245, 1, 0
376, 1, 0
124, 1, 0
250, 1, 0
250, 1, 0
250, 1, 0
250, 1, 0
249, 1, 0
251, 1, 0
250, 1, 0
250, 1, -1
250, 1, 0
252, 1, 0
250, 1, 0
246, 1, 0
252, 1, 0
436, 1, 0
194, 1, 0
249, 1, 0
245, 1, 0
375, 1, 0
251, 1, 0
249, 1, 0
250, 1, 0
382, 1, 0
244, 1, 0
250, 1, 0
249, 1, 0
375, 1, 0
251, 1, 0
434, 1, 0
192, 1, 0
376, 1, 0
248, 1, 0
427, 1, 0
200, 1, 0
374, 1, 0
429, 1, 0
195, 1, 0
536, 1, 0
214, 1, 0
374, 1, 0
380, 1, 0
373, 1, 0
390, 1, 0
356, 1, 0
499, 1, 0
375, 1, 0
375, 1, 0
500, 1, 0
509, 1, 0
374, 1, 0
636, 1, 0
490, 1, 0
528, 1, 0
604, 1, 0
775, 1, 0
461, 1, 0
879, 1, 0
877, 1, 0
1011, 1, 0
1780, 1, 0
11844, -1, 0
1118, -1, 0
906, -1, 0
341, 0, -1
254, -1, 0
503, -1, 0
622, -1, 0
497, -1, 0
245, 0, -1
127, -1, 0
498, -1, 0
505, -1, 0
246, -1, 0
263, 0, -1
247, -1, 0
250, -1, 0
385, -1, 0
367, -1, 0
376, -1, 0
132, 0, -1
113, -1, 0
370, -1, 0
248, -1, 0
249, -1, 0
249, -1, 0
126, 0, -1
250, -1, 0
257, -1, 0
246, -1, 0
249, -1, 0
249, -1, 0
246, -1, 0
129, 0, -1
123, -1, 0
247, -1, 0
251, -1, 0
250, -1, 0
250, -1, 0
126, -1, 0
247, -1, 0
254, -1, -1
259, -1, 0
116, -1, 0
248, -1, 0
252, -1, 0
127, -1, 0
254, -1, 0
121, -1, 0
248, -1, 0
126, 0, -1
125, -1, 0
125, -1, 0
264, -1, 0
114, -1, 0
245, -1, 0
124, -1, 0
127, -1, 0
246, -1, 0
251, -1, 0
126, -1, -1
125, -1, 0
248, -1, 0
127, -1, 0
124, -1, 0
249, -1, 0
149, -1, 0
233, -1, 0
120, -1, 0
126, -1, 0
124, -1, 0
125, -1, 0
125, 0, -1
123, -1, 0
129, -1, 0
126, -1, 0
251, -1, 0
128, -1, 0
122, -1, 0
121, -1, 0
123, -1, 0
254, -1, 0
127, -1, 0
121, -1, 0
124, -1, 0
125, -1, 0
125, -1, 0
126, -1, -1
258, -1, 0
121, -1, 0
125, -1, 0
122, -1, 0
129, -1, 0
124, -1, 0
124, -1, 0
121, -1, 0
249, -2, 0
256, -1, 0
125, -1, 0
120, -1, -1
125, -1, 0
125, -1, 0
127, -1, 0
122, -1, 0
127, -1, 0
122, -1, 0
129, -1, 0
130, -1, 0
124, -1, -1
122, -1, 0
124, -1, 0
129, -1, 0
123, -1, 0
124, -1, 0
125, -1, 0
123, -1, 0
125, -1, -1
124, -1, 0
125, -1, 0
125, -1, 0
126, -1, 0
125, -1, 0
123, -1, 0
127, -1, -1
124, -1, 0
125, -1, 0
125, -1, 0
132, -1, 0
124, -1, 0
121, -1, 0
129, -1, -1
124, -1, 0
120, -1, 0
125, -1, 0
126, -1, 0
125, -1, 0
125, -1, 0
133, -1, -1
116, -1, 0
126, -1, 0
142, -1, 0
111, -1, 0
122, -1, 0
124, -1, 0
128, -1, -1
122, -1, 0
126, -1, 0
125, -1, 0
127, -1, 0
127, -1, 0
121, -1, 0
124, -2, 0
126, 0, -1
124, -2, 0
126, -1, 0
124, -1, 0
125, -1, 0
125, -1, 0
125, -1, -1
125, -1, 0
129, -1, 0
126, -1, 0
125, -1, 0
129, -1, 0
123, -1, 0
122, -1, 0
126, -2, 0
126, -1, 0
126, -1, -1
123, -1, 0
124, -1, 0
125, -1, 0
124, -1, 0
125, -1, 0
125, -2, 0
127, -1, 0
125, -1, -1
123, -1, 0
128, -1, 0
124, -1, 0
126, -2, 0
136, -1, 0
124, -1, 0
122, -1, 0
120, -1, 0
123, -1, 0
126, -2, 0
124, -1, 0
126, -1, -1
124, -1, 0
124, -1, 0
125, -1, 0
129, -1, 0
123, -2, 0
126, -1, 0
123, -1, 0
124, -1, 0
123, -2, 0
251, -2, -1
125, -1, 0
125, -1, 0
124, -1, 0
125, -2, 0
126, -1, 0
124, -1, 0
125, -1, 0
125, -2, 0
128, -1, 0
128, -1, 0
123, -1, 0
129, -2, 0
120, -1, 0
129, -1, -1
115, -1, 0
124, -1, 0
126, -2, 0
131, -1, 0
123, -1, 0
125, -1, 0
143, -2, 0
112, -1, 0
129, -1, 0
120, -1, 0
127, -2, 0
124, -1, 0
117, -1, 0
125, -2, 0
125, -1, 0
125, -1, 0
125, -2, 0
124, -1, 0
126, -1, 0
124, -1, 0
126, -2, 0
129, -1, 0
124, -1, 0
121, -1, 0
125, -2, 0
125, -1, 0
127, -1, 0
124, -2, -1
124, -1, 0
125, -1, 0
126, -1, 0
125, -2, 0
124, -1, 0
127, -1, 0
126, -1, 0
123, -2, 0
125, -1, 0
125, -2, 0
125, -1, 0
124, -1, 0
126, -1, 0
125, -2, 0
125, -1, 0
124, -1, 0
125, -1, 0
125, -2, 0
125, -1, 0
125, -2, 0
249, -2, 0
127, -1, 0
125, -1, 0
127, -2, 0
124, -1, 0
132, -1, 0
122, -1, 0
127, -2, 0
121, -1, 0
131, -2, 0
120, -1, 0
126, -1, 0
120, -1, 0
124, -2, 0
126, -1, 0
124, -2, 0
125, -1, 0
126, -1, 0
126, -1, 0
124, -2, 0
125, -1, 1
125, -2, 0
124, -1, 0
126, -1, 0
125, -1, 0
125, -2, 0
125, -1, 0
124, -2, 0
249, -2, 0
128, -1, 0
136, -1, 0
121, -2, 0
123, -1, 0
125, -1, 0
135, -2, 0
125, -1, 0
132, -1, 0
107, -2, 1
121, -1, 0
127, -1, 0
139, -1, 0
121, -2, 0
123, -1, 0
126, -2, 0
131, -1, 0
116, -1, 0
121, -1, 0
126, -2, 0
131, -1, 1
131, -1, 0
116, -1, 0
122, -2, 0
126, -1, 0
129, -2, 0
120, -1, 0
124, -1, 0
127, -1, 0
124, -1, 0
124, -2, 0
129, -1, 1
124, -1, 0
128, -1, 0
123, -2, 0
128, -1, 0
122, -2, 0
121, -1, 0
125, -1, 0
127, -1, 0
127, -2, 1
127, -1, 0
122, -1, 0
123, -1, 0
128, -2, 0
124, -1, 0
125, -2, 0
126, -1, 0
131, -1, 1
127, -1, 0
116, -2, 0
133, -1, 0
119, -1, 0
125, -1, 0
128, -2, 0
121, -1, 0
128, -1, 0
125, -1, 1
121, -1, 0
124, -2, 0
124, -1, 0
125, -1, 0
130, -1, 0
121, -2, 0
125, -1, 0
130, -1, 1
124, -1, 0
121, -2, 0
125, -1, 0
124, -1, 0
125, -1, 0
128, -2, 0
122, -1, 0
126, -1, 1
130, -1, 0
119, -2, 0
249, -2, 0
125, -1, 0
126, -1, 0
126, -1, 0
125, -2, 1
127, -1, 0
122, -1, 0
126, -1, 0
124, -1, 0
125, -2, 0
268, -2, 0
117, -1, 1
127, -1, 0
121, -1, 0
124, -1, 0
123, -1, 0
121, -2, 0
128, -1, 1
122, -1, 0
127, -1, 0
132, -1, 0
117, -2, 0
126, -1, 0
126, -1, 0
121, -1, 0
125, -1, 1
125, -1, 0
125, -1, 0
126, -2, 0
126, -1, 0
124, -1, 0
124, -1, 1
133, -1, 0
123, -1, 0
119, -1, 0
126, -1, 0
126, -1, 0
133, -1, 0
119, -1, 0
121, -2, 0
126, -1, 0
124, -1, 1
125, -1, 0
124, -1, 0
128, -1, 0
124, -1, 0
124, -1, 0
118, -1, 0
125, -1, 1
126, -1, 0
123, -1, 0
126, -1, 0
120, -1, 0
125, -1, 0
127, -1, 0
131, -1, 0
119, -1, 0
132, -1, 1
122, -1, 0
129, -1, 0
121, -1, 0
125, -1, 0
124, -1, 0
129, -1, 0
124, -1, 0
121, -1, 1
124, -1, 0
125, -1, 0
126, -1, 0
249, -2, 0
250, -1, 0
125, -1, 0
125, -1, 0
125, -1, 0
125, -1, 1
127, -1, 0
123, -1, 0
125, -1, 0
125, -1, 0
249, -1, 0
126, -1, 0
125, -1, 0
125, -1, 0
127, -1, 1
248, -2, 0
261, -1, 0
115, -1, 0
250, -1, 0
125, -1, 0
125, -1, 0
248, -1, 0
129, -1, 0
123, -1, 0
124, 0, 1
126, -1, 0
125, -1, 0
124, -1, 0
254, -1, 0
124, -1, 0
125, -1, 0
247, -1, 0
126, -1, 0
250, -1, 0
125, -1, 0
249, -1, 0
125, -1, 0
127, 0, 1
124, -1, 0
248, -1, 0
126, -1, 0
251, -1, 0
124, -1, 0
249, -1, 0
250, -1, 0
251, -1, 0
249, -1, 0
124, -1, 0
254, -1, 0
249, -1, 0
252, -1, 0
249, -1, 0
251, -1, 0
247, -1, 0
375, -1, 0
249, -1, 0
376, -1, 0
250, -1, 0
249, -1, 0
378, -1, 0
372, -1, 0
377, -1, 0
373, -1, 0
376, -1, 0
503, -1, 0
501, -1, 0
666, -1, 0
711, -1, 0
746, -1, 0
998, -1, 0
1148, 0, -1
1127, -1, 0
1999, 0, -1
1752, 1, 0
1245, 1, 0
995, 1, -1
755, 1, 0
758, 1, 0
610, 1, 0
493, 0, -1
122, 1, 0
640, 1, 0
365, 1, 0
503, 1, 0
127, 0, -1
371, 1, 0
499, 1, 0
375, 1, 0
374, 1, 0
250, 0, -1
126, 1, 0
379, 1, 0
496, 1, 0
255, 1, 0
249, 1, 0
251, 0, -1
120, 1, 0
377, 1, 0
253, 1, 0
374, 1, 0
253, 1, 0
247, 1, 0
122, 0, -1
248, 1, 0
250, 1, 0
250, 1, 0
258, 1, 0
243, 1, 0
249, 1, -1
377, 1, 0
253, 1, 0
246, 1, 0
255, 1, 0
124, 1, 0
250, 1, 0
254, 1, 0
245, 1, -1
246, 1, 0
250, 1, 0
131, 1, 0
247, 1, 0
248, 1, 0
250, 1, 0
126, 0, -1
128, 1, 0
128, 1, 0
243, 1, 0
249, 1, 0
126, 1, 0
253, 1, 0
126, 1, 0
121, 0, -1
125, 1, 0
126, 1, 0
248, 1, 0
250, 1, 0
129, 1, 0
250, 1, 0
137, 1, 0
236, 1, 0
124, 1, 0
126, 1, -1
250, 1, 0
124, 1, 0
249, 1, 0
127, 1, 0
249, 1, 0
126, 1, 0
129, 1, 0
244, 1, 0
155, 1, -1
99, 1, 0
247, 1, 0
127, 1, 0
146, 1, 0
237, 1, 0
122, 1, 0
250, 1, 0
119, 1, 0
123, 1, 0
126, 1, 0
123, 1, 0
126, 0, -1
125, 1, 0
124, 1, 0
126, 1, 0
249, 2, 0
250, 1, 0
126, 1, 0
124, 1, 0
250, 1, 0
127, 1, -1
124, 1, 0
127, 1, 0
248, 1, 0
125, 1, 0
131, 1, 0
119, 1, 0
126, 1, 0
123, 1, 0
133, 1, 0
243, 1, 0
125, 1, 0
124, 1, 0
125, 1, 0
127, 1, -1
125, 1, 0
126, 1, 0
256, 2, 0
245, 1, 0
121, 1, 0
126, 1, 0
124, 1, 0
125, 1, 0
127, 1, 0
125, 1, -1
124, 1, 0
251, 2, 0
248, 1, 0
125, 1, 0
126, 1, 0
139, 1, 0
117, 1, 0
120, 1, 0
126, 1, 0
125, 1, 0
123, 1, 0
124, 1, 0
132, 1, -1
126, 1, 0
129, 1, 0
128, 1, 0
124, 1, 0
125, 1, 0
127, 1, 0
128, 1, 0
125, 1, 0
120, 1, 0
121, 1, 0
131, 1, 0
128, 1, 0
123, 1, -1
125, 1, 0
123, 1, 0
125, 1, 0
130, 1, 0
119, 1, 0
123, 1, 0
132, 1, 0
117, 1, 0
116, 1, 0
126, 1, 0
124, 1, 0
126, 1, 0
124, 1, 0
124, 1, 0
126, 1, 0
125, 1, 0
124, 1, 0
126, 2, -1
248, 2, 0
129, 1, 0
122, 1, 0
125, 1, 0
126, 1, 0
123, 1, 0
126, 1, 0
124, 1, 0
126, 1, 0
125, 1, 0
125, 1, 0
125, 1, -1
122, 1, 0
125, 1, 0
128, 1, 0
135, 2, 0
242, 2, 0
127, 1, 0
122, 1, 0
126, 1, 0
124, 1, 0
125, 1, 0
125, 2, 0
251, 2, 0
126, 1, 0
124, 1, 0
125, 1, 0
124, 1, -1
125, 1, 0
125, 1, 0
125, 1, 0
125, 2, 0
129, 1, 0
122, 1, 0
125, 1, 0
125, 1, 0
124, 1, 0
137, 1, 0
123, 1, 0
114, 1, 0
125, 2, 0
135, 1, 0
120, 1, 0
133, 1, 0
117, 1, 0
122, 1, 0
126, 2, 0
126, 1, -1
119, 1, 0
134, 1, 0
119, 1, 0
126, 1, 0
130, 2, 0
121, 1, 0
124, 1, 0
150, 1, 0
106, 1, 0
124, 1, 0
121, 2, 0
122, 1, 0
123, 1, 0
125, 1, 0
125, 1, 0
125, 1, 0
124, 1, 0
130, 2, 0
122, 1, 0
123, 1, -1
125, 1, 0
125, 1, 0
125, 1, 0
127, 2, 0
123, 1, 0
127, 1, 0
125, 1, 0
124, 2, 0
124, 1, 0
125, 1, 0
125, 1, 0
125, 1, 0
125, 1, 0
127, 2, 0
126, 1, 0
123, 1, 0
124, 1, 0
125, 2, 0
125, 1, 0
125, 1, -1
126, 1, 0
125, 1, 0
126, 1, 0
123, 2, 0
128, 1, 0
123, 1, 0
124, 1, 0
126, 1, 0
126, 2, 0
126, 1, 0
124, 1, 0
123, 1, 0
125, 2, 0
257, 2, 0
121, 1, 0
123, 1, -1
125, 1, 0
127, 2, 0
252, 2, 0
133, 1, 0
116, 1, 0
122, 1, 0
126, 2, 0
123, 1, 0
129, 1, 0
122, 1, 0
125, 2, 0
125, 1, 0
150, 1, 0
116, 1, 0
125, 1, 0
123, 1, 0
125, 1, 0
127, 2, -1
122, 1, 0
124, 1, 0
130, 1, 0
121, 1, 0
125, 2, 0
126, 1, 0
124, 1, 0
125, 1, 0
126, 1, 0
122, 2, 0
121, 1, 0
128, 1, 0
127, 1, 0
121, 1, 0
123, 1, 0
125, 2, -1
124, 1, 0
125, 1, 0
125, 1, 0
124, 1, 0
127, 1, 0
127, 2, 0
127, 1, 0
123, 1, 0
125, 1, 0
121, 1, 0
125, 1, 0
121, 1, 0
127, 2, 0
118, 1, 0
118, 1, -1
123, 1, 0
126, 1, 0
125, 1, 0
126, 2, 0
125, 1, 0
125, 1, 0
124, 1, 0
127, 1, 0
123, 1, 0
124, 2, 0
125, 1, 0
125, 1, 0
128, 1, 0
124, 1, -1
122, 1, 0
126, 2, 0
125, 1, 0
125, 1, 0
124, 1, 0
125, 2, 0
249, 2, 0
125, 1, 0
127, 1, 0
124, 1, 0
125, 1, 0
125, 1, 0
125, 1, -1
125, 2, 0
250, 2, 0
126, 1, 0
123, 1, 0
126, 1, 0
125, 1, 0
125, 1, 0
125, 1, 0
127, 1, 0
126, 2, 0
124, 1, 0
126, 1, 0
124, 1, -1
124, 1, 0
124, 1, 0
126, 1, 0
124, 1, 0
125, 2, 0
126, 1, 0
124, 1, 0
125, 1, 0
126, 1, 0
126, 1, 0
123, 1, 0
125, 1, 0
124, 1, 0
127, 1, -1
124, 1, 0
125, 1, 0
125, 1, 0
125, 1, 0
125, 1, 0
125, 1, 0
125, 1, 0
126, 2, 0
248, 2, 0
251, 2, 0
125, 1, -1
126, 1, 0
250, 2, 0
124, 1, 0
125, 1, 0
250, 2, 0
250, 2, 0
251, 2, 0
251, 2, 0
126, 1, -1
130, 1, 0
124, 1, 0
121, 1, 0
250, 2, 0
246, 1, 0
126, 1, 0
125, 1, 0
126, 1, 0
124, 1, 0
125, 1, 0
126, 1, 0
124, 1, -1
126, 1, 0
124, 1, 0
125, 1, 0
126, 1, 0
249, 1, 0
126, 1, 0
124, 1, 0
125, 1, 0
125, 1, 0
125, 1, 0
125, 1, 0
125, 1, 0
125, 1, 0
250, 1, 0
126, 1, -1
126, 1, 0
124, 1, 0
125, 1, 0
124, 1, 0
125, 1, 0
250, 1, 0
127, 1, 0
123, 1, 0
125, 1, 0
250, 1, 0
125, 1, 0
126, 1, 0
123, 1, 0
126, 1, -1
249, 1, 0
126, 1, 0
125, 1, 0
125, 1, 0
249, 1, 0
126, 1, 0
125, 1, 0
125, 1, 0
249, 1, 0
126, 1, 0
126, 1, 0
248, 1, 0
126, 1, 0
126, 1, 0
250, 1, -1
136, 1, 0
237, 1, 0
127, 1, 0
126, 1, 0
249, 1, 0
124, 1, 0
250, 1, 0
125, 1, 0
249, 1, 0
125, 1, 0
251, 1, 0
132, 1, 0
244, 1, 0
127, 1, 0
254, 1, -1
131, 1, 0
240, 1, 0
248, 1, 0
250, 1, 0
125, 1, 0
253, 1, 0
250, 1, 0
249, 1, 0
126, 1, 0
250, 1, 0
249, 1, 0
250, 1, 0
250, 1, 0
125, 1, 0
251, 1, 0
249, 1, 0
250, 1, 0
258, 1, 0
244, 1, 0
125, 0, -1
250, 1, 0
255, 1, 0
250, 1, 0
249, 1, 0
374, 1, 0
246, 1, 0
374, 1, 0
251, 1, 0
374, 1, 0
375, 1, 0
249, 1, 0
375, 1, 0
506, 1, 0
371, 1, 0
377, 1, 0
500, 1, 0
496, 1, 0
501, 1, 0
624, 1, 0
629, 1, 0
748, 1, 0
751, 1, 0
1000, 1, 0
1623, 1, 0
12382, -1, 0
119, 0, -1
1375, -1, 0
874, -1, 0
626, 0, -1
124, -1, 0
626, -1, 0
750, -1, 0
125, 0, -1
500, -1, 0
504, -1, 0
495, -1, 0
501, 0, -1
125, -1, 0
374, -1, 0
501, -1, 0
375, -1, 0
125, 0, -1
375, -1, 0
375, -1, 0
374, -1, 0
375, -1, 0
135, 0, -1
241, -1, 0
373, -1, 0
377, -1, 0
372, -1, 0
251, -1, -1
375, -1, 0
252, -1, 0
376, -1, 0
248, -1, 0
249, 0, -1
126, -1, 0
374, -1, 0
248, -1, 0
249, -1, 0
378, -1, 0
249, -1, -1
250, -1, 0
250, -1, 0
250, -1, 0
249, -1, 0
251, -1, 0
251, -1, -1
249, -1, 0
251, -1, 0
249, -1, 0
250, -1, 0
249, -1, 0
249, -1, 0
251, -1, -1
263, -1, 0
242, -1, 0
123, -1, 0
249, -1, 0
248, -1, 0
249, -1, 0
125, -1, 0
251, -1, -1
249, -1, 0
125, -1, 0
375, -1, 0
126, -1, 0
249, -1, 0
126, -1, 0
124, 0, -1
126, -1, 0
249, -1, 0
130, -1, 0
246, -1, 0
126, -1, 0
250, -1, 0
250, -1, 0
125, -1, 0
125, -1, 0
249, -1, 0
251, -1, 0
126, -1, -1
248, -1, 0
125, -1, 0
251, -1, 0
124, -1, 0
249, -1, 0
127, -1, 0
128, -1, 0
246, -1, 0
127, -1, 0
251, -1, 0
123, -1, 0
250, -1, 0
133, -1, 0
118, -1, 0
124, 0, -1
125, -1, 0
127, -1, 0
123, -1, 0
253, -1, 0
124, -1, 0
249, -1, 0
125, -1, 0
249, -1, 0
131, -1, 0
129, -1, 0
240, -1, 0
126, -1, 0
125, -1, 0
249, -1, 0
126, -1, 0
125, -1, 0
250, -1, 0
127, -1, -1
125, -1, 0
124, -1, 0
249, -1, 0
125, -1, 0
125, -1, 0
249, -1, 0
126, -1, 0
249, -1, 0
126, -1, 0
125, -1, 0
248, -1, 0
127, -1, 0
124, -1, 0
249, -1, 0
126, -1, 0
125, -1, 0
125, -1, 0
124, -1, 0
255, -1, 0
126, -1, 0
125, -1, 0
245, -1, 0
124, -1, 0
125, -1, 0
126, -1, 0
250, -1, 0
124, -1, 0
125, -1, 0
251, -1, 0
123, -1, 0
126, -1, 0
125, -1, 0
126, -1, 0
248, -1, 0
126, -1, 0
125, -1, 0
250, -1, 0
125, -1, 0
126, -1, 0
125, -1, 0
125, -1, 0
256, -1, 0
120, -1, 0
124, -1, 0
251, -1, 0
124, -1, 0
125, -1, 0
125, -1, 0
250, -1, 0
126, -1, 0
125, -1, 0
249, -1, 0
126, -1, 0
125, -1, 0
124, -1, 0
125, -1, 0
274, -1, 0
103, -1, 0
123, -1, 0
126, -1, 0
125, -1, 0
249, -1, 0
126, -1, 0
126, -1, 0
249, -1, 0
126, -1, 0
125, -1, 0
125, -1, 0
124, -1, 0
250, -1, 0
126, -1, 1
249, -1, 0
126, -1, 0
125, -1, 0
124, -1, 0
127, -1, 0
248, -1, 0
125, -1, 0
126, -1, 0
248, -1, 0
126, -1, 0
126, -1, 0
124, -1, 0
250, -1, 0
126, -1, 0
125, -1, 0
124, -1, 0
250, -1, 0
126, -1, 0
248, -1, 1
126, -1, 0
125, -1, 0
251, -1, 0
124, -1, 0
132, -1, 0
121, -1, 0
247, -1, 0
124, -1, 0
250, -1, 0
125, -1, 0
125, -1, 0
250, -1, 0
125, -1, 0
126, -1, 0
249, -1, 0
125, -1, 0
250, -1, 0
126, -1, 0
125, -1, 1
248, -1, 0
126, -1, 0
125, -1, 0
249, -1, 0
250, -1, 0
126, -1, 0
125, -1, 0
249, -1, 0
125, -1, 0
250, -1, 0
125, -1, 0
250, -1, 0
125, -1, 0
126, -1, 0
251, -1, 1
124, -1, 0
249, -1, 0
126, -1, 0
251, -1, 0
250, -1, 0
125, -1, 0
249, -1, 0
250, -1, 0
126, -1, 0
250, -1, 0
125, -1, 0
249, -1, 0
250, -1, 0
129, 0, 1
123, -1, 0
125, -1, 0
124, -1, 0
250, -1, 0
250, -1, 0
250, -1, 0
250, -1, 0
126, -1, 0
248, -1, 0
250, -1, 0
250, -1, 0
126, -1, 0
249, -1, 0
250, -1, 1
250, -1, 0
250, -1, 0
126, -1, 0
252, -1, 0
249, -1, 0
249, -1, 0
249, -1, 0
251, -1, 0
249, -1, 0
251, -1, 0
373, -1, 0
252, -1, 0
250, -1, 1
249, -1, 0
250, -1, 0
250, -1, 0
251, -1, 0
250, -1, 0
250, -1, 0
420, -1, 0
205, -1, 0
414, -1, 0
216, -1, 0
371, -1, 1
248, -1, 0
406, -1, 0
220, -1, 0
375, -1, 0
249, -1, 0
376, -1, 0
375, -1, 0
374, -1, 0
376, -1, 0
381, -1, 0
243, 0, 1
249, -1, 0
250, -1, 0
506, -1, 0
540, -1, 0
330, -1, 0
375, -1, 0
625, -1, 0
502, -1, 1
541, -1, 0
461, -1, 0
545, -1, 0
703, -1, 0
625, -1, 0
750, -1, 0
625, -1, 0
250, 0, 1
748, -1, 0
1127, -1, 0
1186, -1, 0
1566, -1, 0
2626, -1, 0
1292, 0, 1
11336, 1, 0
2248, 1, 0
1121, 1, 0
1124, 1, 0
1128, 1, 0
747, 1, 0
799, 1, 0
830, 1, 0
646, 1, 0
681, 1, 0
544, 1, 0
806, 1, 0
194, 0, 1
375, 1, 0
661, 1, 0
464, 1, 0
537, 1, 0
634, 1, 0
487, 1, 0
91, 0, 1
411, 1, 0
497, 1, 0
342, 1, 0
500, 1, 0
501, 1, 0
499, 1, 0
408, 1, 0
92, 0, 1
252, 1, 0
558, 1, 0
314, 1, 0
411, 1, 0
498, 1, 0
342, 1, 0
413, 1, 1
337, 1, 0
412, 1, 0
497, 1, 0
217, 1, 0
405, 1, 0
399, 1, 0
196, 1, 1
374, 1, 0
375, 1, 0
251, 1, 0
410, 1, 0
390, 1, 0
200, 1, 0
409, 1, 0
217, 1, 0
375, 1, 0
124, 0, 1
126, 1, 0
250, 1, 0
375, 1, 0
248, 1, 0
250, 1, 0
407, 1, 0
218, 1, 0
375, 1, 0
251, 1, 0
249, 1, 0
126, 0, 1
249, 1, 0
250, 1, 0
249, 1, 0
254, 1, 0
248, 1, 0
249, 1, 0
250, 1, 0
251, 1, 0
376, 1, 0
248, 1, 0
250, 1, 0
250, 1, 0
250, 1, 0
126, 0, 1
125, 1, 0
249, 1, 0
250, 1, 0
252, 1, 0
250, 1, 0
249, 1, 0
249, 1, 0
250, 1, 0
251, 1, 0
249, 1, 0
252, 1, 0
249, 1, 0
249, 1, 0
251, 1, 1
126, 1, 0
248, 1, 0
250, 1, 0
252, 1, 0
249, 1, 0
250, 1, 0
250, 1, 0
125, 1, 0
249, 1, 0
252, 1, 0
249, 1, 0
250, 1, 0
126, 1, 0
249, 1, 0
249, 1, 0
126, 1, 0
125, 0, 1
125, 1, 0
251, 1, 0
248, 1, 0
126, 1, 0
250, 1, 0
249, 1, 0
126, 1, 0
250, 1, 0
249, 1, 0
250, 1, 0
127, 1, 0
252, 1, 0
246, 1, 0
126, 1, 0
249, 1, 1
127, 1, 0
249, 1, 0
249, 1, 0
126, 1, 0
249, 1, 0
126, 1, 0
250, 1, 0
249, 1, 0
126, 1, 0
249, 1, 0
254, 1, 0
123, 1, 0
248, 1, 1
126, 1, 0
249, 1, 0
126, 1, 0
251, 1, 0
124, 1, 0
249, 1, 0
126, 1, 0
250, 1, 0
126, 1, 0
249, 1, 0
125, 1, 0
251, 1, 0
126, 1, 0
124, 1, 0
251, 1, 0
123, 1, 0
250, 1, 1
125, 1, 0
249, 1, 0
126, 1, 0
250, 1, 0
126, 1, 0
250, 1, 0
124, 1, 0
124, 1, 0
251, 1, 0
125, 1, 0
249, 1, 0
125, 1, 0
125, 1, 0
250, 1, 0
126, 1, 0
249, 1, 1
125, 1, 0
125, 1, 0
249, 1, 0
133, 1, 0
249, 1, 0
119, 1, 0
125, 1, 0
254, 1, 0
123, 1, 0
126, 1, 0
248, 1, 0
126, 1, 0
125, 1, 0
249, 1, 0
125, 1, 1
125, 1, 0
249, 1, 0
126, 1, 0
125, 1, 0
250, 1, 0
125, 1, 0
125, 1, 0
126, 1, 0
124, 1, 0
250, 1, 0
125, 1, 0
249, 1, 0
126, 1, 0
126, 1, 0
124, 1, 0
250, 1, 1
125, 1, 0
125, 1, 0
125, 1, 0
251, 1, 0
124, 1, 0
125, 1, 0
125, 1, 0
125, 1, 0
249, 1, 0
126, 1, 0
126, 1, 0
248, 1, 0
126, 1, 0
125, 1, 1
125, 1, 0
249, 1, 0
127, 1, 0
124, 1, 0
125, 1, 0
249, 1, 0
126, 1, 0
125, 1, 0
127, 1, 0
249, 2, 0
250, 1, 0
125, 1, 0
124, 1, 0
124, 0, 1
128, 1, 0
127, 1, 0
123, 1, 0
124, 1, 0
125, 1, 0
250, 1, 0
124, 1, 0
125, 1, 0
126, 1, 0
124, 1, 0
249, 1, 0
126, 1, 0
125, 1, 0
127, 1, 0
125, 0, 1
125, 1, 0
124, 1, 0
125, 1, 0
125, 1, 0
129, 1, 0
119, 1, 0
125, 1, 0
252, 1, 0
123, 1, 0
125, 1, 0
125, 1, 0
134, 1, 0
246, 1, 0
123, 1, 0
125, 1, 1
126, 1, 0
130, 1, 0
245, 1, 0
124, 1, 0
125, 1, 0
125, 1, 0
126, 1, 0
124, 1, 0
252, 1, 0
125, 1, 0
124, 1, 0
124, 1, 1
125, 1, 0
250, 1, 0
125, 1, 0
127, 1, 0
123, 1, 0
124, 1, 0
250, 1, 0
126, 1, 0
125, 1, 0
124, 1, 0
126, 1, 0
254, 1, 0
120, 1, 0
126, 1, 1
125, 1, 0
124, 1, 0
250, 1, 0
125, 1, 0
129, 1, 0
123, 1, 0
252, 1, 0
123, 1, 0
125, 1, 0
123, 1, 0
250, 1, 0
125, 1, 0
125, 1, 1
128, 1, 0
248, 1, 0
124, 1, 0
125, 1, 0
249, 1, 0
126, 1, 0
126, 1, 0
124, 1, 0
125, 1, 0
250, 1, 0
124, 1, 0
126, 1, 0
252, 1, 0
125, 1, 0
127, 1, 1
250, 1, 0
121, 1, 0
249, 1, 0
127, 1, 0
124, 1, 0
124, 1, 0
252, 1, 0
124, 1, 0
249, 1, 0
126, 1, 0
123, 1, 0
250, 1, 0
126, 1, 0
125, 1, 0
125, 0, 1
125, 1, 0
126, 1, 0
260, 1, 0
118, 1, 0
250, 1, 0
124, 1, 0
254, 1, 0
246, 1, 0
123, 1, 0
126, 1, 0
250, 1, 0
249, 1, 0
125, 1, 0
125, 1, 0
250, 1, 1
252, 1, 0
123, 1, 0
250, 1, 0
125, 1, 0
249, 1, 0
252, 1, 0
250, 1, 0
249, 1, 0
125, 1, 0
249, 1, 0
250, 1, 0
250, 1, 0
251, 1, 0
249, 1, 0
251, 1, 0
127, 0, 1
124, 1, 0
248, 1, 0
251, 1, 0
251, 1, 0
252, 1, 0
249, 1, 0
251, 1, 0
249, 1, 0
373, 1, 0
252, 1, 0
377, 1, 0
390, 1, 0
234, 1, 0
374, 1, 0
377, 1, 0
373, 1, 0
250, 0, 1
125, 1, 0
499, 1, 0
374, 1, 0
499, 1, 0
500, 1, 0
625, 1, 0
501, 1, 0
750, 1, 0
1125, 1, 0
1250, 1, 0
1878, 0, 1
11874, -1, 0
1791, -1, 0
1108, -1, 0
598, -1, 0
125, 0, -1
749, -1, 0
778, -1, 0
472, -1, -1
625, -1, 0
501, -1, 0
401, -1, 0
348, 0, -1
126, -1, 0
527, -1, 0
222, -1, 0
402, -1, 0
384, -1, -1
339, -1, 0
405, -1, 0
221, -1, 0
249, -1, 0
126, 0, -1
249, -1, 0
376, -1, 0
249, -1, 0
258, -1, 0
242, -1, -1
251, -1, 0
250, -1, 0
375, -1, 0
125, -1, 0
125, 0, -1
126, -1, 0
249, -1, 0
250, -1, 0
250, -1, 0
251, -1, 0
124, -1, -1
250, -1, 0
253, -1, 0
248, -1, 0
125, -1, 0
248, -1, 0
251, -1, -1
125, -1, 0
249, -1, 0
127, -1, 0
248, -1, 0
254, -1, 0
123, -1, -1
124, -1, 0
250, -1, 0
125, -1, 0
248, -1, 0
129, -1, 0
251, -1, 0
124, -1, 0
124, 0, -1
124, -1, 0
125, -1, 0
125, -1, 0
250, -1, 0
125, -1, 0
125, -1, 0
249, -1, 0
126, -1, 0
125, 0, -1
125, -1, 0
129, -1, 0
126, -1, 0
128, -1, 0
253, -1, 0
120, -1, 0
127, -1, 0
122, -1, -1
121, -1, 0
250, -1, 0
126, -1, 0
124, -1, 0
126, -1, 0
124, -1, 0
249, -1, 0
126, -1, 0
125, -1, 0
124, -1, 0
128, -1, -1
250, -1, 0
124, -1, 0
124, -1, 0
125, -1, 0
126, -1, 0
127, -1, 0
123, -1, 0
126, -1, 0
248, -2, 0
251, -1, 0
128, -1, -1
123, -1, 0
124, -1, 0
125, -1, 0
125, -1, 0
125, -1, 0
125, -1, 0
126, -1, 0
124, -1, 0
126, -1, 0
124, -1, 0
127, -1, 0
247, -2, 0
250, -2, 0
126, 0, -1
126, -2, 0
248, -1, 0
126, -1, 0
129, -1, 0
121, -1, 0
125, -1, 0
125, -1, 0
126, -1, 0
124, -1, 0
125, -1, 0
125, -1, 0
125, -1, 0
125, -1, 0
127, -1, 0
123, -2, 0
252, -2, 0
256, -2, 0
117, -1, -1
124, -1, 0
125, -1, 0
125, -1, 0
126, -1, 0
124, -1, 0
125, -1, 0
125, -1, 0
125, -1, 0
125, -1, 0
125, -1, 0
126, -1, 0
125, -1, 0
126, -1, 0
123, -1, 0
125, -1, 0
125, -1, 0
125, -1, 0
125, -2, 0
250, -2, 0
125, -1, 0
125, -1, 0
125, -1, 0
125, -1, 0
125, -1, 0
125, -1, 0
125, -1, 0
126, -1, 0
124, -1, 0
125, -2, 0
249, -2, 0
126, -1, 0
125, -1, 0
125, -1, 0
126, -1, 0
124, -1, 0
126, -1, 0
124, -1, 0
125, -2, 0
125, -1, 0
125, -1, 0
125, -1, 0
126, -1, 0
124, -1, 0
125, -1, 0
125, -1, 0
125, -1, 0
125, -2, 0
125, -1, 0
125, -1, 0
126, -1, 0
124, -1, 0
125, -1, 0
125, -1, 0
125, -1, 0
125, -2, 0
133, -1, 0
118, -1, 0
122, -1, 0
124, -1, 0
125, -1, 0
125, -2, 0
133, -1, 0
118, -1, 0
124, -1, 0
125, -1, 0
127, -1, 0
127, -2, 0
252, -2, 0
122, -1, 0
124, -1, 0
127, -1, 0
130, -1, 0
131, -1, 0
112, -1, 0
125, -2, 0
125, -1, 0
125, -1, 0
125, -1, 0
125, -1, 1
125, -1, 0
125, -2, 0
125, -1, 0
126, -1, 0
125, -1, 0
125, -1, 0
125, -1, 0
125, -2, 0
127, -1, 0
126, -1, 0
124, -1, 0
128, -1, 0
120, -1, 0
124, -2, 0
125, -1, 1
125, -1, 0
124, -1, 0
126, -1, 0
124, -1, 0
127, -1, 0
125, -2, 0
125, -1, 0
125, -1, 0
125, -1, 0
125, -1, 0
125, -1, 0
124, -2, 0
126, -1, 1
124, -1, 0
128, -1, 0
123, -1, 0
126, -1, 0
125, -2, 0
249, -2, 0
125, -1, 0
124, -1, 0
126, -1, 0
124, -2, 0
124, -1, 1
126, -1, 0
126, -1, 0
124, -1, 0
125, -1, 0
125, -2, 0
125, -1, 0
125, -1, 0
125, -1, 0
131, -1, 1
122, -1, 0
123, -1, 0
124, -2, 0
126, -1, 0
125, -1, 0
130, -1, 0
122, -1, 0
124, -1, 0
128, -2, 1
121, -1, 0
124, -1, 0
126, -1, 0
128, -1, 0
122, -1, 0
125, -2, 0
125, -1, 0
126, -1, 1
123, -1, 0
124, -1, 0
128, -1, 0
130, -2, 0
120, -1, 0
128, -1, 0
125, -1, 0
120, -1, 0
125, -1, 1
124, -2, 0
251, -1, 0
125, -2, 0
126, -1, 0
125, -1, 0
125, -1, 1
126, -1, 0
124, -1, 0
124, -2, 0
125, -1, 0
125, -1, 0
125, -1, 0
126, -1, 1
126, -1, 0
125, -1, 0
124, -1, 0
125, -2, 0
123, -1, 0
125, -1, 1
126, -1, 0
125, -1, 0
127, -1, 0
124, -1, 0
125, -1, 0
125, -2, 0
125, -1, 1
125, -1, 0
125, -1, 0
125, -1, 0
125, -1, 0
127, -1, 0
124, -1, 1
127, -1, 0
124, -2, 0
247, -2, 0
125, -1, 0
127, -1, 1
128, -1, 0
129, -1, 0
118, -1, 0
125, -1, 0
125, -1, 0
125, -1, 1
125, -1, 0
126, -2, 0
248, -2, 0
126, -1, 0
124, -1, 1
126, -1, 0
125, -1, 0
125, -1, 0
126, -1, 0
125, -1, 1
124, -1, 0
125, -1, 0
125, -1, 0
125, -1, 0
125, -1, 0
125, -1, 1
125, -1, 0
125, -1, 0
125, -1, 0
125, -2, 0
129, 0, 1
121, -2, 0
249, -2, 0
126, -1, 0
125, -1, 1
126, -1, 0
125, -1, 0
123, -1, 0
126, -1, 0
124, -1, 1
125, -1, 0
126, -1, 0
124, -1, 0
125, -1, 0
125, -1, 0
125, -1, 1
126, -1, 0
124, -1, 0
125, -1, 0
126, -1, 1
124, -1, 0
125, -1, 0
123, -1, 0
128, -1, 0
126, 0, 1
129, -2, 0
247, -1, 0
122, -1, 0
125, -1, 0
127, -1, 1
126, -1, 0
124, -1, 0
126, -1, 0
123, -1, 1
125, -1, 0
123, -1, 0
126, -1, 0
125, -1, 0
130, -1, 1
125, -1, 0
120, -1, 0
251, -1, 1
124, -1, 0
125, -1, 0
125, -1, 0
125, -1, 0
126, -1, 1
124, -1, 0
250, -1, 0
125, -1, 0
126, -1, 0
124, -1, 1
125, -1, 0
125, -1, 0
249, -1, 0
127, -1, 1
135, -1, 0
115, -1, 0
124, -1, 0
251, -1, 1
123, -1, 0
126, -1, 0
126, -1, 0
123, -1, 0
125, 0, 1
125, -1, 0
125, -1, 0
125, -1, 0
124, -1, 0
126, -1, 1
251, -1, 0
124, -1, 0
125, -1, 0
130, 0, 1
120, -1, 0
125, -1, 0
251, -1, 0
124, -1, 1
125, -1, 0
249, -1, 0
127, -1, 0
125, -1, 1
250, -1, 0
125, -1, 0
125, -1, 0
125, 0, 1
125, -1, 0
125, -1, 0
125, -1, 0
250, -1, 1
125, -1, 0
249, -1, 0
126, -1, 0
249, -1, 1
252, -1, 0
124, -1, 0
125, -1, 0
123, 0, 1
130, -1, 0
248, -1, 0
124, -1, 0
126, 0, 1
124, -1, 0
249, -1, 0
126, -1, 0
250, -1, 1
250, -1, 0
125, -1, 0
250, -1, 0
125, 0, 1
125, -1, 0
250, -1, 0
249, -1, 0
127, 0, 1
125, -1, 0
248, -1, 0
250, -1, 0
250, -1, 1
250, -1, 0
400, -1, 0
101, 0, 1
126, -1, 0
248, -1, 0
251, -1, 0
249, 0, 1
126, -1, 0
249, -1, 0
440, -1, 0
186, -1, 1
374, -1, 0
409, -1, 0
93, 0, 1
248, -1, 0
380, -1, 0
374, -1, 0
248, 0, 1
249, -1, 0
500, -1, 0
377, -1, 0
123, 0, 1
501, -1, 0
752, -1, 0
123, 0, 1
500, -1, 0
1127, -1, 0
248, 0, 1
874, -1, 0
2684, 0, 1
5072, 1, 0
1249, 0, 1
374, 1, 0
996, 1, 0
380, 0, 1
495, 1, 0
803, 1, 0
448, 1, 1
537, 1, 0
621, 1, 0
216, 0, 1
250, 1, 0
391, 1, 0
518, 1, 1
340, 1, 0
378, 1, 0
373, 1, 0
125, 0, 1
251, 1, 0
378, 1, 0
246, 1, 0
127, 0, 1
255, 1, 0
368, 1, 0
250, 1, 0
251, 0, 1
125, 1, 0
250, 1, 0
250, 1, 0
249, 1, 0
251, 1, 1
250, 1, 0
249, 1, 0
250, 1, 0
250, 1, 1
251, 1, 0
249, 1, 0
250, 1, 0
250, 1, 0
126, 1, 1
249, 1, 0
250, 1, 0
130, 1, 0
246, 1, 0
125, 1, 0
249, 1, 1
250, 1, 0
126, 1, 0
249, 1, 0
126, 1, 0
249, 1, 1
126, 1, 0
249, 1, 0
125, 1, 0
126, 1, 0
250, 1, 0
125, 1, 1
249, 1, 0
126, 1, 0
125, 1, 0
249, 1, 0
127, 1, 0
124, 1, 0
125, 1, 0
249, 1, 1
126, 1, 0
125, 1, 0
250, 1, 0
125, 1, 0
125, 1, 0
125, 1, 0
132, 1, 0
254, 1, 1
114, 1, 0
126, 1, 0
124, 1, 0
125, 1, 0
125, 1, 0
125, 1, 0
249, 1, 0
126, 1, 0
126, 1, 0
124, 1, 0
126, 1, 1
124, 1, 0
249, 2, 0
250, 1, 0
127, 1, 0
124, 1, 0
125, 1, 0
125, 1, 0
125, 1, 1
125, 1, 0
125, 1, 0
125, 1, 0
126, 1, 0
124, 1, 0
125, 1, 0
125, 1, 0
125, 1, 0
125, 1, 0
125, 1, 0
125, 1, 0
126, 1, 1
124, 1, 0
125, 1, 0
125, 1, 0
129, 1, 0
121, 2, 0
249, 1, 0
127, 2, 0
248, 2, 0
126, 1, 0
125, 1, 0
125, 1, 1
125, 1, 0
125, 1, 0
126, 1, 0
124, 1, 0
125, 2, 0
125, 1, 0
125, 1, 0
125, 1, 0
125, 1, 0
125, 1, 1
126, 2, 0
124, 1, 0
125, 1, 0
125, 1, 0
125, 1, 0
125, 1, 0
126, 2, 0
124, 1, 0
125, 1, 0
124, 1, 0
125, 1, 0
125, 2, 0
250, 2, 1
127, 1, 0
125, 1, 0
125, 1, 0
124, 2, 0
124, 1, 0
125, 1, 0
125, 1, 0
125, 2, 0
125, 1, 0
125, 1, 0
125, 1, 0
125, 2, 0
125, 1, 0
125, 2, 1
128, 1, 0
124, 1, 0
124, 1, 0
124, 2, 0
126, 1, 0
124, 2, 0
126, 1, 0
124, 1, 0
125, 1, 0
125, 1, 0
126, 2, 0
124, 1, 0
126, 2, 0
124, 1, 1
125, 1, 0
125, 1, 0
125, 2, 0
126, 1, 0
126, 2, 0
124, 1, 0
126, 2, 0
124, 1, 0
125, 1, 0
125, 1, 0
125, 2, 0
125, 1, 0
125, 2, 1
125, 1, 0
126, 2, 0
124, 1, 0
125, 1, 0
125, 2, 0
129, 1, 0
122, 1, 0
124, 2, 0
125, 1, 0
126, 1, 0
124, 2, 0
125, 1, 0
125, 2, 0
126, 1, 0
126, 2, 1
123, 1, 0
125, 2, 0
126, 1, 0
128, 2, 0
126, 1, 0
119, 2, 0
125, 1, 0
125, 2, 0
126, 1, 0
125, 2, 0
125, 1, 0
125, 2, 1
125, 1, 0
126, 2, 0
123, 1, 0
125, 2, 0
126, 1, 0
125, 2, 0
126, 1, 0
123, 1, 0
125, 2, 0
126, 2, 0
125, 1, 0
125, 2, 1
125, 1, 0
124, 2, 0
126, 1, 0
124, 2, 0
125, 1, 0
125, 2, 0
125, 2, 0
125, 1, 0
125, 2, 0
125, 1, 0
125, 2, 0
125, 1, 0
126, 2, 1
124, 1, 0
125, 2, 0
125, 1, 0
125, 2, 0
126, 2, 0
127, 2, 0
122, 1, 0
128, 2, 0
123, 1, 0
125, 1, 0
124, 2, 0
125, 2, 1
126, 2, 0
125, 1, 0
125, 2, 0
125, 1, 0
125, 2, 0
125, 1, 0
125, 2, 0
124, 2, 0
126, 2, 0
125, 1, 0
124, 2, 0
126, 1, 1
124, 2, 0
126, 1, 0
124, 2, 0
126, 2, 0
124, 2, 0
126, 1, 0
124, 2, 0
125, 2, 0
125, 1, 0
129, 2, 1
122, 2, 0
124, 1, 0
126, 2, 0
125, 2, 0
124, 1, 0
125, 2, 0
125, 1, 0
124, 2, 0
127, 2, 0
124, 2, 0
125, 1, 0
126, 2, 0
124, 1, 0
125, 2, 1
125, 2, 0
126, 2, 0
126, 1, 0
124, 2, 0
124, 2, 0
126, 2, 0
124, 1, 0
126, 2, 0
124, 1, 0
125, 3, 1
125, 1, 0
125, 2, 0
128, 1, 0
125, 2, 0
123, 2, 0
125, 2, 0
124, 1, 0
125, 1, 0
128, 3, 0
123, 1, 0
125, 2, 0
124, 1, 0
129, 3, 1
125, 1, 0
124, 2, 0
122, 1, 0
125, 3, 0
129, 1, 0
127, 2, 0
121, 1, 0
123, 2, 0
126, 2, 0
127, 2, 0
126, 1, 0
125, 2, 1
123, 2, 0
126, 2, 0
129, 1, 0
124, 2, 0
126, 2, 0
122, 2, 0
124, 1, 0
126, 2, 0
125, 2, 0
124, 2, 0
125, 1, 0
124, 2, 0
126, 2, 1
125, 1, 0
124, 2, 0
125, 2, 0
125, 2, 0
130, 1, 0
120, 2, 0
126, 2, 0
126, 2, 0
126, 1, 0
124, 2, 0
125, 2, 0
124, 2, 0
127, 1, 0
125, 2, 0
122, 2, 0
125, 2, 0
126, 1, 0
132, 2, 1
119, 2, 0
123, 2, 0
125, 1, 0
126, 2, 0
124, 2, 0
125, 2, 0
126, 1, 0
126, 2, 0
126, 2, 0
127, 1, 0
126, 2, 0
122, 2, 0
124, 2, 0
124, 1, 0
125, 2, 0
124, 1, 0
125, 3, 0
125, 1, 0
125, 2, 1
126, 1, 0
124, 2, 0
125, 2, 0
125, 2, 0
126, 1, 0
124, 2, 0
125, 2, 0
126, 2, 0
125, 1, 0
124, 2, 0
125, 1, 0
126, 2, 0
125, 2, 0
123, 2, 0
126, 1, 0
130, 2, 0
125, 2, 0
122, 1, 0
128, 2, 0
125, 1, 0
118, 2, 0
129, 2, 0
126, 2, 0
124, 1, 0
126, 2, 0
126, 1, 0
124, 2, 0
123, 2, 0
123, 2, 0
126, 1, 0
125, 2, 0
126, 1, 0
126, 2, 0
125, 1, 0
126, 2, 0
122, 2, 0
125, 2, 0
125, 1, 0
125, 2, 0
124, 1, 0
127, 2, 0
124, 1, 0
127, 2, 0
124, 1, 0
126, 2, 0
124, 2, 0
124, 1, 0
125, 2, 0
126, 1, 0
124, 2, 0
125, 1, 0
126, 2, 0
125, 1, 0
125, 2, 0
127, 1, 0
123, 2, 0
125, 1, 0
125, 2, 0
127, 1, 0
122, 2, 0
131, 1, 0
119, 2, 0
125, 1, 0
125, 2, 0
126, 1, 0
124, 2, 0
125, 1, 0
124, 2, 0
125, 1, 0
125, 2, 0
126, 1, 0
124, 2, 0
127, 1, 0
123, 1, 0
125, 2, 0
125, 1, 0
126, 1, 0
124, 2, 0
125, 1, 0
125, 1, 0
126, 2, 0
124, 1, 0
126, 2, 0
124, 1, 0
125, 1, 0
125, 2, 0
126, 1, 0
125, 1, 0
126, 2, 0
123, 1, -1
125, 1, 0
125, 1, 0
126, 2, 0
125, 1, 0
124, 2, 0
125, 1, 0
126, 1, 0
125, 1, 0
124, 1, 0
126, 2, 0
134, 1, 0
122, 1, 0
122, 1, 0
124, 1, -1
126, 1, 0
122, 2, 0
125, 1, 0
125, 1, 0
124, 1, 0
126, 1, 0
125, 2, 0
125, 1, 0
127, 1, 0
123, 1, 0
126, 1, 0
124, 1, 0
125, 1, -1
125, 2, 0
254, 2, 0
122, 1, 0
123, 1, 0
125, 1, 0
126, 1, 0
124, 1, 0
250, 2, -1
251, 2, 0
124, 1, 0
125, 1, 0
250, 2, 0
251, 2, 0
250, 1, -1
125, 1, 0
125, 1, 0
124, 1, 0
130, 1, 0
121, 1, 0
124, 1, 0
251, 1, 0
124, 1, -1
125, 1, 0
126, 1, 0
125, 1, 0
250, 1, 0
126, 1, 0
249, 1, 0
125, 1, -1
125, 1, 0
249, 1, 0
126, 1, 0
125, 1, 0
249, 1, 0
126, 1, 0
125, 1, -1
249, 1, 0
251, 1, 0
249, 1, 0
126, 1, 0
249, 1, 0
126, 0, -1
125, 1, 0
125, 1, 0
252, 1, 0
247, 1, 0
375, 1, 0
252, 1, -1
248, 1, 0
250, 1, 0
376, 1, 0
376, 1, -1
248, 1, 0
501, 1, 0
374, 1, 0
626, 1, 0
125, 0, -1
500, 1, 0
1000, 1, 0
876, 0, -1
5270, -1, 0
990, 0, -1
489, -1, 0
1041, -1, 0
958, -1, -1
899, -1, 0
726, -1, 0
126, 0, -1
499, -1, 0
628, -1, 0
373, 0, -1
124, -1, 0
500, -1, 0
500, -1, -1
502, -1, 0
373, -1, 0
125, 0, -1
250, -1, 0
375, -1, 0
375, -1, 0
125, 0, -1
250, -1, 0
376, -1, 0
249, 0, -1
125, -1, 0
250, -1, 0
429, -1, -1
197, -1, 0
380, -1, 0
121, 0, -1
129, -1, 0
248, -1, 0
378, -1, -1
248, -1, 0
245, -1, 0
251, -1, 0
126, 0, -1
124, -1, 0
248, -1, 0
250, -1, 0
250, -1, -1
251, -1, 0
249, -1, -1
126, -1, 0
250, -1, 0
250, -1, 0
125, 0, -1
126, -1, 0
124, -1, 0
253, -1, 0
248, -1, -1
125, -1, 0
252, -1, 0
250, -1, 0
123, -1, -1
248, -1, 0
126, -1, 0
254, -1, -1
126, -1, 0
244, -1, 0
126, -1, 0
125, 0, -1
125, -1, 0
128, -1, 0
126, -1, 0
249, -1, 0
124, -1, -1
124, -1, 0
250, -1, 0
125, -1, 0
126, -1, 0
124, 0, -1
126, -1, 0
125, -1, 0
124, -1, 0
250, -1, -1
125, -1, 0
126, -1, 0
125, -1, 0
249, -1, -1
125, -1, 0
125, -1, 0
125, -1, 0
125, -1, 0
250, -1, -1
125, -1, 0
125, -1, 0
125, -1, 0
125, -1, 0
125, -1, -1
125, -1, 0
249, -1, 0
126, -1, 0
124, -1, 0
128, -1, -1
122, -1, 0
125, -1, 0
250, -1, 0
125, -1, 0
125, -1, 0
125, -1, -1
125, -1, 0
125, -1, 0
125, -1, 0
125, -1, 0
126, -1, -1
124, -1, 0
126, -1, 0
124, -1, 0
125, -1, 0
125, -1, 0
125, -1, -1
125, -1, 0
126, -1, 0
124, -1, 0
125, -1, 0
125, -1, 0
125, -1, 0
126, -1, -1
125, -1, 0
125, -1, 0
126, -1, 0
123, -1, 0
126, -1, 0
124, -1, -1
125, -1, 0
125, -1, 0
125, -1, 0
125, -1, 0
126, -1, 0
124, -1, -1
125, -1, 0
125, -1, 0
131, -1, 0
117, -1, 0
127, -1, 0
125, -1, 0
125, -1, -1
125, -1, 0
125, -1, 0
125, -2, 0
249, -2, 0
126, -1, 0
125, -1, -1
125, -1, 0
125, -1, 0
125, -1, 0
125, -1, 0
125, -1, 0
125, -1, -1
125, -1, 0
125, -1, 0
125, -2, 0
125, -1, 0
125, -1, 0
124, -1, 0
125, -1, 0
126, -1, -1
125, -1, 0
125, -1, 0
125, -2, 0
249, -2, 0
126, -1, 0
125, -1, 0
125, -1, -1
125, -1, 0
125, -1, 0
126, -2, 0
124, -1, 0
125, -1, 0
125, -1, 0
127, -1, 0
123, -1, -1
124, -1, 0
126, -1, 0
125, -1, 0
125, -2, 0
125, -1, 0
125, -1, 0
125, -1, 0
125, -1, 0
125, -1, -1
124, -2, 0
126, -1, 0
124, -1, 0
126, -1, 0
125, -1, 0
125, -1, 0
125, -2, 0
125, -1, 0
125, -1, 0
130, -1, 0
120, -2, -1
249, -2, 0
125, -1, 0
125, -1, 0
125, -1, 0
125, -2, 0
250, -2, 0
126, -1, 0
126, -1, 0
123, -1, -1
125, -1, 0
125, -2, 0
125, -1, 0
126, -1, 0
125, -1, 0
124, -1, 0
125, -1, 0
125, -2, 0
125, -1, 0
125, -1, 0
125, -1, 0
125, -1, 0
125, -2, 0
125, -1, -1
125, -1, 0
126, -1, 0
125, -1, 0
124, -2, 0
126, -1, 0
127, -1, 0
125, -1, 0
124, -2, 0
125, -1, 0
125, -1, 0
125, -1, 0
125, -1, 0
124, -1, 0
126, -1, 0
124, -2, 0
126, -1, 0
125, -1, 0
125, -1, -1
125, -2, 0
249, -2, 0
126, -1, 0
125, -1, 0
125, -1, 0
125, -2, 0
125, -1, 0
125, -1, 0
125, -1, 0
125, -2, 0
249, -2, 0
126, -1, 0
125, -1, 0
128, -1, 0
134, -2, 0
113, -1, 0
125, -1, 0
126, -1, 0
123, -2, 0
250, -1, 0
126, -2, 0
126, -1, -1
124, -1, 0
125, -1, 0
125, -2, 0
255, -2, 0
120, -1, 0
125, -1, 0
124, -1, 0
125, -2, 0
125, -1, 0
125, -1, 0
125, -1, 0
125, -1, 0
125, -1, 0
125, -2, 0
125, -1, 0
125, -1, 0
125, -1, 0
126, -2, 0
248, -2, 0
126, -1, 0
125, -1, 0
125, -1, 0
125, -2, 0
125, -1, 0
125, -1, 0
125, -1, 0
125, -1, 0
125, -1, 0
125, -1, 0
125, -2, 0
249, -2, 0
126, -1, 0
125, -1, 0
125, -1, 0
125, -2, 0
249, -2, 0
126, -1, 0
125, -1, 0
125, -1, 0
125, -1, 0
125, -1, 0
125, -2, 0
125, -1, 0
125, -1, 0
125, -1, 0
125, -1, 0
125, -1, 0
125, -2, 0
125, -1, 0
125, -1, 0
125, -1, 0
125, -1, 0
125, -1, 0
125, -1, 0
125, -1, 0
125, -2, 0
125, -1, 0
133, -1, 0
118, -1, 0
125, -1, 0
124, -1, 0
124, -1, 0
126, -1, 0
124, -1, 0
127, -2, 0
124, -1, 0
129, -1, 0
122, -1, 0
123, -1, 0
125, -1, 0
126, -1, 0
125, -1, 0
125, -1, 0
124, -1, 0
125, -2, 0
125, -1, 0
132, -1, 0
123, -1, 0
123, -1, 0
123, -1, 0
130, -1, 0
126, -1, 0
121, -1, 0
126, -1, 0
123, -1, 0
126, -1, 0
125, -1, 0
124, -1, 0
125, -1, 0
126, -1, 0
126, -1, 0
124, -2, 0
124, -1, 0
125, -1, 0
125, -1, 0
125, -1, 0
124, -1, 0
126, -1, 0
124, -1, 0
125, -1, 0
125, -1, 0
125, -1, 0
126, -1, 0
124, -1, 0
125, -1, 0
125, -1, 0
125, -1, 0
125, -1, 0
125, -1, 0
125, -1, 0
126, -1, 0
125, -1, 0
125, -1, 0
128, -1, 0
126, -1, 0
121, -1, 0
125, -1, 0
127, -1, 1
125, -1, 0
122, -1, 0
126, -1, 0
125, -1, 0
124, -1, 0
125, -1, 0
126, -1, 0
124, -1, 0
126, -1, 0
249, -2, 0
250, -1, 0
125, -1, 0
125, -1, 0
132, -1, 0
124, -1, 0
119, -1, 0
125, -1, 0
126, -1, 0
124, -1, 0
126, -1, 0
125, -1, 0
250, -1, 1
124, -1, 0
128, -1, 0
123, -1, 0
127, -1, 0
123, -1, 0
249, -1, 0
127, -1, 0
124, -1, 0
123, -1, 0
135, -1, 0
127, -1, 0
120, -1, 0
251, -1, 0
119, -1, 0
124, -1, 0
126, -1, 0
124, -1, 0
250, -1, 0
126, -1, 0
126, -1, 0
124, -1, 0
124, 0, 1
125, -1, 0
125, -1, 0
125, -1, 0
125, -1, 0
250, -1, 0
126, -1, 0
124, -1, 0
125, -1, 0
250, -1, 0
126, -1, 0
124, -1, 0
252, -1, 0
126, -1, 0
123, -1, 0
126, -1, 0
250, -1, 0
125, -1, 0
125, 0, 1
126, -1, 0
124, -1, 0
124, -1, 0
251, -1, 0
125, -1, 0
249, -1, 0
126, -1, 0
253, -1, 0
121, -1, 0
249, -1, 0
126, -1, 0
249, -1, 0
126, -1, 0
249, -1, 0
250, -1, 0
126, -1, 0
249, -1, 1
126, -1, 0
249, -1, 0
254, -1, 0
247, -1, 0
250, -1, 0
126, -1, 0
253, -1, 0
247, -1, 0
250, -1, 0
249, -1, 0
250, -1, 0
250, -1, 0
251, -1, 1
249, -1, 0
250, -1, 0
250, -1, 0
374, -1, 0
250, -1, 0
251, -1, 0
376, -1, 0
251, -1, 0
378, -1, 0
374, -1, 0
374, -1, 0
374, -1, 0
373, -1, 1
500, -1, 0
504, -1, 0
497, -1, 0
624, -1, 0
751, -1, 0
749, -1, 0
1253, -1, 0
9266, 1, 0
1113, 1, 0
876, 1, 1
867, 1, 0
501, 1, 0
625, 1, 0
626, 1, 0
375, 1, 0
374, 1, 0
500, 1, 1
375, 1, 0
378, 1, 0
375, 1, 0
373, 1, 0
271, 1, 0
353, 1, 0
249, 1, 0
251, 1, 1
375, 1, 0
250, 1, 0
248, 1, 0
252, 1, 0
250, 1, 0
249, 1, 0
251, 1, 0
250, 1, 0
249, 1, 0
250, 1, 0
250, 1, 1
252, 1, 0
124, 1, 0
249, 1, 0
250, 1, 0
126, 1, 0
249, 1, 0
252, 1, 0
125, 1, 0
249, 1, 0
251, 1, 0
126, 1, 0
126, 1, 0
249, 1, 1
124, 1, 0
250, 1, 0
125, 1, 0
251, 1, 0
124, 1, 0
125, 1, 0
249, 1, 0
126, 1, 0
125, 1, 0
250, 1, 0
125, 1, 0
125, 1, 0
125, 1, 0
125, 1, 0
250, 1, 0
126, 1, 0
125, 1, 0
252, 1, 0
125, 1, 0
123, 1, 0
125, 1, 1
125, 1, 0
125, 1, 0
252, 1, 0
124, 1, 0
124, 1, 0
125, 1, 0
125, 1, 0
126, 1, 0
127, 1, 0
119, 1, 0
134, 1, 0
242, 2, 0
250, 2, 0
253, 1, 0
124, 1, 0
123, 1, 0
126, 1, 0
126, 1, 0
130, 1, 0
120, 1, 0
124, 1, 0
125, 1, 0
125, 1, 0
126, 1, 0
123, 1, 0
126, 1, 0
126, 2, 0
249, 2, 0
125, 1, 0
126, 1, 0
124, 1, 0
127, 1, 0
125, 1, 0
124, 1, 0
125, 1, 0
123, 1, 0
127, 1, 0
125, 1, 0
124, 2, 0
126, 1, 0
125, 1, 0
124, 1, 0
125, 1, 0
124, 1, 0
127, 2, 0
126, 1, 0
123, 1, 0
128, 1, 0
124, 1, 0
123, 1, 0
128, 2, 0
124, 1, 0
125, 1, 0
125, 1, 0
126, 2, 0
124, 1, 0
123, 1, 0
126, 1, 0
124, 2, 0
125, 1, 0
125, 1, 0
125, 1, 0
124, 1, 0
125, 2, 0
125, 1, 0
125, 1, 0
125, 1, 0
125, 2, 0
125, 1, 0
126, 2, 0
124, 1, 0
126, 1, 0
127, 1, 0
120, 2, 0
124, 1, 0
127, 2, 0
124, 1, 0
127, 1, 0
122, 1, 0
126, 2, 0
125, 1, 0
125, 2, 0
126, 1, 0
125, 2, 0
126, 1, 0
124, 2, 0
124, 1, 0
125, 1, 0
124, 1, 0
128, 2, 0
123, 1, 0
125, 2, 0
126, 1, 0
129, 1, 0
123, 2, 0
126, 1, 0
122, 2, 0
129, 1, 0
127, 2, 0
127, 1, 0
131, 2, 0
115, 1, 0
124, 2, 0
125, 1, 0
125, 2, 0
125, 1, 0
125, 2, 0
128, 2, 0
123, 1, 0
125, 2, 0
124, 1, 0
125, 2, 0
124, 2, 0
126, 1, 0
125, 1, 0
125, 2, 0
125, 1, 0
126, 2, 0
124, 1, 0
125, 2, 0
125, 2, 0
126, 2, 0
125, 1, 0
125, 2, 0
125, 1, 0
125, 2, 0
124, 1, 0
125, 2, 0
125, 2, 0
125, 2, 0
125, 1, 0
125, 2, 0
125, 1, 0
125, 2, 0
125, 2, 0
126, 1, -1
125, 2, 0
129, 2, 0
119, 1, 0
126, 2, 0
125, 2, 0
125, 1, 0
123, 2, 0
126, 1, 0
125, 2, 0
124, 2, 0
125, 2, 0
125, 1, 0
126, 2, 0
125, 2, 0
124, 2, 0
127, 1, 0
124, 2, 0
124, 2, 0
125, 2, 0
126, 1, 0
124, 2, 0
126, 2, -1
124, 2, 0
126, 1, 0
125, 2, 0
126, 2, 0
125, 2, 0
124, 2, 0
124, 2, 0
126, 1, 0
125, 1, 0
124, 3, 0
126, 1, 0
127, 2, 0
124, 2, 0
124, 2, 0
126, 1, 0
125, 3, 0
124, 1, 0
125, 2, 0
125, 2, -1
129, 2, 0
122, 2, 0
124, 2, 0
127, 1, 0
126, 3, 0
122, 1, 0
127, 2, 0
124, 2, 0
124, 2, 0
125, 2, 0
125, 2, 0
125, 2, 0
126, 2, 0
126, 1, 0
127, 3, 0
123, 1, 0
123, 3, -1
125, 1, 0
125, 2, 0
124, 2, 0
126, 2, 0
125, 2, 0
125, 1, 0
125, 3, 0
128, 1, 0
123, 3, 0
126, 1, 0
134, 3, 0
119, 1, 0
122, 2, 0
123, 2, 0
125, 2, -1
125, 2, 0
125, 2, 0
125, 2, 0
125, 2, 0
125, 2, 0
125, 2, 0
125, 2, 0
125, 2, 0
129, 2, 0
121, 2, 0
125, 2, 0
125, 2, 0
126, 2, 0
123, 1, 0
126, 3, 0
126, 1, 0
123, 3, -1
126, 1, 0
125, 3, 0
124, 1, 0
127, 3, 0
124, 1, 0
126, 3, 0
124, 2, 0
125, 2, 0
124, 2, 0
125, 2, 0
126, 2, 0
124, 2, 0
123, 2, 0
128, 2, 0
137, 2, -1
113, 2, 0
125, 2, 0
124, 3, 0
125, 1, 0
126, 3, 0
125, 1, 0
125, 2, 0
125, 3, 0
125, 1, 0
125, 3, 0
125, 1, 0
125, 3, 0
126, 2, 0
123, 2, 0
126, 2, 0
125, 2, -1
128, 2, 0
122, 2, 0
146, 2, 0
103, 3, 0
126, 1, 0
125, 3, 0
125, 1, 0
124, 3, 0
126, 2, 0
126, 2, 0
126, 2, 0
124, 2, 0
124, 2, 0
129, 2, 0
126, 2, 0
120, 2, 0
125, 2, 0
125, 2, 0
125, 3, 0
125, 1, 0
125, 3, -1
123, 1, 0
128, 3, 0
125, 2, 0
126, 2, 0
124, 2, 0
124, 2, 0
127, 2, 0
124, 3, 0
126, 1, 0
125, 3, 0
125, 2, 0
123, 2, 0
124, 2, 0
125, 2, 0
125, 2, 0
126, 3, 0
125, 1, 0
124, 3, 0
125, 2, 0
125, 2, 0
125, 2, 0
125, 2, 0
125, 2, -1
126, 2, 0
124, 3, 0
126, 1, 0
124, 3, 0
126, 2, 0
126, 2, 0
124, 2, 0
126, 2, 0
127, 2, 0
123, 2, 0
125, 2, 0
124, 3, 0
126, 1, 0
124, 3, 0
126, 2, 0
125, 2, 0
125, 2, 0
124, 3, 0
126, 1, -1
126, 3, 0
126, 1, 0
124, 3, 0
123, 2, 0
125, 2, 0
125, 2, 0
125, 3, 0
124, 1, 0
125, 2, 0
126, 3, 0
124, 1, 0
126, 3, 0
124, 2, 0
126, 2, 0
125, 2, 0
125, 2, 0
126, 2, 0
130, 2, 0
122, 2, 0
122, 3, 0
123, 1, 0
126, 3, -1
124, 2, 0
125, 2, 0
125, 2, 0
128, 2, 0
123, 2, 0
125, 3, 0
125, 1, 0
126, 3, 0
124, 2, 0
125, 2, 0
125, 2, 0
125, 2, 0
124, 2, 0
128, 1, 0
123, 3, 0
128, 2, 0
123, 2, -1
124, 2, 0
126, 2, 0
125, 2, 0
125, 3, 0
125, 1, 0
125, 3, 0
126, 1, 0
124, 3, 0
124, 1, 0
126, 3, 0
125, 1, 0
124, 3, 0
128, 2, 0
123, 2, 0
126, 1, 0
126, 3, 0
123, 2, 0
125, 2, 0
125, 2, -1
125, 2, 0
125, 2, 0
125, 2, 0
126, 2, 0
123, 1, 0
125, 3, 0
126, 1, 0
125, 2, 0
125, 2, 0
124, 2, 0
125, 2, 0
126, 2, 0
125, 2, 0
125, 2, 0
124, 2, 0
126, 2, -1
126, 2, 0
126, 2, 0
122, 2, 0
127, 2, 0
123, 1, 0
126, 3, 0
125, 1, 0
125, 2, 0
125, 2, 0
126, 2, 0
130, 2, -1
126, 2, 0
118, 2, 0
134, 2, 0
118, 1, 0
123, 2, 0
125, 2, 0
125, 1, 0
125, 3, 0
125, 1, 0
125, 2, 0
125, 2, -1
125, 2, 0
128, 1, 0
123, 3, 0
125, 1, 0
124, 2, 0
125, 1, 0
124, 3, 0
126, 1, 0
124, 2, 0
125, 2, 0
126, 2, -1
125, 1, 0
126, 2, 0
124, 2, 0
125, 2, 0
124, 1, 0
126, 2, 0
127, 2, 0
124, 2, 0
125, 1, 0
126, 2, -1
124, 1, 0
124, 2, 0
125, 2, 0
125, 1, 0
125, 2, 0
125, 1, 0
125, 2, 0
125, 1, 0
126, 2, 0
125, 2, -1
124, 2, 0
126, 1, 0
122, 2, 0
127, 1, 0
125, 2, 0
124, 1, 0
126, 2, 0
124, 1, 0
126, 2, 0
123, 1, 0
130, 2, -1
123, 1, 0
125, 2, 0
123, 1, 0
125, 2, 0
124, 1, 0
125, 2, 0
125, 1, 0
125, 1, 0
125, 1, -1
125, 2, 0
125, 1, 0
126, 1, 0
124, 2, 0
126, 1, 0
125, 2, 0
124, 1, 0
124, 1, 0
126, 1, 0
125, 2, -1
125, 1, 0
124, 2, 0
125, 1, 0
124, 1, 0
126, 1, 0
125, 2, 0
254, 2, 0
125, 1, 0
135, 1, -1
112, 1, 0
125, 2, 0
126, 1, 0
124, 1, 0
125, 1, 0
125, 1, 0
126, 1, 0
124, 2, 0
125, 1, 0
253, 2, 0
122, 1, -1
125, 1, 0
125, 1, 0
125, 1, 0
125, 1, 0
125, 1, 0
125, 1, 0
125, 1, 0
125, 1, 0
125, 1, 0
250, 2, 0
125, 0, -1
125, 1, 0
125, 1, 0
125, 1, 0
125, 1, 0
125, 1, 0
125, 1, 0
126, 1, 0
248, 1, 0
126, 1, 0
125, 1, 0
125, 1, 0
125, 0, -1
127, 1, 0
124, 1, 0
124, 1, 0
249, 1, 0
126, 1, 0
249, 1, 0
126, 1, 0
250, 1, 0
251, 1, 0
132, 1, 0
123, 0, -1
120, 1, 0
249, 1, 0
125, 1, 0
407, 1, 0
93, 1, 0
406, 1, 0
345, 1, 0
249, 1, 0
249, 0, -1
127, 1, 0
404, 1, 0
595, 1, 0
782, 1, 0
1384, 1, 0
2843, -1, 0
745, 0, -1
373, -1, 0
874, -1, 0
630, -1, 0
620, -1, 0
249, 0, -1
250, -1, 0
378, -1, 0
500, -1, 0
248, -1, 0
248, 0, -1
126, -1, 0
397, -1, 0
227, -1, 0
250, -1, 0
250, -1, -1
376, -1, 0
250, -1, 0
249, -1, 0
126, -1, 0
255, -1, -1
373, -1, 0
128, -1, 0
242, -1, 0
127, -1, 0
250, -1, -1
125, -1, 0
250, -1, 0
126, -1, 0
248, -1, 0
127, -1, -1
125, -1, 0
251, -1, 0
123, -1, 0
126, -1, 0
249, -1, 0
126, -1, 0
127, -1, 0
123, -1, -1
125, -1, 0
125, -1, 0
249, -1, 0
125, -1, 0
125, -1, 0
125, -1, 0
125, -1, -1
126, -1, 0
124, -1, 0
125, -1, 0
125, -1, 0
125, -1, 0
125, -1, 0
141, -1, 0
109, -1, 0
126, -1, -1
125, -1, 0
125, -1, 0
126, -1, 0
125, -1, 0
123, -1, 0
126, -1, 0
124, -1, 0
129, -1, 0
125, -2, 0
124, -1, -1
124, -1, 0
123, -1, 0
132, -1, 0
117, -1, 0
125, -1, 0
127, -2, 0
123, -1, 0
125, -1, 0
125, -1, 0
125, -2, 0
126, -1, 0
124, -1, 0
126, -1, 0
125, -2, -1
124, -1, 0
125, -2, 0
125, -1, 0
130, -1, 0
121, -1, 0
126, -2, 0
124, -1, 0
125, -2, 0
124, -1, 0
125, -2, 0
125, -1, 0
125, -2, 0
125, -1, 0
125, -1, 0
126, -2, 0
132, -1, 0
119, -2, 0
124, -1, 0
124, -2, 0
126, -1, 0
126, -2, 0
124, -1, 0
126, -2, 0
125, -1, 0
124, -2, 0
125, -1, 0
125, -2, 0
126, -2, 0
125, -1, 0
125, -2, 0
125, -2, 0
126, -1, 0
124, -2, 0
125, -1, 0
124, -2, 0
127, -2, 0
124, -2, 0
127, -1, 0
123, -3, 0
125, -1, 0
125, -2, 0
125, -1, 0
125, -3, 0
125, -1, 0
125, -1, 0
125, -3, 0
125, -1, 0
126, -2, 0
124, -2, 0
124, -2, 0
126, -1, 0
126, -3, 0
124, -1, 0
124, -2, 0
127, -2, 0
125, -3, 1
124, -1, 0
125, -2, 0
125, -2, 0
124, -2, 0
125, -2, 0
126, -2, 0
125, -2, 0
126, -2, 1
124, -2, 0
124, -2, 0
125, -2, 0
125, -2, 0
125, -2, 0
125, -3, 0
131, -1, 0
125, -2, 1
118, -2, 0
126, -2, 0
125, -3, 0
125, -1, 0
125, -3, 0
125, -2, 0
125, -2, 0
126, -2, 1
126, -3, 0
124, -1, 0
123, -3, 0
130, -2, 0
122, -2, 1
124, -2, 0
126, -3, 0
125, -1, 0
124, -3, 0
125, -2, 0
126, -3, 0
125, -1, 1
124, -3, 0
125, -2, 0
125, -3, 0
126, -2, 0
124, -3, 1
123, -2, 0
129, -1, 0
126, -3, 0
122, -2, 0
128, -3, 0
122, -2, 1
126, -3, 0
124, -2, 0
125, -2, 0
125, -2, 0
126, -3, 1
125, -2, 0
125, -3, 0
125, -2, 0
125, -3, 0
125, -2, 1
124, -3, 0
125, -2, 0
127, -3, 0
124, -2, 1
124, -3, 0
125, -2, 0
126, -3, 0
124, -2, 0
126, -3, 1
131, -2, 0
118, -3, 0
125, -2, 0
125, -2, 1
124, -3, 0
126, -2, 0
124, -3, 0
125, -2, 0
127, -3, 1
124, -2, 0
124, -4, 0
126, -2, 1
124, -3, 0
126, -2, 0
124, -3, 0
126, -2, 1
124, -3, 0
125, -2, 0
125, -3, 1
129, -2, 0
123, -4, 0
126, -2, 0
124, -3, 1
124, -2, 0
125, -3, 0
125, -3, 0
125, -3, 1
124, -2, 0
129, -3, 0
124, -2, 1
123, -3, 0
153, -3, 0
98, -2, 0
125, -3, 1
125, -2, 0
126, -4, 0
124, -2, 1
125, -3, 0
124, -2, 0
125, -4, 1
125, -2, 0
129, -3, 0
122, -2, 0
125, -4, 1
125, -2, 0
125, -3, 0
124, -3, 1
125, -3, 0
125, -2, 0
125, -3, 0
125, -3, 1
125, -3, 0
125, -2, 0
126, -3, 1
124, -3, 0
125, -3, 1
125, -2, 0
125, -4, 0
125, -2, 1
125, -2, 0
128, -4, 0
126, -2, 0
123, -3, 1
126, -3, 0
124, -3, 0
124, -2, 1
126, -4, 0
130, -2, 0
122, -4, 1
124, -2, 0
123, -3, 0
127, -2, 1
131, -4, 0
117, -2, 0
125, -4, 1
125, -2, 0
124, -3, 0
139, -3, 1
111, -3, 0
126, -2, 0
126, -4, 1
128, -2, 0
125, -4, 0
121, -2, 1
125, -3, 0
126, -3, 0
124, -2, 1
125, -4, 0
125, -2, 0
126, -3, 0
125, -3, 1
123, -3, 0
125, -2, 1
126, -4, 0
124, -2, 0
126, -3, 1
124, -3, 0
126, -3, 1
125, -3, 0
125, -3, 0
124, -2, 0
126, -4, 1
125, -2, 0
126, -3, 1
125, -3, 0
125, -3, 0
124, -3, 1
125, -3, 0
124, -2, 0
126, -4, 1
124, -2, 0
125, -4, 1
126, -2, 0
125, -2, 0
124, -4, 1
126, -2, 0
124, -4, 0
126, -2, 1
124, -3, 0
125, -3, 0
126, -3, 1
128, -3, 0
122, -3, 1
124, -2, 0
126, -4, 0
124, -2, 1
124, -4, 0
133, -2, 0
122, -3, 1
126, -3, 0
124, -3, 1
124, -2, 0
121, -4, 0
126, -2, 1
124, -4, 0
127, -2, 0
124, -3, 1
125, -3, 0
125, -3, 0
125, -2, 1
126, -3, 0
124, -3, 1
124, -2, 0
126, -4, 0
124, -2, 1
125, -4, 0
126, -2, 0
125, -3, 1
125, -3, 0
125, -3, 1
124, -2, 0
125, -4, 1
125, -2, 0
126, -3, 0
132, -3, 0
120, -3, 1
124, -2, 0
133, -4, 1
121, -2, 0
124, -3, 0
124, -3, 1
124, -3, 0
125, -2, 0
124, -3, 1
125, -3, 0
126, -3, 1
124, -2, 0
125, -4, 1
125, -2, 0
125, -2, 0
125, -3, 1
127, -3, 0
126, -3, 0
124, -2, 1
124, -3, 0
126, -3, 0
124, -3, 1
125, -2, 0
125, -3, 0
126, -3, 1
124, -3, 0
126, -2, 0
124, -3, 1
125, -3, 0
126, -3, 1
125, -2, 0
124, -3, 0
126, -2, 0
124, -4, 1
126, -2, 0
124, -3, 1
125, -2, 0
125, -3, 0
125, -3, 1
126, -3, 0
124, -2, 0
125, -2, 1
126, -3, 0
124, -2, 0
125, -3, 1
125, -2, 0
128, -4, 1
122, -2, 0
128, -3, 0
122, -2, 0
126, -3, 1
125, -2, 0
124, -3, 1
125, -2, 0
125, -3, 0
125, -2, 1
125, -3, 0
125, -2, 0
126, -3, 1
129, -2, 0
125, -3, 0
118, -2, 0
126, -3, 1
125, -2, 0
125, -3, 1
125, -2, 0
126, -3, 0
124, -2, 0
125, -2, 1
125, -3, 0
125, -2, 0
125, -3, 1
125, -2, 0
126, -3, 0
125, -2, 1
124, -3, 0
125, -2, 0
125, -3, 1
125, -2, 0
131, -3, 0
119, -2, 0
125, -2, 1
124, -2, 0
124, -3, 1
125, -2, 0
127, -3, 0
124, -2, 0
125, -3, 1
126, -2, 0
125, -2, 0
124, -2, 0
124, -3, 1
126, -2, 0
125, -3, 0
125, -2, 1
125, -2, 0
125, -2, 0
124, -2, 0
126, -3, 1
124, -2, 0
127, -2, 0
124, -2, 1
125, -3, 0
125, -1, 0
125, -3, 0
125, -2, 1
125, -3, 0
126, -1, 0
125, -3, 0
125, -2, 1
125, -2, 0
125, -2, 0
125, -3, 1
125, -1, 0
126, -3, 0
124, -2, 0
125, -2, 1
125, -2, 0
125, -2, 0
125, -2, 0
125, -3, 1
125, -1, 0
126, -2, 0
124, -3, 0
125, -1, 1
125, -3, 0
127, -1, 0
123, -3, 0
125, -1, 1
125, -3, 0
126, -2, 0
124, -2, 0
125, -1, 1
125, -3, 0
125, -1, 0
125, -3, 0
126, -1, 1
124, -3, 0
125, -1, 0
124, -2, 1
125, -2, 0
125, -2, 0
125, -2, 0
125, -2, 0
126, -2, 1
125, -2, 0
125, -1, 0
125, -3, 0
124, -1, 0
125, -2, 1
125, -2, 0
125, -1, 0
126, -3, 0
125, -1, 0
125, -2, 1
124, -2, 0
126, -2, 0
124, -1, 0
125, -2, 1
125, -2, 0
126, -2, 0
125, -1, 0
125, -2, 0
125, -2, 1
125, -2, 0
124, -1, 0
126, -2, 0
124, -2, 0
126, -2, 1
125, -1, 0
125, -2, 0
124, -1, 0
125, -2, 0
125, -2, 0
126, -2, 1
124, -1, 0
125, -1, 0
125, -2, 0
127, -1, 0
123, -2, 0
126, -1, 0
125, -2, 1
125, -1, 0
125, -2, 0
125, -1, 0
125, -2, 0
126, -2, 1
124, -1, 0
123, -2, 0
127, -1, 0
129, -2, 0
123, -1, 0
126, -1, 0
130, -2, 1
119, -1, 0
124, -2, 0
125, -1, 0
125, -2, 0
125, -1, 0
124, -1, 0
133, -1, 0
117, -1, 0
126, -2, 1
123, -1, 0
130, -2, 0
122, -1, 0
133, -2, 0
243, -2, 0
123, -1, 0
126, -1, 0
124, -1, 0
125, -2, 0
125, -1, 1
128, -1, 0
123, -1, 0
125, -2, 0
124, -1, 0
126, -1, 0
124, -1, 0
126, -1, 0
124, -1, 0
127, -1, 0
124, -1, 0
124, -2, 0
253, -2, 0
123, -1, 0
124, -1, 0
127, -1, 0
250, -2, 1
251, -2, 0
247, -2, 0
253, -1, 0
124, -1, 0
124, -1, 0
125, -1, 0
126, -1, 0
125, -1, 0
124, -1, 0
250, -1, 0
125, -1, 0
125, -1, 0
125, -1, 0
251, -1, 0
124, -1, 0
127, -1, 0
247, -1, 0
127, -1, 0
248, -1, 0
126, -1, 0
251, -1, 0
124, -1, 0
251, -1, 0
126, -1, 0
249, -1, 0
250, -1, 0
251, -1, 0
249, -1, 0
253, -1, 0
246, -1, 0
256, -1, 0
377, -1, 0
370, -1, -1
378, -1, 0
376, -1, 0
499, -1, 0
372, 0, -1
123, -1, 0
758, -1, 0
621, 0, -1
375, -1, 0
1501, 0, -1
3388, 1, -1
870, 1, 0
617, 1, 0
500, 1, 0
245, 0, -1
379, 1, 0
378, 1, 0
373, 1, 0
122, 0, -1
253, 1, 0
376, 1, 0
250, 1, 0
375, 1, -1
249, 1, 0
253, 1, 0
374, 1, -1
246, 1, 0
248, 1, 0
125, 1, 0
250, 1, 0
250, 1, -1
248, 1, 0
253, 1, 0
124, 1, 0
125, 0, -1
125, 1, 0
124, 1, 0
248, 1, 0
129, 1, 0
125, 0, -1
126, 1, 0
122, 1, 0
249, 1, 0
125, 1, -1
126, 1, 0
250, 1, 0
127, 1, 0
122, 1, 0
125, 1, -1
250, 1, 0
126, 1, 0
124, 1, 0
125, 1, -1
126, 1, 0
124, 1, 0
124, 1, 0
250, 2, -1
250, 1, 0
125, 1, 0
126, 1, -1
124, 1, 0
125, 1, 0
127, 1, 0
129, 1, 0
123, 1, -1
124, 1, 0
125, 1, 0
126, 1, 0
124, 1, -1
126, 1, 0
124, 2, 0
125, 0, -1
125, 2, 0
122, 1, 0
125, 1, 0
126, 1, 0
131, 1, -1
123, 1, 0
119, 2, 0
133, 1, -1
118, 1, 0
125, 1, 0
125, 2, 0
128, 1, -1
124, 1, 0
123, 1, 0
126, 2, 0
129, 1, -1
122, 1, 0
124, 1, 0
126, 1, 0
124, 2, -1
124, 1, 0
126, 2, 0
124, 1, -1
125, 1, 0
125, 1, 0
137, 2, 0
113, 1, -1
126, 2, 0
124, 1, 0
125, 2, -1
125, 1, 0
125, 1, 0
125, 2, -1
125, 1, 0
125, 2, 0
126, 1, -1
124, 2, 0
125, 1, 0
125, 2, 0
127, 2, -1
125, 1, 0
125, 2, 0
125, 1, -1
124, 1, 0
124, 2, 0
126, 1, 0
124, 2, -1
125, 1, 0
125, 2, -1
125, 1, 0
125, 2, 0
126, 1, -1
124, 3, 0
128, 1, 0
125, 2, -1
124, 1, 0
125, 2, 0
124, 1, -1
125, 3, 0
125, 1, 0
124, 2, -1
126, 1, 0
125, 2, 0
123, 2, 0
127, 2, -1
125, 1, 0
127, 2, 0
124, 2, -1
124, 2, 0
125, 1, 0
125, 2, -1
129, 2, 0
123, 1, 0
124, 2, -1
125, 2, 0
124, 2, 0
124, 2, 0
125, 2, -1
125, 1, 0
125, 3, -1
125, 1, 0
126, 2, 0
124, 2, -1
126, 2, 0
125, 2, 0
124, 2, -1
125, 2, 0
125, 2, 0
125, 1, 0
125, 2, -1
125, 2, 0
126, 3, 0
124, 1, -1
125, 3, 0
125, 1, 0
125, 2, -1
125, 2, 0
125, 2, 0
131, 2, -1
123, 2, 0
122, 2, 0
125, 2, -1
125, 2, 0
125, 2, 0
125, 2, 0
125, 2, -1
125, 2, 0
125, 2, -1
125, 2, 0
125, 2, 0
125, 2, 0
125, 2, -1
125, 2, 0
125, 2, 0
125, 3, -1
125, 1, 0
125, 3, 0
125, 2, 0
125, 2, -1
125, 2, 0
125, 2, 0
125, 2, -1
125, 3, 0
126, 1, 0
124, 3, -1
127, 2, 0
123, 2, 0
125, 2, -1
125, 2, 0
125, 3, 0
125, 1, 0
127, 3, -1
123, 2, 0
124, 2, 0
125, 2, 0
125, 3, -1
126, 2, 0
125, 2, 0
129, 2, -1
119, 3, 0
129, 2, 0
126, 2, -1
124, 2, 0
122, 3, 0
125, 2, 0
126, 3, -1
124, 1, 0
126, 3, 0
124, 2, 0
125, 3, -1
125, 2, 0
128, 3, 0
123, 1, -1
124, 2, 0
125, 3, 0
126, 2, -1
124, 3, 0
125, 2, 0
125, 2, 0
125, 2, -1
125, 3, 0
125, 2, 0
125, 3, 0
126, 2, -1
124, 2, 0
125, 2, 0
125, 3, 0
125, 2, -1
125, 3, 0
125, 2, 0
125, 3, -1
126, 2, 0
124, 3, 0
125, 2, 0
125, 3, -1
125, 2, 0
125, 3, 0
125, 2, 0
126, 1, -1
125, 3, 0
124, 2, 0
124, 3, -1
125, 2, 0
126, 3, 0
125, 2, 0
125, 3, -1
125, 2, 0
126, 3, 0
123, 2, 0
129, 3, -1
126, 2, 0
123, 3, 0
125, 2, 0
124, 3, -1
123, 2, 0
126, 3, 0
126, 2, 0
126, 3, -1
124, 2, 0
126, 3, 0
124, 2, 0
125, 3, -1
125, 2, 0
125, 3, 0
124, 2, 0
125, 2, -1
124, 3, 0
125, 2, 0
125, 3, 0
127, 2, -1
124, 3, 0
129, 2, 0
122, 4, 0
125, 2, -1
126, 3, 0
123, 2, 0
125, 3, -1
125, 2, 0
126, 3, 0
126, 2, 0
122, 3, 0
125, 2, -1
126, 3, 0
124, 2, 0
127, 3, 0
129, 3, -1
123, 3, 0
125, 2, 0
127, 3, 0
130, 2, -1
117, 3, 0
129, 2, 0
121, 3, 0
126, 2, 0
123, 2, -1
127, 3, 0
123, 3, 0
125, 3, 0
126, 2, -1
126, 3, 0
126, 2, 0
124, 3, 0
125, 2, 0
126, 3, -1
124, 3, 0
125, 3, 0
124, 2, 0
124, 3, -1
125, 2, 0
125, 4, 0
126, 2, -1
125, 3, 0
124, 2, 0
125, 3, 0
126, 2, 0
126, 3, 0
125, 2, -1
124, 4, 0
126, 2, 0
125, 3, 0
124, 2, -1
124, 2, 0
126, 3, 0
124, 2, 0
126, 4, -1
125, 2, 0
126, 3, 0
126, 2, 0
124, 3, 0
126, 3, -1
124, 3, 0
129, 2, 0
125, 3, 0
120, 2, 0
125, 3, -1
125, 3, 0
124, 3, 0
128, 2, -1
124, 3, 0
124, 2, 0
125, 3, 0
125, 3, 0
125, 3, -1
125, 2, 0
127, 3, 0
127, 2, 0
121, 3, 0
126, 3, -1
127, 2, 0
123, 3, 0
126, 2, 0
126, 3, 0
124, 2, -1
125, 4, 0
125, 2, 0
124, 3, 0
125, 2, 0
126, 3, -1
125, 2, 0
125, 4, 0
123, 2, 0
125, 3, -1
124, 2, 0
126, 3, 0
124, 2, 0
126, 4, 0
125, 2, -1
125, 3, 0
124, 2, 0
126, 3, 0
124, 3, 0
135, 3, -1
116, 2, 0
125, 2, 0
124, 3, 0
127, 2, -1
123, 4, 0
125, 2, 0
125, 3, 0
126, 2, 0
125, 3, -1
129, 2, 0
121, 4, 0
125, 2, 0
124, 3, 0
125, 2, -1
125, 3, 0
126, 2, 0
125, 3, 0
124, 3, 0
125, 3, 0
127, 2, -1
124, 3, 0
124, 2, 0
126, 3, 0
125, 2, 0
124, 3, -1
125, 3, 0
127, 2, 0
125, 3, 0
125, 2, 0
128, 3, -1
121, 2, 0
125, 3, 0
125, 2, 0
127, 3, 0
124, 3, -1
126, 3, 0
124, 2, 0
125, 3, 0
125, 2, 0
124, 3, -1
124, 2, 0
125, 3, 0
125, 2, 0
126, 4, 0
125, 2, -1
126, 3, 0
122, 2, 0
129, 3, 0
124, 2, 0
126, 3, -1
124, 2, 0
126, 3, 0
124, 2, 0
125, 2, 0
126, 3, -1
123, 2, 0
125, 3, 0
124, 2, 0
125, 3, 0
127, 2, 0
124, 3, -1
127, 2, 0
124, 3, 0
125, 2, 0
126, 3, 0
124, 2, -1
126, 3, 0
125, 2, 0
123, 3, 0
124, 2, 0
126, 3, 0
126, 2, 0
125, 3, -1
124, 2, 0
127, 3, 0
123, 2, 0
124, 3, -1
126, 2, 0
125, 3, 0
139, 2, 0
111, 2, 0
125, 3, -1
125, 2, 0
125, 3, 0
124, 2, 0
126, 3, 0
124, 2, 0
126, 2, -1
126, 2, 0
125, 3, 0
125, 2, 0
124, 3, 0
131, 2, -1
124, 3, 0
121, 2, 0
126, 3, 0
124, 2, 0
125, 2, 0
126, 2, -1
126, 3, 0
122, 2, 0
125, 3, 0
126, 2, 0
127, 3, 0
123, 2, -1
126, 2, 0
125, 2, 0
125, 2, 0
125, 3, 0
123, 2, -1
126, 2, 0
122, 2, 0
125, 3, 0
125, 2, 0
126, 2, 0
127, 2, 0
124, 3, -1
124, 2, 0
124, 3, 0
126, 1, 0
124, 3, 0
128, 2, -1
124, 2, 0
127, 2, 0
123, 3, 0
125, 2, 0
125, 2, 0
125, 2, 0
126, 3, -1
131, 1, 0
121, 3, 0
127, 2, 0
122, 1, 0
127, 3, -1
123, 2, 0
124, 2, 0
125, 2, 0
125, 3, 0
126, 1, 0
124, 3, 0
123, 2, -1
125, 2, 0
125, 2, 0
125, 2, 0
125, 2, 0
125, 2, -1
125, 2, 0
126, 2, 0
124, 2, 0
125, 3, 0
125, 1, 0
126, 2, 0
124, 2, -1
126, 2, 0
123, 2, 0
127, 3, 0
124, 1, 0
125, 2, 0
125, 2, -1
131, 2, 0
120, 2, 0
126, 1, 0
126, 3, 0
124, 1, 0
124, 3, -1
125, 1, 0
125, 2, 0
125, 2, 0
125, 2, 0
127, 1, -1
125, 3, 0
126, 1, 0
123, 2, 0
126, 2, 0
125, 2, 0
135, 1, 0
114, 3, -1
124, 1, 0
125, 2, 0
126, 2, 0
124, 2, 0
125, 1, 0
127, 2, -1
124, 2, 0
124, 2, 0
125, 1, 0
136, 1, 0
115, 2, 0
124, 2, 0
125, 2, -1
125, 1, 0
125, 2, 0
126, 2, 0
125, 1, 0
124, 2, 0
126, 2, -1
124, 1, 0
125, 2, 0
125, 1, 0
125, 2, 0
125, 1, 0
125, 2, 0
125, 2, 0
126, 1, -1
124, 2, 0
125, 1, 0
125, 2, 0
124, 1, 0
126, 2, 0
125, 1, 0
125, 2, -1
125, 1, 0
125, 1, 0
126, 2, 0
124, 1, 0
125, 1, 0
124, 2, 0
126, 1, -1
125, 2, 0
126, 1, 0
124, 2, 0
125, 1, 0
125, 1, 0
124, 2, 0
126, 1, 0
125, 1, -1
131, 2, 0
124, 1, 0
120, 1, 0
125, 1, 0
125, 2, 0
125, 1, 0
125, 1, 0
125, 1, 0
125, 2, -1
125, 1, 0
124, 1, 0
126, 1, 0
125, 1, 0
128, 1, 0
122, 1, 0
144, 1, 0
106, 1, 0
126, 2, 0
124, 1, -1
127, 1, 0
126, 1, 0
122, 1, 0
123, 1, 0
125, 1, 0
125, 1, 0
126, 1, 0
124, 1, 0
125, 1, 0
125, 1, 0
125, 1, 0
125, 1, -1
125, 1, 0
125, 1, 0
126, 1, 0
248, 2, 0
251, 1, 0
125, 1, 0
125, 1, 0
127, 1, 0
247, 1, 0
125, 1, 0
125, 1, -1
125, 1, 0
125, 1, 0
249, 1, 0
127, 1, 0
248, 1, 0
126, 1, 0
249, 1, 0
127, 1, 0
249, 1, 0
125, 1, 0
125, 0, -1
125, 1, 0
249, 1, 0
250, 1, 0
251, 1, 0
250, 1, 0
254, 1, 0
247, 1, 0
250, 1, 0
401, 1, 0
224, 1, 0
525, 1, 0
350, 1, 0
250, 0, -1
401, 1, 0
762, 1, 0
1117, 1, 0
3481, -1, 0
1622, -1, 0
1123, -1, 0
912, -1, 0
709, -1, -1
626, -1, 0
528, -1, 0
621, -1, 0
348, -1, 0
402, -1, 0
378, -1, 0
351, -1, -1
369, -1, 0
375, -1, 0
249, -1, 0
375, -1, 0
250, -1, 0
250, -1, -1
257, -1, 0
373, -1, 0
122, -1, 0
249, -1, 0
379, -1, 0
125, -1, 0
247, -1, 0
250, -1, -1
250, -1, 0
125, -1, 0
249, -1, 0
251, -1, 0
125, -1, 0
124, -1, 0
250, -1, 0
125, -1, 0
252, -1, -1
128, -1, 0
248, -1, 0
124, -1, 0
249, -1, 0
127, -1, 0
122, -1, 0
251, -1, 0
125, -1, 0
126, -1, 0
134, -1, 0
243, -1, 0
124, -1, 0
126, -1, -1
125, -1, 0
123, -1, 0
249, -1, 0
127, -1, 0
124, -1, 0
125, -1, 0
125, -1, 0
130, -1, 0
125, -1, 0
118, -1, 0
126, -1, 0
250, -1, 0
126, -1, 0
124, -1, 0
126, -1, 0
125, -1, 0
124, -1, 0
125, -1, 0
125, -1, -1
125, -1, 0
126, -1, 0
125, -1, 0
124, -1, 0
125, -1, 0
125, -1, 0
125, -1, 0
125, -1, 0
125, -2, 0
251, -2, 0
124, -1, 0
126, -1, 0
125, -1, 0
124, -1, 0
125, -1, 0
125, -1, 0
125, -1, 0
126, -1, 0
125, -2, 0
124, -1, 0
125, -1, 0
125, -1, 0
126, -1, 0
124, -1, 0
125, -2, 0
126, -1, 0
124, -1, 0
126, -1, 0
124, -2, 0
125, -1, 0
125, -1, 0
124, -1, 0
127, -2, 0
130, -1, 0
121, -1, 0
125, -1, 0
125, -2, 0
125, -1, 0
125, -1, 0
126, -2, 0
122, -1, 0
126, -1, 0
124, -1, 0
126, -2, 0
124, -1, 0
126, -2, 0
124, -1, 0
126, -1, 0
124, -1, 0
126, -2, 0
125, -1, 0
124, -2, 0
124, -1, 0
128, -2, 0
125, -1, 0
124, -2, 0
130, -1, 0
122, -1, 0
128, -2, 1
124, -1, 0
122, -2, 0
127, -1, 0
125, -1, 0
123, -2, 0
123, -1, 0
126, -2, 0
122, -1, 0
125, -2, 0
125, -1, 0
127, -2, 0
124, -2, 0
125, -1, 0
125, -2, 1
126, -1, 0
124, -2, 0
126, -1, 0
123, -2, 0
125, -1, 0
127, -2, 0
125, -1, 0
124, -2, 0
126, -2, 0
123, -2, 0
125, -1, 0
125, -2, 0
126, -1, 1
124, -2, 0
125, -1, 0
125, -2, 0
126, -2, 0
124, -1, 0
126, -2, 0
125, -1, 0
126, -2, 0
126, -2, 1
125, -1, 0
124, -2, 0
125, -2, 0
126, -1, 0
124, -2, 0
128, -2, 0
126, -2, 0
123, -1, 0
125, -2, 1
125, -1, 0
127, -2, 0
123, -2, 0
124, -2, 0
125, -1, 0
125, -2, 0
126, -2, 0
125, -2, 1
125, -1, 0
126, -1, 0
123, -3, 0
126, -1, 0
124, -2, 0
125, -1, 0
125, -2, 0
124, -2, 1
130, -2, 0
128, -1, 0
118, -3, 0
124, -1, 0
125, -2, 0
125, -2, 0
126, -2, 1
125, -1, 0
124, -2, 0
126, -2, 0
124, -2, 0
126, -1, 0
124, -3, 0
131, -1, 1
120, -2, 0
124, -1, 0
124, -3, 0
127, -1, 0
125, -2, 0
125, -2, 0
126, -1, 1
124, -3, 0
124, -1, 0
125, -2, 0
125, -2, 0
128, -2, 0
124, -2, 1
124, -2, 0
125, -1, 0
125, -2, 0
125, -2, 0
124, -2, 0
125, -2, 1
125, -2, 0
125, -2, 0
126, -2, 0
125, -1, 0
125, -3, 0
125, -1, 1
125, -2, 0
126, -2, 0
125, -2, 0
123, -2, 0
125, -1, 1
125, -2, 0
124, -2, 0
125, -2, 0
126, -1, 0
125, -3, 0
126, -1, 1
124, -2, 0
125, -2, 0
125, -2, 0
126, -2, 0
124, -2, 0
125, -2, 1
125, -2, 0
126, -2, 0
124, -2, 0
125, -1, 0
124, -3, 1
126, -1, 0
123, -2, 0
125, -2, 0
126, -2, 0
128, -2, 0
125, -2, 1
124, -2, 0
124, -2, 0
124, -1, 0
125, -2, 0
126, -2, 0
124, -2, 1
125, -2, 0
124, -2, 0
126, -2, 0
126, -1, 0
124, -3, 0
125, -1, 1
125, -3, 0
125, -1, 0
127, -2, 0
122, -2, 0
125, -2, 1
126, -2, 0
125, -2, 0
126, -2, 0
125, -2, 0
125, -2, 0
126, -2, 1
124, -1, 0
125, -3, 0
125, -1, 0
131, -3, 1
120, -1, 0
125, -2, 0
125, -2, 0
125, -2, 0
123, -2, 0
126, -1, 0
125, -3, 1
124, -1, 0
154, -3, 0
98, -1, 0
124, -3, 0
126, -1, 1
124, -2, 0
125, -2, 0
125, -2, 0
125, -2, 0
125, -2, 1
125, -2, 0
125, -2, 0
126, -1, 0
124, -3, 0
125, -1, 0
126, -2, 1
124, -2, 0
125, -2, 0
126, -2, 0
125, -2, 1
125, -2, 0
125, -1, 0
124, -3, 0
125, -1, 0
126, -3, 1
124, -1, 0
125, -2, 0
125, -2, 0
127, -2, 0
123, -2, 0
125, -2, 1
125, -2, 0
130, -2, 0
122, -2, 0
124, -2, 0
128, -1, 1
123, -3, 0
123, -1, 0
125, -2, 0
125, -2, 0
127, -2, 1
131, -2, 0
122, -2, 0
124, -1, 0
123, -3, 0
124, -1, 1
126, -3, 0
124, -1, 0
131, -2, 0
119, -2, 0
125, -1, 0
125, -3, 1
125, -1, 0
124, -2, 0
126, -2, 0
125, -2, 0
125, -2, 1
124, -2, 0
125, -2, 0
126, -2, 0
125, -1, 0
125, -2, 1
125, -2, 0
124, -2, 0
127, -2, 0
123, -2, 0
126, -1, 0
124, -3, 1
126, -1, 0
124, -2, 0
126, -2, 0
124, -2, 0
134, -2, 1
122, -2, 0
120, -1, 0
125, -2, 0
125, -2, 0
125, -2, 1
125, -2, 0
125, -1, 0
124, -2, 0
126, -2, 0
125, -2, 1
124, -2, 0
125, -2, 0
124, -1, 0
126, -2, 0
125, -2, 1
125, -2, 0
125, -1, 0
124, -3, 0
126, -1, 0
125, -2, 1
124, -2, 0
125, -2, 0
126, -1, 0
124, -2, 0
126, -2, 1
124, -2, 0
126, -1, 0
125, -2, 0
124, -2, 0
126, -1, 0
125, -2, 1
124, -2, 0
125, -2, 0
125, -1, 0
125, -2, 0
126, -2, 0
124, -2, 1
126, -2, 0
124, -2, 0
125, -1, 0
126, -2, 1
124, -1, 0
125, -2, 0
126, -2, 0
125, -2, 0
125, -1, 1
124, -2, 0
128, -2, 0
123, -2, 0
126, -1, 0
125, -2, 0
127, -2, 1
122, -1, 0
125, -2, 0
124, -1, 0
125, -3, 0
126, -1, 1
125, -2, 0
125, -1, 0
125, -2, 0
124, -2, 0
125, -2, 1
126, -1, 0
124, -2, 0
126, -1, 0
125, -2, 0
125, -2, 1
127, -2, 0
124, -1, 0
124, -2, 0
126, -1, 0
125, -2, 1
124, -1, 0
126, -2, 0
127, -2, 0
124, -2, 0
126, -1, 1
124, -1, 0
123, -2, 0
129, -2, 0
121, -1, 0
125, -2, 0
128, -2, 1
124, -1, 0
125, -2, 0
124, -1, 0
124, -2, 0
125, -1, 0
126, -2, 1
139, -1, 0
110, -2, 0
125, -2, 0
130, -1, 0
127, -2, 1
118, -2, 0
125, -1, 0
125, -2, 0
125, -1, 0
125, -2, 0
125, -1, 0
125, -1, 1
126, -2, 0
128, -1, 0
122, -2, 0
124, -1, 0
125, -2, 1
126, -1, 0
125, -2, 0
124, -2, 0
125, -1, 0
124, -1, 0
126, -2, 1
127, -1, 0
124, -2, 0
125, -1, 0
125, -2, 0
125, -1, 1
125, -2, 0
126, -1, 0
124, -2, 0
125, -1, 0
125, -2, 0
125, -1, 1
125, -2, 0
124, -1, 0
125, -1, 0
126, -2, 0
124, -1, 1
125, -2, 0
126, -1, 0
125, -1, 0
125, -1, 0
124, -2, 0
126, -1, 0
125, -2, 1
124, -1, 0
125, -2, 0
126, -1, 0
124, -1, 0
126, -1, 0
125, -2, 1
124, -1, 0
126, -2, 0
124, -1, 0
126, -1, 0
125, -1, 0
124, -2, 1
126, -1, 0
127, -2, 0
123, -1, 0
124, -1, 0
125, -1, 0
126, -1, 0
125, -2, 1
124, -1, 0
127, -1, 0
124, -1, 0
125, -2, 0
126, -1, 0
134, -1, 1
114, -1, 0
127, -2, 0
124, -1, 0
125, -1, 0
125, -1, 0
125, -2, 1
249, -2, 0
126, -1, 0
124, -1, 0
125, -1, 0
126, -2, 0
124, -1, 0
126, -1, 1
124, -1, 0
125, -1, 0
125, -1, 0
126, -1, 0
126, -2, 1
248, -2, 0
124, -1, 0
125, -1, 0
125, -1, 0
125, -1, 0
125, -1, 0
126, -1, 1
126, -1, 0
124, -1, 0
125, -1, 0
125, -2, 0
250, -2, 0
250, -2, 1
249, -2, 0
251, -2, 0
249, -1, 0
126, -1, 0
125, -1, 0
126, -1, 1
124, -1, 0
125, -1, 0
125, -1, 0
125, -1, 0
125, -1, 0
125, -1, 0
125, -1, 0
126, -1, 0
249, -2, 1
249, -1, 0
126, -1, 0
125, -1, 0
125, -1, 0
126, -1, 0
248, -1, 0
126, -1, 0
124, -1, 1
126, -1, 0
255, -1, 0
122, -1, 0
124, -1, 0
125, -1, 0
249, -1, 0
126, -1, 0
249, -1, 0
126, -1, 1
124, -1, 0
250, -1, 0
127, -1, 0
123, -1, 0
251, -1, 0
128, -1, 0
245, -1, 0
128, -1, 0
251, -1, 0
247, -1, 0
127, -1, 1
248, -1, 0
250, -1, 0
250, -1, 0
126, -1, 0
249, -1, 0
249, -1, 0
251, -1, 0
251, -1, 0
249, -1, 0
251, -1, 0
249, -1, 0
376, -1, 0
249, -1, 0
375, -1, 0
250, -1, 0
375, -1, 1
375, -1, 0
404, -1, 0
472, -1, 0
575, -1, 0
463, -1, 0
749, -1, 0
714, -1, 0
1375, -1, 0
1169, 0, -1
5373, 1, 0
1208, 1, 0
875, 1, 0
749, 1, 0
625, 1, 0
664, 1, 0
459, 1, 0
415, 1, 0
499, 1, 0
501, 1, 0
211, 1, 0
426, 1, 0
326, 1, 0
414, 1, 0
210, 1, 0
419, 1, 0
206, 1, 0
250, 1, 0
377, 1, 0
124, 0, -1
126, 1, 0
250, 1, 0
248, 1, 0
250, 1, 0
250, 1, 0
250, 1, 0
125, 1, 0
250, 1, 0
250, 1, 0
126, 1, 0
248, 1, 0
250, 1, 0
126, 1, 0
125, 0, -1
125, 1, 0
249, 1, 0
126, 1, 0
251, 1, 0
137, 1, 0
237, 1, 0
126, 1, 0
125, 1, 0
249, 1, 0
126, 1, 0
126, 1, 0
248, 1, 0
127, 1, 0
130, 1, -1
242, 1, 0
127, 1, 0
125, 1, 0
125, 1, 0
250, 1, 0
125, 1, 0
125, 1, 0
249, 1, 0
126, 1, 0
125, 1, 0
126, 1, 0
125, 1, -1
123, 1, 0
126, 1, 0
125, 1, 0
125, 1, 0
249, 1, 0
126, 1, 0
126, 2, 0
248, 1, 0
126, 1, 0
125, 1, 0
125, 1, -1
125, 1, 0
125, 1, 0
125, 1, 0
125, 1, 0
125, 1, 0
125, 1, 0
125, 1, 0
125, 1, 0
125, 1, 0
125, 1, 0
126, 1, 0
124, 2, -1
250, 2, 0
125, 1, 0
125, 1, 0
125, 1, 0
125, 1, 0
126, 1, 0
124, 1, 0
125, 1, 0
125, 2, -1
249, 2, 0
126, 1, 0
125, 1, 0
126, 1, 0
124, 2, 0
125, 1, 0
249, 2, 0
126, 1, 0
125, 1, 0
125, 1, -1
125, 2, 0
125, 1, 0
125, 1, 0
125, 1, 0
128, 2, 0
122, 1, 0
125, 1, 0
126, 1, -1
125, 2, 0
124, 1, 0
125, 1, 0
128, 1, 0
124, 2, 0
124, 1, 0
125, 2, 0
125, 1, 0
125, 1, 0
123, 1, 0
125, 2, -1
125, 1, 0
125, 1, 0
125, 2, 0
125, 1, 0
125, 2, 0
126, 1, 0
127, 2, 0
123, 1, -1
124, 1, 0
125, 1, 0
125, 2, 0
125, 1, 0
126, 2, 0
125, 1, 0
124, 2, 0
125, 1, 0
125, 2, 0
125, 1, -1
125, 2, 0
125, 1, 0
125, 2, 0
126, 1, 0
124, 2, 0
125, 1, 0
125, 2, 0
125, 1, 0
125, 1, 0
125, 2, -1
124, 1, 0
127, 2, 0
124, 1, 0
125, 2, 0
125, 1, 0
125, 2, 0
126, 1, 0
126, 2, 0
125, 2, -1
125, 1, 0
125, 2, 0
125, 1, 0
125, 2, 0
123, 2, 0
125, 1, 0
125, 2, 0
125, 1, 0
127, 2, -1
124, 1, 0
125, 2, 0
124, 2, 0
126, 2, 0
126, 1, 0
124, 1, 0
130, 2, 0
126, 1, 0
124, 3, 0
121, 1, 0
124, 2, -1
124, 1, 0
125, 2, 0
126, 2, 0
124, 2, 0
126, 1, 0
124, 2, 0
125, 1, 0
125, 2, 0
126, 2, 0
124, 2, 0
125, 1, 0
125, 2, -1
126, 2, 0
122, 2, 0
127, 1, 0
124, 2, 0
126, 1, 0
125, 2, 0
127, 2, 0
123, 1, 0
126, 2, 0
125, 2, 0
125, 2, 0
125, 1, 0
126, 3, -1
124, 1, 0
125, 2, 0
124, 1, 0
126, 3, 0
124, 1, 0
125, 2, 0
125, 2, 0
125, 2, 0
125, 1, 0
124, 2, 0
127, 2, 0
125, 2, 0
124, 1, 0
126, 3, -1
124, 1, 0
125, 2, 0
125, 2, 0
125, 2, 0
125, 1, 0
126, 3, 0
123, 1, 0
126, 1, 0
124, 3, 0
127, 1, 0
124, 2, 0
124, 2, 0
125, 2, -1
126, 2, 0
127, 2, 0
127, 1, 0
123, 3, 0
124, 1, 0
127, 2, 0
127, 2, 0
127, 2, 0
120, 2, 0
124, 2, 0
126, 1, 0
124, 3, 0
126, 1, 0
125, 3, 0
126, 1, 0
126, 2, 0
126, 2, -1
123, 2, 0
125, 2, 0
126, 1, 0
123, 2, 0
125, 2, 0
124, 2, 0
126, 2, 0
125, 2, 0
124, 2, 0
126, 2, 0
125, 2, 0
124, 2, 0
126, 1, 0
125, 3, 0
125, 1, 0
126, 3, 0
125, 1, 0
127, 3, 0
122, 1, 0
131, 2, -1
118, 2, 0
125, 2, 0
124, 2, 0
126, 2, 0
125, 2, 0
127, 2, 0
125, 2, 0
124, 1, 0
126, 3, 0
125, 1, 0
127, 2, 0
124, 2, 0
123, 2, 0
126, 2, 0
125, 2, 0
123, 2, 0
126, 2, 0
133, 2, 0
116, 2, 0
126, 2, 0
124, 2, 0
128, 2, 0
122, 2, 0
125, 2, -1
125, 2, 0
125, 2, 0
126, 2, 0
128, 2, 0
123, 2, 0
125, 1, 0
126, 3, 0
124, 1, 0
125, 2, 0
124, 2, 0
126, 2, 0
125, 2, 0
125, 2, 0
125, 2, 0
126, 2, 0
130, 2, 0
122, 2, 0
119, 2, 0
127, 2, 0
126, 2, 0
123, 2, 0
125, 2, 0
125, 2, 0
125, 2, 0
127, 2, 0
125, 2, 0
125, 1, 0
126, 3, 0
124, 1, 0
126, 3, 0
123, 1, 0
124, 3, 0
125, 1, -1
125, 2, 0
125, 2, 0
126, 2, 0
124, 2, 0
125, 2, 0
125, 2, 0
125, 2, 0
125, 2, 0
125, 1, 0
126, 3, 0
125, 1, 0
124, 3, 0
125, 1, 0
126, 2, 0
124, 2, 0
125, 2, 0
125, 2, 0
125, 2, 0
126, 2, 0
124, 2, 0
124, 2, 0
125, 2, 0
132, 1, 0
121, 3, 0
123, 1, 0
125, 2, 0
126, 2, 0
124, 2, 0
127, 2, 0
125, 1, 0
125, 3, -1
125, 1, 0
125, 2, 0
125, 2, 0
124, 2, 0
124, 2, 0
125, 2, 0
125, 1, 0
125, 3, 0
126, 1, 0
125, 2, 0
125, 2, 0
126, 2, 0
125, 2, 0
125, 2, 0
126, 1, 0
125, 2, 0
123, 2, 0
125, 2, 0
125, 1, 0
129, 3, -1
120, 1, 0
125, 1, 0
126, 3, 0
124, 1, 0
125, 2, 0
125, 2, 0
128, 2, 0
126, 1, 0
122, 2, 0
123, 2, 0
126, 2, 0
125, 1, 0
128, 2, 0
125, 2, 0
124, 2, 0
126, 1, 0
124, 2, 0
128, 2, 0
123, 2, -1
123, 1, 0
124, 2, 0
126, 1, 0
128, 2, 0
124, 2, 0
126, 2, 0
122, 1, 0
127, 1, 0
127, 2, 0
122, 2, 0
128, 1, 0
123, 2, 0
126, 2, 0
122, 1, 0
126, 2, -1
124, 1, 0
124, 2, 0
124, 2, 0
126, 1, 0
124, 2, 0
153, 1, 0
126, 2, 0
96, 2, 0
125, 1, 0
126, 2, 0
124, 1, 0
125, 2, 0
125, 1, 0
127, 2, -1
125, 1, 0
126, 2, 0
122, 1, 0
129, 1, 0
126, 2, 0
123, 1, 0
123, 2, 0
129, 1, 0
124, 2, 0
124, 1, 0
126, 2, -1
124, 1, 0
126, 1, 0
123, 2, 0
124, 1, 0
126, 1, 0
130, 2, 0
123, 1, 0
119, 2, 0
127, 1, 0
129, 1, 0
123, 1, 0
125, 2, 0
125, 1, 0
124, 2, 0
127, 1, -1
136, 1, 0
113, 1, 0
123, 1, 0
125, 2, 0
251, 2, 0
124, 1, 0
125, 1, 0
125, 1, 0
125, 2, 0
125, 1, 0
125, 1, 0
123, 1, -1
126, 1, 0
126, 1, 0
125, 2, 0
125, 1, 0
125, 1, 0
125, 1, 0
125, 1, 0
127, 1, 0
127, 1, 0
123, 1, 0
125, 1, -1
125, 1, 0
125, 1, 0
125, 1, 0
125, 1, 0
123, 1, 0
126, 1, 0
124, 1, 0
126, 1, 0
124, 1, 0
127, 1, 0
125, 1, 0
125, 1, -1
125, 1, 0
249, 1, 0
126, 1, 0
125, 1, 0
123, 1, 0
125, 1, 0
250, 1, 0
126, 1, 0
124, 1, 0
250, 1, 0
125, 1, -1
126, 1, 0
249, 1, 0
126, 1, 0
249, 1, 0
125, 1, 0
251, 1, 0
124, 1, 0
251, 1, 0
249, 1, -1
125, 1, 0
250, 1, 0
250, 1, 0
249, 1, 0
250, 1, 0
375, 1, 0
250, 1, 0
377, 1, 0
249, 0, -1
124, 1, 0
501, 1, 0
500, 1, 0
625, 1, 0
1376, 1, 0
2936, 0, -1
340, -1, 0
1224, -1, 0
1003, -1, 0
658, -1, 0
616, -1, 0
346, 0, -1
250, -1, 0
375, -1, 0
623, -1, 0
375, -1, 0
375, -1, 0
250, 0, -1
126, -1, 0
375, -1, 0
249, -1, 0
250, -1, 0
403, -1, 0
224, -1, 0
124, 0, -1
125, -1, 0
250, -1, 0
250, -1, 0
250, -1, 0
252, -1, 0
249, -1, 0
251, -1, 0
250, -1, -1
125, -1, 0
250, -1, 0
128, -1, 0
256, -1, 0
116, -1, 0
248, -1, 0
127, -1, 0
124, 0, -1
126, -1, 0
124, -1, 0
125, -1, 0
249, -1, 0
126, -1, 0
126, -1, 0
248, -1, 0
126, -1, 0
249, -1, 0
126, -1, 0
125, -1, -1
126, -1, 0
124, -1, 0
249, -1, 0
126, -1, 0
125, -1, 0
126, -1, 0
125, -1, 0
125, -1, 0
124, -1, 0
125, -1, 0
125, -1, 0
126, 0, -1
124, -2, 0
249, -1, 0
127, -1, 0
124, -1, 0
125, -1, 0
125, -1, 0
131, -1, 0
126, -1, 0
119, -1, 0
125, -1, 0
125, -1, 0
125, -1, 0
124, -2, 0
126, -1, 0
126, -1, 0
123, -1, 0
125, -1, 0
126, -1, 0
125, -1, 0
124, -1, 0
126, -1, -1
124, -1, 0
125, -2, 0
125, -1, 0
126, -1, 0
124, -1, 0
126, -2, 0
124, -1, 0
125, -1, 0
125, -1, 0
125, -1, 0
125, -1, 0
125, -2, 0
125, -1, 0
126, -1, 0
125, -2, 0
125, -1, 0
124, -1, 0
125, -1, 0
125, -2, 0
125, -1, 0
126, -2, 0
125, -1, 0
124, -1, 0
125, -1, 0
127, -2, 0
126, -1, 0
122, -2, 0
128, -1, 0
123, -2, 0
126, -1, 0
123, -2, 0
125, -1, 0
125, -1, 0
127, -2, 0
125, -1, 0
125, -2, 0
125, -1, 0
126, -2, 0
124, -1, 0
123, -1, 0
125, -2, 0
125, -2, 0
125, -1, 0
125, -2, 0
125, -1, 0
126, -2, 0
123, -1, 0
126, -2, 0
125, -1, 0
125, -2, 0
125, -1, 0
125, -2, 0
126, -2, 0
125, -2, 0
125, -1, 0
124, -2, 0
125, -1, 0
125, -2, 0
124, -1, 0
125, -2, 0
128, -2, 0
124, -2, 0
124, -1, 0
134, -2, 0
117, -1, 0
124, -2, 0
125, -2, 0
124, -1, 0
125, -2, 0
127, -2, 1
124, -2, 0
124, -1, 0
127, -3, 0
126, -1, 0
125, -2, 0
124, -2, 0
125, -2, 0
126, -1, 0
124, -2, 0
126, -2, 0
123, -2, 0
125, -1, 0
126, -3, 0
123, -1, 0
126, -2, 1
125, -2, 0
128, -2, 0
125, -2, 0
123, -2, 0
125, -1, 0
125, -3, 0
125, -1, 0
125, -2, 1
128, -2, 0
123, -1, 0
125, -3, 0
125, -1, 0
125, -2, 0
126, -2, 0
125, -2, 0
124, -2, 0
126, -2, 0
124, -2, 0
126, -2, 1
123, -2, 0
130, -2, 0
120, -2, 0
124, -2, 0
126, -2, 0
125, -2, 0
123, -2, 0
126, -2, 1
126, -2, 0
125, -2, 0
126, -2, 0
123, -2, 0
125, -2, 0
126, -2, 0
131, -2, 1
123, -1, 0
123, -3, 0
124, -1, 0
125, -3, 0
124, -1, 0
125, -3, 1
126, -1, 0
124, -3, 0
126, -2, 0
124, -2, 0
125, -2, 0
125, -2, 0
126, -2, 1
125, -2, 0
126, -2, 0
123, -3, 0
124, -1, 0
127, -3, 0
125, -1, 1
124, -3, 0
125, -2, 0
125, -2, 0
127, -2, 0
124, -2, 1
124, -2, 0
125, -3, 0
125, -1, 0
125, -2, 0
125, -3, 0
126, -1, 0
125, -3, 0
125, -2, 1
125, -2, 0
124, -2, 0
125, -3, 0
125, -1, 0
125, -3, 1
126, -1, 0
127, -3, 0
123, -2, 0
126, -3, 0
124, -1, 0
125, -3, 1
124, -2, 0
125, -2, 0
124, -2, 0
125, -3, 0
124, -1, 1
127, -3, 0
128, -2, 0
122, -2, 0
125, -2, 0
125, -3, 0
125, -2, 1
125, -2, 0
126, -2, 0
125, -2, 0
125, -3, 0
125, -2, 1
125, -2, 0
126, -2, 0
124, -3, 0
128, -1, 0
132, -3, 1
115, -2, 0
137, -3, 0
117, -1, 0
121, -3, 0
124, -2, 1
124, -3, 0
126, -1, 0
124, -3, 0
125, -2, 0
125, -3, 1
125, -1, 0
124, -3, 0
126, -2, 0
124, -3, 0
126, -1, 1
124, -3, 0
125, -2, 0
126, -2, 0
125, -3, 1
125, -1, 0
126, -3, 0
124, -2, 0
125, -3, 0
124, -1, 1
125, -3, 0
125, -2, 0
132, -3, 0
121, -2, 1
124, -2, 0
125, -2, 0
126, -3, 0
123, -2, 0
126, -2, 1
124, -2, 0
125, -3, 0
125, -2, 0
124, -2, 1
130, -2, 0
124, -3, 0
122, -2, 0
125, -3, 0
126, -1, 1
127, -3, 0
127, -2, 0
127, -2, 0
121, -3, 0
128, -1, 1
125, -3, 0
126, -2, 0
121, -3, 0
124, -2, 1
125, -2, 0
124, -2, 0
125, -3, 0
129, -2, 1
124, -2, 0
125, -2, 0
125, -3, 0
124, -2, 1
125, -3, 0
125, -1, 0
126, -3, 0
124, -2, 1
123, -3, 0
126, -1, 0
124, -3, 0
126, -2, 0
125, -3, 1
124, -2, 0
130, -2, 0
123, -2, 0
126, -2, 1
122, -3, 0
123, -1, 0
125, -3, 0
127, -2, 1
125, -3, 0
124, -1, 0
126, -3, 0
124, -2, 1
126, -3, 0
126, -1, 0
131, -3, 0
120, -2, 1
124, -3, 0
128, -1, 0
123, -3, 0
123, -2, 0
126, -3, 1
124, -2, 0
124, -2, 0
125, -2, 1
125, -3, 0
126, -1, 0
126, -3, 0
124, -2, 0
124, -2, 1
125, -2, 0
125, -2, 0
125, -3, 0
124, -2, 1
126, -2, 0
125, -2, 0
125, -3, 1
125, -1, 0
125, -3, 0
125, -2, 0
125, -2, 1
125, -2, 0
125, -3, 0
126, -2, 0
124, -2, 0
125, -2, 1
123, -2, 0
125, -2, 0
136, -3, 0
128, -2, 1
114, -2, 0
131, -2, 0
121, -2, 0
122, -2, 1
124, -3, 0
125, -2, 0
126, -1, 0
126, -3, 1
123, -2, 0
126, -2, 0
125, -2, 0
125, -2, 1
125, -2, 0
124, -3, 0
125, -1, 0
125, -3, 1
125, -2, 0
126, -2, 0
124, -2, 0
127, -3, 1
124, -1, 0
124, -3, 0
125, -1, 0
125, -3, 1
125, -1, 0
127, -3, 0
125, -2, 0
124, -2, 1
127, -2, 0
124, -2, 0
125, -2, 1
125, -2, 0
125, -2, 0
125, -2, 0
124, -2, 1
125, -2, 0
125, -2, 0
126, -2, 0
126, -2, 1
125, -2, 0
123, -2, 0
126, -2, 0
124, -2, 1
125, -2, 0
125, -2, 0
128, -2, 0
122, -2, 1
125, -2, 0
125, -2, 0
126, -2, 0
124, -2, 1
125, -2, 0
125, -2, 0
125, -1, 0
125, -3, 1
125, -1, 0
125, -3, 0
126, -1, 0
124, -2, 1
125, -2, 0
125, -2, 0
125, -2, 0
125, -1, 0
125, -2, 1
125, -2, 0
128, -2, 0
121, -2, 1
126, -2, 0
125, -1, 0
124, -2, 0
126, -2, 0
133, -2, 1
118, -2, 0
125, -2, 0
124, -1, 1
125, -3, 0
125, -1, 0
125, -2, 0
125, -2, 1
125, -2, 0
125, -1, 0
125, -2, 0
125, -2, 1
125, -2, 0
125, -1, 0
132, -3, 0
119, -1, 1
124, -2, 0
125, -1, 0
125, -2, 0
125, -2, 1
124, -1, 0
125, -2, 0
126, -2, 0
124, -2, 0
126, -1, 1
125, -2, 0
125, -2, 0
124, -1, 0
126, -2, 1
125, -2, 0
125, -1, 0
124, -2, 0
124, -1, 1
126, -2, 0
126, -2, 0
124, -1, 0
124, -2, 0
126, -2, 1
125, -1, 0
125, -2, 0
124, -1, 0
126, -2, 1
125, -1, 0
125, -2, 0
125, -1, 0
124, -2, 0
126, -1, 0
128, -2, 1
123, -1, 0
125, -2, 0
126, -1, 0
124, -2, 1
124, -1, 0
124, -1, 0
127, -2, 0
123, -1, 0
125, -2, 1
125, -1, 0
126, -2, 0
124, -1, 0
126, -2, 1
125, -1, 0
125, -2, 0
126, -1, 0
124, -1, 0
126, -1, 1
125, -2, 0
125, -1, 0
124, -2, 0
126, -1, 0
125, -1, 1
124, -1, 0
125, -2, 0
126, -1, 0
125, -1, 0
124, -2, 0
126, 0, 1
124, -2, 0
126, -1, 0
125, -2, 0
124, -1, 0
126, -1, 1
125, -1, 0
125, -1, 0
125, -1, 0
125, -2, 0
126, -1, 0
124, -1, 1
125, -1, 0
124, -1, 0
126, -1, 0
125, -1, 0
124, -1, 0
126, -2, 1
124, -1, 0
126, -1, 0
125, -1, 0
124, -1, 0
127, -1, 0
123, -1, 0
125, -1, 1
125, -1, 0
126, -1, 0
126, -1, 0
126, -1, 0
122, -1, 0
127, -1, 0
124, -1, 1
125, -1, 0
253, -1, 0
122, -1, 0
126, -1, 0
124, -1, 0
126, -1, 0
124, -1, 0
124, -1, 1
252, -2, 0
247, -1, 0
127, -1, 0
127, -1, 0
250, -1, 0
125, -1, 1
125, -1, 0
249, -1, 0
125, -1, 0
248, -1, 0
127, -1, 0
124, -1, 0
253, -1, 1
247, -1, 0
126, -1, 0
250, -1, 0
125, -1, 0
250, -1, 0
251, -1, 0
254, -1, 0
125, 0, 1
121, -1, 0
248, -1, 0
251, -1, 0
250, -1, 0
374, -1, 0
248, -1, 0
377, -1, 0
398, -1, 0
102, 0, 1
399, -1, 0
499, -1, 0
479, -1, 0
1125, -1, 0
5265, 1, 0
987, 1, 0
749, 0, 1
123, 1, 0
629, 1, 0
497, 1, 0
499, 1, 0
504, 1, 1
372, 1, 0
375, 1, 0
375, 1, 0
374, 1, 0
249, 1, 0
127, 0, 1
124, 1, 0
377, 1, 0
251, 1, 0
248, 1, 0
249, 1, 0
250, 1, 0
253, 1, 0
124, 1, 1
249, 1, 0
251, 1, 0
249, 1, 0
124, 1, 0
249, 1, 0
126, 1, 0
248, 1, 0
127, 1, 0
126, 0, 1
125, 1, 0
124, 1, 0
253, 1, 0
122, 1, 0
127, 1, 0
249, 1, 0
126, 1, 0
125, 1, 0
250, 1, 0
123, 1, 0
125, 1, 0
125, 1, 0
125, 1, 0
126, 1, 0
248, 1, 0
129, 1, 1
123, 1, 0
125, 1, 0
126, 1, 0
125, 1, 0
125, 1, 0
125, 1, 0
123, 1, 0
125, 1, 0
125, 1, 0
125, 1, 0
125, 1, 0
125, 1, 0
126, 1, 0
122, 1, 0
127, 1, 0
125, 1, 0
125, 1, 0
124, 1, 0
126, 1, 0
124, 1, 0
127, 1, 0
124, 1, 0
125, 1, 0
125, 2, 0
125, 1, 0
124, 1, 0
128, 1, 0
125, 1, 0
125, 1, 0
125, 2, 0
125, 1, 0
125, 1, 0
125, 1, 0
125, 2, 0
124, 1, 0
126, 1, 0
123, 1, 0
124, 2, 0
126, 1, 0
125, 1, 0
127, 1, 0
123, 2, 0
124, 1, 0
126, 1, 0
125, 2, 0
124, 1, 0
125, 2, 0
125, 1, 0
127, 1, 0
124, 1, 0
125, 2, 0
124, 1, 0
126, 2, 0
124, 1, 0
125, 2, 0
125, 1, 0
125, 2, 0
126, 1, 0
125, 2, 0
124, 1, 0
126, 2, 0
124, 1, 0
125, 2, 0
127, 1, 0
129, 2, 0
120, 1, 0
125, 2, 0
125, 1, 0
125, 2, 0
124, 2, 0
125, 2, 0
127, 1, 0
124, 1, 0
125, 2, 0
125, 1, 0
126, 2, 0
125, 2, 0
124, 2, 0
125, 1, 0
125, 2, 0
125, 2, 0
125, 2, 0
125, 1, 0
125, 2, 0
125, 1, 0
125, 2, 0
124, 2, 0
125, 2, 0
132, 1, 0
123, 2, -1
126, 2, 0
120, 2, 0
126, 1, 0
124, 3, 0
125, 1, 0
125, 2, 0
125, 2, 0
126, 1, 0
124, 2, 0
125, 2, 0
125, 2, 0
124, 1, 0
126, 3, 0
125, 1, 0
124, 2, 0
125, 2, 0
126, 2, 0
125, 2, 0
125, 2, 0
126, 2, 0
123, 2, -1
126, 2, 0
124, 2, 0
126, 1, 0
125, 3, 0
124, 1, 0
126, 3, 0
125, 1, 0
124, 3, 0
125, 1, 0
126, 3, 0
124, 1, 0
125, 3, 0
126, 1, 0
125, 3, 0
125, 1, 0
125, 2, 0
125, 2, 0
125, 2, 0
125, 3, 0
125, 1, 0
125, 3, 0
125, 1, 0
124, 3, -1
125, 1, 0
125, 3, 0
125, 2, 0
125, 2, 0
126, 2, 0
127, 2, 0
128, 2, 0
124, 3, 0
125, 1, 0
125, 3, 0
125, 2, 0
125, 2, 0
122, 2, 0
124, 2, 0
126, 2, 0
124, 3, 0
125, 1, 0
130, 3, 0
122, 2, 0
127, 1, 0
123, 3, 0
125, 2, 0
124, 2, 0
123, 2, 0
126, 3, 0
125, 2, 0
125, 2, 0
125, 2, 0
125, 3, 0
124, 1, 0
126, 3, 0
125, 2, 0
125, 3, -1
125, 1, 0
125, 3, 0
125, 2, 0
125, 2, 0
124, 2, 0
126, 3, 0
125, 2, 0
125, 2, 0
125, 2, 0
125, 3, 0
125, 2, 0
125, 3, 0
126, 1, 0
125, 2, 0
126, 3, 0
126, 2, 0
125, 2, 0
124, 2, 0
125, 3, 0
125, 2, 0
124, 3, 0
126, 2, 0
123, 2, 0
125, 2, 0
125, 3, 0
128, 2, 0
123, 2, 0
123, 2, 0
126, 3, 0
126, 2, 0
124, 3, 0
127, 2, 0
125, 2, 0
124, 2, 0
126, 3, 0
125, 2, 0
125, 3, 0
126, 2, 0
124, 3, 0
125, 2, 0
125, 1, 0
127, 3, 0
121, 2, 0
126, 3, 0
124, 2, 0
129, 3, 0
122, 2, 0
124, 3, 0
125, 1, 0
125, 3, 0
128, 2, 0
124, 3, 0
125, 2, 0
126, 3, 0
131, 1, 0
124, 3, 0
119, 2, 0
125, 3, 0
125, 2, 0
124, 3, 0
124, 2, 0
126, 2, 0
125, 2, 0
127, 3, 0
122, 2, 0
127, 3, 0
125, 2, 0
126, 3, 0
124, 2, 0
125, 2, 0
122, 2, 0
125, 2, 0
125, 3, 0
125, 2, 0
131, 3, 0
120, 2, 0
124, 2, 0
125, 2, 0
125, 3, 0
134, 2, 0
120, 3, 0
123, 2, 0
125, 3, 0
125, 2, 0
127, 3, 0
124, 2, 0
124, 2, 0
125, 2, 0
128, 3, 0
122, 2, 0
127, 3, 0
125, 2, 0
124, 3, 0
126, 2, 0
124, 2, 0
127, 2, 0
124, 3, 0
125, 2, 0
123, 2, 0
125, 3, 0
124, 1, 0
126, 3, 0
125, 2, 0
125, 3, 0
125, 2, 0
125, 3, 0
124, 2, 0
126, 2, 0
125, 2, 0
126, 3, 0
124, 2, 0
125, 3, 0
125, 1, 0
127, 3, 0
123, 2, 0
125, 3, 0
125, 2, 0
125, 3, 0
125, 1, 0
127, 3, 0
124, 2, 0
127, 3, 0
123, 2, 0
125, 2, 0
126, 2, 0
123, 2, 0
127, 3, 0
125, 2, 0
123, 3, 0
125, 1, 0
126, 3, 0
125, 2, 0
125, 3, 0
125, 2, 0
124, 2, 0
125, 2, 0
125, 3, 0
125, 2, 0
125, 2, 0
125, 2, 0
125, 3, 0
128, 2, 0
122, 2, 0
125, 2, 0
125, 3, 0
126, 2, 0
126, 2, 0
124, 2, 0
128, 3, 0
122, 2, 0
122, 2, 0
130, 2, 0
123, 2, 0
124, 2, 0
125, 2, 0
125, 3, 0
125, 1, 0
126, 3, 0
127, 2, 0
124, 2, 0
125, 2, 0
125, 3, 0
125, 1, 0
125, 3, 0
124, 2, 0
125, 2, 0
124, 2, 0
125, 3, 0
125, 1, 0
124, 3, 0
127, 1, 0
126, 3, 0
124, 2, 0
127, 2, 0
123, 2, 0
137, 2, 0
113, 2, 0
126, 3, 0
124, 1, 0
126, 3, 0
124, 2, 0
125, 1, 0
124, 3, 0
125, 1, 0
125, 3, 0
125, 1, 0
124, 3, 0
125, 1, 0
132, 3, 0
121, 1, 0
124, 3, 0
124, 1, 0
125, 3, 0
125, 1, -1
125, 3, 0
129, 1, 0
124, 3, 0
125, 1, 0
125, 2, 0
124, 2, 0
126, 2, 0
133, 2, 0
114, 2, 0
125, 2, 0
125, 2, 0
126, 1, 0
123, 3, 0
128, 1, 0
124, 3, 0
126, 1, 0
125, 2, 0
125, 2, 0
125, 1, -1
126, 2, 0
122, 2, 0
125, 2, 0
125, 2, 0
124, 2, 0
126, 1, 0
125, 2, 0
125, 2, 0
126, 2, 0
124, 1, 0
125, 3, 0
125, 1, 0
125, 2, 0
125, 1, 0
125, 3, 0
125, 1, 0
124, 2, -1
126, 1, 0
125, 2, 0
124, 2, 0
126, 2, 0
125, 1, 0
130, 2, 0
122, 1, 0
126, 2, 0
124, 2, -1
125, 2, 0
125, 1, 0
125, 1, 0
123, 2, 0
125, 1, 0
125, 2, 0
126, 2, 0
125, 2, 0
124, 1, 0
125, 2, 0
123, 1, 0
126, 2, 0
131, 1, 0
119, 2, -1
126, 1, 0
127, 2, 0
125, 1, 0
123, 2, 0
124, 1, 0
125, 2, 0
126, 1, 0
124, 1, 0
126, 2, 0
123, 1, 0
126, 1, -1
126, 2, 0
124, 1, 0
125, 2, 0
125, 1, 0
125, 1, 0
126, 2, 0
124, 1, 0
125, 2, 0
125, 1, 0
125, 1, 0
124, 1, -1
126, 2, 0
125, 1, 0
129, 1, 0
124, 1, 0
125, 2, 0
123, 1, 0
127, 1, 0
123, 1, 0
127, 2, -1
124, 1, 0
127, 1, 0
124, 1, 0
124, 1, 0
125, 1, 0
125, 2, 0
125, 1, 0
125, 1, 0
123, 1, 0
126, 1, -1
125, 1, 0
124, 1, 0
126, 1, 0
127, 2, 0
124, 1, 0
252, 2, 0
248, 2, 0
250, 2, -1
125, 1, 0
124, 1, 0
249, 2, 0
248, 1, 0
126, 1, 0
125, 1, 0
125, 1, 0
127, 1, -1
125, 1, 0
126, 1, 0
125, 1, 0
125, 1, 0
250, 1, 0
130, 1, 0
123, 1, 0
123, 1, 0
124, 1, 0
127, 0, -1
124, 1, 0
124, 1, 0
250, 1, 0
125, 1, 0
124, 1, 0
250, 1, 0
125, 1, 0
127, 1, 0
247, 1, 0
127, 1, -1
250, 1, 0
126, 1, 0
249, 1, 0
251, 1, 0
250, 1, 0
123, 1, 0
126, 0, -1
123, 1, 0
251, 1, 0
250, 1, 0
376, 1, 0
251, 1, 0
253, 1, 0
122, 0, -1
248, 1, 0
250, 1, 0
500, 1, 0
376, 1, 0
125, 0, -1
376, 1, 0
498, 1, 0
753, 1, 0
249, 0, -1
4694, 0, -1
2057, -1, 0
1047, -1, -1
824, -1, 0
902, -1, 0
100, 0, -1
376, -1, 0
624, -1, 0
535, 0, -1
87, -1, 0
406, -1, 0
503, -1, -1
497, -1, 0
420, -1, 0
50, 0, -1
250, -1, 0
407, -1, 0
399, -1, -1
349, -1, 0
219, -1, 0
126, 0, -1
250, -1, 0
249, -1, 0
375, -1, 0
124, 0, -1
126, -1, 0
250, -1, 0
254, -1, 0
246, -1, -1
250, -1, 0
249, -1, 0
250, -1, -1
375, -1, 0
126, -1, 0
249, -1, -1
250, -1, 0
126, -1, 0
249, -1, 0
252, -1, -1
250, -1, 0
249, -1, 0
126, -1, 0
125, -1, 0
126, 0, -1
124, -1, 0
249, -1, 0
126, -1, 0
125, -1, 0
125, 0, -1
125, -1, 0
249, -1, 0
126, -1, 0
249, -1, -1
126, -1, 0
125, -1, 0
249, -1, 0
126, -1, 0
125, -1, 0
125, 0, -1
125, -1, 0
125, -1, 0
125, -1, 0
250, -1, 0
125, -1, -1
125, -1, 0
124, -1, 0
126, -1, 0
250, -1, 0
126, -1, -1
125, -1, 0
124, -1, 0
125, -1, 0
125, -1, 0
125, -1, 0
252, -1, -1
128, -1, 0
123, -1, 0
123, -1, 0
124, -1, 0
127, -1, 0
249, -2, -1
249, -1, 0
126, -1, 0
124, -1, 0
125, -1, 0
125, -1, -1
129, -1, 0
121, -1, 0
125, -1, 0
125, -1, 0
126, -1, 0
124, -1, 0
125, -1, 0
125, -1, -1
125, -1, 0
125, -1, 0
126, -1, 0
124, -1, 0
126, -1, -1
124, -1, 0
126, -1, 0
124, -1, 0
125, -1, 0
127, -1, 0
123, -1, 0
125, -2, -1
249, -1, 0
126, -2, 0
249, -2, 0
126, -1, 0
125, -1, 0
125, -1, 0
126, -1, -1
124, -1, 0
125, -1, 0
125, -1, 0
124, -2, 0
133, -1, 0
117, -1, 0
126, -1, 0
125, -1, -1
124, -1, 0
125, -1, 0
134, -1, 0
116, -2, 0
125, -1, 0
125, -1, 0
125, -1, 0
126, -2, -1
124, -1, 0
125, -1, 0
125, -1, 0
125, -1, 0
125, -1, 0
125, -2, 0
124, -1, 0
127, -1, 0
124, -1, -1
125, -1, 0
125, -1, 0
125, -2, 0
125, -1, 0
125, -1, 0
126, -1, 0
129, -1, 0
121, -2, 0
125, -1, -1
125, -1, 0
125, -2, 0
125, -1, 0
125, -1, 0
125, -1, 0
126, -2, 0
124, -1, -1
125, -1, 0
125, -2, 0
125, -1, 0
124, -1, 0
126, -1, 0
125, -2, 0
126, -1, 0
124, -2, 0
126, -1, 0
124, -1, -1
125, -1, 0
125, -2, 0
125, -1, 0
125, -1, 0
126, -1, 0
124, -2, 0
125, -1, 0
125, -1, 0
125, -2, -1
125, -1, 0
125, -1, 0
125, -2, 0
126, -1, 0
124, -1, 0
125, -2, 0
125, -1, 0
125, -2, 0
125, -1, 0
125, -1, -1
125, -2, 0
126, -1, 0
124, -1, 0
125, -2, 0
125, -1, 0
125, -2, 0
125, -1, 0
127, -1, 0
124, -2, 0
125, -1, 0
125, -1, -1
125, -2, 0
125, -1, 0
124, -2, 0
125, -1, 0
125, -1, 0
125, -2, 0
128, -1, 0
124, -2, 0
125, -1, 0
125, -1, 0
130, -2, 0
126, -1, 0
119, -1, 0
129, -2, -1
120, -1, 0
124, -2, 0
125, -1, 0
125, -2, 0
126, -1, 0
126, -2, 0
124, -1, 0
126, -1, 0
125, -2, 0
124, -1, 0
127, -2, 0
123, -1, 0
124, -1, -1
125, -2, 0
125, -1, 0
125, -2, 0
125, -1, 0
129, -2, 0
121, -1, 0
125, -1, 0
125, -2, 0
125, -1, 0
124, -2, 0
126, -1, 0
125, -2, 0
125, -1, 0
124, -2, 0
126, -1, -1
124, -2, 0
127, -1, 0
126, -2, 0
124, -1, 0
126, -2, 0
124, -1, 0
124, -2, 0
125, -1, 0
135, -2, 0
116, -1, 0
124, -1, 0
125, -2, 0
128, -1, 0
123, -2, 0
126, -1, 0
125, -2, 0
124, -1, 0
125, -2, 0
126, -1, 0
124, -2, -1
128, -1, 0
120, -2, 0
127, -1, 0
124, -1, 0
125, -2, 0
125, -1, 0
125, -2, 0
124, -1, 0
126, -2, 0
124, -1, 0
126, -2, 0
125, -1, 0
124, -2, 0
126, -1, 0
125, -2, 0
125, -1, 0
125, -2, 0
124, -1, 0
125, -2, 0
126, -1, 0
127, -2, 0
124, -1, 0
125, -1, 0
127, -2, -1
123, -1, 0
124, -2, 0
125, -1, 0
124, -2, 0
126, -1, 0
126, -2, 0
125, -2, 0
125, -1, 0
126, -2, 0
124, -1, 0
125, -2, 0
126, -1, 0
124, -2, 0
125, -1, 0
125, -2, 0
125, -1, 0
125, -1, 0
125, -2, 0
126, -1, 0
124, -2, 0
125, -1, 0
125, -2, 0
127, -1, 0
123, -2, 0
126, -1, 0
124, -2, 0
125, -1, 0
125, -2, 0
125, -1, 0
125, -2, 0
125, -1, 0
125, -2, 0
126, -1, 0
124, -2, 0
125, -1, 0
125, -1, 0
125, -2, 0
125, -1, 0
124, -2, 0
125, -1, 0
126, -2, 0
125, -1, 0
125, -2, 0
125, -1, 0
128, -2, 0
130, -1, 0
120, -2, 0
124, -1, 0
126, -2, 0
125, -1, 0
124, -2, 0
125, -1, 0
125, -1, 0
126, -2, 0
125, -2, 0
124, -1, 0
123, -1, 0
129, -2, 0
128, -1, 0
118, -2, 0
124, -1, 0
126, -2, 0
125, -1, 0
124, -2, 0
126, -1, 0
125, -2, 0
126, -1, 0
124, -2, 0
124, -1, 0
126, -1, 0
126, -2, 0
125, -1, 0
126, -2, 0
123, -1, 0
126, -2, 0
125, -1, 0
124, -2, 0
125, -1, 0
125, -1, 0
125, -2, 0
127, -1, 0
124, -1, 0
125, -2, 0
125, -1, 0
125, -2, 0
124, -1, 0
125, -2, 0
125, -1, 0
125, -2, 0
124, -1, 0
127, -2, 0
125, -1, 0
125, -2, 0
125, -1, 0
125, -2, 0
125, -1, 0
126, -1, 0
125, -1, 1
123, -2, 0
127, -1, 0
123, -2, 0
124, -1, 0
126, -1, 0
124, -2, 0
128, -1, 0
123, -2, 0
124, -1, 0
125, -2, 0
126, -1, 0
128, -1, 0
126, -2, 0
121, -1, 0
126, -1, 1
126, -2, 0
127, -1, 0
125, -2, 0
121, -1, 0
127, -2, 0
125, -1, 0
124, -1, 0
126, -1, 0
125, -2, 0
125, -1, 0
124, -2, 0
127, -1, 0
122, -2, 1
125, -1, 0
125, -1, 0
125, -1, 0
125, -2, 0
124, -1, 0
125, -1, 0
125, -2, 0
125, -1, 0
125, -2, 0
126, -1, 1
126, -1, 0
123, -1, 0
127, -2, 0
128, -1, 0
123, -2, 0
123, -1, 0
125, -2, 0
125, -1, 0
125, -1, 0
124, -1, 0
128, -2, 1
126, -1, 0
122, -2, 0
125, -1, 0
126, -1, 0
128, -1, 0
124, -2, 0
122, -1, 0
125, -1, 0
125, -2, 0
125, -1, 0
125, -1, 1
126, -2, 0
125, -1, 0
125, -1, 0
122, -1, 0
126, -2, 0
126, -1, 0
123, -1, 0
127, -2, 1
249, -2, 0
126, -1, 0
124, -2, 0
126, -1, 0
125, -1, 0
125, -1, 1
125, -2, 0
125, -1, 0
125, -1, 0
125, -1, 0
125, -2, 0
127, -1, 0
123, -1, 0
125, -1, 1
125, -2, 0
125, -1, 0
125, -1, 0
126, -1, 0
125, -1, 0
124, -1, 0
125, -2, 0
126, -1, 0
125, -1, 1
128, -1, 0
124, -1, 0
131, -2, 0
137, -1, 0
105, -1, 1
124, -1, 0
127, -1, 0
123, -1, 0
124, -2, 0
125, -1, 0
126, -1, 0
124, -1, 0
125, -1, 1
125, -1, 0
130, -1, 0
120, -1, 0
125, -2, 0
125, -1, 0
126, -1, 1
124, -1, 0
128, -1, 0
125, -1, 0
134, -2, 0
239, -2, 1
124, -1, 0
126, -1, 0
123, -1, 0
129, -1, 0
122, -1, 0
125, -1, 1
125, -1, 0
127, -2, 0
124, -1, 0
124, -1, 0
124, -1, 0
250, -2, 1
125, -1, 0
126, -1, 0
125, -1, 0
125, -1, 0
126, -1, 1
123, -1, 0
125, -1, 0
125, -1, 0
125, -1, 0
126, -1, 0
128, -1, 1
124, -1, 0
125, -1, 0
125, -1, 0
125, -1, 0
125, -1, 0
124, -1, 1
125, -1, 0
128, -1, 0
122, -1, 0
126, -1, 0
124, -1, 1
125, -1, 0
125, -1, 0
125, -1, 0
125, -1, 0
125, -1, 0
125, -1, 1
126, -1, 0
249, -1, 0
125, -1, 0
125, -1, 0
126, -1, 1
124, -1, 0
125, -1, 0
126, -1, 0
124, -1, 0
125, -1, 0
125, 0, 1
125, -1, 0
125, -1, 0
125, -1, 0
125, -1, 0
126, -1, 0
124, 0, 1
125, -2, 0
250, -1, 0
125, -1, 0
125, -1, 1
125, -1, 0
126, -1, 0
251, -1, 0
123, -1, 0
128, -1, 0
124, 0, 1
123, -1, 0
125, -1, 0
126, -1, 0
124, -1, 0
250, -1, 1
125, -1, 0
125, -1, 0
249, -1, 0
127, -1, 0
124, -1, 1
249, -1, 0
126, -1, 0
249, -1, 0
126, -1, 1
250, -1, 0
125, -1, 0
249, -1, 0
126, -1, 0
125, -1, 1
251, -1, 0
123, -1, 0
251, -1, 1
250, -1, 0
130, -1, 0
248, -1, 0
249, -1, 0
127, 0, 1
129, -1, 0
122, -1, 0
245, -1, 0
252, -1, 0
151, -1, 1
222, -1, 0
250, -1, 0
249, -1, 0
126, 0, 1
125, -1, 0
249, -1, 0
250, -1, 0
249, -1, 1
249, -1, 0
251, -1, 0
249, -1, 0
404, -1, 1
221, -1, 0
250, -1, 0
251, -1, 0
376, -1, 0
126, 0, 1
249, -1, 0
248, -1, 0
380, -1, 0
373, -1, 0
125, 0, 1
249, -1, 0
502, -1, 0
499, -1, 0
251, 0, 1
125, -1, 0
629, -1, 0
496, -1, 0
528, -1, 0
96, 0, 1
624, -1, 0
876, -1, 0
1255, -1, 0
997, 0, 1
9381, 1, 1
1371, 1, 0
998, 1, 0
657, 0, 1
91, 1, 0
781, 1, 0
593, 1, 0
627, 1, 0
126, 0, 1
374, 1, 0
498, 1, 0
503, 1, 0
373, 1, 0
528, 1, 0
346, 1, 0
125, 0, 1
250, 1, 0
545, 1, 0
205, 1, 0
525, 1, 0
226, 1, 0
377, 1, 0
375, 1, 0
128, 0, 1
131, 1, 0
366, 1, 0
248, 1, 0
249, 1, 0
377, 1, 0
253, 1, 0
247, 1, 0
375, 1, 0
247, 1, 0
251, 1, 0
250, 1, 0
251, 1, 1
249, 1, 0
250, 1, 0
126, 1, 0
250, 1, 0
248, 1, 0
253, 1, 0
250, 1, 0
251, 1, 0
251, 1, 0
124, 1, 0
249, 1, 0
249, 1, 0
126, 1, 1
251, 1, 0
252, 1, 0
124, 1, 0
250, 1, 0
125, 1, 0
247, 1, 0
125, 1, 0
249, 1, 0
126, 1, 0
250, 1, 0
124, 1, 0
251, 1, 0
125, 1, 0
249, 1, 0
126, 1, 0
127, 1, 0
123, 1, 0
249, 1, 0
125, 1, 0
125, 1, 0
250, 1, 0
126, 1, 0
124, 1, 0
250, 1, 0
125, 1, 0
125, 1, 0
127, 1, 0
125, 1, 1
249, 1, 0
125, 1, 0
125, 1, 0
126, 1, 0
248, 1, 0
126, 1, 0
126, 1, 0
124, 1, 0
125, 1, 0
125, 1, 0
125, 1, 0
249, 2, 0
251, 1, 0
125, 1, 0
125, 1, 0
125, 1, 0
125, 1, 0
125, 1, 0
125, 1, 0
126, 1, 0
125, 1, 0
124, 1, 0
125, 1, 0
125, 1, 0
125, 1, 0
125, 1, 0
125, 1, 0
126, 1, 0
125, 1, 0
124, 1, 0
125, 1, 0
125, 1, 0
125, 1, 0
125, 1, 0
124, 1, 0
126, 1, 0
125, 1, 0
125, 2, 0
125, 1, 0
125, 1, 0
131, 1, 0
120, 1, 0
133, 1, 0
116, 1, 0
126, 1, 0
124, 2, 0
249, 2, 0
126, 1, 0
125, 1, 0
125, 1, 0
125, 2, 0
126, 1, 0
124, 1, 0
126, 1, 0
124, 1, 0
125, 1, 0
125, 2, 0
126, 1, 0
124, 1, 0
126, 1, 0
124, 2, 0
125, 1, 0
125, 1, 0
125, 1, 0
125, 1, 0
125, 2, 0
125, 1, 0
126, 2, 0
248, 2, 0
126, 1, -1
125, 2, 0
125, 1, 0
125, 1, 0
125, 1, 0
126, 2, 0
124, 1, 0
125, 2, 0
125, 1, 0
125, 1, 0
125, 1, 0
125, 2, 0
125, 1, 0
126, 2, 0
124, 1, 0
125, 2, 0
125, 1, 0
125, 1, 0
125, 2, 0
125, 1, 0
125, 1, 0
126, 2, -1
124, 1, 0
125, 2, 0
125, 1, 0
125, 1, 0
126, 2, 0
124, 1, 0
125, 2, 0
126, 1, 0
124, 2, 0
125, 1, 0
125, 2, 0
125, 1, 0
125, 2, 0
125, 1, 0
125, 2, 0
126, 1, -1
124, 2, 0
125, 1, 0
125, 2, 0
125, 1, 0
125, 2, 0
125, 2, 0
125, 1, 0
126, 2, 0
124, 2, 0
125, 1, 0
125, 2, 0
126, 1, 0
127, 2, 0
124, 1, 0
124, 1, 0
125, 2, -1
126, 2, 0
123, 1, 0
125, 2, 0
124, 2, 0
126, 1, 0
125, 2, 0
126, 1, 0
125, 2, 0
124, 1, 0
126, 2, 0
124, 2, 0
125, 2, 0
125, 1, 0
125, 2, 0
125, 1, 0
126, 2, 0
124, 2, 0
125, 2, -1
125, 1, 0
125, 2, 0
125, 1, 0
125, 2, 0
125, 2, 0
126, 2, 0
124, 1, 0
125, 2, 0
124, 2, 0
126, 2, 0
128, 1, 0
123, 2, 0
124, 2, 0
126, 1, 0
125, 2, 0
126, 1, 0
123, 3, -1
127, 1, 0
123, 2, 0
127, 1, 0
126, 3, 0
127, 1, 0
122, 2, 0
125, 2, 0
127, 2, 0
131, 1, 0
122, 2, 0
122, 2, 0
123, 2, 0
126, 2, 0
131, 2, 0
118, 1, 0
129, 2, 0
122, 2, 0
125, 2, 0
124, 1, 0
125, 3, 0
124, 1, 0
126, 2, 0
125, 2, -1
125, 2, 0
125, 1, 0
126, 2, 0
124, 2, 0
126, 2, 0
124, 2, 0
125, 1, 0
125, 3, 0
125, 1, 0
124, 3, 0
125, 1, 0
125, 2, 0
128, 2, 0
125, 2, 0
124, 2, 0
125, 2, 0
125, 1, -1
125, 3, 0
127, 1, 0
122, 3, 0
124, 1, 0
126, 2, 0
124, 2, 0
125, 2, 0
125, 2, 0
125, 2, 0
125, 2, 0
125, 2, 0
125, 2, 0
126, 2, 0
124, 1, 0
126, 3, 0
124, 1, 0
125, 2, 0
125, 2, 0
125, 2, 0
125, 2, 0
126, 2, 0
124, 2, 0
126, 2, -1
124, 2, 0
125, 2, 0
125, 2, 0
125, 2, 0
125, 2, 0
126, 2, 0
122, 2, 0
127, 1, 0
125, 3, 0
126, 1, 0
124, 3, 0
125, 2, 0
125, 2, 0
126, 1, 0
124, 3, 0
125, 1, 0
125, 3, 0
124, 1, 0
126, 3, 0
127, 2, 0
124, 2, -1
125, 2, 0
125, 2, 0
125, 2, 0
126, 2, 0
126, 2, 0
124, 1, 0
126, 3, 0
124, 1, 0
126, 3, 0
124, 1, 0
126, 3, 0
124, 1, 0
123, 3, 0
125, 1, 0
125, 3, 0
126, 1, 0
126, 3, 0
123, 1, 0
126, 3, 0
124, 2, 0
125, 2, -1
126, 2, 0
126, 2, 0
126, 2, 0
124, 2, 0
124, 2, 0
125, 2, 0
125, 2, 0
129, 2, 0
123, 2, 0
124, 2, 0
126, 2, 0
127, 3, 0
123, 1, 0
123, 3, 0
125, 1, 0
125, 3, 0
125, 1, 0
125, 2, 0
127, 3, 0
125, 1, -1
123, 3, 0
124, 1, 0
125, 3, 0
124, 1, 0
126, 3, 0
128, 2, 0
123, 2, 0
127, 2, 0
122, 2, 0
130, 2, 0
123, 2, 0
125, 2, 0
125, 2, -1
125, 2, 0
125, 2, 0
127, 2, 0
123, 2, 0
125, 2, 0
122, 2, 0
126, 2, 0
125, 2, 0
129, 2, 0
126, 3, 0
120, 1, 0
126, 3, 0
125, 1, 0
123, 3, 0
126, 1, -1
125, 2, 0
125, 2, 0
124, 2, 0
126, 2, 0
124, 2, 0
126, 3, 0
123, 1, 0
129, 3, 0
123, 1, 0
124, 3, 0
126, 1, 0
125, 3, 0
125, 1, 0
128, 3, -1
124, 1, 0
125, 3, 0
124, 1, 0
125, 3, 0
124, 1, 0
125, 3, 0
125, 2, 0
125, 2, 0
126, 2, 0
132, 2, 0
119, 2, 0
126, 2, -1
123, 2, 0
126, 2, 0
127, 2, 0
121, 1, 0
126, 3, 0
124, 1, 0
124, 3, 0
127, 1, 0
126, 3, -1
124, 1, 0
123, 2, 0
125, 2, 0
125, 2, 0
125, 2, 0
126, 2, 0
124, 2, 0
125, 2, 0
126, 2, 0
124, 2, 0
128, 1, -1
122, 3, 0
124, 1, 0
125, 3, 0
132, 1, 0
121, 2, 0
124, 2, 0
124, 2, 0
125, 2, 0
125, 2, 0
125, 1, 0
126, 3, -1
124, 1, 0
125, 2, 0
126, 2, 0
124, 2, 0
126, 2, 0
124, 2, 0
125, 1, 0
125, 2, 0
126, 2, 0
124, 1, 0
128, 2, -1
122, 2, 0
126, 2, 0
124, 1, 0
126, 3, 0
124, 1, 0
125, 2, 0
125, 2, 0
126, 2, 0
124, 1, 0
125, 2, -1
125, 2, 0
124, 2, 0
127, 1, 0
127, 2, 0
123, 2, 0
129, 2, 0
122, 1, 0
126, 2, -1
123, 1, 0
127, 2, 0
123, 2, 0
127, 2, 0
124, 1, 0
126, 2, 0
124, 1, -1
123, 2, 0
127, 2, 0
124, 2, 0
124, 1, 0
126, 1, 0
126, 2, 0
126, 1, 0
124, 2, -1
124, 1, 0
125, 2, 0
125, 2, 0
125, 1, 0
128, 2, 0
122, 1, 0
125, 2, -1
124, 2, 0
126, 1, 0
124, 1, 0
126, 2, 0
124, 1, 0
126, 2, 0
125, 1, -1
124, 2, 0
126, 1, 0
124, 1, 0
125, 2, 0
125, 1, 0
125, 2, -1
126, 1, 0
124, 2, 0
126, 1, 0
124, 2, 0
126, 1, 0
124, 1, 0
132, 2, -1
122, 1, 0
123, 1, 0
124, 1, 0
128, 2, 0
125, 1, 0
124, 1, 0
124, 1, -1
126, 2, 0
124, 1, 0
124, 2, 0
250, 2, 0
124, 1, 0
126, 1, 0
125, 1, -1
125, 2, 0
125, 1, 0
124, 1, 0
126, 1, 0
126, 1, -1
124, 1, 0
125, 1, 0
125, 1, 0
125, 2, 0
125, 1, 0
125, 1, -1
125, 1, 0
126, 1, 0
124, 1, 0
125, 1, 0
125, 1, 0
125, 1, -1
125, 1, 0
125, 1, 0
125, 1, 0
125, 1, 0
125, 1, 0
249, 2, -1
250, 1, 0
126, 1, 0
125, 1, 0
125, 1, 0
126, 1, -1
249, 2, 0
257, 1, 0
117, 1, 0
133, 1, -1
241, 1, 0
126, 1, 0
124, 1, 0
249, 1, 0
126, 1, -1
125, 1, 0
248, 1, 0
250, 1, 0
127, 1, -1
249, 1, 0
251, 1, 0
249, 1, 0
125, 1, -1
375, 1, 0
125, 1, 0
376, 1, -1
250, 1, 0
250, 1, 0
404, 1, -1
471, 1, 0
434, 1, 0
443, 0, -1
124, 1, 0
1003, 1, 0
247, 0, -1
2163, 0, -1
1028, -1, 0
688, -1, 0
623, 0, -1
123, -1, 0
500, -1, 0
540, -1, 0
210, -1, 0
125, 0, -1
374, -1, 0
408, -1, 0
399, -1, 0
69, 0, -1
125, -1, 0
249, -1, 0
405, -1, 0
221, -1, -1
250, -1, 0
249, -1, 0
250, -1, 0
250, -1, -1
250, -1, 0
126, -1, 0
249, -1, 0
125, -1, 0
125, 0, -1
129, -1, 0
121, -1, 0
248, -1, 0
252, -1, 0
250, -1, -1
125, -1, 0
125, -1, 0
251, -1, 0
124, -1, 0
125, -1, -1
125, -1, 0
249, -1, 0
126, -1, 0
124, -1, 0
126, -1, 0
250, -2, -1
251, -1, 0
123, -1, 0
125, -1, 0
251, -2, 0
125, 0, -1
125, -1, 0
125, -1, 0
125, -1, 0
126, -1, 0
126, -1, 0
123, -1, 0
125, -1, 0
125, -1, 0
125, -1, 0
125, -1, -1
126, -1, 0
124, -1, 0
125, -1, 0
125, -1, 0
125, -1, 0
125, -1, 0
128, -1, 0
124, -1, -1
126, -1, 0
125, -2, 0
250, -2, 0
124, -1, 0
123, -1, 0
125, -1, 0
125, -1, 0
125, -1, 0
125, -2, 0
125, -1, -1
125, -1, 0
125, -1, 0
125, -2, 0
125, -1, 0
125, -1, 0
126, -1, 0
124, -2, 0
125, -1, 0
125, -2, 0
125, -1, 0
125, -1, 0
125, -1, 0
125, -1, -1
126, -2, 0
124, -1, 0
125, -2, 0
125, -1, 0
125, -2, 0
125, -1, 0
129, -2, 0
129, -1, 0
117, -1, 0
125, -2, 0
125, -1, 0
125, -1, 0
125, -2, 0
125, -1, 0
125, -2, 0
125, -1, 0
126, -2, 0
124, -2, 0
129, -2, 0
121, -1, 0
127, -2, 0
123, -1, 0
125, -2, 0
125, -1, 0
128, -2, 0
124, -1, 0
124, -2, 0
125, -2, 0
125, -1, 0
125, -2, 0
126, -2, 0
125, -1, 0
125, -2, 0
125, -2, 0
124, -1, 0
126, -2, 0
125, -2, 0
125, -2, 0
125, -1, 0
126, -2, 0
127, -2, 0
124, -2, 0
127, -1, 0
123, -2, 0
125, -2, 0
126, -2, 0
121, -1, 0
125, -3, 0
126, -1, 0
124, -2, 0
125, -2, 0
125, -2, 0
125, -2, 0
125, -2, 0
125, -1, 0
125, -3, 0
126, -1, 0
124, -3, 0
125, -1, 0
125, -3, 0
125, -1, 0
125, -2, 1
126, -2, 0
124, -2, 0
126, -2, 0
124, -2, 0
125, -2, 0
125, -2, 0
127, -2, 0
124, -2, 0
125, -2, 0
125, -2, 0
126, -2, 1
124, -2, 0
125, -3, 0
124, -1, 0
126, -3, 0
149, -2, 0
100, -2, 0
125, -2, 0
126, -3, 1
125, -1, 0
124, -3, 0
125, -2, 0
125, -2, 0
124, -2, 0
125, -3, 0
131, -1, 0
120, -3, 1
123, -2, 0
126, -2, 0
125, -2, 0
125, -3, 0
125, -2, 0
125, -2, 1
125, -2, 0
125, -3, 0
125, -2, 0
127, -3, 0
125, -2, 1
126, -2, 0
123, -2, 0
126, -2, 0
124, -3, 0
126, -2, 0
124, -2, 1
125, -2, 0
124, -3, 0
125, -2, 0
126, -3, 1
125, -2, 0
125, -3, 0
125, -2, 0
125, -3, 1
124, -2, 0
127, -3, 0
125, -2, 0
125, -2, 0
125, -2, 1
125, -3, 0
125, -2, 0
125, -3, 0
125, -2, 1
125, -3, 0
125, -2, 0
125, -3, 0
125, -2, 0
125, -3, 1
126, -2, 0
123, -3, 0
126, -2, 0
125, -3, 1
126, -2, 0
124, -2, 0
125, -3, 0
125, -2, 0
126, -3, 1
124, -2, 0
125, -3, 0
125, -2, 1
130, -3, 0
122, -2, 0
127, -3, 1
121, -2, 0
125, -4, 0
124, -2, 1
125, -3, 0
125, -2, 0
125, -3, 0
126, -2, 1
125, -3, 0
124, -2, 0
127, -3, 1
124, -3, 0
125, -3, 0
124, -2, 1
125, -3, 0
126, -2, 0
125, -3, 1
125, -2, 0
125, -3, 0
124, -3, 0
126, -3, 1
125, -2, 0
124, -3, 1
126, -2, 0
124, -4, 0
126, -2, 0
125, -2, 1
124, -3, 0
125, -2, 0
125, -3, 1
125, -3, 0
125, -3, 0
126, -2, 1
125, -3, 0
126, -2, 0
124, -4, 1
125, -2, 0
125, -3, 0
126, -2, 1
124, -4, 0
124, -2, 0
125, -3, 1
126, -2, 0
124, -4, 0
126, -2, 1
124, -3, 0
123, -2, 0
127, -4, 1
125, -2, 0
125, -3, 1
126, -2, 0
124, -4, 0
124, -2, 0
127, -3, 1
125, -2, 0
124, -4, 0
126, -2, 1
124, -3, 0
126, -2, 0
125, -3, 1
125, -3, 0
124, -2, 0
125, -3, 1
126, -3, 0
125, -3, 1
125, -2, 0
126, -4, 0
124, -2, 1
125, -3, 0
125, -3, 0
124, -3, 1
124, -2, 0
148, -3, 0
103, -3, 1
126, -3, 0
125, -2, 1
125, -4, 0
124, -2, 0
125, -3, 1
125, -2, 0
125, -4, 0
126, -2, 0
126, -3, 1
124, -3, 0
125, -3, 1
125, -2, 0
124, -4, 1
125, -2, 0
126, -3, 0
124, -2, 0
126, -3, 1
124, -3, 0
126, -2, 0
126, -4, 1
125, -2, 0
129, -3, 1
121, -3, 0
141, -3, 0
107, -2, 1
125, -4, 0
128, -2, 0
126, -3, 1
124, -2, 0
123, -4, 0
125, -2, 1
125, -3, 0
125, -2, 1
124, -4, 0
132, -2, 0
120, -3, 1
124, -3, 0
124, -3, 0
126, -2, 1
124, -4, 0
126, -2, 0
125, -3, 1
125, -3, 0
124, -3, 1
129, -2, 0
122, -4, 0
125, -2, 1
125, -3, 0
126, -2, 0
123, -4, 1
125, -2, 0
125, -2, 0
126, -4, 1
125, -2, 0
125, -3, 0
124, -2, 1
126, -4, 0
130, -2, 0
123, -3, 1
122, -2, 0
125, -4, 0
124, -2, 1
125, -3, 0
125, -3, 1
125, -3, 0
125, -2, 0
125, -3, 1
125, -2, 0
125, -4, 0
125, -2, 1
125, -3, 0
125, -2, 0
126, -4, 1
124, -2, 0
125, -3, 1
125, -2, 0
125, -3, 0
125, -3, 0
125, -3, 1
125, -2, 0
126, -3, 0
124, -3, 1
125, -2, 0
125, -3, 0
125, -2, 1
125, -3, 0
125, -2, 0
125, -4, 1
126, -2, 0
124, -3, 1
124, -2, 0
126, -3, 0
125, -2, 0
125, -4, 1
124, -2, 0
126, -3, 1
125, -2, 0
125, -3, 0
125, -2, 0
125, -4, 1
125, -2, 0
125, -3, 0
125, -2, 1
125, -3, 0
126, -2, 0
124, -3, 1
125, -2, 0
125, -4, 1
125, -2, 0
125, -3, 0
125, -2, 0
125, -3, 1
126, -2, 0
124, -3, 0
125, -2, 1
125, -2, 0
125, -3, 0
125, -2, 1
125, -3, 0
125, -3, 0
126, -3, 1
124, -2, 0
127, -3, 0
123, -2, 1
126, -3, 0
124, -2, 0
125, -3, 1
125, -2, 0
126, -3, 1
124, -2, 0
125, -3, 0
125, -2, 0
125, -3, 1
125, -2, 0
125, -3, 0
125, -2, 1
126, -3, 0
124, -2, 0
125, -3, 0
125, -2, 1
125, -3, 0
125, -2, 0
126, -3, 1
124, -1, 0
127, -3, 0
124, -2, 1
124, -3, 0
127, -2, 0
124, -3, 1
124, -2, 0
125, -2, 0
125, -3, 0
126, -2, 1
124, -3, 0
124, -1, 0
126, -3, 0
125, -2, 1
125, -3, 0
125, -2, 0
125, -3, 1
126, -1, 0
124, -3, 0
125, -2, 0
125, -3, 1
125, -2, 0
125, -3, 0
125, -1, 1
125, -3, 0
128, -2, 0
123, -3, 0
126, -1, 1
124, -3, 0
125, -2, 0
125, -3, 1
126, -2, 0
122, -2, 0
129, -2, 0
124, -3, 1
126, -1, 0
128, -3, 0
120, -2, 0
126, -2, 1
125, -2, 0
127, -3, 0
123, -2, 0
125, -1, 1
126, -3, 0
125, -2, 0
124, -2, 0
123, -2, 0
127, -2, 1
129, -2, 0
125, -3, 0
120, -1, 0
125, -3, 1
125, -2, 0
124, -2, 0
126, -2, 0
125, -2, 1
126, -2, 0
129, -2, 0
121, -2, 0
126, -2, 1
126, -2, 0
123, -3, 0
124, -1, 0
126, -2, 0
125, -2, 1
126, -2, 0
124, -2, 0
123, -2, 0
126, -2, 0
130, -2, 1
121, -2, 0
123, -2, 0
125, -2, 0
131, -2, 1
119, -1, 0
128, -2, 0
122, -2, 0
124, -2, 0
125, -2, 1
126, -2, 0
124, -2, 0
127, -1, 0
124, -3, 0
124, -1, 0
126, -2, 1
126, -2, 0
124, -2, 0
126, -1, 0
163, -3, 0
88, -1, 1
125, -2, 0
123, -2, 0
124, -2, 0
125, -1, 0
125, -2, 0
126, -2, 1
127, -2, 0
125, -1, 0
124, -2, 0
125, -2, 0
125, -2, 0
127, -1, 1
124, -2, 0
123, -1, 0
128, -2, 0
124, -2, 0
125, -2, 0
125, -1, 1
125, -1, 0
125, -2, 0
125, -1, 0
125, -2, 0
125, -2, 0
126, -1, 1
123, -2, 0
126, -2, 0
124, -1, 0
125, -1, 0
126, -2, 0
124, -1, 0
125, -2, 1
126, -2, 0
124, -1, 0
127, -2, 0
124, -1, 0
125, -1, 0
125, -2, 0
125, -1, 0
126, -2, 1
125, -1, 0
124, -1, 0
125, -2, 0
125, -1, 0
126, -2, 0
126, -1, 0
123, -1, 0
125, -2, 0
126, -1, 1
123, -1, 0
125, -2, 0
125, -1, 0
125, -1, 0
126, -1, 0
125, -1, 0
125, -2, 0
126, -1, 0
123, -1, 0
125, -1, 1
126, -2, 0
124, -1, 0
126, -1, 0
125, -1, 0
124, -2, 0
126, -1, 0
125, -1, 0
125, -1, 0
127, -1, 0
125, -1, 0
122, -1, 1
125, -1, 0
125, -2, 0
126, -1, 0
124, -1, 0
126, -1, 0
125, -1, 0
124, -1, 0
126, -1, 0
125, -1, 0
125, -1, 0
125, -1, 0
124, -1, 1
125, -1, 0
249, -2, 0
250, -1, 0
126, -1, 0
126, -1, 0
124, -1, 0
125, -1, 0
125, -1, 0
131, -1, 0
244, -1, 0
125, -1, 0
126, -1, 0
122, -1, 0
127, -1, 0
250, -1, 0
125, -1, 0
125, -1, 0
250, -1, 0
125, -1, 0
126, 0, 1
124, -1, 0
125, -1, 0
249, -1, 0
126, -1, 0
249, -1, 0
259, -1, 0
241, -1, 0
125, -1, 0
250, -1, 0
250, -1, 0
250, -1, 0
250, -1, 0
405, -1, 0
220, -1, 0
375, -1, 0
405, -1, 0
346, -1, -1
374, -1, 0
502, -1, 0
624, -1, 0
793, -1, -1
1332, -1, 0
3377, 1, 0
748, 0, -1
375, 1, 0
626, 1, 0
507, 1, 0
492, 1, 0
374, 1, 0
376, 1, 0
376, 1, 0
375, 1, 0
374, 1, 0
250, 1, -1
249, 1, 0
377, 1, 0
248, 1, 0
250, 1, 0
250, 1, 0
251, 1, 0
125, 1, 0
249, 1, 0
250, 1, 0
250, 1, -1
126, 1, 0
249, 1, 0
250, 1, 0
126, 1, 0
249, 1, 0
126, 1, 0
250, 1, 0
126, 1, 0
126, 1, 0
250, 1, 0
124, 1, -1
125, 1, 0
124, 1, 0
250, 1, 0
124, 1, 0
126, 1, 0
125, 1, 0
125, 1, 0
126, 1, 0
248, 1, 0
126, 1, 0
124, 1, 0
127, 1, -1
123, 1, 0
125, 1, 0
126, 1, 0
124, 1, 0
250, 2, 0
250, 2, 0
250, 2, 0
250, 2, 0
125, 1, -1
125, 1, 0
125, 1, 0
125, 1, 0
125, 1, 0
125, 1, 0
126, 1, 0
124, 2, 0
126, 1, 0
124, 1, 0
125, 1, 0
125, 1, -1
125, 1, 0
125, 2, 0
127, 1, 0
124, 1, 0
125, 1, 0
124, 1, 0
127, 2, 0
124, 1, 0
127, 1, -1
124, 1, 0
126, 2, 0
125, 1, 0
123, 2, 0
126, 1, 0
125, 1, 0
124, 1, 0
125, 2, 0
124, 1, 0
127, 2, -1
125, 1, 0
124, 2, 0
125, 1, 0
125, 2, 0
126, 1, 0
124, 1, 0
125, 2, 0
126, 1, -1
124, 2, 0
125, 1, 0
126, 2, 0
124, 1, 0
126, 2, 0
124, 2, 0
125, 1, -1
126, 2, 0
125, 1, 0
125, 2, 0
125, 1, 0
124, 2, 0
125, 2, 0
125, 1, 0
126, 2, -1
125, 1, 0
125, 2, 0
124, 1, 0
125, 2, 0
125, 2, 0
125, 2, -1
124, 1, 0
133, 2, 0
121, 2, 0
124, 2, 0
123, 1, 0
125, 2, 0
125, 2, -1
125, 2, 0
126, 1, 0
124, 2, 0
126, 2, 0
125, 2, 0
124, 2, -1
125, 2, 0
126, 1, 0
125, 3, 0
125, 1, 0
125, 2, 0
125, 2, -1
124, 1, 0
125, 3, 0
125, 1, 0
126, 2, 0
124, 2, 0
126, 2, -1
125, 2, 0
125, 2, 0
124, 2, 0
125, 2, 0
125, 2, 0
125, 2, 0
125, 2, -1
125, 2, 0
125, 2, 0
126, 2, 0
124, 2, 0
126, 3, -1
124, 1, 0
125, 3, 0
125, 1, 0
125, 3, 0
127, 2, -1
129, 2, 0
120, 2, 0
125, 2, 0
124, 2, 0
125, 3, 0
125, 1, -1
125, 2, 0
125, 3, 0
126, 2, 0
124, 2, 0
125, 2, 0
125, 3, -1
125, 1, 0
125, 3, 0
125, 2, 0
125, 3, 0
126, 1, 0
125, 3, -1
124, 2, 0
125, 3, 0
125, 1, 0
125, 3, -1
125, 2, 0
125, 3, 0
126, 2, 0
124, 3, 0
126, 1, 0
125, 3, -1
124, 2, 0
126, 3, 0
126, 2, 0
124, 3, 0
125, 2, 0
126, 2, -1
124, 2, 0
124, 3, 0
124, 2, 0
126, 2, 0
140, 3, -1
110, 2, 0
126, 3, 0
124, 2, 0
125, 3, 0
125, 2, 0
125, 3, -1
125, 1, 0
127, 4, 0
123, 2, 0
126, 3, 0
125, 1, 0
125, 4, -1
124, 1, 0
126, 4, 0
125, 2, 0
125, 3, 0
125, 2, -1
125, 3, 0
124, 2, 0
125, 3, 0
126, 2, 0
124, 3, -1
125, 2, 0
125, 3, 0
125, 2, 0
126, 3, 0
124, 2, 0
125, 3, -1
126, 2, 0
124, 3, 0
125, 3, 0
125, 2, -1
125, 3, 0
126, 2, 0
124, 4, 0
125, 2, 0
126, 3, 0
124, 2, -1
125, 3, 0
125, 2, 0
126, 4, 0
126, 2, -1
124, 3, 0
124, 2, 0
126, 3, 0
125, 2, 0
124, 4, 0
126, 2, -1
124, 3, 0
126, 2, 0
124, 4, 0
125, 2, 0
126, 3, -1
131, 2, 0
121, 4, 0
122, 2, 0
126, 3, 0
125, 2, -1
124, 4, 0
125, 2, 0
125, 2, 0
126, 4, 0
125, 2, 0
124, 3, -1
125, 2, 0
126, 4, 0
125, 2, 0
125, 3, 0
124, 3, -1
125, 3, 0
125, 2, 0
128, 4, 0
122, 2, 0
125, 3, -1
124, 3, 0
125, 3, 0
137, 2, 0
118, 4, 0
124, 2, -1
124, 4, 0
125, 2, 0
130, 3, 0
136, 3, 0
112, 3, -1
124, 2, 0
123, 4, 0
124, 2, 0
126, 4, 0
125, 2, 0
125, 3, -1
124, 3, 0
125, 3, 0
125, 3, 0
128, 2, 0
123, 3, -1
124, 3, 0
125, 3, 0
126, 2, 0
126, 4, -1
123, 2, 0
125, 4, 0
125, 2, 0
125, 4, 0
126, 2, 0
125, 3, 0
125, 3, -1
125, 3, 0
124, 3, 0
126, 3, 0
124, 2, -1
125, 4, 0
126, 2, 0
125, 4, 0
125, 2, 0
125, 4, -1
125, 2, 0
127, 4, 0
125, 2, 0
124, 4, 0
124, 2, 0
126, 3, -1
124, 3, 0
124, 3, 0
125, 3, 0
125, 2, 0
126, 4, 0
124, 2, -1
125, 4, 0
125, 2, 0
126, 4, 0
125, 2, 0
124, 4, 0
125, 2, -1
125, 3, 0
125, 3, 0
126, 3, 0
124, 3, 0
126, 3, -1
124, 3, 0
126, 3, 0
124, 2, 0
125, 4, 0
125, 2, 0
125, 4, -1
127, 2, 0
125, 4, 0
124, 2, 0
125, 4, -1
124, 2, 0
125, 4, 0
125, 2, 0
125, 4, 0
125, 2, 0
126, 4, -1
124, 2, 0
125, 3, 0
125, 3, 0
125, 4, 0
125, 2, 0
125, 2, -1
125, 4, 0
126, 2, 0
142, 4, 0
107, 2, 0
123, 4, -1
127, 2, 0
125, 4, 0
125, 2, 0
125, 4, 0
126, 2, 0
124, 4, -1
125, 2, 0
125, 3, 0
126, 3, 0
135, 3, 0
114, 3, 0
125, 3, -1
126, 3, 0
124, 3, 0
125, 3, 0
125, 3, 0
125, 3, -1
125, 3, 0
124, 3, 0
124, 3, 0
129, 2, 0
130, 4, -1
120, 2, 0
122, 4, 0
126, 2, 0
125, 3, 0
125, 3, 0
124, 2, 0
126, 4, -1
125, 3, 0
124, 3, 0
125, 2, 0
126, 4, 0
125, 2, 0
125, 4, -1
125, 2, 0
126, 4, 0
124, 2, 0
125, 3, 0
125, 3, -1
126, 3, 0
123, 3, 0
130, 3, 0
123, 2, 0
126, 4, 0
128, 2, -1
123, 4, 0
120, 2, 0
125, 4, 0
126, 2, 0
125, 3, -1
124, 3, 0
126, 3, 0
126, 2, 0
125, 3, 0
124, 3, 0
124, 2, -1
125, 4, 0
125, 2, 0
125, 4, 0
126, 2, 0
125, 3, -1
125, 3, 0
124, 3, 0
125, 2, 0
126, 4, 0
127, 2, -1
122, 3, 0
126, 3, 0
124, 3, 0
125, 2, 0
126, 4, 0
127, 2, 0
123, 3, -1
128, 3, 0
125, 3, 0
125, 2, 0
125, 3, -1
125, 3, 0
123, 3, 0
124, 2, 0
125, 3, 0
125, 3, -1
123, 2, 0
128, 3, 0
125, 2, 0
124, 4, -1
125, 2, 0
126, 3, 0
125, 2, 0
124, 3, 0
126, 2, -1
125, 4, 0
124, 2, 0
125, 3, 0
126, 2, 0
125, 4, -1
127, 2, 0
124, 3, 0
123, 2, 0
126, 3, 0
125, 2, -1
125, 3, 0
123, 2, 0
127, 4, 0
125, 2, -1
126, 3, 0
125, 2, 0
127, 3, 0
124, 2, 0
122, 3, -1
125, 2, 0
125, 3, 0
124, 2, 0
125, 2, 0
126, 4, -1
126, 2, 0
123, 3, 0
126, 2, 0
125, 3, -1
125, 2, 0
125, 3, 0
124, 1, 0
125, 3, 0
126, 2, -1
125, 3, 0
125, 2, 0
124, 3, 0
125, 2, 0
126, 3, -1
125, 2, 0
125, 3, 0
125, 2, -1
124, 3, 0
125, 2, 0
125, 3, 0
126, 2, 0
124, 2, -1
125, 2, 0
125, 3, 0
126, 2, 0
125, 3, -1
125, 2, 0
124, 2, 0
125, 2, 0
126, 2, 0
125, 3, 0
125, 2, -1
126, 2, 0
127, 2, 0
124, 3, 0
124, 1, -1
125, 3, 0
124, 2, 0
130, 2, 0
124, 2, -1
129, 3, 0
115, 2, 0
154, 2, 0
97, 2, 0
126, 3, -1
124, 1, 0
126, 3, 0
125, 1, 0
126, 3, -1
125, 2, 0
124, 2, 0
125, 2, 0
126, 2, 0
124, 2, -1
125, 2, 0
125, 2, 0
126, 2, 0
124, 2, -1
125, 2, 0
125, 2, 0
125, 1, 0
127, 3, 0
132, 1, -1
115, 3, 0
126, 1, 0
124, 3, 0
125, 1, 0
125, 2, -1
127, 2, 0
124, 2, 0
125, 2, 0
124, 2, 0
126, 1, -1
124, 2, 0
126, 2, 0
124, 2, 0
125, 1, 0
125, 2, -1
125, 2, 0
125, 2, 0
126, 2, 0
124, 2, -1
125, 1, 0
124, 2, 0
125, 1, 0
125, 2, 0
126, 2, -1
124, 2, 0
127, 1, 0
129, 1, 0
120, 2, 0
127, 1, -1
124, 2, 0
125, 2, 0
125, 2, 0
125, 1, 0
125, 2, -1
125, 1, 0
125, 2, 0
125, 1, 0
125, 2, 0
125, 1, 0
125, 2, -1
125, 1, 0
125, 1, 0
125, 2, 0
126, 1, 0
124, 1, 0
125, 2, -1
125, 1, 0
125, 2, 0
125, 1, 0
126, 1, 0
125, 1, -1
125, 2, 0
124, 1, 0
125, 2, 0
124, 1, 0
125, 1, 0
126, 1, -1
126, 1, 0
124, 2, 0
250, 2, 0
126, 1, 0
124, 1, -1
125, 1, 0
125, 2, 0
251, 2, 0
124, 1, 0
125, 1, -1
124, 1, 0
133, 1, 0
117, 1, 0
125, 1, 0
125, 1, 0
125, 1, -1
125, 1, 0
125, 1, 0
125, 1, 0
125, 1, 0
249, 2, 0
126, 0, -1
125, 1, 0
125, 1, 0
125, 1, 0
125, 1, 0
125, 1, 0
249, 1, 0
126, 1, -1
125, 1, 0
249, 1, 0
126, 1, 0
249, 1, 0
126, 1, 0
126, 1, -1
248, 1, 0
126, 1, 0
249, 1, 0
126, 1, 0
125, 0, -1
249, 1, 0
126, 1, 0
256, 1, 0
243, 1, 0
250, 1, 0
126, 0, -1
249, 1, 0
250, 1, 0
526, 1, 0
350, 1, 0
402, 1, -1
597, 1, 0
655, 1, 0
3846, 0, -1
1504, -1, 0
1124, -1, 0
877, -1, 0
623, -1, 0
499, 0, -1
125, -1, 0
500, -1, 0
376, -1, 0
500, -1, 0
247, 0, -1
126, -1, 0
377, -1, 0
372, -1, 0
375, -1, 0
379, -1, -1
246, -1, 0
251, -1, 0
375, -1, 0
255, -1, 0
245, -1, -1
249, -1, 0
250, -1, 0
250, -1, 0
250, -1, 0
250, -1, -1
252, -1, 0
249, -1, 0
125, -1, 0
249, -1, 0
249, -1, 0
126, -1, -1
249, -1, 0
126, -1, 0
249, -1, 0
254, -1, 0
122, -1, 0
125, -1, -1
249, -1, 0
250, -1, 0
125, -1, 0
126, -1, 0
250, -1, 0
125, -1, 0
126, -1, -1
248, -1, 0
126, -1, 0
125, -1, 0
250, -1, 0
128, -1, 0
123, -1, 0
124, -1, 0
251, -1, 0
127, -1, 0
123, -1, -1
249, -1, 0
131, -1, 0
119, -1, 0
125, -1, 0
125, -1, 0
248, -1, 0
127, -1, 0
124, -1, 0
124, -1, 0
126, -1, 0
127, -1, -1
124, -1, 0
124, -1, 0
125, -1, 0
126, -1, 0
124, -1, 0
249, -2, 0
251, -2, 0
253, -2, 0
247, -2, 0
125, 0, -1
125, -1, 0
125, -1, 0
135, -1, 0
117, -2, 0
249, -2, 0
127, -1, 0
124, -1, 0
124, -1, 0
125, -1, 0
125, -1, 0
126, -1, 0
125, -1, 0
125, -1, 0
127, -1, 0
125, -2, 0
125, -1, 0
125, -1, -1
123, -1, 0
124, -1, 0
126, -1, 0
126, -1, 0
124, -1, 0
125, -2, 0
125, -1, 0
125, -1, 0
124, -1, 0
126, -2, 0
249, -2, 0
125, -1, 0
125, -1, 0
126, -2, 0
124, -1, 0
126, -1, 0
125, -1, 0
126, -2, -1
125, -1, 0
123, -1, 0
126, -1, 0
125, -2, 0
124, -1, 0
125, -1, 0
127, -1, 0
123, -2, 0
126, -1, 0
124, -2, 0
125, -1, 0
125, -1, 0
125, -1, 0
125, -2, 0
130, -1, 0
127, -2, 0
128, -1, 0
116, -2, 0
123, -1, 0
126, -1, 0
125, -1, 0
125, -2, 0
125, -1, 0
126, -1, 0
125, -2, 0
127, -1, 0
124, -2, 0
124, -1, 0
125, -2, 0
124, -1, 0
125, -2, 0
125, -1, 0
126, -1, -1
124, -2, 0
125, -1, 0
125, -1, 0
126, -2, 0
124, -1, 0
125, -2, 0
125, -1, 0
126, -2, 0
124, -1, 0
125, -2, 0
125, -1, 0
125, -2, 0
125, -1, 0
126, -2, 0
126, -1, 0
126, -2, 0
121, -2, 0
126, -1, 0
125, -2, 0
125, -1, 0
125, -2, 0
125, -1, 0
126, -2, 0
125, -1, 0
124, -2, 0
126, -1, 0
125, -2, 0
124, -1, 0
125, -2, 0
125, -1, 0
125, -2, 0
125, -2, 0
125, -2, 0
126, -1, 0
124, -2, 0
124, -1, 0
125, -2, 0
126, -1, 0
124, -2, 0
126, -2, 1
124, -2, 0
125, -1, 0
125, -2, 0
125, -1, 0
125, -1, 0
125, -2, 0
125, -2, 0
126, -1, 0
124, -2, 0
126, -2, 0
129, -1, 0
120, -2, 0
125, -1, 0
125, -2, 0
125, -2, 0
126, -2, 0
124, -1, 0
125, -2, 0
129, -1, 0
123, -2, 0
125, -2, 0
125, -2, 1
125, -1, 0
126, -2, 0
122, -1, 0
128, -3, 0
128, -1, 0
123, -2, 0
125, -1, 0
123, -2, 0
142, -2, 0
108, -1, 0
127, -2, 0
124, -1, 0
124, -2, 0
127, -2, 0
123, -2, 0
124, -1, 0
125, -2, 0
126, -1, 0
124, -3, 0
125, -1, 1
125, -2, 0
126, -1, 0
125, -2, 0
125, -2, 0
124, -2, 0
126, -1, 0
125, -2, 0
125, -2, 0
124, -2, 0
126, -1, 0
124, -2, 0
126, -2, 1
125, -2, 0
125, -1, 0
125, -2, 0
125, -2, 0
125, -1, 0
125, -2, 0
124, -1, 0
126, -3, 0
125, -1, 0
124, -2, 0
127, -2, 0
126, -2, 1
123, -1, 0
125, -2, 0
125, -2, 0
124, -2, 0
127, -1, 0
125, -2, 0
123, -1, 0
126, -2, 0
124, -2, 0
130, -2, 1
119, -1, 0
128, -2, 0
123, -2, 0
128, -2, 0
123, -1, 0
125, -2, 0
125, -2, 0
125, -2, 0
125, -1, 1
125, -2, 0
124, -2, 0
126, -1, 0
124, -2, 0
126, -2, 0
125, -2, 0
124, -1, 0
126, -2, 0
125, -2, 0
125, -2, 1
125, -1, 0
124, -2, 0
126, -2, 0
124, -2, 0
125, -1, 0
126, -2, 0
125, -2, 0
125, -2, 0
125, -1, 0
125, -2, 1
124, -2, 0
125, -2, 0
126, -1, 0
125, -2, 0
125, -1, 0
124, -2, 0
127, -2, 0
124, -2, 0
125, -1, 1
125, -2, 0
126, -2, 0
124, -1, 0
125, -2, 0
124, -1, 0
126, -3, 0
125, -1, 0
125, -2, 1
124, -1, 0
126, -3, 0
125, -1, 0
126, -2, 0
124, -1, 0
125, -2, 0
124, -2, 0
126, -2, 1
125, -1, 0
125, -2, 0
125, -1, 0
125, -2, 0
125, -2, 0
125, -2, 1
125, -1, 0
124, -2, 0
126, -2, 0
125, -2, 0
125, -1, 0
125, -2, 0
125, -1, 0
125, -2, 0
125, -2, 1
125, -1, 0
125, -2, 0
125, -1, 0
124, -3, 0
126, -1, 0
125, -2, 1
126, -1, 0
123, -2, 0
125, -2, 0
125, -2, 0
125, -1, 0
125, -2, 0
125, -1, 1
125, -2, 0
125, -2, 0
126, -2, 0
128, -1, 0
125, -2, 0
122, -1, 0
128, -2, 1
125, -1, 0
127, -2, 0
121, -2, 0
124, -2, 0
125, -1, 0
124, -2, 0
125, -1, 0
125, -2, 1
125, -2, 0
125, -1, 0
126, -2, 0
124, -1, 0
125, -2, 0
125, -1, 0
125, -2, 1
125, -1, 0
126, -3, 0
124, -1, 0
127, -2, 0
124, -1, 0
128, -2, 0
124, -1, 1
125, -2, 0
124, -1, 0
126, -2, 0
124, -1, 0
126, -3, 0
126, -1, 1
123, -2, 0
125, -1, 0
126, -2, 0
124, -1, 0
125, -2, 0
125, -1, 1
126, -2, 0
124, -1, 0
125, -1, 0
125, -2, 0
125, -2, 0
126, -1, 1
124, -2, 0
125, -1, 0
126, -2, 0
130, -1, 0
118, -2, 0
129, -2, 1
122, -1, 0
124, -2, 0
125, -1, 0
125, -2, 0
126, -1, 0
124, -2, 0
125, -1, 1
125, -2, 0
125, -1, 0
125, -2, 0
125, -1, 0
125, -2, 0
126, -1, 1
124, -2, 0
125, -1, 0
125, -2, 0
126, -1, 0
124, -2, 0
125, -1, 0
125, -1, 1
126, -2, 0
124, -1, 0
125, -1, 0
125, -2, 0
125, -1, 1
125, -2, 0
125, -1, 0
125, -1, 0
126, -2, 0
124, -1, 0
125, -2, 1
125, -1, 0
125, -2, 0
125, -1, 0
125, -2, 0
125, -1, 0
126, -1, 1
124, -1, 0
125, -2, 0
125, -1, 0
125, -2, 0
125, -1, 0
125, -2, 1
125, -1, 0
126, -1, 0
124, -2, 0
125, -1, 0
125, -1, 1
125, -1, 0
125, -2, 0
125, -1, 0
125, -1, 0
126, -2, 0
124, -1, 0
125, -1, 1
125, -2, 0
126, -1, 0
125, -2, 0
125, -1, 0
124, -1, 0
126, -1, 0
124, -2, 1
125, -1, 0
125, -1, 0
127, -1, 0
123, -2, 0
125, -1, 0
125, -1, 1
126, -1, 0
124, -2, 0
125, -1, 0
125, -1, 0
125, -2, 0
125, -1, 0
125, -1, 1
125, -1, 0
126, -1, 0
124, -2, 0
125, -1, 0
125, -1, 0
125, -1, 1
125, -1, 0
125, -2, 0
125, -1, 0
126, -1, 0
124, -1, 0
126, -1, 0
124, -1, 1
125, -2, 0
125, -1, 0
125, -1, 0
126, -1, 0
125, -2, 0
248, -2, 1
126, -1, 0
127, -1, 0
124, -1, 0
124, -1, 0
125, -1, 0
126, -2, 0
124, 0, 1
126, -2, 0
124, -1, 0
125, -1, 0
125, -1, 0
125, -1, 0
125, -1, 1
126, -1, 0
124, -1, 0
125, -1, 0
125, -1, 0
125, -1, 0
125, -1, 0
125, -1, 1
125, -2, 0
249, -2, 0
251, -2, 0
126, -1, 0
124, -1, 0
126, -1, 1
124, -1, 0
249, -2, 0
250, -2, 0
126, -1, 0
125, -1, 1
131, -1, 0
126, -1, 0
245, -2, 0
255, -1, 0
120, -1, 0
125, -1, 1
124, -1, 0
126, -1, 0
126, -1, 0
123, -1, 0
124, -1, 0
251, -1, 0
126, -1, 1
123, -1, 0
125, -1, 0
126, -1, 0
124, -1, 0
125, -1, 0
125, -1, 0
125, -1, 1
250, -1, 0
125, -1, 0
126, -1, 0
248, -1, 0
126, -1, 0
134, -1, 0
119, -1, 0
123, -1, 1
250, -1, 0
128, -1, 0
248, -1, 0
125, -1, 0
125, -1, 0
124, 0, 1
125, -1, 0
125, -1, 0
124, -1, 0
251, -1, 0
125, -1, 0
127, -1, 0
247, -1, 1
129, -1, 0
122, -1, 0
253, -1, 0
122, -1, 0
125, -1, 0
251, -1, 0
249, -1, 0
125, -1, 1
249, -1, 0
250, -1, 0
126, -1, 0
250, -1, 0
251, -1, 0
124, -1, 0
251, -1, 1
249, -1, 0
250, -1, 0
124, -1, 0
251, -1, 0
251, -1, 0
248, -1, 0
250, -1, 0
127, 0, 1
125, -1, 0
251, -1, 0
248, -1, 0
250, -1, 0
250, -1, 0
375, -1, 0
249, -1, 0
376, -1, 1
250, -1, 0
249, -1, 0
376, -1, 0
376, -1, 0
373, -1, 0
375, -1, 0
377, -1, 0
373, -1, 0
126, 0, 1
374, -1, 0
376, -1, 0
502, -1, 0
623, -1, 0
498, -1, 0
754, -1, 0
622, -1, 0
877, -1, 0
1006, -1, 0
1556, -1, 0
11665, 1, 0
1275, 1, 0
1128, 1, 0
869, 1, 0
911, 1, 0
738, 1, 0
624, 1, 0
731, 1, 0
623, 1, 0
123, 0, -1
625, 1, 0
411, 1, 0
631, 1, 0
623, 1, 0
334, 1, 0
626, 1, 0
375, 1, 0
665, 1, 0
335, 1, 0
540, 1, 0
498, 1, 0
212, 0, -1
125, 1, 0
537, 1, 0
338, 1, 0
374, 1, 0
410, 1, 0
341, 1, 0
504, 1, 0
259, 1, 0
563, 1, 0
299, 1, 0
406, 1, 0
344, 1, 0
375, 1, 0
375, 1, 0
250, 1, 0
412, 1, 0
338, 1, 0
413, 1, 0
211, 1, 0
425, 1, 0
201, 1, 0
416, 1, 0
396, 1, 0
188, 1, 0
374, 1, 0
250, 1, 0
251, 1, -1
417, 1, 0
207, 1, 0
413, 1, 0
213, 1, 0
249, 1, 0
251, 1, 0
249, 1, 0
376, 1, 0
251, 1, 0
250, 1, 0
250, 1, 0
250, 1, 0
249, 1, 0
250, 1, 0
250, 1, 0
126, 1, 0
375, 1, 0
250, 1, 0
129, 1, 0
246, 1, 0
249, 1, 0
250, 1, 0
126, 1, 0
249, 1, 0
127, 0, -1
125, 1, 0
248, 1, 0
126, 1, 0
249, 1, 0
248, 1, 0
131, 1, 0
248, 1, 0
249, 1, 0
124, 1, 0
249, 1, 0
252, 1, 0
124, 1, 0
249, 1, 0
125, 1, 0
250, 1, -1
127, 1, 0
124, 1, 0
249, 1, 0
248, 1, 0
140, 1, 0
238, 1, 0
125, 1, 0
125, 1, 0
249, 1, 0
126, 1, 0
249, 1, 0
127, 1, 0
124, 0, -1
125, 1, 0
125, 1, 0
125, 1, 0
249, 1, 0
126, 1, 0
125, 1, 0
249, 1, 0
126, 1, 0
124, 1, 0
126, 1, 0
249, 1, -1
127, 1, 0
124, 1, 0
249, 1, 0
126, 1, 0
125, 1, 0
125, 1, 0
125, 1, 0
249, 1, 0
128, 1, 0
125, 1, -1
125, 1, 0
124, 1, 0
249, 1, 0
125, 1, 0
124, 1, 0
126, 1, 0
125, 1, 0
249, 1, 0
126, 1, -1
125, 1, 0
125, 1, 0
125, 1, 0
250, 2, 0
249, 1, 0
126, 1, 0
125, 1, -1
126, 1, 0
124, 1, 0
126, 1, 0
124, 1, 0
125, 1, 0
125, 1, 0
125, 1, 0
250, 1, 0
125, 1, -1
125, 1, 0
125, 1, 0
125, 1, 0
125, 1, 0
125, 1, 0
125, 1, 0
125, 1, -1
125, 1, 0
125, 1, 0
125, 1, 0
125, 1, 0
125, 1, 0
125, 1, 0
125, 1, 0
124, 1, -1
126, 1, 0
125, 1, 0
125, 1, 0
126, 2, 0
249, 1, 0
125, 2, 0
126, 0, -1
124, 2, 0
128, 1, 0
124, 1, 0
124, 1, 0
125, 1, -1
125, 1, 0
125, 1, 0
126, 1, 0
123, 1, 0
125, 1, 0
126, 2, 0
124, 1, -1
125, 1, 0
125, 1, 0
127, 1, 0
125, 1, 0
125, 2, 0
127, 0, -1
123, 2, 0
125, 1, 0
124, 1, 0
127, 1, 0
123, 2, -1
253, 2, 0
129, 1, 0
123, 1, 0
124, 1, 0
124, 2, -1
124, 1, 0
125, 1, 0
124, 1, 0
124, 1, -1
126, 2, 0
125, 1, 0
126, 1, 0
125, 1, 0
124, 2, -1
125, 1, 0
126, 1, 0
131, 1, 0
118, 2, 0
132, 1, -1
120, 1, 0
124, 1, 0
127, 2, 0
126, 1, -1
125, 1, 0
124, 1, 0
126, 2, 0
122, 1, 0
125, 2, -1
125, 1, 0
126, 1, 0
125, 1, 0
125, 2, -1
124, 1, 0
124, 2, 0
127, 1, 0
123, 1, -1
125, 1, 0
127, 2, 0
125, 1, -1
125, 1, 0
124, 2, 0
125, 1, 0
126, 2, 0
124, 1, -1
128, 2, 0
123, 1, 0
129, 1, -1
121, 2, 0
128, 1, 0
122, 1, 0
124, 2, -1
124, 1, 0
125, 2, 0
125, 1, 0
127, 2, -1
127, 1, 0
121, 2, 0
128, 1, -1
124, 2, 0
126, 1, 0
125, 2, -1
125, 1, 0
126, 2, 0
124, 1, 0
124, 1, -1
126, 2, 0
125, 2, 0
122, 1, -1
125, 1, 0
125, 2, 0
124, 1, 0
126, 2, -1
123, 1, 0
125, 2, 0
125, 1, -1
127, 2, 0
131, 1, 0
123, 2, -1
122, 1, 0
126, 2, 0
124, 2, -1
124, 1, 0
126, 2, 0
126, 2, -1
123, 1, 0
126, 2, 0
126, 1, -1
124, 2, 0
126, 1, 0
128, 2, -1
124, 1, 0
125, 2, 0
122, 2, -1
125, 2, 0
124, 1, 0
125, 2, -1
123, 1, 0
129, 2, 0
125, 1, -1
124, 2, 0
124, 2, 0
125, 1, -1
131, 2, 0
123, 1, 0
119, 2, -1
127, 2, 0
127, 1, -1
124, 2, 0
123, 2, 0
126, 1, -1
125, 2, 0
126, 2, 0
124, 1, -1
124, 2, 0
127, 2, 0
125, 1, -1
123, 2, 0
124, 2, -1
129, 2, 0
123, 1, 0
126, 2, -1
125, 2, 0
129, 2, -1
124, 1, 0
125, 2, 0
127, 1, -1
123, 3, 0
125, 1, 0
125, 2, -1
123, 1, 0
129, 2, -1
128, 2, 0
118, 2, -1
127, 1, 0
124, 2, 0
125, 2, -1
123, 1, 0
128, 2, 0
125, 2, -1
122, 2, 0
124, 1, -1
125, 2, 0
126, 2, 0
125, 2, -1
122, 1, 0
129, 3, -1
127, 1, 0
122, 2, 0
124, 1, -1
128, 3, 0
124, 1, -1
131, 2, 0
119, 2, 0
124, 2, -1
125, 1, 0
125, 2, -1
124, 2, 0
127, 2, -1
123, 2, 0
127, 2, 0
128, 1, -1
124, 2, 0
131, 2, -1
133, 2, 0
109, 1, -1
134, 3, 0
127, 1, 0
118, 2, -1
121, 2, 0
127, 1, 0
123, 3, -1
124, 1, 0
125, 2, -1
127, 2, 0
124, 2, -1
125, 1, 0
123, 3, -1
125, 1, 0
125, 2, -1
125, 2, 0
124, 2, 0
126, 2, -1
124, 2, 0
130, 1, -1
122, 3, 0
126, 1, 0
126, 3, -1
125, 1, 0
124, 2, -1
128, 2, 0
122, 2, -1
136, 2, 0
118, 2, -1
126, 1, 0
125, 3, -1
127, 1, 0
125, 2, -1
119, 2, 0
125, 3, -1
126, 1, 0
122, 2, -1
124, 2, 0
127, 2, 0
125, 2, -1
125, 1, 0
126, 3, -1
125, 1, 0
126, 2, -1
126, 2, 0
126, 2, -1
122, 2, 0
125, 2, 0
124, 2, -1
127, 2, 0
123, 2, -1
126, 2, 0
123, 2, -1
131, 2, 0
121, 2, -1
125, 2, 0
124, 1, -1
124, 3, 0
125, 1, 0
126, 3, -1
124, 1, 0
126, 3, -1
126, 1, 0
124, 3, -1
124, 1, 0
127, 3, -1
124, 1, 0
125, 3, -1
125, 1, 0
124, 3, -1
126, 1, 0
126, 3, -1
124, 1, 0
123, 2, -1
125, 2, 0
125, 2, -1
125, 2, 0
124, 2, -1
126, 2, 0
128, 2, -1
129, 2, 0
117, 2, -1
126, 2, 0
125, 1, 0
124, 3, -1
126, 1, 0
125, 3, -1
124, 1, 0
125, 3, -1
125, 1, 0
126, 3, -1
125, 1, 0
124, 3, -1
125, 1, 0
125, 3, -1
125, 1, 0
125, 2, -1
125, 2, 0
125, 3, -1
126, 1, 0
124, 2, -1
126, 2, 0
125, 2, -1
124, 2, 0
125, 2, -1
126, 2, 0
126, 2, -1
124, 2, 0
124, 1, -1
125, 3, 0
125, 2, -1
125, 2, 0
125, 1, -1
125, 3, 0
126, 2, 0
125, 2, -1
123, 1, -1
126, 3, 0
124, 1, 0
132, 3, -1
117, 1, 0
128, 3, -1
130, 1, 0
120, 3, -1
124, 1, 0
126, 3, -1
125, 1, 0
124, 2, -1
125, 2, 0
125, 2, -1
125, 2, 0
127, 2, -1
123, 2, 0
125, 2, -1
125, 2, 0
125, 2, -1
125, 2, 0
125, 2, -1
123, 2, 0
127, 1, 0
123, 2, -1
126, 2, 0
124, 2, -1
125, 2, 0
125, 2, -1
125, 2, 0
126, 2, -1
125, 2, 0
125, 2, -1
125, 1, 0
124, 3, -1
129, 1, 0
123, 3, 0
125, 1, -1
125, 2, 0
126, 2, -1
124, 2, 0
124, 2, -1
125, 2, 0
128, 1, -1
125, 3, 0
125, 1, -1
125, 3, 0
125, 1, -1
125, 2, 0
124, 2, 0
124, 2, -1
125, 2, 0
126, 2, -1
141, 1, 0
109, 3, -1
125, 1, 0
125, 2, 0
125, 2, -1
125, 1, 0
125, 2, -1
125, 2, 0
124, 2, -1
125, 2, 0
126, 2, 0
125, 1, -1
125, 2, 0
125, 2, -1
125, 2, 0
126, 2, 0
124, 2, -1
125, 1, 0
126, 2, -1
123, 2, 0
125, 2, -1
126, 1, 0
125, 3, 0
125, 1, -1
125, 2, 0
125, 2, -1
126, 2, 0
123, 1, 0
126, 2, -1
124, 2, 0
125, 2, -1
126, 1, 0
124, 2, 0
125, 2, -1
126, 2, 0
130, 1, -1
120, 2, 0
125, 2, -1
124, 1, 0
125, 2, 0
125, 1, -1
126, 2, 0
125, 2, 0
125, 2, -1
125, 1, 0
124, 2, -1
125, 2, 0
125, 2, 0
125, 1, 0
125, 2, -1
126, 1, 0
124, 2, -1
125, 2, 0
125, 2, 0
125, 1, -1
125, 2, 0
125, 1, 0
125, 2, -1
126, 2, 0
124, 1, 0
125, 2, -1
133, 2, 0
120, 1, 0
127, 2, -1
130, 1, 0
125, 2, -1
120, 1, 0
124, 2, 0
124, 2, 0
137, 1, -1
121, 2, 0
117, 2, -1
124, 1, 0
126, 2, 0
126, 1, 0
125, 2, -1
124, 1, 0
127, 1, 0
124, 2, 0
128, 1, -1
125, 2, 0
123, 1, 0
128, 2, -1
127, 1, 0
127, 2, 0
125, 1, -1
123, 2, 0
121, 1, 0
124, 2, 0
127, 1, -1
126, 2, 0
123, 1, 0
125, 2, -1
125, 1, 0
126, 2, 0
124, 1, 0
125, 2, 0
129, 1, -1
124, 1, 0
120, 2, 0
125, 1, 0
125, 1, -1
126, 2, 0
123, 1, 0
125, 2, 0
125, 1, -1
125, 1, 0
127, 1, 0
122, 2, 0
124, 1, -1
143, 2, 0
109, 1, 0
133, 1, 0
119, 1, -1
122, 2, 0
124, 1, 0
128, 1, 0
124, 1, 0
124, 1, -1
125, 2, 0
123, 1, 0
128, 1, 0
126, 1, 0
124, 2, 0
128, 1, -1
122, 1, 0
130, 1, 0
120, 1, 0
125, 1, -1
126, 2, 0
127, 1, 0
123, 1, 0
124, 1, 0
127, 1, 0
142, 1, 0
106, 1, 0
125, 1, -1
122, 2, 0
133, 1, 0
121, 1, 0
124, 1, 0
124, 1, 0
125, 1, 0
130, 1, -1
120, 1, 0
125, 1, 0
126, 1, 0
124, 1, 0
126, 1, 0
124, 1, 0
146, 1, 0
111, 1, 0
248, 2, -1
249, 1, 0
128, 1, 0
130, 1, 0
121, 1, 0
122, 1, 0
253, 1, 0
123, 1, 0
124, 1, 0
260, 1, 0
111, 1, 0
127, 1, 0
124, 1, 0
268, 1, 0
134, 1, 0
115, 1, 0
249, 1, 0
262, 1, 0
112, 1, 0
239, 1, 0
255, 1, 0
248, 1, 0
248, 1, 0
377, 1, 0
375, 1, 0
1141, 1, 0
3877, -1, 0
357, -1, 0
494, -1, 0
373, -1, 0
370, -1, 0
377, -1, 0
375, -1, 0
249, -1, 0
250, -1, 0
253, -1, 0
124, 0, 1
124, -1, 0
126, -1, 0
250, -1, 0
251, -1, 0
125, -1, 0
251, -1, 0
249, -1, 0
126, -1, 0
124, -1, 0
129, 0, 1
126, -1, 0
121, -1, 0
128, -1, 0
249, -1, 0
123, -1, 0
125, -1, 0
250, -1, 0
124, -1, 0
127, -1, 1
121, -1, 0
127, -1, 0
125, -1, 0
126, -1, 0
125, -1, 0
125, -1, 0
125, 0, 1
127, -1, 0
123, -2, 0
250, -2, 0
256, -2, 0
119, -1, 1
124, -1, 0
126, -1, 0
124, -1, 0
126, -1, 0
124, -1, 0
125, -1, 1
125, -2, 0
126, -1, 0
124, -1, 0
131, -1, 0
124, -2, 1
125, -1, 0
124, -1, 0
126, -1, 0
122, -2, 0
124, -1, 1
126, -1, 0
126, -1, 0
125, -2, 0
125, -1, 1
123, -2, 0
125, -1, 0
133, -2, 0
120, -1, 1
126, -1, 0
125, -2, 0
119, -1, 0
155, -1, 1
96, -2, 0
126, -1, 0
125, -2, 1
125, -1, 0
126, -2, 0
126, -2, 0
123, -1, 1
123, -2, 0
123, -1, 0
125, -2, 0
125, -1, 1
126, -2, 0
125, -1, 0
128, -2, 1
123, -2, 0
124, -2, 0
125, -1, 1
125, -2, 0
125, -1, 0
125, -3, 1
127, -1, 0
124, -2, 1
124, -2, 0
126, -2, 0
124, -1, 0
132, -2, 1
125, -2, 0
119, -2, 1
123, -2, 0
126, -2, 1
124, -1, 0
126, -3, 0
124, -1, 1
125, -2, 0
125, -2, 0
126, -2, 1
124, -2, 0
128, -2, 1
123, -2, 0
126, -2, 1
124, -2, 0
125, -2, 1
127, -2, 0
124, -2, 0
126, -2, 1
124, -3, 0
124, -1, 1
125, -2, 0
138, -2, 1
124, -2, 0
120, -3, 1
120, -1, 0
124, -3, 1
124, -2, 0
123, -2, 1
126, -2, 0
125, -3, 0
126, -2, 1
132, -2, 1
123, -2, 0
122, -3, 1
128, -1, 0
121, -3, 1
125, -2, 0
126, -3, 1
127, -2, 0
124, -2, 1
126, -2, 0
124, -3, 1
124, -2, 0
125, -3, 1
124, -2, 0
126, -3, 1
124, -2, 1
125, -2, 0
125, -2, 1
126, -3, 0
126, -2, 1
125, -3, 0
125, -2, 1
126, -3, 1
124, -2, 0
126, -3, 1
124, -2, 0
124, -3, 1
126, -2, 0
124, -2, 1
125, -4, 1
127, -1, 0
123, -4, 1
126, -2, 0
125, -3, 1
125, -2, 1
125, -3, 0
123, -2, 1
126, -3, 1
125, -2, 0
125, -4, 1
125, -2, 0
124, -3, 1
127, -2, 1
127, -4, 0
122, -2, 1
126, -3, 1
126, -2, 0
125, -3, 1
125, -3, 1
124, -3, 1
126, -2, 0
125, -4, 1
128, -2, 0
124, -3, 1
124, -3, 1
123, -3, 1
123, -2, 0
125, -4, 1
128, -2, 0
126, -4, 1
124, -2, 1
126, -3, 1
123, -3, 0
126, -3, 1
125, -2, 1
125, -4, 0
124, -2, 1
126, -4, 1
126, -2, 0
124, -3, 1
124, -3, 1
126, -3, 0
125, -3, 1
126, -3, 1
125, -3, 1
126, -3, 0
125, -4, 1
122, -2, 1
124, -4, 0
128, -2, 1
126, -4, 1
123, -2, 1
126, -4, 0
125, -2, 1
125, -4, 1
121, -3, 1
125, -3, 0
128, -3, 1
122, -4, 1
128, -2, 1
123, -4, 1
126, -3, 0
125, -3, 1
137, -3, 1
132, -4, 1
112, -2, 0
133, -4, 1
113, -3, 1
135, -3, 1
115, -3, 0
127, -4, 1
123, -2, 1
126, -4, 1
122, -3, 0
124, -4, 1
125, -3, 1
125, -3, 1
123, -3, 0
126, -4, 1
125, -3, 1
125, -2, 1
125, -4, 0
125, -3, 1
125, -4, 1
126, -2, 1
125, -4, 1
124, -3, 0
124, -4, 1
126, -3, 1
126, -4, 1
124, -2, 1
125, -5, 0
124, -2, 1
127, -4, 1
124, -3, 1
126, -4, 1
124, -3, 0
125, -4, 1
125, -2, 1
125, -4, 1
125, -3, 1
126, -4, 1
125, -3, 0
124, -4, 1
125, -3, 1
125, -4, 1
125, -2, 1
125, -4, 1
125, -3, 0
125, -4, 1
126, -3, 1
125, -4, 1
124, -3, 0
125, -4, 1
124, -3, 1
126, -4, 1
125, -3, 1
125, -4, 1
125, -2, 0
125, -4, 1
125, -3, 1
125, -4, 1
126, -3, 0
124, -3, 1
126, -4, 1
125, -3, 1
124, -4, 1
125, -3, 0
126, -4, 1
125, -2, 1
125, -5, 1
125, -2, 1
124, -4, 1
125, -3, 0
126, -4, 1
126, -3, 1
126, -4, 1
126, -3, 1
126, -4, 1
121, -3, 0
127, -4, 1
126, -3, 1
125, -4, 1
122, -3, 0
123, -4, 1
126, -2, 1
125, -4, 1
125, -3, 1
126, -4, 1
125, -3, 0
126, -4, 1
127, -3, 1
123, -4, 1
125, -3, 1
125, -4, 1
124, -3, 0
124, -4, 1
150, -3, 1
110, -2, 0
150, -4, 2
103, -3, 0
140, -4, 1
111, -3, 1
130, -4, 1
110, -3, 0
124, -4, 1
129, -2, 1
122, -5, 1
126, -2, 0
125, -4, 1
121, -3, 1
123, -4, 1
125, -3, 1
128, -4, 1
122, -2, 0
125, -4, 1
126, -3, 1
124, -4, 1
126, -3, 0
134, -4, 1
117, -2, 1
125, -4, 1
127, -3, 1
125, -4, 1
129, -3, 0
122, -4, 1
127, -2, 1
122, -4, 1
125, -3, 0
126, -4, 1
124, -2, 1
137, -4, 1
113, -3, 0
125, -4, 1
125, -2, 1
126, -3, 1
124, -4, 0
126, -3, 1
124, -4, 1
126, -2, 0
127, -4, 1
129, -3, 1
118, -4, 1
130, -2, 0
124, -4, 1
120, -3, 1
126, -4, 1
123, -2, 0
125, -4, 1
125, -3, 1
124, -4, 1
125, -2, 0
125, -4, 1
126, -3, 1
124, -3, 1
124, -3, 0
126, -4, 1
127, -2, 1
123, -4, 1
124, -3, 0
125, -3, 1
126, -3, 1
124, -3, 1
124, -3, 0
127, -4, 1
125, -2, 1
125, -4, 1
126, -2, 0
125, -4, 1
123, -2, 1
125, -4, 0
127, -3, 1
124, -3, 1
124, -3, 1
126, -3, 0
125, -3, 1
124, -3, 1
128, -2, 0
122, -3, 1
125, -4, 1
125, -2, 0
126, -4, 1
124, -2, 1
124, -3, 0
127, -3, 1
126, -3, 1
124, -3, 0
127, -3, 1
125, -3, 0
123, -3, 1
126, -2, 1
124, -4, 1
124, -2, 0
126, -4, 1
124, -2, 0
126, -3, 1
125, -3, 1
124, -3, 0
128, -2, 1
125, -4, 1
123, -2, 0
127, -3, 1
123, -2, 0
128, -4, 1
122, -2, 1
124, -3, 1
126, -3, 0
124, -3, 1
126, -2, 0
126, -3, 1
124, -2, 0
125, -4, 1
124, -2, 1
126, -3, 0
126, -2, 1
126, -3, 0
126, -3, 1
126, -2, 0
123, -3, 1
125, -2, 0
126, -3, 1
126, -2, 0
125, -3, 1
126, -2, 1
121, -4, 0
124, -2, 1
125, -3, 0
125, -2, 1
125, -3, 0
125, -2, 1
127, -3, 0
122, -2, 1
127, -3, 0
125, -2, 1
125, -3, 0
124, -2, 1
124, -3, 0
130, -2, 1
123, -3, 0
123, -2, 0
127, -3, 1
124, -2, 0
124, -2, 1
125, -2, 0
125, -3, 1
125, -2, 0
125, -3, 1
126, -2, 0
123, -3, 1
126, -2, 0
126, -2, 1
125, -2, 0
125, -2, 0
125, -3, 1
125, -2, 0
125, -2, 1
125, -2, 0
125, -3, 1
128, -2, 0
125, -2, 0
127, -2, 1
122, -3, 0
127, -2, 0
122, -2, 1
155, -2, 0
100, -2, 1
120, -2, 0
126, -3, 1
135, -1, 0
119, -3, 0
120, -1, 1
127, -3, 0
124, -2, 1
131, -2, 0
117, -2, 0
126, -2, 1
125, -2, 0
132, -2, 0
122, -2, 0
122, -2, 1
123, -2, 0
125, -2, 0
124, -2, 1
126, -2, 0
124, -2, 0
125, -2, 1
124, -2, 0
128, -2, 0
125, -1, 0
125, -2, 1
124, -2, 0
127, -2, 0
123, -2, 1
124, -1, 0
125, -3, 0
126, -1, 0
125, -2, 1
125, -2, 0
125, -2, 0
124, -1, 1
126, -2, 0
124, -2, 0
123, -2, 0
125, -1, 1
126, -2, 0
125, -2, 0
126, -2, 0
124, -1, 0
127, -2, 1
124, -1, 0
126, -2, 0
134, -1, 0
117, -3, 1
123, -1, 0
126, -1, 0
124, -2, 0
125, -2, 0
146, -1, 1
106, -2, 0
125, -1, 0
126, -2, 0
124, -1, 0
135, -2, 0
113, -1, 0
125, -1, 1
125, -2, 0
126, -1, 0
125, -2, 0
125, -1, 0
133, -1, 0
115, -1, 0
130, -2, 1
121, -1, 0
126, -2, 0
124, -1, 0
123, -1, 0
155, -2, 0
97, -1, 0
124, -1, 0
134, -2, 0
116, 0, 1
125, -2, 0
124, -1, 0
125, -1, 0
127, -1, 0
123, -2, 0
125, -1, 0
124, -1, 0
125, -1, 0
125, -1, 0
125, -1, 0
125, -1, 1
125, -1, 0
126, -2, 0
249, -1, 0
127, -1, 0
124, -2, 0
252, -1, 0
124, -1, 0
126, -1, 0
125, -1, 0
126, -1, 0
125, -1, 0
126, -1, 0
138, -1, 0
245, -1, 0
128, -1, 0
122, -1, 0
127, -1, 0
117, -1, 0
252, -1, 0
124, -1, 0
123, -1, 0
249, -1, 0
122, -1, 0
126, -1, 0
250, -1, 0
249, -1, 0
127, -1, 0
249, -1, 0
251, -1, 0
125, -1, 0
250, -1, 0
252, -1, 0
249, -1, 0
249, -1, -1
375, -1, 0
248, -1, 0
251, 0, -1
126, -1, 0
404, -1, 0
347, -1, 0
378, 0, -1
120, -1, 0
660, -1, 0
591, -1, -1
1030, -1, -1
1731, 0, -1
2176, 0, -1
854, 1, 0
586, 1, -1
664, 1, 0
587, 1, -1
498, 1, 0
378, 1, 0
123, 0, -1
377, 1, 0
250, 1, 0
127, 0, -1
247, 1, 0
371, 1, -1
251, 1, 0
250, 1, 0
248, 0, -1
128, 1, 0
246, 1, 0
251, 1, -1
251, 1, 0
249, 1, -1
125, 1, 0
250, 1, 0
251, 1, -1
251, 1, 0
126, 0, -1
125, 1, 0
127, 1, 0
120, 1, 0
125, 0, -1
125, 1, 0
250, 1, 0
126, 1, -1
248, 1, 0
127, 1, -1
125, 1, 0
254, 1, -1
128, 1, 0
124, 1, 0
247, 1, -1
121, 1, 0
125, 1, 0
125, 1, -1
251, 1, 0
126, 1, -1
124, 1, 0
125, 1, 0
125, 1, -1
133, 1, 0
245, 2, -1
254, 1, 0
123, 1, -1
129, 1, 0
122, 1, -1
121, 1, 0
124, 1, 0
125, 1, -1
124, 1, 0
125, 1, 0
124, 1, -1
125, 1, 0
126, 2, -1
249, 2, 0
126, 0, -1
124, 2, 0
126, 1, -1
124, 1, 0
125, 1, 0
126, 1, -1
124, 1, 0
125, 2, -1
250, 2, -1
126, 1, 0
124, 1, -1
125, 1, 0
125, 2, 0
135, 1, -1
117, 1, 0
126, 1, -1
121, 2, 0
126, 1, -1
124, 1, 0
125, 1, -1
125, 2, 0
125, 1, 0
125, 1, -1
126, 1, 0
126, 2, -1
125, 1, 0
124, 1, -1
126, 2, 0
125, 1, -1
126, 1, 0
125, 1, -1
129, 2, 0
122, 1, -1
124, 2, 0
123, 1, -1
126, 2, 0
124, 1, -1
125, 2, 0
124, 1, -1
126, 2, 0
125, 1, -1
127, 1, 0
127, 2, -1
122, 1, 0
125, 2, -1
125, 2, 0
125, 1, -1
128, 2, 0
122, 1, -1
126, 2, -1
132, 1, 0
116, 2, -1
126, 1, 0
125, 2, -1
126, 1, 0
130, 2, -1
123, 1, 0
124, 2, -1
123, 2, 0
125, 1, -1
126, 2, 0
125, 1, -1
124, 2, -1
127, 2, 0
124, 2, -1
125, 1, 0
125, 2, -1
127, 2, 0
131, 2, -1
119, 1, 0
122, 2, -1
133, 1, 0
123, 3, -1
122, 1, 0
123, 2, -1
126, 2, -1
123, 2, -1
128, 1, 0
127, 2, -1
122, 2, 0
126, 2, -1
127, 1, 0
118, 2, -1
128, 2, -1
126, 2, 0
124, 2, -1
123, 2, -1
125, 2, 0
125, 2, -1
126, 1, 0
124, 2, -1
127, 2, 0
123, 2, -1
125, 2, -1
124, 1, 0
126, 3, -1
129, 1, 0
122, 3, -1
124, 1, 0
125, 3, -1
125, 1, -1
131, 3, 0
123, 1, -1
124, 3, -1
123, 1, 0
127, 3, -1
123, 1, 0
125, 3, -1
124, 1, -1
125, 3, 0
126, 2, -1
125, 2, -1
128, 2, 0
124, 2, -1
126, 2, 0
123, 2, -1
133, 2, 0
117, 3, -1
125, 1, -1
125, 3, 0
123, 2, -1
126, 2, -1
124, 2, 0
125, 2, 0
125, 2, -1
125, 2, -1
128, 2, 0
121, 2, -1
126, 3, -1
125, 2, 0
124, 2, -1
128, 2, 0
122, 3, -1
126, 2, -1
127, 2, 0
124, 2, -1
125, 3, -1
124, 2, 0
124, 2, -1
126, 2, 0
126, 3, -1
126, 2, 0
122, 2, -1
125, 2, -1
124, 3, 0
127, 2, -1
124, 3, -1
124, 2, 0
125, 2, -1
127, 2, 0
126, 3, -1
122, 2, 0
125, 3, -1
126, 2, -1
126, 2, 0
127, 2, -1
125, 2, 0
124, 3, -1
126, 2, -1
121, 3, 0
126, 2, -1
125, 3, -1
125, 2, 0
125, 3, -1
125, 1, 0
126, 3, -1
124, 2, 0
125, 3, -1
126, 2, -1
125, 3, 0
124, 2, -1
123, 3, -1
128, 2, 0
124, 3, -1
126, 2, 0
129, 3, -1
121, 2, 0
126, 3, -1
124, 2, -1
125, 3, 0
126, 2, -1
125, 3, -1
123, 2, 0
126, 3, -1
124, 2, 0
126, 3, -1
126, 2, -1
124, 4, 0
125, 2, -1
124, 3, 0
126, 2, -1
125, 2, 0
125, 3, -1
127, 2, -1
122, 3, 0
126, 2, -1
124, 3, -1
127, 2, 0
125, 4, -1
125, 2, 0
125, 3, -1
127, 2, 0
124, 3, -1
126, 2, -1
144, 3, 0
111, 2, -1
122, 4, 0
126, 2, -1
122, 3, -1
124, 2, 0
125, 3, -1
124, 3, 0
124, 3, -1
127, 2, -1
124, 3, 0
128, 2, -1
121, 3, 0
126, 3, -1
126, 3, -1
125, 2, 0
125, 3, -1
125, 2, 0
123, 4, -1
125, 2, 0
124, 2, -1
127, 3, 0
123, 3, -1
125, 3, -1
128, 2, 0
122, 3, -1
127, 3, 0
123, 3, -1
125, 2, 0
126, 4, -1
129, 2, 0
136, 3, -1
109, 3, -1
127, 3, 0
123, 2, -1
126, 3, 0
123, 3, -1
131, 3, -1
122, 2, 0
124, 4, -1
125, 2, 0
124, 3, -1
126, 2, 0
126, 4, -1
127, 2, 0
123, 4, -1
123, 2, 0
125, 3, -1
125, 3, 0
125, 3, -1
125, 2, -1
125, 4, 0
125, 2, -1
126, 3, 0
124, 3, -1
125, 2, 0
125, 3, -1
125, 3, 0
125, 3, -1
125, 2, 0
125, 4, -1
126, 2, -1
124, 4, 0
125, 2, -1
128, 4, 0
123, 2, -1
140, 3, -1
110, 3, 0
125, 3, -1
128, 3, 0
126, 3, -1
122, 2, 0
125, 4, -1
124, 2, 0
125, 4, -1
125, 2, -1
129, 4, 0
124, 2, 0
123, 3, -1
125, 3, -1
125, 3, 0
125, 3, -1
126, 3, 0
126, 3, -1
124, 3, 0
126, 2, -1
125, 4, 0
123, 2, -1
125, 3, 0
124, 3, -1
126, 3, 0
125, 3, -1
125, 3, 0
127, 3, -1
124, 3, 0
125, 3, -1
126, 3, -1
126, 3, 0
125, 3, -1
124, 3, 0
125, 3, -1
125, 3, 0
124, 2, -1
125, 4, 0
125, 2, -1
124, 4, 0
126, 3, -1
125, 3, 0
125, 3, -1
127, 3, -1
123, 3, 0
126, 3, -1
124, 3, 0
125, 3, -1
126, 3, 0
124, 3, -1
139, 3, 0
117, 3, -1
121, 3, 0
123, 3, -1
127, 3, 0
125, 3, -1
125, 3, 0
125, 2, -1
125, 4, 0
126, 2, -1
123, 4, 0
125, 2, -1
125, 4, 0
125, 3, -1
126, 3, 0
125, 2, -1
125, 4, 0
126, 2, -1
123, 4, 0
125, 3, -1
125, 3, 0
125, 3, -1
141, 3, 0
120, 3, -1
118, 3, 0
130, 3, -1
127, 3, 0
114, 3, -1
126, 4, 0
126, 2, -1
125, 4, 0
124, 2, -1
125, 4, -1
127, 2, 0
123, 4, 0
124, 3, -1
123, 3, -1
124, 3, 0
126, 3, -1
125, 3, 0
125, 2, 0
126, 4, -1
125, 2, 0
123, 4, -1
125, 2, 0
125, 4, -1
125, 2, 0
132, 4, -1
122, 2, 0
121, 4, -1
125, 2, 0
125, 4, -1
126, 2, 0
124, 4, -1
126, 2, 0
125, 4, -1
124, 2, 0
126, 4, -1
124, 3, 0
125, 3, -1
126, 3, 0
130, 3, -1
121, 2, 0
124, 4, -1
126, 2, 0
125, 4, -1
125, 2, 0
125, 4, -1
125, 2, 0
124, 4, -1
125, 2, 0
125, 3, -1
124, 3, 0
126, 3, -1
124, 3, 0
125, 2, 0
125, 4, -1
125, 2, 0
127, 4, -1
125, 2, 0
125, 4, -1
124, 2, 0
124, 4, -1
125, 2, 0
125, 4, -1
123, 2, 0
134, 4, -1
131, 2, 0
116, 3, -1
124, 3, 0
126, 3, -1
121, 3, 0
123, 3, 0
125, 2, -1
125, 4, 0
125, 2, -1
127, 4, 0
126, 2, -1
124, 3, 0
125, 3, -1
125, 3, 0
125, 3, -1
124, 2, 0
126, 3, 0
125, 2, -1
128, 4, 0
121, 2, -1
126, 4, 0
126, 2, -1
125, 3, 0
124, 3, -1
126, 3, 0
125, 2, -1
125, 4, 0
129, 2, 0
122, 3, -1
123, 3, 0
125, 3, -1
125, 3, 0
125, 3, -1
125, 2, 0
126, 3, -1
124, 3, 0
125, 3, -1
125, 2, 0
125, 4, -1
125, 2, 0
126, 3, -1
124, 2, 0
126, 4, -1
124, 2, 0
125, 3, -1
125, 2, 0
125, 4, 0
125, 2, -1
138, 2, 0
119, 3, -1
131, 2, 0
121, 4, -1
137, 2, 0
116, 3, -1
136, 2, 0
108, 3, 0
124, 3, -1
128, 3, 0
121, 2, -1
123, 3, 0
126, 2, -1
124, 3, 0
126, 2, 0
125, 4, -1
127, 2, 0
123, 3, -1
126, 2, 0
125, 3, -1
129, 2, 0
126, 3, -1
124, 2, 0
122, 3, -1
126, 2, 0
126, 3, 0
126, 2, -1
123, 4, 0
124, 2, -1
125, 3, 0
125, 2, -1
124, 2, 0
124, 3, 0
128, 2, -1
122, 3, 0
126, 1, -1
125, 3, 0
126, 2, 0
126, 4, -1
127, 2, 0
121, 2, -1
124, 2, 0
127, 3, -1
125, 2, 0
123, 3, -1
126, 2, 0
131, 3, 0
123, 2, -1
127, 3, 0
121, 1, -1
124, 3, 0
122, 2, 0
124, 3, -1
126, 2, 0
131, 2, -1
126, 2, 0
119, 3, 0
128, 2, -1
126, 2, 0
124, 2, -1
127, 3, 0
125, 2, 0
121, 2, -1
126, 2, 0
127, 3, -1
122, 2, 0
125, 1, 0
128, 3, -1
120, 2, 0
125, 2, -1
126, 2, 0
124, 3, 0
126, 1, -1
123, 3, 0
125, 2, -1
123, 2, 0
126, 2, 0
124, 2, -1
127, 2, 0
124, 2, -1
125, 2, 0
125, 2, 0
126, 2, 0
124, 2, -1
125, 2, 0
125, 2, -1
130, 2, 0
122, 3, 0
124, 1, -1
128, 2, 0
124, 2, 0
135, 2, -1
117, 2, 0
131, 2, 0
114, 2, -1
126, 2, 0
124, 1, -1
125, 3, 0
128, 1, 0
125, 2, 0
126, 2, -1
124, 1, 0
125, 2, 0
125, 2, -1
127, 2, 0
123, 1, -1
123, 2, 0
124, 2, 0
129, 2, 0
124, 1, -1
126, 2, 0
127, 2, 0
122, 2, -1
123, 1, 0
126, 2, 0
124, 1, -1
152, 2, 0
101, 2, 0
122, 2, 0
125, 1, -1
126, 2, 0
124, 1, 0
128, 2, -1
122, 1, 0
128, 2, 0
124, 1, 0
126, 2, -1
124, 1, 0
125, 2, 0
125, 1, -1
126, 1, 0
124, 2, 0
133, 1, 0
122, 2, -1
123, 1, 0
123, 2, 0
125, 1, 0
126, 1, -1
126, 2, 0
123, 1, 0
126, 1, 0
123, 2, -1
124, 1, 0
127, 2, 0
123, 1, 0
127, 1, -1
144, 1, 0
113, 1, 0
122, 2, 0
133, 1, 0
124, 1, -1
126, 1, 0
127, 1, 0
117, 2, 0
124, 0, -1
120, 2, 0
126, 1, 0
124, 1, 0
128, 1, 0
122, 1, -1
124, 1, 0
122, 1, 0
126, 1, 0
125, 1, 0
130, 1, -1
123, 1, 0
139, 1, 0
114, 1, 0
122, 1, 0
123, 1, 0
126, 1, -1
127, 1, 0
123, 1, 0
126, 1, 0
124, 1, 0
249, 1, 0
125, 1, -1
127, 1, 0
130, 1, 0
122, 1, 0
248, 1, 0
124, 1, -1
125, 1, 0
250, 1, 0
125, 1, 0
125, 1, 0
250, 1, 0
259, 1, -1
120, 1, 0
248, 1, 0
247, 1, 0
249, 1, 0
249, 1, -1
251, 1, 0
249, 1, 0
249, 1, 0
251, 1, 0
376, 1, 0
376, 1, 0
380, 1, 0
122, 0, -1
375, 1, 0
624, 1, 0
1265, 1, 0
3632, -1, 0
867, -1, 0
742, -1, 0
623, -1, 0
496, -1, 0
375, -1, 0
500, -1, 0
375, -1, 0
377, -1, 0
250, -1, 0
375, -1, 0
251, -1, 0
249, -1, 0
380, -1, 0
245, -1, 0
246, -1, 0
249, -1, 0
250, -1, 0
252, -1, 0
250, -1, 0
251, -1, 0
125, -1, 0
249, -1, 0
124, -1, 0
261, -1, 0
127, -1, 0
239, -1, 0
126, -1, 0
250, -1, 1
124, -1, 0
251, -1, 0
124, -1, 0
127, -1, 0
250, -1, 0
123, -1, 0
126, -1, 0
124, -1, 0
251, -1, 0
125, -1, 1
124, -1, 0
126, -1, 0
249, -1, 0
125, -1, 0
126, -1, 0
124, -1, 0
132, -1, 0
246, -2, 0
124, 0, 1
125, -1, 0
124, -1, 0
125, -1, 0
126, -1, 0
126, -1, 0
124, -1, 0
125, -1, 0
125, -1, 1
124, -1, 0
126, -1, 0
123, -1, 0
128, -1, 0
123, -1, 0
125, -1, 1
126, -1, 0
124, -1, 0
125, -2, 0
253, -2, 0
124, -1, 1
126, -1, 0
123, -1, 0
126, -1, 0
125, -1, 0
124, -2, 0
125, 0, 1
124, -1, 0
126, -2, 0
124, -1, 0
123, -1, 0
127, -1, 0
123, -1, 1
125, -2, 0
125, -1, 0
126, -1, 0
125, -1, 1
125, -1, 0
124, -2, 0
127, -1, 0
128, -1, 1
123, -1, 0
130, -2, 0
127, -1, 0
116, -2, 0
127, -1, 1
123, -1, 0
125, -1, 0
125, -2, 0
124, -1, 1
126, -2, 0
124, -1, 0
126, -1, 1
125, -1, 0
124, -2, 0
126, -1, 0
124, -2, 0
125, -1, 1
125, -2, 0
124, -1, 0
125, -1, 0
126, -2, 1
124, -1, 0
128, -2, 0
125, -1, 1
125, -2, 0
126, -1, 0
124, -2, 0
126, -1, 1
124, -2, 0
124, -1, 0
126, -2, 1
124, -1, 0
127, -2, 0
125, -1, 1
122, -2, 0
127, -1, 0
125, -2, 0
123, -1, 1
127, -2, 0
125, -1, 0
123, -2, 1
125, -2, 0
134, -1, 0
115, -2, 1
125, -2, 0
125, -1, 0
125, -2, 0
125, -1, 1
127, -2, 0
125, -2, 0
126, -2, 1
126, -1, 0
122, -2, 1
124, -1, 0
125, -2, 0
124, -2, 0
127, -1, 1
124, -2, 0
124, -2, 0
126, -2, 1
125, -1, 0
124, -2, 0
126, -2, 1
124, -2, 0
126, -1, 0
123, -2, 1
125, -2, 0
125, -2, 0
126, -1, 1
124, -3, 0
126, -1, 0
124, -2, 1
125, -2, 0
127, -2, 1
125, -1, 0
126, -3, 0
126, -1, 1
123, -2, 0
125, -2, 0
125, -2, 1
125, -2, 0
125, -2, 0
129, -1, 1
131, -3, 0
118, -1, 0
125, -2, 1
129, -2, 0
124, -1, 1
125, -3, 0
123, -1, 0
125, -3, 1
125, -1, 0
126, -3, 1
127, -1, 0
123, -2, 0
123, -2, 1
124, -2, 0
124, -2, 0
127, -2, 1
125, -2, 0
123, -2, 1
125, -2, 0
126, -2, 0
125, -2, 1
126, -2, 0
125, -2, 0
124, -2, 1
126, -2, 0
126, -2, 1
123, -2, 0
124, -2, 0
124, -2, 1
125, -3, 0
125, -1, 1
125, -3, 0
125, -1, 0
125, -3, 1
125, -2, 0
126, -2, 1
124, -2, 0
125, -1, 0
125, -3, 1
125, -2, 0
125, -2, 0
126, -2, 1
124, -2, 0
127, -2, 1
123, -3, 0
125, -1, 0
125, -3, 1
128, -2, 0
124, -2, 1
123, -2, 0
125, -3, 1
124, -1, 0
125, -3, 0
128, -2, 1
124, -2, 0
125, -2, 1
125, -3, 0
125, -2, 0
123, -2, 1
125, -2, 0
125, -3, 1
127, -1, 0
124, -3, 1
125, -2, 0
126, -3, 1
124, -1, 0
125, -3, 0
126, -2, 1
124, -2, 0
125, -2, 1
125, -3, 0
125, -2, 1
125, -1, 0
125, -3, 0
125, -2, 1
127, -3, 0
131, -1, 1
122, -3, 0
135, -2, 0
117, -3, 1
121, -2, 0
125, -2, 1
126, -2, 0
123, -3, 1
124, -2, 0
123, -2, 1
124, -2, 0
126, -3, 1
126, -2, 0
124, -2, 1
130, -2, 0
125, -3, 0
131, -2, 1
119, -3, 0
125, -2, 1
123, -2, 0
123, -2, 1
127, -3, 0
123, -2, 0
126, -3, 1
124, -2, 0
125, -2, 1
125, -2, 0
125, -2, 1
127, -3, 0
124, -2, 0
125, -3, 1
126, -2, 0
125, -3, 1
126, -1, 0
124, -3, 1
125, -2, 0
125, -3, 1
143, -2, 0
107, -3, 1
126, -2, 0
124, -3, 1
125, -1, 0
126, -3, 0
125, -2, 1
124, -3, 0
125, -2, 1
125, -3, 0
127, -2, 1
123, -3, 0
125, -2, 1
125, -3, 0
124, -2, 0
126, -2, 1
125, -2, 1
124, -3, 0
126, -2, 0
124, -3, 1
126, -2, 0
125, -3, 1
124, -2, 0
125, -2, 1
126, -3, 0
124, -2, 1
126, -3, 0
125, -2, 1
125, -3, 0
125, -2, 1
124, -2, 0
126, -3, 1
125, -2, 0
125, -2, 1
126, -3, 0
124, -2, 0
125, -3, 1
123, -2, 1
125, -3, 0
125, -2, 1
125, -3, 0
125, -2, 0
126, -3, 1
124, -2, 0
125, -3, 1
125, -2, 0
127, -3, 1
123, -2, 0
125, -2, 1
125, -3, 0
125, -3, 1
125, -1, 0
125, -2, 0
125, -3, 1
125, -2, 1
125, -3, 0
125, -2, 1
125, -3, 0
126, -2, 0
125, -3, 1
125, -2, 0
124, -3, 1
125, -2, 0
125, -3, 1
125, -2, 0
125, -3, 1
126, -2, 0
124, -2, 1
125, -2, 0
125, -3, 1
125, -2, 0
128, -3, 1
124, -2, 0
127, -3, 1
127, -2, 0
125, -3, 1
124, -2, 0
124, -3, 1
125, -2, 0
124, -3, 1
125, -2, 0
123, -3, 1
124, -2, 0
125, -2, 1
125, -2, 0
124, -2, 1
125, -3, 0
133, -2, 1
119, -3, 0
124, -2, 1
123, -3, 0
124, -2, 0
126, -3, 1
126, -2, 1
126, -3, 0
125, -2, 1
124, -3, 0
126, -2, 1
126, -3, 0
123, -2, 0
138, -2, 1
123, -2, 0
116, -3, 1
130, -2, 0
122, -3, 1
124, -2, 1
124, -3, 0
123, -2, 1
125, -3, 0
125, -2, 1
216, -3, 0
36, -2, 1
133, -2, 0
124, -2, 1
118, -2, 0
127, -3, 0
125, -2, 1
125, -3, 1
124, -2, 0
125, -3, 0
125, -2, 1
123, -3, 0
130, -1, 1
124, -3, 0
124, -2, 1
125, -3, 0
126, -2, 1
125, -3, 0
125, -1, 1
125, -3, 0
126, -2, 1
124, -3, 0
127, -2, 1
123, -3, 0
123, -2, 1
124, -3, 0
123, -1, 0
127, -3, 1
125, -2, 1
124, -3, 0
126, -2, 0
125, -3, 1
128, -2, 0
126, -2, 1
123, -2, 0
125, -3, 1
128, -2, 0
121, -2, 1
123, -2, 0
125, -2, 1
127, -3, 0
126, -2, 0
125, -3, 1
125, -1, 0
125, -3, 1
127, -2, 0
122, -3, 1
125, -2, 0
126, -2, 1
125, -2, 0
127, -3, 1
123, -2, 0
127, -2, 1
127, -2, 0
124, -3, 0
126, -2, 1
124, -2, 0
122, -2, 1
126, -3, 0
126, -2, 1
124, -2, 0
125, -2, 0
126, -3, 1
124, -1, 0
127, -3, 1
122, -2, 0
126, -3, 1
126, -2, 0
124, -2, 1
124, -2, 0
125, -2, 0
123, -2, 1
125, -2, 0
127, -3, 1
124, -1, 0
127, -3, 1
124, -2, 0
126, -2, 1
125, -2, 0
122, -3, 0
125, -1, 1
125, -3, 0
125, -2, 1
128, -2, 0
127, -2, 0
124, -3, 1
125, -1, 0
125, -3, 1
124, -2, 0
123, -2, 0
128, -2, 1
125, -2, 0
125, -2, 1
123, -2, 0
124, -2, 0
124, -3, 1
127, -1, 0
124, -3, 1
124, -1, 0
124, -3, 1
129, -2, 0
122, -1, 0
125, -3, 1
125, -1, 0
125, -3, 0
125, -1, 1
126, -3, 0
124, -1, 1
126, -3, 0
124, -1, 0
126, -2, 1
124, -2, 0
126, -2, 0
125, -2, 1
124, -2, 0
125, -2, 1
127, -2, 0
124, -2, 0
124, -2, 1
125, -2, 0
125, -2, 0
125, -2, 1
125, -2, 0
126, -2, 0
125, -2, 1
126, -2, 0
125, -2, 1
123, -2, 0
125, -2, 0
127, -1, 1
123, -3, 0
125, -1, 0
126, -2, 1
131, -2, 0
123, -2, 0
123, -2, 1
130, -1, 0
115, -2, 0
130, -2, 1
122, -2, 0
126, -1, 0
124, -3, 1
125, -1, 0
124, -2, 0
125, -2, 1
125, -2, 0
126, -1, 0
127, -2, 1
123, -2, 0
124, -2, 0
126, -1, 0
125, -2, 1
125, -2, 0
126, -2, 0
125, -1, 1
125, -2, 0
126, -2, 0
123, -2, 1
125, -1, 0
124, -2, 0
125, -1, 0
124, -2, 1
124, -2, 0
127, -2, 0
126, -1, 1
124, -2, 0
124, -2, 0
126, -1, 0
133, -2, 1
125, -2, 0
124, -1, 0
120, -2, 0
125, -1, 1
122, -1, 0
124, -2, 0
127, -2, 0
133, -1, 1
117, -2, 0
124, -2, 0
127, -1, 0
127, -2, 1
125, -1, 0
125, -2, 0
126, -1, 0
124, -2, 1
132, -1, 0
124, -2, 0
122, -1, 0
128, -2, 1
123, -1, 0
122, -2, 0
125, -1, 0
130, -1, 0
127, -2, 1
119, -1, 0
121, -2, 0
129, -1, 0
131, -1, 0
119, -2, 1
125, -1, 0
128, -2, 0
122, -1, 0
124, -2, 1
139, -1, 0
111, -1, 0
127, -1, 0
121, -1, 0
126, -2, 0
127, -1, 0
120, -2, 1
126, -1, 0
124, -1, 0
127, -1, 0
123, -2, 0
126, -1, 1
128, -1, 0
123, -1, 0
125, -2, 0
124, -1, 0
125, -1, 0
124, -1, 1
124, -2, 0
125, -1, 0
125, -1, 0
125, -1, 0
127, -2, 0
134, -1, 0
130, -1, 1
130, -1, 0
116, -1, 0
125, -1, 0
117, -2, 0
246, -2, 0
127, -1, 0
124, -1, 0
128, -1, 1
127, -1, 0
122, -1, 0
125, -1, 0
126, -1, 0
124, -1, 0
125, -1, 0
129, -1, 0
128, -1, 1
124, -1, 0
124, -1, 0
125, -1, 0
124, -1, 0
133, -1, 0
122, -1, 0
123, -1, 0
126, -1, 0
120, -1, 0
125, -1, 0
127, -1, 0
123, -1, 0
127, -1, 1
127, -1, 0
246, -2, 0
250, -1, 0
126, -1, 0
123, -1, 0
124, -1, 0
124, -1, 0
250, -1, 0
132, -1, 0
124, -1, 0
121, -1, 0
255, -1, 0
122, -1, 0
125, -1, 1
250, -1, 0
122, -1, 0
251, -1, 0
124, -1, 0
125, -1, 0
265, -1, 0
119, -1, 0
247, -1, 0
120, -1, 0
249, -1, 0
124, -1, 0
250, -1, 0
249, -1, 0
250, -1, 0
126, -1, 0
254, -1, 0
248, -1, 0
269, -1, 0
245, -1, 0
249, -1, 0
248, -1, 0
245, -1, 0
249, -1, 0
376, -1, 0
372, -1, 0
244, -1, 0
250, -1, 0
375, -1, 0
126, 0, -1
255, -1, 0
508, -1, 0
367, -1, 0
630, -1, -1
621, -1, 0
750, -1, 0
248, 0, -1
507, -1, 0
1508, 0, -1
233, -1, 0
3381, 0, -1
1746, 1, 0
624, 0, -1
517, 1, 0
640, 0, -1
94, 1, 0
633, 1, 0
367, 0, -1
124, 1, 0
495, 1, 0
254, 0, -1
373, 1, 0
375, 1, -1
375, 1, 0
378, 1, 0
125, 0, -1
250, 1, 0
373, 1, -1
249, 1, 0
374, 1, 0
129, 0, -1
123, 1, 0
378, 1, -1
247, 1, 0
376, 1, -1
124, 1, 0
250, 1, 0
249, 1, -1
377, 1, 0
123, 1, -1
254, 1, 0
248, 1, 0
123, 1, -1
250, 1, 0
249, 1, -1
252, 1, 0
249, 1, -1
125, 1, 0
125, 1, 0
249, 1, -1
250, 1, 0
252, 1, -1
124, 1, 0
249, 1, 0
126, 1, 0
125, 1, -1
252, 1, 0
122, 1, 0
126, 0, -1
124, 1, 0
125, 1, 0
250, 1, -1
125, 1, 0
126, 1, 0
251, 1, -1
124, 1, 0
124, 1, 0
125, 1, 0
126, 1, -1
249, 1, 0
125, 1, 0
126, 1, -1
248, 1, 0
126, 1, 0
130, 1, -1
124, 1, 0
124, 1, 0
122, 1, 0
126, 0, -1
124, 1, 0
125, 1, 0
126, 1, 0
127, 1, -1
122, 1, 0
125, 1, 0
125, 1, -1
252, 2, 0
250, 2, 0
125, 0, -1
124, 2, 0
250, 2, -1
265, 2, 0
246, 2, -1
257, 2, 0
236, 2, -1
126, 1, 0
121, 1, 0
126, 1, -1
125, 1, 0
126, 1, 0
123, 1, -1
146, 1, 0
104, 2, 0
248, 2, -1
125, 1, 0
125, 1, 0
126, 1, 0
124, 1, -1
146, 1, 0
103, 1, 0
127, 2, -1
124, 1, 0
126, 1, 0
123, 1, 0
127, 1, -1
131, 1, 0
120, 2, 0
125, 1, -1
124, 1, 0
126, 1, 0
124, 2, -1
124, 1, 0
128, 1, 0
123, 1, -1
125, 2, 0
125, 1, 0
126, 2, -1
125, 1, 0
124, 1, 0
125, 1, 0
126, 2, -1
124, 1, 0
125, 2, -1
125, 1, 0
125, 1, 0
125, 2, 0
125, 1, -1
124, 1, 0
126, 1, 0
125, 2, 0
125, 1, -1
131, 2, 0
118, 1, 0
125, 2, -1
125, 1, 0
125, 2, 0
125, 1, -1
125, 2, 0
126, 1, 0
124, 2, -1
126, 1, 0
124, 2, 0
126, 1, -1
125, 2, 0
124, 1, 0
125, 2, -1
125, 1, 0
126, 2, 0
125, 2, 0
123, 1, -1
135, 2, 0
118, 2, 0
126, 1, -1
124, 2, 0
125, 1, 0
124, 2, -1
126, 1, 0
123, 2, -1
126, 2, 0
125, 1, 0
125, 2, 0
124, 1, -1
125, 3, 0
125, 1, 0
127, 2, -1
124, 1, 0
125, 2, 0
125, 2, -1
126, 2, 0
124, 1, 0
125, 2, -1
125, 2, 0
125, 2, 0
125, 2, -1
125, 2, 0
124, 1, 0
127, 2, -1
124, 2, 0
124, 2, -1
125, 1, 0
126, 3, 0
125, 1, 0
124, 2, -1
125, 2, 0
128, 2, 0
123, 1, -1
124, 3, 0
126, 1, 0
125, 3, -1
131, 1, 0
124, 2, 0
122, 2, -1
124, 2, 0
123, 2, 0
125, 1, -1
125, 3, 0
125, 1, 0
125, 3, -1
124, 1, 0
125, 3, 0
126, 1, 0
124, 3, -1
126, 1, 0
125, 3, -1
125, 2, 0
125, 2, 0
125, 2, 0
125, 2, -1
125, 2, 0
125, 2, -1
128, 2, 0
125, 2, 0
126, 2, -1
133, 2, 0
124, 2, 0
128, 2, -1
131, 2, 0
111, 3, 0
125, 1, 0
140, 3, -1
107, 2, 0
124, 2, 0
128, 2, -1
121, 2, 0
124, 2, 0
125, 2, -1
126, 3, 0
123, 2, 0
126, 2, -1
124, 2, 0
126, 2, 0
124, 2, -1
124, 3, 0
125, 2, 0
126, 2, -1
124, 2, 0
126, 3, 0
124, 2, 0
125, 2, -1
125, 2, 0
125, 3, 0
132, 2, -1
119, 2, 0
125, 2, 0
126, 3, -1
125, 2, 0
125, 3, 0
125, 2, -1
124, 2, 0
125, 2, 0
126, 3, 0
125, 2, -1
125, 3, 0
125, 2, 0
125, 2, -1
125, 2, 0
126, 2, 0
124, 3, -1
125, 2, 0
124, 3, 0
127, 2, 0
124, 3, -1
124, 1, 0
126, 3, 0
125, 2, -1
125, 3, 0
125, 2, 0
124, 3, -1
126, 2, 0
127, 3, 0
123, 2, 0
124, 3, -1
125, 2, 0
125, 3, 0
125, 2, -1
124, 3, 0
126, 2, 0
125, 2, -1
125, 3, 0
125, 2, 0
125, 2, 0
125, 3, -1
125, 2, 0
126, 3, 0
125, 2, 0
124, 2, 0
125, 3, -1
125, 3, 0
124, 3, 0
126, 2, -1
125, 3, 0
125, 2, 0
125, 3, -1
125, 2, 0
125, 3, 0
125, 2, -1
125, 3, 0
126, 2, 0
123, 3, 0
125, 2, -1
126, 4, 0
124, 2, 0
128, 3, 0
123, 2, 0
124, 3, -1
125, 2, 0
124, 3, 0
134, 2, -1
123, 4, 0
121, 2, 0
126, 3, -1
127, 2, 0
127, 3, 0
123, 2, 0
128, 3, -1
122, 2, 0
124, 3, 0
124, 3, 0
125, 2, 0
125, 3, -1
125, 2, 0
126, 3, 0
131, 2, 0
123, 3, -1
122, 2, 0
123, 4, 0
124, 2, 0
125, 3, -1
125, 2, 0
126, 3, 0
125, 2, 0
125, 4, -1
126, 2, 0
124, 3, 0
124, 2, 0
125, 3, -1
126, 2, 0
124, 4, 0
125, 2, 0
125, 3, -1
128, 2, 0
125, 3, 0
126, 2, 0
122, 4, -1
130, 2, 0
120, 3, 0
124, 2, 0
126, 4, -1
126, 2, 0
123, 3, 0
126, 2, 0
124, 2, -1
125, 3, 0
125, 3, 0
126, 3, 0
126, 2, -1
126, 3, 0
124, 2, 0
126, 4, 0
126, 2, 0
126, 3, -1
121, 2, 0
125, 3, 0
127, 2, 0
123, 4, -1
124, 2, 0
125, 3, 0
124, 2, 0
126, 4, -1
125, 2, 0
125, 3, 0
125, 2, 0
126, 3, -1
123, 3, 0
126, 3, 0
124, 2, 0
126, 3, -1
124, 2, 0
125, 4, 0
127, 2, 0
137, 3, -1
117, 2, 0
133, 2, 0
122, 4, 0
131, 2, 0
122, 3, -1
121, 2, 0
119, 3, 0
127, 2, 0
129, 4, -1
123, 2, 0
120, 3, 0
126, 2, 0
122, 3, -1
134, 3, 0
119, 3, 0
124, 2, 0
125, 3, 0
126, 2, -1
122, 3, 0
123, 3, 0
127, 3, -1
124, 2, 0
125, 3, 0
126, 2, 0
124, 3, 0
125, 2, -1
126, 3, 0
124, 2, 0
134, 3, 0
119, 2, -1
125, 2, 0
125, 4, 0
124, 2, 0
125, 3, 0
126, 2, -1
126, 3, 0
123, 2, 0
125, 3, 0
125, 2, -1
126, 3, 0
125, 2, 0
124, 3, 0
124, 2, 0
126, 3, -1
124, 2, 0
127, 3, 0
125, 2, 0
126, 3, -1
129, 2, 0
119, 3, 0
125, 2, 0
124, 3, -1
126, 2, 0
124, 3, 0
128, 2, 0
125, 3, -1
124, 2, 0
124, 3, 0
126, 2, 0
125, 3, -1
127, 2, 0
127, 2, 0
125, 2, 0
130, 2, -1
118, 3, 0
129, 2, 0
121, 3, 0
131, 2, -1
121, 3, 0
122, 2, 0
125, 2, 0
130, 2, 0
121, 3, -1
124, 2, 0
126, 3, 0
133, 1, 0
121, 3, -1
122, 2, 0
123, 3, 0
128, 1, 0
125, 3, -1
126, 2, 0
122, 3, 0
123, 2, 0
126, 2, 0
124, 2, -1
129, 2, 0
124, 2, 0
125, 3, -1
124, 1, 0
124, 2, 0
124, 3, 0
126, 1, 0
124, 3, -1
126, 1, 0
127, 3, 0
127, 2, -1
122, 2, 0
123, 1, 0
123, 3, 0
125, 2, 0
125, 2, -1
125, 2, 0
126, 2, 0
125, 2, 0
126, 2, -1
125, 2, 0
123, 2, 0
127, 1, 0
125, 3, -1
127, 1, 0
130, 2, 0
123, 2, 0
129, 2, -1
122, 1, 0
134, 3, 0
117, 1, 0
123, 2, -1
121, 2, 0
127, 1, 0
126, 2, 0
121, 2, -1
127, 2, 0
122, 1, 0
125, 2, 0
126, 2, 0
127, 2, -1
125, 1, 0
121, 2, 0
125, 1, 0
124, 2, 0
126, 1, -1
127, 2, 0
126, 1, 0
122, 2, 0
130, 2, -1
126, 2, 0
122, 1, 0
128, 2, 0
120, 1, 0
124, 1, -1
127, 2, 0
126, 1, 0
126, 2, 0
125, 1, -1
125, 1, 0
123, 2, 0
123, 1, 0
129, 2, 0
127, 1, -1
124, 1, 0
125, 2, 0
125, 1, 0
127, 1, 0
123, 1, -1
126, 2, 0
127, 1, 0
123, 1, 0
125, 1, 0
125, 2, -1
122, 1, 0
125, 1, 0
125, 1, 0
127, 1, 0
125, 1, 0
124, 1, -1
124, 1, 0
124, 2, 0
253, 2, 0
119, 0, -1
129, 2, 0
256, 1, 0
118, 1, 0
141, 1, -1
119, 1, 0
128, 1, 0
123, 1, 0
120, 1, 0
124, 1, 0
128, 0, -1
116, 1, 0
137, 1, 0
119, 1, 0
253, 1, 0
121, 1, -1
135, 1, 0
239, 1, 0
124, 1, 0
267, 1, 0
107, 1, -1
259, 1, 0
242, 1, 0
252, 1, 0
249, 1, 0
126, 0, -1
127, 1, 0
375, 1, 0
379, 1, 0
377, 1, 0
111, 0, -1
380, 1, 0
1004, 1, 0
2762, 0, -1
232, -1, 0
872, -1, 0
375, -1, 0
631, -1, 0
502, -1, 0
244, -1, 0
501, -1, 0
251, -1, 0
376, -1, 0
246, -1, 0
251, -1, 0
379, -1, 0
121, 0, -1
128, -1, 0
249, -1, 0
251, -1, 0
126, -1, 0
250, -1, 0
254, -1, 0
253, -1, 0
125, -1, 0
246, -1, 0
246, -1, 0
128, -1, 0
119, -1, 0
248, -1, 0
125, -1, 0
250, -1, 0
127, -1, 0
250, -1, 0
124, -1, 0
125, -1, 0
125, -1, 0
124, -1, 0
252, -1, 0
123, -1, 0
125, -1, 0
124, -1, 0
126, -1, 0
125, -1, 0
125, -1, 0
249, -2, 0
254, -1, 0
125, -1, 0
124, -1, 0
126, -1, 0
124, -1, 0
125, -1, 0
124, -1, 0
126, -1, 0
123, -1, 0
126, -1, 0
124, -1, 0
131, -1, 0
124, -1, 0
120, -2, 0
125, -1, 0
124, -1, 0
125, -1, 0
125, -1, 0
125, -1, 0
126, -2, 0
125, -1, 0
125, -1, 0
128, -1, 0
124, -2, 0
123, -1, 0
129, -1, 0
123, -1, 0
125, -2, 0
124, -1, 0
127, -1, 0
123, -1, 0
124, -2, 0
133, -1, 0
122, -2, 0
123, -1, 0
122, -1, 0
125, -1, 0
126, -2, 0
124, -1, 1
126, -2, 0
123, -1, 0
125, -2, 0
125, -1, 0
126, -1, 0
126, -2, 0
127, -1, 0
124, -2, 0
125, -1, 0
124, -2, 1
123, -1, 0
126, -2, 0
125, -1, 0
131, -2, 0
119, -1, 0
125, -2, 0
125, -2, 0
125, -2, 1
124, -1, 0
127, -2, 0
125, -1, 0
126, -2, 0
126, -1, 0
123, -2, 0
126, -2, 1
125, -2, 0
125, -1, 0
125, -2, 0
127, -2, 0
122, -2, 0
127, -1, 1
123, -2, 0
125, -2, 0
127, -2, 0
126, -1, 0
128, -2, 1
120, -2, 0
124, -1, 0
126, -3, 0
125, -1, 0
136, -2, 1
113, -2, 0
126, -2, 0
124, -2, 0
125, -2, 0
127, -2, 1
124, -2, 0
123, -1, 0
125, -3, 1
125, -1, 0
125, -3, 0
127, -1, 0
128, -3, 0
124, -1, 1
124, -3, 0
126, -1, 0
124, -3, 0
127, -1, 1
124, -3, 0
126, -1, 0
126, -3, 0
126, -2, 0
127, -2, 1
123, -2, 0
124, -2, 0
128, -2, 1
121, -3, 0
123, -1, 0
124, -2, 0
129, -3, 1
125, -1, 0
120, -3, 0
124, -2, 0
127, -2, 1
122, -2, 0
127, -3, 0
125, -2, 1
125, -2, 0
126, -2, 0
126, -3, 1
124, -2, 0
125, -2, 0
124, -2, 0
126, -3, 1
125, -2, 0
125, -2, 0
125, -2, 1
126, -3, 0
123, -2, 0
125, -3, 0
125, -2, 1
125, -3, 0
125, -1, 0
125, -3, 1
125, -2, 0
125, -3, 0
125, -2, 1
126, -3, 0
122, -2, 0
125, -1, 0
125, -3, 1
125, -2, 0
127, -3, 0
124, -2, 1
127, -3, 0
124, -2, 0
135, -3, 1
118, -2, 0
124, -3, 0
124, -2, 1
128, -3, 0
123, -2, 0
124, -3, 1
125, -2, 0
123, -3, 1
125, -2, 0
139, -3, 0
112, -2, 1
126, -3, 0
124, -2, 0
124, -3, 1
125, -2, 0
124, -4, 0
126, -2, 0
125, -3, 1
124, -2, 0
125, -3, 1
125, -2, 0
124, -3, 0
125, -2, 1
128, -3, 0
123, -3, 1
126, -2, 0
125, -3, 0
126, -2, 1
124, -3, 0
126, -2, 0
124, -4, 1
123, -2, 0
125, -3, 0
127, -2, 1
124, -3, 0
126, -2, 1
125, -4, 0
130, -2, 0
123, -3, 1
131, -3, 0
118, -3, 1
128, -2, 0
124, -3, 0
127, -3, 1
123, -3, 0
126, -2, 0
125, -3, 1
123, -3, 0
125, -3, 1
126, -2, 0
125, -4, 0
124, -2, 1
124, -3, 0
129, -2, 1
121, -4, 0
124, -2, 0
125, -2, 1
124, -4, 0
126, -2, 0
129, -4, 1
124, -2, 0
127, -3, 1
123, -3, 0
126, -3, 1
124, -2, 0
124, -4, 0
128, -2, 1
122, -4, 0
125, -2, 1
124, -3, 0
124, -3, 0
126, -3, 1
125, -2, 0
125, -4, 1
132, -2, 0
120, -4, 0
125, -2, 1
125, -3, 0
126, -3, 1
125, -3, 0
130, -3, 1
122, -3, 0
123, -2, 0
127, -4, 1
122, -2, 0
128, -4, 1
123, -2, 0
125, -3, 1
125, -3, 0
126, -2, 0
124, -4, 1
127, -2, 0
122, -4, 1
126, -2, 0
125, -4, 1
123, -2, 0
125, -4, 0
125, -2, 1
126, -4, 0
125, -2, 1
125, -4, 0
126, -2, 1
127, -4, 0
124, -2, 0
123, -4, 1
124, -2, 0
126, -4, 1
125, -3, 0
125, -3, 1
123, -3, 0
127, -3, 1
124, -3, 0
126, -3, 1
125, -3, 0
125, -4, 1
128, -2, 0
124, -2, 0
125, -4, 1
124, -3, 0
124, -3, 1
130, -3, 0
118, -3, 1
127, -3, 0
127, -3, 1
123, -3, 0
124, -4, 0
124, -2, 1
125, -4, 0
127, -2, 1
123, -4, 0
125, -2, 1
127, -4, 0
127, -2, 1
122, -4, 0
124, -3, 1
125, -3, 0
123, -3, 1
125, -3, 0
125, -3, 0
126, -4, 1
124, -2, 0
125, -4, 1
125, -2, 0
127, -4, 1
124, -2, 0
123, -4, 1
129, -2, 0
124, -3, 1
124, -4, 0
124, -2, 0
126, -4, 1
124, -2, 0
125, -4, 1
125, -2, 0
126, -4, 1
127, -3, 0
123, -3, 1
126, -3, 0
124, -3, 1
124, -3, 0
126, -3, 1
127, -3, 0
124, -3, 1
125, -3, 0
123, -4, 1
126, -2, 0
124, -4, 1
125, -2, 0
125, -4, 1
125, -2, 0
125, -4, 1
126, -2, 0
124, -4, 0
127, -2, 1
123, -4, 0
125, -3, 1
126, -2, 0
125, -4, 1
124, -2, 0
126, -4, 1
124, -2, 0
125, -4, 1
125, -2, 0
125, -4, 1
125, -3, 0
125, -3, 1
125, -3, 0
126, -3, 1
124, -3, 0
125, -3, 1
125, -3, 0
125, -4, 0
125, -2, 1
126, -4, 0
124, -2, 1
126, -3, 0
125, -3, 1
124, -3, 0
125, -3, 1
126, -3, 0
124, -3, 1
125, -3, 0
125, -3, 1
126, -3, 0
124, -3, 1
129, -3, 0
126, -3, 0
123, -2, 1
125, -4, 1
125, -2, 0
126, -4, 0
124, -2, 1
123, -4, 1
126, -2, 0
124, -3, 0
124, -3, 1
126, -3, 0
125, -3, 1
128, -3, 0
124, -2, 1
125, -4, 0
123, -2, 1
126, -4, 0
124, -2, 1
126, -4, 0
124, -2, 1
138, -3, 0
112, -3, 1
124, -3, 0
126, -3, 1
125, -3, 0
125, -2, 1
125, -4, 0
125, -2, 1
125, -3, 0
126, -3, 1
124, -2, 0
125, -3, 1
124, -2, 0
126, -4, 1
124, -2, 0
126, -4, 0
125, -2, 1
124, -3, 0
126, -2, 1
124, -4, 0
125, -2, 1
125, -3, 0
125, -3, 1
125, -3, 0
126, -2, 1
125, -4, 0
125, -2, 0
127, -3, 1
125, -2, 0
124, -4, 1
125, -2, 0
126, -3, 1
126, -2, 0
123, -4, 1
125, -2, 0
124, -3, 0
125, -2, 1
125, -3, 0
125, -3, 1
134, -3, 0
121, -2, 1
119, -2, 0
125, -3, 0
124, -2, 1
128, -3, 0
123, -2, 1
125, -4, 0
127, -2, 0
125, -3, 1
126, -2, 0
123, -3, 1
130, -2, 0
122, -3, 1
128, -2, 0
122, -3, 0
125, -2, 1
124, -3, 0
126, -2, 0
130, -3, 1
118, -2, 0
130, -3, 1
125, -2, 0
123, -3, 0
126, -2, 1
124, -3, 0
124, -2, 1
126, -3, 0
124, -2, 0
124, -3, 1
126, -2, 0
126, -3, 1
124, -2, 0
125, -2, 0
126, -2, 1
123, -2, 0
125, -3, 0
124, -2, 0
124, -3, 1
126, -1, 0
124, -3, 1
127, -2, 0
124, -3, 0
126, -1, 1
124, -3, 0
126, -2, 0
125, -3, 1
125, -1, 0
125, -3, 1
123, -2, 0
127, -2, 0
125, -2, 0
125, -3, 1
124, -2, 0
124, -2, 0
125, -2, 1
125, -2, 0
125, -2, 0
125, -3, 1
125, -1, 0
125, -3, 0
125, -1, 1
123, -3, 0
127, -1, 0
125, -3, 1
123, -2, 0
127, -1, 0
124, -2, 1
127, -2, 0
123, -2, 0
126, -2, 0
125, -2, 1
125, -2, 0
124, -2, 0
126, -2, 0
124, -2, 1
125, -1, 0
127, -2, 0
127, -2, 0
124, -2, 1
125, -2, 0
125, -2, 0
125, -1, 0
124, -2, 1
126, -2, 0
127, -2, 0
126, -2, 0
121, -1, 1
124, -2, 0
125, -2, 0
127, -1, 0
122, -2, 1
126, -2, 0
125, -2, 0
126, -1, 0
124, -2, 0
125, -1, 1
126, -2, 0
125, -1, 0
124, -2, 0
125, -1, 1
125, -2, 0
125, -1, 0
124, -2, 0
126, -1, 0
125, -2, 0
126, -1, 1
124, -1, 0
125, -2, 0
125, -1, 0
124, -2, 0
126, -1, 0
147, -2, 1
103, -1, 0
125, -2, 0
125, -1, 0
125, -1, 0
126, -1, 0
124, -2, 0
126, -1, 1
125, -1, 0
126, -1, 0
126, -2, 0
126, -1, 0
127, -1, 0
128, -1, 0
127, -1, 1
118, -1, 0
125, -2, 0
128, -1, 0
249, -2, 0
123, -1, 0
123, -1, 0
131, -1, 0
129, -1, 0
126, -1, 0
120, -1, 1
119, -1, 0
129, -1, 0
130, -1, 0
117, -1, 0
124, -1, 0
124, -1, 0
250, -1, 0
126, -1, 0
123, -1, 0
130, -1, 0
122, -1, 0
248, -1, 0
126, -1, 0
124, -1, 0
250, -1, 1
126, -1, 0
125, -1, 0
250, -1, 0
250, -1, 0
125, -1, 0
250, -1, 0
249, -1, 0
126, -1, 0
249, -1, 0
251, -1, 0
377, -1, 0
248, -1, 0
252, -1, 0
374, -1, 0
397, -1, 0
500, -1, 0
500, -1, 0
878, -1, 0
358, 0, -1
4542, 1, 0
827, 1, 0
628, 1, 0
625, 1, 0
512, 1, 0
248, 0, -1
112, 1, 0
375, 1, 0
381, 1, 0
370, 1, 0
247, 1, 0
386, 1, 0
238, 1, 0
250, 1, -1
250, 1, 0
254, 1, 0
251, 1, 0
246, 1, 0
255, 1, 0
245, 1, 0
124, 1, -1
125, 1, 0
249, 1, 0
251, 1, 0
125, 1, 0
124, 1, 0
250, 1, 0
126, 1, -1
125, 1, 0
249, 1, 0
126, 1, 0
129, 1, 0
256, 1, 0
120, 1, -1
126, 1, 0
120, 1, 0
125, 1, 0
123, 1, 0
253, 1, 0
123, 1, 0
124, 1, -1
125, 1, 0
126, 1, 0
126, 1, 0
124, 1, 0
126, 1, 0
124, 1, -1
125, 1, 0
124, 1, 0
126, 1, 0
125, 1, 0
126, 1, 0
124, 1, 0
125, 1, -1
124, 2, 0
125, 1, 0
123, 1, 0
127, 1, 0
125, 1, -1
127, 1, 0
123, 2, 0
124, 1, 0
127, 1, 0
124, 1, -1
125, 2, 0
126, 1, 0
124, 1, 0
126, 1, 0
123, 1, -1
128, 2, 0
128, 1, 0
123, 2, 0
123, 1, 0
126, 1, -1
125, 1, 0
126, 2, 0
124, 1, 0
128, 2, -1
122, 1, 0
126, 2, 0
126, 1, 0
127, 2, -1
124, 1, 0
125, 2, 0
128, 1, 0
134, 2, -1
122, 1, 0
118, 2, 0
128, 1, 0
126, 2, 0
117, 1, -1
126, 2, 0
126, 1, 0
126, 2, 0
122, 2, -1
126, 1, 0
125, 2, 0
124, 1, 0
124, 2, -1
126, 1, 0
124, 2, 0
125, 2, 0
125, 2, -1
125, 1, 0
125, 2, 0
125, 2, -1
125, 2, 0
125, 1, 0
124, 2, 0
128, 2, -1
123, 2, 0
124, 1, 0
155, 3, -1
97, 1, 0
125, 2, 0
126, 2, -1
123, 2, 0
126, 2, 0
125, 2, -1
124, 1, 0
126, 3, 0
130, 1, -1
125, 2, 0
122, 2, 0
125, 2, 0
121, 2, -1
126, 1, 0
124, 3, 0
125, 1, 0
125, 3, -1
125, 1, 0
126, 3, 0
127, 2, -1
122, 2, 0
125, 2, 0
126, 2, -1
124, 2, 0
125, 2, 0
125, 2, 0
126, 3, -1
124, 1, 0
125, 3, 0
125, 1, -1
125, 3, 0
125, 2, 0
125, 2, -1
125, 2, 0
127, 2, 0
137, 2, -1
113, 3, 0
125, 2, 0
123, 2, 0
125, 2, -1
125, 3, 0
125, 1, 0
126, 2, -1
123, 3, 0
126, 2, 0
125, 2, -1
125, 2, 0
125, 3, 0
125, 2, 0
125, 3, -1
126, 1, 0
123, 3, 0
126, 2, 0
125, 3, -1
125, 2, 0
125, 2, 0
124, 2, -1
126, 3, 0
126, 2, 0
124, 3, 0
125, 2, -1
124, 3, 0
132, 2, 0
120, 2, -1
124, 2, 0
126, 3, 0
126, 2, 0
124, 3, -1
125, 2, 0
125, 3, 0
125, 2, -1
125, 3, 0
125, 2, 0
125, 2, 0
126, 3, -1
124, 2, 0
126, 3, 0
124, 2, -1
125, 3, 0
125, 2, 0
125, 3, 0
125, 2, -1
126, 3, 0
124, 2, 0
125, 3, 0
124, 2, -1
125, 3, 0
126, 2, 0
125, 4, 0
125, 2, -1
126, 3, 0
124, 2, 0
125, 3, -1
125, 2, 0
125, 3, 0
125, 2, 0
125, 3, 0
125, 3, -1
126, 3, 0
124, 2, 0
129, 2, 0
125, 3, -1
123, 2, 0
127, 3, 0
124, 3, -1
123, 3, 0
126, 2, 0
126, 3, 0
134, 2, -1
124, 3, 0
119, 3, 0
127, 3, 0
123, 2, 0
125, 3, -1
122, 2, 0
125, 4, 0
127, 2, 0
122, 3, -1
125, 2, 0
126, 4, 0
125, 2, 0
124, 3, -1
124, 2, 0
123, 4, 0
126, 2, 0
125, 3, 0
125, 3, -1
123, 3, 0
127, 2, 0
124, 4, -1
127, 2, 0
124, 2, 0
126, 3, 0
124, 2, 0
126, 4, -1
125, 2, 0
125, 3, 0
124, 3, 0
126, 3, -1
126, 2, 0
125, 4, 0
123, 2, 0
131, 3, 0
123, 3, -1
123, 3, 0
123, 2, 0
126, 4, 0
125, 2, -1
129, 3, 0
121, 3, 0
124, 3, 0
124, 3, -1
127, 3, 0
126, 2, 0
128, 4, 0
121, 2, 0
126, 3, -1
122, 3, 0
127, 3, 0
124, 2, 0
126, 4, -1
146, 2, 0
105, 3, 0
124, 3, 0
125, 2, 0
125, 4, -1
125, 2, 0
125, 3, 0
125, 3, 0
125, 3, -1
125, 3, 0
123, 3, 0
125, 3, 0
125, 3, 0
126, 2, -1
124, 4, 0
125, 2, 0
125, 4, 0
126, 2, 0
125, 4, -1
125, 2, 0
125, 3, 0
130, 3, 0
122, 3, -1
123, 2, 0
125, 4, 0
128, 2, 0
124, 4, -1
123, 2, 0
124, 3, 0
125, 3, 0
125, 3, -1
125, 3, 0
125, 2, 0
126, 3, 0
125, 3, 0
125, 3, -1
124, 3, 0
125, 3, 0
125, 2, 0
125, 4, 0
126, 2, 0
125, 4, -1
125, 2, 0
125, 3, 0
124, 3, -1
125, 3, 0
133, 2, 0
118, 4, 0
127, 2, 0
124, 4, -1
125, 2, 0
124, 3, 0
125, 2, 0
125, 4, -1
126, 2, 0
124, 4, 0
126, 2, -1
125, 3, 0
124, 3, 0
125, 3, 0
126, 2, -1
124, 4, 0
125, 2, 0
126, 2, 0
124, 4, -1
126, 2, 0
124, 3, 0
126, 3, 0
126, 3, -1
126, 2, 0
123, 4, 0
127, 2, 0
123, 3, -1
128, 3, 0
122, 3, 0
127, 2, 0
125, 3, -1
124, 3, 0
127, 3, 0
126, 2, 0
122, 4, -1
127, 2, 0
125, 3, 0
124, 2, 0
125, 4, -1
140, 2, 0
116, 3, 0
125, 3, 0
120, 3, -1
126, 2, 0
124, 3, 0
121, 2, -1
127, 4, 0
125, 2, 0
123, 2, 0
126, 3, 0
125, 2, -1
125, 4, 0
125, 2, 0
124, 3, -1
125, 2, 0
126, 3, 0
124, 3, 0
126, 3, -1
124, 2, 0
126, 3, 0
124, 2, 0
125, 3, -1
125, 3, 0
125, 3, 0
125, 2, -1
126, 3, 0
124, 2, 0
126, 3, 0
130, 2, -1
127, 3, 0
119, 3, 0
125, 3, -1
126, 2, 0
122, 3, 0
125, 2, 0
126, 3, -1
124, 2, 0
125, 3, 0
125, 2, 0
126, 2, -1
124, 3, 0
126, 2, 0
128, 3, -1
127, 2, 0
120, 3, 0
124, 2, 0
125, 3, -1
125, 2, 0
125, 3, 0
125, 2, -1
126, 3, 0
125, 2, 0
124, 3, -1
125, 2, 0
125, 3, 0
125, 1, 0
125, 3, -1
125, 2, 0
125, 3, 0
126, 2, 0
125, 3, -1
125, 2, 0
125, 2, 0
130, 2, -1
133, 3, 0
119, 2, 0
121, 3, 0
127, 1, -1
119, 2, 0
126, 3, 0
130, 2, -1
125, 2, 0
123, 2, 0
123, 3, 0
126, 2, -1
126, 2, 0
124, 2, 0
156, 3, -1
94, 2, 0
125, 2, 0
126, 2, 0
126, 2, -1
127, 2, 0
122, 3, 0
124, 2, 0
124, 2, -1
126, 2, 0
123, 2, 0
124, 2, -1
126, 3, 0
126, 1, 0
126, 3, 0
124, 1, -1
125, 3, 0
126, 1, 0
125, 3, -1
124, 2, 0
125, 2, 0
125, 1, 0
131, 3, 0
122, 1, -1
125, 2, 0
126, 2, 0
122, 2, 0
122, 2, -1
126, 2, 0
125, 2, 0
125, 2, 0
125, 2, -1
125, 1, 0
126, 3, 0
126, 1, 0
123, 2, -1
127, 2, 0
124, 2, 0
125, 1, 0
127, 3, -1
123, 1, 0
127, 2, 0
128, 1, 0
121, 3, -1
126, 1, 0
123, 2, 0
125, 2, 0
124, 2, 0
125, 1, -1
125, 2, 0
125, 1, 0
125, 2, 0
125, 2, 0
125, 2, -1
125, 1, 0
125, 1, 0
125, 2, 0
125, 1, -1
127, 2, 0
127, 2, 0
124, 1, 0
125, 2, 0
127, 2, -1
125, 1, 0
144, 2, 0
112, 1, 0
123, 2, 0
123, 1, -1
126, 2, 0
120, 1, 0
123, 2, 0
126, 1, 0
125, 1, -1
126, 1, 0
124, 2, 0
125, 1, 0
124, 2, 0
124, 1, 0
126, 1, -1
127, 2, 0
123, 1, 0
123, 1, 0
127, 2, 0
125, 1, 0
131, 1, 0
124, 1, -1
123, 2, 0
123, 1, 0
127, 1, 0
122, 1, 0
123, 1, 0
125, 2, -1
126, 1, 0
125, 1, 0
125, 1, 0
124, 1, 0
126, 1, -1
125, 1, 0
126, 1, 0
125, 2, 0
123, 1, 0
126, 1, 0
125, 1, 0
124, 1, -1
125, 1, 0
125, 1, 0
125, 1, 0
125, 1, 0
125, 1, 0
125, 1, 0
126, 1, 0
124, 1, -1
249, 2, 0
253, 1, 0
124, 1, 0
125, 1, 0
126, 1, 0
126, 1, -1
255, 1, 0
118, 1, 0
126, 1, 0
121, 1, 0
253, 1, 0
124, 1, 0
126, 1, -1
248, 1, 0
126, 1, 0
249, 1, 0
126, 1, 0
249, 1, 0
126, 0, -1
125, 1, 0
125, 1, 0
251, 1, 0
249, 1, 0
128, 1, 0
257, 1, 0
246, 0, -1
122, 1, 0
251, 1, 0
250, 1, 0
376, 1, 0
373, 1, 0
377, 1, 0
507, 1, -1
509, 1, 0
1026, 1, 0
5603, -1, 0
486, 0, -1
890, -1, 0
984, -1, 0
744, -1, 0
750, -1, 0
626, -1, 0
246, 0, -1
374, -1, 0
545, -1, 0
500, -1, 0
474, -1, 0
371, -1, 0
501, -1, 0
361, -1, 0
385, -1, -1
249, -1, 0
387, -1, 0
238, -1, 0
372, -1, 0
251, -1, 0
375, -1, 0
242, -1, 0
279, -1, -1
226, -1, 0
247, -1, 0
248, -1, 0
250, -1, 0
252, -1, 0
251, -1, 0
258, -1, 0
125, -1, 0
246, -1, 0
246, -1, -1
124, -1, 0
248, -1, 0
249, -1, 0
252, -1, 0
124, -1, 0
250, -1, 0
127, -1, 0
248, -1, 0
125, -1, 0
252, -1, -1
125, -1, 0
247, -1, 0
126, -1, 0
249, -1, 0
127, -1, 0
131, -1, 0
243, -1, 0
125, -1, 0
125, -1, 0
250, -1, 0
126, -1, 0
124, -1, 0
126, -1, 0
124, -1, 0
250, -1, 0
125, -1, 0
126, 0, -1
125, -1, 0
124, -1, 0
125, -1, 0
126, -1, 0
123, -1, 0
276, -1, 0
111, -1, 0
134, -1, 0
114, -1, 0
118, -1, 0
125, -1, 0
126, -1, 0
246, -2, 0
251, -1, 0
126, -1, 0
125, -1, 0
124, -1, 0
130, -1, 0
121, -1, 0
124, -1, 0
125, -1, 0
129, -1, 0
121, -1, 0
129, -1, 0
121, -1, 0
253, -2, 0
248, -2, 0
263, -2, 0
240, -2, 0
122, -1, 0
127, -1, 0
124, -1, 0
125, -1, 0
126, -1, 0
124, -1, 0
130, -1, 0
120, -1, 0
129, -1, 0
126, -1, 0
127, -1, 0
123, -1, 0
124, -1, 0
124, -1, 0
123, -1, 0
127, -2, 0
248, -2, 0
125, -1, 0
123, -1, 0
128, -1, 0
123, -1, 0
125, -1, 0
128, -1, 0
123, -1, 0
125, -1, 0
147, -2, 0
229, -2, 0
122, -1, 0
126, -1, 0
124, -1, 0
126, -1, 0
124, -1, 0
125, -2, 0
125, -1, 0
129, -1, 0
122, -1, 0
125, -2, 0
250, -2, 0
124, -1, 0
131, -1, 0
122, -1, 0
124, -2, 0
123, -1, 0
127, -1, 0
124, -1, 0
125, -1, 0
124, -1, 0
125, -2, 0
124, -1, 0
126, -1, 1
124, -1, 0
125, -1, 0
125, -1, 0
125, -1, 0
128, -2, 0
125, -1, 0
123, -1, 0
126, -1, 0
123, -2, 0
125, -1, 0
125, -1, 0
125, -1, 0
125, -2, 0
126, -1, 0
124, -1, 0
126, -1, 0
124, -2, 0
126, -1, 0
124, -1, 0
127, -1, 0
125, -2, 0
127, -1, 0
125, -1, 1
125, -1, 0
122, -2, 0
124, -1, 0
124, -2, 0
123, -1, 0
130, -1, 0
142, -1, 0
114, -2, 0
119, -1, 0
123, -1, 0
125, -1, 0
125, -1, 0
125, -2, 0
125, -1, 0
125, -2, 0
125, -1, 0
125, -1, 0
125, -1, 0
124, -2, 0
126, -1, 1
126, -1, 0
126, -1, 0
123, -2, 0
125, -1, 0
126, -2, 0
123, -1, 0
126, -1, 0
125, -1, 0
123, -2, 0
126, -1, 0
127, -2, 0
124, -1, 0
128, -1, 0
124, -1, 0
122, -2, 0
125, -1, 0
125, -2, 0
125, -1, 0
125, -1, 1
126, -1, 0
125, -2, 0
124, -1, 0
125, -1, 0
124, -2, 0
126, -1, 0
124, -2, 0
125, -1, 0
127, -1, 0
125, -1, 0
124, -2, 0
125, -1, 0
125, -2, 0
128, -1, 0
123, -2, 0
124, -1, 0
125, -1, 0
130, -1, 0
122, -2, 0
124, -1, 0
125, -2, 1
125, -1, 0
125, -2, 0
126, -1, 0
124, -1, 0
126, -2, 0
124, -1, 0
125, -1, 0
125, -2, 0
125, -1, 0
125, -2, 0
125, -1, 0
125, -2, 0
126, -1, 0
124, -1, 0
128, -2, 0
122, -1, 0
125, -1, 0
125, -1, 0
125, -2, 0
125, -1, 1
126, -2, 0
124, -1, 0
125, -2, 0
125, -1, 0
125, -1, 0
125, -1, 0
125, -2, 0
125, -1, 0
126, -2, 0
124, -1, 0
125, -2, 0
126, -1, 0
124, -1, 0
125, -1, 0
128, -2, 0
127, -1, 0
123, -2, 1
126, -1, 0
121, -2, 0
127, -1, 0
126, -1, 0
123, -2, 0
123, -1, 0
125, -1, 0
126, -2, 0
124, -1, 0
125, -1, 0
125, -2, 0
125, -1, 0
125, -2, 0
125, -1, 0
125, -1, 0
126, -1, 0
124, -2, 1
125, -1, 0
125, -2, 0
125, -1, 0
125, -2, 0
125, -1, 0
125, -1, 0
126, -1, 0
124, -2, 0
125, -1, 0
125, -2, 0
125, -1, 0
125, -2, 0
126, -1, 0
125, -1, 0
125, -1, 0
124, -2, 0
125, -1, 0
125, -2, 0
125, -1, 0
125, -1, 0
125, -1, 0
125, -2, 0
126, -1, 1
124, -1, 0
125, -2, 0
124, -1, 0
132, -1, 0
119, -2, 0
125, -1, 0
125, -1, 0
125, -2, 0
125, -1, 0
123, -1, 0
127, -2, 0
125, -1, 0
125, -1, 0
125, -2, 0
125, -1, 1
125, -1, 0
125, -1, 0
125, -2, 0
125, -1, 0
125, -2, 0
125, -1, 0
125, -1, 0
128, -1, 0
123, -2, 0
126, -1, 0
122, -2, 0
126, -1, 0
125, -1, 0
125, -1, 0
125, -1, 0
125, -2, 0
126, -1, 0
128, -1, 0
120, -1, 1
125, -2, 0
125, -1, 0
125, -2, 0
125, -1, 0
125, -1, 0
125, -1, 0
125, -2, 0
125, -1, 0
125, -1, 0
125, -1, 0
125, -2, 0
125, -1, 0
125, -1, 1
126, -1, 0
124, -2, 0
125, -1, 0
125, -1, 0
127, -1, 0
124, -2, 0
128, -1, 0
122, -1, 0
125, -1, 0
125, -2, 0
250, -2, 0
125, -1, 0
125, -1, 0
126, -1, 0
124, -1, 0
127, -2, 1
124, -1, 0
125, -1, 0
126, -1, 0
124, -2, 0
125, -1, 0
125, -1, 0
127, -1, 0
124, -1, 0
124, -1, 0
125, -2, 0
126, -1, 0
125, -1, 0
124, -1, 0
125, -2, 0
125, 0, 1
129, -2, 0
127, -1, 0
125, -1, 0
121, -1, 0
128, -1, 0
125, -1, 0
124, -2, 0
128, -1, 0
122, -1, 0
127, -1, 0
121, -1, 0
126, -1, 0
130, -1, 1
123, -1, 0
124, -2, 0
125, -1, 0
251, -2, 0
125, -1, 0
123, -1, 0
126, -1, 0
125, -1, 0
126, -1, 0
123, -1, 0
126, -1, 0
123, -2, 0
251, -2, 0
124, -1, 0
127, -1, 1
125, -1, 0
122, -1, 0
125, -1, 0
127, -1, 0
127, -1, 0
120, -2, 0
285, -1, 0
103, -1, 0
126, -2, 0
252, -2, 0
123, -1, 0
122, -1, 0
123, -1, 0
120, 0, 1
126, -2, 0
255, -2, 0
249, -2, 0
247, -2, 0
128, -1, 0
119, -1, 0
125, -1, 0
129, -1, 0
125, -1, 0
126, -1, 0
248, -2, 1
253, -1, 0
120, -1, 0
126, -1, 0
124, -1, 0
130, -1, 0
124, -1, 0
121, -1, 0
126, -1, 0
124, -1, 0
126, -1, 0
126, -1, 0
124, -1, 0
125, -1, 1
128, -1, 0
249, -1, 0
122, -1, 0
124, -1, 0
139, -1, 0
117, -1, 0
122, -1, 0
126, -1, 0
255, -1, 0
124, -1, 0
122, -1, 1
127, -1, 0
117, -1, 0
123, -1, 0
252, -1, 0
126, -1, 0
123, -1, 0
124, -1, 0
250, -2, 0
251, -1, 1
124, -1, 0
126, -1, 0
250, -1, 0
127, -1, 0
125, -1, 0
250, -1, 0
138, -1, 0
255, -1, 0
118, -1, 0
122, -1, 0
127, -1, 1
242, -1, 0
126, -1, 0
257, -1, 0
120, -1, 0
126, -1, 0
253, -1, 0
120, -1, 0
127, -1, 0
249, -1, 1
245, -1, 0
128, -1, 0
247, -1, 0
126, -1, 0
248, -1, 0
125, -1, 0
252, -1, 0
252, -1, 0
122, 0, 1
133, -1, 0
117, -1, 0
251, -1, 0
251, -1, 0
124, -1, 0
249, -1, 0
251, -1, 0
249, -1, 0
250, -1, 1
250, -1, 0
250, -1, 0
249, -1, 0
249, -1, 0
257, -1, 0
380, -1, 0
242, -1, 0
247, -1, 0
126, 0, 1
124, -1, 0
373, -1, 0
376, -1, 0
250, -1, 0
375, -1, 0
376, -1, 0
379, -1, 0
372, -1, 0
378, -1, 0
498, -1, 0
250, 0, 1
253, -1, 0
497, -1, 0
546, -1, 0
714, -1, 0
739, -1, 0
887, -1, 0
1877, -1, 0
32279, 1, 0
2717, 1, 0
2375, 1, 0
2919, 1, 0
3606, 1, 0
133487, 0, 1
3366, 0, 1
2763, 0, 1
2981, 0, 1
4451, 0, 1
1833, -1, 0
3788, 0, 1
6479, 0, 1
2727, -1, 0
1749, 0, 1
3983, 0, 1
1249, -1, 0
2410, 0, 1
3491, 0, 1
1725, -1, 0
1924, 0, 1
3215, 0, 1
3001, 0, 1
367, -1, 0
2002, 0, 1
2125, 0, 1
2251, 0, 1
114, -1, 0
1622, 0, 1
1889, 0, 1
1745, 0, 1
253, -1, 0
1250, 0, 1
1616, 0, 1
1629, 0, 1
494, -1, 0
626, 0, 1
1370, 0, 1
1550, 0, 1
866, -1, 0
627, 0, 1
1219, 0, 1
1373, 0, 1
1252, 0, 1
618, -1, 0
745, 0, 1
1375, 0, 1
1503, 0, 1
1122, 0, 1
374, -1, 0
1003, 0, 1
1121, 0, 1
1543, 0, 1
1466, 0, 1
876, -1, 0
378, 0, 1
1375, 0, 1
1533, 0, 1
1339, 0, 1
1384, 0, 1
488, -1, 0
1001, 0, 1
1502, 0, 1
1123, 0, 1
1784, 0, 1
1381, 0, 1
1496, 0, 1
1483, 0, 1
1739, 0, 1
248, -1, 0
1497, 0, 1
1635, 0, 1
1875, 0, 1
1870, 0, 1
2004, 0, 1
2003, 0, 1
2117, 0, 1
2372, 0, 1
2129, 0, 1
2771, 0, 1
1660, -1, 0
1206, 0, 1
3105, 0, 1
3244, 0, 1
4507, 0, 1
3994, 0, 1
2999, -1, 0
4632, 0, 1
11890, 0, 1
7626, 0, 1
8644, 0, 1
6489, 0, 1
8251, 0, 1
9120, 0, 1
25650, 0, 0
2603, 0, 1
90647, 0, 0
118984, 1, 0
