offset, x, y
2513, 1, 0
1979, 0, 1
2229, 1, 0
9389, -1, 0
16652, 0, -1
63258, -1, 0
67750, 0, -1
42831, -1, 0
4607, 1, 0
1622, 1, 0
1119, 1, 0
1256, 1, 0
996, 0, 1
253, 1, 0
1112, 1, 0
1268, 0, 1
752, 1, 0
1653, 1, 0
1726, 1, 1
1523, 1, 0
1600, 1, 0
1373, 1, 0
1500, 1, 0
2273, 1, 0
2007, 1, 0
2078, 1, 0
2422, 0, -1
839, 1, 0
4794, 1, 0
82, 0, -1
17932, 1, 0
3479, 1, -1
2889, 1, 0
2613, 1, 0
102, 0, -1
2522, 1, 0
89, 0, -1
2252, 0, -1
1624, 0, -1
622, 1, 0
876, 0, -1
1431, 0, -1
1359, 0, -1
1748, -1, -1
628, 0, -1
837, 0, -1
1126, 0, -1
496, -1, 0
486, 0, -1
999, 0, -1
1001, 0, -1
250, -1, 0
626, 0, -1
1039, -1, -1
872, 0, -1
212, -1, 0
643, 0, -1
732, -1, 0
249, 0, -1
751, 0, -1
127, -1, 0
873, 0, -1
127, -1, 0
752, 0, -1
247, -1, 0
498, 0, -1
500, -1, 0
408, 0, -1
499, -1, 0
218, 0, -1
1259, -1, 0
244, 0, -1
125, -1, 0
125, 0, -1
529, -1, 0
218, 0, -1
532, -1, 0
372, 0, -1
347, -1, 0
500, 0, -1
127, -1, 0
782, -1, -1
746, -1, -1
751, -1, 0
218, 0, -1
250, -1, 0
534, 0, -1
216, -1, 0
658, -1, -1
591, -1, 0
376, 0, -1
249, -1, 0
626, -1, 0
136, 0, -1
399, -1, 0
625, -1, -1
623, -1, 0
503, -1, -1
497, -1, 0
501, 0, -1
102, -1, 0
522, -1, 0
500, -1, 0
341, 0, -1
137, -1, 0
647, -1, 0
341, -1, 0
250, 0, -1
250, -1, 0
1052, -1, 0
213, -1, 0
122, 0, -1
125, -1, 0
489, -1, 0
403, -1, 0
471, -1, 0
137, 0, -1
395, -1, 0
393, -1, 0
326, -1, 0
533, -1, 0
343, -1, 0
127, 0, -1
247, -1, 0
535, -1, 0
340, -1, 0
406, -1, 0
343, -1, 0
376, -1, 0
252, 0, -1
126, -1, 0
497, -1, 0
409, -1, 0
341, -1, 0
375, -1, 0
250, -1, 0
406, -1, 0
344, -1, 0
250, 0, -1
127, -1, 0
407, -1, 0
341, -1, 0
408, -1, 0
216, -1, 0
376, -1, 0
407, -1, 0
342, -1, 0
250, -1, 0
391, -1, 0
392, -1, 0
217, -1, 0
412, -1, 0
339, -1, 0
249, -1, 0
410, -1, 0
215, -1, -1
410, -1, 0
376, -1, 0
520, -1, 0
198, -1, 0
125, -1, 0
247, -1, 0
374, -1, 0
250, -1, 0
251, -1, 0
405, -1, 0
219, -1, 0
408, -1, 0
217, -1, 0
250, -1, 0
433, -1, 0
195, -1, 0
252, -1, 0
372, -1, 0
248, -1, 0
251, -1, 0
405, -1, 0
219, -1, 0
250, -1, 0
250, -1, 0
404, -1, 0
222, -1, 0
250, -1, 0
250, -1, 0
249, -1, 0
311, -1, 0
315, -1, 0
249, -1, 0
257, -1, 0
250, -1, 0
245, -1, 0
247, -1, 0
251, -1, 0
252, -1, 0
378, -1, 0
272, -1, 0
223, -1, 0
250, -1, 0
250, -1, 0
250, -1, 0
375, -1, 0
250, -1, 0
250, -1, 0
250, -1, 0
250, -1, 0
251, -1, 0
251, -1, 0
249, -1, 0
250, -1, 0
249, -1, 0
375, -1, 0
250, -1, 0
250, -1, 0
250, -1, 0
250, -1, 0
250, -1, 0
250, -1, 0
250, -1, 0
1224, -1, 0
163, -1, 0
124, -3, 0
126, -1, 0
363, -1, 0
250, -1, 0
250, -1, 0
250, -1, 0
250, -1, 0
250, -1, 1
250, -1, 0
375, -1, 0
268, -1, 0
249, -1, 0
234, -1, 0
250, -1, 0
250, -1, 0
374, -1, 0
250, -1, 0
250, -1, 0
251, -1, 0
249, -1, 0
250, -1, 0
377, -1, 0
249, -1, 0
250, -1, 0
251, -1, 0
249, -1, 0
376, -1, 0
248, -1, 0
250, -1, 0
250, -1, 0
260, -1, 0
243, -1, 0
373, -1, 0
250, -1, 0
251, -1, 0
374, -1, 0
250, -1, 0
249, -1, 0
376, -1, 0
250, -1, 0
249, -1, 0
251, -1, 0
249, -1, 0
251, -1, 0
375, -1, 0
250, -1, 0
250, -1, 0
375, -1, 0
249, -1, 0
376, -1, 0
250, -1, 0
250, -1, 0
250, -1, 0
374, -1, 0
250, -1, 0
250, -1, 0
820, -1, 0
183, -1, 0
124, -1, 0
248, -1, 0
250, -1, 0
250, -1, 0
250, -1, 0
374, -1, 0
376, -1, 0
249, -1, -1
376, -1, 0
249, -1, 0
376, -1, 0
374, -1, 0
250, -1, 0
376, -1, 0
375, -1, 0
249, -1, 0
439, -1, 0
187, -1, 0
539, -1, -1
211, -1, 0
413, -1, 0
337, -1, 0
375, -1, 0
502, -1, 0
249, -1, 0
499, -1, 0
376, -1, 0
416, -1, 0
334, -1, 0
380, -1, 0
371, 0, -1
139, -1, 0
486, -1, 0
407, -1, 0
505, -1, 0
493, -1, 0
468, -1, 0
539, -1, 0
419, 0, -1
54, -1, 0
675, -1, 0
602, -1, 0
495, -1, 0
1268, -1, 0
211, -1, 0
124, 0, -1
489, -1, 0
931, -1, 0
820, -1, 0
1250, -1, -1
1283, -1, 0
2895, -1, 0
5697, 1, 0
2043, 1, 0
1633, 1, 0
1602, 1, 0
1135, 1, 0
1085, 1, 0
1128, 1, 0
909, 1, 0
795, 1, 0
965, 1, 0
739, 1, 0
766, 1, 0
605, 1, 0
625, 1, 0
613, 1, 0
639, 0, 1
102, 1, 0
489, 1, 0
499, 1, 0
501, 1, 0
657, 1, 0
468, 1, 0
407, 1, 0
968, 1, 0
262, 1, 1
365, 1, 0
376, 1, 0
499, 1, 0
375, 1, 0
535, 1, 0
338, 1, 0
541, 1, 0
334, 1, 0
128, 0, 1
247, 1, 0
375, 1, 0
500, 1, 0
411, 1, 0
214, 1, 0
375, 1, 0
250, 0, 1
251, 1, 0
251, 1, 0
374, 1, 0
412, 1, 0
337, 1, 0
250, 1, 0
250, 0, 1
128, 1, 0
407, 1, 0
340, 1, 0
250, 1, 0
381, 1, 0
247, 1, 1
420, 1, 0
327, 1, 0
250, 1, 0
250, 1, 0
416, 1, 0
87, 0, 1
125, 1, 0
372, 1, 0
250, 1, 0
250, 1, 0
429, 1, 0
196, 1, 0
128, 0, 1
125, 1, 0
412, 1, 0
210, 1, 0
435, 1, 0
68, 1, 0
247, 1, 1
376, 1, 0
250, 1, 0
249, 1, 0
425, 1, 0
205, 1, 0
123, 0, 1
124, 1, 0
247, 1, 0
251, 1, 0
249, 1, 0
250, 1, 0
250, 1, 0
250, 1, 1
250, 1, 0
250, 1, 0
250, 1, 0
254, 1, 0
246, 1, 0
128, 0, 1
125, 1, 0
247, 1, 0
251, 1, 0
249, 1, 0
250, 1, 0
250, 1, 0
130, 0, 1
124, 1, 0
246, 1, 0
250, 1, 0
251, 1, 0
249, 1, 0
128, 1, 0
247, 1, 0
128, 0, 1
126, 1, 0
246, 1, 0
128, 1, 0
247, 1, 0
307, 1, 0
223, 1, 0
221, 1, 1
136, 1, 0
238, 1, 0
250, 1, 0
250, 1, 0
137, 1, 0
238, 1, 0
250, 1, 0
250, 1, 1
137, 1, 0
239, 1, 0
249, 1, 0
250, 1, 0
137, 1, 0
238, 1, 0
250, 1, 1
136, 1, 0
239, 1, 0
250, 1, 0
136, 1, 0
239, 1, 0
250, 1, 0
250, 1, 1
136, 1, 0
239, 1, 0
137, 1, 0
238, 1, 0
136, 1, 0
239, 1, 0
250, 1, 0
136, 1, 1
239, 1, 0
250, 1, 0
136, 1, 0
239, 1, 0
136, 1, 0
238, 1, 0
137, 1, 1
239, 1, 0
250, 1, 0
136, 1, 0
1070, 1, 0
181, 1, 0
124, 5, 1
125, 1, 0
239, 1, 0
250, 1, 0
136, 1, 1
125, 1, 0
239, 1, 0
250, 1, 0
136, 1, 0
239, 1, 0
249, 1, 0
137, 1, 0
125, 1, 1
246, 1, 0
121, 1, 0
247, 1, 0
128, 1, 0
247, 1, 0
130, 1, 0
245, 1, 0
132, 1, 1
246, 1, 0
127, 1, 0
250, 1, 0
126, 1, 0
244, 1, 0
133, 1, 0
245, 1, 0
131, 1, 0
277, 0, 1
238, 1, 0
104, 2, 0
247, 1, 0
128, 1, 0
125, 1, 0
248, 1, 0
129, 1, 0
123, 0, 1
125, 1, 0
125, 1, 0
247, 1, 0
127, 1, 0
248, 1, 0
128, 1, 0
248, 1, 0
132, 1, 0
124, 0, 1
123, 1, 0
125, 1, 0
248, 1, 0
130, 1, 0
123, 1, 0
246, 1, 0
251, 1, 0
127, 1, 0
125, 1, 0
248, 1, 1
249, 1, 0
128, 1, 0
247, 1, 0
128, 1, 0
247, 1, 0
128, 1, 0
125, 1, 0
125, 0, 1
125, 1, 0
247, 1, 0
128, 1, 0
247, 1, 0
129, 1, 0
246, 1, 0
128, 1, 0
247, 1, 0
128, 1, 1
250, 1, 0
125, 1, 0
247, 1, 0
128, 1, 0
247, 1, 0
128, 1, 0
247, 1, 0
129, 1, 1
247, 1, 0
249, 1, 0
129, 1, 0
124, 1, 0
373, 1, 0
250, 1, 0
125, 1, 1
124, 1, 0
125, 1, 0
248, 1, 0
127, 1, 0
248, 1, 0
127, 1, 0
125, 0, 1
129, 1, 0
244, 1, 0
128, 1, 0
124, 1, 0
249, 1, 0
127, 1, 0
246, 1, 0
128, 1, 0
125, 0, 1
125, 1, 0
248, 1, 0
127, 1, 0
247, 1, 0
128, 1, 0
247, 1, 0
128, 1, 0
126, 0, 1
124, 1, 0
248, 1, 0
128, 1, 0
247, 1, 0
249, 1, 0
128, 1, 0
131, 0, 1
119, 1, 0
125, 1, 0
247, 1, 0
128, 1, 0
247, 1, 0
251, 1, 0
127, 1, 1
248, 1, 0
249, 1, 0
128, 1, 0
248, 1, 0
249, 1, 0
128, 1, 0
125, 0, 1
125, 1, 0
247, 1, 0
128, 1, 0
247, 1, 0
250, 1, 0
270, 1, 1
176, 1, 0
292, 1, 0
403, 1, 0
270, 1, 0
102, 2, 0
174, 1, 1
244, 1, 0
259, 1, 0
247, 1, 0
147, 1, 0
121, 0, 1
108, 1, 0
271, 1, 0
233, 1, 0
232, 1, 0
272, 1, 0
124, 1, 0
139, 0, 1
124, 1, 0
124, 1, 0
250, 1, 0
363, 1, 0
120, 1, 0
263, 1, 0
139, 0, 1
123, 1, 0
161, 1, 0
185, 1, 0
366, 1, 0
255, 1, 0
253, 1, 1
244, 1, 0
133, 1, 0
246, 1, 0
233, 1, 0
256, 1, 1
241, 1, 0
255, 1, 0
246, 1, 0
255, 1, 0
253, 1, 0
133, 0, 1
122, 1, 0
246, 1, 0
244, 1, 0
375, 1, 0
254, 1, 1
246, 1, 0
246, 1, 0
237, 1, 0
269, 1, 0
253, 1, 0
134, 0, 1
123, 1, 0
366, 1, 0
244, 1, 0
262, 1, 0
371, 1, 1
240, 1, 0
379, 1, 0
225, 1, 0
369, 1, 0
253, 1, 0
238, 1, 1
375, 1, 0
374, 1, 0
250, 1, 0
376, 1, 0
249, 0, 1
128, 1, 0
247, 1, 0
376, 1, 0
407, 1, 0
342, 1, 0
250, 1, 0
128, 0, 1
248, 1, 0
535, 1, 0
339, 1, 0
406, 1, 0
97, 0, 1
247, 1, 0
375, 1, 0
405, 1, 0
470, 1, 0
376, 1, 1
530, 1, 0
344, 1, 0
556, 1, 0
572, 1, 1
498, 1, 0
531, 1, 0
624, 1, 0
470, 1, 0
781, 0, 1
108, 1, 0
646, 1, 0
752, 1, 0
994, 1, 0
844, 1, 0
127, 0, 1
1414, 1, 0
2128, 1, 0
10735, -1, 0
3051, -1, 0
1939, -1, 0
2158, -1, -1
1372, -1, 0
1379, -1, 0
89, 0, -1
1249, -1, 0
999, 0, -1
126, -1, 0
1003, -1, 0
914, 0, -1
69, -1, 0
1028, -1, 0
845, -1, -1
905, -1, 0
635, -1, 0
87, 0, -1
655, -1, 0
746, -1, -1
722, -1, 0
659, -1, -1
492, -1, 0
632, -1, 0
216, 0, -1
407, -1, 0
343, -1, 0
657, -1, -1
343, -1, 0
532, -1, -1
469, -1, 0
531, -1, 0
218, 0, -1
137, -1, 0
488, -1, 0
408, -1, -1
342, -1, 0
500, -1, 0
137, 0, -1
238, -1, 0
408, -1, 0
390, -1, -1
328, -1, 0
971, -1, 0
166, 0, -1
125, -2, 0
124, -1, 0
239, 0, -1
137, -1, 0
363, -1, 0
250, -1, -1
405, -1, 0
346, -1, 0
136, 0, -1
124, -1, 0
444, -1, 0
172, -1, 0
135, 0, -1
238, -1, 0
250, -1, 0
251, -1, -1
372, -1, 0
250, -1, 0
251, -1, -1
249, -1, 0
375, -1, 0
250, -1, 0
128, 0, -1
125, -1, 0
373, -1, 0
250, -1, -1
249, -1, 0
250, -1, 0
250, -1, -1
250, -1, 0
250, -1, 0
250, -1, 0
250, -1, -1
250, -1, 0
250, -1, 0
251, -1, -1
377, -1, 0
126, -1, 0
246, -1, -1
250, -1, 0
250, -1, 0
250, -1, 0
128, 0, -1
125, -1, 0
247, -1, 0
250, -1, 0
128, 0, -1
125, -1, 0
247, -1, 0
128, -1, 0
247, -1, -1
250, -1, 0
250, -1, 0
250, -1, 0
128, -1, -1
247, -1, 0
250, -1, 0
250, -1, -1
128, -1, 0
247, -1, 0
250, -1, 0
128, -1, -1
247, -1, 0
250, -1, 0
128, -1, 0
125, 0, -1
125, -1, 0
247, -1, 0
250, -1, 0
504, -1, 0
250, 0, -1
124, -3, -1
125, -1, 0
125, -1, 0
247, -1, 0
250, -1, 0
129, -1, -1
246, -1, 0
250, -1, 0
128, -1, 0
125, -1, -1
247, -1, 0
250, -1, 0
128, -1, 0
247, -1, -1
250, -1, 0
128, -1, 0
125, -1, 0
247, -1, -1
250, -1, 0
128, -1, 0
125, -1, 0
247, -1, -1
128, -1, 0
247, -1, 0
250, -1, 0
128, -1, 0
125, -1, -1
247, -1, 0
128, -1, 0
247, -1, 0
128, -1, -1
247, -1, 0
128, -1, 0
247, -1, 0
128, -1, -1
125, -1, 0
247, -1, 0
128, -1, 0
247, -1, 0
128, 0, -1
125, -1, 0
125, -1, 0
125, -1, 0
247, -1, 0
128, -1, -1
125, -1, 0
247, -1, 0
128, -1, 0
247, -1, -1
128, -1, 0
125, -1, 0
247, -1, 0
128, -1, 0
125, -1, 0
125, 0, -1
125, -1, 0
125, -1, 0
248, -1, 0
127, -1, 0
125, -1, 0
125, 0, -1
125, -1, 0
126, -1, 0
124, -1, 0
247, -1, 0
128, -1, 0
125, 0, -1
125, -1, 0
125, -1, 0
125, -1, 0
247, -1, 0
128, -1, 0
125, -1, -1
247, -1, 0
128, -1, 0
125, -1, 0
247, -1, 0
128, -1, -1
124, -1, 0
248, -1, 0
128, -1, 0
125, -1, 0
125, -1, -1
247, -1, 0
128, -1, 0
125, -1, 0
247, -1, 0
128, -1, 0
125, 0, -1
125, -1, 0
125, -1, 0
125, -1, 0
124, -1, 0
248, -1, 0
128, -1, -1
125, -1, 0
516, -1, 0
247, -1, 0
112, -3, -1
127, -1, 0
126, -1, 0
122, -1, 0
247, -1, 0
128, -1, 0
125, -1, -1
247, -1, 0
128, -1, 0
125, -1, 0
125, -1, 0
247, -1, 0
127, -1, -1
248, -1, 0
127, -1, 0
125, -1, 0
125, -1, 0
133, -1, 0
121, 0, -1
124, -1, 0
128, -1, 0
127, -1, 0
406, -1, 0
215, -1, 0
124, -2, -1
124, -1, 0
124, -1, 0
126, -1, 0
246, -1, 0
128, -1, 0
125, -1, -1
125, -1, 0
247, -1, 0
128, -1, 0
125, -1, 0
247, -1, 0
128, -1, -1
125, -1, 0
126, -1, 0
125, -1, 0
247, -1, 0
128, -1, 0
128, -1, 0
121, -1, 0
125, 0, -1
125, -1, 0
125, -1, 0
125, -1, 0
247, -1, 0
128, -1, 0
125, -1, 0
125, -1, -1
247, -1, 0
128, -1, 0
125, -1, 0
247, -1, 0
128, -1, 0
124, -1, 0
126, -1, 0
125, -1, -1
247, -1, 0
128, -1, 0
125, -1, 0
247, -1, 0
128, -1, 0
125, -1, 0
125, -1, -1
247, -1, 0
128, -1, 0
125, -1, 0
125, -1, 0
247, -1, 0
128, -1, 0
125, -1, -1
247, -1, 0
128, -1, 0
125, -1, 0
247, -1, 0
128, -1, 0
125, -1, -1
125, -1, 0
247, -1, 0
128, -1, 0
125, -1, 0
247, -1, 0
128, -1, 0
125, -1, 0
125, -1, -1
248, -1, 0
127, -1, 0
125, -1, 0
247, -1, 0
128, -1, 0
125, -1, -1
125, -1, 0
125, -1, 0
247, -1, 0
128, -1, 0
247, -1, 0
128, -1, 0
468, -1, 0
160, 0, -1
124, -4, 0
248, -1, 0
125, -1, 0
125, -1, -1
246, -1, 0
129, -1, 0
125, -1, 0
247, -1, 0
127, -1, 0
125, -1, 0
248, -1, -1
128, -1, 0
125, -1, 0
124, -1, 0
248, -1, 0
128, -1, 0
124, -1, 0
248, -1, -1
128, -1, 0
247, -1, 0
127, -1, 0
127, -1, 0
246, -1, 0
128, -1, 0
125, -1, -1
247, -1, 0
127, -1, 0
125, -1, 0
125, -1, 0
248, -1, 0
128, -1, 0
126, -1, -1
246, -1, 0
128, -1, 0
247, -1, 0
128, -1, 0
247, -1, 0
128, -1, 0
124, -1, 0
126, 0, -1
124, -1, 0
241, -1, 0
288, -1, 0
136, -2, 0
208, -1, -1
136, -1, 0
126, -1, 0
238, -1, 0
136, -1, 0
238, -1, 0
136, -1, 0
126, -1, 0
238, -1, -1
137, -1, 0
239, -1, 0
136, -1, 0
126, -1, 0
238, -1, 0
136, -1, 0
126, 0, -1
124, -1, 0
125, -1, 0
239, -1, 0
136, -1, 0
238, -1, 0
137, -1, 0
125, 0, -1
125, -1, 0
125, -1, 0
125, -1, 0
238, -1, 0
251, -1, 0
136, -1, 0
125, -1, 0
239, -1, -1
136, -1, 0
239, -1, 0
137, -1, 0
239, -1, 0
249, -1, -1
137, -1, 0
238, -1, 0
136, -1, 0
238, -1, 0
137, -1, 0
239, -1, 0
137, 0, -1
124, -1, 0
126, -1, 0
237, -1, 0
137, -1, 0
239, -1, 0
136, -1, -1
239, -1, 0
982, -1, 0
154, -1, 0
125, -4, -1
125, -1, 0
238, -1, 0
251, -1, 0
136, 0, -1
125, -1, 0
125, -1, 0
238, -1, 0
250, -1, 0
137, -1, 0
125, 0, -1
125, -1, 0
238, -1, 0
251, -1, 0
251, -1, 0
128, -1, 0
126, 0, -1
123, -1, 0
246, -1, 0
250, -1, 0
129, -1, 0
247, -1, 0
128, 0, -1
124, -1, 0
248, -1, 0
249, -1, 0
251, -1, -1
250, -1, 0
249, -1, 0
251, -1, 0
128, 0, -1
127, -1, 0
245, -1, 0
252, -1, 0
248, -1, 0
250, -1, 0
128, 0, -1
125, -1, 0
246, -1, 0
250, -1, 0
251, -1, 0
128, 0, -1
125, -1, 0
407, -1, 0
215, -1, 0
127, 0, -1
126, -1, 0
247, -1, 0
375, -1, 0
249, -1, 0
129, 0, -1
124, -1, 0
407, -1, 0
215, -1, 0
128, 0, -1
248, -1, 0
249, -1, 0
411, -1, 0
215, -1, -1
375, -1, 0
374, -1, 0
251, -1, -1
376, -1, 0
405, -1, 0
96, 0, -1
247, -1, 0
376, -1, 0
410, -1, 0
214, 0, -1
251, -1, 0
525, -1, 0
228, -1, -1
497, -1, 0
404, -1, -1
624, -1, 0
501, -1, 0
98, 0, -1
404, -1, 0
594, -1, 0
250, 0, -1
404, -1, 0
502, 0, -1
115, -1, 0
883, -1, 0
502, 0, -1
373, -1, 0
845, 0, -1
416, -1, 0
1261, 0, -1
199, -1, 0
2299, 0, -1
7005, 0, -1
4376, 1, 0
1866, 1, 0
456, 0, 1
1019, 1, 0
1256, 1, 0
1256, 1, 0
617, 0, 1
240, 1, 0
879, 1, 0
908, 1, 0
497, 0, 1
218, 1, 0
907, 1, 0
599, 1, 0
119, 0, 1
357, 1, 0
656, 1, 0
625, 1, 0
219, 0, 1
250, 1, 0
500, 1, 0
660, 1, 0
114, 0, 1
382, 1, 0
498, 1, 0
502, 1, 1
344, 1, 0
530, 1, 0
503, 1, 0
372, 1, 1
394, 1, 0
363, 1, 0
560, 1, 0
73, 0, 1
205, 1, 0
411, 1, 0
346, 1, 0
243, 1, 1
500, 1, 0
411, 1, 0
214, 1, 0
136, 0, 1
240, 1, 0
410, 1, 0
214, 1, 0
410, 1, 0
215, 1, 1
412, 1, 0
213, 1, 0
396, 1, 0
115, 0, 1
239, 1, 0
249, 1, 0
376, 1, 0
250, 1, 0
250, 1, 1
411, 1, 0
214, 1, 0
250, 1, 0
375, 1, 0
136, 0, 1
125, 1, 0
997, 1, 0
254, 1, 0
124, 3, 1
238, 1, 0
251, 1, 0
249, 1, 0
253, 1, 1
248, 1, 0
250, 1, 0
249, 1, 0
413, 1, 0
213, 1, 0
136, 0, 1
125, 1, 0
125, 1, 0
396, 1, 0
241, 1, 0
227, 1, 0
128, 1, 1
247, 1, 0
250, 1, 0
250, 1, 0
250, 1, 0
250, 1, 0
250, 1, 1
251, 1, 0
127, 1, 0
247, 1, 0
250, 1, 0
251, 1, 0
249, 1, 0
128, 1, 1
247, 1, 0
250, 1, 0
250, 1, 0
250, 1, 0
250, 1, 0
128, 1, 1
247, 1, 0
250, 1, 0
250, 1, 0
129, 1, 0
246, 1, 0
250, 1, 0
128, 0, 1
125, 1, 0
125, 1, 0
247, 1, 0
250, 1, 0
128, 1, 0
247, 1, 0
250, 1, 1
128, 1, 0
247, 1, 0
250, 1, 0
128, 1, 0
247, 1, 0
250, 1, 0
127, 1, 0
126, 0, 1
125, 1, 0
124, 1, 0
248, 1, 0
250, 1, 0
127, 1, 0
248, 1, 1
250, 1, 0
128, 1, 0
132, 1, 0
244, 1, 0
250, 1, 0
128, 1, 0
248, 1, 0
250, 1, 1
455, 1, 0
169, 1, 0
125, 2, 0
124, 1, 0
247, 1, 0
250, 1, 0
128, 1, 0
127, 1, 1
247, 1, 0
249, 1, 0
127, 1, 0
246, 1, 0
128, 1, 0
248, 1, 0
128, 1, 0
247, 1, 1
128, 1, 0
125, 1, 0
247, 1, 0
250, 1, 0
128, 1, 0
247, 1, 0
128, 1, 0
125, 1, 0
247, 1, 0
250, 1, 0
128, 1, 1
247, 1, 0
128, 1, 0
125, 1, 0
247, 1, 0
127, 1, 0
126, 1, 0
247, 1, 0
250, 1, 0
128, 1, 1
248, 1, 0
132, 1, 0
124, 1, 0
247, 1, 0
126, 1, 0
247, 1, 0
128, 1, 0
125, 1, 0
247, 1, 0
128, 1, 1
125, 1, 0
247, 1, 0
250, 1, 0
128, 1, 0
247, 1, 0
128, 1, 0
125, 1, 0
247, 1, 0
128, 1, 0
126, 1, 0
246, 1, 0
128, 1, 0
247, 1, 0
128, 1, 1
125, 1, 0
247, 1, 0
128, 1, 0
125, 1, 0
247, 1, 0
128, 1, 0
125, 1, 0
247, 1, 0
128, 1, 0
247, 1, 0
128, 1, 0
125, 1, 0
247, 1, 1
128, 1, 0
125, 1, 0
247, 1, 0
128, 1, 0
247, 1, 0
128, 1, 0
125, 1, 0
247, 1, 0
128, 1, 0
125, 1, 0
247, 1, 0
128, 1, 0
247, 1, 0
131, 1, 0
122, 1, 0
247, 1, 0
128, 1, 0
125, 1, 0
125, 0, 1
125, 1, 0
125, 1, 0
501, 1, 0
281, 1, 0
91, 3, 0
125, 1, 0
246, 1, 0
128, 1, 0
125, 1, 0
248, 1, 0
128, 1, 0
246, 1, 0
128, 1, 0
125, 1, 0
248, 1, 0
128, 1, 0
246, 1, 0
128, 1, 0
125, 1, 0
247, 1, 0
129, 1, 0
124, 1, 0
247, 1, 0
128, 1, 0
247, 1, 0
128, 1, 0
125, 1, 0
248, 1, 0
127, 1, 0
125, 1, 0
247, 1, 0
128, 1, 0
125, 1, 0
125, 0, 1
125, 1, 0
125, 1, 0
247, 1, 0
128, 1, 0
125, 1, 0
247, 1, 0
128, 1, 0
126, 1, 0
247, 1, 0
127, 1, 0
250, 1, 0
127, 1, 0
123, 1, 0
254, 1, 0
124, 1, 0
246, 1, 0
129, 1, 0
248, 1, 0
124, 1, 0
247, 1, 0
128, 1, 0
125, 1, 0
247, 1, 0
128, 1, 0
125, 1, 0
252, 1, 0
127, 1, 0
244, 1, 0
129, 1, 0
124, 1, 0
247, 1, 0
128, 1, 0
247, 1, 0
127, 1, 0
249, 1, 0
127, 1, 0
247, 1, 0
127, 1, 0
126, 1, 0
247, 1, 0
129, 1, 0
247, 1, 0
127, 1, 0
248, 1, 0
127, 1, 0
247, 1, 0
127, 1, 0
125, 1, 0
247, 1, 0
129, 1, 0
247, 1, 0
249, 1, 0
128, 1, 0
125, 1, 0
248, 1, 0
127, 1, 0
247, 1, 0
250, 1, 0
128, 1, 0
125, 1, 0
247, 1, 0
565, 1, 0
202, 1, 0
112, 3, 0
247, 1, 0
250, 1, 0
127, 1, 0
126, 1, 0
246, 1, 0
255, 1, 0
125, 1, 0
245, 1, 0
128, 1, 0
247, 1, 0
210, 1, 0
168, 1, 0
278, 1, 0
106, 1, 0
242, 1, 0
135, 1, 0
238, 1, 0
136, 1, 0
238, 1, 0
250, 1, 0
136, 1, 0
238, 1, 0
256, 1, 0
137, 1, 0
236, 1, 0
249, 1, 0
135, 1, 0
240, 1, 0
250, 1, 0
141, 1, 0
234, 1, 0
276, 1, 0
224, 1, 0
251, 1, 0
134, 1, 0
239, 1, 0
250, 1, 0
136, 1, 0
242, 1, 0
248, 1, 0
250, 1, 0
136, 1, 0
238, 1, 0
249, 1, 0
251, 1, 0
250, 1, 0
250, 1, 0
136, 0, -1
125, 1, 0
125, 1, 0
364, 1, 0
136, 1, 0
240, 1, 0
249, 1, 0
251, 1, 0
251, 1, 0
249, 1, 0
137, 0, -1
123, 1, 0
239, 1, 0
251, 1, 0
376, 1, 0
134, 1, 0
248, 1, 0
370, 1, 0
135, 0, -1
122, 1, 0
239, 1, 0
250, 1, 0
256, 1, 0
373, 1, 0
247, 1, 0
250, 1, 0
250, 0, -1
606, 1, 0
146, 1, 0
124, 1, 0
126, 1, 0
247, 1, 0
376, 1, -1
252, 1, 0
373, 1, 0
376, 1, 0
249, 1, 0
413, 1, 0
98, 0, -1
239, 1, 0
376, 1, 0
373, 1, 0
376, 1, 0
406, 1, -1
343, 1, 0
534, 1, 0
342, 1, 0
375, 1, -1
533, 1, 0
470, 1, 0
533, 1, 0
103, 0, -1
485, 1, 0
659, 1, 0
499, 1, 0
222, 0, -1
526, 1, 0
751, 1, 0
468, 0, -1
377, 1, 0
1092, 1, 0
282, 0, -1
1162, 1, 0
1253, 0, -1
3869, 0, -1
3526, 0, -1
2110, 0, -1
1593, 0, -1
1026, -1, 0
113, 0, -1
1368, 0, -1
368, -1, 0
624, 0, -1
907, 0, -1
467, -1, 0
509, 0, -1
1598, 0, -1
279, -1, 0
141, 0, -1
368, -1, 0
123, 0, -1
746, 0, -1
512, -1, 0
214, 0, -1
749, -1, -1
750, 0, -1
409, -1, 0
94, 0, -1
747, 0, -1
128, -1, 0
674, 0, -1
198, -1, 0
250, 0, -1
684, -1, -1
730, -1, -1
461, 0, -1
250, -1, 0
408, 0, -1
342, -1, 0
250, 0, -1
535, -1, -1
624, -1, -1
627, -1, -1
625, -1, -1
589, -1, -1
500, 0, -1
128, -1, 0
497, -1, -1
659, -1, -1
526, -1, 0
67, 0, -1
407, -1, 0
93, 0, -1
575, -1, 0
174, 0, -1
124, -1, 0
378, -1, -1
497, -1, -1
535, -1, 0
92, 0, -1
247, -1, 0
257, 0, -1
247, -1, 0
247, -1, 0
128, 0, -1
372, -1, 0
127, 0, -1
248, -1, 0
250, 0, -1
251, -1, 0
249, -1, 0
127, 0, -1
247, -1, 0
410, 0, -1
94, -1, 0
247, -1, -1
404, -1, 0
382, -1, -1
339, -1, 0
127, 0, -1
125, -1, 0
248, 0, -1
127, -1, 0
411, -1, 0
89, 0, -1
247, -1, 0
250, -1, 0
128, 0, -1
247, -1, 0
250, -1, -1
375, -1, 0
250, -1, -1
405, -1, 0
99, 0, -1
124, -1, 0
247, -1, 0
128, 0, -1
247, -1, 0
250, -1, 0
128, 0, -1
125, -1, 0
247, -1, 0
250, 0, -1
128, -1, 0
247, -1, 0
128, 0, -1
125, -1, 0
247, -1, 0
250, -1, -1
250, -1, 0
251, 0, -1
127, -1, 0
247, -1, 0
250, -1, -1
250, -1, 0
250, -1, -1
128, -1, 0
405, -1, 0
95, -1, -1
247, -1, 0
250, -1, -1
250, -1, 0
250, -1, -1
492, -1, 0
267, -1, -1
117, -2, 0
247, -1, -1
250, -1, 0
249, -1, 0
128, -1, -1
249, -1, 0
248, -1, -1
251, -1, 0
251, -1, 0
127, -1, -1
248, -1, 0
263, -1, 0
132, -1, -1
231, -1, 0
253, -1, 0
163, 0, -1
206, -1, 0
256, -1, 0
124, -2, -1
247, -1, 0
250, -1, 0
128, -1, -1
246, -1, 0
251, -1, 0
127, -1, -1
248, -1, 0
128, -1, 0
246, -1, -1
251, -1, 0
128, -1, 0
248, -1, -1
128, -1, 0
246, -1, 0
128, -1, 0
126, 0, -1
125, -1, 0
124, -1, 0
125, -1, 0
247, -1, -1
250, -1, 0
127, -1, 0
248, -1, -1
128, -1, 0
125, -1, 0
247, -1, 0
128, -1, -1
247, -1, 0
250, -1, 0
128, -1, 0
125, -1, -1
247, -1, 0
128, -1, 0
125, -1, -1
247, -1, 0
127, -1, 0
247, -1, 0
128, -1, 0
125, -1, -1
247, -1, 0
130, -1, 0
124, -1, 0
246, -1, -1
250, -1, 0
128, -1, 0
125, -1, 0
248, -1, -1
127, -1, 0
125, -1, 0
248, -1, 0
128, -1, -1
124, -1, 0
249, -1, 0
127, -1, 0
125, -1, 0
246, -1, 0
128, -1, -1
125, -1, 0
247, -1, 0
129, -1, 0
247, -1, -1
129, -1, 0
123, -1, 0
125, -1, 0
250, -1, 0
127, -1, 0
123, -1, 0
126, 0, -1
755, -1, 0
248, -1, 0
121, -6, -1
246, -1, 0
128, -1, 0
125, -1, 0
247, -1, 0
128, -1, 0
125, -1, -1
125, -1, 0
248, -1, 0
127, -1, 0
125, -1, 0
125, -1, 0
125, -1, 0
125, 0, -1
125, -1, 0
125, -1, 0
248, -1, 0
127, -1, 0
126, -1, 0
124, -1, 0
125, -1, 0
248, -1, -1
127, -1, 0
125, -1, 0
125, -1, 0
247, -1, 0
128, -1, 0
125, -1, 0
125, -1, 0
125, -1, 0
247, -1, -1
128, -1, 0
125, -1, 0
125, -1, 0
125, -1, 0
125, -1, 0
247, -1, 0
128, -1, 0
125, -1, 0
247, -1, 0
128, -1, 0
125, -1, 0
125, -1, 0
125, -1, 0
125, -1, 0
247, -1, 0
128, -1, -1
125, -1, 0
125, -1, 0
125, -1, 0
125, -1, 0
126, -1, 0
249, -1, 0
190, -1, 0
103, -1, 0
92, -1, 0
240, -1, 0
142, -1, 0
121, -1, 0
143, -1, 0
107, -1, 0
126, -1, 0
153, -1, 0
207, -1, 0
135, -1, 0
125, -1, 0
125, -1, 0
124, -1, 0
126, -1, 0
238, -1, 0
137, -1, 0
125, -1, 0
125, -1, 0
125, -1, 0
125, -1, 0
125, -1, 0
125, -1, 0
239, -1, 0
136, -1, 0
126, -1, 0
124, -1, 0
126, -1, 0
123, -1, 0
126, -1, 0
240, -1, 0
146, -1, 0
114, -1, 0
125, -1, 0
125, -1, 0
125, -1, 0
238, -2, 0
251, -1, 0
136, -1, 0
125, -1, 0
124, -1, 0
126, -1, 0
125, -1, 0
242, -2, 0
246, -1, 0
137, -1, 0
125, -1, 0
124, -1, 0
126, -1, 0
124, -1, 0
1176, -2, 0
200, -1, 0
124, -8, 0
125, 0, 1
125, -1, 0
125, -1, 0
125, -1, 0
125, -1, 0
125, -1, 0
125, -1, 0
239, -1, 0
136, -1, 0
125, -1, 0
125, -1, 0
125, -1, 0
125, -1, 0
125, -1, 0
126, -1, 0
135, -1, 1
121, -1, 0
233, -1, 0
135, -1, 0
125, -1, 0
127, -1, 0
123, -1, 0
125, -1, 0
245, -2, 0
337, -1, 1
51, -1, 0
109, -1, 0
125, -1, 0
125, -1, 0
125, -1, 0
125, -1, 0
125, -1, 0
247, -2, 1
250, -1, 0
128, -1, 0
125, -1, 0
125, -1, 0
125, -1, 0
125, -1, 0
247, -1, 1
128, -1, 0
125, -1, 0
125, -1, 0
125, -1, 0
125, -1, 0
125, -1, 0
125, -1, 0
125, -1, 1
125, -1, 0
125, -1, 0
247, -1, 0
128, -1, 0
125, -1, 0
125, -1, 0
125, -1, 1
125, -1, 0
129, -1, 0
123, -1, 0
246, -1, 0
127, -1, 0
125, -1, 1
125, -1, 0
126, -1, 0
124, -1, 0
252, -2, 0
246, -1, 1
127, -1, 0
125, -1, 0
124, -1, 0
126, -1, 0
125, -1, 0
247, -1, 0
128, -1, 1
125, -1, 0
125, -1, 0
125, -1, 0
125, -1, 0
125, -1, 1
247, -1, 0
128, -1, 0
125, -1, 0
125, -1, 0
125, 0, 1
125, -2, 0
247, -1, 0
128, -1, 0
125, -1, 0
125, -1, 1
125, -1, 0
247, -1, 0
128, -1, 0
125, -1, 0
125, -1, 1
125, -1, 0
124, -1, 0
248, -1, 1
128, -1, 0
125, -1, 0
125, -1, 0
126, -1, 0
246, -1, 1
128, -1, 0
125, -1, 0
125, -1, 0
247, -1, 1
507, -1, 0
246, -1, 0
125, -4, 1
247, -1, 0
128, -1, 1
125, -1, 0
125, -1, 0
125, -1, 0
247, -1, 1
127, -1, 0
247, -1, 0
129, -1, 0
125, -1, 1
124, -1, 0
126, -1, 0
247, -1, 0
128, -1, 1
246, -1, 0
129, -1, 0
125, -1, 0
125, 0, 1
125, -1, 0
125, -1, 0
124, -1, 0
247, -1, 1
128, -1, 0
248, -1, 0
127, -1, 0
125, 0, 1
125, -1, 0
125, -1, 0
247, -1, 0
129, -1, 1
124, -1, 0
247, -1, 0
128, -1, 0
126, -1, 1
247, -1, 0
250, -1, 0
128, -1, 1
247, -1, 0
127, -1, 0
125, 0, 1
125, -1, 0
126, -1, 0
273, -1, 0
110, -1, 1
261, -1, 0
229, -1, 0
135, 0, 1
125, -1, 0
124, -1, 0
132, -1, 0
235, 0, 1
136, -1, 0
126, -1, 0
242, -1, 0
136, -1, 1
254, -1, 0
248, -1, 0
117, 0, 1
126, -1, 0
239, -1, 0
135, -1, 0
125, 0, 1
126, -1, 0
238, -1, 0
250, -1, 1
250, -1, 0
250, -1, 0
139, 0, 1
123, -1, 0
238, -1, 0
251, -1, 1
249, -1, 0
376, -1, 0
136, 0, 1
125, -1, 0
238, -1, 0
250, -1, 1
375, -1, 0
250, -1, 1
375, -1, 0
250, -1, 1
375, -1, 0
250, -1, 0
249, 0, 1
1184, -1, 0
212, -1, 0
140, -2, 2
106, -1, 0
486, -1, 0
250, 0, 1
249, -1, 0
377, -1, 1
499, -1, 0
376, 0, 1
320, -1, 0
427, -1, 0
250, 0, 1
499, -1, 0
375, 0, 1
376, -1, 0
500, 0, 1
375, -1, 0
627, 0, 1
626, -1, 0
496, 0, 1
1126, 0, 1
1375, 0, 1
1500, 0, 1
1750, 0, 1
1499, 0, 1
752, 1, 0
750, 0, 1
500, 1, 0
499, 0, 1
500, 1, 0
375, 0, 1
625, 1, 0
500, 0, 1
376, 1, 0
661, 0, 1
213, 1, 0
529, 0, 1
115, 1, 0
638, 0, 1
105, 1, 0
663, 1, 1
607, 1, 0
218, 0, 1
375, 1, 0
375, 0, 1
135, 1, 0
489, 0, 1
137, 1, 0
488, 1, 0
137, 0, 1
488, 1, 0
137, 0, 1
238, 1, 0
559, 0, 1
78, 1, 0
238, 1, 0
136, 0, 1
394, 1, 0
345, 0, 1
148, 1, 0
506, 1, 1
347, 1, 0
249, 0, 1
137, 1, 0
392, 1, 0
108, 0, 1
238, 1, 0
250, 0, 1
250, 1, 0
250, 1, 0
250, 0, 1
136, 1, 0
394, 1, 1
395, 1, 0
817, 0, 1
270, 1, 0
124, 2, 1
125, 1, 1
239, 1, 0
426, 1, 0
85, 0, 1
126, 1, 0
363, 1, 0
136, 0, 1
126, 1, 0
238, 1, 0
136, 0, 1
239, 1, 0
257, 1, 0
133, 0, 1
124, 1, 0
380, 1, 0
231, 1, 1
250, 1, 0
250, 1, 0
128, 0, 1
125, 1, 0
247, 1, 0
128, 0, 1
125, 1, 0
247, 1, 0
250, 1, 1
250, 1, 0
250, 1, 0
250, 1, 1
250, 1, 0
255, 1, 0
128, 0, 1
124, 1, 0
123, 1, 0
247, 1, 0
126, 0, 1
126, 1, 0
247, 1, 0
128, 1, 0
125, 0, 1
125, 1, 0
247, 1, 0
128, 1, 0
125, 0, 1
125, 1, 0
247, 1, 0
127, 1, 0
125, 0, 1
127, 1, 0
246, 1, 0
128, 1, 0
247, 1, 1
250, 1, 0
127, 1, 0
126, 0, 1
125, 1, 0
124, 1, 0
248, 1, 0
127, 1, 0
126, 0, 1
124, 1, 0
125, 1, 0
247, 1, 0
129, 1, 0
247, 1, 1
250, 1, 0
127, 1, 0
125, 1, 1
249, 1, 0
127, 1, 0
125, 1, 0
247, 1, 0
128, 1, 1
247, 1, 0
127, 1, 0
126, 1, 0
247, 1, 1
127, 1, 0
125, 1, 0
248, 1, 0
127, 1, 1
248, 1, 0
127, 1, 0
125, 1, 0
247, 1, 0
128, 1, 1
125, 1, 0
531, 1, 0
220, 1, 0
124, 3, 1
125, 1, 0
125, 1, 0
125, 1, 0
125, 1, 0
247, 1, 1
128, 1, 0
125, 1, 0
125, 1, 0
247, 1, 0
127, 1, 0
125, 1, 0
126, 1, 1
125, 1, 0
247, 2, 0
250, 1, 0
128, 1, 1
125, 1, 0
125, 1, 0
247, 1, 0
128, 1, 0
125, 1, 0
125, 1, 1
125, 1, 0
125, 1, 0
247, 1, 0
128, 1, 0
125, 1, 0
125, 1, 0
125, 1, 0
125, 1, 0
125, 1, 1
247, 2, 0
250, 1, 0
127, 1, 0
127, 1, 0
124, 1, 0
125, 1, 0
125, 1, 1
247, 2, 0
250, 1, 0
128, 1, 0
125, 1, 0
125, 1, 0
125, 1, 0
125, 1, 0
184, 1, 0
99, 1, 1
100, 1, 0
125, 1, 0
125, 1, 0
125, 1, 0
238, 1, 0
137, 1, 0
125, 1, 0
125, 1, 0
125, 1, 1
125, 1, 0
125, 1, 0
125, 1, 0
125, 1, 0
125, 1, 0
125, 1, 0
125, 1, 0
125, 1, 0
125, 1, 0
125, 1, 0
125, 1, 0
124, 1, 0
126, 0, 1
126, 2, 0
124, 1, 0
125, 1, 0
238, 2, 0
250, 1, 0
136, 1, 0
126, 1, 0
125, 2, 0
238, 2, 0
137, 0, 1
124, 2, 0
239, 2, 0
250, 1, 0
137, 2, 0
238, 1, 0
136, 1, 0
126, 2, 0
238, 2, 0
139, 1, 0
123, 1, 0
125, 1, 0
125, 1, 0
125, 1, 1
126, 1, 0
124, 1, 0
126, 1, 0
124, 1, 0
125, 1, 0
125, 1, 0
125, 1, 0
125, 1, 0
125, 1, 0
125, 1, 0
125, 1, 0
125, 1, 0
126, 1, 0
124, 1, 0
125, 1, 0
1031, 1, 0
220, 1, 0
124, 10, 1
126, 1, 0
125, 1, 0
124, 1, 0
125, 1, 0
125, 1, 0
126, 2, 0
238, 1, 0
136, 2, 0
239, 2, 0
137, 1, 0
124, 1, 0
126, 1, 0
124, 1, 0
126, 1, 0
124, 1, 0
125, 1, 1
125, 1, 0
125, 1, 0
290, 1, 0
205, 2, 0
122, 3, 0
124, 1, 0
125, 1, 0
125, 1, 0
126, 1, 0
125, 1, 0
125, 1, 0
124, 1, 0
125, 2, 0
248, 2, 0
127, 1, 0
126, 1, 0
124, 1, 0
125, 1, 0
125, 1, 0
126, 1, 0
124, 1, 0
125, 1, 0
125, 2, 0
248, 2, 0
131, 1, 0
122, 1, 0
125, 1, 0
124, 1, 0
125, 1, 0
125, 2, 0
249, 1, 0
126, 2, 0
248, 2, 0
128, 1, 0
125, 1, 0
124, 1, 0
125, 1, 0
125, 1, 0
126, 2, 0
247, 1, 0
128, 2, 0
125, 1, 1
125, 1, 0
124, 1, 0
125, 1, 0
126, 1, 0
125, 1, 0
125, 1, 0
125, 2, 0
125, 1, 0
125, 1, 0
124, 1, 0
125, 1, 0
129, 1, 0
123, 1, 0
124, 1, 0
125, 1, 0
125, 2, 0
126, 1, 0
123, 1, 0
125, 1, 0
125, 1, 0
129, 1, 0
121, 1, 0
125, 1, 0
141, 1, 0
112, 1, 0
124, 1, 0
125, 2, 0
249, 2, 0
127, 1, 0
130, 1, 0
120, 1, 0
123, 1, 0
125, 1, 0
124, 1, 0
126, 1, 0
124, 1, 0
126, 1, 0
128, 1, 0
123, 2, 0
126, 1, 0
124, 1, 0
124, 1, 0
124, 1, 0
126, 1, 0
125, 1, 0
125, 1, 0
124, 1, 0
125, 1, 0
125, 1, 0
126, 2, 0
125, 1, 0
125, 1, 0
125, 1, 0
125, 1, 0
125, 1, 0
373, 1, 0
254, 1, 0
124, 5, 0
248, 2, 0
127, 1, 0
247, 2, 0
128, 1, 0
125, 1, 0
124, 1, 0
125, 1, 0
126, 1, 0
124, 1, 0
126, 1, 0
125, 1, 0
125, 1, 0
124, 1, 0
125, 1, 0
126, 1, 0
125, 2, 0
247, 2, 0
128, 1, 0
125, 1, 0
126, 1, 0
124, 1, 0
125, 1, 0
125, 1, 0
125, 1, 0
125, 1, 0
125, 1, 0
125, 1, 0
125, 2, 0
247, 2, 0
128, 1, -1
124, 1, 0
126, 1, 0
125, 1, 0
124, 1, 0
126, 1, 0
125, 1, 0
125, 1, 0
124, 1, 0
125, 1, 0
126, 1, 0
125, 1, 0
124, 1, 0
125, 1, 0
126, 2, 0
248, 1, 0
127, 2, 0
247, 2, 0
127, 1, 0
126, 1, 0
248, 2, 0
127, 1, 0
125, 1, 0
124, 1, 0
126, 1, 0
125, 1, 0
248, 2, 0
127, 1, -1
151, 1, 0
100, 1, 0
125, 1, 0
124, 1, 0
125, 1, 0
125, 1, 0
125, 1, 0
125, 1, 0
124, 1, 0
128, 1, 0
122, 1, 0
124, 1, 0
125, 1, 0
125, 1, 0
125, 1, 0
125, 1, 0
125, 1, 0
125, 1, 0
125, 1, 0
125, 1, 0
125, 1, 0
125, 1, 0
125, 1, 0
125, 1, 0
125, 1, 0
125, 1, 0
125, 1, -1
125, 1, 0
125, 1, 0
125, 1, 0
125, 1, 0
248, 1, 0
128, 1, 0
124, 1, 0
125, 1, 0
127, 1, 0
124, 1, 0
124, 1, 0
125, 1, 0
125, 1, 0
125, 1, 0
125, 1, 0
125, 1, 0
125, 1, 0
125, 1, 0
125, 1, 0
125, 1, 0
125, 1, 0
248, 2, 0
249, 1, -1
128, 1, 0
125, 1, 0
125, 1, 0
129, 1, 0
171, 1, 0
84, 1, 0
126, 1, 0
149, 1, 0
111, 1, 0
997, 1, 0
243, 1, 0
128, 7, 0
126, 1, 0
123, 1, 0
123, 1, 0
125, 1, 0
124, 1, 0
125, 1, 0
125, 1, 0
126, 0, -1
124, 1, 0
125, 1, 0
125, 1, 0
129, 1, 0
122, 1, 0
239, 1, 0
137, 1, 0
124, 1, 0
126, 1, 0
238, 2, 0
251, 1, 0
135, 1, 0
125, 1, 0
239, 1, 0
136, 1, 0
125, 1, 0
126, 1, 0
238, 1, 0
136, 1, 0
125, 1, 0
126, 1, 0
124, 1, 0
126, 0, -1
125, 1, 0
125, 1, 0
125, 1, 0
238, 1, 0
135, 1, 0
125, 1, 0
125, 1, 0
240, 1, 0
148, 1, 0
112, 1, 0
246, 1, 0
129, 1, 0
240, 1, 0
135, 1, 0
125, 1, 0
238, 1, 0
137, 1, 0
124, 1, 0
239, 1, 0
137, 1, 0
238, 1, 0
136, 1, 0
125, 1, 0
239, 1, 0
136, 1, 0
125, 0, -1
126, 1, 0
126, 1, 0
237, 1, 0
137, 1, 0
238, 1, 0
136, 1, 0
242, 1, 0
134, 1, 0
238, 1, 0
136, 1, 0
428, 1, 0
189, 1, 0
125, 1, 0
125, 1, 0
125, 1, 0
247, 1, 0
250, 1, 0
128, 1, 0
247, 1, 0
250, 1, 0
128, 1, 0
247, 1, 0
250, 1, 0
128, 1, 0
247, 1, 0
250, 1, 0
250, 1, 0
128, 0, -1
125, 1, 0
125, 1, 0
247, 1, 0
250, 1, 0
250, 1, 0
378, 1, 0
247, 1, 0
128, 1, 0
247, 1, 0
403, 1, 0
222, 1, 0
250, 1, 0
250, 1, 0
250, 1, 0
403, 1, 0
222, 1, 0
250, 1, 0
497, 1, 0
128, 1, 0
250, 1, 0
408, 1, 0
343, 1, 0
376, 1, 0
250, 1, 0
404, 1, 0
470, 1, 0
400, 1, 0
349, 1, 0
375, 1, 0
500, 1, -1
375, 1, 0
656, 1, 0
499, 1, 0
501, 1, 0
754, 1, 0
590, 1, 0
907, 1, 0
748, 1, 0
1394, 1, 0
13033, 0, -1
1831, -1, 0
1135, -1, 0
85, 0, -1
1120, -1, 0
1000, -1, 0
661, 0, -1
91, -1, 0
872, -1, 0
901, -1, -1
627, -1, 0
875, -1, 0
220, 0, -1
376, -1, 0
682, -1, 0
607, -1, 0
335, 0, -1
137, -1, 0
775, -1, 0
536, -1, 0
591, -1, -1
497, -1, 0
624, -1, 0
501, -1, 0
214, 0, -1
136, -1, 0
489, -1, 0
376, -1, 0
512, -1, 0
399, -1, -1
498, -1, 0
340, -1, 0
441, -1, 0
389, -1, -1
295, -1, 0
477, -1, 0
275, -1, 0
417, -1, 0
332, -1, 0
137, 0, -1
124, -1, 0
407, -1, 0
206, -1, 0
377, -1, 0
249, -1, 0
249, -1, 0
897, -1, -1
231, -1, 0
125, -2, 0
247, -1, 0
250, -1, 0
403, -1, 0
100, -1, 0
409, -1, -1
213, -1, 0
250, -1, 0
250, -1, 0
128, -1, 0
248, -1, 0
250, -1, 0
375, -1, 0
128, -1, 0
272, -1, 0
225, -1, 0
249, -1, 0
137, -1, 0
125, 0, -1
125, -1, 0
238, -1, 0
250, -1, 0
250, -1, 0
137, -1, 0
238, -1, 0
250, -1, 0
138, -1, 0
237, -1, 0
251, -1, 0
136, -1, 0
239, -1, 0
136, -1, 0
240, -1, 0
135, -1, 0
240, -1, 0
248, -1, 0
136, -1, 0
239, -1, -1
136, -1, 0
239, -1, 0
137, -1, 0
238, -1, 0
250, -1, 0
137, -1, 0
128, -1, 0
235, -1, 0
137, -1, 0
125, -1, 0
238, -1, 0
136, -1, 0
239, -1, 0
136, -1, 0
125, -1, 0
239, -1, 0
136, -1, 0
125, -1, 0
239, -1, 0
136, -1, 0
239, -1, 0
136, -1, 0
125, -1, 0
239, -1, 0
136, -1, 0
126, -1, 0
124, -1, 0
239, -1, 0
136, -1, 0
125, -1, 0
239, -1, 0
137, -1, 0
126, -1, 0
124, -1, 0
238, -1, 0
137, -1, 0
125, -1, 0
127, -1, 0
240, -1, 0
137, -1, 0
122, -1, 0
124, -1, 0
238, -2, 0
250, -1, 0
742, -1, 0
261, -1, 0
125, -6, 0
125, -1, 0
125, -1, 0
247, -1, 0
127, -1, 0
126, -1, 0
124, -1, 0
125, -1, 0
125, -1, 0
248, -1, 0
128, -1, 0
125, -1, 0
125, -1, 0
124, -1, 0
125, -1, 0
126, -1, 0
125, -1, 0
247, -2, 0
249, -1, 0
129, -1, 0
125, -1, 0
125, -1, 0
125, -1, 0
124, -1, 0
125, -1, 0
126, -1, 0
124, -1, 0
126, -1, 0
125, -1, 0
124, -1, 0
248, -2, 0
127, -1, 0
126, -1, 0
247, -1, 0
128, -1, 0
124, -1, 0
125, -1, 0
126, -1, 0
127, -1, 0
122, -1, 0
125, -1, 0
126, -1, 0
125, -1, 0
124, -1, 0
125, -1, 0
126, -1, 1
124, -1, 0
125, -1, 0
127, -1, 0
124, -1, 0
129, -1, 0
124, -1, 0
124, -1, 0
126, -1, 0
124, -1, 0
125, -1, 0
126, -1, 0
125, -1, 0
123, -2, 0
246, -2, 0
250, -2, 0
128, -1, 1
125, -1, 0
125, -1, 0
125, -1, 0
129, -1, 0
122, -1, 0
125, -1, 0
124, -1, 0
125, -1, 0
126, -1, 0
124, -1, 0
125, -1, 0
125, -1, 0
125, -1, 0
125, -2, 0
126, 0, 1
124, -2, 0
125, -1, 0
125, -1, 0
125, -1, 0
125, -1, 0
125, -1, 0
127, -1, 0
123, -1, 0
125, -1, 0
125, -2, 0
125, -1, 0
247, -2, 0
128, -1, 1
125, -1, 0
126, -1, 0
124, -1, 0
125, -1, 0
125, -1, 0
125, -1, 0
125, -2, 0
126, -1, 0
124, -1, 0
125, -1, 0
125, -1, 1
125, -1, 0
125, -1, 0
125, -2, 0
125, -1, 0
125, -1, 0
125, -1, 0
125, -1, 1
125, -1, 0
125, -1, 0
125, -1, 0
125, -1, 0
125, -2, 0
125, -1, 0
125, -1, 0
125, -1, 0
295, -1, 0
207, -1, 1
176, -4, 0
78, -1, 0
154, -1, 0
90, -2, 0
247, -2, 0
128, -1, 0
126, -1, 1
124, -1, 0
124, -2, 0
248, -2, 0
127, -1, 0
126, -1, 0
125, -1, 1
124, -1, 0
126, -2, 0
125, -1, 0
125, -1, 0
125, -1, 0
125, -2, 0
125, -1, 1
125, -1, 0
125, -1, 0
125, -1, 0
125, -1, 0
125, -1, 0
125, -2, 0
125, -1, 0
125, -1, 1
125, -1, 0
125, -2, 0
125, -1, 0
125, -1, 0
125, -1, 0
124, -1, 0
126, -2, 1
125, -1, 0
125, -1, 0
125, -1, 0
124, -2, 0
125, -1, 0
125, -1, 1
126, -1, 0
124, -2, 0
125, -1, 0
125, -1, 0
125, -1, 1
147, -1, 0
105, -2, 0
126, -1, 0
125, -1, 0
125, -1, 0
126, -2, 1
125, -1, 0
130, -1, 0
122, -1, 0
124, -1, 0
125, -2, 1
126, -1, 0
124, -1, 0
122, -1, 0
124, -2, 0
125, -1, 0
126, -1, 1
124, -1, 0
125, -2, 0
125, -1, 0
125, -1, 0
125, -2, 1
125, -1, 0
125, -1, 0
125, -1, 0
129, -2, 0
122, -1, 0
125, -1, 1
125, -1, 0
125, -2, 0
126, -1, 0
124, -1, 0
125, -1, 1
125, -1, 0
125, -2, 0
126, -1, 0
124, -2, 0
125, -1, 1
126, -1, 0
124, -1, 0
125, -2, 0
125, -1, 0
125, -1, 1
125, -1, 0
125, -1, 0
125, -2, 0
125, -1, 0
125, -2, 1
125, -1, 0
125, -1, 0
125, -1, 0
126, -2, 1
124, -1, 0
125, -1, 0
125, -1, 0
125, -2, 0
126, -1, 1
124, -1, 0
125, -2, 0
125, -1, 0
126, -1, 1
124, -1, 0
125, -2, 0
125, -1, 0
125, -2, 0
125, -1, 1
125, -1, 0
125, -1, 0
124, -1, 0
126, -2, 1
124, -1, 0
125, -1, 0
126, -1, 0
125, -2, 1
125, -1, 0
124, -2, 0
126, -1, 0
125, -1, 1
125, -1, 0
125, -1, 0
125, -2, 0
764, -1, 1
237, -1, 0
124, -9, 2
124, -2, 0
125, -1, 0
125, -1, 0
125, -2, 1
125, -1, 0
125, -1, 0
128, -1, 1
122, -2, 0
125, -1, 0
126, -1, 0
125, -2, 1
125, -1, 0
124, -1, 0
125, -1, 0
125, -2, 1
125, -1, 0
126, -1, 0
125, -1, 0
125, -2, 1
124, -1, 0
125, -1, 0
126, -2, 0
125, -1, 1
126, -1, 0
124, -1, 0
126, -2, 1
125, -1, 0
127, -2, 0
123, -1, 0
128, -1, 1
121, -1, 0
125, -1, 0
125, -2, 0
123, -1, 1
125, -1, 0
126, -1, 0
125, -2, 1
124, -1, 0
127, -2, 0
128, -1, 0
124, -1, 1
123, -1, 0
127, -1, 0
125, -2, 1
123, -1, 0
127, -1, 0
123, -1, 0
124, -2, 1
125, -1, 0
125, -2, 0
125, -1, 1
125, -1, 0
126, -1, 0
124, -2, 1
125, -1, 0
125, -1, 0
125, -1, 1
125, -1, 0
125, -2, 0
125, -1, 0
125, -2, 1
125, -1, 0
125, -1, 0
125, -1, 0
125, -2, 1
125, -1, 0
125, -1, 0
125, -1, 1
125, -1, 0
125, -2, 0
125, -1, 1
125, -2, 0
248, -2, 1
127, -1, 0
125, -2, 0
126, -1, 0
125, -1, 1
124, -1, 0
125, -1, 0
126, -2, 1
125, -1, 0
124, -1, 0
125, -1, 1
126, -2, 0
128, -1, 0
176, -1, 1
78, -1, 0
128, -1, 0
155, -2, 0
125, -1, 1
97, -1, 0
121, -1, 0
124, -2, 1
125, -1, 0
125, -1, 0
125, -2, 1
125, -1, 0
129, -1, 0
124, -1, 0
125, -1, 1
135, -1, 0
120, -2, 0
120, -1, 1
124, -2, 0
240, -2, 1
134, -1, 0
128, -2, 0
123, 0, 1
128, -1, 0
121, -2, 0
126, -1, 0
123, -1, 1
125, -1, 0
125, -2, 0
125, -1, 1
125, -1, 0
124, -1, 0
126, -2, 1
128, -1, 0
122, -1, 0
125, -1, 1
125, -1, 0
125, -1, 0
978, -1, 0
274, -2, 1
124, -10, 2
124, -1, 1
125, -2, 0
240, -2, 1
136, -1, 0
124, -1, 0
125, -1, 0
126, -2, 1
125, -1, 0
241, -2, 1
133, -1, 0
124, -1, 0
127, -1, 0
124, -1, 1
125, -1, 0
126, -2, 0
125, -1, 1
127, -1, 0
122, -1, 0
125, -1, 1
132, -1, 0
118, -1, 0
125, -1, 0
125, -1, 1
125, -2, 0
238, -2, 1
136, -1, 0
126, -1, 0
126, -1, 0
123, -1, 1
126, -1, 0
124, -1, 0
125, -1, 1
126, -1, 0
124, -1, 0
125, -1, 0
126, -1, 1
124, -1, 0
125, -2, 0
125, -1, 1
239, -2, 0
250, -2, 1
250, -2, 0
136, -1, 1
125, -1, 0
125, -1, 0
117, -1, 0
133, -1, 1
120, -1, 0
122, -1, 0
125, -1, 0
125, -1, 1
125, -1, 0
125, -1, 0
125, -1, 1
125, -1, 0
125, -1, 0
125, -1, 0
125, -1, 1
248, -2, 0
250, -2, 1
250, -1, 0
129, -1, 0
123, -1, 1
126, -1, 0
125, -1, 0
124, -1, 0
125, -1, 1
125, -1, 0
125, -1, 0
125, -1, 0
125, 0, 1
125, -2, 0
248, -2, 0
127, 0, 1
125, -1, 0
125, -1, 0
125, -1, 0
125, -1, 1
125, -1, 0
125, -1, 0
247, -1, 1
128, -1, 0
125, -1, 0
125, -1, 0
125, -1, 1
248, -1, 0
127, -1, 0
125, -1, 1
125, -1, 0
247, -1, 0
128, -1, 0
125, -1, 1
125, -1, 0
125, -1, 0
125, 0, 1
125, -1, 0
125, -1, 0
125, -1, 0
125, -1, 0
125, 0, 1
125, -1, 0
125, -1, 0
125, -1, 0
247, -1, 1
129, -1, 0
124, -1, 0
247, -1, 0
410, -1, 1
218, -1, 0
125, -2, 1
125, -1, 0
125, -1, 0
247, -1, 0
128, -1, 1
247, -1, 0
128, -1, 0
125, 0, 1
125, -1, 0
125, -1, 0
247, -1, 0
128, -1, 1
247, -1, 0
250, -1, 0
128, -1, 0
125, 0, 1
128, -1, 0
245, -1, 0
250, -1, 0
128, -1, 1
247, -1, 0
250, -1, 0
250, -1, 1
250, -1, 0
251, -1, 0
250, -1, 0
126, 0, 1
126, -1, 0
246, -1, 0
250, -1, 0
250, -1, 1
412, -1, 0
214, -1, 0
127, 0, 1
247, -1, 0
269, -1, 0
231, -1, 0
375, -1, 0
136, 0, 1
125, -1, 0
526, -1, 0
338, -1, 0
137, 0, 1
238, -1, 0
426, -1, 0
490, -1, 0
96, 0, 1
527, -1, 0
587, -1, 0
625, -1, 0
250, 0, 1
629, -1, 0
1624, -1, 0
2508, 0, 1
4777, 1, 0
1598, 1, 0
623, 0, 1
501, 1, 0
1246, 1, 0
876, 1, 0
129, 0, 1
623, 1, 0
875, 1, 0
490, 1, 0
135, 0, 1
500, 1, 0
499, 1, 0
659, 1, 0
176, 0, 1
281, 1, 0
500, 1, 0
377, 1, 0
533, 1, 0
610, 1, 1
234, 1, 0
246, 1, 0
404, 1, 0
501, 1, 0
220, 1, 0
405, 1, 1
345, 1, 0
249, 1, 0
404, 1, 0
221, 1, 0
251, 1, 0
403, 1, 0
221, 1, 0
409, 1, 1
94, 1, 0
401, 1, 0
221, 1, 0
250, 1, 0
250, 1, 0
250, 1, 0
250, 1, 0
128, 1, 0
372, 1, 0
250, 1, 0
250, 1, 0
128, 1, 0
322, 1, 0
175, 1, 1
252, 1, 0
135, 1, 0
238, 1, 0
250, 1, 0
137, 1, 0
238, 1, 0
136, 1, 0
239, 1, 0
250, 1, 0
136, 1, 0
128, 1, 0
237, 1, 0
249, 1, 0
136, 1, 0
239, 1, 0
250, 1, 0
136, 1, 0
126, 1, 0
238, 1, 0
136, 1, 0
126, 1, 0
238, 1, 0
136, 1, 0
239, 1, 0
136, 1, 0
127, 1, 0
237, 1, 0
137, 1, 0
124, 1, 0
239, 1, 0
136, 1, 0
126, 1, 0
125, 1, 0
238, 1, 0
137, 1, 0
124, 1, 0
239, 1, 0
136, 1, 0
126, 1, 0
124, 1, 0
239, 2, 0
250, 1, 0
136, 1, 0
125, 1, 0
125, 1, 0
126, 1, 0
238, 1, 0
136, 1, 0
764, 1, 0
236, 1, 0
126, 6, 0
125, 1, 0
124, 1, 0
239, 2, 0
250, 1, 0
136, 1, 0
125, 1, 0
125, 1, 0
125, 1, -1
125, 1, 0
125, 1, 0
126, 1, 0
124, 1, 0
125, 1, 0
125, 1, 0
125, 1, 0
125, 1, 0
125, 1, 0
125, 1, 0
125, 1, 0
133, 1, 0
109, 1, 0
247, 2, 0
250, 1, 0
127, 1, 0
126, 1, 0
125, 1, -1
125, 1, 0
125, 2, 0
247, 2, 0
250, 2, 0
250, 1, 0
128, 1, 0
125, 1, 0
125, 2, 0
247, 2, 0
250, 2, -1
128, 1, 0
125, 1, 0
125, 1, 0
125, 1, 0
125, 1, 0
125, 1, 0
125, 1, 0
125, 1, 0
125, 1, 0
125, 1, 0
128, 1, 0
124, 1, 0
123, 1, 0
125, 1, 0
125, 1, -1
125, 1, 0
125, 1, 0
125, 2, 0
125, 1, 0
125, 1, 0
125, 1, 0
125, 1, 0
125, 1, 0
125, 1, 0
125, 1, 0
125, 2, 0
125, 1, -1
247, 2, 0
128, 1, 0
125, 1, 0
125, 1, 0
125, 1, 0
125, 1, 0
125, 2, 0
125, 1, 0
125, 1, 0
125, 1, 0
125, 1, -1
125, 1, 0
125, 1, 0
125, 2, 0
247, 2, 0
128, 1, 0
125, 1, 0
125, 1, 0
125, 1, 0
125, 1, 0
125, 1, 0
125, 2, -1
125, 1, 0
125, 1, 0
125, 1, 0
125, 2, 0
125, 1, 0
125, 1, 0
125, 1, 0
125, 1, 0
125, 1, 0
125, 1, 0
125, 2, -1
247, 2, 0
128, 1, 0
125, 1, 0
125, 1, 0
125, 2, 0
125, 1, 0
125, 1, 0
125, 1, 0
125, 2, -1
247, 1, 0
128, 2, 0
125, 1, 0
125, 1, 0
125, 1, 0
125, 2, 0
429, 1, 0
206, 1, -1
114, 4, 0
125, 2, 0
125, 1, 0
126, 1, 0
124, 2, 0
125, 1, -1
126, 1, 0
125, 2, 0
247, 2, 0
128, 1, 0
125, 1, 0
124, 2, -1
247, 2, 0
128, 1, 0
125, 2, 0
248, 2, 0
127, 1, 0
125, 1, 0
126, 2, -1
125, 1, 0
124, 1, 0
125, 1, 0
126, 2, 0
124, 1, 0
125, 1, 0
125, 1, 0
125, 2, -1
125, 1, 0
125, 1, 0
125, 1, 0
125, 2, 0
125, 1, 0
125, 1, 0
125, 1, -1
126, 1, 0
124, 2, 0
125, 1, 0
125, 1, 0
125, 1, 0
125, 2, 0
125, 1, -1
125, 1, 0
125, 1, 0
125, 1, 0
125, 2, 0
125, 1, 0
125, 2, 0
125, 1, 0
126, 1, -1
128, 1, 0
125, 2, 0
125, 1, 0
124, 1, 0
124, 1, 0
127, 1, 0
122, 2, -1
125, 1, 0
125, 2, 0
247, 2, 0
128, 1, 0
125, 2, 0
125, 1, 0
125, 1, -1
125, 1, 0
125, 2, 0
125, 1, 0
124, 1, 0
126, 1, 0
124, 2, -1
125, 1, 0
125, 1, 0
126, 2, 0
125, 1, 0
125, 1, 0
125, 1, 0
125, 2, -1
125, 1, 0
124, 1, 0
126, 1, 0
125, 2, 0
124, 1, 0
125, 1, 0
126, 2, 0
125, 1, -1
124, 1, 0
125, 1, 0
125, 2, 0
126, 1, 0
124, 1, 0
126, 1, 0
125, 1, -1
125, 2, 0
124, 1, 0
126, 2, 0
124, 1, 0
125, 1, 0
125, 1, 0
125, 2, -1
125, 1, 0
126, 1, 0
125, 1, 0
124, 1, 0
125, 2, 0
126, 1, 0
125, 1, -1
124, 1, 0
126, 2, 0
125, 1, 0
124, 2, 0
125, 1, 0
126, 1, 0
124, 1, 0
125, 1, -1
126, 2, 0
125, 1, 0
124, 1, 0
125, 1, 0
125, 2, -1
125, 1, 0
126, 1, 0
124, 1, 0
125, 2, 0
125, 1, 0
128, 1, 0
126, 1, -1
535, 2, 0
219, 1, 0
119, 6, -1
124, 2, 0
124, 1, 0
125, 1, 0
129, 1, 0
123, 1, 0
125, 2, 0
124, 1, -1
126, 1, 0
127, 1, 0
125, 2, 0
124, 1, 0
124, 1, 0
125, 1, -1
126, 1, 0
124, 2, 0
125, 1, 0
124, 1, 0
125, 1, 0
125, 2, 0
125, 1, -1
126, 1, 0
125, 1, 0
125, 2, 0
125, 1, 0
126, 1, 0
125, 1, 0
125, 1, -1
125, 2, 0
124, 1, 0
126, 1, 0
125, 1, 0
123, 1, 0
126, 1, -1
124, 2, 0
126, 1, 0
124, 1, 0
125, 1, 0
126, 1, 0
124, 1, -1
130, 2, 0
126, 1, 0
124, 1, 0
124, 1, 0
121, 1, 0
127, 2, -1
123, 1, 0
129, 1, 0
123, 1, 0
125, 1, 0
124, 1, 0
126, 1, 0
127, 2, -1
127, 1, 0
121, 1, 0
125, 1, 0
130, 2, 0
125, 1, 0
259, 1, -1
319, 1, 0
43, 3, 0
126, 2, -1
125, 1, 0
124, 1, 0
128, 1, 0
122, 1, 0
127, 1, 0
127, 2, 0
126, 0, -1
125, 1, 0
125, 2, 0
124, 1, 0
121, 1, 0
134, 1, 0
122, 1, -1
121, 1, 0
124, 2, 0
251, 2, 0
125, 1, 0
125, 1, -1
124, 1, 0
124, 1, 0
127, 1, 0
127, 1, 0
126, 1, 0
120, 1, -1
125, 2, 0
130, 1, 0
122, 1, 0
124, 1, 0
122, 1, 0
125, 1, -1
126, 1, 0
131, 1, 0
124, 1, 0
122, 1, 0
123, 1, 0
127, 1, 0
122, 1, -1
126, 1, 0
126, 1, 0
126, 1, 0
126, 1, 0
126, 1, -1
124, 1, 0
126, 1, 0
124, 1, 0
125, 1, 0
124, 2, 0
248, 2, -1
132, 1, 0
119, 1, 0
250, 1, 0
125, 2, 0
249, 2, -1
250, 2, 0
249, 2, 0
250, 1, -1
125, 1, 0
128, 1, 0
456, 1, 0
179, 1, 0
266, 4, -1
229, 1, 0
122, 3, 0
122, 1, 0
126, 1, 0
125, 0, -1
123, 1, 0
128, 1, 0
125, 1, 0
125, 1, 0
125, 1, 0
124, 1, 0
126, 1, -1
123, 1, 0
123, 1, 0
126, 1, 0
249, 1, 0
129, 1, 0
124, 1, -1
124, 1, 0
126, 1, 0
124, 1, 0
124, 1, 0
247, 1, -1
129, 1, 0
129, 1, 0
123, 1, 0
248, 2, 0
249, 1, 0
125, 1, -1
125, 1, 0
126, 1, 0
126, 1, 0
248, 1, 0
128, 1, 0
261, 1, -1
110, 1, 0
125, 1, 0
126, 1, 0
126, 1, 0
256, 1, 0
128, 1, 0
143, 1, 0
103, 0, -1
121, 1, 0
123, 1, 0
124, 1, 0
127, 1, 0
246, 1, 0
128, 1, -1
125, 1, 0
246, 1, 0
128, 1, 0
247, 1, 0
128, 1, 0
125, 1, -1
248, 1, 0
128, 1, 0
247, 1, 0
130, 1, 0
125, 1, 0
251, 1, 0
330, 1, -1
51, 1, 0
128, 1, 0
280, 1, 0
209, 1, 0
130, 1, -1
239, 1, 0
135, 1, 0
242, 1, 0
134, 1, 0
238, 1, 0
250, 1, -1
137, 1, 0
239, 1, 0
249, 1, 0
252, 1, 0
135, 1, 0
125, 0, -1
125, 1, 0
243, 1, 0
248, 1, 0
251, 1, 0
133, 1, 0
238, 1, 0
139, 0, -1
123, 1, 0
239, 1, 0
250, 1, 0
250, 1, 0
250, 1, 0
1213, 1, 0
174, 0, -1
124, 4, 0
127, 1, 0
361, 1, 0
136, 0, -1
125, 1, 0
366, 1, 0
268, 1, 0
355, 1, 0
375, 1, 0
377, 1, 0
163, 0, -1
212, 1, 0
502, 1, 0
248, 1, 0
560, 1, 0
483, 1, 0
332, 0, -1
135, 1, 0
615, 1, 0
681, 1, 0
695, 1, 0
794, 1, 0
1207, 1, 0
415, 0, -1
1711, 1, 0
8513, -1, 0
2050, 0, -1
684, -1, 0
1499, -1, 0
786, 0, -1
500, -1, 0
1119, -1, -1
888, -1, 0
725, 0, -1
138, -1, 0
738, -1, 0
380, 0, -1
376, -1, 0
490, -1, 0
376, 0, -1
373, -1, 0
658, -1, 0
217, 0, -1
249, -1, 0
1089, -1, 0
173, 0, -1
123, -1, 0
124, -1, 0
493, -1, -1
653, -1, 0
344, -1, 0
135, 0, -1
239, -1, 0
515, -1, 0
375, -1, -1
380, -1, 0
395, -1, 0
239, 0, -1
125, -1, 0
341, -1, 0
373, -1, 0
253, -1, -1
496, -1, 0
249, -1, 0
129, 0, -1
247, -1, 0
376, -1, 0
372, -1, 0
128, 0, -1
128, -1, 0
245, -1, 0
374, -1, 0
253, -1, 0
127, 0, -1
125, -1, 0
373, -1, 0
249, -1, 0
249, -1, 0
127, 0, -1
125, -1, 0
372, -1, 0
251, -1, 0
252, -1, -1
250, -1, 0
263, -1, 0
242, -1, 0
248, -1, 0
128, 0, -1
120, -1, 0
249, -1, 0
248, -1, 0
258, -1, 0
119, 0, -1
132, -1, 0
242, -1, 0
131, -1, 0
244, -1, 0
250, -1, 0
127, 0, -1
124, -1, 0
248, -1, 0
250, -1, 0
250, -1, 0
126, -1, 0
125, 0, -1
126, -1, 0
124, -1, 0
250, -1, 0
248, -1, 0
574, 0, -1
179, -1, 0
124, -3, 0
125, -1, 0
247, -1, 0
127, -1, -1
248, -1, 0
251, -1, 0
126, -1, 0
248, -1, 0
128, -1, 0
126, 0, -1
123, -1, 0
126, -1, 0
248, -1, 0
128, -1, 0
247, -1, 0
127, -1, 0
125, 0, -1
125, -1, 0
125, -1, 0
127, -1, 0
245, -1, 0
128, -1, 0
247, -1, 0
127, -1, 0
249, -1, -1
127, -1, 0
127, -1, 0
246, -1, 0
130, -1, 0
249, -1, 0
125, -1, 0
128, -1, 0
128, 0, -1
119, -1, 0
130, -1, 0
118, -1, 0
262, -1, 0
114, -1, 0
247, -1, 0
129, -1, 0
126, -1, 0
123, -1, -1
125, -1, 0
281, -1, 0
103, -1, 0
123, -1, 0
242, -1, 0
136, -1, 0
122, -1, 0
130, -1, 0
237, -1, 0
140, -1, 0
121, -1, -1
123, -1, 0
126, -1, 0
243, -1, 0
132, -1, 0
126, -1, 0
128, -1, 0
235, -1, 0
138, -1, 0
126, -1, 0
124, -1, 0
126, -1, 0
124, -1, -1
125, -1, 0
240, -1, 0
134, -1, 0
125, -1, 0
124, -1, 0
125, -1, 0
125, -1, 0
241, -1, 0
135, -1, 0
124, -1, 0
125, -1, 0
125, -1, 0
126, -1, 0
125, -1, 0
127, -1, 0
120, 0, -1
124, -1, 0
127, -1, 0
124, -1, 0
124, -1, 0
125, -1, 0
126, -1, 0
124, -1, 0
125, -1, 0
125, -1, 0
125, -1, 0
238, -2, 0
250, -2, 0
252, -2, 0
249, -2, 0
250, -1, 0
136, -1, 0
125, -1, 0
125, -1, 0
126, -1, -1
124, -1, 0
125, -1, 0
971, -1, 0
154, -1, 0
125, -8, 0
125, -1, 0
125, -1, 0
124, -1, 0
126, -1, 0
125, -1, 0
136, -1, 0
114, -1, 0
125, -1, 0
125, -1, 0
125, -1, 0
127, -1, 0
124, -1, 0
124, -1, 0
125, -1, 0
125, -1, 0
125, -1, 0
125, -2, 0
125, -1, 0
239, -2, 0
355, -2, 0
29, -1, 0
181, -1, 0
63, -1, 0
124, -1, 0
125, -1, 0
125, -1, 0
126, -1, 0
125, -1, 0
125, -1, 0
126, -1, 0
124, -1, 0
125, -1, 0
124, -2, 0
248, -2, 0
127, -1, 0
125, -1, 0
125, -1, 0
127, -1, 0
130, -1, 0
123, -1, 0
126, -1, 0
124, -1, 0
126, -2, 0
125, -1, 0
126, -1, 0
194, -1, 0
52, -1, 0
126, -1, 0
123, -1, 0
124, -1, 0
125, -1, 0
125, -2, 0
125, -1, 0
128, -1, 1
125, -1, 0
122, -1, 0
125, -1, 0
126, -2, 0
124, -1, 0
125, -1, 0
125, -1, 0
125, -1, 0
125, -1, 0
125, -1, 0
125, -1, 0
125, -1, 0
125, -2, 0
125, -1, 0
129, -1, 1
121, -1, 0
125, -1, 0
125, -1, 0
126, -2, 0
125, -1, 0
124, -1, 0
125, -1, 0
126, -1, 0
124, -1, 0
125, -1, 0
126, -2, 0
125, -1, 1
127, -1, 0
127, -1, 0
123, -1, 0
124, -1, 0
124, -2, 0
124, -1, 0
126, -1, 0
124, -1, 0
125, -1, 0
125, -2, 1
126, -1, 0
124, -1, 0
125, -1, 0
125, -1, 0
126, -1, 0
124, -2, 0
125, -1, 0
125, -1, 0
125, -1, 0
125, -1, 0
126, -2, 1
124, -1, 0
125, -1, 0
129, -1, 0
122, -1, 0
125, -1, 0
125, -2, 0
125, -1, 1
125, -1, 0
125, -1, 0
125, -1, 0
125, -2, 0
125, -1, 0
125, -1, 0
125, -1, 0
126, -2, 1
124, -1, 0
125, -1, 0
125, -1, 0
125, -2, 0
412, -2, 0
213, -1, 1
125, -3, 0
125, -2, 0
124, -1, 0
125, -1, 1
125, -1, 0
125, -2, 0
125, -1, 0
125, -1, 0
125, -1, 0
125, -2, 1
125, -1, 0
125, -1, 0
125, -1, 0
125, -1, 0
125, -2, 0
126, -1, 1
124, -1, 0
125, -1, 0
126, -2, 0
124, -1, 0
125, -1, 0
125, -1, 1
163, -2, 0
87, -1, 0
127, -1, 0
123, -1, 0
125, -1, 1
125, -2, 0
126, -1, 0
124, -1, 0
125, -1, 0
125, -2, 1
126, -1, 0
125, -1, 0
125, -1, 0
124, -2, 0
125, -1, 0
125, -1, 1
125, -1, 0
125, -1, 0
124, -2, 0
126, -1, 0
125, -1, 1
125, -1, 0
124, -2, 0
126, -1, 0
126, -1, 1
124, -1, 0
129, -1, 0
122, -1, 0
124, -1, 0
125, -2, 1
125, -1, 0
125, -1, 0
124, -1, 0
126, -2, 1
124, -1, 0
125, -1, 0
126, -1, 0
124, -2, 1
125, -1, 0
125, -1, 0
125, -1, 0
126, -1, 1
124, -2, 0
126, -1, 0
125, -1, 0
129, -1, 1
121, -2, 0
124, -1, 0
127, -1, 0
125, -1, 0
125, -2, 1
124, -1, 0
124, -1, 0
125, -1, 1
126, -1, 0
124, -1, 0
126, -1, 0
125, -2, 1
124, -1, 0
126, -2, 0
246, -2, 1
128, -1, 0
125, -1, 0
126, -1, 0
124, -1, 1
125, -2, 0
125, -1, 0
125, -1, 0
125, -1, 0
125, -2, 1
125, -1, 0
128, -1, 0
124, -1, 1
123, -2, 0
126, -1, 0
124, -1, 1
125, -1, 0
125, -1, 0
129, -1, 0
131, -1, 1
124, -2, 0
153, -1, 0
124, -1, 1
97, -1, 0
126, -2, 0
125, -1, 0
124, -1, 1
125, -1, 0
127, -1, 0
126, -2, 1
124, -1, 0
125, -1, 0
127, -1, 0
132, -1, 1
120, -1, 0
126, -2, 0
124, -1, 0
128, -1, 1
124, -1, 0
122, -2, 0
124, -1, 1
238, -2, 0
136, -1, 0
1055, -1, 1
193, -1, 0
124, -11, 3
125, -1, 0
125, -1, 0
126, -1, 0
125, -1, 1
125, -2, 0
124, -1, 0
126, -1, 1
125, -1, 0
124, -1, 0
137, -1, 0
114, -1, 1
125, -2, 0
124, -1, 0
126, -1, 1
125, -1, 0
125, -1, 0
126, -1, 0
124, -2, 1
126, -1, 0
124, -1, 0
125, -1, 1
124, -1, 0
126, -1, 0
125, -1, 0
125, -1, 1
125, -1, 0
131, -2, 0
122, -1, 1
125, -1, 0
124, -1, 0
125, -1, 1
126, -1, 0
125, -1, 0
125, -2, 0
124, -1, 0
125, -1, 1
125, -1, 0
126, -1, 1
127, -1, 0
123, -2, 0
247, -2, 1
128, -1, 0
124, -1, 0
126, -1, 0
125, -1, 1
124, -1, 0
125, -1, 0
125, -1, 1
125, -1, 0
125, -1, 0
125, -1, 1
125, -2, 0
125, -1, 0
125, -1, 0
125, -1, 1
125, -1, 0
125, -1, 0
125, -1, 0
125, -1, 1
125, -1, 0
125, -1, 0
125, -1, 1
125, -1, 0
125, -1, 0
117, -1, 0
131, -1, 1
125, -1, 0
125, -2, 0
239, -2, 1
250, -2, 0
127, -1, 1
125, -1, 0
125, -1, 0
125, -1, 0
125, -1, 1
125, -1, 0
125, -1, 0
125, -1, 0
125, -1, 1
125, -1, 0
125, -1, 0
126, -1, 1
124, -1, 0
126, -1, 0
124, -1, 0
125, -1, 1
127, -1, 0
127, -1, 0
123, -1, 0
124, -1, 1
125, -1, 0
125, -1, 0
124, -1, 0
126, -1, 1
124, -1, 0
127, -1, 0
124, -1, 0
125, 0, 1
125, -2, 0
247, -1, 0
128, -1, 1
125, -2, 0
247, -1, 0
128, -1, 0
125, -1, 1
125, -1, 0
125, -1, 0
125, -1, 1
125, -1, 0
125, -1, 0
129, -1, 0
122, -1, 0
124, 0, 1
125, -1, 0
125, -1, 0
125, -1, 0
125, -1, 1
125, -1, 0
513, -1, 0
236, -1, 0
125, -4, 1
125, -1, 0
125, -1, 1
126, -1, 0
246, -2, 0
128, 0, 1
125, -1, 0
125, -1, 0
125, -1, 0
125, -1, 0
125, -1, 1
125, -1, 0
248, -1, 0
127, -1, 0
125, -1, 1
247, -1, 0
128, -1, 0
125, -1, 0
126, -1, 1
247, -1, 0
131, -1, 0
121, -1, 0
247, -1, 1
128, -1, 0
125, -1, 0
248, -1, 0
127, -1, 1
125, -1, 0
248, -1, 0
127, -1, 0
125, -1, 0
248, -1, 1
127, -1, 0
247, -1, 0
128, -1, 0
125, -1, 1
247, -1, 0
250, -1, 0
128, -1, 0
247, -1, 1
128, -1, 0
247, -1, 0
128, -1, 0
279, -1, 0
225, -1, 1
131, -1, 0
237, -1, 0
137, -1, 0
238, -1, 0
250, -1, 0
137, -1, 0
125, 0, 1
124, -1, 0
239, -1, 0
250, -1, 0
251, -1, 0
136, 0, 1
125, -1, 0
125, -1, 0
238, -1, 0
375, -1, 0
251, -1, 0
249, -1, 0
250, -1, 0
250, -1, 1
250, -1, 0
375, -1, 0
249, -1, 0
250, -1, 0
251, -1, 0
374, -1, 0
377, -1, 1
374, -1, 0
249, -1, 0
375, -1, 0
376, -1, 0
374, -1, 0
1393, -1, 0
245, -1, 0
124, -1, 0
125, -1, 0
488, -1, 0
625, -1, 0
799, -1, 0
829, -1, 0
748, -1, 0
1257, -1, 0
2373, -1, 0
372, 0, -1
12383, 1, 0
1748, 1, 0
1123, 1, 0
124, 0, -1
747, 1, 0
752, 1, 0
748, 1, 0
626, 1, 0
624, 1, 0
249, 0, -1
250, 1, 0
539, 1, 0
499, 1, 0
462, 1, 0
375, 1, -1
502, 1, 0
373, 1, 0
501, 1, 0
374, 1, 0
137, 0, -1
125, 1, 0
363, 1, 0
375, 1, 0
250, 1, 0
1102, 1, 0
160, 0, -1
124, 3, 0
239, 1, 0
249, 1, 0
137, 0, -1
125, 1, 0
364, 1, 0
250, 1, 0
249, 1, 0
137, 0, -1
125, 1, 0
239, 1, 0
251, 1, 0
374, 1, -1
176, 1, 0
199, 1, 0
250, 1, 0
250, 1, 0
250, 1, -1
250, 1, 0
250, 1, 0
128, 1, 0
247, 1, 0
128, 0, -1
125, 1, 0
125, 1, 0
247, 1, 0
250, 1, 0
129, 1, -1
246, 1, 0
251, 1, 0
257, 1, 0
123, 1, 0
124, 1, -1
248, 1, 0
250, 1, 0
127, 1, 0
248, 1, -1
127, 1, 0
126, 1, 0
247, 1, 0
129, 1, 0
252, 1, -1
122, 1, 0
247, 1, 0
129, 1, 0
245, 1, 0
128, 1, -1
125, 1, 0
247, 1, 0
128, 1, 0
247, 1, 0
128, 1, -1
125, 1, 0
125, 1, 0
247, 1, 0
128, 1, 0
125, 1, 0
125, 1, -1
247, 1, 0
128, 1, 0
128, 1, 0
124, 1, 0
128, 0, -1
121, 1, 0
126, 1, 0
126, 1, 0
123, 1, 0
245, 1, -1
127, 1, 0
125, 1, 0
125, 1, 0
125, 1, 0
125, 0, -1
125, 1, 0
125, 1, 0
125, 1, 0
125, 1, 0
124, 1, 0
126, 1, -1
124, 1, 0
248, 1, 0
128, 1, 0
125, 1, 0
125, 1, -1
124, 1, 0
126, 1, 0
124, 1, 0
125, 1, 0
125, 1, 0
126, 1, -1
576, 2, 0
174, 1, 0
146, 3, -1
106, 1, 0
130, 1, 0
128, 1, -1
116, 1, 0
124, 1, 0
124, 1, 0
125, 1, 0
125, 1, -1
125, 1, 0
125, 1, 0
125, 1, 0
126, 1, 0
124, 1, 0
125, 1, -1
125, 1, 0
125, 1, 0
125, 1, 0
125, 1, 0
131, 1, -1
119, 1, 0
126, 1, 0
124, 1, 0
125, 1, 0
125, 1, -1
125, 1, 0
125, 1, 0
125, 1, 0
125, 2, 0
126, 1, -1
124, 1, 0
125, 1, 0
125, 1, 0
125, 1, -1
125, 1, 0
125, 1, 0
125, 1, 0
125, 1, -1
125, 1, 0
125, 2, 0
125, 1, 0
125, 1, 0
125, 1, -1
125, 1, 0
125, 1, 0
126, 2, 0
124, 1, -1
125, 1, 0
126, 1, 0
124, 1, 0
125, 1, 0
125, 1, -1
125, 2, 0
125, 1, 0
125, 1, 0
125, 1, -1
125, 2, 0
248, 1, 0
127, 2, -1
125, 1, 0
125, 1, 0
125, 1, 0
125, 2, -1
125, 1, 0
125, 1, 0
126, 1, 0
124, 2, 0
125, 1, -1
125, 1, 0
125, 1, 0
125, 1, 0
125, 2, -1
125, 1, 0
125, 1, 0
129, 1, 0
121, 2, -1
125, 1, 0
125, 2, 0
125, 1, 0
125, 1, -1
125, 1, 0
125, 1, 0
125, 2, 0
125, 1, -1
125, 1, 0
125, 1, 0
126, 2, -1
124, 1, 0
125, 1, 0
125, 2, 0
125, 1, -1
125, 1, 0
125, 1, 0
125, 2, 0
125, 1, -1
125, 2, 0
125, 1, 0
125, 1, -1
125, 1, 0
125, 2, 0
125, 1, 0
125, 2, -1
125, 1, 0
125, 1, 0
125, 2, -1
125, 1, 0
125, 1, 0
125, 1, 0
125, 2, -1
125, 1, 0
125, 2, 0
125, 1, -1
125, 2, 0
125, 1, 0
126, 2, -1
125, 1, 0
124, 1, 0
125, 2, 0
125, 1, -1
124, 1, 0
127, 1, 0
126, 2, -1
123, 1, 0
125, 2, 0
125, 1, 0
357, 2, -1
304, 1, 0
94, 6, -1
120, 1, -1
124, 2, 0
125, 1, 0
126, 2, -1
124, 1, 0
126, 2, 0
130, 1, 0
120, 2, -1
124, 1, 0
130, 1, 0
123, 2, -1
124, 1, 0
123, 2, 0
125, 1, -1
126, 2, 0
125, 1, 0
125, 2, -1
125, 1, 0
125, 1, 0
125, 2, -1
124, 1, 0
126, 2, 0
125, 1, -1
125, 2, 0
124, 1, 0
126, 2, 0
125, 1, -1
124, 2, 0
126, 1, 0
124, 2, -1
126, 1, 0
124, 1, 0
126, 2, -1
124, 1, 0
126, 2, 0
125, 1, -1
125, 2, 0
125, 1, 0
125, 2, -1
124, 1, 0
126, 2, 0
124, 1, -1
126, 2, 0
124, 1, 0
126, 2, -1
124, 1, 0
125, 2, 0
125, 2, -1
125, 1, 0
126, 2, 0
125, 1, -1
124, 2, 0
125, 1, 0
126, 2, -1
125, 1, 0
124, 1, 0
126, 2, -1
125, 1, 0
125, 2, 0
125, 1, -1
124, 2, 0
125, 1, 0
134, 3, -1
119, 1, 0
126, 1, 0
122, 2, 0
125, 1, -1
125, 2, 0
125, 1, -1
125, 2, 0
124, 1, 0
126, 2, -1
124, 1, 0
126, 2, 0
125, 1, -1
126, 2, 0
124, 2, 0
125, 1, -1
125, 2, 0
125, 1, 0
125, 2, -1
125, 1, 0
125, 2, 0
125, 1, 0
125, 2, -1
125, 1, 0
125, 2, -1
125, 1, 0
125, 2, 0
125, 1, 0
125, 2, -1
125, 2, 0
125, 1, 0
125, 2, -1
125, 1, 0
124, 2, -1
126, 1, 0
125, 2, 0
126, 1, -1
123, 2, 0
126, 1, 0
125, 2, -1
124, 1, 0
126, 2, 0
125, 2, -1
124, 1, 0
126, 2, 0
125, 1, -1
124, 2, 0
126, 1, -1
124, 2, 0
125, 1, 0
126, 2, -1
125, 1, 0
125, 2, 0
125, 2, -1
125, 1, 0
125, 2, 0
125, 1, -1
125, 2, 0
125, 1, 0
125, 2, -1
125, 1, 0
125, 2, 0
125, 1, -1
127, 2, 0
125, 1, 0
123, 2, -1
549, 1, 0
226, 2, 0
99, 8, -2
126, 1, 0
124, 1, -1
126, 2, 0
124, 1, 0
125, 2, -1
125, 1, 0
125, 2, -1
126, 2, 0
124, 1, 0
125, 2, -1
125, 1, 0
125, 2, 0
135, 2, -1
118, 1, 0
125, 1, 0
125, 2, -1
126, 1, 0
128, 2, 0
125, 1, -1
124, 2, 0
185, 1, 0
63, 2, -1
124, 1, 0
127, 2, -1
123, 1, 0
125, 1, 0
126, 2, -1
124, 1, 0
124, 2, 0
126, 1, -1
124, 2, 0
125, 1, 0
125, 2, -1
125, 1, 0
125, 2, 0
125, 1, -1
125, 1, 0
125, 2, 0
126, 1, -1
124, 2, 0
125, 1, 0
125, 2, -1
125, 1, 0
126, 2, -1
124, 1, 0
125, 2, 0
126, 1, -1
124, 2, 0
126, 1, 0
125, 1, -1
124, 2, 0
125, 1, 0
125, 2, -1
125, 1, 0
125, 2, -1
125, 1, 0
125, 2, 0
125, 1, 0
125, 2, -1
125, 1, 0
125, 1, 0
125, 2, -1
125, 1, 0
125, 1, -1
125, 2, 0
125, 1, 0
125, 1, 0
126, 2, -1
124, 1, 0
125, 2, 0
125, 1, -1
125, 1, 0
126, 2, -1
124, 1, 0
132, 2, 0
120, 1, -1
124, 1, 0
124, 1, 0
126, 2, 0
124, 1, -1
126, 2, 0
124, 1, 0
125, 1, -1
125, 2, 0
125, 1, 0
125, 1, -1
126, 2, 0
124, 1, 0
125, 1, -1
125, 2, 0
125, 1, 0
125, 1, -1
125, 2, 0
125, 1, 0
125, 1, -1
125, 1, 0
125, 2, 0
125, 1, -1
125, 2, 0
126, 1, 0
125, 1, -1
139, 1, 0
112, 2, 0
124, 1, -1
124, 1, 0
125, 1, 0
125, 1, 0
125, 2, -1
124, 1, 0
125, 2, 0
126, 1, -1
125, 1, 0
125, 1, 0
126, 1, -1
123, 1, 0
126, 2, 0
125, 1, 0
124, 1, -1
125, 1, 0
125, 1, 0
126, 2, -1
125, 1, 0
126, 1, 0
124, 1, 0
126, 2, -1
124, 1, 0
125, 1, 0
126, 1, -1
304, 1, 0
195, 1, 0
125, 3, -1
124, 2, 0
125, 1, -1
125, 1, 0
125, 1, 0
125, 1, 0
125, 1, -1
126, 1, 0
124, 2, 0
247, 2, -1
128, 1, 0
125, 1, 0
125, 1, 0
125, 1, -1
125, 1, 0
125, 2, 0
125, 0, -1
125, 2, 0
247, 1, 0
128, 2, -1
248, 2, 0
127, 1, 0
125, 1, -1
125, 1, 0
125, 1, 0
125, 1, -1
124, 1, 0
125, 1, 0
127, 1, 0
125, 1, -1
124, 1, 0
125, 1, 0
125, 1, 0
125, 1, -1
125, 1, 0
125, 1, 0
125, 1, 0
125, 1, -1
125, 1, 0
248, 2, 0
250, 1, -1
128, 1, 0
125, 1, 0
125, 1, 0
126, 1, -1
199, 1, 0
58, 1, 0
131, 1, 0
149, 0, -1
124, 1, 0
99, 1, 0
122, 1, 0
126, 1, 0
126, 1, -1
124, 1, 0
125, 1, 0
241, 1, 0
134, 1, -1
134, 1, 0
113, 1, 0
240, 1, -1
136, 1, 0
125, 1, 0
125, 1, 0
125, 1, 0
240, 1, -1
135, 1, 0
125, 1, 0
239, 1, 0
136, 1, -1
125, 1, 0
126, 1, 0
238, 1, 0
136, 1, 0
125, 0, -1
125, 1, 0
125, 1, 0
239, 1, 0
135, 1, 0
240, 1, -1
135, 1, 0
240, 1, 0
137, 1, 0
125, 0, -1
124, 1, 0
131, 1, 0
237, 1, 0
133, 1, 0
240, 1, -1
251, 1, 0
135, 1, 0
238, 1, 0
250, 1, -1
249, 1, 0
250, 1, 0
250, 1, 0
137, 0, -1
125, 1, 0
124, 1, 0
238, 1, 0
374, 1, 0
251, 1, -1
1077, 1, 0
186, 1, 0
124, 2, -1
124, 1, 0
239, 1, 0
375, 1, 0
375, 1, 0
136, 0, -1
239, 1, 0
388, 1, 0
488, 1, 0
499, 1, 0
128, 0, -1
372, 1, 0
500, 1, 0
752, 1, 0
875, 1, 0
498, 0, -1
1125, 1, 0
10916, -1, 0
1868, -1, 0
746, 0, -1
386, -1, 0
991, -1, 0
750, -1, 0
872, -1, -1
770, -1, 0
576, -1, 0
533, -1, 0
217, 0, -1
249, -1, 0
659, -1, 0
467, -1, 0
539, -1, 0
210, 0, -1
250, -1, 0
533, -1, 0
343, -1, 0
376, -1, 0
502, -1, 0
373, -1, 0
407, -1, -1
342, -1, 0
374, -1, 0
251, -1, 0
407, -1, 0
1016, -1, 0
216, -1, 0
122, -2, 0
238, -1, 0
137, 0, -1
238, -1, 0
251, -1, 0
249, -1, 0
375, -1, 0
250, -1, 0
250, -1, 0
376, -1, 0
250, -1, 0
251, -1, 0
248, -1, 0
250, -1, 0
251, -1, 0
128, 0, -1
124, -1, 0
372, -1, 0
128, -1, 0
248, -1, 0
249, -1, 0
251, -1, 0
249, -1, 0
251, -1, 0
251, -1, 0
127, -1, 0
247, -1, 0
250, -1, 0
250, -1, 0
127, -1, 0
248, -1, 0
249, -1, 0
250, -1, 0
128, -1, 0
248, -1, 0
128, -1, 0
247, -1, 0
250, -1, 0
128, -1, 0
247, -1, 0
128, -1, 0
247, -1, 0
128, -1, 0
247, -1, 0
250, -1, 0
128, -1, 0
247, -1, 0
127, -1, 0
248, -1, 0
127, -1, 0
248, -1, 0
128, -1, 0
124, -1, 0
248, -1, 0
127, -1, 0
251, -1, 0
125, -1, 0
125, -1, 0
246, -1, 0
129, -1, 0
124, -1, 0
247, -1, 0
128, -1, 0
248, -1, 0
127, -1, 0
125, -1, 0
247, -1, 0
128, -1, 0
125, -1, 0
125, 0, 1
125, -1, 0
125, -1, 0
125, -1, 0
125, -1, 0
248, -1, 0
127, -1, 0
125, -1, 0
410, -1, 0
217, -1, 0
176, -2, 0
79, -1, 0
119, -1, 0
126, -1, 0
124, -1, 0
125, -1, 0
246, -1, 0
129, -1, 0
125, -1, 0
125, -1, 1
124, -1, 0
247, -1, 0
128, -1, 0
125, -1, 0
125, -1, 0
125, -1, 0
125, -1, 0
247, -1, 0
128, -1, 0
125, -1, 0
125, -1, 1
247, -2, 0
251, -1, 0
128, -1, 0
124, -1, 0
125, -1, 0
125, -1, 0
125, -1, 0
125, -1, 0
249, -1, 0
126, -1, 0
125, -1, 1
125, -1, 0
126, -1, 0
124, -1, 0
125, -1, 0
125, -1, 0
125, -1, 0
125, -1, 0
248, -1, 0
127, -1, 0
126, -1, 0
125, -1, 1
125, -1, 0
124, -1, 0
125, -1, 0
125, -1, 0
125, -1, 0
125, -1, 0
125, -1, 0
125, -1, 0
125, -1, 0
125, -1, 0
187, -1, 1
101, -1, 0
96, -1, 0
246, -2, 0
130, -1, 0
124, -1, 0
238, -1, 0
136, -1, 0
125, -1, 0
125, -1, 1
125, -1, 0
125, -1, 0
125, -1, 0
125, -1, 0
125, -1, 0
126, -1, 0
125, -1, 0
124, -1, 0
125, -1, 1
125, -1, 0
126, -1, 0
124, -1, 0
125, -1, 0
125, -1, 0
125, -1, 0
125, -1, 1
125, -2, 0
238, -1, 0
137, -1, 0
125, -1, 0
125, -1, 0
136, -1, 0
114, -2, 0
125, 0, 1
125, -2, 0
125, -1, 0
125, -1, 0
125, -1, 0
125, -1, 0
125, -1, 0
125, -1, 0
125, -1, 0
125, -1, 1
125, -1, 0
125, -1, 0
125, -1, 0
125, -1, 0
125, -2, 0
239, -2, 1
136, -1, 0
238, -2, 0
137, -1, 0
125, -1, 0
125, -1, 0
125, -1, 1
125, -1, 0
125, -1, 0
125, -1, 0
125, -2, 0
125, -1, 0
125, -1, 1
125, -1, 0
125, -1, 0
839, -1, 0
168, -1, 0
118, -8, 1
126, -1, 0
124, -1, 1
125, -2, 0
238, -2, 0
137, -1, 0
125, -1, 0
125, -1, 1
125, -2, 0
238, -1, 0
137, -2, 0
125, -1, 0
126, -1, 1
124, -1, 0
125, -1, 0
125, -1, 0
125, -2, 0
125, -1, 0
125, -1, 1
126, -1, 0
125, -1, 0
124, -1, 0
126, -1, 0
147, -2, 1
94, -1, 0
125, -1, 0
131, -1, 0
123, -2, 0
125, -1, 0
124, -1, 1
126, -1, 0
122, -1, 0
125, -1, 0
124, -1, 0
125, -2, 1
124, -1, 0
125, -1, 0
126, -1, 0
125, -2, 0
125, 0, 1
124, -2, 0
125, -1, 0
126, -1, 0
125, -1, 0
125, -1, 1
124, -2, 0
126, -1, 0
125, -1, 0
125, -1, 0
125, -2, 1
124, -1, 0
126, -1, 0
125, -1, 0
124, -2, 1
125, -1, 0
264, -2, 0
114, -1, 0
123, -2, 1
246, -2, 0
129, -1, 0
133, -1, 0
121, -2, 1
123, -1, 0
123, -1, 0
132, -1, 0
121, -1, 0
133, -1, 1
239, -2, 0
256, -1, 0
119, -4, 1
125, -1, 0
125, -1, 0
125, -1, 0
125, -1, 1
125, -2, 0
125, -1, 0
125, -1, 0
125, -1, 0
125, -2, 1
125, -1, 0
126, -1, 0
124, -1, 0
126, -2, 0
125, -1, 1
125, -1, 0
125, -1, 0
125, -1, 0
124, -2, 1
125, -1, 0
126, -1, 0
125, -1, 0
125, -2, 1
124, -1, 0
125, -2, 0
249, -1, 1
126, -2, 0
125, -1, 0
125, -2, 0
126, -1, 1
125, -1, 0
124, -1, 0
125, -2, 0
125, -1, 1
125, -1, 0
125, -1, 0
125, -1, 0
125, -2, 1
125, -1, 0
126, -1, 0
124, -1, 0
125, -2, 1
125, -1, 0
125, -1, 0
125, -1, 0
125, -2, 1
125, -1, 0
125, -1, 0
125, -2, 0
125, 0, 1
125, -2, 0
552, -1, 0
199, -2, 0
124, -6, 2
125, -1, 0
125, -1, 0
125, -1, 0
125, -2, 1
125, -1, 0
125, -1, 0
125, -1, 1
125, -2, 0
125, -1, 0
125, -1, 0
125, -1, 1
125, -2, 0
125, -1, 0
125, -1, 0
125, -2, 1
247, -2, 0
128, -1, 0
125, -2, 1
130, -1, 0
129, -1, 0
117, -1, 0
125, -2, 1
124, -1, 0
125, -1, 0
125, -1, 0
125, -1, 1
125, -2, 0
125, -1, 0
125, -2, 0
125, 0, 1
126, -2, 0
126, -1, 0
123, -2, 1
125, -1, 0
125, -1, 0
125, -1, 0
125, -1, 0
125, -2, 1
125, -1, 0
125, -1, 0
125, -1, 0
125, -2, 1
125, -1, 0
125, -1, 0
125, -1, 1
125, -1, 0
126, -2, 0
124, -1, 0
125, -1, 1
125, -1, 0
125, -2, 0
125, -1, 0
125, -1, 1
125, -1, 0
125, -2, 0
129, -1, 0
121, -1, 1
125, -1, 0
125, -2, 0
125, -1, 1
125, -1, 0
125, -1, 0
125, -2, 0
125, -1, 0
125, -1, 1
125, -2, 0
247, -2, 1
128, -1, 0
125, -1, 0
125, -2, 0
126, 0, 1
128, -2, 0
123, -1, 0
123, -1, 0
125, -2, 1
125, -1, 0
125, -1, 0
125, -1, 0
125, -2, 1
125, -1, 0
279, -1, 0
263, -1, 0
127, -4, 1
91, -1, 0
124, -2, 1
239, -2, 0
135, -1, 0
125, -1, 1
126, -1, 0
125, -1, 0
125, -2, 1
125, -1, 0
124, -1, 0
125, -1, 0
125, -2, 0
127, -1, 1
124, -1, 0
125, -1, 0
136, -2, 0
114, -1, 1
125, -1, 0
124, -1, 0
126, -1, 0
124, -2, 1
239, -2, 0
136, -1, 0
126, -1, 1
124, -1, 0
126, -2, 0
124, -1, 0
125, -1, 1
125, -1, 0
125, -1, 0
127, -1, 0
123, -1, 1
125, -2, 0
125, -1, 0
125, -1, 0
126, -1, 1
1040, -2, 0
211, -1, 0
123, -10, 2
124, -1, 0
126, -1, 0
125, -1, 1
125, -1, 0
126, -1, 0
124, -2, 0
125, -1, 1
125, -1, 0
124, -1, 0
126, -1, 0
125, -1, 0
125, -2, 1
125, -1, 0
239, -2, 1
136, -1, 0
125, -1, 0
125, -1, 0
128, -1, 0
123, -1, 1
126, -2, 0
124, -1, 0
124, -1, 0
126, -1, 0
124, -1, 0
125, -1, 1
125, -1, 0
125, -1, 0
125, -1, 0
126, -1, 1
124, -1, 0
125, -2, 0
125, -1, 0
125, -1, 1
125, -1, 0
125, -1, 0
127, -1, 0
123, -1, 0
125, -1, 0
125, -1, 1
125, -1, 0
125, -1, 0
125, -1, 0
125, -1, 0
126, -1, 1
125, -1, 0
124, -1, 0
125, -1, 0
124, -1, 0
125, -1, 0
126, -1, 1
125, -1, 0
117, -1, 0
124, -2, 0
248, -2, 1
127, -1, 0
247, -2, 0
250, -2, 0
251, -2, 1
250, -2, 0
249, -2, 0
128, 0, 1
125, -2, 0
248, -1, 0
128, -1, 0
125, -1, 0
125, -1, 1
124, -1, 0
125, -1, 0
125, -1, 0
125, -1, 0
126, -1, 0
124, -1, 0
126, -1, 0
124, 0, 1
130, -2, 0
247, -1, 0
126, -1, 0
125, -1, 0
124, -1, 0
123, -1, 1
125, -1, 0
125, -1, 0
125, -1, 0
247, -1, 0
128, -1, 0
125, -1, 0
125, -1, 0
125, -1, 1
126, -1, 0
136, -1, 0
235, -2, 0
250, -1, 0
128, -1, 0
125, -1, 1
125, -1, 0
247, -1, 0
128, -1, 0
125, -1, 0
247, -2, 0
250, -1, 0
128, -1, 1
247, -1, 0
128, -1, 0
125, -1, 0
125, -1, 0
247, -1, 0
283, -1, 0
220, -1, 0
126, -2, 1
246, -1, 0
128, -1, 0
125, -1, 0
247, -1, 0
128, -1, 0
247, -1, 0
128, -1, 0
247, -1, 1
128, -1, 0
125, -1, 0
247, -1, 0
250, -1, 0
128, -1, 0
125, -1, 0
247, -1, 0
251, -1, 0
127, -1, 0
247, -1, 0
250, -1, 0
128, -1, 0
125, 0, 1
125, -1, 0
247, -1, 0
128, -1, 0
247, -1, 0
250, -1, 0
128, -1, 0
247, -1, 0
250, -1, 0
250, -1, 0
250, -1, 0
397, -1, 0
106, -1, 0
247, -1, 0
407, -1, 0
234, -1, 0
239, -1, 0
244, -1, 0
409, -1, 0
216, -1, 0
376, -1, 0
250, -1, 0
406, -1, 0
346, -1, 0
405, -1, 0
393, -1, 0
324, -1, 0
533, -1, 0
342, -1, 0
533, -1, 0
500, -1, 0
630, -1, 0
212, 0, -1
387, -1, 0
738, -1, 0
908, -1, 0
1001, 0, -1
237, -1, 0
1639, -1, 0
8516, 0, -1
5589, 1, 0
2129, 1, 0
1516, 1, 0
1153, 1, 0
988, 1, 0
750, 1, 0
753, 1, 0
710, 1, 0
760, 1, 0
659, 1, 0
621, 1, 0
466, 1, 0
498, 1, 0
658, 1, 0
500, 1, 0
340, 1, 0
638, 1, 0
375, 1, 0
514, 1, -1
348, 1, 0
373, 1, 0
375, 1, 0
376, 1, 0
406, 1, 0
370, 1, 0
380, 1, 0
378, 1, 0
248, 1, 0
367, 1, 0
377, 1, 0
250, 1, 0
257, 0, -1
126, 1, 0
368, 1, 0
256, 1, 0
250, 1, 0
253, 1, 0
367, 1, 0
382, 1, 0
117, 1, 0
215, 1, 0
377, 1, 0
249, 1, 0
252, 1, -1
249, 1, 0
270, 1, 0
230, 1, 0
251, 1, 0
370, 1, 0
256, 1, 0
125, 1, 0
398, 1, 0
226, 1, 0
126, 1, -1
124, 1, 0
248, 1, 0
251, 1, 0
126, 1, 0
378, 1, 0
116, 1, 0
249, 1, 0
174, 1, 0
200, 1, -1
312, 1, 0
189, 1, 0
125, 1, 0
247, 1, 0
250, 1, 0
128, 1, 0
125, 1, 0
247, 1, 0
250, 1, -1
128, 1, 0
247, 1, 0
250, 1, 0
128, 1, 0
125, 1, 0
247, 1, 0
128, 1, 0
247, 1, 0
130, 1, -1
158, 1, 0
212, 1, 0
174, 1, 0
159, 1, 0
167, 1, 0
128, 1, 0
247, 1, 0
128, 1, -1
125, 1, 0
247, 1, 0
127, 1, 0
125, 1, 0
247, 1, 0
128, 1, 0
126, 1, -1
247, 1, 0
129, 1, 0
124, 1, 0
124, 1, 0
248, 1, 0
127, 1, 0
126, 1, 0
274, 1, -1
226, 1, 0
125, 2, 0
125, 1, 0
125, 1, 0
247, 1, -1
128, 1, 0
124, 1, 0
125, 1, 0
125, 1, 0
248, 1, 0
128, 1, 0
125, 1, 0
124, 1, -1
248, 2, 0
250, 1, 0
127, 1, 0
126, 1, 0
125, 1, -1
125, 1, 0
125, 1, 0
250, 1, 0
125, 1, 0
125, 1, 0
125, 1, 0
125, 1, -1
124, 1, 0
125, 1, 0
125, 1, 0
125, 1, 0
126, 1, 0
247, 1, 0
127, 1, -1
126, 1, 0
124, 1, 0
125, 1, 0
125, 1, 0
125, 1, 0
125, 1, -1
125, 1, 0
126, 1, 0
125, 1, 0
124, 1, 0
125, 1, -1
125, 1, 0
125, 1, 0
125, 1, 0
125, 1, 0
125, 1, 0
125, 1, 0
126, 1, 0
125, 1, 0
124, 1, -1
125, 1, 0
125, 1, 0
125, 1, 0
127, 1, 0
123, 1, 0
126, 1, -1
124, 1, 0
125, 1, 0
127, 1, 0
125, 1, 0
124, 1, -1
124, 1, 0
128, 1, 0
125, 1, 0
124, 1, 0
124, 1, 0
125, 1, -1
124, 1, 0
126, 1, 0
125, 1, 0
125, 1, 0
125, 2, 0
247, 1, 0
128, 2, -1
247, 2, 0
128, 1, 0
125, 1, 0
125, 1, -1
125, 1, 0
125, 1, 0
125, 1, 0
125, 1, 0
125, 1, 0
125, 1, 0
125, 1, -1
125, 1, 0
125, 1, 0
125, 2, 0
125, 1, 0
125, 1, -1
125, 1, 0
125, 1, 0
125, 1, 0
125, 1, 0
125, 2, 0
125, 0, -1
125, 2, 0
125, 1, 0
125, 1, 0
125, 1, 0
125, 1, -1
125, 1, 0
125, 2, 0
247, 2, 0
128, 1, 0
125, 1, -1
124, 1, 0
125, 1, 0
126, 2, 0
247, 2, 0
128, 1, -1
125, 1, 0
124, 1, 0
126, 1, 0
124, 2, 0
248, 2, -1
128, 1, 0
328, 1, 0
179, 1, 0
124, 4, -1
120, 1, 0
124, 1, 0
125, 1, 0
125, 1, 0
125, 2, -1
125, 1, 0
125, 1, 0
125, 1, 0
125, 2, 0
125, 1, -1
125, 1, 0
125, 1, 0
125, 1, 0
125, 1, 0
125, 2, 0
125, 1, -1
125, 1, 0
125, 1, 0
125, 1, 0
125, 2, 0
125, 1, -1
125, 1, 0
125, 1, 0
125, 2, 0
125, 1, 0
125, 1, 0
125, 1, -1
125, 1, 0
125, 2, 0
125, 1, 0
125, 1, 0
125, 1, -1
125, 2, 0
125, 1, 0
125, 1, 0
125, 1, -1
125, 1, 0
125, 2, 0
125, 1, 0
125, 1, 0
125, 1, 0
125, 2, -1
125, 1, 0
126, 2, 0
246, 2, 0
128, 1, -1
125, 1, 0
125, 2, 0
125, 1, 0
126, 1, 0
124, 1, -1
125, 2, 0
126, 1, 0
124, 1, 0
125, 1, 0
125, 2, -1
125, 1, 0
125, 1, 0
125, 1, 0
125, 1, 0
125, 2, 0
125, 1, -1
125, 1, 0
128, 1, 0
122, 2, 0
126, 1, 0
124, 1, -1
125, 2, 0
124, 1, 0
126, 1, 0
124, 1, 0
126, 2, -1
124, 1, 0
125, 1, 0
125, 1, 0
126, 2, 0
125, 1, 0
125, 2, -1
124, 1, 0
125, 1, 0
125, 1, -1
125, 1, 0
126, 2, 0
124, 1, 0
125, 1, 0
126, 1, 0
125, 2, -1
124, 1, 0
125, 1, 0
125, 2, 0
125, 1, 0
128, 1, -1
122, 2, 0
126, 1, 0
125, 1, 0
124, 1, 0
127, 1, -1
128, 2, 0
122, 1, 0
124, 2, 0
124, 1, 0
126, 1, -1
124, 1, 0
127, 2, 0
124, 1, 0
125, 1, 0
125, 1, -1
125, 1, 0
124, 2, 0
125, 1, 0
126, 1, -1
125, 1, 0
125, 2, 0
125, 1, 0
125, 2, 0
125, 1, -1
124, 1, 0
126, 1, 0
125, 1, 0
125, 2, 0
125, 1, -1
125, 1, 0
125, 2, 0
125, 1, 0
124, 1, 0
126, 2, -1
125, 1, 0
125, 1, 0
246, 1, 0
262, 1, 0
123, 4, -1
119, 2, 0
125, 1, 0
125, 1, -1
125, 2, 0
125, 1, 0
125, 1, 0
125, 1, 0
124, 1, -1
126, 2, 0
125, 1, 0
125, 1, 0
125, 1, 0
125, 2, -1
124, 1, 0
126, 2, 0
247, 2, 0
128, 1, -1
124, 1, 0
125, 2, 0
126, 1, 0
125, 1, 0
124, 1, -1
126, 2, 0
125, 1, 0
125, 1, 0
125, 1, -1
125, 2, 0
125, 1, 0
125, 1, 0
125, 1, 0
125, 1, 0
125, 2, -1
124, 1, 0
127, 1, 0
124, 1, 0
125, 1, -1
125, 2, 0
151, 1, 0
100, 1, 0
124, 1, 0
125, 1, 0
126, 2, -1
126, 1, 0
250, 1, 0
250, 1, 0
124, 4, -1
124, 1, 0
125, 1, 0
125, 1, 0
125, 2, -1
125, 1, 0
125, 1, 0
125, 1, 0
125, 2, -1
125, 1, 0
125, 1, 0
125, 1, 0
125, 1, 0
125, 1, 0
125, 2, -1
125, 1, 0
125, 1, 0
125, 1, 0
125, 1, 0
125, 1, -1
125, 1, 0
126, 2, 0
124, 1, 0
125, 1, 0
126, 1, 0
124, 1, -1
125, 1, 0
125, 1, 0
126, 2, 0
246, 2, 0
129, 1, -1
128, 1, 0
122, 1, 0
124, 1, 0
125, 1, 0
125, 2, -1
247, 1, 0
128, 2, 0
125, 1, 0
125, 1, -1
125, 1, 0
125, 1, 0
125, 1, 0
125, 2, 0
125, 1, 0
125, 1, -1
125, 1, 0
125, 1, 0
125, 1, 0
125, 1, 0
125, 1, 0
125, 1, -1
125, 1, 0
125, 1, 0
125, 1, 0
125, 1, 0
125, 2, 0
125, 0, -1
125, 1, 0
125, 2, 0
247, 2, 0
128, 1, 0
125, 1, -1
125, 1, 0
125, 1, 0
125, 1, 0
125, 1, 0
125, 1, 0
125, 1, -1
125, 1, 0
125, 1, 0
125, 1, 0
125, 1, 0
128, 1, 0
134, 1, -1
113, 1, 0
124, 1, 0
126, 1, 0
124, 1, 0
286, 1, 0
215, 1, -1
124, 3, 0
125, 1, 0
125, 1, 0
125, 1, -1
125, 1, 0
125, 1, 0
125, 1, 0
125, 1, 0
247, 1, 0
128, 1, -1
125, 1, 0
125, 1, 0
125, 1, 0
125, 1, 0
125, 1, 0
125, 1, -1
125, 1, 0
125, 1, 0
247, 1, 0
128, 1, 0
126, 1, 0
124, 1, 0
125, 1, -1
125, 1, 0
247, 1, 0
128, 1, 0
125, 1, 0
125, 1, 0
247, 2, -1
250, 1, 0
128, 1, 0
125, 1, 0
247, 1, 0
128, 1, -1
125, 1, 0
125, 1, 0
247, 1, 0
128, 1, 0
125, 1, 0
125, 0, -1
125, 2, 0
250, 1, 0
127, 1, 0
124, 1, 0
246, 1, 0
137, 1, 0
238, 1, -1
137, 1, 0
124, 1, 0
239, 1, 0
137, 1, 0
239, 1, 0
136, 1, 0
125, 0, -1
125, 1, 0
124, 1, 0
240, 1, 0
136, 1, 0
124, 1, 0
240, 1, 0
249, 1, 0
137, 1, 0
124, 0, -1
125, 1, 0
239, 1, 0
136, 1, 0
238, 1, 0
137, 1, 0
239, 1, 0
250, 1, 0
136, 0, -1
125, 1, 0
126, 1, 0
238, 1, 0
250, 1, 0
250, 1, 0
250, 1, 0
251, 1, 0
249, 1, 0
137, 0, -1
124, 1, 0
242, 1, 0
247, 1, 0
375, 1, 0
250, 1, 0
250, 1, 0
375, 1, 0
249, 1, 0
376, 1, 0
249, 1, -1
1046, 1, 0
216, 1, 0
125, 1, 0
125, 1, 0
509, 1, 0
522, 1, 0
487, 1, 0
482, 1, 0
617, 1, 0
780, 1, 0
1022, 1, 0
1611, 1, 0
13600, -1, 0
1497, 0, -1
645, -1, 0
1469, -1, 0
1000, -1, 0
874, -1, 0
751, -1, 0
874, -1, 0
625, -1, 0
377, 0, -1
248, -1, 0
751, -1, 0
499, -1, 0
513, -1, 0
567, -1, 0
456, -1, 0
465, -1, 0
377, -1, 0
1022, -1, 0
242, -1, 0
119, -1, 0
239, -1, 0
413, -1, 0
337, -1, 0
136, 0, -1
337, -1, 0
152, -1, 0
387, -1, 0
238, -1, 0
376, -1, 0
249, -1, 0
375, -1, 0
250, -1, 0
251, -1, 0
249, -1, 0
415, -1, 0
88, -1, 0
411, -1, 0
211, -1, 0
250, -1, 0
128, -1, 0
247, -1, 0
251, -1, 0
249, -1, 0
250, -1, 0
250, -1, 0
250, -1, 0
250, -1, 0
128, -1, 0
247, -1, 0
252, -1, 0
127, -1, 0
246, -1, 0
250, -1, 0
250, -1, 0
128, -1, 0
125, -1, 0
251, -1, 0
127, 0, 1
123, -1, 0
125, -1, 0
248, -1, 0
248, -1, 0
129, -1, 0
124, -1, 0
247, -1, 0
250, -1, 0
127, -1, 0
125, -1, 0
248, -1, 0
128, -1, 0
247, -1, 1
128, -1, 0
125, -1, 0
247, -1, 0
128, -1, 0
248, -1, 0
127, -1, 0
125, -1, 0
247, -1, 0
128, -1, 0
125, -1, 0
125, 0, 1
125, -1, 0
125, -1, 0
125, -1, 0
125, -1, 0
247, -1, 0
128, -1, 0
125, -1, 0
247, -1, 0
128, -1, 0
125, -1, 1
125, -1, 0
125, -1, 0
247, -1, 0
337, -1, 0
170, -1, 0
122, -3, 1
245, -1, 0
128, -1, 0
125, -1, 0
125, -1, 0
125, -1, 0
125, -1, 0
269, -2, 0
228, -1, 1
127, -1, 0
126, -1, 0
125, -1, 0
125, -1, 0
125, -1, 0
126, -1, 0
124, -1, 0
125, -1, 0
125, -1, 1
247, -2, 0
250, -2, 0
251, -1, 0
127, -1, 0
125, -1, 1
125, -1, 0
125, -1, 0
125, -1, 0
125, -1, 0
125, -1, 0
125, -1, 0
125, -1, 0
125, -1, 1
125, -1, 0
125, -1, 0
125, -2, 0
247, -1, 0
128, -1, 1
125, -1, 0
125, -2, 0
248, -2, 0
249, -2, 0
128, -1, 0
125, -1, 1
127, -1, 0
123, -1, 0
125, -1, 0
125, -1, 0
125, -1, 0
125, -1, 1
134, -1, 0
142, -1, 0
163, -2, 0
70, -1, 0
125, -1, 0
125, -1, 1
125, -1, 0
125, -1, 0
125, -1, 0
124, -1, 0
125, -1, 0
126, -2, 1
125, -1, 0
125, -1, 0
124, -1, 0
125, -1, 0
125, -1, 1
125, -2, 0
125, -1, 0
125, -1, 0
125, -1, 0
126, -1, 0
124, -2, 1
126, -1, 0
124, -1, 0
126, -1, 0
125, -1, 1
124, -1, 0
125, -2, 0
126, -1, 0
125, -1, 0
125, -1, 1
124, -1, 0
125, -2, 0
125, -1, 0
125, -1, 0
125, -1, 1
126, -1, 0
124, -1, 0
125, -2, 0
125, -1, 1
125, -1, 0
125, -2, 0
125, -1, 0
125, -1, 0
125, -1, 1
125, -2, 0
125, -1, 0
148, -1, 0
102, -1, 1
125, -2, 0
125, -1, 0
125, -1, 0
125, -1, 0
125, -1, 1
126, -2, 0
144, -1, 0
105, -2, 0
126, -1, 1
127, -1, 0
123, -1, 0
124, -2, 0
126, -1, 1
130, -2, 0
124, -1, 0
123, -1, 0
128, -2, 1
123, -1, 0
123, -1, 0
125, -1, 0
135, -2, 0
146, -1, 1
806, -1, 0
167, -2, 0
119, -9, 2
125, -2, 1
125, -1, 0
125, -2, 0
125, -1, 0
125, -1, 0
125, -1, 1
125, -2, 0
125, -1, 0
125, -2, 1
125, -1, 0
125, -2, 0
125, -1, 1
125, -1, 0
125, -2, 0
125, -1, 0
125, -2, 1
125, -1, 0
125, -2, 0
125, -1, 0
132, -1, 1
119, -2, 0
134, -1, 0
175, -2, 1
220, -1, 0
212, -2, 0
124, -4, 1
125, -2, 0
126, -1, 1
124, -1, 0
125, -2, 0
125, -1, 1
125, -2, 0
125, -1, 0
125, -2, 0
125, -1, 1
125, -2, 0
125, -1, 0
125, -2, 1
125, -1, 0
125, -2, 0
125, -1, 1
125, -2, 0
125, -2, 0
126, -1, 0
124, -2, 1
126, -1, 0
124, -2, 0
126, -1, 1
124, -2, 0
125, -1, 0
126, -2, 1
124, -1, 0
125, -1, 0
125, -2, 1
125, -1, 0
125, -2, 0
126, -1, 1
125, -2, 0
124, -1, 0
126, -2, 1
126, -2, 0
128, -1, 0
122, -2, 0
125, -1, 1
124, -2, 0
125, -1, 0
125, -2, 1
125, -1, 0
125, -2, 0
125, -1, 1
125, -2, 0
129, -1, 0
122, -2, 1
124, -2, 0
125, -1, 0
125, -2, 1
125, -1, 0
125, -2, 0
126, -1, 1
124, -2, 0
125, -1, 0
125, -2, 1
125, -2, 0
125, -1, 0
125, -2, 1
146, -2, 0
103, -1, 0
126, -1, 1
124, -2, 0
125, -1, 0
126, -2, 1
124, -2, 0
126, -2, 0
124, -1, 1
125, -2, 0
126, -1, 0
125, -2, 1
124, -1, 0
126, -2, 0
125, -2, 1
125, -1, 0
125, -2, 1
125, -1, 0
124, -2, 0
126, -1, 1
125, -2, 0
125, -2, 0
125, -2, 1
124, -1, 0
125, -2, 0
126, -1, 1
125, -1, 0
124, -2, 0
125, -2, 1
128, -2, 0
123, -1, 0
125, -2, 1
125, -1, 0
125, -2, 0
125, -1, 1
125, -2, 0
124, -2, 0
126, -1, 1
278, -2, 0
222, -1, 1
124, -5, 1
125, -2, 0
131, -2, 0
121, -1, 1
123, -2, 0
127, -1, 1
126, -2, 0
122, -2, 0
125, -1, 1
126, -2, 0
127, -1, 0
123, -2, 1
124, -1, 0
125, -2, 1
125, -2, 0
125, -2, 0
125, -1, 1
125, -1, 0
125, -2, 0
125, -2, 1
125, -2, 0
125, -1, 0
125, -2, 1
125, -1, 0
128, -2, 1
122, -1, 0
125, -2, 0
125, -2, 1
125, -2, 0
125, -1, 0
131, -1, 0
119, -2, 1
125, -2, 0
125, -1, 1
125, -2, 0
125, -2, 0
125, -1, 1
125, -2, 0
125, -1, 0
125, -2, 1
125, -2, 0
125, -1, 0
125, -2, 1
125, -1, 0
125, -2, 0
125, -1, 1
125, -2, 0
125, -2, 1
125, -1, 0
125, -2, 0
125, -2, 1
125, -1, 0
125, -1, 0
125, -2, 1
125, -2, 0
125, -1, 0
125, -2, 1
267, -2, 0
274, -1, 0
110, -5, 2
108, -1, 0
124, -1, 0
125, -2, 1
125, -2, 0
125, -2, 0
125, -1, 0
126, -2, 1
124, -1, 0
125, -2, 1
125, -1, 0
126, -2, 0
127, -1, 1
123, -2, 0
125, -1, 0
124, -2, 1
125, -2, 0
147, -1, 0
103, -2, 1
126, -1, 0
124, -2, 0
125, -1, 1
125, -2, 0
125, -1, 0
125, -2, 1
147, -1, 0
103, -1, 0
125, -2, 1
125, -1, 0
126, -2, 0
124, -1, 1
125, -2, 0
125, -2, 0
125, -1, 1
125, -1, 0
125, -2, 0
125, -2, 1
125, -1, 0
125, -2, 0
125, -1, 0
125, -2, 1
125, -1, 0
125, -2, 1
125, -1, 0
125, -2, 0
125, -1, 1
125, -2, 0
125, -1, 0
125, -1, 0
143, -2, 1
107, -1, 0
125, -2, 0
125, -1, 1
125, -2, 0
125, -1, 0
125, -2, 1
125, -1, 0
125, -2, 0
125, -1, 0
125, -1, 1
126, -2, 0
124, -1, 0
125, -2, 1
126, -1, 0
125, -1, 0
124, -1, 1
125, -2, 0
125, -1, 0
1039, -2, 1
213, -1, 0
123, -13, 2
125, -1, 1
125, -1, 0
125, -2, 0
125, -1, 0
126, -1, 1
124, -2, 0
125, -1, 0
125, -1, 0
125, -1, 1
125, -2, 0
143, -1, 0
107, -2, 1
126, -1, 0
124, -1, 0
125, -1, 0
125, -1, 1
125, -2, 0
126, -1, 0
125, -2, 0
117, 0, 1
133, -2, 0
136, -1, 0
113, -2, 0
117, -1, 1
126, -1, 0
125, -1, 0
123, -1, 0
126, -2, 1
124, -1, 0
126, -1, 0
125, -1, 0
126, -2, 0
124, -1, 1
125, -1, 0
125, -1, 0
125, -2, 0
125, -1, 1
125, -1, 0
125, -1, 0
125, -1, 0
125, -1, 0
125, -1, 1
125, -2, 0
125, -1, 0
128, -1, 0
122, -1, 0
125, -1, 1
125, -1, 0
125, -1, 0
125, -2, 0
247, -2, 1
128, -1, 0
125, -1, 0
125, -1, 0
125, -1, 0
125, -1, 0
125, -2, 1
247, -1, 0
132, -2, 0
123, -1, 0
123, -1, 1
125, -1, 0
125, -1, 0
125, -1, 0
125, -1, 0
125, -1, 0
125, -1, 1
126, -1, 0
124, -1, 0
126, -1, 0
124, -1, 0
125, -1, 0
126, -1, 1
127, -1, 0
123, -1, 0
124, -1, 0
125, -1, 0
125, -1, 0
125, -1, 0
125, -1, 1
125, -1, 0
247, -2, 0
250, -1, 0
128, -1, 0
125, -1, 1
125, -1, 0
125, -1, 0
125, -1, 0
125, -1, 0
247, -1, 0
128, -1, 0
126, -1, 0
124, -1, 1
247, -1, 0
128, -1, 0
125, -1, 0
125, -1, 0
125, -1, 0
247, -1, 0
128, -1, 0
247, -1, 0
128, -1, 1
125, -1, 0
247, -1, 0
128, -1, 0
126, -1, 0
246, -1, 0
128, -1, 0
247, -1, 0
128, -1, 0
247, -1, 0
281, -1, 1
224, -1, 0
174, -1, 0
74, -1, 0
247, -1, 0
250, -1, 0
128, -1, 0
247, -1, 0
250, -1, 0
249, -1, 0
250, -1, 0
251, -1, 0
250, -1, 0
250, -1, 0
249, -1, 0
376, -1, 0
250, -1, 0
250, -1, 0
406, -1, 0
375, -1, 0
399, -1, 0
195, -1, 0
538, -1, 0
492, -1, 0
470, -1, 0
403, -1, 0
799, -1, 0
674, -1, 0
540, 0, -1
334, -1, 0
1504, -1, 0
3920, 0, -1
5015, 1, 0
1341, 1, 0
1017, 1, 0
489, 0, -1
339, 1, 0
627, 1, 0
624, 1, 0
663, 1, 0
463, 1, 0
662, 1, -1
463, 1, 0
536, 1, 0
338, 1, 0
503, 1, 0
410, 1, 0
212, 1, -1
395, 1, 0
389, 1, 0
341, 1, 0
375, 1, 0
249, 1, 0
376, 1, -1
249, 1, 0
250, 1, 0
415, 1, 0
211, 1, 0
249, 1, 0
128, 0, -1
125, 1, 0
372, 1, 0
458, 1, 0
177, 1, 0
129, 1, 0
237, 1, -1
249, 1, 0
128, 1, 0
247, 1, 0
375, 1, 0
250, 1, 0
128, 1, -1
247, 1, 0
249, 1, 0
250, 1, 0
128, 1, 0
126, 1, 0
401, 1, 0
125, 1, 0
98, 0, -1
125, 1, 0
125, 1, 0
248, 1, 0
127, 1, 0
265, 1, 0
110, 0, -1
125, 1, 0
125, 1, 0
126, 1, 0
246, 1, 0
128, 1, 0
248, 1, 0
127, 1, -1
248, 1, 0
129, 1, 0
124, 1, 0
124, 1, 0
248, 1, -1
128, 1, 0
247, 1, 0
128, 1, 0
125, 1, 0
124, 1, 0
248, 1, 0
128, 1, -1
282, 1, 0
102, 1, 0
126, 1, 0
124, 1, 0
124, 1, 0
125, 0, -1
125, 1, 0
125, 1, 0
125, 1, 0
125, 1, 0
239, 2, 0
250, 1, -1
136, 1, 0
125, 1, 0
125, 1, 0
125, 1, 0
240, 1, 0
135, 1, 0
125, 1, -1
125, 1, 0
125, 1, 0
125, 1, 0
125, 1, 0
125, 1, 0
125, 0, -1
126, 2, 0
237, 1, 0
137, 1, 0
125, 1, 0
125, 1, 0
125, 1, -1
125, 1, 0
126, 1, 0
124, 1, 0
125, 1, 0
125, 1, 0
125, 1, 0
125, 1, -1
124, 1, 0
126, 1, 0
126, 1, 0
238, 2, -1
250, 2, 0
136, 1, 0
125, 1, 0
239, 2, 0
136, 1, 0
125, 1, -1
125, 1, 0
125, 1, 0
125, 1, 0
238, 2, 0
137, 1, -1
125, 1, 0
125, 1, 0
125, 1, 0
125, 1, 0
125, 1, 0
125, 1, -1
125, 1, 0
838, 2, 0
167, 2, 0
120, 6, -1
125, 1, 0
125, 2, 0
125, 1, 0
238, 2, -1
137, 1, 0
124, 1, 0
126, 1, 0
125, 2, 0
239, 2, -1
136, 1, 0
125, 1, 0
125, 1, 0
124, 1, 0
126, 2, 0
125, 1, 0
125, 1, -1
124, 1, 0
126, 1, 0
125, 1, 0
125, 2, 0
124, 1, 0
120, 1, -1
176, 1, 0
82, 2, 0
123, 1, 0
125, 1, 0
116, 1, 0
125, 1, 0
126, 2, -1
246, 2, 0
129, 1, 0
125, 2, 0
124, 1, 0
126, 1, -1
124, 1, 0
125, 1, 0
126, 2, 0
124, 1, 0
125, 1, -1
126, 1, 0
125, 2, 0
124, 1, 0
125, 1, 0
125, 1, 0
126, 2, -1
128, 1, 0
121, 1, 0
126, 2, 0
247, 2, 0
127, 1, 0
125, 2, -1
125, 1, 0
125, 1, 0
125, 1, 0
125, 2, 0
126, 1, -1
124, 2, 0
125, 1, 0
126, 1, 0
124, 1, 0
125, 2, 0
125, 1, -1
125, 1, 0
126, 2, 0
124, 1, 0
125, 1, 0
125, 1, -1
125, 2, 0
125, 1, 0
126, 1, 0
124, 2, 0
126, 1, 0
124, 1, -1
125, 2, 0
125, 1, 0
125, 1, 0
125, 2, -1
125, 1, 0
125, 2, 0
128, 1, 0
125, 1, 0
123, 2, 0
125, 1, -1
125, 1, 0
125, 1, 0
125, 2, 0
125, 1, 0
125, 2, 0
125, 1, -1
125, 2, 0
125, 1, 0
125, 1, 0
125, 2, 0
125, 1, 0
125, 2, -1
125, 1, 0
125, 1, 0
125, 2, 0
125, 1, 0
125, 2, -1
125, 1, 0
125, 1, 0
125, 2, 0
125, 1, 0
125, 1, 0
125, 2, -1
125, 1, 0
125, 2, 0
125, 1, 0
125, 2, 0
125, 1, -1
125, 2, 0
125, 1, 0
125, 1, 0
125, 1, 0
125, 2, -1
125, 1, 0
125, 2, 0
125, 1, 0
125, 1, 0
125, 2, -1
125, 1, 0
125, 2, 0
277, 1, 0
223, 2, 0
136, 4, -1
113, 1, 0
125, 2, 0
125, 1, -1
125, 2, 0
125, 1, 0
125, 2, 0
125, 1, -1
127, 2, 0
125, 1, 0
126, 1, 0
124, 2, 0
124, 1, -1
124, 2, 0
125, 1, 0
124, 2, 0
125, 1, 0
128, 2, -1
122, 1, 0
125, 2, 0
126, 1, 0
124, 1, 0
128, 2, -1
123, 1, 0
125, 2, 0
124, 1, 0
125, 2, 0
125, 1, -1
125, 2, 0
126, 1, 0
125, 2, 0
124, 1, 0
125, 1, 0
125, 2, -1
125, 1, 0
125, 2, 0
126, 1, -1
125, 2, 0
124, 1, 0
125, 2, 0
126, 1, -1
124, 2, 0
125, 1, 0
125, 1, 0
125, 2, 0
126, 1, 0
124, 2, -1
125, 1, 0
126, 2, 0
125, 1, 0
124, 2, -1
125, 1, 0
125, 2, 0
125, 1, 0
126, 2, -1
124, 1, 0
125, 2, 0
125, 1, 0
126, 2, 0
124, 1, -1
125, 2, 0
126, 1, 0
125, 2, 0
124, 1, 0
125, 2, -1
125, 1, 0
125, 2, 0
125, 1, 0
125, 1, 0
125, 2, -1
125, 2, 0
125, 1, 0
125, 1, 0
125, 2, -1
125, 1, 0
125, 2, 0
126, 1, 0
124, 2, 0
125, 1, -1
125, 2, 0
125, 1, 0
126, 2, 0
124, 1, -1
125, 2, 0
125, 1, 0
125, 1, 0
125, 2, 0
126, 2, -1
246, 2, 0
128, 2, 0
125, 1, -1
125, 2, 0
125, 1, 0
125, 1, 0
125, 2, 0
125, 1, -1
125, 1, 0
125, 2, 0
125, 1, 0
126, 2, -1
124, 1, 0
127, 1, 0
123, 2, 0
125, 1, -1
125, 2, 0
125, 1, 0
125, 2, 0
125, 1, 0
125, 2, -1
125, 1, 0
125, 2, 0
125, 1, 0
125, 1, -1
125, 2, 0
126, 1, 0
124, 2, 0
125, 1, -1
125, 2, 0
127, 1, 0
123, 2, 0
125, 1, 0
126, 1, -1
133, 2, 0
118, 1, 0
127, 1, 0
128, 2, -1
425, 1, 0
197, 1, 0
175, 6, -1
78, 2, 0
188, 1, 0
57, 2, -1
189, 1, 0
166, 1, 0
50, 1, -1
103, 2, 0
126, 1, 0
174, 1, 0
70, 2, 0
121, 1, -1
125, 2, 0
125, 1, 0
125, 2, 0
125, 1, -1
128, 1, 0
122, 1, 0
125, 1, 0
125, 2, 0
125, 1, -1
125, 2, 0
125, 1, 0
125, 2, 0
126, 1, -1
124, 1, 0
128, 2, 0
122, 1, 0
125, 1, -1
125, 1, 0
125, 2, 0
125, 1, 0
125, 2, 0
125, 1, -1
125, 1, 0
125, 2, 0
125, 1, 0
125, 1, -1
125, 2, 0
125, 1, 0
125, 1, 0
125, 2, -1
125, 1, 0
125, 1, 0
125, 1, 0
125, 2, 0
125, 1, -1
125, 2, 0
125, 1, 0
125, 1, 0
128, 1, -1
123, 1, 0
124, 2, 0
125, 1, 0
125, 1, 0
125, 1, -1
125, 2, 0
125, 1, 0
125, 2, 0
125, 1, -1
125, 1, 0
125, 1, 0
125, 1, 0
125, 2, -1
125, 1, 0
125, 1, 0
125, 1, 0
127, 2, -1
123, 1, 0
125, 1, 0
125, 1, 0
125, 2, 0
125, 1, -1
125, 1, 0
125, 1, 0
125, 1, 0
125, 2, 0
126, 1, -1
124, 1, 0
125, 1, 0
125, 2, 0
127, 1, -1
125, 1, 0
124, 1, 0
125, 2, 0
126, 1, 0
246, 2, -1
127, 1, 0
125, 1, 0
125, 1, 0
126, 2, -1
125, 1, 0
124, 1, 0
126, 1, 0
125, 2, -1
247, 1, 0
127, 2, 0
125, 1, 0
127, 1, 0
124, 1, -1
125, 1, 0
125, 1, 0
126, 2, 0
124, 1, 0
125, 1, -1
125, 1, 0
125, 1, 0
125, 1, 0
125, 1, -1
125, 1, 0
125, 1, 0
125, 1, 0
125, 1, 0
125, 2, -1
125, 1, 0
125, 1, 0
125, 1, 0
125, 1, 0
125, 1, -1
125, 1, 0
125, 1, 0
125, 1, 0
125, 1, 0
125, 1, -1
125, 2, 0
247, 2, 0
402, 1, 0
226, 1, -1
124, 3, 0
125, 2, -1
125, 1, 0
124, 1, 0
125, 1, 0
125, 1, 0
125, 1, -1
125, 1, 0
125, 1, 0
125, 1, 0
125, 1, 0
126, 1, -1
125, 1, 0
124, 1, 0
125, 1, 0
125, 1, 0
125, 1, 0
125, 1, -1
125, 1, 0
248, 1, 0
127, 1, 0
126, 1, 0
125, 1, -1
125, 1, 0
125, 1, 0
125, 1, 0
125, 1, 0
125, 1, -1
124, 1, 0
125, 1, 0
125, 1, 0
125, 1, 0
248, 1, -1
127, 1, 0
125, 1, 0
125, 1, 0
125, 1, 0
125, 1, -1
125, 1, 0
125, 1, 0
125, 1, 0
247, 1, -1
128, 1, 0
125, 1, 0
125, 1, 0
125, 1, 0
125, 1, 0
126, 0, -1
124, 1, 0
125, 1, 0
125, 1, 0
125, 1, 0
247, 1, -1
128, 1, 0
125, 1, 0
125, 1, 0
125, 1, 0
125, 0, -1
125, 1, 0
125, 1, 0
125, 1, 0
125, 1, 0
253, 1, -1
125, 1, 0
125, 1, 0
248, 1, 0
192, 1, 0
109, 1, -1
199, 1, 0
138, 1, 0
235, 1, 0
137, 1, -1
125, 1, 0
238, 1, 0
136, 1, 0
125, 1, 0
239, 1, -1
137, 1, 0
238, 1, 0
136, 1, 0
124, 0, -1
126, 1, 0
125, 1, 0
238, 1, 0
137, 1, 0
238, 1, -1
250, 1, 0
137, 1, 0
126, 1, 0
238, 1, 0
249, 1, -1
137, 1, 0
239, 1, 0
249, 1, 0
137, 1, -1
238, 1, 0
250, 1, 0
137, 1, 0
238, 1, -1
250, 1, 0
250, 1, 0
250, 1, 0
251, 1, -1
1001, 1, 0
259, 1, 0
125, 3, -1
125, 1, 0
238, 1, 0
251, 1, 0
249, 0, -1
137, 1, 0
238, 1, 0
432, 1, 0
194, 1, 0
136, 0, -1
241, 1, 0
247, 1, 0
376, 1, 0
249, 1, 0
137, 0, -1
238, 1, 0
501, 1, 0
250, 1, 0
250, 0, -1
127, 1, 0
498, 1, 0
426, 1, 0
374, 1, 0
78, 0, -1
536, 1, 0
507, 1, 0
495, 1, 0
498, 0, -1
93, 1, 0
834, 1, 0
618, 1, 0
670, 1, 0
125, 0, -1
998, 1, 0
1551, 1, 0
323, 0, -1
6811, 0, -1
2819, 0, -1
135, -1, 0
1293, -1, 0
868, 0, -1
324, -1, 0
927, -1, 0
325, 0, -1
249, -1, 0
875, -1, 0
544, 0, -1
207, -1, 0
500, -1, 0
434, 0, -1
190, -1, 0
625, -1, 0
531, -1, 0
221, 0, -1
248, -1, 0
502, -1, 0
1095, -1, 0
163, 0, -1
125, -1, 0
124, -1, 0
364, -1, 0
522, -1, 0
117, 0, -1
242, -1, 0
534, -1, 0
337, -1, 0
250, 0, -1
126, -1, 0
499, -1, 0
407, -1, 0
341, -1, 0
250, 0, -1
128, -1, 0
372, -1, 0
410, -1, 0
215, -1, 0
376, -1, 0
412, -1, 0
89, 0, -1
248, -1, 0
407, -1, 0
343, -1, 0
250, -1, 0
407, -1, -1
220, -1, 0
419, -1, 0
204, -1, 0
433, -1, 0
319, -1, 0
249, -1, -1
249, -1, 0
404, -1, 0
220, -1, 0
253, -1, 0
406, -1, 0
217, -1, 0
249, -1, 0
251, -1, -1
249, -1, 0
251, -1, 0
250, -1, 0
249, -1, 0
251, -1, 0
405, -1, 0
221, -1, 0
127, -1, 0
247, -1, 0
250, -1, 0
250, -1, 0
250, -1, 0
251, -1, 0
248, -1, 0
296, -1, 0
175, -1, 0
156, -1, 0
248, -1, -1
250, -1, 0
250, -1, 0
128, -1, 0
247, -1, 0
250, -1, 0
128, -1, 0
247, -1, 0
128, -1, 0
247, -1, 0
250, -1, 0
128, -1, 0
248, -1, 0
251, -1, 0
126, -1, 0
247, -1, 0
128, -1, 0
247, -1, 0
128, -1, 0
125, -1, 0
247, -1, 0
250, -1, 0
128, -1, 0
125, -1, 0
247, -1, 0
128, -1, 0
247, -1, 0
128, -1, 0
283, -1, 0
101, -1, 0
156, -1, 0
207, -1, 0
138, -1, 0
123, -1, 0
239, -1, 0
137, -1, 0
238, -1, 0
136, -1, 1
125, -1, 0
239, -1, 0
136, -1, 0
125, -1, 0
126, -1, 0
125, -1, 0
238, -1, 0
137, -1, 0
124, -1, 0
238, -1, 0
137, -1, 0
125, -1, 0
125, -1, 0
239, -1, 0
136, -1, 1
125, -1, 0
125, -1, 0
125, -1, 0
126, -1, 0
238, -1, 0
136, -1, 0
125, -1, 0
125, -1, 0
125, -1, 0
239, -2, 1
250, -1, 0
136, -1, 0
125, -1, 0
125, -1, 0
125, -1, 0
125, -1, 0
238, -2, 0
137, 0, 1
125, -1, 0
125, -1, 0
125, -1, 0
125, -1, 0
126, -1, 0
124, -1, 0
238, -2, 0
250, -1, 1
137, -1, 0
125, -2, 0
239, -1, 0
136, -1, 0
125, -1, 0
125, -1, 0
125, -1, 0
125, -1, 0
125, -1, 1
126, -1, 0
124, -1, 0
126, -1, 0
124, -1, 0
125, -1, 0
125, -1, 0
125, -1, 0
125, -1, 1
125, -1, 0
794, -1, 0
216, -1, 0
115, -7, 1
125, -1, 0
125, -1, 0
125, -1, 1
126, -1, 0
123, -1, 0
125, -1, 0
127, -1, 0
125, -1, 0
124, -1, 1
127, -1, 0
174, -1, 0
76, -2, 0
237, -2, 0
128, 0, 1
127, -2, 0
122, -1, 0
125, -1, 0
125, -1, 0
135, -1, 0
123, -1, 0
122, -1, 1
126, -1, 0
124, -1, 0
123, -2, 0
247, -2, 1
140, -1, 0
115, -1, 0
124, -1, 0
190, -1, 0
61, -1, 1
125, -2, 0
245, -1, 0
128, -2, 0
131, -1, 0
120, -1, 1
125, -1, 0
125, -1, 0
125, -1, 0
125, -2, 0
126, -1, 1
124, -1, 0
127, -1, 0
127, -1, 0
128, -1, 0
121, -1, 1
122, -2, 0
248, -2, 0
127, -1, 0
126, -1, 1
127, -1, 0
122, -2, 0
125, -1, 0
125, -1, 0
125, -1, 1
125, -1, 0
125, -2, 0
248, -2, 1
127, -1, 0
125, -1, 0
126, -1, 0
124, -2, 0
128, -1, 1
121, -1, 0
126, -1, 0
125, -1, 0
126, -2, 1
124, -1, 0
126, -1, 0
124, -1, 0
125, -2, 1
125, -1, 0
125, -1, 0
125, -1, 0
126, -1, 0
124, -2, 1
125, -1, 0
125, -1, 0
125, -1, 0
125, -2, 1
125, -1, 0
125, -1, 0
125, -1, 0
125, -2, 1
125, -1, 0
125, -1, 0
126, -1, 0
124, -1, 1
125, -2, 0
124, -1, 0
125, -1, 1
126, -1, 0
124, -2, 0
125, -1, 0
126, -2, 0
125, -1, 1
125, -1, 0
124, -1, 0
125, -1, 1
126, -2, 0
124, -1, 0
125, -1, 0
125, -1, 1
125, -2, 0
125, -1, 0
125, -1, 1
125, -2, 0
125, -1, 0
126, -1, 0
124, -1, 0
125, -2, 1
125, -1, 0
125, -1, 0
125, -2, 1
130, -1, 0
121, -1, 0
125, -2, 0
125, -1, 1
126, -1, 0
122, -1, 0
125, -1, 0
266, -2, 1
238, -1, 0
175, -4, 1
71, -1, 0
124, -2, 0
125, -1, 1
144, -1, 0
108, -2, 0
125, -1, 1
124, -1, 0
126, -1, 0
125, -2, 1
124, -1, 0
126, -1, 0
124, -2, 0
125, -1, 1
126, -1, 0
124, -1, 0
126, -2, 0
124, -1, 1
125, -2, 0
125, -1, 0
126, -1, 1
124, -1, 0
125, -2, 0
125, -1, 0
126, -2, 1
125, -1, 0
125, -1, 0
124, -2, 1
126, -1, 0
124, -1, 0
125, -1, 0
125, -2, 1
126, -1, 0
125, -1, 0
124, -2, 1
125, -1, 0
126, -1, 0
124, -1, 0
126, -2, 1
124, -1, 0
125, -2, 0
126, -1, 1
124, -2, 0
126, -1, 0
124, -1, 0
125, -1, 1
125, -2, 0
126, -1, 0
124, -2, 1
125, -1, 0
125, -1, 0
126, -2, 1
124, -1, 0
126, -1, 0
125, -1, 1
124, -2, 0
125, -1, 0
125, -2, 1
189, -1, 0
69, -1, 0
140, -1, 0
147, -2, 1
88, -1, 0
126, -1, 0
124, -2, 1
164, -1, 0
89, -2, 0
125, -1, 0
126, -1, 1
152, -2, 0
98, -1, 0
123, -1, 1
149, -2, 0
99, -1, 0
126, -1, 0
126, -2, 1
124, -1, 0
128, -2, 1
125, -1, 0
131, -1, 0
117, -1, 0
122, -2, 1
125, -1, 0
125, -1, 0
125, -2, 1
125, -1, 0
125, -2, 0
125, -1, 1
125, -2, 0
125, -1, 0
125, -1, 1
126, -1, 0
125, -2, 0
124, -1, 0
125, -1, 1
126, -2, 0
125, -1, 0
124, -2, 1
126, -1, 0
124, -1, 0
125, -1, 1
125, -2, 0
125, -1, 0
125, -2, 0
127, -1, 1
123, -1, 0
126, -2, 0
124, -1, 1
126, -1, 0
124, -2, 0
125, -1, 1
125, -1, 0
126, -2, 0
124, -1, 0
126, -2, 1
124, -1, 0
126, -1, 0
124, -2, 1
125, -1, 0
126, -1, 0
125, -1, 0
125, -2, 1
124, -1, 0
126, -2, 0
125, -1, 1
124, -1, 0
125, -2, 0
125, -1, 1
125, -1, 0
1223, -1, 0
278, -2, 0
125, -15, 4
124, -1, 0
126, -1, 0
125, -1, 1
125, -2, 0
124, -1, 0
125, -1, 0
125, -2, 1
125, -1, 0
125, -1, 0
125, -1, 1
125, -2, 0
125, -1, 0
125, -1, 0
125, -2, 1
125, -1, 0
129, -1, 0
121, -2, 0
125, -1, 1
117, -1, 0
133, -1, 0
125, -1, 0
116, -2, 1
126, -1, 0
125, -2, 0
125, -1, 0
129, -1, 1
122, -1, 0
125, -2, 0
125, -1, 0
124, -1, 1
125, -1, 0
124, -2, 0
125, -1, 0
126, -1, 1
125, -2, 0
125, -1, 0
125, -1, 1
124, -1, 0
125, -2, 0
125, -1, 0
125, -1, 0
125, -1, 0
126, -1, 1
125, -2, 0
125, -1, 0
125, -1, 0
125, -1, 0
125, -2, 1
124, -1, 0
125, -1, 0
126, -1, 1
125, -1, 0
124, -2, 0
125, -1, 0
125, -1, 0
126, -1, 1
125, -2, 0
124, -1, 0
125, -1, 0
125, -1, 0
128, -2, 1
125, -1, 0
126, -1, 0
121, -1, 0
126, -1, 0
125, -1, 1
125, -1, 0
125, -2, 0
125, -1, 0
126, -1, 1
124, -1, 0
125, -1, 0
125, -1, 0
129, -2, 0
122, -1, 1
124, -1, 0
125, -1, 0
125, -1, 0
125, -1, 1
124, -1, 0
125, -2, 0
125, -1, 0
125, -1, 0
126, -1, 1
125, -1, 0
124, -1, 0
126, -1, 0
125, -1, 0
125, -1, 1
124, -1, 0
125, -1, 0
126, -2, 0
247, -2, 0
128, -1, 1
127, -1, 0
136, -1, 0
112, -1, 0
125, -1, 0
125, -1, 0
125, -1, 1
147, -1, 0
102, -1, 0
126, -1, 0
124, -1, 0
126, -1, 1
125, -1, 0
125, -1, 0
125, -1, 0
125, -2, 0
247, -2, 0
250, -2, 1
250, -2, 0
269, -1, 0
109, -1, 0
124, -1, 0
326, -2, 1
179, -1, 0
120, -2, 0
125, -1, 0
125, -1, 0
125, -1, 1
125, -1, 0
125, -1, 0
125, -1, 0
125, -1, 0
247, -2, 0
250, -1, 1
128, -1, 0
125, -1, 0
125, -1, 0
125, -1, 0
125, -1, 0
125, -1, 0
125, -1, 0
247, -1, 1
128, -1, 0
125, -1, 0
125, -1, 0
124, -1, 0
248, -1, 0
128, -1, 0
125, -1, 0
125, -1, 0
247, -1, 1
128, -1, 0
125, -1, 0
125, -1, 0
125, -1, 0
247, -1, 0
128, -1, 0
247, -1, 0
128, -1, 0
125, -1, 0
247, -1, 1
128, -1, 0
125, -1, 0
247, -1, 0
130, -1, 0
248, -1, 0
126, -1, 0
247, -1, 0
127, -1, 0
269, -1, 0
106, -1, 0
247, -1, 0
277, -1, 0
110, -1, 0
238, -1, 0
136, -1, 0
239, -1, 1
250, -1, 0
250, -1, 0
251, -1, 0
249, -1, 0
251, -1, 0
136, -1, 0
364, -1, 0
250, -1, 0
250, -1, 0
249, -1, 0
375, -1, 0
136, -1, 0
399, -1, 0
340, -1, 0
406, -1, 0
220, -1, 0
502, -1, 0
408, -1, 0
507, -1, 0
493, -1, 0
505, -1, 0
96, 0, -1
396, -1, 0
1148, -1, 0
452, -1, 0
694, 0, -1
550, -1, 0
7690, 0, -1
1235, 1, 0
1075, 1, 0
922, 1, 0
578, 1, 0
767, 1, -1
524, 1, 0
516, 1, 0
391, 1, 0
377, 1, 0
332, 1, 0
217, 0, -1
130, 1, 0
370, 1, 0
249, 1, 0
404, 1, 0
221, 1, 0
404, 1, 0
99, 0, -1
125, 1, 0
247, 1, 0
250, 1, 0
250, 1, 0
250, 1, 0
250, 1, 0
250, 1, -1
250, 1, 0
250, 1, 0
128, 1, 0
247, 1, 0
250, 1, 0
252, 1, -1
126, 1, 0
125, 1, 0
247, 1, 0
250, 1, 0
128, 1, 0
125, 0, -1
125, 1, 0
125, 1, 0
125, 1, 0
247, 1, 0
128, 1, 0
125, 1, 0
247, 1, -1
250, 1, 0
258, 1, 0
255, 1, 0
124, 2, 0
124, 1, -1
125, 1, 0
239, 1, 0
136, 1, 0
126, 1, 0
124, 1, -1
239, 2, 0
250, 1, 0
136, 1, 0
125, 1, 0
125, 1, 0
126, 0, -1
125, 2, 0
238, 1, 0
136, 1, 0
125, 1, 0
125, 1, -1
125, 1, 0
126, 1, 0
124, 1, 0
125, 1, 0
125, 1, 0
125, 1, -1
239, 2, 0
137, 1, 0
125, 1, 0
124, 1, 0
125, 1, -1
125, 1, 0
126, 1, 0
125, 1, 0
124, 1, 0
126, 1, -1
124, 1, 0
125, 1, 0
126, 1, 0
126, 1, 0
123, 1, 0
126, 1, -1
124, 1, 0
125, 1, 0
126, 1, 0
125, 2, 0
238, 1, -1
137, 2, 0
124, 1, 0
126, 1, 0
125, 1, 0
124, 1, -1
125, 1, 0
126, 2, 0
124, 1, 0
126, 1, 0
124, 1, 0
126, 2, -1
124, 1, 0
125, 1, 0
125, 1, 0
125, 1, 0
125, 1, -1
1032, 2, 0
222, 1, 0
121, 11, -2
125, 1, 0
125, 2, 0
125, 1, 0
125, 1, -1
125, 2, 0
125, 1, 0
125, 1, 0
125, 1, 0
137, 2, -1
113, 1, 0
125, 2, 0
125, 1, 0
125, 1, -1
125, 1, 0
125, 2, 0
125, 1, 0
127, 2, -1
125, 1, 0
124, 1, 0
125, 2, 0
118, 1, 0
175, 2, -1
73, 1, 0
124, 2, 0
126, 1, 0
125, 2, -1
124, 1, 0
125, 1, 0
125, 2, 0
126, 1, 0
124, 1, -1
126, 2, 0
124, 1, 0
125, 2, 0
125, 2, 0
125, 1, -1
125, 1, 0
125, 2, 0
125, 1, 0
125, 2, -1
125, 1, 0
125, 2, 0
132, 1, 0
118, 2, 0
127, 1, -1
123, 2, 0
125, 1, 0
125, 2, 0
125, 1, 0
125, 2, -1
127, 1, 0
128, 2, 0
122, 1, 0
126, 1, -1
124, 2, 0
125, 2, 0
125, 1, 0
124, 2, 0
124, 2, -1
126, 1, 0
125, 2, 0
125, 1, 0
126, 2, 0
126, 1, -1
123, 1, 0
125, 2, 0
125, 2, 0
125, 2, -1
125, 1, 0
125, 2, 0
125, 1, 0
126, 2, -1
124, 2, 0
125, 2, 0
125, 1, 0
125, 1, 0
125, 2, -1
125, 2, 0
125, 2, 0
125, 1, 0
125, 2, -1
125, 1, 0
125, 2, 0
125, 2, 0
125, 2, -1
125, 1, 0
125, 1, 0
125, 2, 0
125, 2, 0
125, 2, -1
125, 1, 0
125, 2, 0
125, 2, 0
125, 2, -1
125, 1, 0
125, 2, 0
125, 2, 0
125, 1, 0
125, 2, -1
125, 1, 0
125, 3, 0
125, 1, 0
125, 2, 0
125, 1, -1
125, 2, 0
125, 2, 0
125, 2, -1
125, 1, 0
125, 2, 0
125, 2, 0
125, 1, 0
125, 3, -1
128, 1, 0
122, 2, 0
125, 2, 0
125, 2, -1
125, 1, 0
125, 2, 0
125, 2, 0
125, 2, -1
125, 1, 0
125, 2, 0
374, 2, 0
279, 1, 0
96, 8, -2
125, 2, 0
125, 1, 0
125, 3, 0
125, 1, -1
125, 2, 0
125, 2, 0
125, 1, 0
125, 2, -1
125, 2, 0
125, 2, 0
125, 2, 0
125, 2, -1
125, 1, 0
125, 3, 0
125, 1, 0
125, 2, -1
125, 2, 0
125, 1, 0
125, 2, 0
125, 2, 0
125, 2, -1
125, 2, 0
125, 2, 0
125, 1, -1
125, 3, 0
125, 1, 0
146, 2, 0
104, 2, -1
125, 1, 0
125, 3, 0
125, 1, 0
125, 2, -1
125, 2, 0
125, 2, 0
125, 2, 0
125, 2, -1
125, 1, 0
125, 2, 0
125, 2, 0
125, 2, -1
125, 2, 0
125, 1, 0
125, 3, 0
221, 1, -1
30, 3, 0
125, 1, 0
182, 2, 0
86, 2, -1
223, 1, 0
428, 3, 0
9, 5, -1
183, 2, 0
340, 2, 0
57, 6, -1
124, 1, 0
160, 2, 0
128, 2, -1
90, 2, 0
173, 2, 0
121, 1, -1
160, 3, 0
122, 1, 0
109, 3, 0
121, 1, -1
121, 2, 0
146, 2, 0
147, 2, 0
123, 2, 0
96, 1, -1
96, 3, 0
139, 1, 0
134, 3, -1
148, 1, 0
110, 2, 0
137, 2, 0
110, 2, -1
121, 2, 0
133, 2, 0
139, 2, 0
125, 1, -1
112, 3, 0
121, 1, 0
109, 2, 0
133, 2, -1
153, 2, 0
99, 2, 0
166, 2, 0
97, 2, -1
96, 2, 0
132, 2, 0
130, 1, 0
122, 2, -1
121, 2, 0
145, 2, 0
121, 2, 0
122, 2, -1
120, 2, 0
121, 2, 0
120, 1, -1
125, 3, 0
133, 1, 0
132, 2, 0
109, 2, -1
145, 2, 0
121, 2, 0
121, 2, 0
120, 2, -1
121, 2, 0
133, 2, 0
122, 1, 0
120, 3, -1
146, 1, 0
121, 2, 0
120, 2, 0
134, 2, -1
123, 2, 0
145, 2, 0
121, 2, -1
152, 1, 0
71, 3, 0
67, 1, 0
182, 3, -1
124, 1, 0
121, 2, 0
133, 2, 0
121, 1, -1
152, 3, 0
123, 1, 0
108, 2, 0
146, 2, -1
120, 2, 0
113, 2, 0
199, 2, 0
262, 2, -1
130, 5, 0
125, 2, -1
127, 2, 0
123, 2, 0
133, 1, 0
117, 3, -1
118, 1, 0
135, 3, 0
100, 1, 0
120, 2, -1
124, 2, 0
115, 1, 0
400, 3, -1
224, 1, 0
141, 8, -1
132, 2, 0
115, 2, 0
125, 2, -1
116, 1, 0
133, 2, 0
135, 2, -1
125, 2, 0
115, 2, 0
127, 1, 0
121, 3, 0
135, 1, -1
103, 2, 0
125, 2, 0
126, 2, -1
124, 2, 0
125, 1, 0
125, 2, 0
125, 2, 0
125, 2, -1
125, 1, 0
147, 3, 0
103, 1, 0
125, 2, -1
126, 2, 0
124, 2, 0
126, 1, 0
126, 2, -1
124, 2, 0
125, 2, 0
125, 2, 0
125, 1, 0
125, 2, -1
124, 2, 0
125, 2, 0
125, 1, 0
126, 3, -1
124, 1, 0
126, 2, 0
125, 2, 0
124, 1, -1
125, 2, 0
125, 2, 0
125, 2, 0
125, 1, -1
125, 2, 0
125, 2, 0
125, 2, 0
125, 1, 0
125, 2, -1
125, 2, 0
125, 1, 0
125, 2, 0
126, 2, -1
124, 2, 0
125, 1, 0
125, 2, 0
125, 2, 0
125, 2, -1
125, 1, 0
125, 2, 0
125, 1, 0
125, 2, -1
126, 2, 0
124, 1, 0
125, 3, 0
125, 1, -1
125, 2, 0
125, 1, 0
125, 2, 0
125, 2, -1
125, 2, 0
125, 1, 0
125, 1, 0
125, 2, -1
125, 2, 0
125, 2, 0
125, 1, 0
125, 2, -1
125, 2, 0
125, 2, 0
125, 1, 0
125, 2, 0
125, 1, 0
125, 2, -1
125, 1, 0
125, 2, 0
125, 2, 0
125, 1, -1
125, 2, 0
126, 1, 0
124, 2, 0
129, 2, 0
125, 1, -1
123, 2, 0
124, 2, 0
125, 1, -1
126, 1, 0
124, 2, 0
125, 2, 0
125, 1, 0
125, 2, 0
125, 2, -1
125, 1, 0
310, 2, 0
192, 1, 0
122, 4, -1
125, 2, 0
125, 2, 0
124, 1, -1
125, 2, 0
125, 2, 0
126, 1, 0
124, 2, -1
125, 1, 0
125, 1, 0
126, 2, 0
124, 1, 0
126, 2, -1
124, 1, 0
125, 2, 0
126, 1, 0
124, 2, 0
126, 1, -1
125, 2, 0
124, 1, 0
125, 1, 0
126, 2, -1
124, 1, 0
125, 2, 0
126, 1, 0
125, 1, 0
124, 2, -1
126, 1, 0
125, 1, 0
125, 2, 0
125, 1, -1
124, 2, 0
125, 1, 0
126, 2, 0
124, 1, 0
125, 1, 0
125, 2, -1
125, 1, 0
125, 1, 0
125, 1, 0
126, 2, 0
124, 1, -1
126, 2, 0
124, 1, 0
125, 1, 0
125, 2, 0
126, 1, -1
124, 1, 0
126, 1, 0
124, 2, 0
125, 1, 0
128, 1, -1
123, 1, 0
124, 2, 0
180, 1, 0
76, 2, -1
150, 1, 0
128, 1, 0
97, 1, 0
125, 1, 0
125, 2, 0
122, 1, -1
126, 1, 0
126, 1, 0
126, 1, 0
122, 1, -1
125, 2, 0
125, 1, 0
128, 1, 0
125, 1, 0
124, 1, -1
124, 1, 0
124, 1, 0
151, 2, 0
221, 2, 0
129, 1, -1
126, 1, 0
124, 1, 0
125, 1, 0
125, 1, 0
125, 2, -1
125, 1, 0
245, 2, 0
130, 1, 0
125, 1, 0
125, 1, -1
125, 1, 0
126, 1, 0
123, 1, 0
125, 1, 0
125, 1, 0
126, 1, -1
125, 1, 0
125, 1, 0
125, 1, 0
146, 1, 0
103, 1, 0
125, 1, -1
125, 1, 0
126, 1, 0
124, 1, 0
125, 1, 0
125, 1, 0
167, 0, -1
85, 2, 0
243, 1, 0
128, 1, 0
124, 1, 0
126, 1, -1
124, 1, 0
125, 1, 0
125, 1, 0
248, 1, 0
127, 1, 0
125, 1, -1
125, 1, 0
247, 1, 0
128, 1, 0
125, 1, 0
125, 1, 0
125, 1, -1
248, 1, 0
128, 1, 0
345, 1, 0
33, 1, 0
122, 1, 0
248, 1, -1
126, 1, 0
126, 1, 0
247, 1, 0
126, 1, 0
246, 1, 0
128, 1, -1
248, 1, 0
127, 1, 0
247, 1, 0
129, 1, 0
246, 1, 0
128, 0, -1
128, 1, 0
244, 1, 0
250, 1, 0
130, 1, 0
246, 1, 0
250, 1, 0
127, 0, -1
125, 1, 0
248, 1, 0
250, 1, 0
250, 1, 0
250, 1, 0
406, 1, -1
394, 1, 0
392, 1, 0
182, 1, 0
376, 1, 0
404, 1, 0
399, 1, -1
477, 1, 0
470, 1, 0
625, 1, 0
683, 1, 0
943, 1, 0
528, 0, -1
11878, -1, 0
469, 0, -1
657, -1, 0
1001, -1, 0
624, 0, -1
217, -1, 0
627, -1, 0
628, 0, -1
134, -1, 0
490, -1, 0
498, -1, 0
126, 0, -1
372, -1, 0
625, -1, 0
380, -1, -1
370, -1, 0
375, -1, 0
375, 0, -1
128, -1, 0
372, -1, 0
375, -1, 0
375, -1, 0
134, 0, -1
123, -1, 0
373, -1, 0
311, -1, 0
188, 0, -1
125, -1, 0
372, -1, 0
250, -1, 0
249, -1, 0
250, -1, 0
250, 0, -1
127, -1, 0
250, -1, 0
253, -1, 0
380, -1, 0
124, -1, 0
128, 0, -1
123, -1, 0
246, -1, 0
379, -1, 0
120, -1, 0
248, -1, 0
254, -1, -1
247, -1, 0
246, -1, 0
128, -1, 0
250, -1, 0
254, -1, 0
250, -1, 0
247, -1, -1
128, -1, 0
245, -1, 0
126, -1, 0
262, -1, 0
240, -1, 0
153, -1, 0
222, -1, 0
131, -1, 0
246, -1, 0
128, -1, -1
249, -1, 0
125, -1, 0
243, -1, 0
252, -1, 0
135, -1, 0
123, -1, 0
244, -1, 0
132, -1, 0
246, -1, -1
125, -1, 0
125, -1, 0
245, -1, 0
130, -1, 0
125, -1, 0
244, -1, 0
135, -1, 0
120, -1, 0
244, -1, 0
132, -1, 0
242, -1, 0
134, -1, 0
122, -1, 0
124, -1, 0
248, -1, 0
130, -1, 0
124, -1, 0
246, -1, -1
130, -1, 0
124, -1, 0
126, -1, 0
126, -1, 0
249, -1, 0
123, -1, 0
123, -1, 0
129, -1, 0
121, -1, 0
124, -1, 0
251, -1, 0
125, -1, 0
127, -1, 0
124, -1, 0
126, -1, 0
124, -1, 0
248, -1, 0
127, -1, 0
124, -1, 0
123, -1, 0
127, -1, 0
127, -1, 0
122, -1, 0
125, -1, 0
125, -1, 0
247, -2, 0
348, -2, 0
169, -2, 0
239, -1, 0
123, -1, 0
127, -1, 0
126, -1, 0
124, -1, 0
124, -1, 0
128, -1, 0
123, -1, 0
130, -1, 0
120, -1, 0
126, -1, 0
127, -1, 0
127, -1, 0
120, -1, 0
123, -1, 0
126, -1, 0
122, -1, 0
125, -1, 0
126, -2, 0
245, -2, 0
128, -1, 0
125, -1, 0
125, -1, 0
126, -1, 0
124, -1, 0
125, -1, 0
125, -1, 0
125, -1, 0
125, -1, 0
125, -1, 0
125, -2, 0
125, -1, 0
125, -1, 0
126, -1, 0
126, -1, 0
126, -1, 0
124, -1, 0
124, -1, 0
124, -1, 0
125, -2, 0
250, -2, 0
127, -1, 0
123, -1, 0
125, -1, 0
125, -1, 1
125, -2, 0
125, -1, 0
125, -1, 0
125, -1, 0
137, -1, 0
113, -2, 0
125, -1, 0
147, -1, 0
106, -1, 0
125, -1, 0
126, -2, 0
125, -1, 0
125, -1, 0
125, -1, 1
132, -1, 0
117, -2, 0
126, -1, 0
124, -1, 0
125, -1, 0
125, -2, 0
126, -1, 0
125, -2, 0
125, -1, 0
125, -1, 0
124, -1, 1
126, -1, 0
125, -2, 0
125, -1, 0
125, -1, 0
125, -2, 0
129, -1, 0
122, -1, 0
124, -2, 0
125, -1, 0
125, -1, 0
125, -1, 1
125, -1, 0
125, -2, 0
125, -1, 0
124, -2, 0
126, -1, 0
125, -2, 0
124, -1, 0
125, -1, 1
126, -1, 0
124, -1, 0
125, -2, 0
126, -1, 0
125, -2, 0
124, -1, 0
127, -2, 1
124, -1, 0
125, -2, 0
125, -1, 0
125, -1, 0
125, -1, 0
125, -2, 1
135, -1, 0
112, -2, 0
124, -1, 0
125, -2, 0
125, -1, 0
125, -1, 0
125, -2, 0
126, -1, 1
124, -2, 0
125, -1, 0
125, -2, 0
128, -1, 0
122, -1, 1
125, -2, 0
127, -1, 0
126, -2, 0
124, -1, 0
125, -2, 0
123, -1, 1
126, -2, 0
126, -1, 0
124, -2, 0
127, -1, 0
123, -2, 1
124, -1, 0
251, -2, 0
251, -1, 0
123, -5, 1
125, -2, 0
126, -1, 0
125, -2, 0
124, -1, 0
125, -1, 1
125, -2, 0
125, -1, 0
126, -2, 0
124, -1, 0
125, -2, 1
125, -2, 0
126, -1, 0
124, -2, 0
125, -2, 1
125, -1, 0
125, -2, 0
125, -1, 0
125, -1, 0
126, -2, 1
125, -1, 0
124, -2, 0
125, -2, 0
125, -2, 1
133, -1, 0
119, -2, 0
124, -1, 0
125, -2, 0
125, -1, 1
124, -2, 0
126, -2, 0
124, -1, 0
126, -2, 1
124, -1, 0
125, -2, 0
125, -2, 0
126, -1, 1
125, -2, 0
124, -2, 0
125, -1, 0
125, -2, 0
125, -2, 1
126, -1, 0
124, -2, 0
125, -1, 0
126, -2, 1
124, -1, 0
126, -3, 0
124, -1, 1
125, -2, 0
125, -1, 0
126, -2, 0
125, -2, 1
124, -1, 0
126, -2, 0
124, -1, 0
125, -3, 1
125, -1, 0
126, -2, 0
124, -1, 0
125, -2, 1
126, -2, 0
124, -2, 0
126, -1, 1
124, -2, 0
125, -2, 0
150, -1, 0
104, -2, 1
124, -1, 0
125, -2, 0
132, -2, 1
119, -2, 0
124, -1, 0
124, -3, 1
125, -1, 0
127, -1, 0
123, -3, 0
126, -1, 1
125, -2, 0
126, -1, 0
132, -3, 1
121, -1, 0
126, -2, 0
125, -1, 0
125, -3, 1
124, -1, 0
165, -1, 0
85, -3, 1
126, -1, 0
126, -2, 0
121, -1, 1
124, -3, 0
125, -1, 0
125, -2, 1
125, -2, 0
124, -2, 0
124, -1, 1
126, -3, 0
125, -1, 1
126, -1, 0
123, -3, 0
125, -1, 0
126, -2, 1
150, -2, 0
169, -2, 1
61, -1, 0
121, -3, 0
124, -1, 1
124, -2, 0
126, -2, 0
126, -1, 1
124, -2, 0
125, -2, 1
125, -2, 0
126, -1, 0
125, -3, 1
174, -1, 0
76, -2, 0
122, -2, 1
125, -2, 0
125, -1, 0
125, -2, 1
125, -2, 0
125, -2, 0
125, -2, 1
126, -1, 0
125, -3, 1
127, -1, 0
123, -2, 0
308, -2, 1
193, -2, 0
123, -5, 1
124, -2, 1
126, -2, 0
125, -1, 0
125, -3, 1
125, -1, 0
125, -2, 1
125, -2, 0
125, -2, 0
125, -2, 1
125, -2, 0
127, -1, 1
123, -2, 0
125, -2, 0
125, -1, 1
125, -3, 0
125, -1, 1
125, -2, 0
125, -2, 0
125, -2, 1
125, -2, 0
125, -2, 1
125, -1, 0
125, -2, 0
125, -2, 1
127, -2, 0
124, -2, 1
123, -1, 0
125, -3, 1
126, -1, 0
124, -3, 0
125, -1, 1
125, -2, 0
126, -2, 1
124, -2, 0
126, -2, 1
124, -1, 0
126, -3, 1
124, -1, 0
125, -2, 1
125, -1, 0
125, -3, 0
125, -1, 1
125, -3, 0
125, -1, 1
127, -3, 0
123, -1, 0
126, -1, 1
124, -3, 0
125, -1, 1
125, -2, 0
158, -2, 1
101, -2, 0
119, -2, 0
124, -2, 1
125, -2, 0
125, -2, 1
125, -1, 0
125, -2, 1
124, -2, 0
125, -2, 1
126, -2, 0
124, -1, 1
126, -3, 0
124, -1, 1
127, -2, 0
122, -2, 0
125, -2, 1
125, -2, 0
125, -2, 1
125, -1, 0
125, -2, 1
125, -2, 0
125, -2, 1
125, -2, 0
125, -1, 1
125, -3, 0
125, -1, 1
126, -2, 0
124, -2, 0
125, -2, 1
125, -2, 0
125, -1, 1
125, -2, 0
125, -2, 1
125, -2, 0
125, -2, 1
125, -2, 0
125, -1, 1
125, -3, 0
125, -1, 1
125, -2, 0
125, -2, 1
125, -1, 0
125, -3, 1
125, -1, 0
125, -2, 1
125, -2, 0
125, -2, 0
125, -2, 1
125, -2, 1
125, -2, 0
125, -2, 0
125, -1, 1
125, -2, 0
126, -2, 1
124, -2, 0
125, -2, 1
128, -1, 0
122, -3, 1
125, -1, 0
125, -2, 1
125, -2, 0
125, -2, 0
125, -1, 1
125, -2, 0
125, -2, 1
125, -2, 0
125, -2, 1
125, -1, 0
125, -2, 1
124, -2, 0
126, -2, 1
125, -1, 0
125, -3, 0
167, -1, 1
86, -2, 0
125, -2, 1
142, -1, 0
712, -3, 0
275, -1, 1
124, -13, 3
126, -1, 1
125, -2, 0
124, -2, 0
125, -1, 1
125, -3, 0
126, -1, 1
121, -2, 0
127, -2, 1
123, -2, 0
125, -1, 1
126, -3, 0
124, -1, 0
125, -1, 1
125, -2, 0
126, -2, 1
125, -2, 0
125, -1, 1
124, -2, 0
125, -2, 0
125, -2, 1
130, -1, 0
121, -2, 1
124, -2, 0
126, -1, 1
125, -2, 0
125, -2, 1
124, -2, 0
125, -1, 0
125, -2, 1
125, -2, 0
125, -2, 1
126, -1, 0
125, -2, 1
125, -2, 0
124, -2, 0
125, -1, 1
125, -1, 0
125, -3, 0
122, -1, 1
146, -2, 0
105, -1, 1
124, -2, 0
125, -2, 1
125, -2, 0
125, -1, 0
125, -2, 1
125, -2, 0
125, -1, 0
125, -2, 1
124, -1, 0
126, -2, 1
124, -2, 0
126, -2, 1
124, -1, 0
126, -2, 1
124, -1, 0
125, -2, 0
125, -1, 1
126, -2, 0
124, -2, 0
126, -1, 1
124, -2, 0
125, -2, 0
126, -2, 1
124, -1, 0
126, -2, 1
125, -1, 0
127, -2, 0
122, -1, 1
125, -2, 0
125, -2, 1
126, -1, 0
125, -2, 0
131, -1, 1
120, -2, 0
123, -1, 0
156, -2, 1
95, -1, 0
125, -2, 1
125, -1, 0
125, -2, 1
125, -2, 0
125, -1, 0
125, -2, 1
125, -1, 0
125, -2, 0
125, -1, 1
125, -2, 0
125, -1, 0
125, -2, 1
125, -1, 0
126, -2, 1
124, -1, 0
126, -2, 0
124, -2, 1
125, -1, 0
126, -1, 0
126, -2, 1
124, -1, 0
125, -2, 0
126, -1, 1
124, -2, 0
125, -1, 1
125, -2, 0
125, -1, 0
126, -2, 0
124, -1, 1
125, -2, 0
125, -1, 0
125, -1, 1
125, -1, 0
125, -2, 1
125, -1, 0
125, -2, 0
125, -1, 1
125, -1, 0
125, -2, 0
125, -1, 0
125, -2, 1
125, -1, 0
125, -1, 0
125, -2, 1
125, -1, 0
125, -2, 0
125, -1, 1
255, -1, 0
247, -1, 0
122, -5, 1
125, -1, 0
125, -1, 1
125, -1, 0
125, -2, 1
125, -1, 0
125, -2, 0
125, -1, 0
125, -1, 1
125, -1, 0
125, -1, 0
125, -2, 1
125, -1, 0
125, -1, 0
125, -1, 0
125, -2, 1
125, -1, 0
125, -1, 0
125, -1, 1
125, -2, 0
125, -1, 0
125, -1, 0
125, -1, 1
125, -1, 0
128, -2, 0
122, -1, 0
125, -1, 1
125, -1, 0
125, -1, 0
125, -1, 0
125, -2, 1
125, -1, 0
125, -1, 0
125, -1, 0
125, -1, 1
125, -1, 0
125, -1, 0
125, -2, 0
247, -2, 1
128, -1, 0
193, -1, 0
63, -1, 0
157, -1, 1
92, -1, 0
124, -1, 0
127, -1, 0
123, -1, 0
125, -1, 1
125, -1, 0
131, -1, 0
121, -1, 0
123, -1, 0
124, -1, 0
126, -1, 1
125, -1, 0
125, -1, 0
124, -1, 0
125, -1, 1
126, -1, 0
124, -1, 0
126, -1, 0
125, -1, 0
125, -1, 1
124, -1, 0
126, -1, 0
125, -1, 0
243, -1, 0
131, -1, 1
126, -1, 0
124, -1, 0
126, -1, 0
126, -1, 0
125, -1, 0
244, -1, 1
130, -1, 0
125, -1, 0
244, -1, 0
131, -1, 0
125, -1, 0
125, -1, 1
125, -1, 0
125, -1, 0
244, -1, 0
131, -1, 0
244, -1, 1
131, -1, 0
133, -1, 0
237, -1, 0
127, -1, 0
125, -1, 0
248, -1, 1
249, -1, 0
128, -1, 0
247, -1, 0
251, -1, 0
126, -1, 0
126, -1, 1
247, -1, 0
250, -1, 0
250, -1, 0
128, -1, 0
247, -1, 0
250, -1, 0
250, -1, 0
131, 0, 1
122, -1, 0
247, -1, 0
250, -1, 0
250, -1, 0
389, -1, 0
237, -1, 0
248, -1, 0
410, -1, 0
396, -1, 0
194, -1, 0
375, -1, 0
532, -1, 1
343, -1, 0
535, -1, 0
512, -1, 0
616, -1, 0
622, -1, 0
751, -1, 0
1396, -1, 0
5492, 0, -1
8266, 1, 0
1612, 1, 0
1100, 1, 0
910, 1, 0
843, 1, 0
616, 1, 0
635, 1, 0
496, 1, 0
499, 1, 0
533, 1, 0
466, 1, 0
372, 1, 0
503, 1, 0
373, 1, 0
388, 1, 0
369, 1, 0
382, 1, 0
246, 1, 0
370, 1, 0
370, 1, 0
248, 1, 0
377, 1, 0
248, 1, 0
432, 1, 0
198, 1, 0
254, 1, 0
239, 1, 0
248, 1, 0
358, 1, 0
250, 1, -1
127, 1, 0
248, 1, 0
249, 1, 0
251, 1, 0
250, 1, 0
250, 1, 0
249, 1, 0
131, 0, -1
123, 1, 0
127, 1, 0
245, 1, 0
250, 1, 0
128, 1, 0
247, 1, 0
250, 1, 0
250, 1, 0
127, 1, -1
248, 1, 0
127, 1, 0
248, 1, 0
249, 1, 0
128, 1, 0
247, 1, -1
129, 1, 0
247, 1, 0
127, 1, 0
125, 1, 0
248, 1, 0
127, 1, 0
248, 1, 0
249, 1, 0
128, 1, -1
125, 1, 0
125, 1, 0
248, 1, 0
127, 1, 0
248, 1, 0
127, 1, 0
125, 1, 0
247, 1, -1
129, 1, 0
124, 1, 0
127, 1, 0
245, 1, 0
129, 1, 0
247, 2, 0
127, 0, -1
125, 1, 0
126, 1, 0
127, 1, 0
249, 1, 0
126, 1, 0
125, 1, 0
124, 1, 0
246, 1, 0
128, 1, -1
125, 1, 0
124, 1, 0
125, 1, 0
125, 1, 0
125, 1, 0
248, 1, -1
128, 1, 0
124, 1, 0
125, 1, 0
125, 1, 0
130, 1, 0
120, 1, 0
125, 1, 0
247, 1, -1
129, 1, 0
124, 1, 0
125, 1, 0
125, 1, 0
125, 1, 0
125, 1, 0
125, 1, 0
125, 1, -1
125, 1, 0
125, 1, 0
125, 1, 0
125, 1, 0
125, 1, 0
126, 1, 0
124, 1, -1
125, 1, 0
125, 1, 0
126, 1, 0
246, 2, 0
295, 2, 0
92, 1, 0
118, 1, -1
123, 1, 0
125, 1, 0
125, 1, 0
125, 1, 0
126, 1, 0
124, 1, 0
125, 1, 0
125, 1, -1
125, 1, 0
126, 1, 0
124, 1, 0
126, 1, 0
125, 1, 0
125, 1, 0
126, 2, -1
246, 2, 0
128, 1, 0
125, 1, 0
125, 1, 0
125, 1, 0
125, 1, -1
125, 1, 0
125, 1, 0
125, 1, 0
125, 2, 0
125, 1, 0
125, 1, 0
125, 1, -1
125, 1, 0
125, 1, 0
125, 1, 0
125, 1, 0
125, 1, 0
125, 2, 0
125, 1, -1
126, 1, 0
124, 1, 0
125, 2, 0
125, 1, 0
125, 1, 0
125, 1, -1
124, 1, 0
125, 1, 0
125, 1, 0
125, 2, 0
125, 1, 0
125, 1, 0
125, 1, -1
125, 2, 0
127, 1, 0
127, 1, 0
122, 1, 0
126, 2, 0
124, 1, -1
124, 1, 0
125, 1, 0
125, 1, 0
125, 2, 0
126, 1, 0
124, 1, -1
125, 1, 0
125, 2, 0
125, 1, 0
125, 2, 0
125, 1, -1
125, 1, 0
125, 1, 0
125, 1, 0
125, 2, 0
125, 1, 0
125, 1, -1
125, 1, 0
125, 2, 0
125, 1, 0
125, 2, 0
125, 1, 0
126, 1, -1
125, 2, 0
125, 1, 0
124, 1, 0
125, 1, 0
125, 2, -1
125, 1, 0
125, 2, 0
125, 1, 0
125, 1, 0
125, 2, 0
125, 1, -1
125, 1, 0
125, 2, 0
125, 1, 0
125, 1, 0
126, 2, -1
124, 1, 0
125, 2, 0
125, 1, 0
125, 2, 0
125, 1, -1
125, 1, 0
125, 2, 0
125, 1, 0
125, 1, 0
125, 2, -1
125, 1, 0
125, 1, 0
125, 2, 0
125, 1, 0
125, 2, -1
125, 1, 0
125, 2, 0
125, 1, 0
125, 2, -1
128, 1, 0
122, 1, 0
125, 2, 0
125, 1, 0
125, 2, -1
125, 1, 0
125, 2, 0
125, 1, 0
125, 2, 0
125, 1, -1
125, 2, 0
125, 1, 0
125, 2, 0
125, 1, 0
125, 1, -1
125, 2, 0
322, 1, 0
197, 2, 0
106, 5, -1
125, 1, 0
125, 2, 0
125, 1, -1
125, 2, 0
125, 1, 0
125, 2, 0
125, 1, -1
125, 2, 0
125, 1, 0
125, 2, 0
125, 1, 0
125, 2, -1
125, 1, 0
125, 2, 0
125, 2, 0
125, 1, 0
125, 2, -1
125, 1, 0
125, 2, 0
125, 1, -1
125, 2, 0
125, 1, 0
125, 2, 0
125, 2, 0
125, 1, -1
125, 2, 0
125, 1, 0
126, 2, 0
125, 1, -1
124, 2, 0
127, 1, 0
124, 3, 0
124, 1, -1
125, 2, 0
125, 1, 0
125, 2, 0
125, 1, -1
125, 2, 0
125, 1, 0
125, 2, 0
125, 2, -1
124, 1, 0
126, 2, 0
125, 1, 0
125, 2, -1
125, 2, 0
125, 1, 0
125, 2, 0
127, 2, -1
123, 1, 0
125, 1, 0
125, 2, 0
125, 2, -1
125, 2, 0
125, 1, 0
125, 2, 0
125, 1, -1
125, 2, 0
125, 2, 0
125, 2, 0
125, 1, -1
125, 1, 0
125, 2, 0
125, 2, 0
125, 2, -1
125, 1, 0
125, 2, 0
125, 1, 0
125, 2, -1
125, 2, 0
125, 2, 0
126, 1, 0
124, 1, -1
125, 3, 0
125, 1, 0
125, 2, -1
125, 1, 0
127, 2, 0
123, 2, 0
125, 2, -1
125, 1, 0
124, 2, 0
126, 1, 0
125, 2, -1
125, 2, 0
125, 1, 0
125, 2, 0
125, 2, -1
125, 2, 0
125, 1, 0
125, 2, -1
134, 1, 0
115, 2, 0
126, 2, -1
125, 2, 0
124, 1, 0
126, 2, 0
125, 2, -1
124, 1, 0
126, 2, 0
124, 1, 0
125, 2, -1
126, 2, 0
125, 2, 0
125, 1, -1
125, 2, 0
124, 2, 0
125, 1, 0
126, 2, -1
124, 1, 0
125, 2, 0
125, 2, 0
126, 2, -1
124, 1, 0
125, 2, 0
125, 2, -1
126, 2, 0
124, 1, 0
126, 1, 0
125, 2, -1
126, 2, 0
124, 2, 0
124, 1, -1
126, 2, 0
129, 2, 0
122, 2, -1
124, 1, 0
124, 2, 0
129, 1, 0
251, 2, -1
251, 2, 0
122, 5, -1
124, 2, 0
126, 1, 0
128, 2, -1
123, 1, 0
125, 2, 0
124, 2, -1
125, 1, 0
125, 2, 0
125, 2, -1
125, 1, 0
125, 2, 0
125, 2, 0
126, 1, -1
124, 3, 0
125, 1, 0
125, 2, -1
125, 1, 0
125, 2, 0
124, 2, 0
126, 1, -1
125, 2, 0
125, 1, 0
125, 2, 0
127, 2, -1
123, 2, 0
124, 1, 0
125, 2, -1
126, 1, 0
124, 2, 0
125, 2, 0
126, 1, -1
124, 2, 0
125, 2, 0
125, 1, -1
125, 2, 0
125, 2, 0
125, 1, -1
126, 2, 0
124, 1, 0
125, 2, 0
125, 2, -1
125, 1, 0
125, 2, 0
125, 1, 0
125, 2, -1
135, 2, 0
115, 2, -1
125, 1, 0
125, 2, 0
125, 1, 0
126, 2, -1
124, 2, 0
126, 2, 0
124, 1, -1
126, 1, 0
125, 2, 0
125, 1, -1
127, 2, 0
124, 2, 0
124, 2, 0
125, 1, -1
125, 2, 0
125, 1, 0
125, 2, -1
125, 2, 0
125, 1, 0
125, 2, 0
125, 1, -1
125, 2, 0
125, 1, 0
125, 2, -1
125, 2, 0
124, 1, 0
126, 2, -1
125, 2, 0
125, 1, 0
125, 1, 0
126, 2, -1
124, 1, 0
125, 2, 0
125, 2, -1
125, 2, 0
125, 1, 0
125, 2, -1
125, 1, 0
125, 2, 0
125, 1, -1
125, 1, 0
125, 2, 0
125, 1, 0
126, 2, -1
123, 1, 0
126, 2, 0
125, 2, 0
125, 2, -1
124, 1, 0
126, 2, 0
124, 1, -1
125, 2, 0
125, 1, 0
125, 1, 0
142, 2, -1
108, 1, 0
128, 2, 0
126, 1, -1
121, 2, 0
125, 1, 0
126, 2, -1
124, 1, 0
125, 2, 0
126, 2, -1
124, 1, 0
125, 2, 0
125, 1, 0
125, 2, -1
125, 1, 0
125, 2, 0
126, 1, -1
124, 2, 0
125, 1, 0
125, 2, -1
125, 1, 0
125, 1, 0
125, 2, 0
124, 1, -1
127, 2, 0
124, 1, 0
125, 2, -1
311, 1, 0
192, 2, 0
122, 4, -1
125, 1, 0
124, 2, -1
125, 1, 0
126, 2, 0
125, 1, 0
124, 1, -1
125, 1, 0
125, 2, 0
125, 1, -1
126, 2, 0
124, 1, 0
125, 1, 0
126, 2, -1
125, 1, 0
125, 2, 0
125, 1, 0
125, 2, -1
124, 1, 0
126, 1, 0
125, 2, -1
125, 1, 0
124, 1, 0
125, 2, 0
126, 1, -1
125, 1, 0
125, 2, 0
124, 1, 0
126, 2, -1
125, 1, 0
125, 1, 0
126, 1, -1
123, 2, 0
125, 1, 0
125, 2, -1
125, 1, 0
125, 1, 0
125, 1, 0
125, 2, -1
125, 1, 0
125, 1, 0
125, 2, -1
125, 1, 0
125, 1, 0
125, 1, 0
125, 2, -1
125, 1, 0
125, 1, 0
125, 1, 0
125, 1, -1
126, 2, 0
127, 1, 0
123, 2, -1
125, 1, 0
124, 1, 0
125, 1, 0
126, 1, -1
154, 1, 0
100, 1, 0
175, 2, -1
74, 1, 0
126, 1, 0
124, 1, 0
125, 2, -1
125, 1, 0
126, 1, 0
124, 1, 0
125, 2, -1
125, 1, 0
124, 1, 0
126, 1, -1
125, 1, 0
126, 1, 0
124, 1, 0
125, 2, -1
124, 1, 0
125, 1, 0
126, 1, 0
125, 1, 0
125, 1, -1
125, 1, 0
125, 1, 0
125, 1, 0
125, 2, -1
244, 2, 0
131, 1, 0
125, 1, -1
125, 1, 0
124, 1, 0
125, 1, 0
125, 1, 0
126, 1, -1
124, 1, 0
125, 1, 0
125, 1, 0
125, 2, -1
246, 1, 0
130, 1, 0
125, 1, -1
126, 1, 0
124, 2, 0
245, 1, 0
131, 1, -1
123, 1, 0
124, 1, 0
126, 1, 0
121, 1, -1
125, 1, 0
125, 1, 0
125, 1, 0
125, 1, 0
125, 1, 0
125, 0, -1
125, 2, 0
247, 1, 0
128, 1, 0
125, 1, -1
125, 1, 0
125, 1, 0
124, 1, 0
126, 1, -1
247, 1, 0
128, 1, 0
125, 1, 0
318, 1, -1
184, 1, 0
122, 2, 0
125, 1, 0
125, 1, -1
247, 1, 0
128, 1, 0
125, 1, 0
125, 1, -1
247, 1, 0
128, 1, 0
125, 1, 0
125, 0, -1
125, 1, 0
126, 1, 0
247, 1, 0
127, 1, 0
125, 1, 0
125, 0, -1
125, 1, 0
125, 1, 0
247, 1, 0
128, 1, 0
125, 0, -1
125, 1, 0
248, 1, 0
127, 1, 0
247, 1, -1
250, 1, 0
128, 1, 0
247, 1, 0
128, 1, 0
125, 0, -1
247, 1, 0
250, 1, 0
128, 1, 0
247, 1, -1
405, 1, 0
115, 1, 0
383, 1, 0
227, 1, -1
245, 1, 0
251, 1, 0
375, 1, 0
130, 0, -1
247, 1, 0
247, 1, 0
396, 1, 0
354, 1, 0
409, 0, -1
116, 1, 0
352, 1, 0
533, 1, 0
638, 1, -1
704, 1, 0
1016, 1, 0
7118, 0, -1
2868, -1, 0
1406, -1, 0
745, 0, -1
347, -1, 0
750, -1, 0
802, -1, 0
75, 0, -1
500, -1, 0
651, -1, 0
499, -1, -1
486, -1, 0
362, -1, 0
499, -1, 0
250, 0, -1
250, -1, 0
407, -1, 0
218, -1, 0
500, -1, 0
250, -1, -1
404, -1, 0
347, -1, 0
249, -1, 0
525, -1, 0
231, -1, -1
244, -1, 0
250, -1, 0
250, -1, 0
250, -1, 0
250, -1, 0
250, -1, 0
251, -1, 0
127, 0, -1
124, -1, 0
248, -1, 0
250, -1, 0
250, -1, 0
253, -1, 0
251, -1, 0
124, -1, 0
247, -1, 0
128, -1, 0
247, -1, 0
250, -1, 0
250, -1, 0
129, -1, 0
247, -1, 0
129, -1, -1
245, -1, 0
131, -1, 0
244, -1, 0
128, -1, 0
247, -1, 0
128, -1, 0
247, -1, 0
128, -1, 0
247, -1, 0
128, -1, 0
125, -1, 0
247, -1, 0
128, -1, 0
125, -1, 0
247, -1, 0
127, -1, 0
126, -1, 0
125, -1, 0
247, -1, 0
128, -1, 0
124, -1, 0
126, -1, 0
247, -1, 0
127, -1, 0
126, -1, 0
125, -1, 0
125, -1, 0
247, -1, 0
128, -1, 0
125, -1, 0
125, -1, 0
125, -1, 0
125, -1, 0
125, -1, 0
124, -1, 0
248, -1, 0
128, -1, 0
125, -1, 0
125, -1, 0
125, -1, 0
125, -1, 0
125, -1, 0
124, -1, 0
126, -1, 1
124, -1, 0
125, -1, 0
126, -1, 0
125, -1, 0
125, -1, 0
124, -1, 0
125, -1, 0
126, -1, 0
126, -1, 0
124, -1, 0
125, -1, 0
125, -1, 0
125, -1, 1
125, -1, 0
125, -1, 0
125, -1, 0
125, -1, 0
125, -1, 0
125, -1, 0
125, -1, 0
125, -1, 0
124, -1, 0
126, -2, 0
125, -1, 1
125, -1, 0
125, -1, 0
125, -1, 0
125, -1, 0
125, -2, 0
247, -1, 0
128, -2, 0
324, -1, 1
176, -1, 0
124, -3, 0
125, -2, 0
125, -1, 0
125, -1, 1
125, -1, 0
125, -1, 0
125, -2, 0
125, -1, 0
125, -1, 0
125, -1, 0
125, -2, 0
125, -1, 1
128, -1, 0
123, -1, 0
125, -2, 0
125, -1, 0
125, -2, 0
125, -1, 0
125, -1, 1
125, -1, 0
125, -1, 0
125, -2, 0
125, -1, 0
125, -2, 1
125, -1, 0
125, -1, 0
125, -1, 0
125, -2, 0
125, -1, 0
125, -1, 1
125, -2, 0
125, -1, 0
125, -2, 0
125, -1, 0
125, -1, 1
125, -1, 0
125, -2, 0
125, -1, 0
126, -2, 0
126, -1, 1
124, -1, 0
125, -2, 0
125, -1, 0
124, -2, 0
125, -1, 1
125, -2, 0
125, -1, 0
125, -2, 0
125, -1, 1
178, -2, 0
97, -1, 0
104, -1, 0
125, -2, 0
124, -1, 1
125, -2, 0
125, -1, 0
125, -2, 0
125, -1, 1
126, -2, 0
123, -1, 0
124, -2, 0
126, -1, 1
127, -2, 0
124, -1, 0
125, -2, 0
125, -2, 1
125, -1, 0
124, -2, 0
125, -1, 0
125, -2, 1
128, -1, 0
125, -2, 0
129, -1, 1
122, -2, 0
124, -2, 0
125, -1, 0
123, -2, 1
126, -1, 0
129, -2, 0
121, -1, 0
126, -2, 1
124, -1, 0
125, -2, 0
131, -2, 1
123, -2, 0
125, -1, 0
123, -1, 0
123, -2, 1
124, -2, 0
125, -2, 0
126, -1, 0
125, -2, 1
125, -1, 0
125, -2, 0
127, -2, 1
124, -2, 0
125, -1, 0
128, -2, 1
123, -1, 0
124, -2, 0
124, -2, 0
123, -1, 1
125, -2, 0
124, -2, 0
125, -2, 1
126, -1, 0
128, -2, 1
122, -2, 0
125, -2, 0
125, -1, 0
125, -2, 1
125, -2, 0
124, -1, 0
125, -2, 1
126, -2, 0
124, -2, 0
125, -1, 1
125, -3, 0
126, -1, 0
125, -2, 1
125, -2, 0
124, -1, 0
126, -2, 1
124, -2, 0
125, -2, 1
125, -1, 0
125, -3, 0
126, -1, 1
124, -2, 0
125, -2, 0
255, -2, 1
247, -1, 0
123, -6, 1
126, -2, 1
125, -1, 0
124, -3, 0
126, -1, 1
125, -2, 0
124, -2, 0
126, -2, 1
124, -2, 0
126, -2, 1
125, -2, 0
128, -1, 0
122, -2, 1
125, -2, 0
124, -2, 0
125, -2, 1
125, -2, 0
126, -2, 1
125, -2, 0
124, -2, 0
125, -2, 1
126, -2, 0
124, -1, 1
125, -2, 0
128, -2, 0
123, -2, 1
124, -2, 0
125, -2, 1
126, -2, 0
124, -2, 1
125, -2, 0
125, -2, 0
126, -2, 1
124, -2, 0
125, -1, 1
125, -2, 0
125, -2, 0
128, -2, 1
122, -2, 0
126, -2, 1
124, -2, 0
125, -2, 1
125, -2, 0
125, -2, 0
126, -2, 1
124, -2, 0
125, -2, 1
128, -2, 0
122, -2, 1
125, -2, 0
125, -1, 1
125, -3, 0
126, -2, 0
124, -2, 1
125, -2, 0
125, -2, 1
126, -2, 0
125, -1, 1
125, -3, 0
124, -1, 1
125, -3, 0
125, -2, 0
138, -2, 1
112, -2, 0
125, -2, 1
124, -2, 0
126, -2, 1
125, -2, 0
125, -2, 1
126, -2, 0
124, -2, 1
129, -2, 0
140, -2, 1
108, -2, 0
147, -2, 1
103, -3, 0
126, -1, 1
127, -3, 0
131, -1, 1
116, -3, 0
125, -2, 1
126, -1, 0
125, -3, 1
124, -1, 0
125, -3, 0
126, -2, 1
125, -2, 1
131, -2, 0
123, -2, 0
125, -2, 1
121, -3, 0
127, -1, 1
135, -2, 0
128, -3, 1
110, -1, 0
125, -3, 1
125, -1, 0
125, -3, 1
125, -2, 0
125, -2, 1
125, -2, 0
125, -3, 1
128, -1, 0
122, -2, 0
129, -2, 1
121, -2, 0
125, -3, 1
126, -1, 0
124, -3, 1
125, -2, 0
125, -2, 1
125, -2, 0
125, -2, 1
126, -2, 0
123, -2, 1
126, -2, 1
125, -2, 0
125, -3, 1
125, -1, 0
125, -3, 1
126, -2, 0
125, -2, 1
123, -2, 0
124, -2, 1
124, -2, 0
124, -2, 0
126, -3, 1
124, -1, 1
125, -3, 0
308, -1, 1
194, -3, 0
123, -6, 2
146, -3, 0
105, -1, 1
125, -2, 0
124, -3, 1
125, -1, 0
126, -3, 1
124, -2, 0
125, -2, 1
147, -2, 0
104, -2, 1
126, -2, 0
125, -3, 1
125, -1, 0
125, -2, 1
124, -3, 0
125, -1, 1
125, -3, 0
125, -2, 1
125, -2, 0
125, -2, 1
125, -3, 0
125, -1, 1
125, -3, 1
125, -2, 0
137, -2, 1
113, -2, 0
125, -2, 0
125, -2, 1
125, -2, 0
125, -3, 1
125, -1, 1
125, -3, 0
125, -2, 1
126, -2, 0
124, -2, 1
125, -2, 0
125, -2, 1
125, -2, 0
125, -2, 1
128, -2, 0
123, -3, 1
128, -1, 0
123, -3, 1
125, -2, 0
125, -2, 1
124, -2, 0
126, -2, 1
124, -2, 0
126, -2, 1
124, -3, 0
130, -1, 1
121, -3, 1
125, -1, 0
124, -3, 1
126, -2, 0
124, -2, 1
125, -2, 0
126, -2, 1
125, -2, 0
124, -2, 1
125, -2, 0
126, -2, 1
125, -3, 0
125, -1, 1
125, -3, 0
126, -1, 1
124, -3, 0
125, -1, 1
125, -3, 0
125, -2, 1
125, -2, 0
125, -2, 1
123, -2, 0
124, -2, 1
125, -2, 0
125, -2, 1
125, -2, 0
126, -3, 1
125, -1, 0
124, -2, 1
125, -2, 1
125, -3, 0
126, -1, 0
125, -2, 1
125, -2, 0
125, -2, 1
125, -3, 1
124, -1, 0
125, -3, 0
125, -1, 1
125, -3, 1
125, -2, 0
125, -2, 0
128, -2, 1
122, -1, 0
125, -3, 1
125, -1, 0
125, -3, 1
166, -1, 0
86, -3, 1
126, -1, 1
139, -3, 0
110, -2, 1
125, -2, 0
126, -2, 1
124, -2, 0
125, -2, 1
125, -1, 0
125, -3, 1
125, -1, 0
125, -3, 1
126, -1, 0
124, -3, 1
125, -1, 0
125, -3, 1
126, -1, 0
125, -3, 1
124, -1, 0
125, -2, 0
125, -2, 1
126, -1, 0
124, -3, 1
125, -1, 0
125, -3, 1
125, -1, 0
125, -3, 1
125, -1, 0
125, -2, 1
714, -2, 0
161, -2, 1
124, -11, 2
125, -2, 1
125, -2, 0
125, -2, 1
125, -2, 0
125, -2, 1
125, -1, 0
125, -2, 1
125, -2, 0
138, -2, 0
113, -2, 1
124, -1, 0
125, -3, 1
125, -1, 0
123, -2, 1
125, -2, 0
125, -2, 1
125, -1, 0
124, -2, 0
125, -2, 1
125, -2, 0
125, -2, 1
126, -1, 0
124, -2, 1
126, -2, 0
125, -2, 1
124, -2, 0
125, -2, 0
126, -1, 1
124, -2, 0
126, -2, 1
124, -1, 0
125, -2, 1
125, -2, 0
125, -2, 0
126, -1, 1
125, -2, 0
124, -2, 0
126, -2, 1
125, -1, 0
128, -2, 1
122, -2, 0
125, -1, 0
126, -2, 1
124, -2, 0
125, -2, 1
125, -1, 0
124, -2, 1
126, -1, 0
125, -2, 0
124, -2, 1
125, -2, 0
126, -1, 1
124, -1, 0
125, -2, 0
125, -2, 1
125, -1, 0
125, -2, 0
125, -2, 1
125, -1, 0
126, -2, 1
124, -2, 0
125, -1, 0
125, -2, 1
125, -2, 0
138, -1, 0
112, -1, 1
125, -2, 0
125, -1, 0
125, -2, 1
125, -2, 0
125, -2, 1
125, -1, 0
125, -2, 0
125, -1, 1
128, -2, 0
122, -1, 0
125, -1, 1
125, -2, 0
125, -1, 0
125, -2, 1
125, -1, 0
125, -2, 1
125, -2, 0
125, -1, 0
125, -2, 0
125, -1, 1
125, -2, 0
125, -1, 0
125, -2, 1
126, -1, 0
124, -1, 0
125, -2, 1
127, -1, 0
124, -1, 0
125, -2, 1
125, -1, 0
124, -2, 0
125, -1, 0
126, -1, 1
125, -2, 0
125, -1, 0
125, -2, 1
125, -1, 0
128, -2, 0
122, -1, 0
125, -1, 1
125, -2, 0
125, -1, 0
124, -1, 1
126, -2, 0
125, -1, 0
125, -1, 0
125, -2, 1
124, -1, 0
125, -1, 0
126, -1, 1
124, -2, 0
125, -1, 0
126, -2, 0
125, -1, 1
124, -1, 0
125, -1, 0
125, -1, 0
127, -2, 0
124, -1, 1
124, -1, 0
247, -1, 0
261, -2, 1
119, -3, 0
125, -2, 1
125, -1, 0
124, -1, 0
124, -1, 0
125, -1, 0
125, -2, 1
125, -1, 0
126, -1, 0
124, -1, 0
125, -1, 1
125, -1, 0
125, -2, 0
125, -1, 0
139, -1, 1
111, -1, 0
125, -1, 0
126, -1, 0
124, -1, 0
125, -1, 1
125, -1, 0
125, -2, 0
125, -1, 0
125, -1, 0
128, -1, 0
123, -1, 1
124, -1, 0
125, -1, 0
125, -1, 0
126, -1, 0
134, -1, 1
115, -1, 0
125, -1, 0
125, -1, 0
125, -1, 0
125, -1, 0
127, -1, 1
124, -1, 0
125, -1, 0
125, -1, 0
125, -1, 0
125, -1, 0
125, -1, 0
125, -1, 1
125, -1, 0
125, -1, 0
148, -1, 0
102, -1, 0
125, -1, 1
125, -1, 0
251, -1, 0
146, -1, 0
106, -1, 0
125, -1, 0
125, -1, 0
125, -1, 1
125, -1, 0
244, -1, 0
131, -1, 0
125, -1, 0
124, -1, 0
126, -1, 0
244, -1, 1
131, -1, 0
124, -1, 0
245, -1, 0
130, -1, 0
125, -1, 0
245, -1, 0
130, -1, 0
126, 0, 1
125, -1, 0
124, -1, 0
126, -1, 0
244, -1, 0
131, -1, 0
125, -1, 0
244, -1, 0
250, -1, 0
130, -1, 0
245, -1, 1
131, -1, 0
243, -1, 0
132, -1, 0
247, -1, 0
247, -1, 0
250, -1, 0
249, -1, 0
252, -1, 0
131, -1, 0
244, -1, 0
407, -1, 0
217, -1, 0
250, -1, 0
250, -1, 0
250, -1, 1
411, -1, 0
214, -1, 0
444, -1, 0
306, -1, 0
376, -1, 0
249, -1, 0
530, -1, 0
378, -1, 0
497, -1, 0
470, -1, 0
500, -1, 0
750, -1, -1
783, -1, 0
998, -1, 0
1391, -1, 0
328, 0, -1
11558, 0, -1
83, 1, 0
1405, 1, 0
878, 1, 0
717, 1, 0
746, 1, 0
625, 1, -1
513, 1, 0
621, 1, 0
371, 1, 0
375, 1, 0
657, 1, 0
218, 1, 0
379, 1, 0
267, 0, -1
111, 1, 0
498, 1, 0
249, 1, 0
376, 1, 0
250, 1, 0
373, 1, 0
251, 1, 0
126, 0, -1
249, 1, 0
248, 1, 0
250, 1, 0
376, 1, 0
250, 1, 0
252, 1, 0
254, 1, -1
246, 1, 0
248, 1, 0
249, 1, 0
250, 1, 0
251, 1, 0
250, 1, -1
128, 1, 0
246, 1, 0
251, 1, 0
249, 1, 0
134, 1, 0
412, 1, 0
211, 0, -1
120, 2, 0
124, 1, 0
247, 1, 0
128, 1, 0
246, 1, 0
252, 1, -1
126, 1, 0
125, 1, 0
248, 1, 0
127, 1, 0
253, 1, 0
128, 1, 0
241, 1, -1
128, 1, 0
247, 1, 0
128, 1, 0
125, 1, 0
249, 1, 0
127, 1, 0
125, 0, -1
124, 1, 0
126, 1, 0
124, 1, 0
125, 1, 0
248, 1, 0
127, 1, 0
126, 1, -1
246, 1, 0
128, 1, 0
125, 1, 0
125, 1, 0
126, 1, 0
246, 1, -1
128, 1, 0
126, 1, 0
125, 1, 0
246, 1, 0
128, 1, 0
126, 1, 0
125, 1, 0
125, 1, -1
124, 1, 0
125, 1, 0
247, 2, 0
251, 1, 0
127, 1, -1
125, 1, 0
125, 1, 0
125, 1, 0
125, 1, 0
247, 2, 0
128, 1, 0
126, 1, -1
247, 1, 0
128, 1, 0
124, 1, 0
125, 1, 0
125, 1, 0
130, 1, -1
119, 1, 0
141, 1, 0
113, 1, 0
123, 1, 0
126, 1, 0
122, 1, -1
125, 1, 0
126, 1, 0
127, 1, 0
121, 1, 0
126, 1, 0
127, 1, 0
125, 1, -1
125, 1, 0
122, 1, 0
126, 1, 0
127, 2, 0
246, 1, -1
127, 2, 0
247, 2, 0
130, 1, 0
123, 1, 0
126, 1, -1
124, 1, 0
126, 1, 0
125, 2, 0
125, 1, 0
249, 2, 0
126, 1, -1
126, 1, 0
126, 1, 0
122, 1, 0
126, 1, -1
127, 2, 0
123, 1, 0
127, 1, 0
125, 1, 0
124, 1, 0
125, 1, 0
125, 1, -1
123, 2, 0
127, 1, 0
123, 1, 0
127, 1, 0
123, 2, 0
125, 1, -1
125, 1, 0
124, 1, 0
126, 2, 0
125, 1, 0
125, 1, -1
334, 1, 0
168, 1, 0
138, 4, -1
108, 1, 0
125, 2, 0
125, 1, 0
125, 1, 0
125, 1, 0
124, 1, 0
127, 2, -1
125, 1, 0
123, 2, 0
127, 1, 0
124, 1, -1
124, 1, 0
126, 2, 0
125, 1, 0
125, 2, 0
126, 1, -1
124, 1, 0
126, 1, 0
124, 1, 0
125, 2, 0
125, 1, 0
125, 2, -1
125, 1, 0
125, 2, 0
126, 1, 0
124, 1, 0
126, 1, -1
124, 2, 0
125, 1, 0
125, 1, 0
125, 2, 0
125, 1, -1
125, 2, 0
125, 1, 0
131, 2, 0
120, 1, 0
125, 2, -1
124, 1, 0
125, 1, 0
125, 2, 0
125, 1, 0
132, 2, -1
127, 1, 0
117, 1, 0
124, 2, 0
125, 1, -1
125, 2, 0
124, 2, 0
126, 1, 0
124, 1, 0
135, 2, -1
118, 1, 0
122, 2, 0
126, 1, 0
125, 2, 0
125, 1, -1
125, 2, 0
125, 1, 0
125, 2, 0
125, 1, 0
125, 2, -1
124, 1, 0
126, 2, 0
125, 1, 0
125, 1, -1
125, 2, 0
124, 2, 0
125, 1, 0
126, 2, 0
125, 2, -1
125, 1, 0
125, 2, 0
127, 1, 0
126, 2, -1
126, 1, 0
127, 2, 0
124, 1, 0
126, 2, 0
122, 2, -1
125, 1, 0
125, 2, 0
124, 1, 0
132, 2, -1
119, 1, 0
125, 2, 0
124, 2, 0
126, 1, -1
125, 2, 0
125, 1, 0
125, 2, 0
123, 1, 0
128, 2, -1
124, 2, 0
125, 2, 0
125, 1, -1
125, 2, 0
124, 1, 0
126, 2, 0
123, 2, 0
127, 1, -1
125, 2, 0
125, 1, 0
124, 3, 0
138, 1, -1
124, 2, 0
121, 1, 0
129, 2, -1
119, 2, 0
123, 1, 0
123, 2, 0
126, 1, 0
125, 2, -1
126, 2, 0
130, 2, 0
124, 1, 0
124, 2, -1
123, 2, 0
122, 2, 0
126, 1, 0
124, 2, -1
125, 2, 0
125, 1, 0
125, 2, 0
129, 2, -1
121, 2, 0
125, 1, 0
124, 2, 0
125, 1, -1
380, 3, 0
244, 1, 0
124, 7, -1
124, 2, -1
125, 2, 0
125, 1, 0
125, 2, 0
125, 2, -1
124, 2, 0
125, 1, 0
126, 2, -1
124, 2, 0
126, 1, 0
124, 2, 0
125, 2, 0
126, 2, -1
125, 1, 0
125, 3, -1
124, 1, 0
125, 2, 0
126, 2, 0
125, 2, -1
124, 1, 0
125, 2, 0
126, 2, 0
128, 1, -1
122, 2, 0
125, 2, 0
124, 2, 0
126, 2, -1
124, 2, 0
126, 1, 0
125, 2, -1
125, 2, 0
124, 1, 0
128, 2, 0
123, 2, -1
125, 2, 0
125, 2, 0
124, 2, -1
125, 1, 0
125, 2, 0
125, 2, 0
126, 2, -1
124, 2, 0
126, 1, 0
125, 2, -1
125, 2, 0
124, 2, 0
126, 1, 0
125, 3, -1
124, 1, 0
125, 2, 0
127, 2, -1
124, 2, 0
124, 2, 0
125, 1, 0
126, 2, -1
125, 2, 0
124, 2, 0
125, 1, -1
126, 3, 0
125, 1, 0
125, 3, -1
124, 1, 0
127, 2, 0
122, 2, 0
124, 2, -1
125, 2, 0
125, 1, 0
125, 2, -1
125, 2, 0
125, 2, 0
125, 2, -1
125, 2, 0
125, 1, 0
125, 3, -1
125, 1, 0
125, 3, 0
133, 1, 0
221, 1, -1
274, 3, 0
125, 5, -1
122, 2, 0
125, 2, -1
126, 2, 0
124, 2, 0
125, 2, -1
129, 1, 0
122, 2, 0
124, 2, -1
125, 2, 0
125, 2, 0
125, 2, 0
126, 2, -1
138, 1, 0
111, 2, -1
127, 2, 0
126, 2, 0
124, 2, 0
125, 2, -1
125, 2, 0
126, 1, -1
125, 3, 0
125, 1, 0
125, 2, 0
137, 2, -1
125, 2, 0
118, 1, -1
127, 3, 0
125, 1, 0
124, 2, -1
125, 2, 0
125, 1, 0
125, 3, -1
124, 1, 0
126, 3, 0
124, 1, -1
124, 2, 0
126, 2, 0
126, 2, -1
125, 2, 0
129, 2, -1
120, 1, 0
138, 2, 0
117, 2, -1
118, 2, 0
125, 2, 0
124, 2, 0
323, 2, -1
165, 2, 0
125, 5, -1
127, 2, -1
119, 2, 0
124, 2, 0
126, 1, -1
124, 3, 0
125, 1, 0
126, 2, -1
124, 2, 0
125, 2, -1
125, 2, 0
126, 2, 0
125, 1, -1
124, 2, 0
132, 2, 0
118, 2, -1
126, 2, 0
125, 2, 0
125, 2, -1
125, 1, 0
125, 2, -1
125, 2, 0
125, 2, 0
124, 2, 0
130, 1, -1
121, 3, 0
125, 1, -1
125, 2, 0
124, 2, 0
126, 2, -1
124, 1, 0
126, 3, -1
125, 1, 0
126, 2, 0
123, 2, -1
125, 2, 0
125, 2, 0
126, 1, -1
142, 2, 0
107, 2, 0
125, 2, -1
125, 1, 0
125, 3, 0
125, 1, -1
127, 2, 0
124, 2, -1
125, 2, 0
124, 1, 0
125, 2, -1
125, 2, 0
125, 2, 0
125, 2, -1
125, 1, 0
125, 3, 0
126, 1, -1
124, 2, 0
125, 2, -1
125, 2, 0
125, 1, 0
125, 2, -1
125, 2, 0
125, 1, 0
125, 3, -1
125, 1, 0
125, 2, -1
126, 2, 0
124, 2, 0
125, 1, -1
125, 2, 0
125, 2, 0
125, 1, -1
125, 3, 0
125, 1, 0
127, 2, -1
127, 2, 0
125, 2, -1
125, 1, 0
124, 2, 0
126, 2, -1
124, 2, 0
125, 1, 0
125, 2, -1
126, 2, 0
124, 1, 0
125, 2, -1
125, 1, 0
125, 3, -1
125, 1, 0
125, 2, 0
125, 2, 0
125, 2, -1
125, 1, 0
125, 1, -1
125, 2, 0
127, 2, 0
124, 2, -1
124, 1, 0
125, 2, 0
125, 2, -1
125, 2, 0
125, 1, -1
125, 2, 0
125, 2, 0
125, 1, -1
127, 2, 0
123, 2, 0
125, 2, -1
125, 1, 0
125, 2, 0
125, 1, -1
125, 2, 0
125, 2, 0
125, 2, -1
125, 1, 0
125, 2, 0
125, 1, -1
124, 2, 0
126, 2, 0
124, 1, -1
125, 2, 0
126, 1, 0
124, 2, -1
126, 2, 0
125, 2, 0
125, 1, -1
124, 2, 0
126, 1, -1
124, 2, 0
125, 2, 0
289, 1, -1
209, 2, 0
125, 4, -1
125, 2, 0
125, 2, -1
125, 1, 0
125, 2, -1
125, 1, 0
125, 2, 0
125, 1, 0
125, 2, -1
124, 2, 0
126, 1, -1
125, 2, 0
124, 2, 0
126, 1, -1
125, 2, 0
125, 1, 0
125, 1, -1
125, 2, 0
128, 1, 0
122, 2, -1
125, 2, 0
125, 1, -1
125, 2, 0
124, 2, 0
126, 1, 0
125, 2, -1
125, 1, 0
125, 1, 0
127, 2, -1
125, 1, 0
124, 2, 0
125, 1, -1
124, 2, 0
125, 1, 0
126, 2, -1
124, 1, 0
125, 2, 0
125, 1, -1
125, 1, 0
126, 2, 0
124, 1, -1
147, 2, 0
103, 1, 0
125, 2, -1
127, 1, 0
124, 2, 0
124, 1, -1
125, 2, 0
125, 1, 0
125, 1, -1
125, 2, 0
125, 1, 0
126, 2, -1
124, 1, 0
125, 2, 0
125, 1, -1
125, 1, 0
209, 1, 0
44, 2, 0
140, 1, -1
111, 2, 0
124, 1, 0
125, 1, -1
125, 2, 0
125, 1, 0
125, 2, -1
125, 1, 0
125, 1, 0
126, 1, 0
126, 2, -1
124, 1, 0
126, 2, -1
124, 1, 0
125, 1, 0
124, 1, 0
125, 2, -1
125, 1, 0
125, 1, 0
126, 2, -1
123, 1, 0
125, 2, 0
125, 1, -1
126, 1, 0
125, 1, 0
125, 1, 0
125, 2, -1
125, 1, 0
125, 1, 0
125, 1, -1
125, 2, 0
125, 1, 0
125, 2, -1
244, 2, 0
131, 1, 0
125, 1, -1
125, 1, 0
125, 1, 0
125, 2, -1
125, 1, 0
124, 1, 0
126, 1, -1
125, 2, 0
125, 1, 0
124, 1, 0
126, 1, -1
125, 2, 0
125, 1, 0
140, 1, 0
107, 1, -1
124, 1, 0
125, 1, -1
126, 1, 0
146, 2, 0
103, 1, 0
125, 1, -1
125, 1, 0
125, 1, 0
125, 1, 0
125, 1, -1
126, 2, 0
247, 2, -1
128, 1, 0
124, 1, 0
125, 1, 0
125, 1, -1
125, 1, 0
126, 1, 0
335, 1, 0
166, 1, -1
124, 4, 0
125, 0, -1
125, 2, 0
125, 1, 0
135, 1, -1
114, 1, 0
126, 1, 0
124, 1, 0
125, 1, -1
125, 1, 0
125, 1, 0
125, 1, 0
125, 1, 0
126, 1, -1
124, 1, 0
126, 1, 0
125, 1, -1
124, 1, 0
126, 1, 0
124, 1, 0
125, 1, -1
247, 1, 0
128, 1, 0
125, 1, -1
126, 1, 0
124, 1, 0
125, 1, 0
146, 1, -1
104, 1, 0
126, 1, 0
124, 1, 0
126, 0, -1
125, 2, 0
248, 1, 0
126, 1, 0
125, 1, -1
125, 1, 0
125, 1, 0
248, 2, -1
249, 1, 0
128, 1, 0
125, 1, -1
125, 1, 0
248, 1, 0
127, 1, 0
125, 1, -1
248, 1, 0
127, 1, 0
179, 1, -1
92, 1, 0
228, 1, 0
133, 1, 0
122, 1, -1
244, 1, 0
131, 1, 0
244, 1, -1
131, 1, 0
125, 1, 0
244, 1, 0
131, 0, -1
125, 1, 0
125, 1, 0
125, 1, 0
246, 1, -1
249, 1, 0
130, 1, 0
244, 1, -1
250, 1, 0
131, 1, 0
243, 1, 0
132, 1, -1
244, 1, 0
410, 1, 0
103, 0, -1
117, 1, 0
126, 1, 0
244, 1, 0
250, 1, -1
249, 1, 0
251, 1, 0
250, 1, -1
376, 1, 0
249, 1, 0
250, 1, 0
128, 0, -1
247, 1, 0
375, 1, 0
250, 1, -1
375, 1, 0
410, 1, 0
215, 0, -1
128, 1, 0
645, 1, 0
230, 1, 0
124, 0, -1
530, 1, 0
497, 1, -1
626, 1, 0
874, 1, -1
877, 1, 0
671, 0, -1
954, 1, 0
1628, 0, -1
4343, -1, -1
1289, -1, 0
208, 0, -1
807, -1, 0
698, 0, -1
249, -1, 0
627, -1, 0
416, 0, -1
329, -1, 0
629, -1, -1
498, -1, 0
531, -1, 0
217, 0, -1
376, -1, 0
375, -1, 0
555, -1, -1
479, -1, 0
341, -1, -1
376, -1, 0
411, -1, 0
395, -1, 0
70, 0, -1
247, -1, 0
376, -1, 0
410, -1, -1
215, -1, 0
415, -1, 0
407, -1, 0
178, -1, -1
249, -1, 0
411, -1, 0
214, -1, 0
413, -1, -1
90, -1, 0
408, -1, 0
215, -1, 0
250, -1, 0
250, -1, 0
127, 0, -1
125, -1, 0
247, -1, 0
251, -1, 0
250, -1, 0
249, -1, 0
250, -1, 0
252, -1, -1
132, -1, 0
242, -1, 0
249, -1, 0
250, -1, 0
250, -1, 0
249, -1, 0
128, -1, 0
248, -1, 0
249, -1, 0
128, -1, 0
248, -1, 0
131, 0, -1
122, -1, 0
125, -1, 0
247, -1, 0
127, -1, 0
247, -1, 0
128, -1, 0
249, -1, 0
248, -1, 0
129, -1, 0
124, -1, 0
247, -1, 0
128, -1, 0
247, -1, 0
128, -1, 0
455, -1, 0
171, -1, 0
124, -2, 0
125, -1, 0
248, -1, 0
128, -1, 0
124, -1, 0
247, -1, 0
129, -1, 0
124, -1, 0
125, -1, 0
247, -1, 0
128, -1, 0
125, -1, 0
247, -1, 0
128, -1, 0
126, -1, 0
124, -1, 0
247, -1, 0
128, -1, 0
140, -1, 0
114, -1, 0
143, -1, 0
226, -1, 0
130, -1, 0
125, -1, 0
125, -1, 0
125, -1, 0
126, -1, 0
244, -2, 0
249, -1, 0
131, -1, 0
125, -1, 0
125, -1, 0
128, -1, 0
125, -1, 0
246, -2, 0
250, -2, 0
249, -1, 0
130, -1, 1
129, -1, 0
122, -1, 0
122, -1, 0
128, -1, 0
124, -1, 0
125, -1, 0
125, -1, 0
125, -1, 0
125, -1, 0
126, -1, 1
125, -1, 0
126, -1, 0
124, -1, 0
123, -1, 0
123, -1, 0
126, -1, 0
125, -1, 0
125, -1, 0
124, -1, 0
126, -1, 1
125, -1, 0
125, -1, 0
124, -2, 0
244, -2, 0
129, -1, 0
246, -2, 0
129, -1, 1
124, -1, 0
126, -1, 0
124, -1, 0
125, -1, 0
126, -1, 0
124, -1, 1
125, -2, 0
125, -1, 0
126, -1, 0
125, -1, 0
124, -1, 0
125, -1, 1
125, -1, 0
125, -2, 0
125, -1, 0
125, -1, 0
125, -1, 0
125, -2, 0
125, 0, 1
125, -1, 0
125, -2, 0
125, -1, 0
125, -1, 0
125, -1, 0
125, -2, 1
125, -1, 0
125, -1, 0
125, -1, 0
125, -2, 0
125, -1, 0
125, -1, 1
125, -1, 0
125, -1, 0
125, -2, 0
125, -1, 0
128, -1, 1
123, -1, 0
124, -2, 0
125, -1, 0
125, -2, 0
247, -2, 1
128, -1, 0
126, -1, 0
125, -2, 0
124, -1, 1
125, -1, 0
125, -1, 0
125, -2, 0
125, -1, 0
126, -2, 1
124, -1, 0
236, -1, 0
265, -1, 0
125, -4, 1
124, -2, 0
125, -1, 0
125, -1, 1
125, -2, 0
125, -1, 0
125, -1, 0
125, -2, 1
125, -1, 0
126, -1, 0
124, -2, 0
125, -1, 0
126, -2, 1
124, -1, 0
125, -2, 0
125, -1, 1
125, -1, 0
125, -1, 0
125, -2, 0
125, -1, 0
125, -1, 1
125, -2, 0
125, -1, 0
125, -2, 1
125, -1, 0
125, -2, 0
125, -1, 0
125, -2, 1
125, -1, 0
125, -2, 0
125, -1, 0
125, -1, 1
125, -2, 0
125, -1, 0
125, -2, 1
125, -1, 0
125, -2, 0
125, -1, 0
126, -2, 1
124, -1, 0
125, -2, 0
125, -1, 1
125, -1, 0
125, -2, 0
126, -1, 0
124, -2, 1
125, -1, 0
126, -2, 0
124, -1, 1
125, -2, 0
201, -1, 0
63, -2, 1
114, -1, 0
126, -1, 0
123, -2, 0
126, -1, 1
124, -2, 0
128, -1, 0
124, -2, 1
124, -1, 0
125, -2, 0
124, -2, 1
127, -1, 0
126, -2, 0
128, -2, 1
121, -1, 0
125, -1, 0
125, -2, 0
125, -1, 1
142, -2, 0
108, -2, 0
124, -2, 1
126, -1, 0
124, -2, 0
125, -1, 1
128, -1, 0
124, -2, 0
124, -1, 0
125, -2, 1
125, -2, 0
125, -1, 1
125, -2, 0
125, -2, 0
125, -1, 1
126, -2, 0
124, -1, 0
125, -2, 1
124, -1, 0
125, -2, 0
126, -2, 1
125, -1, 0
124, -2, 0
126, -1, 1
125, -2, 0
125, -2, 0
129, -1, 1
123, -2, 0
124, -2, 0
124, -1, 1
125, -1, 0
125, -2, 1
150, -2, 0
96, -2, 0
125, -1, 1
138, -2, 0
112, -1, 0
126, -2, 1
125, -2, 0
125, -2, 1
125, -1, 0
124, -1, 0
126, -2, 1
124, -2, 0
125, -2, 0
126, -1, 1
124, -2, 0
125, -1, 0
126, -3, 1
124, -1, 0
126, -2, 0
125, -1, 1
125, -2, 0
124, -2, 0
126, -1, 1
125, -2, 0
125, -1, 1
125, -2, 0
124, -2, 0
126, -2, 1
283, -1, 0
217, -2, 1
124, -5, 1
125, -1, 0
125, -3, 0
125, -1, 1
125, -2, 0
125, -1, 1
125, -3, 0
125, -1, 0
125, -2, 1
127, -1, 0
123, -3, 1
125, -1, 0
128, -1, 0
123, -2, 1
124, -2, 0
125, -2, 1
187, -1, 0
66, -2, 0
128, -2, 1
125, -2, 0
131, -1, 0
116, -2, 1
125, -2, 0
125, -2, 1
125, -1, 0
126, -2, 0
125, -2, 1
126, -1, 0
124, -2, 1
125, -2, 0
124, -2, 0
126, -1, 1
124, -2, 0
126, -2, 1
124, -1, 0
125, -2, 0
125, -2, 1
127, -2, 0
126, -1, 0
124, -2, 1
124, -2, 0
126, -2, 1
123, -1, 0
125, -3, 1
126, -1, 0
125, -2, 0
125, -1, 1
126, -2, 0
123, -2, 1
124, -2, 0
126, -2, 0
130, -1, 1
122, -2, 0
126, -2, 0
126, -2, 1
124, -1, 0
124, -2, 1
131, -2, 0
122, -1, 0
132, -2, 1
127, -2, 0
115, -2, 1
124, -1, 0
125, -2, 1
124, -2, 0
125, -2, 0
126, -1, 1
140, -3, 0
107, -1, 1
124, -1, 0
124, -3, 0
126, -1, 1
124, -2, 0
126, -2, 1
124, -2, 0
126, -1, 0
125, -2, 1
124, -2, 0
127, -2, 1
124, -2, 0
124, -1, 0
126, -2, 1
125, -2, 0
125, -2, 1
125, -1, 0
126, -2, 0
123, -2, 1
127, -2, 0
124, -1, 1
125, -3, 0
127, -1, 0
124, -1, 1
126, -3, 0
125, -1, 1
123, -2, 0
125, -2, 0
125, -2, 1
124, -1, 0
126, -2, 1
124, -2, 0
125, -2, 1
125, -1, 0
126, -2, 0
125, -2, 1
124, -1, 0
126, -3, 1
125, -1, 0
125, -2, 0
124, -2, 1
125, -2, 0
126, -1, 0
124, -2, 1
125, -2, 0
125, -1, 1
125, -2, 0
126, -2, 0
124, -2, 1
126, -2, 0
124, -2, 1
127, -1, 0
124, -2, 1
129, -2, 0
120, -2, 0
126, -1, 1
124, -2, 0
126, -2, 1
124, -1, 0
126, -3, 0
124, -1, 1
329, -2, 0
173, -2, 0
130, -5, 2
118, -2, 0
126, -1, 0
124, -2, 1
125, -2, 0
126, -2, 1
124, -1, 0
125, -3, 0
125, -1, 1
125, -2, 0
126, -1, 1
125, -3, 0
124, -1, 0
125, -1, 1
125, -3, 0
126, -1, 0
124, -2, 1
126, -1, 0
125, -3, 1
125, -1, 0
125, -2, 1
124, -2, 0
125, -2, 0
125, -1, 1
125, -2, 0
126, -2, 0
124, -1, 1
125, -2, 0
184, -2, 1
69, -2, 0
128, -1, 0
144, -2, 1
105, -2, 0
124, -2, 1
125, -1, 0
125, -1, 0
125, -2, 1
125, -2, 0
125, -2, 0
125, -1, 1
125, -2, 0
125, -2, 1
123, -2, 0
125, -1, 0
125, -2, 1
125, -2, 0
124, -1, 0
125, -2, 1
126, -1, 0
124, -3, 1
125, -1, 0
125, -2, 0
126, -1, 1
125, -2, 0
125, -2, 0
124, -2, 1
125, -1, 0
125, -1, 1
126, -2, 0
125, -2, 0
124, -2, 1
125, -1, 0
125, -2, 0
126, -2, 1
125, -2, 0
125, -1, 0
125, -2, 1
125, -1, 0
130, -2, 0
120, -1, 1
125, -2, 0
128, -2, 0
122, -1, 1
125, -2, 0
124, -1, 0
126, -2, 1
140, -2, 0
111, -2, 1
128, -1, 0
117, -1, 0
125, -2, 1
125, -2, 0
126, -1, 0
124, -2, 0
125, -2, 1
126, -1, 0
125, -2, 0
125, -1, 1
125, -2, 0
125, -1, 0
125, -2, 1
125, -2, 0
125, -1, 0
125, -2, 1
125, -1, 0
125, -2, 0
125, -1, 1
128, -2, 0
122, -1, 0
125, -2, 1
125, -2, 0
125, -1, 0
125, -2, 1
125, -1, 0
125, -2, 0
125, -1, 1
125, -2, 0
125, -1, 0
125, -2, 1
125, -1, 0
125, -2, 0
125, -1, 0
125, -2, 1
125, -1, 0
125, -1, 0
125, -2, 1
125, -1, 0
125, -2, 0
125, -2, 1
125, -1, 0
125, -1, 0
125, -2, 1
125, -1, 0
125, -2, 0
124, -1, 0
125, -2, 0
125, -1, 1
125, -1, 0
126, -2, 0
124, -1, 1
234, -2, 0
20, -1, 0
128, -2, 1
118, -1, 0
125, -2, 0
125, -1, 0
125, -1, 1
125, -2, 0
125, -1, 0
125, -2, 0
125, -1, 1
125, -2, 0
125, -1, 0
125, -1, 1
125, -2, 0
125, -1, 0
126, -1, 0
124, -1, 0
126, -2, 1
125, -1, 0
124, -2, 0
125, -1, 1
125, -1, 0
125, -2, 0
125, -1, 0
125, -1, 1
125, -2, 0
125, -1, 0
125, -1, 0
125, -2, 1
125, -1, 0
125, -1, 0
145, -1, 0
108, -2, 1
133, -1, 0
117, -2, 0
125, -1, 0
125, -1, 1
125, -1, 0
125, -1, 0
125, -2, 0
125, -1, 0
125, -1, 1
125, -1, 0
125, -2, 0
125, -1, 0
125, -2, 0
125, 0, 1
125, -2, 0
125, -1, 0
125, -1, 0
125, -1, 0
125, -1, 1
125, -2, 0
125, -1, 0
125, -1, 0
125, -1, 0
125, -2, 1
125, -1, 0
125, -1, 0
125, -1, 0
126, -1, 0
124, -1, 1
126, -1, 0
125, -2, 0
125, -1, 0
124, -1, 0
127, -1, 1
124, -1, 0
124, -1, 0
125, -1, 0
125, -1, 0
125, -1, 0
126, -1, 1
124, -1, 0
125, -2, 0
126, -1, 0
126, -1, 0
124, -1, 0
125, -1, 0
124, -1, 1
125, -1, 0
125, -1, 0
123, -1, 0
124, -1, 0
124, -1, 0
126, -1, 1
125, -1, 0
125, -1, 0
125, -1, 0
125, -1, 0
125, -1, 0
125, -1, 0
125, -1, 1
125, -1, 0
125, -1, 0
125, -1, 0
128, -1, 0
140, -1, 0
110, -1, 0
125, -1, 1
124, -1, 0
123, -1, 0
126, -1, 0
247, -1, 0
128, -1, 0
125, -1, 0
125, -1, 0
127, -1, 1
125, -1, 0
123, -1, 0
125, -1, 0
270, -2, 0
227, -1, 0
128, -1, 0
126, -1, 0
246, -1, 0
128, -1, 1
134, -1, 0
116, -1, 0
125, -1, 0
247, -1, 0
128, -1, 0
125, -1, 0
263, -1, 1
112, -1, 0
125, -1, 0
281, -1, 0
103, -1, 0
124, -1, 0
238, -1, 0
128, -1, 0
247, -1, 0
128, -1, 0
248, -1, 0
127, -1, 0
247, -1, 1
128, -1, 0
247, -1, 0
128, -1, 0
247, -1, 0
128, -1, 0
247, -1, 0
250, -1, 0
251, -1, 0
127, -1, 0
248, -1, 0
249, -1, 0
250, -1, 0
250, -1, 0
250, -1, 0
250, -1, 0
250, -1, 0
250, -1, 0
250, -1, 0
410, -1, 0
217, -1, 0
373, -1, 0
250, -1, 0
409, -1, 0
216, -1, 0
407, -1, 0
343, -1, 0
407, -1, 0
343, -1, 0
535, -1, 0
467, -1, 0
432, -1, 0
693, -1, 0
657, -1, 0
98, 0, -1
527, -1, 0
902, -1, 0
1250, -1, 0
731, 0, -1
709, -1, 0
11315, 0, -1
2477, 1, 0
1510, 1, 0
845, 1, 0
903, 1, 0
729, 1, -1
613, 1, 0
503, 1, 0
503, 1, 0
494, 1, 0
503, 1, 0
127, 0, -1
263, 1, 0
495, 1, 0
240, 1, 0
500, 1, 0
248, 1, 0
127, 0, -1
247, 1, 0
248, 1, 0
540, 1, 0
211, 1, 0
133, 0, -1
119, 1, 0
375, 1, 0
249, 1, 0
249, 1, 0
128, 0, -1
126, 1, 0
247, 1, 0
249, 1, 0
250, 1, 0
250, 1, -1
251, 1, 0
249, 1, 0
249, 1, 0
128, 1, 0
248, 1, 0
133, 0, -1
122, 1, 0
250, 1, 0
249, 1, 0
124, 1, 0
249, 1, -1
127, 1, 0
246, 1, 0
250, 1, 0
127, 1, 0
250, 1, -1
248, 1, 0
128, 1, 0
128, 1, 0
244, 1, 0
126, 1, 0
128, 0, -1
124, 1, 0
125, 1, 0
124, 1, 0
249, 1, 0
250, 2, -1
250, 1, 0
249, 1, 0
129, 1, 0
124, 1, -1
247, 1, 0
127, 1, 0
126, 1, 0
124, 1, 0
126, 0, -1
125, 1, 0
125, 1, 0
125, 1, 0
125, 1, 0
247, 1, 0
129, 1, -1
124, 1, 0
125, 1, 0
336, 1, 0
164, 1, -1
125, 2, 0
124, 1, 0
125, 1, 0
124, 1, 0
250, 1, 0
127, 1, -1
125, 1, 0
124, 1, 0
127, 1, 0
124, 1, 0
125, 1, 0
125, 1, -1
124, 1, 0
125, 1, 0
249, 2, 0
250, 1, -1
126, 1, 0
125, 1, 0
126, 1, 0
125, 1, 0
124, 1, 0
125, 1, -1
125, 1, 0
132, 1, 0
126, 1, 0
119, 1, 0
135, 1, -1
118, 1, 0
123, 1, 0
124, 1, 0
128, 1, 0
122, 1, 0
126, 2, -1
124, 1, 0
246, 2, 0
252, 2, -1
127, 1, 0
126, 1, 0
124, 1, 0
124, 1, 0
125, 1, 0
126, 1, -1
124, 1, 0
126, 1, 0
127, 2, 0
123, 1, 0
145, 1, -1
127, 1, 0
109, 1, 0
118, 1, 0
125, 1, 0
123, 1, 0
126, 2, -1
125, 1, 0
124, 1, 0
126, 1, 0
124, 1, 0
127, 2, -1
125, 1, 0
123, 1, 0
125, 1, 0
125, 1, 0
125, 1, -1
126, 2, 0
125, 1, 0
124, 1, 0
125, 1, 0
125, 1, 0
127, 2, -1
123, 1, 0
126, 1, 0
124, 1, 0
127, 2, 0
125, 1, -1
125, 1, 0
124, 1, 0
125, 2, 0
124, 1, 0
125, 1, 0
127, 2, -1
124, 1, 0
124, 1, 0
125, 1, 0
126, 2, -1
124, 1, 0
125, 1, 0
126, 2, 0
124, 1, 0
125, 1, -1
126, 1, 0
125, 2, 0
125, 1, 0
124, 2, 0
126, 1, 0
125, 1, -1
125, 2, 0
124, 1, 0
126, 1, 0
129, 2, -1
121, 1, 0
124, 1, 0
124, 2, 0
124, 1, 0
127, 2, -1
123, 1, 0
126, 2, 0
124, 1, 0
125, 2, 0
126, 1, -1
124, 2, 0
126, 1, 0
125, 1, 0
124, 2, 0
125, 1, -1
126, 2, 0
124, 1, 0
126, 2, 0
125, 1, 0
124, 2, -1
125, 1, 0
125, 2, 0
126, 1, 0
125, 1, -1
125, 2, 0
375, 1, 0
251, 2, 0
124, 6, -1
124, 1, 0
127, 2, -1
123, 1, 0
125, 2, 0
126, 2, 0
125, 1, 0
125, 2, -1
124, 1, 0
126, 2, 0
125, 1, 0
125, 2, -1
124, 1, 0
126, 2, 0
124, 2, 0
125, 1, -1
126, 2, 0
124, 1, 0
126, 2, 0
124, 1, -1
126, 2, 0
125, 1, 0
124, 2, 0
126, 2, -1
125, 2, 0
126, 1, 0
124, 2, 0
126, 1, -1
124, 2, 0
125, 2, 0
125, 1, 0
125, 2, -1
124, 1, 0
125, 2, 0
126, 2, 0
125, 2, -1
124, 1, 0
125, 2, 0
125, 1, 0
126, 2, -1
124, 2, 0
125, 1, 0
125, 2, 0
126, 2, -1
125, 2, 0
125, 1, 0
125, 2, -1
125, 2, 0
124, 2, 0
125, 1, 0
125, 2, 0
126, 2, -1
125, 1, 0
125, 2, 0
124, 2, 0
126, 2, -1
124, 1, 0
126, 2, 0
125, 2, 0
125, 2, -1
125, 1, 0
124, 2, 0
125, 2, 0
125, 1, -1
125, 2, 0
125, 2, 0
126, 2, -1
124, 1, 0
125, 2, 0
126, 2, 0
124, 2, -1
125, 1, 0
126, 2, 0
124, 2, -1
125, 1, 0
132, 2, 0
139, 2, 0
131, 2, -1
110, 1, 0
128, 3, 0
128, 1, 0
117, 2, -1
125, 2, 0
130, 2, 0
116, 1, -1
125, 2, 0
129, 2, 0
122, 2, 0
128, 2, -1
122, 1, 0
125, 2, -1
122, 2, 0
125, 2, 0
125, 1, 0
126, 3, -1
124, 1, 0
134, 3, 0
119, 1, 0
123, 2, -1
124, 2, 0
125, 1, 0
126, 2, -1
124, 2, 0
126, 2, 0
129, 2, -1
122, 2, 0
123, 2, 0
125, 2, -1
126, 1, 0
124, 2, 0
125, 2, 0
126, 2, -1
124, 2, 0
130, 1, 0
121, 3, -1
124, 1, 0
125, 2, 0
126, 2, -1
125, 2, 0
127, 2, 0
120, 1, -1
128, 3, 0
123, 1, 0
124, 2, 0
125, 2, -1
126, 2, 0
124, 2, -1
125, 2, 0
126, 2, 0
315, 2, -1
194, 1, 0
135, 6, -1
110, 2, 0
123, 2, -1
125, 2, 0
127, 2, 0
123, 2, 0
125, 2, -1
125, 2, 0
124, 2, 0
127, 1, -1
127, 2, 0
119, 2, 0
126, 2, -1
123, 2, 0
126, 2, 0
126, 2, -1
124, 2, 0
124, 2, 0
126, 2, -1
125, 1, 0
128, 2, 0
127, 2, -1
120, 2, 0
124, 2, 0
135, 2, -1
116, 2, 0
124, 2, 0
127, 2, -1
142, 2, 0
112, 2, -1
122, 2, 0
123, 1, 0
125, 2, -1
126, 2, 0
124, 3, 0
126, 1, -1
133, 3, 0
118, 1, 0
146, 2, -1
101, 2, 0
125, 2, 0
123, 2, -1
125, 2, 0
125, 2, 0
125, 1, -1
126, 3, 0
155, 1, 0
102, 2, -1
125, 2, 0
125, 2, 0
125, 2, -1
131, 2, 0
120, 2, 0
126, 2, -1
137, 2, 0
177, 1, 0
82, 3, -1
107, 1, 0
129, 3, 0
122, 1, -1
127, 3, 0
124, 1, 0
127, 3, -1
123, 1, 0
125, 2, -1
126, 2, 0
123, 2, 0
126, 2, -1
124, 2, 0
126, 2, 0
136, 1, -1
116, 3, 0
128, 1, 0
123, 3, -1
130, 1, 0
129, 2, 0
166, 2, -1
73, 2, 0
144, 2, -1
109, 1, 0
98, 3, 0
124, 1, 0
127, 3, -1
123, 1, 0
125, 2, -1
125, 2, 0
125, 2, 0
125, 2, -1
125, 2, 0
125, 2, 0
125, 1, -1
125, 3, 0
125, 1, 0
125, 2, -1
125, 2, 0
125, 2, -1
125, 2, 0
124, 2, 0
126, 2, -1
125, 2, 0
125, 2, 0
125, 1, -1
125, 2, 0
125, 2, 0
131, 2, -1
118, 2, 0
125, 2, -1
124, 2, 0
125, 2, 0
125, 1, -1
125, 3, 0
128, 1, 0
123, 2, -1
124, 2, 0
125, 1, 0
126, 3, -1
124, 1, 0
125, 3, -1
125, 1, 0
125, 2, 0
125, 2, -1
125, 2, 0
125, 1, 0
125, 2, 0
125, 2, -1
125, 2, 0
125, 2, -1
125, 2, 0
126, 2, 0
286, 1, -1
215, 3, 0
124, 5, -1
141, 2, -1
108, 1, 0
125, 2, 0
126, 2, -1
124, 2, 0
125, 2, 0
125, 1, -1
125, 3, 0
125, 1, 0
125, 2, -1
125, 2, 0
126, 2, -1
124, 1, 0
125, 2, 0
125, 2, -1
125, 2, 0
125, 2, 0
125, 1, 0
125, 2, -1
125, 2, 0
125, 2, -1
125, 1, 0
125, 2, 0
123, 2, -1
129, 1, 0
124, 2, 0
124, 2, -1
125, 2, 0
125, 1, 0
125, 3, -1
125, 1, 0
125, 2, -1
125, 2, 0
124, 2, 0
126, 1, -1
125, 2, 0
125, 2, 0
125, 1, -1
124, 2, 0
126, 1, 0
125, 3, -1
125, 1, 0
125, 2, 0
125, 1, -1
125, 3, 0
125, 1, 0
125, 2, -1
125, 1, 0
125, 2, -1
125, 2, 0
125, 1, 0
125, 2, -1
125, 1, 0
125, 2, 0
125, 2, -1
125, 2, 0
125, 1, 0
125, 2, -1
125, 2, 0
125, 1, 0
125, 2, -1
125, 1, 0
125, 2, 0
125, 2, -1
125, 2, 0
124, 1, 0
126, 2, -1
125, 1, 0
125, 2, 0
125, 2, -1
125, 1, 0
125, 2, -1
124, 1, 0
126, 2, 0
125, 1, 0
125, 2, -1
125, 1, 0
125, 2, 0
125, 2, -1
125, 1, 0
124, 2, -1
126, 1, 0
125, 2, 0
124, 1, 0
126, 2, -1
124, 1, 0
126, 2, -1
125, 1, 0
127, 2, 0
128, 2, -1
121, 1, 0
165, 2, 0
87, 1, -1
144, 2, 0
106, 1, 0
126, 2, -1
127, 1, 0
123, 2, 0
125, 1, -1
122, 2, 0
126, 1, 0
124, 2, -1
127, 1, 0
124, 2, 0
147, 1, 0
103, 1, -1
125, 2, 0
126, 1, 0
127, 2, -1
123, 1, 0
124, 2, 0
125, 1, -1
134, 2, 0
134, 1, 0
108, 2, -1
125, 1, 0
125, 1, 0
124, 1, -1
126, 2, 0
124, 1, -1
126, 1, 0
125, 2, 0
124, 1, 0
126, 2, -1
125, 1, 0
125, 2, 0
124, 1, -1
126, 1, 0
714, 1, 0
163, 2, -1
124, 8, -2
126, 1, 0
124, 1, 0
124, 1, 0
125, 2, -1
125, 1, 0
125, 1, 0
123, 2, -1
124, 1, 0
125, 1, 0
125, 2, 0
126, 1, -1
124, 1, 0
125, 1, 0
125, 2, -1
125, 1, 0
125, 1, 0
125, 1, -1
125, 1, 0
125, 2, 0
248, 2, -1
136, 1, 0
117, 1, 0
126, 1, 0
123, 2, -1
248, 1, 0
127, 2, -1
125, 1, 0
125, 1, 0
125, 1, 0
125, 1, -1
125, 1, 0
125, 2, 0
248, 2, -1
128, 1, 0
247, 2, 0
128, 1, -1
124, 1, 0
123, 1, 0
125, 1, -1
126, 1, 0
124, 1, 0
125, 1, 0
126, 1, 0
124, 1, -1
126, 1, 0
124, 1, 0
125, 1, 0
125, 1, -1
125, 1, 0
125, 1, 0
125, 1, 0
125, 1, -1
125, 1, 0
125, 1, 0
125, 1, 0
125, 0, -1
125, 2, 0
247, 1, 0
128, 1, -1
125, 1, 0
125, 1, 0
125, 1, 0
248, 2, -1
249, 1, 0
128, 1, 0
125, 1, -1
247, 1, 0
129, 1, 0
124, 1, 0
125, 1, -1
248, 1, 0
127, 1, 0
247, 1, -1
127, 1, 0
126, 1, 0
125, 1, 0
247, 1, 0
127, 1, -1
247, 1, 0
128, 1, 0
248, 1, 0
128, 0, -1
124, 1, 0
125, 1, 0
125, 1, 0
249, 1, 0
127, 0, -1
125, 1, 0
247, 1, 0
127, 1, 0
247, 1, -1
250, 1, 0
251, 1, 0
250, 1, 0
127, 1, -1
405, 1, 0
218, 1, 0
409, 1, -1
215, 1, 0
250, 1, 0
377, 1, 0
249, 1, 0
250, 0, -1
250, 1, 0
250, 1, 0
404, 1, 0
526, 0, -1
72, 1, 0
526, 1, 0
626, 1, 0
351, 0, -1
372, 1, 0
1499, 1, 0
4528, 0, -1
1276, -1, 0
1324, -1, 0
887, -1, -1
736, -1, 0
625, -1, 0
661, -1, -1
521, -1, 0
761, -1, 0
184, -1, 0
371, -1, 0
128, 0, -1
400, -1, 0
222, -1, 0
375, -1, 0
531, -1, 0
219, -1, -1
250, -1, 0
377, -1, 0
248, -1, 0
251, -1, 0
374, -1, 0
249, -1, 0
251, -1, 0
252, -1, 0
250, -1, 0
128, 0, -1
129, -1, 0
243, -1, 0
248, -1, 0
250, -1, 0
250, -1, 0
127, -1, 0
248, -1, 0
251, -1, 0
127, -1, 0
246, -1, 0
129, -1, 0
246, -1, 0
251, -1, 0
128, -1, 0
247, -1, 0
250, -1, 0
127, -1, 0
125, -1, 0
248, -1, 0
127, -1, 0
248, -1, 0
127, -1, 0
247, -1, 0
163, -1, 0
116, -1, 0
221, -1, 0
131, -1, 0
125, -1, 0
129, -1, 0
240, -1, 0
131, -1, 0
244, -2, 0
251, -1, 0
130, -1, 0
126, -1, 0
244, -2, 0
250, -1, 0
131, -1, 0
125, -1, 0
124, -1, 0
126, -1, 0
125, -1, 1
244, -1, 0
130, -1, 0
126, -1, 0
124, -1, 0
127, -1, 0
126, -1, 0
125, -1, 0
124, -1, 0
124, -1, 1
124, -1, 0
244, -2, 0
250, -2, 0
251, -1, 0
131, -1, 0
124, -1, 0
125, -1, 0
126, -1, 1
126, -2, 0
246, -1, 0
130, -1, 0
126, -2, 1
436, -2, 0
184, -1, 0
124, -3, 0
125, -1, 1
125, -1, 0
125, -1, 0
125, -1, 0
125, -1, 0
125, -1, 0
128, -2, 1
122, -1, 0
125, -1, 0
125, -1, 0
125, -1, 0
125, -1, 0
125, -1, 1
125, -2, 0
125, -1, 0
126, -1, 0
124, -1, 0
125, -2, 0
125, -1, 1
125, -1, 0
125, -1, 0
125, -1, 0
126, -2, 0
125, -1, 1
125, -1, 0
125, -1, 0
124, -1, 0
125, -2, 0
126, -1, 1
124, -1, 0
125, -2, 0
125, -1, 0
125, -1, 0
125, -1, 1
125, -1, 0
125, -2, 0
125, -1, 0
125, -2, 1
125, -1, 0
125, -1, 0
125, -2, 0
125, -1, 1
126, -1, 0
124, -2, 0
125, -1, 0
125, -1, 0
125, -2, 1
125, -1, 0
125, -2, 0
125, -1, 0
125, -2, 1
125, -1, 0
125, -2, 0
125, -1, 1
125, -1, 0
125, -2, 0
125, -1, 0
125, -2, 1
125, -1, 0
125, -2, 0
125, -1, 1
125, -2, 0
125, -1, 0
125, -2, 0
125, -1, 1
125, -1, 0
125, -2, 0
125, -1, 0
125, -2, 1
125, -1, 0
125, -2, 1
125, -2, 0
125, -1, 0
126, -2, 0
124, -2, 1
125, -1, 0
125, -1, 0
127, -2, 1
124, -1, 0
123, -2, 0
125, -2, 0
125, -2, 1
129, -1, 0
122, -2, 0
125, -1, 1
126, -2, 0
124, -1, 0
125, -2, 1
124, -2, 0
126, -1, 0
125, -2, 1
125, -1, 0
125, -2, 0
125, -2, 1
125, -2, 0
125, -1, 1
125, -2, 0
124, -1, 0
126, -2, 1
125, -2, 0
125, -1, 0
125, -2, 1
125, -2, 0
125, -2, 1
125, -1, 0
125, -2, 0
124, -2, 0
126, -2, 1
124, -1, 0
126, -2, 1
125, -2, 0
125, -1, 0
125, -2, 1
125, -2, 0
124, -2, 0
126, -1, 1
125, -2, 0
124, -2, 0
126, -2, 1
124, -2, 0
126, -2, 1
124, -1, 0
126, -2, 0
125, -2, 1
125, -1, 0
125, -2, 0
125, -2, 1
124, -2, 0
125, -2, 1
246, -2, 0
258, -1, 0
121, -6, 2
125, -2, 0
125, -1, 0
125, -3, 1
125, -1, 0
125, -2, 1
125, -2, 0
125, -2, 0
125, -2, 1
125, -2, 0
126, -2, 1
125, -1, 0
126, -2, 1
123, -2, 0
125, -2, 0
125, -2, 1
150, -2, 0
112, -2, 1
121, -2, 0
120, -2, 0
124, -2, 1
125, -2, 0
138, -1, 1
113, -2, 0
125, -2, 0
125, -3, 1
124, -1, 0
128, -2, 1
125, -2, 0
126, -2, 1
125, -2, 0
128, -2, 1
125, -2, 0
127, -1, 0
139, -3, 1
129, -2, 0
104, -2, 1
124, -2, 0
124, -2, 1
124, -1, 0
127, -3, 1
125, -1, 0
124, -3, 1
125, -1, 0
125, -2, 0
124, -2, 1
125, -2, 0
125, -3, 1
126, -1, 0
124, -3, 1
125, -1, 0
126, -3, 0
125, -1, 1
125, -3, 0
124, -2, 1
126, -1, 0
124, -3, 1
125, -1, 0
126, -3, 1
124, -2, 0
126, -2, 1
124, -2, 0
126, -2, 1
125, -2, 0
126, -2, 0
125, -2, 1
125, -3, 0
120, -1, 1
126, -2, 0
125, -2, 1
124, -2, 0
125, -2, 1
125, -2, 0
125, -3, 1
124, -1, 0
126, -3, 1
125, -2, 0
125, -2, 1
125, -2, 0
124, -2, 0
126, -2, 1
124, -2, 0
126, -2, 1
125, -2, 0
125, -3, 1
125, -1, 0
125, -3, 1
125, -2, 0
125, -2, 1
125, -2, 0
125, -2, 0
125, -2, 1
125, -2, 1
124, -3, 0
126, -1, 1
124, -3, 0
127, -2, 1
122, -2, 0
125, -2, 1
125, -3, 0
135, -1, 1
135, -2, 0
109, -3, 0
124, -1, 1
134, -3, 0
120, -2, 1
130, -2, 0
119, -2, 1
125, -3, 0
126, -1, 1
129, -3, 0
120, -2, 1
122, -2, 0
124, -2, 1
125, -2, 0
125, -2, 1
125, -2, 0
126, -3, 1
125, -1, 0
124, -3, 1
125, -2, 0
125, -2, 1
125, -2, 0
126, -3, 1
124, -1, 0
125, -2, 1
125, -3, 0
126, -1, 1
124, -3, 0
290, -2, 1
215, -3, 0
118, -6, 2
125, -2, 0
126, -2, 1
124, -2, 0
125, -3, 1
125, -1, 0
125, -3, 1
126, -2, 0
125, -3, 1
124, -1, 0
126, -3, 1
125, -2, 0
125, -2, 1
125, -2, 0
125, -2, 1
125, -3, 0
124, -1, 1
125, -3, 0
125, -2, 1
126, -2, 0
124, -2, 1
125, -3, 0
125, -1, 0
125, -3, 1
125, -2, 1
126, -2, 0
124, -2, 1
125, -2, 0
125, -3, 1
125, -2, 0
125, -2, 1
125, -2, 0
125, -3, 1
125, -1, 0
125, -3, 1
126, -2, 0
138, -2, 0
121, -2, 1
124, -2, 0
164, -2, 1
96, -2, 0
116, -3, 1
122, -2, 0
126, -2, 1
122, -2, 0
125, -3, 1
128, -2, 0
124, -2, 1
124, -2, 0
124, -2, 1
125, -2, 0
133, -2, 1
118, -3, 0
125, -2, 1
124, -2, 0
126, -2, 1
124, -3, 0
126, -1, 1
124, -3, 0
125, -2, 1
126, -1, 0
125, -3, 1
124, -2, 0
125, -3, 1
125, -1, 0
125, -3, 1
125, -1, 0
125, -3, 1
126, -2, 0
124, -2, 0
125, -2, 1
125, -2, 0
125, -3, 1
137, -1, 0
113, -3, 1
125, -2, 0
126, -2, 1
125, -2, 0
125, -3, 0
125, -1, 1
126, -3, 0
122, -2, 1
127, -1, 0
124, -3, 1
125, -2, 0
125, -2, 1
125, -2, 0
123, -2, 1
132, -2, 0
119, -3, 1
126, -1, 0
126, -3, 0
123, -2, 1
125, -2, 0
125, -2, 1
125, -1, 0
124, -3, 1
126, -2, 0
124, -2, 0
126, -2, 1
124, -3, 0
126, -1, 1
124, -3, 0
126, -1, 1
124, -3, 0
127, -2, 0
124, -1, 1
125, -3, 0
125, -1, 1
124, -3, 0
126, -1, 1
124, -3, 0
126, -2, 1
124, -2, 0
125, -2, 0
125, -2, 1
125, -2, 0
126, -2, 1
124, -2, 0
126, -2, 1
124, -2, 0
125, -2, 0
126, -2, 1
124, -2, 0
125, -2, 1
125, -2, 0
125, -2, 1
126, -2, 0
125, -2, 0
321, -2, 1
181, -2, 0
129, -6, 1
117, -2, 1
126, -2, 0
125, -2, 1
145, -2, 0
103, -2, 0
126, -1, 1
123, -3, 0
126, -1, 0
124, -3, 1
126, -1, 0
124, -2, 1
124, -2, 0
125, -2, 1
126, -2, 0
124, -2, 0
126, -2, 1
124, -1, 0
125, -3, 0
126, -1, 1
125, -3, 0
124, -1, 0
126, -3, 1
124, -1, 0
125, -2, 1
126, -2, 0
125, -2, 1
124, -2, 0
126, -1, 0
125, -2, 1
124, -2, 0
125, -2, 0
125, -2, 1
125, -2, 0
125, -1, 0
125, -3, 1
125, -1, 0
126, -2, 1
124, -2, 0
125, -2, 0
125, -2, 1
125, -1, 0
126, -2, 0
124, -2, 1
125, -2, 0
126, -2, 0
125, -2, 1
124, -1, 0
125, -2, 0
125, -2, 1
125, -2, 0
125, -1, 0
126, -2, 1
128, -2, 0
122, -1, 0
124, -2, 1
125, -2, 0
131, -2, 0
158, -2, 1
91, -2, 0
125, -1, 0
126, -2, 1
123, -1, 0
125, -2, 0
126, -2, 1
126, -1, 0
124, -3, 0
124, -1, 0
126, -2, 1
124, -1, 0
125, -2, 0
125, -2, 1
125, -2, 0
125, -1, 0
125, -1, 0
125, -2, 1
125, -2, 0
125, -2, 0
125, -1, 1
126, -2, 0
124, -1, 0
125, -2, 0
125, -2, 1
125, -2, 0
125, -1, 0
125, -2, 1
125, -1, 0
125, -1, 0
125, -2, 0
125, -1, 1
125, -3, 0
125, -1, 0
125, -2, 0
125, -1, 1
125, -2, 0
125, -1, 0
125, -2, 1
125, -1, 0
125, -1, 0
125, -2, 0
135, -2, 0
115, -1, 1
125, -2, 0
125, -2, 0
125, -1, 0
125, -1, 1
125, -2, 0
125, -2, 0
125, -1, 0
123, -1, 1
124, -2, 0
125, -1, 0
125, -2, 0
125, -1, 0
125, -1, 1
125, -2, 0
125, -1, 0
125, -1, 0
125, -2, 1
125, -1, 0
125, -1, 0
125, -2, 0
125, -1, 0
128, -2, 1
122, -1, 0
125, -2, 0
125, -1, 0
125, -1, 1
125, -1, 0
125, -2, 0
235, -1, 0
267, -1, 0
122, -4, 1
125, -1, 0
125, -2, 0
128, -1, 0
122, -1, 1
125, -2, 0
125, -1, 0
125, -1, 0
125, -1, 0
125, -2, 1
125, -1, 0
125, -1, 0
125, -1, 0
125, -2, 0
247, -2, 1
128, -1, 0
125, -2, 0
247, -1, 0
128, -2, 0
125, -1, 0
125, -1, 0
125, -1, 1
125, -1, 0
126, -1, 0
124, -2, 0
125, -1, 0
125, -1, 0
126, -1, 0
124, -1, 0
125, -1, 1
125, -1, 0
125, -1, 0
125, -1, 0
125, -1, 0
125, -1, 0
125, -1, 0
124, -1, 0
126, -1, 0
125, -1, 0
124, -1, 1
126, -1, 0
125, -1, 0
125, -1, 0
125, -1, 0
125, -1, 0
125, -1, 0
125, -1, 0
125, -1, 0
125, -1, 0
136, -1, 0
114, -1, 0
125, -1, 1
248, -1, 0
186, -1, 0
99, -1, 0
97, -1, 0
125, -1, 0
124, -1, 0
125, -1, 0
244, -1, 0
131, -1, 0
125, -1, 0
125, -1, 0
244, -1, 0
131, -1, 0
125, -1, 0
125, -1, 0
244, -1, 0
131, -1, 0
125, -1, 0
246, -1, 1
129, -1, 0
244, -1, 0
131, -1, 0
244, -1, 0
131, -1, 0
124, -1, 0
245, -1, 0
250, -1, 0
131, -1, 0
244, -1, 0
250, -1, 0
250, -1, 0
131, -1, 0
244, -1, 0
250, -1, 0
250, -1, 0
257, -1, 0
250, -1, 0
244, -1, 0
249, -1, 0
417, -1, 0
208, -1, 0
250, -1, 0
418, -1, 0
332, -1, 0
416, -1, 0
94, 0, -1
260, -1, 0
356, -1, 0
537, -1, 0
501, -1, 0
497, -1, 0
107, 0, -1
667, -1, 0
777, -1, 0
789, -1, -1
1667, -1, 0
2583, 0, -1
6555, 1, 0
1445, 1, 0
1184, 1, 0
734, 1, 0
708, 1, -1
563, 1, 0
561, 1, 0
528, 1, 0
387, 1, 0
87, 0, -1
411, 1, 0
503, 1, 0
208, 1, 0
413, 1, 0
337, 1, 0
128, 0, -1
254, 1, 0
243, 1, 0
375, 1, 0
250, 1, 0
250, 1, 0
127, 0, -1
125, 1, 0
414, 1, 0
209, 1, 0
249, 1, 0
128, 0, -1
125, 1, 0
248, 1, 0
250, 1, 0
249, 1, 0
251, 1, -1
250, 1, 0
128, 1, 0
247, 1, 0
250, 1, 0
128, 1, 0
125, 0, -1
124, 1, 0
248, 1, 0
128, 1, 0
246, 1, 0
131, 1, 0
123, 0, -1
124, 1, 0
125, 1, 0
247, 1, 0
128, 1, 0
247, 1, 0
129, 1, -1
247, 1, 0
128, 1, 0
124, 1, 0
247, 1, -1
128, 1, 0
247, 1, 0
128, 1, 0
125, 1, 0
125, 0, -1
125, 1, 0
125, 1, 0
125, 1, 0
247, 1, 0
128, 1, 0
125, 1, -1
247, 1, 0
128, 1, 0
125, 1, 0
125, 1, 0
227, 1, 0
25, 1, -1
246, 1, 0
127, 1, 0
126, 1, 0
124, 1, 0
125, 1, -1
125, 1, 0
125, 1, 0
247, 1, 0
128, 1, 0
125, 1, 0
125, 1, -1
126, 1, 0
124, 1, 0
125, 1, 0
125, 1, 0
125, 1, 0
125, 1, -1
247, 1, 0
128, 1, 0
125, 1, 0
125, 1, 0
125, 1, 0
125, 1, -1
125, 1, 0
125, 1, 0
125, 1, 0
125, 1, 0
126, 1, -1
125, 2, 0
247, 1, 0
127, 1, 0
125, 1, 0
125, 1, -1
125, 1, 0
125, 1, 0
125, 1, 0
143, 2, 0
107, 0, -1
125, 2, 0
125, 1, 0
125, 1, 0
125, 1, 0
125, 1, 0
125, 1, 0
125, 1, -1
125, 1, 0
125, 1, 0
125, 1, 0
126, 1, 0
124, 2, 0
125, 1, -1
247, 2, 0
128, 1, 0
125, 1, 0
125, 1, 0
125, 1, -1
125, 1, 0
125, 2, 0
125, 1, 0
125, 1, 0
125, 1, -1
125, 1, 0
125, 2, 0
247, 2, 0
128, 1, 0
125, 1, -1
128, 1, 0
122, 2, 0
125, 1, 0
125, 1, 0
125, 1, 0
125, 2, -1
125, 1, 0
125, 1, 0
125, 1, 0
125, 1, 0
125, 2, 0
125, 1, -1
125, 1, 0
125, 1, 0
125, 2, 0
125, 1, 0
125, 1, 0
125, 1, -1
125, 1, 0
125, 2, 0
125, 1, 0
125, 2, 0
125, 1, -1
125, 1, 0
125, 1, 0
125, 2, 0
125, 1, 0
125, 2, -1
125, 1, 0
125, 1, 0
125, 1, 0
125, 1, 0
125, 2, 0
125, 1, -1
125, 2, 0
125, 1, 0
125, 2, 0
125, 1, 0
125, 1, 0
125, 1, -1
125, 2, 0
125, 1, 0
125, 1, 0
125, 2, 0
125, 1, -1
125, 2, 0
125, 1, 0
125, 2, 0
125, 1, 0
125, 1, 0
126, 2, -1
127, 1, 0
122, 1, 0
124, 2, 0
125, 1, 0
125, 1, 0
125, 2, -1
125, 1, 0
125, 2, 0
276, 1, 0
225, 2, -1
124, 4, 0
125, 1, 0
125, 2, 0
125, 1, -1
125, 2, 0
125, 1, 0
125, 2, 0
125, 1, -1
125, 2, 0
125, 1, 0
125, 2, 0
125, 1, 0
125, 2, 0
125, 1, -1
125, 2, 0
125, 2, 0
125, 1, 0
125, 2, -1
125, 1, 0
125, 2, 0
125, 1, 0
125, 2, 0
125, 1, -1
125, 1, 0
126, 2, 0
125, 1, 0
125, 2, 0
125, 2, -1
125, 1, 0
125, 2, 0
125, 2, 0
125, 1, 0
125, 2, -1
125, 1, 0
125, 1, 0
125, 2, 0
125, 2, 0
125, 1, -1
125, 2, 0
125, 2, 0
125, 1, 0
125, 2, 0
125, 1, -1
125, 2, 0
124, 2, 0
126, 1, 0
125, 2, -1
125, 1, 0
124, 2, 0
126, 1, 0
125, 2, 0
125, 2, -1
125, 2, 0
125, 1, 0
125, 2, 0
125, 1, 0
124, 2, -1
126, 2, 0
125, 1, 0
125, 2, 0
125, 1, -1
125, 2, 0
124, 2, 0
125, 2, 0
125, 1, 0
126, 2, -1
125, 1, 0
125, 2, 0
125, 2, 0
125, 1, 0
125, 2, -1
125, 2, 0
125, 2, 0
125, 1, 0
125, 2, -1
125, 1, 0
125, 3, 0
125, 1, 0
125, 1, -1
126, 2, 0
123, 2, 0
125, 2, 0
125, 1, 0
125, 2, -1
125, 2, 0
125, 2, 0
125, 1, 0
125, 2, -1
125, 2, 0
125, 2, 0
125, 1, -1
125, 2, 0
125, 2, 0
125, 1, 0
125, 2, -1
125, 2, 0
125, 2, 0
125, 1, 0
125, 3, -1
125, 1, 0
125, 2, 0
125, 2, 0
125, 1, -1
125, 2, 0
125, 2, 0
125, 2, 0
125, 1, -1
125, 2, 0
125, 2, 0
125, 2, -1
125, 1, 0
125, 3, 0
125, 1, 0
125, 2, 0
125, 2, -1
125, 1, 0
125, 2, 0
125, 2, -1
125, 2, 0
125, 1, 0
125, 3, 0
125, 1, -1
125, 2, 0
125, 2, 0
125, 1, 0
125, 3, -1
125, 1, 0
125, 2, 0
125, 2, 0
316, 2, -1
184, 1, 0
125, 6, -1
125, 2, 0
125, 1, 0
125, 3, -1
125, 1, 0
126, 2, 0
124, 2, -1
125, 2, 0
125, 1, 0
125, 3, 0
125, 1, -1
125, 3, 0
125, 1, 0
125, 2, 0
125, 2, -1
126, 1, 0
127, 3, 0
124, 1, -1
125, 2, 0
125, 2, 0
125, 2, -1
124, 2, 0
127, 2, 0
123, 1, 0
125, 3, -1
125, 1, 0
129, 2, 0
122, 2, -1
124, 1, 0
125, 3, 0
131, 1, -1
123, 2, 0
121, 2, 0
125, 2, 0
129, 2, -1
125, 2, 0
136, 2, 0
111, 1, -1
123, 2, 0
125, 2, 0
125, 2, -1
125, 2, 0
125, 2, 0
126, 2, 0
125, 2, -1
124, 1, 0
125, 3, -1
125, 1, 0
125, 2, 0
125, 2, 0
125, 2, -1
125, 2, 0
127, 1, 0
124, 3, -1
124, 1, 0
125, 2, 0
125, 2, -1
125, 2, 0
125, 2, 0
125, 1, -1
126, 2, 0
125, 2, 0
125, 2, -1
127, 2, 0
123, 2, 0
125, 2, -1
125, 2, 0
124, 1, 0
125, 2, -1
125, 2, 0
125, 2, 0
126, 2, -1
124, 1, 0
125, 3, 0
126, 1, -1
125, 3, 0
124, 1, 0
126, 3, -1
125, 1, 0
125, 2, 0
124, 2, -1
125, 2, 0
126, 2, 0
124, 1, -1
127, 2, 0
123, 2, 0
126, 2, -1
124, 2, 0
125, 2, 0
125, 2, -1
125, 2, 0
125, 2, 0
125, 2, -1
126, 1, 0
125, 2, 0
124, 2, -1
125, 2, 0
125, 2, -1
125, 1, 0
125, 3, 0
125, 1, -1
126, 3, 0
124, 1, 0
125, 2, -1
126, 2, 0
125, 1, 0
125, 3, -1
124, 1, 0
125, 2, -1
125, 2, 0
125, 2, 0
126, 2, -1
124, 2, 0
125, 2, -1
125, 2, 0
125, 1, 0
126, 2, 0
124, 2, -1
125, 2, 0
125, 2, -1
125, 1, 0
125, 3, 0
125, 1, -1
125, 2, 0
125, 2, -1
125, 2, 0
126, 2, 0
125, 2, -1
125, 2, 0
124, 1, 0
237, 2, -1
265, 2, 0
123, 6, -1
125, 1, 0
125, 2, -1
125, 2, 0
125, 2, -1
126, 1, 0
124, 2, 0
125, 2, -1
125, 2, 0
125, 2, 0
125, 1, -1
126, 3, 0
125, 1, 0
124, 2, -1
125, 2, 0
125, 2, -1
125, 2, 0
125, 1, 0
125, 2, -1
125, 2, 0
125, 2, -1
125, 1, 0
125, 3, 0
125, 1, -1
125, 2, 0
125, 2, 0
125, 2, -1
125, 1, 0
125, 2, 0
125, 2, -1
125, 1, 0
125, 3, -1
127, 1, 0
123, 2, 0
125, 2, -1
125, 2, 0
125, 1, -1
125, 2, 0
125, 2, 0
126, 1, -1
124, 2, 0
125, 2, -1
125, 2, 0
125, 1, 0
125, 2, -1
125, 2, 0
125, 2, -1
125, 1, 0
125, 2, 0
125, 2, -1
124, 1, 0
126, 3, 0
125, 1, -1
125, 2, 0
125, 1, 0
126, 2, -1
124, 2, 0
125, 2, -1
125, 1, 0
124, 2, 0
126, 2, -1
125, 1, 0
125, 2, 0
125, 2, -1
125, 2, 0
125, 1, 0
125, 2, -1
124, 2, 0
126, 2, -1
124, 1, 0
129, 2, 0
126, 1, -1
143, 2, 0
105, 2, 0
126, 1, -1
126, 2, 0
126, 1, -1
124, 2, 0
126, 2, 0
129, 2, -1
121, 1, 0
125, 2, 0
124, 2, -1
126, 1, 0
125, 2, 0
125, 1, -1
125, 2, 0
125, 2, 0
125, 2, -1
125, 1, 0
125, 2, 0
125, 1, -1
125, 2, 0
125, 1, -1
125, 2, 0
124, 2, 0
126, 1, -1
125, 2, 0
125, 1, 0
126, 2, -1
124, 1, 0
123, 2, 0
124, 2, -1
126, 2, 0
124, 1, -1
126, 1, 0
125, 2, 0
125, 1, -1
125, 2, 0
124, 2, 0
126, 1, -1
125, 2, 0
125, 1, 0
124, 2, -1
125, 2, 0
126, 1, -1
125, 1, 0
125, 2, 0
125, 1, -1
124, 2, 0
122, 1, 0
126, 2, -1
124, 1, 0
125, 2, -1
125, 1, 0
126, 2, 0
125, 1, 0
125, 2, -1
125, 1, 0
286, 1, -1
215, 2, 0
124, 4, -1
125, 2, 0
125, 1, -1
126, 2, 0
124, 1, -1
125, 2, 0
125, 1, 0
125, 1, 0
125, 2, -1
124, 1, 0
126, 2, -1
125, 1, 0
125, 2, 0
124, 1, -1
125, 2, 0
126, 1, 0
125, 2, -1
124, 1, 0
125, 1, 0
125, 1, -1
125, 2, 0
125, 1, -1
126, 1, 0
124, 2, 0
125, 1, -1
126, 2, 0
125, 1, 0
124, 1, -1
126, 1, 0
125, 2, 0
124, 1, -1
125, 1, 0
126, 2, 0
124, 1, 0
125, 1, -1
125, 1, 0
126, 2, -1
125, 1, 0
124, 1, 0
125, 2, 0
126, 1, -1
124, 1, 0
125, 1, 0
126, 2, -1
124, 1, 0
125, 1, 0
125, 1, -1
125, 2, 0
125, 1, 0
126, 1, -1
124, 1, 0
125, 2, 0
126, 1, -1
124, 1, 0
178, 1, 0
103, 1, 0
101, 1, -1
121, 1, 0
130, 2, -1
124, 1, 0
124, 1, 0
123, 1, 0
124, 1, -1
125, 2, 0
125, 1, 0
126, 1, 0
124, 1, -1
125, 1, 0
127, 1, 0
125, 1, -1
132, 1, 0
117, 2, 0
255, 2, -1
125, 1, 0
123, 1, 0
131, 1, -1
122, 1, 0
129, 1, 0
118, 1, 0
125, 1, -1
146, 1, 0
104, 1, 0
126, 1, -1
124, 1, 0
125, 1, 0
125, 1, 0
125, 1, -1
125, 1, 0
125, 1, 0
125, 1, 0
128, 1, -1
123, 1, 0
124, 1, 0
125, 1, -1
125, 1, 0
125, 1, 0
125, 1, -1
125, 1, 0
126, 1, 0
124, 1, 0
245, 1, -1
130, 1, 0
125, 1, 0
135, 1, 0
113, 1, -1
124, 1, 0
124, 1, 0
125, 0, -1
125, 1, 0
125, 1, 0
125, 1, 0
125, 1, 0
125, 1, 0
125, 1, -1
247, 1, 0
128, 1, 0
125, 1, -1
125, 1, 0
247, 1, 0
128, 1, 0
125, 1, -1
247, 1, 0
128, 1, 0
125, 1, -1
316, 1, 0
59, 1, 0
127, 1, 0
123, 0, -1
124, 1, 0
128, 1, 0
243, 1, 0
128, 1, 0
124, 0, -1
125, 1, 0
248, 1, 0
130, 1, 0
123, 0, -1
125, 1, 0
125, 1, 0
246, 1, 0
251, 1, 0
127, 0, -1
125, 1, 0
125, 1, 0
248, 1, 0
255, 1, -1
245, 1, 0
250, 1, 0
251, 1, -1
249, 1, 0
404, 1, 0
221, 1, 0
250, 1, -1
250, 1, 0
250, 1, 0
403, 1, 0
223, 0, -1
249, 1, 0
250, 1, 0
406, 1, 0
500, 1, -1
500, 1, 0
377, 1, 0
620, 1, 0
222, 0, -1
403, 1, 0
725, 1, 0
1375, 1, 0
373, 0, -1
7898, -1, -1
1013, -1, 0
1001, -1, 0
213, 0, -1
811, -1, 0
563, -1, 0
531, -1, -1
499, -1, 0
625, -1, 0
345, 0, -1
128, -1, 0
404, -1, 0
469, -1, 0
410, -1, 0
92, 0, -1
247, -1, 0
406, -1, 0
406, -1, 0
188, -1, 0
250, 0, -1
127, -1, 0
405, -1, 0
218, -1, 0
408, -1, 0
217, -1, 0
250, -1, -1
375, -1, 0
255, -1, 0
248, -1, 0
249, -1, 0
250, -1, 0
249, -1, 0
251, -1, 0
128, 0, -1
124, -1, 0
247, -1, 0
250, -1, 0
281, -1, 0
221, -1, 0
249, -1, 0
250, -1, 0
128, -1, 0
247, -1, 0
249, -1, 0
251, -1, 0
127, -1, 0
247, -1, 0
129, 0, -1
124, -1, 0
126, -1, 0
246, -1, 0
128, -1, 0
248, -1, 0
249, -1, 0
129, -1, 0
247, -1, 0
127, -1, 0
247, -1, 0
130, -1, 0
245, -1, 0
129, -1, 0
125, -1, 0
247, -1, 0
127, -1, 0
248, -1, 0
128, -1, 0
125, -1, 0
246, -1, 0
128, -1, 0
126, -1, 0
247, -1, 0
127, -1, 0
166, -1, 0
107, -1, 0
226, -1, 0
129, -1, 0
126, -1, 0
244, -1, 0
131, -1, 0
125, -1, 0
125, -1, 0
243, -2, 0
251, -1, 0
130, -1, 0
125, -1, 0
125, -1, 0
126, -1, 0
244, -1, 0
130, -1, 0
126, -1, 0
124, -1, 0
125, -1, 0
125, -1, 0
126, -1, 0
124, -1, 1
245, -2, 0
251, -1, 0
130, -1, 0
124, -1, 0
126, -1, 0
125, -1, 0
124, -1, 0
125, -1, 0
125, -1, 0
125, -1, 0
126, -1, 1
125, -1, 0
125, -1, 0
124, -1, 0
244, -2, 0
131, -1, 0
125, -1, 0
125, -1, 0
125, -1, 1
126, -1, 0
122, -1, 0
125, -1, 0
125, -1, 0
124, -1, 0
125, -1, 0
126, -1, 0
124, -1, 0
125, -1, 0
126, -1, 1
124, -1, 0
125, -1, 0
125, -1, 0
125, -1, 0
136, -2, 0
237, -1, 1
127, -2, 0
126, -1, 0
124, -1, 0
126, -1, 0
124, -1, 0
143, -1, 0
107, -1, 0
126, -1, 1
124, -2, 0
126, -1, 0
124, -1, 0
128, -1, 0
122, -1, 0
314, -2, 0
187, 0, 1
124, -4, 0
125, -1, 0
125, -2, 1
126, -1, 0
128, -1, 0
123, -1, 0
126, -1, 0
122, -1, 0
126, -1, 1
124, -2, 0
125, -1, 0
125, -1, 0
125, -1, 0
126, -2, 1
124, -1, 0
125, -1, 0
125, -1, 0
125, -1, 0
125, -2, 0
125, -1, 0
125, -2, 1
126, -1, 0
124, -1, 0
125, -1, 0
126, -2, 0
125, -1, 1
124, -1, 0
124, -1, 0
126, -2, 0
125, -1, 1
126, -1, 0
124, -2, 0
125, -1, 0
125, -1, 0
125, -1, 1
125, -2, 0
125, -1, 0
125, -2, 0
125, -1, 1
127, -1, 0
125, -2, 0
124, -1, 0
125, -1, 1
125, -2, 0
125, -1, 0
128, -1, 0
125, -2, 0
121, -1, 1
125, -2, 0
125, -1, 0
126, -1, 0
122, -1, 1
128, -2, 0
123, -1, 0
125, -2, 0
125, -1, 1
125, -1, 0
159, -2, 0
106, -1, 0
119, -2, 1
119, -1, 0
125, -1, 0
125, -2, 1
125, -1, 0
125, -2, 0
125, -1, 0
125, -2, 1
125, -1, 0
125, -2, 0
125, -1, 0
125, -1, 1
125, -2, 0
127, -1, 0
125, -2, 0
125, -1, 1
124, -2, 0
125, -1, 0
125, -2, 1
125, -1, 0
125, -1, 0
124, -2, 0
126, -2, 1
130, -1, 0
120, -1, 0
124, -2, 0
125, -1, 1
125, -2, 0
125, -1, 0
126, -2, 1
126, -1, 0
129, -2, 0
125, -1, 0
120, -2, 1
124, -1, 0
125, -2, 0
126, -1, 1
127, -1, 0
124, -2, 0
125, -1, 1
124, -2, 0
125, -1, 0
125, -2, 0
125, -1, 1
125, -2, 0
125, -2, 0
126, -1, 1
124, -2, 0
125, -1, 0
123, -2, 1
126, -1, 0
124, -2, 0
124, -1, 0
129, -2, 1
123, -1, 0
128, -2, 0
123, -2, 1
124, -1, 0
126, -2, 0
122, -2, 1
124, -1, 0
125, -1, 0
125, -2, 1
126, -1, 0
129, -2, 0
129, -1, 1
117, -2, 0
128, -2, 0
125, -2, 1
123, -1, 0
125, -2, 0
244, -1, 0
257, -2, 1
125, -5, 1
127, -1, 0
121, -2, 1
129, -1, 0
122, -2, 0
129, -1, 0
126, -2, 1
118, -2, 0
124, -1, 0
125, -2, 1
125, -1, 0
129, -2, 0
124, -2, 1
127, -1, 0
123, -2, 0
134, -2, 1
116, -1, 0
124, -2, 0
125, -1, 1
123, -2, 0
125, -2, 0
126, -1, 1
129, -2, 0
123, -1, 1
127, -2, 0
133, -1, 0
117, -2, 1
123, -2, 0
125, -2, 0
125, -1, 1
124, -2, 0
126, -1, 0
128, -2, 0
124, -2, 1
123, -1, 0
128, -2, 1
123, -1, 0
125, -2, 0
124, -2, 0
125, -2, 1
124, -1, 0
126, -2, 1
123, -1, 0
133, -2, 0
122, -2, 1
127, -1, 0
122, -2, 0
125, -1, 0
126, -2, 1
123, -2, 0
124, -2, 1
127, -1, 0
129, -2, 0
128, -1, 1
123, -2, 0
121, -2, 0
124, -1, 0
126, -2, 1
123, -1, 0
126, -2, 0
125, -2, 1
126, -2, 0
132, -1, 0
120, -2, 1
126, -1, 0
127, -2, 1
117, -1, 0
124, -2, 0
124, -2, 1
125, -1, 0
124, -2, 0
126, -2, 1
128, -2, 0
156, -1, 0
112, -2, 1
108, -1, 0
130, -2, 0
121, -1, 1
132, -3, 0
119, -1, 0
122, -1, 1
131, -2, 0
121, -1, 0
127, -2, 1
125, -2, 0
124, -2, 0
129, -1, 1
124, -2, 0
122, -1, 0
123, -2, 1
124, -2, 0
125, -1, 0
132, -2, 1
122, -1, 0
123, -2, 1
124, -2, 0
128, -2, 0
138, -1, 0
114, -2, 1
123, -1, 0
144, -2, 1
125, -2, 0
396, -4, 1
93, -2, 0
124, -1, 1
125, -2, 0
125, -2, 0
123, -2, 1
141, -1, 0
359, -5, 1
123, -1, 0
123, -2, 1
124, -2, 0
125, -1, 1
125, -2, 0
130, -1, 0
118, -2, 1
125, -2, 0
126, -2, 0
125, -1, 1
127, -1, 0
119, -2, 0
125, -1, 0
126, -2, 1
124, -1, 0
288, -2, 1
222, -2, 0
114, -5, 1
126, -1, 0
124, -2, 0
124, -1, 1
125, -2, 0
125, -2, 0
126, -1, 1
125, -2, 0
124, -1, 0
125, -2, 1
124, -1, 0
125, -2, 0
125, -2, 1
125, -1, 0
126, -2, 0
124, -1, 0
127, -2, 1
123, -1, 0
125, -2, 0
125, -1, 1
125, -2, 0
125, -1, 0
125, -2, 1
125, -2, 0
125, -1, 0
126, -1, 0
124, -2, 1
124, -2, 0
126, -1, 0
125, -2, 1
125, -1, 0
125, -2, 0
125, -1, 0
125, -2, 1
124, -1, 0
126, -2, 0
125, -1, 1
125, -1, 0
125, -2, 0
125, -1, 0
125, -2, 1
125, -1, 0
125, -2, 0
124, -1, 1
125, -2, 0
126, -1, 0
125, -2, 0
124, -1, 1
126, -1, 0
125, -2, 0
125, -1, 0
124, -1, 1
127, -2, 0
123, -1, 0
126, -1, 0
124, -2, 1
126, -1, 0
125, -2, 0
124, -1, 0
126, -2, 1
125, -1, 0
125, -1, 0
125, -2, 0
126, -1, 0
124, -2, 1
124, -1, 0
126, -1, 0
124, -1, 0
125, -2, 1
126, -1, 0
124, -2, 0
126, -1, 0
124, -1, 0
126, -1, 1
125, -1, 0
125, -2, 0
125, -1, 0
124, -2, 0
168, -1, 1
83, -1, 0
125, -1, 0
125, -2, 0
125, -1, 0
126, -1, 1
124, -2, 0
126, -1, 0
126, -1, 0
123, -1, 1
125, -2, 0
125, -1, 0
124, -1, 0
126, -1, 0
125, -2, 0
125, -1, 1
125, -1, 0
125, -1, 0
125, -1, 0
124, -2, 0
125, -1, 0
125, -1, 1
126, -1, 0
125, -1, 0
125, -1, 0
125, -2, 0
124, -1, 1
139, -1, 0
115, -1, 0
125, -1, 0
124, -1, 0
125, -1, 0
126, -2, 0
124, -1, 0
125, -1, 1
125, -1, 0
125, -1, 0
125, -1, 0
125, -1, 0
125, -1, 1
125, -1, 0
125, -2, 0
247, -2, 0
128, -1, 0
125, -1, 0
125, -1, 0
125, -1, 1
126, -1, 0
124, -1, 0
125, -1, 0
331, -1, 0
172, -1, 0
123, -3, 0
125, -1, 1
124, -1, 0
125, -1, 0
125, -1, 0
125, -1, 0
125, -1, 0
125, -1, 0
125, -1, 0
125, -1, 0
126, -1, 0
124, 0, 1
125, -2, 0
247, -1, 0
131, -1, 0
125, -1, 0
146, -1, 0
104, -1, 0
126, -1, 0
124, -1, 0
125, -1, 0
244, -1, 0
132, -1, 1
125, -1, 0
124, -1, 0
129, -1, 0
240, -2, 0
249, -1, 0
130, -1, 0
245, -1, 0
130, -1, 0
126, -1, 0
124, -1, 0
244, -1, 0
131, -1, 0
125, -1, 0
245, -1, 0
131, -1, 0
124, -1, 0
245, -1, 0
251, -1, 0
130, -1, 0
125, -1, 0
245, -1, 1
130, -1, 0
243, -1, 0
250, -1, 0
131, -1, 0
244, -1, 0
132, -1, 0
244, -1, 0
250, -1, 0
249, -1, 0
251, -1, 0
250, -1, 0
249, -1, 0
250, -1, 0
250, -1, 0
251, -1, 0
249, -1, 0
387, -1, 0
238, -1, 0
252, -1, 0
559, -1, 0
190, -1, 0
375, -1, 0
410, -1, 0
215, 0, -1
127, -1, 0
544, -1, 0
333, -1, 0
664, -1, 0
583, -1, 0
680, 0, -1
72, -1, 0
875, -1, 0
1159, -1, 0
1248, 0, -1
9183, 1, 0
577, 0, -1
706, 1, 0
929, 1, 0
864, 1, 0
206, 0, -1
541, 1, 0
584, 1, 0
527, 1, 0
402, 0, -1
73, 1, 0
376, 1, 0
497, 1, 0
249, 0, -1
251, 1, 0
407, 1, 0
420, 1, 0
50, 0, -1
247, 1, 0
376, 1, 0
249, 1, 0
250, 0, -1
128, 1, 0
404, 1, 0
218, 1, 0
128, 0, -1
125, 1, 0
247, 1, 0
407, 1, 0
218, 1, -1
250, 1, 0
250, 1, 0
250, 1, 0
139, 0, -1
122, 1, 0
239, 1, 0
250, 1, 0
131, 0, -1
125, 1, 0
244, 1, 0
256, 1, 0
125, 1, -1
244, 1, 0
250, 1, 0
131, 1, 0
125, 0, -1
126, 1, 0
243, 1, 0
250, 1, 0
131, 1, -1
246, 1, 0
250, 1, 0
130, 1, 0
124, 1, -1
244, 1, 0
250, 1, 0
131, 1, -1
125, 1, 0
244, 1, 0
131, 1, 0
125, 0, -1
125, 1, 0
125, 1, 0
244, 1, 0
131, 1, -1
125, 1, 0
244, 1, 0
131, 1, 0
125, 1, -1
245, 1, 0
128, 1, 0
124, 1, 0
247, 1, -1
128, 1, 0
125, 1, 0
125, 1, 0
247, 1, -1
128, 1, 0
125, 1, 0
125, 1, 0
125, 1, 0
125, 0, -1
125, 1, 0
125, 1, 0
125, 1, 0
125, 1, 0
125, 1, -1
247, 1, 0
128, 1, 0
125, 1, 0
125, 1, -1
313, 1, 0
188, 1, 0
124, 2, -1
124, 1, 0
126, 1, 0
125, 1, 0
124, 1, -1
248, 2, 0
250, 1, 0
127, 1, 0
128, 1, -1
124, 1, 0
124, 1, 0
125, 1, 0
125, 1, 0
125, 1, -1
125, 1, 0
125, 1, 0
125, 1, 0
125, 1, -1
125, 1, 0
125, 1, 0
125, 1, 0
125, 1, 0
125, 1, -1
250, 2, 0
125, 1, 0
125, 1, -1
247, 2, 0
128, 1, 0
125, 1, 0
125, 1, 0
125, 1, -1
125, 1, 0
125, 1, 0
125, 1, 0
124, 1, 0
126, 1, -1
125, 1, 0
124, 1, 0
126, 1, 0
124, 1, -1
126, 1, 0
125, 2, 0
247, 1, 0
128, 2, -1
247, 2, 0
128, 1, 0
126, 1, -1
124, 1, 0
125, 1, 0
126, 1, 0
124, 1, 0
125, 2, -1
125, 1, 0
125, 1, 0
125, 1, 0
125, 1, 0
125, 1, -1
125, 1, 0
125, 1, 0
125, 2, 0
125, 1, 0
125, 1, -1
125, 1, 0
125, 1, 0
125, 1, 0
125, 1, -1
125, 2, 0
125, 1, 0
125, 1, 0
125, 1, 0
125, 2, -1
125, 1, 0
125, 1, 0
125, 1, -1
125, 1, 0
125, 1, 0
125, 1, 0
125, 2, 0
125, 1, -1
125, 1, 0
125, 1, 0
125, 2, 0
125, 1, 0
125, 1, -1
126, 1, 0
124, 2, 0
125, 1, 0
125, 1, -1
125, 1, 0
125, 2, 0
125, 1, -1
125, 1, 0
124, 2, 0
126, 1, 0
125, 1, 0
125, 1, -1
125, 2, 0
125, 1, 0
126, 1, 0
125, 1, -1
124, 1, 0
125, 2, 0
125, 1, 0
125, 2, -1
125, 1, 0
125, 1, 0
125, 1, 0
125, 2, -1
125, 1, 0
125, 2, 0
125, 1, 0
125, 1, 0
125, 1, -1
125, 1, 0
125, 2, 0
125, 1, -1
125, 2, 0
125, 1, 0
125, 2, 0
125, 1, -1
125, 1, 0
124, 1, 0
126, 2, 0
125, 1, -1
227, 1, 0
21, 2, 0
126, 1, 0
126, 2, -1
124, 1, 0
125, 1, 0
125, 2, 0
125, 1, -1
125, 1, 0
125, 2, 0
125, 1, 0
125, 1, -1
125, 2, 0
125, 1, 0
125, 2, 0
126, 1, -1
124, 2, 0
125, 1, 0
125, 2, 0
125, 1, -1
125, 1, 0
125, 2, 0
125, 1, 0
125, 2, -1
125, 1, 0
125, 1, 0
125, 2, 0
125, 1, -1
125, 2, 0
126, 1, 0
124, 1, 0
125, 2, -1
125, 1, 0
125, 1, 0
125, 2, 0
125, 2, -1
126, 1, 0
123, 1, 0
125, 2, 0
125, 1, -1
127, 2, 0
124, 1, 0
125, 2, 0
125, 1, -1
125, 1, 0
124, 2, 0
126, 1, -1
124, 2, 0
126, 1, 0
130, 2, 0
121, 1, -1
127, 2, 0
124, 1, 0
123, 2, 0
128, 1, -1
125, 1, 0
122, 2, 0
125, 1, 0
125, 2, -1
125, 1, 0
125, 2, 0
125, 1, 0
125, 2, -1
125, 1, 0
125, 2, 0
125, 1, 0
126, 2, -1
125, 1, 0
125, 1, 0
124, 2, -1
125, 1, 0
125, 2, 0
127, 1, 0
126, 2, -1
121, 1, 0
125, 2, 0
127, 1, 0
129, 2, -1
121, 1, 0
124, 1, 0
125, 2, -1
125, 1, 0
136, 2, 0
114, 1, 0
125, 2, -1
125, 1, 0
125, 2, 0
125, 1, 0
125, 2, -1
125, 1, 0
125, 1, 0
125, 2, -1
125, 1, 0
125, 2, 0
125, 1, 0
125, 2, -1
125, 1, 0
125, 2, 0
125, 1, 0
125, 2, -1
125, 2, 0
125, 1, 0
125, 1, 0
125, 2, -1
125, 1, 0
125, 2, 0
127, 2, 0
123, 1, -1
125, 2, 0
126, 1, 0
124, 2, 0
125, 1, -1
125, 1, 0
125, 2, 0
125, 1, -1
125, 2, 0
125, 1, 0
125, 2, 0
125, 1, -1
125, 2, 0
125, 1, 0
125, 2, 0
125, 1, -1
125, 2, 0
125, 1, 0
125, 1, 0
125, 2, -1
125, 1, 0
125, 2, 0
125, 1, -1
125, 2, 0
125, 1, 0
125, 2, -1
281, 1, 0
221, 2, 0
123, 4, -1
125, 2, 0
125, 2, 0
126, 1, 0
124, 2, -1
125, 1, 0
125, 2, 0
125, 1, -1
125, 2, 0
126, 1, 0
124, 1, 0
125, 2, -1
126, 1, 0
124, 2, 0
125, 1, 0
125, 2, -1
125, 1, 0
125, 2, 0
125, 1, -1
125, 2, 0
125, 1, 0
126, 1, 0
124, 2, -1
125, 1, 0
125, 2, 0
125, 1, 0
126, 2, -1
124, 1, 0
125, 2, 0
125, 1, -1
125, 2, 0
125, 1, 0
125, 1, 0
126, 2, -1
124, 1, 0
126, 2, 0
124, 1, -1
125, 2, 0
125, 1, 0
125, 2, 0
127, 1, -1
125, 2, 0
126, 1, 0
124, 1, 0
125, 2, -1
126, 1, 0
124, 2, 0
125, 1, -1
125, 1, 0
125, 2, 0
124, 1, 0
124, 1, -1
126, 2, 0
124, 1, 0
125, 2, 0
125, 1, -1
125, 1, 0
125, 2, 0
125, 1, 0
125, 2, -1
125, 1, 0
125, 2, 0
125, 1, 0
125, 1, -1
125, 1, 0
125, 2, 0
125, 1, -1
125, 1, 0
125, 2, 0
125, 1, 0
125, 2, 0
125, 1, -1
125, 2, 0
124, 1, 0
126, 1, -1
125, 1, 0
125, 2, 0
125, 1, 0
125, 1, 0
125, 2, -1
125, 1, 0
125, 2, 0
125, 1, -1
125, 1, 0
125, 1, 0
125, 2, 0
125, 1, 0
125, 2, -1
125, 1, 0
125, 1, 0
125, 1, -1
125, 1, 0
125, 2, 0
125, 1, 0
125, 1, -1
124, 1, 0
130, 2, 0
123, 1, 0
139, 2, -1
128, 1, 0
108, 1, 0
126, 1, 0
125, 1, 0
125, 2, -1
124, 1, 0
126, 1, 0
125, 1, 0
125, 2, -1
126, 1, 0
126, 1, 0
123, 1, 0
124, 2, -1
126, 1, 0
125, 1, 0
125, 1, 0
125, 1, 0
125, 2, -1
125, 1, 0
125, 1, 0
126, 1, -1
124, 2, 0
126, 1, 0
124, 1, 0
124, 1, 0
125, 1, 0
125, 1, -1
126, 1, 0
125, 2, 0
125, 1, 0
553, 1, -1
197, 1, 0
125, 6, -1
125, 1, 0
124, 1, 0
126, 1, -1
124, 1, 0
126, 1, 0
125, 1, 0
125, 1, -1
125, 1, 0
125, 2, 0
124, 1, 0
126, 1, -1
122, 1, 0
124, 1, 0
125, 1, 0
125, 1, 0
125, 1, 0
126, 1, -1
126, 1, 0
124, 1, 0
125, 1, 0
125, 1, -1
129, 2, 0
243, 1, 0
128, 1, 0
125, 1, 0
125, 1, -1
125, 1, 0
125, 1, 0
125, 1, 0
125, 1, -1
124, 1, 0
125, 1, 0
126, 1, 0
124, 1, 0
125, 1, 0
125, 1, -1
125, 1, 0
125, 1, 0
125, 1, 0
125, 1, -1
126, 1, 0
246, 2, 0
251, 1, 0
127, 1, -1
125, 1, 0
125, 1, 0
126, 1, 0
125, 1, -1
125, 1, 0
124, 1, 0
248, 1, 0
128, 1, -1
124, 1, 0
125, 1, 0
248, 1, 0
127, 1, 0
126, 1, -1
124, 1, 0
125, 1, 0
247, 1, -1
129, 1, 0
127, 1, 0
122, 1, 0
248, 1, 0
127, 1, 0
125, 1, -1
248, 1, 0
127, 1, 0
126, 1, 0
125, 0, -1
125, 1, 0
127, 1, 0
247, 1, 0
248, 1, -1
127, 1, 0
125, 1, 0
248, 1, 0
249, 1, 0
128, 1, -1
125, 1, 0
248, 1, 0
250, 1, 0
127, 1, -1
247, 1, 0
251, 1, 0
250, 1, 0
127, 1, 0
125, 0, -1
125, 1, 0
247, 1, 0
251, 1, 0
249, 1, -1
251, 1, 0
389, 1, 0
239, 1, 0
126, 0, -1
124, 1, 0
247, 1, 0
249, 1, 0
490, 1, 0
264, 0, -1
124, 1, 0
247, 1, 0
251, 1, 0
400, 0, -1
103, 1, 0
379, 1, 0
536, 1, 0
609, 1, -1
473, 1, 0
877, 1, 0
1126, 0, -1
496, 1, 0
5678, -1, 0
1949, -1, 0
1031, 0, -1
501, -1, 0
1248, -1, 0
1133, -1, 0
873, -1, 0
838, -1, 0
529, 0, -1
98, -1, 0
779, -1, 0
598, -1, 0
650, -1, 0
623, -1, 0
379, -1, 0
642, -1, 0
326, -1, 0
500, -1, 0
407, -1, 0
503, -1, 0
215, -1, 0
533, -1, 0
217, -1, 0
375, -1, 0
376, -1, 0
409, -1, 0
215, -1, 0
407, -1, 0
218, -1, 0
250, -1, 0
409, -1, 0
216, -1, 0
250, -1, 0
250, -1, 0
250, -1, 0
250, -1, 0
251, -1, 0
250, -1, 0
249, -1, 1
250, -1, 0
128, -1, 0
402, -1, 0
98, -1, 0
247, -1, 0
250, -1, 0
128, -1, 0
247, -1, 0
130, 0, 1
123, -1, 0
125, -1, 0
435, -1, 0
191, -1, 0
124, -2, 0
247, -1, 0
128, 0, 1
127, -1, 0
124, -1, 0
125, -1, 0
246, -1, 0
129, -1, 0
247, -1, 0
128, -1, 0
247, -1, 1
128, -1, 0
124, -1, 0
248, -1, 0
127, -1, 0
125, -1, 0
248, -1, 0
127, -1, 1
126, -1, 0
247, -1, 0
127, -1, 0
125, -1, 0
125, -1, 0
126, -1, 0
124, 0, 1
125, -1, 0
126, -1, 0
124, -1, 0
126, -1, 0
124, -1, 0
125, 0, 1
125, -1, 0
125, -1, 0
125, -1, 0
125, -1, 0
125, -1, 0
249, -1, 0
127, -1, 1
124, -1, 0
126, -1, 0
124, -1, 0
125, -1, 0
125, -1, 0
125, -1, 1
126, -1, 0
124, -1, 0
248, -2, 0
250, -2, 1
249, -1, 0
132, -1, 0
124, -1, 0
125, -1, 0
126, -1, 1
124, -1, 0
125, -1, 0
125, -1, 0
125, -1, 0
125, -1, 1
125, -1, 0
125, -1, 0
125, -1, 0
125, -1, 0
125, -1, 0
125, -1, 1
125, -1, 0
125, -1, 0
125, -2, 0
244, -2, 1
131, -1, 0
126, -1, 0
124, -1, 0
125, -1, 0
125, -1, 1
125, -1, 0
125, -1, 0
125, -1, 0
125, -1, 1
125, -1, 0
125, -2, 0
125, -1, 0
125, -1, 0
125, -1, 0
125, -1, 1
125, -1, 0
125, -1, 0
125, -1, 0
126, -1, 1
124, -2, 0
244, -2, 0
131, -1, 0
125, -1, 1
125, -1, 0
125, -2, 0
246, -2, 1
126, -1, 0
126, -1, 0
124, -1, 0
125, -1, 0
125, -2, 1
125, -1, 0
125, -1, 0
125, -1, 0
125, -2, 1
125, -1, 0
125, -1, 0
125, -1, 0
125, -1, 1
125, -2, 0
125, -1, 0
126, -1, 0
124, -1, 1
125, -2, 0
125, -1, 0
125, -1, 0
126, -1, 1
124, -2, 0
227, -1, 0
23, -1, 0
133, -1, 1
117, -1, 0
125, -2, 0
125, -1, 0
125, -1, 1
125, -1, 0
125, -2, 0
125, -1, 0
125, -2, 1
125, -1, 0
125, -1, 0
125, -1, 1
125, -1, 0
125, -2, 0
125, -1, 0
125, -2, 1
125, -1, 0
125, -1, 0
125, -1, 0
125, -2, 1
125, -1, 0
125, -2, 1
125, -1, 0
125, -1, 0
125, -2, 0
125, -1, 0
125, -1, 1
125, -1, 0
125, -2, 0
125, -1, 1
125, -2, 0
125, -1, 0
125, -2, 1
128, -1, 0
122, -1, 0
125, -2, 0
125, -1, 1
124, -1, 0
125, -2, 0
126, -1, 1
125, -2, 0
125, -1, 0
124, -1, 0
125, -2, 1
126, -1, 0
124, -1, 0
126, -2, 1
124, -1, 0
125, -2, 0
126, -1, 1
128, -2, 0
122, -1, 0
125, -2, 1
125, -1, 0
125, -2, 0
125, -1, 1
144, -1, 0
106, -2, 0
125, -1, 0
125, -2, 1
126, -1, 0
125, -2, 1
124, -1, 0
125, -2, 0
125, -1, 0
125, -2, 1
125, -1, 0
125, -1, 0
125, -2, 1
125, -2, 0
126, -1, 1
124, -2, 0
125, -1, 0
125, -2, 1
125, -1, 0
124, -2, 0
126, -2, 1
125, -1, 0
125, -1, 0
125, -2, 1
125, -1, 0
125, -2, 0
125, -1, 1
125, -2, 0
125, -1, 0
125, -2, 1
125, -1, 0
125, -2, 0
125, -2, 1
125, -1, 0
125, -2, 0
125, -1, 1
125, -2, 0
125, -1, 0
125, -2, 1
125, -2, 0
125, -2, 0
125, -1, 1
125, -2, 0
125, -1, 0
125, -1, 1
125, -2, 0
125, -1, 0
124, -3, 1
126, -1, 0
125, -2, 1
125, -1, 0
125, -2, 0
125, -1, 1
125, -2, 0
125, -2, 0
125, -1, 1
125, -2, 0
125, -1, 0
125, -2, 1
125, -1, 0
125, -2, 1
125, -2, 0
125, -2, 0
125, -1, 1
125, -2, 0
125, -1, 0
124, -2, 1
125, -2, 0
126, -1, 1
124, -2, 0
125, -1, 0
125, -2, 1
126, -2, 0
125, -2, 1
124, -1, 0
270, -2, 0
233, -2, 1
122, -4, 1
125, -2, 0
126, -2, 0
124, -2, 1
125, -1, 0
126, -2, 1
125, -1, 0
124, -2, 0
125, -2, 1
125, -1, 0
125, -2, 1
125, -2, 0
125, -2, 0
125, -1, 1
125, -2, 0
125, -2, 0
125, -2, 1
125, -1, 0
125, -2, 1
127, -1, 0
127, -2, 0
123, -2, 1
124, -1, 0
126, -2, 1
135, -2, 0
114, -2, 0
125, -1, 1
125, -2, 0
125, -2, 1
125, -2, 0
125, -1, 0
125, -2, 1
125, -2, 0
125, -1, 1
125, -2, 0
125, -2, 0
125, -2, 1
125, -1, 0
125, -2, 1
124, -2, 0
126, -2, 1
125, -1, 0
125, -2, 0
125, -2, 1
125, -1, 0
125, -2, 0
125, -2, 1
126, -2, 0
123, -1, 1
125, -2, 0
125, -2, 1
128, -2, 0
123, -1, 0
124, -2, 1
125, -2, 0
126, -1, 1
128, -2, 0
123, -2, 0
123, -2, 1
125, -1, 0
125, -2, 1
127, -2, 0
124, -2, 1
124, -1, 0
125, -2, 1
125, -2, 0
126, -1, 0
132, -2, 1
118, -2, 0
125, -2, 1
125, -1, 0
125, -2, 0
125, -2, 1
125, -2, 0
125, -1, 1
125, -3, 0
125, -1, 1
125, -1, 0
126, -3, 0
125, -1, 1
124, -2, 0
125, -1, 1
125, -3, 0
125, -1, 1
124, -2, 0
126, -2, 0
126, -2, 1
124, -1, 0
125, -3, 1
125, -1, 0
125, -1, 1
125, -3, 0
125, -1, 1
125, -2, 0
124, -2, 0
126, -2, 1
125, -1, 0
141, -2, 1
108, -2, 0
126, -2, 1
126, -1, 0
126, -2, 1
125, -2, 0
124, -1, 1
123, -2, 0
126, -2, 0
125, -2, 1
125, -1, 0
125, -2, 1
125, -2, 0
125, -2, 1
125, -1, 0
125, -2, 0
125, -2, 1
124, -1, 0
126, -3, 1
125, -1, 0
125, -2, 1
125, -2, 0
125, -1, 1
125, -2, 0
125, -2, 1
125, -1, 0
125, -3, 0
125, -1, 1
125, -1, 0
125, -3, 1
126, -1, 0
124, -2, 1
323, -1, 0
178, -2, 1
123, -5, 1
125, -2, 0
125, -2, 1
125, -1, 0
125, -2, 1
125, -2, 0
125, -2, 0
125, -1, 1
125, -2, 0
125, -1, 1
125, -2, 0
125, -2, 1
125, -2, 0
125, -1, 0
125, -2, 1
125, -2, 0
125, -1, 1
125, -2, 0
125, -1, 1
125, -2, 0
146, -2, 0
104, -2, 1
125, -1, 0
125, -2, 1
128, -1, 0
122, -3, 1
128, -1, 0
123, -1, 0
124, -2, 1
125, -2, 0
125, -2, 1
126, -1, 0
124, -2, 1
126, -1, 0
123, -2, 1
126, -2, 0
125, -2, 0
125, -1, 1
125, -1, 0
125, -2, 1
125, -1, 0
125, -3, 0
125, -1, 1
126, -2, 0
125, -1, 1
124, -2, 0
125, -1, 0
125, -2, 1
125, -2, 0
125, -1, 1
128, -2, 0
124, -1, 0
124, -2, 1
124, -1, 0
126, -2, 1
124, -2, 0
125, -1, 1
125, -2, 0
125, -2, 0
125, -1, 1
125, -1, 0
125, -2, 1
125, -1, 0
126, -2, 0
125, -1, 1
124, -2, 0
125, -2, 1
125, -2, 0
125, -1, 0
125, -2, 1
125, -1, 0
125, -2, 1
125, -1, 0
125, -1, 0
125, -2, 1
125, -1, 0
125, -2, 1
126, -1, 0
124, -2, 1
127, -1, 0
123, -2, 0
125, -1, 1
125, -2, 0
125, -1, 1
125, -2, 0
125, -2, 0
125, -1, 1
125, -1, 0
126, -2, 0
124, -1, 1
125, -2, 0
125, -1, 1
126, -2, 0
124, -1, 0
125, -1, 1
126, -2, 0
128, -1, 1
125, -2, 0
145, -1, 0
104, -1, 1
125, -2, 0
126, -1, 0
140, -2, 1
110, -1, 0
126, -2, 1
126, -1, 0
123, -2, 0
124, -1, 1
145, -1, 0
105, -2, 0
126, -1, 1
125, -2, 0
124, -1, 0
127, -1, 1
125, -1, 0
128, -2, 1
122, -1, 0
124, -2, 0
126, -1, 1
126, -1, 0
123, -2, 0
125, -1, 1
125, -1, 0
124, -1, 0
140, -2, 1
111, -1, 0
124, -2, 0
125, -1, 1
125, -1, 0
130, -2, 0
492, -1, 1
255, -1, 0
124, -7, 2
125, -1, 0
125, -1, 0
125, -2, 1
144, -1, 0
105, -1, 0
125, -1, 1
125, -1, 0
125, -2, 0
128, -1, 1
123, -1, 0
124, -1, 0
127, -2, 1
121, -1, 0
125, -1, 0
125, -1, 1
125, -1, 0
124, -2, 0
125, -1, 0
125, -1, 1
125, -1, 0
125, -2, 0
125, -1, 1
126, -1, 0
125, -1, 0
127, -1, 1
122, -1, 0
125, -1, 0
125, -2, 1
125, -1, 0
125, -1, 0
125, -1, 0
125, -1, 1
125, -1, 0
125, -2, 0
126, -1, 1
124, -1, 0
125, -1, 0
125, -1, 1
125, -1, 0
125, -1, 0
125, -1, 0
125, -1, 1
125, -2, 0
125, -1, 0
125, -1, 0
125, -1, 1
125, -1, 0
126, -1, 0
125, -1, 0
126, -1, 1
123, -1, 0
127, -1, 0
123, -1, 1
124, -1, 0
125, -1, 0
126, -1, 0
125, -1, 1
125, -2, 0
247, -1, 0
128, -2, 1
247, -1, 0
128, -1, 0
125, -1, 1
125, -1, 0
125, -2, 0
247, -1, 1
128, -1, 0
125, -1, 0
125, -1, 0
125, -1, 0
125, -1, 1
125, -1, 0
126, -1, 0
124, -1, 0
125, -1, 1
125, -1, 0
125, -1, 0
247, -1, 0
128, -1, 1
125, -1, 0
125, -1, 0
125, -1, 0
125, -1, 1
247, -2, 0
250, -1, 0
128, -1, 1
125, -1, 0
125, -1, 0
247, -1, 0
128, -1, 0
125, -1, 1
125, -1, 0
247, -1, 0
128, -1, 0
126, -1, 1
246, -1, 0
128, -1, 0
125, -1, 0
125, -1, 0
125, 0, 1
125, -1, 0
125, -1, 0
125, -1, 0
247, -1, 1
128, -1, 0
125, -1, 0
247, -1, 0
128, -1, 0
247, -1, 1
128, -1, 0
247, -1, 0
128, -1, 0
125, -1, 0
270, 0, 1
231, -1, 0
124, -2, 0
247, -1, 0
250, -1, 1
128, -1, 0
247, -1, 0
250, -1, 0
128, -1, 0
247, -1, 0
128, -1, 1
247, -1, 0
250, -1, 0
250, -1, 0
250, -1, 0
128, 0, 1
183, -1, 0
200, -1, 0
239, -1, 0
250, -1, 0
250, -1, 0
250, -1, 0
131, 0, 1
246, -1, 0
248, -1, 0
250, -1, 0
375, -1, 0
250, -1, 0
406, -1, 0
345, -1, 1
250, -1, 0
531, -1, 0
344, -1, 0
404, -1, 0
471, -1, 0
409, -1, 0
501, -1, 0
519, -1, 0
572, -1, 0
635, -1, 0
775, -1, 0
875, -1, 0
1125, -1, 0
1628, -1, 0
16146, 1, 0
1512, 1, 0
305, 0, -1
656, 1, 0
1000, 1, 0
623, 1, 0
799, 1, 0
49, 0, -1
528, 1, 0
625, 1, 0
491, 1, 0
477, 1, 0
251, 0, -1
249, 1, 0
500, 1, 0
376, 1, 0
536, 1, 0
213, 0, -1
132, 1, 0
388, 1, 0
412, 1, 0
382, 1, 0
311, 1, 0
132, 0, -1
124, 1, 0
406, 1, 0
339, 1, 0
377, 1, 0
248, 1, -1
376, 1, 0
249, 1, 0
250, 1, 0
408, 1, 0
95, 0, -1
125, 1, 0
247, 1, 0
375, 1, 0
128, 1, 0
373, 1, 0
127, 0, -1
125, 1, 0
247, 1, 0
250, 1, 0
250, 1, 0
250, 1, -1
251, 1, 0
250, 1, 0
250, 1, 0
250, 1, 0
250, 1, -1
128, 1, 0
400, 1, 0
235, 1, 0
115, 1, 0
125, 1, 0
124, 0, -1
123, 1, 0
247, 1, 0
250, 1, 0
250, 1, 0
128, 1, -1
247, 1, 0
250, 1, 0
127, 1, 0
126, 1, 0
247, 1, 0
128, 0, -1
125, 1, 0
125, 1, 0
247, 1, 0
250, 1, 0
128, 1, 0
125, 1, 0
247, 1, -1
128, 1, 0
247, 1, 0
128, 1, 0
247, 1, 0
128, 1, 0
247, 1, -1
128, 1, 0
125, 1, 0
247, 1, 0
128, 1, 0
247, 1, 0
128, 1, -1
125, 1, 0
247, 1, 0
128, 1, 0
125, 1, 0
248, 1, 0
127, 1, -1
247, 1, 0
128, 1, 0
125, 1, 0
247, 1, 0
128, 1, 0
125, 1, -1
247, 1, 0
128, 1, 0
125, 1, 0
125, 1, 0
125, 0, -1
125, 1, 0
125, 1, 0
125, 1, 0
125, 1, 0
125, 1, 0
247, 1, 0
128, 1, -1
125, 1, 0
125, 1, 0
247, 1, 0
128, 1, 0
125, 1, 0
125, 1, 0
125, 1, -1
125, 1, 0
247, 1, 0
128, 1, 0
125, 1, 0
125, 1, 0
125, 1, -1
125, 1, 0
125, 1, 0
247, 2, 0
250, 1, 0
128, 1, -1
125, 1, 0
125, 1, 0
125, 1, 0
125, 1, 0
124, 1, 0
126, 1, 0
125, 1, -1
125, 1, 0
247, 1, 0
129, 1, 0
125, 1, 0
126, 1, 0
127, 1, -1
120, 1, 0
126, 1, 0
125, 1, 0
124, 1, 0
126, 1, 0
125, 1, -1
125, 1, 0
125, 1, 0
125, 1, 0
125, 1, 0
125, 1, 0
125, 1, 0
125, 1, -1
125, 1, 0
125, 1, 0
125, 1, 0
310, 1, 0
190, 1, 0
125, 3, -1
247, 2, 0
128, 1, 0
125, 1, 0
125, 1, -1
125, 1, 0
125, 1, 0
125, 1, 0
124, 1, 0
126, 1, 0
124, 1, 0
126, 1, -1
125, 1, 0
125, 1, 0
124, 1, 0
128, 1, 0
123, 1, 0
125, 1, -1
124, 1, 0
128, 1, 0
122, 1, 0
125, 1, 0
125, 1, 0
126, 2, 0
125, 0, -1
124, 2, 0
126, 1, 0
143, 1, 0
106, 1, 0
125, 1, 0
125, 1, -1
125, 1, 0
125, 1, 0
126, 1, 0
125, 2, 0
246, 2, -1
128, 1, 0
125, 1, 0
125, 1, 0
125, 2, 0
125, 0, -1
126, 1, 0
124, 2, 0
125, 1, 0
125, 1, 0
125, 1, -1
125, 1, 0
125, 1, 0
125, 2, 0
125, 1, 0
126, 1, 0
124, 1, -1
125, 1, 0
125, 1, 0
125, 1, 0
125, 2, 0
125, 1, -1
126, 1, 0
143, 1, 0
106, 2, 0
125, 1, 0
125, 1, -1
125, 1, 0
125, 1, 0
125, 1, 0
125, 1, 0
125, 2, 0
125, 1, -1
125, 1, 0
125, 1, 0
125, 2, 0
125, 1, 0
125, 1, -1
127, 1, 0
123, 1, 0
125, 2, 0
125, 1, 0
125, 1, -1
125, 1, 0
125, 2, 0
125, 1, 0
126, 1, -1
124, 1, 0
125, 2, 0
125, 1, 0
128, 1, 0
122, 2, -1
125, 1, 0
125, 1, 0
125, 1, 0
125, 2, -1
125, 1, 0
125, 1, 0
125, 1, 0
125, 2, 0
125, 1, -1
125, 2, 0
125, 1, 0
125, 1, 0
125, 1, -1
125, 1, 0
125, 2, 0
125, 1, 0
126, 2, -1
124, 1, 0
126, 1, 0
124, 1, 0
125, 2, 0
125, 1, 0
125, 1, -1
125, 2, 0
125, 1, 0
125, 1, -1
125, 2, 0
125, 1, 0
125, 1, 0
125, 2, 0
125, 1, -1
125, 2, 0
125, 1, 0
125, 1, 0
125, 1, -1
125, 2, 0
125, 1, 0
125, 1, 0
125, 2, -1
125, 1, 0
125, 2, 0
222, 1, 0
29, 2, -1
128, 1, 0
121, 1, 0
125, 1, 0
125, 2, 0
125, 1, -1
125, 1, 0
125, 2, 0
124, 1, -1
126, 2, 0
126, 1, 0
124, 2, 0
125, 1, -1
125, 1, 0
126, 2, 0
124, 1, 0
125, 2, -1
125, 1, 0
125, 1, 0
125, 1, 0
125, 2, -1
125, 1, 0
125, 2, 0
125, 1, 0
125, 1, -1
125, 2, 0
125, 1, 0
125, 2, 0
125, 1, -1
125, 2, 0
125, 1, 0
125, 2, -1
125, 1, 0
125, 2, 0
125, 1, 0
125, 1, 0
125, 2, -1
125, 1, 0
125, 2, 0
125, 1, -1
124, 2, 0
126, 1, 0
125, 2, -1
125, 1, 0
125, 2, 0
125, 1, 0
125, 1, -1
125, 2, 0
125, 1, 0
125, 2, 0
125, 1, -1
125, 2, 0
125, 1, 0
125, 2, -1
125, 1, 0
125, 2, 0
125, 1, 0
125, 1, -1
125, 2, 0
125, 1, 0
125, 2, -1
125, 1, 0
125, 2, 0
125, 1, -1
125, 2, 0
125, 1, 0
125, 2, 0
125, 1, -1
125, 2, 0
125, 2, 0
125, 1, -1
124, 1, 0
126, 2, 0
124, 2, 0
126, 1, -1
125, 2, 0
125, 1, 0
125, 2, -1
125, 1, 0
125, 1, 0
125, 2, -1
125, 1, 0
125, 2, 0
125, 1, 0
125, 2, -1
125, 1, 0
125, 2, 0
125, 2, -1
125, 1, 0
125, 2, 0
125, 1, -1
125, 2, 0
125, 1, 0
125, 2, 0
125, 1, -1
125, 2, 0
125, 1, 0
125, 2, -1
125, 1, 0
125, 2, 0
125, 1, -1
125, 2, 0
125, 1, 0
125, 1, -1
125, 2, 0
125, 2, 0
125, 1, -1
125, 2, 0
125, 1, 0
125, 2, -1
125, 2, 0
125, 1, 0
125, 1, -1
125, 2, 0
125, 1, 0
125, 2, 0
125, 1, -1
125, 2, 0
126, 1, 0
123, 2, -1
125, 2, 0
140, 1, 0
112, 2, -1
123, 1, 0
125, 2, 0
130, 1, -1
132, 2, 0
117, 1, 0
125, 2, -1
122, 1, 0
126, 2, 0
127, 2, -1
265, 1, 0
233, 2, 0
124, 4, -1
125, 2, 0
125, 1, -1
125, 2, 0
124, 1, -1
126, 2, 0
124, 1, 0
125, 2, -1
126, 2, 0
126, 2, 0
126, 1, 0
124, 1, -1
124, 2, 0
125, 1, -1
124, 2, 0
126, 1, 0
125, 2, 0
125, 1, -1
125, 2, 0
125, 1, 0
125, 2, -1
125, 2, 0
125, 1, 0
125, 2, -1
125, 1, 0
126, 2, 0
124, 1, -1
125, 2, 0
125, 1, 0
125, 2, -1
125, 1, 0
124, 2, 0
130, 1, -1
123, 1, 0
126, 3, 0
124, 1, -1
125, 1, 0
122, 2, 0
126, 2, -1
125, 1, 0
125, 2, 0
125, 1, -1
125, 2, 0
124, 1, 0
126, 1, 0
125, 2, -1
124, 1, 0
126, 2, -1
125, 1, 0
125, 2, 0
125, 1, -1
125, 2, 0
125, 2, 0
125, 1, -1
125, 2, 0
125, 1, 0
125, 2, -1
125, 1, 0
125, 2, 0
125, 1, -1
124, 2, 0
126, 1, 0
125, 2, -1
124, 1, 0
126, 2, 0
126, 1, 0
124, 2, -1
125, 1, 0
125, 1, 0
125, 2, -1
125, 2, 0
125, 1, 0
125, 2, -1
125, 1, 0
125, 2, 0
125, 2, -1
125, 1, 0
127, 1, 0
123, 2, -1
125, 1, 0
125, 2, 0
143, 1, -1
108, 2, 0
127, 1, 0
123, 2, -1
123, 1, 0
126, 2, 0
139, 1, 0
111, 1, -1
124, 2, 0
125, 1, 0
125, 2, -1
125, 1, 0
126, 2, 0
125, 1, -1
124, 2, 0
126, 1, -1
129, 2, 0
122, 1, 0
124, 2, 0
125, 1, -1
124, 1, 0
125, 2, 0
126, 1, 0
125, 2, -1
126, 1, 0
124, 2, -1
125, 1, 0
125, 2, 0
124, 1, 0
126, 1, -1
125, 2, 0
124, 1, 0
125, 2, -1
126, 1, 0
125, 2, 0
125, 1, -1
124, 2, 0
125, 1, 0
126, 2, -1
124, 1, 0
125, 1, 0
125, 2, 0
126, 1, -1
124, 2, 0
125, 1, 0
125, 2, -1
125, 1, 0
125, 2, 0
322, 1, -1
179, 2, 0
124, 4, -1
125, 1, 0
125, 2, 0
125, 1, -1
125, 2, 0
125, 1, 0
125, 1, -1
125, 2, 0
125, 1, 0
125, 1, -1
125, 2, 0
125, 1, 0
125, 1, -1
125, 2, 0
125, 1, 0
125, 2, 0
125, 1, -1
125, 2, 0
125, 1, 0
125, 2, -1
125, 1, 0
125, 1, 0
125, 1, -1
125, 1, 0
125, 2, 0
126, 1, 0
124, 2, -1
125, 1, 0
170, 2, -1
83, 1, 0
126, 1, 0
144, 1, 0
106, 2, -1
125, 1, 0
124, 1, 0
126, 2, -1
124, 1, 0
124, 2, 0
125, 1, 0
127, 1, -1
124, 1, 0
124, 2, -1
130, 1, 0
121, 2, 0
129, 1, 0
124, 1, 0
126, 2, -1
122, 1, 0
131, 1, 0
135, 1, 0
121, 2, -1
112, 1, 0
126, 1, -1
124, 1, 0
125, 2, 0
125, 1, 0
125, 1, 0
126, 2, -1
124, 1, 0
125, 1, -1
125, 1, 0
125, 2, 0
125, 1, 0
125, 1, -1
125, 1, 0
125, 2, 0
126, 1, 0
124, 1, -1
125, 1, 0
127, 1, 0
124, 2, -1
125, 1, 0
125, 1, 0
125, 1, 0
125, 2, -1
125, 1, 0
125, 1, 0
125, 1, 0
125, 2, -1
121, 1, 0
126, 1, 0
125, 1, -1
125, 1, 0
124, 2, 0
248, 2, -1
128, 1, 0
125, 1, 0
125, 1, 0
125, 2, -1
124, 1, 0
126, 1, 0
124, 1, 0
125, 1, 0
126, 1, -1
125, 1, 0
125, 1, 0
125, 1, -1
125, 2, 0
125, 1, 0
125, 1, 0
125, 1, -1
125, 1, 0
124, 1, 0
126, 1, 0
126, 1, -1
124, 1, 0
125, 1, 0
125, 1, 0
125, 2, -1
247, 2, 0
128, 1, 0
247, 2, -1
128, 1, 0
125, 1, 0
124, 1, 0
125, 1, -1
126, 1, 0
125, 1, 0
125, 1, 0
124, 1, -1
126, 1, 0
144, 1, 0
105, 1, 0
125, 1, 0
125, 1, -1
125, 1, 0
125, 1, 0
248, 2, -1
252, 1, 0
125, 1, 0
125, 1, 0
125, 1, 0
125, 1, -1
125, 1, 0
126, 1, 0
124, 1, 0
125, 1, 0
125, 1, -1
248, 1, 0
131, 1, 0
121, 1, 0
125, 1, -1
141, 1, 0
231, 1, 0
128, 1, -1
125, 1, 0
125, 1, 0
125, 1, 0
125, 1, 0
125, 0, -1
125, 1, 0
125, 1, 0
125, 1, 0
125, 1, 0
247, 1, -1
128, 1, 0
125, 1, 0
247, 1, 0
128, 1, 0
247, 1, -1
128, 1, 0
125, 1, 0
247, 1, 0
128, 1, -1
125, 1, 0
247, 1, 0
128, 1, 0
247, 1, 0
128, 1, -1
247, 1, 0
128, 1, 0
251, 1, 0
248, 1, -1
126, 1, 0
247, 1, 0
250, 1, 0
128, 1, 0
125, 0, -1
138, 1, 0
234, 1, 0
250, 1, 0
250, 1, 0
131, 0, -1
126, 1, 0
251, 1, 0
243, 1, 0
249, 1, 0
252, 1, -1
248, 1, 0
382, 1, 0
247, 1, 0
247, 1, 0
131, 0, -1
245, 1, 0
376, 1, 0
408, 1, 0
340, 1, 0
502, 1, -1
539, 1, 0
498, 1, 0
621, 1, 0
598, 0, -1
119, 1, 0
1374, 1, 0
7058, -1, 0
2113, -1, 0
1330, -1, 0
1157, -1, 0
96, 0, -1
776, -1, 0
719, -1, 0
752, -1, 0
623, -1, 0
625, -1, 0
533, -1, 0
539, -1, 0
428, -1, 0
499, -1, 0
404, -1, 0
400, -1, 0
349, -1, 0
399, -1, 0
78, 0, -1
245, -1, 0
404, -1, 0
222, -1, 0
407, -1, 0
217, -1, 0
405, -1, 0
220, -1, 0
406, -1, 0
219, -1, 0
250, -1, 0
250, -1, 0
250, -1, 0
250, -1, 0
250, -1, 0
268, -1, 0
232, -1, 0
250, -1, 0
250, -1, 0
131, -1, 0
244, -1, 0
250, -1, 0
250, -1, 0
250, -1, 0
131, -1, 0
244, -1, 0
250, -1, 0
131, -1, 0
244, -1, 0
131, -1, 0
244, -1, 0
131, -1, 0
244, -1, 0
251, -1, 0
131, -1, 0
124, -1, 0
244, -1, 1
131, -1, 0
244, -1, 0
130, -1, 0
126, -1, 0
244, -1, 0
131, -1, 0
125, -1, 0
244, -1, 0
131, -1, 0
125, -1, 0
244, -1, 0
128, -1, 1
247, -1, 0
128, -1, 0
125, -1, 0
125, -1, 0
125, -1, 0
247, -1, 0
128, -1, 0
125, -1, 0
125, -1, 0
125, -1, 1
247, -1, 0
128, -1, 0
125, -1, 0
125, -1, 0
125, -1, 0
125, -1, 0
247, -1, 0
128, -1, 1
125, -1, 0
125, -1, 0
125, -1, 0
125, -1, 0
218, -1, 0
32, -1, 0
135, -1, 0
115, -1, 1
247, -1, 0
128, -1, 0
125, -1, 0
126, -1, 0
124, -1, 0
125, -1, 0
125, -1, 0
125, -1, 1
125, -1, 0
125, -1, 0
125, -1, 0
125, -1, 0
124, -1, 0
126, -1, 1
125, -1, 0
125, -1, 0
125, -1, 0
125, -1, 0
124, -1, 0
126, -1, 0
124, -1, 1
126, -1, 0
125, -1, 0
125, -1, 0
125, -1, 0
124, -1, 0
126, -1, 0
125, -2, 1
125, -1, 0
125, -1, 0
125, -1, 0
125, -1, 0
125, -1, 1
125, -1, 0
125, -1, 0
124, -1, 0
126, -1, 0
125, -1, 0
125, -2, 0
125, -1, 1
125, -1, 0
125, -1, 0
125, -1, 0
125, -1, 0
125, -1, 1
125, -2, 0
125, -1, 0
125, -1, 0
125, -1, 0
125, -1, 1
125, -1, 0
125, -2, 0
125, -1, 0
125, -1, 1
125, -1, 0
124, -1, 0
126, -1, 0
124, -1, 0
126, -2, 0
125, -1, 1
125, -1, 0
125, -1, 0
125, -2, 0
125, -1, 1
125, -1, 0
125, -1, 0
124, -1, 0
126, -2, 1
125, -1, 0
125, -1, 0
124, -1, 0
126, -2, 1
124, -1, 0
126, -1, 0
125, -1, 0
124, -2, 0
126, -1, 1
125, -1, 0
125, -2, 0
125, -1, 0
124, -1, 1
125, -1, 0
125, -2, 0
126, -1, 0
125, -1, 0
129, -1, 1
121, -2, 0
125, -1, 0
125, -2, 1
124, -1, 0
126, -1, 0
125, -1, 0
125, -2, 0
125, -1, 1
124, -1, 0
126, -2, 0
125, -1, 1
124, -2, 0
125, -1, 0
125, -1, 0
125, -2, 1
126, -1, 0
124, -1, 0
125, -1, 0
125, -2, 1
125, -1, 0
126, -2, 0
125, -1, 1
124, -2, 0
125, -1, 0
125, -2, 0
125, -1, 1
125, -1, 0
125, -1, 0
125, -2, 1
125, -2, 0
247, -2, 1
128, -1, 0
125, -2, 0
125, -1, 0
125, -2, 1
125, -1, 0
126, -1, 0
124, -2, 0
125, -1, 1
125, -2, 0
125, -1, 0
264, -2, 1
237, -1, 0
124, -5, 1
125, -1, 0
125, -1, 0
125, -2, 1
125, -1, 0
125, -2, 0
125, -1, 1
125, -2, 0
125, -1, 0
125, -2, 1
125, -1, 0
125, -2, 0
125, -1, 1
125, -2, 0
125, -2, 0
125, -1, 0
125, -2, 1
125, -1, 0
125, -2, 1
125, -1, 0
125, -2, 0
125, -1, 0
125, -2, 1
125, -1, 0
125, -2, 0
127, -1, 1
123, -1, 0
125, -2, 0
125, -1, 1
125, -2, 0
128, -2, 0
122, -2, 1
125, -1, 0
127, -2, 0
123, -1, 1
125, -2, 0
125, -1, 0
125, -1, 0
125, -2, 1
127, -2, 0
124, -2, 0
125, -1, 1
127, -2, 0
123, -1, 0
126, -2, 1
125, -1, 0
124, -2, 1
125, -2, 0
127, -1, 0
123, -2, 1
125, -1, 0
125, -2, 0
125, -1, 1
125, -2, 0
125, -2, 0
125, -2, 1
125, -1, 0
142, -2, 0
108, -1, 1
124, -1, 0
125, -2, 0
126, -2, 1
124, -2, 0
126, -1, 1
124, -2, 0
126, -1, 0
125, -2, 1
124, -2, 0
125, -2, 0
126, -1, 1
124, -1, 0
125, -2, 0
126, -2, 1
124, -2, 0
126, -1, 0
125, -2, 1
124, -1, 0
126, -2, 1
125, -2, 0
125, -2, 0
125, -1, 1
124, -1, 0
125, -2, 0
126, -2, 1
126, -2, 0
123, -1, 0
124, -2, 1
125, -2, 0
127, -2, 1
126, -1, 0
123, -2, 0
125, -2, 1
136, -2, 0
117, -1, 0
126, -1, 1
123, -2, 0
127, -2, 1
142, -2, 0
106, -1, 0
123, -2, 1
125, -2, 0
126, -1, 1
125, -2, 0
123, -2, 0
126, -2, 1
126, -1, 0
124, -2, 0
126, -1, 1
125, -2, 0
125, -2, 1
125, -2, 0
125, -1, 0
125, -2, 1
125, -2, 0
125, -2, 0
125, -1, 1
125, -2, 0
125, -2, 0
125, -1, 1
125, -2, 0
125, -2, 1
141, -2, 0
109, -1, 0
125, -2, 1
125, -2, 0
125, -2, 0
125, -1, 1
125, -2, 0
125, -2, 1
337, -1, 0
162, -2, 0
126, -5, 2
124, -2, 0
125, -2, 0
125, -2, 1
195, -1, 0
55, -2, 0
125, -2, 1
125, -1, 0
125, -2, 1
125, -2, 0
125, -2, 1
125, -1, 0
125, -3, 0
125, -1, 1
125, -2, 0
125, -2, 0
125, -2, 1
125, -1, 0
125, -1, 0
125, -3, 1
125, -1, 0
125, -2, 1
125, -2, 0
126, -2, 1
124, -1, 0
125, -2, 0
125, -2, 1
125, -2, 0
125, -1, 0
125, -2, 1
125, -2, 0
125, -1, 0
125, -2, 1
125, -2, 0
126, -2, 1
124, -1, 0
125, -2, 0
125, -2, 1
125, -2, 0
125, -1, 1
125, -2, 0
125, -2, 0
126, -1, 0
126, -2, 1
124, -2, 0
124, -2, 1
125, -1, 0
125, -2, 1
125, -2, 0
125, -2, 0
125, -1, 1
125, -2, 0
125, -2, 0
125, -1, 1
125, -2, 0
125, -2, 0
125, -2, 1
125, -1, 0
125, -2, 1
126, -2, 0
125, -2, 1
124, -1, 0
125, -2, 0
125, -2, 1
125, -1, 0
125, -2, 0
125, -2, 1
125, -2, 0
125, -1, 0
125, -2, 1
125, -2, 0
125, -2, 1
125, -1, 0
125, -2, 0
125, -2, 1
126, -1, 0
124, -2, 0
125, -2, 1
124, -2, 0
126, -1, 1
125, -2, 0
125, -2, 0
125, -2, 1
125, -1, 0
125, -2, 1
125, -1, 0
125, -2, 0
125, -2, 1
125, -1, 0
125, -2, 0
125, -2, 1
125, -2, 0
145, -1, 0
105, -2, 1
126, -1, 0
124, -3, 1
125, -1, 0
125, -1, 0
125, -2, 1
125, -2, 0
125, -2, 0
125, -1, 1
125, -2, 0
125, -2, 0
125, -2, 1
189, -1, 0
69, -2, 0
124, -1, 1
169, -2, 0
78, -2, 1
125, -1, 0
124, -2, 0
125, -1, 1
125, -2, 0
132, -2, 0
121, -2, 1
125, -1, 0
125, -2, 0
125, -2, 1
128, -1, 0
124, -2, 0
123, -1, 1
123, -2, 0
124, -2, 0
126, -1, 1
125, -2, 0
124, -2, 1
125, -1, 0
125, -2, 0
125, -1, 0
616, -2, 1
260, -2, 0
124, -9, 2
125, -2, 1
125, -2, 0
126, -1, 0
124, -1, 0
126, -2, 1
124, -1, 0
125, -2, 0
126, -2, 1
124, -2, 0
125, -1, 1
125, -2, 0
125, -1, 0
125, -2, 1
125, -1, 0
125, -2, 0
125, -2, 0
125, -1, 1
125, -2, 0
139, -1, 0
109, -2, 1
124, -1, 0
129, -2, 0
121, -1, 1
125, -2, 0
125, -1, 0
126, -2, 1
124, -1, 0
126, -2, 0
124, -2, 1
125, -1, 0
125, -2, 0
125, -1, 0
125, -2, 1
125, -1, 0
126, -2, 0
125, -1, 1
125, -2, 0
124, -1, 0
125, -1, 1
125, -2, 0
125, -1, 0
126, -2, 0
127, -1, 1
123, -2, 0
125, -1, 0
124, -2, 1
125, -1, 0
126, -2, 0
125, -1, 0
124, -2, 1
125, -1, 0
125, -2, 0
125, -1, 1
125, -1, 0
125, -2, 0
126, -1, 1
124, -2, 0
125, -1, 0
146, -2, 0
104, -1, 1
125, -1, 0
126, -2, 0
124, -1, 0
125, -2, 1
125, -1, 0
126, -2, 0
125, -1, 0
124, -2, 1
126, -1, 0
125, -1, 0
125, -2, 1
124, -1, 0
126, -1, 0
124, -1, 0
127, -2, 1
124, -1, 0
124, -2, 0
125, -1, 0
125, -2, 1
125, -1, 0
126, -1, 0
124, -1, 0
128, -2, 1
124, -1, 0
123, -1, 0
126, -2, 0
125, -1, 1
124, -2, 0
125, -1, 0
125, -1, 0
140, -1, 1
110, -2, 0
125, -1, 0
125, -2, 0
126, -1, 1
125, -1, 0
129, -1, 0
121, -1, 0
145, -2, 1
105, -1, 0
125, -2, 0
125, -1, 0
125, -1, 0
124, -1, 1
126, -2, 0
125, -1, 0
125, -1, 0
125, -1, 1
124, -1, 0
126, -2, 0
125, -1, 0
125, -1, 0
125, -1, 1
125, -2, 0
139, -1, 0
110, -1, 0
126, -1, 0
124, -1, 0
125, -2, 1
126, -1, 0
125, -1, 0
124, -1, 0
125, -1, 1
125, -1, 0
125, -2, 0
274, -1, 0
230, -1, 0
121, -3, 1
124, -2, 0
125, -1, 0
125, -1, 1
125, -1, 0
126, -1, 0
124, -1, 0
126, -1, 0
124, -2, 1
125, -1, 0
125, -1, 0
125, -1, 0
125, -1, 0
125, -1, 0
126, -1, 1
124, -1, 0
125, -1, 0
125, -1, 0
125, -1, 0
125, -2, 1
125, -1, 0
247, -2, 0
128, -1, 0
125, -1, 0
128, -1, 1
123, -1, 0
125, -1, 0
125, -1, 0
125, -1, 0
125, -1, 0
125, -1, 1
125, -1, 0
125, -1, 0
125, -1, 0
125, -1, 0
125, -1, 0
125, -1, 0
125, -1, 1
125, -1, 0
125, -1, 0
125, -1, 0
125, -1, 0
247, -1, 0
128, -1, 1
125, -1, 0
126, -1, 0
166, -1, 0
85, -1, 0
137, -1, 0
113, -1, 0
126, -1, 1
125, -1, 0
125, -1, 0
245, -1, 0
129, -1, 0
125, -1, 0
125, -1, 0
126, 0, 1
125, -1, 0
124, -1, 0
125, -1, 0
126, -1, 0
125, -1, 0
244, -1, 0
131, -1, 0
125, -1, 1
125, -1, 0
244, -1, 0
131, -1, 0
124, -1, 0
245, -1, 0
131, -1, 0
125, -1, 0
244, -1, 0
131, -1, 1
125, -1, 0
244, -1, 0
130, -1, 0
244, -1, 0
131, -1, 0
244, -1, 0
132, -1, 0
125, -1, 0
125, 0, 1
124, -1, 0
126, -1, 0
244, -1, 0
130, -1, 0
246, -1, 0
249, -1, 0
250, -1, 0
128, -1, 0
247, -1, 0
250, -1, 0
250, -1, 0
252, -1, 1
129, -1, 0
248, -1, 0
248, -1, 0
404, -1, 0
219, -1, 0
250, -1, 0
250, -1, 0
250, -1, 0
378, -1, 0
247, -1, 0
252, -1, 0
373, -1, 0
407, -1, 0
218, -1, 0
403, -1, 0
501, -1, 0
347, -1, 0
403, -1, 0
630, -1, 0
370, -1, 0
627, -1, 0
625, -1, 0
749, -1, 0
971, -1, 0
1287, -1, 0
7271, 0, -1
6280, 1, 0
1325, 1, 0
1127, 1, 0
745, 1, 0
718, 1, 0
752, 1, 0
533, 1, 0
601, 1, 0
528, 1, 0
506, 1, 0
482, 1, 0
361, 1, 0
485, 1, 0
407, 1, 0
501, 1, 0
215, 1, 0
408, 1, 0
342, 1, 0
406, 1, 0
218, 1, 0
251, 1, 0
375, 1, 0
249, 1, 0
376, 1, 0
250, 1, 0
250, 1, 0
250, 1, 0
250, 0, -1
127, 1, 0
247, 1, 0
250, 1, 0
250, 1, 0
250, 1, 0
250, 1, 0
250, 1, 0
251, 1, 0
249, 1, 0
128, 1, 0
247, 1, 0
250, 1, 0
130, 0, -1
123, 1, 0
247, 1, 0
128, 1, 0
247, 1, 0
250, 1, 0
128, 1, 0
248, 1, 0
249, 1, 0
128, 1, 0
247, 1, 0
128, 1, -1
248, 1, 0
127, 1, 0
247, 1, 0
250, 1, 0
128, 1, 0
247, 1, 0
128, 1, 0
125, 1, 0
247, 1, 0
128, 1, 0
247, 1, -1
128, 1, 0
125, 1, 0
247, 1, 0
128, 1, 0
125, 1, 0
247, 1, 0
129, 1, 0
247, 1, 0
127, 1, 0
125, 1, 0
125, 0, -1
125, 1, 0
126, 1, 0
126, 1, 0
246, 1, 0
127, 1, 0
125, 1, 0
125, 1, 0
247, 1, 0
128, 1, 0
125, 1, 0
126, 1, -1
124, 1, 0
247, 1, 0
128, 1, 0
125, 1, 0
125, 1, 0
126, 1, 0
246, 1, 0
129, 1, 0
124, 1, 0
125, 1, -1
125, 1, 0
125, 1, 0
247, 1, 0
129, 1, 0
124, 1, 0
125, 1, 0
125, 1, 0
125, 1, 0
125, 1, 0
125, 1, -1
125, 1, 0
125, 1, 0
247, 1, 0
128, 1, 0
125, 1, 0
125, 1, 0
125, 1, 0
125, 1, 0
125, 1, 0
305, 1, -1
195, 1, 0
126, 3, 0
124, 1, 0
247, 2, 0
129, 1, 0
124, 1, -1
125, 1, 0
125, 1, 0
247, 2, 0
128, 1, 0
125, 1, 0
125, 1, 0
247, 2, -1
128, 1, 0
125, 1, 0
125, 1, 0
125, 1, 0
125, 1, 0
125, 1, 0
125, 1, 0
126, 1, 0
124, 1, 0
125, 1, -1
125, 1, 0
125, 1, 0
125, 1, 0
125, 1, 0
125, 2, 0
125, 1, 0
125, 1, -1
125, 1, 0
125, 1, 0
125, 1, 0
125, 1, 0
125, 1, 0
125, 1, 0
125, 2, 0
125, 1, -1
125, 1, 0
125, 1, 0
125, 1, 0
125, 1, 0
125, 2, 0
247, 2, -1
128, 1, 0
125, 1, 0
125, 1, 0
125, 1, 0
125, 2, 0
143, 1, 0
107, 1, -1
125, 1, 0
125, 1, 0
125, 1, 0
125, 2, 0
125, 1, 0
125, 1, 0
125, 1, -1
125, 1, 0
125, 2, 0
125, 1, 0
125, 1, 0
125, 1, 0
125, 1, 0
125, 2, -1
125, 1, 0
125, 1, 0
125, 1, 0
125, 2, 0
125, 1, 0
125, 1, 0
125, 1, -1
125, 2, 0
125, 1, 0
125, 1, 0
125, 1, 0
125, 2, 0
126, 1, 0
129, 1, -1
121, 1, 0
125, 1, 0
144, 2, 0
105, 1, 0
125, 2, -1
125, 1, 0
125, 1, 0
126, 1, 0
124, 2, 0
125, 1, 0
126, 1, 0
125, 1, -1
124, 1, 0
125, 2, 0
125, 1, 0
125, 2, 0
126, 1, -1
124, 1, 0
125, 2, 0
125, 1, 0
125, 1, 0
126, 1, 0
124, 2, -1
126, 1, 0
124, 2, 0
126, 1, 0
124, 1, 0
126, 1, 0
124, 2, -1
125, 1, 0
125, 2, 0
125, 1, 0
125, 1, 0
126, 2, -1
124, 1, 0
125, 2, 0
125, 1, 0
125, 1, 0
126, 2, -1
124, 1, 0
125, 1, 0
126, 2, 0
124, 1, 0
125, 2, -1
125, 1, 0
125, 1, 0
125, 2, 0
125, 1, 0
222, 2, -1
30, 1, 0
131, 2, 0
117, 1, 0
125, 1, 0
126, 2, -1
125, 1, 0
124, 1, 0
125, 2, 0
125, 1, 0
126, 2, -1
124, 1, 0
125, 1, 0
125, 2, 0
125, 1, -1
125, 2, 0
125, 1, 0
125, 2, 0
126, 1, 0
124, 2, 0
125, 1, -1
125, 1, 0
125, 2, 0
125, 1, 0
125, 2, -1
125, 1, 0
125, 2, 0
125, 1, 0
125, 2, 0
126, 1, -1
124, 2, 0
125, 1, 0
125, 2, 0
125, 1, -1
143, 2, 0
107, 1, 0
125, 2, 0
125, 2, -1
125, 1, 0
125, 2, 0
128, 1, 0
122, 2, -1
125, 1, 0
125, 1, 0
125, 2, 0
125, 1, 0
125, 2, -1
125, 1, 0
125, 2, 0
125, 1, 0
125, 2, 0
125, 2, -1
125, 1, 0
125, 2, 0
125, 1, 0
125, 2, -1
125, 1, 0
125, 2, 0
125, 1, 0
125, 2, -1
125, 1, 0
125, 2, 0
125, 1, 0
125, 2, -1
126, 2, 0
125, 2, 0
124, 1, 0
125, 1, 0
125, 2, -1
125, 1, 0
125, 2, 0
125, 1, -1
125, 2, 0
125, 2, 0
125, 1, 0
125, 2, -1
125, 2, 0
125, 1, 0
125, 1, 0
125, 2, -1
125, 1, 0
125, 2, 0
125, 1, 0
125, 2, -1
125, 2, 0
125, 2, 0
126, 1, 0
124, 2, -1
125, 1, 0
125, 1, 0
125, 2, 0
125, 2, -1
127, 2, 0
123, 1, 0
125, 2, 0
125, 1, -1
125, 2, 0
125, 1, 0
125, 2, 0
125, 2, -1
125, 2, 0
125, 1, 0
125, 1, 0
125, 2, -1
125, 1, 0
125, 2, 0
125, 2, 0
126, 2, -1
124, 1, 0
125, 2, -1
125, 1, 0
126, 2, 0
126, 2, 0
123, 1, 0
124, 2, -1
125, 1, 0
125, 2, 0
125, 1, -1
125, 3, 0
125, 1, 0
125, 2, -1
125, 1, 0
125, 2, 0
125, 1, 0
125, 2, -1
125, 2, 0
125, 1, 0
125, 2, -1
125, 1, 0
125, 2, 0
125, 2, 0
125, 2, -1
125, 1, 0
264, 2, 0
237, 1, 0
124, 5, -1
127, 2, -1
123, 1, 0
125, 2, 0
125, 1, 0
131, 3, -1
121, 1, 0
124, 2, 0
125, 1, -1
128, 2, 0
125, 1, 0
126, 2, -1
122, 2, 0
124, 1, 0
125, 2, 0
125, 1, -1
125, 2, 0
125, 2, 0
125, 2, -1
125, 1, 0
125, 2, 0
125, 1, -1
125, 2, 0
125, 2, 0
125, 1, 0
126, 2, -1
124, 1, 0
125, 2, 0
126, 2, -1
124, 2, 0
126, 1, 0
125, 2, 0
124, 1, -1
125, 2, 0
125, 1, 0
125, 2, 0
126, 2, -1
124, 1, 0
125, 2, 0
126, 1, -1
125, 2, 0
145, 2, 0
104, 2, -1
125, 1, 0
125, 2, 0
125, 1, 0
125, 2, -1
125, 1, 0
126, 2, 0
124, 2, -1
125, 1, 0
125, 2, 0
126, 1, -1
124, 2, 0
124, 2, 0
126, 2, -1
126, 1, 0
124, 1, 0
125, 2, -1
125, 2, 0
124, 1, 0
126, 2, -1
125, 2, 0
125, 1, 0
125, 2, -1
125, 1, 0
125, 2, 0
125, 1, 0
125, 3, -1
125, 1, 0
125, 1, 0
125, 2, -1
125, 1, 0
125, 2, 0
125, 1, -1
125, 2, 0
124, 2, 0
126, 2, -1
125, 1, 0
125, 2, 0
125, 1, -1
125, 1, 0
125, 2, 0
125, 1, 0
125, 2, -1
125, 2, 0
125, 2, 0
125, 1, -1
125, 2, 0
125, 1, 0
125, 2, -1
125, 1, 0
125, 2, 0
125, 1, 0
125, 2, -1
125, 1, 0
125, 2, 0
125, 2, -1
125, 1, 0
125, 2, -1
125, 1, 0
125, 2, 0
125, 1, 0
125, 2, -1
125, 1, 0
125, 1, 0
124, 2, -1
126, 2, 0
124, 1, 0
126, 2, -1
125, 1, 0
125, 2, 0
124, 2, 0
126, 1, -1
124, 2, 0
126, 1, 0
125, 1, -1
124, 2, 0
126, 1, 0
125, 2, -1
125, 1, 0
125, 2, 0
125, 1, -1
124, 2, 0
125, 1, 0
126, 2, -1
124, 1, 0
126, 1, 0
124, 2, 0
313, 1, -1
189, 2, 0
124, 4, -1
125, 2, 0
125, 1, -1
125, 2, 0
125, 1, 0
125, 2, 0
125, 1, -1
125, 1, 0
125, 2, 0
125, 1, -1
125, 2, 0
124, 1, 0
125, 2, -1
126, 1, 0
125, 1, 0
125, 2, 0
124, 1, -1
125, 1, 0
126, 1, 0
125, 2, -1
125, 1, 0
125, 2, 0
125, 1, 0
125, 2, -1
124, 1, 0
126, 2, 0
125, 1, -1
125, 1, 0
125, 1, 0
128, 2, 0
121, 1, -1
126, 1, 0
124, 2, 0
126, 1, -1
125, 2, 0
125, 1, 0
128, 1, -1
122, 1, 0
124, 2, 0
125, 1, 0
125, 1, 0
125, 2, -1
125, 1, 0
125, 1, 0
125, 1, -1
125, 2, 0
125, 1, 0
125, 2, -1
125, 1, 0
125, 1, 0
125, 1, -1
125, 1, 0
126, 2, 0
124, 1, 0
125, 1, 0
125, 1, -1
128, 2, 0
126, 1, 0
141, 1, -1
109, 1, 0
125, 2, 0
125, 1, -1
124, 1, 0
125, 1, 0
127, 1, 0
125, 2, -1
124, 1, 0
124, 1, 0
125, 1, 0
132, 1, -1
120, 1, 0
124, 2, 0
125, 1, 0
124, 1, -1
137, 1, 0
113, 1, 0
126, 2, 0
124, 0, -1
127, 2, 0
125, 1, 0
124, 1, -1
125, 1, 0
125, 1, 0
125, 1, 0
126, 2, -1
127, 1, 0
244, 2, 0
128, 1, -1
125, 1, 0
125, 1, 0
125, 1, 0
125, 1, -1
125, 1, 0
125, 1, 0
125, 1, 0
125, 1, -1
125, 1, 0
125, 1, 0
125, 1, 0
125, 1, 0
126, 1, -1
125, 1, 0
124, 1, 0
125, 1, 0
125, 1, -1
125, 1, 0
125, 1, 0
123, 1, 0
125, 1, -1
125, 1, 0
125, 1, 0
124, 1, 0
125, 1, 0
126, 1, -1
124, 1, 0
125, 1, 0
126, 1, 0
129, 1, 0
121, 0, -1
124, 1, 0
125, 1, 0
126, 1, 0
124, 1, 0
126, 1, -1
126, 1, 0
122, 1, 0
247, 1, 0
128, 1, -1
236, 1, 0
265, 1, 0
125, 2, -1
124, 1, 0
125, 1, 0
247, 1, 0
128, 1, -1
145, 1, 0
227, 1, 0
133, 1, 0
120, 1, 0
248, 1, -1
127, 1, 0
125, 1, 0
247, 1, 0
135, 0, -1
127, 1, 0
121, 1, 0
242, 1, 0
131, 1, 0
124, 1, 0
246, 1, -1
251, 1, 0
130, 1, 0
246, 1, 0
269, 1, 0
113, 0, -1
124, 1, 0
125, 1, 0
243, 1, 0
250, 1, 0
249, 1, -1
251, 1, 0
250, 1, 0
250, 1, 0
249, 1, 0
252, 0, -1
130, 1, 0
264, 1, 0
354, 1, 0
375, 1, 0
131, 0, -1
144, 1, 0
350, 1, 0
501, 1, 0
503, 1, 0
246, 0, -1
250, 1, 0
573, 1, 0
591, 1, 0
762, 1, 0
1594, 1, 0
3481, 0, -1
3255, -1, 0
1407, -1, 0
1134, -1, 0
704, 0, -1
130, -1, 0
784, -1, 0
460, -1, 0
662, -1, 0
340, 0, -1
126, -1, 0
533, -1, 0
339, -1, 0
543, -1, 0
334, -1, 0
373, -1, 0
250, 0, -1
128, -1, 0
247, -1, 0
388, -1, 0
399, -1, 0
213, -1, 0
250, -1, 0
376, -1, 0
249, -1, 0
250, -1, 0
250, -1, 0
250, -1, 0
250, -1, 0
127, 0, -1
128, -1, 0
245, -1, 0
250, -1, 0
250, -1, 0
250, -1, 0
433, -1, 0
198, -1, 0
121, -1, 0
125, -1, 0
247, -1, 0
250, -1, 0
128, -1, 0
247, -1, 0
250, -1, 0
128, -1, 0
125, -1, 0
247, -1, 0
250, -1, 0
128, -1, 0
125, -1, 0
263, -1, 0
114, -1, 0
244, -1, 0
131, -1, 0
245, -1, 0
131, -1, 0
244, -1, 0
131, -1, 0
125, -1, 0
124, -1, 0
245, -1, 0
130, -1, 0
141, -1, 0
228, -1, 0
131, -1, 0
125, -1, 0
126, -1, 0
243, -1, 0
132, -1, 0
124, -1, 0
126, -1, 0
125, -1, 0
124, 0, 1
126, -1, 0
124, -1, 0
125, -1, 0
126, -1, 0
124, -1, 0
244, -1, 0
132, -1, 0
124, -1, 0
125, -1, 0
125, -1, 0
125, -1, 0
126, -1, 1
124, -1, 0
245, -2, 0
249, -1, 0
131, -1, 0
125, -1, 0
126, -1, 0
124, -1, 0
123, -1, 1
124, -1, 0
125, -1, 0
125, -1, 0
126, -1, 0
124, -1, 0
126, -1, 0
124, -1, 0
126, -1, 0
125, -1, 1
124, -1, 0
126, -1, 0
127, -1, 0
122, -1, 0
125, -1, 0
126, -1, 0
124, -1, 0
128, -1, 1
123, -2, 0
248, -2, 0
129, -1, 0
124, -1, 0
125, -1, 0
125, -1, 1
127, -1, 0
123, -1, 0
124, -1, 0
125, -1, 0
125, -1, 0
126, -1, 1
124, -2, 0
125, -1, 0
126, -1, 0
125, -1, 0
125, -1, 0
124, -1, 1
125, -2, 0
125, -1, 0
248, -2, 0
127, -1, 0
126, -1, 0
124, -2, 1
125, -1, 0
125, -1, 0
125, -1, 0
125, -1, 1
125, -2, 0
126, -1, 0
124, -1, 0
126, -1, 0
124, -1, 1
125, -2, 0
125, -1, 0
125, -1, 0
125, -1, 0
125, -2, 1
125, -1, 0
219, -2, 0
30, -1, 0
130, -1, 0
121, -1, 1
124, -1, 0
125, -2, 0
126, -1, 0
125, -1, 1
124, -2, 0
125, -1, 0
125, -1, 0
125, -2, 0
125, -1, 1
125, -2, 0
125, -1, 0
126, -1, 0
124, -2, 1
125, -1, 0
125, -1, 0
125, -1, 0
126, -2, 1
124, -1, 0
125, -2, 0
125, -1, 0
125, -2, 0
125, -1, 1
125, -1, 0
125, -2, 0
125, -1, 0
126, -2, 1
124, -1, 0
125, -2, 0
125, -1, 0
125, -1, 1
125, -2, 0
125, -1, 0
125, -1, 1
125, -2, 0
125, -1, 0
125, -2, 0
125, -1, 1
125, -1, 0
125, -2, 0
125, -1, 1
125, -2, 0
125, -2, 0
125, -1, 0
125, -2, 1
125, -1, 0
127, -2, 0
124, -1, 1
125, -2, 0
124, -1, 0
126, -2, 0
124, -1, 1
126, -2, 0
124, -1, 0
126, -2, 1
124, -1, 0
126, -2, 0
125, -2, 0
126, -1, 1
124, -2, 0
124, -1, 0
126, -2, 1
125, -1, 0
124, -2, 0
125, -2, 1
125, -2, 0
126, -1, 0
125, -2, 1
124, -1, 0
125, -2, 0
126, -1, 1
125, -2, 0
124, -2, 0
125, -1, 0
126, -2, 1
124, -1, 0
126, -2, 1
125, -2, 0
124, -2, 0
125, -1, 0
125, -1, 1
126, -2, 0
125, -2, 1
125, -2, 0
124, -1, 0
125, -2, 1
125, -1, 0
133, -2, 0
120, -2, 1
124, -2, 0
127, -1, 0
126, -2, 1
122, -2, 0
123, -1, 0
127, -2, 1
138, -1, 0
112, -3, 1
124, -1, 0
125, -2, 0
142, -1, 1
109, -3, 0
140, -1, 1
110, -1, 0
125, -2, 0
126, -2, 1
124, -2, 0
125, -1, 0
124, -2, 1
125, -2, 0
125, -2, 0
125, -1, 1
125, -2, 0
125, -2, 1
125, -1, 0
125, -3, 1
125, -1, 0
125, -2, 0
125, -1, 0
125, -3, 1
125, -1, 0
125, -2, 1
125, -2, 0
125, -2, 0
125, -1, 1
125, -2, 0
125, -2, 1
125, -1, 0
125, -2, 0
125, -2, 1
125, -2, 0
267, -1, 0
234, -3, 1
124, -5, 1
125, -1, 0
125, -2, 1
125, -2, 0
125, -2, 1
125, -1, 0
125, -3, 0
125, -1, 1
125, -2, 0
125, -2, 1
125, -2, 0
125, -2, 0
125, -1, 1
125, -2, 0
125, -2, 1
125, -2, 0
125, -1, 0
147, -3, 1
103, -1, 0
125, -2, 1
125, -2, 0
125, -2, 0
125, -2, 1
125, -1, 0
125, -2, 1
125, -2, 0
124, -2, 0
126, -2, 1
125, -2, 0
125, -1, 1
125, -3, 0
125, -1, 1
125, -2, 0
125, -2, 0
127, -1, 1
123, -3, 0
125, -1, 0
126, -2, 1
124, -2, 0
125, -2, 1
125, -2, 0
133, -2, 1
118, -2, 0
124, -2, 0
125, -1, 1
125, -3, 0
125, -1, 1
124, -2, 0
126, -2, 0
125, -1, 1
125, -3, 0
125, -1, 0
126, -2, 1
124, -2, 0
125, -2, 1
125, -2, 0
124, -2, 1
127, -2, 0
124, -1, 0
125, -2, 1
124, -2, 0
126, -2, 1
125, -2, 0
125, -2, 1
125, -2, 0
125, -2, 1
124, -2, 0
125, -2, 0
126, -1, 1
125, -2, 0
124, -2, 1
126, -2, 0
125, -2, 1
125, -2, 0
125, -2, 0
128, -1, 1
122, -3, 0
125, -1, 1
125, -2, 0
125, -2, 1
125, -2, 0
124, -2, 0
126, -1, 1
124, -3, 0
126, -1, 1
124, -3, 0
127, -1, 0
124, -3, 1
127, -1, 0
124, -2, 1
124, -2, 0
125, -1, 0
125, -3, 1
125, -1, 0
124, -3, 1
126, -1, 0
124, -3, 1
145, -1, 0
105, -3, 0
125, -1, 1
126, -2, 0
124, -2, 1
126, -2, 0
127, -2, 0
126, -1, 1
168, -3, 0
102, -1, 1
105, -2, 0
125, -2, 0
126, -2, 1
124, -2, 0
126, -2, 1
124, -2, 0
132, -2, 1
117, -2, 0
126, -1, 0
124, -2, 1
127, -2, 0
125, -2, 1
130, -2, 0
121, -2, 1
124, -2, 0
139, -2, 0
116, -1, 1
126, -3, 0
138, -1, 1
104, -2, 0
125, -2, 0
126, -2, 1
692, -2, 0
183, -1, 1
124, -12, 2
126, -1, 0
125, -3, 1
124, -1, 0
126, -3, 1
124, -1, 0
125, -2, 0
126, -2, 1
124, -2, 0
129, -2, 0
123, -2, 1
125, -1, 0
124, -2, 1
126, -2, 0
125, -2, 1
124, -2, 0
126, -1, 0
125, -3, 1
125, -1, 0
122, -2, 1
125, -2, 0
125, -2, 0
126, -2, 1
124, -1, 0
126, -2, 0
124, -2, 1
125, -2, 0
125, -2, 0
125, -2, 1
125, -1, 0
125, -3, 1
125, -1, 0
125, -2, 1
125, -2, 0
125, -1, 0
125, -3, 1
125, -1, 0
125, -2, 0
125, -2, 1
125, -2, 0
125, -1, 1
125, -3, 0
125, -1, 0
125, -2, 1
125, -2, 0
125, -1, 0
125, -2, 1
125, -2, 0
125, -2, 1
126, -2, 0
124, -2, 0
126, -1, 1
124, -2, 0
125, -2, 1
125, -2, 0
125, -1, 0
125, -3, 1
125, -1, 0
125, -1, 0
125, -3, 1
125, -1, 0
125, -2, 0
125, -2, 1
125, -2, 0
125, -1, 1
125, -2, 0
124, -2, 0
126, -2, 1
124, -1, 0
125, -2, 0
127, -2, 1
124, -1, 0
125, -2, 0
125, -2, 1
125, -2, 0
125, -1, 0
126, -2, 1
124, -2, 0
125, -2, 1
126, -1, 0
123, -2, 0
126, -2, 1
124, -1, 0
126, -2, 0
125, -2, 1
124, -2, 0
125, -1, 0
125, -2, 1
125, -2, 0
125, -2, 0
126, -1, 1
124, -2, 0
128, -2, 0
121, -1, 1
125, -2, 0
125, -2, 0
126, -1, 1
124, -2, 0
125, -2, 0
125, -1, 1
125, -2, 0
125, -2, 0
125, -1, 0
126, -2, 1
124, -1, 0
125, -2, 1
126, -2, 0
124, -2, 0
125, -1, 0
125, -2, 1
125, -1, 0
125, -2, 0
125, -2, 1
125, -1, 0
125, -2, 0
126, -1, 1
124, -2, 0
125, -2, 0
126, -1, 1
124, -2, 0
126, -2, 0
125, -1, 0
124, -2, 1
125, -1, 0
126, -2, 0
124, -1, 1
125, -2, 0
238, -1, 0
264, -2, 0
124, -5, 1
124, -1, 1
125, -2, 0
125, -1, 0
125, -2, 0
125, -1, 1
125, -2, 0
124, -2, 0
126, -1, 0
125, -2, 1
125, -1, 0
124, -2, 0
125, -1, 0
126, -2, 1
125, -1, 0
129, -2, 0
121, -1, 0
125, -2, 1
125, -1, 0
125, -1, 0
125, -2, 1
125, -2, 0
125, -1, 0
125, -2, 0
125, -1, 1
129, -2, 0
122, -1, 0
125, -1, 0
124, -2, 1
126, -1, 0
125, -2, 0
125, -1, 0
125, -2, 1
125, -1, 0
125, -2, 0
125, -1, 1
124, -1, 0
126, -2, 0
124, -1, 0
125, -2, 0
126, -1, 1
125, -1, 0
125, -2, 0
126, -1, 0
124, -2, 1
124, -1, 0
126, -2, 0
126, -1, 0
123, -2, 1
125, -1, 0
125, -1, 0
126, -1, 0
125, -2, 0
124, -1, 1
147, -1, 0
104, -2, 0
125, -1, 0
124, -2, 1
125, -1, 0
126, -1, 0
124, -2, 0
125, -1, 0
125, -1, 1
125, -1, 0
125, -2, 0
125, -1, 0
126, -2, 0
125, -1, 0
125, -1, 1
124, -1, 0
128, -2, 0
122, -1, 0
126, -1, 1
125, -1, 0
125, -2, 0
125, -1, 0
125, -1, 0
125, -2, 1
125, -1, 0
125, -1, 0
125, -1, 0
124, -2, 1
126, -1, 0
124, -1, 0
125, -1, 0
125, -1, 0
125, -1, 0
125, -2, 0
125, -1, 1
125, -1, 0
125, -1, 0
125, -1, 0
126, -2, 0
125, -1, 0
124, -1, 1
125, -1, 0
125, -1, 0
125, -1, 0
125, -1, 0
125, -2, 0
126, -1, 1
124, -1, 0
146, -1, 0
104, -1, 0
125, -1, 0
125, -2, 0
248, -2, 1
128, -1, 0
124, -1, 0
126, -1, 0
124, -1, 0
125, -1, 0
126, -1, 0
125, -1, 1
126, -1, 0
134, -1, 0
121, -1, 0
124, -1, 0
145, -1, 0
104, -2, 0
123, 0, 1
125, -1, 0
124, -1, 0
125, -1, 0
125, -1, 0
126, -1, 0
125, -1, 0
124, -1, 0
643, -1, 0
234, -1, 0
124, -6, 1
125, -1, 0
125, -1, 0
125, -1, 0
126, -1, 0
124, 0, 1
126, -1, 0
124, -1, 0
126, -1, 0
124, -1, 0
125, -1, 0
125, -1, 0
125, -1, 0
124, -1, 0
245, -1, 0
131, -1, 0
125, -1, 0
125, -1, 1
124, -1, 0
245, -1, 0
131, -1, 0
124, -1, 0
125, -1, 0
244, -1, 0
131, -1, 0
125, -1, 0
245, -1, 0
127, -1, 0
125, -1, 0
125, -1, 0
248, -1, 0
131, -1, 0
122, -1, 0
246, -1, 0
128, -1, 0
248, -1, 0
251, -1, 1
127, -1, 0
125, -1, 0
246, -1, 0
129, -1, 0
247, -1, 0
128, -1, 0
247, -1, 0
250, -1, 0
128, -1, 0
247, -1, 0
249, -1, 0
251, -1, 0
127, -1, 0
249, -1, 0
252, -1, 0
248, -1, 0
249, -1, 0
252, -1, 0
248, -1, 0
250, -1, 0
407, -1, 0
220, -1, 0
248, -1, 0
250, -1, 0
411, -1, 0
214, -1, 0
408, -1, -1
217, -1, 0
409, -1, 0
341, -1, 0
430, -1, 0
195, 0, -1
128, -1, 0
531, -1, 0
499, -1, 0
342, -1, 0
535, -1, -1
592, -1, 0
499, -1, 0
500, 0, -1
128, -1, 0
774, -1, 0
1000, -1, 0
397, 0, -1
326, -1, 0
1499, -1, 0
409, 0, -1
1501, -1, 0
1499, 0, -1
3780, 0, -1
2360, 0, -1
326, 1, 0
1162, 1, 0
322, 0, -1
678, 1, 0
872, 1, -1
728, 1, 0
662, 1, 0
91, 0, -1
500, 1, 0
661, 1, 0
84, 0, -1
395, 1, 0
498, 1, 0
401, 0, -1
74, 1, 0
526, 1, 0
374, 1, 0
347, 0, -1
127, 1, 0
498, 1, 0
267, 1, 0
357, 0, -1
131, 1, 0
369, 1, 0
250, 1, 0
405, 1, 0
101, 0, -1
244, 1, 0
404, 1, 0
222, 1, 0
405, 1, -1
219, 1, 0
376, 1, 0
249, 1, 0
376, 1, -1
252, 1, 0
372, 1, 0
131, 1, 0
244, 0, -1
131, 1, 0
244, 1, 0
250, 1, 0
250, 1, 0
250, 1, 0
129, 0, -1
124, 1, 0
247, 1, 0
250, 1, 0
250, 1, 0
128, 0, -1
125, 1, 0
247, 1, 0
250, 1, 0
250, 1, 0
129, 1, 0
247, 1, -1
261, 1, 0
239, 1, 0
127, 1, 0
248, 1, 0
128, 0, -1
124, 1, 0
126, 1, 0
246, 1, 0
128, 1, 0
248, 1, -1
250, 1, 0
127, 1, 0
248, 1, 0
127, 1, 0
248, 1, -1
128, 1, 0
247, 1, 0
127, 1, 0
247, 1, 0
129, 1, 0
124, 0, -1
126, 1, 0
124, 1, 0
247, 1, 0
128, 1, 0
125, 1, 0
247, 1, -1
129, 1, 0
124, 1, 0
248, 1, 0
127, 1, 0
125, 1, 0
125, 0, -1
126, 1, 0
125, 1, 0
247, 1, 0
127, 1, 0
125, 1, 0
125, 1, 0
125, 1, -1
248, 1, 0
130, 1, 0
122, 1, 0
125, 1, 0
247, 1, -1
128, 1, 0
125, 1, 0
126, 1, 0
125, 1, 0
246, 1, 0
128, 1, -1
128, 1, 0
122, 1, 0
125, 1, 0
125, 1, 0
248, 1, -1
127, 1, 0
126, 1, 0
124, 1, 0
135, 1, 0
115, 1, 0
125, 1, 0
125, 1, -1
248, 2, 0
250, 1, 0
128, 1, 0
125, 1, -1
125, 1, 0
124, 1, 0
125, 1, 0
126, 1, 0
124, 1, 0
125, 1, 0
125, 1, -1
125, 1, 0
125, 1, 0
126, 1, 0
124, 1, 0
125, 1, 0
126, 1, -1
124, 1, 0
125, 1, 0
125, 1, 0
125, 1, 0
126, 1, 0
124, 1, -1
125, 1, 0
126, 1, 0
124, 1, 0
126, 1, 0
125, 1, 0
124, 1, -1
126, 1, 0
124, 1, 0
125, 1, 0
126, 1, 0
124, 1, 0
125, 1, -1
125, 1, 0
125, 2, 0
247, 2, 0
128, 1, 0
125, 1, -1
125, 1, 0
125, 1, 0
125, 1, 0
125, 1, 0
125, 1, 0
125, 1, -1
125, 2, 0
125, 1, 0
125, 1, 0
299, 1, 0
201, 1, -1
125, 4, 0
125, 1, 0
125, 1, -1
125, 1, 0
125, 1, 0
125, 1, 0
125, 2, 0
125, 1, 0
125, 1, -1
125, 1, 0
125, 2, 0
125, 1, 0
125, 1, 0
125, 1, 0
125, 1, -1
125, 2, 0
125, 1, 0
125, 1, 0
125, 1, 0
125, 2, -1
125, 1, 0
126, 1, 0
125, 1, 0
125, 2, 0
125, 1, -1
124, 1, 0
125, 1, 0
124, 1, 0
126, 2, 0
125, 1, 0
125, 1, -1
125, 1, 0
125, 2, 0
125, 1, 0
125, 1, -1
125, 2, 0
125, 1, 0
125, 1, 0
125, 1, 0
125, 2, 0
125, 1, -1
125, 1, 0
125, 2, 0
125, 1, 0
125, 1, 0
125, 2, -1
125, 1, 0
125, 2, 0
125, 1, 0
125, 1, -1
125, 2, 0
125, 1, 0
125, 1, 0
125, 1, 0
125, 2, -1
124, 1, 0
126, 2, 0
125, 1, 0
125, 2, 0
125, 1, -1
138, 1, 0
112, 1, 0
125, 2, 0
125, 1, 0
125, 2, -1
124, 1, 0
125, 1, 0
125, 2, 0
126, 1, -1
124, 2, 0
126, 1, 0
124, 1, 0
126, 2, -1
124, 1, 0
125, 2, 0
125, 1, 0
125, 2, 0
125, 1, -1
125, 2, 0
126, 1, 0
124, 2, -1
125, 1, 0
125, 2, 0
126, 1, 0
124, 2, 0
125, 1, -1
125, 2, 0
128, 1, 0
123, 2, 0
124, 1, -1
125, 2, 0
125, 2, 0
129, 1, 0
122, 2, -1
125, 1, 0
125, 1, 0
125, 2, 0
124, 1, -1
126, 2, 0
124, 2, 0
125, 2, 0
125, 1, -1
125, 2, 0
125, 1, 0
125, 2, 0
126, 1, -1
124, 1, 0
125, 2, 0
125, 2, 0
125, 1, -1
126, 2, 0
124, 2, 0
125, 1, -1
125, 2, 0
125, 1, 0
125, 2, 0
126, 1, -1
124, 2, 0
125, 2, 0
125, 1, 0
125, 2, -1
125, 1, 0
125, 2, 0
125, 2, -1
125, 2, 0
125, 1, 0
125, 2, 0
125, 1, -1
125, 3, 0
125, 1, 0
216, 1, 0
34, 2, -1
133, 2, 0
117, 2, 0
126, 1, -1
125, 2, 0
124, 1, 0
125, 2, 0
125, 2, -1
125, 2, 0
125, 1, 0
125, 1, 0
125, 3, -1
125, 1, 0
125, 2, 0
126, 1, -1
125, 3, 0
124, 1, 0
126, 2, -1
124, 1, 0
125, 2, 0
125, 2, 0
125, 1, -1
125, 2, 0
125, 2, 0
125, 2, -1
125, 1, 0
125, 2, 0
125, 2, 0
126, 2, -1
124, 1, 0
125, 2, -1
125, 2, 0
125, 1, 0
125, 2, 0
125, 2, -1
125, 2, 0
125, 1, 0
125, 2, -1
125, 2, 0
125, 2, 0
126, 2, -1
124, 2, 0
125, 1, 0
125, 2, -1
125, 2, 0
125, 1, 0
125, 3, -1
125, 1, 0
125, 2, 0
125, 2, 0
125, 2, -1
125, 1, 0
126, 2, 0
125, 2, -1
125, 2, 0
125, 2, 0
124, 1, -1
126, 2, 0
125, 2, 0
125, 2, 0
125, 1, -1
128, 3, 0
122, 1, 0
125, 2, -1
125, 2, 0
125, 2, -1
125, 1, 0
124, 2, 0
125, 2, -1
126, 2, 0
124, 2, 0
126, 1, -1
124, 3, 0
126, 1, 0
125, 3, -1
125, 1, 0
124, 2, 0
125, 2, -1
125, 2, 0
126, 2, 0
124, 1, -1
126, 3, 0
124, 1, 0
132, 2, -1
120, 2, 0
124, 2, 0
128, 2, -1
123, 2, 0
128, 1, 0
122, 3, -1
124, 1, 0
125, 2, 0
125, 2, -1
125, 2, 0
125, 2, -1
125, 1, 0
125, 3, 0
126, 1, -1
124, 3, 0
125, 1, 0
125, 2, -1
125, 2, 0
125, 1, 0
125, 3, -1
125, 1, 0
125, 2, -1
125, 2, 0
125, 2, 0
126, 2, -1
124, 2, 0
125, 2, 0
125, 2, -1
126, 2, 0
124, 1, -1
125, 2, 0
125, 2, 0
125, 2, -1
125, 2, 0
125, 2, -1
125, 2, 0
125, 2, 0
146, 1, -1
104, 3, 0
125, 1, 0
125, 2, -1
125, 2, 0
125, 2, -1
125, 2, 0
125, 2, 0
125, 2, -1
125, 2, 0
124, 2, 0
260, 2, -1
241, 2, 0
125, 5, -1
124, 2, 0
125, 2, -1
125, 2, 0
125, 2, -1
125, 2, 0
125, 2, -1
125, 2, 0
125, 2, 0
125, 2, -1
126, 2, 0
125, 2, -1
124, 1, 0
125, 2, 0
125, 2, -1
125, 2, 0
125, 2, -1
125, 2, 0
125, 2, 0
125, 2, -1
125, 2, 0
126, 2, -1
124, 1, 0
125, 2, 0
125, 2, -1
126, 2, 0
124, 2, 0
125, 2, -1
125, 2, 0
126, 2, -1
124, 2, 0
125, 2, 0
125, 2, -1
125, 2, 0
125, 1, 0
125, 3, -1
126, 1, 0
125, 2, -1
124, 2, 0
125, 2, -1
125, 2, 0
125, 2, 0
125, 2, -1
125, 2, 0
125, 2, -1
125, 2, 0
125, 1, 0
125, 2, -1
125, 2, 0
125, 2, -1
125, 2, 0
125, 2, 0
126, 2, -1
124, 2, 0
125, 2, -1
125, 2, 0
125, 2, 0
125, 2, -1
126, 1, 0
124, 2, -1
125, 2, 0
125, 2, -1
125, 2, 0
125, 2, 0
125, 2, -1
125, 2, 0
125, 2, 0
125, 2, -1
125, 2, 0
125, 1, -1
125, 2, 0
125, 2, 0
125, 2, -1
125, 2, 0
125, 2, -1
125, 2, 0
125, 2, -1
125, 2, 0
127, 2, -1
130, 1, 0
120, 2, 0
127, 2, -1
122, 2, 0
126, 2, 0
125, 2, -1
125, 2, 0
124, 1, -1
126, 3, 0
125, 2, -1
125, 2, 0
125, 1, 0
126, 3, -1
124, 1, 0
124, 2, -1
126, 2, 0
124, 2, 0
125, 2, -1
126, 1, 0
124, 3, -1
125, 1, 0
125, 2, -1
125, 2, 0
125, 2, -1
125, 2, 0
195, 1, 0
58, 3, -1
126, 1, 0
142, 2, -1
107, 2, 0
124, 2, 0
125, 2, -1
126, 2, 0
124, 1, -1
124, 3, 0
126, 1, 0
126, 2, -1
124, 2, 0
124, 1, -1
126, 3, 0
130, 1, -1
128, 2, 0
120, 2, 0
124, 2, -1
124, 2, 0
124, 2, -1
132, 2, 0
138, 2, -1
105, 1, 0
125, 2, 0
702, 2, -1
188, 1, 0
110, 12, -3
125, 2, 0
125, 1, -1
125, 2, 0
126, 2, 0
124, 2, -1
125, 2, 0
125, 1, -1
125, 2, 0
147, 2, 0
103, 2, -1
126, 2, 0
124, 2, -1
125, 1, 0
125, 2, 0
126, 2, -1
124, 1, 0
125, 3, -1
125, 1, 0
125, 2, -1
123, 2, 0
124, 2, 0
125, 1, -1
125, 2, 0
125, 2, -1
126, 1, 0
124, 2, 0
125, 2, -1
125, 2, 0
126, 1, -1
125, 2, 0
124, 2, 0
125, 2, -1
125, 2, 0
125, 2, -1
126, 1, 0
125, 2, -1
125, 2, 0
124, 1, 0
125, 2, -1
125, 1, 0
125, 3, -1
125, 1, 0
125, 2, 0
126, 2, -1
124, 2, 0
126, 1, -1
125, 2, 0
124, 2, 0
126, 1, -1
124, 2, 0
128, 2, 0
122, 2, -1
125, 1, 0
125, 2, -1
125, 1, 0
125, 3, -1
125, 1, 0
125, 2, -1
125, 1, 0
127, 2, 0
124, 2, -1
124, 1, 0
125, 2, 0
125, 2, -1
146, 2, 0
107, 1, -1
122, 2, 0
125, 1, 0
125, 2, -1
125, 2, 0
125, 1, 0
125, 2, -1
147, 1, 0
103, 2, -1
125, 2, 0
127, 2, 0
124, 1, -1
124, 2, 0
126, 2, -1
124, 1, 0
125, 2, 0
126, 2, -1
125, 1, 0
125, 2, 0
125, 1, -1
124, 2, 0
125, 2, -1
125, 1, 0
125, 2, 0
126, 1, -1
124, 2, 0
125, 2, -1
126, 2, 0
124, 1, 0
125, 1, -1
126, 2, 0
124, 1, 0
125, 2, -1
125, 2, 0
126, 2, -1
127, 1, 0
123, 2, 0
125, 1, -1
124, 2, 0
144, 1, 0
106, 2, -1
125, 1, 0
125, 2, 0
125, 2, -1
125, 1, 0
125, 2, 0
125, 1, -1
125, 2, 0
125, 1, -1
125, 2, 0
125, 1, 0
125, 2, -1
125, 1, 0
125, 2, 0
125, 2, -1
125, 1, 0
125, 2, 0
125, 1, -1
125, 2, 0
125, 1, 0
125, 2, -1
223, 1, 0
27, 2, -1
126, 1, 0
124, 1, 0
125, 2, 0
125, 1, -1
125, 2, 0
125, 1, -1
125, 2, 0
125, 1, 0
125, 2, -1
125, 1, 0
125, 2, 0
125, 1, -1
125, 1, 0
125, 2, 0
125, 1, 0
125, 2, -1
125, 1, 0
125, 2, -1
125, 1, 0
125, 2, 0
125, 1, 0
125, 2, -1
125, 1, 0
125, 1, -1
125, 2, 0
125, 1, 0
125, 1, -1
125, 2, 0
125, 1, 0
125, 1, 0
125, 2, -1
125, 1, 0
125, 2, 0
125, 1, -1
125, 1, 0
125, 1, 0
125, 2, -1
125, 1, 0
125, 1, 0
125, 2, -1
125, 1, 0
125, 2, 0
125, 1, -1
125, 1, 0
125, 1, 0
125, 2, -1
125, 1, 0
125, 2, 0
125, 1, 0
125, 1, -1
125, 1, 0
125, 1, 0
125, 2, -1
128, 1, 0
139, 1, 0
112, 1, 0
125, 2, -1
125, 1, 0
124, 1, 0
125, 1, -1
125, 2, 0
126, 1, 0
125, 1, 0
124, 1, -1
126, 1, 0
125, 2, -1
124, 1, 0
126, 1, 0
124, 1, 0
125, 2, 0
125, 1, -1
125, 1, 0
126, 1, 0
124, 1, -1
126, 2, 0
244, 2, -1
130, 1, 0
125, 1, 0
125, 1, 0
126, 1, -1
124, 1, 0
125, 2, 0
125, 1, 0
125, 1, -1
125, 1, 0
125, 1, 0
125, 1, 0
125, 1, -1
125, 1, 0
125, 1, 0
125, 1, -1
125, 1, 0
125, 2, 0
125, 1, 0
125, 1, -1
125, 1, 0
128, 1, 0
124, 1, 0
123, 1, -1
125, 1, 0
125, 1, 0
125, 1, 0
125, 1, -1
122, 1, 0
125, 1, 0
130, 1, 0
121, 1, -1
124, 1, 0
125, 1, 0
125, 1, 0
125, 1, -1
125, 1, 0
125, 1, 0
125, 1, 0
125, 1, 0
125, 1, -1
125, 1, 0
125, 1, 0
248, 2, -1
249, 1, 0
128, 1, 0
125, 1, -1
125, 1, 0
125, 1, 0
125, 1, 0
125, 1, 0
125, 1, -1
125, 1, 0
257, 1, 0
118, 1, 0
125, 1, -1
126, 1, 0
248, 1, 0
129, 1, -1
124, 1, 0
125, 1, 0
125, 1, 0
245, 1, -1
128, 1, 0
247, 2, 0
250, 1, -1
128, 1, 0
125, 1, 0
263, 1, 0
112, 1, -1
248, 1, 0
127, 1, 0
125, 1, 0
248, 1, -1
250, 1, 0
127, 1, 0
125, 1, 0
247, 1, -1
251, 1, 0
128, 1, 0
246, 1, 0
128, 0, -1
125, 1, 0
125, 1, 0
247, 1, 0
128, 1, -1
408, 1, 0
100, 1, 0
239, 1, 0
183, 0, -1
88, 1, 0
230, 1, 0
250, 1, 0
249, 1, -1
250, 1, 0
250, 1, 0
252, 1, 0
129, 0, -1
244, 1, 0
250, 1, 0
412, 1, 0
94, 0, -1
131, 1, 0
399, 1, 0
388, 1, 0
201, 0, -1
131, 1, 0
431, 1, 0
475, 1, 0
338, 0, -1
131, 1, 0
407, 1, 0
625, 1, 0
632, 0, -1
89, 1, 0
904, 1, 0
1123, 0, -1
96, 1, 0
6621, -1, 0
538, 0, -1
835, -1, 0
1166, -1, 0
834, -1, 0
249, 0, -1
540, -1, 0
586, -1, 0
790, -1, 0
586, -1, 0
130, 0, -1
407, -1, 0
461, -1, 0
538, -1, 0
339, -1, 0
542, -1, 0
206, 0, -1
128, -1, 0
372, -1, 0
538, -1, 0
212, -1, 0
375, -1, 0
413, -1, 0
304, -1, 0
284, -1, 0
425, -1, 0
199, -1, 0
262, -1, 0
394, -1, 0
219, -1, 0
249, -1, 0
251, -1, 0
407, -1, 0
218, -1, 0
249, -1, 0
251, -1, 0
250, -1, 0
250, -1, 0
271, -1, 0
228, -1, 0
250, -1, 0
250, -1, 0
251, -1, 0
249, -1, 0
128, -1, 0
247, -1, 0
251, -1, 0
250, -1, 0
249, -1, 0
128, -1, 0
248, -1, 0
250, -1, 0
249, -1, 0
129, -1, 0
250, -1, 0
248, -1, 0
126, -1, 0
247, -1, 0
129, -1, 0
246, -1, 0
128, -1, 0
247, -1, 0
250, -1, 0
128, -1, 1
247, -1, 0
128, -1, 0
248, -1, 0
127, -1, 0
248, -1, 0
127, -1, 0
125, -1, 0
125, 0, 1
125, -1, 0
125, -1, 0
247, -1, 0
128, -1, 0
125, -1, 0
247, -1, 0
250, -1, 1
128, -1, 0
125, -1, 0
248, -1, 0
127, -1, 0
125, -1, 0
125, -1, 0
247, -1, 0
128, -1, 1
125, -1, 0
247, -1, 0
128, -1, 0
125, -1, 0
125, -1, 0
247, -1, 1
128, -1, 0
125, -1, 0
247, -1, 0
128, -1, 0
125, -1, 0
125, -1, 0
125, -1, 1
247, -1, 0
128, -1, 0
125, -1, 0
125, -1, 0
125, -1, 0
125, -1, 1
381, -1, 0
245, -1, 0
124, -3, 1
125, -1, 0
125, -1, 0
247, -1, 0
128, -1, 0
125, -1, 0
125, -1, 1
125, -1, 0
125, -1, 0
125, -1, 0
125, -1, 0
247, -1, 1
128, -1, 0
125, -1, 0
125, -1, 0
125, -1, 0
125, -1, 0
125, -1, 1
125, -1, 0
125, -1, 0
125, -1, 0
125, -1, 0
125, -1, 1
247, -1, 0
128, -1, 0
125, -1, 0
125, -1, 0
125, -1, 1
125, -1, 0
125, -1, 0
125, -1, 0
125, -1, 0
125, -1, 1
125, -1, 0
125, -1, 0
125, -1, 0
125, -1, 0
125, -1, 1
125, -1, 0
125, -1, 0
125, -1, 0
127, -1, 0
123, -1, 1
125, -1, 0
125, -1, 0
125, -1, 0
125, -1, 1
125, -1, 0
125, -1, 0
125, -1, 0
125, -1, 1
125, -1, 0
125, -1, 0
125, -1, 0
125, -1, 0
125, -1, 1
125, -2, 0
247, -1, 0
128, -1, 1
125, -1, 0
125, -2, 0
247, -2, 1
128, -1, 0
125, -1, 0
125, -1, 0
125, -1, 1
125, -1, 0
125, -1, 0
125, -1, 0
125, -1, 0
125, -1, 1
125, -1, 0
125, -1, 0
125, -1, 1
125, -2, 0
125, -1, 0
125, -1, 0
125, -1, 1
125, -1, 0
125, -1, 0
125, -1, 0
125, -1, 1
128, -1, 0
125, -2, 0
122, -1, 0
125, -1, 1
124, -1, 0
126, -1, 0
125, -1, 0
125, -2, 1
125, -1, 0
125, -1, 0
145, -1, 0
105, -1, 1
125, -1, 0
125, -1, 0
125, -2, 0
125, 0, 1
125, -2, 0
125, -1, 0
125, -1, 1
125, -1, 0
125, -1, 0
125, -1, 0
125, -1, 1
125, -2, 0
125, -1, 0
125, -1, 0
125, -1, 1
125, -2, 0
125, -1, 0
125, -1, 1
125, -1, 0
125, -1, 0
125, -1, 0
125, -1, 1
125, -2, 0
125, -1, 0
125, -1, 0
125, -1, 1
125, -2, 0
247, -2, 1
128, -1, 0
297, -1, 0
203, -2, 1
125, -3, 0
125, -1, 1
125, -1, 0
125, -2, 0
125, -1, 1
125, -1, 0
128, -1, 0
122, -2, 0
125, -1, 1
126, -1, 0
125, -1, 0
125, -1, 1
124, -2, 0
125, -1, 0
125, -1, 0
126, -1, 1
124, -2, 0
125, -1, 0
126, -1, 1
125, -1, 0
124, -1, 0
125, -2, 0
125, -1, 1
125, -1, 0
126, -1, 0
126, -2, 1
129, -1, 0
120, -1, 0
125, -1, 1
124, -2, 0
126, -1, 0
125, -1, 0
126, -1, 1
124, -1, 0
125, -2, 0
124, -1, 1
125, -2, 0
125, -1, 0
125, -1, 1
125, -1, 0
125, -2, 0
125, -1, 1
125, -1, 0
125, -1, 0
125, -1, 0
125, -2, 1
125, -1, 0
125, -1, 0
125, -1, 1
125, -2, 0
126, -1, 0
125, -2, 1
125, -1, 0
124, -1, 0
125, -1, 0
125, -1, 1
125, -2, 0
125, -1, 0
125, -2, 1
125, -1, 0
125, -1, 0
125, -1, 0
125, -2, 1
125, -1, 0
125, -1, 0
125, -1, 1
125, -1, 0
125, -2, 0
125, -1, 0
125, -2, 1
126, -1, 0
124, -1, 1
125, -1, 0
125, -2, 0
125, -1, 0
125, -2, 1
247, -2, 0
128, -1, 1
125, -1, 0
125, -2, 0
126, -1, 0
124, -1, 1
125, -2, 0
125, -1, 1
125, -1, 0
125, -2, 0
125, -1, 0
125, -1, 1
125, -2, 0
125, -1, 0
126, -1, 1
125, -2, 0
125, -1, 0
124, -1, 0
126, -2, 1
125, -1, 0
125, -2, 1
124, -1, 0
126, -1, 0
125, -1, 0
125, -1, 1
125, -2, 0
125, -1, 0
125, -2, 1
125, -1, 0
125, -2, 0
125, 0, 1
124, -2, 0
126, -1, 0
125, -2, 0
124, -1, 1
126, -1, 0
124, -2, 0
125, -1, 1
126, -1, 0
124, -1, 0
126, -2, 1
125, -1, 0
125, -2, 0
125, -1, 0
124, -2, 1
125, -1, 0
125, -1, 0
126, -1, 1
124, -2, 0
125, -1, 0
125, -1, 1
125, -2, 0
125, -1, 0
225, -2, 1
24, -1, 0
127, -1, 0
124, -1, 0
125, -2, 1
125, -1, 0
125, -1, 0
125, -2, 1
125, -1, 0
125, -2, 0
125, -1, 1
125, -2, 0
125, -1, 0
125, -1, 1
125, -1, 0
125, -1, 0
125, -2, 0
125, -1, 1
125, -2, 0
125, -1, 0
125, -2, 1
125, -1, 0
125, -1, 0
125, -1, 1
125, -2, 0
125, -1, 0
125, -2, 1
125, -1, 0
125, -1, 0
126, -2, 0
124, -1, 1
125, -2, 0
125, -1, 0
125, -1, 0
125, -1, 1
125, -2, 0
125, -1, 1
125, -2, 0
125, -1, 0
125, -1, 0
125, -2, 1
125, -1, 0
125, -1, 0
125, -1, 1
125, -2, 0
125, -1, 0
125, -2, 1
125, -1, 0
125, -2, 0
125, -1, 0
125, -1, 1
125, -2, 0
125, -1, 0
125, -1, 1
125, -2, 0
125, -1, 0
125, -1, 1
125, -2, 0
125, -1, 0
126, -2, 0
125, -1, 1
132, -1, 0
120, -2, 0
126, -1, 1
123, -1, 0
125, -1, 0
125, -2, 1
127, -1, 0
123, -2, 0
125, -1, 0
125, -2, 1
126, -1, 0
129, -1, 0
123, -2, 1
125, -1, 0
125, -1, 0
125, -2, 0
146, -1, 1
103, -1, 0
124, -2, 0
125, -1, 1
125, -2, 0
126, -1, 0
124, -1, 1
125, -1, 0
125, -2, 0
125, -1, 0
125, -1, 1
125, -2, 0
125, -1, 0
125, -2, 1
125, -1, 0
125, -1, 0
125, -2, 1
125, -1, 0
126, -1, 0
124, -1, 0
125, -2, 1
126, -1, 0
124, -2, 0
125, -1, 0
128, -1, 1
126, -1, 0
123, -2, 0
123, -1, 0
125, -2, 1
125, -1, 0
125, -1, 0
125, -2, 1
126, -1, 0
124, -1, 0
128, -1, 0
119, -2, 1
125, -1, 0
125, -2, 0
124, -1, 0
126, -1, 1
125, -1, 0
125, -2, 0
125, -1, 0
125, -1, 1
125, -2, 0
124, -1, 0
126, -2, 1
125, -1, 0
125, -1, 0
124, -1, 0
126, -2, 1
125, -1, 0
125, -2, 0
124, -1, 0
126, -1, 0
128, -1, 1
247, -1, 0
251, -2, 0
124, -4, 1
125, -1, 0
125, -1, 1
125, -2, 0
125, -1, 0
125, -1, 0
125, -2, 1
126, -1, 0
124, -1, 0
125, -1, 0
126, -2, 1
126, -1, 0
124, -2, 0
129, -1, 0
122, -1, 1
126, -1, 0
124, -2, 0
125, -1, 0
125, -1, 0
124, -2, 1
125, -1, 0
125, -1, 0
126, -1, 1
130, -2, 0
119, -1, 0
124, -1, 0
125, -1, 0
125, -2, 1
125, -1, 0
125, -1, 0
125, -1, 0
125, -2, 1
125, -1, 0
125, -1, 0
125, -2, 0
125, -1, 0
127, -1, 1
124, -1, 0
126, -2, 0
124, -1, 0
125, -1, 1
124, -1, 0
126, -1, 0
125, -2, 0
124, -1, 0
125, -2, 1
247, -2, 0
128, -1, 0
125, -2, 1
125, -1, 0
250, -2, 0
126, -1, 0
126, -2, 1
126, -1, 0
130, -1, 0
121, -1, 0
136, -1, 1
115, -1, 0
127, -2, 0
125, -1, 0
123, -1, 0
127, -1, 1
132, -2, 0
117, -1, 0
124, -1, 0
125, -1, 0
125, -1, 1
128, -2, 0
122, -1, 0
126, -1, 0
125, -1, 0
124, -2, 1
125, -1, 0
164, -1, 0
90, -1, 0
135, -1, 0
117, -1, 1
125, -1, 0
139, -2, 0
124, -1, 0
107, -1, 0
126, -1, 1
125, -2, 0
127, -1, 0
244, -2, 0
130, -1, 0
125, -1, 1
123, -1, 0
125, -1, 0
128, -1, 0
123, -2, 0
126, -1, 1
124, -1, 0
125, -1, 0
124, -1, 0
125, -1, 0
125, -1, 0
124, -2, 1
127, -1, 0
125, -1, 0
126, -1, 0
122, -1, 0
129, -1, 1
123, -2, 0
127, -1, 0
124, -1, 0
123, -1, 0
124, -1, 0
128, -1, 1
123, -1, 0
124, -1, 0
125, -1, 0
124, -2, 0
247, -2, 1
126, -1, 0
125, -1, 0
128, -1, 0
121, -1, 0
128, -1, 0
124, -1, 0
129, -1, 1
122, -1, 0
125, -1, 0
125, -1, 0
124, -2, 0
316, -2, 1
59, -1, 0
251, -2, 0
124, -1, 0
126, -1, 0
124, -1, 0
125, -1, 0
126, -1, 1
124, -1, 0
124, -1, 0
126, -1, 0
125, -1, 0
126, -1, 0
125, -1, 1
124, -1, 0
126, -1, 0
131, -1, 0
119, -1, 0
124, -1, 0
128, -1, 0
124, -1, 1
123, -1, 0
131, -1, 0
117, -1, 0
127, -1, 0
126, -1, 0
122, -1, 0
125, -1, 0
124, -1, 1
126, -1, 0
125, -1, 0
124, -1, 0
127, -1, 0
127, -1, 0
248, -1, 0
131, -1, 0
120, -1, 0
125, -1, 1
129, -1, 0
119, -1, 0
125, -1, 0
125, -1, 0
127, -1, 0
125, -1, 0
131, -1, 0
124, -1, 0
126, -1, 1
119, -1, 0
248, -2, 0
250, -1, 0
126, -1, 0
125, -1, 0
136, -1, 0
119, -1, 0
127, -1, 0
125, -1, 1
125, -1, 0
248, -1, 0
127, -1, 0
125, -1, 0
124, -1, 0
123, -1, 0
124, -1, 0
124, -1, 0
127, -1, 1
261, -1, 0
116, -1, 0
137, -1, 0
114, -1, 0
130, -1, 0
243, -1, 0
129, -1, 0
168, -1, 0
82, -1, 0
123, -1, 0
132, 0, 1
115, -1, 0
124, -1, 0
127, -1, 0
124, -1, 0
244, -1, 0
135, -1, 0
120, -1, 0
126, -1, 0
254, -1, 0
124, -1, 0
123, -1, 1
124, -1, 0
245, -1, 0
132, -1, 0
123, -1, 0
122, -1, 0
246, -1, 0
131, -1, 0
244, -1, 0
130, -1, 0
126, -1, 0
245, -1, 0
129, -1, 0
126, -1, 0
124, 0, 1
125, -1, 0
125, -1, 0
247, -1, 0
129, -1, 0
122, -1, 0
245, -1, 0
128, -1, 0
247, -1, 0
136, -1, 0
242, -1, 0
127, -1, 0
247, -1, 0
128, -1, 0
125, -1, 0
231, 0, 1
19, -1, 0
248, -1, 0
125, -1, 0
247, -1, 0
128, -1, 0
248, -1, 0
127, -1, 0
247, -1, 0
249, -1, 0
129, -1, 0
247, -1, 0
130, -1, 0
244, -1, 0
254, -1, 0
129, -1, 0
245, -1, 0
248, -1, 0
127, -1, 0
248, -1, 0
250, -1, 1
250, -1, 0
250, -1, 0
250, -1, 0
128, -1, 0
246, -1, 0
251, -1, 0
249, -1, 0
257, -1, 0
245, -1, 0
249, -1, 0
249, -1, 0
293, -1, 0
209, -1, 0
250, -1, 0
252, -1, 0
375, -1, 0
129, -1, 0
380, -1, 0
248, -1, 0
250, -1, 0
372, -1, 0
248, -1, 0
250, -1, 0
375, -1, 0
250, -1, 0
419, -1, 0
205, -1, 0
387, -1, 0
239, -1, 0
418, -1, 0
333, -1, 0
374, -1, 0
378, -1, 0
378, -1, 0
244, -1, 0
530, -1, 0
342, -1, 0
403, -1, 0
347, -1, 0
501, -1, 0
375, -1, 0
513, -1, 0
485, -1, 0
400, -1, 0
631, -1, 0
496, -1, 0
538, -1, 0
587, -1, 0
630, -1, 0
620, -1, 0
597, -1, 0
250, 0, -1
527, -1, 0
938, -1, 0
690, -1, 0
1000, -1, 0
997, -1, 0
975, 0, -1
129, -1, 0
1668, -1, 0
1647, -1, 0
2746, -1, 0
1858, 0, -1
15229, 1, 0
2774, 1, 0
2022, 1, 0
1102, 0, 1
501, 1, 0
1367, 1, 0
1489, 1, 0
387, 0, 1
614, 1, 0
1000, 1, 0
1271, 1, 0
516, 0, 1
341, 1, 0
885, 1, 0
724, 1, 0
128, 0, 1
621, 1, 0
764, 1, 0
739, 1, 0
370, 0, 1
252, 1, 0
622, 1, 0
633, 1, 0
492, 1, 0
379, 0, 1
128, 1, 0
618, 1, 0
500, 1, 0
501, 1, 1
518, 1, 0
482, 1, 0
375, 1, 0
502, 1, 1
373, 1, 0
495, 1, 0
256, 1, 0
497, 1, 0
375, 1, 0
250, 0, 1
128, 1, 0
387, 1, 0
236, 1, 0
374, 1, 0
374, 1, 0
377, 1, 1
374, 1, 0
373, 1, 0
252, 1, 0
250, 1, 0
374, 1, 0
379, 1, 0
248, 1, 0
128, 0, 1
246, 1, 0
250, 1, 0
251, 1, 0
374, 1, 0
249, 1, 0
254, 1, 0
247, 1, 0
375, 1, 0
249, 1, 0
367, 1, 1
284, 1, 0
114, 1, 0
237, 1, 0
376, 1, 0
126, 1, 0
371, 1, 0
128, 1, 0
249, 1, 0
373, 1, 0
250, 1, 0
128, 1, 1
378, 1, 0
123, 1, 0
261, 1, 0
236, 1, 0
251, 1, 0
248, 1, 0
250, 1, 0
128, 1, 0
247, 1, 0
251, 1, 0
250, 1, 0
249, 1, 0
128, 1, 1
247, 1, 0
252, 1, 0
141, 1, 0
242, 1, 0
250, 1, 0
135, 1, 0
236, 1, 0
288, 1, 0
91, 1, 0
243, 1, 0
257, 1, 0
119, 1, 0
255, 1, 0
121, 1, 0
245, 1, 0
255, 1, 0
126, 1, 0
245, 1, 0
128, 1, 0
247, 1, 0
127, 1, 0
252, 1, 0
125, 1, 0
124, 1, 0
247, 1, 0
128, 1, 0
247, 1, 0
251, 1, 0
126, 1, 0
127, 1, 0
247, 1, 0
127, 1, 0
250, 1, 0
126, 1, 0
123, 1, 0
247, 1, 0
128, 1, 0
247, 1, 0
131, 1, 0
123, 1, 0
249, 1, 0
125, 1, 0
125, 1, 0
260, 1, 0
123, 1, 0
125, 1, 0
277, 1, 0
92, 1, 0
124, 1, 0
248, 1, 0
131, 1, 0
126, 1, 0
242, 1, 0
129, 1, 0
124, 1, 0
124, 1, 0
247, 1, 0
135, 1, 0
360, 1, 0
270, 1, 0
117, 3, 0
249, 1, 0
126, 1, 0
123, 1, 0
125, 1, 0
246, 1, 0
128, 1, 0
125, 1, 0
126, 1, 0
130, 1, 0
242, 1, 0
127, 1, 0
125, 1, 0
125, 1, 0
248, 1, 0
134, 1, 0
119, 1, 0
124, 1, 0
125, 1, 0
247, 1, 0
133, 1, 0
123, 1, -1
128, 1, 0
124, 1, 0
120, 1, 0
247, 1, 0
129, 1, 0
124, 1, 0
126, 1, 0
131, 1, 0
122, 1, 0
122, 1, 0
124, 1, 0
247, 1, 0
128, 1, 0
126, 1, 0
134, 1, 0
119, 1, 0
121, 1, 0
125, 1, 0
126, 1, -1
124, 1, 0
247, 1, 0
136, 1, 0
126, 1, 0
117, 1, 0
125, 1, 0
125, 1, 0
125, 1, 0
124, 1, 0
125, 1, 0
125, 1, 0
250, 2, 0
126, 0, -1
124, 1, 0
125, 1, 0
125, 1, 0
126, 1, 0
124, 1, 0
134, 1, 0
118, 1, 0
123, 1, 0
126, 1, 0
124, 1, 0
136, 1, 0
240, 2, 0
256, 2, -1
248, 1, 0
127, 1, 0
125, 1, 0
118, 1, 0
125, 1, 0
130, 1, 0
129, 1, 0
116, 1, 0
125, 1, 0
124, 1, 0
125, 1, 0
126, 1, 0
125, 1, -1
130, 1, 0
125, 1, 0
121, 1, 0
124, 1, 0
125, 1, 0
125, 1, 0
125, 1, 0
124, 1, 0
125, 1, 0
130, 1, 0
123, 1, -1
123, 1, 0
125, 1, 0
132, 1, 0
119, 1, 0
124, 1, 0
126, 1, 0
131, 1, 0
120, 1, 0
124, 1, 0
124, 1, 0
125, 1, -1
124, 1, 0
125, 1, 0
125, 1, 0
131, 1, 0
125, 1, 0
121, 1, 0
124, 1, 0
125, 1, 0
125, 1, 0
125, 1, -1
125, 1, 0
130, 1, 0
125, 1, 0
121, 1, 0
124, 1, 0
301, 1, 0
205, 1, 0
151, 3, -1
96, 1, 0
128, 1, 0
120, 1, 0
124, 1, 0
125, 1, 0
125, 1, 0
155, 2, 0
223, 2, 0
244, 1, -1
125, 2, 0
247, 2, 0
250, 2, 0
151, 1, 0
110, 1, 0
121, 1, -1
125, 1, 0
124, 1, 0
124, 1, 0
125, 1, 0
125, 1, 0
129, 1, 0
129, 1, 0
123, 1, 0
121, 1, 0
125, 2, -1
250, 2, 0
125, 1, 0
249, 2, 0
130, 1, 0
121, 1, -1
126, 1, 0
122, 1, 0
126, 1, 0
125, 1, 0
125, 1, 0
125, 1, 0
131, 1, 0
120, 1, 0
125, 2, -1
246, 2, 0
129, 1, 0
124, 1, 0
124, 1, 0
150, 1, 0
110, 1, 0
117, 1, -1
127, 1, 0
123, 2, 0
246, 1, 0
128, 2, 0
131, 1, 0
124, 1, -1
120, 1, 0
125, 1, 0
125, 1, 0
125, 1, 0
125, 1, 0
125, 2, 0
132, 0, -1
123, 1, 0
121, 2, 0
125, 1, 0
124, 1, 0
124, 1, 0
126, 1, 0
125, 1, 0
131, 1, 0
121, 1, -1
123, 1, 0
134, 1, 0
145, 1, 0
105, 2, 0
115, 1, 0
152, 1, 0
103, 1, 0
122, 1, -1
125, 1, 0
124, 1, 0
125, 1, 0
126, 2, 0
246, 1, 0
129, 2, -1
131, 1, 0
127, 1, 0
118, 1, 0
126, 1, 0
121, 1, 0
124, 1, 0
126, 1, -1
125, 2, 0
130, 1, 0
120, 1, 0
125, 1, 0
124, 1, 0
125, 1, 0
128, 1, -1
124, 1, 0
125, 1, 0
128, 2, 0
122, 1, 0
123, 1, 0
126, 1, -1
124, 1, 0
126, 1, 0
124, 1, 0
126, 1, 0
127, 1, 0
124, 2, 0
124, 1, -1
124, 1, 0
135, 1, 0
119, 1, 0
122, 1, 0
125, 2, 0
249, 1, -1
126, 2, 0
125, 1, 0
124, 1, 0
342, 1, 0
299, 1, 0
113, 5, -1
123, 1, 0
124, 1, 0
125, 1, 0
124, 1, -1
128, 1, 0
123, 1, 0
129, 1, 0
122, 1, 0
124, 2, 0
125, 1, 0
125, 1, -1
125, 1, 0
124, 1, 0
126, 1, 0
130, 1, 0
121, 2, -1
245, 2, 0
130, 1, 0
123, 1, 0
125, 1, 0
125, 1, 0
129, 1, -1
133, 1, 0
117, 1, 0
123, 1, 0
125, 2, 0
125, 1, 0
124, 1, 0
125, 1, -1
128, 1, 0
123, 1, 0
124, 1, 0
128, 1, 0
126, 2, -1
124, 1, 0
126, 1, 0
124, 1, 0
128, 1, 0
125, 1, 0
123, 1, -1
125, 1, 0
125, 1, 0
125, 2, 0
128, 1, 0
123, 1, 0
124, 1, 0
125, 1, -1
122, 1, 0
124, 1, 0
126, 1, 0
128, 1, 0
121, 1, 0
127, 1, -1
126, 2, 0
243, 2, 0
127, 1, 0
125, 1, 0
125, 1, -1
123, 1, 0
125, 1, 0
126, 1, 0
126, 1, 0
126, 1, 0
130, 2, 0
119, 0, -1
125, 2, 0
124, 1, 0
125, 1, 0
125, 1, 0
126, 1, 0
130, 1, 0
126, 1, -1
119, 1, 0
124, 1, 0
125, 1, 0
130, 1, 0
138, 1, 0
108, 1, -1
125, 2, 0
262, 1, 0
132, 2, 0
235, 2, 0
122, 1, -1
123, 1, 0
124, 1, 0
126, 1, 0
125, 1, 0
122, 1, 0
125, 1, -1
125, 1, 0
125, 1, 0
122, 1, 0
125, 1, 0
125, 1, 0
125, 1, -1
125, 1, 0
126, 2, 0
248, 2, 0
250, 2, -1
254, 1, 0
126, 2, 0
244, 2, 0
129, 0, -1
123, 2, 0
126, 1, 0
124, 1, 0
127, 1, 0
122, 1, 0
125, 1, 0
251, 2, -1
256, 2, 0
253, 2, 0
119, 0, -1
132, 2, 0
244, 1, 0
128, 1, 0
504, 1, 0
133, 4, -1
108, 1, 0
124, 1, 0
142, 1, -1
135, 1, 0
103, 1, 0
252, 1, 0
120, 1, 0
126, 1, 0
128, 1, -1
135, 1, 0
114, 1, 0
121, 1, 0
122, 1, 0
144, 1, -1
101, 1, 0
126, 1, 0
247, 1, 0
128, 1, 0
125, 1, 0
126, 1, -1
123, 1, 0
126, 1, 0
127, 1, 0
124, 1, 0
248, 1, 0
126, 1, -1
124, 1, 0
126, 1, 0
125, 1, 0
248, 1, 0
127, 1, 0
126, 1, -1
124, 1, 0
125, 1, 0
247, 1, 0
128, 1, 0
126, 1, 0
125, 1, 0
124, 0, -1
124, 1, 0
126, 1, 0
125, 1, 0
251, 2, 0
251, 1, -1
124, 1, 0
247, 1, 0
127, 1, 0
124, 1, 0
126, 1, 0
247, 1, -1
128, 1, 0
248, 1, 0
127, 1, 0
124, 1, 0
248, 1, 0
127, 1, 0
126, 0, -1
124, 1, 0
125, 1, 0
126, 1, 0
248, 1, 0
249, 1, 0
128, 1, -1
249, 1, 0
128, 1, 0
124, 1, 0
247, 1, 0
249, 1, 0
128, 1, -1
247, 1, 0
251, 1, 0
127, 1, 0
249, 1, 0
248, 1, 0
128, 1, -1
247, 1, 0
250, 1, 0
250, 1, 0
251, 1, 0
253, 1, 0
125, 0, -1
124, 1, 0
248, 1, 0
127, 1, 0
373, 1, 0
250, 1, 0
127, 0, -1
124, 1, 0
248, 1, 0
375, 1, 0
250, 1, 0
377, 1, 0
403, 1, -1
226, 1, 0
370, 1, 0
375, 1, 0
375, 1, 0
250, 1, 0
375, 0, -1
127, 1, 0
500, 1, 0
498, 1, 0
501, 1, 0
625, 1, 0
128, 0, -1
621, 1, 0
750, 1, 0
1127, 1, 0
10145, -1, 0
355, 0, -1
1527, -1, 0
1344, -1, 0
1160, -1, 0
964, -1, 0
780, -1, 0
758, -1, 0
587, -1, 0
667, -1, 0
624, -1, 0
461, -1, 0
562, -1, 0
477, -1, 0
333, -1, 0
533, -1, 0
343, -1, 0
407, -1, 0
503, -1, 0
214, -1, 0
557, -1, 0
318, -1, 0
251, -1, 0
374, -1, 0
375, -1, 0
377, -1, 0
250, -1, 0
249, -1, 0
250, -1, 0
374, -1, 0
348, -1, 0
279, -1, 0
249, -1, 0
249, -1, 0
250, -1, 0
376, -1, 0
250, -1, 0
250, -1, 0
249, -1, 0
250, -1, 0
251, -1, 0
249, -1, 0
250, -1, 0
250, -1, 0
250, -1, 0
250, -1, 0
129, -1, 0
124, 0, 1
248, -1, 0
127, -1, 0
248, -1, 0
249, -1, 0
251, -1, 0
127, -1, 0
248, -1, 0
249, -1, 1
250, -1, 0
128, -1, 0
247, -1, 0
280, -1, 0
98, -1, 0
248, -1, 0
311, -1, 0
97, -1, 1
216, -1, 0
131, -1, 0
244, -1, 0
250, -1, 0
133, -1, 0
123, -1, 0
244, -1, 1
250, -1, 0
131, -1, 0
125, -1, 0
244, -1, 0
131, -1, 0
244, -1, 0
131, -1, 0
125, 0, 1
131, -1, 0
121, -1, 0
242, -1, 0
131, -1, 0
125, -1, 0
244, -1, 0
131, -1, 0
125, 0, 1
125, -1, 0
125, -1, 0
125, -1, 0
244, -1, 0
131, -1, 0
125, -1, 0
126, 0, 1
124, -1, 0
125, -1, 0
125, -1, 0
244, -1, 0
131, -1, 0
124, -1, 0
126, -1, 0
126, 0, 1
123, -1, 0
124, -1, 0
246, -1, 0
128, -1, 0
125, -1, 0
125, -1, 0
125, -1, 1
248, -1, 0
127, -1, 0
126, -1, 0
246, -1, 1
128, -1, 0
125, -1, 0
125, -1, 0
248, -1, 0
127, -1, 0
125, -1, 1
126, -1, 0
245, -1, 0
257, -1, 0
123, -2, 0
125, -1, 1
248, -1, 0
126, -1, 0
126, -1, 0
124, -1, 0
125, -1, 0
126, 0, 1
124, -1, 0
125, -1, 0
125, -1, 0
125, -1, 0
125, -1, 0
125, -1, 1
247, -1, 0
128, -1, 0
125, -1, 0
126, -1, 0
124, -1, 1
126, -1, 0
246, -1, 0
128, -1, 0
126, -1, 0
125, -1, 1
124, -1, 0
126, -1, 0
124, -1, 0
125, -1, 0
247, -1, 0
128, -1, 1
125, -1, 0
125, -1, 0
125, -1, 0
125, -1, 0
125, -1, 1
125, -1, 0
125, -1, 0
125, -1, 0
125, -1, 0
247, -1, 1
128, -1, 0
125, -1, 0
125, -1, 0
125, -1, 0
125, -1, 0
125, -1, 1
125, -1, 0
248, -2, 0
126, -1, 0
126, 0, 1
125, -1, 0
125, -1, 0
125, -1, 0
125, -1, 0
125, -1, 0
125, -1, 1
125, -1, 0
125, -1, 0
125, -1, 0
124, -1, 0
126, -1, 0
125, -1, 1
125, -1, 0
125, -1, 0
125, -1, 0
125, -1, 1
247, -2, 0
249, -2, 0
128, -1, 0
126, -1, 1
248, -1, 0
127, -1, 0
125, -1, 0
125, -1, 0
125, -1, 1
125, -2, 0
247, -1, 0
138, -1, 0
121, -1, 1
122, -1, 0
124, -1, 0
126, -1, 0
121, -1, 0
123, -1, 0
125, -1, 1
125, -1, 0
191, -1, 0
60, -1, 0
127, -1, 0
125, -1, 1
125, -1, 0
123, -1, 0
124, -1, 0
126, -1, 0
125, -1, 0
125, -1, 1
125, -1, 0
125, -1, 0
125, -1, 0
125, -1, 0
125, -1, 1
126, -1, 0
124, -1, 0
125, -1, 0
129, -1, 0
125, -1, 0
124, -1, 1
124, -1, 0
126, -1, 0
124, -2, 0
249, -2, 1
250, -1, 0
126, -2, 0
250, -2, 1
124, -1, 0
125, -1, 0
334, -1, 0
167, -1, 0
128, -3, 1
122, -1, 0
124, -1, 0
124, -1, 0
125, -1, 1
125, -1, 0
125, -1, 0
126, -1, 0
124, -2, 0
248, -2, 1
128, -1, 0
124, -1, 0
125, -1, 0
125, -1, 0
126, -1, 1
124, -1, 0
125, -1, 0
125, -1, 0
125, -1, 1
125, -1, 0
125, -2, 0
247, -2, 0
128, -1, 0
126, -1, 0
124, -1, 1
125, -1, 0
125, -1, 0
128, -1, 0
123, -2, 0
124, 0, 1
125, -2, 0
125, -1, 0
125, -1, 0
126, -1, 0
124, -1, 0
125, -1, 1
125, -1, 0
125, -1, 0
125, -1, 0
125, -2, 0
125, 0, 1
126, -2, 0
124, -1, 0
127, -1, 0
123, -1, 0
125, -1, 0
125, -1, 1
125, -1, 0
125, -2, 0
125, -1, 0
126, -1, 0
124, -1, 1
125, -1, 0
125, -1, 0
125, -2, 0
125, -1, 0
125, 0, 1
125, -2, 0
125, -1, 0
125, -1, 0
125, -1, 0
125, -1, 0
125, -1, 1
125, -2, 0
125, -1, 0
125, -1, 0
125, -1, 0
125, -1, 0
125, -1, 1
125, -1, 0
125, -2, 0
125, -1, 0
125, -1, 0
126, -1, 0
124, -1, 1
125, -1, 0
125, -2, 0
125, -1, 0
247, -2, 1
128, -1, 0
125, -1, 0
125, -1, 0
125, -2, 0
125, 0, 1
125, -2, 0
125, -1, 0
125, -1, 0
125, -1, 0
125, -1, 0
125, -2, 1
125, -1, 0
125, -1, 0
125, -1, 0
125, -1, 0
128, -1, 0
122, -2, 1
247, -2, 0
128, -1, 0
125, -1, 0
125, -1, 1
126, -1, 0
124, -2, 0
128, -1, 0
138, -1, 0
112, -1, 0
133, -1, 1
135, -1, 0
107, -2, 0
125, -1, 0
125, -1, 0
130, -1, 0
121, -1, 1
124, -1, 0
125, -1, 0
126, -2, 0
124, -1, 0
127, -1, 1
124, -1, 0
125, -1, 0
124, -1, 0
126, -2, 0
124, -1, 0
125, -1, 1
125, -1, 0
125, -1, 0
567, -1, 0
184, -1, 0
124, -7, 1
125, -1, 0
125, -1, 1
125, -1, 0
125, -1, 0
125, -1, 0
125, -1, 0
125, -2, 0
125, -1, 1
125, -1, 0
126, -1, 0
124, -2, 0
244, -1, 1
132, -2, 0
124, -1, 0
127, -1, 0
123, -1, 0
125, -2, 0
125, 0, 1
125, -2, 0
125, -1, 0
125, -1, 0
126, -1, 0
121, -2, 0
125, -1, 1
125, -1, 0
125, -1, 0
125, -1, 0
125, -2, 0
247, -2, 1
128, -1, 0
125, -1, 0
125, -1, 0
125, -2, 0
247, -1, 1
128, -2, 0
125, -1, 0
125, -1, 0
125, -1, 0
125, -1, 0
125, -2, 0
125, -1, 1
144, -1, 0
106, -1, 0
125, -1, 0
125, -1, 0
125, -2, 0
126, -1, 1
124, -1, 0
125, -1, 0
125, -1, 0
125, -1, 0
125, -2, 0
125, -1, 1
125, -1, 0
125, -1, 0
125, -1, 0
125, -1, 0
125, -1, 0
125, -2, 1
125, -1, 0
125, -1, 0
125, -1, 0
125, -1, 0
125, -1, 0
125, -2, 1
143, -1, 0
229, -2, 0
128, -1, 0
125, -1, 0
125, -1, 0
125, -2, 1
248, -2, 0
127, -1, 0
126, -1, 0
124, -1, 0
125, -1, 0
125, -1, 1
125, -1, 0
125, -2, 0
125, -1, 0
125, -1, 0
125, -1, 1
125, -1, 0
128, -1, 0
122, -2, 0
247, -2, 0
143, -1, 0
109, -1, 0
126, -1, 1
124, -1, 0
125, -1, 0
125, -1, 0
125, -1, 0
126, -1, 0
124, -2, 1
125, -1, 0
125, -1, 0
126, -1, 0
124, -1, 0
127, -1, 0
127, -1, 0
122, -1, 1
143, -1, 0
106, -1, 0
126, -1, 0
125, -2, 0
125, -1, 0
125, -1, 0
125, -1, 0
125, -1, 0
125, -1, 1
125, -1, 0
125, -1, 0
125, -1, 0
125, -1, 0
124, -1, 0
126, -1, 0
125, -1, 0
125, -2, 1
247, -1, 0
252, -2, 0
253, -1, 0
123, -3, 0
125, -1, 1
124, -1, 0
126, -1, 0
124, -1, 0
126, -1, 0
125, -1, 0
124, -1, 0
125, -1, 0
125, -1, 0
125, -1, 1
125, -1, 0
126, -1, 0
124, -1, 0
125, -1, 0
126, -1, 0
124, -1, 0
125, -1, 0
126, -1, 0
124, -1, 1
125, -1, 0
125, -1, 0
125, -1, 0
125, -1, 0
125, -2, 0
248, -2, 0
127, 0, 1
126, -2, 0
246, -1, 0
128, -1, 0
125, -1, 0
125, -2, 0
247, -1, 0
128, -1, 0
126, -2, 1
249, -1, 0
127, -1, 0
125, -1, 0
123, -1, 0
125, -1, 0
124, -1, 0
144, -1, 1
111, -1, 0
125, -1, 0
124, -1, 0
125, -1, 0
125, -1, 0
125, -1, 0
126, -1, 0
124, -1, 0
125, -1, 0
125, -1, 0
126, -1, 1
124, -1, 0
125, -1, 0
125, -1, 0
125, -1, 0
125, -1, 0
244, -1, 0
131, -1, 0
125, -1, 0
126, -1, 1
124, -1, 0
125, -1, 0
126, -1, 0
124, -1, 0
126, -1, 0
124, -1, 0
126, -1, 0
243, -1, 0
132, -1, 1
125, -1, 0
125, -1, 0
125, -1, 0
125, -1, 0
125, -1, 0
125, -1, 0
124, -1, 0
126, -1, 0
125, -1, 0
244, -1, 1
130, -1, 0
125, -1, 0
126, -1, 0
124, -1, 0
125, -1, 0
244, -2, 0
251, -1, 0
128, -1, 0
124, -1, 0
126, -1, 1
247, -1, 0
127, -1, 0
125, -1, 0
125, -1, 0
126, -1, 0
125, -1, 0
125, -1, 0
247, -1, 0
131, -1, 0
122, -1, 0
247, -1, 0
127, -1, 0
125, -1, 0
125, -1, 1
126, -1, 0
124, -1, 0
247, -1, 0
129, -1, 0
247, -1, 0
127, -1, 0
125, -1, 0
125, -1, 0
125, -1, 0
416, -1, 0
212, -1, 0
124, -2, 1
123, -1, 0
127, -1, 0
245, -1, 0
128, -1, 0
125, -1, 0
125, -1, 0
247, -1, 0
128, -1, 0
247, -1, 0
128, -1, 0
125, -1, 0
247, -1, 0
128, -1, 0
125, 0, 1
125, -1, 0
125, -1, 0
247, -1, 0
128, -1, 0
125, -1, 0
247, -1, 0
128, -1, 0
247, -1, 0
128, -1, 0
248, -1, 0
127, -1, 0
125, -1, 0
247, -1, 0
250, -1, 0
128, -1, 1
247, -1, 0
129, -1, 0
246, -1, 0
128, -1, 0
247, -1, 0
250, -1, 0
128, -1, 0
124, -1, 0
249, -1, 0
249, -1, 0
128, -1, 0
247, -1, 0
259, -1, 0
122, -1, 0
244, -1, 0
250, -1, 0
131, -1, 1
245, -1, 0
249, -1, 0
250, -1, 0
131, -1, 0
244, -1, 0
250, -1, 0
251, -1, 0
249, -1, 0
250, -1, 0
250, -1, 0
250, -1, 0
131, -1, 0
370, -1, 0
251, -1, 0
248, -1, 0
250, -1, 1
250, -1, 0
250, -1, 0
250, -1, 0
251, -1, 0
415, -1, 0
209, -1, 0
251, -1, 0
250, -1, 0
415, -1, 0
209, -1, 0
250, -1, 0
250, -1, 0
375, -1, 0
414, -1, 0
293, -1, 0
294, -1, 0
416, -1, 0
208, -1, 0
417, -1, 0
333, -1, 0
413, -1, 0
212, -1, 0
539, -1, 0
336, -1, 0
376, -1, 0
537, -1, 0
337, -1, 0
250, 0, 1
250, -1, 0
412, -1, 0
522, -1, 0
479, -1, 0
463, -1, 0
541, -1, 0
627, -1, 0
622, -1, 0
625, -1, 0
624, -1, 0
630, -1, 0
748, -1, 0
957, -1, 0
916, -1, 0
877, -1, 0
1498, -1, 0
1585, -1, 0
3125, -1, 0
19775, 1, 0
2401, 1, 0
1876, 1, 0
874, 0, 1
338, 1, 0
1034, 1, 0
1098, 1, 0
739, 0, 1
130, 1, 0
907, 1, 0
721, 1, 0
499, 0, 1
127, 1, 0
781, 1, 0
590, 1, 0
630, 1, 1
622, 1, 0
500, 1, 0
545, 1, 0
454, 0, 1
127, 1, 0
425, 1, 0
322, 1, 0
625, 1, 0
384, 1, 0
241, 0, 1
128, 1, 0
420, 1, 0
326, 1, 0
501, 1, 0
428, 1, 0
75, 0, 1
262, 1, 0
364, 1, 0
373, 1, 0
254, 1, 0
372, 1, 0
374, 1, 0
250, 1, 1
376, 1, 0
251, 1, 0
383, 1, 0
242, 1, 0
424, 1, 0
320, 1, 0
128, 1, 0
373, 1, 0
255, 1, 1
245, 1, 0
248, 1, 0
382, 1, 0
272, 1, 0
234, 1, 0
242, 1, 0
249, 1, 0
249, 1, 0
251, 1, 0
418, 1, 0
215, 1, 0
123, 1, 0
243, 1, 0
249, 1, 0
251, 1, 0
127, 1, 0
126, 0, 1
124, 1, 0
248, 1, 0
249, 1, 0
250, 1, 0
128, 1, 0
249, 1, 0
252, 1, 0
250, 1, 0
125, 1, 0
250, 1, 0
125, 1, 0
247, 1, 0
249, 1, 0
128, 1, 0
247, 1, 0
250, 1, 0
129, 1, 0
246, 1, 0
129, 1, 0
246, 1, 0
128, 1, 0
248, 1, 0
252, 1, 0
129, 1, 0
124, 1, 0
253, 1, 0
250, 1, 0
124, 1, 0
246, 1, 0
136, 1, 0
114, 1, 0
249, 1, 0
128, 1, 0
245, 1, 0
129, 1, 0
128, 1, 0
245, 1, 0
136, 1, 0
237, 1, 0
128, 1, 0
250, 2, 0
253, 1, 0
122, 1, 0
247, 1, 0
141, 1, 0
114, 1, 0
251, 1, 0
123, 1, 0
125, 1, 0
245, 1, 0
129, 1, -1
247, 2, 0
251, 1, 0
128, 1, 0
123, 1, 0
126, 1, 0
246, 1, 0
128, 1, 0
125, 1, 0
247, 1, 0
128, 1, 0
125, 1, 0
125, 1, 0
125, 1, 0
128, 1, 0
247, 1, 0
126, 1, -1
125, 1, 0
246, 2, 0
250, 1, 0
128, 1, 0
125, 1, 0
125, 1, 0
126, 1, 0
124, 1, 0
125, 1, 0
247, 1, -1
128, 1, 0
125, 1, 0
125, 1, 0
125, 1, 0
125, 1, 0
247, 2, 0
465, 1, 0
172, 1, 0
120, 3, 0
137, 1, 0
109, 1, -1
125, 1, 0
125, 1, 0
125, 1, 0
247, 2, 0
251, 1, 0
127, 1, 0
126, 1, 0
124, 1, 0
125, 1, 0
125, 1, -1
125, 1, 0
125, 1, 0
126, 1, 0
124, 1, 0
125, 1, 0
125, 1, 0
125, 1, 0
125, 1, 0
125, 1, -1
125, 1, 0
137, 1, 0
114, 1, 0
124, 1, 0
125, 1, 0
125, 1, 0
125, 1, 0
124, 1, 0
126, 1, -1
125, 1, 0
125, 1, 0
125, 1, 0
129, 1, 0
124, 1, 0
125, 1, 0
123, 1, 0
124, 1, 0
125, 1, -1
126, 1, 0
124, 1, 0
125, 1, 0
125, 1, 0
125, 1, 0
125, 1, 0
125, 1, -1
124, 1, 0
128, 1, 0
124, 1, 0
127, 1, 0
122, 1, 0
125, 1, 0
125, 1, -1
125, 1, 0
125, 1, 0
125, 1, 0
125, 1, 0
125, 2, 0
248, 2, -1
127, 1, 0
125, 1, 0
125, 1, 0
125, 1, 0
125, 1, 0
125, 1, -1
124, 1, 0
125, 1, 0
126, 2, 0
247, 2, 0
128, 1, 0
125, 1, -1
125, 1, 0
125, 1, 0
125, 1, 0
127, 1, 0
123, 1, 0
125, 1, 0
125, 1, -1
125, 1, 0
126, 2, 0
124, 1, 0
125, 1, 0
125, 1, 0
125, 1, -1
125, 1, 0
125, 2, 0
126, 1, 0
129, 1, 0
127, 1, -1
138, 1, 0
114, 1, 0
122, 1, 0
120, 2, 0
248, 2, -1
126, 1, 0
125, 1, 0
125, 1, 0
125, 2, 0
125, 0, -1
133, 2, 0
118, 1, 0
124, 1, 0
125, 1, 0
125, 1, 0
126, 2, -1
124, 1, 0
124, 1, 0
126, 1, 0
125, 1, 0
124, 1, -1
125, 1, 0
126, 2, 0
126, 1, 0
124, 1, 0
125, 1, 0
125, 2, -1
125, 1, 0
124, 1, 0
125, 1, 0
126, 2, -1
133, 1, 0
120, 1, 0
125, 1, 0
360, 1, 0
271, 1, -1
118, 5, 0
127, 1, -1
123, 2, 0
124, 1, 0
126, 1, 0
123, 1, 0
126, 1, -1
125, 2, 0
125, 1, 0
124, 1, 0
125, 1, 0
126, 2, -1
124, 1, 0
126, 1, 0
123, 1, 0
126, 1, 0
125, 2, -1
125, 1, 0
125, 1, 0
125, 1, 0
126, 2, -1
125, 1, 0
123, 1, 0
126, 1, 0
126, 2, 0
128, 1, -1
121, 1, 0
125, 1, 0
124, 1, 0
127, 2, 0
124, 1, -1
125, 2, 0
126, 1, 0
124, 1, 0
124, 1, 0
126, 1, -1
125, 2, 0
125, 1, 0
125, 1, 0
125, 1, 0
125, 2, -1
125, 1, 0
124, 1, 0
125, 1, 0
127, 2, -1
124, 1, 0
125, 1, 0
125, 1, 0
125, 2, 0
125, 1, -1
125, 1, 0
139, 2, 0
113, 1, 0
123, 1, -1
126, 1, 0
125, 2, 0
124, 1, 0
124, 1, -1
126, 1, 0
125, 2, 0
125, 1, 0
126, 2, -1
124, 1, 0
125, 1, 0
125, 1, 0
125, 1, 0
125, 2, -1
125, 1, 0
125, 2, 0
125, 1, 0
125, 1, -1
125, 1, 0
126, 2, 0
124, 1, 0
128, 1, 0
124, 1, -1
125, 1, 0
124, 2, 0
127, 1, 0
124, 2, -1
124, 1, 0
124, 1, 0
133, 1, 0
121, 2, -1
124, 1, 0
122, 1, 0
125, 2, 0
125, 1, -1
126, 1, 0
124, 1, 0
125, 2, 0
126, 1, -1
124, 2, 0
125, 1, 0
125, 1, 0
125, 1, -1
126, 2, 0
125, 1, 0
124, 1, 0
125, 2, 0
125, 1, -1
125, 1, 0
125, 1, 0
129, 2, 0
124, 1, -1
127, 2, 0
130, 1, 0
120, 1, 0
128, 1, -1
120, 2, 0
125, 1, 0
125, 1, 0
128, 2, -1
131, 1, 0
121, 1, 0
122, 1, 0
123, 2, -1
134, 1, 0
120, 2, 0
124, 1, 0
122, 1, 0
127, 2, -1
122, 1, 0
123, 1, 0
125, 1, 0
130, 2, -1
123, 1, 0
123, 2, 0
125, 1, 0
294, 1, -1
209, 1, 0
135, 4, -1
115, 2, 0
125, 1, 0
123, 1, -1
124, 2, 0
125, 1, 0
125, 1, 0
126, 2, -1
124, 1, 0
128, 2, 0
124, 1, 0
123, 1, -1
124, 1, 0
125, 1, 0
126, 2, 0
128, 1, 0
119, 2, -1
124, 1, 0
126, 1, 0
123, 1, -1
124, 2, 0
126, 1, 0
125, 1, 0
126, 2, -1
124, 1, 0
127, 1, 0
121, 1, 0
125, 2, -1
124, 1, 0
126, 2, 0
125, 1, 0
128, 1, -1
129, 1, 0
143, 1, 0
102, 2, 0
126, 1, -1
123, 2, 0
125, 1, 0
125, 1, 0
126, 1, -1
125, 2, 0
146, 1, 0
103, 2, 0
126, 1, -1
125, 1, 0
123, 1, 0
144, 1, 0
117, 2, -1
127, 1, 0
116, 1, 0
124, 1, 0
127, 2, -1
126, 1, 0
123, 2, 0
130, 1, 0
169, 1, -1
86, 1, 0
121, 1, 0
122, 2, 0
125, 1, -1
124, 1, 0
121, 1, 0
126, 2, -1
123, 1, 0
126, 2, 0
124, 1, 0
125, 1, -1
125, 1, 0
132, 1, 0
119, 2, 0
125, 1, -1
125, 1, 0
124, 1, 0
127, 2, 0
124, 1, -1
124, 2, 0
132, 1, 0
123, 1, 0
140, 1, -1
112, 1, 0
125, 2, 0
123, 1, 0
126, 1, -1
124, 1, 0
125, 2, 0
125, 1, 0
125, 1, -1
125, 1, 0
125, 2, 0
127, 1, 0
127, 1, -1
161, 1, 0
102, 1, 0
123, 2, 0
134, 1, -1
125, 1, 0
107, 1, 0
152, 2, -1
121, 1, 0
79, 1, 0
126, 1, 0
125, 2, -1
124, 1, 0
125, 1, 0
125, 1, 0
126, 1, -1
125, 2, 0
246, 2, 0
128, 1, -1
125, 1, 0
125, 1, 0
126, 2, -1
126, 1, 0
123, 1, 0
125, 1, 0
125, 1, 0
154, 1, -1
103, 1, 0
122, 2, 0
125, 1, -1
124, 1, 0
135, 1, 0
115, 2, 0
125, 0, -1
125, 2, 0
125, 1, 0
125, 1, 0
125, 1, -1
306, 1, 0
197, 1, 0
122, 4, -1
125, 1, 0
126, 1, 0
124, 1, -1
125, 1, 0
123, 1, 0
124, 2, 0
125, 1, 0
125, 1, -1
125, 1, 0
125, 1, 0
125, 1, -1
125, 1, 0
125, 1, 0
125, 2, 0
248, 1, -1
127, 2, 0
248, 2, 0
127, 1, -1
125, 1, 0
125, 1, 0
125, 1, -1
125, 1, 0
126, 1, 0
125, 1, 0
125, 1, 0
124, 1, -1
125, 1, 0
125, 1, 0
125, 1, -1
125, 1, 0
125, 1, 0
126, 2, 0
246, 1, -1
129, 1, 0
124, 1, 0
125, 1, 0
125, 1, -1
126, 1, 0
124, 1, 0
125, 1, 0
125, 1, 0
125, 1, -1
125, 1, 0
125, 1, 0
125, 1, -1
125, 1, 0
125, 1, 0
126, 1, 0
130, 1, 0
122, 1, -1
125, 1, 0
125, 1, 0
125, 1, 0
125, 0, -1
125, 2, 0
249, 1, 0
126, 1, 0
125, 1, -1
125, 1, 0
125, 1, 0
125, 1, 0
125, 1, 0
125, 1, -1
247, 1, 0
128, 1, 0
125, 1, -1
125, 1, 0
125, 1, 0
126, 1, 0
246, 1, -1
128, 1, 0
125, 1, 0
248, 2, 0
127, 0, -1
125, 1, 0
125, 1, 0
247, 1, 0
127, 1, -1
126, 1, 0
125, 1, 0
247, 1, 0
128, 1, -1
125, 1, 0
125, 1, 0
247, 1, 0
128, 1, -1
247, 1, 0
128, 1, 0
125, 1, 0
249, 1, -1
126, 1, 0
250, 1, 0
125, 1, 0
125, 0, -1
124, 1, 0
126, 1, 0
247, 1, 0
128, 1, 0
125, 0, -1
125, 1, 0
125, 1, 0
247, 1, 0
250, 1, 0
128, 0, -1
124, 1, 0
125, 1, 0
248, 1, 0
250, 1, -1
128, 1, 0
712, 1, 0
185, 1, 0
112, 2, -1
235, 1, 0
268, 1, 0
114, 0, -1
124, 1, 0
247, 1, 0
374, 1, 0
129, 0, -1
125, 1, 0
244, 1, 0
376, 1, 0
250, 1, 0
130, 0, -1
245, 1, 0
381, 1, 0
377, 1, 0
126, 0, -1
370, 1, 0
373, 1, 0
375, 1, 0
375, 0, -1
253, 1, 0
495, 1, 0
750, 1, 0
376, 0, -1
498, 1, 0
1292, 1, 0
7021, 0, -1
317, -1, 0
1777, -1, 0
1346, -1, 0
903, -1, 0
865, -1, 0
248, 0, -1
485, -1, 0
653, -1, 0
751, -1, 0
472, -1, 0
623, -1, 0
372, -1, 0
502, -1, 0
527, -1, 0
102, 0, -1
245, -1, 0
530, -1, 0
219, -1, 0
531, -1, 0
220, -1, 0
499, -1, 0
405, -1, 0
221, -1, 0
375, -1, 0
250, -1, 0
374, -1, 0
250, -1, 0
376, -1, 0
251, -1, 0
250, -1, 0
375, -1, 0
249, -1, 0
249, -1, 0
250, -1, 0
250, -1, 0
250, -1, 0
295, -1, 0
206, -1, 0
249, -1, 0
250, -1, 0
250, -1, 0
128, -1, 0
247, -1, 0
250, -1, 0
250, -1, 0
128, -1, 0
247, -1, 0
250, -1, 1
250, -1, 0
128, -1, 0
247, -1, 0
251, -1, 0
127, -1, 0
125, -1, 0
247, -1, 0
250, -1, 0
128, -1, 1
247, -1, 0
250, -1, 0
128, -1, 0
144, -1, 0
228, -1, 0
130, -1, 0
125, -1, 0
245, -1, 1
249, -1, 0
132, -1, 0
124, -1, 0
245, -1, 0
131, -1, 0
244, -1, 0
131, -1, 1
130, -1, 0
121, -1, 0
243, -1, 0
131, -1, 0
124, -1, 0
245, -1, 1
130, -1, 0
125, -1, 0
245, -1, 0
132, -1, 0
124, -1, 0
125, -1, 1
244, -1, 0
131, -1, 0
124, -1, 0
126, -1, 0
125, -1, 0
244, -2, 1
249, -1, 0
132, -1, 0
125, -1, 0
125, -1, 1
243, -1, 0
132, -1, 0
124, -1, 0
125, -1, 0
125, -1, 1
124, -1, 0
246, -1, 0
128, -1, 0
124, -1, 0
127, -1, 0
125, -1, 1
124, -1, 0
124, -1, 0
126, -1, 0
125, -1, 0
125, -1, 1
125, -1, 0
247, -1, 0
128, -1, 0
125, -1, 0
125, -1, 1
132, -1, 0
118, -1, 0
125, -1, 0
125, -1, 1
124, -1, 0
126, -1, 0
124, -1, 0
125, -1, 0
126, -1, 0
125, -1, 1
125, -1, 0
124, -1, 0
125, -1, 0
126, -1, 1
125, -1, 0
124, -1, 0
125, -1, 0
126, -1, 0
125, -1, 1
125, -1, 0
125, -1, 0
124, -1, 0
126, -1, 1
125, -1, 0
375, -1, 0
125, -3, 1
125, -1, 0
125, -1, 0
125, -1, 0
125, -1, 1
124, -1, 0
126, -1, 0
125, -2, 0
247, -2, 1
128, -1, 0
125, -1, 0
125, -1, 0
125, -1, 1
125, -1, 0
125, -1, 0
125, -1, 0
125, -1, 1
125, -2, 0
247, -2, 1
128, -1, 0
124, -1, 0
125, -1, 0
126, -1, 0
125, -1, 1
125, -1, 0
124, -1, 0
126, -1, 0
125, -2, 1
126, -1, 0
124, -1, 0
125, -1, 0
125, -1, 1
125, -1, 0
124, -1, 0
126, -1, 0
125, -1, 1
124, -2, 0
125, -1, 0
126, -1, 1
125, -1, 0
125, -1, 0
124, -2, 0
126, -1, 1
125, -1, 0
125, -1, 0
125, -1, 1
125, -1, 0
124, -2, 0
126, -1, 0
125, -1, 1
125, -1, 0
124, -1, 0
126, -1, 1
187, -2, 0
80, -1, 0
111, -1, 0
124, -1, 0
125, -2, 1
125, -1, 0
125, -1, 0
126, -1, 1
124, -1, 0
125, -2, 0
125, 0, 1
125, -2, 0
125, -1, 0
125, -1, 0
125, -1, 1
125, -2, 0
125, -1, 0
125, -1, 0
126, -1, 1
124, -1, 0
125, -2, 0
125, -1, 1
125, -1, 0
125, -1, 0
132, -2, 1
118, -1, 0
125, -1, 0
125, -1, 0
125, -2, 0
126, -1, 1
124, -1, 0
125, -2, 0
125, -1, 1
125, -1, 0
125, -1, 0
125, -2, 0
125, -1, 1
127, -1, 0
123, -1, 0
125, -1, 1
125, -2, 0
126, -1, 0
124, -1, 1
126, -1, 0
124, -2, 0
125, -1, 0
125, -2, 1
126, -1, 0
127, -1, 0
127, -1, 1
123, -2, 0
121, -1, 0
125, -1, 0
124, -2, 1
125, -1, 0
126, -1, 0
127, -1, 0
124, -2, 1
126, -1, 0
124, -1, 0
124, -1, 1
126, -2, 0
128, -1, 0
123, -1, 1
123, -2, 0
125, -1, 0
124, -1, 0
125, -2, 1
124, -1, 0
128, -1, 0
124, -2, 1
124, -1, 0
124, -1, 0
127, -2, 0
134, -1, 1
247, -1, 0
249, -1, 0
120, -5, 1
124, -1, 0
126, -1, 1
124, -2, 0
125, -1, 0
126, -1, 1
124, -1, 0
125, -2, 0
125, -1, 0
126, -2, 1
124, -1, 0
125, -2, 0
125, -1, 0
126, -1, 1
125, -1, 0
124, -2, 0
125, -1, 1
125, -1, 0
126, -2, 0
124, -1, 0
125, -2, 1
125, -1, 0
125, -1, 0
125, -1, 1
125, -2, 0
125, -1, 0
126, -2, 1
124, -1, 0
125, -2, 0
125, -1, 0
125, -1, 1
125, -2, 0
125, -1, 0
125, -1, 0
125, -1, 0
126, -2, 1
124, -1, 0
125, -2, 1
125, -1, 0
126, -2, 0
125, -1, 0
124, -1, 1
125, -1, 0
126, -2, 0
124, -1, 1
125, -2, 0
125, -1, 0
125, -1, 0
125, -2, 1
126, -1, 0
124, -2, 0
125, -1, 1
126, -1, 0
124, -2, 0
125, -1, 0
125, -2, 1
125, -1, 0
125, -1, 0
125, -2, 0
125, -1, 1
125, -1, 0
125, -2, 0
125, -1, 0
125, -2, 1
125, -1, 0
125, -1, 0
125, -2, 1
125, -1, 0
126, -2, 0
124, -1, 0
125, -2, 1
125, -1, 0
125, -1, 0
125, -2, 1
125, -1, 0
125, -2, 0
125, -1, 0
126, -1, 1
125, -1, 0
124, -2, 0
125, -1, 0
125, -2, 1
125, -1, 0
125, -2, 0
125, -1, 1
125, -2, 0
125, -1, 0
124, -1, 0
126, -2, 1
126, -1, 0
124, -2, 0
125, -1, 0
125, -2, 1
125, -1, 0
125, -1, 0
125, -2, 0
125, -1, 1
125, -1, 0
125, -2, 0
124, -1, 1
126, -1, 0
125, -2, 0
125, -1, 0
125, -2, 1
124, -1, 0
126, -2, 0
125, -1, 0
125, -2, 1
126, -1, 0
124, -2, 0
126, -1, 0
125, -1, 1
123, -1, 0
126, -2, 0
125, -1, 1
165, -2, 0
87, -1, 0
125, -1, 0
144, -2, 1
108, -1, 0
125, -2, 0
125, -1, 0
125, -1, 0
125, -2, 1
142, -1, 0
108, -2, 0
127, -1, 0
124, -2, 1
123, -1, 0
554, -1, 0
197, -2, 1
124, -6, 1
126, -2, 0
125, -1, 0
124, -2, 0
126, -1, 1
124, -2, 0
125, -1, 0
126, -1, 0
125, -2, 1
124, -1, 0
127, -1, 0
124, -2, 0
125, -1, 1
125, -1, 0
125, -2, 0
124, -1, 0
126, -2, 0
125, -1, 1
125, -2, 0
124, -1, 0
126, -1, 0
125, -2, 1
124, -1, 0
126, -2, 0
125, -1, 0
125, -1, 1
125, -1, 0
125, -2, 0
124, -1, 0
126, -2, 1
124, -1, 0
123, -1, 0
125, -2, 0
125, -1, 0
126, -1, 1
123, -1, 0
125, -2, 0
125, -1, 0
125, -2, 0
126, -1, 1
124, -1, 0
125, -2, 0
126, -1, 1
125, -1, 0
124, -2, 0
125, -1, 0
125, -1, 0
125, -2, 0
125, -1, 1
125, -1, 0
126, -1, 0
125, -2, 0
125, -1, 1
124, -2, 0
125, -1, 0
125, -1, 0
125, -2, 0
126, -1, 1
125, -1, 0
125, -1, 0
125, -2, 0
125, -1, 1
125, -1, 0
125, -2, 0
125, -1, 0
125, -1, 0
125, -2, 1
125, -1, 0
124, -1, 0
126, -1, 0
125, -2, 0
128, -1, 0
122, -1, 1
125, -2, 0
125, -1, 0
126, -1, 0
123, -1, 1
126, -2, 0
125, -1, 0
124, -1, 0
126, -1, 0
124, -2, 0
125, -1, 1
126, -1, 0
124, -2, 0
125, -1, 0
125, -1, 0
125, -1, 1
125, -2, 0
125, -1, 0
125, -1, 0
125, -1, 0
126, -1, 0
124, -2, 1
125, -1, 0
125, -1, 0
125, -1, 0
125, -2, 0
125, -1, 0
125, -1, 1
125, -1, 0
125, -2, 0
125, -1, 0
126, -1, 0
124, -1, 1
125, -1, 0
125, -2, 0
125, -1, 0
125, -1, 0
125, -1, 0
125, -2, 1
247, -2, 0
128, -1, 0
125, -1, 0
125, -1, 1
125, -1, 0
125, -2, 0
126, -1, 0
124, -1, 0
126, -1, 0
124, -1, 1
125, -1, 0
125, -2, 0
127, -1, 0
123, -1, 0
125, -1, 0
327, -1, 0
173, -2, 1
125, -3, 0
123, -1, 0
126, -1, 0
125, -2, 1
247, -2, 0
128, -1, 0
124, -1, 0
125, -1, 0
126, -1, 0
125, -1, 1
125, -1, 0
124, -2, 0
249, -2, 0
127, -1, 0
125, -1, 0
125, -1, 1
125, -1, 0
125, -1, 0
125, -1, 0
124, -1, 0
126, -1, 0
125, -1, 0
125, -2, 1
125, -1, 0
125, -1, 0
125, -1, 0
125, -1, 0
247, -2, 0
128, -1, 0
125, -1, 1
125, -1, 0
125, -1, 0
124, -1, 0
131, -1, 0
123, -1, 0
126, -1, 0
125, -1, 0
126, -1, 0
134, -1, 1
117, -1, 0
124, -1, 0
123, -1, 0
125, -1, 0
125, -1, 0
125, -1, 0
125, -1, 0
125, -1, 0
125, -1, 1
125, -1, 0
127, -1, 0
129, -1, 0
119, -1, 0
125, -1, 0
125, -1, 0
125, -1, 0
125, -1, 0
125, -1, 0
125, -1, 0
125, -1, 1
244, -1, 0
131, -1, 0
125, -2, 0
246, -1, 0
129, -1, 0
125, -1, 0
125, -1, 0
125, -1, 1
125, -1, 0
244, -2, 0
250, -1, 0
131, -1, 0
125, -1, 0
125, -1, 0
124, -1, 0
126, -1, 0
125, -1, 1
245, -2, 0
249, -1, 0
132, -1, 0
121, -1, 0
125, -1, 0
247, -2, 0
251, -1, 0
129, -1, 0
126, -1, 0
122, -1, 0
247, -1, 1
128, -1, 0
125, -1, 0
125, -1, 0
125, -1, 0
247, -1, 0
128, -1, 0
125, -1, 0
125, -1, 0
248, -1, 0
127, -1, 0
125, -1, 0
126, 0, 1
124, -1, 0
125, -1, 0
125, -1, 0
125, -1, 0
125, -1, 0
247, -1, 0
128, -1, 0
247, -1, 0
129, -1, 0
124, -1, 0
247, -1, 0
128, -1, 0
125, -1, 0
411, -1, 0
215, -1, 0
124, -2, 0
125, -1, 0
247, -1, 1
128, -1, 0
125, -1, 0
247, -1, 0
128, -1, 0
247, -1, 0
128, -1, 0
247, -1, 0
128, -1, 0
247, -1, 0
128, -1, 0
247, -1, 0
250, -1, 0
128, -1, 0
247, -1, 0
128, -1, 0
247, -1, 0
128, 0, 1
125, -1, 0
126, -1, 0
248, -1, 0
248, -1, 0
250, -1, 0
128, -1, 0
305, -1, 0
192, -1, 0
130, -1, 0
370, -1, 0
131, -1, 0
244, -1, 0
250, -1, 0
250, -1, 0
249, -1, 0
251, -1, 0
250, -1, 0
249, -1, 0
251, -1, 0
250, -1, 0
250, -1, 0
249, -1, 0
251, -1, 0
375, -1, 0
250, -1, 1
249, -1, 0
251, -1, 0
410, -1, 0
215, -1, 0
250, -1, 0
408, -1, 0
217, -1, 0
408, -1, 0
342, -1, 0
250, -1, 0
408, -1, 0
342, -1, 0
250, -1, 0
411, -1, 0
497, -1, 0
342, -1, 0
408, -1, 0
500, -1, 0
467, -1, 0
386, -1, 0
489, -1, 0
652, -1, 0
524, -1, 0
501, -1, 0
727, -1, 0
596, -1, 0
780, -1, 0
1001, -1, 0
844, -1, 0
1680, -1, 0
2104, -1, 0
889, 0, -1
17614, 1, 0
2509, 1, 0
754, 0, 1
714, 1, 0
1379, 1, 0
1002, 1, 0
243, 0, 1
750, 1, 0
915, 1, 0
875, 1, 0
214, 0, 1
502, 1, 0
655, 1, 0
752, 1, 0
467, 1, 1
784, 1, 0
469, 1, 0
496, 1, 0
523, 1, 0
109, 0, 1
368, 1, 0
539, 1, 0
338, 1, 0
529, 1, 0
471, 1, 0
380, 1, 0
371, 0, 1
123, 1, 0
245, 1, 0
535, 1, 0
343, 1, 0
247, 1, 0
537, 1, 0
214, 1, 0
373, 1, 0
376, 1, 0
251, 1, 0
375, 1, 1
428, 1, 0
399, 1, 0
178, 1, 0
253, 1, 0
241, 1, 0
251, 1, 0
374, 1, 0
250, 1, 0
429, 1, 0
196, 1, 0
251, 1, 0
266, 1, 0
243, 1, 0
252, 1, 0
264, 1, 0
234, 1, 0
248, 1, 0
249, 1, 0
249, 1, 0
247, 1, 0
251, 1, 0
249, 1, 0
250, 1, 0
251, 1, 0
249, 1, 0
250, 1, 0
251, 1, 0
250, 1, 0
251, 1, 0
127, 1, 0
247, 1, 0
250, 1, 0
258, 1, 0
117, 1, 0
246, 1, 0
128, 1, 0
247, 1, 0
251, 1, 0
126, 1, 0
248, 1, 0
250, 1, 0
127, 1, 0
248, 1, 0
128, 1, 0
248, 1, 0
251, 1, 0
125, 1, 0
248, 1, 0
128, 1, 0
247, 1, 0
128, 1, 0
247, 1, 0
128, 1, 0
247, 1, 0
128, 1, 0
247, 1, 0
128, 1, 0
247, 1, 0
129, 1, 0
246, 1, 0
127, 1, 0
125, 1, 0
249, 1, 0
127, 1, 0
247, 1, 0
128, 1, -1
125, 1, 0
247, 1, 0
128, 1, 0
125, 1, 0
247, 1, 0
249, 1, 0
129, 1, 0
125, 1, 0
247, 1, 0
127, 1, 0
126, 1, -1
125, 1, 0
246, 1, 0
368, 1, 0
264, 1, 0
136, 3, 0
233, 1, 0
128, 1, 0
125, 1, -1
125, 1, 0
255, 1, 0
124, 1, 0
121, 1, 0
247, 2, 0
251, 1, 0
127, 1, 0
124, 1, 0
126, 1, -1
125, 1, 0
246, 1, 0
128, 1, 0
248, 1, 0
127, 1, 0
126, 1, 0
127, 1, 0
122, 1, -1
126, 1, 0
124, 1, 0
248, 1, 0
128, 1, 0
125, 1, 0
125, 1, 0
261, 2, 0
236, 1, -1
128, 1, 0
125, 1, 0
125, 1, 0
125, 1, 0
125, 1, 0
246, 1, 0
140, 1, 0
141, 1, -1
101, 1, 0
128, 1, 0
121, 1, 0
131, 1, 0
137, 1, 0
112, 1, 0
120, 1, 0
253, 1, -1
127, 1, 0
129, 1, 0
120, 1, 0
127, 1, 0
129, 1, 0
121, 1, 0
117, 1, 0
125, 1, 0
125, 1, -1
125, 1, 0
125, 1, 0
125, 1, 0
124, 1, 0
248, 2, 0
251, 2, -1
249, 1, 0
128, 1, 0
125, 1, 0
125, 1, 0
128, 1, 0
133, 1, 0
115, 1, -1
124, 1, 0
125, 1, 0
124, 1, 0
125, 1, 0
125, 1, 0
125, 1, 0
132, 1, -1
125, 1, 0
125, 1, 0
126, 1, 0
129, 1, 0
117, 1, 0
122, 1, 0
124, 1, -1
126, 1, 0
126, 2, 0
246, 2, 0
127, 1, 0
125, 1, -1
125, 1, 0
126, 1, 0
124, 1, 0
125, 1, 0
128, 1, 0
122, 1, 0
126, 1, -1
125, 1, 0
125, 1, 0
124, 1, 0
139, 1, 0
117, 1, 0
129, 1, -1
133, 1, 0
113, 1, 0
120, 2, 0
247, 2, 0
128, 1, -1
125, 1, 0
125, 1, 0
125, 1, 0
125, 1, 0
125, 1, 0
127, 1, 0
125, 1, -1
125, 2, 0
123, 1, 0
291, 1, 0
219, 1, 0
130, 3, -1
109, 1, 0
126, 1, 0
125, 2, 0
247, 2, -1
128, 1, 0
124, 1, 0
125, 1, 0
125, 1, -1
126, 1, 0
124, 2, 0
248, 1, 0
128, 2, -1
124, 1, 0
125, 1, 0
125, 1, 0
125, 1, 0
126, 1, -1
124, 2, 0
126, 1, 0
125, 1, 0
124, 1, 0
125, 1, 0
128, 1, -1
122, 1, 0
127, 2, 0
245, 2, 0
129, 1, -1
127, 1, 0
122, 1, 0
126, 2, 0
124, 1, 0
126, 0, -1
125, 2, 0
124, 1, 0
127, 1, 0
129, 1, 0
134, 2, -1
124, 1, 0
125, 1, 0
222, 1, 0
37, 2, -1
117, 1, 0
123, 1, 0
125, 1, 0
140, 1, 0
133, 1, -1
101, 1, 0
116, 2, 0
126, 1, 0
122, 1, 0
124, 1, -1
125, 2, 0
126, 1, 0
125, 1, 0
125, 1, -1
125, 1, 0
124, 2, 0
126, 1, 0
124, 1, 0
125, 1, 0
126, 2, -1
125, 1, 0
124, 1, 0
111, 1, 0
125, 2, -1
125, 1, 0
248, 2, 0
127, 1, 0
126, 2, -1
247, 2, 0
128, 1, 0
125, 1, -1
127, 1, 0
122, 2, 0
126, 1, 0
124, 1, -1
126, 1, 0
125, 1, 0
125, 2, 0
125, 1, -1
125, 2, 0
125, 1, 0
125, 1, 0
124, 1, 0
127, 2, -1
123, 1, 0
125, 1, 0
125, 1, 0
125, 1, -1
125, 2, 0
126, 1, 0
125, 1, -1
125, 1, 0
124, 2, 0
125, 1, 0
125, 2, 0
125, 1, 0
125, 1, -1
125, 1, 0
125, 1, 0
125, 2, -1
125, 1, 0
125, 1, 0
125, 1, 0
125, 2, -1
125, 1, 0
127, 1, 0
127, 1, -1
122, 2, 0
124, 1, 0
125, 1, 0
125, 2, 0
125, 1, 0
126, 1, -1
124, 1, 0
126, 2, 0
124, 1, -1
125, 2, 0
125, 1, 0
125, 1, 0
125, 1, 0
125, 1, -1
125, 2, 0
300, 1, 0
206, 2, -1
121, 3, 0
124, 2, -1
124, 1, 0
125, 1, 0
125, 2, 0
125, 1, 0
125, 1, -1
125, 1, 0
125, 2, 0
125, 1, 0
125, 1, -1
125, 2, 0
126, 1, 0
124, 1, 0
125, 2, -1
125, 1, 0
125, 2, 0
125, 1, 0
125, 1, -1
125, 1, 0
125, 1, 0
130, 2, 0
120, 1, -1
126, 2, 0
125, 1, 0
125, 1, 0
124, 1, -1
125, 2, 0
125, 1, 0
125, 1, 0
125, 2, -1
125, 1, 0
125, 2, 0
125, 1, 0
125, 1, 0
125, 1, -1
125, 2, 0
125, 1, 0
125, 2, -1
125, 1, 0
125, 1, 0
125, 1, 0
125, 1, -1
125, 2, 0
125, 1, 0
125, 2, 0
126, 1, -1
124, 2, 0
125, 1, 0
125, 1, 0
125, 1, -1
125, 1, 0
125, 2, 0
125, 1, 0
125, 2, -1
125, 1, 0
125, 2, 0
125, 1, 0
125, 1, -1
125, 1, 0
125, 2, 0
125, 1, 0
126, 1, -1
124, 2, 0
125, 1, 0
125, 2, -1
125, 1, 0
125, 1, 0
125, 1, 0
125, 2, -1
125, 1, 0
125, 2, 0
125, 1, 0
125, 1, 0
125, 2, -1
125, 1, 0
125, 1, 0
125, 2, 0
125, 1, -1
125, 1, 0
158, 2, 0
112, 1, -1
108, 2, 0
126, 1, 0
124, 1, 0
125, 2, -1
124, 1, 0
130, 1, 0
121, 2, 0
125, 1, -1
124, 1, 0
137, 2, 0
114, 1, 0
135, 2, -1
117, 1, 0
126, 2, 0
122, 1, 0
127, 1, -1
124, 2, 0
127, 1, 0
146, 1, -1
102, 1, 0
127, 2, 0
138, 1, 0
114, 2, -1
125, 1, 0
138, 2, 0
111, 1, 0
124, 1, -1
123, 2, 0
126, 1, 0
125, 1, -1
124, 2, 0
125, 1, 0
126, 1, 0
124, 2, -1
125, 1, 0
125, 2, 0
125, 1, 0
126, 1, -1
125, 2, 0
124, 1, 0
125, 2, -1
125, 1, 0
126, 1, 0
124, 2, 0
126, 1, -1
124, 1, 0
125, 2, 0
435, 1, 0
189, 2, -1
123, 5, -1
125, 1, 0
125, 1, 0
126, 2, -1
124, 1, 0
125, 2, 0
125, 1, 0
126, 2, -1
125, 1, 0
124, 1, 0
125, 2, 0
125, 1, -1
125, 1, 0
125, 2, 0
125, 1, -1
125, 1, 0
125, 2, 0
125, 1, 0
125, 2, -1
125, 1, 0
125, 1, 0
125, 2, 0
125, 1, 0
125, 1, -1
125, 2, 0
126, 1, 0
128, 1, -1
121, 2, 0
125, 1, 0
125, 2, 0
125, 1, -1
125, 1, 0
125, 2, 0
248, 2, -1
127, 1, 0
125, 2, 0
125, 1, -1
125, 2, 0
125, 1, 0
125, 2, 0
125, 1, -1
125, 1, 0
125, 1, 0
125, 1, 0
125, 2, -1
125, 1, 0
125, 2, 0
124, 1, 0
125, 2, -1
125, 1, 0
130, 1, 0
121, 1, -1
125, 2, 0
124, 1, 0
125, 1, 0
125, 2, -1
126, 1, 0
128, 1, 0
124, 2, 0
124, 1, -1
124, 1, 0
126, 2, 0
125, 1, -1
124, 1, 0
125, 2, 0
125, 1, 0
125, 1, -1
125, 1, 0
125, 2, 0
125, 1, -1
125, 2, 0
124, 1, 0
126, 1, 0
125, 2, -1
125, 1, 0
125, 1, 0
125, 1, -1
126, 2, 0
124, 1, 0
125, 1, -1
125, 2, 0
125, 1, 0
125, 1, 0
125, 2, -1
125, 1, 0
125, 1, 0
125, 1, -1
125, 1, 0
125, 2, 0
126, 1, 0
125, 1, -1
124, 2, 0
125, 1, 0
125, 1, 0
128, 2, -1
123, 1, 0
125, 1, 0
124, 1, -1
125, 1, 0
125, 2, 0
125, 1, 0
125, 1, -1
125, 1, 0
125, 2, 0
126, 1, 0
125, 2, -1
124, 1, 0
125, 1, 0
125, 1, 0
126, 1, -1
124, 1, 0
125, 1, 0
125, 2, -1
125, 1, 0
125, 1, 0
125, 1, 0
126, 2, -1
124, 1, 0
125, 1, 0
125, 1, 0
125, 1, -1
125, 2, 0
248, 2, 0
127, 1, -1
125, 1, 0
125, 1, 0
125, 2, -1
254, 1, 0
248, 1, 0
124, 3, -1
123, 1, 0
125, 2, 0
125, 1, -1
126, 1, 0
124, 1, 0
125, 1, 0
125, 1, 0
126, 2, -1
247, 2, 0
129, 1, -1
124, 1, 0
125, 1, 0
124, 1, 0
125, 1, -1
125, 1, 0
125, 2, 0
247, 2, -1
128, 1, 0
125, 1, 0
125, 1, 0
125, 1, 0
126, 1, -1
124, 1, 0
125, 1, 0
125, 1, 0
125, 1, -1
125, 1, 0
125, 1, 0
125, 1, 0
125, 1, -1
125, 1, 0
125, 1, 0
126, 1, -1
124, 1, 0
125, 1, 0
126, 1, 0
124, 1, 0
126, 1, -1
125, 1, 0
125, 1, 0
124, 1, 0
125, 1, -1
125, 1, 0
126, 1, 0
124, 1, 0
125, 1, 0
125, 1, -1
126, 1, 0
124, 1, 0
126, 1, 0
124, 1, -1
125, 1, 0
248, 2, 0
250, 1, -1
127, 1, 0
125, 1, 0
126, 1, 0
125, 1, 0
124, 1, -1
126, 1, 0
124, 1, 0
248, 1, 0
128, 1, -1
124, 1, 0
125, 1, 0
125, 1, 0
125, 1, 0
125, 0, -1
125, 1, 0
126, 1, 0
124, 1, 0
253, 1, -1
123, 1, 0
125, 1, 0
124, 1, 0
125, 1, 0
125, 0, -1
125, 1, 0
125, 1, 0
248, 2, 0
250, 1, -1
128, 1, 0
248, 1, 0
127, 1, 0
124, 1, 0
125, 0, -1
126, 1, 0
123, 1, 0
248, 1, 0
128, 1, 0
125, 1, -1
247, 1, 0
262, 1, 0
116, 1, 0
125, 1, -1
247, 1, 0
249, 1, 0
128, 1, -1
256, 1, 0
286, 1, 0
90, 1, 0
242, 1, -1
250, 1, 0
131, 1, 0
243, 1, 0
250, 1, 0
250, 1, 0
699, 0, -1
183, 1, 0
124, 3, -1
244, 1, 0
375, 1, 0
249, 1, 0
132, 0, -1
244, 1, 0
250, 1, 0
376, 1, 0
402, 1, 0
222, 1, -1
509, 1, 0
370, 1, 0
498, 1, 0
126, 0, -1
372, 1, 0
500, 1, 0
783, 1, 0
593, 0, -1
249, 1, 0
1540, 1, 0
8212, -1, 0
2658, -1, 0
1498, -1, 0
801, 0, -1
292, -1, 0
1127, -1, 0
753, -1, 0
781, -1, 0
600, -1, 0
501, -1, 0
626, -1, 0
248, 0, -1
376, -1, 0
249, -1, 0
625, -1, 0
502, -1, 0
249, -1, 0
532, -1, 0
478, -1, 0
353, -1, 0
253, -1, 0
559, -1, 0
188, -1, 0
392, -1, 0
254, -1, 0
382, -1, 0
400, -1, 0
196, -1, 0
499, -1, 0
257, -1, 0
123, -1, 0
404, -1, 0
217, -1, 0
250, -1, 0
249, -1, 0
251, -1, 0
402, -1, 0
223, -1, 0
250, -1, 0
127, -1, 0
247, -1, 0
250, -1, 0
251, -1, 0
250, -1, 0
250, -1, 0
249, -1, 0
251, -1, 0
250, -1, 0
128, -1, 0
250, -1, 0
247, -1, 0
249, -1, 0
251, -1, 0
130, -1, 0
245, -1, 0
250, -1, 1
250, -1, 0
138, -1, 0
118, -1, 0
244, -1, 0
250, -1, 0
249, -1, 0
131, -1, 0
244, -1, 0
132, -1, 1
244, -1, 0
130, -1, 0
244, -1, 0
250, -1, 0
132, -1, 0
243, -1, 0
131, -1, 0
244, -1, 0
132, -1, 1
244, -1, 0
131, -1, 0
124, -1, 0
245, -1, 0
133, -1, 0
243, -1, 1
131, -1, 0
122, -1, 0
247, -1, 0
127, -1, 0
125, -1, 0
247, -1, 0
128, -1, 0
248, -1, 0
127, -1, 1
125, -1, 0
247, -1, 0
128, -1, 0
125, -1, 0
125, -1, 0
126, -1, 0
124, 0, 1
125, -1, 0
125, -1, 0
247, -1, 0
128, -1, 0
125, -1, 0
248, -1, 1
127, -1, 0
125, -1, 0
125, -1, 0
125, -1, 0
247, -1, 0
128, -1, 0
126, -1, 0
124, -1, 0
125, 0, 1
125, -1, 0
125, -1, 0
125, -1, 0
125, -1, 0
286, -1, 0
293, -1, 1
45, -2, 0
126, -1, 0
124, -1, 0
125, -1, 0
125, 0, 1
125, -1, 0
125, -1, 0
125, -1, 0
125, -1, 0
125, -1, 0
125, -1, 0
248, -1, 1
127, -1, 0
125, -1, 0
125, -1, 0
125, -1, 0
125, -1, 0
125, -1, 1
125, -1, 0
247, -1, 0
128, -1, 0
125, -1, 0
125, -1, 1
129, -1, 0
121, -1, 0
125, -1, 0
125, -1, 0
125, -1, 1
247, -1, 0
128, -1, 0
125, -1, 0
125, -1, 0
125, -1, 1
125, -1, 0
125, -1, 0
125, -1, 0
125, -1, 0
125, -1, 0
125, -1, 1
125, -1, 0
125, -1, 0
125, -1, 0
125, -1, 0
125, -1, 0
125, -1, 1
247, -2, 0
250, -2, 0
129, -1, 0
124, 0, 1
125, -1, 0
125, -1, 0
126, -1, 0
131, -1, 0
122, -1, 1
125, -1, 0
125, -1, 0
125, -1, 0
125, -1, 0
125, -1, 0
125, -1, 1
125, -1, 0
124, -1, 0
126, -1, 0
125, -1, 0
125, -1, 1
125, -1, 0
125, -1, 0
125, -1, 0
125, -1, 1
125, -1, 0
125, -1, 0
125, -1, 0
125, -1, 0
125, -1, 1
125, -1, 0
125, -1, 0
125, -1, 0
125, -1, 0
125, -1, 1
125, -1, 0
125, -1, 0
125, -2, 0
244, -1, 1
131, -1, 0
125, -1, 0
125, -2, 0
244, -2, 1
131, -1, 0
125, -1, 0
125, -1, 0
125, -1, 0
125, -1, 1
125, -1, 0
125, -1, 0
125, -1, 0
125, -1, 0
125, -1, 1
125, -1, 0
130, -1, 0
121, -2, 0
244, -2, 1
127, -1, 0
125, -1, 0
125, -1, 0
125, -1, 1
125, -1, 0
125, -1, 0
125, -1, 0
125, -1, 0
125, -1, 1
125, -1, 0
125, -2, 0
247, -2, 1
128, -1, 0
247, -2, 0
128, -1, 0
125, -1, 1
125, -1, 0
125, -1, 0
336, -1, 0
174, -1, 0
115, -3, 1
125, -1, 0
124, -2, 1
125, -1, 0
126, -1, 0
124, -1, 0
125, -1, 0
125, -1, 1
125, -2, 0
247, -2, 0
128, -1, 0
125, -1, 1
125, -1, 0
125, -1, 0
125, -1, 0
125, -1, 1
125, -2, 0
125, -1, 0
125, -1, 0
125, -1, 0
125, -1, 1
125, -1, 0
125, -1, 0
125, -2, 0
125, -1, 1
126, -1, 0
124, -1, 0
125, -1, 0
127, -1, 0
124, -2, 1
124, -1, 0
125, -1, 0
125, -1, 0
125, -1, 1
126, -1, 0
124, -1, 0
125, -2, 0
125, -1, 0
125, -1, 1
128, -1, 0
122, -2, 0
125, -1, 0
125, -1, 1
125, -1, 0
125, -1, 0
125, -1, 0
125, -1, 0
125, -2, 1
125, -1, 0
125, -1, 0
126, -1, 0
127, -2, 1
122, -1, 0
125, -1, 0
125, -1, 0
125, -2, 1
125, -1, 0
247, -2, 0
128, -1, 0
125, -1, 1
125, -1, 0
125, -2, 0
125, -1, 0
125, -1, 1
125, -1, 0
125, -2, 0
125, -1, 0
125, -1, 0
125, -1, 1
125, -1, 0
125, -2, 0
125, -1, 0
125, -1, 1
125, -1, 0
125, -2, 0
125, -1, 1
125, -1, 0
125, -2, 0
247, -2, 0
129, -1, 1
124, -1, 0
125, -2, 0
125, -1, 0
125, -1, 1
125, -2, 0
125, -1, 0
125, -1, 0
125, -1, 1
125, -1, 0
125, -2, 0
125, -1, 0
125, -1, 1
126, -1, 0
123, -2, 0
125, -1, 0
125, -1, 1
126, -1, 0
125, -2, 0
124, -1, 0
126, -2, 1
125, -1, 0
246, -2, 0
138, -1, 0
143, -2, 1
99, -1, 0
124, -1, 0
126, -1, 0
128, -2, 1
122, -1, 0
123, -1, 0
126, -1, 0
128, -1, 1
126, -2, 0
122, -1, 0
123, -1, 0
126, -1, 1
125, -2, 0
124, -1, 0
127, -1, 1
127, -1, 0
126, -2, 0
122, -1, 0
125, -2, 1
125, -1, 0
125, -1, 0
125, -1, 0
240, -1, 0
261, -2, 1
123, -3, 0
126, -2, 1
124, -1, 0
125, -2, 0
125, -1, 0
125, -1, 1
125, -1, 0
128, -1, 0
125, -2, 0
123, -1, 1
124, -1, 0
125, -1, 0
127, -2, 0
123, -1, 1
125, -1, 0
124, -1, 0
126, -1, 0
125, -2, 1
125, -1, 0
124, -2, 0
248, -2, 1
128, -1, 0
124, -2, 0
126, -1, 0
125, -1, 1
124, -1, 0
125, -1, 0
125, -2, 0
126, -1, 0
125, -2, 1
125, -1, 0
124, -1, 0
125, -1, 1
125, -2, 0
126, -1, 0
124, -1, 0
125, -1, 0
125, -2, 1
125, -1, 0
125, -1, 0
126, -1, 0
125, -2, 1
124, -1, 0
125, -1, 0
126, -2, 0
124, -1, 1
126, -1, 0
124, -1, 0
125, -2, 0
125, -1, 0
126, -1, 1
125, -1, 0
124, -2, 0
126, -1, 0
125, -1, 1
125, -2, 0
125, -1, 0
124, -1, 0
126, -1, 1
124, -2, 0
125, -1, 0
127, -1, 0
124, -1, 0
125, -1, 1
124, -2, 0
125, -1, 0
125, -2, 0
126, 0, 1
125, -2, 0
124, -1, 0
126, -2, 0
124, -1, 0
126, -1, 1
125, -1, 0
124, -1, 0
126, -2, 0
124, -1, 0
129, -1, 1
121, -1, 0
126, -2, 0
125, -1, 0
124, -1, 1
125, -1, 0
125, -1, 0
125, -2, 0
125, -1, 0
125, -1, 1
125, -1, 0
125, -2, 0
125, -1, 0
126, -1, 0
124, -1, 1
125, -2, 0
125, -1, 0
126, -1, 0
127, -1, 0
123, -1, 1
124, -2, 0
125, -1, 0
125, -1, 0
125, -1, 0
125, -2, 0
126, -1, 1
124, -1, 0
126, -1, 0
124, -2, 0
125, -1, 0
125, -1, 1
125, -1, 0
125, -1, 0
125, -2, 0
125, -1, 0
125, -1, 1
125, -1, 0
125, -2, 0
125, -1, 0
125, -1, 0
125, -1, 1
125, -1, 0
125, -2, 0
125, -1, 0
126, -1, 0
128, -1, 0
126, -1, 1
145, -1, 0
104, -2, 0
125, -1, 0
124, -1, 1
552, -1, 0
198, -1, 0
125, -7, 1
125, -1, 0
125, -1, 0
131, -1, 0
119, -1, 0
125, -1, 1
130, -2, 0
123, -1, 0
124, -1, 0
125, -1, 0
154, -1, 0
102, -1, 1
117, -1, 0
125, -2, 0
125, -1, 0
125, -1, 0
125, -1, 0
125, -1, 1
125, -1, 0
125, -1, 0
125, -2, 0
125, -1, 0
125, -1, 0
126, -1, 1
124, -1, 0
125, -1, 0
125, -2, 0
125, -1, 0
126, -1, 1
124, -1, 0
125, -1, 0
126, -1, 0
125, -1, 0
126, -2, 0
126, -1, 0
125, -1, 1
132, -1, 0
119, -1, 0
123, -1, 0
122, -2, 0
124, -1, 0
124, 0, 1
126, -2, 0
125, -1, 0
125, -1, 0
125, -1, 0
125, -1, 0
125, -1, 0
125, -2, 0
125, -1, 1
125, -1, 0
125, -1, 0
125, -1, 0
125, -1, 0
125, -1, 0
125, -1, 1
125, -1, 0
125, -1, 0
127, -1, 0
124, -2, 0
124, -1, 0
125, -1, 0
125, -1, 0
125, -1, 1
125, -1, 0
125, -1, 0
125, -1, 0
124, -1, 0
125, -1, 0
125, -1, 0
126, -2, 1
247, -2, 0
128, -1, 0
125, -1, 0
124, -1, 0
125, -1, 0
126, -1, 0
124, -1, 0
125, -1, 1
125, -1, 0
125, -1, 0
147, -1, 0
103, -1, 0
126, -1, 0
125, -2, 0
247, -1, 1
128, -1, 0
125, -1, 0
124, -2, 0
247, -2, 0
251, -2, 0
128, -1, 1
124, -1, 0
125, -1, 0
125, -1, 0
126, -1, 0
124, -1, 0
125, -1, 0
127, -1, 0
126, -1, 0
123, -1, 0
125, -1, 1
125, -1, 0
126, -1, 0
124, -1, 0
125, -1, 0
125, -1, 0
247, -2, 0
251, -2, 0
127, 0, 1
125, -2, 0
247, -2, 0
250, -1, 0
127, -1, 0
126, -1, 0
125, -1, 0
125, -1, 0
125, -1, 0
125, -1, 1
330, -1, 0
172, -1, 0
123, -3, 0
124, -1, 0
247, -1, 0
129, -1, 0
124, -1, 1
125, -1, 0
125, -1, 0
125, -1, 0
125, -1, 0
125, -1, 0
125, -1, 0
125, -1, 0
126, -1, 0
248, -1, 0
126, -1, 0
125, -1, 0
125, -1, 0
125, -1, 1
125, -1, 0
125, -1, 0
125, -1, 0
247, -1, 0
128, -1, 0
125, -1, 0
125, -1, 0
125, -1, 0
125, -1, 0
247, -1, 0
128, -1, 0
125, -1, 0
125, -1, 0
125, -1, 0
125, 0, 1
125, -1, 0
125, -1, 0
125, -1, 0
125, -1, 0
247, -1, 0
128, -1, 0
125, -1, 0
125, -1, 0
125, -1, 0
247, -1, 0
128, -1, 0
125, -1, 0
125, -1, 0
247, -1, 0
128, -1, 1
126, -1, 0
251, -1, 0
133, -1, 0
120, -1, 0
127, -1, 0
242, -1, 0
130, -1, 0
124, -1, 0
246, -1, 0
131, -1, 0
125, -1, 0
244, -1, 0
131, -1, 0
245, -1, 0
130, -1, 0
124, -1, 0
127, 0, 1
125, -1, 0
124, -1, 0
148, -1, 0
222, -1, 0
130, -1, 0
244, -1, 0
131, -1, 0
244, -1, 0
131, -1, 0
245, -1, 0
130, -1, 0
125, -1, 0
245, -1, 0
249, -1, 0
131, -1, 0
245, -1, 0
250, -1, 0
130, -1, 0
126, -1, 0
245, -1, 1
250, -1, 0
130, -1, 0
245, -1, 0
249, -1, 0
128, -1, 0
251, -1, 0
246, -1, 0
127, -1, 0
248, -1, 0
251, -1, 0
251, -1, 0
126, -1, 0
247, -1, 0
250, -1, 0
259, -1, 0
244, -1, 0
124, -1, 0
247, -1, 0
249, -1, 0
250, -1, 0
250, -1, 0
250, -1, 0
249, -1, 0
250, -1, 0
250, -1, 0
251, -1, 0
249, -1, 0
251, -1, 0
250, -1, 0
250, -1, 0
375, -1, 0
250, -1, 0
249, -1, 0
404, -1, 0
221, -1, 0
405, -1, 0
220, -1, 0
404, -1, 0
221, -1, 0
405, -1, 0
221, -1, 0
404, -1, 0
346, -1, 0
375, -1, 0
375, -1, 0
375, -1, 0
374, -1, 0
376, -1, 0
403, -1, 0
348, -1, 0
501, -1, 0
540, -1, 0
333, -1, 0
502, -1, 0
564, -1, 0
558, -1, 0
543, -1, 0
617, -1, 0
630, -1, 0
748, -1, 0
994, -1, 0
471, -1, 0
907, -1, 0
1001, -1, 0
1107, 0, -1
236, -1, 0
1528, -1, 0
2637, -1, 0
16483, 1, 0
2019, 1, 0
1094, 1, 0
1179, 1, 0
854, 1, 0
876, 1, 0
718, 1, 0
656, 1, 0
749, 1, 0
658, 1, 0
84, 0, 1
495, 1, 0
493, 1, 0
619, 1, 0
505, 1, 0
480, 1, 0
374, 1, 0
498, 1, 0
499, 1, 0
375, 1, 0
501, 1, 1
372, 1, 0
409, 1, 0
341, 1, 0
375, 1, 0
375, 1, 0
407, 1, 0
343, 1, 0
250, 1, 0
250, 0, 1
128, 1, 0
372, 1, 0
250, 1, 0
407, 1, 0
218, 1, 0
407, 1, 0
343, 1, 0
250, 1, 0
409, 1, 0
216, 1, 0
250, 1, 0
250, 1, 0
406, 1, 0
219, 1, 0
250, 1, 1
250, 1, 0
249, 1, 0
250, 1, 0
251, 1, 0
250, 1, 0
249, 1, 0
129, 1, 0
247, 1, 0
250, 1, 0
250, 1, 0
249, 1, 0
251, 1, 0
250, 1, 0
128, 1, 0
247, 1, 0
249, 1, 0
415, 1, 0
214, 1, 0
125, 1, 0
124, 1, 0
248, 1, 0
127, 1, 0
252, 1, 0
251, 1, 0
125, 1, 0
125, 0, 1
125, 1, 0
125, 1, 0
248, 1, 0
248, 1, 0
127, 1, 0
249, 1, 0
126, 1, 0
247, 1, 0
129, 1, 0
248, 1, 0
127, 1, 0
247, 1, 0
127, 1, 0
248, 1, 0
127, 1, 0
248, 1, 0
127, 1, 0
125, 1, 0
247, 1, 0
128, 1, 0
247, 1, 0
128, 1, 0
125, 1, 0
247, 1, 0
128, 1, 0
247, 1, 0
128, 1, 0
124, 1, 0
126, 1, 0
247, 1, 0
130, 1, 0
246, 1, 0
127, 1, 0
125, 1, 0
247, 1, 0
129, 1, 0
124, 1, 0
125, 1, 0
247, 1, 0
128, 1, 0
125, 1, 0
247, 1, 0
128, 1, 0
125, 1, 0
125, 1, 0
125, 1, 0
248, 1, 0
127, 1, 0
125, 1, 0
125, 1, 0
247, 1, 0
128, 1, 0
125, 1, 0
125, 1, 0
125, 1, 0
247, 1, 0
128, 1, 0
125, 1, 0
125, 1, 0
125, 1, 0
125, 1, 0
125, 0, -1
125, 1, 0
125, 1, 0
125, 1, 0
125, 1, 0
125, 1, 0
125, 1, 0
247, 2, 0
250, 1, 0
128, 1, 0
125, 1, 0
126, 1, 0
126, 1, 0
124, 1, 0
124, 1, 0
248, 2, 0
251, 1, 0
126, 1, -1
124, 1, 0
125, 1, 0
125, 1, 0
125, 1, 0
126, 1, 0
125, 1, 0
124, 1, 0
126, 1, 0
124, 1, 0
125, 1, 0
125, 1, 0
248, 2, 0
249, 2, 0
334, 0, -1
171, 1, 0
124, 3, 0
125, 1, 0
124, 1, 0
125, 1, 0
125, 1, 0
125, 1, 0
125, 1, 0
125, 1, 0
125, 1, 0
125, 1, 0
125, 1, 0
125, 1, 0
125, 1, -1
125, 1, 0
125, 1, 0
125, 1, 0
125, 1, 0
125, 1, 0
125, 1, 0
125, 1, 0
125, 1, 0
125, 1, 0
125, 1, 0
125, 2, 0
125, 0, -1
125, 1, 0
126, 2, 0
246, 2, 0
251, 2, 0
128, 1, 0
124, 1, 0
126, 1, -1
127, 1, 0
123, 1, 0
124, 1, 0
125, 1, 0
125, 1, 0
125, 1, 0
125, 1, 0
125, 1, 0
125, 1, 0
125, 2, -1
247, 2, 0
128, 1, 0
125, 1, 0
125, 1, 0
125, 1, 0
125, 1, 0
125, 1, 0
126, 1, 0
124, 1, 0
126, 2, -1
124, 1, 0
125, 1, 0
125, 1, 0
125, 1, 0
125, 1, 0
125, 1, 0
125, 1, 0
125, 1, 0
125, 2, -1
125, 1, 0
125, 1, 0
125, 1, 0
125, 1, 0
125, 1, 0
125, 2, 0
247, 1, 0
128, 2, -1
126, 1, 0
125, 1, 0
125, 1, 0
126, 1, 0
125, 1, 0
124, 2, 0
126, 1, -1
123, 1, 0
126, 1, 0
149, 1, 0
103, 1, 0
125, 1, 0
125, 2, 0
125, 1, 0
125, 1, -1
125, 1, 0
125, 2, 0
244, 2, 0
131, 1, 0
125, 1, 0
125, 1, -1
125, 1, 0
125, 2, 0
126, 1, 0
125, 1, 0
124, 1, 0
125, 2, -1
125, 1, 0
125, 1, 0
125, 1, 0
125, 1, 0
125, 1, 0
125, 1, 0
125, 2, 0
125, 1, -1
124, 1, 0
126, 1, 0
125, 2, 0
131, 1, 0
119, 1, 0
125, 1, 0
125, 2, -1
125, 1, 0
125, 1, 0
125, 1, 0
125, 1, 0
125, 2, -1
125, 1, 0
125, 1, 0
125, 1, 0
125, 2, 0
125, 1, 0
125, 1, -1
125, 1, 0
125, 1, 0
125, 2, 0
368, 1, 0
255, 1, 0
124, 5, -1
125, 1, 0
125, 2, 0
125, 1, -1
125, 1, 0
125, 2, 0
125, 1, 0
125, 1, 0
125, 1, 0
125, 2, -1
125, 1, 0
125, 1, 0
126, 1, 0
124, 2, 0
125, 1, 0
125, 1, -1
125, 1, 0
125, 1, 0
125, 2, 0
125, 1, 0
125, 2, -1
125, 1, 0
125, 1, 0
125, 1, 0
126, 2, 0
125, 1, 0
125, 1, -1
124, 1, 0
125, 1, 0
125, 2, 0
125, 1, 0
125, 2, -1
125, 1, 0
125, 1, 0
125, 1, 0
125, 2, 0
125, 1, -1
125, 1, 0
125, 2, 0
125, 1, 0
125, 1, 0
125, 1, 0
125, 2, -1
125, 1, 0
125, 2, 0
125, 1, 0
125, 2, -1
247, 1, 0
128, 2, 0
125, 1, 0
125, 2, -1
125, 1, 0
125, 2, 0
125, 1, 0
125, 1, 0
125, 1, -1
125, 2, 0
125, 1, 0
125, 1, 0
125, 2, 0
125, 1, -1
125, 1, 0
125, 2, 0
125, 1, 0
125, 1, 0
125, 2, -1
125, 1, 0
124, 1, 0
125, 2, 0
126, 1, -1
125, 1, 0
124, 1, 0
126, 2, 0
125, 1, 0
125, 2, 0
125, 1, -1
126, 1, 0
124, 1, 0
125, 2, 0
125, 1, 0
125, 2, -1
125, 1, 0
125, 1, 0
125, 2, 0
125, 1, -1
125, 1, 0
125, 2, 0
125, 1, 0
125, 1, 0
125, 2, -1
124, 1, 0
126, 2, 0
125, 1, 0
125, 1, 0
125, 1, -1
125, 2, 0
125, 1, 0
124, 1, 0
125, 2, 0
126, 1, -1
124, 2, 0
125, 1, 0
126, 2, 0
125, 1, 0
125, 1, -1
124, 1, 0
126, 2, 0
125, 1, 0
124, 1, -1
125, 2, 0
125, 1, 0
129, 2, 0
121, 1, 0
125, 2, -1
125, 1, 0
135, 1, 0
122, 1, 0
122, 2, -1
124, 1, 0
125, 1, 0
125, 2, 0
132, 1, -1
119, 2, 0
125, 1, 0
132, 1, 0
117, 2, 0
126, 1, -1
282, 1, 0
216, 1, 0
124, 5, -1
125, 1, 0
125, 2, 0
125, 1, 0
125, 1, -1
125, 2, 0
125, 1, 0
125, 1, 0
125, 2, 0
125, 1, -1
125, 1, 0
125, 2, 0
127, 1, 0
123, 2, -1
125, 1, 0
125, 1, 0
125, 1, 0
125, 2, -1
125, 1, 0
124, 2, 0
126, 1, 0
125, 1, -1
125, 2, 0
124, 1, 0
126, 2, 0
126, 1, -1
124, 2, 0
125, 1, 0
125, 1, 0
125, 2, -1
124, 1, 0
126, 1, 0
125, 1, 0
125, 2, 0
125, 1, -1
125, 2, 0
124, 1, 0
125, 2, 0
126, 1, -1
124, 2, 0
125, 1, 0
125, 1, 0
126, 1, -1
125, 1, 0
124, 2, 0
125, 1, 0
125, 2, -1
125, 1, 0
125, 2, 0
125, 1, 0
125, 2, -1
126, 1, 0
124, 1, 0
126, 1, 0
124, 1, -1
125, 2, 0
125, 1, 0
125, 2, 0
125, 1, -1
125, 2, 0
125, 1, 0
125, 1, 0
126, 2, -1
126, 1, 0
124, 1, 0
125, 1, 0
125, 2, -1
125, 1, 0
125, 2, 0
124, 1, 0
125, 1, -1
126, 2, 0
125, 1, 0
124, 1, 0
125, 2, -1
125, 1, 0
126, 1, 0
124, 2, 0
126, 1, -1
125, 2, 0
125, 1, 0
125, 1, 0
125, 1, -1
125, 2, 0
125, 1, 0
125, 2, -1
124, 1, 0
126, 1, 0
124, 1, 0
126, 1, -1
125, 2, 0
124, 1, 0
126, 2, 0
125, 1, -1
124, 1, 0
126, 1, 0
124, 2, 0
126, 1, -1
127, 2, 0
123, 1, 0
124, 1, 0
125, 1, -1
125, 2, 0
125, 1, 0
125, 1, 0
127, 2, -1
127, 1, 0
122, 1, 0
126, 1, 0
124, 2, -1
125, 1, 0
124, 1, 0
127, 2, 0
124, 1, -1
125, 1, 0
124, 1, 0
125, 2, 0
125, 1, -1
126, 2, 0
124, 1, 0
125, 1, -1
125, 1, 0
125, 1, 0
125, 2, 0
125, 1, -1
127, 1, 0
126, 1, 0
124, 2, 0
126, 1, -1
352, 1, 0
150, 1, 0
123, 4, -1
126, 1, 0
124, 1, 0
124, 1, -1
125, 2, 0
124, 1, 0
126, 1, -1
125, 2, 0
246, 2, 0
129, 1, -1
125, 2, 0
124, 1, 0
276, 2, -1
104, 1, 0
128, 1, 0
144, 1, 0
104, 2, -1
129, 1, 0
123, 1, 0
123, 1, 0
125, 2, -1
245, 1, 0
128, 2, 0
128, 1, -1
124, 1, 0
124, 1, 0
126, 1, -1
124, 1, 0
125, 2, 0
126, 1, 0
123, 1, -1
124, 1, 0
125, 1, 0
125, 1, 0
126, 1, -1
125, 1, 0
143, 1, 0
107, 2, 0
127, 1, -1
126, 1, 0
127, 1, 0
123, 1, 0
124, 1, -1
124, 1, 0
130, 1, 0
137, 1, 0
119, 1, -1
114, 1, 0
127, 1, 0
133, 1, 0
121, 2, -1
243, 2, 0
131, 1, 0
123, 1, -1
124, 1, 0
245, 2, 0
251, 2, -1
248, 2, 0
254, 2, -1
245, 2, 0
249, 1, 0
128, 1, -1
125, 1, 0
128, 1, 0
126, 1, 0
123, 1, -1
124, 1, 0
124, 1, 0
125, 1, 0
125, 1, 0
125, 1, -1
247, 1, 0
137, 1, 0
123, 1, -1
121, 1, 0
122, 1, 0
125, 1, 0
125, 1, -1
248, 1, 0
132, 1, 0
123, 1, 0
128, 1, 0
126, 1, -1
121, 1, 0
249, 1, 0
124, 1, -1
127, 1, 0
129, 1, 0
122, 1, 0
247, 1, -1
126, 1, 0
248, 1, 0
127, 1, 0
124, 1, 0
127, 1, -1
250, 1, 0
125, 1, 0
248, 1, -1
126, 1, 0
125, 1, 0
248, 1, 0
127, 1, -1
249, 1, 0
130, 1, 0
125, 1, 0
243, 1, -1
253, 1, 0
125, 1, 0
400, 1, 0
226, 1, -1
122, 1, 0
125, 1, 0
123, 1, 0
255, 1, -1
248, 1, 0
252, 1, 0
122, 0, -1
125, 1, 0
247, 1, 0
251, 1, 0
257, 1, -1
248, 1, 0
245, 1, 0
249, 1, 0
136, 0, -1
247, 1, 0
251, 1, 0
375, 1, 0
123, 0, -1
245, 1, 0
248, 1, 0
378, 1, 0
381, 1, -1
367, 1, 0
501, 1, 0
499, 1, -1
647, 1, 0
600, 1, 0
796, 0, -1
203, 1, 0
1626, 1, 0
6261, -1, 0
2124, 0, -1
240, -1, 0
1415, -1, 0
1119, -1, 0
846, -1, -1
877, -1, 0
701, -1, 0
668, -1, -1
539, -1, 0
510, -1, 0
487, -1, 0
464, -1, 0
249, 0, -1
250, -1, 0
375, -1, 0
532, -1, 0
343, -1, 0
250, -1, 0
408, -1, 0
95, 0, -1
247, -1, 0
379, -1, 0
246, -1, 0
404, -1, 0
348, -1, 0
248, -1, 0
250, -1, 0
374, -1, 0
250, -1, 0
251, -1, -1
128, -1, 0
403, -1, 0
303, -1, 0
167, -1, 0
248, -1, 0
251, -1, 0
249, -1, 0
250, -1, 0
250, -1, 0
128, -1, 0
247, -1, 0
250, -1, 0
250, -1, 0
250, -1, 0
128, -1, 0
249, -1, 0
248, -1, 0
128, -1, 0
259, -1, 0
239, -1, 0
127, -1, 0
247, -1, 0
128, -1, 0
247, -1, 0
128, -1, 0
247, -1, 0
128, -1, 0
247, -1, 0
128, -1, 0
125, -1, 0
247, -1, 0
250, -1, 0
135, -1, 0
121, -1, 0
244, -1, 0
131, -1, 0
245, -1, 0
130, -1, 0
125, -1, 1
125, -1, 0
244, -1, 0
131, -1, 0
125, -1, 0
125, -1, 0
244, -1, 0
131, -1, 0
244, -1, 0
131, -1, 0
125, -1, 0
125, -1, 0
125, -1, 1
125, -1, 0
125, -1, 0
244, -1, 0
131, -1, 0
244, -2, 0
251, -1, 0
130, -1, 1
131, -1, 0
123, -1, 0
123, -1, 0
124, -1, 0
245, -1, 0
131, -1, 0
123, -1, 0
125, -1, 0
125, -1, 1
125, -1, 0
126, -1, 0
124, -1, 0
125, -1, 0
245, -1, 0
127, -1, 0
125, -1, 1
125, -1, 0
125, -1, 0
125, -1, 0
125, -1, 0
125, -1, 0
125, -1, 1
125, -1, 0
126, -1, 0
124, -1, 0
125, -1, 0
125, -1, 0
125, -1, 0
125, -1, 0
125, -1, 1
125, -1, 0
125, -1, 0
126, -1, 0
126, -1, 0
124, -1, 1
124, -1, 0
125, -1, 0
125, -1, 0
125, -1, 0
125, -1, 0
125, -1, 0
125, -1, 1
125, -1, 0
125, -1, 0
125, -2, 0
125, -1, 0
125, -1, 1
234, -1, 0
20, -1, 0
154, -1, 0
96, -1, 0
123, -1, 1
126, -1, 0
125, -1, 0
125, -1, 0
125, -2, 0
124, -1, 0
126, -1, 1
125, -1, 0
125, -1, 0
125, -1, 0
125, -1, 0
124, -1, 0
126, -1, 1
124, -2, 0
126, -1, 0
125, -1, 0
124, -1, 1
129, -1, 0
123, -1, 0
124, -1, 0
125, -2, 1
247, -2, 0
128, -1, 0
125, -1, 0
125, -1, 0
125, -2, 1
125, -1, 0
125, -1, 0
125, -1, 1
125, -1, 0
125, -1, 0
125, -2, 0
125, -1, 1
125, -1, 0
124, -1, 0
126, -1, 0
125, -2, 0
124, -1, 1
126, -1, 0
125, -1, 0
128, -2, 0
129, -1, 1
123, -1, 0
126, -1, 0
125, -1, 0
207, -2, 1
65, -1, 0
106, -1, 0
125, -1, 0
128, -2, 1
117, -1, 0
123, -1, 0
123, -1, 0
125, -1, 1
125, -2, 0
125, -1, 0
125, -1, 0
130, -1, 1
123, -2, 0
124, -1, 0
126, -2, 0
124, 0, 1
125, -2, 0
125, -1, 0
125, -1, 1
125, -2, 0
125, -1, 0
126, -1, 0
124, -1, 1
125, -2, 0
125, -1, 0
126, -2, 0
124, -1, 1
125, -1, 0
126, -1, 0
124, -1, 0
125, -2, 1
129, -1, 0
122, -2, 0
124, -1, 0
126, -1, 1
124, -1, 0
125, -2, 0
126, -1, 1
125, -2, 0
124, -1, 0
125, -2, 1
125, -1, 0
125, -1, 0
125, -1, 0
125, -2, 1
125, -1, 0
125, -1, 0
125, -2, 1
125, -1, 0
125, -2, 0
135, -1, 0
111, -1, 1
124, -2, 0
125, -1, 0
125, -1, 0
125, -2, 1
125, -1, 0
125, -1, 0
126, -2, 1
124, -1, 0
125, -2, 0
125, -1, 0
125, -2, 1
125, -1, 0
125, -1, 0
126, -2, 1
125, -1, 0
123, -1, 0
126, -2, 1
125, -1, 0
124, -2, 0
126, -1, 1
125, -1, 0
125, -2, 0
125, -1, 0
125, -2, 1
125, -1, 0
125, -1, 0
125, -2, 1
125, -1, 0
125, -2, 0
125, -1, 0
278, -2, 1
223, -1, 0
124, -5, 1
125, -1, 0
125, -1, 1
125, -2, 0
125, -1, 0
125, -2, 1
125, -1, 0
125, -2, 0
126, -1, 0
124, -2, 1
125, -1, 0
125, -2, 0
126, -1, 1
124, -1, 0
125, -2, 0
125, -1, 1
125, -2, 0
125, -1, 0
125, -2, 1
125, -1, 0
125, -2, 0
125, -1, 1
125, -2, 0
125, -1, 0
125, -2, 0
128, -1, 1
122, -1, 0
125, -2, 0
125, -1, 1
125, -2, 0
125, -1, 0
125, -2, 1
125, -1, 0
125, -2, 0
125, -1, 1
129, -2, 0
123, -1, 0
125, -1, 1
125, -2, 0
125, -1, 0
125, -2, 1
126, -1, 0
124, -2, 0
125, -1, 0
125, -2, 1
125, -1, 0
129, -2, 0
150, -1, 1
99, -2, 0
125, -2, 0
123, -1, 1
126, -2, 0
123, -1, 0
124, -2, 1
125, -1, 0
125, -2, 0
183, -1, 1
69, -2, 0
126, -1, 0
125, -1, 1
125, -2, 0
141, -1, 0
107, -2, 1
125, -1, 0
125, -2, 0
125, -2, 1
124, -1, 0
126, -1, 0
124, -2, 0
126, -2, 1
124, -1, 0
125, -2, 0
126, -1, 1
125, -2, 0
127, -1, 0
123, -2, 1
125, -1, 0
125, -2, 0
125, -1, 1
125, -2, 0
125, -1, 0
125, -2, 0
125, -1, 1
125, -2, 0
125, -1, 0
124, -2, 1
125, -1, 0
126, -2, 0
124, -2, 1
125, -1, 0
126, -2, 0
125, -1, 1
124, -2, 0
125, -1, 0
126, -1, 1
125, -2, 0
127, -1, 0
125, -2, 0
125, -1, 1
126, -2, 0
122, -1, 0
125, -2, 1
124, -1, 0
125, -2, 0
126, -1, 1
127, -2, 0
123, -1, 0
125, -2, 1
124, -1, 0
125, -2, 0
126, -2, 0
124, -1, 1
126, -2, 0
124, -1, 0
125, -2, 1
126, -1, 0
124, -2, 0
126, -1, 0
124, -1, 1
125, -2, 0
125, -1, 0
125, -2, 1
126, -1, 0
125, -2, 0
125, -1, 1
125, -2, 0
124, -1, 0
126, -2, 0
124, -1, 1
337, -1, 0
165, -2, 0
124, -4, 1
125, -2, 1
124, -1, 0
125, -2, 0
126, -1, 0
124, -2, 1
126, -1, 0
126, -2, 0
125, -1, 1
127, -2, 0
125, -1, 0
123, -2, 1
125, -1, 0
123, -1, 0
126, -2, 0
124, -1, 1
125, -2, 0
125, -1, 0
125, -2, 1
126, -1, 0
125, -1, 0
124, -2, 0
126, -1, 1
124, -2, 0
125, -1, 0
125, -2, 1
126, -1, 0
124, -2, 0
125, -1, 0
125, -2, 1
125, -1, 0
125, -2, 0
125, -1, 0
125, -1, 1
126, -2, 0
125, -1, 0
125, -2, 1
124, -1, 0
125, -2, 0
126, -1, 1
125, -2, 0
124, -1, 0
126, -1, 0
124, -2, 1
126, -1, 0
125, -1, 0
124, -2, 0
126, -1, 1
124, -2, 0
125, -1, 0
126, -1, 1
124, -2, 0
147, -1, 0
105, -2, 0
124, -1, 1
125, -1, 0
124, -2, 0
126, -1, 0
124, -2, 1
126, -1, 0
126, -1, 0
126, -2, 1
122, -1, 0
125, -1, 0
126, -2, 0
124, -1, 1
125, -1, 0
125, -2, 0
125, -1, 0
125, -2, 1
126, -1, 0
124, -1, 0
125, -2, 0
125, -1, 1
125, -1, 0
125, -2, 0
125, -1, 0
125, -1, 1
125, -2, 0
126, -1, 0
124, -2, 0
125, -1, 0
125, -1, 1
125, -2, 0
125, -1, 0
125, -1, 1
125, -2, 0
125, -1, 0
126, -1, 0
125, -2, 0
125, -1, 1
125, -1, 0
124, -1, 0
126, -2, 1
124, -1, 0
125, -1, 0
125, -1, 0
126, -2, 1
124, -1, 0
125, -2, 0
128, -1, 0
126, -1, 0
125, -1, 1
140, -1, 0
110, -2, 0
125, -1, 0
124, -2, 1
127, -1, 0
126, -1, 0
125, -1, 0
125, -2, 1
125, -1, 0
122, -1, 0
125, -1, 0
125, -1, 1
125, -2, 0
125, -1, 0
125, -1, 0
125, -1, 0
126, -2, 1
124, -1, 0
125, -1, 0
125, -1, 0
125, -2, 1
125, -1, 0
125, -1, 0
125, -1, 0
125, -1, 0
125, -2, 1
125, -1, 0
624, -1, 0
252, -1, 0
124, -7, 1
125, -1, 0
125, -2, 1
125, -1, 0
125, -1, 0
125, -1, 0
125, -2, 1
124, -1, 0
126, -1, 0
125, -1, 0
125, -1, 0
125, -1, 0
127, -1, 1
122, -2, 0
124, -1, 0
127, -1, 0
122, -1, 0
125, -1, 0
134, -1, 1
120, -2, 0
247, -1, 0
126, -2, 0
246, -2, 1
128, -1, 0
125, -1, 0
125, -1, 0
125, -1, 0
128, -1, 1
122, -2, 0
247, -1, 0
127, -2, 0
248, -2, 0
128, -1, 1
125, -1, 0
125, -1, 0
128, -1, 0
123, -1, 0
123, -1, 0
125, -1, 0
125, -1, 1
126, -1, 0
124, -1, 0
125, -1, 0
125, -1, 0
125, -1, 0
126, -1, 0
124, -1, 1
125, -1, 0
125, -1, 0
125, -1, 0
125, -1, 0
125, -1, 0
125, -1, 0
125, -1, 1
125, -1, 0
125, -1, 0
125, -1, 0
125, -1, 0
125, -1, 0
125, -1, 0
125, -1, 0
125, -1, 0
125, -1, 1
125, -1, 0
125, -1, 0
247, -2, 0
250, -2, 0
250, -2, 1
250, -1, 0
128, -1, 0
125, -1, 0
125, -1, 0
125, -1, 0
125, -1, 0
247, -2, 1
250, -1, 0
128, -1, 0
125, -1, 0
125, -1, 0
247, -2, 0
250, -1, 0
128, -1, 0
125, -1, 0
127, -1, 0
125, -1, 1
246, -1, 0
127, -1, 0
125, -1, 0
125, -1, 0
251, -1, 0
124, -1, 0
125, -1, 0
125, -1, 0
125, -1, 0
125, 0, 1
127, -1, 0
125, -1, 0
123, -1, 0
247, -1, 0
128, -1, 0
125, -1, 0
125, -1, 0
247, -1, 0
128, -1, 0
125, -1, 0
250, -1, 0
125, -1, 1
247, -1, 0
285, -1, 0
219, -1, 0
124, -2, 0
247, -1, 0
128, -1, 0
247, -1, 0
128, -1, 0
247, -1, 0
128, -1, 0
125, -1, 0
247, -1, 0
250, -1, 0
128, -1, 0
247, -1, 0
251, -1, 0
128, -1, 1
246, -1, 0
127, -1, 0
251, -1, 0
247, -1, 0
251, -1, 0
127, -1, 0
247, -1, 0
250, -1, 0
249, -1, 0
129, -1, 0
405, -1, 0
101, -1, 0
241, -1, 0
250, -1, 0
249, -1, 0
251, -1, 0
250, -1, 0
417, -1, 0
86, -1, 0
396, -1, 0
227, -1, 0
248, -1, 0
379, -1, 0
249, -1, 0
250, -1, 0
409, -1, 0
340, -1, 0
249, -1, 0
375, -1, 0
249, -1, 0
407, -1, 0
502, -1, 0
341, -1, 0
408, -1, 0
342, -1, 0
131, 0, -1
245, -1, 0
504, -1, 0
541, -1, 0
500, -1, 0
490, -1, 0
498, -1, 0
99, 0, -1
526, -1, 0
598, -1, 0
664, -1, 0
742, -1, -1
743, -1, 0
1003, -1, 0
880, -1, 0
90, 0, -1
921, -1, 0
1129, -1, 0
628, 0, -1
820, -1, 0
1657, -1, 0
967, 0, -1
1159, -1, 0
3278, 0, -1
4248, 0, -1
2637, 1, 0
727, 0, -1
749, 1, 0
1376, 1, 0
213, 0, -1
785, 1, 0
1103, 1, 0
369, 0, -1
494, 1, 0
917, 1, 0
836, 1, 0
782, 1, 0
93, 0, -1
658, 1, 0
591, 1, 0
750, 1, 0
513, 1, 0
823, 1, 0
195, 0, -1
244, 1, 0
482, 1, 0
532, 1, 0
496, 1, 0
620, 1, 0
342, 1, 0
375, 1, 0
145, 0, -1
525, 1, 0
331, 1, 0
428, 1, 0
321, 1, 0
509, 1, 0
367, 1, 0
374, 1, 0
378, 1, 0
376, 1, 0
371, 1, 0
249, 0, -1
129, 1, 0
247, 1, 0
374, 1, 0
438, 1, 0
188, 1, 0
375, 1, 0
250, 1, 0
446, 1, 0
309, 1, 0
245, 1, 0
435, 1, 0
189, 1, 0
251, 1, 0
249, 1, 0
250, 0, -1
129, 1, 0
246, 1, 0
251, 1, 0
250, 1, 0
390, 1, 0
245, 1, 0
240, 1, 0
250, 1, 0
252, 1, 0
247, 1, 0
250, 1, 0
427, 1, 0
199, 1, 0
249, 1, 0
251, 1, 0
251, 1, 0
492, 1, 0
268, 1, 0
128, 2, -1
235, 1, 0
251, 1, 0
260, 1, 0
240, 1, 0
277, 1, 0
104, 1, 0
244, 1, 0
249, 1, 0
260, 1, 0
122, 1, 0
249, 1, 0
249, 1, 0
251, 1, 0
249, 1, 0
124, 1, 0
247, 1, 0
127, 0, -1
125, 1, 0
124, 1, 0
249, 1, 0
127, 1, 0
248, 1, 0
249, 1, 0
129, 1, 0
246, 1, 0
128, 1, 0
248, 1, 0
127, 1, 0
248, 1, 0
128, 1, 0
255, 1, 0
242, 1, 0
127, 1, 0
247, 1, 0
128, 1, 0
247, 1, 0
129, 1, -1
247, 1, 0
127, 1, 0
125, 1, 0
247, 1, 0
250, 1, 0
128, 1, 0
126, 1, 0
246, 1, 0
128, 1, 0
248, 1, 0
128, 1, 0
124, 1, 0
251, 1, 0
125, 1, -1
246, 1, 0
128, 1, 0
125, 1, 0
247, 1, 0
128, 1, 0
247, 1, 0
128, 1, 0
126, 1, 0
250, 1, 0
131, 1, 0
249, 1, 0
120, 1, 0
124, 1, 0
126, 1, 0
246, 1, 0
129, 1, 0
124, 1, 0
251, 1, -1
125, 1, 0
125, 1, 0
246, 1, 0
128, 1, 0
125, 1, 0
126, 1, 0
246, 1, 0
128, 1, 0
125, 1, 0
248, 1, 0
127, 1, 0
125, 1, 0
126, 1, -1
246, 1, 0
128, 1, 0
126, 1, 0
124, 1, 0
126, 1, 0
414, 1, 0
226, 1, 0
121, 2, 0
116, 1, 0
124, 1, 0
124, 1, -1
125, 1, 0
125, 1, 0
246, 1, 0
128, 1, 0
126, 1, 0
124, 1, 0
248, 1, 0
128, 1, 0
125, 1, 0
124, 1, 0
125, 1, -1
247, 1, 0
129, 1, 0
124, 1, 0
126, 1, 0
124, 1, 0
126, 1, 0
270, 1, 0
105, 1, 0
124, 1, 0
126, 1, -1
124, 1, 0
126, 1, 0
124, 1, 0
247, 1, 0
128, 1, 0
125, 1, 0
125, 1, 0
125, 1, 0
125, 1, -1
248, 1, 0
127, 1, 0
124, 1, 0
126, 1, 0
126, 1, 0
124, 1, 0
248, 2, 0
249, 1, 0
136, 1, -1
122, 1, 0
130, 1, 0
116, 1, 0
124, 1, 0
125, 1, 0
248, 1, 0
126, 1, 0
127, 1, 0
124, 1, 0
125, 1, -1
125, 1, 0
126, 1, 0
125, 1, 0
124, 1, 0
126, 1, 0
246, 1, 0
128, 1, 0
125, 1, 0
126, 1, 0
125, 1, 0
124, 1, -1
125, 1, 0
126, 1, 0
124, 1, 0
125, 1, 0
252, 1, 0
124, 1, 0
125, 1, 0
125, 1, -1
125, 1, 0
124, 1, 0
125, 1, 0
125, 1, 0
125, 1, 0
125, 1, 0
126, 1, 0
246, 2, 0
254, 2, -1
246, 2, 0
251, 1, 0
128, 1, 0
129, 1, 0
146, 1, 0
110, 1, -1
125, 1, 0
116, 1, 0
122, 1, 0
129, 1, 0
122, 1, 0
124, 1, 0
125, 1, 0
126, 1, 0
125, 1, -1
246, 1, 0
129, 2, 0
247, 1, 0
127, 1, 0
126, 1, 0
125, 1, 0
124, 1, -1
126, 1, 0
125, 1, 0
124, 1, 0
126, 1, 0
124, 1, 0
125, 1, 0
126, 1, -1
125, 1, 0
125, 1, 0
317, 1, 0
192, 1, 0
130, 3, 0
111, 1, 0
124, 1, -1
125, 1, 0
126, 1, 0
124, 1, 0
125, 1, 0
126, 1, 0
124, 1, 0
125, 1, 0
126, 1, 0
125, 1, -1
125, 1, 0
125, 1, 0
248, 2, 0
257, 2, 0
121, 0, -1
123, 2, 0
126, 1, 0
124, 1, 0
126, 1, 0
125, 1, 0
124, 1, 0
252, 2, -1
128, 1, 0
120, 1, 0
248, 2, 0
250, 2, 0
129, 1, -1
123, 1, 0
125, 1, 0
247, 2, 0
250, 2, 0
252, 2, -1
249, 2, 0
127, 1, 0
125, 1, 0
126, 1, 0
124, 1, 0
125, 1, 0
126, 1, 0
124, 1, -1
126, 1, 0
126, 1, 0
124, 1, 0
124, 1, 0
126, 1, 0
124, 1, 0
126, 1, -1
126, 1, 0
124, 1, 0
125, 1, 0
124, 1, 0
125, 1, 0
126, 1, 0
124, 1, -1
126, 1, 0
125, 1, 0
124, 1, 0
126, 1, 0
125, 1, 0
124, 1, 0
126, 1, 0
125, 1, -1
126, 1, 0
133, 1, 0
124, 1, 0
120, 1, 0
128, 1, 0
119, 1, 0
130, 1, -1
121, 2, 0
256, 1, 0
125, 1, 0
117, 1, 0
125, 1, 0
127, 1, 0
130, 2, -1
118, 1, 0
125, 1, 0
125, 1, 0
127, 1, 0
123, 1, -1
125, 1, 0
125, 1, 0
125, 1, 0
125, 1, 0
125, 1, 0
124, 1, 0
127, 1, -1
124, 1, 0
126, 1, 0
124, 1, 0
127, 1, 0
133, 1, 0
149, 1, 0
106, 1, -1
116, 1, 0
125, 1, 0
121, 1, 0
125, 1, 0
125, 1, 0
125, 1, 0
129, 2, -1
243, 2, 0
251, 1, 0
128, 1, 0
124, 1, -1
125, 2, 0
247, 2, 0
250, 2, 0
128, 1, 0
125, 1, 0
125, 1, -1
497, 2, 0
262, 1, 0
117, 4, -1
126, 1, 0
121, 1, 0
126, 1, 0
124, 1, 0
126, 1, 0
124, 1, -1
126, 1, 0
125, 1, 0
124, 1, 0
126, 1, 0
124, 1, 0
129, 2, -1
243, 2, 0
251, 2, 0
249, 1, 0
129, 2, -1
246, 2, 0
251, 2, 0
254, 2, -1
245, 2, 0
130, 1, 0
245, 2, 0
129, 1, 0
124, 1, -1
126, 1, 0
125, 1, 0
125, 1, 0
124, 1, 0
125, 1, 0
125, 1, 0
126, 1, -1
125, 1, 0
125, 1, 0
133, 1, 0
122, 1, 0
120, 1, 0
125, 1, -1
124, 1, 0
128, 1, 0
124, 1, 0
124, 1, 0
125, 1, 0
130, 1, 0
120, 1, -1
130, 1, 0
125, 1, 0
125, 1, 0
121, 1, 0
124, 1, 0
125, 1, 0
124, 1, -1
127, 1, 0
124, 1, 0
124, 1, 0
126, 1, 0
125, 1, 0
124, 1, 0
126, 1, 0
125, 1, -1
126, 1, 0
130, 1, 0
117, 1, 0
124, 1, 0
126, 1, -1
124, 1, 0
126, 1, 0
125, 1, 0
124, 1, 0
125, 1, 0
129, 1, 0
121, 1, 0
124, 1, -1
125, 1, 0
124, 1, 0
138, 1, 0
113, 1, 0
132, 1, 0
119, 1, 0
125, 1, -1
125, 1, 0
125, 1, 0
126, 1, 0
124, 1, 0
126, 1, 0
130, 1, 0
142, 1, -1
101, 1, 0
125, 1, 0
125, 1, 0
124, 1, 0
249, 1, 0
128, 1, -1
152, 1, 0
100, 1, 0
126, 2, 0
327, 1, 0
118, 1, 0
77, 1, -1
113, 1, 0
117, 1, 0
130, 1, 0
124, 1, 0
122, 1, 0
127, 1, 0
124, 1, 0
131, 1, -1
126, 1, 0
246, 2, 0
247, 2, 0
252, 1, -1
139, 1, 0
130, 1, 0
113, 1, 0
121, 1, 0
126, 1, 0
283, 1, 0
216, 1, 0
124, 2, -1
124, 1, 0
137, 1, 0
94, 1, 0
125, 1, 0
122, 1, -1
126, 1, 0
125, 1, 0
125, 1, 0
125, 1, 0
125, 1, 0
248, 1, 0
127, 1, -1
125, 1, 0
125, 1, 0
125, 1, 0
125, 1, 0
247, 1, 0
128, 1, 0
126, 1, -1
124, 1, 0
125, 1, 0
125, 1, 0
249, 1, 0
126, 1, 0
125, 1, -1
125, 1, 0
125, 1, 0
247, 1, 0
128, 1, 0
125, 1, 0
125, 1, 0
125, 1, -1
125, 1, 0
247, 1, 0
127, 1, 0
126, 1, 0
125, 1, 0
125, 1, 0
125, 0, -1
125, 1, 0
124, 1, 0
126, 1, 0
124, 1, 0
248, 1, 0
127, 1, 0
127, 1, 0
123, 0, -1
126, 1, 0
125, 1, 0
125, 1, 0
247, 1, 0
128, 1, 0
125, 1, 0
125, 1, -1
247, 1, 0
128, 1, 0
125, 1, 0
247, 1, 0
128, 1, 0
250, 1, 0
125, 1, 0
125, 1, -1
248, 1, 0
126, 1, 0
125, 1, 0
254, 1, 0
122, 1, 0
248, 1, -1
127, 1, 0
247, 1, 0
128, 1, 0
247, 1, 0
128, 1, 0
124, 1, 0
248, 1, -1
251, 1, 0
126, 1, 0
269, 1, 0
110, 1, 0
245, 1, 0
127, 1, 0
247, 1, -1
250, 1, 0
129, 1, 0
247, 1, 0
249, 1, 0
250, 1, 0
128, 1, -1
251, 1, 0
247, 1, 0
250, 1, 0
250, 1, 0
127, 1, 0
247, 1, 0
250, 1, 0
127, 0, -1
125, 1, 0
416, 1, 0
212, 1, 0
125, 1, 0
246, 1, 0
249, 1, 0
251, 1, 0
249, 0, -1
127, 1, 0
248, 1, 0
250, 1, 0
250, 1, 0
375, 1, 0
250, 1, 0
250, 1, 0
383, 1, 0
368, 1, -1
375, 1, 0
377, 1, 0
374, 1, 0
373, 1, 0
375, 1, 0
500, 1, 0
375, 1, 0
627, 1, -1
499, 1, 0
500, 1, 0
875, 1, 0
875, 1, 0
876, 1, 0
1889, 1, 0
14419, -1, 0
1692, -1, 0
1159, 0, -1
590, -1, 0
1157, -1, 0
842, -1, 0
796, -1, 0
865, -1, 0
618, -1, 0
622, -1, 0
503, -1, 0
688, -1, 0
415, -1, 0
492, -1, 0
531, -1, 0
346, -1, 0
526, -1, 0
347, -1, 0
527, -1, 0
476, -1, 0
374, -1, 1
249, -1, 0
500, -1, 0
400, -1, 0
401, -1, 0
323, -1, 0
250, -1, 0
430, -1, 0
75, 0, 1
246, -1, 0
249, -1, 0
405, -1, 0
220, -1, 0
409, -1, 0
216, -1, 0
404, -1, 1
346, -1, 0
254, -1, 0
248, -1, 0
373, -1, 0
250, -1, 0
250, -1, 0
128, 0, 1
247, -1, 0
250, -1, 0
250, -1, 0
250, -1, 0
250, -1, 0
249, -1, 0
129, 0, 1
125, -1, 0
402, -1, 0
220, -1, 0
279, -1, 0
221, -1, 0
250, -1, 1
250, -1, 0
250, -1, 0
128, -1, 0
247, -1, 0
250, -1, 0
250, -1, 0
128, 0, 1
125, -1, 0
247, -1, 0
250, -1, 0
250, -1, 0
128, -1, 0
247, -1, 1
251, -1, 0
249, -1, 0
250, -1, 0
272, -1, 0
109, -1, 1
245, -1, 0
248, -1, 0
251, -1, 0
130, -1, 0
244, -1, 1
251, -1, 0
130, -1, 0
253, -1, 0
127, -1, 0
370, -1, 1
130, -1, 0
128, -1, 0
244, -1, 0
250, -1, 0
247, -1, 1
129, -1, 0
243, -1, 0
131, -1, 0
244, -1, 0
130, -1, 0
125, 0, 1
125, -1, 0
244, -1, 0
131, -1, 0
245, -1, 0
130, -1, 0
244, -1, 1
131, -1, 0
244, -1, 0
132, -1, 0
244, -1, 0
127, -1, 1
248, -1, 0
128, -1, 0
247, -1, 0
127, -1, 0
125, 0, 1
125, -1, 0
126, -1, 0
246, -1, 0
128, -1, 0
248, -1, 0
127, -1, 0
126, 0, 1
124, -1, 0
125, -1, 0
249, -1, 0
126, -1, 0
125, -1, 0
131, 0, 1
120, -1, 0
125, -1, 0
247, -1, 0
127, -1, 0
249, -1, 0
126, -1, 1
125, -1, 0
248, -1, 0
128, -1, 0
247, -1, 0
128, -1, 1
246, -1, 0
128, -1, 0
126, -1, 0
247, -1, 0
127, -1, 1
125, -1, 0
323, -1, 0
51, -1, 0
250, -1, 0
126, -1, 1
126, -1, 0
247, -1, 0
127, -1, 0
129, -1, 0
244, -1, 1
128, -1, 0
247, -1, 0
127, -1, 0
125, -1, 0
248, -1, 1
127, -1, 0
125, -1, 0
247, -1, 0
128, -1, 0
125, -1, 0
125, -1, 1
247, -1, 0
128, -1, 0
126, -1, 0
247, -1, 1
128, -1, 0
124, -1, 0
125, -1, 0
247, -1, 0
128, -1, 0
125, -1, 1
248, -1, 0
127, -1, 0
125, -1, 0
248, -1, 0
127, -1, 1
125, -1, 0
125, -1, 0
248, -1, 0
127, -1, 0
125, -1, 1
248, -1, 0
127, -1, 0
129, -1, 0
122, -1, 1
247, -1, 0
127, -1, 0
125, -1, 0
125, -1, 0
125, 0, 1
125, -1, 0
164, -1, 0
92, -1, 0
242, -1, 0
130, -1, 0
127, -1, 1
124, -1, 0
124, -1, 0
249, -1, 0
127, -1, 0
124, -1, 0
125, -1, 1
124, -1, 0
249, -1, 0
127, -1, 0
126, -1, 0
127, -1, 0
126, 0, 1
137, -1, 0
111, -1, 0
124, -1, 0
124, -1, 0
124, -1, 0
246, -1, 1
130, -1, 0
125, -1, 0
244, -1, 0
131, -1, 0
125, -1, 1
127, -1, 0
126, -1, 0
124, -1, 0
242, -1, 0
131, -1, 0
125, -1, 0
128, -1, 1
244, -1, 0
128, -1, 0
125, -1, 0
125, -1, 0
125, -1, 1
124, -1, 0
246, -1, 0
132, -1, 0
122, -1, 0
125, -1, 0
125, -1, 1
246, -2, 0
250, -1, 0
127, -1, 0
125, -1, 0
126, -1, 0
125, 0, 1
125, -1, 0
125, -1, 0
125, -1, 0
125, -1, 0
125, -1, 0
125, -1, 1
125, -1, 0
234, -1, 0
267, -1, 0
124, -2, 0
125, -1, 0
125, -1, 1
125, -1, 0
125, -1, 0
247, -1, 0
128, -1, 0
125, -1, 0
125, -1, 1
125, -1, 0
125, -1, 0
247, -1, 0
128, -1, 0
128, -1, 1
122, -1, 0
124, -1, 0
125, -1, 0
125, -1, 0
126, -1, 0
247, -1, 0
128, -1, 1
125, -1, 0
125, -1, 0
126, -1, 0
124, -1, 0
125, -1, 0
124, -1, 1
127, -1, 0
246, -2, 0
250, -1, 0
128, -1, 0
125, -1, 0
125, -1, 1
247, -2, 0
250, -1, 0
127, -1, 0
125, -1, 0
126, -1, 1
125, -1, 0
124, -1, 0
248, -2, 0
250, -1, 0
128, -1, 1
136, -1, 0
114, -1, 0
126, -1, 0
124, -1, 0
247, -1, 0
128, -1, 0
124, -1, 1
126, -1, 0
124, -1, 0
124, -1, 0
126, -1, 0
124, -1, 0
126, -1, 1
246, -1, 0
128, -1, 0
125, -1, 0
125, -1, 0
125, -1, 0
125, -1, 1
125, -1, 0
125, -1, 0
125, -1, 0
125, -1, 0
251, -1, 0
125, -1, 0
125, -1, 1
125, -1, 0
124, -1, 0
125, -1, 0
126, -1, 0
125, -1, 0
124, 0, 1
125, -1, 0
125, -1, 0
125, -1, 0
125, -1, 0
125, -1, 0
125, -1, 0
125, -1, 0
125, -1, 1
248, -2, 0
250, -1, 0
127, -1, 0
125, -1, 0
125, -1, 0
126, -1, 1
124, -1, 0
255, -1, 0
120, -1, 0
125, -1, 0
125, -1, 0
128, -1, 1
127, -1, 0
145, -1, 0
104, -1, 0
244, -1, 0
131, -1, 0
127, -1, 0
124, -1, 0
126, -1, 1
123, -1, 0
124, -1, 0
125, -1, 0
125, -1, 0
245, -1, 0
130, -1, 0
125, -1, 1
126, -1, 0
125, -1, 0
660, -1, 0
215, -1, 0
124, -5, 1
125, -1, 0
126, -1, 0
246, -2, 0
248, -1, 1
130, -1, 0
125, -1, 0
127, -1, 0
123, -1, 0
126, -1, 0
243, -1, 0
132, -1, 0
124, -1, 0
126, -1, 0
124, -1, 1
125, -1, 0
126, -1, 0
244, -2, 0
251, -1, 0
127, -1, 0
125, -1, 1
124, -1, 0
248, -2, 0
250, -1, 0
128, -1, 0
124, -1, 0
125, -1, 0
125, -1, 0
125, -1, 1
248, -1, 0
128, -1, 0
125, -1, 0
124, -1, 0
125, -1, 0
248, -1, 1
128, -1, 0
125, -1, 0
125, -1, 0
125, -1, 0
125, -1, 0
247, -1, 0
127, -1, 0
125, -1, 0
125, -1, 0
126, -1, 1
124, -1, 0
125, -1, 0
247, -1, 0
128, -1, 0
125, -1, 0
125, -1, 0
125, -1, 0
125, -1, 0
248, -1, 1
127, -1, 0
125, -1, 0
125, -1, 0
126, -1, 0
247, -1, 0
127, -1, 0
125, -1, 0
125, -1, 0
248, -1, 0
128, -1, 1
124, -1, 0
125, -1, 0
125, -1, 0
247, -1, 0
128, -1, 0
125, -1, 0
125, -1, 0
247, -1, 1
128, -1, 0
125, -1, 0
125, -1, 0
125, -1, 0
247, -1, 0
128, -1, 0
125, -1, 0
125, -1, 0
247, -1, 0
128, -1, 0
125, -1, 1
125, -1, 0
127, -1, 0
246, -1, 0
127, -1, 0
125, -1, 0
248, -1, 0
128, -1, 0
127, -1, 0
122, -1, 0
247, -1, 0
128, -1, 0
125, -1, 0
125, -1, 1
247, -1, 0
128, -1, 0
125, -1, 0
247, -1, 0
128, -1, 0
125, -1, 0
125, -1, 0
318, -1, 0
57, -1, 0
126, -1, 0
246, -1, 1
128, -1, 0
125, -1, 0
247, -1, 0
128, -1, 0
125, -1, 0
247, -1, 0
128, -1, 0
247, -1, 0
128, -1, 0
125, -1, 0
125, -1, 0
247, -1, 0
128, -1, 0
247, -1, 0
128, -1, 1
125, -1, 0
247, -1, 0
128, -1, 0
125, -1, 0
247, -1, 0
128, -1, 0
247, -1, 0
128, -1, 0
247, -1, 0
128, -1, 0
125, -1, 0
247, -1, 0
128, -1, 0
124, -1, 0
248, -1, 0
128, -1, 0
247, -1, 0
128, -1, 0
140, -1, 1
232, -1, 0
250, -1, 0
135, -1, 0
121, -1, 0
244, -1, 0
250, -1, 0
131, -1, 0
244, -1, 0
131, -1, 0
125, -1, 0
244, -1, 0
250, -1, 0
131, -1, 0
243, -1, 0
132, -1, 0
243, -1, 0
131, -1, 0
245, -1, 0
250, -1, 0
131, -1, 0
244, -1, 0
250, -1, 0
131, -1, 0
244, -1, 0
130, -1, 0
244, -1, 0
251, -1, 0
130, -1, 0
245, -1, 0
249, -1, 0
250, -1, 0
129, -1, 0
247, -1, 0
250, -1, 0
249, -1, 0
128, -1, 0
249, -1, 0
249, -1, 0
128, -1, 0
124, 0, 1
248, -1, 0
127, -1, 0
372, -1, 0
128, -1, 0
248, -1, 0
249, -1, 0
251, -1, 0
249, -1, 0
250, -1, 0
359, -1, 0
22, -1, 0
246, -1, 0
249, -1, 0
250, -1, 0
376, -1, 0
127, -1, 0
404, -1, 0
217, -1, 0
250, -1, 0
250, -1, 0
251, -1, 0
249, -1, 0
408, -1, 0
218, -1, 0
250, -1, 0
376, -1, 0
249, -1, 0
253, -1, 0
425, -1, 0
197, -1, 0
410, -1, 0
215, -1, 0
251, -1, 0
375, -1, 0
375, -1, 0
378, -1, 0
128, 0, -1
142, -1, 0
388, -1, 0
339, -1, 0
374, -1, 0
250, -1, 0
500, -1, 0
413, -1, 0
340, -1, 0
373, -1, 0
447, -1, 0
177, 0, -1
250, -1, 0
500, -1, 0
413, -1, 0
523, -1, 0
494, -1, 0
321, 0, -1
127, -1, 0
536, -1, 0
461, -1, 0
668, -1, 0
620, -1, 0
683, -1, -1
579, -1, 0
700, -1, 0
789, -1, 0
876, -1, -1
962, -1, 0
910, -1, 0
1249, -1, 0
623, 0, -1
1139, -1, 0
1707, -1, 0
1375, 0, -1
10760, 1, 0
491, 0, -1
872, 1, 0
1430, 1, 0
695, 1, 0
932, 1, 0
733, 1, 0
332, 0, -1
414, 1, 0
499, 1, 0
624, 1, 0
499, 1, 0
626, 1, 0
464, 1, 0
413, 1, 0
461, 1, 0
537, 1, 0
340, 1, 0
373, 1, 0
414, 1, 0
460, 1, 0
252, 1, 0
375, 1, 0
412, 1, 0
337, 1, 0
250, 1, 0
411, 1, 0
213, 1, 0
377, 1, 0
249, 1, 0
127, 0, -1
248, 1, 0
251, 1, 0
412, 1, 0
212, 1, 0
250, 1, 0
250, 1, 0
250, 1, 0
250, 1, 0
250, 1, 0
250, 1, 0
250, 1, 0
249, 1, 0
250, 1, 0
250, 1, 0
251, 1, 0
250, 1, 0
250, 1, 0
250, 1, 0
127, 1, 0
248, 1, 0
250, 1, 0
250, 1, 0
127, 1, 0
248, 1, 0
250, 1, 0
127, 1, 0
372, 1, 0
128, 1, 0
247, 1, 0
129, 1, 0
247, 1, 0
250, 1, 0
128, 1, 0
247, 1, 0
128, 1, 0
246, 1, 0
128, 1, -1
247, 1, 0
128, 1, 0
247, 1, 0
251, 1, 0
128, 1, 0
247, 1, 0
127, 1, 0
247, 1, 0
128, 1, 0
125, 1, 0
248, 1, 0
127, 1, 0
247, 1, 0
128, 1, 0
247, 1, 0
128, 1, 0
125, 1, 0
247, 1, 0
128, 1, 0
125, 1, 0
247, 1, 0
128, 1, 0
125, 1, 0
247, 1, 0
128, 1, 0
125, 1, 0
247, 1, 0
275, 1, 0
229, 1, 0
125, 2, 0
124, 1, 0
125, 1, 0
125, 0, -1
125, 1, 0
125, 1, 0
125, 1, 0
125, 1, 0
247, 1, 0
128, 1, 0
125, 1, 0
125, 1, 0
125, 1, 0
247, 1, 0
127, 1, 0
126, 1, 0
127, 1, 0
245, 1, 0
127, 1, 0
126, 1, 0
125, 1, 0
125, 1, 0
126, 1, -1
124, 1, 0
247, 1, 0
128, 1, 0
125, 1, 0
125, 1, 0
125, 1, 0
125, 1, 0
125, 1, 0
125, 1, 0
247, 1, 0
128, 1, 0
125, 1, 0
125, 1, 0
125, 1, 0
125, 1, 0
125, 1, 0
125, 1, 0
247, 2, 0
250, 1, -1
128, 1, 0
125, 1, 0
125, 1, 0
125, 1, 0
125, 1, 0
125, 1, 0
125, 1, 0
125, 1, 0
125, 1, 0
125, 1, 0
125, 1, 0
125, 1, 0
125, 1, 0
125, 1, 0
125, 1, 0
247, 1, 0
128, 1, 0
125, 1, -1
128, 1, 0
122, 1, 0
125, 1, 0
125, 1, 0
125, 1, 0
125, 1, 0
125, 1, 0
125, 1, 0
125, 1, 0
125, 1, 0
125, 1, 0
125, 1, 0
125, 1, 0
125, 1, 0
125, 1, 0
124, 1, 0
126, 1, -1
124, 1, 0
125, 1, 0
125, 1, 0
126, 1, 0
124, 1, 0
125, 1, 0
125, 1, 0
126, 1, 0
124, 1, 0
126, 2, 0
247, 2, 0
250, 2, -1
127, 1, 0
125, 1, 0
125, 1, 0
125, 1, 0
125, 1, 0
126, 1, 0
125, 1, 0
125, 1, 0
124, 1, 0
125, 1, 0
125, 1, 0
125, 1, 0
125, 1, -1
126, 1, 0
124, 1, 0
126, 1, 0
125, 1, 0
125, 2, 0
247, 2, 0
127, 1, 0
125, 1, 0
125, 1, 0
125, 1, 0
125, 1, -1
125, 1, 0
125, 1, 0
125, 1, 0
125, 1, 0
125, 1, 0
313, 2, 0
199, 1, 0
114, 3, 0
125, 1, -1
124, 1, 0
125, 1, 0
125, 1, 0
125, 2, 0
247, 2, 0
128, 1, 0
125, 1, 0
125, 1, 0
125, 1, 0
125, 1, -1
125, 2, 0
126, 1, 0
246, 2, 0
129, 1, 0
125, 1, 0
124, 1, 0
125, 1, 0
125, 1, -1
125, 2, 0
125, 1, 0
125, 1, 0
125, 1, 0
126, 1, 0
124, 1, 0
125, 1, 0
125, 2, 0
126, 1, 0
125, 1, -1
124, 1, 0
125, 1, 0
125, 1, 0
125, 2, 0
125, 1, 0
125, 1, 0
125, 1, 0
125, 1, 0
125, 1, 0
125, 1, -1
127, 2, 0
124, 1, 0
125, 1, 0
126, 1, 0
124, 1, 0
125, 1, 0
124, 2, 0
126, 1, 0
124, 1, -1
125, 1, 0
128, 1, 0
123, 1, 0
124, 1, 0
126, 2, 0
124, 1, 0
125, 1, 0
125, 1, 0
126, 2, -1
124, 1, 0
247, 2, 0
128, 1, 0
125, 1, 0
125, 1, 0
125, 2, 0
125, 1, 0
125, 1, 0
125, 1, -1
125, 2, 0
125, 1, 0
125, 1, 0
125, 1, 0
127, 1, 0
125, 1, 0
124, 1, 0
125, 2, -1
124, 1, 0
126, 1, 0
125, 1, 0
125, 2, 0
124, 1, 0
125, 1, 0
125, 1, 0
125, 1, -1
125, 2, 0
125, 1, 0
125, 1, 0
125, 1, 0
125, 1, 0
125, 1, 0
125, 2, 0
125, 1, -1
125, 1, 0
125, 1, 0
125, 1, 0
125, 2, 0
125, 1, 0
125, 1, 0
125, 1, 0
125, 2, 0
125, 1, -1
125, 1, 0
125, 1, 0
125, 2, 0
126, 1, 0
124, 1, 0
125, 1, -1
125, 1, 0
125, 1, 0
125, 2, 0
125, 1, 0
125, 1, 0
125, 1, 0
125, 1, 0
125, 2, 0
125, 1, -1
125, 1, 0
125, 1, 0
125, 1, 0
125, 2, 0
125, 1, 0
125, 1, 0
125, 1, 0
125, 2, -1
125, 1, 0
125, 1, 0
125, 1, 0
125, 1, 0
226, 2, 0
26, 1, 0
133, 1, 0
115, 1, -1
125, 2, 0
126, 1, 0
124, 1, 0
125, 1, 0
125, 2, 0
125, 1, 0
125, 1, 0
125, 1, -1
125, 1, 0
125, 2, 0
125, 1, 0
125, 1, 0
125, 1, 0
126, 2, -1
124, 1, 0
125, 1, 0
125, 1, 0
125, 2, 0
125, 1, 0
125, 1, 0
125, 1, -1
125, 2, 0
125, 1, 0
125, 1, 0
125, 2, 0
126, 1, 0
124, 1, -1
125, 1, 0
125, 2, 0
248, 1, 0
127, 2, 0
125, 1, 0
125, 2, 0
125, 1, 0
125, 1, -1
125, 1, 0
126, 2, 0
124, 1, 0
124, 1, 0
125, 1, 0
127, 1, -1
124, 2, 0
252, 2, 0
127, 1, 0
124, 2, 0
125, 1, 0
125, 1, -1
126, 1, 0
141, 2, 0
109, 1, 0
124, 1, 0
123, 1, 0
125, 1, 0
125, 2, -1
125, 1, 0
127, 1, 0
122, 1, 0
126, 2, 0
125, 1, 0
124, 1, 0
125, 1, -1
125, 2, 0
126, 1, 0
124, 1, 0
128, 1, 0
123, 1, 0
125, 2, -1
125, 1, 0
125, 1, 0
125, 1, 0
125, 2, 0
125, 1, 0
124, 1, 0
126, 1, -1
125, 1, 0
129, 2, 0
127, 1, 0
119, 1, 0
125, 1, 0
125, 2, 0
125, 1, -1
125, 1, 0
125, 1, 0
125, 2, 0
125, 1, 0
125, 1, 0
125, 1, -1
125, 1, 0
125, 2, 0
125, 1, 0
124, 1, 0
125, 1, 0
125, 2, 0
125, 1, -1
126, 1, 0
125, 1, 0
124, 2, 0
126, 1, 0
125, 1, 0
128, 1, 0
123, 1, -1
124, 2, 0
125, 1, 0
125, 1, 0
126, 1, 0
123, 2, -1
126, 1, 0
124, 1, 0
125, 1, 0
125, 1, 0
126, 2, 0
125, 1, 0
125, 1, -1
124, 1, 0
125, 1, 0
125, 1, 0
125, 2, 0
125, 1, 0
125, 1, 0
125, 1, -1
125, 1, 0
126, 2, 0
125, 1, 0
124, 1, 0
125, 1, 0
125, 1, -1
126, 1, 0
279, 2, 0
221, 1, 0
125, 4, 0
125, 1, -1
127, 1, 0
123, 1, 0
124, 1, 0
125, 1, 0
125, 1, 0
126, 2, -1
124, 1, 0
125, 1, 0
125, 1, 0
125, 2, 0
126, 1, 0
124, 1, 0
125, 1, -1
125, 1, 0
125, 1, 0
125, 1, 0
125, 2, 0
125, 1, -1
125, 1, 0
125, 1, 0
125, 1, 0
125, 1, 0
125, 1, 0
131, 2, 0
119, 1, -1
125, 1, 0
126, 1, 0
124, 1, 0
125, 1, 0
125, 2, -1
125, 1, 0
125, 1, 0
125, 1, 0
125, 1, 0
125, 1, 0
126, 1, 0
124, 1, -1
125, 1, 0
125, 2, 0
247, 2, 0
129, 1, 0
124, 1, -1
125, 1, 0
126, 1, 0
124, 1, 0
125, 1, 0
125, 1, 0
125, 1, 0
125, 2, -1
248, 2, 0
127, 1, 0
125, 1, 0
126, 1, 0
124, 1, -1
125, 1, 0
125, 1, 0
125, 1, 0
125, 1, 0
125, 1, -1
125, 1, 0
125, 2, 0
247, 2, 0
129, 1, 0
124, 1, 0
125, 1, -1
125, 1, 0
129, 1, 0
132, 1, 0
127, 1, 0
117, 1, -1
126, 1, 0
135, 1, 0
112, 1, 0
124, 1, 0
126, 1, 0
125, 1, -1
126, 1, 0
126, 1, 0
124, 1, 0
126, 1, 0
124, 1, 0
124, 1, 0
125, 1, -1
125, 1, 0
124, 1, 0
126, 1, 0
125, 1, 0
130, 1, 0
120, 1, -1
125, 1, 0
145, 1, 0
105, 1, 0
125, 1, 0
125, 1, 0
125, 1, 0
247, 2, -1
249, 1, 0
130, 1, 0
130, 1, 0
120, 1, -1
125, 1, 0
124, 1, 0
125, 1, 0
125, 1, 0
125, 1, 0
125, 1, -1
125, 1, 0
125, 1, 0
126, 1, 0
243, 1, 0
131, 1, 0
125, 1, -1
125, 1, 0
125, 1, 0
123, 1, 0
124, 1, 0
248, 2, 0
128, 0, -1
124, 1, 0
126, 1, 0
321, 1, 0
182, 1, 0
124, 2, 0
124, 1, -1
125, 1, 0
125, 1, 0
125, 1, 0
247, 1, 0
128, 1, 0
125, 1, -1
125, 1, 0
125, 1, 0
247, 1, 0
128, 1, 0
124, 1, 0
248, 1, 0
127, 1, -1
125, 1, 0
125, 1, 0
248, 1, 0
251, 2, -1
250, 1, 0
128, 1, 0
247, 1, 0
127, 1, 0
247, 1, 0
126, 1, 0
125, 0, -1
125, 1, 0
124, 1, 0
127, 1, 0
246, 1, 0
127, 1, 0
248, 1, -1
250, 1, 0
127, 1, 0
248, 1, 0
127, 1, 0
248, 1, 0
250, 1, -1
135, 1, 0
240, 1, 0
250, 1, 0
250, 1, 0
127, 1, 0
248, 1, -1
250, 1, 0
250, 1, 0
250, 1, 0
250, 1, 0
250, 1, -1
249, 1, 0
251, 1, 0
249, 1, 0
251, 1, 0
403, 1, 0
222, 1, -1
249, 1, 0
403, 1, 0
223, 1, 0
404, 1, 0
373, 1, 0
105, 0, -1
243, 1, 0
252, 1, 0
376, 1, 0
372, 1, 0
501, 1, 0
403, 0, -1
102, 1, 0
400, 1, 0
633, 1, 0
588, 1, 0
625, 1, 0
623, 0, -1
250, 1, 0
1001, 1, 0
1736, 1, 0
5768, 0, -1
5788, -1, 0
1334, -1, 0
249, 0, -1
1029, -1, 0
1018, -1, 0
627, -1, 0
345, 0, -1
502, -1, 0
620, -1, 0
770, -1, 0
389, 0, -1
213, -1, 0
661, -1, 0
527, -1, 0
437, -1, 0
501, -1, 0
534, -1, 0
341, 0, -1
130, -1, 0
421, -1, 0
448, -1, 0
375, -1, 0
523, -1, 0
353, -1, 0
429, -1, 0
336, -1, 0
360, -1, 0
531, -1, 0
220, -1, 0
384, -1, 0
371, -1, 0
244, -1, 0
428, -1, 0
321, -1, 0
250, -1, 0
250, -1, 0
429, -1, 0
196, -1, 0
250, -1, 0
470, -1, 0
170, -1, 0
221, -1, 0
375, -1, 0
250, -1, 0
250, -1, 0
249, -1, 0
251, -1, 0
403, -1, 0
221, -1, 0
251, -1, 0
250, -1, 0
249, -1, 0
250, -1, 0
251, -1, 0
250, -1, 0
128, 0, 1
124, -1, 0
247, -1, 0
251, -1, 0
249, -1, 0
129, -1, 0
246, -1, 0
250, -1, 0
250, -1, 0
128, 0, 1
126, -1, 0
246, -1, 0
250, -1, 0
130, -1, 0
247, -1, 0
249, -1, 0
250, -1, 0
128, -1, 1
247, -1, 0
249, -1, 0
131, -1, 0
244, -1, 0
250, -1, 0
131, -1, 0
125, 0, 1
125, -1, 0
125, -1, 0
244, -1, 0
250, -1, 0
131, -1, 0
244, -1, 0
132, -1, 1
243, -1, 0
250, -1, 0
131, -1, 0
244, -1, 0
131, -1, 0
125, 0, 1
125, -1, 0
125, -1, 0
244, -1, 0
131, -1, 0
244, -1, 0
131, 0, 1
125, -1, 0
125, -1, 0
125, -1, 0
244, -1, 0
131, -1, 0
244, -1, 0
131, -1, 1
244, -1, 0
131, -1, 0
245, -1, 0
127, -1, 0
125, -1, 1
247, -1, 0
128, -1, 0
125, -1, 0
247, -1, 0
128, -1, 1
247, -1, 0
128, -1, 0
125, -1, 0
247, -1, 0
128, -1, 0
125, -1, 1
247, -1, 0
235, -1, 0
151, -1, 0
117, -1, 1
125, -1, 0
248, -1, 0
128, -1, 0
125, -1, 0
246, -1, 1
128, -1, 0
248, -1, 0
127, -1, 0
125, -1, 0
249, -1, 1
126, -1, 0
125, -1, 0
125, -1, 0
125, -1, 0
247, -1, 1
128, -1, 0
247, -1, 0
128, -1, 0
125, -1, 0
127, -1, 0
124, -1, 1
246, -1, 0
128, -1, 0
125, -1, 0
125, -1, 0
125, 0, 1
125, -1, 0
125, -1, 0
125, -1, 0
125, -1, 0
125, -1, 0
125, 0, 1
125, -1, 0
125, -1, 0
125, -1, 0
125, -1, 0
247, -1, 0
128, -1, 1
125, -1, 0
125, -1, 0
125, -1, 0
247, -1, 0
128, -1, 1
126, -1, 0
124, -1, 0
247, -1, 0
128, -1, 0
125, -1, 1
125, -1, 0
125, -1, 0
247, -2, 0
250, -1, 1
128, -1, 0
125, -1, 0
125, -1, 0
247, -1, 0
128, -1, 1
125, -1, 0
125, -1, 0
125, -1, 0
125, -1, 0
125, -1, 1
248, -1, 0
127, -1, 0
127, -1, 0
124, -1, 0
124, -1, 0
125, -1, 1
125, -1, 0
126, -1, 0
246, -1, 0
129, -1, 0
124, -1, 1
126, -1, 0
124, -1, 0
124, -1, 0
125, -1, 0
158, -1, 0
96, 0, 1
127, -1, 0
125, -1, 0
125, -1, 0
140, -1, 0
107, -1, 1
125, -1, 0
125, -1, 0
135, -1, 0
258, -2, 0
112, 0, 1
124, -1, 0
122, -1, 0
124, -1, 0
125, -1, 0
127, -1, 0
126, -1, 1
124, -1, 0
126, -1, 0
124, -1, 0
126, -1, 0
248, -1, 1
126, -1, 0
125, -1, 0
125, -1, 0
125, -1, 0
125, -1, 1
126, -1, 0
124, -1, 0
125, -1, 0
125, -1, 0
125, 0, 1
125, -2, 0
438, -1, 0
187, -1, 0
123, -3, 1
125, -1, 0
125, -1, 0
125, -1, 0
126, -1, 1
127, -1, 0
122, -1, 0
125, -1, 0
125, -1, 0
125, -1, 1
125, -1, 0
125, -1, 0
248, -1, 0
127, -1, 0
125, -1, 1
125, -1, 0
125, -1, 0
125, -1, 0
125, -1, 0
125, -1, 1
125, -1, 0
125, -1, 0
125, -1, 0
125, -1, 0
128, -1, 0
123, -1, 1
124, -1, 0
125, -1, 0
125, -1, 0
125, -1, 0
125, -1, 1
125, -1, 0
125, -1, 0
125, -1, 0
125, -1, 0
125, -1, 0
247, -2, 1
128, -1, 0
125, -1, 0
248, -2, 1
250, -2, 0
250, -2, 0
249, -1, 0
128, -1, 1
125, -1, 0
125, -1, 0
125, -1, 0
124, -1, 0
126, -1, 1
125, -1, 0
125, -1, 0
124, -1, 0
126, -1, 0
125, -1, 0
124, -1, 1
126, -1, 0
124, -1, 0
126, -1, 0
124, -1, 0
127, -1, 0
124, -1, 1
125, -1, 0
125, -1, 0
125, -1, 0
125, -1, 0
125, -1, 0
125, -1, 1
125, -1, 0
125, -1, 0
125, -1, 0
124, -1, 0
126, -1, 1
124, -1, 0
126, -1, 0
125, -1, 0
126, -1, 0
124, -1, 0
125, -1, 1
125, -1, 0
125, -1, 0
125, -1, 0
124, -1, 0
125, -1, 0
125, -1, 1
126, -1, 0
124, -1, 0
126, -1, 0
124, -1, 0
126, -1, 0
125, -1, 1
125, -1, 0
125, -1, 0
125, -1, 0
125, -1, 0
124, -1, 0
126, -1, 1
124, -1, 0
126, -1, 0
125, -1, 0
127, -1, 0
123, -1, 0
125, -1, 1
126, -1, 0
157, -1, 0
96, -1, 0
146, -1, 0
105, -1, 0
127, -1, 1
123, -1, 0
124, -1, 0
123, -1, 0
125, -1, 0
125, -1, 0
127, -1, 0
126, -1, 1
122, -1, 0
125, -1, 0
139, -1, 0
114, -1, 0
126, -1, 1
125, -1, 0
125, -1, 0
123, -1, 0
739, -2, 0
276, -1, 0
109, -6, 1
125, -1, 1
125, -1, 0
125, -1, 0
125, -1, 0
243, -2, 0
250, -2, 1
251, -2, 0
250, -2, 0
251, -2, 1
131, -1, 0
244, -2, 0
251, -2, 0
249, -2, 1
284, -2, 0
216, -2, 0
251, -1, 0
126, -1, 0
125, -1, 1
126, -1, 0
125, -1, 0
124, -1, 0
125, -1, 0
125, -1, 0
138, -1, 1
133, -1, 0
105, -1, 0
125, -1, 0
125, -1, 0
125, -1, 0
124, -1, 0
125, -1, 1
124, -1, 0
126, -1, 0
125, -1, 0
124, -1, 0
126, -1, 0
127, -1, 0
123, -1, 0
126, -1, 1
124, -1, 0
124, -1, 0
125, -1, 0
126, -1, 0
125, -1, 0
125, -1, 0
124, -1, 0
125, -1, 1
126, -1, 0
124, -1, 0
126, -1, 0
125, -1, 0
125, -1, 0
125, -1, 0
124, -1, 1
248, -2, 0
250, -2, 0
250, -2, 0
251, -1, 0
127, -1, 1
126, -1, 0
124, -1, 0
145, -1, 0
105, -1, 0
125, -1, 0
125, -1, 0
124, -1, 1
124, -1, 0
124, -1, 0
128, -1, 0
122, -1, 0
125, -1, 0
126, -1, 0
125, -1, 0
132, -1, 0
119, -1, 1
124, -1, 0
247, -2, 0
250, -1, 0
127, -1, 0
126, -1, 0
125, -1, 1
126, -1, 0
125, -1, 0
125, -1, 0
124, -1, 0
124, -1, 0
125, -1, 0
125, -1, 0
125, -1, 1
125, -1, 0
247, -2, 0
250, -1, 0
128, -1, 0
125, -1, 0
127, -1, 0
123, -1, 0
125, -1, 0
126, -1, 1
124, -1, 0
126, -1, 0
124, -1, 0
247, -2, 0
250, -1, 0
128, -1, 0
232, -1, 1
21, -1, 0
127, -1, 0
121, -1, 0
125, -1, 0
125, -1, 0
246, -1, 0
128, -1, 0
125, -1, 0
125, -1, 0
125, -1, 0
125, -1, 1
125, -1, 0
125, -1, 0
125, -1, 0
247, -1, 0
128, -1, 0
125, -1, 0
196, -1, 0
59, -1, 0
127, -1, 1
260, -1, 0
111, -1, 0
126, -1, 0
146, -1, 0
104, -1, 0
130, -1, 0
121, -1, 0
124, -1, 0
245, -1, 0
137, -1, 0
139, -1, 0
103, -1, 1
126, -1, 0
125, -1, 0
125, -1, 0
243, -1, 0
132, -1, 0
125, -1, 0
153, -1, 0
218, -1, 0
129, -1, 0
126, -1, 0
126, -1, 1
155, -1, 0
215, -1, 0
129, -1, 0
124, -1, 0
126, -1, 0
246, -1, 0
169, -1, 0
90, -1, 0
120, -1, 0
127, -1, 0
244, -1, 0
132, -1, 1
123, -1, 0
123, -1, 0
244, -1, 0
131, -1, 0
125, -1, 0
245, -1, 0
127, -1, 0
125, -1, 0
125, -1, 0
248, -1, 0
127, -1, 0
125, -1, 0
126, -1, 0
124, -1, 0
247, -1, 0
128, -1, 1
125, -1, 0
247, -1, 0
128, -1, 0
247, -1, 0
128, -1, 0
125, -1, 0
125, -1, 0
248, -1, 0
128, -1, 0
124, -1, 0
247, -1, 0
128, -1, 0
125, -1, 0
247, -1, 0
128, -1, 0
125, -1, 0
247, -1, 0
128, -1, 0
248, -1, 0
127, -1, 0
125, -1, 0
125, 0, 1
125, -1, 0
125, -1, 0
247, -1, 0
130, -1, 0
123, -1, 0
248, -1, 0
249, -1, 0
127, -1, 0
125, -1, 0
247, -1, 0
128, -1, 0
247, -1, 0
128, -1, 0
431, -1, 0
200, -1, 0
121, -2, 0
246, -1, 0
128, -1, 0
246, -1, 0
128, -1, 0
247, -1, 0
128, -1, 0
247, -1, 0
129, -1, 0
246, -1, 0
250, -1, 0
128, -1, 0
247, -1, 0
250, -1, 0
128, -1, 0
250, -1, 0
135, -1, 0
238, -1, 0
290, -1, 0
106, -1, 0
233, -1, 0
252, -1, 0
247, -1, 0
129, -1, 0
247, -1, 0
247, -1, 0
249, -1, 0
131, -1, 0
244, -1, 0
250, -1, 0
250, -1, 0
250, -1, 0
250, -1, 0
132, -1, 0
243, -1, 0
251, -1, 0
249, -1, 0
251, -1, 0
250, -1, 0
249, -1, 0
250, -1, 0
251, -1, 0
249, -1, 0
250, -1, 0
250, -1, 0
250, -1, 0
251, -1, 0
403, -1, 0
221, -1, 0
250, -1, 0
250, -1, 0
250, -1, 0
416, -1, 0
209, -1, -1
250, -1, 0
250, -1, 0
379, -1, 0
247, -1, 0
414, -1, 0
210, -1, 0
250, -1, 0
377, -1, -1
376, -1, 0
427, -1, 0
195, -1, 0
375, -1, 0
444, -1, 0
307, -1, -1
375, -1, 0
250, -1, 0
410, -1, 0
400, -1, 0
315, 0, -1
127, -1, 0
405, -1, 0
408, -1, 0
360, -1, 0
325, -1, 0
292, 0, -1
207, -1, 0
416, -1, 0
334, -1, 0
500, -1, 0
539, -1, 0
92, 0, -1
369, -1, 0
511, -1, 0
497, -1, 0
425, 0, -1
74, -1, 0
619, -1, 0
540, -1, 0
459, -1, 0
131, 0, -1
538, -1, 0
638, -1, 0
758, -1, 0
63, 0, -1
529, -1, 0
717, -1, 0
626, 0, -1
127, -1, 0
901, -1, 0
876, -1, -1
754, -1, 0
1375, -1, 0
216, 0, -1
750, -1, 0
1282, -1, 0
218, 0, -1
1408, -1, 0
1125, 0, -1
843, -1, 0
1536, 0, -1
2498, 0, -1
2344, 0, -1
2049, 1, 0
197, 0, -1
1304, 1, 0
1231, 1, 0
92, 0, -1
1124, 1, 0
1032, 1, 0
717, 0, -1
250, 1, 0
1039, 1, 0
1028, 1, 0
708, 1, 0
225, 0, -1
657, 1, 0
626, 1, 0
717, 1, 0
657, 1, 0
751, 1, 0
503, 1, 0
622, 1, 0
593, 1, 0
656, 1, 0
468, 1, 0
407, 1, -1
593, 1, 0
502, 1, 0
404, 1, 0
500, 1, 0
531, 1, 0
313, 1, 0
407, 1, 0
344, 1, 0
407, 1, 0
390, 1, 0
452, 1, 0
407, 1, 0
217, 1, 0
376, 1, 0
375, 1, 0
407, 1, 0
343, 1, 0
250, 1, 0
380, 1, 0
370, 1, 0
250, 1, 0
404, 1, 0
220, 1, 0
407, 1, 0
219, 1, 0
407, 1, 0
218, 1, 0
250, 1, 0
375, 1, 0
250, 1, 0
250, 1, 0
249, 1, 0
250, 1, 0
401, 1, 0
225, 1, 0
128, 0, 1
128, 1, 0
244, 1, 0
249, 1, 0
409, 1, 0
216, 1, 0
250, 1, 0
250, 1, 0
250, 1, 0
250, 1, 0
250, 1, 0
250, 1, 0
250, 1, 0
250, 1, 0
252, 1, 0
249, 1, 0
250, 1, 0
249, 1, 0
250, 1, 0
128, 1, 0
247, 1, 0
250, 1, 0
250, 1, 0
250, 1, 0
250, 1, 0
128, 1, 0
247, 1, 0
250, 1, 0
252, 1, 0
135, 0, 1
117, 1, 0
246, 1, 0
128, 1, 0
247, 1, 0
128, 1, 0
247, 1, 0
250, 1, 0
250, 1, 0
128, 1, 0
247, 1, 0
251, 1, 0
127, 1, 0
247, 1, 0
250, 1, 0
250, 1, 0
128, 1, 0
125, 1, 0
247, 1, 0
250, 1, 0
250, 1, 0
128, 1, 0
247, 1, 0
128, 1, 0
247, 1, 0
128, 1, 0
247, 1, 0
250, 1, 0
128, 1, 0
247, 1, 0
128, 1, 0
247, 1, 0
128, 1, 0
247, 1, 0
128, 1, 0
247, 1, 0
250, 1, 0
128, 1, 0
125, 1, 0
247, 1, 0
128, 1, 0
247, 1, 0
128, 1, 0
247, 1, 1
128, 1, 0
247, 1, 0
128, 1, 0
125, 1, 0
247, 1, 0
250, 1, 0
128, 1, 0
126, 1, 0
246, 1, 0
128, 1, 0
247, 1, 0
128, 1, 0
247, 1, 0
128, 1, 0
125, 1, 0
247, 1, 0
128, 1, 0
125, 1, 0
247, 1, 0
128, 1, 0
125, 1, 0
247, 1, 0
128, 1, 0
247, 1, 0
128, 1, 0
125, 1, 0
247, 1, 0
128, 1, 0
125, 1, 0
247, 1, 0
128, 1, 0
247, 1, 0
128, 1, 0
125, 1, 0
247, 1, 0
127, 1, 0
125, 1, 0
247, 1, 0
128, 1, 0
125, 1, 0
248, 1, 0
127, 1, 0
248, 1, 0
127, 1, 0
125, 1, 0
266, 1, 0
113, 1, 0
122, 1, 0
125, 1, 0
247, 1, 0
128, 1, 0
125, 1, 0
246, 1, 0
128, 1, 0
125, 1, 0
126, 1, 0
247, 1, 0
128, 1, 0
124, 1, 0
248, 1, 0
127, 1, 0
126, 1, 0
246, 1, 0
128, 1, 0
126, 1, 0
124, 1, 0
248, 1, 0
131, 1, 0
122, 1, 0
247, 1, 0
127, 1, 0
125, 1, 0
125, 1, 0
247, 1, 0
128, 1, 0
125, 1, 0
247, 1, 0
128, 1, 0
126, 1, 0
124, 1, 0
130, 1, 0
245, 1, 0
126, 1, 0
125, 1, 0
247, 1, 0
128, 1, 0
126, 1, 0
124, 1, 0
248, 1, 0
131, 1, 0
122, 1, 0
125, 1, 0
247, 1, 0
128, 1, 0
124, 1, 0
126, 1, 0
124, 1, 0
248, 1, 0
127, 1, 0
126, 1, 0
125, 1, 0
247, 1, 0
127, 1, 0
125, 1, 0
248, 2, 0
250, 1, 0
128, 1, -1
125, 1, 0
247, 1, 0
128, 1, 0
125, 1, 0
125, 1, 0
247, 1, 0
127, 1, 0
125, 1, 0
125, 1, 0
126, 1, 0
124, 1, 0
247, 1, 0
128, 1, 0
126, 1, 0
247, 2, 0
250, 1, 0
127, 1, 0
125, 1, 0
125, 1, 0
248, 1, 0
127, 1, 0
125, 1, 0
126, 1, 0
127, 1, 0
245, 1, 0
128, 1, 0
124, 1, 0
125, 1, 0
248, 1, 0
127, 1, 0
125, 1, 0
125, 1, -1
125, 1, 0
125, 1, 0
125, 1, 0
248, 1, 0
127, 1, 0
125, 1, 0
125, 1, 0
247, 1, 0
128, 1, 0
125, 1, 0
125, 1, 0
311, 1, 0
202, 2, 0
112, 1, 0
124, 1, 0
125, 1, 0
125, 1, 0
247, 1, 0
128, 1, 0
125, 1, 0
125, 1, 0
125, 1, 0
247, 1, 0
128, 1, 0
125, 1, 0
125, 1, 0
125, 1, -1
125, 1, 0
247, 1, 0
128, 1, 0
125, 1, 0
125, 1, 0
125, 1, 0
247, 1, 0
128, 1, 0
125, 1, 0
125, 1, 0
125, 1, 0
125, 1, 0
247, 1, 0
129, 1, 0
124, 1, 0
125, 1, 0
125, 1, 0
128, 1, 0
244, 1, 0
128, 1, -1
125, 1, 0
125, 1, 0
125, 1, 0
247, 1, 0
128, 1, 0
125, 1, 0
125, 1, 0
247, 1, 0
128, 1, 0
125, 1, 0
128, 1, 0
122, 1, 0
125, 1, 0
125, 1, 0
247, 1, 0
128, 1, 0
125, 1, -1
125, 1, 0
125, 1, 0
125, 1, 0
247, 1, 0
128, 1, 0
125, 1, 0
125, 1, 0
247, 1, 0
128, 1, 0
125, 1, 0
126, 1, 0
124, 1, 0
247, 1, 0
128, 1, 0
125, 1, -1
125, 1, 0
125, 1, 0
247, 1, 0
128, 1, 0
125, 1, 0
125, 1, 0
125, 1, 0
125, 1, 0
247, 1, 0
128, 1, 0
125, 1, 0
125, 1, 0
125, 0, -1
125, 1, 0
125, 1, 0
125, 1, 0
125, 1, 0
125, 1, 0
247, 1, 0
128, 1, 0
125, 1, 0
125, 1, 0
125, 1, 0
247, 1, 0
130, 1, 0
123, 1, 0
125, 1, 0
125, 0, -1
126, 2, 0
246, 1, 0
133, 1, 0
246, 1, 0
126, 1, 0
124, 1, 0
128, 1, 0
125, 1, 0
247, 1, 0
127, 1, -1
125, 1, 0
125, 1, 0
248, 1, 0
127, 1, 0
125, 1, 0
125, 1, 0
234, 1, 0
268, 1, 0
123, 2, 0
126, 0, -1
124, 1, 0
125, 1, 0
125, 1, 0
125, 1, 0
247, 1, 0
128, 1, 0
125, 1, 0
125, 1, 0
125, 1, 0
247, 1, 0
128, 1, -1
247, 1, 0
128, 1, 0
125, 1, 0
247, 1, 0
128, 1, 0
125, 1, 0
125, 1, 0
248, 1, 0
127, 1, 0
125, 1, 0
125, 0, -1
125, 1, 0
125, 1, 0
125, 1, 0
248, 1, 0
127, 1, 0
125, 1, 0
247, 1, 0
128, 1, 0
247, 1, 0
128, 1, 0
125, 1, 0
248, 1, -1
127, 1, 0
125, 1, 0
247, 1, 0
128, 1, 0
248, 1, 0
127, 1, 0
125, 1, 0
247, 1, 0
128, 1, 0
125, 1, -1
247, 1, 0
128, 1, 0
247, 1, 0
128, 1, 0
247, 1, 0
128, 1, 0
247, 1, 0
128, 1, 0
125, 1, 0
125, 0, -1
125, 1, 0
125, 1, 0
247, 1, 0
128, 1, 0
250, 1, 0
125, 1, 0
247, 1, 0
128, 1, 0
247, 1, 0
251, 1, 0
127, 1, 0
125, 1, 0
125, 0, -1
125, 1, 0
247, 1, 0
128, 1, 0
247, 1, 0
250, 1, 0
128, 1, 0
248, 1, 0
128, 1, 0
247, 1, 0
126, 0, -1
127, 1, 0
123, 1, 0
247, 1, 0
251, 1, 0
127, 1, 0
247, 1, 0
251, 1, 0
127, 1, 0
248, 1, 0
249, 1, 0
250, 1, 0
128, 1, -1
248, 1, 0
249, 1, 0
455, 1, 0
175, 1, 0
123, 1, 0
124, 1, 0
248, 1, 0
250, 1, 0
250, 1, 0
378, 1, 0
133, 1, 0
365, 1, -1
249, 1, 0
251, 1, 0
250, 1, 0
250, 1, 0
250, 1, 0
251, 1, 0
250, 1, 0
375, 1, 0
249, 1, 0
250, 1, 0
375, 1, 0
250, 1, 0
375, 1, 0
250, 1, 0
375, 1, -1
375, 1, 0
376, 1, 0
249, 1, 0
500, 1, 0
251, 1, 0
375, 1, 0
501, 1, 0
249, 1, 0
547, 1, 0
451, 1, 0
499, 1, 0
565, 1, 0
601, 1, 0
502, 1, 0
621, 1, 0
711, 1, 0
750, 1, 0
875, 1, 0
1314, 1, 0
1482, 1, 0
19859, -1, 0
1157, 0, -1
205, -1, 0
1378, -1, 0
1128, -1, 0
907, -1, 0
732, -1, 0
1022, -1, 0
591, -1, 0
657, -1, 0
874, -1, 0
470, -1, 0
747, -1, 0
603, -1, 0
546, -1, 0
626, -1, 0
463, -1, 0
668, -1, 0
493, -1, 0
497, -1, 0
518, -1, 0
607, -1, 0
332, -1, 0
506, -1, 0
537, -1, 0
457, -1, 0
416, -1, 0
459, -1, 0
544, -1, 0
331, -1, 0
375, -1, 0
419, -1, 0
206, 0, 1
129, -1, 0
543, -1, 0
328, -1, 0
375, -1, 0
416, -1, 0
209, -1, 0
374, -1, 0
379, -1, 0
129, 0, 1
243, -1, 0
375, -1, 0
250, -1, 0
421, -1, 0
205, -1, 0
416, -1, 0
207, -1, 1
532, -1, 0
218, -1, 0
251, -1, 0
250, -1, 0
250, -1, 0
249, -1, 0
128, 0, 1
247, -1, 0
250, -1, 0
251, -1, 0
249, -1, 0
250, -1, 0
128, 0, 1
247, -1, 0
250, -1, 0
435, -1, 0
193, -1, 0
125, -1, 0
372, -1, 1
128, -1, 0
247, -1, 0
250, -1, 0
375, -1, 0
128, -1, 0
247, -1, 1
250, -1, 0
250, -1, 0
250, -1, 0
250, -1, 0
250, -1, 1
250, -1, 0
128, -1, 0
247, -1, 0
250, -1, 0
250, -1, 0
250, -1, 1
250, -1, 0
128, -1, 0
247, -1, 0
250, -1, 1
250, -1, 0
128, -1, 0
247, -1, 0
250, -1, 0
250, -1, 0
132, -1, 1
243, -1, 0
127, -1, 0
248, -1, 0
249, -1, 0
128, -1, 0
126, 0, 1
124, -1, 0
125, -1, 0
248, -1, 0
128, -1, 0
247, -1, 1
249, -1, 0
128, -1, 0
247, -1, 0
129, -1, 0
247, -1, 1
127, -1, 0
249, -1, 0
128, -1, 0
248, -1, 0
248, -1, 1
128, -1, 0
125, -1, 0
247, -1, 0
128, -1, 0
247, -1, 1
128, -1, 0
247, -1, 0
128, -1, 0
247, -1, 0
127, -1, 0
126, -1, 1
247, -1, 0
127, -1, 0
125, -1, 0
247, -1, 0
129, -1, 0
124, 0, 1
125, -1, 0
125, -1, 0
125, -1, 0
247, -1, 0
128, -1, 1
125, -1, 0
247, -1, 0
128, -1, 0
247, -1, 0
128, -1, 0
125, -1, 0
125, 0, 1
125, -1, 0
125, -1, 0
125, -1, 0
247, -1, 0
128, -1, 0
125, -1, 1
220, -1, 0
164, -1, 0
117, -1, 0
124, -1, 0
248, -1, 1
127, -1, 0
125, -1, 0
125, -1, 0
247, -1, 0
128, -1, 0
125, -1, 1
125, -1, 0
125, -1, 0
248, -1, 0
126, -1, 0
125, -1, 0
127, -1, 0
124, 0, 1
124, -1, 0
125, -1, 0
132, -1, 0
122, -1, 0
123, -1, 0
248, -1, 1
130, -1, 0
123, -1, 0
125, -1, 0
125, -1, 0
245, -1, 0
128, -1, 1
125, -1, 0
125, -1, 0
247, -1, 0
128, -1, 0
125, -1, 0
125, -1, 1
125, -1, 0
125, -1, 0
125, -1, 0
247, -1, 0
128, -1, 0
125, -1, 1
125, -1, 0
247, -2, 0
251, -1, 0
128, -1, 1
125, -1, 0
125, -1, 0
125, -1, 0
125, -1, 0
247, -2, 0
252, -1, 1
125, -1, 0
125, -1, 0
125, -1, 0
125, -1, 0
247, -1, 1
128, -1, 0
125, -1, 0
125, -1, 0
125, -1, 0
125, -1, 0
125, -1, 0
125, -1, 1
125, -1, 0
125, -1, 0
247, -1, 0
130, -1, 0
123, -1, 0
125, -1, 1
125, -1, 0
125, -1, 0
125, -1, 0
125, -1, 0
247, -1, 0
128, -1, 0
125, -1, 1
125, -1, 0
125, -1, 0
125, -1, 0
125, -1, 0
125, -1, 0
125, -1, 0
125, -1, 1
247, -1, 0
128, -1, 0
126, -1, 0
125, -1, 0
124, -1, 0
125, -1, 0
125, -1, 0
126, -1, 1
124, -1, 0
128, -1, 0
250, -2, 0
249, -1, 1
126, -1, 0
123, -1, 0
126, -1, 0
125, -1, 0
124, -1, 0
125, -1, 0
125, -1, 0
247, -1, 1
128, -1, 0
126, -1, 0
124, -1, 0
125, -1, 0
125, -1, 0
125, -1, 0
126, -1, 1
125, -1, 0
124, -1, 0
402, -2, 0
224, -2, 0
124, -1, 1
126, -1, 0
125, -1, 0
124, -1, 0
125, -1, 0
125, -1, 0
129, -1, 0
122, -1, 1
125, -1, 0
125, -1, 0
124, -1, 0
123, -1, 0
247, -2, 0
128, 0, 1
125, -1, 0
125, -1, 0
125, -1, 0
125, -1, 0
125, -1, 0
125, -1, 0
125, -1, 0
125, -1, 0
125, -1, 0
125, -1, 1
248, -1, 0
130, -1, 0
122, -1, 0
125, -1, 0
125, -1, 0
125, -1, 0
125, -1, 1
125, -1, 0
125, -1, 0
125, -1, 0
247, -2, 0
250, -1, 0
128, -1, 0
125, -1, 1
125, -1, 0
125, -1, 0
125, -1, 0
125, -1, 0
125, -1, 0
125, -1, 0
125, -1, 0
125, 0, 1
125, -1, 0
125, -1, 0
125, -1, 0
125, -1, 0
125, -1, 0
125, -1, 0
125, -1, 0
142, -1, 0
111, -1, 1
145, -1, 0
105, -1, 0
125, -1, 0
246, -1, 0
129, -1, 0
126, -1, 0
124, -1, 0
125, -1, 0
126, -1, 1
125, -1, 0
125, -1, 0
125, -1, 0
125, -1, 0
243, -1, 0
131, -1, 0
125, -1, 0
125, -1, 1
125, -1, 0
125, -1, 0
125, -1, 0
125, -1, 0
244, -2, 0
251, -1, 0
130, -1, 0
125, -1, 0
125, -1, 1
125, -1, 0
125, -1, 0
246, -2, 0
248, -1, 0
131, -1, 0
125, -1, 0
125, -1, 0
126, -1, 0
124, -1, 1
244, -2, 0
250, -1, 0
131, -1, 0
128, -1, 0
123, -1, 0
125, -1, 0
148, -1, 0
223, -1, 1
127, -1, 0
126, -1, 0
124, -1, 0
125, -1, 0
125, -1, 0
126, -1, 0
246, -2, 0
250, -1, 0
128, -1, 0
125, -1, 0
125, -1, 0
125, 0, 1
125, -1, 0
125, -1, 0
125, -1, 0
125, -1, 0
307, -1, 0
194, -1, 0
125, -2, 0
124, -1, 0
125, -1, 0
125, -1, 0
125, -1, 0
125, -1, 0
125, 0, 1
125, -1, 0
125, -1, 0
125, -1, 0
125, -1, 0
125, -1, 0
247, -1, 0
128, -1, 0
125, -1, 0
125, -1, 0
125, -1, 0
125, -1, 0
247, -1, 0
129, -1, 1
124, -1, 0
125, -1, 0
247, -1, 0
128, -1, 0
125, -1, 0
125, -1, 0
247, -1, 0
128, -1, 0
125, -1, 0
125, -1, 0
247, -1, 0
128, -1, 0
125, -1, 0
125, -1, 0
248, -1, 0
128, -1, 0
124, -1, 0
125, 0, 1
125, -1, 0
125, -1, 0
125, -1, 0
125, -1, 0
248, -1, 0
127, -1, 0
125, -1, 0
248, -1, 0
127, -1, 0
125, -1, 0
125, -1, 0
125, -1, 0
248, -1, 0
127, -1, 0
247, -1, 0
128, -1, 0
125, -1, 0
247, -1, 0
128, -1, 0
125, -1, 0
247, -1, 0
128, -1, 0
125, -1, 0
247, -1, 0
128, -1, 0
125, -1, 0
247, -1, 0
128, -1, 0
247, -1, 0
128, -1, 0
248, -1, 0
127, -1, 0
125, -1, 1
248, -1, 0
127, -1, 0
271, -1, 0
107, -1, 0
246, -1, 0
129, -1, 0
125, -1, 0
244, -1, 0
132, -1, 0
244, -1, 0
130, -1, 0
243, -1, 0
132, -1, 0
247, -1, 0
128, -1, 0
244, -1, 0
250, -1, 0
131, -1, 0
125, -1, 0
244, -1, 0
250, -1, 0
131, -1, 0
245, -1, 0
249, -1, 0
131, -1, 0
244, -1, 0
131, -1, 0
244, -1, 0
460, -1, 0
172, -1, 0
124, -1, 0
125, -1, 0
243, -1, 0
251, -1, 0
130, -1, 0
246, -1, 0
249, -1, 0
128, -1, 0
248, -1, 0
249, -1, 0
129, 0, -1
124, -1, 0
247, -1, 0
250, -1, 0
128, -1, 0
247, -1, 0
250, -1, 0
250, -1, 0
252, -1, 0
251, -1, 0
251, -1, 0
246, -1, -1
249, -1, 0
251, -1, 0
128, -1, 0
372, -1, 0
250, -1, 0
250, -1, 0
250, -1, 0
251, -1, 0
127, 0, -1
125, -1, 0
247, -1, 0
250, -1, 0
375, -1, 0
250, -1, 0
404, -1, 0
221, -1, -1
254, -1, 0
402, -1, 0
219, -1, 0
250, -1, 0
378, -1, -1
410, -1, 0
213, -1, 0
374, -1, 0
250, -1, 0
434, -1, -1
375, -1, 0
368, -1, 0
198, -1, 0
411, -1, 0
214, 0, -1
128, -1, 0
403, -1, 0
344, -1, 0
250, 0, -1
128, -1, 0
372, -1, 0
408, -1, 0
499, -1, 0
100, 0, -1
262, -1, 0
358, -1, 0
407, -1, 0
502, -1, -1
405, -1, 0
470, -1, 0
400, -1, -1
473, -1, 0
616, -1, -1
386, -1, 0
498, -1, 0
626, -1, -1
498, -1, 0
502, -1, 0
215, 0, -1
250, -1, 0
661, -1, 0
375, 0, -1
214, -1, 0
537, -1, 0
499, 0, -1
213, -1, 0
536, -1, 0
340, 0, -1
250, -1, 0
786, -1, 0
99, 0, -1
776, -1, 0
339, -1, 0
250, 0, -1
781, -1, 0
467, 0, -1
384, -1, 0
677, -1, 0
69, 0, -1
907, -1, 0
405, 0, -1
570, -1, 0
782, 0, -1
209, -1, 0
783, 0, -1
716, -1, 0
407, 0, -1
1007, 0, -1
211, -1, 0
800, 0, -1
861, 0, -1
1007, 0, -1
869, 0, -1
838, 0, -1
1000, 0, -1
533, 1, 0
217, 0, -1
785, 0, -1
340, 1, 0
677, 0, -1
198, 1, 0
625, 0, -1
385, 1, 0
490, 0, -1
250, 1, 0
625, 0, -1
250, 1, 0
625, 1, 0
127, 0, -1
498, 1, 0
501, 0, -1
250, 1, 0
624, 1, 0
127, 0, -1
406, 1, 0
622, 1, 0
220, 0, -1
249, 1, 0
531, 1, 0
345, 0, -1
128, 1, 0
404, 1, 0
468, 1, -1
531, 1, 0
344, 1, 0
249, 0, -1
251, 1, 0
406, 1, 0
344, 1, 0
379, 1, -1
374, 1, 0
374, 1, 0
249, 1, 0
374, 1, -1
379, 1, 0
371, 1, 0
249, 1, 0
250, 1, 0
127, 0, -1
247, 1, 0
250, 1, 0
376, 1, 0
250, 1, 0
375, 1, -1
249, 1, 0
251, 1, 0
249, 1, 0
250, 1, 0
250, 1, 0
250, 1, 0
128, 0, -1
125, 1, 0
248, 1, 0
251, 1, 0
250, 1, 0
249, 1, 0
250, 1, 0
259, 1, -1
243, 1, 0
128, 1, 0
248, 1, 0
248, 1, 0
250, 1, 0
250, 1, 0
253, 1, 0
126, 1, 0
249, 1, 0
321, 0, -1
181, 1, 0
122, 2, 0
127, 1, 0
256, 1, 0
119, 1, 0
251, 1, 0
248, 1, 0
143, 1, 0
233, 1, 0
125, 1, 0
125, 0, -1
127, 1, 0
250, 1, 0
126, 1, 0
245, 1, 0
125, 1, 0
129, 1, 0
250, 1, 0
124, 1, 0
254, 1, 0
121, 1, 0
253, 1, 0
122, 1, 0
248, 1, 0
128, 1, 0
123, 1, 0
257, 1, 0
127, 1, 0
120, 1, -1
246, 1, 0
125, 1, 0
251, 1, 0
123, 1, 0
126, 1, 0
254, 1, 0
122, 1, 0
125, 1, 0
247, 1, 0
127, 1, 0
126, 1, 0
124, 1, 0
246, 1, 0
134, 1, 0
122, 1, 0
248, 2, 0
250, 1, 0
125, 1, -1
249, 1, 0
127, 1, 0
122, 1, 0
126, 1, 0
125, 1, 0
249, 2, 0
250, 1, 0
126, 1, 0
127, 1, 0
123, 1, 0
246, 1, 0
133, 1, 0
122, 1, 0
124, 1, 0
125, 1, 0
126, 1, 0
127, 1, 0
249, 1, 0
126, 1, 0
125, 1, 0
125, 1, 0
124, 1, 0
124, 1, 0
247, 2, 0
257, 1, -1
122, 1, 0
122, 1, 0
132, 1, 0
129, 1, 0
115, 1, 0
125, 1, 0
124, 1, 0
255, 2, 0
246, 1, 0
130, 1, 0
124, 1, 0
123, 1, 0
125, 1, 0
126, 1, 0
123, 1, 0
125, 1, 0
127, 1, 0
125, 1, 0
247, 2, 0
248, 2, 0
250, 2, 0
252, 2, 0
249, 1, 0
130, 1, 0
123, 1, 0
136, 1, 0
331, 1, 0
163, 1, 0
129, 3, -1
119, 1, 0
123, 1, 0
124, 1, 0
125, 1, 0
125, 1, 0
125, 1, 0
124, 1, 0
125, 1, 0
125, 1, 0
126, 1, 0
126, 1, 0
133, 1, 0
115, 1, 0
125, 1, 0
124, 1, 0
125, 1, 0
125, 1, 0
124, 1, 0
127, 1, 0
124, 1, 0
125, 1, 0
124, 1, 0
125, 2, 0
246, 2, 0
253, 1, 0
128, 2, 0
245, 2, 0
250, 2, 0
127, 1, 0
125, 1, 0
125, 1, 0
128, 1, 0
121, 1, 0
126, 1, 0
125, 1, 0
124, 1, 0
125, 1, 0
125, 1, 0
126, 1, -1
124, 1, 0
126, 2, 0
247, 2, 0
128, 1, 0
124, 1, 0
125, 1, 0
125, 1, 0
125, 1, 0
126, 1, 0
124, 1, 0
125, 1, 0
126, 1, 0
124, 1, 0
125, 2, 0
125, 1, 0
125, 1, 0
127, 1, 0
124, 1, 0
124, 1, 0
126, 1, 0
124, 1, 0
125, 1, 0
125, 1, 0
125, 1, 0
125, 2, 0
248, 2, 0
128, 1, 0
125, 1, 0
124, 1, 0
125, 1, 0
128, 1, 0
124, 1, 0
124, 1, 0
125, 1, -1
124, 1, 0
125, 1, 0
125, 2, 0
125, 1, 0
125, 1, 0
125, 1, 0
125, 1, 0
125, 1, 0
125, 1, 0
125, 1, 0
125, 1, 0
125, 2, 0
125, 1, 0
125, 1, 0
126, 1, 0
124, 1, 0
125, 1, 0
125, 1, 0
125, 1, 0
125, 1, 0
126, 2, 0
125, 1, 0
124, 1, 0
125, 1, 0
126, 1, 0
126, 1, 0
133, 2, 0
239, 2, -1
126, 1, 0
126, 1, 0
125, 1, 0
125, 1, 0
126, 1, 0
123, 1, 0
126, 2, 0
248, 2, 0
126, 1, 0
125, 1, 0
136, 1, 0
114, 1, 0
125, 1, 0
125, 1, 0
126, 2, 0
124, 1, 0
125, 1, 0
126, 1, 0
124, 1, 0
126, 1, 0
238, 2, 0
264, 2, -1
123, 2, 0
125, 1, 0
125, 1, 0
124, 1, 0
126, 1, 0
124, 2, 0
248, 2, 0
128, 1, 0
124, 1, 0
125, 1, 0
125, 1, 0
125, 1, 0
125, 1, 0
125, 2, 0
125, 1, 0
125, 1, 0
125, 1, 0
126, 1, 0
125, 1, 0
125, 2, 0
247, 1, 0
127, 2, 0
125, 1, 0
127, 1, -1
128, 1, 0
121, 1, 0
125, 1, 0
124, 2, 0
126, 1, 0
125, 1, 0
126, 1, 0
123, 1, 0
125, 1, 0
125, 1, 0
126, 1, 0
125, 1, 0
125, 2, 0
124, 1, 0
133, 1, 0
120, 1, 0
127, 1, 0
123, 1, 0
125, 2, 0
247, 1, -1
127, 2, 0
127, 1, 0
124, 1, 0
125, 1, 0
122, 1, 0
129, 1, 0
121, 1, 0
125, 1, 0
125, 2, 0
125, 1, 0
125, 1, 0
125, 1, 0
125, 1, 0
125, 1, 0
125, 1, 0
125, 1, 0
125, 1, 0
125, 2, 0
125, 1, 0
125, 1, -1
125, 1, 0
126, 1, 0
125, 1, 0
124, 1, 0
125, 2, 0
126, 1, 0
124, 1, 0
125, 1, 0
125, 1, 0
125, 1, 0
126, 2, 0
249, 2, 0
126, 1, 0
126, 1, 0
125, 1, 0
124, 1, 0
125, 1, 0
125, 1, 0
125, 2, -1
247, 2, 0
127, 1, 0
125, 1, 0
125, 1, 0
125, 1, 0
125, 1, 0
126, 1, 0
124, 2, 0
248, 2, 0
127, 1, 0
125, 1, 0
125, 1, 0
125, 1, 0
125, 1, 0
125, 2, 0
125, 1, -1
249, 2, 0
126, 1, 0
125, 1, 0
125, 1, 0
125, 1, 0
125, 1, 0
125, 2, 0
247, 2, 0
128, 1, 0
125, 1, 0
125, 1, 0
125, 1, -1
125, 1, 0
125, 1, 0
125, 1, 0
125, 1, 0
125, 2, 0
125, 1, 0
125, 1, 0
125, 1, 0
125, 1, 0
125, 1, 0
282, 1, 0
218, 1, 0
148, 3, 0
112, 2, -1
118, 1, 0
125, 1, 0
126, 1, 0
124, 1, 0
124, 1, 0
125, 1, 0
125, 1, 0
125, 1, 0
125, 2, 0
245, 2, 0
132, 1, 0
123, 1, 0
126, 1, 0
124, 1, 0
125, 1, 0
125, 1, -1
125, 1, 0
126, 1, 0
125, 2, 0
252, 2, 0
128, 1, 0
126, 1, 0
124, 1, 0
125, 1, 0
140, 1, 0
107, 1, 0
126, 1, 0
124, 1, 0
125, 2, 0
244, 2, -1
250, 2, 0
131, 1, 0
125, 1, 0
124, 1, 0
125, 1, 0
125, 1, 0
126, 1, 0
124, 1, 0
132, 1, 0
119, 1, 0
125, 1, 0
125, 1, 0
125, 1, 0
125, 2, 0
149, 0, -1
98, 2, 0
136, 1, 0
118, 1, 0
121, 1, 0
125, 1, 0
125, 1, 0
125, 1, 0
125, 1, 0
125, 1, 0
125, 1, 0
125, 1, 0
124, 1, 0
126, 1, 0
125, 1, 0
125, 1, 0
125, 1, -1
125, 1, 0
125, 1, 0
127, 1, 0
123, 1, 0
126, 1, 0
124, 1, 0
126, 1, 0
123, 1, 0
125, 1, 0
126, 1, 0
125, 2, 0
248, 1, 0
127, 2, -1
247, 1, 0
128, 1, 0
125, 2, 0
250, 1, 0
126, 1, 0
126, 2, 0
246, 1, 0
128, 1, 0
124, 1, 0
126, 1, 0
125, 1, 0
125, 1, -1
125, 1, 0
125, 1, 0
125, 1, 0
125, 1, 0
125, 1, 0
125, 1, 0
124, 1, 0
126, 1, 0
125, 1, 0
132, 1, 0
118, 1, 0
124, 1, 0
126, 1, 0
125, 1, 0
125, 1, 0
125, 1, 0
125, 1, -1
129, 1, 0
240, 1, 0
127, 1, 0
125, 1, 0
125, 1, 0
125, 1, 0
125, 1, 0
126, 1, 0
125, 1, 0
125, 1, 0
125, 1, 0
124, 1, -1
126, 1, 0
247, 2, 0
323, 1, 0
57, 1, 0
124, 1, 0
124, 1, 0
125, 1, 0
125, 1, 0
125, 1, 0
247, 1, 0
128, 1, 0
125, 1, -1
125, 1, 0
124, 1, 0
126, 1, 0
124, 1, 0
126, 1, 0
124, 1, 0
126, 1, 0
247, 1, 0
128, 1, 0
125, 1, 0
125, 1, 0
248, 2, 0
249, 1, 0
128, 1, 0
124, 1, -1
126, 1, 0
128, 1, 0
244, 1, 0
128, 1, 0
125, 1, 0
125, 1, 0
247, 1, 0
130, 1, 0
123, 1, 0
247, 2, 0
250, 1, 0
128, 1, 0
124, 1, 0
257, 1, 0
128, 1, 0
126, 1, 0
126, 1, -1
241, 1, 0
126, 1, 0
124, 1, 0
245, 1, 0
130, 1, 0
250, 1, 0
128, 1, 0
125, 1, 0
246, 1, 0
131, 1, 0
123, 1, 0
242, 1, 0
130, 1, 0
244, 1, 0
131, 1, -1
244, 1, 0
132, 1, 0
244, 1, 0
130, 1, 0
245, 1, 0
131, 1, 0
245, 1, 0
131, 1, 0
244, 1, 0
250, 1, 0
130, 1, 0
244, 1, 0
130, 1, 0
245, 1, 0
252, 1, 0
129, 1, 0
248, 1, 0
272, 1, 0
105, 1, -1
246, 1, 0
248, 1, 0
250, 1, 0
128, 1, 0
248, 1, 0
249, 1, 0
250, 1, 0
129, 1, 0
371, 1, 0
250, 1, 0
250, 1, 0
252, 1, 0
249, 1, 0
250, 1, 0
249, 1, 0
487, 1, 0
268, 1, 0
123, 1, 0
247, 1, 0
377, 1, 0
248, 1, 0
250, 1, 0
375, 1, 0
376, 1, 0
376, 1, 0
374, 1, 0
374, 1, 0
376, 1, 0
499, 1, 0
375, 1, 0
500, 1, 0
500, 1, 0
500, 1, 0
625, 1, 0
752, 1, 0
749, 1, 0
875, 1, 0
1630, 1, 0
13133, -1, 0
1364, 0, -1
128, -1, 0
869, -1, 0
882, -1, 0
745, -1, 0
499, 0, -1
249, -1, 0
500, -1, 0
752, -1, 0
502, -1, 0
372, -1, 0
500, -1, 0
250, 0, -1
127, -1, 0
498, -1, 0
500, -1, 0
375, -1, 0
384, -1, 0
366, -1, 0
374, -1, 0
375, -1, 0
376, -1, 0
376, -1, 0
373, -1, 0
250, -1, 0
385, -1, 0
246, -1, -1
374, -1, 0
247, -1, 0
250, -1, 0
376, -1, 0
250, -1, 0
406, -1, 0
218, -1, 0
275, -1, 0
224, -1, 0
251, -1, 0
249, -1, 0
409, -1, 0
217, -1, 0
130, -1, 0
245, -1, 0
249, -1, 0
250, -1, 0
250, -1, 0
250, -1, 0
250, -1, 0
251, -1, 0
249, -1, 0
131, -1, 0
245, -1, 0
249, -1, 0
250, -1, 0
132, -1, 0
243, -1, 0
131, -1, 0
244, -1, 0
250, -1, 0
131, 0, 1
125, -1, 0
125, -1, 0
244, -1, 0
131, -1, 0
245, -1, 0
127, -1, 0
247, -1, 0
250, -1, 0
128, -1, 0
247, -1, 0
128, -1, 0
247, -1, 1
128, -1, 0
248, -1, 0
127, -1, 0
125, -1, 0
247, -1, 0
127, -1, 0
249, -1, 0
127, -1, 0
124, -1, 0
247, -1, 0
251, -1, 1
128, -1, 0
125, -1, 0
247, -1, 0
128, -1, 0
125, -1, 0
125, -1, 0
247, -1, 0
221, -1, 0
32, -1, 0
248, -1, 1
127, -1, 0
125, -1, 0
125, -1, 0
247, -1, 0
128, -1, 0
125, -1, 0
125, -1, 0
246, -1, 0
129, -1, 1
125, -1, 0
247, -1, 0
127, -1, 0
125, -1, 0
126, -1, 0
125, -1, 0
125, -1, 0
125, -1, 0
125, 0, 1
125, -1, 0
125, -1, 0
125, -1, 0
124, -1, 0
248, -2, 0
250, -1, 1
128, -1, 0
124, -1, 0
126, -1, 0
125, -1, 0
125, -1, 0
125, -1, 0
247, -1, 0
128, -1, 1
127, -1, 0
123, -1, 0
124, -1, 0
126, -1, 0
125, -1, 0
126, -1, 0
125, -1, 0
125, -1, 0
125, 0, 1
125, -2, 0
247, -1, 0
127, -1, 0
126, -1, 0
125, -1, 0
125, -1, 1
128, -1, 0
120, -1, 0
126, -1, 0
125, -1, 0
126, -1, 0
128, -1, 0
123, -1, 0
123, -1, 1
250, -2, 0
138, -1, 0
114, -1, 0
123, -1, 0
124, -1, 0
126, -1, 1
125, -1, 0
125, -1, 0
130, -1, 0
121, -1, 0
255, -2, 0
119, -1, 1
125, -1, 0
125, -1, 0
124, -1, 0
127, -1, 0
124, -1, 0
126, -1, 0
124, -1, 1
141, -1, 0
110, -1, 0
124, -1, 0
125, -1, 0
125, -1, 1
125, -1, 0
125, -1, 0
126, -1, 0
124, -1, 0
125, -1, 0
125, -2, 0
126, 0, 1
124, -2, 0
125, -1, 0
247, -2, 0
129, -1, 0
124, -1, 1
125, -1, 0
125, -1, 0
125, -1, 0
125, -1, 0
126, -1, 0
125, -2, 0
124, 0, 1
125, -1, 0
125, -2, 0
125, -1, 0
126, -1, 0
124, -1, 0
125, -1, 0
126, -1, 1
124, -2, 0
247, -2, 0
127, -1, 0
126, -1, 0
125, -1, 1
125, -1, 0
125, -1, 0
125, -1, 0
125, -1, 0
126, -1, 1
124, -2, 0
125, -1, 0
125, -1, 0
280, -1, 0
222, -1, 1
124, -4, 0
247, -2, 0
127, -1, 0
125, -1, 1
125, -1, 0
125, -2, 0
247, -2, 0
128, -1, 0
125, -1, 1
125, -1, 0
125, -1, 0
125, -2, 0
247, -2, 0
129, -1, 1
124, -1, 0
125, -1, 0
125, -2, 0
124, -1, 0
126, -1, 1
125, -1, 0
125, -1, 0
125, -1, 0
125, -1, 0
125, -2, 0
125, -1, 1
125, -1, 0
125, -1, 0
125, -2, 0
125, -1, 0
125, -1, 0
125, -1, 1
125, -1, 0
125, -1, 0
125, -1, 0
125, -2, 0
125, -1, 1
125, -1, 0
125, -1, 0
125, -2, 0
126, -1, 0
137, -1, 0
116, -1, 1
128, -2, 0
147, -1, 0
101, -1, 0
123, -1, 0
124, -1, 0
126, -2, 1
125, -1, 0
126, -1, 0
124, -1, 0
125, -2, 0
126, -1, 0
124, -1, 1
125, -1, 0
125, -2, 0
126, -1, 0
125, -1, 0
124, -1, 0
125, -1, 1
125, -2, 0
128, -1, 0
122, -1, 0
125, -1, 0
124, -2, 0
126, -1, 1
124, -1, 0
125, -1, 0
126, -1, 0
131, -2, 0
118, -1, 0
123, -2, 1
125, -1, 0
125, -1, 0
130, -1, 0
122, -2, 0
128, -1, 1
133, -1, 0
115, -1, 0
129, -2, 0
122, -1, 0
129, -1, 0
121, -2, 0
128, -1, 1
122, -1, 0
124, -1, 0
125, -2, 0
125, -1, 0
126, -1, 1
125, -1, 0
122, -2, 0
124, -1, 0
125, -1, 0
125, -2, 0
125, -1, 0
126, -1, 1
124, -1, 0
125, -2, 0
125, -1, 0
126, -1, 1
125, -2, 0
129, -1, 0
120, -1, 0
127, -2, 0
127, -1, 0
122, -1, 1
126, -1, 0
123, -2, 0
126, -1, 0
123, -1, 0
126, -2, 0
124, -1, 0
126, -1, 1
125, -1, 0
125, -2, 0
124, -1, 0
126, -1, 0
127, -2, 1
124, -1, 0
126, -1, 0
124, -1, 0
124, -2, 0
126, -1, 1
125, -2, 0
125, -1, 0
124, -1, 0
337, -1, 0
165, -2, 0
124, -4, 1
124, -1, 0
126, -1, 0
125, -1, 0
124, -2, 0
124, -1, 1
126, -2, 0
125, -1, 0
124, -1, 0
126, -2, 0
125, 0, 1
125, -2, 0
125, -1, 0
124, -2, 0
125, -1, 0
125, -1, 0
127, -1, 1
124, -2, 0
125, -1, 0
125, -2, 0
125, -1, 0
125, -1, 1
125, -1, 0
125, -2, 0
126, -1, 0
125, -1, 0
125, -2, 0
124, -1, 1
125, -1, 0
125, -2, 0
127, -1, 0
123, -1, 0
125, -2, 1
125, -1, 0
125, -1, 0
126, -1, 0
127, -2, 0
124, -1, 0
123, -1, 0
126, -2, 1
124, -1, 0
125, -2, 0
248, -2, 0
127, -1, 0
126, -1, 0
125, -2, 1
124, -1, 0
126, -2, 0
124, -1, 0
126, -1, 0
130, -1, 1
118, -2, 0
128, -1, 0
123, -2, 0
125, -1, 0
125, -1, 0
125, -1, 1
125, -1, 0
125, -2, 0
124, -1, 0
126, -2, 0
124, -1, 0
125, -1, 0
126, -1, 1
125, -2, 0
124, -1, 0
125, -1, 0
126, -1, 0
124, -2, 0
126, -1, 1
124, -1, 0
125, -2, 0
126, -1, 0
125, -1, 0
125, -1, 0
125, -2, 1
125, -1, 0
124, -2, 0
126, -1, 0
126, -1, 0
124, -1, 0
126, -2, 0
124, -1, 1
125, -1, 0
124, -2, 0
126, -1, 0
124, -1, 0
126, -1, 0
125, -2, 1
124, -1, 0
125, -1, 0
129, -2, 0
125, -1, 0
135, -1, 0
114, -1, 0
126, -2, 0
124, -1, 1
126, -1, 0
125, -1, 0
124, -2, 0
125, -1, 0
125, -2, 0
126, -1, 0
125, -1, 1
125, -1, 0
126, -1, 0
125, -2, 0
125, -1, 0
125, -1, 0
124, -1, 0
125, -2, 1
125, -1, 0
124, -1, 0
127, -1, 0
123, -2, 0
125, -1, 0
125, -2, 0
245, -1, 1
131, -2, 0
125, -1, 0
125, -2, 0
124, -1, 0
126, -1, 0
125, -1, 0
124, -2, 1
126, -1, 0
124, -1, 0
126, -1, 0
634, -1, 0
116, -7, 1
125, -1, 0
124, -1, 0
126, -1, 0
124, -2, 0
126, -1, 0
124, -1, 0
123, -1, 0
126, -1, 1
127, -2, 0
121, -1, 0
125, -1, 0
126, -1, 0
124, -2, 0
125, -1, 0
126, -1, 0
124, -1, 1
125, -2, 0
125, -1, 0
126, -1, 0
125, -1, 0
125, -1, 0
125, -2, 0
125, -1, 0
126, -1, 1
129, -1, 0
120, -2, 0
248, -2, 0
127, -1, 0
124, -1, 0
126, -1, 0
124, -1, 0
126, -2, 0
124, -1, 1
125, -1, 0
127, -1, 0
124, -1, 0
124, -1, 0
125, -2, 0
126, -1, 0
124, -1, 0
126, -1, 0
124, -2, 0
126, -1, 0
124, -1, 0
126, -1, 1
125, -1, 0
124, -1, 0
125, -1, 0
125, -1, 0
126, -2, 0
125, -1, 0
124, -1, 0
126, -1, 0
125, -1, 0
124, -1, 0
126, -2, 0
247, -2, 1
128, -1, 0
124, -1, 0
125, -1, 0
126, -1, 0
124, -2, 0
125, -1, 0
248, -2, 0
128, -1, 0
124, -1, 0
125, -1, 0
125, -1, 0
125, -1, 0
125, -1, 0
125, -2, 0
125, 0, 1
125, -2, 0
126, -1, 0
125, -1, 0
125, -1, 0
125, -1, 0
125, -1, 0
125, -1, 0
124, -1, 0
126, -1, 0
125, -2, 0
124, -1, 0
124, -1, 0
124, -1, 0
125, -1, 0
125, -1, 1
125, -1, 0
125, -1, 0
125, -1, 0
125, -1, 0
125, -1, 0
125, -1, 0
125, -1, 0
125, -1, 0
125, -1, 0
125, -1, 0
125, -1, 0
125, -2, 0
248, -1, 0
127, -2, 0
251, -2, 0
248, -2, 0
126, -1, 0
125, -1, 0
127, -1, 0
123, -1, 0
125, -1, 0
125, -1, 0
125, -1, 1
247, -2, 0
250, -2, 0
128, -1, 0
125, -1, 0
247, -2, 0
250, -2, 0
128, -1, 0
277, -1, 0
110, -1, 0
114, -1, 0
124, -1, 0
129, -1, 0
122, -1, 0
127, -1, 0
124, -1, 0
127, -1, 0
122, -1, 0
126, -1, 0
124, -1, 0
125, -1, 0
124, -1, 0
248, -1, 0
128, -1, 0
125, -1, 0
125, -1, 0
125, -1, 0
125, -1, 0
125, -1, 0
125, -1, 0
247, -1, 0
128, -1, 0
125, -1, 0
125, -1, 0
125, -1, 0
126, -1, 0
124, -1, 0
247, -2, 0
250, -1, 0
129, -1, 0
124, -1, 0
125, -1, 0
247, -1, 0
128, -1, 0
125, -1, 0
125, -1, 0
125, -1, 0
247, -1, 0
190, -1, 0
80, -1, 0
111, -1, 0
244, -1, 0
131, -1, 0
125, -1, 0
125, -1, 0
125, -1, 0
244, -1, 0
131, -1, 0
244, -1, 0
131, -1, 0
125, -1, 0
244, -1, 0
131, -1, 0
124, -1, 0
126, -1, 0
125, -1, 0
245, -1, 0
130, -1, 0
245, -1, 0
130, -1, 0
245, -1, -1
130, -1, 0
125, -1, 0
244, -1, 0
131, -1, 0
245, -1, 0
131, -1, 0
244, -1, 0
130, -1, 0
126, -1, 0
245, -1, 0
247, -1, -1
132, -1, 0
244, -1, 0
131, -1, 0
247, -1, 0
125, -1, 0
247, -1, 0
250, -1, 0
128, -1, 0
125, -1, 0
374, -1, -1
126, -1, 0
251, -1, 0
247, -1, 0
127, -1, 0
247, -1, 0
250, -1, 0
250, -1, 0
128, -1, 0
125, 0, -1
125, -1, 0
247, -1, 0
262, -1, 0
238, -1, 0
250, -1, 0
251, -1, 0
218, 0, -1
36, -1, 0
247, -1, 0
249, -1, 0
251, -1, 0
249, -1, 0
250, -1, 0
127, 0, -1
125, -1, 0
247, -1, 0
251, -1, 0
383, -1, 0
242, -1, 0
128, 0, -1
124, -1, 0
375, -1, 0
251, -1, 0
247, -1, 0
374, -1, -1
374, -1, 0
250, -1, 0
250, -1, 0
378, -1, 0
126, 0, -1
248, -1, 0
250, -1, 0
376, -1, 0
374, -1, -1
376, -1, 0
250, -1, 0
375, -1, 0
129, 0, -1
245, -1, 0
500, -1, 0
375, -1, 0
130, 0, -1
245, -1, 0
375, -1, 0
526, -1, -1
350, -1, 0
375, -1, 0
500, -1, -1
500, -1, 0
500, -1, -1
375, -1, 0
499, -1, 0
377, 0, -1
250, -1, 0
373, -1, 0
626, -1, -1
625, -1, 0
499, -1, 0
250, 0, -1
253, -1, 0
500, -1, 0
247, 0, -1
535, -1, 0
463, -1, 0
250, 0, -1
500, -1, 0
656, -1, 0
97, 0, -1
566, -1, 0
592, 0, -1
92, -1, 0
781, -1, 0
501, 0, -1
215, -1, 0
876, -1, 0
127, 0, -1
627, -1, 0
623, 0, -1
248, -1, 0
876, -1, 0
249, 0, -1
876, -1, 0
501, 0, -1
499, -1, 0
625, 0, -1
500, -1, 0
624, 0, -1
1001, -1, 0
128, 0, -1
1124, 0, -1
1187, 0, -1
569, -1, 0
246, 0, -1
877, 0, -1
870, 0, -1
999, 0, -1
750, 0, -1
250, 1, 0
625, 0, -1
874, 1, 0
128, 0, -1
873, 0, -1
127, 1, 0
754, 0, -1
122, 1, 0
747, 0, -1
249, 1, 0
626, 1, -1
759, 1, 0
244, 0, -1
501, 1, 0
501, 0, -1
126, 1, 0
624, 1, 0
125, 0, -1
373, 1, 0
499, 1, 0
251, 0, -1
251, 1, 0
499, 1, -1
500, 1, 0
375, 1, 0
250, 0, -1
250, 1, 0
375, 1, 0
461, 0, -1
166, 1, 0
139, 1, 0
483, 1, 0
127, 0, -1
248, 1, 0
375, 1, 0
250, 0, -1
127, 1, 0
248, 1, 0
376, 1, 0
126, 0, -1
125, 1, 0
374, 1, 0
250, 1, 0
375, 1, -1
249, 1, 0
376, 1, 0
249, 1, 0
249, 1, -1
251, 1, 0
250, 1, 0
375, 1, -1
127, 1, 0
374, 1, 0
127, 1, 0
248, 1, 0
250, 1, 0
127, 0, -1
125, 1, 0
246, 1, 0
251, 1, 0
251, 1, 0
249, 1, -1
249, 1, 0
129, 1, 0
246, 1, 0
250, 1, 0
128, 1, 0
125, 0, -1
125, 1, 0
249, 1, 0
249, 1, 0
128, 1, 0
248, 1, 0
126, 1, -1
249, 1, 0
249, 1, 0
128, 1, 0
247, 1, 0
128, 1, 0
124, 1, -1
249, 1, 0
127, 1, 0
249, 1, 0
249, 1, 0
127, 1, 0
124, 1, -1
248, 1, 0
128, 1, 0
125, 1, 0
248, 1, 0
128, 1, 0
130, 1, 0
119, 0, -1
125, 1, 0
124, 1, 0
248, 1, 0
128, 1, 0
125, 1, 0
248, 1, 0
127, 1, 0
125, 1, -1
125, 1, 0
248, 1, 0
127, 1, 0
125, 1, 0
126, 1, 0
124, 1, 0
249, 1, -1
125, 1, 0
126, 1, 0
249, 1, 0
126, 1, 0
136, 1, 0
114, 1, 0
125, 1, 0
125, 1, -1
247, 2, 0
250, 1, 0
128, 1, 0
125, 1, 0
125, 1, 0
248, 2, -1
249, 1, 0
127, 1, 0
125, 1, 0
125, 1, 0
125, 1, 0
125, 1, 0
125, 1, 0
125, 1, 0
140, 1, -1
111, 1, 0
249, 2, 0
249, 1, 0
127, 1, 0
125, 1, 0
125, 1, -1
125, 1, 0
124, 1, 0
125, 2, 0
249, 1, 0
126, 1, 0
125, 1, 0
125, 1, 0
125, 1, -1
126, 1, 0
190, 1, 0
63, 1, 0
123, 1, 0
127, 1, 0
121, 1, 0
125, 1, 0
133, 1, 0
118, 1, -1
125, 1, 0
125, 1, 0
124, 2, 0
249, 2, 0
127, 1, 0
124, 1, 0
125, 1, 0
125, 1, -1
125, 1, 0
124, 1, 0
126, 1, 0
125, 1, 0
125, 1, 0
125, 1, 0
125, 1, 0
125, 1, 0
125, 2, -1
125, 1, 0
125, 1, 0
125, 1, 0
125, 1, 0
125, 1, 0
124, 1, 0
126, 1, 0
125, 1, 0
125, 2, 0
125, 0, -1
126, 2, 0
129, 1, 0
120, 1, 0
127, 1, 0
123, 1, 0
125, 1, 0
125, 1, 0
125, 2, 0
248, 2, -1
127, 1, 0
125, 1, 0
125, 1, 0
125, 2, 0
125, 1, 0
125, 1, 0
125, 1, 0
124, 1, 0
126, 1, 0
126, 1, -1
123, 2, 0
125, 1, 0
124, 1, 0
125, 1, 0
125, 1, 0
126, 1, 0
125, 2, 0
125, 1, 0
125, 1, 0
125, 1, 0
125, 1, -1
125, 2, 0
125, 1, 0
124, 1, 0
128, 1, 0
123, 2, 0
124, 1, 0
125, 1, 0
126, 1, 0
125, 2, -1
125, 1, 0
125, 1, 0
125, 1, 0
125, 1, 0
125, 2, 0
126, 1, 0
124, 1, 0
125, 1, 0
126, 2, -1
124, 1, 0
126, 1, 0
124, 1, 0
125, 2, 0
282, 1, 0
222, 1, 0
122, 4, -1
124, 1, 0
126, 1, 0
125, 2, 0
124, 1, 0
138, 1, 0
112, 2, 0
126, 1, 0
125, 1, 0
125, 1, -1
126, 1, 0
126, 2, 0
124, 1, 0
127, 2, 0
121, 1, 0
129, 1, 0
124, 1, 0
124, 2, 0
124, 1, 0
123, 1, -1
126, 1, 0
125, 1, 0
125, 2, 0
125, 1, 0
125, 2, 0
126, 1, 0
125, 1, 0
124, 1, -1
125, 2, 0
125, 1, 0
125, 2, 0
125, 1, 0
126, 1, 0
124, 2, 0
125, 1, 0
128, 1, -1
122, 1, 0
125, 2, 0
125, 1, 0
125, 2, 0
126, 1, 0
124, 1, 0
126, 2, 0
124, 1, 0
125, 1, -1
126, 1, 0
124, 2, 0
125, 1, 0
125, 2, 0
125, 1, 0
125, 1, 0
125, 1, -1
126, 2, 0
126, 1, 0
125, 2, 0
123, 1, 0
125, 1, 0
125, 2, 0
125, 1, 0
125, 1, -1
125, 2, 0
125, 1, 0
125, 1, 0
125, 2, 0
126, 1, 0
124, 2, 0
125, 1, 0
125, 1, -1
127, 2, 0
127, 1, 0
126, 1, 0
141, 1, 0
109, 2, 0
128, 1, 0
139, 2, -1
119, 1, 0
117, 2, 0
120, 1, 0
126, 1, 0
126, 1, 0
125, 2, 0
124, 1, 0
124, 1, -1
129, 2, 0
134, 1, 0
120, 2, 0
118, 1, 0
128, 2, 0
121, 1, 0
125, 1, -1
126, 1, 0
124, 2, 0
126, 1, 0
125, 2, 0
124, 1, 0
126, 1, 0
124, 2, 0
125, 1, -1
125, 2, 0
125, 1, 0
125, 2, 0
125, 1, 0
125, 1, 0
124, 2, 0
125, 1, -1
133, 1, 0
120, 2, 0
123, 1, 0
125, 1, 0
129, 2, 0
122, 1, 0
124, 2, -1
124, 1, 0
126, 2, 0
125, 1, 0
125, 1, 0
125, 2, 0
125, 1, -1
125, 1, 0
124, 2, 0
126, 1, 0
124, 1, 0
124, 2, 0
125, 1, 0
123, 2, -1
126, 1, 0
125, 2, 0
125, 1, 0
124, 1, 0
305, 2, 0
203, 1, -1
118, 5, 0
124, 1, 0
124, 1, 0
125, 2, 0
125, 1, 0
125, 1, -1
125, 2, 0
125, 1, 0
125, 1, 0
125, 2, 0
125, 1, 0
125, 2, -1
125, 1, 0
125, 2, 0
125, 1, 0
125, 1, 0
125, 1, 0
125, 2, 0
125, 1, -1
125, 1, 0
125, 2, 0
125, 1, 0
125, 2, 0
125, 1, 0
125, 2, 0
124, 1, -1
126, 2, 0
125, 1, 0
125, 2, 0
125, 1, 0
124, 1, 0
125, 1, -1
125, 1, 0
126, 2, 0
125, 1, 0
125, 2, 0
125, 1, 0
125, 2, 0
125, 1, -1
124, 2, 0
125, 1, 0
145, 1, 0
110, 1, 0
127, 2, 0
124, 1, -1
122, 1, 0
124, 2, 0
126, 1, 0
125, 2, 0
126, 1, 0
126, 2, 0
123, 1, -1
124, 2, 0
126, 1, 0
127, 1, 0
132, 1, 0
122, 2, 0
121, 1, 0
125, 1, -1
126, 2, 0
124, 1, 0
125, 2, 0
135, 1, 0
123, 2, 0
118, 1, 0
124, 1, 0
125, 1, -1
125, 2, 0
125, 1, 0
125, 1, 0
125, 2, 0
125, 1, 0
125, 2, -1
125, 1, 0
125, 1, 0
125, 1, 0
125, 2, 0
124, 1, 0
126, 2, 0
126, 1, -1
124, 1, 0
125, 2, 0
125, 1, 0
125, 1, 0
125, 1, 0
125, 2, -1
125, 1, 0
126, 2, 0
128, 1, 0
120, 2, 0
124, 1, 0
125, 1, -1
123, 2, 0
125, 1, 0
124, 1, 0
126, 1, 0
124, 2, 0
125, 1, 0
125, 2, -1
125, 1, 0
125, 1, 0
125, 1, 0
125, 2, 0
125, 1, -1
125, 1, 0
125, 2, 0
126, 1, 0
124, 2, 0
125, 1, 0
125, 1, 0
125, 1, -1
125, 2, 0
126, 1, 0
124, 2, 0
125, 1, 0
125, 1, 0
125, 1, 0
125, 2, -1
125, 1, 0
125, 1, 0
125, 2, 0
125, 1, 0
126, 2, 0
124, 1, -1
125, 1, 0
126, 1, 0
126, 2, 0
123, 1, 0
125, 1, 0
125, 2, -1
220, 1, 0
32, 1, 0
125, 1, 0
124, 2, 0
123, 1, 0
126, 2, 0
125, 1, -1
125, 1, 0
125, 2, 0
124, 1, 0
125, 1, 0
127, 1, 0
124, 2, 0
125, 1, -1
124, 1, 0
126, 1, 0
125, 2, 0
124, 1, 0
126, 2, 0
124, 1, 0
125, 1, -1
125, 1, 0
125, 1, 0
125, 2, 0
126, 1, 0
126, 1, 0
123, 1, -1
126, 2, 0
124, 1, 0
126, 2, 0
124, 1, 0
126, 1, 0
125, 1, -1
125, 2, 0
125, 1, 0
124, 1, 0
126, 1, 0
124, 1, 0
125, 2, 0
125, 1, 0
125, 2, -1
126, 1, 0
124, 1, 0
126, 1, 0
125, 2, 0
125, 1, 0
125, 1, 0
125, 1, -1
125, 1, 0
125, 2, 0
125, 1, 0
125, 1, 0
124, 1, 0
126, 2, 0
125, 1, 0
126, 1, -1
126, 1, 0
123, 2, 0
125, 1, 0
125, 1, 0
125, 1, 0
125, 1, -1
125, 2, 0
128, 1, 0
122, 1, 0
125, 1, 0
127, 1, 0
127, 2, 0
129, 1, -1
141, 1, 0
118, 2, 0
234, 1, 0
132, 2, 0
126, 1, 0
121, 1, 0
126, 1, -1
124, 2, 0
127, 1, 0
123, 1, 0
124, 1, 0
126, 2, 0
124, 1, 0
126, 1, 0
124, 1, -1
125, 1, 0
126, 1, 0
125, 1, 0
124, 2, 0
129, 1, 0
122, 1, 0
125, 1, 0
125, 2, -1
244, 2, 0
131, 1, 0
125, 1, 0
125, 1, 0
125, 1, 0
124, 2, 0
126, 0, -1
124, 2, 0
125, 1, 0
125, 1, 0
125, 1, 0
125, 2, 0
245, 2, 0
130, 1, 0
126, 1, -1
126, 1, 0
125, 1, 0
125, 1, 0
124, 1, 0
125, 2, 0
125, 1, 0
125, 1, -1
125, 1, 0
124, 1, 0
124, 1, 0
124, 1, 0
125, 2, 0
125, 1, 0
125, 1, 0
125, 1, 0
125, 1, -1
125, 1, 0
125, 1, 0
127, 1, 0
125, 1, 0
124, 1, 0
124, 1, 0
127, 2, 0
277, 2, -1
108, 1, 0
113, 1, 0
125, 1, 0
124, 1, 0
126, 1, 0
125, 1, 0
124, 1, 0
126, 2, -1
247, 1, 0
127, 2, 0
248, 2, 0
127, 1, 0
126, 1, 0
125, 1, 0
124, 1, -1
125, 1, 0
125, 1, 0
125, 1, 0
125, 1, 0
126, 1, 0
124, 1, 0
125, 1, 0
126, 1, -1
124, 1, 0
125, 1, 0
126, 1, 0
126, 1, 0
124, 1, 0
125, 1, 0
125, 1, 0
125, 1, 0
125, 1, -1
124, 1, 0
126, 1, 0
124, 1, 0
126, 1, 0
124, 1, 0
126, 1, 0
125, 1, 0
125, 1, 0
125, 1, 0
125, 1, 0
125, 1, 0
125, 1, -1
125, 1, 0
158, 1, 0
110, 1, 0
113, 1, 0
122, 1, 0
125, 1, 0
124, 1, 0
125, 1, 0
124, 1, 0
125, 1, -1
125, 1, 0
245, 2, 0
250, 2, 0
250, 1, 0
130, 1, -1
125, 1, 0
125, 1, 0
125, 1, 0
125, 1, 0
125, 1, 0
125, 1, 0
244, 1, 0
131, 1, 0
125, 1, 0
125, 1, -1
125, 1, 0
125, 1, 0
125, 1, 0
125, 1, 0
125, 1, 0
245, 1, 0
130, 1, 0
125, 1, 0
125, 1, 0
125, 1, -1
125, 1, 0
244, 1, 0
131, 1, 0
125, 1, 0
125, 1, 0
125, 1, 0
125, 1, 0
244, 1, 0
131, 1, 0
125, 1, -1
125, 1, 0
245, 1, 0
127, 1, 0
125, 1, 0
125, 1, 0
247, 1, 0
128, 1, 0
125, 1, 0
126, 1, -1
247, 1, 0
128, 1, 0
126, 1, 0
246, 1, 0
127, 1, 0
126, 1, 0
246, 1, 0
127, 1, 0
126, 1, -1
247, 1, 0
127, 1, 0
248, 1, 0
128, 1, 0
124, 1, 0
247, 1, 0
129, 1, 0
304, 1, 0
70, 1, 0
249, 1, -1
127, 1, 0
247, 1, 0
128, 1, 0
247, 1, 0
128, 1, 0
247, 1, 0
127, 1, 0
248, 1, 0
127, 0, -1
125, 1, 0
125, 1, 0
247, 1, 0
251, 1, 0
128, 1, 0
247, 1, 0
250, 1, 0
127, 1, 0
248, 1, -1
250, 1, 0
249, 1, 0
251, 1, 0
128, 1, 0
372, 1, 0
127, 1, 0
249, 1, 0
374, 1, 0
250, 1, 0
127, 1, 0
248, 0, -1
128, 1, 0
250, 1, 0
247, 1, 0
250, 1, 0
250, 1, 0
374, 1, 0
253, 1, 0
374, 1, 0
374, 1, 0
375, 1, -1
250, 1, 0
375, 1, 0
377, 1, 0
373, 1, 0
500, 1, 0
250, 1, 0
625, 1, 0
375, 1, 0
625, 1, 0
501, 1, 0
663, 1, 0
747, 1, 0
839, 1, -1
1377, 1, 0
2290, 1, 0
9007, -1, 0
2827, -1, 0
1042, 0, -1
332, -1, 0
1126, -1, 0
874, -1, 0
912, -1, 0
713, -1, -1
750, -1, 0
817, -1, 0
472, -1, 0
613, -1, 0
637, -1, 0
336, -1, 0
691, -1, 0
61, 0, -1
247, -1, 0
665, -1, 0
335, -1, 0
542, -1, 0
333, -1, 0
376, -1, 0
499, -1, 0
250, -1, 0
376, -1, 0
537, -1, 0
212, -1, 0
415, -1, 0
495, -1, 0
215, -1, 0
250, -1, 0
410, -1, 0
341, -1, 0
249, -1, 0
376, -1, 0
249, -1, 0
250, -1, 0
413, -1, 0
212, -1, 0
250, -1, 0
250, -1, 0
414, -1, 0
273, -1, 0
189, -1, 0
249, -1, 0
250, -1, 0
250, -1, 0
250, -1, 0
250, -1, 0
250, -1, 0
250, -1, 0
250, -1, 0
250, -1, 0
250, -1, 0
250, -1, 0
250, -1, 0
250, -1, 0
128, -1, 0
125, 0, 1
125, -1, 0
247, -1, 0
128, -1, 0
247, -1, 0
250, -1, 0
250, -1, 0
250, -1, 0
128, -1, 0
247, -1, 0
250, -1, 0
128, -1, 0
125, -1, 1
373, -1, 0
128, -1, 0
246, -1, 0
128, -1, 0
247, -1, 0
128, -1, 0
131, -1, 0
241, -1, 0
250, -1, 1
128, -1, 0
247, -1, 0
128, -1, 0
247, -1, 0
128, -1, 0
247, -1, 0
128, -1, 0
125, -1, 0
247, -1, 0
128, -1, 1
247, -1, 0
128, -1, 0
125, -1, 0
247, -1, 0
128, -1, 0
125, -1, 0
247, -1, 1
128, -1, 0
247, -1, 0
127, -1, 0
125, -1, 0
248, -1, 0
127, -1, 0
126, -1, 0
247, -1, 0
127, -1, 0
126, -1, 1
125, -1, 0
247, -1, 0
127, -1, 0
126, -1, 0
124, -1, 0
125, -1, 0
126, 0, 1
125, -1, 0
125, -1, 0
248, -1, 0
127, -1, 0
124, -1, 0
125, -1, 0
125, -1, 0
126, -1, 0
125, -1, 1
246, -1, 0
128, -1, 0
126, -1, 0
124, -1, 0
248, -1, 0
128, -1, 1
129, -1, 0
123, -1, 0
125, -1, 0
125, -1, 0
125, -1, 0
249, -1, 0
139, -1, 0
113, -1, 1
124, -1, 0
125, -1, 0
125, -1, 0
247, -1, 0
128, -1, 0
125, -1, 0
125, -1, 0
125, -1, 1
125, -1, 0
125, -1, 0
125, -1, 0
247, -2, 0
251, -1, 0
127, -1, 1
125, -1, 0
125, -1, 0
125, -1, 0
125, -1, 0
125, -1, 0
127, -1, 0
123, -1, 1
124, -1, 0
126, -1, 0
124, -1, 0
125, -1, 0
125, -1, 0
125, -1, 0
125, -1, 0
125, 0, 1
125, -2, 0
125, -1, 0
126, -1, 0
124, -1, 0
247, -1, 0
128, -1, 0
125, -1, 1
125, -1, 0
125, -1, 0
125, -1, 0
125, -1, 0
125, -1, 0
125, -1, 0
125, -1, 1
125, -1, 0
125, -1, 0
125, -1, 0
125, -1, 0
125, -1, 0
125, -1, 1
125, -1, 0
125, -1, 0
125, -1, 0
126, -2, 0
245, -1, 0
127, -1, 1
125, -1, 0
125, -2, 0
125, -1, 0
125, -1, 0
125, -1, 0
125, -1, 0
125, -1, 1
125, -1, 0
125, -1, 0
125, -1, 0
125, -1, 0
125, -1, 0
125, -1, 0
125, -1, 0
125, -1, 1
125, -1, 0
127, -2, 0
246, -2, 0
128, -1, 1
124, -1, 0
125, -1, 0
125, -1, 0
124, -1, 0
126, -1, 0
125, -1, 1
126, -1, 0
124, -2, 0
247, -2, 0
128, -1, 0
125, -1, 1
125, -1, 0
125, -1, 0
125, -1, 0
125, -1, 0
125, -1, 0
125, -1, 0
125, -2, 0
125, -1, 1
125, -1, 0
125, -1, 0
125, -1, 0
125, -1, 0
125, -2, 0
125, -1, 1
125, -1, 0
125, -1, 0
125, -1, 0
125, -1, 0
125, -1, 0
125, -2, 1
125, -1, 0
125, -1, 0
125, -1, 0
125, -2, 0
125, -1, 0
247, -2, 1
128, -1, 0
125, -1, 0
125, -1, 0
125, -2, 0
125, -1, 0
125, -1, 1
125, -1, 0
125, -2, 0
247, -2, 0
262, -1, 0
243, -1, 1
123, -4, 0
125, -1, 0
125, -1, 0
125, -1, 1
126, -2, 0
124, -1, 0
125, -1, 0
125, -1, 0
125, -1, 1
125, -1, 0
125, -2, 0
125, -1, 0
128, -1, 0
122, -2, 0
125, -1, 0
125, -1, 1
125, -1, 0
125, -1, 0
125, -2, 0
247, -2, 1
128, -1, 0
125, -2, 0
125, -1, 0
125, -1, 0
125, -1, 1
125, -2, 0
125, -1, 0
125, -1, 0
125, -1, 0
125, -2, 0
125, -1, 1
125, -1, 0
125, -1, 0
125, -1, 0
125, -2, 0
125, -1, 1
125, -1, 0
125, -1, 0
125, -2, 0
125, -1, 0
125, -2, 0
125, -1, 1
125, -1, 0
125, -1, 0
125, -1, 0
125, -2, 1
125, -1, 0
125, -2, 0
125, -1, 0
125, -1, 0
125, -1, 0
125, -2, 0
125, -1, 1
125, -1, 0
125, -2, 0
125, -1, 0
125, -1, 0
125, -1, 0
125, -2, 1
125, -1, 0
125, -1, 0
125, -2, 0
125, -1, 1
125, -1, 0
125, -2, 0
125, -1, 0
125, -1, 0
125, -2, 0
125, -1, 1
125, -2, 0
247, -2, 0
128, -1, 0
125, -2, 1
125, -1, 0
125, -2, 0
125, -1, 0
125, -1, 0
126, -1, 1
124, -1, 0
125, -2, 0
125, -1, 0
125, -2, 1
125, -1, 0
125, -2, 0
124, -1, 0
125, -1, 0
126, -1, 0
125, -2, 1
124, -1, 0
126, -1, 0
124, -2, 0
126, -1, 0
125, -1, 1
125, -2, 0
125, -1, 0
125, -1, 0
124, -2, 0
125, -1, 0
126, -2, 1
125, -1, 0
125, -1, 0
125, -1, 0
125, -2, 0
125, -1, 1
127, -2, 0
122, -1, 0
125, -1, 0
125, -2, 0
125, -1, 0
126, -2, 1
125, -1, 0
124, -1, 0
126, -2, 0
125, -1, 1
135, -1, 0
115, -2, 0
125, -1, 0
124, -1, 0
126, -2, 0
125, -1, 1
124, -2, 0
126, -1, 0
124, -1, 0
125, -2, 0
125, -1, 1
125, -1, 0
125, -1, 0
296, -2, 0
205, -1, 0
125, -5, 1
124, -1, 0
126, -1, 1
124, -2, 0
125, -1, 0
127, -1, 0
124, -2, 0
125, -1, 0
125, -1, 1
125, -2, 0
125, -1, 0
125, -2, 0
125, -1, 0
126, -2, 1
126, -1, 0
125, -1, 0
124, -1, 0
130, -2, 0
123, -1, 1
134, -2, 0
116, -1, 0
123, -1, 0
124, -2, 0
126, -1, 0
125, -2, 1
125, -1, 0
125, -2, 0
124, -1, 0
125, -1, 0
125, -2, 0
126, -1, 1
124, -1, 0
126, -1, 0
124, -2, 0
126, -1, 1
124, -2, 0
125, -1, 0
125, -2, 0
125, -1, 0
125, -2, 0
126, -1, 1
124, -1, 0
126, -1, 0
124, -2, 0
125, -1, 1
125, -1, 0
125, -2, 0
126, -1, 0
124, -2, 0
125, -1, 0
125, -2, 1
125, -1, 0
125, -1, 0
126, -2, 0
124, -1, 0
125, -1, 1
125, -1, 0
125, -2, 0
125, -1, 0
125, -2, 0
125, -1, 0
125, -2, 1
125, -1, 0
125, -2, 0
125, -1, 0
125, -1, 0
125, -2, 1
125, -1, 0
125, -2, 0
125, -1, 0
125, -1, 0
125, -1, 0
126, -2, 1
124, -1, 0
126, -2, 0
124, -1, 0
126, -1, 0
124, -2, 1
125, -1, 0
125, -2, 0
126, -1, 0
124, -1, 0
125, -1, 0
125, -2, 0
125, -1, 1
125, -2, 0
125, -1, 0
125, -1, 0
125, -2, 0
125, -1, 0
125, -2, 1
126, -1, 0
125, -2, 0
124, -1, 0
126, -1, 1
124, -1, 0
125, -2, 0
126, -1, 0
126, -2, 0
123, -1, 0
125, -1, 1
125, -2, 0
125, -1, 0
125, -1, 0
125, -2, 0
125, -1, 0
126, -1, 1
125, -2, 0
124, -1, 0
125, -2, 0
125, -1, 0
125, -1, 1
126, -2, 0
125, -1, 0
124, -1, 0
125, -2, 0
125, -1, 0
126, -1, 1
124, -2, 0
125, -1, 0
125, -2, 0
125, -1, 0
125, -1, 0
125, -2, 0
125, -1, 1
125, -1, 0
125, -1, 0
125, -2, 0
125, -1, 0
125, -2, 1
220, -1, 0
33, -1, 0
123, -2, 0
124, -1, 0
125, -1, 0
127, -1, 0
123, -2, 1
126, -1, 0
127, -2, 0
122, -1, 0
125, -1, 0
125, -1, 0
124, -2, 1
126, -1, 0
125, -1, 0
125, -2, 0
125, -1, 0
125, -1, 0
125, -1, 1
126, -2, 0
124, -1, 0
125, -1, 0
125, -1, 0
125, -2, 0
125, -1, 1
125, -2, 0
125, -1, 0
125, -1, 0
126, -1, 0
132, -1, 0
118, -2, 0
124, -1, 0
125, -1, 1
125, -1, 0
125, -2, 0
125, -1, 0
125, -2, 0
329, -2, 1
46, -1, 0
125, -1, 0
125, -2, 0
125, -1, 0
125, -1, 0
125, -1, 0
125, -2, 1
128, -1, 0
122, -1, 0
125, -1, 0
125, -2, 0
125, -1, 0
125, -1, 0
125, -1, 1
125, -1, 0
125, -2, 0
125, -1, 0
123, -1, 0
130, -1, 0
122, -2, 0
125, -1, 0
149, -1, 1
105, -1, 0
146, -2, 0
103, -1, 0
125, -1, 0
125, -1, 0
127, -1, 0
127, -2, 1
245, -2, 0
126, -1, 0
124, -1, 0
126, -1, 0
125, -2, 0
125, -1, 0
125, -1, 1
125, -1, 0
125, -1, 0
126, -2, 0
243, -2, 0
137, -1, 0
119, -1, 0
125, -1, 0
125, -1, 1
125, -1, 0
125, -2, 0
124, -1, 0
128, -1, 0
161, -1, 0
89, -1, 0
127, -1, 0
121, -1, 0
125, -2, 1
125, -1, 0
125, -1, 0
126, -1, 0
127, -1, 0
123, -1, 0
124, -1, 0
125, -1, 0
125, -1, 0
126, -2, 1
124, -1, 0
126, -1, 0
124, -1, 0
125, -1, 0
125, -1, 0
125, -1, 0
126, -1, 0
124, -1, 0
123, -1, 1
125, -1, 0
124, -1, 0
129, -1, 0
122, -2, 0
125, -1, 0
125, -1, 0
125, -1, 0
124, -1, 0
126, -1, 0
125, -1, 0
125, -1, 0
124, -1, 1
125, -1, 0
125, -1, 0
139, -1, 0
111, -1, 0
125, -1, 0
125, -1, 0
126, -1, 0
124, -1, 0
125, -1, 0
277, -1, 0
225, -1, 0
123, -3, 1
126, -1, 0
124, -1, 0
125, -1, 0
125, -1, 0
125, -1, 0
125, -1, 0
125, -1, 0
125, -1, 0
125, -1, 0
248, -1, 1
127, -1, 0
125, -1, 0
125, -1, 0
125, -1, 0
125, -1, 0
125, -1, 0
125, -1, 0
125, -1, 0
125, -1, 0
125, -1, 0
125, -1, 0
248, -2, 0
250, -1, 1
127, -1, 0
129, -1, 0
121, -1, 0
125, -1, 0
125, -1, 0
125, -1, 0
248, -1, 0
127, -1, 0
125, -1, 0
125, -1, 0
247, -1, 0
128, -1, 0
125, -1, 0
125, -1, 0
125, -1, 0
125, 0, 1
125, -1, 0
125, -1, 0
125, -1, 0
125, -1, 0
247, -1, 0
128, -1, 0
125, -1, 0
247, -1, 0
128, -1, 0
125, -1, 0
124, -1, 0
248, -1, 0
128, -1, 0
125, -1, 0
247, -1, 0
127, -1, 0
125, -1, 0
249, -1, 1
127, -1, 0
247, -1, 0
130, -1, 0
246, -1, 0
148, -1, 0
226, -1, 0
131, -1, 0
125, -1, 0
244, -1, 0
250, -1, 0
131, -1, 0
244, -1, 0
131, -1, 0
244, -1, 0
131, -1, 0
245, -1, 0
249, -1, 0
131, -1, 0
244, -1, 0
250, -1, 0
250, -1, 0
131, -1, 0
244, -1, 0
250, -1, 0
251, -1, 0
249, -1, 0
131, -1, 0
245, -1, 0
250, -1, 0
250, -1, 0
251, -1, 0
248, -1, 0
249, -1, 0
251, -1, 0
251, -1, 0
568, -1, 0
186, -1, 0
123, -1, 0
247, -1, 0
376, -1, 0
249, -1, 0
376, -1, 0
375, -1, 0
249, -1, 0
375, -1, 0
376, -1, 0
374, -1, 0
252, -1, 0
499, -1, 0
374, -1, 0
375, -1, 0
375, -1, 0
626, -1, 0
501, -1, 0
498, -1, 0
411, 0, -1
212, -1, 0
756, -1, 0
620, -1, 0
874, -1, 0
411, 0, -1
590, -1, 0
908, -1, 0
1750, -1, 0
97, 0, -1
1915, -1, 0
4956, 0, -1
6179, 1, 0
1118, 0, -1
470, 1, 0
871, 1, 0
877, 1, 0
375, 0, -1
372, 1, 0
750, 1, 0
658, 1, 0
217, 0, -1
265, 1, 0
522, 1, 0
481, 1, 0
488, 1, -1
391, 1, 0
370, 1, 0
470, 1, 0
406, 1, -1
343, 1, 0
250, 1, 0
536, 1, 0
214, 1, 0
250, 1, -1
411, 1, 0
214, 1, 0
414, 1, 0
212, 1, 0
249, 1, -1
250, 1, 0
375, 1, 0
250, 1, 0
250, 1, 0
250, 1, 0
128, 0, -1
125, 1, 0
247, 1, 0
250, 1, 0
250, 1, 0
128, 1, 0
247, 1, 0
250, 1, -1
251, 1, 0
248, 1, 0
135, 1, 0
246, 1, 0
245, 1, 0
143, 1, 0
110, 0, -1
124, 1, 0
126, 1, 0
247, 1, 0
250, 1, 0
129, 1, 0
247, 1, 0
127, 1, 0
247, 1, -1
128, 1, 0
247, 1, 0
250, 1, 0
128, 1, 0
126, 1, 0
246, 1, 0
128, 1, 0
125, 0, -1
125, 1, 0
125, 1, 0
125, 1, 0
247, 1, 0
128, 1, 0
247, 1, 0
128, 1, 0
124, 1, -1
126, 1, 0
125, 1, 0
248, 1, 0
127, 1, 0
128, 1, 0
245, 1, 0
131, 1, 0
122, 1, 0
125, 1, 0
124, 0, -1
125, 1, 0
124, 1, 0
127, 1, 0
124, 1, 0
125, 1, 0
125, 1, 0
125, 1, 0
429, 1, 0
197, 1, 0
125, 3, -1
124, 1, 0
246, 1, 0
129, 1, 0
124, 1, 0
125, 1, 0
126, 1, -1
124, 1, 0
126, 1, 0
125, 1, 0
247, 2, 0
250, 1, 0
127, 1, 0
146, 1, 0
110, 1, 0
124, 1, -1
139, 1, 0
111, 1, 0
127, 1, 0
122, 1, 0
125, 1, 0
125, 1, 0
125, 1, 0
125, 1, 0
126, 1, 0
124, 1, -1
126, 1, 0
124, 1, 0
125, 1, 0
126, 1, 0
124, 1, 0
125, 1, 0
125, 1, 0
125, 1, 0
125, 1, 0
125, 1, 0
125, 1, -1
126, 2, 0
243, 2, 0
132, 1, 0
243, 2, 0
131, 1, 0
124, 1, 0
126, 1, 0
125, 1, -1
124, 1, 0
127, 1, 0
123, 1, 0
126, 2, 0
125, 1, 0
125, 1, 0
124, 1, 0
126, 1, 0
124, 1, -1
126, 1, 0
124, 1, 0
125, 1, 0
126, 2, 0
125, 1, 0
124, 1, 0
125, 1, 0
125, 1, 0
125, 1, 0
123, 1, 0
125, 2, -1
125, 1, 0
125, 1, 0
125, 1, 0
125, 2, 0
247, 2, 0
128, 1, 0
125, 1, 0
125, 1, 0
125, 2, -1
125, 1, 0
125, 1, 0
125, 1, 0
125, 1, 0
125, 2, 0
125, 1, 0
125, 1, 0
125, 1, 0
125, 2, 0
125, 1, 0
125, 1, -1
124, 1, 0
126, 1, 0
125, 2, 0
125, 1, 0
125, 1, 0
125, 1, 0
125, 2, 0
125, 1, 0
125, 1, -1
125, 2, 0
125, 1, 0
125, 1, 0
125, 2, 0
125, 1, 0
125, 1, 0
125, 1, 0
125, 1, 0
125, 2, -1
125, 1, 0
125, 2, 0
125, 1, 0
125, 1, 0
125, 1, 0
125, 2, 0
125, 1, 0
124, 1, 0
126, 2, -1
125, 1, 0
125, 1, 0
125, 1, 0
125, 2, 0
125, 1, 0
125, 2, 0
125, 1, 0
125, 1, -1
124, 2, 0
126, 1, 0
125, 2, 0
125, 1, 0
213, 1, 0
38, 1, 0
124, 2, 0
125, 1, 0
125, 2, -1
125, 1, 0
125, 2, 0
125, 1, 0
124, 1, 0
125, 2, 0
125, 1, 0
125, 1, 0
125, 2, -1
125, 1, 0
125, 1, 0
125, 2, 0
125, 1, 0
125, 2, 0
125, 1, 0
125, 2, -1
138, 1, 0
116, 2, 0
126, 1, 0
124, 1, 0
124, 2, 0
126, 1, 0
124, 2, 0
126, 1, -1
124, 2, 0
125, 1, 0
126, 2, 0
125, 1, 0
124, 1, 0
125, 2, 0
126, 1, 0
124, 1, -1
125, 2, 0
125, 1, 0
126, 2, 0
125, 2, 0
125, 1, 0
124, 1, -1
125, 2, 0
125, 1, 0
125, 2, 0
126, 1, 0
130, 2, 0
120, 1, 0
124, 2, -1
125, 1, 0
125, 2, 0
126, 1, 0
124, 2, 0
125, 1, 0
125, 2, 0
127, 1, -1
124, 2, 0
125, 1, 0
125, 1, 0
124, 2, 0
126, 1, 0
125, 2, -1
124, 1, 0
126, 2, 0
124, 1, 0
125, 2, 0
126, 1, 0
124, 2, 0
126, 1, -1
124, 2, 0
125, 1, 0
122, 1, 0
126, 2, 0
125, 1, 0
125, 2, -1
124, 1, 0
125, 2, 0
125, 1, 0
125, 2, 0
126, 2, 0
125, 1, 0
124, 2, 0
126, 1, -1
125, 2, 0
125, 1, 0
124, 2, 0
126, 1, 0
124, 2, 0
126, 1, 0
124, 2, -1
125, 1, 0
126, 2, 0
124, 1, 0
125, 2, 0
125, 1, 0
125, 1, -1
125, 2, 0
125, 2, 0
125, 1, 0
125, 2, 0
133, 2, 0
117, 1, 0
125, 2, -1
125, 1, 0
126, 2, 0
124, 1, 0
125, 1, 0
125, 2, -1
125, 1, 0
125, 2, 0
125, 1, 0
125, 2, 0
126, 2, -1
124, 1, 0
126, 2, 0
125, 2, 0
124, 1, 0
125, 2, 0
128, 1, -1
122, 1, 0
125, 2, 0
125, 1, 0
125, 2, 0
125, 2, 0
125, 1, -1
125, 2, 0
125, 2, 0
125, 1, 0
125, 2, 0
126, 1, 0
124, 1, -1
125, 2, 0
125, 1, 0
248, 2, 0
253, 1, 0
125, 5, -1
124, 1, 0
125, 2, 0
125, 2, -1
125, 2, 0
125, 1, 0
125, 1, 0
125, 2, 0
125, 1, 0
125, 2, -1
125, 1, 0
125, 2, 0
125, 2, 0
143, 1, 0
107, 2, -1
125, 1, 0
125, 2, 0
125, 2, 0
125, 1, 0
125, 1, 0
125, 2, -1
125, 1, 0
125, 2, 0
125, 1, 0
125, 2, 0
124, 2, 0
126, 1, -1
181, 2, 0
88, 2, 0
109, 1, 0
125, 2, 0
124, 1, -1
125, 1, 0
132, 2, 0
119, 1, 0
124, 2, 0
125, 1, 0
126, 2, -1
128, 1, 0
132, 2, 0
118, 2, 0
124, 1, 0
125, 2, -1
126, 2, 0
125, 1, 0
132, 1, 0
116, 2, 0
125, 1, -1
124, 2, 0
125, 1, 0
125, 2, 0
125, 2, 0
126, 1, -1
128, 2, 0
121, 1, 0
125, 2, 0
125, 1, 0
125, 2, 0
125, 1, -1
126, 2, 0
124, 1, 0
124, 2, 0
125, 1, 0
126, 2, -1
125, 1, 0
125, 2, 0
125, 2, 0
125, 1, 0
125, 2, 0
125, 1, -1
125, 2, 0
125, 1, 0
124, 2, 0
126, 1, 0
125, 2, -1
125, 1, 0
125, 2, 0
125, 1, 0
141, 2, 0
107, 1, -1
124, 2, 0
126, 1, 0
124, 2, 0
125, 2, 0
125, 1, -1
125, 2, 0
125, 1, 0
125, 2, 0
125, 1, 0
125, 2, -1
125, 1, 0
125, 2, 0
125, 1, 0
126, 1, 0
125, 2, -1
124, 1, 0
125, 2, 0
125, 1, 0
125, 2, 0
125, 1, 0
125, 2, -1
125, 2, 0
125, 1, 0
125, 2, 0
125, 1, -1
125, 2, 0
125, 1, 0
125, 2, 0
125, 1, 0
125, 2, -1
124, 1, 0
126, 2, 0
125, 1, 0
126, 2, 0
123, 1, -1
126, 2, 0
125, 1, 0
125, 1, 0
125, 2, 0
126, 1, -1
124, 2, 0
125, 1, 0
125, 2, 0
125, 1, 0
125, 2, -1
125, 1, 0
125, 2, 0
125, 1, 0
125, 1, 0
298, 2, -1
204, 1, 0
123, 5, 0
125, 1, -1
125, 2, 0
125, 1, 0
125, 2, 0
125, 1, 0
125, 2, -1
125, 1, 0
125, 1, 0
124, 2, 0
126, 1, 0
125, 2, -1
125, 1, 0
125, 2, 0
125, 1, 0
125, 2, 0
125, 1, -1
124, 2, 0
126, 1, 0
125, 1, 0
125, 2, 0
125, 1, -1
124, 2, 0
126, 1, 0
125, 2, 0
124, 1, 0
126, 2, -1
125, 1, 0
124, 1, 0
164, 2, 0
92, 1, 0
135, 2, -1
147, 1, 0
93, 2, 0
124, 1, 0
132, 1, 0
118, 1, -1
127, 2, 0
123, 1, 0
124, 2, 0
125, 1, 0
125, 2, 0
125, 1, -1
125, 1, 0
125, 2, 0
125, 1, 0
125, 2, -1
125, 1, 0
125, 1, 0
126, 2, 0
124, 1, 0
125, 1, 0
125, 2, -1
126, 1, 0
124, 2, 0
125, 1, 0
124, 1, 0
126, 2, -1
125, 1, 0
125, 1, 0
125, 2, 0
125, 1, 0
125, 1, -1
125, 2, 0
125, 1, 0
125, 2, 0
135, 1, 0
118, 1, -1
124, 1, 0
128, 1, 0
121, 2, 0
124, 1, 0
125, 2, -1
125, 1, 0
125, 2, 0
125, 1, 0
125, 1, 0
125, 1, 0
125, 2, -1
126, 1, 0
122, 1, 0
125, 2, 0
124, 1, 0
125, 1, -1
126, 1, 0
125, 2, 0
125, 1, 0
124, 2, 0
125, 1, -1
125, 1, 0
125, 1, 0
125, 2, 0
126, 1, 0
124, 1, -1
127, 2, 0
124, 1, 0
124, 1, 0
125, 1, 0
125, 2, 0
125, 1, -1
125, 1, 0
126, 1, 0
124, 2, 0
125, 1, 0
125, 2, -1
125, 1, 0
126, 1, 0
124, 1, 0
125, 1, 0
126, 2, 0
124, 1, 0
126, 1, -1
125, 1, 0
125, 2, 0
124, 1, 0
125, 1, -1
125, 1, 0
126, 1, 0
124, 2, 0
125, 1, 0
125, 1, 0
125, 1, 0
125, 2, -1
125, 1, 0
125, 1, 0
126, 1, 0
124, 2, -1
125, 1, 0
247, 2, 0
219, 1, 0
37, 2, 0
262, 2, -1
109, 1, 0
125, 1, 0
125, 1, 0
125, 2, 0
125, 1, 0
125, 1, 0
125, 1, -1
125, 1, 0
125, 1, 0
125, 1, 0
125, 2, 0
125, 1, -1
126, 1, 0
124, 1, 0
125, 1, 0
125, 1, 0
125, 2, 0
125, 1, -1
125, 1, 0
125, 1, 0
125, 1, 0
125, 1, 0
125, 1, 0
125, 2, -1
125, 1, 0
126, 1, 0
124, 1, 0
125, 1, 0
125, 1, 0
125, 1, -1
125, 1, 0
160, 1, 0
105, 2, 0
115, 1, 0
131, 1, 0
118, 1, -1
125, 1, 0
125, 1, 0
125, 1, 0
125, 1, 0
125, 1, -1
126, 1, 0
125, 1, 0
125, 1, 0
126, 1, 0
125, 1, 0
135, 1, -1
116, 1, 0
123, 1, 0
125, 2, 0
243, 2, 0
135, 0, -1
122, 2, 0
124, 1, 0
244, 2, 0
250, 2, 0
132, 0, -1
124, 2, 0
244, 2, 0
250, 1, 0
131, 1, -1
125, 1, 0
125, 1, 0
125, 1, 0
124, 1, 0
126, 1, 0
125, 1, -1
125, 1, 0
125, 1, 0
125, 1, 0
124, 1, 0
125, 1, 0
126, 1, -1
244, 1, 0
131, 1, 0
125, 1, 0
121, 1, 0
126, 1, 0
125, 1, 0
125, 1, -1
125, 1, 0
124, 1, 0
126, 1, 0
247, 1, 0
128, 1, -1
125, 1, 0
125, 1, 0
247, 1, 0
128, 1, 0
124, 1, 0
126, 1, 0
124, 1, -1
126, 1, 0
247, 1, 0
129, 1, 0
124, 1, 0
248, 1, 0
127, 1, -1
125, 1, 0
247, 1, 0
128, 1, 0
125, 1, 0
125, 0, -1
125, 1, 0
127, 1, 0
124, 1, 0
249, 1, 0
125, 1, 0
125, 1, 0
247, 1, -1
128, 1, 0
247, 1, 0
128, 1, 0
125, 1, 0
411, 1, 0
215, 1, -1
124, 1, 0
125, 1, 0
124, 1, 0
125, 1, 0
248, 1, 0
128, 0, -1
124, 1, 0
248, 1, 0
128, 1, 0
247, 1, 0
250, 1, -1
250, 1, 0
128, 1, 0
247, 1, 0
249, 1, 0
250, 1, 0
250, 1, -1
251, 1, 0
250, 1, 0
250, 1, 0
403, 1, -1
221, 1, 0
250, 1, 0
251, 1, 0
375, 1, 0
258, 1, 0
242, 0, -1
135, 1, 0
366, 1, 0
449, 1, 0
300, 1, 0
405, 1, 0
345, 0, -1
131, 1, 0
495, 1, 0
667, 1, 0
616, 1, -1
751, 1, 0
1216, 1, 0
7429, -1, 0
195, 0, -1
1408, -1, 0
1093, -1, 0
1251, -1, 0
554, 0, -1
194, -1, 0
789, -1, 0
740, -1, 0
633, -1, 0
463, -1, 0
664, -1, 0
92, 0, -1
369, -1, 0
388, -1, 0
535, -1, 0
492, -1, 0
210, -1, 0
500, -1, 0
376, -1, 0
409, -1, 0
93, 0, -1
247, -1, 0
412, -1, 0
213, -1, 0
375, -1, 0
375, -1, 0
250, -1, 0
250, -1, 0
411, -1, 0
213, -1, 0
250, -1, 0
250, -1, 0
250, -1, 0
403, -1, 0
222, -1, 0
250, -1, 0
250, -1, 0
250, -1, 0
128, -1, 0
247, -1, 0
250, -1, 0
250, -1, 0
251, -1, 0
250, -1, 0
127, -1, 0
247, -1, 0
250, -1, 0
250, -1, 0
128, -1, 0
247, -1, 0
128, -1, 0
247, -1, 0
250, -1, 0
128, -1, 0
247, -1, 0
282, -1, 0
106, -1, 0
118, -1, 0
245, -1, 0
131, -1, 0
244, -1, 0
131, -1, 0
243, -1, 0
132, -1, 0
243, -1, 0
131, -1, 1
125, -1, 0
244, -1, 0
131, -1, 0
125, -1, 0
244, -1, 0
131, -1, 0
125, -1, 0
244, -1, 0
131, -1, 0
125, -1, 0
125, -1, 0
244, -1, 1
132, -1, 0
243, -1, 0
132, -1, 0
125, -1, 0
125, -1, 0
124, -1, 0
244, -1, 0
131, -1, 0
125, -1, 1
125, -1, 0
125, -1, 0
244, -1, 0
131, -1, 0
125, -1, 0
125, -1, 0
125, -1, 0
133, -1, 0
236, -1, 0
128, -1, 0
125, -1, 1
125, -1, 0
125, -1, 0
126, -1, 0
247, -2, 0
250, -1, 0
128, -1, 1
125, -1, 0
125, -1, 0
124, -1, 0
125, -1, 0
125, -1, 0
125, -1, 0
125, -1, 0
125, -1, 1
247, -2, 0
257, -2, 0
243, -2, 0
138, -1, 0
115, -1, 1
247, -1, 0
267, -1, 0
238, -1, 0
124, -3, 1
124, -1, 0
125, -2, 0
247, -1, 0
128, -1, 0
125, -2, 1
247, -1, 0
128, -2, 0
247, -2, 0
128, -1, 0
125, -1, 1
125, -1, 0
125, -1, 0
125, -1, 0
125, -1, 0
125, -1, 0
125, -2, 1
247, -1, 0
128, -2, 0
247, -2, 0
128, -1, 1
125, -1, 0
125, -1, 0
125, -1, 0
125, -1, 0
125, -2, 0
125, -1, 1
247, -2, 0
128, -1, 0
125, -1, 0
125, -1, 1
125, -1, 0
125, -2, 0
125, -1, 0
125, -1, 0
126, -1, 0
124, -1, 0
125, -2, 1
125, -1, 0
125, -1, 0
127, -1, 0
124, -1, 0
125, -1, 1
125, -1, 0
125, -2, 0
124, -1, 0
126, -1, 0
125, -1, 1
125, -2, 0
126, -1, 0
124, -1, 0
124, -1, 0
126, -1, 1
124, -1, 0
126, -1, 0
124, -2, 0
125, -1, 0
125, -2, 1
125, -1, 0
125, -1, 0
125, -1, 0
126, -2, 0
124, -1, 1
125, -1, 0
125, -1, 0
125, -1, 0
125, -2, 0
125, -1, 1
125, -1, 0
126, -1, 0
124, -2, 0
125, -1, 0
125, -1, 1
126, -1, 0
128, -2, 0
121, -1, 0
125, -1, 1
126, -2, 0
124, -1, 0
125, -1, 0
125, -2, 0
125, -1, 1
125, -1, 0
125, -2, 0
125, -1, 0
126, -1, 1
124, -1, 0
125, -2, 0
125, -1, 0
125, -1, 1
125, -2, 0
125, -1, 0
125, -1, 0
125, -2, 1
125, -1, 0
125, -1, 0
125, -2, 0
125, -1, 1
125, -1, 0
125, -2, 0
125, -1, 0
126, -2, 1
124, -1, 0
125, -1, 0
125, -2, 0
125, -1, 1
125, -1, 0
125, -2, 0
126, -1, 0
125, -2, 1
124, -1, 0
125, -1, 0
125, -2, 0
125, -1, 1
125, -2, 0
125, -1, 0
125, -1, 0
125, -2, 1
125, -1, 0
125, -1, 0
125, -2, 0
125, -1, 1
125, -1, 0
294, -2, 0
207, -1, 0
125, -5, 1
124, -1, 0
125, -2, 1
125, -1, 0
125, -2, 0
125, -1, 0
127, -2, 1
124, -1, 0
123, -1, 0
126, -2, 1
125, -1, 0
125, -2, 0
127, -1, 0
122, -2, 1
125, -1, 0
126, -2, 0
125, -1, 0
125, -2, 1
124, -1, 0
125, -1, 0
125, -2, 0
126, -1, 1
124, -2, 0
126, -1, 0
125, -2, 0
125, -2, 1
125, -1, 0
125, -2, 0
124, -1, 0
125, -2, 1
125, -1, 0
126, -2, 0
125, -1, 1
124, -2, 0
125, -1, 0
125, -2, 0
126, -1, 1
124, -2, 0
125, -1, 0
125, -2, 0
126, -1, 1
124, -2, 0
125, -1, 0
125, -1, 1
125, -2, 0
125, -2, 0
125, -1, 0
125, -2, 1
126, -2, 0
125, -1, 0
124, -2, 0
125, -1, 1
125, -2, 0
126, -1, 0
124, -2, 1
125, -1, 0
126, -1, 0
124, -2, 0
125, -2, 1
126, -2, 0
124, -1, 0
125, -2, 1
125, -1, 0
125, -2, 0
126, -1, 0
125, -2, 1
124, -2, 0
125, -2, 0
125, -1, 0
125, -1, 1
125, -2, 0
125, -1, 0
126, -2, 1
124, -2, 0
125, -2, 0
125, -1, 0
125, -2, 1
125, -1, 0
125, -2, 0
125, -1, 0
126, -2, 1
125, -2, 0
124, -1, 0
125, -2, 1
125, -1, 0
125, -2, 0
125, -1, 0
125, -2, 1
125, -2, 0
126, -2, 0
124, -1, 1
125, -2, 0
125, -1, 0
125, -2, 0
125, -2, 1
125, -1, 0
125, -2, 0
126, -1, 1
124, -2, 0
125, -2, 0
125, -2, 0
125, -1, 1
125, -2, 0
125, -1, 0
126, -2, 1
124, -2, 0
126, -1, 0
124, -2, 0
125, -1, 1
125, -2, 0
125, -2, 0
125, -2, 1
125, -1, 0
127, -2, 0
124, -1, 0
125, -3, 1
125, -1, 0
125, -1, 0
125, -2, 1
125, -2, 0
125, -2, 0
125, -1, 0
125, -2, 1
126, -1, 0
124, -2, 0
125, -2, 1
140, -2, 0
111, -1, 0
124, -2, 1
125, -2, 0
264, -3, 1
118, -1, 0
119, -2, 0
124, -2, 0
127, -2, 1
123, -1, 0
125, -2, 0
128, -2, 0
124, -1, 1
124, -2, 0
123, -1, 0
125, -2, 1
125, -2, 0
125, -2, 0
125, -1, 0
125, -2, 1
126, -2, 0
125, -2, 0
125, -1, 1
125, -2, 0
125, -1, 0
125, -3, 1
125, -1, 0
126, -1, 0
124, -2, 0
125, -2, 1
125, -2, 0
125, -1, 0
125, -2, 1
126, -2, 0
125, -2, 0
124, -1, 0
126, -2, 1
124, -2, 0
125, -2, 0
125, -1, 1
126, -1, 0
125, -2, 0
125, -2, 1
124, -2, 0
126, -1, 0
140, -2, 1
109, -2, 0
125, -2, 0
125, -1, 0
126, -2, 1
125, -2, 0
124, -1, 0
126, -2, 0
124, -2, 1
126, -2, 0
124, -1, 0
125, -2, 1
131, -2, 0
119, -2, 0
126, -1, 0
124, -2, 1
146, -1, 0
104, -3, 0
126, -1, 1
124, -1, 0
125, -2, 0
126, -2, 0
124, -2, 1
125, -1, 0
125, -2, 0
125, -2, 1
125, -2, 0
125, -1, 0
125, -2, 1
125, -2, 0
125, -1, 0
125, -2, 0
127, -2, 1
123, -2, 0
125, -1, 0
125, -2, 0
125, -2, 1
125, -2, 0
125, -1, 0
125, -2, 1
124, -1, 0
132, -3, 0
119, -1, 0
125, -1, 1
124, -2, 0
126, -2, 0
125, -2, 1
125, -1, 0
125, -3, 0
124, -1, 0
125, -2, 1
126, -1, 0
126, -2, 0
124, -2, 1
125, -1, 0
125, -2, 0
124, -2, 0
125, -2, 0
126, -1, 1
125, -2, 0
125, -2, 0
125, -2, 1
125, -1, 0
125, -2, 0
125, -2, 0
126, -2, 1
125, -1, 0
125, -2, 0
124, -2, 0
125, -1, 1
125, -2, 0
125, -1, 0
125, -3, 1
124, -1, 0
125, -2, 0
126, -1, 0
127, -3, 1
122, -1, 0
125, -1, 0
125, -2, 1
125, -2, 0
125, -2, 0
125, -1, 0
125, -2, 1
125, -2, 0
125, -2, 0
125, -1, 0
125, -2, 1
125, -2, 0
125, -2, 0
125, -1, 0
262, -1, 1
241, -2, 0
123, -5, 1
124, -2, 0
128, -2, 0
122, -2, 1
125, -1, 0
125, -2, 0
125, -1, 0
125, -3, 1
125, -1, 0
125, -1, 0
125, -2, 0
125, -2, 1
125, -2, 0
125, -1, 0
125, -2, 0
126, -1, 1
149, -2, 0
112, -2, 0
138, -2, 0
134, -1, 1
97, -2, 0
124, -2, 0
123, -1, 0
125, -2, 1
126, -1, 0
126, -2, 0
124, -2, 0
125, -2, 1
125, -1, 0
142, -2, 0
107, -1, 0
125, -2, 1
125, -2, 0
125, -1, 0
125, -2, 0
126, -1, 0
125, -2, 1
125, -2, 0
124, -2, 0
125, -1, 0
126, -2, 1
126, -1, 0
125, -2, 0
123, -2, 0
125, -2, 1
126, -1, 0
124, -1, 0
125, -2, 0
125, -1, 0
125, -2, 1
125, -2, 0
125, -2, 0
126, -1, 0
125, -2, 1
127, -1, 0
123, -2, 0
125, -1, 0
124, -2, 1
125, -2, 0
126, -1, 0
124, -2, 0
126, -1, 0
124, -2, 1
127, -1, 0
124, -2, 0
124, -2, 0
131, -1, 1
128, -2, 0
117, -2, 0
122, -1, 0
128, -1, 0
124, -2, 1
124, -1, 0
125, -2, 0
125, -2, 0
132, -1, 0
121, -2, 1
133, -2, 0
114, -1, 0
126, -2, 0
124, -1, 0
125, -1, 1
126, -2, 0
125, -1, 0
125, -2, 0
124, -1, 0
127, -2, 1
123, -2, 0
126, -1, 0
125, -1, 0
124, -2, 0
126, -2, 1
125, -1, 0
124, -2, 0
125, -1, 0
125, -2, 0
125, -1, 1
126, -2, 0
125, -1, 0
124, -2, 0
126, -1, 0
124, -2, 0
125, -1, 1
126, -2, 0
125, -1, 0
125, -2, 0
125, -1, 1
124, -1, 0
126, -2, 0
128, -1, 0
124, -2, 0
124, -1, 0
126, -2, 1
124, -1, 0
125, -2, 0
123, -1, 0
125, -1, 0
125, -2, 1
125, -1, 0
125, -2, 0
125, -1, 0
125, -1, 0
125, -2, 0
125, -1, 1
125, -1, 0
124, -2, 0
127, -1, 0
125, -2, 0
124, -1, 0
317, -2, 1
186, -1, 0
123, -4, 0
125, -1, 0
124, -2, 1
125, -1, 0
125, -1, 0
125, -2, 0
124, -1, 0
126, -2, 0
125, -1, 0
125, -1, 0
125, -1, 1
125, -2, 0
125, -1, 0
125, -1, 0
125, -2, 0
125, -1, 0
125, -1, 0
125, -1, 1
125, -2, 0
125, -1, 0
147, -2, 0
108, -1, 0
126, -1, 0
142, -1, 1
110, -1, 0
120, -2, 0
125, -1, 0
124, -2, 0
125, -1, 0
126, -1, 1
124, -1, 0
126, -2, 0
125, -1, 0
125, -1, 0
125, -1, 0
125, -1, 0
125, -2, 0
125, -1, 0
125, -1, 1
124, -1, 0
126, -1, 0
124, -1, 0
126, -2, 0
125, -1, 0
125, -1, 0
124, -1, 0
126, -1, 0
126, -2, 1
124, -1, 0
126, -1, 0
123, -1, 0
126, -1, 0
125, -1, 0
126, -2, 0
124, -1, 0
127, -1, 0
123, -1, 0
125, -1, 1
127, -1, 0
123, -1, 0
125, -2, 0
244, -2, 0
131, -1, 0
125, -1, 0
125, -1, 0
125, -1, 0
125, -1, 1
125, -2, 0
244, -1, 0
128, -1, 0
125, -1, 0
125, -2, 0
125, -1, 0
125, -1, 0
125, -1, 0
125, -1, 0
125, -1, 0
126, -1, 0
124, -1, 0
125, -1, 1
125, -1, 0
126, -1, 0
124, -1, 0
125, -1, 0
124, -1, 0
127, -1, 0
124, -1, 0
125, -1, 0
124, -1, 0
125, -1, 0
125, -1, 0
126, -1, 0
124, 0, 1
126, -2, 0
247, -2, 0
250, -1, 0
127, -1, 0
125, -1, 0
125, -1, 0
126, -1, 0
124, -1, 0
127, -1, 0
126, -1, 0
122, -1, 0
125, -1, 0
247, -1, 0
128, -1, 0
125, -1, 1
125, -1, 0
126, -1, 0
124, -1, 0
126, -1, 0
125, -1, 0
247, -1, 0
128, -1, 0
125, -1, 0
125, -1, 0
125, -1, 0
247, -1, 0
128, -1, 0
125, -1, 0
124, -1, 0
126, -1, 0
254, -1, 0
120, -1, 0
249, -1, 0
129, -1, 0
123, -1, 0
247, -1, 0
128, -1, 0
124, -1, 0
248, -1, 0
128, -1, 0
124, -1, 0
248, -1, 0
128, -1, 0
247, -1, 0
127, -1, 0
125, -1, 0
247, -1, 0
128, -1, 0
248, -1, 0
249, -1, 0
129, -1, 0
137, -1, 0
235, -1, 0
249, -1, 0
128, -1, 0
248, -1, 0
251, -1, 0
127, -1, 0
247, -1, 0
249, -1, 0
126, -1, 0
248, -1, 0
249, -1, 0
250, -1, 0
250, -1, 0
250, -1, 0
251, -1, 0
250, -1, 0
250, -1, 0
249, -1, 0
251, -1, 0
249, -1, 0
251, -1, 0
249, -1, 0
375, -1, 0
250, -1, 0
250, -1, 0
409, -1, 0
217, -1, 0
408, -1, 0
341, -1, 0
250, -1, 0
381, -1, 0
244, 0, -1
131, -1, 0
401, -1, 0
502, -1, 0
341, -1, 0
376, -1, 0
500, -1, 0
128, 0, -1
373, -1, 0
533, -1, 0
466, -1, 0
500, 0, -1
127, -1, 0
750, -1, 0
528, -1, 0
750, -1, 0
220, 0, -1
530, -1, 0
1000, -1, 0
629, 0, -1
499, -1, 0
1120, -1, 0
878, 0, -1
970, -1, 0
2288, -1, 0
494, 0, -1
3647, 0, -1
3763, 0, -1
965, 1, 0
1123, 1, -1
1007, 1, 0
212, 0, -1
660, 1, 0
591, 1, 0
127, 0, -1
622, 1, 0
629, 1, -1
496, 1, 0
535, 1, -1
466, 1, 0
408, 1, 0
217, 0, -1
250, 1, 0
405, 1, 0
507, 1, -1
213, 1, 0
376, 1, 0
374, 1, -1
374, 1, 0
251, 1, 0
375, 1, -1
249, 1, 0
406, 1, 0
220, 1, 0
127, 0, -1
248, 1, 0
251, 1, 0
249, 1, 0
251, 1, -1
397, 1, 0
105, 1, 0
247, 0, -1
128, 1, 0
125, 1, 0
247, 1, 0
250, 1, 0
128, 0, -1
125, 1, 0
247, 1, 0
252, 1, 0
249, 1, 0
130, 0, -1
122, 1, 0
125, 1, 0
248, 1, 0
127, 1, 0
247, 1, -1
250, 1, 0
128, 1, 0
248, 1, 0
251, 1, -1
127, 1, 0
247, 1, 0
250, 1, 0
128, 1, 0
125, 0, -1
124, 1, 0
126, 1, 0
247, 1, 0
128, 1, 0
126, 1, 0
124, 0, -1
126, 1, 0
124, 1, 0
246, 1, 0
128, 1, 0
125, 1, 0
248, 1, -1
128, 1, 0
125, 1, 0
247, 1, 0
128, 1, 0
125, 0, -1
125, 1, 0
124, 1, 0
125, 1, 0
247, 1, 0
128, 1, 0
126, 1, -1
158, 1, 0
234, 1, 0
118, 1, 0
121, 1, 0
246, 2, -1
253, 1, 0
124, 1, 0
124, 1, 0
122, 1, 0
125, 1, 0
247, 1, -1
128, 1, 0
125, 1, 0
125, 1, 0
125, 1, 0
125, 1, 0
125, 1, 0
125, 0, -1
125, 1, 0
125, 1, 0
125, 1, 0
125, 1, 0
125, 1, 0
127, 1, 0
123, 1, -1
125, 1, 0
125, 1, 0
126, 1, 0
124, 1, 0
125, 1, 0
125, 1, -1
125, 1, 0
125, 1, 0
247, 2, 0
129, 1, 0
250, 2, 0
122, 0, -1
126, 2, 0
246, 2, 0
249, 2, -1
128, 1, 0
125, 1, 0
125, 1, 0
125, 1, 0
125, 1, 0
126, 1, 0
124, 1, -1
125, 1, 0
126, 1, 0
125, 1, 0
124, 1, 0
125, 1, 0
125, 1, -1
125, 1, 0
125, 1, 0
125, 1, 0
130, 1, 0
125, 2, 0
246, 2, 0
129, 1, -1
124, 1, 0
124, 1, 0
125, 1, 0
125, 1, 0
124, 2, 0
126, 1, 0
125, 1, -1
125, 1, 0
125, 1, 0
125, 1, 0
125, 1, 0
125, 2, 0
251, 2, -1
122, 1, 0
125, 1, 0
124, 1, 0
126, 2, 0
124, 1, 0
125, 1, 0
125, 1, 0
126, 1, -1
124, 1, 0
125, 2, 0
125, 1, 0
125, 1, 0
125, 1, 0
125, 1, -1
125, 2, 0
125, 1, 0
125, 2, 0
125, 1, 0
247, 2, -1
128, 1, 0
125, 2, 0
125, 1, 0
125, 1, 0
128, 1, 0
122, 2, -1
126, 1, 0
124, 1, 0
125, 1, 0
125, 1, 0
125, 2, 0
128, 1, 0
122, 2, 0
125, 1, -1
125, 1, 0
125, 2, 0
125, 1, 0
125, 1, 0
125, 2, -1
125, 1, 0
125, 1, 0
125, 1, 0
125, 2, 0
125, 1, 0
125, 1, 0
125, 2, -1
125, 1, 0
125, 2, 0
125, 1, 0
125, 2, 0
125, 1, 0
125, 1, -1
125, 1, 0
125, 2, 0
125, 1, 0
147, 1, 0
103, 2, 0
125, 1, -1
125, 2, 0
125, 1, 0
125, 2, 0
125, 1, 0
125, 2, -1
125, 1, 0
125, 1, 0
125, 2, 0
125, 1, 0
128, 1, 0
128, 2, -1
132, 1, 0
115, 2, 0
148, 1, 0
102, 2, 0
125, 1, 0
125, 1, 0
125, 2, -1
125, 1, 0
126, 2, 0
124, 1, 0
131, 2, 0
120, 1, -1
125, 2, 0
125, 1, 0
124, 1, 0
125, 2, 0
126, 2, 0
124, 1, -1
126, 2, 0
124, 1, 0
125, 2, 0
125, 1, 0
125, 2, 0
125, 1, -1
125, 2, 0
125, 1, 0
125, 2, 0
125, 1, 0
126, 2, -1
124, 1, 0
125, 2, 0
125, 1, 0
125, 2, 0
125, 1, 0
126, 2, -1
124, 1, 0
125, 2, 0
125, 2, 0
125, 1, 0
125, 2, -1
125, 1, 0
125, 2, 0
125, 1, 0
125, 2, 0
125, 1, -1
125, 2, 0
125, 1, 0
125, 2, 0
140, 2, 0
108, 1, -1
124, 2, 0
124, 1, 0
126, 2, 0
125, 1, 0
125, 2, -1
125, 1, 0
125, 3, 0
125, 1, 0
145, 2, 0
107, 1, -1
123, 1, 0
126, 2, 0
294, 2, 0
207, 2, 0
123, 4, -1
125, 2, 0
125, 1, 0
125, 2, -1
125, 2, 0
125, 1, 0
125, 2, 0
126, 1, -1
125, 2, 0
124, 2, 0
125, 2, 0
125, 1, 0
125, 2, -1
125, 1, 0
125, 2, 0
125, 1, 0
125, 2, 0
125, 2, -1
125, 1, 0
125, 2, 0
125, 1, 0
125, 2, 0
125, 2, -1
125, 2, 0
125, 1, 0
125, 2, 0
125, 1, 0
125, 2, -1
125, 2, 0
125, 1, 0
125, 2, 0
125, 1, -1
125, 2, 0
124, 2, 0
126, 2, 0
124, 1, 0
126, 2, -1
125, 2, 0
125, 2, 0
125, 1, 0
125, 2, 0
125, 1, -1
125, 2, 0
125, 2, 0
125, 1, 0
125, 2, -1
125, 1, 0
125, 3, 0
125, 1, 0
124, 2, -1
140, 1, 0
115, 2, 0
124, 2, 0
125, 2, -1
124, 1, 0
125, 1, 0
126, 3, 0
124, 1, 0
126, 2, -1
124, 1, 0
125, 2, 0
125, 2, 0
126, 2, -1
124, 1, 0
125, 2, 0
126, 2, 0
124, 1, 0
126, 2, -1
125, 2, 0
124, 2, 0
126, 1, 0
124, 2, -1
125, 1, 0
126, 3, 0
124, 1, 0
126, 2, -1
124, 2, 0
125, 1, 0
125, 2, 0
126, 1, 0
125, 2, -1
124, 2, 0
127, 2, 0
123, 1, 0
125, 2, -1
125, 2, 0
131, 2, 0
122, 1, -1
125, 2, 0
125, 2, 0
125, 2, 0
126, 1, -1
123, 2, 0
124, 2, 0
127, 1, 0
125, 2, -1
125, 1, 0
123, 2, 0
125, 2, 0
125, 2, -1
122, 1, 0
124, 2, 0
125, 2, 0
125, 1, 0
126, 2, -1
124, 2, 0
126, 2, 0
126, 1, -1
124, 2, 0
125, 2, 0
125, 2, 0
125, 1, -1
125, 2, 0
125, 1, 0
125, 3, 0
125, 1, -1
125, 1, 0
125, 2, 0
125, 2, 0
124, 2, -1
126, 1, 0
125, 2, 0
125, 2, -1
125, 2, 0
125, 1, 0
124, 2, 0
127, 2, -1
125, 1, 0
124, 2, 0
125, 2, 0
310, 2, -1
191, 1, 0
123, 5, -1
126, 2, 0
125, 2, 0
124, 1, 0
126, 2, -1
124, 2, 0
126, 1, 0
125, 2, 0
125, 2, -1
125, 2, 0
124, 1, 0
126, 2, 0
126, 2, -1
124, 2, 0
129, 1, 0
162, 2, -1
88, 2, 0
128, 1, 0
138, 2, 0
115, 1, -1
118, 2, 0
127, 2, 0
124, 2, 0
125, 1, -1
124, 2, 0
125, 2, 0
125, 2, 0
125, 1, -1
125, 2, 0
125, 2, 0
124, 1, -1
126, 2, 0
125, 2, 0
124, 1, 0
126, 2, -1
126, 2, 0
130, 1, 0
124, 2, -1
125, 2, 0
127, 2, 0
119, 1, 0
125, 1, 0
134, 2, -1
115, 2, 0
124, 2, 0
130, 1, 0
120, 2, -1
125, 2, 0
126, 2, 0
124, 1, -1
125, 2, 0
126, 1, 0
127, 2, -1
124, 2, 0
125, 1, 0
125, 2, 0
125, 2, -1
124, 2, 0
124, 1, 0
126, 2, 0
125, 2, -1
124, 1, 0
125, 2, 0
125, 2, -1
125, 1, 0
126, 2, 0
122, 2, 0
125, 1, -1
124, 2, 0
125, 1, 0
126, 2, 0
125, 2, -1
125, 2, 0
125, 1, 0
125, 2, -1
125, 2, 0
125, 2, 0
125, 1, 0
124, 1, -1
126, 2, 0
125, 2, 0
125, 2, 0
125, 1, -1
125, 2, 0
124, 1, 0
126, 2, 0
125, 2, -1
124, 2, 0
125, 1, 0
125, 1, 0
126, 3, -1
124, 1, 0
126, 2, 0
124, 1, -1
125, 2, 0
125, 2, 0
126, 2, -1
124, 1, 0
126, 2, 0
125, 1, 0
124, 1, 0
126, 3, -1
124, 1, 0
125, 2, 0
125, 1, -1
126, 2, 0
124, 1, 0
126, 2, 0
124, 2, -1
126, 2, 0
124, 1, 0
126, 2, -1
124, 1, 0
125, 2, 0
126, 2, 0
125, 1, -1
131, 2, 0
123, 1, 0
123, 2, 0
125, 2, -1
125, 2, 0
125, 1, 0
125, 2, -1
125, 1, 0
125, 2, 0
125, 1, 0
125, 2, 0
125, 2, -1
125, 1, 0
244, 2, 0
255, 1, -1
124, 6, 0
125, 1, -1
125, 1, 0
125, 2, 0
125, 2, 0
125, 1, -1
125, 2, 0
126, 2, 0
124, 1, -1
126, 2, 0
123, 1, 0
125, 2, 0
126, 1, -1
124, 2, 0
125, 2, 0
126, 1, 0
158, 2, -1
113, 1, 0
107, 2, 0
124, 1, 0
126, 2, -1
125, 1, 0
124, 2, 0
125, 2, -1
126, 2, 0
124, 1, 0
128, 1, 0
124, 2, 0
126, 1, -1
124, 2, 0
125, 1, 0
124, 2, -1
125, 2, 0
125, 2, 0
125, 1, -1
125, 2, 0
125, 1, 0
124, 2, 0
126, 1, -1
125, 1, 0
125, 2, 0
125, 2, 0
124, 1, -1
126, 2, 0
125, 2, 0
125, 1, 0
125, 2, -1
125, 1, 0
125, 2, 0
127, 1, -1
125, 1, 0
125, 2, 0
134, 1, 0
114, 2, -1
125, 1, 0
126, 2, 0
124, 1, 0
125, 2, -1
125, 2, 0
124, 1, 0
126, 2, 0
124, 1, 0
125, 2, -1
126, 1, 0
125, 2, 0
126, 1, -1
125, 2, 0
122, 1, 0
124, 2, 0
125, 1, 0
125, 2, -1
125, 1, 0
126, 2, 0
124, 1, -1
124, 1, 0
126, 2, 0
124, 1, 0
125, 2, 0
125, 1, -1
126, 2, 0
124, 1, 0
125, 2, 0
126, 1, -1
124, 2, 0
125, 1, 0
125, 1, 0
126, 2, -1
124, 1, 0
125, 2, 0
125, 1, 0
125, 2, -1
125, 1, 0
125, 2, 0
125, 1, 0
126, 2, -1
124, 1, 0
125, 2, 0
125, 1, 0
125, 1, 0
125, 2, -1
125, 1, 0
125, 2, 0
125, 1, 0
125, 2, -1
125, 1, 0
125, 1, 0
125, 2, 0
126, 1, -1
125, 1, 0
124, 1, 0
125, 2, 0
125, 1, 0
125, 2, -1
126, 1, 0
124, 2, 0
125, 1, 0
126, 2, -1
125, 1, 0
124, 1, 0
125, 2, 0
126, 1, 0
124, 1, -1
125, 1, 0
125, 2, 0
125, 1, 0
139, 2, -1
111, 1, 0
125, 2, 0
125, 1, 0
293, 1, -1
209, 1, 0
126, 5, 0
122, 1, -1
125, 1, 0
125, 2, 0
125, 1, 0
125, 1, -1
125, 1, 0
129, 2, 0
121, 1, 0
125, 2, 0
125, 1, -1
125, 1, 0
125, 2, 0
125, 1, 0
125, 1, 0
125, 1, -1
126, 2, 0
124, 1, 0
125, 1, 0
125, 2, -1
125, 1, 0
125, 1, 0
125, 2, 0
125, 1, 0
125, 1, -1
125, 1, 0
125, 1, 0
125, 2, 0
170, 1, -1
103, 2, 0
224, 2, 0
145, 1, 0
111, 1, -1
125, 1, 0
125, 2, 0
125, 1, 0
125, 1, 0
125, 1, -1
125, 1, 0
125, 2, 0
125, 1, 0
125, 1, -1
125, 2, 0
125, 1, 0
125, 1, 0
125, 1, 0
125, 1, -1
125, 2, 0
125, 1, 0
125, 1, 0
125, 1, -1
125, 1, 0
125, 2, 0
125, 1, 0
125, 1, 0
125, 1, -1
125, 2, 0
245, 2, 0
131, 1, 0
125, 1, -1
124, 1, 0
125, 1, 0
125, 1, 0
125, 1, 0
125, 2, -1
125, 1, 0
125, 1, 0
125, 1, 0
125, 1, -1
125, 1, 0
125, 2, 0
244, 1, 0
131, 2, -1
125, 1, 0
125, 1, 0
125, 1, 0
125, 1, 0
123, 1, 0
124, 1, -1
125, 1, 0
125, 2, 0
247, 1, -1
128, 2, 0
247, 2, 0
250, 2, -1
128, 1, 0
125, 1, 0
127, 1, 0
125, 1, 0
125, 1, -1
130, 1, 0
122, 1, 0
125, 1, 0
125, 1, 0
124, 1, -1
125, 1, 0
125, 1, 0
125, 1, 0
125, 1, 0
125, 1, -1
125, 1, 0
125, 1, 0
124, 1, 0
248, 2, -1
250, 2, 0
251, 1, 0
127, 1, 0
125, 1, -1
125, 1, 0
124, 1, 0
125, 1, 0
125, 1, 0
126, 1, -1
125, 1, 0
125, 1, 0
247, 1, 0
128, 1, 0
125, 1, -1
124, 1, 0
398, 1, 0
104, 1, 0
125, 2, -1
124, 1, 0
125, 1, 0
125, 1, 0
125, 1, 0
125, 1, -1
247, 1, 0
129, 1, 0
124, 1, 0
125, 1, 0
125, 1, -1
247, 1, 0
128, 1, 0
247, 1, 0
129, 1, -1
124, 1, 0
247, 1, 0
127, 1, 0
126, 1, -1
124, 1, 0
126, 1, 0
247, 1, 0
250, 1, 0
168, 1, -1
106, 1, 0
226, 1, 0
131, 1, 0
243, 1, 0
131, 0, -1
125, 1, 0
126, 1, 0
124, 1, 0
244, 1, 0
132, 1, -1
244, 1, 0
249, 1, 0
131, 1, 0
244, 1, -1
250, 1, 0
131, 1, 0
245, 1, 0
252, 1, 0
129, 0, -1
125, 1, 0
244, 1, 0
131, 1, 0
402, 1, -1
97, 1, 0
244, 1, 0
407, 1, 0
219, 1, -1
250, 1, 0
249, 1, 0
250, 1, 0
379, 1, 0
125, 0, -1
247, 1, 0
250, 1, 0
410, 1, 0
340, 1, 0
252, 1, -1
531, 1, 0
342, 1, 0
249, 0, -1
128, 1, 0
498, 1, 0
659, 1, 0
591, 1, 0
128, 0, -1
621, 1, 0
981, 1, 0
1457, 1, 0
1598, 0, -1
3963, -1, 0
1910, -1, 0
1271, -1, 0
978, 0, -1
94, -1, 0
1033, -1, 0
746, -1, 0
593, -1, 0
752, -1, 0
540, -1, -1
707, -1, 0
408, -1, 0
592, -1, 0
537, -1, 0
338, -1, 0
533, -1, 0
342, -1, 0
500, -1, 0
376, -1, 0
425, -1, 0
198, -1, 0
251, 0, -1
250, -1, 0
249, -1, 0
375, -1, 0
409, -1, 0
341, -1, 0
250, -1, 0
250, -1, 0
409, -1, 0
216, -1, 0
376, -1, 0
250, -1, 0
250, -1, 0
374, -1, 0
250, -1, 0
251, -1, 0
250, -1, 0
249, -1, 0
250, -1, 0
250, -1, 0
250, -1, 0
250, -1, 0
250, -1, 0
250, -1, 0
251, -1, 0
249, -1, 1
250, -1, 0
250, -1, 0
250, -1, 0
128, -1, 0
247, -1, 0
250, -1, 0
250, -1, 0
128, -1, 0
247, -1, 0
128, -1, 0
247, 0, 1
128, -1, 0
125, -1, 0
247, -1, 0
129, -1, 0
246, -1, 0
250, -1, 0
128, -1, 0
248, -1, 0
127, -1, 1
247, -1, 0
131, -1, 0
244, -1, 0
128, -1, 0
247, -1, 0
128, -1, 0
247, -1, 0
128, -1, 0
247, -1, 0
333, -1, 1
45, -1, 0
134, -1, 0
239, -1, 0
127, -1, 0
125, -1, 0
247, -1, 0
128, -1, 0
125, 0, 1
125, -1, 0
125, -1, 0
125, -1, 0
247, -1, 0
129, -1, 0
124, -1, 0
247, -1, 0
128, -1, 1
247, -1, 0
128, -1, 0
125, -1, 0
125, -1, 0
125, -1, 0
247, -1, 0
128, -1, 1
125, -1, 0
247, -1, 0
128, -1, 0
125, -1, 0
125, -1, 0
247, -1, 1
128, -1, 0
125, -1, 0
247, -2, 0
250, -1, 0
128, -1, 0
247, -1, 1
128, -1, 0
126, -1, 0
126, -1, 0
124, -1, 0
247, -2, 0
249, -1, 1
128, -1, 0
125, -1, 0
125, -1, 0
247, -1, 0
128, -1, 0
125, -1, 1
125, -1, 0
125, -1, 0
125, -1, 0
125, -1, 0
247, -2, 0
250, -1, 1
128, -1, 0
125, -1, 0
125, -1, 0
125, -1, 0
125, -1, 0
125, -1, 0
125, -1, 1
247, -1, 0
128, -1, 0
125, -1, 0
125, -1, 0
125, -1, 0
125, -1, 0
125, -1, 1
125, -1, 0
125, -1, 0
125, -1, 0
125, -1, 1
125, -1, 0
125, -1, 0
125, -1, 0
247, -1, 0
128, -1, 1
125, -1, 0
125, -1, 0
125, -1, 0
125, -1, 0
125, -1, 0
125, -1, 0
125, -1, 0
125, -1, 1
125, -1, 0
125, -1, 0
125, -1, 0
125, -1, 0
125, -1, 0
125, -1, 1
125, -1, 0
125, -1, 0
125, -1, 0
125, -1, 0
125, -1, 0
125, -1, 1
125, -1, 0
125, -1, 0
125, -1, 0
125, -1, 0
125, -1, 0
125, -1, 1
125, -1, 0
125, -1, 0
125, -1, 0
125, -1, 0
125, -1, 0
125, -1, 1
125, -1, 0
125, -1, 0
125, -1, 0
125, -1, 0
125, -1, 0
125, -1, 0
240, -1, 1
260, -1, 0
125, -3, 1
125, -1, 0
125, -1, 0
125, -1, 0
125, -1, 0
125, -2, 0
247, -2, 1
128, -1, 0
125, -1, 0
125, -1, 0
125, -1, 0
125, -1, 1
125, -1, 0
125, -1, 0
125, -1, 0
125, -1, 0
125, -1, 0
125, -2, 0
125, -1, 1
124, -1, 0
126, -1, 0
125, -1, 0
125, -1, 0
125, -1, 1
125, -1, 0
125, -2, 0
125, -1, 0
125, -1, 0
125, -1, 0
125, -1, 0
125, -1, 1
125, -1, 0
125, -1, 0
125, -1, 0
125, -1, 1
124, -1, 0
126, -2, 0
125, -1, 0
125, -1, 0
125, -1, 0
125, -1, 1
125, -1, 0
125, -1, 0
125, -2, 0
247, -2, 1
128, -1, 0
124, -1, 0
125, -1, 0
126, -2, 0
247, -2, 1
128, -1, 0
124, -1, 0
126, -1, 0
125, -1, 0
125, -1, 1
124, -1, 0
126, -2, 0
125, -1, 0
125, -1, 0
125, -1, 1
125, -1, 0
125, -1, 0
125, -1, 0
125, -2, 0
124, -1, 0
125, -1, 1
126, -1, 0
125, -1, 0
124, -1, 0
126, -2, 0
125, -1, 0
126, -1, 1
124, -1, 0
125, -2, 0
125, -1, 0
124, -1, 0
126, -1, 1
125, -1, 0
124, -1, 0
125, -1, 0
126, -2, 0
125, -1, 1
124, -1, 0
125, -1, 0
125, -2, 0
126, -1, 0
125, -1, 1
125, -1, 0
125, -1, 0
125, -2, 0
125, -1, 0
124, -1, 1
125, -1, 0
126, -2, 0
247, -2, 0
128, -1, 0
124, -1, 1
125, -2, 0
248, -2, 0
128, -1, 0
125, -1, 1
124, -1, 0
126, -2, 0
124, -1, 0
125, -1, 0
125, -1, 0
126, -2, 1
124, -1, 0
125, -1, 0
126, -1, 0
125, -1, 0
125, -2, 1
124, -1, 0
126, -1, 0
124, -1, 0
126, -2, 1
124, -1, 0
125, -1, 0
125, -2, 0
125, -1, 0
126, -1, 0
124, -1, 0
125, -2, 1
412, -2, 0
216, -1, 0
123, -4, 1
124, -1, 0
125, -2, 0
126, -1, 1
124, -1, 0
128, -1, 0
122, -1, 0
125, -2, 0
126, -1, 0
124, -1, 1
125, -1, 0
125, -2, 0
125, -1, 0
125, -2, 0
125, -1, 1
125, -1, 0
125, -1, 0
125, -2, 0
125, -1, 0
132, -1, 1
122, -1, 0
124, -1, 0
125, -2, 0
125, -1, 0
125, -2, 1
129, -1, 0
123, -1, 0
125, -1, 0
125, -2, 0
126, -1, 1
124, -1, 0
124, -1, 0
125, -1, 0
125, -2, 0
130, -1, 1
123, -2, 0
126, -1, 0
123, -1, 0
126, -1, 0
127, -2, 1
125, -1, 0
124, -2, 0
124, -1, 0
127, -1, 0
123, -1, 0
124, -1, 1
125, -2, 0
125, -1, 0
125, -2, 0
125, -1, 0
125, -1, 1
126, -1, 0
124, -2, 0
127, -1, 0
127, -1, 1
124, -2, 0
125, -1, 0
125, -1, 0
124, -1, 0
127, -2, 0
124, -1, 1
122, -2, 0
125, -1, 0
127, -1, 0
124, -1, 0
124, -2, 1
125, -1, 0
126, -2, 0
124, -1, 0
126, -1, 0
128, -1, 0
125, -1, 1
121, -2, 0
122, -1, 0
125, -2, 0
125, -1, 0
125, -1, 1
126, -1, 0
124, -2, 0
126, -1, 0
125, -2, 0
125, -1, 0
124, -1, 1
126, -1, 0
127, -1, 0
127, -2, 0
126, -1, 1
121, -2, 0
124, -1, 0
125, -1, 0
125, -2, 0
127, -1, 0
124, -1, 1
124, -1, 0
128, -2, 0
128, -1, 0
125, -2, 0
125, -1, 0
125, -1, 1
122, -1, 0
127, -2, 0
124, -1, 0
121, -2, 0
128, -1, 1
136, -1, 0
111, -1, 0
140, -1, 0
111, -2, 0
123, -1, 1
123, -2, 0
125, -1, 0
130, -1, 0
169, -1, 0
84, -2, 0
123, -1, 1
124, -2, 0
123, -1, 0
127, -1, 0
139, -1, 0
115, -2, 0
117, -1, 1
129, -1, 0
123, -2, 0
126, -1, 0
124, -1, 0
125, -2, 1
122, -1, 0
125, -1, 0
127, -2, 0
352, -1, 0
153, -1, 0
122, -4, 1
125, -1, 0
124, -2, 0
125, -1, 1
125, -2, 0
124, -1, 0
126, -1, 0
123, -1, 0
129, -1, 0
124, -2, 1
125, -1, 0
123, -2, 0
126, -1, 0
125, -1, 0
123, -1, 0
129, -2, 1
124, -1, 0
126, -2, 0
124, -1, 0
128, -1, 0
125, -1, 1
118, -1, 0
125, -2, 0
132, -1, 0
121, -2, 0
124, -1, 0
131, -1, 1
119, -1, 0
126, -2, 0
124, -1, 0
125, -1, 0
125, -1, 1
125, -2, 0
129, -1, 0
123, -1, 0
123, -2, 0
125, -1, 0
124, -1, 1
128, -1, 0
121, -2, 0
125, -1, 0
128, -1, 0
124, -2, 0
126, -1, 1
125, -1, 0
125, -1, 0
124, -2, 0
125, -1, 0
128, -1, 0
124, -1, 1
130, -2, 0
118, -1, 0
131, -2, 0
120, -1, 0
125, -1, 0
124, -1, 1
125, -1, 0
126, -2, 0
124, -1, 0
124, -1, 0
124, -1, 0
125, -2, 1
125, -1, 0
135, -2, 0
117, -1, 0
128, -1, 0
124, -1, 0
125, -1, 1
139, -2, 0
116, -1, 0
125, -1, 0
122, -1, 0
127, -2, 0
124, -1, 0
126, -1, 0
126, -2, 1
124, -1, 0
125, -1, 0
124, -2, 0
249, -2, 0
128, -1, 1
123, -1, 0
123, -2, 0
248, -2, 0
128, -1, 0
124, -1, 1
125, -2, 0
125, -1, 0
126, -1, 0
135, -1, 0
116, -2, 0
127, -1, 0
122, -1, 0
174, -1, 1
75, -2, 0
128, -1, 0
129, -1, 0
144, -1, 0
100, -2, 0
125, -1, 0
124, -1, 0
130, -1, 1
122, -1, 0
123, -2, 0
126, -1, 0
124, -1, 0
125, -1, 0
125, -2, 0
245, -2, 1
130, -1, 0
125, -1, 0
126, -1, 0
124, -1, 0
125, -2, 0
125, -1, 0
125, -1, 0
125, -1, 0
125, -2, 1
125, -1, 0
125, -1, 0
127, -1, 0
123, -1, 0
125, -1, 0
126, -1, 0
124, -2, 0
125, -1, 0
125, -1, 0
636, -1, 1
237, -2, 0
131, -6, 0
119, -2, 1
137, -1, 0
113, -1, 0
124, -1, 0
126, -1, 0
125, -1, 0
124, -2, 0
252, -2, 0
121, -1, 0
125, -1, 1
125, -1, 0
125, -1, 0
125, -1, 0
125, -1, 0
125, -2, 0
125, -1, 0
125, -1, 0
125, -1, 0
125, -1, 0
125, -1, 0
125, -1, 1
126, -1, 0
125, -1, 0
124, -1, 0
125, -1, 0
125, -2, 0
125, -1, 0
125, -1, 0
125, -1, 0
125, -1, 0
125, -1, 0
125, -1, 1
130, -1, 0
123, -2, 0
247, -1, 0
128, -2, 0
247, -2, 0
128, -1, 0
125, -1, 0
125, -1, 0
125, -1, 0
125, -1, 1
125, -1, 0
130, -1, 0
119, -1, 0
124, -1, 0
142, -1, 0
108, -1, 0
124, -1, 0
124, -1, 0
126, -1, 0
124, -1, 0
126, -1, 0
125, -2, 1
247, -1, 0
127, -1, 0
125, -1, 0
125, -1, 0
126, -1, 0
125, -1, 0
124, -1, 0
125, -2, 0
247, -2, 0
251, -1, 0
127, -1, 0
126, -1, 1
124, -1, 0
125, -1, 0
126, -1, 0
132, -1, 0
121, -1, 0
124, -1, 0
125, -1, 0
125, -1, 0
125, -1, 0
126, -1, 0
124, -1, 0
125, -1, 0
125, -1, 0
125, -1, 0
247, -2, 0
128, 0, 1
127, -2, 0
247, -1, 0
127, -1, 0
124, -1, 0
126, -1, 0
125, -1, 0
125, -1, 0
125, -1, 0
125, -1, 0
247, -2, 0
253, -1, 0
125, -1, 0
125, -1, 0
124, -1, 0
248, -1, 0
127, -1, 0
126, -1, 1
126, -1, 0
121, -1, 0
125, -1, 0
124, -1, 0
248, -1, 0
128, -1, 0
124, -1, 0
125, -1, 0
247, -2, 0
251, -1, 0
127, -1, 0
125, -1, 0
304, -1, 0
72, -1, 0
126, -1, 0
123, -1, 0
248, -1, 0
127, -1, 0
125, -1, 0
248, -1, 0
127, -1, 0
126, -1, 0
125, -1, 0
247, -1, 0
128, -1, 0
124, -1, 0
248, -1, 0
127, -1, 0
126, -1, 0
247, -1, 1
127, -1, 0
126, -1, 0
247, -1, 0
250, -1, 0
130, -1, 0
125, -1, 0
248, -1, 0
126, -1, 0
247, -1, 0
127, -1, 0
247, -1, 0
128, -1, 0
247, -1, 0
127, -1, 0
247, -1, 0
129, -1, 0
247, -1, 0
128, -1, 0
247, -1, 0
249, -1, 0
135, -1, 0
240, -1, 0
251, -1, 0
130, -1, 0
244, -1, 0
250, -1, 0
250, -1, 0
131, -1, 0
244, -1, 0
250, -1, 0
250, -1, 0
131, -1, 0
400, -1, 0
219, -1, 0
131, -1, 0
244, -1, 0
251, -1, 0
249, -1, 0
251, -1, 0
249, -1, 0
250, -1, 0
250, -1, 0
250, -1, 0
446, -1, 0
179, -1, 0
250, -1, 0
376, -1, 0
407, -1, 0
220, -1, 0
248, -1, 0
405, -1, 0
97, 0, -1
125, -1, 0
400, -1, 0
348, -1, 0
403, -1, 0
346, -1, 0
408, -1, 0
344, -1, 0
499, -1, 0
403, -1, 0
374, -1, 0
100, 0, -1
402, -1, 0
595, -1, 0
530, -1, 0
498, -1, 0
507, 0, -1
93, -1, 0
649, -1, 0
754, -1, 0
740, -1, 0
634, 0, -1
222, -1, 0
1040, -1, 0
1242, -1, 0
341, 0, -1
1286, -1, 0
3751, -1, 0
7768, 1, 0
2735, 1, 0
1727, 1, 0
1278, 1, 0
988, 1, 0
894, 1, 0
760, 1, 0
704, 1, 0
633, 1, 0
617, 1, 0
635, 1, 0
494, 1, 0
516, 1, 0
478, 1, 0
374, 1, 0
627, 1, 0
249, 1, 0
502, 1, 0
374, 1, 0
374, 1, 0
375, 1, 0
374, 1, 0
376, 1, 0
375, 1, 0
249, 1, 0
250, 1, 0
377, 1, 0
373, 1, 0
253, 1, 0
375, 1, 1
249, 1, 0
249, 1, 0
375, 1, 0
249, 1, 0
250, 1, 0
250, 1, 0
250, 1, 0
375, 1, 0
251, 1, 0
252, 1, 0
248, 1, 0
250, 1, 0
249, 1, 0
251, 1, 0
250, 1, 0
251, 1, 0
129, 1, 0
244, 1, 0
251, 1, 0
250, 1, 0
250, 1, 0
127, 1, 0
248, 1, 0
249, 1, 0
252, 1, 0
249, 1, 0
128, 1, 0
251, 1, 0
262, 1, 0
114, 1, 0
258, 1, 0
123, 1, 0
245, 1, 0
250, 1, 0
122, 1, 0
247, 1, 0
250, 1, 0
127, 1, 0
366, 1, 0
273, 1, 0
113, 2, 0
247, 1, 0
128, 1, 0
125, 1, 0
246, 1, 0
249, 1, 0
128, 1, 0
125, 1, 0
248, 1, 0
127, 1, 0
248, 1, 0
128, 1, 0
124, 1, 0
247, 1, 0
128, 1, 0
126, 1, 0
247, 1, 0
128, 1, 0
248, 1, 0
127, 1, 0
125, 1, 0
246, 1, 0
130, 1, 0
123, 1, 0
247, 1, 0
129, 1, 0
124, 1, 0
125, 1, 0
247, 1, 0
129, 1, 0
124, 1, 0
137, 1, 0
119, 1, 0
242, 1, 0
127, 1, 0
124, 1, 0
251, 1, 0
125, 1, 0
125, 1, 0
128, 1, 0
246, 1, 0
128, 1, 0
125, 1, 0
124, 1, 0
124, 1, 0
125, 1, 0
247, 1, 0
128, 1, 0
125, 1, 0
125, 1, 0
126, 1, 0
246, 1, 0
128, 1, 0
125, 1, 0
125, 1, 0
125, 1, 0
125, 1, 0
248, 1, 0
127, 1, 0
125, 1, 0
125, 1, 0
125, 1, 0
126, 1, 0
125, 1, 0
124, 1, 0
126, 1, 0
125, 1, 0
246, 2, 0
253, 1, 0
128, 1, 0
122, 1, 0
125, 1, 0
125, 1, 0
125, 1, 0
125, 1, 0
125, 1, 0
133, 1, -1
119, 1, 0
123, 1, 0
125, 1, 0
125, 1, 0
125, 1, 0
248, 2, 0
250, 2, 0
252, 1, 0
128, 1, 0
123, 1, 0
126, 1, 0
124, 1, 0
125, 1, 0
124, 1, 0
126, 1, 0
124, 1, 0
126, 1, 0
124, 1, 0
125, 2, 0
247, 1, 0
128, 1, 0
125, 1, 0
126, 1, -1
125, 1, 0
125, 1, 0
125, 1, 0
124, 2, 0
247, 2, 0
287, 2, 0
91, 1, 0
129, 1, 0
127, 1, 0
242, 2, 0
129, 1, 0
124, 1, 0
124, 1, 0
129, 1, 0
127, 1, 0
125, 1, 0
142, 1, -1
115, 1, 0
116, 1, 0
125, 1, 0
120, 1, 0
126, 1, 0
127, 2, 0
261, 2, 0
121, 1, 0
124, 1, 0
121, 1, 0
122, 1, 0
125, 1, 0
130, 1, 0
127, 1, 0
144, 1, -1
101, 1, 0
123, 1, 0
125, 2, 0
247, 2, 0
129, 1, 0
124, 1, 0
124, 1, 0
125, 1, 0
125, 1, 0
125, 2, 0
126, 1, 0
124, 1, 0
126, 1, 0
124, 1, 0
125, 1, 0
126, 1, -1
124, 2, 0
247, 2, 0
129, 1, 0
125, 1, 0
124, 1, 0
125, 1, 0
125, 1, 0
125, 1, 0
127, 2, 0
123, 1, 0
125, 1, 0
125, 1, 0
126, 1, 0
124, 1, 0
126, 2, -1
124, 1, 0
125, 1, 0
125, 1, 0
125, 1, 0
125, 1, 0
126, 1, 0
124, 2, 0
126, 1, 0
125, 1, -1
124, 1, 0
126, 2, 0
125, 1, 0
125, 1, 0
124, 1, 0
126, 1, 0
124, 1, 0
129, 1, 0
121, 2, 0
125, 1, 0
125, 1, 0
126, 1, -1
124, 1, 0
126, 2, 0
125, 1, 0
124, 1, 0
125, 1, 0
125, 1, 0
126, 2, 0
124, 1, 0
125, 1, 0
125, 1, 0
125, 1, 0
125, 2, -1
125, 1, 0
125, 1, 0
125, 1, 0
126, 2, 0
124, 1, 0
126, 1, 0
124, 1, 0
125, 1, 0
125, 2, -1
247, 2, 0
129, 1, 0
124, 1, 0
125, 2, 0
128, 1, 0
122, 1, 0
125, 1, 0
125, 1, 0
126, 2, -1
124, 1, 0
125, 1, 0
125, 2, 0
262, 2, 0
129, 1, 0
120, 2, 0
117, 1, 0
125, 1, 0
124, 1, -1
125, 2, 0
125, 1, 0
124, 1, 0
125, 1, 0
125, 1, 0
124, 2, 0
124, 1, 0
125, 1, 0
325, 1, 0
179, 2, -1
121, 3, 0
128, 2, 0
127, 1, 0
122, 1, 0
124, 1, 0
125, 2, -1
124, 1, 0
125, 1, 0
125, 2, 0
128, 1, 0
122, 1, 0
125, 1, 0
126, 2, 0
124, 1, 0
125, 1, -1
125, 1, 0
125, 2, 0
128, 1, 0
123, 1, 0
125, 2, 0
124, 1, 0
125, 1, 0
125, 1, 0
126, 2, -1
124, 1, 0
126, 1, 0
126, 2, 0
246, 2, 0
128, 1, 0
125, 2, 0
125, 1, 0
124, 1, -1
126, 1, 0
125, 2, 0
127, 1, 0
130, 1, 0
133, 1, 0
112, 2, 0
125, 1, 0
121, 1, -1
126, 2, 0
130, 1, 0
125, 1, 0
120, 2, 0
124, 1, 0
125, 1, 0
125, 2, -1
125, 1, 0
125, 1, 0
124, 1, 0
126, 1, 0
125, 2, 0
128, 1, 0
124, 2, -1
123, 1, 0
125, 1, 0
126, 1, 0
124, 2, 0
125, 1, 0
125, 1, -1
125, 2, 0
247, 2, 0
127, 1, 0
126, 2, 0
124, 1, 0
126, 1, -1
125, 1, 0
125, 2, 0
130, 1, 0
125, 2, 0
128, 1, 0
116, 1, 0
124, 1, 0
125, 1, -1
125, 2, 0
126, 1, 0
124, 2, 0
131, 1, 0
119, 1, 0
125, 1, 0
125, 2, -1
126, 1, 0
125, 2, 0
124, 1, 0
126, 1, 0
125, 1, 0
136, 1, 0
116, 2, 0
122, 1, -1
126, 1, 0
124, 2, 0
125, 1, 0
125, 1, 0
125, 2, 0
125, 1, 0
125, 1, -1
126, 1, 0
127, 1, 0
122, 2, 0
133, 1, 0
121, 2, 0
128, 1, 0
124, 1, 0
125, 1, -1
126, 2, 0
120, 1, 0
126, 2, 0
273, 2, 0
108, 1, 0
125, 1, -1
120, 2, 0
123, 1, 0
125, 1, 0
126, 1, 0
124, 2, 0
125, 1, 0
126, 2, -1
124, 1, 0
125, 1, 0
125, 1, 0
126, 2, 0
124, 1, 0
126, 1, -1
124, 2, 0
125, 1, 0
125, 1, 0
366, 1, 0
269, 2, 0
124, 5, -1
117, 1, 0
125, 1, 0
122, 2, 0
115, 1, -1
126, 1, 0
124, 2, 0
125, 1, 0
125, 1, 0
125, 1, 0
125, 1, 0
125, 2, -1
127, 1, 0
123, 2, 0
125, 1, 0
125, 1, 0
126, 1, 0
124, 1, -1
125, 2, 0
126, 1, 0
125, 1, 0
125, 1, 0
124, 2, 0
125, 1, 0
125, 1, -1
125, 1, 0
126, 1, 0
126, 2, 0
123, 1, 0
125, 1, 0
125, 1, -1
125, 2, 0
126, 1, 0
124, 2, 0
125, 1, 0
125, 1, 0
125, 1, 0
125, 2, -1
125, 1, 0
126, 1, 0
124, 1, 0
125, 1, 0
147, 2, 0
103, 1, 0
125, 1, -1
125, 1, 0
126, 2, 0
124, 1, 0
125, 1, 0
125, 1, -1
125, 2, 0
126, 1, 0
124, 1, 0
125, 1, 0
125, 1, 0
125, 2, 0
125, 1, -1
125, 1, 0
125, 1, 0
125, 2, 0
125, 1, 0
125, 1, 0
125, 1, 0
126, 1, -1
125, 2, 0
125, 1, 0
124, 1, 0
126, 1, 0
123, 2, 0
126, 1, 0
125, 1, -1
125, 1, 0
125, 2, 0
125, 1, 0
125, 1, 0
125, 1, 0
125, 1, 0
126, 2, -1
124, 1, 0
125, 1, 0
125, 1, 0
125, 1, 0
125, 1, 0
129, 2, 0
122, 1, -1
124, 1, 0
125, 1, 0
125, 1, 0
125, 2, 0
127, 1, 0
124, 1, 0
124, 1, 0
126, 2, -1
124, 1, 0
125, 1, 0
125, 1, 0
125, 1, 0
125, 1, 0
125, 1, 0
126, 2, -1
124, 1, 0
125, 1, 0
125, 1, 0
125, 1, 0
125, 1, 0
136, 2, 0
114, 1, -1
125, 1, 0
126, 1, 0
124, 1, 0
125, 1, 0
125, 1, 0
125, 2, 0
249, 2, -1
127, 1, 0
124, 1, 0
125, 1, 0
125, 1, 0
125, 1, 0
126, 2, 0
124, 1, 0
125, 1, -1
125, 1, 0
125, 1, 0
125, 1, 0
128, 1, 0
122, 1, 0
125, 1, 0
244, 2, 0
257, 1, -1
124, 3, 0
125, 1, 0
125, 1, 0
125, 1, 0
125, 1, 0
125, 2, -1
247, 2, 0
250, 2, 0
128, 1, 0
125, 1, 0
125, 1, 0
142, 1, -1
107, 1, 0
126, 1, 0
125, 1, 0
124, 1, 0
125, 1, 0
126, 1, 0
125, 1, 0
124, 1, 0
125, 1, -1
125, 1, 0
125, 2, 0
248, 2, 0
128, 1, 0
247, 2, 0
128, 1, 0
125, 1, -1
124, 1, 0
125, 1, 0
125, 1, 0
126, 1, 0
125, 1, 0
124, 1, 0
126, 1, 0
124, 1, 0
125, 1, -1
125, 1, 0
126, 1, 0
124, 1, 0
126, 1, 0
124, 1, 0
125, 1, 0
125, 1, 0
126, 1, 0
124, 1, -1
125, 1, 0
125, 1, 0
248, 2, 0
250, 2, 0
274, 1, 0
107, 1, 0
145, 1, -1
105, 1, 0
138, 1, 0
113, 1, 0
124, 1, 0
125, 1, 0
125, 1, 0
125, 1, 0
125, 1, 0
125, 1, 0
125, 0, -1
125, 1, 0
125, 1, 0
125, 1, 0
125, 1, 0
125, 1, 0
125, 1, 0
125, 1, 0
125, 1, -1
245, 1, 0
129, 1, 0
125, 1, 0
125, 1, 0
125, 1, 0
125, 1, 0
125, 1, 0
244, 1, 0
131, 1, 0
125, 1, -1
125, 1, 0
246, 1, 0
155, 1, 0
100, 1, 0
126, 1, 0
124, 1, 0
249, 1, 0
126, 1, 0
126, 1, -1
137, 1, 0
231, 1, 0
133, 1, 0
122, 1, 0
245, 1, 0
127, 1, 0
126, 1, -1
124, 1, 0
247, 1, 0
128, 1, 0
125, 1, 0
247, 1, 0
128, 1, 0
247, 1, 0
131, 1, 0
245, 1, 0
127, 1, -1
125, 1, 0
247, 1, 0
128, 1, 0
462, 1, 0
166, 1, 0
125, 2, 0
264, 1, 0
110, 1, 0
125, 0, -1
124, 1, 0
248, 1, 0
127, 1, 0
125, 1, 0
247, 1, 0
250, 1, 0
250, 1, 0
128, 1, 0
247, 1, 0
130, 0, -1
124, 1, 0
247, 1, 0
127, 1, 0
247, 1, 0
251, 1, 0
250, 1, 0
249, 1, 0
250, 1, 0
250, 1, 0
250, 1, 0
251, 1, -1
249, 1, 0
250, 1, 0
411, 1, 0
214, 1, 0
250, 1, 0
252, 1, 0
375, 1, 0
408, 1, 0
244, 1, 0
347, 1, 0
418, 1, 0
498, 1, 0
90, 0, -1
244, 1, 0
412, 1, 0
464, 1, 0
539, 1, 0
460, 1, 0
790, 1, 0
624, 1, 0
836, 1, 0
1679, 1, 0
10997, -1, 0
2719, -1, 0
1523, -1, 0
1501, -1, 0
1126, -1, 0
852, -1, 0
911, -1, 0
845, -1, 0
497, -1, 0
642, -1, 0
731, -1, 0
532, -1, 0
462, -1, 0
536, -1, 0
499, -1, 0
340, -1, 0
504, -1, 0
372, -1, 0
533, -1, 0
342, -1, 0
374, -1, 0
375, -1, 0
375, -1, 0
262, -1, 0
497, -1, 0
245, -1, 0
373, -1, 0
249, -1, 0
374, -1, 0
250, -1, 0
375, -1, 0
249, -1, 0
376, -1, 0
249, -1, 0
250, -1, 0
251, -1, 0
377, -1, 0
248, -1, 0
249, -1, 0
251, -1, 0
380, -1, 0
127, 0, 1
121, -1, 0
246, -1, 0
251, -1, 0
249, -1, 0
251, -1, 0
456, -1, 0
187, -1, 0
115, -1, 0
242, -1, 0
251, -1, 0
128, -1, 0
246, -1, 1
249, -1, 0
250, -1, 0
250, -1, 0
251, -1, 0
127, -1, 0
247, -1, 0
250, -1, 0
129, 0, 1
125, -1, 0
247, -1, 0
127, -1, 0
251, -1, 0
126, -1, 0
371, -1, 0
129, -1, 0
246, -1, 0
128, -1, 0
246, -1, 0
128, 0, 1
125, -1, 0
125, -1, 0
248, -1, 0
127, -1, 0
248, -1, 0
127, -1, 0
247, -1, 1
129, -1, 0
247, -1, 0
139, -1, 0
237, -1, 0
248, -1, 0
128, -1, 0
247, -1, 0
129, -1, 1
124, -1, 0
247, -1, 0
128, -1, 0
248, -1, 0
127, -1, 0
247, -1, 1
128, -1, 0
247, -1, 0
128, -1, 0
125, -1, 0
247, -1, 0
128, -1, 0
251, -1, 0
126, -1, 0
124, -1, 0
125, 0, 1
125, -1, 0
124, -1, 0
125, -1, 0
247, -1, 0
128, -1, 0
125, -1, 0
247, -1, 0
129, -1, 1
250, -1, 0
123, -1, 0
124, -1, 0
247, -1, 0
130, -1, 0
123, -1, 0
125, -1, 0
126, 0, 1
124, -1, 0
126, -1, 0
124, -1, 0
126, -1, 0
124, -1, 0
247, -1, 0
132, -1, 0
121, -1, 0
247, -1, 1
128, -1, 0
125, -1, 0
127, -1, 0
245, -1, 0
128, -1, 0
125, -1, 0
126, -1, 1
124, -1, 0
125, -1, 0
248, -1, 0
127, -1, 0
126, -1, 0
124, -1, 0
365, -1, 0
266, -1, 1
121, -3, 0
125, -1, 0
124, -1, 0
248, -1, 0
138, -1, 0
114, -1, 0
125, -1, 1
124, -1, 0
126, -1, 0
124, -1, 0
251, -1, 0
125, -1, 0
124, -1, 0
125, -1, 1
125, -1, 0
126, -1, 0
124, -1, 0
125, -1, 0
125, -1, 0
125, -1, 0
247, -2, 0
128, 0, 1
133, -2, 0
240, -1, 0
128, -1, 0
125, -1, 0
124, -1, 0
125, -1, 0
125, -1, 0
125, -1, 0
126, -1, 1
124, -1, 0
125, -1, 0
124, -1, 0
126, -1, 0
126, -1, 0
124, -1, 0
125, -1, 0
126, 0, 1
124, -2, 0
248, -2, 0
249, -2, 0
250, -2, 0
128, 0, 1
125, -2, 0
129, -1, 0
244, -2, 0
249, -2, 0
128, 0, 1
125, -2, 0
126, -1, 0
124, -1, 0
125, -1, 0
125, -1, 0
125, -1, 0
125, -1, 0
126, -1, 1
124, -1, 0
125, -1, 0
126, -1, 0
129, -1, 0
124, -1, 0
121, -2, 0
256, -2, 1
133, -1, 0
117, -1, 0
121, -1, 0
127, -1, 0
122, -1, 0
126, -1, 0
124, -1, 0
131, -1, 1
123, -1, 0
120, -1, 0
129, -2, 0
122, -1, 0
124, -1, 0
134, -1, 0
133, -1, 1
113, -1, 0
123, -1, 0
124, -1, 0
126, -2, 0
124, -1, 0
125, -1, 0
127, -1, 1
123, -1, 0
125, -1, 0
125, -1, 0
125, -2, 0
125, -1, 0
126, -1, 0
124, -1, 1
129, -1, 0
121, -1, 0
151, -1, 0
103, -2, 0
123, -1, 0
125, -1, 0
125, -1, 1
123, -2, 0
128, -1, 0
123, -1, 0
124, -1, 0
125, -1, 0
125, -1, 0
125, -1, 1
125, -2, 0
126, -1, 0
123, -1, 0
128, -1, 0
123, -2, 0
126, -1, 1
124, -1, 0
125, -1, 0
125, -1, 0
126, -1, 0
124, -1, 0
134, -2, 1
284, -1, 0
219, -2, 0
140, -3, 1
107, -2, 0
242, -2, 0
128, -1, 0
122, -1, 0
124, -2, 1
125, -1, 0
124, -1, 0
126, -1, 0
126, -2, 0
124, -1, 1
126, -1, 0
124, -1, 0
125, -2, 0
125, -1, 0
125, -1, 0
125, -1, 1
126, -1, 0
123, -2, 0
129, -1, 0
122, -2, 0
125, -1, 0
126, -1, 1
124, -1, 0
141, -2, 0
112, -1, 0
123, -1, 0
128, -1, 1
121, -1, 0
125, -2, 0
125, -1, 0
126, -2, 0
124, -1, 0
126, -1, 0
125, -1, 1
127, -2, 0
124, -1, 0
123, -2, 0
125, -1, 0
125, -1, 0
126, -1, 1
125, -1, 0
124, -2, 0
125, -1, 0
128, -1, 0
123, -2, 1
124, -1, 0
125, -1, 0
125, -2, 0
125, -1, 0
126, -2, 1
130, -1, 0
125, -1, 0
121, -2, 0
125, -1, 0
124, -1, 1
124, -1, 0
125, -2, 0
125, -1, 0
125, -2, 0
127, -1, 0
124, -1, 1
124, -2, 0
125, -1, 0
125, -1, 0
124, -1, 0
126, -2, 1
125, -1, 0
129, -2, 0
121, -1, 0
125, -1, 0
125, -2, 1
125, -1, 0
125, -1, 0
124, -2, 0
125, -1, 0
130, -1, 0
122, -2, 1
126, -1, 0
123, -2, 0
125, -1, 0
128, -1, 0
122, -1, 1
125, -2, 0
131, -1, 0
122, -2, 0
122, -1, 0
124, -2, 0
125, -1, 1
125, -1, 0
126, -2, 0
124, -1, 0
125, -2, 0
130, -1, 1
121, -1, 0
128, -1, 0
133, -2, 0
110, -1, 0
124, -2, 1
123, -1, 0
125, -2, 0
126, -1, 0
124, -1, 0
125, -2, 0
126, -1, 1
127, -1, 0
122, -2, 0
125, -1, 0
140, -1, 0
115, -2, 1
125, -1, 0
123, -2, 0
131, -1, 0
127, -1, 0
136, -2, 0
115, -1, 1
118, -2, 0
124, -1, 0
126, -2, 0
125, -1, 0
124, -1, 0
128, -1, 1
123, -2, 0
124, -1, 0
125, -2, 0
126, -1, 0
125, -1, 1
125, -2, 0
370, -1, 0
266, -2, 0
121, -6, 1
123, -1, 0
126, -1, 0
124, -1, 0
236, -2, 1
274, -1, 0
116, -4, 0
125, -2, 1
127, -1, 0
138, -2, 0
113, -1, 0
117, -1, 0
124, -1, 1
130, -2, 0
124, -1, 0
123, -1, 0
124, -2, 0
125, -1, 0
125, -2, 1
125, -1, 0
140, -2, 0
115, -1, 0
123, -2, 0
132, -1, 0
121, -1, 1
124, -1, 0
122, -2, 0
142, -1, 0
110, -1, 0
124, -2, 1
105, -1, 0
127, -2, 0
123, -1, 0
125, -2, 0
125, -1, 1
125, -2, 0
125, -1, 0
125, -1, 0
125, -1, 0
125, -1, 1
125, -2, 0
125, -1, 0
125, -2, 0
125, -1, 0
125, -2, 0
125, -1, 1
125, -2, 0
125, -1, 0
125, -1, 0
125, -1, 0
126, -2, 1
124, -1, 0
125, -1, 0
125, -2, 0
125, -1, 0
125, -2, 1
125, -1, 0
125, -1, 0
125, -2, 0
125, -1, 0
125, -1, 0
146, -2, 1
104, -1, 0
125, -1, 0
124, -2, 0
126, -1, 0
125, -1, 0
125, -2, 1
124, -1, 0
125, -1, 0
126, -2, 0
125, -1, 0
125, -2, 1
125, -1, 0
125, -1, 0
125, -1, 0
125, -1, 0
125, -2, 0
124, -1, 0
126, -2, 1
125, -1, 0
124, -1, 0
126, -2, 0
124, -1, 0
126, -1, 1
125, -1, 0
125, -2, 0
124, -1, 0
125, -1, 0
126, -2, 0
125, -1, 1
125, -1, 0
124, -2, 0
126, -1, 0
125, -1, 0
125, -2, 0
125, -1, 0
125, -1, 1
125, -1, 0
125, -2, 0
124, -1, 0
126, -2, 0
124, -1, 0
126, -1, 1
125, -1, 0
125, -2, 0
126, -1, 0
124, -1, 0
125, -1, 0
125, -1, 1
124, -2, 0
125, -1, 0
126, -1, 0
125, -1, 0
125, -2, 0
125, -1, 0
125, -2, 1
124, -1, 0
126, -1, 0
124, -1, 0
125, -1, 0
125, -2, 0
126, -1, 0
124, -1, 1
125, -1, 0
125, -2, 0
329, -1, 0
175, -1, 0
126, -4, 1
124, -1, 0
123, -1, 0
124, -1, 0
124, -2, 0
124, -1, 0
126, -1, 1
125, -1, 0
125, -2, 0
125, -1, 0
125, -1, 0
125, -1, 0
125, -1, 0
126, -2, 1
124, -1, 0
125, -1, 0
125, -1, 0
125, -2, 0
125, -1, 0
125, -1, 0
125, -1, 1
125, -2, 0
125, -1, 0
125, -1, 0
125, -1, 0
125, -1, 0
126, -1, 0
150, -1, 0
99, -2, 1
125, -1, 0
125, -1, 0
125, -1, 0
125, -1, 0
125, -1, 0
125, -2, 1
142, -1, 0
109, -1, 0
124, -1, 0
125, -1, 0
125, -1, 0
125, -1, 0
125, -2, 0
125, -1, 1
133, -1, 0
117, -1, 0
125, -1, 0
125, -1, 0
125, -1, 0
125, -1, 0
125, -1, 0
125, -2, 0
145, -1, 0
105, -1, 1
125, -1, 0
125, -1, 0
125, -1, 0
125, -2, 0
247, -2, 0
150, -1, 0
226, -2, 1
131, -1, 0
124, -1, 0
125, -1, 0
125, -1, 0
125, -1, 0
125, -1, 0
125, -1, 1
125, -1, 0
125, -1, 0
125, -1, 0
125, -1, 0
125, -1, 0
125, -1, 0
139, -1, 0
111, -1, 0
126, -1, 0
124, -2, 1
246, -2, 0
135, -1, 0
119, -1, 0
125, -1, 0
125, -1, 0
125, -1, 0
245, -2, 0
130, -1, 0
125, -1, 1
125, -1, 0
148, -1, 0
102, -1, 0
125, -1, 0
125, -1, 0
245, -2, 0
130, -1, 0
125, 0, 1
127, -1, 0
123, -2, 0
244, -2, 0
250, -1, 0
131, -1, 0
125, -1, 0
126, -1, 0
125, -1, 0
122, -1, 1
125, -1, 0
125, -1, 0
126, -1, 0
124, -1, 0
247, -2, 0
249, -2, 0
250, -1, 0
128, -1, 1
126, -1, 0
124, -1, 0
125, -1, 0
126, -1, 0
247, -1, 0
127, -1, 0
125, -1, 0
125, -1, 0
237, -1, 0
264, -1, 0
124, -2, 1
125, -1, 0
125, -1, 0
127, -1, 0
245, -1, 0
128, -1, 0
125, -1, 0
125, -1, 0
247, -1, 1
128, -1, 0
125, -1, 0
125, -1, 0
125, -1, 0
247, -1, 0
128, -1, 0
125, -1, 0
125, -1, 0
247, -1, 0
128, -1, 0
125, -1, 0
126, -1, 1
125, -1, 0
247, -1, 0
127, -1, 0
125, -1, 0
247, -1, 0
128, -1, 0
247, -1, 0
128, -1, 0
125, -1, 0
247, -1, 0
128, -1, 1
125, -1, 0
247, -1, 0
128, -1, 0
268, -1, 0
107, -1, 0
247, -1, 0
127, -1, 0
248, -1, 0
132, -1, 0
124, -1, 0
244, -1, 0
250, -1, 0
131, -1, 0
244, -1, 1
131, -1, 0
244, -1, 0
131, -1, 0
244, -1, 0
250, -1, 0
131, -1, 0
244, -1, 0
250, -1, 0
250, -1, 0
131, -1, 0
244, -1, 0
131, -1, 0
244, -1, 1
250, -1, 0
250, -1, 0
251, -1, 0
249, -1, 0
250, -1, 0
250, -1, 0
250, -1, 0
250, -1, 0
250, -1, 0
250, -1, 0
251, -1, 0
375, -1, 1
249, -1, 0
250, -1, 0
376, -1, 0
249, -1, 0
376, -1, 0
249, -1, 0
408, -1, 0
217, -1, 0
415, -1, 0
346, -1, 0
365, -1, 0
415, -1, 0
397, -1, 0
468, -1, 0
502, -1, 0
372, -1, 0
626, -1, 0
470, -1, 0
532, -1, 0
749, -1, 0
749, -1, 0
876, -1, 0
1145, -1, 0
1740, -1, 0
10510, 1, 0
2584, 1, 0
1408, 1, 0
1367, 1, 0
502, 0, 1
619, 1, 0
868, 1, 0
749, 1, 0
748, 1, 0
624, 1, 0
619, 1, 0
661, 1, 0
217, 0, 1
249, 1, 0
514, 1, 0
486, 1, 0
497, 1, 0
375, 1, 0
382, 1, 0
495, 1, 0
373, 1, 0
428, 1, 0
325, 1, 0
423, 1, 0
199, 1, 0
375, 1, 0
249, 1, 0
434, 1, 0
318, 1, 0
249, 1, 0
250, 1, 0
251, 1, 0
375, 1, 0
249, 1, 0
250, 1, 0
250, 1, 0
250, 1, 0
374, 1, 0
251, 1, 0
249, 1, 0
129, 1, 0
247, 1, 0
250, 1, 0
251, 1, 0
249, 1, 0
250, 1, 0
250, 1, 0
128, 1, 0
247, 1, 0
249, 1, 0
250, 1, 0
128, 1, 0
248, 1, 0
128, 1, 0
244, 1, 0
252, 1, 0
127, 1, 0
247, 1, 0
250, 1, 0
131, 1, 0
124, 1, 0
247, 1, 0
127, 1, 0
248, 1, 0
127, 1, 0
247, 1, 0
128, 1, 0
247, 1, 0
128, 1, -1
126, 1, 0
246, 1, 0
128, 1, 0
125, 1, 0
247, 1, 0
130, 1, 0
247, 1, 0
127, 1, 0
125, 1, 0
247, 1, 0
127, 1, 0
125, 1, 0
247, 1, 0
128, 1, -1
127, 1, 0
125, 1, 0
245, 1, 0
128, 1, 0
125, 1, 0
128, 1, 0
125, 1, 0
245, 1, 0
127, 1, 0
314, 1, 0
196, 0, -1
148, 3, 0
94, 1, 0
122, 1, 0
125, 1, 0
246, 1, 0
128, 1, 0
125, 1, 0
139, 1, 0
113, 1, 0
125, 1, 0
125, 1, 0
126, 1, -1
246, 1, 0
128, 1, 0
125, 1, 0
126, 1, 0
124, 1, 0
125, 1, 0
125, 1, 0
125, 1, 0
125, 1, 0
125, 1, 0
248, 2, -1
251, 2, 0
250, 1, 0
127, 1, 0
138, 1, 0
117, 1, 0
124, 1, 0
125, 1, 0
124, 1, 0
127, 1, 0
122, 1, -1
131, 1, 0
119, 1, 0
124, 1, 0
125, 1, 0
127, 1, 0
124, 1, 0
127, 1, 0
123, 1, 0
124, 1, 0
125, 1, 0
125, 1, -1
125, 1, 0
125, 1, 0
127, 2, 0
247, 2, 0
126, 1, 0
125, 1, 0
125, 1, -1
125, 1, 0
125, 1, 0
126, 1, 0
127, 1, 0
123, 1, 0
124, 1, 0
125, 1, 0
125, 1, 0
125, 1, 0
125, 2, 0
126, 1, 0
128, 1, 0
122, 1, -1
124, 1, 0
125, 1, 0
125, 1, 0
125, 1, 0
125, 1, 0
126, 2, 0
247, 2, 0
127, 1, 0
139, 1, -1
111, 1, 0
124, 2, 0
125, 1, 0
247, 2, 0
128, 1, 0
125, 1, -1
125, 1, 0
123, 2, 0
127, 1, 0
122, 1, 0
125, 1, 0
126, 1, 0
124, 1, 0
125, 2, -1
125, 1, 0
127, 1, 0
125, 1, 0
125, 1, 0
125, 2, 0
125, 1, 0
126, 1, 0
124, 1, 0
126, 2, -1
124, 1, 0
125, 1, 0
127, 1, 0
124, 1, 0
125, 1, 0
126, 2, 0
124, 1, 0
124, 1, -1
125, 2, 0
125, 1, 0
124, 1, 0
126, 1, 0
131, 2, 0
126, 1, 0
120, 1, 0
129, 1, -1
120, 1, 0
124, 2, 0
125, 1, 0
125, 1, 0
125, 1, 0
126, 2, 0
125, 1, -1
125, 2, 0
124, 1, 0
356, 1, 0
275, 1, 0
126, 6, -1
120, 1, 0
123, 1, 0
125, 1, 0
125, 2, 0
137, 1, 0
121, 2, 0
131, 1, -1
123, 1, 0
128, 1, 0
119, 1, 0
120, 2, 0
124, 1, 0
133, 2, 0
117, 1, -1
125, 2, 0
123, 1, 0
132, 1, 0
121, 1, 0
128, 2, -1
123, 1, 0
120, 1, 0
125, 2, 0
133, 1, 0
123, 2, 0
125, 1, 0
123, 1, -1
124, 1, 0
125, 2, 0
126, 1, 0
124, 2, 0
125, 1, 0
124, 1, -1
129, 2, 0
121, 1, 0
126, 2, 0
124, 1, 0
125, 2, 0
125, 1, -1
125, 1, 0
125, 1, 0
127, 2, 0
123, 1, 0
126, 2, 0
124, 1, 0
125, 1, -1
125, 2, 0
125, 1, 0
125, 2, 0
127, 1, 0
121, 2, 0
125, 1, -1
127, 2, 0
122, 1, 0
126, 2, 0
124, 1, 0
125, 1, 0
125, 2, -1
130, 1, 0
124, 2, 0
126, 1, 0
123, 2, 0
125, 1, 0
125, 2, -1
128, 1, 0
123, 1, 0
126, 2, 0
124, 1, 0
125, 1, 0
124, 2, -1
125, 2, 0
124, 1, 0
126, 1, 0
125, 2, 0
127, 1, -1
124, 2, 0
124, 1, 0
126, 2, 0
124, 1, 0
128, 2, 0
122, 1, -1
125, 2, 0
129, 1, 0
122, 2, 0
124, 1, 0
126, 2, -1
124, 1, 0
125, 2, 0
125, 1, 0
125, 2, 0
128, 1, 0
122, 1, 0
125, 2, -1
126, 1, 0
124, 2, 0
125, 1, 0
125, 2, 0
125, 1, -1
126, 2, 0
131, 1, 0
121, 2, 0
122, 1, 0
126, 2, -1
123, 1, 0
126, 2, 0
128, 1, 0
124, 2, 0
128, 1, 0
122, 2, -1
125, 2, 0
124, 1, 0
124, 2, 0
125, 1, 0
125, 1, -1
124, 2, 0
127, 2, 0
125, 1, 0
124, 1, 0
125, 2, 0
126, 1, -1
124, 2, 0
125, 1, 0
125, 2, 0
127, 1, 0
123, 2, -1
125, 1, 0
125, 2, 0
126, 1, 0
125, 2, 0
281, 1, -1
228, 2, 0
124, 5, 0
122, 1, 0
122, 2, -1
123, 1, 0
124, 2, 0
125, 1, 0
125, 2, 0
128, 1, 0
122, 1, -1
125, 2, 0
124, 1, 0
127, 2, 0
124, 2, -1
125, 2, 0
125, 1, 0
127, 2, 0
123, 1, 0
125, 2, -1
124, 1, 0
127, 1, 0
124, 2, 0
125, 1, 0
125, 2, -1
129, 1, 0
133, 2, 0
112, 1, 0
123, 2, 0
125, 2, -1
124, 1, 0
125, 2, 0
124, 2, 0
125, 1, 0
125, 1, 0
126, 2, -1
125, 1, 0
125, 2, 0
125, 1, 0
125, 2, -1
125, 2, 0
125, 2, 0
125, 1, 0
143, 2, 0
120, 1, -1
117, 1, 0
123, 2, 0
128, 1, 0
123, 2, 0
124, 1, 0
125, 2, -1
124, 1, 0
126, 2, 0
126, 1, 0
128, 2, -1
123, 2, 0
118, 2, 0
125, 1, 0
125, 1, 0
125, 2, 0
125, 1, -1
126, 2, 0
125, 1, 0
126, 2, 0
125, 1, -1
124, 2, 0
141, 1, 0
164, 2, 0
79, 2, 0
128, 2, -1
118, 1, 0
122, 1, 0
124, 2, 0
127, 1, 0
123, 2, -1
125, 1, 0
130, 2, 0
123, 1, 0
124, 2, -1
125, 2, 0
123, 1, 0
130, 2, 0
122, 1, 0
122, 2, -1
135, 1, 0
117, 2, 0
123, 1, 0
126, 2, 0
116, 1, 0
124, 2, -1
124, 1, 0
126, 2, 0
125, 1, 0
125, 2, -1
125, 1, 0
125, 2, 0
124, 2, 0
125, 1, 0
126, 2, 0
124, 1, -1
125, 2, 0
125, 1, 0
125, 2, 0
125, 1, 0
126, 2, -1
125, 1, 0
125, 1, 0
125, 2, 0
125, 1, 0
125, 2, -1
125, 2, 0
125, 1, 0
124, 2, 0
125, 1, -1
125, 2, 0
125, 2, 0
125, 1, 0
125, 2, 0
126, 1, 0
126, 1, -1
124, 2, 0
124, 1, 0
126, 2, 0
125, 1, 0
125, 2, -1
125, 1, 0
125, 2, 0
124, 1, 0
125, 2, 0
126, 1, -1
124, 2, 0
285, 1, 0
217, 1, 0
124, 5, -1
124, 2, 0
125, 1, 0
125, 2, 0
126, 1, -1
124, 1, 0
125, 2, 0
126, 2, 0
124, 1, 0
125, 2, -1
125, 1, 0
125, 2, 0
125, 1, 0
125, 2, 0
125, 1, -1
126, 2, 0
124, 1, 0
125, 2, 0
126, 1, 0
124, 1, 0
125, 2, -1
126, 1, 0
124, 2, 0
126, 1, 0
125, 2, 0
127, 1, -1
121, 2, 0
125, 1, 0
125, 2, 0
124, 1, 0
126, 2, -1
124, 1, 0
125, 1, 0
125, 2, 0
125, 1, 0
125, 2, 0
125, 1, -1
125, 2, 0
125, 1, 0
126, 2, 0
124, 1, 0
125, 2, 0
125, 1, -1
125, 1, 0
125, 2, 0
125, 1, 0
126, 2, 0
124, 1, -1
125, 1, 0
125, 2, 0
125, 1, 0
125, 1, 0
125, 2, 0
126, 1, -1
124, 2, 0
126, 1, 0
146, 1, 0
103, 2, 0
125, 1, -1
125, 2, 0
125, 1, 0
125, 2, 0
127, 1, 0
126, 2, -1
130, 1, 0
120, 2, 0
122, 1, 0
130, 1, 0
123, 1, -1
124, 1, 0
126, 2, 0
124, 1, 0
125, 2, 0
126, 1, 0
124, 2, -1
125, 1, 0
126, 2, 0
124, 1, 0
125, 2, 0
126, 1, 0
145, 1, -1
105, 1, 0
124, 2, 0
126, 1, 0
124, 1, 0
125, 2, -1
126, 1, 0
125, 2, 0
124, 1, 0
126, 2, 0
124, 1, 0
125, 1, -1
125, 1, 0
130, 2, 0
144, 1, 0
104, 1, 0
139, 2, 0
112, 1, -1
124, 2, 0
125, 1, 0
126, 1, 0
124, 1, 0
125, 2, 0
125, 1, -1
126, 1, 0
124, 2, 0
126, 1, 0
124, 2, 0
125, 1, 0
126, 1, -1
124, 1, 0
126, 2, 0
124, 1, 0
125, 2, 0
126, 1, 0
125, 1, -1
125, 1, 0
124, 1, 0
125, 2, 0
125, 1, 0
125, 2, -1
125, 1, 0
125, 1, 0
125, 1, 0
125, 2, 0
126, 1, 0
124, 1, -1
125, 1, 0
126, 2, 0
702, 1, 0
173, 1, 0
124, 8, -1
125, 1, 0
125, 1, -1
125, 2, 0
125, 1, 0
126, 1, 0
125, 1, 0
124, 1, 0
142, 2, -1
105, 1, 0
125, 1, 0
125, 1, 0
126, 2, 0
125, 1, 0
124, 1, 0
125, 1, -1
125, 1, 0
128, 2, 0
122, 1, 0
126, 1, 0
124, 1, 0
125, 1, 0
125, 1, -1
125, 2, 0
127, 1, 0
123, 1, 0
124, 1, 0
129, 2, 0
121, 1, 0
125, 1, 0
124, 1, -1
125, 1, 0
125, 2, 0
247, 2, 0
128, 1, -1
125, 1, 0
125, 1, 0
125, 2, 0
125, 1, 0
125, 1, 0
125, 1, 0
125, 1, 0
125, 1, -1
125, 1, 0
125, 1, 0
125, 1, 0
125, 2, 0
125, 1, 0
125, 1, -1
126, 1, 0
124, 1, 0
125, 1, 0
125, 1, 0
125, 1, 0
125, 1, 0
125, 1, 0
126, 1, 0
124, 2, -1
247, 2, 0
128, 1, 0
125, 1, 0
125, 1, 0
125, 1, 0
125, 1, -1
125, 1, 0
125, 1, 0
125, 1, 0
125, 1, 0
125, 1, 0
125, 2, 0
247, 2, -1
128, 1, 0
125, 1, 0
125, 1, 0
247, 2, 0
250, 2, 0
250, 2, -1
128, 1, 0
125, 1, 0
125, 1, 0
125, 1, 0
125, 1, 0
125, 1, 0
125, 1, 0
126, 0, -1
124, 2, 0
247, 1, 0
128, 1, 0
125, 1, 0
125, 1, 0
125, 1, 0
125, 1, 0
125, 1, 0
125, 1, 0
125, 1, -1
125, 1, 0
126, 1, 0
124, 1, 0
125, 1, 0
125, 1, 0
247, 1, 0
128, 1, 0
125, 1, -1
125, 1, 0
125, 1, 0
126, 1, 0
124, 1, 0
127, 1, 0
250, 2, 0
248, 1, 0
136, 1, 0
116, 1, 0
125, 1, -1
125, 1, 0
247, 1, 0
128, 1, 0
262, 1, 0
239, 1, 0
124, 2, 0
125, 1, 0
125, 1, -1
125, 1, 0
247, 1, 0
128, 1, 0
125, 1, 0
125, 1, 0
247, 1, 0
128, 1, 0
125, 1, 0
247, 1, 0
128, 1, -1
125, 1, 0
247, 1, 0
128, 1, 0
125, 1, 0
125, 1, 0
247, 1, 0
128, 1, 0
125, 1, 0
247, 1, 0
128, 1, -1
247, 1, 0
250, 1, 0
128, 1, 0
125, 1, 0
247, 1, 0
129, 1, 0
247, 1, 0
128, 1, 0
246, 1, 0
128, 1, 0
247, 1, -1
250, 1, 0
128, 1, 0
247, 1, 0
128, 1, 0
249, 1, 0
249, 1, 0
285, 1, 0
107, 1, 0
232, 1, 0
250, 1, 0
249, 1, 0
250, 1, 0
251, 1, 0
131, 0, -1
124, 1, 0
244, 1, 0
250, 1, 0
251, 1, 0
250, 1, 0
251, 1, 0
249, 1, 0
250, 1, 0
405, 1, 0
219, 1, 0
409, 1, 0
342, 1, 0
249, 1, 0
409, 1, 0
342, 1, 0
375, 1, 0
376, 1, 0
405, 1, 0
502, 1, 0
471, 1, 0
498, 1, 0
847, 1, 0
277, 1, 0
779, 1, 0
1003, 1, 0
1000, 1, 0
2016, 1, 0
14357, -1, 0
2526, -1, 0
1487, -1, 0
1129, -1, 0
846, -1, 0
869, -1, 0
640, -1, 0
774, -1, 0
468, -1, 0
622, -1, 0
499, -1, 0
501, -1, 0
504, -1, 0
371, -1, 0
497, -1, 0
502, -1, 0
373, -1, 0
378, -1, 0
373, -1, 0
536, -1, 0
220, 0, 1
118, -1, 0
254, -1, 0
248, -1, 0
501, -1, 0
373, -1, 0
249, -1, 0
377, -1, 0
249, -1, 1
248, -1, 0
375, -1, 0
379, -1, 0
248, -1, 0
249, -1, 0
254, -1, 0
373, -1, 1
247, -1, 0
250, -1, 0
256, -1, 0
245, -1, 0
249, -1, 0
250, -1, 0
130, 0, 1
127, -1, 0
245, -1, 0
250, -1, 0
248, -1, 0
254, -1, 0
247, -1, 0
251, -1, 1
248, -1, 0
254, -1, 0
128, -1, 0
244, -1, 0
250, -1, 0
249, -1, 1
130, -1, 0
248, -1, 0
128, -1, 0
372, -1, 0
126, -1, 0
252, -1, 1
125, -1, 0
244, -1, 0
250, -1, 0
129, -1, 0
250, -1, 0
127, -1, 1
244, -1, 0
130, -1, 0
245, -1, 0
255, -1, 0
125, -1, 0
126, -1, 0
124, 0, 1
125, -1, 0
126, -1, 0
245, -1, 0
133, -1, 0
243, -1, 0
129, -1, 1
246, -1, 0
127, -1, 0
126, -1, 0
247, -1, 0
128, -1, 1
253, -1, 0
121, -1, 0
131, -1, 0
242, -1, 0
130, -1, 0
128, -1, 1
241, -1, 0
130, -1, 0
127, -1, 0
316, -1, 0
214, -1, 1
89, -2, 0
135, -1, 0
245, -1, 0
126, -1, 0
124, -1, 1
125, -1, 0
245, -1, 0
131, -1, 0
124, -1, 0
125, -1, 0
126, -1, 1
125, -1, 0
245, -1, 0
129, -1, 0
125, -1, 0
126, -1, 1
243, -1, 0
130, -1, 0
126, -1, 0
125, -1, 0
127, -1, 1
123, -1, 0
125, -1, 0
125, -1, 0
126, -1, 0
243, -1, 0
130, -1, 1
128, -1, 0
121, -1, 0
128, -1, 0
124, -1, 0
245, -2, 1
252, -1, 0
128, -1, 0
123, -1, 0
124, -1, 0
125, -1, 0
125, -1, 1
126, -1, 0
123, -1, 0
125, -1, 0
128, -1, 0
124, 0, 1
124, -2, 0
246, -2, 0
253, -1, 0
127, -1, 1
126, -1, 0
127, -1, 0
122, -1, 0
123, -1, 0
126, -1, 1
125, -1, 0
125, -1, 0
125, -1, 0
128, -1, 0
128, -1, 1
120, -1, 0
123, -1, 0
126, -1, 0
130, -1, 0
120, -1, 0
124, -1, 1
142, -1, 0
115, -1, 0
126, -1, 0
125, -1, 0
122, -1, 1
122, -1, 0
122, -1, 0
141, -1, 0
117, -1, 0
119, -1, 1
128, -1, 0
127, -1, 0
124, -1, 0
118, -2, 0
257, -2, 1
120, -1, 0
125, -1, 0
123, -1, 0
125, -1, 1
125, -1, 0
126, -1, 0
124, -1, 0
126, -1, 0
125, -1, 1
126, -1, 0
125, -2, 0
124, -1, 0
124, -1, 0
127, -1, 0
124, -1, 1
124, -1, 0
125, -1, 0
126, -1, 0
129, -1, 1
122, -2, 0
123, -1, 0
125, -1, 0
126, -1, 0
126, -1, 1
124, -1, 0
125, -1, 0
125, -1, 0
125, -1, 1
125, -2, 0
124, -1, 0
126, -1, 0
125, -1, 0
125, -1, 1
125, -1, 0
127, -2, 0
122, -1, 0
126, -1, 0
127, -1, 1
122, -1, 0
126, -2, 0
124, -1, 0
369, -1, 1
265, -1, 0
120, -5, 1
123, -1, 0
124, -1, 0
124, -1, 0
126, -2, 0
125, 0, 1
125, -2, 0
125, -1, 0
123, -1, 0
127, -1, 0
128, -2, 1
122, -1, 0
125, -2, 0
252, -1, 1
127, -2, 0
122, -1, 0
124, -1, 0
125, -2, 0
125, -1, 1
124, -1, 0
127, -1, 0
124, -2, 0
125, -1, 1
125, -1, 0
133, -2, 0
117, -1, 0
124, -1, 0
126, -1, 1
125, -1, 0
125, -2, 0
124, -1, 1
126, -1, 0
124, -1, 0
126, -2, 0
124, -1, 1
125, -2, 0
125, -1, 0
249, -2, 1
127, -1, 0
125, -2, 0
125, -1, 0
125, -1, 0
125, -1, 1
124, -2, 0
126, -1, 0
125, -2, 0
124, -1, 1
125, -1, 0
125, -1, 0
125, -1, 0
130, -2, 0
121, -1, 1
125, -2, 0
125, -1, 0
125, -1, 0
124, -1, 0
126, -2, 1
124, -1, 0
125, -2, 0
125, -1, 0
126, -1, 1
125, -2, 0
125, -1, 0
126, -1, 1
124, -1, 0
124, -2, 0
125, -1, 0
126, -2, 0
125, -1, 1
124, -2, 0
126, -1, 0
125, -1, 0
126, -1, 1
123, -2, 0
126, -1, 0
125, -1, 0
125, -2, 0
128, -1, 1
123, -2, 0
125, -1, 0
124, -1, 0
125, -2, 1
124, -1, 0
126, -1, 0
124, -1, 0
125, -2, 1
126, -1, 0
125, -2, 0
125, -1, 0
124, -2, 1
126, -1, 0
124, -2, 0
126, -1, 0
124, -1, 0
126, -1, 1
125, -2, 0
125, -1, 0
127, -1, 0
123, -2, 1
124, -1, 0
126, -2, 0
126, -1, 0
124, -2, 1
130, -1, 0
121, -2, 0
124, -1, 0
125, -2, 1
124, -1, 0
126, -1, 0
125, -2, 0
125, -1, 1
124, -2, 0
126, -1, 0
124, -2, 0
126, -1, 1
125, -1, 0
127, -2, 0
123, -1, 0
127, -2, 1
126, -1, 0
126, -1, 0
127, -1, 0
123, -2, 1
121, -1, 0
125, -2, 0
125, -1, 0
126, -2, 1
280, -1, 0
226, -2, 0
118, -4, 1
126, -1, 0
124, -2, 0
124, -1, 1
125, -2, 0
125, -1, 0
126, -2, 1
125, -1, 0
125, -2, 0
125, -1, 0
125, -2, 1
125, -1, 0
125, -1, 0
125, -2, 0
125, -1, 0
125, -2, 1
124, -1, 0
125, -2, 0
126, -1, 0
124, -2, 1
125, -1, 0
125, -2, 0
126, -1, 0
127, -2, 1
123, -1, 0
124, -1, 0
128, -2, 0
124, -1, 1
123, -2, 0
125, -1, 0
125, -2, 0
126, -1, 1
2513, 1, 0
1979, 0, 1
2229, 1, 0
9389, -1, 0
16652, 0, -1
63258, -1, 0
67750, 0, -1
42831, -1, 0
4607, 1, 0
1622, 1, 0
1119, 1, 0
1256, 1, 0
996, 0, 1
253, 1, 0
1112, 1, 0
1268, 0, 1
752, 1, 0
1653, 1, 0
1726, 1, 1
1523, 1, 0
1600, 1, 0
1373, 1, 0
1500, 1, 0
2273, 1, 0
2007, 1, 0
2078, 1, 0
2422, 0, -1
839, 1, 0
4794, 1, 0
82, 0, -1
17932, 1, 0
3479, 1, -1
2889, 1, 0
2613, 1, 0
102, 0, -1
2522, 1, 0
89, 0, -1
2252, 0, -1
1624, 0, -1
622, 1, 0
876, 0, -1
1431, 0, -1
1359, 0, -1
1748, -1, -1
628, 0, -1
837, 0, -1
1126, 0, -1
496, -1, 0
486, 0, -1
999, 0, -1
1001, 0, -1
250, -1, 0
626, 0, -1
1039, -1, -1
872, 0, -1
212, -1, 0
643, 0, -1
732, -1, 0
249, 0, -1
751, 0, -1
127, -1, 0
873, 0, -1
127, -1, 0
752, 0, -1
247, -1, 0
498, 0, -1
500, -1, 0
408, 0, -1
499, -1, 0
218, 0, -1
1259, -1, 0
244, 0, -1
125, -1, 0
125, 0, -1
529, -1, 0
218, 0, -1
532, -1, 0
372, 0, -1
347, -1, 0
500, 0, -1
127, -1, 0
782, -1, -1
746, -1, -1
751, -1, 0
218, 0, -1
250, -1, 0
534, 0, -1
216, -1, 0
658, -1, -1
591, -1, 0
376, 0, -1
249, -1, 0
626, -1, 0
136, 0, -1
399, -1, 0
625, -1, -1
623, -1, 0
503, -1, -1
497, -1, 0
501, 0, -1
102, -1, 0
522, -1, 0
500, -1, 0
341, 0, -1
137, -1, 0
647, -1, 0
341, -1, 0
250, 0, -1
250, -1, 0
1052, -1, 0
213, -1, 0
122, 0, -1
125, -1, 0
489, -1, 0
403, -1, 0
471, -1, 0
137, 0, -1
395, -1, 0
393, -1, 0
326, -1, 0
533, -1, 0
343, -1, 0
127, 0, -1
247, -1, 0
535, -1, 0
340, -1, 0
406, -1, 0
343, -1, 0
376, -1, 0
252, 0, -1
126, -1, 0
497, -1, 0
409, -1, 0
341, -1, 0
375, -1, 0
250, -1, 0
406, -1, 0
344, -1, 0
250, 0, -1
127, -1, 0
407, -1, 0
341, -1, 0
408, -1, 0
216, -1, 0
376, -1, 0
407, -1, 0
342, -1, 0
250, -1, 0
391, -1, 0
392, -1, 0
217, -1, 0
412, -1, 0
339, -1, 0
249, -1, 0
410, -1, 0
215, -1, -1
410, -1, 0
376, -1, 0
520, -1, 0
198, -1, 0
125, -1, 0
247, -1, 0
374, -1, 0
250, -1, 0
251, -1, 0
405, -1, 0
219, -1, 0
408, -1, 0
217, -1, 0
250, -1, 0
433, -1, 0
195, -1, 0
252, -1, 0
372, -1, 0
248, -1, 0
251, -1, 0
405, -1, 0
219, -1, 0
250, -1, 0
250, -1, 0
404, -1, 0
222, -1, 0
250, -1, 0
250, -1, 0
249, -1, 0
311, -1, 0
315, -1, 0
249, -1, 0
257, -1, 0
250, -1, 0
245, -1, 0
247, -1, 0
251, -1, 0
252, -1, 0
378, -1, 0
272, -1, 0
223, -1, 0
250, -1, 0
250, -1, 0
250, -1, 0
375, -1, 0
250, -1, 0
250, -1, 0
250, -1, 0
250, -1, 0
251, -1, 0
251, -1, 0
249, -1, 0
250, -1, 0
249, -1, 0
375, -1, 0
250, -1, 0
250, -1, 0
250, -1, 0
250, -1, 0
250, -1, 0
250, -1, 0
250, -1, 0
1224, -1, 0
163, -1, 0
124, -3, 0
126, -1, 0
363, -1, 0
250, -1, 0
250, -1, 0
250, -1, 0
250, -1, 0
250, -1, 1
250, -1, 0
375, -1, 0
268, -1, 0
249, -1, 0
234, -1, 0
250, -1, 0
250, -1, 0
374, -1, 0
250, -1, 0
250, -1, 0
251, -1, 0
249, -1, 0
250, -1, 0
377, -1, 0
249, -1, 0
250, -1, 0
251, -1, 0
249, -1, 0
376, -1, 0
248, -1, 0
250, -1, 0
250, -1, 0
260, -1, 0
243, -1, 0
373, -1, 0
250, -1, 0
251, -1, 0
374, -1, 0
250, -1, 0
249, -1, 0
376, -1, 0
250, -1, 0
249, -1, 0
251, -1, 0
249, -1, 0
251, -1, 0
375, -1, 0
250, -1, 0
250, -1, 0
375, -1, 0
249, -1, 0
376, -1, 0
250, -1, 0
250, -1, 0
250, -1, 0
374, -1, 0
250, -1, 0
250, -1, 0
820, -1, 0
183, -1, 0
124, -1, 0
248, -1, 0
250, -1, 0
250, -1, 0
250, -1, 0
374, -1, 0
376, -1, 0
249, -1, -1
376, -1, 0
249, -1, 0
376, -1, 0
374, -1, 0
250, -1, 0
376, -1, 0
375, -1, 0
249, -1, 0
439, -1, 0
187, -1, 0
539, -1, -1
211, -1, 0
413, -1, 0
337, -1, 0
375, -1, 0
502, -1, 0
249, -1, 0
499, -1, 0
376, -1, 0
416, -1, 0
334, -1, 0
380, -1, 0
371, 0, -1
139, -1, 0
486, -1, 0
407, -1, 0
505, -1, 0
493, -1, 0
468, -1, 0
539, -1, 0
419, 0, -1
54, -1, 0
675, -1, 0
602, -1, 0
495, -1, 0
1268, -1, 0
211, -1, 0
124, 0, -1
489, -1, 0
931, -1, 0
820, -1, 0
1250, -1, -1
1283, -1, 0
2895, -1, 0
5697, 1, 0
2043, 1, 0
1633, 1, 0
1602, 1, 0
1135, 1, 0
1085, 1, 0
1128, 1, 0
909, 1, 0
795, 1, 0
965, 1, 0
739, 1, 0
766, 1, 0
605, 1, 0
625, 1, 0
613, 1, 0
639, 0, 1
102, 1, 0
489, 1, 0
499, 1, 0
501, 1, 0
657, 1, 0
468, 1, 0
407, 1, 0
968, 1, 0
262, 1, 1
365, 1, 0
376, 1, 0
499, 1, 0
375, 1, 0
535, 1, 0
338, 1, 0
541, 1, 0
334, 1, 0
128, 0, 1
247, 1, 0
375, 1, 0
500, 1, 0
411, 1, 0
214, 1, 0
375, 1, 0
250, 0, 1
251, 1, 0
251, 1, 0
374, 1, 0
412, 1, 0
337, 1, 0
250, 1, 0
250, 0, 1
128, 1, 0
407, 1, 0
340, 1, 0
250, 1, 0
381, 1, 0
247, 1, 1
420, 1, 0
327, 1, 0
250, 1, 0
250, 1, 0
416, 1, 0
87, 0, 1
125, 1, 0
372, 1, 0
250, 1, 0
250, 1, 0
429, 1, 0
196, 1, 0
128, 0, 1
125, 1, 0
412, 1, 0
210, 1, 0
435, 1, 0
68, 1, 0
247, 1, 1
376, 1, 0
250, 1, 0
249, 1, 0
425, 1, 0
205, 1, 0
123, 0, 1
124, 1, 0
247, 1, 0
251, 1, 0
249, 1, 0
250, 1, 0
250, 1, 0
250, 1, 1
250, 1, 0
250, 1, 0
250, 1, 0
254, 1, 0
246, 1, 0
128, 0, 1
125, 1, 0
247, 1, 0
251, 1, 0
249, 1, 0
250, 1, 0
250, 1, 0
130, 0, 1
124, 1, 0
246, 1, 0
250, 1, 0
251, 1, 0
249, 1, 0
128, 1, 0
247, 1, 0
128, 0, 1
126, 1, 0
246, 1, 0
128, 1, 0
247, 1, 0
307, 1, 0
223, 1, 0
221, 1, 1
136, 1, 0
238, 1, 0
250, 1, 0
250, 1, 0
137, 1, 0
238, 1, 0
250, 1, 0
250, 1, 1
137, 1, 0
239, 1, 0
249, 1, 0
250, 1, 0
137, 1, 0
238, 1, 0
250, 1, 1
136, 1, 0
239, 1, 0
250, 1, 0
136, 1, 0
239, 1, 0
250, 1, 0
250, 1, 1
136, 1, 0
239, 1, 0
137, 1, 0
238, 1, 0
136, 1, 0
239, 1, 0
250, 1, 0
136, 1, 1
239, 1, 0
250, 1, 0
136, 1, 0
239, 1, 0
136, 1, 0
238, 1, 0
137, 1, 1
239, 1, 0
250, 1, 0
136, 1, 0
1070, 1, 0
181, 1, 0
124, 5, 1
125, 1, 0
239, 1, 0
250, 1, 0
136, 1, 1
125, 1, 0
239, 1, 0
250, 1, 0
136, 1, 0
239, 1, 0
249, 1, 0
137, 1, 0
125, 1, 1
246, 1, 0
121, 1, 0
247, 1, 0
128, 1, 0
247, 1, 0
130, 1, 0
245, 1, 0
132, 1, 1
246, 1, 0
127, 1, 0
250, 1, 0
126, 1, 0
244, 1, 0
133, 1, 0
245, 1, 0
131, 1, 0
277, 0, 1
238, 1, 0
104, 2, 0
247, 1, 0
128, 1, 0
125, 1, 0
248, 1, 0
129, 1, 0
123, 0, 1
125, 1, 0
125, 1, 0
247, 1, 0
127, 1, 0
248, 1, 0
128, 1, 0
248, 1, 0
132, 1, 0
124, 0, 1
123, 1, 0
125, 1, 0
248, 1, 0
130, 1, 0
123, 1, 0
246, 1, 0
251, 1, 0
127, 1, 0
125, 1, 0
248, 1, 1
249, 1, 0
128, 1, 0
247, 1, 0
128, 1, 0
247, 1, 0
128, 1, 0
125, 1, 0
125, 0, 1
125, 1, 0
247, 1, 0
128, 1, 0
247, 1, 0
129, 1, 0
246, 1, 0
128, 1, 0
247, 1, 0
128, 1, 1
250, 1, 0
125, 1, 0
247, 1, 0
128, 1, 0
247, 1, 0
128, 1, 0
247, 1, 0
129, 1, 1
247, 1, 0
249, 1, 0
129, 1, 0
124, 1, 0
373, 1, 0
250, 1, 0
125, 1, 1
124, 1, 0
125, 1, 0
248, 1, 0
127, 1, 0
248, 1, 0
127, 1, 0
125, 0, 1
129, 1, 0
244, 1, 0
128, 1, 0
124, 1, 0
249, 1, 0
127, 1, 0
246, 1, 0
128, 1, 0
125, 0, 1
125, 1, 0
248, 1, 0
127, 1, 0
247, 1, 0
128, 1, 0
247, 1, 0
128, 1, 0
126, 0, 1
124, 1, 0
248, 1, 0
128, 1, 0
247, 1, 0
249, 1, 0
128, 1, 0
131, 0, 1
119, 1, 0
125, 1, 0
247, 1, 0
128, 1, 0
247, 1, 0
251, 1, 0
127, 1, 1
248, 1, 0
249, 1, 0
128, 1, 0
248, 1, 0
249, 1, 0
128, 1, 0
125, 0, 1
125, 1, 0
247, 1, 0
128, 1, 0
247, 1, 0
250, 1, 0
270, 1, 1
176, 1, 0
292, 1, 0
403, 1, 0
270, 1, 0
102, 2, 0
174, 1, 1
244, 1, 0
259, 1, 0
247, 1, 0
147, 1, 0
121, 0, 1
108, 1, 0
271, 1, 0
233, 1, 0
232, 1, 0
272, 1, 0
124, 1, 0
139, 0, 1
124, 1, 0
124, 1, 0
250, 1, 0
363, 1, 0
120, 1, 0
263, 1, 0
139, 0, 1
123, 1, 0
161, 1, 0
185, 1, 0
366, 1, 0
255, 1, 0
253, 1, 1
244, 1, 0
133, 1, 0
246, 1, 0
233, 1, 0
256, 1, 1
241, 1, 0
255, 1, 0
246, 1, 0
255, 1, 0
253, 1, 0
133, 0, 1
122, 1, 0
246, 1, 0
244, 1, 0
375, 1, 0
254, 1, 1
246, 1, 0
246, 1, 0
237, 1, 0
269, 1, 0
253, 1, 0
134, 0, 1
123, 1, 0
366, 1, 0
244, 1, 0
262, 1, 0
371, 1, 1
240, 1, 0
379, 1, 0
225, 1, 0
369, 1, 0
253, 1, 0
238, 1, 1
375, 1, 0
374, 1, 0
250, 1, 0
376, 1, 0
249, 0, 1
128, 1, 0
247, 1, 0
376, 1, 0
407, 1, 0
342, 1, 0
250, 1, 0
128, 0, 1
248, 1, 0
535, 1, 0
339, 1, 0
406, 1, 0
97, 0, 1
247, 1, 0
375, 1, 0
405, 1, 0
470, 1, 0
376, 1, 1
530, 1, 0
344, 1, 0
556, 1, 0
572, 1, 1
498, 1, 0
531, 1, 0
624, 1, 0
470, 1, 0
781, 0, 1
108, 1, 0
646, 1, 0
752, 1, 0
994, 1, 0
844, 1, 0
127, 0, 1
1414, 1, 0
2128, 1, 0
10735, -1, 0
3051, -1, 0
1939, -1, 0
2158, -1, -1
1372, -1, 0
1379, -1, 0
89, 0, -1
1249, -1, 0
999, 0, -1
126, -1, 0
1003, -1, 0
914, 0, -1
69, -1, 0
1028, -1, 0
845, -1, -1
905, -1, 0
635, -1, 0
87, 0, -1
655, -1, 0
746, -1, -1
722, -1, 0
659, -1, -1
492, -1, 0
632, -1, 0
216, 0, -1
407, -1, 0
343, -1, 0
657, -1, -1
343, -1, 0
532, -1, -1
469, -1, 0
531, -1, 0
218, 0, -1
137, -1, 0
488, -1, 0
408, -1, -1
342, -1, 0
500, -1, 0
137, 0, -1
238, -1, 0
408, -1, 0
390, -1, -1
328, -1, 0
971, -1, 0
166, 0, -1
125, -2, 0
124, -1, 0
239, 0, -1
137, -1, 0
363, -1, 0
250, -1, -1
405, -1, 0
346, -1, 0
136, 0, -1
124, -1, 0
444, -1, 0
172, -1, 0
135, 0, -1
238, -1, 0
250, -1, 0
251, -1, -1
372, -1, 0
250, -1, 0
251, -1, -1
249, -1, 0
375, -1, 0
250, -1, 0
128, 0, -1
125, -1, 0
373, -1, 0
250, -1, -1
249, -1, 0
250, -1, 0
250, -1, -1
250, -1, 0
250, -1, 0
250, -1, 0
250, -1, -1
250, -1, 0
250, -1, 0
251, -1, -1
377, -1, 0
126, -1, 0
246, -1, -1
250, -1, 0
250, -1, 0
250, -1, 0
128, 0, -1
125, -1, 0
247, -1, 0
250, -1, 0
128, 0, -1
125, -1, 0
247, -1, 0
128, -1, 0
247, -1, -1
250, -1, 0
250, -1, 0
250, -1, 0
128, -1, -1
247, -1, 0
250, -1, 0
250, -1, -1
128, -1, 0
247, -1, 0
250, -1, 0
128, -1, -1
247, -1, 0
250, -1, 0
128, -1, 0
125, 0, -1
125, -1, 0
247, -1, 0
250, -1, 0
504, -1, 0
250, 0, -1
124, -3, -1
125, -1, 0
125, -1, 0
247, -1, 0
250, -1, 0
129, -1, -1
246, -1, 0
250, -1, 0
128, -1, 0
125, -1, -1
247, -1, 0
250, -1, 0
128, -1, 0
247, -1, -1
250, -1, 0
128, -1, 0
125, -1, 0
247, -1, -1
250, -1, 0
128, -1, 0
125, -1, 0
247, -1, -1
128, -1, 0
247, -1, 0
250, -1, 0
128, -1, 0
125, -1, -1
247, -1, 0
128, -1, 0
247, -1, 0
128, -1, -1
247, -1, 0
128, -1, 0
247, -1, 0
128, -1, -1
125, -1, 0
247, -1, 0
128, -1, 0
247, -1, 0
128, 0, -1
125, -1, 0
125, -1, 0
125, -1, 0
247, -1, 0
128, -1, -1
125, -1, 0
247, -1, 0
128, -1, 0
247, -1, -1
128, -1, 0
125, -1, 0
247, -1, 0
128, -1, 0
125, -1, 0
125, 0, -1
125, -1, 0
125, -1, 0
248, -1, 0
127, -1, 0
125, -1, 0
125, 0, -1
125, -1, 0
126, -1, 0
124, -1, 0
247, -1, 0
128, -1, 0
125, 0, -1
125, -1, 0
125, -1, 0
125, -1, 0
247, -1, 0
128, -1, 0
125, -1, -1
247, -1, 0
128, -1, 0
125, -1, 0
247, -1, 0
128, -1, -1
124, -1, 0
248, -1, 0
128, -1, 0
125, -1, 0
125, -1, -1
247, -1, 0
128, -1, 0
125, -1, 0
247, -1, 0
128, -1, 0
125, 0, -1
125, -1, 0
125, -1, 0
125, -1, 0
124, -1, 0
248, -1, 0
128, -1, -1
125, -1, 0
516, -1, 0
247, -1, 0
112, -3, -1
127, -1, 0
126, -1, 0
122, -1, 0
247, -1, 0
128, -1, 0
125, -1, -1
247, -1, 0
128, -1, 0
125, -1, 0
125, -1, 0
247, -1, 0
127, -1, -1
248, -1, 0
127, -1, 0
125, -1, 0
125, -1, 0
133, -1, 0
121, 0, -1
124, -1, 0
128, -1, 0
127, -1, 0
406, -1, 0
215, -1, 0
124, -2, -1
124, -1, 0
124, -1, 0
126, -1, 0
246, -1, 0
128, -1, 0
125, -1, -1
125, -1, 0
247, -1, 0
128, -1, 0
125, -1, 0
247, -1, 0
128, -1, -1
125, -1, 0
126, -1, 0
125, -1, 0
247, -1, 0
128, -1, 0
128, -1, 0
121, -1, 0
125, 0, -1
125, -1, 0
125, -1, 0
125, -1, 0
247, -1, 0
128, -1, 0
125, -1, 0
125, -1, -1
247, -1, 0
128, -1, 0
125, -1, 0
247, -1, 0
128, -1, 0
124, -1, 0
126, -1, 0
125, -1, -1
247, -1, 0
128, -1, 0
125, -1, 0
247, -1, 0
128, -1, 0
125, -1, 0
125, -1, -1
247, -1, 0
128, -1, 0
125, -1, 0
125, -1, 0
247, -1, 0
128, -1, 0
125, -1, -1
247, -1, 0
128, -1, 0
125, -1, 0
247, -1, 0
128, -1, 0
125, -1, -1
125, -1, 0
247, -1, 0
128, -1, 0
125, -1, 0
247, -1, 0
128, -1, 0
125, -1, 0
125, -1, -1
248, -1, 0
127, -1, 0
125, -1, 0
247, -1, 0
128, -1, 0
125, -1, -1
125, -1, 0
125, -1, 0
247, -1, 0
128, -1, 0
247, -1, 0
128, -1, 0
468, -1, 0
160, 0, -1
124, -4, 0
248, -1, 0
125, -1, 0
125, -1, -1
246, -1, 0
129, -1, 0
125, -1, 0
247, -1, 0
127, -1, 0
125, -1, 0
248, -1, -1
128, -1, 0
125, -1, 0
124, -1, 0
248, -1, 0
128, -1, 0
124, -1, 0
248, -1, -1
128, -1, 0
247, -1, 0
127, -1, 0
127, -1, 0
246, -1, 0
128, -1, 0
125, -1, -1
247, -1, 0
127, -1, 0
125, -1, 0
125, -1, 0
248, -1, 0
128, -1, 0
126, -1, -1
246, -1, 0
128, -1, 0
247, -1, 0
128, -1, 0
247, -1, 0
128, -1, 0
124, -1, 0
126, 0, -1
124, -1, 0
241, -1, 0
288, -1, 0
136, -2, 0
208, -1, -1
136, -1, 0
126, -1, 0
238, -1, 0
136, -1, 0
238, -1, 0
136, -1, 0
126, -1, 0
238, -1, -1
137, -1, 0
239, -1, 0
136, -1, 0
126, -1, 0
238, -1, 0
136, -1, 0
126, 0, -1
124, -1, 0
125, -1, 0
239, -1, 0
136, -1, 0
238, -1, 0
137, -1, 0
125, 0, -1
125, -1, 0
125, -1, 0
125, -1, 0
238, -1, 0
251, -1, 0
136, -1, 0
125, -1, 0
239, -1, -1
136, -1, 0
239, -1, 0
137, -1, 0
239, -1, 0
249, -1, -1
137, -1, 0
238, -1, 0
136, -1, 0
238, -1, 0
137, -1, 0
239, -1, 0
137, 0, -1
124, -1, 0
126, -1, 0
237, -1, 0
137, -1, 0
239, -1, 0
136, -1, -1
239, -1, 0
982, -1, 0
154, -1, 0
125, -4, -1
125, -1, 0
238, -1, 0
251, -1, 0
136, 0, -1
125, -1, 0
125, -1, 0
238, -1, 0
250, -1, 0
137, -1, 0
125, 0, -1
125, -1, 0
238, -1, 0
251, -1, 0
251, -1, 0
128, -1, 0
126, 0, -1
123, -1, 0
246, -1, 0
250, -1, 0
129, -1, 0
247, -1, 0
128, 0, -1
124, -1, 0
248, -1, 0
249, -1, 0
251, -1, -1
250, -1, 0
249, -1, 0
251, -1, 0
128, 0, -1
127, -1, 0
245, -1, 0
252, -1, 0
248, -1, 0
250, -1, 0
128, 0, -1
125, -1, 0
246, -1, 0
250, -1, 0
251, -1, 0
128, 0, -1
125, -1, 0
407, -1, 0
215, -1, 0
127, 0, -1
126, -1, 0
247, -1, 0
375, -1, 0
249, -1, 0
129, 0, -1
124, -1, 0
407, -1, 0
215, -1, 0
128, 0, -1
248, -1, 0
249, -1, 0
411, -1, 0
215, -1, -1
375, -1, 0
374, -1, 0
251, -1, -1
376, -1, 0
405, -1, 0
96, 0, -1
247, -1, 0
376, -1, 0
410, -1, 0
214, 0, -1
251, -1, 0
525, -1, 0
228, -1, -1
497, -1, 0
404, -1, -1
624, -1, 0
501, -1, 0
98, 0, -1
404, -1, 0
594, -1, 0
250, 0, -1
404, -1, 0
502, 0, -1
115, -1, 0
883, -1, 0
502, 0, -1
373, -1, 0
845, 0, -1
416, -1, 0
1261, 0, -1
199, -1, 0
2299, 0, -1
7005, 0, -1
4376, 1, 0
1866, 1, 0
456, 0, 1
1019, 1, 0
1256, 1, 0
1256, 1, 0
617, 0, 1
240, 1, 0
879, 1, 0
908, 1, 0
497, 0, 1
218, 1, 0
907, 1, 0
599, 1, 0
119, 0, 1
357, 1, 0
656, 1, 0
625, 1, 0
219, 0, 1
250, 1, 0
500, 1, 0
660, 1, 0
114, 0, 1
382, 1, 0
498, 1, 0
502, 1, 1
344, 1, 0
530, 1, 0
503, 1, 0
372, 1, 1
394, 1, 0
363, 1, 0
560, 1, 0
73, 0, 1
205, 1, 0
411, 1, 0
346, 1, 0
243, 1, 1
500, 1, 0
411, 1, 0
214, 1, 0
136, 0, 1
240, 1, 0
410, 1, 0
214, 1, 0
410, 1, 0
215, 1, 1
412, 1, 0
213, 1, 0
396, 1, 0
115, 0, 1
239, 1, 0
249, 1, 0
376, 1, 0
250, 1, 0
250, 1, 1
411, 1, 0
214, 1, 0
250, 1, 0
375, 1, 0
136, 0, 1
125, 1, 0
997, 1, 0
254, 1, 0
124, 3, 1
238, 1, 0
251, 1, 0
249, 1, 0
253, 1, 1
248, 1, 0
250, 1, 0
249, 1, 0
413, 1, 0
213, 1, 0
136, 0, 1
125, 1, 0
125, 1, 0
396, 1, 0
241, 1, 0
227, 1, 0
128, 1, 1
247, 1, 0
250, 1, 0
250, 1, 0
250, 1, 0
250, 1, 0
250, 1, 1
251, 1, 0
127, 1, 0
247, 1, 0
250, 1, 0
251, 1, 0
249, 1, 0
128, 1, 1
247, 1, 0
250, 1, 0
250, 1, 0
250, 1, 0
250, 1, 0
128, 1, 1
247, 1, 0
250, 1, 0
250, 1, 0
129, 1, 0
246, 1, 0
250, 1, 0
128, 0, 1
125, 1, 0
125, 1, 0
247, 1, 0
250, 1, 0
128, 1, 0
247, 1, 0
250, 1, 1
128, 1, 0
247, 1, 0
250, 1, 0
128, 1, 0
247, 1, 0
250, 1, 0
127, 1, 0
126, 0, 1
125, 1, 0
124, 1, 0
248, 1, 0
250, 1, 0
127, 1, 0
248, 1, 1
250, 1, 0
128, 1, 0
132, 1, 0
244, 1, 0
250, 1, 0
128, 1, 0
248, 1, 0
250, 1, 1
455, 1, 0
169, 1, 0
125, 2, 0
124, 1, 0
247, 1, 0
250, 1, 0
128, 1, 0
127, 1, 1
247, 1, 0
249, 1, 0
127, 1, 0
246, 1, 0
128, 1, 0
248, 1, 0
128, 1, 0
247, 1, 1
128, 1, 0
125, 1, 0
247, 1, 0
250, 1, 0
128, 1, 0
247, 1, 0
128, 1, 0
125, 1, 0
247, 1, 0
250, 1, 0
128, 1, 1
247, 1, 0
128, 1, 0
125, 1, 0
247, 1, 0
127, 1, 0
126, 1, 0
247, 1, 0
250, 1, 0
128, 1, 1
248, 1, 0
132, 1, 0
124, 1, 0
247, 1, 0
126, 1, 0
247, 1, 0
128, 1, 0
125, 1, 0
247, 1, 0
128, 1, 1
125, 1, 0
247, 1, 0
250, 1, 0
128, 1, 0
247, 1, 0
128, 1, 0
125, 1, 0
247, 1, 0
128, 1, 0
126, 1, 0
246, 1, 0
128, 1, 0
247, 1, 0
128, 1, 1
125, 1, 0
247, 1, 0
128, 1, 0
125, 1, 0
247, 1, 0
128, 1, 0
125, 1, 0
247, 1, 0
128, 1, 0
247, 1, 0
128, 1, 0
125, 1, 0
247, 1, 1
128, 1, 0
125, 1, 0
247, 1, 0
128, 1, 0
247, 1, 0
128, 1, 0
125, 1, 0
247, 1, 0
128, 1, 0
125, 1, 0
247, 1, 0
128, 1, 0
247, 1, 0
131, 1, 0
122, 1, 0
247, 1, 0
128, 1, 0
125, 1, 0
125, 0, 1
125, 1, 0
125, 1, 0
501, 1, 0
281, 1, 0
91, 3, 0
125, 1, 0
246, 1, 0
128, 1, 0
125, 1, 0
248, 1, 0
128, 1, 0
246, 1, 0
128, 1, 0
125, 1, 0
248, 1, 0
128, 1, 0
246, 1, 0
128, 1, 0
125, 1, 0
247, 1, 0
129, 1, 0
124, 1, 0
247, 1, 0
128, 1, 0
247, 1, 0
128, 1, 0
125, 1, 0
248, 1, 0
127, 1, 0
125, 1, 0
247, 1, 0
128, 1, 0
125, 1, 0
125, 0, 1
125, 1, 0
125, 1, 0
247, 1, 0
128, 1, 0
125, 1, 0
247, 1, 0
128, 1, 0
126, 1, 0
247, 1, 0
127, 1, 0
250, 1, 0
127, 1, 0
123, 1, 0
254, 1, 0
124, 1, 0
246, 1, 0
129, 1, 0
248, 1, 0
124, 1, 0
247, 1, 0
128, 1, 0
125, 1, 0
247, 1, 0
128, 1, 0
125, 1, 0
252, 1, 0
127, 1, 0
244, 1, 0
129, 1, 0
124, 1, 0
247, 1, 0
128, 1, 0
247, 1, 0
127, 1, 0
249, 1, 0
127, 1, 0
247, 1, 0
127, 1, 0
126, 1, 0
247, 1, 0
129, 1, 0
247, 1, 0
127, 1, 0
248, 1, 0
127, 1, 0
247, 1, 0
127, 1, 0
125, 1, 0
247, 1, 0
129, 1, 0
247, 1, 0
249, 1, 0
128, 1, 0
125, 1, 0
248, 1, 0
127, 1, 0
247, 1, 0
250, 1, 0
128, 1, 0
125, 1, 0
247, 1, 0
565, 1, 0
202, 1, 0
112, 3, 0
247, 1, 0
250, 1, 0
127, 1, 0
126, 1, 0
246, 1, 0
255, 1, 0
125, 1, 0
245, 1, 0
128, 1, 0
247, 1, 0
210, 1, 0
168, 1, 0
278, 1, 0
106, 1, 0
242, 1, 0
135, 1, 0
238, 1, 0
136, 1, 0
238, 1, 0
250, 1, 0
136, 1, 0
238, 1, 0
256, 1, 0
137, 1, 0
236, 1, 0
249, 1, 0
135, 1, 0
240, 1, 0
250, 1, 0
141, 1, 0
234, 1, 0
276, 1, 0
224, 1, 0
251, 1, 0
134, 1, 0
239, 1, 0
250, 1, 0
136, 1, 0
242, 1, 0
248, 1, 0
250, 1, 0
136, 1, 0
238, 1, 0
249, 1, 0
251, 1, 0
250, 1, 0
250, 1, 0
136, 0, -1
125, 1, 0
125, 1, 0
364, 1, 0
136, 1, 0
240, 1, 0
249, 1, 0
251, 1, 0
251, 1, 0
249, 1, 0
137, 0, -1
123, 1, 0
239, 1, 0
251, 1, 0
376, 1, 0
134, 1, 0
248, 1, 0
370, 1, 0
135, 0, -1
122, 1, 0
239, 1, 0
250, 1, 0
256, 1, 0
373, 1, 0
247, 1, 0
250, 1, 0
250, 0, -1
606, 1, 0
146, 1, 0
124, 1, 0
126, 1, 0
247, 1, 0
376, 1, -1
252, 1, 0
373, 1, 0
376, 1, 0
249, 1, 0
413, 1, 0
98, 0, -1
239, 1, 0
376, 1, 0
373, 1, 0
376, 1, 0
406, 1, -1
343, 1, 0
534, 1, 0
342, 1, 0
375, 1, -1
533, 1, 0
470, 1, 0
533, 1, 0
103, 0, -1
485, 1, 0
659, 1, 0
499, 1, 0
222, 0, -1
526, 1, 0
751, 1, 0
468, 0, -1
377, 1, 0
1092, 1, 0
282, 0, -1
1162, 1, 0
1253, 0, -1
3869, 0, -1
3526, 0, -1
2110, 0, -1
1593, 0, -1
1026, -1, 0
113, 0, -1
1368, 0, -1
368, -1, 0
624, 0, -1
907, 0, -1
467, -1, 0
509, 0, -1
1598, 0, -1
279, -1, 0
141, 0, -1
368, -1, 0
123, 0, -1
746, 0, -1
512, -1, 0
214, 0, -1
749, -1, -1
750, 0, -1
409, -1, 0
94, 0, -1
747, 0, -1
128, -1, 0
674, 0, -1
198, -1, 0
250, 0, -1
684, -1, -1
730, -1, -1
461, 0, -1
250, -1, 0
408, 0, -1
342, -1, 0
250, 0, -1
535, -1, -1
624, -1, -1
627, -1, -1
625, -1, -1
589, -1, -1
500, 0, -1
128, -1, 0
497, -1, -1
659, -1, -1
526, -1, 0
67, 0, -1
407, -1, 0
93, 0, -1
575, -1, 0
174, 0, -1
124, -1, 0
378, -1, -1
497, -1, -1
535, -1, 0
92, 0, -1
247, -1, 0
257, 0, -1
247, -1, 0
247, -1, 0
128, 0, -1
372, -1, 0
127, 0, -1
248, -1, 0
250, 0, -1
251, -1, 0
249, -1, 0
127, 0, -1
247, -1, 0
410, 0, -1
94, -1, 0
247, -1, -1
404, -1, 0
382, -1, -1
339, -1, 0
127, 0, -1
125, -1, 0
248, 0, -1
127, -1, 0
411, -1, 0
89, 0, -1
247, -1, 0
250, -1, 0
128, 0, -1
247, -1, 0
250, -1, -1
375, -1, 0
250, -1, -1
405, -1, 0
99, 0, -1
124, -1, 0
247, -1, 0
128, 0, -1
247, -1, 0
250, -1, 0
128, 0, -1
125, -1, 0
247, -1, 0
250, 0, -1
128, -1, 0
247, -1, 0
128, 0, -1
125, -1, 0
247, -1, 0
250, -1, -1
250, -1, 0
251, 0, -1
127, -1, 0
247, -1, 0
250, -1, -1
250, -1, 0
250, -1, -1
128, -1, 0
405, -1, 0
95, -1, -1
247, -1, 0
250, -1, -1
250, -1, 0
250, -1, -1
492, -1, 0
267, -1, -1
117, -2, 0
247, -1, -1
250, -1, 0
249, -1, 0
128, -1, -1
249, -1, 0
248, -1, -1
251, -1, 0
251, -1, 0
127, -1, -1
248, -1, 0
263, -1, 0
132, -1, -1
231, -1, 0
253, -1, 0
163, 0, -1
206, -1, 0
256, -1, 0
124, -2, -1
247, -1, 0
250, -1, 0
128, -1, -1
246, -1, 0
251, -1, 0
127, -1, -1
248, -1, 0
128, -1, 0
246, -1, -1
251, -1, 0
128, -1, 0
248, -1, -1
128, -1, 0
246, -1, 0
128, -1, 0
126, 0, -1
125, -1, 0
124, -1, 0
125, -1, 0
247, -1, -1
250, -1, 0
127, -1, 0
248, -1, -1
128, -1, 0
125, -1, 0
247, -1, 0
128, -1, -1
247, -1, 0
250, -1, 0
128, -1, 0
125, -1, -1
247, -1, 0
128, -1, 0
125, -1, -1
247, -1, 0
127, -1, 0
247, -1, 0
128, -1, 0
125, -1, -1
247, -1, 0
130, -1, 0
124, -1, 0
246, -1, -1
250, -1, 0
128, -1, 0
125, -1, 0
248, -1, -1
127, -1, 0
125, -1, 0
248, -1, 0
128, -1, -1
124, -1, 0
249, -1, 0
127, -1, 0
125, -1, 0
246, -1, 0
128, -1, -1
125, -1, 0
247, -1, 0
129, -1, 0
247, -1, -1
129, -1, 0
123, -1, 0
125, -1, 0
250, -1, 0
127, -1, 0
123, -1, 0
126, 0, -1
755, -1, 0
248, -1, 0
121, -6, -1
246, -1, 0
128, -1, 0
125, -1, 0
247, -1, 0
128, -1, 0
125, -1, -1
125, -1, 0
248, -1, 0
127, -1, 0
125, -1, 0
125, -1, 0
125, -1, 0
125, 0, -1
125, -1, 0
125, -1, 0
248, -1, 0
127, -1, 0
126, -1, 0
124, -1, 0
125, -1, 0
248, -1, -1
127, -1, 0
125, -1, 0
125, -1, 0
247, -1, 0
128, -1, 0
125, -1, 0
125, -1, 0
125, -1, 0
247, -1, -1
128, -1, 0
125, -1, 0
125, -1, 0
125, -1, 0
125, -1, 0
247, -1, 0
128, -1, 0
125, -1, 0
247, -1, 0
128, -1, 0
125, -1, 0
125, -1, 0
125, -1, 0
125, -1, 0
247, -1, 0
128, -1, -1
125, -1, 0
125, -1, 0
125, -1, 0
125, -1, 0
126, -1, 0
249, -1, 0
190, -1, 0
103, -1, 0
92, -1, 0
240, -1, 0
142, -1, 0
121, -1, 0
143, -1, 0
107, -1, 0
126, -1, 0
153, -1, 0
207, -1, 0
135, -1, 0
125, -1, 0
125, -1, 0
124, -1, 0
126, -1, 0
238, -1, 0
137, -1, 0
125, -1, 0
125, -1, 0
125, -1, 0
125, -1, 0
125, -1, 0
125, -1, 0
239, -1, 0
136, -1, 0
126, -1, 0
124, -1, 0
126, -1, 0
123, -1, 0
126, -1, 0
240, -1, 0
146, -1, 0
114, -1, 0
125, -1, 0
125, -1, 0
125, -1, 0
238, -2, 0
251, -1, 0
136, -1, 0
125, -1, 0
124, -1, 0
126, -1, 0
125, -1, 0
242, -2, 0
246, -1, 0
137, -1, 0
125, -1, 0
124, -1, 0
126, -1, 0
124, -1, 0
1176, -2, 0
200, -1, 0
124, -8, 0
125, 0, 1
125, -1, 0
125, -1, 0
125, -1, 0
125, -1, 0
125, -1, 0
125, -1, 0
239, -1, 0
136, -1, 0
125, -1, 0
125, -1, 0
125, -1, 0
125, -1, 0
125, -1, 0
126, -1, 0
135, -1, 1
121, -1, 0
233, -1, 0
135, -1, 0
125, -1, 0
127, -1, 0
123, -1, 0
125, -1, 0
245, -2, 0
337, -1, 1
51, -1, 0
109, -1, 0
125, -1, 0
125, -1, 0
125, -1, 0
125, -1, 0
125, -1, 0
247, -2, 1
250, -1, 0
128, -1, 0
125, -1, 0
125, -1, 0
125, -1, 0
125, -1, 0
247, -1, 1
128, -1, 0
125, -1, 0
125, -1, 0
125, -1, 0
125, -1, 0
125, -1, 0
125, -1, 0
125, -1, 1
125, -1, 0
125, -1, 0
247, -1, 0
128, -1, 0
125, -1, 0
125, -1, 0
125, -1, 1
125, -1, 0
129, -1, 0
123, -1, 0
246, -1, 0
127, -1, 0
125, -1, 1
125, -1, 0
126, -1, 0
124, -1, 0
252, -2, 0
246, -1, 1
127, -1, 0
125, -1, 0
124, -1, 0
126, -1, 0
125, -1, 0
247, -1, 0
128, -1, 1
125, -1, 0
125, -1, 0
125, -1, 0
125, -1, 0
125, -1, 1
247, -1, 0
128, -1, 0
125, -1, 0
125, -1, 0
125, 0, 1
125, -2, 0
247, -1, 0
128, -1, 0
125, -1, 0
125, -1, 1
125, -1, 0
247, -1, 0
128, -1, 0
125, -1, 0
125, -1, 1
125, -1, 0
124, -1, 0
248, -1, 1
128, -1, 0
125, -1, 0
125, -1, 0
126, -1, 0
246, -1, 1
128, -1, 0
125, -1, 0
125, -1, 0
247, -1, 1
507, -1, 0
246, -1, 0
125, -4, 1
247, -1, 0
128, -1, 1
125, -1, 0
125, -1, 0
125, -1, 0
247, -1, 1
127, -1, 0
247, -1, 0
129, -1, 0
125, -1, 1
124, -1, 0
126, -1, 0
247, -1, 0
128, -1, 1
246, -1, 0
129, -1, 0
125, -1, 0
125, 0, 1
125, -1, 0
125, -1, 0
124, -1, 0
247, -1, 1
128, -1, 0
248, -1, 0
127, -1, 0
125, 0, 1
125, -1, 0
125, -1, 0
247, -1, 0
129, -1, 1
124, -1, 0
247, -1, 0
128, -1, 0
126, -1, 1
247, -1, 0
250, -1, 0
128, -1, 1
247, -1, 0
127, -1, 0
125, 0, 1
125, -1, 0
126, -1, 0
273, -1, 0
110, -1, 1
261, -1, 0
229, -1, 0
135, 0, 1
125, -1, 0
124, -1, 0
132, -1, 0
235, 0, 1
136, -1, 0
126, -1, 0
242, -1, 0
136, -1, 1
254, -1, 0
248, -1, 0
117, 0, 1
126, -1, 0
239, -1, 0
135, -1, 0
125, 0, 1
126, -1, 0
238, -1, 0
250, -1, 1
250, -1, 0
250, -1, 0
139, 0, 1
123, -1, 0
238, -1, 0
251, -1, 1
249, -1, 0
376, -1, 0
136, 0, 1
125, -1, 0
238, -1, 0
250, -1, 1
375, -1, 0
250, -1, 1
375, -1, 0
250, -1, 1
375, -1, 0
250, -1, 0
249, 0, 1
1184, -1, 0
212, -1, 0
140, -2, 2
106, -1, 0
486, -1, 0
250, 0, 1
249, -1, 0
377, -1, 1
499, -1, 0
376, 0, 1
320, -1, 0
427, -1, 0
250, 0, 1
499, -1, 0
375, 0, 1
376, -1, 0
500, 0, 1
375, -1, 0
627, 0, 1
626, -1, 0
496, 0, 1
1126, 0, 1
1375, 0, 1
1500, 0, 1
1750, 0, 1
1499, 0, 1
752, 1, 0
750, 0, 1
500, 1, 0
499, 0, 1
500, 1, 0
375, 0, 1
625, 1, 0
500, 0, 1
376, 1, 0
661, 0, 1
213, 1, 0
529, 0, 1
115, 1, 0
638, 0, 1
105, 1, 0
663, 1, 1
607, 1, 0
218, 0, 1
375, 1, 0
375, 0, 1
135, 1, 0
489, 0, 1
137, 1, 0
488, 1, 0
137, 0, 1
488, 1, 0
137, 0, 1
238, 1, 0
559, 0, 1
78, 1, 0
238, 1, 0
136, 0, 1
394, 1, 0
345, 0, 1
148, 1, 0
506, 1, 1
347, 1, 0
249, 0, 1
137, 1, 0
392, 1, 0
108, 0, 1
238, 1, 0
250, 0, 1
250, 1, 0
250, 1, 0
250, 0, 1
136, 1, 0
394, 1, 1
395, 1, 0
817, 0, 1
270, 1, 0
124, 2, 1
125, 1, 1
239, 1, 0
426, 1, 0
85, 0, 1
126, 1, 0
363, 1, 0
136, 0, 1
126, 1, 0
238, 1, 0
136, 0, 1
239, 1, 0
257, 1, 0
133, 0, 1
124, 1, 0
380, 1, 0
231, 1, 1
250, 1, 0
250, 1, 0
128, 0, 1
125, 1, 0
247, 1, 0
128, 0, 1
125, 1, 0
247, 1, 0
250, 1, 1
250, 1, 0
250, 1, 0
250, 1, 1
250, 1, 0
255, 1, 0
128, 0, 1
124, 1, 0
123, 1, 0
247, 1, 0
126, 0, 1
126, 1, 0
247, 1, 0
128, 1, 0
125, 0, 1
125, 1, 0
247, 1, 0
128, 1, 0
125, 0, 1
125, 1, 0
247, 1, 0
127, 1, 0
125, 0, 1
127, 1, 0
246, 1, 0
128, 1, 0
247, 1, 1
250, 1, 0
127, 1, 0
126, 0, 1
125, 1, 0
124, 1, 0
248, 1, 0
127, 1, 0
126, 0, 1
124, 1, 0
125, 1, 0
247, 1, 0
129, 1, 0
247, 1, 1
250, 1, 0
127, 1, 0
125, 1, 1
249, 1, 0
127, 1, 0
125, 1, 0
247, 1, 0
128, 1, 1
247, 1, 0
127, 1, 0
126, 1, 0
247, 1, 1
127, 1, 0
125, 1, 0
248, 1, 0
127, 1, 1
248, 1, 0
127, 1, 0
125, 1, 0
247, 1, 0
128, 1, 1
125, 1, 0
531, 1, 0
220, 1, 0
124, 3, 1
125, 1, 0
125, 1, 0
125, 1, 0
125, 1, 0
247, 1, 1
128, 1, 0
125, 1, 0
125, 1, 0
247, 1, 0
127, 1, 0
125, 1, 0
126, 1, 1
125, 1, 0
247, 2, 0
250, 1, 0
128, 1, 1
125, 1, 0
125, 1, 0
247, 1, 0
128, 1, 0
125, 1, 0
125, 1, 1
125, 1, 0
125, 1, 0
247, 1, 0
128, 1, 0
125, 1, 0
125, 1, 0
125, 1, 0
125, 1, 0
125, 1, 1
247, 2, 0
250, 1, 0
127, 1, 0
127, 1, 0
124, 1, 0
125, 1, 0
125, 1, 1
247, 2, 0
250, 1, 0
128, 1, 0
125, 1, 0
125, 1, 0
125, 1, 0
125, 1, 0
184, 1, 0
99, 1, 1
100, 1, 0
125, 1, 0
125, 1, 0
125, 1, 0
238, 1, 0
137, 1, 0
125, 1, 0
125, 1, 0
125, 1, 1
125, 1, 0
125, 1, 0
125, 1, 0
125, 1, 0
125, 1, 0
125, 1, 0
125, 1, 0
125, 1, 0
125, 1, 0
125, 1, 0
125, 1, 0
124, 1, 0
126, 0, 1
126, 2, 0
124, 1, 0
125, 1, 0
238, 2, 0
250, 1, 0
136, 1, 0
126, 1, 0
125, 2, 0
238, 2, 0
137, 0, 1
124, 2, 0
239, 2, 0
250, 1, 0
137, 2, 0
238, 1, 0
136, 1, 0
126, 2, 0
238, 2, 0
139, 1, 0
123, 1, 0
125, 1, 0
125, 1, 0
125, 1, 1
126, 1, 0
124, 1, 0
126, 1, 0
124, 1, 0
125, 1, 0
125, 1, 0
125, 1, 0
125, 1, 0
125, 1, 0
125, 1, 0
125, 1, 0
125, 1, 0
126, 1, 0
124, 1, 0
125, 1, 0
1031, 1, 0
220, 1, 0
124, 10, 1
126, 1, 0
125, 1, 0
124, 1, 0
125, 1, 0
125, 1, 0
126, 2, 0
238, 1, 0
136, 2, 0
239, 2, 0
137, 1, 0
124, 1, 0
126, 1, 0
124, 1, 0
126, 1, 0
124, 1, 0
125, 1, 1
125, 1, 0
125, 1, 0
290, 1, 0
205, 2, 0
122, 3, 0
124, 1, 0
125, 1, 0
125, 1, 0
126, 1, 0
125, 1, 0
125, 1, 0
124, 1, 0
125, 2, 0
248, 2, 0
127, 1, 0
126, 1, 0
124, 1, 0
125, 1, 0
125, 1, 0
126, 1, 0
124, 1, 0
125, 1, 0
125, 2, 0
248, 2, 0
131, 1, 0
122, 1, 0
125, 1, 0
124, 1, 0
125, 1, 0
125, 2, 0
249, 1, 0
126, 2, 0
248, 2, 0
128, 1, 0
125, 1, 0
124, 1, 0
125, 1, 0
125, 1, 0
126, 2, 0
247, 1, 0
128, 2, 0
125, 1, 1
125, 1, 0
124, 1, 0
125, 1, 0
126, 1, 0
125, 1, 0
125, 1, 0
125, 2, 0
125, 1, 0
125, 1, 0
124, 1, 0
125, 1, 0
129, 1, 0
123, 1, 0
124, 1, 0
125, 1, 0
125, 2, 0
126, 1, 0
123, 1, 0
125, 1, 0
125, 1, 0
129, 1, 0
121, 1, 0
125, 1, 0
141, 1, 0
112, 1, 0
124, 1, 0
125, 2, 0
249, 2, 0
127, 1, 0
130, 1, 0
120, 1, 0
123, 1, 0
125, 1, 0
124, 1, 0
126, 1, 0
124, 1, 0
126, 1, 0
128, 1, 0
123, 2, 0
126, 1, 0
124, 1, 0
124, 1, 0
124, 1, 0
126, 1, 0
125, 1, 0
125, 1, 0
124, 1, 0
125, 1, 0
125, 1, 0
126, 2, 0
125, 1, 0
125, 1, 0
125, 1, 0
125, 1, 0
125, 1, 0
373, 1, 0
254, 1, 0
124, 5, 0
248, 2, 0
127, 1, 0
247, 2, 0
128, 1, 0
125, 1, 0
124, 1, 0
125, 1, 0
126, 1, 0
124, 1, 0
126, 1, 0
125, 1, 0
125, 1, 0
124, 1, 0
125, 1, 0
126, 1, 0
125, 2, 0
247, 2, 0
128, 1, 0
125, 1, 0
126, 1, 0
124, 1, 0
125, 1, 0
125, 1, 0
125, 1, 0
125, 1, 0
125, 1, 0
125, 1, 0
125, 2, 0
247, 2, 0
128, 1, -1
124, 1, 0
126, 1, 0
125, 1, 0
124, 1, 0
126, 1, 0
125, 1, 0
125, 1, 0
124, 1, 0
125, 1, 0
126, 1, 0
125, 1, 0
124, 1, 0
125, 1, 0
126, 2, 0
248, 1, 0
127, 2, 0
247, 2, 0
127, 1, 0
126, 1, 0
248, 2, 0
127, 1, 0
125, 1, 0
124, 1, 0
126, 1, 0
125, 1, 0
248, 2, 0
127, 1, -1
151, 1, 0
100, 1, 0
125, 1, 0
124, 1, 0
125, 1, 0
125, 1, 0
125, 1, 0
125, 1, 0
124, 1, 0
128, 1, 0
122, 1, 0
124, 1, 0
125, 1, 0
125, 1, 0
125, 1, 0
125, 1, 0
125, 1, 0
125, 1, 0
125, 1, 0
125, 1, 0
125, 1, 0
125, 1, 0
125, 1, 0
125, 1, 0
125, 1, 0
125, 1, 0
125, 1, -1
125, 1, 0
125, 1, 0
125, 1, 0
125, 1, 0
248, 1, 0
128, 1, 0
124, 1, 0
125, 1, 0
127, 1, 0
124, 1, 0
124, 1, 0
125, 1, 0
125, 1, 0
125, 1, 0
125, 1, 0
125, 1, 0
125, 1, 0
125, 1, 0
125, 1, 0
125, 1, 0
125, 1, 0
248, 2, 0
249, 1, -1
128, 1, 0
125, 1, 0
125, 1, 0
129, 1, 0
171, 1, 0
84, 1, 0
126, 1, 0
149, 1, 0
111, 1, 0
997, 1, 0
243, 1, 0
128, 7, 0
126, 1, 0
123, 1, 0
123, 1, 0
125, 1, 0
124, 1, 0
125, 1, 0
125, 1, 0
126, 0, -1
124, 1, 0
125, 1, 0
125, 1, 0
129, 1, 0
122, 1, 0
239, 1, 0
137, 1, 0
124, 1, 0
126, 1, 0
238, 2, 0
251, 1, 0
135, 1, 0
125, 1, 0
239, 1, 0
136, 1, 0
125, 1, 0
126, 1, 0
238, 1, 0
136, 1, 0
125, 1, 0
126, 1, 0
124, 1, 0
126, 0, -1
125, 1, 0
125, 1, 0
125, 1, 0
238, 1, 0
135, 1, 0
125, 1, 0
125, 1, 0
240, 1, 0
148, 1, 0
112, 1, 0
246, 1, 0
129, 1, 0
240, 1, 0
135, 1, 0
125, 1, 0
238, 1, 0
137, 1, 0
124, 1, 0
239, 1, 0
137, 1, 0
238, 1, 0
136, 1, 0
125, 1, 0
239, 1, 0
136, 1, 0
125, 0, -1
126, 1, 0
126, 1, 0
237, 1, 0
137, 1, 0
238, 1, 0
136, 1, 0
242, 1, 0
134, 1, 0
238, 1, 0
136, 1, 0
428, 1, 0
189, 1, 0
125, 1, 0
125, 1, 0
125, 1, 0
247, 1, 0
250, 1, 0
128, 1, 0
247, 1, 0
250, 1, 0
128, 1, 0
247, 1, 0
250, 1, 0
128, 1, 0
247, 1, 0
250, 1, 0
250, 1, 0
128, 0, -1
125, 1, 0
125, 1, 0
247, 1, 0
250, 1, 0
250, 1, 0
378, 1, 0
247, 1, 0
128, 1, 0
247, 1, 0
403, 1, 0
222, 1, 0
250, 1, 0
250, 1, 0
250, 1, 0
403, 1, 0
222, 1, 0
250, 1, 0
497, 1, 0
128, 1, 0
250, 1, 0
408, 1, 0
343, 1, 0
376, 1, 0
250, 1, 0
404, 1, 0
470, 1, 0
400, 1, 0
349, 1, 0
375, 1, 0
500, 1, -1
375, 1, 0
656, 1, 0
499, 1, 0
501, 1, 0
754, 1, 0
590, 1, 0
907, 1, 0
748, 1, 0
1394, 1, 0
13033, 0, -1
1831, -1, 0
1135, -1, 0
85, 0, -1
1120, -1, 0
1000, -1, 0
661, 0, -1
91, -1, 0
872, -1, 0
901, -1, -1
627, -1, 0
875, -1, 0
220, 0, -1
376, -1, 0
682, -1, 0
607, -1, 0
335, 0, -1
137, -1, 0
775, -1, 0
536, -1, 0
591, -1, -1
497, -1, 0
624, -1, 0
501, -1, 0
214, 0, -1
136, -1, 0
489, -1, 0
376, -1, 0
512, -1, 0
399, -1, -1
498, -1, 0
340, -1, 0
441, -1, 0
389, -1, -1
295, -1, 0
477, -1, 0
275, -1, 0
417, -1, 0
332, -1, 0
137, 0, -1
124, -1, 0
407, -1, 0
206, -1, 0
377, -1, 0
249, -1, 0
249, -1, 0
897, -1, -1
231, -1, 0
125, -2, 0
247, -1, 0
250, -1, 0
403, -1, 0
100, -1, 0
409, -1, -1
213, -1, 0
250, -1, 0
250, -1, 0
128, -1, 0
248, -1, 0
250, -1, 0
375, -1, 0
128, -1, 0
272, -1, 0
225, -1, 0
249, -1, 0
137, -1, 0
125, 0, -1
125, -1, 0
238, -1, 0
250, -1, 0
250, -1, 0
137, -1, 0
238, -1, 0
250, -1, 0
138, -1, 0
237, -1, 0
251, -1, 0
136, -1, 0
239, -1, 0
136, -1, 0
240, -1, 0
135, -1, 0
240, -1, 0
248, -1, 0
136, -1, 0
239, -1, -1
136, -1, 0
239, -1, 0
137, -1, 0
238, -1, 0
250, -1, 0
137, -1, 0
128, -1, 0
235, -1, 0
137, -1, 0
125, -1, 0
238, -1, 0
136, -1, 0
239, -1, 0
136, -1, 0
125, -1, 0
239, -1, 0
136, -1, 0
125, -1, 0
239, -1, 0
136, -1, 0
239, -1, 0
136, -1, 0
125, -1, 0
239, -1, 0
136, -1, 0
126, -1, 0
124, -1, 0
239, -1, 0
136, -1, 0
125, -1, 0
239, -1, 0
137, -1, 0
126, -1, 0
124, -1, 0
238, -1, 0
137, -1, 0
125, -1, 0
127, -1, 0
240, -1, 0
137, -1, 0
122, -1, 0
124, -1, 0
238, -2, 0
250, -1, 0
742, -1, 0
261, -1, 0
125, -6, 0
125, -1, 0
125, -1, 0
247, -1, 0
127, -1, 0
126, -1, 0
124, -1, 0
125, -1, 0
125, -1, 0
248, -1, 0
128, -1, 0
125, -1, 0
125, -1, 0
124, -1, 0
125, -1, 0
126, -1, 0
125, -1, 0
247, -2, 0
249, -1, 0
129, -1, 0
125, -1, 0
125, -1, 0
125, -1, 0
124, -1, 0
125, -1, 0
126, -1, 0
124, -1, 0
126, -1, 0
125, -1, 0
124, -1, 0
248, -2, 0
127, -1, 0
126, -1, 0
247, -1, 0
128, -1, 0
124, -1, 0
125, -1, 0
126, -1, 0
127, -1, 0
122, -1, 0
125, -1, 0
126, -1, 0
125, -1, 0
124, -1, 0
125, -1, 0
126, -1, 1
124, -1, 0
125, -1, 0
127, -1, 0
124, -1, 0
129, -1, 0
124, -1, 0
124, -1, 0
126, -1, 0
124, -1, 0
125, -1, 0
126, -1, 0
125, -1, 0
123, -2, 0
246, -2, 0
250, -2, 0
128, -1, 1
125, -1, 0
125, -1, 0
125, -1, 0
129, -1, 0
122, -1, 0
125, -1, 0
124, -1, 0
125, -1, 0
126, -1, 0
124, -1, 0
125, -1, 0
125, -1, 0
125, -1, 0
125, -2, 0
126, 0, 1
124, -2, 0
125, -1, 0
125, -1, 0
125, -1, 0
125, -1, 0
125, -1, 0
127, -1, 0
123, -1, 0
125, -1, 0
125, -2, 0
125, -1, 0
247, -2, 0
128, -1, 1
125, -1, 0
126, -1, 0
124, -1, 0
125, -1, 0
125, -1, 0
125, -1, 0
125, -2, 0
126, -1, 0
124, -1, 0
125, -1, 0
125, -1, 1
125, -1, 0
125, -1, 0
125, -2, 0
125, -1, 0
125, -1, 0
125, -1, 0
125, -1, 1
125, -1, 0
125, -1, 0
125, -1, 0
125, -1, 0
125, -2, 0
125, -1, 0
125, -1, 0
125, -1, 0
295, -1, 0
207, -1, 1
176, -4, 0
78, -1, 0
154, -1, 0
90, -2, 0
247, -2, 0
128, -1, 0
126, -1, 1
124, -1, 0
124, -2, 0
248, -2, 0
127, -1, 0
126, -1, 0
125, -1, 1
124, -1, 0
126, -2, 0
125, -1, 0
125, -1, 0
125, -1, 0
125, -2, 0
125, -1, 1
125, -1, 0
125, -1, 0
125, -1, 0
125, -1, 0
125, -1, 0
125, -2, 0
125, -1, 0
125, -1, 1
125, -1, 0
125, -2, 0
125, -1, 0
125, -1, 0
125, -1, 0
124, -1, 0
126, -2, 1
125, -1, 0
125, -1, 0
125, -1, 0
124, -2, 0
125, -1, 0
125, -1, 1
126, -1, 0
124, -2, 0
125, -1, 0
125, -1, 0
125, -1, 1
147, -1, 0
105, -2, 0
126, -1, 0
125, -1, 0
125, -1, 0
126, -2, 1
125, -1, 0
130, -1, 0
122, -1, 0
124, -1, 0
125, -2, 1
126, -1, 0
124, -1, 0
122, -1, 0
124, -2, 0
125, -1, 0
126, -1, 1
124, -1, 0
125, -2, 0
125, -1, 0
125, -1, 0
125, -2, 1
125, -1, 0
125, -1, 0
125, -1, 0
129, -2, 0
122, -1, 0
125, -1, 1
125, -1, 0
125, -2, 0
126, -1, 0
124, -1, 0
125, -1, 1
125, -1, 0
125, -2, 0
126, -1, 0
124, -2, 0
125, -1, 1
126, -1, 0
124, -1, 0
125, -2, 0
125, -1, 0
125, -1, 1
125, -1, 0
125, -1, 0
125, -2, 0
125, -1, 0
125, -2, 1
125, -1, 0
125, -1, 0
125, -1, 0
126, -2, 1
124, -1, 0
125, -1, 0
125, -1, 0
125, -2, 0
126, -1, 1
124, -1, 0
125, -2, 0
125, -1, 0
126, -1, 1
124, -1, 0
125, -2, 0
125, -1, 0
125, -2, 0
125, -1, 1
125, -1, 0
125, -1, 0
124, -1, 0
126, -2, 1
124, -1, 0
125, -1, 0
126, -1, 0
125, -2, 1
125, -1, 0
124, -2, 0
126, -1, 0
125, -1, 1
125, -1, 0
125, -1, 0
125, -2, 0
764, -1, 1
237, -1, 0
124, -9, 2
124, -2, 0
125, -1, 0
125, -1, 0
125, -2, 1
125, -1, 0
125, -1, 0
128, -1, 1
122, -2, 0
125, -1, 0
126, -1, 0
125, -2, 1
125, -1, 0
124, -1, 0
125, -1, 0
125, -2, 1
125, -1, 0
126, -1, 0
125, -1, 0
125, -2, 1
124, -1, 0
125, -1, 0
126, -2, 0
125, -1, 1
126, -1, 0
124, -1, 0
126, -2, 1
125, -1, 0
127, -2, 0
123, -1, 0
128, -1, 1
121, -1, 0
125, -1, 0
125, -2, 0
123, -1, 1
125, -1, 0
126, -1, 0
125, -2, 1
124, -1, 0
127, -2, 0
128, -1, 0
124, -1, 1
123, -1, 0
127, -1, 0
125, -2, 1
123, -1, 0
127, -1, 0
123, -1, 0
124, -2, 1
125, -1, 0
125, -2, 0
125, -1, 1
125, -1, 0
126, -1, 0
124, -2, 1
125, -1, 0
125, -1, 0
125, -1, 1
125, -1, 0
125, -2, 0
125, -1, 0
125, -2, 1
125, -1, 0
125, -1, 0
125, -1, 0
125, -2, 1
125, -1, 0
125, -1, 0
125, -1, 1
125, -1, 0
125, -2, 0
125, -1, 1
125, -2, 0
248, -2, 1
127, -1, 0
125, -2, 0
126, -1, 0
125, -1, 1
124, -1, 0
125, -1, 0
126, -2, 1
125, -1, 0
124, -1, 0
125, -1, 1
126, -2, 0
128, -1, 0
176, -1, 1
78, -1, 0
128, -1, 0
155, -2, 0
125, -1, 1
97, -1, 0
121, -1, 0
124, -2, 1
125, -1, 0
125, -1, 0
125, -2, 1
125, -1, 0
129, -1, 0
124, -1, 0
125, -1, 1
135, -1, 0
120, -2, 0
120, -1, 1
124, -2, 0
240, -2, 1
134, -1, 0
128, -2, 0
123, 0, 1
128, -1, 0
121, -2, 0
126, -1, 0
123, -1, 1
125, -1, 0
125, -2, 0
125, -1, 1
125, -1, 0
124, -1, 0
126, -2, 1
128, -1, 0
122, -1, 0
125, -1, 1
125, -1, 0
125, -1, 0
978, -1, 0
274, -2, 1
124, -10, 2
124, -1, 1
125, -2, 0
240, -2, 1
136, -1, 0
124, -1, 0
125, -1, 0
126, -2, 1
125, -1, 0
241, -2, 1
133, -1, 0
124, -1, 0
127, -1, 0
124, -1, 1
125, -1, 0
126, -2, 0
125, -1, 1
127, -1, 0
122, -1, 0
125, -1, 1
132, -1, 0
118, -1, 0
125, -1, 0
125, -1, 1
125, -2, 0
238, -2, 1
136, -1, 0
126, -1, 0
126, -1, 0
123, -1, 1
126, -1, 0
124, -1, 0
125, -1, 1
126, -1, 0
124, -1, 0
125, -1, 0
126, -1, 1
124, -1, 0
125, -2, 0
125, -1, 1
239, -2, 0
250, -2, 1
250, -2, 0
136, -1, 1
125, -1, 0
125, -1, 0
117, -1, 0
133, -1, 1
120, -1, 0
122, -1, 0
125, -1, 0
125, -1, 1
125, -1, 0
125, -1, 0
125, -1, 1
125, -1, 0
125, -1, 0
125, -1, 0
125, -1, 1
248, -2, 0
250, -2, 1
250, -1, 0
129, -1, 0
123, -1, 1
126, -1, 0
125, -1, 0
124, -1, 0
125, -1, 1
125, -1, 0
125, -1, 0
125, -1, 0
125, 0, 1
125, -2, 0
248, -2, 0
127, 0, 1
125, -1, 0
125, -1, 0
125, -1, 0
125, -1, 1
125, -1, 0
125, -1, 0
247, -1, 1
128, -1, 0
125, -1, 0
125, -1, 0
125, -1, 1
248, -1, 0
127, -1, 0
125, -1, 1
125, -1, 0
247, -1, 0
128, -1, 0
125, -1, 1
125, -1, 0
125, -1, 0
125, 0, 1
125, -1, 0
125, -1, 0
125, -1, 0
125, -1, 0
125, 0, 1
125, -1, 0
125, -1, 0
125, -1, 0
247, -1, 1
129, -1, 0
124, -1, 0
247, -1, 0
410, -1, 1
218, -1, 0
125, -2, 1
125, -1, 0
125, -1, 0
247, -1, 0
128, -1, 1
247, -1, 0
128, -1, 0
125, 0, 1
125, -1, 0
125, -1, 0
247, -1, 0
128, -1, 1
247, -1, 0
250, -1, 0
128, -1, 0
125, 0, 1
128, -1, 0
245, -1, 0
250, -1, 0
128, -1, 1
247, -1, 0
250, -1, 0
250, -1, 1
250, -1, 0
251, -1, 0
250, -1, 0
126, 0, 1
126, -1, 0
246, -1, 0
250, -1, 0
250, -1, 1
412, -1, 0
214, -1, 0
127, 0, 1
247, -1, 0
269, -1, 0
231, -1, 0
375, -1, 0
136, 0, 1
125, -1, 0
526, -1, 0
338, -1, 0
137, 0, 1
238, -1, 0
426, -1, 0
490, -1, 0
96, 0, 1
527, -1, 0
587, -1, 0
625, -1, 0
250, 0, 1
629, -1, 0
1624, -1, 0
2508, 0, 1
4777, 1, 0
1598, 1, 0
623, 0, 1
501, 1, 0
1246, 1, 0
876, 1, 0
129, 0, 1
623, 1, 0
875, 1, 0
490, 1, 0
135, 0, 1
500, 1, 0
499, 1, 0
659, 1, 0
176, 0, 1
281, 1, 0
500, 1, 0
377, 1, 0
533, 1, 0
610, 1, 1
234, 1, 0
246, 1, 0
404, 1, 0
501, 1, 0
220, 1, 0
405, 1, 1
345, 1, 0
249, 1, 0
404, 1, 0
221, 1, 0
251, 1, 0
403, 1, 0
221, 1, 0
409, 1, 1
94, 1, 0
401, 1, 0
221, 1, 0
250, 1, 0
250, 1, 0
250, 1, 0
250, 1, 0
128, 1, 0
372, 1, 0
250, 1, 0
250, 1, 0
128, 1, 0
322, 1, 0
175, 1, 1
252, 1, 0
135, 1, 0
238, 1, 0
250, 1, 0
137, 1, 0
238, 1, 0
136, 1, 0
239, 1, 0
250, 1, 0
136, 1, 0
128, 1, 0
237, 1, 0
249, 1, 0
136, 1, 0
239, 1, 0
250, 1, 0
136, 1, 0
126, 1, 0
238, 1, 0
136, 1, 0
126, 1, 0
238, 1, 0
136, 1, 0
239, 1, 0
136, 1, 0
127, 1, 0
237, 1, 0
137, 1, 0
124, 1, 0
239, 1, 0
136, 1, 0
126, 1, 0
125, 1, 0
238, 1, 0
137, 1, 0
124, 1, 0
239, 1, 0
136, 1, 0
126, 1, 0
124, 1, 0
239, 2, 0
250, 1, 0
136, 1, 0
125, 1, 0
125, 1, 0
126, 1, 0
238, 1, 0
136, 1, 0
764, 1, 0
236, 1, 0
126, 6, 0
125, 1, 0
124, 1, 0
239, 2, 0
250, 1, 0
136, 1, 0
125, 1, 0
125, 1, 0
125, 1, -1
125, 1, 0
125, 1, 0
126, 1, 0
124, 1, 0
125, 1, 0
125, 1, 0
125, 1, 0
125, 1, 0
125, 1, 0
125, 1, 0
125, 1, 0
133, 1, 0
109, 1, 0
247, 2, 0
250, 1, 0
127, 1, 0
126, 1, 0
125, 1, -1
125, 1, 0
125, 2, 0
247, 2, 0
250, 2, 0
250, 1, 0
128, 1, 0
125, 1, 0
125, 2, 0
247, 2, 0
250, 2, -1
128, 1, 0
125, 1, 0
125, 1, 0
125, 1, 0
125, 1, 0
125, 1, 0
125, 1, 0
125, 1, 0
125, 1, 0
125, 1, 0
128, 1, 0
124, 1, 0
123, 1, 0
125, 1, 0
125, 1, -1
125, 1, 0
125, 1, 0
125, 2, 0
125, 1, 0
125, 1, 0
125, 1, 0
125, 1, 0
125, 1, 0
125, 1, 0
125, 1, 0
125, 2, 0
125, 1, -1
247, 2, 0
128, 1, 0
125, 1, 0
125, 1, 0
125, 1, 0
125, 1, 0
125, 2, 0
125, 1, 0
125, 1, 0
125, 1, 0
125, 1, -1
125, 1, 0
125, 1, 0
125, 2, 0
247, 2, 0
128, 1, 0
125, 1, 0
125, 1, 0
125, 1, 0
125, 1, 0
125, 1, 0
125, 2, -1
125, 1, 0
125, 1, 0
125, 1, 0
125, 2, 0
125, 1, 0
125, 1, 0
125, 1, 0
125, 1, 0
125, 1, 0
125, 1, 0
125, 2, -1
247, 2, 0
128, 1, 0
125, 1, 0
125, 1, 0
125, 2, 0
125, 1, 0
125, 1, 0
125, 1, 0
125, 2, -1
247, 1, 0
128, 2, 0
125, 1, 0
125, 1, 0
125, 1, 0
125, 2, 0
429, 1, 0
206, 1, -1
114, 4, 0
125, 2, 0
125, 1, 0
126, 1, 0
124, 2, 0
125, 1, -1
126, 1, 0
125, 2, 0
247, 2, 0
128, 1, 0
125, 1, 0
124, 2, -1
247, 2, 0
128, 1, 0
125, 2, 0
248, 2, 0
127, 1, 0
125, 1, 0
126, 2, -1
125, 1, 0
124, 1, 0
125, 1, 0
126, 2, 0
124, 1, 0
125, 1, 0
125, 1, 0
125, 2, -1
125, 1, 0
125, 1, 0
125, 1, 0
125, 2, 0
125, 1, 0
125, 1, 0
125, 1, -1
126, 1, 0
124, 2, 0
125, 1, 0
125, 1, 0
125, 1, 0
125, 2, 0
125, 1, -1
125, 1, 0
125, 1, 0
125, 1, 0
125, 2, 0
125, 1, 0
125, 2, 0
125, 1, 0
126, 1, -1
128, 1, 0
125, 2, 0
125, 1, 0
124, 1, 0
124, 1, 0
127, 1, 0
122, 2, -1
125, 1, 0
125, 2, 0
247, 2, 0
128, 1, 0
125, 2, 0
125, 1, 0
125, 1, -1
125, 1, 0
125, 2, 0
125, 1, 0
124, 1, 0
126, 1, 0
124, 2, -1
125, 1, 0
125, 1, 0
126, 2, 0
125, 1, 0
125, 1, 0
125, 1, 0
125, 2, -1
125, 1, 0
124, 1, 0
126, 1, 0
125, 2, 0
124, 1, 0
125, 1, 0
126, 2, 0
125, 1, -1
124, 1, 0
125, 1, 0
125, 2, 0
126, 1, 0
124, 1, 0
126, 1, 0
125, 1, -1
125, 2, 0
124, 1, 0
126, 2, 0
124, 1, 0
125, 1, 0
125, 1, 0
125, 2, -1
125, 1, 0
126, 1, 0
125, 1, 0
124, 1, 0
125, 2, 0
126, 1, 0
125, 1, -1
124, 1, 0
126, 2, 0
125, 1, 0
124, 2, 0
125, 1, 0
126, 1, 0
124, 1, 0
125, 1, -1
126, 2, 0
125, 1, 0
124, 1, 0
125, 1, 0
125, 2, -1
125, 1, 0
126, 1, 0
124, 1, 0
125, 2, 0
125, 1, 0
128, 1, 0
126, 1, -1
535, 2, 0
219, 1, 0
119, 6, -1
124, 2, 0
124, 1, 0
125, 1, 0
129, 1, 0
123, 1, 0
125, 2, 0
124, 1, -1
126, 1, 0
127, 1, 0
125, 2, 0
124, 1, 0
124, 1, 0
125, 1, -1
126, 1, 0
124, 2, 0
125, 1, 0
124, 1, 0
125, 1, 0
125, 2, 0
125, 1, -1
126, 1, 0
125, 1, 0
125, 2, 0
125, 1, 0
126, 1, 0
125, 1, 0
125, 1, -1
125, 2, 0
124, 1, 0
126, 1, 0
125, 1, 0
123, 1, 0
126, 1, -1
124, 2, 0
126, 1, 0
124, 1, 0
125, 1, 0
126, 1, 0
124, 1, -1
130, 2, 0
126, 1, 0
124, 1, 0
124, 1, 0
121, 1, 0
127, 2, -1
123, 1, 0
129, 1, 0
123, 1, 0
125, 1, 0
124, 1, 0
126, 1, 0
127, 2, -1
127, 1, 0
121, 1, 0
125, 1, 0
130, 2, 0
125, 1, 0
259, 1, -1
319, 1, 0
43, 3, 0
126, 2, -1
125, 1, 0
124, 1, 0
128, 1, 0
122, 1, 0
127, 1, 0
127, 2, 0
126, 0, -1
125, 1, 0
125, 2, 0
124, 1, 0
121, 1, 0
134, 1, 0
122, 1, -1
121, 1, 0
124, 2, 0
251, 2, 0
125, 1, 0
125, 1, -1
124, 1, 0
124, 1, 0
127, 1, 0
127, 1, 0
126, 1, 0
120, 1, -1
125, 2, 0
130, 1, 0
122, 1, 0
124, 1, 0
122, 1, 0
125, 1, -1
126, 1, 0
131, 1, 0
124, 1, 0
122, 1, 0
123, 1, 0
127, 1, 0
122, 1, -1
126, 1, 0
126, 1, 0
126, 1, 0
126, 1, 0
126, 1, -1
124, 1, 0
126, 1, 0
124, 1, 0
125, 1, 0
124, 2, 0
248, 2, -1
132, 1, 0
119, 1, 0
250, 1, 0
125, 2, 0
249, 2, -1
250, 2, 0
249, 2, 0
250, 1, -1
125, 1, 0
128, 1, 0
456, 1, 0
179, 1, 0
266, 4, -1
229, 1, 0
122, 3, 0
122, 1, 0
126, 1, 0
125, 0, -1
123, 1, 0
128, 1, 0
125, 1, 0
125, 1, 0
125, 1, 0
124, 1, 0
126, 1, -1
123, 1, 0
123, 1, 0
126, 1, 0
249, 1, 0
129, 1, 0
124, 1, -1
124, 1, 0
126, 1, 0
124, 1, 0
124, 1, 0
247, 1, -1
129, 1, 0
129, 1, 0
123, 1, 0
248, 2, 0
249, 1, 0
125, 1, -1
125, 1, 0
126, 1, 0
126, 1, 0
248, 1, 0
128, 1, 0
261, 1, -1
110, 1, 0
125, 1, 0
126, 1, 0
126, 1, 0
256, 1, 0
128, 1, 0
143, 1, 0
103, 0, -1
121, 1, 0
123, 1, 0
124, 1, 0
127, 1, 0
246, 1, 0
128, 1, -1
125, 1, 0
246, 1, 0
128, 1, 0
247, 1, 0
128, 1, 0
125, 1, -1
248, 1, 0
128, 1, 0
247, 1, 0
130, 1, 0
125, 1, 0
251, 1, 0
330, 1, -1
51, 1, 0
128, 1, 0
280, 1, 0
209, 1, 0
130, 1, -1
239, 1, 0
135, 1, 0
242, 1, 0
134, 1, 0
238, 1, 0
250, 1, -1
137, 1, 0
239, 1, 0
249, 1, 0
252, 1, 0
135, 1, 0
125, 0, -1
125, 1, 0
243, 1, 0
248, 1, 0
251, 1, 0
133, 1, 0
238, 1, 0
139, 0, -1
123, 1, 0
239, 1, 0
250, 1, 0
250, 1, 0
250, 1, 0
1213, 1, 0
174, 0, -1
124, 4, 0
127, 1, 0
361, 1, 0
136, 0, -1
125, 1, 0
366, 1, 0
268, 1, 0
355, 1, 0
375, 1, 0
377, 1, 0
163, 0, -1
212, 1, 0
502, 1, 0
248, 1, 0
560, 1, 0
483, 1, 0
332, 0, -1
135, 1, 0
615, 1, 0
681, 1, 0
695, 1, 0
794, 1, 0
1207, 1, 0
415, 0, -1
1711, 1, 0
8513, -1, 0
2050, 0, -1
684, -1, 0
1499, -1, 0
786, 0, -1
500, -1, 0
1119, -1, -1
888, -1, 0
725, 0, -1
138, -1, 0
738, -1, 0
380, 0, -1
376, -1, 0
490, -1, 0
376, 0, -1
373, -1, 0
658, -1, 0
217, 0, -1
249, -1, 0
1089, -1, 0
173, 0, -1
123, -1, 0
124, -1, 0
493, -1, -1
653, -1, 0
344, -1, 0
135, 0, -1
239, -1, 0
515, -1, 0
375, -1, -1
380, -1, 0
395, -1, 0
239, 0, -1
125, -1, 0
341, -1, 0
373, -1, 0
253, -1, -1
496, -1, 0
249, -1, 0
129, 0, -1
247, -1, 0
376, -1, 0
372, -1, 0
128, 0, -1
128, -1, 0
245, -1, 0
374, -1, 0
253, -1, 0
127, 0, -1
125, -1, 0
373, -1, 0
249, -1, 0
249, -1, 0
127, 0, -1
125, -1, 0
372, -1, 0
251, -1, 0
252, -1, -1
250, -1, 0
263, -1, 0
242, -1, 0
248, -1, 0
128, 0, -1
120, -1, 0
249, -1, 0
248, -1, 0
258, -1, 0
119, 0, -1
132, -1, 0
242, -1, 0
131, -1, 0
244, -1, 0
250, -1, 0
127, 0, -1
124, -1, 0
248, -1, 0
250, -1, 0
250, -1, 0
126, -1, 0
125, 0, -1
126, -1, 0
124, -1, 0
250, -1, 0
248, -1, 0
574, 0, -1
179, -1, 0
124, -3, 0
125, -1, 0
247, -1, 0
127, -1, -1
248, -1, 0
251, -1, 0
126, -1, 0
248, -1, 0
128, -1, 0
126, 0, -1
123, -1, 0
126, -1, 0
248, -1, 0
128, -1, 0
247, -1, 0
127, -1, 0
125, 0, -1
125, -1, 0
125, -1, 0
127, -1, 0
245, -1, 0
128, -1, 0
247, -1, 0
127, -1, 0
249, -1, -1
127, -1, 0
127, -1, 0
246, -1, 0
130, -1, 0
249, -1, 0
125, -1, 0
128, -1, 0
128, 0, -1
119, -1, 0
130, -1, 0
118, -1, 0
262, -1, 0
114, -1, 0
247, -1, 0
129, -1, 0
126, -1, 0
123, -1, -1
125, -1, 0
281, -1, 0
103, -1, 0
123, -1, 0
242, -1, 0
136, -1, 0
122, -1, 0
130, -1, 0
237, -1, 0
140, -1, 0
121, -1, -1
123, -1, 0
126, -1, 0
243, -1, 0
132, -1, 0
126, -1, 0
128, -1, 0
235, -1, 0
138, -1, 0
126, -1, 0
124, -1, 0
126, -1, 0
124, -1, -1
125, -1, 0
240, -1, 0
134, -1, 0
125, -1, 0
124, -1, 0
125, -1, 0
125, -1, 0
241, -1, 0
135, -1, 0
124, -1, 0
125, -1, 0
125, -1, 0
126, -1, 0
125, -1, 0
127, -1, 0
120, 0, -1
124, -1, 0
127, -1, 0
124, -1, 0
124, -1, 0
125, -1, 0
126, -1, 0
124, -1, 0
125, -1, 0
125, -1, 0
125, -1, 0
238, -2, 0
250, -2, 0
252, -2, 0
249, -2, 0
250, -1, 0
136, -1, 0
125, -1, 0
125, -1, 0
126, -1, -1
124, -1, 0
125, -1, 0
971, -1, 0
154, -1, 0
125, -8, 0
125, -1, 0
125, -1, 0
124, -1, 0
126, -1, 0
125, -1, 0
136, -1, 0
114, -1, 0
125, -1, 0
125, -1, 0
125, -1, 0
127, -1, 0
124, -1, 0
124, -1, 0
125, -1, 0
125, -1, 0
125, -1, 0
125, -2, 0
125, -1, 0
239, -2, 0
355, -2, 0
29, -1, 0
181, -1, 0
63, -1, 0
124, -1, 0
125, -1, 0
125, -1, 0
126, -1, 0
125, -1, 0
125, -1, 0
126, -1, 0
124, -1, 0
125, -1, 0
124, -2, 0
248, -2, 0
127, -1, 0
125, -1, 0
125, -1, 0
127, -1, 0
130, -1, 0
123, -1, 0
126, -1, 0
124, -1, 0
126, -2, 0
125, -1, 0
126, -1, 0
194, -1, 0
52, -1, 0
126, -1, 0
123, -1, 0
124, -1, 0
125, -1, 0
125, -2, 0
125, -1, 0
128, -1, 1
125, -1, 0
122, -1, 0
125, -1, 0
126, -2, 0
124, -1, 0
125, -1, 0
125, -1, 0
125, -1, 0
125, -1, 0
125, -1, 0
125, -1, 0
125, -1, 0
125, -2, 0
125, -1, 0
129, -1, 1
121, -1, 0
125, -1, 0
125, -1, 0
126, -2, 0
125, -1, 0
124, -1, 0
125, -1, 0
126, -1, 0
124, -1, 0
125, -1, 0
126, -2, 0
125, -1, 1
127, -1, 0
127, -1, 0
123, -1, 0
124, -1, 0
124, -2, 0
124, -1, 0
126, -1, 0
124, -1, 0
125, -1, 0
125, -2, 1
126, -1, 0
124, -1, 0
125, -1, 0
125, -1, 0
126, -1, 0
124, -2, 0
125, -1, 0
125, -1, 0
125, -1, 0
125, -1, 0
126, -2, 1
124, -1, 0
125, -1, 0
129, -1, 0
122, -1, 0
125, -1, 0
125, -2, 0
125, -1, 1
125, -1, 0
125, -1, 0
125, -1, 0
125, -2, 0
125, -1, 0
125, -1, 0
125, -1, 0
126, -2, 1
124, -1, 0
125, -1, 0
125, -1, 0
125, -2, 0
412, -2, 0
213, -1, 1
125, -3, 0
125, -2, 0
124, -1, 0
125, -1, 1
125, -1, 0
125, -2, 0
125, -1, 0
125, -1, 0
125, -1, 0
125, -2, 1
125, -1, 0
125, -1, 0
125, -1, 0
125, -1, 0
125, -2, 0
126, -1, 1
124, -1, 0
125, -1, 0
126, -2, 0
124, -1, 0
125, -1, 0
125, -1, 1
163, -2, 0
87, -1, 0
127, -1, 0
123, -1, 0
125, -1, 1
125, -2, 0
126, -1, 0
124, -1, 0
125, -1, 0
125, -2, 1
126, -1, 0
125, -1, 0
125, -1, 0
124, -2, 0
125, -1, 0
125, -1, 1
125, -1, 0
125, -1, 0
124, -2, 0
126, -1, 0
125, -1, 1
125, -1, 0
124, -2, 0
126, -1, 0
126, -1, 1
124, -1, 0
129, -1, 0
122, -1, 0
124, -1, 0
125, -2, 1
125, -1, 0
125, -1, 0
124, -1, 0
126, -2, 1
124, -1, 0
125, -1, 0
126, -1, 0
124, -2, 1
125, -1, 0
125, -1, 0
125, -1, 0
126, -1, 1
124, -2, 0
126, -1, 0
125, -1, 0
129, -1, 1
121, -2, 0
124, -1, 0
127, -1, 0
125, -1, 0
125, -2, 1
124, -1, 0
124, -1, 0
125, -1, 1
126, -1, 0
124, -1, 0
126, -1, 0
125, -2, 1
124, -1, 0
126, -2, 0
246, -2, 1
128, -1, 0
125, -1, 0
126, -1, 0
124, -1, 1
125, -2, 0
125, -1, 0
125, -1, 0
125, -1, 0
125, -2, 1
125, -1, 0
128, -1, 0
124, -1, 1
123, -2, 0
126, -1, 0
124, -1, 1
125, -1, 0
125, -1, 0
129, -1, 0
131, -1, 1
124, -2, 0
153, -1, 0
124, -1, 1
97, -1, 0
126, -2, 0
125, -1, 0
124, -1, 1
125, -1, 0
127, -1, 0
126, -2, 1
124, -1, 0
125, -1, 0
127, -1, 0
132, -1, 1
120, -1, 0
126, -2, 0
124, -1, 0
128, -1, 1
124, -1, 0
122, -2, 0
124, -1, 1
238, -2, 0
136, -1, 0
1055, -1, 1
193, -1, 0
124, -11, 3
125, -1, 0
125, -1, 0
126, -1, 0
125, -1, 1
125, -2, 0
124, -1, 0
126, -1, 1
125, -1, 0
124, -1, 0
137, -1, 0
114, -1, 1
125, -2, 0
124, -1, 0
126, -1, 1
125, -1, 0
125, -1, 0
126, -1, 0
124, -2, 1
126, -1, 0
124, -1, 0
125, -1, 1
124, -1, 0
126, -1, 0
125, -1, 0
125, -1, 1
125, -1, 0
131, -2, 0
122, -1, 1
125, -1, 0
124, -1, 0
125, -1, 1
126, -1, 0
125, -1, 0
125, -2, 0
124, -1, 0
125, -1, 1
125, -1, 0
126, -1, 1
127, -1, 0
123, -2, 0
247, -2, 1
128, -1, 0
124, -1, 0
126, -1, 0
125, -1, 1
124, -1, 0
125, -1, 0
125, -1, 1
125, -1, 0
125, -1, 0
125, -1, 1
125, -2, 0
125, -1, 0
125, -1, 0
125, -1, 1
125, -1, 0
125, -1, 0
125, -1, 0
125, -1, 1
125, -1, 0
125, -1, 0
125, -1, 1
125, -1, 0
125, -1, 0
117, -1, 0
131, -1, 1
125, -1, 0
125, -2, 0
239, -2, 1
250, -2, 0
127, -1, 1
125, -1, 0
125, -1, 0
125, -1, 0
125, -1, 1
125, -1, 0
125, -1, 0
125, -1, 0
125, -1, 1
125, -1, 0
125, -1, 0
126, -1, 1
124, -1, 0
126, -1, 0
124, -1, 0
125, -1, 1
127, -1, 0
127, -1, 0
123, -1, 0
124, -1, 1
125, -1, 0
125, -1, 0
124, -1, 0
126, -1, 1
124, -1, 0
127, -1, 0
124, -1, 0
125, 0, 1
125, -2, 0
247, -1, 0
128, -1, 1
125, -2, 0
247, -1, 0
128, -1, 0
125, -1, 1
125, -1, 0
125, -1, 0
125, -1, 1
125, -1, 0
125, -1, 0
129, -1, 0
122, -1, 0
124, 0, 1
125, -1, 0
125, -1, 0
125, -1, 0
125, -1, 1
125, -1, 0
513, -1, 0
236, -1, 0
125, -4, 1
125, -1, 0
125, -1, 1
126, -1, 0
246, -2, 0
128, 0, 1
125, -1, 0
125, -1, 0
125, -1, 0
125, -1, 0
125, -1, 1
125, -1, 0
248, -1, 0
127, -1, 0
125, -1, 1
247, -1, 0
128, -1, 0
125, -1, 0
126, -1, 1
247, -1, 0
131, -1, 0
121, -1, 0
247, -1, 1
128, -1, 0
125, -1, 0
248, -1, 0
127, -1, 1
125, -1, 0
248, -1, 0
127, -1, 0
125, -1, 0
248, -1, 1
127, -1, 0
247, -1, 0
128, -1, 0
125, -1, 1
247, -1, 0
250, -1, 0
128, -1, 0
247, -1, 1
128, -1, 0
247, -1, 0
128, -1, 0
279, -1, 0
225, -1, 1
131, -1, 0
237, -1, 0
137, -1, 0
238, -1, 0
250, -1, 0
137, -1, 0
125, 0, 1
124, -1, 0
239, -1, 0
250, -1, 0
251, -1, 0
136, 0, 1
125, -1, 0
125, -1, 0
238, -1, 0
375, -1, 0
251, -1, 0
249, -1, 0
250, -1, 0
250, -1, 1
250, -1, 0
375, -1, 0
249, -1, 0
250, -1, 0
251, -1, 0
374, -1, 0
377, -1, 1
374, -1, 0
249, -1, 0
375, -1, 0
376, -1, 0
374, -1, 0
1393, -1, 0
245, -1, 0
124, -1, 0
125, -1, 0
488, -1, 0
625, -1, 0
799, -1, 0
829, -1, 0
748, -1, 0
1257, -1, 0
2373, -1, 0
372, 0, -1
12383, 1, 0
1748, 1, 0
1123, 1, 0
124, 0, -1
747, 1, 0
752, 1, 0
748, 1, 0
626, 1, 0
624, 1, 0
249, 0, -1
250, 1, 0
539, 1, 0
499, 1, 0
462, 1, 0
375, 1, -1
502, 1, 0
373, 1, 0
501, 1, 0
374, 1, 0
137, 0, -1
125, 1, 0
363, 1, 0
375, 1, 0
250, 1, 0
1102, 1, 0
160, 0, -1
124, 3, 0
239, 1, 0
249, 1, 0
137, 0, -1
125, 1, 0
364, 1, 0
250, 1, 0
249, 1, 0
137, 0, -1
125, 1, 0
239, 1, 0
251, 1, 0
374, 1, -1
176, 1, 0
199, 1, 0
250, 1, 0
250, 1, 0
250, 1, -1
250, 1, 0
250, 1, 0
128, 1, 0
247, 1, 0
128, 0, -1
125, 1, 0
125, 1, 0
247, 1, 0
250, 1, 0
129, 1, -1
246, 1, 0
251, 1, 0
257, 1, 0
123, 1, 0
124, 1, -1
248, 1, 0
250, 1, 0
127, 1, 0
248, 1, -1
127, 1, 0
126, 1, 0
247, 1, 0
129, 1, 0
252, 1, -1
122, 1, 0
247, 1, 0
129, 1, 0
245, 1, 0
128, 1, -1
125, 1, 0
247, 1, 0
128, 1, 0
247, 1, 0
128, 1, -1
125, 1, 0
125, 1, 0
247, 1, 0
128, 1, 0
125, 1, 0
125, 1, -1
247, 1, 0
128, 1, 0
128, 1, 0
124, 1, 0
128, 0, -1
121, 1, 0
126, 1, 0
126, 1, 0
123, 1, 0
245, 1, -1
127, 1, 0
125, 1, 0
125, 1, 0
125, 1, 0
125, 0, -1
125, 1, 0
125, 1, 0
125, 1, 0
125, 1, 0
124, 1, 0
126, 1, -1
124, 1, 0
248, 1, 0
128, 1, 0
125, 1, 0
125, 1, -1
124, 1, 0
126, 1, 0
124, 1, 0
125, 1, 0
125, 1, 0
126, 1, -1
576, 2, 0
174, 1, 0
146, 3, -1
106, 1, 0
130, 1, 0
128, 1, -1
116, 1, 0
124, 1, 0
124, 1, 0
125, 1, 0
125, 1, -1
125, 1, 0
125, 1, 0
125, 1, 0
126, 1, 0
124, 1, 0
125, 1, -1
125, 1, 0
125, 1, 0
125, 1, 0
125, 1, 0
131, 1, -1
119, 1, 0
126, 1, 0
124, 1, 0
125, 1, 0
125, 1, -1
125, 1, 0
125, 1, 0
125, 1, 0
125, 2, 0
126, 1, -1
124, 1, 0
125, 1, 0
125, 1, 0
125, 1, -1
125, 1, 0
125, 1, 0
125, 1, 0
125, 1, -1
125, 1, 0
125, 2, 0
125, 1, 0
125, 1, 0
125, 1, -1
125, 1, 0
125, 1, 0
126, 2, 0
124, 1, -1
125, 1, 0
126, 1, 0
124, 1, 0
125, 1, 0
125, 1, -1
125, 2, 0
125, 1, 0
125, 1, 0
125, 1, -1
125, 2, 0
248, 1, 0
127, 2, -1
125, 1, 0
125, 1, 0
125, 1, 0
125, 2, -1
125, 1, 0
125, 1, 0
126, 1, 0
124, 2, 0
125, 1, -1
125, 1, 0
125, 1, 0
125, 1, 0
125, 2, -1
125, 1, 0
125, 1, 0
129, 1, 0
121, 2, -1
125, 1, 0
125, 2, 0
125, 1, 0
125, 1, -1
125, 1, 0
125, 1, 0
125, 2, 0
125, 1, -1
125, 1, 0
125, 1, 0
126, 2, -1
124, 1, 0
125, 1, 0
125, 2, 0
125, 1, -1
125, 1, 0
125, 1, 0
125, 2, 0
125, 1, -1
125, 2, 0
125, 1, 0
125, 1, -1
125, 1, 0
125, 2, 0
125, 1, 0
125, 2, -1
125, 1, 0
125, 1, 0
125, 2, -1
125, 1, 0
125, 1, 0
125, 1, 0
125, 2, -1
125, 1, 0
125, 2, 0
125, 1, -1
125, 2, 0
125, 1, 0
126, 2, -1
125, 1, 0
124, 1, 0
125, 2, 0
125, 1, -1
124, 1, 0
127, 1, 0
126, 2, -1
123, 1, 0
125, 2, 0
125, 1, 0
357, 2, -1
304, 1, 0
94, 6, -1
120, 1, -1
124, 2, 0
125, 1, 0
126, 2, -1
124, 1, 0
126, 2, 0
130, 1, 0
120, 2, -1
124, 1, 0
130, 1, 0
123, 2, -1
124, 1, 0
123, 2, 0
125, 1, -1
126, 2, 0
125, 1, 0
125, 2, -1
125, 1, 0
125, 1, 0
125, 2, -1
124, 1, 0
126, 2, 0
125, 1, -1
125, 2, 0
124, 1, 0
126, 2, 0
125, 1, -1
124, 2, 0
126, 1, 0
124, 2, -1
126, 1, 0
124, 1, 0
126, 2, -1
124, 1, 0
126, 2, 0
125, 1, -1
125, 2, 0
125, 1, 0
125, 2, -1
124, 1, 0
126, 2, 0
124, 1, -1
126, 2, 0
124, 1, 0
126, 2, -1
124, 1, 0
125, 2, 0
125, 2, -1
125, 1, 0
126, 2, 0
125, 1, -1
124, 2, 0
125, 1, 0
126, 2, -1
125, 1, 0
124, 1, 0
126, 2, -1
125, 1, 0
125, 2, 0
125, 1, -1
124, 2, 0
125, 1, 0
134, 3, -1
119, 1, 0
126, 1, 0
122, 2, 0
125, 1, -1
125, 2, 0
125, 1, -1
125, 2, 0
124, 1, 0
126, 2, -1
124, 1, 0
126, 2, 0
125, 1, -1
126, 2, 0
124, 2, 0
125, 1, -1
125, 2, 0
125, 1, 0
125, 2, -1
125, 1, 0
125, 2, 0
125, 1, 0
125, 2, -1
125, 1, 0
125, 2, -1
125, 1, 0
125, 2, 0
125, 1, 0
125, 2, -1
125, 2, 0
125, 1, 0
125, 2, -1
125, 1, 0
124, 2, -1
126, 1, 0
125, 2, 0
126, 1, -1
123, 2, 0
126, 1, 0
125, 2, -1
124, 1, 0
126, 2, 0
125, 2, -1
124, 1, 0
126, 2, 0
125, 1, -1
124, 2, 0
126, 1, -1
124, 2, 0
125, 1, 0
126, 2, -1
125, 1, 0
125, 2, 0
125, 2, -1
125, 1, 0
125, 2, 0
125, 1, -1
125, 2, 0
125, 1, 0
125, 2, -1
125, 1, 0
125, 2, 0
125, 1, -1
127, 2, 0
125, 1, 0
123, 2, -1
549, 1, 0
226, 2, 0
99, 8, -2
126, 1, 0
124, 1, -1
126, 2, 0
124, 1, 0
125, 2, -1
125, 1, 0
125, 2, -1
126, 2, 0
124, 1, 0
125, 2, -1
125, 1, 0
125, 2, 0
135, 2, -1
118, 1, 0
125, 1, 0
125, 2, -1
126, 1, 0
128, 2, 0
125, 1, -1
124, 2, 0
185, 1, 0
63, 2, -1
124, 1, 0
127, 2, -1
123, 1, 0
125, 1, 0
126, 2, -1
124, 1, 0
124, 2, 0
126, 1, -1
124, 2, 0
125, 1, 0
125, 2, -1
125, 1, 0
125, 2, 0
125, 1, -1
125, 1, 0
125, 2, 0
126, 1, -1
124, 2, 0
125, 1, 0
125, 2, -1
125, 1, 0
126, 2, -1
124, 1, 0
125, 2, 0
126, 1, -1
124, 2, 0
126, 1, 0
125, 1, -1
124, 2, 0
125, 1, 0
125, 2, -1
125, 1, 0
125, 2, -1
125, 1, 0
125, 2, 0
125, 1, 0
125, 2, -1
125, 1, 0
125, 1, 0
125, 2, -1
125, 1, 0
125, 1, -1
125, 2, 0
125, 1, 0
125, 1, 0
126, 2, -1
124, 1, 0
125, 2, 0
125, 1, -1
125, 1, 0
126, 2, -1
124, 1, 0
132, 2, 0
120, 1, -1
124, 1, 0
124, 1, 0
126, 2, 0
124, 1, -1
126, 2, 0
124, 1, 0
125, 1, -1
125, 2, 0
125, 1, 0
125, 1, -1
126, 2, 0
124, 1, 0
125, 1, -1
125, 2, 0
125, 1, 0
125, 1, -1
125, 2, 0
125, 1, 0
125, 1, -1
125, 1, 0
125, 2, 0
125, 1, -1
125, 2, 0
126, 1, 0
125, 1, -1
139, 1, 0
112, 2, 0
124, 1, -1
124, 1, 0
125, 1, 0
125, 1, 0
125, 2, -1
124, 1, 0
125, 2, 0
126, 1, -1
125, 1, 0
125, 1, 0
126, 1, -1
123, 1, 0
126, 2, 0
125, 1, 0
124, 1, -1
125, 1, 0
125, 1, 0
126, 2, -1
125, 1, 0
126, 1, 0
124, 1, 0
126, 2, -1
124, 1, 0
125, 1, 0
126, 1, -1
304, 1, 0
195, 1, 0
125, 3, -1
124, 2, 0
125, 1, -1
125, 1, 0
125, 1, 0
125, 1, 0
125, 1, -1
126, 1, 0
124, 2, 0
247, 2, -1
128, 1, 0
125, 1, 0
125, 1, 0
125, 1, -1
125, 1, 0
125, 2, 0
125, 0, -1
125, 2, 0
247, 1, 0
128, 2, -1
248, 2, 0
127, 1, 0
125, 1, -1
125, 1, 0
125, 1, 0
125, 1, -1
124, 1, 0
125, 1, 0
127, 1, 0
125, 1, -1
124, 1, 0
125, 1, 0
125, 1, 0
125, 1, -1
125, 1, 0
125, 1, 0
125, 1, 0
125, 1, -1
125, 1, 0
248, 2, 0
250, 1, -1
128, 1, 0
125, 1, 0
125, 1, 0
126, 1, -1
199, 1, 0
58, 1, 0
131, 1, 0
149, 0, -1
124, 1, 0
99, 1, 0
122, 1, 0
126, 1, 0
126, 1, -1
124, 1, 0
125, 1, 0
241, 1, 0
134, 1, -1
134, 1, 0
113, 1, 0
240, 1, -1
136, 1, 0
125, 1, 0
125, 1, 0
125, 1, 0
240, 1, -1
135, 1, 0
125, 1, 0
239, 1, 0
136, 1, -1
125, 1, 0
126, 1, 0
238, 1, 0
136, 1, 0
125, 0, -1
125, 1, 0
125, 1, 0
239, 1, 0
135, 1, 0
240, 1, -1
135, 1, 0
240, 1, 0
137, 1, 0
125, 0, -1
124, 1, 0
131, 1, 0
237, 1, 0
133, 1, 0
240, 1, -1
251, 1, 0
135, 1, 0
238, 1, 0
250, 1, -1
249, 1, 0
250, 1, 0
250, 1, 0
137, 0, -1
125, 1, 0
124, 1, 0
238, 1, 0
374, 1, 0
251, 1, -1
1077, 1, 0
186, 1, 0
124, 2, -1
124, 1, 0
239, 1, 0
375, 1, 0
375, 1, 0
136, 0, -1
239, 1, 0
388, 1, 0
488, 1, 0
499, 1, 0
128, 0, -1
372, 1, 0
500, 1, 0
752, 1, 0
875, 1, 0
498, 0, -1
1125, 1, 0
10916, -1, 0
1868, -1, 0
746, 0, -1
386, -1, 0
991, -1, 0
750, -1, 0
872, -1, -1
770, -1, 0
576, -1, 0
533, -1, 0
217, 0, -1
249, -1, 0
659, -1, 0
467, -1, 0
539, -1, 0
210, 0, -1
250, -1, 0
533, -1, 0
343, -1, 0
376, -1, 0
502, -1, 0
373, -1, 0
407, -1, -1
342, -1, 0
374, -1, 0
251, -1, 0
407, -1, 0
1016, -1, 0
216, -1, 0
122, -2, 0
238, -1, 0
137, 0, -1
238, -1, 0
251, -1, 0
249, -1, 0
375, -1, 0
250, -1, 0
250, -1, 0
376, -1, 0
250, -1, 0
251, -1, 0
248, -1, 0
250, -1, 0
251, -1, 0
128, 0, -1
124, -1, 0
372, -1, 0
128, -1, 0
248, -1, 0
249, -1, 0
251, -1, 0
249, -1, 0
251, -1, 0
251, -1, 0
127, -1, 0
247, -1, 0
250, -1, 0
250, -1, 0
127, -1, 0
248, -1, 0
249, -1, 0
250, -1, 0
128, -1, 0
248, -1, 0
128, -1, 0
247, -1, 0
250, -1, 0
128, -1, 0
247, -1, 0
128, -1, 0
247, -1, 0
128, -1, 0
247, -1, 0
250, -1, 0
128, -1, 0
247, -1, 0
127, -1, 0
248, -1, 0
127, -1, 0
248, -1, 0
128, -1, 0
124, -1, 0
248, -1, 0
127, -1, 0
251, -1, 0
125, -1, 0
125, -1, 0
246, -1, 0
129, -1, 0
124, -1, 0
247, -1, 0
128, -1, 0
248, -1, 0
127, -1, 0
125, -1, 0
247, -1, 0
128, -1, 0
125, -1, 0
125, 0, 1
125, -1, 0
125, -1, 0
125, -1, 0
125, -1, 0
248, -1, 0
127, -1, 0
125, -1, 0
410, -1, 0
217, -1, 0
176, -2, 0
79, -1, 0
119, -1, 0
126, -1, 0
124, -1, 0
125, -1, 0
246, -1, 0
129, -1, 0
125, -1, 0
125, -1, 1
124, -1, 0
247, -1, 0
128, -1, 0
125, -1, 0
125, -1, 0
125, -1, 0
125, -1, 0
247, -1, 0
128, -1, 0
125, -1, 0
125, -1, 1
247, -2, 0
251, -1, 0
128, -1, 0
124, -1, 0
125, -1, 0
125, -1, 0
125, -1, 0
125, -1, 0
249, -1, 0
126, -1, 0
125, -1, 1
125, -1, 0
126, -1, 0
124, -1, 0
125, -1, 0
125, -1, 0
125, -1, 0
125, -1, 0
248, -1, 0
127, -1, 0
126, -1, 0
125, -1, 1
125, -1, 0
124, -1, 0
125, -1, 0
125, -1, 0
125, -1, 0
125, -1, 0
125, -1, 0
125, -1, 0
125, -1, 0
125, -1, 0
187, -1, 1
101, -1, 0
96, -1, 0
246, -2, 0
130, -1, 0
124, -1, 0
238, -1, 0
136, -1, 0
125, -1, 0
125, -1, 1
125, -1, 0
125, -1, 0
125, -1, 0
125, -1, 0
125, -1, 0
126, -1, 0
125, -1, 0
124, -1, 0
125, -1, 1
125, -1, 0
126, -1, 0
124, -1, 0
125, -1, 0
125, -1, 0
125, -1, 0
125, -1, 1
125, -2, 0
238, -1, 0
137, -1, 0
125, -1, 0
125, -1, 0
136, -1, 0
114, -2, 0
125, 0, 1
125, -2, 0
125, -1, 0
125, -1, 0
125, -1, 0
125, -1, 0
125, -1, 0
125, -1, 0
125, -1, 0
125, -1, 1
125, -1, 0
125, -1, 0
125, -1, 0
125, -1, 0
125, -2, 0
239, -2, 1
136, -1, 0
238, -2, 0
137, -1, 0
125, -1, 0
125, -1, 0
125, -1, 1
125, -1, 0
125, -1, 0
125, -1, 0
125, -2, 0
125, -1, 0
125, -1, 1
125, -1, 0
125, -1, 0
839, -1, 0
168, -1, 0
118, -8, 1
126, -1, 0
124, -1, 1
125, -2, 0
238, -2, 0
137, -1, 0
125, -1, 0
125, -1, 1
125, -2, 0
238, -1, 0
137, -2, 0
125, -1, 0
126, -1, 1
124, -1, 0
125, -1, 0
125, -1, 0
125, -2, 0
125, -1, 0
125, -1, 1
126, -1, 0
125, -1, 0
124, -1, 0
126, -1, 0
147, -2, 1
94, -1, 0
125, -1, 0
131, -1, 0
123, -2, 0
125, -1, 0
124, -1, 1
126, -1, 0
122, -1, 0
125, -1, 0
124, -1, 0
125, -2, 1
124, -1, 0
125, -1, 0
126, -1, 0
125, -2, 0
125, 0, 1
124, -2, 0
125, -1, 0
126, -1, 0
125, -1, 0
125, -1, 1
124, -2, 0
126, -1, 0
125, -1, 0
125, -1, 0
125, -2, 1
124, -1, 0
126, -1, 0
125, -1, 0
124, -2, 1
125, -1, 0
264, -2, 0
114, -1, 0
123, -2, 1
246, -2, 0
129, -1, 0
133, -1, 0
121, -2, 1
123, -1, 0
123, -1, 0
132, -1, 0
121, -1, 0
133, -1, 1
239, -2, 0
256, -1, 0
119, -4, 1
125, -1, 0
125, -1, 0
125, -1, 0
125, -1, 1
125, -2, 0
125, -1, 0
125, -1, 0
125, -1, 0
125, -2, 1
125, -1, 0
126, -1, 0
124, -1, 0
126, -2, 0
125, -1, 1
125, -1, 0
125, -1, 0
125, -1, 0
124, -2, 1
125, -1, 0
126, -1, 0
125, -1, 0
125, -2, 1
124, -1, 0
125, -2, 0
249, -1, 1
126, -2, 0
125, -1, 0
125, -2, 0
126, -1, 1
125, -1, 0
124, -1, 0
125, -2, 0
125, -1, 1
125, -1, 0
125, -1, 0
125, -1, 0
125, -2, 1
125, -1, 0
126, -1, 0
124, -1, 0
125, -2, 1
125, -1, 0
125, -1, 0
125, -1, 0
125, -2, 1
125, -1, 0
125, -1, 0
125, -2, 0
125, 0, 1
125, -2, 0
552, -1, 0
199, -2, 0
124, -6, 2
125, -1, 0
125, -1, 0
125, -1, 0
125, -2, 1
125, -1, 0
125, -1, 0
125, -1, 1
125, -2, 0
125, -1, 0
125, -1, 0
125, -1, 1
125, -2, 0
125, -1, 0
125, -1, 0
125, -2, 1
247, -2, 0
128, -1, 0
125, -2, 1
130, -1, 0
129, -1, 0
117, -1, 0
125, -2, 1
124, -1, 0
125, -1, 0
125, -1, 0
125, -1, 1
125, -2, 0
125, -1, 0
125, -2, 0
125, 0, 1
126, -2, 0
126, -1, 0
123, -2, 1
125, -1, 0
125, -1, 0
125, -1, 0
125, -1, 0
125, -2, 1
125, -1, 0
125, -1, 0
125, -1, 0
125, -2, 1
125, -1, 0
125, -1, 0
125, -1, 1
125, -1, 0
126, -2, 0
124, -1, 0
125, -1, 1
125, -1, 0
125, -2, 0
125, -1, 0
125, -1, 1
125, -1, 0
125, -2, 0
129, -1, 0
121, -1, 1
125, -1, 0
125, -2, 0
125, -1, 1
125, -1, 0
125, -1, 0
125, -2, 0
125, -1, 0
125, -1, 1
125, -2, 0
247, -2, 1
128, -1, 0
125, -1, 0
125, -2, 0
126, 0, 1
128, -2, 0
123, -1, 0
123, -1, 0
125, -2, 1
125, -1, 0
125, -1, 0
125, -1, 0
125, -2, 1
125, -1, 0
279, -1, 0
263, -1, 0
127, -4, 1
91, -1, 0
124, -2, 1
239, -2, 0
135, -1, 0
125, -1, 1
126, -1, 0
125, -1, 0
125, -2, 1
125, -1, 0
124, -1, 0
125, -1, 0
125, -2, 0
127, -1, 1
124, -1, 0
125, -1, 0
136, -2, 0
114, -1, 1
125, -1, 0
124, -1, 0
126, -1, 0
124, -2, 1
239, -2, 0
136, -1, 0
126, -1, 1
124, -1, 0
126, -2, 0
124, -1, 0
125, -1, 1
125, -1, 0
125, -1, 0
127, -1, 0
123, -1, 1
125, -2, 0
125, -1, 0
125, -1, 0
126, -1, 1
1040, -2, 0
211, -1, 0
123, -10, 2
124, -1, 0
126, -1, 0
125, -1, 1
125, -1, 0
126, -1, 0
124, -2, 0
125, -1, 1
125, -1, 0
124, -1, 0
126, -1, 0
125, -1, 0
125, -2, 1
125, -1, 0
239, -2, 1
136, -1, 0
125, -1, 0
125, -1, 0
128, -1, 0
123, -1, 1
126, -2, 0
124, -1, 0
124, -1, 0
126, -1, 0
124, -1, 0
125, -1, 1
125, -1, 0
125, -1, 0
125, -1, 0
126, -1, 1
124, -1, 0
125, -2, 0
125, -1, 0
125, -1, 1
125, -1, 0
125, -1, 0
127, -1, 0
123, -1, 0
125, -1, 0
125, -1, 1
125, -1, 0
125, -1, 0
125, -1, 0
125, -1, 0
126, -1, 1
125, -1, 0
124, -1, 0
125, -1, 0
124, -1, 0
125, -1, 0
126, -1, 1
125, -1, 0
117, -1, 0
124, -2, 0
248, -2, 1
127, -1, 0
247, -2, 0
250, -2, 0
251, -2, 1
250, -2, 0
249, -2, 0
128, 0, 1
125, -2, 0
248, -1, 0
128, -1, 0
125, -1, 0
125, -1, 1
124, -1, 0
125, -1, 0
125, -1, 0
125, -1, 0
126, -1, 0
124, -1, 0
126, -1, 0
124, 0, 1
130, -2, 0
247, -1, 0
126, -1, 0
125, -1, 0
124, -1, 0
123, -1, 1
125, -1, 0
125, -1, 0
125, -1, 0
247, -1, 0
128, -1, 0
125, -1, 0
125, -1, 0
125, -1, 1
126, -1, 0
136, -1, 0
235, -2, 0
250, -1, 0
128, -1, 0
125, -1, 1
125, -1, 0
247, -1, 0
128, -1, 0
125, -1, 0
247, -2, 0
250, -1, 0
128, -1, 1
247, -1, 0
128, -1, 0
125, -1, 0
125, -1, 0
247, -1, 0
283, -1, 0
220, -1, 0
126, -2, 1
246, -1, 0
128, -1, 0
125, -1, 0
247, -1, 0
128, -1, 0
247, -1, 0
128, -1, 0
247, -1, 1
128, -1, 0
125, -1, 0
247, -1, 0
250, -1, 0
128, -1, 0
125, -1, 0
247, -1, 0
251, -1, 0
127, -1, 0
247, -1, 0
250, -1, 0
128, -1, 0
125, 0, 1
125, -1, 0
247, -1, 0
128, -1, 0
247, -1, 0
250, -1, 0
128, -1, 0
247, -1, 0
250, -1, 0
250, -1, 0
250, -1, 0
397, -1, 0
106, -1, 0
247, -1, 0
407, -1, 0
234, -1, 0
239, -1, 0
244, -1, 0
409, -1, 0
216, -1, 0
376, -1, 0
250, -1, 0
406, -1, 0
346, -1, 0
405, -1, 0
393, -1, 0
324, -1, 0
533, -1, 0
342, -1, 0
533, -1, 0
500, -1, 0
630, -1, 0
212, 0, -1
387, -1, 0
738, -1, 0
908, -1, 0
1001, 0, -1
237, -1, 0
1639, -1, 0
8516, 0, -1
5589, 1, 0
2129, 1, 0
1516, 1, 0
1153, 1, 0
988, 1, 0
750, 1, 0
753, 1, 0
710, 1, 0
760, 1, 0
659, 1, 0
621, 1, 0
466, 1, 0
498, 1, 0
658, 1, 0
500, 1, 0
340, 1, 0
638, 1, 0
375, 1, 0
514, 1, -1
348, 1, 0
373, 1, 0
375, 1, 0
376, 1, 0
406, 1, 0
370, 1, 0
380, 1, 0
378, 1, 0
248, 1, 0
367, 1, 0
377, 1, 0
250, 1, 0
257, 0, -1
126, 1, 0
368, 1, 0
256, 1, 0
250, 1, 0
253, 1, 0
367, 1, 0
382, 1, 0
117, 1, 0
215, 1, 0
377, 1, 0
249, 1, 0
252, 1, -1
249, 1, 0
270, 1, 0
230, 1, 0
251, 1, 0
370, 1, 0
256, 1, 0
125, 1, 0
398, 1, 0
226, 1, 0
126, 1, -1
124, 1, 0
248, 1, 0
251, 1, 0
126, 1, 0
378, 1, 0
116, 1, 0
249, 1, 0
174, 1, 0
200, 1, -1
312, 1, 0
189, 1, 0
125, 1, 0
247, 1, 0
250, 1, 0
128, 1, 0
125, 1, 0
247, 1, 0
250, 1, -1
128, 1, 0
247, 1, 0
250, 1, 0
128, 1, 0
125, 1, 0
247, 1, 0
128, 1, 0
247, 1, 0
130, 1, -1
158, 1, 0
212, 1, 0
174, 1, 0
159, 1, 0
167, 1, 0
128, 1, 0
247, 1, 0
128, 1, -1
125, 1, 0
247, 1, 0
127, 1, 0
125, 1, 0
247, 1, 0
128, 1, 0
126, 1, -1
247, 1, 0
129, 1, 0
124, 1, 0
124, 1, 0
248, 1, 0
127, 1, 0
126, 1, 0
274, 1, -1
226, 1, 0
125, 2, 0
125, 1, 0
125, 1, 0
247, 1, -1
128, 1, 0
124, 1, 0
125, 1, 0
125, 1, 0
248, 1, 0
128, 1, 0
125, 1, 0
124, 1, -1
248, 2, 0
250, 1, 0
127, 1, 0
126, 1, 0
125, 1, -1
125, 1, 0
125, 1, 0
250, 1, 0
125, 1, 0
125, 1, 0
125, 1, 0
125, 1, -1
124, 1, 0
125, 1, 0
125, 1, 0
125, 1, 0
126, 1, 0
247, 1, 0
127, 1, -1
126, 1, 0
124, 1, 0
125, 1, 0
125, 1, 0
125, 1, 0
125, 1, -1
125, 1, 0
126, 1, 0
125, 1, 0
124, 1, 0
125, 1, -1
125, 1, 0
125, 1, 0
125, 1, 0
125, 1, 0
125, 1, 0
125, 1, 0
126, 1, 0
125, 1, 0
124, 1, -1
125, 1, 0
125, 1, 0
125, 1, 0
127, 1, 0
123, 1, 0
126, 1, -1
124, 1, 0
125, 1, 0
127, 1, 0
125, 1, 0
124, 1, -1
124, 1, 0
128, 1, 0
125, 1, 0
124, 1, 0
124, 1, 0
125, 1, -1
124, 1, 0
126, 1, 0
125, 1, 0
125, 1, 0
125, 2, 0
247, 1, 0
128, 2, -1
247, 2, 0
128, 1, 0
125, 1, 0
125, 1, -1
125, 1, 0
125, 1, 0
125, 1, 0
125, 1, 0
125, 1, 0
125, 1, 0
125, 1, -1
125, 1, 0
125, 1, 0
125, 2, 0
125, 1, 0
125, 1, -1
125, 1, 0
125, 1, 0
125, 1, 0
125, 1, 0
125, 2, 0
125, 0, -1
125, 2, 0
125, 1, 0
125, 1, 0
125, 1, 0
125, 1, -1
125, 1, 0
125, 2, 0
247, 2, 0
128, 1, 0
125, 1, -1
124, 1, 0
125, 1, 0
126, 2, 0
247, 2, 0
128, 1, -1
125, 1, 0
124, 1, 0
126, 1, 0
124, 2, 0
248, 2, -1
128, 1, 0
328, 1, 0
179, 1, 0
124, 4, -1
120, 1, 0
124, 1, 0
125, 1, 0
125, 1, 0
125, 2, -1
125, 1, 0
125, 1, 0
125, 1, 0
125, 2, 0
125, 1, -1
125, 1, 0
125, 1, 0
125, 1, 0
125, 1, 0
125, 2, 0
125, 1, -1
125, 1, 0
125, 1, 0
125, 1, 0
125, 2, 0
125, 1, -1
125, 1, 0
125, 1, 0
125, 2, 0
125, 1, 0
125, 1, 0
125, 1, -1
125, 1, 0
125, 2, 0
125, 1, 0
125, 1, 0
125, 1, -1
125, 2, 0
125, 1, 0
125, 1, 0
125, 1, -1
125, 1, 0
125, 2, 0
125, 1, 0
125, 1, 0
125, 1, 0
125, 2, -1
125, 1, 0
126, 2, 0
246, 2, 0
128, 1, -1
125, 1, 0
125, 2, 0
125, 1, 0
126, 1, 0
124, 1, -1
125, 2, 0
126, 1, 0
124, 1, 0
125, 1, 0
125, 2, -1
125, 1, 0
125, 1, 0
125, 1, 0
125, 1, 0
125, 2, 0
125, 1, -1
125, 1, 0
128, 1, 0
122, 2, 0
126, 1, 0
124, 1, -1
125, 2, 0
124, 1, 0
126, 1, 0
124, 1, 0
126, 2, -1
124, 1, 0
125, 1, 0
125, 1, 0
126, 2, 0
125, 1, 0
125, 2, -1
124, 1, 0
125, 1, 0
125, 1, -1
125, 1, 0
126, 2, 0
124, 1, 0
125, 1, 0
126, 1, 0
125, 2, -1
124, 1, 0
125, 1, 0
125, 2, 0
125, 1, 0
128, 1, -1
122, 2, 0
126, 1, 0
125, 1, 0
124, 1, 0
127, 1, -1
128, 2, 0
122, 1, 0
124, 2, 0
124, 1, 0
126, 1, -1
124, 1, 0
127, 2, 0
124, 1, 0
125, 1, 0
125, 1, -1
125, 1, 0
124, 2, 0
125, 1, 0
126, 1, -1
125, 1, 0
125, 2, 0
125, 1, 0
125, 2, 0
125, 1, -1
124, 1, 0
126, 1, 0
125, 1, 0
125, 2, 0
125, 1, -1
125, 1, 0
125, 2, 0
125, 1, 0
124, 1, 0
126, 2, -1
125, 1, 0
125, 1, 0
246, 1, 0
262, 1, 0
123, 4, -1
119, 2, 0
125, 1, 0
125, 1, -1
125, 2, 0
125, 1, 0
125, 1, 0
125, 1, 0
124, 1, -1
126, 2, 0
125, 1, 0
125, 1, 0
125, 1, 0
125, 2, -1
124, 1, 0
126, 2, 0
247, 2, 0
128, 1, -1
124, 1, 0
125, 2, 0
126, 1, 0
125, 1, 0
124, 1, -1
126, 2, 0
125, 1, 0
125, 1, 0
125, 1, -1
125, 2, 0
125, 1, 0
125, 1, 0
125, 1, 0
125, 1, 0
125, 2, -1
124, 1, 0
127, 1, 0
124, 1, 0
125, 1, -1
125, 2, 0
151, 1, 0
100, 1, 0
124, 1, 0
125, 1, 0
126, 2, -1
126, 1, 0
250, 1, 0
250, 1, 0
124, 4, -1
124, 1, 0
125, 1, 0
125, 1, 0
125, 2, -1
125, 1, 0
125, 1, 0
125, 1, 0
125, 2, -1
125, 1, 0
125, 1, 0
125, 1, 0
125, 1, 0
125, 1, 0
125, 2, -1
125, 1, 0
125, 1, 0
125, 1, 0
125, 1, 0
125, 1, -1
125, 1, 0
126, 2, 0
124, 1, 0
125, 1, 0
126, 1, 0
124, 1, -1
125, 1, 0
125, 1, 0
126, 2, 0
246, 2, 0
129, 1, -1
128, 1, 0
122, 1, 0
124, 1, 0
125, 1, 0
125, 2, -1
247, 1, 0
128, 2, 0
125, 1, 0
125, 1, -1
125, 1, 0
125, 1, 0
125, 1, 0
125, 2, 0
125, 1, 0
125, 1, -1
125, 1, 0
125, 1, 0
125, 1, 0
125, 1, 0
125, 1, 0
125, 1, -1
125, 1, 0
125, 1, 0
125, 1, 0
125, 1, 0
125, 2, 0
125, 0, -1
125, 1, 0
125, 2, 0
247, 2, 0
128, 1, 0
125, 1, -1
125, 1, 0
125, 1, 0
125, 1, 0
125, 1, 0
125, 1, 0
125, 1, -1
125, 1, 0
125, 1, 0
125, 1, 0
125, 1, 0
128, 1, 0
134, 1, -1
113, 1, 0
124, 1, 0
126, 1, 0
124, 1, 0
286, 1, 0
215, 1, -1
124, 3, 0
125, 1, 0
125, 1, 0
125, 1, -1
125, 1, 0
125, 1, 0
125, 1, 0
125, 1, 0
247, 1, 0
128, 1, -1
125, 1, 0
125, 1, 0
125, 1, 0
125, 1, 0
125, 1, 0
125, 1, -1
125, 1, 0
125, 1, 0
247, 1, 0
128, 1, 0
126, 1, 0
124, 1, 0
125, 1, -1
125, 1, 0
247, 1, 0
128, 1, 0
125, 1, 0
125, 1, 0
247, 2, -1
250, 1, 0
128, 1, 0
125, 1, 0
247, 1, 0
128, 1, -1
125, 1, 0
125, 1, 0
247, 1, 0
128, 1, 0
125, 1, 0
125, 0, -1
125, 2, 0
250, 1, 0
127, 1, 0
124, 1, 0
246, 1, 0
137, 1, 0
238, 1, -1
137, 1, 0
124, 1, 0
239, 1, 0
137, 1, 0
239, 1, 0
136, 1, 0
125, 0, -1
125, 1, 0
124, 1, 0
240, 1, 0
136, 1, 0
124, 1, 0
240, 1, 0
249, 1, 0
137, 1, 0
124, 0, -1
125, 1, 0
239, 1, 0
136, 1, 0
238, 1, 0
137, 1, 0
239, 1, 0
250, 1, 0
136, 0, -1
125, 1, 0
126, 1, 0
238, 1, 0
250, 1, 0
250, 1, 0
250, 1, 0
251, 1, 0
249, 1, 0
137, 0, -1
124, 1, 0
242, 1, 0
247, 1, 0
375, 1, 0
250, 1, 0
250, 1, 0
375, 1, 0
249, 1, 0
376, 1, 0
249, 1, -1
1046, 1, 0
216, 1, 0
125, 1, 0
125, 1, 0
509, 1, 0
522, 1, 0
487, 1, 0
482, 1, 0
617, 1, 0
780, 1, 0
1022, 1, 0
1611, 1, 0
13600, -1, 0
1497, 0, -1
645, -1, 0
1469, -1, 0
1000, -1, 0
874, -1, 0
751, -1, 0
874, -1, 0
625, -1, 0
377, 0, -1
248, -1, 0
751, -1, 0
499, -1, 0
513, -1, 0
567, -1, 0
456, -1, 0
465, -1, 0
377, -1, 0
1022, -1, 0
242, -1, 0
119, -1, 0
239, -1, 0
413, -1, 0
337, -1, 0
136, 0, -1
337, -1, 0
152, -1, 0
387, -1, 0
238, -1, 0
376, -1, 0
249, -1, 0
375, -1, 0
250, -1, 0
251, -1, 0
249, -1, 0
415, -1, 0
88, -1, 0
411, -1, 0
211, -1, 0
250, -1, 0
128, -1, 0
247, -1, 0
251, -1, 0
249, -1, 0
250, -1, 0
250, -1, 0
250, -1, 0
250, -1, 0
128, -1, 0
247, -1, 0
252, -1, 0
127, -1, 0
246, -1, 0
250, -1, 0
250, -1, 0
128, -1, 0
125, -1, 0
251, -1, 0
127, 0, 1
123, -1, 0
125, -1, 0
248, -1, 0
248, -1, 0
129, -1, 0
124, -1, 0
247, -1, 0
250, -1, 0
127, -1, 0
125, -1, 0
248, -1, 0
128, -1, 0
247, -1, 1
128, -1, 0
125, -1, 0
247, -1, 0
128, -1, 0
248, -1, 0
127, -1, 0
125, -1, 0
247, -1, 0
128, -1, 0
125, -1, 0
125, 0, 1
125, -1, 0
125, -1, 0
125, -1, 0
125, -1, 0
247, -1, 0
128, -1, 0
125, -1, 0
247, -1, 0
128, -1, 0
125, -1, 1
125, -1, 0
125, -1, 0
247, -1, 0
337, -1, 0
170, -1, 0
122, -3, 1
245, -1, 0
128, -1, 0
125, -1, 0
125, -1, 0
125, -1, 0
125, -1, 0
269, -2, 0
228, -1, 1
127, -1, 0
126, -1, 0
125, -1, 0
125, -1, 0
125, -1, 0
126, -1, 0
124, -1, 0
125, -1, 0
125, -1, 1
247, -2, 0
250, -2, 0
251, -1, 0
127, -1, 0
125, -1, 1
125, -1, 0
125, -1, 0
125, -1, 0
125, -1, 0
125, -1, 0
125, -1, 0
125, -1, 0
125, -1, 1
125, -1, 0
125, -1, 0
125, -2, 0
247, -1, 0
128, -1, 1
125, -1, 0
125, -2, 0
248, -2, 0
249, -2, 0
128, -1, 0
125, -1, 1
127, -1, 0
123, -1, 0
125, -1, 0
125, -1, 0
125, -1, 0
125, -1, 1
134, -1, 0
142, -1, 0
163, -2, 0
70, -1, 0
125, -1, 0
125, -1, 1
125, -1, 0
125, -1, 0
125, -1, 0
124, -1, 0
125, -1, 0
126, -2, 1
125, -1, 0
125, -1, 0
124, -1, 0
125, -1, 0
125, -1, 1
125, -2, 0
125, -1, 0
125, -1, 0
125, -1, 0
126, -1, 0
124, -2, 1
126, -1, 0
124, -1, 0
126, -1, 0
125, -1, 1
124, -1, 0
125, -2, 0
126, -1, 0
125, -1, 0
125, -1, 1
124, -1, 0
125, -2, 0
125, -1, 0
125, -1, 0
125, -1, 1
126, -1, 0
124, -1, 0
125, -2, 0
125, -1, 1
125, -1, 0
125, -2, 0
125, -1, 0
125, -1, 0
125, -1, 1
125, -2, 0
125, -1, 0
148, -1, 0
102, -1, 1
125, -2, 0
125, -1, 0
125, -1, 0
125, -1, 0
125, -1, 1
126, -2, 0
144, -1, 0
105, -2, 0
126, -1, 1
127, -1, 0
123, -1, 0
124, -2, 0
126, -1, 1
130, -2, 0
124, -1, 0
123, -1, 0
128, -2, 1
123, -1, 0
123, -1, 0
125, -1, 0
135, -2, 0
146, -1, 1
806, -1, 0
167, -2, 0
119, -9, 2
125, -2, 1
125, -1, 0
125, -2, 0
125, -1, 0
125, -1, 0
125, -1, 1
125, -2, 0
125, -1, 0
125, -2, 1
125, -1, 0
125, -2, 0
125, -1, 1
125, -1, 0
125, -2, 0
125, -1, 0
125, -2, 1
125, -1, 0
125, -2, 0
125, -1, 0
132, -1, 1
119, -2, 0
134, -1, 0
175, -2, 1
220, -1, 0
212, -2, 0
124, -4, 1
125, -2, 0
126, -1, 1
124, -1, 0
125, -2, 0
125, -1, 1
125, -2, 0
125, -1, 0
125, -2, 0
125, -1, 1
125, -2, 0
125, -1, 0
125, -2, 1
125, -1, 0
125, -2, 0
125, -1, 1
125, -2, 0
125, -2, 0
126, -1, 0
124, -2, 1
126, -1, 0
124, -2, 0
126, -1, 1
124, -2, 0
125, -1, 0
126, -2, 1
124, -1, 0
125, -1, 0
125, -2, 1
125, -1, 0
125, -2, 0
126, -1, 1
125, -2, 0
124, -1, 0
126, -2, 1
126, -2, 0
128, -1, 0
122, -2, 0
125, -1, 1
124, -2, 0
125, -1, 0
125, -2, 1
125, -1, 0
125, -2, 0
125, -1, 1
125, -2, 0
129, -1, 0
122, -2, 1
124, -2, 0
125, -1, 0
125, -2, 1
125, -1, 0
125, -2, 0
126, -1, 1
124, -2, 0
125, -1, 0
125, -2, 1
125, -2, 0
125, -1, 0
125, -2, 1
146, -2, 0
103, -1, 0
126, -1, 1
124, -2, 0
125, -1, 0
126, -2, 1
124, -2, 0
126, -2, 0
124, -1, 1
125, -2, 0
126, -1, 0
125, -2, 1
124, -1, 0
126, -2, 0
125, -2, 1
125, -1, 0
125, -2, 1
125, -1, 0
124, -2, 0
126, -1, 1
125, -2, 0
125, -2, 0
125, -2, 1
124, -1, 0
125, -2, 0
126, -1, 1
125, -1, 0
124, -2, 0
125, -2, 1
128, -2, 0
123, -1, 0
125, -2, 1
125, -1, 0
125, -2, 0
125, -1, 1
125, -2, 0
124, -2, 0
126, -1, 1
278, -2, 0
222, -1, 1
124, -5, 1
125, -2, 0
131, -2, 0
121, -1, 1
123, -2, 0
127, -1, 1
126, -2, 0
122, -2, 0
125, -1, 1
126, -2, 0
127, -1, 0
123, -2, 1
124, -1, 0
125, -2, 1
125, -2, 0
125, -2, 0
125, -1, 1
125, -1, 0
125, -2, 0
125, -2, 1
125, -2, 0
125, -1, 0
125, -2, 1
125, -1, 0
128, -2, 1
122, -1, 0
125, -2, 0
125, -2, 1
125, -2, 0
125, -1, 0
131, -1, 0
119, -2, 1
125, -2, 0
125, -1, 1
125, -2, 0
125, -2, 0
125, -1, 1
125, -2, 0
125, -1, 0
125, -2, 1
125, -2, 0
125, -1, 0
125, -2, 1
125, -1, 0
125, -2, 0
125, -1, 1
125, -2, 0
125, -2, 1
125, -1, 0
125, -2, 0
125, -2, 1
125, -1, 0
125, -1, 0
125, -2, 1
125, -2, 0
125, -1, 0
125, -2, 1
267, -2, 0
274, -1, 0
110, -5, 2
108, -1, 0
124, -1, 0
125, -2, 1
125, -2, 0
125, -2, 0
125, -1, 0
126, -2, 1
124, -1, 0
125, -2, 1
125, -1, 0
126, -2, 0
127, -1, 1
123, -2, 0
125, -1, 0
124, -2, 1
125, -2, 0
147, -1, 0
103, -2, 1
126, -1, 0
124, -2, 0
125, -1, 1
125, -2, 0
125, -1, 0
125, -2, 1
147, -1, 0
103, -1, 0
125, -2, 1
125, -1, 0
126, -2, 0
124, -1, 1
125, -2, 0
125, -2, 0
125, -1, 1
125, -1, 0
125, -2, 0
125, -2, 1
125, -1, 0
125, -2, 0
125, -1, 0
125, -2, 1
125, -1, 0
125, -2, 1
125, -1, 0
125, -2, 0
125, -1, 1
125, -2, 0
125, -1, 0
125, -1, 0
143, -2, 1
107, -1, 0
125, -2, 0
125, -1, 1
125, -2, 0
125, -1, 0
125, -2, 1
125, -1, 0
125, -2, 0
125, -1, 0
125, -1, 1
126, -2, 0
124, -1, 0
125, -2, 1
126, -1, 0
125, -1, 0
124, -1, 1
125, -2, 0
125, -1, 0
1039, -2, 1
213, -1, 0
123, -13, 2
125, -1, 1
125, -1, 0
125, -2, 0
125, -1, 0
126, -1, 1
124, -2, 0
125, -1, 0
125, -1, 0
125, -1, 1
125, -2, 0
143, -1, 0
107, -2, 1
126, -1, 0
124, -1, 0
125, -1, 0
125, -1, 1
125, -2, 0
126, -1, 0
125, -2, 0
117, 0, 1
133, -2, 0
136, -1, 0
113, -2, 0
117, -1, 1
126, -1, 0
125, -1, 0
123, -1, 0
126, -2, 1
124, -1, 0
126, -1, 0
125, -1, 0
126, -2, 0
124, -1, 1
125, -1, 0
125, -1, 0
125, -2, 0
125, -1, 1
125, -1, 0
125, -1, 0
125, -1, 0
125, -1, 0
125, -1, 1
125, -2, 0
125, -1, 0
128, -1, 0
122, -1, 0
125, -1, 1
125, -1, 0
125, -1, 0
125, -2, 0
247, -2, 1
128, -1, 0
125, -1, 0
125, -1, 0
125, -1, 0
125, -1, 0
125, -2, 1
247, -1, 0
132, -2, 0
123, -1, 0
123, -1, 1
125, -1, 0
125, -1, 0
125, -1, 0
125, -1, 0
125, -1, 0
125, -1, 1
126, -1, 0
124, -1, 0
126, -1, 0
124, -1, 0
125, -1, 0
126, -1, 1
127, -1, 0
123, -1, 0
124, -1, 0
125, -1, 0
125, -1, 0
125, -1, 0
125, -1, 1
125, -1, 0
247, -2, 0
250, -1, 0
128, -1, 0
125, -1, 1
125, -1, 0
125, -1, 0
125, -1, 0
125, -1, 0
247, -1, 0
128, -1, 0
126, -1, 0
124, -1, 1
247, -1, 0
128, -1, 0
125, -1, 0
125, -1, 0
125, -1, 0
247, -1, 0
128, -1, 0
247, -1, 0
128, -1, 1
125, -1, 0
247, -1, 0
128, -1, 0
126, -1, 0
246, -1, 0
128, -1, 0
247, -1, 0
128, -1, 0
247, -1, 0
281, -1, 1
224, -1, 0
174, -1, 0
74, -1, 0
247, -1, 0
250, -1, 0
128, -1, 0
247, -1, 0
250, -1, 0
249, -1, 0
250, -1, 0
251, -1, 0
250, -1, 0
250, -1, 0
249, -1, 0
376, -1, 0
250, -1, 0
250, -1, 0
406, -1, 0
375, -1, 0
399, -1, 0
195, -1, 0
538, -1, 0
492, -1, 0
470, -1, 0
403, -1, 0
799, -1, 0
674, -1, 0
540, 0, -1
334, -1, 0
1504, -1, 0
3920, 0, -1
5015, 1, 0
1341, 1, 0
1017, 1, 0
489, 0, -1
339, 1, 0
627, 1, 0
624, 1, 0
663, 1, 0
463, 1, 0
662, 1, -1
463, 1, 0
536, 1, 0
338, 1, 0
503, 1, 0
410, 1, 0
212, 1, -1
395, 1, 0
389, 1, 0
341, 1, 0
375, 1, 0
249, 1, 0
376, 1, -1
249, 1, 0
250, 1, 0
415, 1, 0
211, 1, 0
249, 1, 0
128, 0, -1
125, 1, 0
372, 1, 0
458, 1, 0
177, 1, 0
129, 1, 0
237, 1, -1
249, 1, 0
128, 1, 0
247, 1, 0
375, 1, 0
250, 1, 0
128, 1, -1
247, 1, 0
249, 1, 0
250, 1, 0
128, 1, 0
126, 1, 0
401, 1, 0
125, 1, 0
98, 0, -1
125, 1, 0
125, 1, 0
248, 1, 0
127, 1, 0
265, 1, 0
110, 0, -1
125, 1, 0
125, 1, 0
126, 1, 0
246, 1, 0
128, 1, 0
248, 1, 0
127, 1, -1
248, 1, 0
129, 1, 0
124, 1, 0
124, 1, 0
248, 1, -1
128, 1, 0
247, 1, 0
128, 1, 0
125, 1, 0
124, 1, 0
248, 1, 0
128, 1, -1
282, 1, 0
102, 1, 0
126, 1, 0
124, 1, 0
124, 1, 0
125, 0, -1
125, 1, 0
125, 1, 0
125, 1, 0
125, 1, 0
239, 2, 0
250, 1, -1
136, 1, 0
125, 1, 0
125, 1, 0
125, 1, 0
240, 1, 0
135, 1, 0
125, 1, -1
125, 1, 0
125, 1, 0
125, 1, 0
125, 1, 0
125, 1, 0
125, 0, -1
126, 2, 0
237, 1, 0
137, 1, 0
125, 1, 0
125, 1, 0
125, 1, -1
125, 1, 0
126, 1, 0
124, 1, 0
125, 1, 0
125, 1, 0
125, 1, 0
125, 1, -1
124, 1, 0
126, 1, 0
126, 1, 0
238, 2, -1
250, 2, 0
136, 1, 0
125, 1, 0
239, 2, 0
136, 1, 0
125, 1, -1
125, 1, 0
125, 1, 0
125, 1, 0
238, 2, 0
137, 1, -1
125, 1, 0
125, 1, 0
125, 1, 0
125, 1, 0
125, 1, 0
125, 1, -1
125, 1, 0
838, 2, 0
167, 2, 0
120, 6, -1
125, 1, 0
125, 2, 0
125, 1, 0
238, 2, -1
137, 1, 0
124, 1, 0
126, 1, 0
125, 2, 0
239, 2, -1
136, 1, 0
125, 1, 0
125, 1, 0
124, 1, 0
126, 2, 0
125, 1, 0
125, 1, -1
124, 1, 0
126, 1, 0
125, 1, 0
125, 2, 0
124, 1, 0
120, 1, -1
176, 1, 0
82, 2, 0
123, 1, 0
125, 1, 0
116, 1, 0
125, 1, 0
126, 2, -1
246, 2, 0
129, 1, 0
125, 2, 0
124, 1, 0
126, 1, -1
124, 1, 0
125, 1, 0
126, 2, 0
124, 1, 0
125, 1, -1
126, 1, 0
125, 2, 0
124, 1, 0
125, 1, 0
125, 1, 0
126, 2, -1
128, 1, 0
121, 1, 0
126, 2, 0
247, 2, 0
127, 1, 0
125, 2, -1
125, 1, 0
125, 1, 0
125, 1, 0
125, 2, 0
126, 1, -1
124, 2, 0
125, 1, 0
126, 1, 0
124, 1, 0
125, 2, 0
125, 1, -1
125, 1, 0
126, 2, 0
124, 1, 0
125, 1, 0
125, 1, -1
125, 2, 0
125, 1, 0
126, 1, 0
124, 2, 0
126, 1, 0
124, 1, -1
125, 2, 0
125, 1, 0
125, 1, 0
125, 2, -1
125, 1, 0
125, 2, 0
128, 1, 0
125, 1, 0
123, 2, 0
125, 1, -1
125, 1, 0
125, 1, 0
125, 2, 0
125, 1, 0
125, 2, 0
125, 1, -1
125, 2, 0
125, 1, 0
125, 1, 0
125, 2, 0
125, 1, 0
125, 2, -1
125, 1, 0
125, 1, 0
125, 2, 0
125, 1, 0
125, 2, -1
125, 1, 0
125, 1, 0
125, 2, 0
125, 1, 0
125, 1, 0
125, 2, -1
125, 1, 0
125, 2, 0
125, 1, 0
125, 2, 0
125, 1, -1
125, 2, 0
125, 1, 0
125, 1, 0
125, 1, 0
125, 2, -1
125, 1, 0
125, 2, 0
125, 1, 0
125, 1, 0
125, 2, -1
125, 1, 0
125, 2, 0
277, 1, 0
223, 2, 0
136, 4, -1
113, 1, 0
125, 2, 0
125, 1, -1
125, 2, 0
125, 1, 0
125, 2, 0
125, 1, -1
127, 2, 0
125, 1, 0
126, 1, 0
124, 2, 0
124, 1, -1
124, 2, 0
125, 1, 0
124, 2, 0
125, 1, 0
128, 2, -1
122, 1, 0
125, 2, 0
126, 1, 0
124, 1, 0
128, 2, -1
123, 1, 0
125, 2, 0
124, 1, 0
125, 2, 0
125, 1, -1
125, 2, 0
126, 1, 0
125, 2, 0
124, 1, 0
125, 1, 0
125, 2, -1
125, 1, 0
125, 2, 0
126, 1, -1
125, 2, 0
124, 1, 0
125, 2, 0
126, 1, -1
124, 2, 0
125, 1, 0
125, 1, 0
125, 2, 0
126, 1, 0
124, 2, -1
125, 1, 0
126, 2, 0
125, 1, 0
124, 2, -1
125, 1, 0
125, 2, 0
125, 1, 0
126, 2, -1
124, 1, 0
125, 2, 0
125, 1, 0
126, 2, 0
124, 1, -1
125, 2, 0
126, 1, 0
125, 2, 0
124, 1, 0
125, 2, -1
125, 1, 0
125, 2, 0
125, 1, 0
125, 1, 0
125, 2, -1
125, 2, 0
125, 1, 0
125, 1, 0
125, 2, -1
125, 1, 0
125, 2, 0
126, 1, 0
124, 2, 0
125, 1, -1
125, 2, 0
125, 1, 0
126, 2, 0
124, 1, -1
125, 2, 0
125, 1, 0
125, 1, 0
125, 2, 0
126, 2, -1
246, 2, 0
128, 2, 0
125, 1, -1
125, 2, 0
125, 1, 0
125, 1, 0
125, 2, 0
125, 1, -1
125, 1, 0
125, 2, 0
125, 1, 0
126, 2, -1
124, 1, 0
127, 1, 0
123, 2, 0
125, 1, -1
125, 2, 0
125, 1, 0
125, 2, 0
125, 1, 0
125, 2, -1
125, 1, 0
125, 2, 0
125, 1, 0
125, 1, -1
125, 2, 0
126, 1, 0
124, 2, 0
125, 1, -1
125, 2, 0
127, 1, 0
123, 2, 0
125, 1, 0
126, 1, -1
133, 2, 0
118, 1, 0
127, 1, 0
128, 2, -1
425, 1, 0
197, 1, 0
175, 6, -1
78, 2, 0
188, 1, 0
57, 2, -1
189, 1, 0
166, 1, 0
50, 1, -1
103, 2, 0
126, 1, 0
174, 1, 0
70, 2, 0
121, 1, -1
125, 2, 0
125, 1, 0
125, 2, 0
125, 1, -1
128, 1, 0
122, 1, 0
125, 1, 0
125, 2, 0
125, 1, -1
125, 2, 0
125, 1, 0
125, 2, 0
126, 1, -1
124, 1, 0
128, 2, 0
122, 1, 0
125, 1, -1
125, 1, 0
125, 2, 0
125, 1, 0
125, 2, 0
125, 1, -1
125, 1, 0
125, 2, 0
125, 1, 0
125, 1, -1
125, 2, 0
125, 1, 0
125, 1, 0
125, 2, -1
125, 1, 0
125, 1, 0
125, 1, 0
125, 2, 0
125, 1, -1
125, 2, 0
125, 1, 0
125, 1, 0
128, 1, -1
123, 1, 0
124, 2, 0
125, 1, 0
125, 1, 0
125, 1, -1
125, 2, 0
125, 1, 0
125, 2, 0
125, 1, -1
125, 1, 0
125, 1, 0
125, 1, 0
125, 2, -1
125, 1, 0
125, 1, 0
125, 1, 0
127, 2, -1
123, 1, 0
125, 1, 0
125, 1, 0
125, 2, 0
125, 1, -1
125, 1, 0
125, 1, 0
125, 1, 0
125, 2, 0
126, 1, -1
124, 1, 0
125, 1, 0
125, 2, 0
127, 1, -1
125, 1, 0
124, 1, 0
125, 2, 0
126, 1, 0
246, 2, -1
127, 1, 0
125, 1, 0
125, 1, 0
126, 2, -1
125, 1, 0
124, 1, 0
126, 1, 0
125, 2, -1
247, 1, 0
127, 2, 0
125, 1, 0
127, 1, 0
124, 1, -1
125, 1, 0
125, 1, 0
126, 2, 0
124, 1, 0
125, 1, -1
125, 1, 0
125, 1, 0
125, 1, 0
125, 1, -1
125, 1, 0
125, 1, 0
125, 1, 0
125, 1, 0
125, 2, -1
125, 1, 0
125, 1, 0
125, 1, 0
125, 1, 0
125, 1, -1
125, 1, 0
125, 1, 0
125, 1, 0
125, 1, 0
125, 1, -1
125, 2, 0
247, 2, 0
402, 1, 0
226, 1, -1
124, 3, 0
125, 2, -1
125, 1, 0
124, 1, 0
125, 1, 0
125, 1, 0
125, 1, -1
125, 1, 0
125, 1, 0
125, 1, 0
125, 1, 0
126, 1, -1
125, 1, 0
124, 1, 0
125, 1, 0
125, 1, 0
125, 1, 0
125, 1, -1
125, 1, 0
248, 1, 0
127, 1, 0
126, 1, 0
125, 1, -1
125, 1, 0
125, 1, 0
125, 1, 0
125, 1, 0
125, 1, -1
124, 1, 0
125, 1, 0
125, 1, 0
125, 1, 0
248, 1, -1
127, 1, 0
125, 1, 0
125, 1, 0
125, 1, 0
125, 1, -1
125, 1, 0
125, 1, 0
125, 1, 0
247, 1, -1
128, 1, 0
125, 1, 0
125, 1, 0
125, 1, 0
125, 1, 0
126, 0, -1
124, 1, 0
125, 1, 0
125, 1, 0
125, 1, 0
247, 1, -1
128, 1, 0
125, 1, 0
125, 1, 0
125, 1, 0
125, 0, -1
125, 1, 0
125, 1, 0
125, 1, 0
125, 1, 0
253, 1, -1
125, 1, 0
125, 1, 0
248, 1, 0
192, 1, 0
109, 1, -1
199, 1, 0
138, 1, 0
235, 1, 0
137, 1, -1
125, 1, 0
238, 1, 0
136, 1, 0
125, 1, 0
239, 1, -1
137, 1, 0
238, 1, 0
136, 1, 0
124, 0, -1
126, 1, 0
125, 1, 0
238, 1, 0
137, 1, 0
238, 1, -1
250, 1, 0
137, 1, 0
126, 1, 0
238, 1, 0
249, 1, -1
137, 1, 0
239, 1, 0
249, 1, 0
137, 1, -1
238, 1, 0
250, 1, 0
137, 1, 0
238, 1, -1
250, 1, 0
250, 1, 0
250, 1, 0
251, 1, -1
1001, 1, 0
259, 1, 0
125, 3, -1
125, 1, 0
238, 1, 0
251, 1, 0
249, 0, -1
137, 1, 0
238, 1, 0
432, 1, 0
194, 1, 0
136, 0, -1
241, 1, 0
247, 1, 0
376, 1, 0
249, 1, 0
137, 0, -1
238, 1, 0
501, 1, 0
250, 1, 0
250, 0, -1
127, 1, 0
498, 1, 0
426, 1, 0
374, 1, 0
78, 0, -1
536, 1, 0
507, 1, 0
495, 1, 0
498, 0, -1
93, 1, 0
834, 1, 0
618, 1, 0
670, 1, 0
125, 0, -1
998, 1, 0
1551, 1, 0
323, 0, -1
6811, 0, -1
2819, 0, -1
135, -1, 0
1293, -1, 0
868, 0, -1
324, -1, 0
927, -1, 0
325, 0, -1
249, -1, 0
875, -1, 0
544, 0, -1
207, -1, 0
500, -1, 0
434, 0, -1
190, -1, 0
625, -1, 0
531, -1, 0
221, 0, -1
248, -1, 0
502, -1, 0
1095, -1, 0
163, 0, -1
125, -1, 0
124, -1, 0
364, -1, 0
522, -1, 0
117, 0, -1
242, -1, 0
534, -1, 0
337, -1, 0
250, 0, -1
126, -1, 0
499, -1, 0
407, -1, 0
341, -1, 0
250, 0, -1
128, -1, 0
372, -1, 0
410, -1, 0
215, -1, 0
376, -1, 0
412, -1, 0
89, 0, -1
248, -1, 0
407, -1, 0
343, -1, 0
250, -1, 0
407, -1, -1
220, -1, 0
419, -1, 0
204, -1, 0
433, -1, 0
319, -1, 0
249, -1, -1
249, -1, 0
404, -1, 0
220, -1, 0
253, -1, 0
406, -1, 0
217, -1, 0
249, -1, 0
251, -1, -1
249, -1, 0
251, -1, 0
250, -1, 0
249, -1, 0
251, -1, 0
405, -1, 0
221, -1, 0
127, -1, 0
247, -1, 0
250, -1, 0
250, -1, 0
250, -1, 0
251, -1, 0
248, -1, 0
296, -1, 0
175, -1, 0
156, -1, 0
248, -1, -1
250, -1, 0
250, -1, 0
128, -1, 0
247, -1, 0
250, -1, 0
128, -1, 0
247, -1, 0
128, -1, 0
247, -1, 0
250, -1, 0
128, -1, 0
248, -1, 0
251, -1, 0
126, -1, 0
247, -1, 0
128, -1, 0
247, -1, 0
128, -1, 0
125, -1, 0
247, -1, 0
250, -1, 0
128, -1, 0
125, -1, 0
247, -1, 0
128, -1, 0
247, -1, 0
128, -1, 0
283, -1, 0
101, -1, 0
156, -1, 0
207, -1, 0
138, -1, 0
123, -1, 0
239, -1, 0
137, -1, 0
238, -1, 0
136, -1, 1
125, -1, 0
239, -1, 0
136, -1, 0
125, -1, 0
126, -1, 0
125, -1, 0
238, -1, 0
137, -1, 0
124, -1, 0
238, -1, 0
137, -1, 0
125, -1, 0
125, -1, 0
239, -1, 0
136, -1, 1
125, -1, 0
125, -1, 0
125, -1, 0
126, -1, 0
238, -1, 0
136, -1, 0
125, -1, 0
125, -1, 0
125, -1, 0
239, -2, 1
250, -1, 0
136, -1, 0
125, -1, 0
125, -1, 0
125, -1, 0
125, -1, 0
238, -2, 0
137, 0, 1
125, -1, 0
125, -1, 0
125, -1, 0
125, -1, 0
126, -1, 0
124, -1, 0
238, -2, 0
250, -1, 1
137, -1, 0
125, -2, 0
239, -1, 0
136, -1, 0
125, -1, 0
125, -1, 0
125, -1, 0
125, -1, 0
125, -1, 1
126, -1, 0
124, -1, 0
126, -1, 0
124, -1, 0
125, -1, 0
125, -1, 0
125, -1, 0
125, -1, 1
125, -1, 0
794, -1, 0
216, -1, 0
115, -7, 1
125, -1, 0
125, -1, 0
125, -1, 1
126, -1, 0
123, -1, 0
125, -1, 0
127, -1, 0
125, -1, 0
124, -1, 1
127, -1, 0
174, -1, 0
76, -2, 0
237, -2, 0
128, 0, 1
127, -2, 0
122, -1, 0
125, -1, 0
125, -1, 0
135, -1, 0
123, -1, 0
122, -1, 1
126, -1, 0
124, -1, 0
123, -2, 0
247, -2, 1
140, -1, 0
115, -1, 0
124, -1, 0
190, -1, 0
61, -1, 1
125, -2, 0
245, -1, 0
128, -2, 0
131, -1, 0
120, -1, 1
125, -1, 0
125, -1, 0
125, -1, 0
125, -2, 0
126, -1, 1
124, -1, 0
127, -1, 0
127, -1, 0
128, -1, 0
121, -1, 1
122, -2, 0
248, -2, 0
127, -1, 0
126, -1, 1
127, -1, 0
122, -2, 0
125, -1, 0
125, -1, 0
125, -1, 1
125, -1, 0
125, -2, 0
248, -2, 1
127, -1, 0
125, -1, 0
126, -1, 0
124, -2, 0
128, -1, 1
121, -1, 0
126, -1, 0
125, -1, 0
126, -2, 1
124, -1, 0
126, -1, 0
124, -1, 0
125, -2, 1
125, -1, 0
125, -1, 0
125, -1, 0
126, -1, 0
124, -2, 1
125, -1, 0
125, -1, 0
125, -1, 0
125, -2, 1
125, -1, 0
125, -1, 0
125, -1, 0
125, -2, 1
125, -1, 0
125, -1, 0
126, -1, 0
124, -1, 1
125, -2, 0
124, -1, 0
125, -1, 1
126, -1, 0
124, -2, 0
125, -1, 0
126, -2, 0
125, -1, 1
125, -1, 0
124, -1, 0
125, -1, 1
126, -2, 0
124, -1, 0
125, -1, 0
125, -1, 1
125, -2, 0
125, -1, 0
125, -1, 1
125, -2, 0
125, -1, 0
126, -1, 0
124, -1, 0
125, -2, 1
125, -1, 0
125, -1, 0
125, -2, 1
130, -1, 0
121, -1, 0
125, -2, 0
125, -1, 1
126, -1, 0
122, -1, 0
125, -1, 0
266, -2, 1
238, -1, 0
175, -4, 1
71, -1, 0
124, -2, 0
125, -1, 1
144, -1, 0
108, -2, 0
125, -1, 1
124, -1, 0
126, -1, 0
125, -2, 1
124, -1, 0
126, -1, 0
124, -2, 0
125, -1, 1
126, -1, 0
124, -1, 0
126, -2, 0
124, -1, 1
125, -2, 0
125, -1, 0
126, -1, 1
124, -1, 0
125, -2, 0
125, -1, 0
126, -2, 1
125, -1, 0
125, -1, 0
124, -2, 1
126, -1, 0
124, -1, 0
125, -1, 0
125, -2, 1
126, -1, 0
125, -1, 0
124, -2, 1
125, -1, 0
126, -1, 0
124, -1, 0
126, -2, 1
124, -1, 0
125, -2, 0
126, -1, 1
124, -2, 0
126, -1, 0
124, -1, 0
125, -1, 1
125, -2, 0
126, -1, 0
124, -2, 1
125, -1, 0
125, -1, 0
126, -2, 1
124, -1, 0
126, -1, 0
125, -1, 1
124, -2, 0
125, -1, 0
125, -2, 1
189, -1, 0
69, -1, 0
140, -1, 0
147, -2, 1
88, -1, 0
126, -1, 0
124, -2, 1
164, -1, 0
89, -2, 0
125, -1, 0
126, -1, 1
152, -2, 0
98, -1, 0
123, -1, 1
149, -2, 0
99, -1, 0
126, -1, 0
126, -2, 1
124, -1, 0
128, -2, 1
125, -1, 0
131, -1, 0
117, -1, 0
122, -2, 1
125, -1, 0
125, -1, 0
125, -2, 1
125, -1, 0
125, -2, 0
125, -1, 1
125, -2, 0
125, -1, 0
125, -1, 1
126, -1, 0
125, -2, 0
124, -1, 0
125, -1, 1
126, -2, 0
125, -1, 0
124, -2, 1
126, -1, 0
124, -1, 0
125, -1, 1
125, -2, 0
125, -1, 0
125, -2, 0
127, -1, 1
123, -1, 0
126, -2, 0
124, -1, 1
126, -1, 0
124, -2, 0
125, -1, 1
125, -1, 0
126, -2, 0
124, -1, 0
126, -2, 1
124, -1, 0
126, -1, 0
124, -2, 1
125, -1, 0
126, -1, 0
125, -1, 0
125, -2, 1
124, -1, 0
126, -2, 0
125, -1, 1
124, -1, 0
125, -2, 0
125, -1, 1
125, -1, 0
1223, -1, 0
278, -2, 0
125, -15, 4
124, -1, 0
126, -1, 0
125, -1, 1
125, -2, 0
124, -1, 0
125, -1, 0
125, -2, 1
125, -1, 0
125, -1, 0
125, -1, 1
125, -2, 0
125, -1, 0
125, -1, 0
125, -2, 1
125, -1, 0
129, -1, 0
121, -2, 0
125, -1, 1
117, -1, 0
133, -1, 0
125, -1, 0
116, -2, 1
126, -1, 0
125, -2, 0
125, -1, 0
129, -1, 1
122, -1, 0
125, -2, 0
125, -1, 0
124, -1, 1
125, -1, 0
124, -2, 0
125, -1, 0
126, -1, 1
125, -2, 0
125, -1, 0
125, -1, 1
124, -1, 0
125, -2, 0
125, -1, 0
125, -1, 0
125, -1, 0
126, -1, 1
125, -2, 0
125, -1, 0
125, -1, 0
125, -1, 0
125, -2, 1
124, -1, 0
125, -1, 0
126, -1, 1
125, -1, 0
124, -2, 0
125, -1, 0
125, -1, 0
126, -1, 1
125, -2, 0
124, -1, 0
125, -1, 0
125, -1, 0
128, -2, 1
125, -1, 0
126, -1, 0
121, -1, 0
126, -1, 0
125, -1, 1
125, -1, 0
125, -2, 0
125, -1, 0
126, -1, 1
124, -1, 0
125, -1, 0
125, -1, 0
129, -2, 0
122, -1, 1
124, -1, 0
125, -1, 0
125, -1, 0
125, -1, 1
124, -1, 0
125, -2, 0
125, -1, 0
125, -1, 0
126, -1, 1
125, -1, 0
124, -1, 0
126, -1, 0
125, -1, 0
125, -1, 1
124, -1, 0
125, -1, 0
126, -2, 0
247, -2, 0
128, -1, 1
127, -1, 0
136, -1, 0
112, -1, 0
125, -1, 0
125, -1, 0
125, -1, 1
147, -1, 0
102, -1, 0
126, -1, 0
124, -1, 0
126, -1, 1
125, -1, 0
125, -1, 0
125, -1, 0
125, -2, 0
247, -2, 0
250, -2, 1
250, -2, 0
269, -1, 0
109, -1, 0
124, -1, 0
326, -2, 1
179, -1, 0
120, -2, 0
125, -1, 0
125, -1, 0
125, -1, 1
125, -1, 0
125, -1, 0
125, -1, 0
125, -1, 0
247, -2, 0
250, -1, 1
128, -1, 0
125, -1, 0
125, -1, 0
125, -1, 0
125, -1, 0
125, -1, 0
125, -1, 0
247, -1, 1
128, -1, 0
125, -1, 0
125, -1, 0
124, -1, 0
248, -1, 0
128, -1, 0
125, -1, 0
125, -1, 0
247, -1, 1
128, -1, 0
125, -1, 0
125, -1, 0
125, -1, 0
247, -1, 0
128, -1, 0
247, -1, 0
128, -1, 0
125, -1, 0
247, -1, 1
128, -1, 0
125, -1, 0
247, -1, 0
130, -1, 0
248, -1, 0
126, -1, 0
247, -1, 0
127, -1, 0
269, -1, 0
106, -1, 0
247, -1, 0
277, -1, 0
110, -1, 0
238, -1, 0
136, -1, 0
239, -1, 1
250, -1, 0
250, -1, 0
251, -1, 0
249, -1, 0
251, -1, 0
136, -1, 0
364, -1, 0
250, -1, 0
250, -1, 0
249, -1, 0
375, -1, 0
136, -1, 0
399, -1, 0
340, -1, 0
406, -1, 0
220, -1, 0
502, -1, 0
408, -1, 0
507, -1, 0
493, -1, 0
505, -1, 0
96, 0, -1
396, -1, 0
1148, -1, 0
452, -1, 0
694, 0, -1
550, -1, 0
7690, 0, -1
1235, 1, 0
1075, 1, 0
922, 1, 0
578, 1, 0
767, 1, -1
524, 1, 0
516, 1, 0
391, 1, 0
377, 1, 0
332, 1, 0
217, 0, -1
130, 1, 0
370, 1, 0
249, 1, 0
404, 1, 0
221, 1, 0
404, 1, 0
99, 0, -1
125, 1, 0
247, 1, 0
250, 1, 0
250, 1, 0
250, 1, 0
250, 1, 0
250, 1, -1
250, 1, 0
250, 1, 0
128, 1, 0
247, 1, 0
250, 1, 0
252, 1, -1
126, 1, 0
125, 1, 0
247, 1, 0
250, 1, 0
128, 1, 0
125, 0, -1
125, 1, 0
125, 1, 0
125, 1, 0
247, 1, 0
128, 1, 0
125, 1, 0
247, 1, -1
250, 1, 0
258, 1, 0
255, 1, 0
124, 2, 0
124, 1, -1
125, 1, 0
239, 1, 0
136, 1, 0
126, 1, 0
124, 1, -1
239, 2, 0
250, 1, 0
136, 1, 0
125, 1, 0
125, 1, 0
126, 0, -1
125, 2, 0
238, 1, 0
136, 1, 0
125, 1, 0
125, 1, -1
125, 1, 0
126, 1, 0
124, 1, 0
125, 1, 0
125, 1, 0
125, 1, -1
239, 2, 0
137, 1, 0
125, 1, 0
124, 1, 0
125, 1, -1
125, 1, 0
126, 1, 0
125, 1, 0
124, 1, 0
126, 1, -1
124, 1, 0
125, 1, 0
126, 1, 0
126, 1, 0
123, 1, 0
126, 1, -1
124, 1, 0
125, 1, 0
126, 1, 0
125, 2, 0
238, 1, -1
137, 2, 0
124, 1, 0
126, 1, 0
125, 1, 0
124, 1, -1
125, 1, 0
126, 2, 0
124, 1, 0
126, 1, 0
124, 1, 0
126, 2, -1
124, 1, 0
125, 1, 0
125, 1, 0
125, 1, 0
125, 1, -1
1032, 2, 0
222, 1, 0
121, 11, -2
125, 1, 0
125, 2, 0
125, 1, 0
125, 1, -1
125, 2, 0
125, 1, 0
125, 1, 0
125, 1, 0
137, 2, -1
113, 1, 0
125, 2, 0
125, 1, 0
125, 1, -1
125, 1, 0
125, 2, 0
125, 1, 0
127, 2, -1
125, 1, 0
124, 1, 0
125, 2, 0
118, 1, 0
175, 2, -1
73, 1, 0
124, 2, 0
126, 1, 0
125, 2, -1
124, 1, 0
125, 1, 0
125, 2, 0
126, 1, 0
124, 1, -1
126, 2, 0
124, 1, 0
125, 2, 0
125, 2, 0
125, 1, -1
125, 1, 0
125, 2, 0
125, 1, 0
125, 2, -1
125, 1, 0
125, 2, 0
132, 1, 0
118, 2, 0
127, 1, -1
123, 2, 0
125, 1, 0
125, 2, 0
125, 1, 0
125, 2, -1
127, 1, 0
128, 2, 0
122, 1, 0
126, 1, -1
124, 2, 0
125, 2, 0
125, 1, 0
124, 2, 0
124, 2, -1
126, 1, 0
125, 2, 0
125, 1, 0
126, 2, 0
126, 1, -1
123, 1, 0
125, 2, 0
125, 2, 0
125, 2, -1
125, 1, 0
125, 2, 0
125, 1, 0
126, 2, -1
124, 2, 0
125, 2, 0
125, 1, 0
125, 1, 0
125, 2, -1
125, 2, 0
125, 2, 0
125, 1, 0
125, 2, -1
125, 1, 0
125, 2, 0
125, 2, 0
125, 2, -1
125, 1, 0
125, 1, 0
125, 2, 0
125, 2, 0
125, 2, -1
125, 1, 0
125, 2, 0
125, 2, 0
125, 2, -1
125, 1, 0
125, 2, 0
125, 2, 0
125, 1, 0
125, 2, -1
125, 1, 0
125, 3, 0
125, 1, 0
125, 2, 0
125, 1, -1
125, 2, 0
125, 2, 0
125, 2, -1
125, 1, 0
125, 2, 0
125, 2, 0
125, 1, 0
125, 3, -1
128, 1, 0
122, 2, 0
125, 2, 0
125, 2, -1
125, 1, 0
125, 2, 0
125, 2, 0
125, 2, -1
125, 1, 0
125, 2, 0
374, 2, 0
279, 1, 0
96, 8, -2
125, 2, 0
125, 1, 0
125, 3, 0
125, 1, -1
125, 2, 0
125, 2, 0
125, 1, 0
125, 2, -1
125, 2, 0
125, 2, 0
125, 2, 0
125, 2, -1
125, 1, 0
125, 3, 0
125, 1, 0
125, 2, -1
125, 2, 0
125, 1, 0
125, 2, 0
125, 2, 0
125, 2, -1
125, 2, 0
125, 2, 0
125, 1, -1
125, 3, 0
125, 1, 0
146, 2, 0
104, 2, -1
125, 1, 0
125, 3, 0
125, 1, 0
125, 2, -1
125, 2, 0
125, 2, 0
125, 2, 0
125, 2, -1
125, 1, 0
125, 2, 0
125, 2, 0
125, 2, -1
125, 2, 0
125, 1, 0
125, 3, 0
221, 1, -1
30, 3, 0
125, 1, 0
182, 2, 0
86, 2, -1
223, 1, 0
428, 3, 0
9, 5, -1
183, 2, 0
340, 2, 0
57, 6, -1
124, 1, 0
160, 2, 0
128, 2, -1
90, 2, 0
173, 2, 0
121, 1, -1
160, 3, 0
122, 1, 0
109, 3, 0
121, 1, -1
121, 2, 0
146, 2, 0
147, 2, 0
123, 2, 0
96, 1, -1
96, 3, 0
139, 1, 0
134, 3, -1
148, 1, 0
110, 2, 0
137, 2, 0
110, 2, -1
121, 2, 0
133, 2, 0
139, 2, 0
125, 1, -1
112, 3, 0
121, 1, 0
109, 2, 0
133, 2, -1
153, 2, 0
99, 2, 0
166, 2, 0
97, 2, -1
96, 2, 0
132, 2, 0
130, 1, 0
122, 2, -1
121, 2, 0
145, 2, 0
121, 2, 0
122, 2, -1
120, 2, 0
121, 2, 0
120, 1, -1
125, 3, 0
133, 1, 0
132, 2, 0
109, 2, -1
145, 2, 0
121, 2, 0
121, 2, 0
120, 2, -1
121, 2, 0
133, 2, 0
122, 1, 0
120, 3, -1
146, 1, 0
121, 2, 0
120, 2, 0
134, 2, -1
123, 2, 0
145, 2, 0
121, 2, -1
152, 1, 0
71, 3, 0
67, 1, 0
182, 3, -1
124, 1, 0
121, 2, 0
133, 2, 0
121, 1, -1
152, 3, 0
123, 1, 0
108, 2, 0
146, 2, -1
120, 2, 0
113, 2, 0
199, 2, 0
262, 2, -1
130, 5, 0
125, 2, -1
127, 2, 0
123, 2, 0
133, 1, 0
117, 3, -1
118, 1, 0
135, 3, 0
100, 1, 0
120, 2, -1
124, 2, 0
115, 1, 0
400, 3, -1
224, 1, 0
141, 8, -1
132, 2, 0
115, 2, 0
125, 2, -1
116, 1, 0
133, 2, 0
135, 2, -1
125, 2, 0
115, 2, 0
127, 1, 0
121, 3, 0
135, 1, -1
103, 2, 0
125, 2, 0
126, 2, -1
124, 2, 0
125, 1, 0
125, 2, 0
125, 2, 0
125, 2, -1
125, 1, 0
147, 3, 0
103, 1, 0
125, 2, -1
126, 2, 0
124, 2, 0
126, 1, 0
126, 2, -1
124, 2, 0
125, 2, 0
125, 2, 0
125, 1, 0
125, 2, -1
124, 2, 0
125, 2, 0
125, 1, 0
126, 3, -1
124, 1, 0
126, 2, 0
125, 2, 0
124, 1, -1
125, 2, 0
125, 2, 0
125, 2, 0
125, 1, -1
125, 2, 0
125, 2, 0
125, 2, 0
125, 1, 0
125, 2, -1
125, 2, 0
125, 1, 0
125, 2, 0
126, 2, -1
124, 2, 0
125, 1, 0
125, 2, 0
125, 2, 0
125, 2, -1
125, 1, 0
125, 2, 0
125, 1, 0
125, 2, -1
126, 2, 0
124, 1, 0
125, 3, 0
125, 1, -1
125, 2, 0
125, 1, 0
125, 2, 0
125, 2, -1
125, 2, 0
125, 1, 0
125, 1, 0
125, 2, -1
125, 2, 0
125, 2, 0
125, 1, 0
125, 2, -1
125, 2, 0
125, 2, 0
125, 1, 0
125, 2, 0
125, 1, 0
125, 2, -1
125, 1, 0
125, 2, 0
125, 2, 0
125, 1, -1
125, 2, 0
126, 1, 0
124, 2, 0
129, 2, 0
125, 1, -1
123, 2, 0
124, 2, 0
125, 1, -1
126, 1, 0
124, 2, 0
125, 2, 0
125, 1, 0
125, 2, 0
125, 2, -1
125, 1, 0
310, 2, 0
192, 1, 0
122, 4, -1
125, 2, 0
125, 2, 0
124, 1, -1
125, 2, 0
125, 2, 0
126, 1, 0
124, 2, -1
125, 1, 0
125, 1, 0
126, 2, 0
124, 1, 0
126, 2, -1
124, 1, 0
125, 2, 0
126, 1, 0
124, 2, 0
126, 1, -1
125, 2, 0
124, 1, 0
125, 1, 0
126, 2, -1
124, 1, 0
125, 2, 0
126, 1, 0
125, 1, 0
124, 2, -1
126, 1, 0
125, 1, 0
125, 2, 0
125, 1, -1
124, 2, 0
125, 1, 0
126, 2, 0
124, 1, 0
125, 1, 0
125, 2, -1
125, 1, 0
125, 1, 0
125, 1, 0
126, 2, 0
124, 1, -1
126, 2, 0
124, 1, 0
125, 1, 0
125, 2, 0
126, 1, -1
124, 1, 0
126, 1, 0
124, 2, 0
125, 1, 0
128, 1, -1
123, 1, 0
124, 2, 0
180, 1, 0
76, 2, -1
150, 1, 0
128, 1, 0
97, 1, 0
125, 1, 0
125, 2, 0
122, 1, -1
126, 1, 0
126, 1, 0
126, 1, 0
122, 1, -1
125, 2, 0
125, 1, 0
128, 1, 0
125, 1, 0
124, 1, -1
124, 1, 0
124, 1, 0
151, 2, 0
221, 2, 0
129, 1, -1
126, 1, 0
124, 1, 0
125, 1, 0
125, 1, 0
125, 2, -1
125, 1, 0
245, 2, 0
130, 1, 0
125, 1, 0
125, 1, -1
125, 1, 0
126, 1, 0
123, 1, 0
125, 1, 0
125, 1, 0
126, 1, -1
125, 1, 0
125, 1, 0
125, 1, 0
146, 1, 0
103, 1, 0
125, 1, -1
125, 1, 0
126, 1, 0
124, 1, 0
125, 1, 0
125, 1, 0
167, 0, -1
85, 2, 0
243, 1, 0
128, 1, 0
124, 1, 0
126, 1, -1
124, 1, 0
125, 1, 0
125, 1, 0
248, 1, 0
127, 1, 0
125, 1, -1
125, 1, 0
247, 1, 0
128, 1, 0
125, 1, 0
125, 1, 0
125, 1, -1
248, 1, 0
128, 1, 0
345, 1, 0
33, 1, 0
122, 1, 0
248, 1, -1
126, 1, 0
126, 1, 0
247, 1, 0
126, 1, 0
246, 1, 0
128, 1, -1
248, 1, 0
127, 1, 0
247, 1, 0
129, 1, 0
246, 1, 0
128, 0, -1
128, 1, 0
244, 1, 0
250, 1, 0
130, 1, 0
246, 1, 0
250, 1, 0
127, 0, -1
125, 1, 0
248, 1, 0
250, 1, 0
250, 1, 0
250, 1, 0
406, 1, -1
394, 1, 0
392, 1, 0
182, 1, 0
376, 1, 0
404, 1, 0
399, 1, -1
477, 1, 0
470, 1, 0
625, 1, 0
683, 1, 0
943, 1, 0
528, 0, -1
11878, -1, 0
469, 0, -1
657, -1, 0
1001, -1, 0
624, 0, -1
217, -1, 0
627, -1, 0
628, 0, -1
134, -1, 0
490, -1, 0
498, -1, 0
126, 0, -1
372, -1, 0
625, -1, 0
380, -1, -1
370, -1, 0
375, -1, 0
375, 0, -1
128, -1, 0
372, -1, 0
375, -1, 0
375, -1, 0
134, 0, -1
123, -1, 0
373, -1, 0
311, -1, 0
188, 0, -1
125, -1, 0
372, -1, 0
250, -1, 0
249, -1, 0
250, -1, 0
250, 0, -1
127, -1, 0
250, -1, 0
253, -1, 0
380, -1, 0
124, -1, 0
128, 0, -1
123, -1, 0
246, -1, 0
379, -1, 0
120, -1, 0
248, -1, 0
254, -1, -1
247, -1, 0
246, -1, 0
128, -1, 0
250, -1, 0
254, -1, 0
250, -1, 0
247, -1, -1
128, -1, 0
245, -1, 0
126, -1, 0
262, -1, 0
240, -1, 0
153, -1, 0
222, -1, 0
131, -1, 0
246, -1, 0
128, -1, -1
249, -1, 0
125, -1, 0
243, -1, 0
252, -1, 0
135, -1, 0
123, -1, 0
244, -1, 0
132, -1, 0
246, -1, -1
125, -1, 0
125, -1, 0
245, -1, 0
130, -1, 0
125, -1, 0
244, -1, 0
135, -1, 0
120, -1, 0
244, -1, 0
132, -1, 0
242, -1, 0
134, -1, 0
122, -1, 0
124, -1, 0
248, -1, 0
130, -1, 0
124, -1, 0
246, -1, -1
130, -1, 0
124, -1, 0
126, -1, 0
126, -1, 0
249, -1, 0
123, -1, 0
123, -1, 0
129, -1, 0
121, -1, 0
124, -1, 0
251, -1, 0
125, -1, 0
127, -1, 0
124, -1, 0
126, -1, 0
124, -1, 0
248, -1, 0
127, -1, 0
124, -1, 0
123, -1, 0
127, -1, 0
127, -1, 0
122, -1, 0
125, -1, 0
125, -1, 0
247, -2, 0
348, -2, 0
169, -2, 0
239, -1, 0
123, -1, 0
127, -1, 0
126, -1, 0
124, -1, 0
124, -1, 0
128, -1, 0
123, -1, 0
130, -1, 0
120, -1, 0
126, -1, 0
127, -1, 0
127, -1, 0
120, -1, 0
123, -1, 0
126, -1, 0
122, -1, 0
125, -1, 0
126, -2, 0
245, -2, 0
128, -1, 0
125, -1, 0
125, -1, 0
126, -1, 0
124, -1, 0
125, -1, 0
125, -1, 0
125, -1, 0
125, -1, 0
125, -1, 0
125, -2, 0
125, -1, 0
125, -1, 0
126, -1, 0
126, -1, 0
126, -1, 0
124, -1, 0
124, -1, 0
124, -1, 0
125, -2, 0
250, -2, 0
127, -1, 0
123, -1, 0
125, -1, 0
125, -1, 1
125, -2, 0
125, -1, 0
125, -1, 0
125, -1, 0
137, -1, 0
113, -2, 0
125, -1, 0
147, -1, 0
106, -1, 0
125, -1, 0
126, -2, 0
125, -1, 0
125, -1, 0
125, -1, 1
132, -1, 0
117, -2, 0
126, -1, 0
124, -1, 0
125, -1, 0
125, -2, 0
126, -1, 0
125, -2, 0
125, -1, 0
125, -1, 0
124, -1, 1
126, -1, 0
125, -2, 0
125, -1, 0
125, -1, 0
125, -2, 0
129, -1, 0
122, -1, 0
124, -2, 0
125, -1, 0
125, -1, 0
125, -1, 1
125, -1, 0
125, -2, 0
125, -1, 0
124, -2, 0
126, -1, 0
125, -2, 0
124, -1, 0
125, -1, 1
126, -1, 0
124, -1, 0
125, -2, 0
126, -1, 0
125, -2, 0
124, -1, 0
127, -2, 1
124, -1, 0
125, -2, 0
125, -1, 0
125, -1, 0
125, -1, 0
125, -2, 1
135, -1, 0
112, -2, 0
124, -1, 0
125, -2, 0
125, -1, 0
125, -1, 0
125, -2, 0
126, -1, 1
124, -2, 0
125, -1, 0
125, -2, 0
128, -1, 0
122, -1, 1
125, -2, 0
127, -1, 0
126, -2, 0
124, -1, 0
125, -2, 0
123, -1, 1
126, -2, 0
126, -1, 0
124, -2, 0
127, -1, 0
123, -2, 1
124, -1, 0
251, -2, 0
251, -1, 0
123, -5, 1
125, -2, 0
126, -1, 0
125, -2, 0
124, -1, 0
125, -1, 1
125, -2, 0
125, -1, 0
126, -2, 0
124, -1, 0
125, -2, 1
125, -2, 0
126, -1, 0
124, -2, 0
125, -2, 1
125, -1, 0
125, -2, 0
125, -1, 0
125, -1, 0
126, -2, 1
125, -1, 0
124, -2, 0
125, -2, 0
125, -2, 1
133, -1, 0
119, -2, 0
124, -1, 0
125, -2, 0
125, -1, 1
124, -2, 0
126, -2, 0
124, -1, 0
126, -2, 1
124, -1, 0
125, -2, 0
125, -2, 0
126, -1, 1
125, -2, 0
124, -2, 0
125, -1, 0
125, -2, 0
125, -2, 1
126, -1, 0
124, -2, 0
125, -1, 0
126, -2, 1
124, -1, 0
126, -3, 0
124, -1, 1
125, -2, 0
125, -1, 0
126, -2, 0
125, -2, 1
124, -1, 0
126, -2, 0
124, -1, 0
125, -3, 1
125, -1, 0
126, -2, 0
124, -1, 0
125, -2, 1
126, -2, 0
124, -2, 0
126, -1, 1
124, -2, 0
125, -2, 0
150, -1, 0
104, -2, 1
124, -1, 0
125, -2, 0
132, -2, 1
119, -2, 0
124, -1, 0
124, -3, 1
125, -1, 0
127, -1, 0
123, -3, 0
126, -1, 1
125, -2, 0
126, -1, 0
132, -3, 1
121, -1, 0
126, -2, 0
125, -1, 0
125, -3, 1
124, -1, 0
165, -1, 0
85, -3, 1
126, -1, 0
126, -2, 0
121, -1, 1
124, -3, 0
125, -1, 0
125, -2, 1
125, -2, 0
124, -2, 0
124, -1, 1
126, -3, 0
125, -1, 1
126, -1, 0
123, -3, 0
125, -1, 0
126, -2, 1
150, -2, 0
169, -2, 1
61, -1, 0
121, -3, 0
124, -1, 1
124, -2, 0
126, -2, 0
126, -1, 1
124, -2, 0
125, -2, 1
125, -2, 0
126, -1, 0
125, -3, 1
174, -1, 0
76, -2, 0
122, -2, 1
125, -2, 0
125, -1, 0
125, -2, 1
125, -2, 0
125, -2, 0
125, -2, 1
126, -1, 0
125, -3, 1
127, -1, 0
123, -2, 0
308, -2, 1
193, -2, 0
123, -5, 1
124, -2, 1
126, -2, 0
125, -1, 0
125, -3, 1
125, -1, 0
125, -2, 1
125, -2, 0
125, -2, 0
125, -2, 1
125, -2, 0
127, -1, 1
123, -2, 0
125, -2, 0
125, -1, 1
125, -3, 0
125, -1, 1
125, -2, 0
125, -2, 0
125, -2, 1
125, -2, 0
125, -2, 1
125, -1, 0
125, -2, 0
125, -2, 1
127, -2, 0
124, -2, 1
123, -1, 0
125, -3, 1
126, -1, 0
124, -3, 0
125, -1, 1
125, -2, 0
126, -2, 1
124, -2, 0
126, -2, 1
124, -1, 0
126, -3, 1
124, -1, 0
125, -2, 1
125, -1, 0
125, -3, 0
125, -1, 1
125, -3, 0
125, -1, 1
127, -3, 0
123, -1, 0
126, -1, 1
124, -3, 0
125, -1, 1
125, -2, 0
158, -2, 1
101, -2, 0
119, -2, 0
124, -2, 1
125, -2, 0
125, -2, 1
125, -1, 0
125, -2, 1
124, -2, 0
125, -2, 1
126, -2, 0
124, -1, 1
126, -3, 0
124, -1, 1
127, -2, 0
122, -2, 0
125, -2, 1
125, -2, 0
125, -2, 1
125, -1, 0
125, -2, 1
125, -2, 0
125, -2, 1
125, -2, 0
125, -1, 1
125, -3, 0
125, -1, 1
126, -2, 0
124, -2, 0
125, -2, 1
125, -2, 0
125, -1, 1
125, -2, 0
125, -2, 1
125, -2, 0
125, -2, 1
125, -2, 0
125, -1, 1
125, -3, 0
125, -1, 1
125, -2, 0
125, -2, 1
125, -1, 0
125, -3, 1
125, -1, 0
125, -2, 1
125, -2, 0
125, -2, 0
125, -2, 1
125, -2, 1
125, -2, 0
125, -2, 0
125, -1, 1
125, -2, 0
126, -2, 1
124, -2, 0
125, -2, 1
128, -1, 0
122, -3, 1
125, -1, 0
125, -2, 1
125, -2, 0
125, -2, 0
125, -1, 1
125, -2, 0
125, -2, 1
125, -2, 0
125, -2, 1
125, -1, 0
125, -2, 1
124, -2, 0
126, -2, 1
125, -1, 0
125, -3, 0
167, -1, 1
86, -2, 0
125, -2, 1
142, -1, 0
712, -3, 0
275, -1, 1
124, -13, 3
126, -1, 1
125, -2, 0
124, -2, 0
125, -1, 1
125, -3, 0
126, -1, 1
121, -2, 0
127, -2, 1
123, -2, 0
125, -1, 1
126, -3, 0
124, -1, 0
125, -1, 1
125, -2, 0
126, -2, 1
125, -2, 0
125, -1, 1
124, -2, 0
125, -2, 0
125, -2, 1
130, -1, 0
121, -2, 1
124, -2, 0
126, -1, 1
125, -2, 0
125, -2, 1
124, -2, 0
125, -1, 0
125, -2, 1
125, -2, 0
125, -2, 1
126, -1, 0
125, -2, 1
125, -2, 0
124, -2, 0
125, -1, 1
125, -1, 0
125, -3, 0
122, -1, 1
146, -2, 0
105, -1, 1
124, -2, 0
125, -2, 1
125, -2, 0
125, -1, 0
125, -2, 1
125, -2, 0
125, -1, 0
125, -2, 1
124, -1, 0
126, -2, 1
124, -2, 0
126, -2, 1
124, -1, 0
126, -2, 1
124, -1, 0
125, -2, 0
125, -1, 1
126, -2, 0
124, -2, 0
126, -1, 1
124, -2, 0
125, -2, 0
126, -2, 1
124, -1, 0
126, -2, 1
125, -1, 0
127, -2, 0
122, -1, 1
125, -2, 0
125, -2, 1
126, -1, 0
125, -2, 0
131, -1, 1
120, -2, 0
123, -1, 0
156, -2, 1
95, -1, 0
125, -2, 1
125, -1, 0
125, -2, 1
125, -2, 0
125, -1, 0
125, -2, 1
125, -1, 0
125, -2, 0
125, -1, 1
125, -2, 0
125, -1, 0
125, -2, 1
125, -1, 0
126, -2, 1
124, -1, 0
126, -2, 0
124, -2, 1
125, -1, 0
126, -1, 0
126, -2, 1
124, -1, 0
125, -2, 0
126, -1, 1
124, -2, 0
125, -1, 1
125, -2, 0
125, -1, 0
126, -2, 0
124, -1, 1
125, -2, 0
125, -1, 0
125, -1, 1
125, -1, 0
125, -2, 1
125, -1, 0
125, -2, 0
125, -1, 1
125, -1, 0
125, -2, 0
125, -1, 0
125, -2, 1
125, -1, 0
125, -1, 0
125, -2, 1
125, -1, 0
125, -2, 0
125, -1, 1
255, -1, 0
247, -1, 0
122, -5, 1
125, -1, 0
125, -1, 1
125, -1, 0
125, -2, 1
125, -1, 0
125, -2, 0
125, -1, 0
125, -1, 1
125, -1, 0
125, -1, 0
125, -2, 1
125, -1, 0
125, -1, 0
125, -1, 0
125, -2, 1
125, -1, 0
125, -1, 0
125, -1, 1
125, -2, 0
125, -1, 0
125, -1, 0
125, -1, 1
125, -1, 0
128, -2, 0
122, -1, 0
125, -1, 1
125, -1, 0
125, -1, 0
125, -1, 0
125, -2, 1
125, -1, 0
125, -1, 0
125, -1, 0
125, -1, 1
125, -1, 0
125, -1, 0
125, -2, 0
247, -2, 1
128, -1, 0
193, -1, 0
63, -1, 0
157, -1, 1
92, -1, 0
124, -1, 0
127, -1, 0
123, -1, 0
125, -1, 1
125, -1, 0
131, -1, 0
121, -1, 0
123, -1, 0
124, -1, 0
126, -1, 1
125, -1, 0
125, -1, 0
124, -1, 0
125, -1, 1
126, -1, 0
124, -1, 0
126, -1, 0
125, -1, 0
125, -1, 1
124, -1, 0
126, -1, 0
125, -1, 0
243, -1, 0
131, -1, 1
126, -1, 0
124, -1, 0
126, -1, 0
126, -1, 0
125, -1, 0
244, -1, 1
130, -1, 0
125, -1, 0
244, -1, 0
131, -1, 0
125, -1, 0
125, -1, 1
125, -1, 0
125, -1, 0
244, -1, 0
131, -1, 0
244, -1, 1
131, -1, 0
133, -1, 0
237, -1, 0
127, -1, 0
125, -1, 0
248, -1, 1
249, -1, 0
128, -1, 0
247, -1, 0
251, -1, 0
126, -1, 0
126, -1, 1
247, -1, 0
250, -1, 0
250, -1, 0
128, -1, 0
247, -1, 0
250, -1, 0
250, -1, 0
131, 0, 1
122, -1, 0
247, -1, 0
250, -1, 0
250, -1, 0
389, -1, 0
237, -1, 0
248, -1, 0
410, -1, 0
396, -1, 0
194, -1, 0
375, -1, 0
532, -1, 1
343, -1, 0
535, -1, 0
512, -1, 0
616, -1, 0
622, -1, 0
751, -1, 0
1396, -1, 0
5492, 0, -1
8266, 1, 0
1612, 1, 0
1100, 1, 0
910, 1, 0
843, 1, 0
616, 1, 0
635, 1, 0
496, 1, 0
499, 1, 0
533, 1, 0
466, 1, 0
372, 1, 0
503, 1, 0
373, 1, 0
388, 1, 0
369, 1, 0
382, 1, 0
246, 1, 0
370, 1, 0
370, 1, 0
248, 1, 0
377, 1, 0
248, 1, 0
432, 1, 0
198, 1, 0
254, 1, 0
239, 1, 0
248, 1, 0
358, 1, 0
250, 1, -1
127, 1, 0
248, 1, 0
249, 1, 0
251, 1, 0
250, 1, 0
250, 1, 0
249, 1, 0
131, 0, -1
123, 1, 0
127, 1, 0
245, 1, 0
250, 1, 0
128, 1, 0
247, 1, 0
250, 1, 0
250, 1, 0
127, 1, -1
248, 1, 0
127, 1, 0
248, 1, 0
249, 1, 0
128, 1, 0
247, 1, -1
129, 1, 0
247, 1, 0
127, 1, 0
125, 1, 0
248, 1, 0
127, 1, 0
248, 1, 0
249, 1, 0
128, 1, -1
125, 1, 0
125, 1, 0
248, 1, 0
127, 1, 0
248, 1, 0
127, 1, 0
125, 1, 0
247, 1, -1
129, 1, 0
124, 1, 0
127, 1, 0
245, 1, 0
129, 1, 0
247, 2, 0
127, 0, -1
125, 1, 0
126, 1, 0
127, 1, 0
249, 1, 0
126, 1, 0
125, 1, 0
124, 1, 0
246, 1, 0
128, 1, -1
125, 1, 0
124, 1, 0
125, 1, 0
125, 1, 0
125, 1, 0
248, 1, -1
128, 1, 0
124, 1, 0
125, 1, 0
125, 1, 0
130, 1, 0
120, 1, 0
125, 1, 0
247, 1, -1
129, 1, 0
124, 1, 0
125, 1, 0
125, 1, 0
125, 1, 0
125, 1, 0
125, 1, 0
125, 1, -1
125, 1, 0
125, 1, 0
125, 1, 0
125, 1, 0
125, 1, 0
126, 1, 0
124, 1, -1
125, 1, 0
125, 1, 0
126, 1, 0
246, 2, 0
295, 2, 0
92, 1, 0
118, 1, -1
123, 1, 0
125, 1, 0
125, 1, 0
125, 1, 0
126, 1, 0
124, 1, 0
125, 1, 0
125, 1, -1
125, 1, 0
126, 1, 0
124, 1, 0
126, 1, 0
125, 1, 0
125, 1, 0
126, 2, -1
246, 2, 0
128, 1, 0
125, 1, 0
125, 1, 0
125, 1, 0
125, 1, -1
125, 1, 0
125, 1, 0
125, 1, 0
125, 2, 0
125, 1, 0
125, 1, 0
125, 1, -1
125, 1, 0
125, 1, 0
125, 1, 0
125, 1, 0
125, 1, 0
125, 2, 0
125, 1, -1
126, 1, 0
124, 1, 0
125, 2, 0
125, 1, 0
125, 1, 0
125, 1, -1
124, 1, 0
125, 1, 0
125, 1, 0
125, 2, 0
125, 1, 0
125, 1, 0
125, 1, -1
125, 2, 0
127, 1, 0
127, 1, 0
122, 1, 0
126, 2, 0
124, 1, -1
124, 1, 0
125, 1, 0
125, 1, 0
125, 2, 0
126, 1, 0
124, 1, -1
125, 1, 0
125, 2, 0
125, 1, 0
125, 2, 0
125, 1, -1
125, 1, 0
125, 1, 0
125, 1, 0
125, 2, 0
125, 1, 0
125, 1, -1
125, 1, 0
125, 2, 0
125, 1, 0
125, 2, 0
125, 1, 0
126, 1, -1
125, 2, 0
125, 1, 0
124, 1, 0
125, 1, 0
125, 2, -1
125, 1, 0
125, 2, 0
125, 1, 0
125, 1, 0
125, 2, 0
125, 1, -1
125, 1, 0
125, 2, 0
125, 1, 0
125, 1, 0
126, 2, -1
124, 1, 0
125, 2, 0
125, 1, 0
125, 2, 0
125, 1, -1
125, 1, 0
125, 2, 0
125, 1, 0
125, 1, 0
125, 2, -1
125, 1, 0
125, 1, 0
125, 2, 0
125, 1, 0
125, 2, -1
125, 1, 0
125, 2, 0
125, 1, 0
125, 2, -1
128, 1, 0
122, 1, 0
125, 2, 0
125, 1, 0
125, 2, -1
125, 1, 0
125, 2, 0
125, 1, 0
125, 2, 0
125, 1, -1
125, 2, 0
125, 1, 0
125, 2, 0
125, 1, 0
125, 1, -1
125, 2, 0
322, 1, 0
197, 2, 0
106, 5, -1
125, 1, 0
125, 2, 0
125, 1, -1
125, 2, 0
125, 1, 0
125, 2, 0
125, 1, -1
125, 2, 0
125, 1, 0
125, 2, 0
125, 1, 0
125, 2, -1
125, 1, 0
125, 2, 0
125, 2, 0
125, 1, 0
125, 2, -1
125, 1, 0
125, 2, 0
125, 1, -1
125, 2, 0
125, 1, 0
125, 2, 0
125, 2, 0
125, 1, -1
125, 2, 0
125, 1, 0
126, 2, 0
125, 1, -1
124, 2, 0
127, 1, 0
124, 3, 0
124, 1, -1
125, 2, 0
125, 1, 0
125, 2, 0
125, 1, -1
125, 2, 0
125, 1, 0
125, 2, 0
125, 2, -1
124, 1, 0
126, 2, 0
125, 1, 0
125, 2, -1
125, 2, 0
125, 1, 0
125, 2, 0
127, 2, -1
123, 1, 0
125, 1, 0
125, 2, 0
125, 2, -1
125, 2, 0
125, 1, 0
125, 2, 0
125, 1, -1
125, 2, 0
125, 2, 0
125, 2, 0
125, 1, -1
125, 1, 0
125, 2, 0
125, 2, 0
125, 2, -1
125, 1, 0
125, 2, 0
125, 1, 0
125, 2, -1
125, 2, 0
125, 2, 0
126, 1, 0
124, 1, -1
125, 3, 0
125, 1, 0
125, 2, -1
125, 1, 0
127, 2, 0
123, 2, 0
125, 2, -1
125, 1, 0
124, 2, 0
126, 1, 0
125, 2, -1
125, 2, 0
125, 1, 0
125, 2, 0
125, 2, -1
125, 2, 0
125, 1, 0
125, 2, -1
134, 1, 0
115, 2, 0
126, 2, -1
125, 2, 0
124, 1, 0
126, 2, 0
125, 2, -1
124, 1, 0
126, 2, 0
124, 1, 0
125, 2, -1
126, 2, 0
125, 2, 0
125, 1, -1
125, 2, 0
124, 2, 0
125, 1, 0
126, 2, -1
124, 1, 0
125, 2, 0
125, 2, 0
126, 2, -1
124, 1, 0
125, 2, 0
125, 2, -1
126, 2, 0
124, 1, 0
126, 1, 0
125, 2, -1
126, 2, 0
124, 2, 0
124, 1, -1
126, 2, 0
129, 2, 0
122, 2, -1
124, 1, 0
124, 2, 0
129, 1, 0
251, 2, -1
251, 2, 0
122, 5, -1
124, 2, 0
126, 1, 0
128, 2, -1
123, 1, 0
125, 2, 0
124, 2, -1
125, 1, 0
125, 2, 0
125, 2, -1
125, 1, 0
125, 2, 0
125, 2, 0
126, 1, -1
124, 3, 0
125, 1, 0
125, 2, -1
125, 1, 0
125, 2, 0
124, 2, 0
126, 1, -1
125, 2, 0
125, 1, 0
125, 2, 0
127, 2, -1
123, 2, 0
124, 1, 0
125, 2, -1
126, 1, 0
124, 2, 0
125, 2, 0
126, 1, -1
124, 2, 0
125, 2, 0
125, 1, -1
125, 2, 0
125, 2, 0
125, 1, -1
126, 2, 0
124, 1, 0
125, 2, 0
125, 2, -1
125, 1, 0
125, 2, 0
125, 1, 0
125, 2, -1
135, 2, 0
115, 2, -1
125, 1, 0
125, 2, 0
125, 1, 0
126, 2, -1
124, 2, 0
126, 2, 0
124, 1, -1
126, 1, 0
125, 2, 0
125, 1, -1
127, 2, 0
124, 2, 0
124, 2, 0
125, 1, -1
125, 2, 0
125, 1, 0
125, 2, -1
125, 2, 0
125, 1, 0
125, 2, 0
125, 1, -1
125, 2, 0
125, 1, 0
125, 2, -1
125, 2, 0
124, 1, 0
126, 2, -1
125, 2, 0
125, 1, 0
125, 1, 0
126, 2, -1
124, 1, 0
125, 2, 0
125, 2, -1
125, 2, 0
125, 1, 0
125, 2, -1
125, 1, 0
125, 2, 0
125, 1, -1
125, 1, 0
125, 2, 0
125, 1, 0
126, 2, -1
123, 1, 0
126, 2, 0
125, 2, 0
125, 2, -1
124, 1, 0
126, 2, 0
124, 1, -1
125, 2, 0
125, 1, 0
125, 1, 0
142, 2, -1
108, 1, 0
128, 2, 0
126, 1, -1
121, 2, 0
125, 1, 0
126, 2, -1
124, 1, 0
125, 2, 0
126, 2, -1
124, 1, 0
125, 2, 0
125, 1, 0
125, 2, -1
125, 1, 0
125, 2, 0
126, 1, -1
124, 2, 0
125, 1, 0
125, 2, -1
125, 1, 0
125, 1, 0
125, 2, 0
124, 1, -1
127, 2, 0
124, 1, 0
125, 2, -1
311, 1, 0
192, 2, 0
122, 4, -1
125, 1, 0
124, 2, -1
125, 1, 0
126, 2, 0
125, 1, 0
124, 1, -1
125, 1, 0
125, 2, 0
125, 1, -1
126, 2, 0
124, 1, 0
125, 1, 0
126, 2, -1
125, 1, 0
125, 2, 0
125, 1, 0
125, 2, -1
124, 1, 0
126, 1, 0
125, 2, -1
125, 1, 0
124, 1, 0
125, 2, 0
126, 1, -1
125, 1, 0
125, 2, 0
124, 1, 0
126, 2, -1
125, 1, 0
125, 1, 0
126, 1, -1
123, 2, 0
125, 1, 0
125, 2, -1
125, 1, 0
125, 1, 0
125, 1, 0
125, 2, -1
125, 1, 0
125, 1, 0
125, 2, -1
125, 1, 0
125, 1, 0
125, 1, 0
125, 2, -1
125, 1, 0
125, 1, 0
125, 1, 0
125, 1, -1
126, 2, 0
127, 1, 0
123, 2, -1
125, 1, 0
124, 1, 0
125, 1, 0
126, 1, -1
154, 1, 0
100, 1, 0
175, 2, -1
74, 1, 0
126, 1, 0
124, 1, 0
125, 2, -1
125, 1, 0
126, 1, 0
124, 1, 0
125, 2, -1
125, 1, 0
124, 1, 0
126, 1, -1
125, 1, 0
126, 1, 0
124, 1, 0
125, 2, -1
124, 1, 0
125, 1, 0
126, 1, 0
125, 1, 0
125, 1, -1
125, 1, 0
125, 1, 0
125, 1, 0
125, 2, -1
244, 2, 0
131, 1, 0
125, 1, -1
125, 1, 0
124, 1, 0
125, 1, 0
125, 1, 0
126, 1, -1
124, 1, 0
125, 1, 0
125, 1, 0
125, 2, -1
246, 1, 0
130, 1, 0
125, 1, -1
126, 1, 0
124, 2, 0
245, 1, 0
131, 1, -1
123, 1, 0
124, 1, 0
126, 1, 0
121, 1, -1
125, 1, 0
125, 1, 0
125, 1, 0
125, 1, 0
125, 1, 0
125, 0, -1
125, 2, 0
247, 1, 0
128, 1, 0
125, 1, -1
125, 1, 0
125, 1, 0
124, 1, 0
126, 1, -1
247, 1, 0
128, 1, 0
125, 1, 0
318, 1, -1
184, 1, 0
122, 2, 0
125, 1, 0
125, 1, -1
247, 1, 0
128, 1, 0
125, 1, 0
125, 1, -1
247, 1, 0
128, 1, 0
125, 1, 0
125, 0, -1
125, 1, 0
126, 1, 0
247, 1, 0
127, 1, 0
125, 1, 0
125, 0, -1
125, 1, 0
125, 1, 0
247, 1, 0
128, 1, 0
125, 0, -1
125, 1, 0
248, 1, 0
127, 1, 0
247, 1, -1
250, 1, 0
128, 1, 0
247, 1, 0
128, 1, 0
125, 0, -1
247, 1, 0
250, 1, 0
128, 1, 0
247, 1, -1
405, 1, 0
115, 1, 0
383, 1, 0
227, 1, -1
245, 1, 0
251, 1, 0
375, 1, 0
130, 0, -1
247, 1, 0
247, 1, 0
396, 1, 0
354, 1, 0
409, 0, -1
116, 1, 0
352, 1, 0
533, 1, 0
638, 1, -1
704, 1, 0
1016, 1, 0
7118, 0, -1
2868, -1, 0
1406, -1, 0
745, 0, -1
347, -1, 0
750, -1, 0
802, -1, 0
75, 0, -1
500, -1, 0
651, -1, 0
499, -1, -1
486, -1, 0
362, -1, 0
499, -1, 0
250, 0, -1
250, -1, 0
407, -1, 0
218, -1, 0
500, -1, 0
250, -1, -1
404, -1, 0
347, -1, 0
249, -1, 0
525, -1, 0
231, -1, -1
244, -1, 0
250, -1, 0
250, -1, 0
250, -1, 0
250, -1, 0
250, -1, 0
251, -1, 0
127, 0, -1
124, -1, 0
248, -1, 0
250, -1, 0
250, -1, 0
253, -1, 0
251, -1, 0
124, -1, 0
247, -1, 0
128, -1, 0
247, -1, 0
250, -1, 0
250, -1, 0
129, -1, 0
247, -1, 0
129, -1, -1
245, -1, 0
131, -1, 0
244, -1, 0
128, -1, 0
247, -1, 0
128, -1, 0
247, -1, 0
128, -1, 0
247, -1, 0
128, -1, 0
125, -1, 0
247, -1, 0
128, -1, 0
125, -1, 0
247, -1, 0
127, -1, 0
126, -1, 0
125, -1, 0
247, -1, 0
128, -1, 0
124, -1, 0
126, -1, 0
247, -1, 0
127, -1, 0
126, -1, 0
125, -1, 0
125, -1, 0
247, -1, 0
128, -1, 0
125, -1, 0
125, -1, 0
125, -1, 0
125, -1, 0
125, -1, 0
124, -1, 0
248, -1, 0
128, -1, 0
125, -1, 0
125, -1, 0
125, -1, 0
125, -1, 0
125, -1, 0
124, -1, 0
126, -1, 1
124, -1, 0
125, -1, 0
126, -1, 0
125, -1, 0
125, -1, 0
124, -1, 0
125, -1, 0
126, -1, 0
126, -1, 0
124, -1, 0
125, -1, 0
125, -1, 0
125, -1, 1
125, -1, 0
125, -1, 0
125, -1, 0
125, -1, 0
125, -1, 0
125, -1, 0
125, -1, 0
125, -1, 0
124, -1, 0
126, -2, 0
125, -1, 1
125, -1, 0
125, -1, 0
125, -1, 0
125, -1, 0
125, -2, 0
247, -1, 0
128, -2, 0
324, -1, 1
176, -1, 0
124, -3, 0
125, -2, 0
125, -1, 0
125, -1, 1
125, -1, 0
125, -1, 0
125, -2, 0
125, -1, 0
125, -1, 0
125, -1, 0
125, -2, 0
125, -1, 1
128, -1, 0
123, -1, 0
125, -2, 0
125, -1, 0
125, -2, 0
125, -1, 0
125, -1, 1
125, -1, 0
125, -1, 0
125, -2, 0
125, -1, 0
125, -2, 1
125, -1, 0
125, -1, 0
125, -1, 0
125, -2, 0
125, -1, 0
125, -1, 1
125, -2, 0
125, -1, 0
125, -2, 0
125, -1, 0
125, -1, 1
125, -1, 0
125, -2, 0
125, -1, 0
126, -2, 0
126, -1, 1
124, -1, 0
125, -2, 0
125, -1, 0
124, -2, 0
125, -1, 1
125, -2, 0
125, -1, 0
125, -2, 0
125, -1, 1
178, -2, 0
97, -1, 0
104, -1, 0
125, -2, 0
124, -1, 1
125, -2, 0
125, -1, 0
125, -2, 0
125, -1, 1
126, -2, 0
123, -1, 0
124, -2, 0
126, -1, 1
127, -2, 0
124, -1, 0
125, -2, 0
125, -2, 1
125, -1, 0
124, -2, 0
125, -1, 0
125, -2, 1
128, -1, 0
125, -2, 0
129, -1, 1
122, -2, 0
124, -2, 0
125, -1, 0
123, -2, 1
126, -1, 0
129, -2, 0
121, -1, 0
126, -2, 1
124, -1, 0
125, -2, 0
131, -2, 1
123, -2, 0
125, -1, 0
123, -1, 0
123, -2, 1
124, -2, 0
125, -2, 0
126, -1, 0
125, -2, 1
125, -1, 0
125, -2, 0
127, -2, 1
124, -2, 0
125, -1, 0
128, -2, 1
123, -1, 0
124, -2, 0
124, -2, 0
123, -1, 1
125, -2, 0
124, -2, 0
125, -2, 1
126, -1, 0
128, -2, 1
122, -2, 0
125, -2, 0
125, -1, 0
125, -2, 1
125, -2, 0
124, -1, 0
125, -2, 1
126, -2, 0
124, -2, 0
125, -1, 1
125, -3, 0
126, -1, 0
125, -2, 1
125, -2, 0
124, -1, 0
126, -2, 1
124, -2, 0
125, -2, 1
125, -1, 0
125, -3, 0
126, -1, 1
124, -2, 0
125, -2, 0
255, -2, 1
247, -1, 0
123, -6, 1
126, -2, 1
125, -1, 0
124, -3, 0
126, -1, 1
125, -2, 0
124, -2, 0
126, -2, 1
124, -2, 0
126, -2, 1
125, -2, 0
128, -1, 0
122, -2, 1
125, -2, 0
124, -2, 0
125, -2, 1
125, -2, 0
126, -2, 1
125, -2, 0
124, -2, 0
125, -2, 1
126, -2, 0
124, -1, 1
125, -2, 0
128, -2, 0
123, -2, 1
124, -2, 0
125, -2, 1
126, -2, 0
124, -2, 1
125, -2, 0
125, -2, 0
126, -2, 1
124, -2, 0
125, -1, 1
125, -2, 0
125, -2, 0
128, -2, 1
122, -2, 0
126, -2, 1
124, -2, 0
125, -2, 1
125, -2, 0
125, -2, 0
126, -2, 1
124, -2, 0
125, -2, 1
128, -2, 0
122, -2, 1
125, -2, 0
125, -1, 1
125, -3, 0
126, -2, 0
124, -2, 1
125, -2, 0
125, -2, 1
126, -2, 0
125, -1, 1
125, -3, 0
124, -1, 1
125, -3, 0
125, -2, 0
138, -2, 1
112, -2, 0
125, -2, 1
124, -2, 0
126, -2, 1
125, -2, 0
125, -2, 1
126, -2, 0
124, -2, 1
129, -2, 0
140, -2, 1
108, -2, 0
147, -2, 1
103, -3, 0
126, -1, 1
127, -3, 0
131, -1, 1
116, -3, 0
125, -2, 1
126, -1, 0
125, -3, 1
124, -1, 0
125, -3, 0
126, -2, 1
125, -2, 1
131, -2, 0
123, -2, 0
125, -2, 1
121, -3, 0
127, -1, 1
135, -2, 0
128, -3, 1
110, -1, 0
125, -3, 1
125, -1, 0
125, -3, 1
125, -2, 0
125, -2, 1
125, -2, 0
125, -3, 1
128, -1, 0
122, -2, 0
129, -2, 1
121, -2, 0
125, -3, 1
126, -1, 0
124, -3, 1
125, -2, 0
125, -2, 1
125, -2, 0
125, -2, 1
126, -2, 0
123, -2, 1
126, -2, 1
125, -2, 0
125, -3, 1
125, -1, 0
125, -3, 1
126, -2, 0
125, -2, 1
123, -2, 0
124, -2, 1
124, -2, 0
124, -2, 0
126, -3, 1
124, -1, 1
125, -3, 0
308, -1, 1
194, -3, 0
123, -6, 2
146, -3, 0
105, -1, 1
125, -2, 0
124, -3, 1
125, -1, 0
126, -3, 1
124, -2, 0
125, -2, 1
147, -2, 0
104, -2, 1
126, -2, 0
125, -3, 1
125, -1, 0
125, -2, 1
124, -3, 0
125, -1, 1
125, -3, 0
125, -2, 1
125, -2, 0
125, -2, 1
125, -3, 0
125, -1, 1
125, -3, 1
125, -2, 0
137, -2, 1
113, -2, 0
125, -2, 0
125, -2, 1
125, -2, 0
125, -3, 1
125, -1, 1
125, -3, 0
125, -2, 1
126, -2, 0
124, -2, 1
125, -2, 0
125, -2, 1
125, -2, 0
125, -2, 1
128, -2, 0
123, -3, 1
128, -1, 0
123, -3, 1
125, -2, 0
125, -2, 1
124, -2, 0
126, -2, 1
124, -2, 0
126, -2, 1
124, -3, 0
130, -1, 1
121, -3, 1
125, -1, 0
124, -3, 1
126, -2, 0
124, -2, 1
125, -2, 0
126, -2, 1
125, -2, 0
124, -2, 1
125, -2, 0
126, -2, 1
125, -3, 0
125, -1, 1
125, -3, 0
126, -1, 1
124, -3, 0
125, -1, 1
125, -3, 0
125, -2, 1
125, -2, 0
125, -2, 1
123, -2, 0
124, -2, 1
125, -2, 0
125, -2, 1
125, -2, 0
126, -3, 1
125, -1, 0
124, -2, 1
125, -2, 1
125, -3, 0
126, -1, 0
125, -2, 1
125, -2, 0
125, -2, 1
125, -3, 1
124, -1, 0
125, -3, 0
125, -1, 1
125, -3, 1
125, -2, 0
125, -2, 0
128, -2, 1
122, -1, 0
125, -3, 1
125, -1, 0
125, -3, 1
166, -1, 0
86, -3, 1
126, -1, 1
139, -3, 0
110, -2, 1
125, -2, 0
126, -2, 1
124, -2, 0
125, -2, 1
125, -1, 0
125, -3, 1
125, -1, 0
125, -3, 1
126, -1, 0
124, -3, 1
125, -1, 0
125, -3, 1
126, -1, 0
125, -3, 1
124, -1, 0
125, -2, 0
125, -2, 1
126, -1, 0
124, -3, 1
125, -1, 0
125, -3, 1
125, -1, 0
125, -3, 1
125, -1, 0
125, -2, 1
714, -2, 0
161, -2, 1
124, -11, 2
125, -2, 1
125, -2, 0
125, -2, 1
125, -2, 0
125, -2, 1
125, -1, 0
125, -2, 1
125, -2, 0
138, -2, 0
113, -2, 1
124, -1, 0
125, -3, 1
125, -1, 0
123, -2, 1
125, -2, 0
125, -2, 1
125, -1, 0
124, -2, 0
125, -2, 1
125, -2, 0
125, -2, 1
126, -1, 0
124, -2, 1
126, -2, 0
125, -2, 1
124, -2, 0
125, -2, 0
126, -1, 1
124, -2, 0
126, -2, 1
124, -1, 0
125, -2, 1
125, -2, 0
125, -2, 0
126, -1, 1
125, -2, 0
124, -2, 0
126, -2, 1
125, -1, 0
128, -2, 1
122, -2, 0
125, -1, 0
126, -2, 1
124, -2, 0
125, -2, 1
125, -1, 0
124, -2, 1
126, -1, 0
125, -2, 0
124, -2, 1
125, -2, 0
126, -1, 1
124, -1, 0
125, -2, 0
125, -2, 1
125, -1, 0
125, -2, 0
125, -2, 1
125, -1, 0
126, -2, 1
124, -2, 0
125, -1, 0
125, -2, 1
125, -2, 0
138, -1, 0
112, -1, 1
125, -2, 0
125, -1, 0
125, -2, 1
125, -2, 0
125, -2, 1
125, -1, 0
125, -2, 0
125, -1, 1
128, -2, 0
122, -1, 0
125, -1, 1
125, -2, 0
125, -1, 0
125, -2, 1
125, -1, 0
125, -2, 1
125, -2, 0
125, -1, 0
125, -2, 0
125, -1, 1
125, -2, 0
125, -1, 0
125, -2, 1
126, -1, 0
124, -1, 0
125, -2, 1
127, -1, 0
124, -1, 0
125, -2, 1
125, -1, 0
124, -2, 0
125, -1, 0
126, -1, 1
125, -2, 0
125, -1, 0
125, -2, 1
125, -1, 0
128, -2, 0
122, -1, 0
125, -1, 1
125, -2, 0
125, -1, 0
124, -1, 1
126, -2, 0
125, -1, 0
125, -1, 0
125, -2, 1
124, -1, 0
125, -1, 0
126, -1, 1
124, -2, 0
125, -1, 0
126, -2, 0
125, -1, 1
124, -1, 0
125, -1, 0
125, -1, 0
127, -2, 0
124, -1, 1
124, -1, 0
247, -1, 0
261, -2, 1
119, -3, 0
125, -2, 1
125, -1, 0
124, -1, 0
124, -1, 0
125, -1, 0
125, -2, 1
125, -1, 0
126, -1, 0
124, -1, 0
125, -1, 1
125, -1, 0
125, -2, 0
125, -1, 0
139, -1, 1
111, -1, 0
125, -1, 0
126, -1, 0
124, -1, 0
125, -1, 1
125, -1, 0
125, -2, 0
125, -1, 0
125, -1, 0
128, -1, 0
123, -1, 1
124, -1, 0
125, -1, 0
125, -1, 0
126, -1, 0
134, -1, 1
115, -1, 0
125, -1, 0
125, -1, 0
125, -1, 0
125, -1, 0
127, -1, 1
124, -1, 0
125, -1, 0
125, -1, 0
125, -1, 0
125, -1, 0
125, -1, 0
125, -1, 1
125, -1, 0
125, -1, 0
148, -1, 0
102, -1, 0
125, -1, 1
125, -1, 0
251, -1, 0
146, -1, 0
106, -1, 0
125, -1, 0
125, -1, 0
125, -1, 1
125, -1, 0
244, -1, 0
131, -1, 0
125, -1, 0
124, -1, 0
126, -1, 0
244, -1, 1
131, -1, 0
124, -1, 0
245, -1, 0
130, -1, 0
125, -1, 0
245, -1, 0
130, -1, 0
126, 0, 1
125, -1, 0
124, -1, 0
126, -1, 0
244, -1, 0
131, -1, 0
125, -1, 0
244, -1, 0
250, -1, 0
130, -1, 0
245, -1, 1
131, -1, 0
243, -1, 0
132, -1, 0
247, -1, 0
247, -1, 0
250, -1, 0
249, -1, 0
252, -1, 0
131, -1, 0
244, -1, 0
407, -1, 0
217, -1, 0
250, -1, 0
250, -1, 0
250, -1, 1
411, -1, 0
214, -1, 0
444, -1, 0
306, -1, 0
376, -1, 0
249, -1, 0
530, -1, 0
378, -1, 0
497, -1, 0
470, -1, 0
500, -1, 0
750, -1, -1
783, -1, 0
998, -1, 0
1391, -1, 0
328, 0, -1
11558, 0, -1
83, 1, 0
1405, 1, 0
878, 1, 0
717, 1, 0
746, 1, 0
625, 1, -1
513, 1, 0
621, 1, 0
371, 1, 0
375, 1, 0
657, 1, 0
218, 1, 0
379, 1, 0
267, 0, -1
111, 1, 0
498, 1, 0
249, 1, 0
376, 1, 0
250, 1, 0
373, 1, 0
251, 1, 0
126, 0, -1
249, 1, 0
248, 1, 0
250, 1, 0
376, 1, 0
250, 1, 0
252, 1, 0
254, 1, -1
246, 1, 0
248, 1, 0
249, 1, 0
250, 1, 0
251, 1, 0
250, 1, -1
128, 1, 0
246, 1, 0
251, 1, 0
249, 1, 0
134, 1, 0
412, 1, 0
211, 0, -1
120, 2, 0
124, 1, 0
247, 1, 0
128, 1, 0
246, 1, 0
252, 1, -1
126, 1, 0
125, 1, 0
248, 1, 0
127, 1, 0
253, 1, 0
128, 1, 0
241, 1, -1
128, 1, 0
247, 1, 0
128, 1, 0
125, 1, 0
249, 1, 0
127, 1, 0
125, 0, -1
124, 1, 0
126, 1, 0
124, 1, 0
125, 1, 0
248, 1, 0
127, 1, 0
126, 1, -1
246, 1, 0
128, 1, 0
125, 1, 0
125, 1, 0
126, 1, 0
246, 1, -1
128, 1, 0
126, 1, 0
125, 1, 0
246, 1, 0
128, 1, 0
126, 1, 0
125, 1, 0
125, 1, -1
124, 1, 0
125, 1, 0
247, 2, 0
251, 1, 0
127, 1, -1
125, 1, 0
125, 1, 0
125, 1, 0
125, 1, 0
247, 2, 0
128, 1, 0
126, 1, -1
247, 1, 0
128, 1, 0
124, 1, 0
125, 1, 0
125, 1, 0
130, 1, -1
119, 1, 0
141, 1, 0
113, 1, 0
123, 1, 0
126, 1, 0
122, 1, -1
125, 1, 0
126, 1, 0
127, 1, 0
121, 1, 0
126, 1, 0
127, 1, 0
125, 1, -1
125, 1, 0
122, 1, 0
126, 1, 0
127, 2, 0
246, 1, -1
127, 2, 0
247, 2, 0
130, 1, 0
123, 1, 0
126, 1, -1
124, 1, 0
126, 1, 0
125, 2, 0
125, 1, 0
249, 2, 0
126, 1, -1
126, 1, 0
126, 1, 0
122, 1, 0
126, 1, -1
127, 2, 0
123, 1, 0
127, 1, 0
125, 1, 0
124, 1, 0
125, 1, 0
125, 1, -1
123, 2, 0
127, 1, 0
123, 1, 0
127, 1, 0
123, 2, 0
125, 1, -1
125, 1, 0
124, 1, 0
126, 2, 0
125, 1, 0
125, 1, -1
334, 1, 0
168, 1, 0
138, 4, -1
108, 1, 0
125, 2, 0
125, 1, 0
125, 1, 0
125, 1, 0
124, 1, 0
127, 2, -1
125, 1, 0
123, 2, 0
127, 1, 0
124, 1, -1
124, 1, 0
126, 2, 0
125, 1, 0
125, 2, 0
126, 1, -1
124, 1, 0
126, 1, 0
124, 1, 0
125, 2, 0
125, 1, 0
125, 2, -1
125, 1, 0
125, 2, 0
126, 1, 0
124, 1, 0
126, 1, -1
124, 2, 0
125, 1, 0
125, 1, 0
125, 2, 0
125, 1, -1
125, 2, 0
125, 1, 0
131, 2, 0
120, 1, 0
125, 2, -1
124, 1, 0
125, 1, 0
125, 2, 0
125, 1, 0
132, 2, -1
127, 1, 0
117, 1, 0
124, 2, 0
125, 1, -1
125, 2, 0
124, 2, 0
126, 1, 0
124, 1, 0
135, 2, -1
118, 1, 0
122, 2, 0
126, 1, 0
125, 2, 0
125, 1, -1
125, 2, 0
125, 1, 0
125, 2, 0
125, 1, 0
125, 2, -1
124, 1, 0
126, 2, 0
125, 1, 0
125, 1, -1
125, 2, 0
124, 2, 0
125, 1, 0
126, 2, 0
125, 2, -1
125, 1, 0
125, 2, 0
127, 1, 0
126, 2, -1
126, 1, 0
127, 2, 0
124, 1, 0
126, 2, 0
122, 2, -1
125, 1, 0
125, 2, 0
124, 1, 0
132, 2, -1
119, 1, 0
125, 2, 0
124, 2, 0
126, 1, -1
125, 2, 0
125, 1, 0
125, 2, 0
123, 1, 0
128, 2, -1
124, 2, 0
125, 2, 0
125, 1, -1
125, 2, 0
124, 1, 0
126, 2, 0
123, 2, 0
127, 1, -1
125, 2, 0
125, 1, 0
124, 3, 0
138, 1, -1
124, 2, 0
121, 1, 0
129, 2, -1
119, 2, 0
123, 1, 0
123, 2, 0
126, 1, 0
125, 2, -1
126, 2, 0
130, 2, 0
124, 1, 0
124, 2, -1
123, 2, 0
122, 2, 0
126, 1, 0
124, 2, -1
125, 2, 0
125, 1, 0
125, 2, 0
129, 2, -1
121, 2, 0
125, 1, 0
124, 2, 0
125, 1, -1
380, 3, 0
244, 1, 0
124, 7, -1
124, 2, -1
125, 2, 0
125, 1, 0
125, 2, 0
125, 2, -1
124, 2, 0
125, 1, 0
126, 2, -1
124, 2, 0
126, 1, 0
124, 2, 0
125, 2, 0
126, 2, -1
125, 1, 0
125, 3, -1
124, 1, 0
125, 2, 0
126, 2, 0
125, 2, -1
124, 1, 0
125, 2, 0
126, 2, 0
128, 1, -1
122, 2, 0
125, 2, 0
124, 2, 0
126, 2, -1
124, 2, 0
126, 1, 0
125, 2, -1
125, 2, 0
124, 1, 0
128, 2, 0
123, 2, -1
125, 2, 0
125, 2, 0
124, 2, -1
125, 1, 0
125, 2, 0
125, 2, 0
126, 2, -1
124, 2, 0
126, 1, 0
125, 2, -1
125, 2, 0
124, 2, 0
126, 1, 0
125, 3, -1
124, 1, 0
125, 2, 0
127, 2, -1
124, 2, 0
124, 2, 0
125, 1, 0
126, 2, -1
125, 2, 0
124, 2, 0
125, 1, -1
126, 3, 0
125, 1, 0
125, 3, -1
124, 1, 0
127, 2, 0
122, 2, 0
124, 2, -1
125, 2, 0
125, 1, 0
125, 2, -1
125, 2, 0
125, 2, 0
125, 2, -1
125, 2, 0
125, 1, 0
125, 3, -1
125, 1, 0
125, 3, 0
133, 1, 0
221, 1, -1
274, 3, 0
125, 5, -1
122, 2, 0
125, 2, -1
126, 2, 0
124, 2, 0
125, 2, -1
129, 1, 0
122, 2, 0
124, 2, -1
125, 2, 0
125, 2, 0
125, 2, 0
126, 2, -1
138, 1, 0
111, 2, -1
127, 2, 0
126, 2, 0
124, 2, 0
125, 2, -1
125, 2, 0
126, 1, -1
125, 3, 0
125, 1, 0
125, 2, 0
137, 2, -1
125, 2, 0
118, 1, -1
127, 3, 0
125, 1, 0
124, 2, -1
125, 2, 0
125, 1, 0
125, 3, -1
124, 1, 0
126, 3, 0
124, 1, -1
124, 2, 0
126, 2, 0
126, 2, -1
125, 2, 0
129, 2, -1
120, 1, 0
138, 2, 0
117, 2, -1
118, 2, 0
125, 2, 0
124, 2, 0
323, 2, -1
165, 2, 0
125, 5, -1
127, 2, -1
119, 2, 0
124, 2, 0
126, 1, -1
124, 3, 0
125, 1, 0
126, 2, -1
124, 2, 0
125, 2, -1
125, 2, 0
126, 2, 0
125, 1, -1
124, 2, 0
132, 2, 0
118, 2, -1
126, 2, 0
125, 2, 0
125, 2, -1
125, 1, 0
125, 2, -1
125, 2, 0
125, 2, 0
124, 2, 0
130, 1, -1
121, 3, 0
125, 1, -1
125, 2, 0
124, 2, 0
126, 2, -1
124, 1, 0
126, 3, -1
125, 1, 0
126, 2, 0
123, 2, -1
125, 2, 0
125, 2, 0
126, 1, -1
142, 2, 0
107, 2, 0
125, 2, -1
125, 1, 0
125, 3, 0
125, 1, -1
127, 2, 0
124, 2, -1
125, 2, 0
124, 1, 0
125, 2, -1
125, 2, 0
125, 2, 0
125, 2, -1
125, 1, 0
125, 3, 0
126, 1, -1
124, 2, 0
125, 2, -1
125, 2, 0
125, 1, 0
125, 2, -1
125, 2, 0
125, 1, 0
125, 3, -1
125, 1, 0
125, 2, -1
126, 2, 0
124, 2, 0
125, 1, -1
125, 2, 0
125, 2, 0
125, 1, -1
125, 3, 0
125, 1, 0
127, 2, -1
127, 2, 0
125, 2, -1
125, 1, 0
124, 2, 0
126, 2, -1
124, 2, 0
125, 1, 0
125, 2, -1
126, 2, 0
124, 1, 0
125, 2, -1
125, 1, 0
125, 3, -1
125, 1, 0
125, 2, 0
125, 2, 0
125, 2, -1
125, 1, 0
125, 1, -1
125, 2, 0
127, 2, 0
124, 2, -1
124, 1, 0
125, 2, 0
125, 2, -1
125, 2, 0
125, 1, -1
125, 2, 0
125, 2, 0
125, 1, -1
127, 2, 0
123, 2, 0
125, 2, -1
125, 1, 0
125, 2, 0
125, 1, -1
125, 2, 0
125, 2, 0
125, 2, -1
125, 1, 0
125, 2, 0
125, 1, -1
124, 2, 0
126, 2, 0
124, 1, -1
125, 2, 0
126, 1, 0
124, 2, -1
126, 2, 0
125, 2, 0
125, 1, -1
124, 2, 0
126, 1, -1
124, 2, 0
125, 2, 0
289, 1, -1
209, 2, 0
125, 4, -1
125, 2, 0
125, 2, -1
125, 1, 0
125, 2, -1
125, 1, 0
125, 2, 0
125, 1, 0
125, 2, -1
124, 2, 0
126, 1, -1
125, 2, 0
124, 2, 0
126, 1, -1
125, 2, 0
125, 1, 0
125, 1, -1
125, 2, 0
128, 1, 0
122, 2, -1
125, 2, 0
125, 1, -1
125, 2, 0
124, 2, 0
126, 1, 0
125, 2, -1
125, 1, 0
125, 1, 0
127, 2, -1
125, 1, 0
124, 2, 0
125, 1, -1
124, 2, 0
125, 1, 0
126, 2, -1
124, 1, 0
125, 2, 0
125, 1, -1
125, 1, 0
126, 2, 0
124, 1, -1
147, 2, 0
103, 1, 0
125, 2, -1
127, 1, 0
124, 2, 0
124, 1, -1
125, 2, 0
125, 1, 0
125, 1, -1
125, 2, 0
125, 1, 0
126, 2, -1
124, 1, 0
125, 2, 0
125, 1, -1
125, 1, 0
209, 1, 0
44, 2, 0
140, 1, -1
111, 2, 0
124, 1, 0
125, 1, -1
125, 2, 0
125, 1, 0
125, 2, -1
125, 1, 0
125, 1, 0
126, 1, 0
126, 2, -1
124, 1, 0
126, 2, -1
124, 1, 0
125, 1, 0
124, 1, 0
125, 2, -1
125, 1, 0
125, 1, 0
126, 2, -1
123, 1, 0
125, 2, 0
125, 1, -1
126, 1, 0
125, 1, 0
125, 1, 0
125, 2, -1
125, 1, 0
125, 1, 0
125, 1, -1
125, 2, 0
125, 1, 0
125, 2, -1
244, 2, 0
131, 1, 0
125, 1, -1
125, 1, 0
125, 1, 0
125, 2, -1
125, 1, 0
124, 1, 0
126, 1, -1
125, 2, 0
125, 1, 0
124, 1, 0
126, 1, -1
125, 2, 0
125, 1, 0
140, 1, 0
107, 1, -1
124, 1, 0
125, 1, -1
126, 1, 0
146, 2, 0
103, 1, 0
125, 1, -1
125, 1, 0
125, 1, 0
125, 1, 0
125, 1, -1
126, 2, 0
247, 2, -1
128, 1, 0
124, 1, 0
125, 1, 0
125, 1, -1
125, 1, 0
126, 1, 0
335, 1, 0
166, 1, -1
124, 4, 0
125, 0, -1
125, 2, 0
125, 1, 0
135, 1, -1
114, 1, 0
126, 1, 0
124, 1, 0
125, 1, -1
125, 1, 0
125, 1, 0
125, 1, 0
125, 1, 0
126, 1, -1
124, 1, 0
126, 1, 0
125, 1, -1
124, 1, 0
126, 1, 0
124, 1, 0
125, 1, -1
247, 1, 0
128, 1, 0
125, 1, -1
126, 1, 0
124, 1, 0
125, 1, 0
146, 1, -1
104, 1, 0
126, 1, 0
124, 1, 0
126, 0, -1
125, 2, 0
248, 1, 0
126, 1, 0
125, 1, -1
125, 1, 0
125, 1, 0
248, 2, -1
249, 1, 0
128, 1, 0
125, 1, -1
125, 1, 0
248, 1, 0
127, 1, 0
125, 1, -1
248, 1, 0
127, 1, 0
179, 1, -1
92, 1, 0
228, 1, 0
133, 1, 0
122, 1, -1
244, 1, 0
131, 1, 0
244, 1, -1
131, 1, 0
125, 1, 0
244, 1, 0
131, 0, -1
125, 1, 0
125, 1, 0
125, 1, 0
246, 1, -1
249, 1, 0
130, 1, 0
244, 1, -1
250, 1, 0
131, 1, 0
243, 1, 0
132, 1, -1
244, 1, 0
410, 1, 0
103, 0, -1
117, 1, 0
126, 1, 0
244, 1, 0
250, 1, -1
249, 1, 0
251, 1, 0
250, 1, -1
376, 1, 0
249, 1, 0
250, 1, 0
128, 0, -1
247, 1, 0
375, 1, 0
250, 1, -1
375, 1, 0
410, 1, 0
215, 0, -1
128, 1, 0
645, 1, 0
230, 1, 0
124, 0, -1
530, 1, 0
497, 1, -1
626, 1, 0
874, 1, -1
877, 1, 0
671, 0, -1
954, 1, 0
1628, 0, -1
4343, -1, -1
1289, -1, 0
208, 0, -1
807, -1, 0
698, 0, -1
249, -1, 0
627, -1, 0
416, 0, -1
329, -1, 0
629, -1, -1
498, -1, 0
531, -1, 0
217, 0, -1
376, -1, 0
375, -1, 0
555, -1, -1
479, -1, 0
341, -1, -1
376, -1, 0
411, -1, 0
395, -1, 0
70, 0, -1
247, -1, 0
376, -1, 0
410, -1, -1
215, -1, 0
415, -1, 0
407, -1, 0
178, -1, -1
249, -1, 0
411, -1, 0
214, -1, 0
413, -1, -1
90, -1, 0
408, -1, 0
215, -1, 0
250, -1, 0
250, -1, 0
127, 0, -1
125, -1, 0
247, -1, 0
251, -1, 0
250, -1, 0
249, -1, 0
250, -1, 0
252, -1, -1
132, -1, 0
242, -1, 0
249, -1, 0
250, -1, 0
250, -1, 0
249, -1, 0
128, -1, 0
248, -1, 0
249, -1, 0
128, -1, 0
248, -1, 0
131, 0, -1
122, -1, 0
125, -1, 0
247, -1, 0
127, -1, 0
247, -1, 0
128, -1, 0
249, -1, 0
248, -1, 0
129, -1, 0
124, -1, 0
247, -1, 0
128, -1, 0
247, -1, 0
128, -1, 0
455, -1, 0
171, -1, 0
124, -2, 0
125, -1, 0
248, -1, 0
128, -1, 0
124, -1, 0
247, -1, 0
129, -1, 0
124, -1, 0
125, -1, 0
247, -1, 0
128, -1, 0
125, -1, 0
247, -1, 0
128, -1, 0
126, -1, 0
124, -1, 0
247, -1, 0
128, -1, 0
140, -1, 0
114, -1, 0
143, -1, 0
226, -1, 0
130, -1, 0
125, -1, 0
125, -1, 0
125, -1, 0
126, -1, 0
244, -2, 0
249, -1, 0
131, -1, 0
125, -1, 0
125, -1, 0
128, -1, 0
125, -1, 0
246, -2, 0
250, -2, 0
249, -1, 0
130, -1, 1
129, -1, 0
122, -1, 0
122, -1, 0
128, -1, 0
124, -1, 0
125, -1, 0
125, -1, 0
125, -1, 0
125, -1, 0
126, -1, 1
125, -1, 0
126, -1, 0
124, -1, 0
123, -1, 0
123, -1, 0
126, -1, 0
125, -1, 0
125, -1, 0
124, -1, 0
126, -1, 1
125, -1, 0
125, -1, 0
124, -2, 0
244, -2, 0
129, -1, 0
246, -2, 0
129, -1, 1
124, -1, 0
126, -1, 0
124, -1, 0
125, -1, 0
126, -1, 0
124, -1, 1
125, -2, 0
125, -1, 0
126, -1, 0
125, -1, 0
124, -1, 0
125, -1, 1
125, -1, 0
125, -2, 0
125, -1, 0
125, -1, 0
125, -1, 0
125, -2, 0
125, 0, 1
125, -1, 0
125, -2, 0
125, -1, 0
125, -1, 0
125, -1, 0
125, -2, 1
125, -1, 0
125, -1, 0
125, -1, 0
125, -2, 0
125, -1, 0
125, -1, 1
125, -1, 0
125, -1, 0
125, -2, 0
125, -1, 0
128, -1, 1
123, -1, 0
124, -2, 0
125, -1, 0
125, -2, 0
247, -2, 1
128, -1, 0
126, -1, 0
125, -2, 0
124, -1, 1
125, -1, 0
125, -1, 0
125, -2, 0
125, -1, 0
126, -2, 1
124, -1, 0
236, -1, 0
265, -1, 0
125, -4, 1
124, -2, 0
125, -1, 0
125, -1, 1
125, -2, 0
125, -1, 0
125, -1, 0
125, -2, 1
125, -1, 0
126, -1, 0
124, -2, 0
125, -1, 0
126, -2, 1
124, -1, 0
125, -2, 0
125, -1, 1
125, -1, 0
125, -1, 0
125, -2, 0
125, -1, 0
125, -1, 1
125, -2, 0
125, -1, 0
125, -2, 1
125, -1, 0
125, -2, 0
125, -1, 0
125, -2, 1
125, -1, 0
125, -2, 0
125, -1, 0
125, -1, 1
125, -2, 0
125, -1, 0
125, -2, 1
125, -1, 0
125, -2, 0
125, -1, 0
126, -2, 1
124, -1, 0
125, -2, 0
125, -1, 1
125, -1, 0
125, -2, 0
126, -1, 0
124, -2, 1
125, -1, 0
126, -2, 0
124, -1, 1
125, -2, 0
201, -1, 0
63, -2, 1
114, -1, 0
126, -1, 0
123, -2, 0
126, -1, 1
124, -2, 0
128, -1, 0
124, -2, 1
124, -1, 0
125, -2, 0
124, -2, 1
127, -1, 0
126, -2, 0
128, -2, 1
121, -1, 0
125, -1, 0
125, -2, 0
125, -1, 1
142, -2, 0
108, -2, 0
124, -2, 1
126, -1, 0
124, -2, 0
125, -1, 1
128, -1, 0
124, -2, 0
124, -1, 0
125, -2, 1
125, -2, 0
125, -1, 1
125, -2, 0
125, -2, 0
125, -1, 1
126, -2, 0
124, -1, 0
125, -2, 1
124, -1, 0
125, -2, 0
126, -2, 1
125, -1, 0
124, -2, 0
126, -1, 1
125, -2, 0
125, -2, 0
129, -1, 1
123, -2, 0
124, -2, 0
124, -1, 1
125, -1, 0
125, -2, 1
150, -2, 0
96, -2, 0
125, -1, 1
138, -2, 0
112, -1, 0
126, -2, 1
125, -2, 0
125, -2, 1
125, -1, 0
124, -1, 0
126, -2, 1
124, -2, 0
125, -2, 0
126, -1, 1
124, -2, 0
125, -1, 0
126, -3, 1
124, -1, 0
126, -2, 0
125, -1, 1
125, -2, 0
124, -2, 0
126, -1, 1
125, -2, 0
125, -1, 1
125, -2, 0
124, -2, 0
126, -2, 1
283, -1, 0
217, -2, 1
124, -5, 1
125, -1, 0
125, -3, 0
125, -1, 1
125, -2, 0
125, -1, 1
125, -3, 0
125, -1, 0
125, -2, 1
127, -1, 0
123, -3, 1
125, -1, 0
128, -1, 0
123, -2, 1
124, -2, 0
125, -2, 1
187, -1, 0
66, -2, 0
128, -2, 1
125, -2, 0
131, -1, 0
116, -2, 1
125, -2, 0
125, -2, 1
125, -1, 0
126, -2, 0
125, -2, 1
126, -1, 0
124, -2, 1
125, -2, 0
124, -2, 0
126, -1, 1
124, -2, 0
126, -2, 1
124, -1, 0
125, -2, 0
125, -2, 1
127, -2, 0
126, -1, 0
124, -2, 1
124, -2, 0
126, -2, 1
123, -1, 0
125, -3, 1
126, -1, 0
125, -2, 0
125, -1, 1
126, -2, 0
123, -2, 1
124, -2, 0
126, -2, 0
130, -1, 1
122, -2, 0
126, -2, 0
126, -2, 1
124, -1, 0
124, -2, 1
131, -2, 0
122, -1, 0
132, -2, 1
127, -2, 0
115, -2, 1
124, -1, 0
125, -2, 1
124, -2, 0
125, -2, 0
126, -1, 1
140, -3, 0
107, -1, 1
124, -1, 0
124, -3, 0
126, -1, 1
124, -2, 0
126, -2, 1
124, -2, 0
126, -1, 0
125, -2, 1
124, -2, 0
127, -2, 1
124, -2, 0
124, -1, 0
126, -2, 1
125, -2, 0
125, -2, 1
125, -1, 0
126, -2, 0
123, -2, 1
127, -2, 0
124, -1, 1
125, -3, 0
127, -1, 0
124, -1, 1
126, -3, 0
125, -1, 1
123, -2, 0
125, -2, 0
125, -2, 1
124, -1, 0
126, -2, 1
124, -2, 0
125, -2, 1
125, -1, 0
126, -2, 0
125, -2, 1
124, -1, 0
126, -3, 1
125, -1, 0
125, -2, 0
124, -2, 1
125, -2, 0
126, -1, 0
124, -2, 1
125, -2, 0
125, -1, 1
125, -2, 0
126, -2, 0
124, -2, 1
126, -2, 0
124, -2, 1
127, -1, 0
124, -2, 1
129, -2, 0
120, -2, 0
126, -1, 1
124, -2, 0
126, -2, 1
124, -1, 0
126, -3, 0
124, -1, 1
329, -2, 0
173, -2, 0
130, -5, 2
118, -2, 0
126, -1, 0
124, -2, 1
125, -2, 0
126, -2, 1
124, -1, 0
125, -3, 0
125, -1, 1
125, -2, 0
126, -1, 1
125, -3, 0
124, -1, 0
125, -1, 1
125, -3, 0
126, -1, 0
124, -2, 1
126, -1, 0
125, -3, 1
125, -1, 0
125, -2, 1
124, -2, 0
125, -2, 0
125, -1, 1
125, -2, 0
126, -2, 0
124, -1, 1
125, -2, 0
184, -2, 1
69, -2, 0
128, -1, 0
144, -2, 1
105, -2, 0
124, -2, 1
125, -1, 0
125, -1, 0
125, -2, 1
125, -2, 0
125, -2, 0
125, -1, 1
125, -2, 0
125, -2, 1
123, -2, 0
125, -1, 0
125, -2, 1
125, -2, 0
124, -1, 0
125, -2, 1
126, -1, 0
124, -3, 1
125, -1, 0
125, -2, 0
126, -1, 1
125, -2, 0
125, -2, 0
124, -2, 1
125, -1, 0
125, -1, 1
126, -2, 0
125, -2, 0
124, -2, 1
125, -1, 0
125, -2, 0
126, -2, 1
125, -2, 0
125, -1, 0
125, -2, 1
125, -1, 0
130, -2, 0
120, -1, 1
125, -2, 0
128, -2, 0
122, -1, 1
125, -2, 0
124, -1, 0
126, -2, 1
140, -2, 0
111, -2, 1
128, -1, 0
117, -1, 0
125, -2, 1
125, -2, 0
126, -1, 0
124, -2, 0
125, -2, 1
126, -1, 0
125, -2, 0
125, -1, 1
125, -2, 0
125, -1, 0
125, -2, 1
125, -2, 0
125, -1, 0
125, -2, 1
125, -1, 0
125, -2, 0
125, -1, 1
128, -2, 0
122, -1, 0
125, -2, 1
125, -2, 0
125, -1, 0
125, -2, 1
125, -1, 0
125, -2, 0
125, -1, 1
125, -2, 0
125, -1, 0
125, -2, 1
125, -1, 0
125, -2, 0
125, -1, 0
125, -2, 1
125, -1, 0
125, -1, 0
125, -2, 1
125, -1, 0
125, -2, 0
125, -2, 1
125, -1, 0
125, -1, 0
125, -2, 1
125, -1, 0
125, -2, 0
124, -1, 0
125, -2, 0
125, -1, 1
125, -1, 0
126, -2, 0
124, -1, 1
234, -2, 0
20, -1, 0
128, -2, 1
118, -1, 0
125, -2, 0
125, -1, 0
125, -1, 1
125, -2, 0
125, -1, 0
125, -2, 0
125, -1, 1
125, -2, 0
125, -1, 0
125, -1, 1
125, -2, 0
125, -1, 0
126, -1, 0
124, -1, 0
126, -2, 1
125, -1, 0
124, -2, 0
125, -1, 1
125, -1, 0
125, -2, 0
125, -1, 0
125, -1, 1
125, -2, 0
125, -1, 0
125, -1, 0
125, -2, 1
125, -1, 0
125, -1, 0
145, -1, 0
108, -2, 1
133, -1, 0
117, -2, 0
125, -1, 0
125, -1, 1
125, -1, 0
125, -1, 0
125, -2, 0
125, -1, 0
125, -1, 1
125, -1, 0
125, -2, 0
125, -1, 0
125, -2, 0
125, 0, 1
125, -2, 0
125, -1, 0
125, -1, 0
125, -1, 0
125, -1, 1
125, -2, 0
125, -1, 0
125, -1, 0
125, -1, 0
125, -2, 1
125, -1, 0
125, -1, 0
125, -1, 0
126, -1, 0
124, -1, 1
126, -1, 0
125, -2, 0
125, -1, 0
124, -1, 0
127, -1, 1
124, -1, 0
124, -1, 0
125, -1, 0
125, -1, 0
125, -1, 0
126, -1, 1
124, -1, 0
125, -2, 0
126, -1, 0
126, -1, 0
124, -1, 0
125, -1, 0
124, -1, 1
125, -1, 0
125, -1, 0
123, -1, 0
124, -1, 0
124, -1, 0
126, -1, 1
125, -1, 0
125, -1, 0
125, -1, 0
125, -1, 0
125, -1, 0
125, -1, 0
125, -1, 1
125, -1, 0
125, -1, 0
125, -1, 0
128, -1, 0
140, -1, 0
110, -1, 0
125, -1, 1
124, -1, 0
123, -1, 0
126, -1, 0
247, -1, 0
128, -1, 0
125, -1, 0
125, -1, 0
127, -1, 1
125, -1, 0
123, -1, 0
125, -1, 0
270, -2, 0
227, -1, 0
128, -1, 0
126, -1, 0
246, -1, 0
128, -1, 1
134, -1, 0
116, -1, 0
125, -1, 0
247, -1, 0
128, -1, 0
125, -1, 0
263, -1, 1
112, -1, 0
125, -1, 0
281, -1, 0
103, -1, 0
124, -1, 0
238, -1, 0
128, -1, 0
247, -1, 0
128, -1, 0
248, -1, 0
127, -1, 0
247, -1, 1
128, -1, 0
247, -1, 0
128, -1, 0
247, -1, 0
128, -1, 0
247, -1, 0
250, -1, 0
251, -1, 0
127, -1, 0
248, -1, 0
249, -1, 0
250, -1, 0
250, -1, 0
250, -1, 0
250, -1, 0
250, -1, 0
250, -1, 0
250, -1, 0
410, -1, 0
217, -1, 0
373, -1, 0
250, -1, 0
409, -1, 0
216, -1, 0
407, -1, 0
343, -1, 0
407, -1, 0
343, -1, 0
535, -1, 0
467, -1, 0
432, -1, 0
693, -1, 0
657, -1, 0
98, 0, -1
527, -1, 0
902, -1, 0
1250, -1, 0
731, 0, -1
709, -1, 0
11315, 0, -1
2477, 1, 0
1510, 1, 0
845, 1, 0
903, 1, 0
729, 1, -1
613, 1, 0
503, 1, 0
503, 1, 0
494, 1, 0
503, 1, 0
127, 0, -1
263, 1, 0
495, 1, 0
240, 1, 0
500, 1, 0
248, 1, 0
127, 0, -1
247, 1, 0
248, 1, 0
540, 1, 0
211, 1, 0
133, 0, -1
119, 1, 0
375, 1, 0
249, 1, 0
249, 1, 0
128, 0, -1
126, 1, 0
247, 1, 0
249, 1, 0
250, 1, 0
250, 1, -1
251, 1, 0
249, 1, 0
249, 1, 0
128, 1, 0
248, 1, 0
133, 0, -1
122, 1, 0
250, 1, 0
249, 1, 0
124, 1, 0
249, 1, -1
127, 1, 0
246, 1, 0
250, 1, 0
127, 1, 0
250, 1, -1
248, 1, 0
128, 1, 0
128, 1, 0
244, 1, 0
126, 1, 0
128, 0, -1
124, 1, 0
125, 1, 0
124, 1, 0
249, 1, 0
250, 2, -1
250, 1, 0
249, 1, 0
129, 1, 0
124, 1, -1
247, 1, 0
127, 1, 0
126, 1, 0
124, 1, 0
126, 0, -1
125, 1, 0
125, 1, 0
125, 1, 0
125, 1, 0
247, 1, 0
129, 1, -1
124, 1, 0
125, 1, 0
336, 1, 0
164, 1, -1
125, 2, 0
124, 1, 0
125, 1, 0
124, 1, 0
250, 1, 0
127, 1, -1
125, 1, 0
124, 1, 0
127, 1, 0
124, 1, 0
125, 1, 0
125, 1, -1
124, 1, 0
125, 1, 0
249, 2, 0
250, 1, -1
126, 1, 0
125, 1, 0
126, 1, 0
125, 1, 0
124, 1, 0
125, 1, -1
125, 1, 0
132, 1, 0
126, 1, 0
119, 1, 0
135, 1, -1
118, 1, 0
123, 1, 0
124, 1, 0
128, 1, 0
122, 1, 0
126, 2, -1
124, 1, 0
246, 2, 0
252, 2, -1
127, 1, 0
126, 1, 0
124, 1, 0
124, 1, 0
125, 1, 0
126, 1, -1
124, 1, 0
126, 1, 0
127, 2, 0
123, 1, 0
145, 1, -1
127, 1, 0
109, 1, 0
118, 1, 0
125, 1, 0
123, 1, 0
126, 2, -1
125, 1, 0
124, 1, 0
126, 1, 0
124, 1, 0
127, 2, -1
125, 1, 0
123, 1, 0
125, 1, 0
125, 1, 0
125, 1, -1
126, 2, 0
125, 1, 0
124, 1, 0
125, 1, 0
125, 1, 0
127, 2, -1
123, 1, 0
126, 1, 0
124, 1, 0
127, 2, 0
125, 1, -1
125, 1, 0
124, 1, 0
125, 2, 0
124, 1, 0
125, 1, 0
127, 2, -1
124, 1, 0
124, 1, 0
125, 1, 0
126, 2, -1
124, 1, 0
125, 1, 0
126, 2, 0
124, 1, 0
125, 1, -1
126, 1, 0
125, 2, 0
125, 1, 0
124, 2, 0
126, 1, 0
125, 1, -1
125, 2, 0
124, 1, 0
126, 1, 0
129, 2, -1
121, 1, 0
124, 1, 0
124, 2, 0
124, 1, 0
127, 2, -1
123, 1, 0
126, 2, 0
124, 1, 0
125, 2, 0
126, 1, -1
124, 2, 0
126, 1, 0
125, 1, 0
124, 2, 0
125, 1, -1
126, 2, 0
124, 1, 0
126, 2, 0
125, 1, 0
124, 2, -1
125, 1, 0
125, 2, 0
126, 1, 0
125, 1, -1
125, 2, 0
375, 1, 0
251, 2, 0
124, 6, -1
124, 1, 0
127, 2, -1
123, 1, 0
125, 2, 0
126, 2, 0
125, 1, 0
125, 2, -1
124, 1, 0
126, 2, 0
125, 1, 0
125, 2, -1
124, 1, 0
126, 2, 0
124, 2, 0
125, 1, -1
126, 2, 0
124, 1, 0
126, 2, 0
124, 1, -1
126, 2, 0
125, 1, 0
124, 2, 0
126, 2, -1
125, 2, 0
126, 1, 0
124, 2, 0
126, 1, -1
124, 2, 0
125, 2, 0
125, 1, 0
125, 2, -1
124, 1, 0
125, 2, 0
126, 2, 0
125, 2, -1
124, 1, 0
125, 2, 0
125, 1, 0
126, 2, -1
124, 2, 0
125, 1, 0
125, 2, 0
126, 2, -1
125, 2, 0
125, 1, 0
125, 2, -1
125, 2, 0
124, 2, 0
125, 1, 0
125, 2, 0
126, 2, -1
125, 1, 0
125, 2, 0
124, 2, 0
126, 2, -1
124, 1, 0
126, 2, 0
125, 2, 0
125, 2, -1
125, 1, 0
124, 2, 0
125, 2, 0
125, 1, -1
125, 2, 0
125, 2, 0
126, 2, -1
124, 1, 0
125, 2, 0
126, 2, 0
124, 2, -1
125, 1, 0
126, 2, 0
124, 2, -1
125, 1, 0
132, 2, 0
139, 2, 0
131, 2, -1
110, 1, 0
128, 3, 0
128, 1, 0
117, 2, -1
125, 2, 0
130, 2, 0
116, 1, -1
125, 2, 0
129, 2, 0
122, 2, 0
128, 2, -1
122, 1, 0
125, 2, -1
122, 2, 0
125, 2, 0
125, 1, 0
126, 3, -1
124, 1, 0
134, 3, 0
119, 1, 0
123, 2, -1
124, 2, 0
125, 1, 0
126, 2, -1
124, 2, 0
126, 2, 0
129, 2, -1
122, 2, 0
123, 2, 0
125, 2, -1
126, 1, 0
124, 2, 0
125, 2, 0
126, 2, -1
124, 2, 0
130, 1, 0
121, 3, -1
124, 1, 0
125, 2, 0
126, 2, -1
125, 2, 0
127, 2, 0
120, 1, -1
128, 3, 0
123, 1, 0
124, 2, 0
125, 2, -1
126, 2, 0
124, 2, -1
125, 2, 0
126, 2, 0
315, 2, -1
194, 1, 0
135, 6, -1
110, 2, 0
123, 2, -1
125, 2, 0
127, 2, 0
123, 2, 0
125, 2, -1
125, 2, 0
124, 2, 0
127, 1, -1
127, 2, 0
119, 2, 0
126, 2, -1
123, 2, 0
126, 2, 0
126, 2, -1
124, 2, 0
124, 2, 0
126, 2, -1
125, 1, 0
128, 2, 0
127, 2, -1
120, 2, 0
124, 2, 0
135, 2, -1
116, 2, 0
124, 2, 0
127, 2, -1
142, 2, 0
112, 2, -1
122, 2, 0
123, 1, 0
125, 2, -1
126, 2, 0
124, 3, 0
126, 1, -1
133, 3, 0
118, 1, 0
146, 2, -1
101, 2, 0
125, 2, 0
123, 2, -1
125, 2, 0
125, 2, 0
125, 1, -1
126, 3, 0
155, 1, 0
102, 2, -1
125, 2, 0
125, 2, 0
125, 2, -1
131, 2, 0
120, 2, 0
126, 2, -1
137, 2, 0
177, 1, 0
82, 3, -1
107, 1, 0
129, 3, 0
122, 1, -1
127, 3, 0
124, 1, 0
127, 3, -1
123, 1, 0
125, 2, -1
126, 2, 0
123, 2, 0
126, 2, -1
124, 2, 0
126, 2, 0
136, 1, -1
116, 3, 0
128, 1, 0
123, 3, -1
130, 1, 0
129, 2, 0
166, 2, -1
73, 2, 0
144, 2, -1
109, 1, 0
98, 3, 0
124, 1, 0
127, 3, -1
123, 1, 0
125, 2, -1
125, 2, 0
125, 2, 0
125, 2, -1
125, 2, 0
125, 2, 0
125, 1, -1
125, 3, 0
125, 1, 0
125, 2, -1
125, 2, 0
125, 2, -1
125, 2, 0
124, 2, 0
126, 2, -1
125, 2, 0
125, 2, 0
125, 1, -1
125, 2, 0
125, 2, 0
131, 2, -1
118, 2, 0
125, 2, -1
124, 2, 0
125, 2, 0
125, 1, -1
125, 3, 0
128, 1, 0
123, 2, -1
124, 2, 0
125, 1, 0
126, 3, -1
124, 1, 0
125, 3, -1
125, 1, 0
125, 2, 0
125, 2, -1
125, 2, 0
125, 1, 0
125, 2, 0
125, 2, -1
125, 2, 0
125, 2, -1
125, 2, 0
126, 2, 0
286, 1, -1
215, 3, 0
124, 5, -1
141, 2, -1
108, 1, 0
125, 2, 0
126, 2, -1
124, 2, 0
125, 2, 0
125, 1, -1
125, 3, 0
125, 1, 0
125, 2, -1
125, 2, 0
126, 2, -1
124, 1, 0
125, 2, 0
125, 2, -1
125, 2, 0
125, 2, 0
125, 1, 0
125, 2, -1
125, 2, 0
125, 2, -1
125, 1, 0
125, 2, 0
123, 2, -1
129, 1, 0
124, 2, 0
124, 2, -1
125, 2, 0
125, 1, 0
125, 3, -1
125, 1, 0
125, 2, -1
125, 2, 0
124, 2, 0
126, 1, -1
125, 2, 0
125, 2, 0
125, 1, -1
124, 2, 0
126, 1, 0
125, 3, -1
125, 1, 0
125, 2, 0
125, 1, -1
125, 3, 0
125, 1, 0
125, 2, -1
125, 1, 0
125, 2, -1
125, 2, 0
125, 1, 0
125, 2, -1
125, 1, 0
125, 2, 0
125, 2, -1
125, 2, 0
125, 1, 0
125, 2, -1
125, 2, 0
125, 1, 0
125, 2, -1
125, 1, 0
125, 2, 0
125, 2, -1
125, 2, 0
124, 1, 0
126, 2, -1
125, 1, 0
125, 2, 0
125, 2, -1
125, 1, 0
125, 2, -1
124, 1, 0
126, 2, 0
125, 1, 0
125, 2, -1
125, 1, 0
125, 2, 0
125, 2, -1
125, 1, 0
124, 2, -1
126, 1, 0
125, 2, 0
124, 1, 0
126, 2, -1
124, 1, 0
126, 2, -1
125, 1, 0
127, 2, 0
128, 2, -1
121, 1, 0
165, 2, 0
87, 1, -1
144, 2, 0
106, 1, 0
126, 2, -1
127, 1, 0
123, 2, 0
125, 1, -1
122, 2, 0
126, 1, 0
124, 2, -1
127, 1, 0
124, 2, 0
147, 1, 0
103, 1, -1
125, 2, 0
126, 1, 0
127, 2, -1
123, 1, 0
124, 2, 0
125, 1, -1
134, 2, 0
134, 1, 0
108, 2, -1
125, 1, 0
125, 1, 0
124, 1, -1
126, 2, 0
124, 1, -1
126, 1, 0
125, 2, 0
124, 1, 0
126, 2, -1
125, 1, 0
125, 2, 0
124, 1, -1
126, 1, 0
714, 1, 0
163, 2, -1
124, 8, -2
126, 1, 0
124, 1, 0
124, 1, 0
125, 2, -1
125, 1, 0
125, 1, 0
123, 2, -1
124, 1, 0
125, 1, 0
125, 2, 0
126, 1, -1
124, 1, 0
125, 1, 0
125, 2, -1
125, 1, 0
125, 1, 0
125, 1, -1
125, 1, 0
125, 2, 0
248, 2, -1
136, 1, 0
117, 1, 0
126, 1, 0
123, 2, -1
248, 1, 0
127, 2, -1
125, 1, 0
125, 1, 0
125, 1, 0
125, 1, -1
125, 1, 0
125, 2, 0
248, 2, -1
128, 1, 0
247, 2, 0
128, 1, -1
124, 1, 0
123, 1, 0
125, 1, -1
126, 1, 0
124, 1, 0
125, 1, 0
126, 1, 0
124, 1, -1
126, 1, 0
124, 1, 0
125, 1, 0
125, 1, -1
125, 1, 0
125, 1, 0
125, 1, 0
125, 1, -1
125, 1, 0
125, 1, 0
125, 1, 0
125, 0, -1
125, 2, 0
247, 1, 0
128, 1, -1
125, 1, 0
125, 1, 0
125, 1, 0
248, 2, -1
249, 1, 0
128, 1, 0
125, 1, -1
247, 1, 0
129, 1, 0
124, 1, 0
125, 1, -1
248, 1, 0
127, 1, 0
247, 1, -1
127, 1, 0
126, 1, 0
125, 1, 0
247, 1, 0
127, 1, -1
247, 1, 0
128, 1, 0
248, 1, 0
128, 0, -1
124, 1, 0
125, 1, 0
125, 1, 0
249, 1, 0
127, 0, -1
125, 1, 0
247, 1, 0
127, 1, 0
247, 1, -1
250, 1, 0
251, 1, 0
250, 1, 0
127, 1, -1
405, 1, 0
218, 1, 0
409, 1, -1
215, 1, 0
250, 1, 0
377, 1, 0
249, 1, 0
250, 0, -1
250, 1, 0
250, 1, 0
404, 1, 0
526, 0, -1
72, 1, 0
526, 1, 0
626, 1, 0
351, 0, -1
372, 1, 0
1499, 1, 0
4528, 0, -1
1276, -1, 0
1324, -1, 0
887, -1, -1
736, -1, 0
625, -1, 0
661, -1, -1
521, -1, 0
761, -1, 0
184, -1, 0
371, -1, 0
128, 0, -1
400, -1, 0
222, -1, 0
375, -1, 0
531, -1, 0
219, -1, -1
250, -1, 0
377, -1, 0
248, -1, 0
251, -1, 0
374, -1, 0
249, -1, 0
251, -1, 0
252, -1, 0
250, -1, 0
128, 0, -1
129, -1, 0
243, -1, 0
248, -1, 0
250, -1, 0
250, -1, 0
127, -1, 0
248, -1, 0
251, -1, 0
127, -1, 0
246, -1, 0
129, -1, 0
246, -1, 0
251, -1, 0
128, -1, 0
247, -1, 0
250, -1, 0
127, -1, 0
125, -1, 0
248, -1, 0
127, -1, 0
248, -1, 0
127, -1, 0
247, -1, 0
163, -1, 0
116, -1, 0
221, -1, 0
131, -1, 0
125, -1, 0
129, -1, 0
240, -1, 0
131, -1, 0
244, -2, 0
251, -1, 0
130, -1, 0
126, -1, 0
244, -2, 0
250, -1, 0
131, -1, 0
125, -1, 0
124, -1, 0
126, -1, 0
125, -1, 1
244, -1, 0
130, -1, 0
126, -1, 0
124, -1, 0
127, -1, 0
126, -1, 0
125, -1, 0
124, -1, 0
124, -1, 1
124, -1, 0
244, -2, 0
250, -2, 0
251, -1, 0
131, -1, 0
124, -1, 0
125, -1, 0
126, -1, 1
126, -2, 0
246, -1, 0
130, -1, 0
126, -2, 1
436, -2, 0
184, -1, 0
124, -3, 0
125, -1, 1
125, -1, 0
125, -1, 0
125, -1, 0
125, -1, 0
125, -1, 0
128, -2, 1
122, -1, 0
125, -1, 0
125, -1, 0
125, -1, 0
125, -1, 0
125, -1, 1
125, -2, 0
125, -1, 0
126, -1, 0
124, -1, 0
125, -2, 0
125, -1, 1
125, -1, 0
125, -1, 0
125, -1, 0
126, -2, 0
125, -1, 1
125, -1, 0
125, -1, 0
124, -1, 0
125, -2, 0
126, -1, 1
124, -1, 0
125, -2, 0
125, -1, 0
125, -1, 0
125, -1, 1
125, -1, 0
125, -2, 0
125, -1, 0
125, -2, 1
125, -1, 0
125, -1, 0
125, -2, 0
125, -1, 1
126, -1, 0
124, -2, 0
125, -1, 0
125, -1, 0
125, -2, 1
125, -1, 0
125, -2, 0
125, -1, 0
125, -2, 1
125, -1, 0
125, -2, 0
125, -1, 1
125, -1, 0
125, -2, 0
125, -1, 0
125, -2, 1
125, -1, 0
125, -2, 0
125, -1, 1
125, -2, 0
125, -1, 0
125, -2, 0
125, -1, 1
125, -1, 0
125, -2, 0
125, -1, 0
125, -2, 1
125, -1, 0
125, -2, 1
125, -2, 0
125, -1, 0
126, -2, 0
124, -2, 1
125, -1, 0
125, -1, 0
127, -2, 1
124, -1, 0
123, -2, 0
125, -2, 0
125, -2, 1
129, -1, 0
122, -2, 0
125, -1, 1
126, -2, 0
124, -1, 0
125, -2, 1
124, -2, 0
126, -1, 0
125, -2, 1
125, -1, 0
125, -2, 0
125, -2, 1
125, -2, 0
125, -1, 1
125, -2, 0
124, -1, 0
126, -2, 1
125, -2, 0
125, -1, 0
125, -2, 1
125, -2, 0
125, -2, 1
125, -1, 0
125, -2, 0
124, -2, 0
126, -2, 1
124, -1, 0
126, -2, 1
125, -2, 0
125, -1, 0
125, -2, 1
125, -2, 0
124, -2, 0
126, -1, 1
125, -2, 0
124, -2, 0
126, -2, 1
124, -2, 0
126, -2, 1
124, -1, 0
126, -2, 0
125, -2, 1
125, -1, 0
125, -2, 0
125, -2, 1
124, -2, 0
125, -2, 1
246, -2, 0
258, -1, 0
121, -6, 2
125, -2, 0
125, -1, 0
125, -3, 1
125, -1, 0
125, -2, 1
125, -2, 0
125, -2, 0
125, -2, 1
125, -2, 0
126, -2, 1
125, -1, 0
126, -2, 1
123, -2, 0
125, -2, 0
125, -2, 1
150, -2, 0
112, -2, 1
121, -2, 0
120, -2, 0
124, -2, 1
125, -2, 0
138, -1, 1
113, -2, 0
125, -2, 0
125, -3, 1
124, -1, 0
128, -2, 1
125, -2, 0
126, -2, 1
125, -2, 0
128, -2, 1
125, -2, 0
127, -1, 0
139, -3, 1
129, -2, 0
104, -2, 1
124, -2, 0
124, -2, 1
124, -1, 0
127, -3, 1
125, -1, 0
124, -3, 1
125, -1, 0
125, -2, 0
124, -2, 1
125, -2, 0
125, -3, 1
126, -1, 0
124, -3, 1
125, -1, 0
126, -3, 0
125, -1, 1
125, -3, 0
124, -2, 1
126, -1, 0
124, -3, 1
125, -1, 0
126, -3, 1
124, -2, 0
126, -2, 1
124, -2, 0
126, -2, 1
125, -2, 0
126, -2, 0
125, -2, 1
125, -3, 0
120, -1, 1
126, -2, 0
125, -2, 1
124, -2, 0
125, -2, 1
125, -2, 0
125, -3, 1
124, -1, 0
126, -3, 1
125, -2, 0
125, -2, 1
125, -2, 0
124, -2, 0
126, -2, 1
124, -2, 0
126, -2, 1
125, -2, 0
125, -3, 1
125, -1, 0
125, -3, 1
125, -2, 0
125, -2, 1
125, -2, 0
125, -2, 0
125, -2, 1
125, -2, 1
124, -3, 0
126, -1, 1
124, -3, 0
127, -2, 1
122, -2, 0
125, -2, 1
125, -3, 0
135, -1, 1
135, -2, 0
109, -3, 0
124, -1, 1
134, -3, 0
120, -2, 1
130, -2, 0
119, -2, 1
125, -3, 0
126, -1, 1
129, -3, 0
120, -2, 1
122, -2, 0
124, -2, 1
125, -2, 0
125, -2, 1
125, -2, 0
126, -3, 1
125, -1, 0
124, -3, 1
125, -2, 0
125, -2, 1
125, -2, 0
126, -3, 1
124, -1, 0
125, -2, 1
125, -3, 0
126, -1, 1
124, -3, 0
290, -2, 1
215, -3, 0
118, -6, 2
125, -2, 0
126, -2, 1
124, -2, 0
125, -3, 1
125, -1, 0
125, -3, 1
126, -2, 0
125, -3, 1
124, -1, 0
126, -3, 1
125, -2, 0
125, -2, 1
125, -2, 0
125, -2, 1
125, -3, 0
124, -1, 1
125, -3, 0
125, -2, 1
126, -2, 0
124, -2, 1
125, -3, 0
125, -1, 0
125, -3, 1
125, -2, 1
126, -2, 0
124, -2, 1
125, -2, 0
125, -3, 1
125, -2, 0
125, -2, 1
125, -2, 0
125, -3, 1
125, -1, 0
125, -3, 1
126, -2, 0
138, -2, 0
121, -2, 1
124, -2, 0
164, -2, 1
96, -2, 0
116, -3, 1
122, -2, 0
126, -2, 1
122, -2, 0
125, -3, 1
128, -2, 0
124, -2, 1
124, -2, 0
124, -2, 1
125, -2, 0
133, -2, 1
118, -3, 0
125, -2, 1
124, -2, 0
126, -2, 1
124, -3, 0
126, -1, 1
124, -3, 0
125, -2, 1
126, -1, 0
125, -3, 1
124, -2, 0
125, -3, 1
125, -1, 0
125, -3, 1
125, -1, 0
125, -3, 1
126, -2, 0
124, -2, 0
125, -2, 1
125, -2, 0
125, -3, 1
137, -1, 0
113, -3, 1
125, -2, 0
126, -2, 1
125, -2, 0
125, -3, 0
125, -1, 1
126, -3, 0
122, -2, 1
127, -1, 0
124, -3, 1
125, -2, 0
125, -2, 1
125, -2, 0
123, -2, 1
132, -2, 0
119, -3, 1
126, -1, 0
126, -3, 0
123, -2, 1
125, -2, 0
125, -2, 1
125, -1, 0
124, -3, 1
126, -2, 0
124, -2, 0
126, -2, 1
124, -3, 0
126, -1, 1
124, -3, 0
126, -1, 1
124, -3, 0
127, -2, 0
124, -1, 1
125, -3, 0
125, -1, 1
124, -3, 0
126, -1, 1
124, -3, 0
126, -2, 1
124, -2, 0
125, -2, 0
125, -2, 1
125, -2, 0
126, -2, 1
124, -2, 0
126, -2, 1
124, -2, 0
125, -2, 0
126, -2, 1
124, -2, 0
125, -2, 1
125, -2, 0
125, -2, 1
126, -2, 0
125, -2, 0
321, -2, 1
181, -2, 0
129, -6, 1
117, -2, 1
126, -2, 0
125, -2, 1
145, -2, 0
103, -2, 0
126, -1, 1
123, -3, 0
126, -1, 0
124, -3, 1
126, -1, 0
124, -2, 1
124, -2, 0
125, -2, 1
126, -2, 0
124, -2, 0
126, -2, 1
124, -1, 0
125, -3, 0
126, -1, 1
125, -3, 0
124, -1, 0
126, -3, 1
124, -1, 0
125, -2, 1
126, -2, 0
125, -2, 1
124, -2, 0
126, -1, 0
125, -2, 1
124, -2, 0
125, -2, 0
125, -2, 1
125, -2, 0
125, -1, 0
125, -3, 1
125, -1, 0
126, -2, 1
124, -2, 0
125, -2, 0
125, -2, 1
125, -1, 0
126, -2, 0
124, -2, 1
125, -2, 0
126, -2, 0
125, -2, 1
124, -1, 0
125, -2, 0
125, -2, 1
125, -2, 0
125, -1, 0
126, -2, 1
128, -2, 0
122, -1, 0
124, -2, 1
125, -2, 0
131, -2, 0
158, -2, 1
91, -2, 0
125, -1, 0
126, -2, 1
123, -1, 0
125, -2, 0
126, -2, 1
126, -1, 0
124, -3, 0
124, -1, 0
126, -2, 1
124, -1, 0
125, -2, 0
125, -2, 1
125, -2, 0
125, -1, 0
125, -1, 0
125, -2, 1
125, -2, 0
125, -2, 0
125, -1, 1
126, -2, 0
124, -1, 0
125, -2, 0
125, -2, 1
125, -2, 0
125, -1, 0
125, -2, 1
125, -1, 0
125, -1, 0
125, -2, 0
125, -1, 1
125, -3, 0
125, -1, 0
125, -2, 0
125, -1, 1
125, -2, 0
125, -1, 0
125, -2, 1
125, -1, 0
125, -1, 0
125, -2, 0
135, -2, 0
115, -1, 1
125, -2, 0
125, -2, 0
125, -1, 0
125, -1, 1
125, -2, 0
125, -2, 0
125, -1, 0
123, -1, 1
124, -2, 0
125, -1, 0
125, -2, 0
125, -1, 0
125, -1, 1
125, -2, 0
125, -1, 0
125, -1, 0
125, -2, 1
125, -1, 0
125, -1, 0
125, -2, 0
125, -1, 0
128, -2, 1
122, -1, 0
125, -2, 0
125, -1, 0
125, -1, 1
125, -1, 0
125, -2, 0
235, -1, 0
267, -1, 0
122, -4, 1
125, -1, 0
125, -2, 0
128, -1, 0
122, -1, 1
125, -2, 0
125, -1, 0
125, -1, 0
125, -1, 0
125, -2, 1
125, -1, 0
125, -1, 0
125, -1, 0
125, -2, 0
247, -2, 1
128, -1, 0
125, -2, 0
247, -1, 0
128, -2, 0
125, -1, 0
125, -1, 0
125, -1, 1
125, -1, 0
126, -1, 0
124, -2, 0
125, -1, 0
125, -1, 0
126, -1, 0
124, -1, 0
125, -1, 1
125, -1, 0
125, -1, 0
125, -1, 0
125, -1, 0
125, -1, 0
125, -1, 0
124, -1, 0
126, -1, 0
125, -1, 0
124, -1, 1
126, -1, 0
125, -1, 0
125, -1, 0
125, -1, 0
125, -1, 0
125, -1, 0
125, -1, 0
125, -1, 0
125, -1, 0
136, -1, 0
114, -1, 0
125, -1, 1
248, -1, 0
186, -1, 0
99, -1, 0
97, -1, 0
125, -1, 0
124, -1, 0
125, -1, 0
244, -1, 0
131, -1, 0
125, -1, 0
125, -1, 0
244, -1, 0
131, -1, 0
125, -1, 0
125, -1, 0
244, -1, 0
131, -1, 0
125, -1, 0
246, -1, 1
129, -1, 0
244, -1, 0
131, -1, 0
244, -1, 0
131, -1, 0
124, -1, 0
245, -1, 0
250, -1, 0
131, -1, 0
244, -1, 0
250, -1, 0
250, -1, 0
131, -1, 0
244, -1, 0
250, -1, 0
250, -1, 0
257, -1, 0
250, -1, 0
244, -1, 0
249, -1, 0
417, -1, 0
208, -1, 0
250, -1, 0
418, -1, 0
332, -1, 0
416, -1, 0
94, 0, -1
260, -1, 0
356, -1, 0
537, -1, 0
501, -1, 0
497, -1, 0
107, 0, -1
667, -1, 0
777, -1, 0
789, -1, -1
1667, -1, 0
2583, 0, -1
6555, 1, 0
1445, 1, 0
1184, 1, 0
734, 1, 0
708, 1, -1
563, 1, 0
561, 1, 0
528, 1, 0
387, 1, 0
87, 0, -1
411, 1, 0
503, 1, 0
208, 1, 0
413, 1, 0
337, 1, 0
128, 0, -1
254, 1, 0
243, 1, 0
375, 1, 0
250, 1, 0
250, 1, 0
127, 0, -1
125, 1, 0
414, 1, 0
209, 1, 0
249, 1, 0
128, 0, -1
125, 1, 0
248, 1, 0
250, 1, 0
249, 1, 0
251, 1, -1
250, 1, 0
128, 1, 0
247, 1, 0
250, 1, 0
128, 1, 0
125, 0, -1
124, 1, 0
248, 1, 0
128, 1, 0
246, 1, 0
131, 1, 0
123, 0, -1
124, 1, 0
125, 1, 0
247, 1, 0
128, 1, 0
247, 1, 0
129, 1, -1
247, 1, 0
128, 1, 0
124, 1, 0
247, 1, -1
128, 1, 0
247, 1, 0
128, 1, 0
125, 1, 0
125, 0, -1
125, 1, 0
125, 1, 0
125, 1, 0
247, 1, 0
128, 1, 0
125, 1, -1
247, 1, 0
128, 1, 0
125, 1, 0
125, 1, 0
227, 1, 0
25, 1, -1
246, 1, 0
127, 1, 0
126, 1, 0
124, 1, 0
125, 1, -1
125, 1, 0
125, 1, 0
247, 1, 0
128, 1, 0
125, 1, 0
125, 1, -1
126, 1, 0
124, 1, 0
125, 1, 0
125, 1, 0
125, 1, 0
125, 1, -1
247, 1, 0
128, 1, 0
125, 1, 0
125, 1, 0
125, 1, 0
125, 1, -1
125, 1, 0
125, 1, 0
125, 1, 0
125, 1, 0
126, 1, -1
125, 2, 0
247, 1, 0
127, 1, 0
125, 1, 0
125, 1, -1
125, 1, 0
125, 1, 0
125, 1, 0
143, 2, 0
107, 0, -1
125, 2, 0
125, 1, 0
125, 1, 0
125, 1, 0
125, 1, 0
125, 1, 0
125, 1, -1
125, 1, 0
125, 1, 0
125, 1, 0
126, 1, 0
124, 2, 0
125, 1, -1
247, 2, 0
128, 1, 0
125, 1, 0
125, 1, 0
125, 1, -1
125, 1, 0
125, 2, 0
125, 1, 0
125, 1, 0
125, 1, -1
125, 1, 0
125, 2, 0
247, 2, 0
128, 1, 0
125, 1, -1
128, 1, 0
122, 2, 0
125, 1, 0
125, 1, 0
125, 1, 0
125, 2, -1
125, 1, 0
125, 1, 0
125, 1, 0
125, 1, 0
125, 2, 0
125, 1, -1
125, 1, 0
125, 1, 0
125, 2, 0
125, 1, 0
125, 1, 0
125, 1, -1
125, 1, 0
125, 2, 0
125, 1, 0
125, 2, 0
125, 1, -1
125, 1, 0
125, 1, 0
125, 2, 0
125, 1, 0
125, 2, -1
125, 1, 0
125, 1, 0
125, 1, 0
125, 1, 0
125, 2, 0
125, 1, -1
125, 2, 0
125, 1, 0
125, 2, 0
125, 1, 0
125, 1, 0
125, 1, -1
125, 2, 0
125, 1, 0
125, 1, 0
125, 2, 0
125, 1, -1
125, 2, 0
125, 1, 0
125, 2, 0
125, 1, 0
125, 1, 0
126, 2, -1
127, 1, 0
122, 1, 0
124, 2, 0
125, 1, 0
125, 1, 0
125, 2, -1
125, 1, 0
125, 2, 0
276, 1, 0
225, 2, -1
124, 4, 0
125, 1, 0
125, 2, 0
125, 1, -1
125, 2, 0
125, 1, 0
125, 2, 0
125, 1, -1
125, 2, 0
125, 1, 0
125, 2, 0
125, 1, 0
125, 2, 0
125, 1, -1
125, 2, 0
125, 2, 0
125, 1, 0
125, 2, -1
125, 1, 0
125, 2, 0
125, 1, 0
125, 2, 0
125, 1, -1
125, 1, 0
126, 2, 0
125, 1, 0
125, 2, 0
125, 2, -1
125, 1, 0
125, 2, 0
125, 2, 0
125, 1, 0
125, 2, -1
125, 1, 0
125, 1, 0
125, 2, 0
125, 2, 0
125, 1, -1
125, 2, 0
125, 2, 0
125, 1, 0
125, 2, 0
125, 1, -1
125, 2, 0
124, 2, 0
126, 1, 0
125, 2, -1
125, 1, 0
124, 2, 0
126, 1, 0
125, 2, 0
125, 2, -1
125, 2, 0
125, 1, 0
125, 2, 0
125, 1, 0
124, 2, -1
126, 2, 0
125, 1, 0
125, 2, 0
125, 1, -1
125, 2, 0
124, 2, 0
125, 2, 0
125, 1, 0
126, 2, -1
125, 1, 0
125, 2, 0
125, 2, 0
125, 1, 0
125, 2, -1
125, 2, 0
125, 2, 0
125, 1, 0
125, 2, -1
125, 1, 0
125, 3, 0
125, 1, 0
125, 1, -1
126, 2, 0
123, 2, 0
125, 2, 0
125, 1, 0
125, 2, -1
125, 2, 0
125, 2, 0
125, 1, 0
125, 2, -1
125, 2, 0
125, 2, 0
125, 1, -1
125, 2, 0
125, 2, 0
125, 1, 0
125, 2, -1
125, 2, 0
125, 2, 0
125, 1, 0
125, 3, -1
125, 1, 0
125, 2, 0
125, 2, 0
125, 1, -1
125, 2, 0
125, 2, 0
125, 2, 0
125, 1, -1
125, 2, 0
125, 2, 0
125, 2, -1
125, 1, 0
125, 3, 0
125, 1, 0
125, 2, 0
125, 2, -1
125, 1, 0
125, 2, 0
125, 2, -1
125, 2, 0
125, 1, 0
125, 3, 0
125, 1, -1
125, 2, 0
125, 2, 0
125, 1, 0
125, 3, -1
125, 1, 0
125, 2, 0
125, 2, 0
316, 2, -1
184, 1, 0
125, 6, -1
125, 2, 0
125, 1, 0
125, 3, -1
125, 1, 0
126, 2, 0
124, 2, -1
125, 2, 0
125, 1, 0
125, 3, 0
125, 1, -1
125, 3, 0
125, 1, 0
125, 2, 0
125, 2, -1
126, 1, 0
127, 3, 0
124, 1, -1
125, 2, 0
125, 2, 0
125, 2, -1
124, 2, 0
127, 2, 0
123, 1, 0
125, 3, -1
125, 1, 0
129, 2, 0
122, 2, -1
124, 1, 0
125, 3, 0
131, 1, -1
123, 2, 0
121, 2, 0
125, 2, 0
129, 2, -1
125, 2, 0
136, 2, 0
111, 1, -1
123, 2, 0
125, 2, 0
125, 2, -1
125, 2, 0
125, 2, 0
126, 2, 0
125, 2, -1
124, 1, 0
125, 3, -1
125, 1, 0
125, 2, 0
125, 2, 0
125, 2, -1
125, 2, 0
127, 1, 0
124, 3, -1
124, 1, 0
125, 2, 0
125, 2, -1
125, 2, 0
125, 2, 0
125, 1, -1
126, 2, 0
125, 2, 0
125, 2, -1
127, 2, 0
123, 2, 0
125, 2, -1
125, 2, 0
124, 1, 0
125, 2, -1
125, 2, 0
125, 2, 0
126, 2, -1
124, 1, 0
125, 3, 0
126, 1, -1
125, 3, 0
124, 1, 0
126, 3, -1
125, 1, 0
125, 2, 0
124, 2, -1
125, 2, 0
126, 2, 0
124, 1, -1
127, 2, 0
123, 2, 0
126, 2, -1
124, 2, 0
125, 2, 0
125, 2, -1
125, 2, 0
125, 2, 0
125, 2, -1
126, 1, 0
125, 2, 0
124, 2, -1
125, 2, 0
125, 2, -1
125, 1, 0
125, 3, 0
125, 1, -1
126, 3, 0
124, 1, 0
125, 2, -1
126, 2, 0
125, 1, 0
125, 3, -1
124, 1, 0
125, 2, -1
125, 2, 0
125, 2, 0
126, 2, -1
124, 2, 0
125, 2, -1
125, 2, 0
125, 1, 0
126, 2, 0
124, 2, -1
125, 2, 0
125, 2, -1
125, 1, 0
125, 3, 0
125, 1, -1
125, 2, 0
125, 2, -1
125, 2, 0
126, 2, 0
125, 2, -1
125, 2, 0
124, 1, 0
237, 2, -1
265, 2, 0
123, 6, -1
125, 1, 0
125, 2, -1
125, 2, 0
125, 2, -1
126, 1, 0
124, 2, 0
125, 2, -1
125, 2, 0
125, 2, 0
125, 1, -1
126, 3, 0
125, 1, 0
124, 2, -1
125, 2, 0
125, 2, -1
125, 2, 0
125, 1, 0
125, 2, -1
125, 2, 0
125, 2, -1
125, 1, 0
125, 3, 0
125, 1, -1
125, 2, 0
125, 2, 0
125, 2, -1
125, 1, 0
125, 2, 0
125, 2, -1
125, 1, 0
125, 3, -1
127, 1, 0
123, 2, 0
125, 2, -1
125, 2, 0
125, 1, -1
125, 2, 0
125, 2, 0
126, 1, -1
124, 2, 0
125, 2, -1
125, 2, 0
125, 1, 0
125, 2, -1
125, 2, 0
125, 2, -1
125, 1, 0
125, 2, 0
125, 2, -1
124, 1, 0
126, 3, 0
125, 1, -1
125, 2, 0
125, 1, 0
126, 2, -1
124, 2, 0
125, 2, -1
125, 1, 0
124, 2, 0
126, 2, -1
125, 1, 0
125, 2, 0
125, 2, -1
125, 2, 0
125, 1, 0
125, 2, -1
124, 2, 0
126, 2, -1
124, 1, 0
129, 2, 0
126, 1, -1
143, 2, 0
105, 2, 0
126, 1, -1
126, 2, 0
126, 1, -1
124, 2, 0
126, 2, 0
129, 2, -1
121, 1, 0
125, 2, 0
124, 2, -1
126, 1, 0
125, 2, 0
125, 1, -1
125, 2, 0
125, 2, 0
125, 2, -1
125, 1, 0
125, 2, 0
125, 1, -1
125, 2, 0
125, 1, -1
125, 2, 0
124, 2, 0
126, 1, -1
125, 2, 0
125, 1, 0
126, 2, -1
124, 1, 0
123, 2, 0
124, 2, -1
126, 2, 0
124, 1, -1
126, 1, 0
125, 2, 0
125, 1, -1
125, 2, 0
124, 2, 0
126, 1, -1
125, 2, 0
125, 1, 0
124, 2, -1
125, 2, 0
126, 1, -1
125, 1, 0
125, 2, 0
125, 1, -1
124, 2, 0
122, 1, 0
126, 2, -1
124, 1, 0
125, 2, -1
125, 1, 0
126, 2, 0
125, 1, 0
125, 2, -1
125, 1, 0
286, 1, -1
215, 2, 0
124, 4, -1
125, 2, 0
125, 1, -1
126, 2, 0
124, 1, -1
125, 2, 0
125, 1, 0
125, 1, 0
125, 2, -1
124, 1, 0
126, 2, -1
125, 1, 0
125, 2, 0
124, 1, -1
125, 2, 0
126, 1, 0
125, 2, -1
124, 1, 0
125, 1, 0
125, 1, -1
125, 2, 0
125, 1, -1
126, 1, 0
124, 2, 0
125, 1, -1
126, 2, 0
125, 1, 0
124, 1, -1
126, 1, 0
125, 2, 0
124, 1, -1
125, 1, 0
126, 2, 0
124, 1, 0
125, 1, -1
125, 1, 0
126, 2, -1
125, 1, 0
124, 1, 0
125, 2, 0
126, 1, -1
124, 1, 0
125, 1, 0
126, 2, -1
124, 1, 0
125, 1, 0
125, 1, -1
125, 2, 0
125, 1, 0
126, 1, -1
124, 1, 0
125, 2, 0
126, 1, -1
124, 1, 0
178, 1, 0
103, 1, 0
101, 1, -1
121, 1, 0
130, 2, -1
124, 1, 0
124, 1, 0
123, 1, 0
124, 1, -1
125, 2, 0
125, 1, 0
126, 1, 0
124, 1, -1
125, 1, 0
127, 1, 0
125, 1, -1
132, 1, 0
117, 2, 0
255, 2, -1
125, 1, 0
123, 1, 0
131, 1, -1
122, 1, 0
129, 1, 0
118, 1, 0
125, 1, -1
146, 1, 0
104, 1, 0
126, 1, -1
124, 1, 0
125, 1, 0
125, 1, 0
125, 1, -1
125, 1, 0
125, 1, 0
125, 1, 0
128, 1, -1
123, 1, 0
124, 1, 0
125, 1, -1
125, 1, 0
125, 1, 0
125, 1, -1
125, 1, 0
126, 1, 0
124, 1, 0
245, 1, -1
130, 1, 0
125, 1, 0
135, 1, 0
113, 1, -1
124, 1, 0
124, 1, 0
125, 0, -1
125, 1, 0
125, 1, 0
125, 1, 0
125, 1, 0
125, 1, 0
125, 1, -1
247, 1, 0
128, 1, 0
125, 1, -1
125, 1, 0
247, 1, 0
128, 1, 0
125, 1, -1
247, 1, 0
128, 1, 0
125, 1, -1
316, 1, 0
59, 1, 0
127, 1, 0
123, 0, -1
124, 1, 0
128, 1, 0
243, 1, 0
128, 1, 0
124, 0, -1
125, 1, 0
248, 1, 0
130, 1, 0
123, 0, -1
125, 1, 0
125, 1, 0
246, 1, 0
251, 1, 0
127, 0, -1
125, 1, 0
125, 1, 0
248, 1, 0
255, 1, -1
245, 1, 0
250, 1, 0
251, 1, -1
249, 1, 0
404, 1, 0
221, 1, 0
250, 1, -1
250, 1, 0
250, 1, 0
403, 1, 0
223, 0, -1
249, 1, 0
250, 1, 0
406, 1, 0
500, 1, -1
500, 1, 0
377, 1, 0
620, 1, 0
222, 0, -1
403, 1, 0
725, 1, 0
1375, 1, 0
373, 0, -1
7898, -1, -1
1013, -1, 0
1001, -1, 0
213, 0, -1
811, -1, 0
563, -1, 0
531, -1, -1
499, -1, 0
625, -1, 0
345, 0, -1
128, -1, 0
404, -1, 0
469, -1, 0
410, -1, 0
92, 0, -1
247, -1, 0
406, -1, 0
406, -1, 0
188, -1, 0
250, 0, -1
127, -1, 0
405, -1, 0
218, -1, 0
408, -1, 0
217, -1, 0
250, -1, -1
375, -1, 0
255, -1, 0
248, -1, 0
249, -1, 0
250, -1, 0
249, -1, 0
251, -1, 0
128, 0, -1
124, -1, 0
247, -1, 0
250, -1, 0
281, -1, 0
221, -1, 0
249, -1, 0
250, -1, 0
128, -1, 0
247, -1, 0
249, -1, 0
251, -1, 0
127, -1, 0
247, -1, 0
129, 0, -1
124, -1, 0
126, -1, 0
246, -1, 0
128, -1, 0
248, -1, 0
249, -1, 0
129, -1, 0
247, -1, 0
127, -1, 0
247, -1, 0
130, -1, 0
245, -1, 0
129, -1, 0
125, -1, 0
247, -1, 0
127, -1, 0
248, -1, 0
128, -1, 0
125, -1, 0
246, -1, 0
128, -1, 0
126, -1, 0
247, -1, 0
127, -1, 0
166, -1, 0
107, -1, 0
226, -1, 0
129, -1, 0
126, -1, 0
244, -1, 0
131, -1, 0
125, -1, 0
125, -1, 0
243, -2, 0
251, -1, 0
130, -1, 0
125, -1, 0
125, -1, 0
126, -1, 0
244, -1, 0
130, -1, 0
126, -1, 0
124, -1, 0
125, -1, 0
125, -1, 0
126, -1, 0
124, -1, 1
245, -2, 0
251, -1, 0
130, -1, 0
124, -1, 0
126, -1, 0
125, -1, 0
124, -1, 0
125, -1, 0
125, -1, 0
125, -1, 0
126, -1, 1
125, -1, 0
125, -1, 0
124, -1, 0
244, -2, 0
131, -1, 0
125, -1, 0
125, -1, 0
125, -1, 1
126, -1, 0
122, -1, 0
125, -1, 0
125, -1, 0
124, -1, 0
125, -1, 0
126, -1, 0
124, -1, 0
125, -1, 0
126, -1, 1
124, -1, 0
125, -1, 0
125, -1, 0
125, -1, 0
136, -2, 0
237, -1, 1
127, -2, 0
126, -1, 0
124, -1, 0
126, -1, 0
124, -1, 0
143, -1, 0
107, -1, 0
126, -1, 1
124, -2, 0
126, -1, 0
124, -1, 0
128, -1, 0
122, -1, 0
314, -2, 0
187, 0, 1
124, -4, 0
125, -1, 0
125, -2, 1
126, -1, 0
128, -1, 0
123, -1, 0
126, -1, 0
122, -1, 0
126, -1, 1
124, -2, 0
125, -1, 0
125, -1, 0
125, -1, 0
126, -2, 1
124, -1, 0
125, -1, 0
125, -1, 0
125, -1, 0
125, -2, 0
125, -1, 0
125, -2, 1
126, -1, 0
124, -1, 0
125, -1, 0
126, -2, 0
125, -1, 1
124, -1, 0
124, -1, 0
126, -2, 0
125, -1, 1
126, -1, 0
124, -2, 0
125, -1, 0
125, -1, 0
125, -1, 1
125, -2, 0
125, -1, 0
125, -2, 0
125, -1, 1
127, -1, 0
125, -2, 0
124, -1, 0
125, -1, 1
125, -2, 0
125, -1, 0
128, -1, 0
125, -2, 0
121, -1, 1
125, -2, 0
125, -1, 0
126, -1, 0
122, -1, 1
128, -2, 0
123, -1, 0
125, -2, 0
125, -1, 1
125, -1, 0
159, -2, 0
106, -1, 0
119, -2, 1
119, -1, 0
125, -1, 0
125, -2, 1
125, -1, 0
125, -2, 0
125, -1, 0
125, -2, 1
125, -1, 0
125, -2, 0
125, -1, 0
125, -1, 1
125, -2, 0
127, -1, 0
125, -2, 0
125, -1, 1
124, -2, 0
125, -1, 0
125, -2, 1
125, -1, 0
125, -1, 0
124, -2, 0
126, -2, 1
130, -1, 0
120, -1, 0
124, -2, 0
125, -1, 1
125, -2, 0
125, -1, 0
126, -2, 1
126, -1, 0
129, -2, 0
125, -1, 0
120, -2, 1
124, -1, 0
125, -2, 0
126, -1, 1
127, -1, 0
124, -2, 0
125, -1, 1
124, -2, 0
125, -1, 0
125, -2, 0
125, -1, 1
125, -2, 0
125, -2, 0
126, -1, 1
124, -2, 0
125, -1, 0
123, -2, 1
126, -1, 0
124, -2, 0
124, -1, 0
129, -2, 1
123, -1, 0
128, -2, 0
123, -2, 1
124, -1, 0
126, -2, 0
122, -2, 1
124, -1, 0
125, -1, 0
125, -2, 1
126, -1, 0
129, -2, 0
129, -1, 1
117, -2, 0
128, -2, 0
125, -2, 1
123, -1, 0
125, -2, 0
244, -1, 0
257, -2, 1
125, -5, 1
127, -1, 0
121, -2, 1
129, -1, 0
122, -2, 0
129, -1, 0
126, -2, 1
118, -2, 0
124, -1, 0
125, -2, 1
125, -1, 0
129, -2, 0
124, -2, 1
127, -1, 0
123, -2, 0
134, -2, 1
116, -1, 0
124, -2, 0
125, -1, 1
123, -2, 0
125, -2, 0
126, -1, 1
129, -2, 0
123, -1, 1
127, -2, 0
133, -1, 0
117, -2, 1
123, -2, 0
125, -2, 0
125, -1, 1
124, -2, 0
126, -1, 0
128, -2, 0
124, -2, 1
123, -1, 0
128, -2, 1
123, -1, 0
125, -2, 0
124, -2, 0
125, -2, 1
124, -1, 0
126, -2, 1
123, -1, 0
133, -2, 0
122, -2, 1
127, -1, 0
122, -2, 0
125, -1, 0
126, -2, 1
123, -2, 0
124, -2, 1
127, -1, 0
129, -2, 0
128, -1, 1
123, -2, 0
121, -2, 0
124, -1, 0
126, -2, 1
123, -1, 0
126, -2, 0
125, -2, 1
126, -2, 0
132, -1, 0
120, -2, 1
126, -1, 0
127, -2, 1
117, -1, 0
124, -2, 0
124, -2, 1
125, -1, 0
124, -2, 0
126, -2, 1
128, -2, 0
156, -1, 0
112, -2, 1
108, -1, 0
130, -2, 0
121, -1, 1
132, -3, 0
119, -1, 0
122, -1, 1
131, -2, 0
121, -1, 0
127, -2, 1
125, -2, 0
124, -2, 0
129, -1, 1
124, -2, 0
122, -1, 0
123, -2, 1
124, -2, 0
125, -1, 0
132, -2, 1
122, -1, 0
123, -2, 1
124, -2, 0
128, -2, 0
138, -1, 0
114, -2, 1
123, -1, 0
144, -2, 1
125, -2, 0
396, -4, 1
93, -2, 0
124, -1, 1
125, -2, 0
125, -2, 0
123, -2, 1
141, -1, 0
359, -5, 1
123, -1, 0
123, -2, 1
124, -2, 0
125, -1, 1
125, -2, 0
130, -1, 0
118, -2, 1
125, -2, 0
126, -2, 0
125, -1, 1
127, -1, 0
119, -2, 0
125, -1, 0
126, -2, 1
124, -1, 0
288, -2, 1
222, -2, 0
114, -5, 1
126, -1, 0
124, -2, 0
124, -1, 1
125, -2, 0
125, -2, 0
126, -1, 1
125, -2, 0
124, -1, 0
125, -2, 1
124, -1, 0
125, -2, 0
125, -2, 1
125, -1, 0
126, -2, 0
124, -1, 0
127, -2, 1
123, -1, 0
125, -2, 0
125, -1, 1
125, -2, 0
125, -1, 0
125, -2, 1
125, -2, 0
125, -1, 0
126, -1, 0
124, -2, 1
124, -2, 0
126, -1, 0
125, -2, 1
125, -1, 0
125, -2, 0
125, -1, 0
125, -2, 1
124, -1, 0
126, -2, 0
125, -1, 1
125, -1, 0
125, -2, 0
125, -1, 0
125, -2, 1
125, -1, 0
125, -2, 0
124, -1, 1
125, -2, 0
126, -1, 0
125, -2, 0
124, -1, 1
126, -1, 0
125, -2, 0
125, -1, 0
124, -1, 1
127, -2, 0
123, -1, 0
126, -1, 0
124, -2, 1
126, -1, 0
125, -2, 0
124, -1, 0
126, -2, 1
125, -1, 0
125, -1, 0
125, -2, 0
126, -1, 0
124, -2, 1
124, -1, 0
126, -1, 0
124, -1, 0
125, -2, 1
126, -1, 0
124, -2, 0
126, -1, 0
124, -1, 0
126, -1, 1
125, -1, 0
125, -2, 0
125, -1, 0
124, -2, 0
168, -1, 1
83, -1, 0
125, -1, 0
125, -2, 0
125, -1, 0
126, -1, 1
124, -2, 0
126, -1, 0
126, -1, 0
123, -1, 1
125, -2, 0
125, -1, 0
124, -1, 0
126, -1, 0
125, -2, 0
125, -1, 1
125, -1, 0
125, -1, 0
125, -1, 0
124, -2, 0
125, -1, 0
125, -1, 1
126, -1, 0
125, -1, 0
125, -1, 0
125, -2, 0
124, -1, 1
139, -1, 0
115, -1, 0
125, -1, 0
124, -1, 0
125, -1, 0
126, -2, 0
124, -1, 0
125, -1, 1
125, -1, 0
125, -1, 0
125, -1, 0
125, -1, 0
125, -1, 1
125, -1, 0
125, -2, 0
247, -2, 0
128, -1, 0
125, -1, 0
125, -1, 0
125, -1, 1
126, -1, 0
124, -1, 0
125, -1, 0
331, -1, 0
172, -1, 0
123, -3, 0
125, -1, 1
124, -1, 0
125, -1, 0
125, -1, 0
125, -1, 0
125, -1, 0
125, -1, 0
125, -1, 0
125, -1, 0
126, -1, 0
124, 0, 1
125, -2, 0
247, -1, 0
131, -1, 0
125, -1, 0
146, -1, 0
104, -1, 0
126, -1, 0
124, -1, 0
125, -1, 0
244, -1, 0
132, -1, 1
125, -1, 0
124, -1, 0
129, -1, 0
240, -2, 0
249, -1, 0
130, -1, 0
245, -1, 0
130, -1, 0
126, -1, 0
124, -1, 0
244, -1, 0
131, -1, 0
125, -1, 0
245, -1, 0
131, -1, 0
124, -1, 0
245, -1, 0
251, -1, 0
130, -1, 0
125, -1, 0
245, -1, 1
130, -1, 0
243, -1, 0
250, -1, 0
131, -1, 0
244, -1, 0
132, -1, 0
244, -1, 0
250, -1, 0
249, -1, 0
251, -1, 0
250, -1, 0
249, -1, 0
250, -1, 0
250, -1, 0
251, -1, 0
249, -1, 0
387, -1, 0
238, -1, 0
252, -1, 0
559, -1, 0
190, -1, 0
375, -1, 0
410, -1, 0
215, 0, -1
127, -1, 0
544, -1, 0
333, -1, 0
664, -1, 0
583, -1, 0
680, 0, -1
72, -1, 0
875, -1, 0
1159, -1, 0
1248, 0, -1
9183, 1, 0
577, 0, -1
706, 1, 0
929, 1, 0
864, 1, 0
206, 0, -1
541, 1, 0
584, 1, 0
527, 1, 0
402, 0, -1
73, 1, 0
376, 1, 0
497, 1, 0
249, 0, -1
251, 1, 0
407, 1, 0
420, 1, 0
50, 0, -1
247, 1, 0
376, 1, 0
249, 1, 0
250, 0, -1
128, 1, 0
404, 1, 0
218, 1, 0
128, 0, -1
125, 1, 0
247, 1, 0
407, 1, 0
218, 1, -1
250, 1, 0
250, 1, 0
250, 1, 0
139, 0, -1
122, 1, 0
239, 1, 0
250, 1, 0
131, 0, -1
125, 1, 0
244, 1, 0
256, 1, 0
125, 1, -1
244, 1, 0
250, 1, 0
131, 1, 0
125, 0, -1
126, 1, 0
243, 1, 0
250, 1, 0
131, 1, -1
246, 1, 0
250, 1, 0
130, 1, 0
124, 1, -1
244, 1, 0
250, 1, 0
131, 1, -1
125, 1, 0
244, 1, 0
131, 1, 0
125, 0, -1
125, 1, 0
125, 1, 0
244, 1, 0
131, 1, -1
125, 1, 0
244, 1, 0
131, 1, 0
125, 1, -1
245, 1, 0
128, 1, 0
124, 1, 0
247, 1, -1
128, 1, 0
125, 1, 0
125, 1, 0
247, 1, -1
128, 1, 0
125, 1, 0
125, 1, 0
125, 1, 0
125, 0, -1
125, 1, 0
125, 1, 0
125, 1, 0
125, 1, 0
125, 1, -1
247, 1, 0
128, 1, 0
125, 1, 0
125, 1, -1
313, 1, 0
188, 1, 0
124, 2, -1
124, 1, 0
126, 1, 0
125, 1, 0
124, 1, -1
248, 2, 0
250, 1, 0
127, 1, 0
128, 1, -1
124, 1, 0
124, 1, 0
125, 1, 0
125, 1, 0
125, 1, -1
125, 1, 0
125, 1, 0
125, 1, 0
125, 1, -1
125, 1, 0
125, 1, 0
125, 1, 0
125, 1, 0
125, 1, -1
250, 2, 0
125, 1, 0
125, 1, -1
247, 2, 0
128, 1, 0
125, 1, 0
125, 1, 0
125, 1, -1
125, 1, 0
125, 1, 0
125, 1, 0
124, 1, 0
126, 1, -1
125, 1, 0
124, 1, 0
126, 1, 0
124, 1, -1
126, 1, 0
125, 2, 0
247, 1, 0
128, 2, -1
247, 2, 0
128, 1, 0
126, 1, -1
124, 1, 0
125, 1, 0
126, 1, 0
124, 1, 0
125, 2, -1
125, 1, 0
125, 1, 0
125, 1, 0
125, 1, 0
125, 1, -1
125, 1, 0
125, 1, 0
125, 2, 0
125, 1, 0
125, 1, -1
125, 1, 0
125, 1, 0
125, 1, 0
125, 1, -1
125, 2, 0
125, 1, 0
125, 1, 0
125, 1, 0
125, 2, -1
125, 1, 0
125, 1, 0
125, 1, -1
125, 1, 0
125, 1, 0
125, 1, 0
125, 2, 0
125, 1, -1
125, 1, 0
125, 1, 0
125, 2, 0
125, 1, 0
125, 1, -1
126, 1, 0
124, 2, 0
125, 1, 0
125, 1, -1
125, 1, 0
125, 2, 0
125, 1, -1
125, 1, 0
124, 2, 0
126, 1, 0
125, 1, 0
125, 1, -1
125, 2, 0
125, 1, 0
126, 1, 0
125, 1, -1
124, 1, 0
125, 2, 0
125, 1, 0
125, 2, -1
125, 1, 0
125, 1, 0
125, 1, 0
125, 2, -1
125, 1, 0
125, 2, 0
125, 1, 0
125, 1, 0
125, 1, -1
125, 1, 0
125, 2, 0
125, 1, -1
125, 2, 0
125, 1, 0
125, 2, 0
125, 1, -1
125, 1, 0
124, 1, 0
126, 2, 0
125, 1, -1
227, 1, 0
21, 2, 0
126, 1, 0
126, 2, -1
124, 1, 0
125, 1, 0
125, 2, 0
125, 1, -1
125, 1, 0
125, 2, 0
125, 1, 0
125, 1, -1
125, 2, 0
125, 1, 0
125, 2, 0
126, 1, -1
124, 2, 0
125, 1, 0
125, 2, 0
125, 1, -1
125, 1, 0
125, 2, 0
125, 1, 0
125, 2, -1
125, 1, 0
125, 1, 0
125, 2, 0
125, 1, -1
125, 2, 0
126, 1, 0
124, 1, 0
125, 2, -1
125, 1, 0
125, 1, 0
125, 2, 0
125, 2, -1
126, 1, 0
123, 1, 0
125, 2, 0
125, 1, -1
127, 2, 0
124, 1, 0
125, 2, 0
125, 1, -1
125, 1, 0
124, 2, 0
126, 1, -1
124, 2, 0
126, 1, 0
130, 2, 0
121, 1, -1
127, 2, 0
124, 1, 0
123, 2, 0
128, 1, -1
125, 1, 0
122, 2, 0
125, 1, 0
125, 2, -1
125, 1, 0
125, 2, 0
125, 1, 0
125, 2, -1
125, 1, 0
125, 2, 0
125, 1, 0
126, 2, -1
125, 1, 0
125, 1, 0
124, 2, -1
125, 1, 0
125, 2, 0
127, 1, 0
126, 2, -1
121, 1, 0
125, 2, 0
127, 1, 0
129, 2, -1
121, 1, 0
124, 1, 0
125, 2, -1
125, 1, 0
136, 2, 0
114, 1, 0
125, 2, -1
125, 1, 0
125, 2, 0
125, 1, 0
125, 2, -1
125, 1, 0
125, 1, 0
125, 2, -1
125, 1, 0
125, 2, 0
125, 1, 0
125, 2, -1
125, 1, 0
125, 2, 0
125, 1, 0
125, 2, -1
125, 2, 0
125, 1, 0
125, 1, 0
125, 2, -1
125, 1, 0
125, 2, 0
127, 2, 0
123, 1, -1
125, 2, 0
126, 1, 0
124, 2, 0
125, 1, -1
125, 1, 0
125, 2, 0
125, 1, -1
125, 2, 0
125, 1, 0
125, 2, 0
125, 1, -1
125, 2, 0
125, 1, 0
125, 2, 0
125, 1, -1
125, 2, 0
125, 1, 0
125, 1, 0
125, 2, -1
125, 1, 0
125, 2, 0
125, 1, -1
125, 2, 0
125, 1, 0
125, 2, -1
281, 1, 0
221, 2, 0
123, 4, -1
125, 2, 0
125, 2, 0
126, 1, 0
124, 2, -1
125, 1, 0
125, 2, 0
125, 1, -1
125, 2, 0
126, 1, 0
124, 1, 0
125, 2, -1
126, 1, 0
124, 2, 0
125, 1, 0
125, 2, -1
125, 1, 0
125, 2, 0
125, 1, -1
125, 2, 0
125, 1, 0
126, 1, 0
124, 2, -1
125, 1, 0
125, 2, 0
125, 1, 0
126, 2, -1
124, 1, 0
125, 2, 0
125, 1, -1
125, 2, 0
125, 1, 0
125, 1, 0
126, 2, -1
124, 1, 0
126, 2, 0
124, 1, -1
125, 2, 0
125, 1, 0
125, 2, 0
127, 1, -1
125, 2, 0
126, 1, 0
124, 1, 0
125, 2, -1
126, 1, 0
124, 2, 0
125, 1, -1
125, 1, 0
125, 2, 0
124, 1, 0
124, 1, -1
126, 2, 0
124, 1, 0
125, 2, 0
125, 1, -1
125, 1, 0
125, 2, 0
125, 1, 0
125, 2, -1
125, 1, 0
125, 2, 0
125, 1, 0
125, 1, -1
125, 1, 0
125, 2, 0
125, 1, -1
125, 1, 0
125, 2, 0
125, 1, 0
125, 2, 0
125, 1, -1
125, 2, 0
124, 1, 0
126, 1, -1
125, 1, 0
125, 2, 0
125, 1, 0
125, 1, 0
125, 2, -1
125, 1, 0
125, 2, 0
125, 1, -1
125, 1, 0
125, 1, 0
125, 2, 0
125, 1, 0
125, 2, -1
125, 1, 0
125, 1, 0
125, 1, -1
125, 1, 0
125, 2, 0
125, 1, 0
125, 1, -1
124, 1, 0
130, 2, 0
123, 1, 0
139, 2, -1
128, 1, 0
108, 1, 0
126, 1, 0
125, 1, 0
125, 2, -1
124, 1, 0
126, 1, 0
125, 1, 0
125, 2, -1
126, 1, 0
126, 1, 0
123, 1, 0
124, 2, -1
126, 1, 0
125, 1, 0
125, 1, 0
125, 1, 0
125, 2, -1
125, 1, 0
125, 1, 0
126, 1, -1
124, 2, 0
126, 1, 0
124, 1, 0
124, 1, 0
125, 1, 0
125, 1, -1
126, 1, 0
125, 2, 0
125, 1, 0
553, 1, -1
197, 1, 0
125, 6, -1
125, 1, 0
124, 1, 0
126, 1, -1
124, 1, 0
126, 1, 0
125, 1, 0
125, 1, -1
125, 1, 0
125, 2, 0
124, 1, 0
126, 1, -1
122, 1, 0
124, 1, 0
125, 1, 0
125, 1, 0
125, 1, 0
126, 1, -1
126, 1, 0
124, 1, 0
125, 1, 0
125, 1, -1
129, 2, 0
243, 1, 0
128, 1, 0
125, 1, 0
125, 1, -1
125, 1, 0
125, 1, 0
125, 1, 0
125, 1, -1
124, 1, 0
125, 1, 0
126, 1, 0
124, 1, 0
125, 1, 0
125, 1, -1
125, 1, 0
125, 1, 0
125, 1, 0
125, 1, -1
126, 1, 0
246, 2, 0
251, 1, 0
127, 1, -1
125, 1, 0
125, 1, 0
126, 1, 0
125, 1, -1
125, 1, 0
124, 1, 0
248, 1, 0
128, 1, -1
124, 1, 0
125, 1, 0
248, 1, 0
127, 1, 0
126, 1, -1
124, 1, 0
125, 1, 0
247, 1, -1
129, 1, 0
127, 1, 0
122, 1, 0
248, 1, 0
127, 1, 0
125, 1, -1
248, 1, 0
127, 1, 0
126, 1, 0
125, 0, -1
125, 1, 0
127, 1, 0
247, 1, 0
248, 1, -1
127, 1, 0
125, 1, 0
248, 1, 0
249, 1, 0
128, 1, -1
125, 1, 0
248, 1, 0
250, 1, 0
127, 1, -1
247, 1, 0
251, 1, 0
250, 1, 0
127, 1, 0
125, 0, -1
125, 1, 0
247, 1, 0
251, 1, 0
249, 1, -1
251, 1, 0
389, 1, 0
239, 1, 0
126, 0, -1
124, 1, 0
247, 1, 0
249, 1, 0
490, 1, 0
264, 0, -1
124, 1, 0
247, 1, 0
251, 1, 0
400, 0, -1
103, 1, 0
379, 1, 0
536, 1, 0
609, 1, -1
473, 1, 0
877, 1, 0
1126, 0, -1
496, 1, 0
5678, -1, 0
1949, -1, 0
1031, 0, -1
501, -1, 0
1248, -1, 0
1133, -1, 0
873, -1, 0
838, -1, 0
529, 0, -1
98, -1, 0
779, -1, 0
598, -1, 0
650, -1, 0
623, -1, 0
379, -1, 0
642, -1, 0
326, -1, 0
500, -1, 0
407, -1, 0
503, -1, 0
215, -1, 0
533, -1, 0
217, -1, 0
375, -1, 0
376, -1, 0
409, -1, 0
215, -1, 0
407, -1, 0
218, -1, 0
250, -1, 0
409, -1, 0
216, -1, 0
250, -1, 0
250, -1, 0
250, -1, 0
250, -1, 0
251, -1, 0
250, -1, 0
249, -1, 1
250, -1, 0
128, -1, 0
402, -1, 0
98, -1, 0
247, -1, 0
250, -1, 0
128, -1, 0
247, -1, 0
130, 0, 1
123, -1, 0
125, -1, 0
435, -1, 0
191, -1, 0
124, -2, 0
247, -1, 0
128, 0, 1
127, -1, 0
124, -1, 0
125, -1, 0
246, -1, 0
129, -1, 0
247, -1, 0
128, -1, 0
247, -1, 1
128, -1, 0
124, -1, 0
248, -1, 0
127, -1, 0
125, -1, 0
248, -1, 0
127, -1, 1
126, -1, 0
247, -1, 0
127, -1, 0
125, -1, 0
125, -1, 0
126, -1, 0
124, 0, 1
125, -1, 0
126, -1, 0
124, -1, 0
126, -1, 0
124, -1, 0
125, 0, 1
125, -1, 0
125, -1, 0
125, -1, 0
125, -1, 0
125, -1, 0
249, -1, 0
127, -1, 1
124, -1, 0
126, -1, 0
124, -1, 0
125, -1, 0
125, -1, 0
125, -1, 1
126, -1, 0
124, -1, 0
248, -2, 0
250, -2, 1
249, -1, 0
132, -1, 0
124, -1, 0
125, -1, 0
126, -1, 1
124, -1, 0
125, -1, 0
125, -1, 0
125, -1, 0
125, -1, 1
125, -1, 0
125, -1, 0
125, -1, 0
125, -1, 0
125, -1, 0
125, -1, 1
125, -1, 0
125, -1, 0
125, -2, 0
244, -2, 1
131, -1, 0
126, -1, 0
124, -1, 0
125, -1, 0
125, -1, 1
125, -1, 0
125, -1, 0
125, -1, 0
125, -1, 1
125, -1, 0
125, -2, 0
125, -1, 0
125, -1, 0
125, -1, 0
125, -1, 1
125, -1, 0
125, -1, 0
125, -1, 0
126, -1, 1
124, -2, 0
244, -2, 0
131, -1, 0
125, -1, 1
125, -1, 0
125, -2, 0
246, -2, 1
126, -1, 0
126, -1, 0
124, -1, 0
125, -1, 0
125, -2, 1
125, -1, 0
125, -1, 0
125, -1, 0
125, -2, 1
125, -1, 0
125, -1, 0
125, -1, 0
125, -1, 1
125, -2, 0
125, -1, 0
126, -1, 0
124, -1, 1
125, -2, 0
125, -1, 0
125, -1, 0
126, -1, 1
124, -2, 0
227, -1, 0
23, -1, 0
133, -1, 1
117, -1, 0
125, -2, 0
125, -1, 0
125, -1, 1
125, -1, 0
125, -2, 0
125, -1, 0
125, -2, 1
125, -1, 0
125, -1, 0
125, -1, 1
125, -1, 0
125, -2, 0
125, -1, 0
125, -2, 1
125, -1, 0
125, -1, 0
125, -1, 0
125, -2, 1
125, -1, 0
125, -2, 1
125, -1, 0
125, -1, 0
125, -2, 0
125, -1, 0
125, -1, 1
125, -1, 0
125, -2, 0
125, -1, 1
125, -2, 0
125, -1, 0
125, -2, 1
128, -1, 0
122, -1, 0
125, -2, 0
125, -1, 1
124, -1, 0
125, -2, 0
126, -1, 1
125, -2, 0
125, -1, 0
124, -1, 0
125, -2, 1
126, -1, 0
124, -1, 0
126, -2, 1
124, -1, 0
125, -2, 0
126, -1, 1
128, -2, 0
122, -1, 0
125, -2, 1
125, -1, 0
125, -2, 0
125, -1, 1
144, -1, 0
106, -2, 0
125, -1, 0
125, -2, 1
126, -1, 0
125, -2, 1
124, -1, 0
125, -2, 0
125, -1, 0
125, -2, 1
125, -1, 0
125, -1, 0
125, -2, 1
125, -2, 0
126, -1, 1
124, -2, 0
125, -1, 0
125, -2, 1
125, -1, 0
124, -2, 0
126, -2, 1
125, -1, 0
125, -1, 0
125, -2, 1
125, -1, 0
125, -2, 0
125, -1, 1
125, -2, 0
125, -1, 0
125, -2, 1
125, -1, 0
125, -2, 0
125, -2, 1
125, -1, 0
125, -2, 0
125, -1, 1
125, -2, 0
125, -1, 0
125, -2, 1
125, -2, 0
125, -2, 0
125, -1, 1
125, -2, 0
125, -1, 0
125, -1, 1
125, -2, 0
125, -1, 0
124, -3, 1
126, -1, 0
125, -2, 1
125, -1, 0
125, -2, 0
125, -1, 1
125, -2, 0
125, -2, 0
125, -1, 1
125, -2, 0
125, -1, 0
125, -2, 1
125, -1, 0
125, -2, 1
125, -2, 0
125, -2, 0
125, -1, 1
125, -2, 0
125, -1, 0
124, -2, 1
125, -2, 0
126, -1, 1
124, -2, 0
125, -1, 0
125, -2, 1
126, -2, 0
125, -2, 1
124, -1, 0
270, -2, 0
233, -2, 1
122, -4, 1
125, -2, 0
126, -2, 0
124, -2, 1
125, -1, 0
126, -2, 1
125, -1, 0
124, -2, 0
125, -2, 1
125, -1, 0
125, -2, 1
125, -2, 0
125, -2, 0
125, -1, 1
125, -2, 0
125, -2, 0
125, -2, 1
125, -1, 0
125, -2, 1
127, -1, 0
127, -2, 0
123, -2, 1
124, -1, 0
126, -2, 1
135, -2, 0
114, -2, 0
125, -1, 1
125, -2, 0
125, -2, 1
125, -2, 0
125, -1, 0
125, -2, 1
125, -2, 0
125, -1, 1
125, -2, 0
125, -2, 0
125, -2, 1
125, -1, 0
125, -2, 1
124, -2, 0
126, -2, 1
125, -1, 0
125, -2, 0
125, -2, 1
125, -1, 0
125, -2, 0
125, -2, 1
126, -2, 0
123, -1, 1
125, -2, 0
125, -2, 1
128, -2, 0
123, -1, 0
124, -2, 1
125, -2, 0
126, -1, 1
128, -2, 0
123, -2, 0
123, -2, 1
125, -1, 0
125, -2, 1
127, -2, 0
124, -2, 1
124, -1, 0
125, -2, 1
125, -2, 0
126, -1, 0
132, -2, 1
118, -2, 0
125, -2, 1
125, -1, 0
125, -2, 0
125, -2, 1
125, -2, 0
125, -1, 1
125, -3, 0
125, -1, 1
125, -1, 0
126, -3, 0
125, -1, 1
124, -2, 0
125, -1, 1
125, -3, 0
125, -1, 1
124, -2, 0
126, -2, 0
126, -2, 1
124, -1, 0
125, -3, 1
125, -1, 0
125, -1, 1
125, -3, 0
125, -1, 1
125, -2, 0
124, -2, 0
126, -2, 1
125, -1, 0
141, -2, 1
108, -2, 0
126, -2, 1
126, -1, 0
126, -2, 1
125, -2, 0
124, -1, 1
123, -2, 0
126, -2, 0
125, -2, 1
125, -1, 0
125, -2, 1
125, -2, 0
125, -2, 1
125, -1, 0
125, -2, 0
125, -2, 1
124, -1, 0
126, -3, 1
125, -1, 0
125, -2, 1
125, -2, 0
125, -1, 1
125, -2, 0
125, -2, 1
125, -1, 0
125, -3, 0
125, -1, 1
125, -1, 0
125, -3, 1
126, -1, 0
124, -2, 1
323, -1, 0
178, -2, 1
123, -5, 1
125, -2, 0
125, -2, 1
125, -1, 0
125, -2, 1
125, -2, 0
125, -2, 0
125, -1, 1
125, -2, 0
125, -1, 1
125, -2, 0
125, -2, 1
125, -2, 0
125, -1, 0
125, -2, 1
125, -2, 0
125, -1, 1
125, -2, 0
125, -1, 1
125, -2, 0
146, -2, 0
104, -2, 1
125, -1, 0
125, -2, 1
128, -1, 0
122, -3, 1
128, -1, 0
123, -1, 0
124, -2, 1
125, -2, 0
125, -2, 1
126, -1, 0
124, -2, 1
126, -1, 0
123, -2, 1
126, -2, 0
125, -2, 0
125, -1, 1
125, -1, 0
125, -2, 1
125, -1, 0
125, -3, 0
125, -1, 1
126, -2, 0
125, -1, 1
124, -2, 0
125, -1, 0
125, -2, 1
125, -2, 0
125, -1, 1
128, -2, 0
124, -1, 0
124, -2, 1
124, -1, 0
126, -2, 1
124, -2, 0
125, -1, 1
125, -2, 0
125, -2, 0
125, -1, 1
125, -1, 0
125, -2, 1
125, -1, 0
126, -2, 0
125, -1, 1
124, -2, 0
125, -2, 1
125, -2, 0
125, -1, 0
125, -2, 1
125, -1, 0
125, -2, 1
125, -1, 0
125, -1, 0
125, -2, 1
125, -1, 0
125, -2, 1
126, -1, 0
124, -2, 1
127, -1, 0
123, -2, 0
125, -1, 1
125, -2, 0
125, -1, 1
125, -2, 0
125, -2, 0
125, -1, 1
125, -1, 0
126, -2, 0
124, -1, 1
125, -2, 0
125, -1, 1
126, -2, 0
124, -1, 0
125, -1, 1
126, -2, 0
128, -1, 1
125, -2, 0
145, -1, 0
104, -1, 1
125, -2, 0
126, -1, 0
140, -2, 1
110, -1, 0
126, -2, 1
126, -1, 0
123, -2, 0
124, -1, 1
145, -1, 0
105, -2, 0
126, -1, 1
125, -2, 0
124, -1, 0
127, -1, 1
125, -1, 0
128, -2, 1
122, -1, 0
124, -2, 0
126, -1, 1
126, -1, 0
123, -2, 0
125, -1, 1
125, -1, 0
124, -1, 0
140, -2, 1
111, -1, 0
124, -2, 0
125, -1, 1
125, -1, 0
130, -2, 0
492, -1, 1
255, -1, 0
124, -7, 2
125, -1, 0
125, -1, 0
125, -2, 1
144, -1, 0
105, -1, 0
125, -1, 1
125, -1, 0
125, -2, 0
128, -1, 1
123, -1, 0
124, -1, 0
127, -2, 1
121, -1, 0
125, -1, 0
125, -1, 1
125, -1, 0
124, -2, 0
125, -1, 0
125, -1, 1
125, -1, 0
125, -2, 0
125, -1, 1
126, -1, 0
125, -1, 0
127, -1, 1
122, -1, 0
125, -1, 0
125, -2, 1
125, -1, 0
125, -1, 0
125, -1, 0
125, -1, 1
125, -1, 0
125, -2, 0
126, -1, 1
124, -1, 0
125, -1, 0
125, -1, 1
125, -1, 0
125, -1, 0
125, -1, 0
125, -1, 1
125, -2, 0
125, -1, 0
125, -1, 0
125, -1, 1
125, -1, 0
126, -1, 0
125, -1, 0
126, -1, 1
123, -1, 0
127, -1, 0
123, -1, 1
124, -1, 0
125, -1, 0
126, -1, 0
125, -1, 1
125, -2, 0
247, -1, 0
128, -2, 1
247, -1, 0
128, -1, 0
125, -1, 1
125, -1, 0
125, -2, 0
247, -1, 1
128, -1, 0
125, -1, 0
125, -1, 0
125, -1, 0
125, -1, 1
125, -1, 0
126, -1, 0
124, -1, 0
125, -1, 1
125, -1, 0
125, -1, 0
247, -1, 0
128, -1, 1
125, -1, 0
125, -1, 0
125, -1, 0
125, -1, 1
247, -2, 0
250, -1, 0
128, -1, 1
125, -1, 0
125, -1, 0
247, -1, 0
128, -1, 0
125, -1, 1
125, -1, 0
247, -1, 0
128, -1, 0
126, -1, 1
246, -1, 0
128, -1, 0
125, -1, 0
125, -1, 0
125, 0, 1
125, -1, 0
125, -1, 0
125, -1, 0
247, -1, 1
128, -1, 0
125, -1, 0
247, -1, 0
128, -1, 0
247, -1, 1
128, -1, 0
247, -1, 0
128, -1, 0
125, -1, 0
270, 0, 1
231, -1, 0
124, -2, 0
247, -1, 0
250, -1, 1
128, -1, 0
247, -1, 0
250, -1, 0
128, -1, 0
247, -1, 0
128, -1, 1
247, -1, 0
250, -1, 0
250, -1, 0
250, -1, 0
128, 0, 1
183, -1, 0
200, -1, 0
239, -1, 0
250, -1, 0
250, -1, 0
250, -1, 0
131, 0, 1
246, -1, 0
248, -1, 0
250, -1, 0
375, -1, 0
250, -1, 0
406, -1, 0
345, -1, 1
250, -1, 0
531, -1, 0
344, -1, 0
404, -1, 0
471, -1, 0
409, -1, 0
501, -1, 0
519, -1, 0
572, -1, 0
635, -1, 0
775, -1, 0
875, -1, 0
1125, -1, 0
1628, -1, 0
16146, 1, 0
1512, 1, 0
305, 0, -1
656, 1, 0
1000, 1, 0
623, 1, 0
799, 1, 0
49, 0, -1
528, 1, 0
625, 1, 0
491, 1, 0
477, 1, 0
251, 0, -1
249, 1, 0
500, 1, 0
376, 1, 0
536, 1, 0
213, 0, -1
132, 1, 0
388, 1, 0
412, 1, 0
382, 1, 0
311, 1, 0
132, 0, -1
124, 1, 0
406, 1, 0
339, 1, 0
377, 1, 0
248, 1, -1
376, 1, 0
249, 1, 0
250, 1, 0
408, 1, 0
95, 0, -1
125, 1, 0
247, 1, 0
375, 1, 0
128, 1, 0
373, 1, 0
127, 0, -1
125, 1, 0
247, 1, 0
250, 1, 0
250, 1, 0
250, 1, -1
251, 1, 0
250, 1, 0
250, 1, 0
250, 1, 0
250, 1, -1
128, 1, 0
400, 1, 0
235, 1, 0
115, 1, 0
125, 1, 0
124, 0, -1
123, 1, 0
247, 1, 0
250, 1, 0
250, 1, 0
128, 1, -1
247, 1, 0
250, 1, 0
127, 1, 0
126, 1, 0
247, 1, 0
128, 0, -1
125, 1, 0
125, 1, 0
247, 1, 0
250, 1, 0
128, 1, 0
125, 1, 0
247, 1, -1
128, 1, 0
247, 1, 0
128, 1, 0
247, 1, 0
128, 1, 0
247, 1, -1
128, 1, 0
125, 1, 0
247, 1, 0
128, 1, 0
247, 1, 0
128, 1, -1
125, 1, 0
247, 1, 0
128, 1, 0
125, 1, 0
248, 1, 0
127, 1, -1
247, 1, 0
128, 1, 0
125, 1, 0
247, 1, 0
128, 1, 0
125, 1, -1
247, 1, 0
128, 1, 0
125, 1, 0
125, 1, 0
125, 0, -1
125, 1, 0
125, 1, 0
125, 1, 0
125, 1, 0
125, 1, 0
247, 1, 0
128, 1, -1
125, 1, 0
125, 1, 0
247, 1, 0
128, 1, 0
125, 1, 0
125, 1, 0
125, 1, -1
125, 1, 0
247, 1, 0
128, 1, 0
125, 1, 0
125, 1, 0
125, 1, -1
125, 1, 0
125, 1, 0
247, 2, 0
250, 1, 0
128, 1, -1
125, 1, 0
125, 1, 0
125, 1, 0
125, 1, 0
124, 1, 0
126, 1, 0
125, 1, -1
125, 1, 0
247, 1, 0
129, 1, 0
125, 1, 0
126, 1, 0
127, 1, -1
120, 1, 0
126, 1, 0
125, 1, 0
124, 1, 0
126, 1, 0
125, 1, -1
125, 1, 0
125, 1, 0
125, 1, 0
125, 1, 0
125, 1, 0
125, 1, 0
125, 1, -1
125, 1, 0
125, 1, 0
125, 1, 0
310, 1, 0
190, 1, 0
125, 3, -1
247, 2, 0
128, 1, 0
125, 1, 0
125, 1, -1
125, 1, 0
125, 1, 0
125, 1, 0
124, 1, 0
126, 1, 0
124, 1, 0
126, 1, -1
125, 1, 0
125, 1, 0
124, 1, 0
128, 1, 0
123, 1, 0
125, 1, -1
124, 1, 0
128, 1, 0
122, 1, 0
125, 1, 0
125, 1, 0
126, 2, 0
125, 0, -1
124, 2, 0
126, 1, 0
143, 1, 0
106, 1, 0
125, 1, 0
125, 1, -1
125, 1, 0
125, 1, 0
126, 1, 0
125, 2, 0
246, 2, -1
128, 1, 0
125, 1, 0
125, 1, 0
125, 2, 0
125, 0, -1
126, 1, 0
124, 2, 0
125, 1, 0
125, 1, 0
125, 1, -1
125, 1, 0
125, 1, 0
125, 2, 0
125, 1, 0
126, 1, 0
124, 1, -1
125, 1, 0
125, 1, 0
125, 1, 0
125, 2, 0
125, 1, -1
126, 1, 0
143, 1, 0
106, 2, 0
125, 1, 0
125, 1, -1
125, 1, 0
125, 1, 0
125, 1, 0
125, 1, 0
125, 2, 0
125, 1, -1
125, 1, 0
125, 1, 0
125, 2, 0
125, 1, 0
125, 1, -1
127, 1, 0
123, 1, 0
125, 2, 0
125, 1, 0
125, 1, -1
125, 1, 0
125, 2, 0
125, 1, 0
126, 1, -1
124, 1, 0
125, 2, 0
125, 1, 0
128, 1, 0
122, 2, -1
125, 1, 0
125, 1, 0
125, 1, 0
125, 2, -1
125, 1, 0
125, 1, 0
125, 1, 0
125, 2, 0
125, 1, -1
125, 2, 0
125, 1, 0
125, 1, 0
125, 1, -1
125, 1, 0
125, 2, 0
125, 1, 0
126, 2, -1
124, 1, 0
126, 1, 0
124, 1, 0
125, 2, 0
125, 1, 0
125, 1, -1
125, 2, 0
125, 1, 0
125, 1, -1
125, 2, 0
125, 1, 0
125, 1, 0
125, 2, 0
125, 1, -1
125, 2, 0
125, 1, 0
125, 1, 0
125, 1, -1
125, 2, 0
125, 1, 0
125, 1, 0
125, 2, -1
125, 1, 0
125, 2, 0
222, 1, 0
29, 2, -1
128, 1, 0
121, 1, 0
125, 1, 0
125, 2, 0
125, 1, -1
125, 1, 0
125, 2, 0
124, 1, -1
126, 2, 0
126, 1, 0
124, 2, 0
125, 1, -1
125, 1, 0
126, 2, 0
124, 1, 0
125, 2, -1
125, 1, 0
125, 1, 0
125, 1, 0
125, 2, -1
125, 1, 0
125, 2, 0
125, 1, 0
125, 1, -1
125, 2, 0
125, 1, 0
125, 2, 0
125, 1, -1
125, 2, 0
125, 1, 0
125, 2, -1
125, 1, 0
125, 2, 0
125, 1, 0
125, 1, 0
125, 2, -1
125, 1, 0
125, 2, 0
125, 1, -1
124, 2, 0
126, 1, 0
125, 2, -1
125, 1, 0
125, 2, 0
125, 1, 0
125, 1, -1
125, 2, 0
125, 1, 0
125, 2, 0
125, 1, -1
125, 2, 0
125, 1, 0
125, 2, -1
125, 1, 0
125, 2, 0
125, 1, 0
125, 1, -1
125, 2, 0
125, 1, 0
125, 2, -1
125, 1, 0
125, 2, 0
125, 1, -1
125, 2, 0
125, 1, 0
125, 2, 0
125, 1, -1
125, 2, 0
125, 2, 0
125, 1, -1
124, 1, 0
126, 2, 0
124, 2, 0
126, 1, -1
125, 2, 0
125, 1, 0
125, 2, -1
125, 1, 0
125, 1, 0
125, 2, -1
125, 1, 0
125, 2, 0
125, 1, 0
125, 2, -1
125, 1, 0
125, 2, 0
125, 2, -1
125, 1, 0
125, 2, 0
125, 1, -1
125, 2, 0
125, 1, 0
125, 2, 0
125, 1, -1
125, 2, 0
125, 1, 0
125, 2, -1
125, 1, 0
125, 2, 0
125, 1, -1
125, 2, 0
125, 1, 0
125, 1, -1
125, 2, 0
125, 2, 0
125, 1, -1
125, 2, 0
125, 1, 0
125, 2, -1
125, 2, 0
125, 1, 0
125, 1, -1
125, 2, 0
125, 1, 0
125, 2, 0
125, 1, -1
125, 2, 0
126, 1, 0
123, 2, -1
125, 2, 0
140, 1, 0
112, 2, -1
123, 1, 0
125, 2, 0
130, 1, -1
132, 2, 0
117, 1, 0
125, 2, -1
122, 1, 0
126, 2, 0
127, 2, -1
265, 1, 0
233, 2, 0
124, 4, -1
125, 2, 0
125, 1, -1
125, 2, 0
124, 1, -1
126, 2, 0
124, 1, 0
125, 2, -1
126, 2, 0
126, 2, 0
126, 1, 0
124, 1, -1
124, 2, 0
125, 1, -1
124, 2, 0
126, 1, 0
125, 2, 0
125, 1, -1
125, 2, 0
125, 1, 0
125, 2, -1
125, 2, 0
125, 1, 0
125, 2, -1
125, 1, 0
126, 2, 0
124, 1, -1
125, 2, 0
125, 1, 0
125, 2, -1
125, 1, 0
124, 2, 0
130, 1, -1
123, 1, 0
126, 3, 0
124, 1, -1
125, 1, 0
122, 2, 0
126, 2, -1
125, 1, 0
125, 2, 0
125, 1, -1
125, 2, 0
124, 1, 0
126, 1, 0
125, 2, -1
124, 1, 0
126, 2, -1
125, 1, 0
125, 2, 0
125, 1, -1
125, 2, 0
125, 2, 0
125, 1, -1
125, 2, 0
125, 1, 0
125, 2, -1
125, 1, 0
125, 2, 0
125, 1, -1
124, 2, 0
126, 1, 0
125, 2, -1
124, 1, 0
126, 2, 0
126, 1, 0
124, 2, -1
125, 1, 0
125, 1, 0
125, 2, -1
125, 2, 0
125, 1, 0
125, 2, -1
125, 1, 0
125, 2, 0
125, 2, -1
125, 1, 0
127, 1, 0
123, 2, -1
125, 1, 0
125, 2, 0
143, 1, -1
108, 2, 0
127, 1, 0
123, 2, -1
123, 1, 0
126, 2, 0
139, 1, 0
111, 1, -1
124, 2, 0
125, 1, 0
125, 2, -1
125, 1, 0
126, 2, 0
125, 1, -1
124, 2, 0
126, 1, -1
129, 2, 0
122, 1, 0
124, 2, 0
125, 1, -1
124, 1, 0
125, 2, 0
126, 1, 0
125, 2, -1
126, 1, 0
124, 2, -1
125, 1, 0
125, 2, 0
124, 1, 0
126, 1, -1
125, 2, 0
124, 1, 0
125, 2, -1
126, 1, 0
125, 2, 0
125, 1, -1
124, 2, 0
125, 1, 0
126, 2, -1
124, 1, 0
125, 1, 0
125, 2, 0
126, 1, -1
124, 2, 0
125, 1, 0
125, 2, -1
125, 1, 0
125, 2, 0
322, 1, -1
179, 2, 0
124, 4, -1
125, 1, 0
125, 2, 0
125, 1, -1
125, 2, 0
125, 1, 0
125, 1, -1
125, 2, 0
125, 1, 0
125, 1, -1
125, 2, 0
125, 1, 0
125, 1, -1
125, 2, 0
125, 1, 0
125, 2, 0
125, 1, -1
125, 2, 0
125, 1, 0
125, 2, -1
125, 1, 0
125, 1, 0
125, 1, -1
125, 1, 0
125, 2, 0
126, 1, 0
124, 2, -1
125, 1, 0
170, 2, -1
83, 1, 0
126, 1, 0
144, 1, 0
106, 2, -1
125, 1, 0
124, 1, 0
126, 2, -1
124, 1, 0
124, 2, 0
125, 1, 0
127, 1, -1
124, 1, 0
124, 2, -1
130, 1, 0
121, 2, 0
129, 1, 0
124, 1, 0
126, 2, -1
122, 1, 0
131, 1, 0
135, 1, 0
121, 2, -1
112, 1, 0
126, 1, -1
124, 1, 0
125, 2, 0
125, 1, 0
125, 1, 0
126, 2, -1
124, 1, 0
125, 1, -1
125, 1, 0
125, 2, 0
125, 1, 0
125, 1, -1
125, 1, 0
125, 2, 0
126, 1, 0
124, 1, -1
125, 1, 0
127, 1, 0
124, 2, -1
125, 1, 0
125, 1, 0
125, 1, 0
125, 2, -1
125, 1, 0
125, 1, 0
125, 1, 0
125, 2, -1
121, 1, 0
126, 1, 0
125, 1, -1
125, 1, 0
124, 2, 0
248, 2, -1
128, 1, 0
125, 1, 0
125, 1, 0
125, 2, -1
124, 1, 0
126, 1, 0
124, 1, 0
125, 1, 0
126, 1, -1
125, 1, 0
125, 1, 0
125, 1, -1
125, 2, 0
125, 1, 0
125, 1, 0
125, 1, -1
125, 1, 0
124, 1, 0
126, 1, 0
126, 1, -1
124, 1, 0
125, 1, 0
125, 1, 0
125, 2, -1
247, 2, 0
128, 1, 0
247, 2, -1
128, 1, 0
125, 1, 0
124, 1, 0
125, 1, -1
126, 1, 0
125, 1, 0
125, 1, 0
124, 1, -1
126, 1, 0
144, 1, 0
105, 1, 0
125, 1, 0
125, 1, -1
125, 1, 0
125, 1, 0
248, 2, -1
252, 1, 0
125, 1, 0
125, 1, 0
125, 1, 0
125, 1, -1
125, 1, 0
126, 1, 0
124, 1, 0
125, 1, 0
125, 1, -1
248, 1, 0
131, 1, 0
121, 1, 0
125, 1, -1
141, 1, 0
231, 1, 0
128, 1, -1
125, 1, 0
125, 1, 0
125, 1, 0
125, 1, 0
125, 0, -1
125, 1, 0
125, 1, 0
125, 1, 0
125, 1, 0
247, 1, -1
128, 1, 0
125, 1, 0
247, 1, 0
128, 1, 0
247, 1, -1
128, 1, 0
125, 1, 0
247, 1, 0
128, 1, -1
125, 1, 0
247, 1, 0
128, 1, 0
247, 1, 0
128, 1, -1
247, 1, 0
128, 1, 0
251, 1, 0
248, 1, -1
126, 1, 0
247, 1, 0
250, 1, 0
128, 1, 0
125, 0, -1
138, 1, 0
234, 1, 0
250, 1, 0
250, 1, 0
131, 0, -1
126, 1, 0
251, 1, 0
243, 1, 0
249, 1, 0
252, 1, -1
248, 1, 0
382, 1, 0
247, 1, 0
247, 1, 0
131, 0, -1
245, 1, 0
376, 1, 0
408, 1, 0
340, 1, 0
502, 1, -1
539, 1, 0
498, 1, 0
621, 1, 0
598, 0, -1
119, 1, 0
1374, 1, 0
7058, -1, 0
2113, -1, 0
1330, -1, 0
1157, -1, 0
96, 0, -1
776, -1, 0
719, -1, 0
752, -1, 0
623, -1, 0
625, -1, 0
533, -1, 0
539, -1, 0
428, -1, 0
499, -1, 0
404, -1, 0
400, -1, 0
349, -1, 0
399, -1, 0
78, 0, -1
245, -1, 0
404, -1, 0
222, -1, 0
407, -1, 0
217, -1, 0
405, -1, 0
220, -1, 0
406, -1, 0
219, -1, 0
250, -1, 0
250, -1, 0
250, -1, 0
250, -1, 0
250, -1, 0
268, -1, 0
232, -1, 0
250, -1, 0
250, -1, 0
131, -1, 0
244, -1, 0
250, -1, 0
250, -1, 0
250, -1, 0
131, -1, 0
244, -1, 0
250, -1, 0
131, -1, 0
244, -1, 0
131, -1, 0
244, -1, 0
131, -1, 0
244, -1, 0
251, -1, 0
131, -1, 0
124, -1, 0
244, -1, 1
131, -1, 0
244, -1, 0
130, -1, 0
126, -1, 0
244, -1, 0
131, -1, 0
125, -1, 0
244, -1, 0
131, -1, 0
125, -1, 0
244, -1, 0
128, -1, 1
247, -1, 0
128, -1, 0
125, -1, 0
125, -1, 0
125, -1, 0
247, -1, 0
128, -1, 0
125, -1, 0
125, -1, 0
125, -1, 1
247, -1, 0
128, -1, 0
125, -1, 0
125, -1, 0
125, -1, 0
125, -1, 0
247, -1, 0
128, -1, 1
125, -1, 0
125, -1, 0
125, -1, 0
125, -1, 0
218, -1, 0
32, -1, 0
135, -1, 0
115, -1, 1
247, -1, 0
128, -1, 0
125, -1, 0
126, -1, 0
124, -1, 0
125, -1, 0
125, -1, 0
125, -1, 1
125, -1, 0
125, -1, 0
125, -1, 0
125, -1, 0
124, -1, 0
126, -1, 1
125, -1, 0
125, -1, 0
125, -1, 0
125, -1, 0
124, -1, 0
126, -1, 0
124, -1, 1
126, -1, 0
125, -1, 0
125, -1, 0
125, -1, 0
124, -1, 0
126, -1, 0
125, -2, 1
125, -1, 0
125, -1, 0
125, -1, 0
125, -1, 0
125, -1, 1
125, -1, 0
125, -1, 0
124, -1, 0
126, -1, 0
125, -1, 0
125, -2, 0
125, -1, 1
125, -1, 0
125, -1, 0
125, -1, 0
125, -1, 0
125, -1, 1
125, -2, 0
125, -1, 0
125, -1, 0
125, -1, 0
125, -1, 1
125, -1, 0
125, -2, 0
125, -1, 0
125, -1, 1
125, -1, 0
124, -1, 0
126, -1, 0
124, -1, 0
126, -2, 0
125, -1, 1
125, -1, 0
125, -1, 0
125, -2, 0
125, -1, 1
125, -1, 0
125, -1, 0
124, -1, 0
126, -2, 1
125, -1, 0
125, -1, 0
124, -1, 0
126, -2, 1
124, -1, 0
126, -1, 0
125, -1, 0
124, -2, 0
126, -1, 1
125, -1, 0
125, -2, 0
125, -1, 0
124, -1, 1
125, -1, 0
125, -2, 0
126, -1, 0
125, -1, 0
129, -1, 1
121, -2, 0
125, -1, 0
125, -2, 1
124, -1, 0
126, -1, 0
125, -1, 0
125, -2, 0
125, -1, 1
124, -1, 0
126, -2, 0
125, -1, 1
124, -2, 0
125, -1, 0
125, -1, 0
125, -2, 1
126, -1, 0
124, -1, 0
125, -1, 0
125, -2, 1
125, -1, 0
126, -2, 0
125, -1, 1
124, -2, 0
125, -1, 0
125, -2, 0
125, -1, 1
125, -1, 0
125, -1, 0
125, -2, 1
125, -2, 0
247, -2, 1
128, -1, 0
125, -2, 0
125, -1, 0
125, -2, 1
125, -1, 0
126, -1, 0
124, -2, 0
125, -1, 1
125, -2, 0
125, -1, 0
264, -2, 1
237, -1, 0
124, -5, 1
125, -1, 0
125, -1, 0
125, -2, 1
125, -1, 0
125, -2, 0
125, -1, 1
125, -2, 0
125, -1, 0
125, -2, 1
125, -1, 0
125, -2, 0
125, -1, 1
125, -2, 0
125, -2, 0
125, -1, 0
125, -2, 1
125, -1, 0
125, -2, 1
125, -1, 0
125, -2, 0
125, -1, 0
125, -2, 1
125, -1, 0
125, -2, 0
127, -1, 1
123, -1, 0
125, -2, 0
125, -1, 1
125, -2, 0
128, -2, 0
122, -2, 1
125, -1, 0
127, -2, 0
123, -1, 1
125, -2, 0
125, -1, 0
125, -1, 0
125, -2, 1
127, -2, 0
124, -2, 0
125, -1, 1
127, -2, 0
123, -1, 0
126, -2, 1
125, -1, 0
124, -2, 1
125, -2, 0
127, -1, 0
123, -2, 1
125, -1, 0
125, -2, 0
125, -1, 1
125, -2, 0
125, -2, 0
125, -2, 1
125, -1, 0
142, -2, 0
108, -1, 1
124, -1, 0
125, -2, 0
126, -2, 1
124, -2, 0
126, -1, 1
124, -2, 0
126, -1, 0
125, -2, 1
124, -2, 0
125, -2, 0
126, -1, 1
124, -1, 0
125, -2, 0
126, -2, 1
124, -2, 0
126, -1, 0
125, -2, 1
124, -1, 0
126, -2, 1
125, -2, 0
125, -2, 0
125, -1, 1
124, -1, 0
125, -2, 0
126, -2, 1
126, -2, 0
123, -1, 0
124, -2, 1
125, -2, 0
127, -2, 1
126, -1, 0
123, -2, 0
125, -2, 1
136, -2, 0
117, -1, 0
126, -1, 1
123, -2, 0
127, -2, 1
142, -2, 0
106, -1, 0
123, -2, 1
125, -2, 0
126, -1, 1
125, -2, 0
123, -2, 0
126, -2, 1
126, -1, 0
124, -2, 0
126, -1, 1
125, -2, 0
125, -2, 1
125, -2, 0
125, -1, 0
125, -2, 1
125, -2, 0
125, -2, 0
125, -1, 1
125, -2, 0
125, -2, 0
125, -1, 1
125, -2, 0
125, -2, 1
141, -2, 0
109, -1, 0
125, -2, 1
125, -2, 0
125, -2, 0
125, -1, 1
125, -2, 0
125, -2, 1
337, -1, 0
162, -2, 0
126, -5, 2
124, -2, 0
125, -2, 0
125, -2, 1
195, -1, 0
55, -2, 0
125, -2, 1
125, -1, 0
125, -2, 1
125, -2, 0
125, -2, 1
125, -1, 0
125, -3, 0
125, -1, 1
125, -2, 0
125, -2, 0
125, -2, 1
125, -1, 0
125, -1, 0
125, -3, 1
125, -1, 0
125, -2, 1
125, -2, 0
126, -2, 1
124, -1, 0
125, -2, 0
125, -2, 1
125, -2, 0
125, -1, 0
125, -2, 1
125, -2, 0
125, -1, 0
125, -2, 1
125, -2, 0
126, -2, 1
124, -1, 0
125, -2, 0
125, -2, 1
125, -2, 0
125, -1, 1
125, -2, 0
125, -2, 0
126, -1, 0
126, -2, 1
124, -2, 0
124, -2, 1
125, -1, 0
125, -2, 1
125, -2, 0
125, -2, 0
125, -1, 1
125, -2, 0
125, -2, 0
125, -1, 1
125, -2, 0
125, -2, 0
125, -2, 1
125, -1, 0
125, -2, 1
126, -2, 0
125, -2, 1
124, -1, 0
125, -2, 0
125, -2, 1
125, -1, 0
125, -2, 0
125, -2, 1
125, -2, 0
125, -1, 0
125, -2, 1
125, -2, 0
125, -2, 1
125, -1, 0
125, -2, 0
125, -2, 1
126, -1, 0
124, -2, 0
125, -2, 1
124, -2, 0
126, -1, 1
125, -2, 0
125, -2, 0
125, -2, 1
125, -1, 0
125, -2, 1
125, -1, 0
125, -2, 0
125, -2, 1
125, -1, 0
125, -2, 0
125, -2, 1
125, -2, 0
145, -1, 0
105, -2, 1
126, -1, 0
124, -3, 1
125, -1, 0
125, -1, 0
125, -2, 1
125, -2, 0
125, -2, 0
125, -1, 1
125, -2, 0
125, -2, 0
125, -2, 1
189, -1, 0
69, -2, 0
124, -1, 1
169, -2, 0
78, -2, 1
125, -1, 0
124, -2, 0
125, -1, 1
125, -2, 0
132, -2, 0
121, -2, 1
125, -1, 0
125, -2, 0
125, -2, 1
128, -1, 0
124, -2, 0
123, -1, 1
123, -2, 0
124, -2, 0
126, -1, 1
125, -2, 0
124, -2, 1
125, -1, 0
125, -2, 0
125, -1, 0
616, -2, 1
260, -2, 0
124, -9, 2
125, -2, 1
125, -2, 0
126, -1, 0
124, -1, 0
126, -2, 1
124, -1, 0
125, -2, 0
126, -2, 1
124, -2, 0
125, -1, 1
125, -2, 0
125, -1, 0
125, -2, 1
125, -1, 0
125, -2, 0
125, -2, 0
125, -1, 1
125, -2, 0
139, -1, 0
109, -2, 1
124, -1, 0
129, -2, 0
121, -1, 1
125, -2, 0
125, -1, 0
126, -2, 1
124, -1, 0
126, -2, 0
124, -2, 1
125, -1, 0
125, -2, 0
125, -1, 0
125, -2, 1
125, -1, 0
126, -2, 0
125, -1, 1
125, -2, 0
124, -1, 0
125, -1, 1
125, -2, 0
125, -1, 0
126, -2, 0
127, -1, 1
123, -2, 0
125, -1, 0
124, -2, 1
125, -1, 0
126, -2, 0
125, -1, 0
124, -2, 1
125, -1, 0
125, -2, 0
125, -1, 1
125, -1, 0
125, -2, 0
126, -1, 1
124, -2, 0
125, -1, 0
146, -2, 0
104, -1, 1
125, -1, 0
126, -2, 0
124, -1, 0
125, -2, 1
125, -1, 0
126, -2, 0
125, -1, 0
124, -2, 1
126, -1, 0
125, -1, 0
125, -2, 1
124, -1, 0
126, -1, 0
124, -1, 0
127, -2, 1
124, -1, 0
124, -2, 0
125, -1, 0
125, -2, 1
125, -1, 0
126, -1, 0
124, -1, 0
128, -2, 1
124, -1, 0
123, -1, 0
126, -2, 0
125, -1, 1
124, -2, 0
125, -1, 0
125, -1, 0
140, -1, 1
110, -2, 0
125, -1, 0
125, -2, 0
126, -1, 1
125, -1, 0
129, -1, 0
121, -1, 0
145, -2, 1
105, -1, 0
125, -2, 0
125, -1, 0
125, -1, 0
124, -1, 1
126, -2, 0
125, -1, 0
125, -1, 0
125, -1, 1
124, -1, 0
126, -2, 0
125, -1, 0
125, -1, 0
125, -1, 1
125, -2, 0
139, -1, 0
110, -1, 0
126, -1, 0
124, -1, 0
125, -2, 1
126, -1, 0
125, -1, 0
124, -1, 0
125, -1, 1
125, -1, 0
125, -2, 0
274, -1, 0
230, -1, 0
121, -3, 1
124, -2, 0
125, -1, 0
125, -1, 1
125, -1, 0
126, -1, 0
124, -1, 0
126, -1, 0
124, -2, 1
125, -1, 0
125, -1, 0
125, -1, 0
125, -1, 0
125, -1, 0
126, -1, 1
124, -1, 0
125, -1, 0
125, -1, 0
125, -1, 0
125, -2, 1
125, -1, 0
247, -2, 0
128, -1, 0
125, -1, 0
128, -1, 1
123, -1, 0
125, -1, 0
125, -1, 0
125, -1, 0
125, -1, 0
125, -1, 1
125, -1, 0
125, -1, 0
125, -1, 0
125, -1, 0
125, -1, 0
125, -1, 0
125, -1, 1
125, -1, 0
125, -1, 0
125, -1, 0
125, -1, 0
247, -1, 0
128, -1, 1
125, -1, 0
126, -1, 0
166, -1, 0
85, -1, 0
137, -1, 0
113, -1, 0
126, -1, 1
125, -1, 0
125, -1, 0
245, -1, 0
129, -1, 0
125, -1, 0
125, -1, 0
126, 0, 1
125, -1, 0
124, -1, 0
125, -1, 0
126, -1, 0
125, -1, 0
244, -1, 0
131, -1, 0
125, -1, 1
125, -1, 0
244, -1, 0
131, -1, 0
124, -1, 0
245, -1, 0
131, -1, 0
125, -1, 0
244, -1, 0
131, -1, 1
125, -1, 0
244, -1, 0
130, -1, 0
244, -1, 0
131, -1, 0
244, -1, 0
132, -1, 0
125, -1, 0
125, 0, 1
124, -1, 0
126, -1, 0
244, -1, 0
130, -1, 0
246, -1, 0
249, -1, 0
250, -1, 0
128, -1, 0
247, -1, 0
250, -1, 0
250, -1, 0
252, -1, 1
129, -1, 0
248, -1, 0
248, -1, 0
404, -1, 0
219, -1, 0
250, -1, 0
250, -1, 0
250, -1, 0
378, -1, 0
247, -1, 0
252, -1, 0
373, -1, 0
407, -1, 0
218, -1, 0
403, -1, 0
501, -1, 0
347, -1, 0
403, -1, 0
630, -1, 0
370, -1, 0
627, -1, 0
625, -1, 0
749, -1, 0
971, -1, 0
1287, -1, 0
7271, 0, -1
6280, 1, 0
1325, 1, 0
1127, 1, 0
745, 1, 0
718, 1, 0
752, 1, 0
533, 1, 0
601, 1, 0
528, 1, 0
506, 1, 0
482, 1, 0
361, 1, 0
485, 1, 0
407, 1, 0
501, 1, 0
215, 1, 0
408, 1, 0
342, 1, 0
406, 1, 0
218, 1, 0
251, 1, 0
375, 1, 0
249, 1, 0
376, 1, 0
250, 1, 0
250, 1, 0
250, 1, 0
250, 0, -1
127, 1, 0
247, 1, 0
250, 1, 0
250, 1, 0
250, 1, 0
250, 1, 0
250, 1, 0
251, 1, 0
249, 1, 0
128, 1, 0
247, 1, 0
250, 1, 0
130, 0, -1
123, 1, 0
247, 1, 0
128, 1, 0
247, 1, 0
250, 1, 0
128, 1, 0
248, 1, 0
249, 1, 0
128, 1, 0
247, 1, 0
128, 1, -1
248, 1, 0
127, 1, 0
247, 1, 0
250, 1, 0
128, 1, 0
247, 1, 0
128, 1, 0
125, 1, 0
247, 1, 0
128, 1, 0
247, 1, -1
128, 1, 0
125, 1, 0
247, 1, 0
128, 1, 0
125, 1, 0
247, 1, 0
129, 1, 0
247, 1, 0
127, 1, 0
125, 1, 0
125, 0, -1
125, 1, 0
126, 1, 0
126, 1, 0
246, 1, 0
127, 1, 0
125, 1, 0
125, 1, 0
247, 1, 0
128, 1, 0
125, 1, 0
126, 1, -1
124, 1, 0
247, 1, 0
128, 1, 0
125, 1, 0
125, 1, 0
126, 1, 0
246, 1, 0
129, 1, 0
124, 1, 0
125, 1, -1
125, 1, 0
125, 1, 0
247, 1, 0
129, 1, 0
124, 1, 0
125, 1, 0
125, 1, 0
125, 1, 0
125, 1, 0
125, 1, -1
125, 1, 0
125, 1, 0
247, 1, 0
128, 1, 0
125, 1, 0
125, 1, 0
125, 1, 0
125, 1, 0
125, 1, 0
305, 1, -1
195, 1, 0
126, 3, 0
124, 1, 0
247, 2, 0
129, 1, 0
124, 1, -1
125, 1, 0
125, 1, 0
247, 2, 0
128, 1, 0
125, 1, 0
125, 1, 0
247, 2, -1
128, 1, 0
125, 1, 0
125, 1, 0
125, 1, 0
125, 1, 0
125, 1, 0
125, 1, 0
126, 1, 0
124, 1, 0
125, 1, -1
125, 1, 0
125, 1, 0
125, 1, 0
125, 1, 0
125, 2, 0
125, 1, 0
125, 1, -1
125, 1, 0
125, 1, 0
125, 1, 0
125, 1, 0
125, 1, 0
125, 1, 0
125, 2, 0
125, 1, -1
125, 1, 0
125, 1, 0
125, 1, 0
125, 1, 0
125, 2, 0
247, 2, -1
128, 1, 0
125, 1, 0
125, 1, 0
125, 1, 0
125, 2, 0
143, 1, 0
107, 1, -1
125, 1, 0
125, 1, 0
125, 1, 0
125, 2, 0
125, 1, 0
125, 1, 0
125, 1, -1
125, 1, 0
125, 2, 0
125, 1, 0
125, 1, 0
125, 1, 0
125, 1, 0
125, 2, -1
125, 1, 0
125, 1, 0
125, 1, 0
125, 2, 0
125, 1, 0
125, 1, 0
125, 1, -1
125, 2, 0
125, 1, 0
125, 1, 0
125, 1, 0
125, 2, 0
126, 1, 0
129, 1, -1
121, 1, 0
125, 1, 0
144, 2, 0
105, 1, 0
125, 2, -1
125, 1, 0
125, 1, 0
126, 1, 0
124, 2, 0
125, 1, 0
126, 1, 0
125, 1, -1
124, 1, 0
125, 2, 0
125, 1, 0
125, 2, 0
126, 1, -1
124, 1, 0
125, 2, 0
125, 1, 0
125, 1, 0
126, 1, 0
124, 2, -1
126, 1, 0
124, 2, 0
126, 1, 0
124, 1, 0
126, 1, 0
124, 2, -1
125, 1, 0
125, 2, 0
125, 1, 0
125, 1, 0
126, 2, -1
124, 1, 0
125, 2, 0
125, 1, 0
125, 1, 0
126, 2, -1
124, 1, 0
125, 1, 0
126, 2, 0
124, 1, 0
125, 2, -1
125, 1, 0
125, 1, 0
125, 2, 0
125, 1, 0
222, 2, -1
30, 1, 0
131, 2, 0
117, 1, 0
125, 1, 0
126, 2, -1
125, 1, 0
124, 1, 0
125, 2, 0
125, 1, 0
126, 2, -1
124, 1, 0
125, 1, 0
125, 2, 0
125, 1, -1
125, 2, 0
125, 1, 0
125, 2, 0
126, 1, 0
124, 2, 0
125, 1, -1
125, 1, 0
125, 2, 0
125, 1, 0
125, 2, -1
125, 1, 0
125, 2, 0
125, 1, 0
125, 2, 0
126, 1, -1
124, 2, 0
125, 1, 0
125, 2, 0
125, 1, -1
143, 2, 0
107, 1, 0
125, 2, 0
125, 2, -1
125, 1, 0
125, 2, 0
128, 1, 0
122, 2, -1
125, 1, 0
125, 1, 0
125, 2, 0
125, 1, 0
125, 2, -1
125, 1, 0
125, 2, 0
125, 1, 0
125, 2, 0
125, 2, -1
125, 1, 0
125, 2, 0
125, 1, 0
125, 2, -1
125, 1, 0
125, 2, 0
125, 1, 0
125, 2, -1
125, 1, 0
125, 2, 0
125, 1, 0
125, 2, -1
126, 2, 0
125, 2, 0
124, 1, 0
125, 1, 0
125, 2, -1
125, 1, 0
125, 2, 0
125, 1, -1
125, 2, 0
125, 2, 0
125, 1, 0
125, 2, -1
125, 2, 0
125, 1, 0
125, 1, 0
125, 2, -1
125, 1, 0
125, 2, 0
125, 1, 0
125, 2, -1
125, 2, 0
125, 2, 0
126, 1, 0
124, 2, -1
125, 1, 0
125, 1, 0
125, 2, 0
125, 2, -1
127, 2, 0
123, 1, 0
125, 2, 0
125, 1, -1
125, 2, 0
125, 1, 0
125, 2, 0
125, 2, -1
125, 2, 0
125, 1, 0
125, 1, 0
125, 2, -1
125, 1, 0
125, 2, 0
125, 2, 0
126, 2, -1
124, 1, 0
125, 2, -1
125, 1, 0
126, 2, 0
126, 2, 0
123, 1, 0
124, 2, -1
125, 1, 0
125, 2, 0
125, 1, -1
125, 3, 0
125, 1, 0
125, 2, -1
125, 1, 0
125, 2, 0
125, 1, 0
125, 2, -1
125, 2, 0
125, 1, 0
125, 2, -1
125, 1, 0
125, 2, 0
125, 2, 0
125, 2, -1
125, 1, 0
264, 2, 0
237, 1, 0
124, 5, -1
127, 2, -1
123, 1, 0
125, 2, 0
125, 1, 0
131, 3, -1
121, 1, 0
124, 2, 0
125, 1, -1
128, 2, 0
125, 1, 0
126, 2, -1
122, 2, 0
124, 1, 0
125, 2, 0
125, 1, -1
125, 2, 0
125, 2, 0
125, 2, -1
125, 1, 0
125, 2, 0
125, 1, -1
125, 2, 0
125, 2, 0
125, 1, 0
126, 2, -1
124, 1, 0
125, 2, 0
126, 2, -1
124, 2, 0
126, 1, 0
125, 2, 0
124, 1, -1
125, 2, 0
125, 1, 0
125, 2, 0
126, 2, -1
124, 1, 0
125, 2, 0
126, 1, -1
125, 2, 0
145, 2, 0
104, 2, -1
125, 1, 0
125, 2, 0
125, 1, 0
125, 2, -1
125, 1, 0
126, 2, 0
124, 2, -1
125, 1, 0
125, 2, 0
126, 1, -1
124, 2, 0
124, 2, 0
126, 2, -1
126, 1, 0
124, 1, 0
125, 2, -1
125, 2, 0
124, 1, 0
126, 2, -1
125, 2, 0
125, 1, 0
125, 2, -1
125, 1, 0
125, 2, 0
125, 1, 0
125, 3, -1
125, 1, 0
125, 1, 0
125, 2, -1
125, 1, 0
125, 2, 0
125, 1, -1
125, 2, 0
124, 2, 0
126, 2, -1
125, 1, 0
125, 2, 0
125, 1, -1
125, 1, 0
125, 2, 0
125, 1, 0
125, 2, -1
125, 2, 0
125, 2, 0
125, 1, -1
125, 2, 0
125, 1, 0
125, 2, -1
125, 1, 0
125, 2, 0
125, 1, 0
125, 2, -1
125, 1, 0
125, 2, 0
125, 2, -1
125, 1, 0
125, 2, -1
125, 1, 0
125, 2, 0
125, 1, 0
125, 2, -1
125, 1, 0
125, 1, 0
124, 2, -1
126, 2, 0
124, 1, 0
126, 2, -1
125, 1, 0
125, 2, 0
124, 2, 0
126, 1, -1
124, 2, 0
126, 1, 0
125, 1, -1
124, 2, 0
126, 1, 0
125, 2, -1
125, 1, 0
125, 2, 0
125, 1, -1
124, 2, 0
125, 1, 0
126, 2, -1
124, 1, 0
126, 1, 0
124, 2, 0
313, 1, -1
189, 2, 0
124, 4, -1
125, 2, 0
125, 1, -1
125, 2, 0
125, 1, 0
125, 2, 0
125, 1, -1
125, 1, 0
125, 2, 0
125, 1, -1
125, 2, 0
124, 1, 0
125, 2, -1
126, 1, 0
125, 1, 0
125, 2, 0
124, 1, -1
125, 1, 0
126, 1, 0
125, 2, -1
125, 1, 0
125, 2, 0
125, 1, 0
125, 2, -1
124, 1, 0
126, 2, 0
125, 1, -1
125, 1, 0
125, 1, 0
128, 2, 0
121, 1, -1
126, 1, 0
124, 2, 0
126, 1, -1
125, 2, 0
125, 1, 0
128, 1, -1
122, 1, 0
124, 2, 0
125, 1, 0
125, 1, 0
125, 2, -1
125, 1, 0
125, 1, 0
125, 1, -1
125, 2, 0
125, 1, 0
125, 2, -1
125, 1, 0
125, 1, 0
125, 1, -1
125, 1, 0
126, 2, 0
124, 1, 0
125, 1, 0
125, 1, -1
128, 2, 0
126, 1, 0
141, 1, -1
109, 1, 0
125, 2, 0
125, 1, -1
124, 1, 0
125, 1, 0
127, 1, 0
125, 2, -1
124, 1, 0
124, 1, 0
125, 1, 0
132, 1, -1
120, 1, 0
124, 2, 0
125, 1, 0
124, 1, -1
137, 1, 0
113, 1, 0
126, 2, 0
124, 0, -1
127, 2, 0
125, 1, 0
124, 1, -1
125, 1, 0
125, 1, 0
125, 1, 0
126, 2, -1
127, 1, 0
244, 2, 0
128, 1, -1
125, 1, 0
125, 1, 0
125, 1, 0
125, 1, -1
125, 1, 0
125, 1, 0
125, 1, 0
125, 1, -1
125, 1, 0
125, 1, 0
125, 1, 0
125, 1, 0
126, 1, -1
125, 1, 0
124, 1, 0
125, 1, 0
125, 1, -1
125, 1, 0
125, 1, 0
123, 1, 0
125, 1, -1
125, 1, 0
125, 1, 0
124, 1, 0
125, 1, 0
126, 1, -1
124, 1, 0
125, 1, 0
126, 1, 0
129, 1, 0
121, 0, -1
124, 1, 0
125, 1, 0
126, 1, 0
124, 1, 0
126, 1, -1
126, 1, 0
122, 1, 0
247, 1, 0
128, 1, -1
236, 1, 0
265, 1, 0
125, 2, -1
124, 1, 0
125, 1, 0
247, 1, 0
128, 1, -1
145, 1, 0
227, 1, 0
133, 1, 0
120, 1, 0
248, 1, -1
127, 1, 0
125, 1, 0
247, 1, 0
135, 0, -1
127, 1, 0
121, 1, 0
242, 1, 0
131, 1, 0
124, 1, 0
246, 1, -1
251, 1, 0
130, 1, 0
246, 1, 0
269, 1, 0
113, 0, -1
124, 1, 0
125, 1, 0
243, 1, 0
250, 1, 0
249, 1, -1
251, 1, 0
250, 1, 0
250, 1, 0
249, 1, 0
252, 0, -1
130, 1, 0
264, 1, 0
354, 1, 0
375, 1, 0
131, 0, -1
144, 1, 0
350, 1, 0
501, 1, 0
503, 1, 0
246, 0, -1
250, 1, 0
573, 1, 0
591, 1, 0
762, 1, 0
1594, 1, 0
3481, 0, -1
3255, -1, 0
1407, -1, 0
1134, -1, 0
704, 0, -1
130, -1, 0
784, -1, 0
460, -1, 0
662, -1, 0
340, 0, -1
126, -1, 0
533, -1, 0
339, -1, 0
543, -1, 0
334, -1, 0
373, -1, 0
250, 0, -1
128, -1, 0
247, -1, 0
388, -1, 0
399, -1, 0
213, -1, 0
250, -1, 0
376, -1, 0
249, -1, 0
250, -1, 0
250, -1, 0
250, -1, 0
250, -1, 0
127, 0, -1
128, -1, 0
245, -1, 0
250, -1, 0
250, -1, 0
250, -1, 0
433, -1, 0
198, -1, 0
121, -1, 0
125, -1, 0
247, -1, 0
250, -1, 0
128, -1, 0
247, -1, 0
250, -1, 0
128, -1, 0
125, -1, 0
247, -1, 0
250, -1, 0
128, -1, 0
125, -1, 0
263, -1, 0
114, -1, 0
244, -1, 0
131, -1, 0
245, -1, 0
131, -1, 0
244, -1, 0
131, -1, 0
125, -1, 0
124, -1, 0
245, -1, 0
130, -1, 0
141, -1, 0
228, -1, 0
131, -1, 0
125, -1, 0
126, -1, 0
243, -1, 0
132, -1, 0
124, -1, 0
126, -1, 0
125, -1, 0
124, 0, 1
126, -1, 0
124, -1, 0
125, -1, 0
126, -1, 0
124, -1, 0
244, -1, 0
132, -1, 0
124, -1, 0
125, -1, 0
125, -1, 0
125, -1, 0
126, -1, 1
124, -1, 0
245, -2, 0
249, -1, 0
131, -1, 0
125, -1, 0
126, -1, 0
124, -1, 0
123, -1, 1
124, -1, 0
125, -1, 0
125, -1, 0
126, -1, 0
124, -1, 0
126, -1, 0
124, -1, 0
126, -1, 0
125, -1, 1
124, -1, 0
126, -1, 0
127, -1, 0
122, -1, 0
125, -1, 0
126, -1, 0
124, -1, 0
128, -1, 1
123, -2, 0
248, -2, 0
129, -1, 0
124, -1, 0
125, -1, 0
125, -1, 1
127, -1, 0
123, -1, 0
124, -1, 0
125, -1, 0
125, -1, 0
126, -1, 1
124, -2, 0
125, -1, 0
126, -1, 0
125, -1, 0
125, -1, 0
124, -1, 1
125, -2, 0
125, -1, 0
248, -2, 0
127, -1, 0
126, -1, 0
124, -2, 1
125, -1, 0
125, -1, 0
125, -1, 0
125, -1, 1
125, -2, 0
126, -1, 0
124, -1, 0
126, -1, 0
124, -1, 1
125, -2, 0
125, -1, 0
125, -1, 0
125, -1, 0
125, -2, 1
125, -1, 0
219, -2, 0
30, -1, 0
130, -1, 0
121, -1, 1
124, -1, 0
125, -2, 0
126, -1, 0
125, -1, 1
124, -2, 0
125, -1, 0
125, -1, 0
125, -2, 0
125, -1, 1
125, -2, 0
125, -1, 0
126, -1, 0
124, -2, 1
125, -1, 0
125, -1, 0
125, -1, 0
126, -2, 1
124, -1, 0
125, -2, 0
125, -1, 0
125, -2, 0
125, -1, 1
125, -1, 0
125, -2, 0
125, -1, 0
126, -2, 1
124, -1, 0
125, -2, 0
125, -1, 0
125, -1, 1
125, -2, 0
125, -1, 0
125, -1, 1
125, -2, 0
125, -1, 0
125, -2, 0
125, -1, 1
125, -1, 0
125, -2, 0
125, -1, 1
125, -2, 0
125, -2, 0
125, -1, 0
125, -2, 1
125, -1, 0
127, -2, 0
124, -1, 1
125, -2, 0
124, -1, 0
126, -2, 0
124, -1, 1
126, -2, 0
124, -1, 0
126, -2, 1
124, -1, 0
126, -2, 0
125, -2, 0
126, -1, 1
124, -2, 0
124, -1, 0
126, -2, 1
125, -1, 0
124, -2, 0
125, -2, 1
125, -2, 0
126, -1, 0
125, -2, 1
124, -1, 0
125, -2, 0
126, -1, 1
125, -2, 0
124, -2, 0
125, -1, 0
126, -2, 1
124, -1, 0
126, -2, 1
125, -2, 0
124, -2, 0
125, -1, 0
125, -1, 1
126, -2, 0
125, -2, 1
125, -2, 0
124, -1, 0
125, -2, 1
125, -1, 0
133, -2, 0
120, -2, 1
124, -2, 0
127, -1, 0
126, -2, 1
122, -2, 0
123, -1, 0
127, -2, 1
138, -1, 0
112, -3, 1
124, -1, 0
125, -2, 0
142, -1, 1
109, -3, 0
140, -1, 1
110, -1, 0
125, -2, 0
126, -2, 1
124, -2, 0
125, -1, 0
124, -2, 1
125, -2, 0
125, -2, 0
125, -1, 1
125, -2, 0
125, -2, 1
125, -1, 0
125, -3, 1
125, -1, 0
125, -2, 0
125, -1, 0
125, -3, 1
125, -1, 0
125, -2, 1
125, -2, 0
125, -2, 0
125, -1, 1
125, -2, 0
125, -2, 1
125, -1, 0
125, -2, 0
125, -2, 1
125, -2, 0
267, -1, 0
234, -3, 1
124, -5, 1
125, -1, 0
125, -2, 1
125, -2, 0
125, -2, 1
125, -1, 0
125, -3, 0
125, -1, 1
125, -2, 0
125, -2, 1
125, -2, 0
125, -2, 0
125, -1, 1
125, -2, 0
125, -2, 1
125, -2, 0
125, -1, 0
147, -3, 1
103, -1, 0
125, -2, 1
125, -2, 0
125, -2, 0
125, -2, 1
125, -1, 0
125, -2, 1
125, -2, 0
124, -2, 0
126, -2, 1
125, -2, 0
125, -1, 1
125, -3, 0
125, -1, 1
125, -2, 0
125, -2, 0
127, -1, 1
123, -3, 0
125, -1, 0
126, -2, 1
124, -2, 0
125, -2, 1
125, -2, 0
133, -2, 1
118, -2, 0
124, -2, 0
125, -1, 1
125, -3, 0
125, -1, 1
124, -2, 0
126, -2, 0
125, -1, 1
125, -3, 0
125, -1, 0
126, -2, 1
124, -2, 0
125, -2, 1
125, -2, 0
124, -2, 1
127, -2, 0
124, -1, 0
125, -2, 1
124, -2, 0
126, -2, 1
125, -2, 0
125, -2, 1
125, -2, 0
125, -2, 1
124, -2, 0
125, -2, 0
126, -1, 1
125, -2, 0
124, -2, 1
126, -2, 0
125, -2, 1
125, -2, 0
125, -2, 0
128, -1, 1
122, -3, 0
125, -1, 1
125, -2, 0
125, -2, 1
125, -2, 0
124, -2, 0
126, -1, 1
124, -3, 0
126, -1, 1
124, -3, 0
127, -1, 0
124, -3, 1
127, -1, 0
124, -2, 1
124, -2, 0
125, -1, 0
125, -3, 1
125, -1, 0
124, -3, 1
126, -1, 0
124, -3, 1
145, -1, 0
105, -3, 0
125, -1, 1
126, -2, 0
124, -2, 1
126, -2, 0
127, -2, 0
126, -1, 1
168, -3, 0
102, -1, 1
105, -2, 0
125, -2, 0
126, -2, 1
124, -2, 0
126, -2, 1
124, -2, 0
132, -2, 1
117, -2, 0
126, -1, 0
124, -2, 1
127, -2, 0
125, -2, 1
130, -2, 0
121, -2, 1
124, -2, 0
139, -2, 0
116, -1, 1
126, -3, 0
138, -1, 1
104, -2, 0
125, -2, 0
126, -2, 1
692, -2, 0
183, -1, 1
124, -12, 2
126, -1, 0
125, -3, 1
124, -1, 0
126, -3, 1
124, -1, 0
125, -2, 0
126, -2, 1
124, -2, 0
129, -2, 0
123, -2, 1
125, -1, 0
124, -2, 1
126, -2, 0
125, -2, 1
124, -2, 0
126, -1, 0
125, -3, 1
125, -1, 0
122, -2, 1
125, -2, 0
125, -2, 0
126, -2, 1
124, -1, 0
126, -2, 0
124, -2, 1
125, -2, 0
125, -2, 0
125, -2, 1
125, -1, 0
125, -3, 1
125, -1, 0
125, -2, 1
125, -2, 0
125, -1, 0
125, -3, 1
125, -1, 0
125, -2, 0
125, -2, 1
125, -2, 0
125, -1, 1
125, -3, 0
125, -1, 0
125, -2, 1
125, -2, 0
125, -1, 0
125, -2, 1
125, -2, 0
125, -2, 1
126, -2, 0
124, -2, 0
126, -1, 1
124, -2, 0
125, -2, 1
125, -2, 0
125, -1, 0
125, -3, 1
125, -1, 0
125, -1, 0
125, -3, 1
125, -1, 0
125, -2, 0
125, -2, 1
125, -2, 0
125, -1, 1
125, -2, 0
124, -2, 0
126, -2, 1
124, -1, 0
125, -2, 0
127, -2, 1
124, -1, 0
125, -2, 0
125, -2, 1
125, -2, 0
125, -1, 0
126, -2, 1
124, -2, 0
125, -2, 1
126, -1, 0
123, -2, 0
126, -2, 1
124, -1, 0
126, -2, 0
125, -2, 1
124, -2, 0
125, -1, 0
125, -2, 1
125, -2, 0
125, -2, 0
126, -1, 1
124, -2, 0
128, -2, 0
121, -1, 1
125, -2, 0
125, -2, 0
126, -1, 1
124, -2, 0
125, -2, 0
125, -1, 1
125, -2, 0
125, -2, 0
125, -1, 0
126, -2, 1
124, -1, 0
125, -2, 1
126, -2, 0
124, -2, 0
125, -1, 0
125, -2, 1
125, -1, 0
125, -2, 0
125, -2, 1
125, -1, 0
125, -2, 0
126, -1, 1
124, -2, 0
125, -2, 0
126, -1, 1
124, -2, 0
126, -2, 0
125, -1, 0
124, -2, 1
125, -1, 0
126, -2, 0
124, -1, 1
125, -2, 0
238, -1, 0
264, -2, 0
124, -5, 1
124, -1, 1
125, -2, 0
125, -1, 0
125, -2, 0
125, -1, 1
125, -2, 0
124, -2, 0
126, -1, 0
125, -2, 1
125, -1, 0
124, -2, 0
125, -1, 0
126, -2, 1
125, -1, 0
129, -2, 0
121, -1, 0
125, -2, 1
125, -1, 0
125, -1, 0
125, -2, 1
125, -2, 0
125, -1, 0
125, -2, 0
125, -1, 1
129, -2, 0
122, -1, 0
125, -1, 0
124, -2, 1
126, -1, 0
125, -2, 0
125, -1, 0
125, -2, 1
125, -1, 0
125, -2, 0
125, -1, 1
124, -1, 0
126, -2, 0
124, -1, 0
125, -2, 0
126, -1, 1
125, -1, 0
125, -2, 0
126, -1, 0
124, -2, 1
124, -1, 0
126, -2, 0
126, -1, 0
123, -2, 1
125, -1, 0
125, -1, 0
126, -1, 0
125, -2, 0
124, -1, 1
147, -1, 0
104, -2, 0
125, -1, 0
124, -2, 1
125, -1, 0
126, -1, 0
124, -2, 0
125, -1, 0
125, -1, 1
125, -1, 0
125, -2, 0
125, -1, 0
126, -2, 0
125, -1, 0
125, -1, 1
124, -1, 0
128, -2, 0
122, -1, 0
126, -1, 1
125, -1, 0
125, -2, 0
125, -1, 0
125, -1, 0
125, -2, 1
125, -1, 0
125, -1, 0
125, -1, 0
124, -2, 1
126, -1, 0
124, -1, 0
125, -1, 0
125, -1, 0
125, -1, 0
125, -2, 0
125, -1, 1
125, -1, 0
125, -1, 0
125, -1, 0
126, -2, 0
125, -1, 0
124, -1, 1
125, -1, 0
125, -1, 0
125, -1, 0
125, -1, 0
125, -2, 0
126, -1, 1
124, -1, 0
146, -1, 0
104, -1, 0
125, -1, 0
125, -2, 0
248, -2, 1
128, -1, 0
124, -1, 0
126, -1, 0
124, -1, 0
125, -1, 0
126, -1, 0
125, -1, 1
126, -1, 0
134, -1, 0
121, -1, 0
124, -1, 0
145, -1, 0
104, -2, 0
123, 0, 1
125, -1, 0
124, -1, 0
125, -1, 0
125, -1, 0
126, -1, 0
125, -1, 0
124, -1, 0
643, -1, 0
234, -1, 0
124, -6, 1
125, -1, 0
125, -1, 0
125, -1, 0
126, -1, 0
124, 0, 1
126, -1, 0
124, -1, 0
126, -1, 0
124, -1, 0
125, -1, 0
125, -1, 0
125, -1, 0
124, -1, 0
245, -1, 0
131, -1, 0
125, -1, 0
125, -1, 1
124, -1, 0
245, -1, 0
131, -1, 0
124, -1, 0
125, -1, 0
244, -1, 0
131, -1, 0
125, -1, 0
245, -1, 0
127, -1, 0
125, -1, 0
125, -1, 0
248, -1, 0
131, -1, 0
122, -1, 0
246, -1, 0
128, -1, 0
248, -1, 0
251, -1, 1
127, -1, 0
125, -1, 0
246, -1, 0
129, -1, 0
247, -1, 0
128, -1, 0
247, -1, 0
250, -1, 0
128, -1, 0
247, -1, 0
249, -1, 0
251, -1, 0
127, -1, 0
249, -1, 0
252, -1, 0
248, -1, 0
249, -1, 0
252, -1, 0
248, -1, 0
250, -1, 0
407, -1, 0
220, -1, 0
248, -1, 0
250, -1, 0
411, -1, 0
214, -1, 0
408, -1, -1
217, -1, 0
409, -1, 0
341, -1, 0
430, -1, 0
195, 0, -1
128, -1, 0
531, -1, 0
499, -1, 0
342, -1, 0
535, -1, -1
592, -1, 0
499, -1, 0
500, 0, -1
128, -1, 0
774, -1, 0
1000, -1, 0
397, 0, -1
326, -1, 0
1499, -1, 0
409, 0, -1
1501, -1, 0
1499, 0, -1
3780, 0, -1
2360, 0, -1
326, 1, 0
1162, 1, 0
322, 0, -1
678, 1, 0
872, 1, -1
728, 1, 0
662, 1, 0
91, 0, -1
500, 1, 0
661, 1, 0
84, 0, -1
395, 1, 0
498, 1, 0
401, 0, -1
74, 1, 0
526, 1, 0
374, 1, 0
347, 0, -1
127, 1, 0
498, 1, 0
267, 1, 0
357, 0, -1
131, 1, 0
369, 1, 0
250, 1, 0
405, 1, 0
101, 0, -1
244, 1, 0
404, 1, 0
222, 1, 0
405, 1, -1
219, 1, 0
376, 1, 0
249, 1, 0
376, 1, -1
252, 1, 0
372, 1, 0
131, 1, 0
244, 0, -1
131, 1, 0
244, 1, 0
250, 1, 0
250, 1, 0
250, 1, 0
129, 0, -1
124, 1, 0
247, 1, 0
250, 1, 0
250, 1, 0
128, 0, -1
125, 1, 0
247, 1, 0
250, 1, 0
250, 1, 0
129, 1, 0
247, 1, -1
261, 1, 0
239, 1, 0
127, 1, 0
248, 1, 0
128, 0, -1
124, 1, 0
126, 1, 0
246, 1, 0
128, 1, 0
248, 1, -1
250, 1, 0
127, 1, 0
248, 1, 0
127, 1, 0
248, 1, -1
128, 1, 0
247, 1, 0
127, 1, 0
247, 1, 0
129, 1, 0
124, 0, -1
126, 1, 0
124, 1, 0
247, 1, 0
128, 1, 0
125, 1, 0
247, 1, -1
129, 1, 0
124, 1, 0
248, 1, 0
127, 1, 0
125, 1, 0
125, 0, -1
126, 1, 0
125, 1, 0
247, 1, 0
127, 1, 0
125, 1, 0
125, 1, 0
125, 1, -1
248, 1, 0
130, 1, 0
122, 1, 0
125, 1, 0
247, 1, -1
128, 1, 0
125, 1, 0
126, 1, 0
125, 1, 0
246, 1, 0
128, 1, -1
128, 1, 0
122, 1, 0
125, 1, 0
125, 1, 0
248, 1, -1
127, 1, 0
126, 1, 0
124, 1, 0
135, 1, 0
115, 1, 0
125, 1, 0
125, 1, -1
248, 2, 0
250, 1, 0
128, 1, 0
125, 1, -1
125, 1, 0
124, 1, 0
125, 1, 0
126, 1, 0
124, 1, 0
125, 1, 0
125, 1, -1
125, 1, 0
125, 1, 0
126, 1, 0
124, 1, 0
125, 1, 0
126, 1, -1
124, 1, 0
125, 1, 0
125, 1, 0
125, 1, 0
126, 1, 0
124, 1, -1
125, 1, 0
126, 1, 0
124, 1, 0
126, 1, 0
125, 1, 0
124, 1, -1
126, 1, 0
124, 1, 0
125, 1, 0
126, 1, 0
124, 1, 0
125, 1, -1
125, 1, 0
125, 2, 0
247, 2, 0
128, 1, 0
125, 1, -1
125, 1, 0
125, 1, 0
125, 1, 0
125, 1, 0
125, 1, 0
125, 1, -1
125, 2, 0
125, 1, 0
125, 1, 0
299, 1, 0
201, 1, -1
125, 4, 0
125, 1, 0
125, 1, -1
125, 1, 0
125, 1, 0
125, 1, 0
125, 2, 0
125, 1, 0
125, 1, -1
125, 1, 0
125, 2, 0
125, 1, 0
125, 1, 0
125, 1, 0
125, 1, -1
125, 2, 0
125, 1, 0
125, 1, 0
125, 1, 0
125, 2, -1
125, 1, 0
126, 1, 0
125, 1, 0
125, 2, 0
125, 1, -1
124, 1, 0
125, 1, 0
124, 1, 0
126, 2, 0
125, 1, 0
125, 1, -1
125, 1, 0
125, 2, 0
125, 1, 0
125, 1, -1
125, 2, 0
125, 1, 0
125, 1, 0
125, 1, 0
125, 2, 0
125, 1, -1
125, 1, 0
125, 2, 0
125, 1, 0
125, 1, 0
125, 2, -1
125, 1, 0
125, 2, 0
125, 1, 0
125, 1, -1
125, 2, 0
125, 1, 0
125, 1, 0
125, 1, 0
125, 2, -1
124, 1, 0
126, 2, 0
125, 1, 0
125, 2, 0
125, 1, -1
138, 1, 0
112, 1, 0
125, 2, 0
125, 1, 0
125, 2, -1
124, 1, 0
125, 1, 0
125, 2, 0
126, 1, -1
124, 2, 0
126, 1, 0
124, 1, 0
126, 2, -1
124, 1, 0
125, 2, 0
125, 1, 0
125, 2, 0
125, 1, -1
125, 2, 0
126, 1, 0
124, 2, -1
125, 1, 0
125, 2, 0
126, 1, 0
124, 2, 0
125, 1, -1
125, 2, 0
128, 1, 0
123, 2, 0
124, 1, -1
125, 2, 0
125, 2, 0
129, 1, 0
122, 2, -1
125, 1, 0
125, 1, 0
125, 2, 0
124, 1, -1
126, 2, 0
124, 2, 0
125, 2, 0
125, 1, -1
125, 2, 0
125, 1, 0
125, 2, 0
126, 1, -1
124, 1, 0
125, 2, 0
125, 2, 0
125, 1, -1
126, 2, 0
124, 2, 0
125, 1, -1
125, 2, 0
125, 1, 0
125, 2, 0
126, 1, -1
124, 2, 0
125, 2, 0
125, 1, 0
125, 2, -1
125, 1, 0
125, 2, 0
125, 2, -1
125, 2, 0
125, 1, 0
125, 2, 0
125, 1, -1
125, 3, 0
125, 1, 0
216, 1, 0
34, 2, -1
133, 2, 0
117, 2, 0
126, 1, -1
125, 2, 0
124, 1, 0
125, 2, 0
125, 2, -1
125, 2, 0
125, 1, 0
125, 1, 0
125, 3, -1
125, 1, 0
125, 2, 0
126, 1, -1
125, 3, 0
124, 1, 0
126, 2, -1
124, 1, 0
125, 2, 0
125, 2, 0
125, 1, -1
125, 2, 0
125, 2, 0
125, 2, -1
125, 1, 0
125, 2, 0
125, 2, 0
126, 2, -1
124, 1, 0
125, 2, -1
125, 2, 0
125, 1, 0
125, 2, 0
125, 2, -1
125, 2, 0
125, 1, 0
125, 2, -1
125, 2, 0
125, 2, 0
126, 2, -1
124, 2, 0
125, 1, 0
125, 2, -1
125, 2, 0
125, 1, 0
125, 3, -1
125, 1, 0
125, 2, 0
125, 2, 0
125, 2, -1
125, 1, 0
126, 2, 0
125, 2, -1
125, 2, 0
125, 2, 0
124, 1, -1
126, 2, 0
125, 2, 0
125, 2, 0
125, 1, -1
128, 3, 0
122, 1, 0
125, 2, -1
125, 2, 0
125, 2, -1
125, 1, 0
124, 2, 0
125, 2, -1
126, 2, 0
124, 2, 0
126, 1, -1
124, 3, 0
126, 1, 0
125, 3, -1
125, 1, 0
124, 2, 0
125, 2, -1
125, 2, 0
126, 2, 0
124, 1, -1
126, 3, 0
124, 1, 0
132, 2, -1
120, 2, 0
124, 2, 0
128, 2, -1
123, 2, 0
128, 1, 0
122, 3, -1
124, 1, 0
125, 2, 0
125, 2, -1
125, 2, 0
125, 2, -1
125, 1, 0
125, 3, 0
126, 1, -1
124, 3, 0
125, 1, 0
125, 2, -1
125, 2, 0
125, 1, 0
125, 3, -1
125, 1, 0
125, 2, -1
125, 2, 0
125, 2, 0
126, 2, -1
124, 2, 0
125, 2, 0
125, 2, -1
126, 2, 0
124, 1, -1
125, 2, 0
125, 2, 0
125, 2, -1
125, 2, 0
125, 2, -1
125, 2, 0
125, 2, 0
146, 1, -1
104, 3, 0
125, 1, 0
125, 2, -1
125, 2, 0
125, 2, -1
125, 2, 0
125, 2, 0
125, 2, -1
125, 2, 0
124, 2, 0
260, 2, -1
241, 2, 0
125, 5, -1
124, 2, 0
125, 2, -1
125, 2, 0
125, 2, -1
125, 2, 0
125, 2, -1
125, 2, 0
125, 2, 0
125, 2, -1
126, 2, 0
125, 2, -1
124, 1, 0
125, 2, 0
125, 2, -1
125, 2, 0
125, 2, -1
125, 2, 0
125, 2, 0
125, 2, -1
125, 2, 0
126, 2, -1
124, 1, 0
125, 2, 0
125, 2, -1
126, 2, 0
124, 2, 0
125, 2, -1
125, 2, 0
126, 2, -1
124, 2, 0
125, 2, 0
125, 2, -1
125, 2, 0
125, 1, 0
125, 3, -1
126, 1, 0
125, 2, -1
124, 2, 0
125, 2, -1
125, 2, 0
125, 2, 0
125, 2, -1
125, 2, 0
125, 2, -1
125, 2, 0
125, 1, 0
125, 2, -1
125, 2, 0
125, 2, -1
125, 2, 0
125, 2, 0
126, 2, -1
124, 2, 0
125, 2, -1
125, 2, 0
125, 2, 0
125, 2, -1
126, 1, 0
124, 2, -1
125, 2, 0
125, 2, -1
125, 2, 0
125, 2, 0
125, 2, -1
125, 2, 0
125, 2, 0
125, 2, -1
125, 2, 0
125, 1, -1
125, 2, 0
125, 2, 0
125, 2, -1
125, 2, 0
125, 2, -1
125, 2, 0
125, 2, -1
125, 2, 0
127, 2, -1
130, 1, 0
120, 2, 0
127, 2, -1
122, 2, 0
126, 2, 0
125, 2, -1
125, 2, 0
124, 1, -1
126, 3, 0
125, 2, -1
125, 2, 0
125, 1, 0
126, 3, -1
124, 1, 0
124, 2, -1
126, 2, 0
124, 2, 0
125, 2, -1
126, 1, 0
124, 3, -1
125, 1, 0
125, 2, -1
125, 2, 0
125, 2, -1
125, 2, 0
195, 1, 0
58, 3, -1
126, 1, 0
142, 2, -1
107, 2, 0
124, 2, 0
125, 2, -1
126, 2, 0
124, 1, -1
124, 3, 0
126, 1, 0
126, 2, -1
124, 2, 0
124, 1, -1
126, 3, 0
130, 1, -1
128, 2, 0
120, 2, 0
124, 2, -1
124, 2, 0
124, 2, -1
132, 2, 0
138, 2, -1
105, 1, 0
125, 2, 0
702, 2, -1
188, 1, 0
110, 12, -3
125, 2, 0
125, 1, -1
125, 2, 0
126, 2, 0
124, 2, -1
125, 2, 0
125, 1, -1
125, 2, 0
147, 2, 0
103, 2, -1
126, 2, 0
124, 2, -1
125, 1, 0
125, 2, 0
126, 2, -1
124, 1, 0
125, 3, -1
125, 1, 0
125, 2, -1
123, 2, 0
124, 2, 0
125, 1, -1
125, 2, 0
125, 2, -1
126, 1, 0
124, 2, 0
125, 2, -1
125, 2, 0
126, 1, -1
125, 2, 0
124, 2, 0
125, 2, -1
125, 2, 0
125, 2, -1
126, 1, 0
125, 2, -1
125, 2, 0
124, 1, 0
125, 2, -1
125, 1, 0
125, 3, -1
125, 1, 0
125, 2, 0
126, 2, -1
124, 2, 0
126, 1, -1
125, 2, 0
124, 2, 0
126, 1, -1
124, 2, 0
128, 2, 0
122, 2, -1
125, 1, 0
125, 2, -1
125, 1, 0
125, 3, -1
125, 1, 0
125, 2, -1
125, 1, 0
127, 2, 0
124, 2, -1
124, 1, 0
125, 2, 0
125, 2, -1
146, 2, 0
107, 1, -1
122, 2, 0
125, 1, 0
125, 2, -1
125, 2, 0
125, 1, 0
125, 2, -1
147, 1, 0
103, 2, -1
125, 2, 0
127, 2, 0
124, 1, -1
124, 2, 0
126, 2, -1
124, 1, 0
125, 2, 0
126, 2, -1
125, 1, 0
125, 2, 0
125, 1, -1
124, 2, 0
125, 2, -1
125, 1, 0
125, 2, 0
126, 1, -1
124, 2, 0
125, 2, -1
126, 2, 0
124, 1, 0
125, 1, -1
126, 2, 0
124, 1, 0
125, 2, -1
125, 2, 0
126, 2, -1
127, 1, 0
123, 2, 0
125, 1, -1
124, 2, 0
144, 1, 0
106, 2, -1
125, 1, 0
125, 2, 0
125, 2, -1
125, 1, 0
125, 2, 0
125, 1, -1
125, 2, 0
125, 1, -1
125, 2, 0
125, 1, 0
125, 2, -1
125, 1, 0
125, 2, 0
125, 2, -1
125, 1, 0
125, 2, 0
125, 1, -1
125, 2, 0
125, 1, 0
125, 2, -1
223, 1, 0
27, 2, -1
126, 1, 0
124, 1, 0
125, 2, 0
125, 1, -1
125, 2, 0
125, 1, -1
125, 2, 0
125, 1, 0
125, 2, -1
125, 1, 0
125, 2, 0
125, 1, -1
125, 1, 0
125, 2, 0
125, 1, 0
125, 2, -1
125, 1, 0
125, 2, -1
125, 1, 0
125, 2, 0
125, 1, 0
125, 2, -1
125, 1, 0
125, 1, -1
125, 2, 0
125, 1, 0
125, 1, -1
125, 2, 0
125, 1, 0
125, 1, 0
125, 2, -1
125, 1, 0
125, 2, 0
125, 1, -1
125, 1, 0
125, 1, 0
125, 2, -1
125, 1, 0
125, 1, 0
125, 2, -1
125, 1, 0
125, 2, 0
125, 1, -1
125, 1, 0
125, 1, 0
125, 2, -1
125, 1, 0
125, 2, 0
125, 1, 0
125, 1, -1
125, 1, 0
125, 1, 0
125, 2, -1
128, 1, 0
139, 1, 0
112, 1, 0
125, 2, -1
125, 1, 0
124, 1, 0
125, 1, -1
125, 2, 0
126, 1, 0
125, 1, 0
124, 1, -1
126, 1, 0
125, 2, -1
124, 1, 0
126, 1, 0
124, 1, 0
125, 2, 0
125, 1, -1
125, 1, 0
126, 1, 0
124, 1, -1
126, 2, 0
244, 2, -1
130, 1, 0
125, 1, 0
125, 1, 0
126, 1, -1
124, 1, 0
125, 2, 0
125, 1, 0
125, 1, -1
125, 1, 0
125, 1, 0
125, 1, 0
125, 1, -1
125, 1, 0
125, 1, 0
125, 1, -1
125, 1, 0
125, 2, 0
125, 1, 0
125, 1, -1
125, 1, 0
128, 1, 0
124, 1, 0
123, 1, -1
125, 1, 0
125, 1, 0
125, 1, 0
125, 1, -1
122, 1, 0
125, 1, 0
130, 1, 0
121, 1, -1
124, 1, 0
125, 1, 0
125, 1, 0
125, 1, -1
125, 1, 0
125, 1, 0
125, 1, 0
125, 1, 0
125, 1, -1
125, 1, 0
125, 1, 0
248, 2, -1
249, 1, 0
128, 1, 0
125, 1, -1
125, 1, 0
125, 1, 0
125, 1, 0
125, 1, 0
125, 1, -1
125, 1, 0
257, 1, 0
118, 1, 0
125, 1, -1
126, 1, 0
248, 1, 0
129, 1, -1
124, 1, 0
125, 1, 0
125, 1, 0
245, 1, -1
128, 1, 0
247, 2, 0
250, 1, -1
128, 1, 0
125, 1, 0
263, 1, 0
112, 1, -1
248, 1, 0
127, 1, 0
125, 1, 0
248, 1, -1
250, 1, 0
127, 1, 0
125, 1, 0
247, 1, -1
251, 1, 0
128, 1, 0
246, 1, 0
128, 0, -1
125, 1, 0
125, 1, 0
247, 1, 0
128, 1, -1
408, 1, 0
100, 1, 0
239, 1, 0
183, 0, -1
88, 1, 0
230, 1, 0
250, 1, 0
249, 1, -1
250, 1, 0
250, 1, 0
252, 1, 0
129, 0, -1
244, 1, 0
250, 1, 0
412, 1, 0
94, 0, -1
131, 1, 0
399, 1, 0
388, 1, 0
201, 0, -1
131, 1, 0
431, 1, 0
475, 1, 0
338, 0, -1
131, 1, 0
407, 1, 0
625, 1, 0
632, 0, -1
89, 1, 0
904, 1, 0
1123, 0, -1
96, 1, 0
6621, -1, 0
538, 0, -1
835, -1, 0
1166, -1, 0
834, -1, 0
249, 0, -1
540, -1, 0
586, -1, 0
790, -1, 0
586, -1, 0
130, 0, -1
407, -1, 0
461, -1, 0
538, -1, 0
339, -1, 0
542, -1, 0
206, 0, -1
128, -1, 0
372, -1, 0
538, -1, 0
212, -1, 0
375, -1, 0
413, -1, 0
304, -1, 0
284, -1, 0
425, -1, 0
199, -1, 0
262, -1, 0
394, -1, 0
219, -1, 0
249, -1, 0
251, -1, 0
407, -1, 0
218, -1, 0
249, -1, 0
251, -1, 0
250, -1, 0
250, -1, 0
271, -1, 0
228, -1, 0
250, -1, 0
250, -1, 0
251, -1, 0
249, -1, 0
128, -1, 0
247, -1, 0
251, -1, 0
250, -1, 0
249, -1, 0
128, -1, 0
248, -1, 0
250, -1, 0
249, -1, 0
129, -1, 0
250, -1, 0
248, -1, 0
126, -1, 0
247, -1, 0
129, -1, 0
246, -1, 0
128, -1, 0
247, -1, 0
250, -1, 0
128, -1, 1
247, -1, 0
128, -1, 0
248, -1, 0
127, -1, 0
248, -1, 0
127, -1, 0
125, -1, 0
125, 0, 1
125, -1, 0
125, -1, 0
247, -1, 0
128, -1, 0
125, -1, 0
247, -1, 0
250, -1, 1
128, -1, 0
125, -1, 0
248, -1, 0
127, -1, 0
125, -1, 0
125, -1, 0
247, -1, 0
128, -1, 1
125, -1, 0
247, -1, 0
128, -1, 0
125, -1, 0
125, -1, 0
247, -1, 1
128, -1, 0
125, -1, 0
247, -1, 0
128, -1, 0
125, -1, 0
125, -1, 0
125, -1, 1
247, -1, 0
128, -1, 0
125, -1, 0
125, -1, 0
125, -1, 0
125, -1, 1
381, -1, 0
245, -1, 0
124, -3, 1
125, -1, 0
125, -1, 0
247, -1, 0
128, -1, 0
125, -1, 0
125, -1, 1
125, -1, 0
125, -1, 0
125, -1, 0
125, -1, 0
247, -1, 1
128, -1, 0
125, -1, 0
125, -1, 0
125, -1, 0
125, -1, 0
125, -1, 1
125, -1, 0
125, -1, 0
125, -1, 0
125, -1, 0
125, -1, 1
247, -1, 0
128, -1, 0
125, -1, 0
125, -1, 0
125, -1, 1
125, -1, 0
125, -1, 0
125, -1, 0
125, -1, 0
125, -1, 1
125, -1, 0
125, -1, 0
125, -1, 0
125, -1, 0
125, -1, 1
125, -1, 0
125, -1, 0
125, -1, 0
127, -1, 0
123, -1, 1
125, -1, 0
125, -1, 0
125, -1, 0
125, -1, 1
125, -1, 0
125, -1, 0
125, -1, 0
125, -1, 1
125, -1, 0
125, -1, 0
125, -1, 0
125, -1, 0
125, -1, 1
125, -2, 0
247, -1, 0
128, -1, 1
125, -1, 0
125, -2, 0
247, -2, 1
128, -1, 0
125, -1, 0
125, -1, 0
125, -1, 1
125, -1, 0
125, -1, 0
125, -1, 0
125, -1, 0
125, -1, 1
125, -1, 0
125, -1, 0
125, -1, 1
125, -2, 0
125, -1, 0
125, -1, 0
125, -1, 1
125, -1, 0
125, -1, 0
125, -1, 0
125, -1, 1
128, -1, 0
125, -2, 0
122, -1, 0
125, -1, 1
124, -1, 0
126, -1, 0
125, -1, 0
125, -2, 1
125, -1, 0
125, -1, 0
145, -1, 0
105, -1, 1
125, -1, 0
125, -1, 0
125, -2, 0
125, 0, 1
125, -2, 0
125, -1, 0
125, -1, 1
125, -1, 0
125, -1, 0
125, -1, 0
125, -1, 1
125, -2, 0
125, -1, 0
125, -1, 0
125, -1, 1
125, -2, 0
125, -1, 0
125, -1, 1
125, -1, 0
125, -1, 0
125, -1, 0
125, -1, 1
125, -2, 0
125, -1, 0
125, -1, 0
125, -1, 1
125, -2, 0
247, -2, 1
128, -1, 0
297, -1, 0
203, -2, 1
125, -3, 0
125, -1, 1
125, -1, 0
125, -2, 0
125, -1, 1
125, -1, 0
128, -1, 0
122, -2, 0
125, -1, 1
126, -1, 0
125, -1, 0
125, -1, 1
124, -2, 0
125, -1, 0
125, -1, 0
126, -1, 1
124, -2, 0
125, -1, 0
126, -1, 1
125, -1, 0
124, -1, 0
125, -2, 0
125, -1, 1
125, -1, 0
126, -1, 0
126, -2, 1
129, -1, 0
120, -1, 0
125, -1, 1
124, -2, 0
126, -1, 0
125, -1, 0
126, -1, 1
124, -1, 0
125, -2, 0
124, -1, 1
125, -2, 0
125, -1, 0
125, -1, 1
125, -1, 0
125, -2, 0
125, -1, 1
125, -1, 0
125, -1, 0
125, -1, 0
125, -2, 1
125, -1, 0
125, -1, 0
125, -1, 1
125, -2, 0
126, -1, 0
125, -2, 1
125, -1, 0
124, -1, 0
125, -1, 0
125, -1, 1
125, -2, 0
125, -1, 0
125, -2, 1
125, -1, 0
125, -1, 0
125, -1, 0
125, -2, 1
125, -1, 0
125, -1, 0
125, -1, 1
125, -1, 0
125, -2, 0
125, -1, 0
125, -2, 1
126, -1, 0
124, -1, 1
125, -1, 0
125, -2, 0
125, -1, 0
125, -2, 1
247, -2, 0
128, -1, 1
125, -1, 0
125, -2, 0
126, -1, 0
124, -1, 1
125, -2, 0
125, -1, 1
125, -1, 0
125, -2, 0
125, -1, 0
125, -1, 1
125, -2, 0
125, -1, 0
126, -1, 1
125, -2, 0
125, -1, 0
124, -1, 0
126, -2, 1
125, -1, 0
125, -2, 1
124, -1, 0
126, -1, 0
125, -1, 0
125, -1, 1
125, -2, 0
125, -1, 0
125, -2, 1
125, -1, 0
125, -2, 0
125, 0, 1
124, -2, 0
126, -1, 0
125, -2, 0
124, -1, 1
126, -1, 0
124, -2, 0
125, -1, 1
126, -1, 0
124, -1, 0
126, -2, 1
125, -1, 0
125, -2, 0
125, -1, 0
124, -2, 1
125, -1, 0
125, -1, 0
126, -1, 1
124, -2, 0
125, -1, 0
125, -1, 1
125, -2, 0
125, -1, 0
225, -2, 1
24, -1, 0
127, -1, 0
124, -1, 0
125, -2, 1
125, -1, 0
125, -1, 0
125, -2, 1
125, -1, 0
125, -2, 0
125, -1, 1
125, -2, 0
125, -1, 0
125, -1, 1
125, -1, 0
125, -1, 0
125, -2, 0
125, -1, 1
125, -2, 0
125, -1, 0
125, -2, 1
125, -1, 0
125, -1, 0
125, -1, 1
125, -2, 0
125, -1, 0
125, -2, 1
125, -1, 0
125, -1, 0
126, -2, 0
124, -1, 1
125, -2, 0
125, -1, 0
125, -1, 0
125, -1, 1
125, -2, 0
125, -1, 1
125, -2, 0
125, -1, 0
125, -1, 0
125, -2, 1
125, -1, 0
125, -1, 0
125, -1, 1
125, -2, 0
125, -1, 0
125, -2, 1
125, -1, 0
125, -2, 0
125, -1, 0
125, -1, 1
125, -2, 0
125, -1, 0
125, -1, 1
125, -2, 0
125, -1, 0
125, -1, 1
125, -2, 0
125, -1, 0
126, -2, 0
125, -1, 1
132, -1, 0
120, -2, 0
126, -1, 1
123, -1, 0
125, -1, 0
125, -2, 1
127, -1, 0
123, -2, 0
125, -1, 0
125, -2, 1
126, -1, 0
129, -1, 0
123, -2, 1
125, -1, 0
125, -1, 0
125, -2, 0
146, -1, 1
103, -1, 0
124, -2, 0
125, -1, 1
125, -2, 0
126, -1, 0
124, -1, 1
125, -1, 0
125, -2, 0
125, -1, 0
125, -1, 1
125, -2, 0
125, -1, 0
125, -2, 1
125, -1, 0
125, -1, 0
125, -2, 1
125, -1, 0
126, -1, 0
124, -1, 0
125, -2, 1
126, -1, 0
124, -2, 0
125, -1, 0
128, -1, 1
126, -1, 0
123, -2, 0
123, -1, 0
125, -2, 1
125, -1, 0
125, -1, 0
125, -2, 1
126, -1, 0
124, -1, 0
128, -1, 0
119, -2, 1
125, -1, 0
125, -2, 0
124, -1, 0
126, -1, 1
125, -1, 0
125, -2, 0
125, -1, 0
125, -1, 1
125, -2, 0
124, -1, 0
126, -2, 1
125, -1, 0
125, -1, 0
124, -1, 0
126, -2, 1
125, -1, 0
125, -2, 0
124, -1, 0
126, -1, 0
128, -1, 1
247, -1, 0
251, -2, 0
124, -4, 1
125, -1, 0
125, -1, 1
125, -2, 0
125, -1, 0
125, -1, 0
125, -2, 1
126, -1, 0
124, -1, 0
125, -1, 0
126, -2, 1
126, -1, 0
124, -2, 0
129, -1, 0
122, -1, 1
126, -1, 0
124, -2, 0
125, -1, 0
125, -1, 0
124, -2, 1
125, -1, 0
125, -1, 0
126, -1, 1
130, -2, 0
119, -1, 0
124, -1, 0
125, -1, 0
125, -2, 1
125, -1, 0
125, -1, 0
125, -1, 0
125, -2, 1
125, -1, 0
125, -1, 0
125, -2, 0
125, -1, 0
127, -1, 1
124, -1, 0
126, -2, 0
124, -1, 0
125, -1, 1
124, -1, 0
126, -1, 0
125, -2, 0
124, -1, 0
125, -2, 1
247, -2, 0
128, -1, 0
125, -2, 1
125, -1, 0
250, -2, 0
126, -1, 0
126, -2, 1
126, -1, 0
130, -1, 0
121, -1, 0
136, -1, 1
115, -1, 0
127, -2, 0
125, -1, 0
123, -1, 0
127, -1, 1
132, -2, 0
117, -1, 0
124, -1, 0
125, -1, 0
125, -1, 1
128, -2, 0
122, -1, 0
126, -1, 0
125, -1, 0
124, -2, 1
125, -1, 0
164, -1, 0
90, -1, 0
135, -1, 0
117, -1, 1
125, -1, 0
139, -2, 0
124, -1, 0
107, -1, 0
126, -1, 1
125, -2, 0
127, -1, 0
244, -2, 0
130, -1, 0
125, -1, 1
123, -1, 0
125, -1, 0
128, -1, 0
123, -2, 0
126, -1, 1
124, -1, 0
125, -1, 0
124, -1, 0
125, -1, 0
125, -1, 0
124, -2, 1
127, -1, 0
125, -1, 0
126, -1, 0
122, -1, 0
129, -1, 1
123, -2, 0
127, -1, 0
124, -1, 0
123, -1, 0
124, -1, 0
128, -1, 1
123, -1, 0
124, -1, 0
125, -1, 0
124, -2, 0
247, -2, 1
126, -1, 0
125, -1, 0
128, -1, 0
121, -1, 0
128, -1, 0
124, -1, 0
129, -1, 1
122, -1, 0
125, -1, 0
125, -1, 0
124, -2, 0
316, -2, 1
59, -1, 0
251, -2, 0
124, -1, 0
126, -1, 0
124, -1, 0
125, -1, 0
126, -1, 1
124, -1, 0
124, -1, 0
126, -1, 0
125, -1, 0
126, -1, 0
125, -1, 1
124, -1, 0
126, -1, 0
131, -1, 0
119, -1, 0
124, -1, 0
128, -1, 0
124, -1, 1
123, -1, 0
131, -1, 0
117, -1, 0
127, -1, 0
126, -1, 0
122, -1, 0
125, -1, 0
124, -1, 1
126, -1, 0
125, -1, 0
124, -1, 0
127, -1, 0
127, -1, 0
248, -1, 0
131, -1, 0
120, -1, 0
125, -1, 1
129, -1, 0
119, -1, 0
125, -1, 0
125, -1, 0
127, -1, 0
125, -1, 0
131, -1, 0
124, -1, 0
126, -1, 1
119, -1, 0
248, -2, 0
250, -1, 0
126, -1, 0
125, -1, 0
136, -1, 0
119, -1, 0
127, -1, 0
125, -1, 1
125, -1, 0
248, -1, 0
127, -1, 0
125, -1, 0
124, -1, 0
123, -1, 0
124, -1, 0
124, -1, 0
127, -1, 1
261, -1, 0
116, -1, 0
137, -1, 0
114, -1, 0
130, -1, 0
243, -1, 0
129, -1, 0
168, -1, 0
82, -1, 0
123, -1, 0
132, 0, 1
115, -1, 0
124, -1, 0
127, -1, 0
124, -1, 0
244, -1, 0
135, -1, 0
120, -1, 0
126, -1, 0
254, -1, 0
124, -1, 0
123, -1, 1
124, -1, 0
245, -1, 0
132, -1, 0
123, -1, 0
122, -1, 0
246, -1, 0
131, -1, 0
244, -1, 0
130, -1, 0
126, -1, 0
245, -1, 0
129, -1, 0
126, -1, 0
124, 0, 1
125, -1, 0
125, -1, 0
247, -1, 0
129, -1, 0
122, -1, 0
245, -1, 0
128, -1, 0
247, -1, 0
136, -1, 0
242, -1, 0
127, -1, 0
247, -1, 0
128, -1, 0
125, -1, 0
231, 0, 1
19, -1, 0
248, -1, 0
125, -1, 0
247, -1, 0
128, -1, 0
248, -1, 0
127, -1, 0
247, -1, 0
249, -1, 0
129, -1, 0
247, -1, 0
130, -1, 0
244, -1, 0
254, -1, 0
129, -1, 0
245, -1, 0
248, -1, 0
127, -1, 0
248, -1, 0
250, -1, 1
250, -1, 0
250, -1, 0
250, -1, 0
128, -1, 0
246, -1, 0
251, -1, 0
249, -1, 0
257, -1, 0
245, -1, 0
249, -1, 0
249, -1, 0
293, -1, 0
209, -1, 0
250, -1, 0
252, -1, 0
375, -1, 0
129, -1, 0
380, -1, 0
248, -1, 0
250, -1, 0
372, -1, 0
248, -1, 0
250, -1, 0
375, -1, 0
250, -1, 0
419, -1, 0
205, -1, 0
387, -1, 0
239, -1, 0
418, -1, 0
333, -1, 0
374, -1, 0
378, -1, 0
378, -1, 0
244, -1, 0
530, -1, 0
342, -1, 0
403, -1, 0
347, -1, 0
501, -1, 0
375, -1, 0
513, -1, 0
485, -1, 0
400, -1, 0
631, -1, 0
496, -1, 0
538, -1, 0
587, -1, 0
630, -1, 0
620, -1, 0
597, -1, 0
250, 0, -1
527, -1, 0
938, -1, 0
690, -1, 0
1000, -1, 0
997, -1, 0
975, 0, -1
129, -1, 0
1668, -1, 0
1647, -1, 0
2746, -1, 0
1858, 0, -1
15229, 1, 0
2774, 1, 0
2022, 1, 0
1102, 0, 1
501, 1, 0
1367, 1, 0
1489, 1, 0
387, 0, 1
614, 1, 0
1000, 1, 0
1271, 1, 0
516, 0, 1
341, 1, 0
885, 1, 0
724, 1, 0
128, 0, 1
621, 1, 0
764, 1, 0
739, 1, 0
370, 0, 1
252, 1, 0
622, 1, 0
633, 1, 0
492, 1, 0
379, 0, 1
128, 1, 0
618, 1, 0
500, 1, 0
501, 1, 1
518, 1, 0
482, 1, 0
375, 1, 0
502, 1, 1
373, 1, 0
495, 1, 0
256, 1, 0
497, 1, 0
375, 1, 0
250, 0, 1
128, 1, 0
387, 1, 0
236, 1, 0
374, 1, 0
374, 1, 0
377, 1, 1
374, 1, 0
373, 1, 0
252, 1, 0
250, 1, 0
374, 1, 0
379, 1, 0
248, 1, 0
128, 0, 1
246, 1, 0
250, 1, 0
251, 1, 0
374, 1, 0
249, 1, 0
254, 1, 0
247, 1, 0
375, 1, 0
249, 1, 0
367, 1, 1
284, 1, 0
114, 1, 0
237, 1, 0
376, 1, 0
126, 1, 0
371, 1, 0
128, 1, 0
249, 1, 0
373, 1, 0
250, 1, 0
128, 1, 1
378, 1, 0
123, 1, 0
261, 1, 0
236, 1, 0
251, 1, 0
248, 1, 0
250, 1, 0
128, 1, 0
247, 1, 0
251, 1, 0
250, 1, 0
249, 1, 0
128, 1, 1
247, 1, 0
252, 1, 0
141, 1, 0
242, 1, 0
250, 1, 0
135, 1, 0
236, 1, 0
288, 1, 0
91, 1, 0
243, 1, 0
257, 1, 0
119, 1, 0
255, 1, 0
121, 1, 0
245, 1, 0
255, 1, 0
126, 1, 0
245, 1, 0
128, 1, 0
247, 1, 0
127, 1, 0
252, 1, 0
125, 1, 0
124, 1, 0
247, 1, 0
128, 1, 0
247, 1, 0
251, 1, 0
126, 1, 0
127, 1, 0
247, 1, 0
127, 1, 0
250, 1, 0
126, 1, 0
123, 1, 0
247, 1, 0
128, 1, 0
247, 1, 0
131, 1, 0
123, 1, 0
249, 1, 0
125, 1, 0
125, 1, 0
260, 1, 0
123, 1, 0
125, 1, 0
277, 1, 0
92, 1, 0
124, 1, 0
248, 1, 0
131, 1, 0
126, 1, 0
242, 1, 0
129, 1, 0
124, 1, 0
124, 1, 0
247, 1, 0
135, 1, 0
360, 1, 0
270, 1, 0
117, 3, 0
249, 1, 0
126, 1, 0
123, 1, 0
125, 1, 0
246, 1, 0
128, 1, 0
125, 1, 0
126, 1, 0
130, 1, 0
242, 1, 0
127, 1, 0
125, 1, 0
125, 1, 0
248, 1, 0
134, 1, 0
119, 1, 0
124, 1, 0
125, 1, 0
247, 1, 0
133, 1, 0
123, 1, -1
128, 1, 0
124, 1, 0
120, 1, 0
247, 1, 0
129, 1, 0
124, 1, 0
126, 1, 0
131, 1, 0
122, 1, 0
122, 1, 0
124, 1, 0
247, 1, 0
128, 1, 0
126, 1, 0
134, 1, 0
119, 1, 0
121, 1, 0
125, 1, 0
126, 1, -1
124, 1, 0
247, 1, 0
136, 1, 0
126, 1, 0
117, 1, 0
125, 1, 0
125, 1, 0
125, 1, 0
124, 1, 0
125, 1, 0
125, 1, 0
250, 2, 0
126, 0, -1
124, 1, 0
125, 1, 0
125, 1, 0
126, 1, 0
124, 1, 0
134, 1, 0
118, 1, 0
123, 1, 0
126, 1, 0
124, 1, 0
136, 1, 0
240, 2, 0
256, 2, -1
248, 1, 0
127, 1, 0
125, 1, 0
118, 1, 0
125, 1, 0
130, 1, 0
129, 1, 0
116, 1, 0
125, 1, 0
124, 1, 0
125, 1, 0
126, 1, 0
125, 1, -1
130, 1, 0
125, 1, 0
121, 1, 0
124, 1, 0
125, 1, 0
125, 1, 0
125, 1, 0
124, 1, 0
125, 1, 0
130, 1, 0
123, 1, -1
123, 1, 0
125, 1, 0
132, 1, 0
119, 1, 0
124, 1, 0
126, 1, 0
131, 1, 0
120, 1, 0
124, 1, 0
124, 1, 0
125, 1, -1
124, 1, 0
125, 1, 0
125, 1, 0
131, 1, 0
125, 1, 0
121, 1, 0
124, 1, 0
125, 1, 0
125, 1, 0
125, 1, -1
125, 1, 0
130, 1, 0
125, 1, 0
121, 1, 0
124, 1, 0
301, 1, 0
205, 1, 0
151, 3, -1
96, 1, 0
128, 1, 0
120, 1, 0
124, 1, 0
125, 1, 0
125, 1, 0
155, 2, 0
223, 2, 0
244, 1, -1
125, 2, 0
247, 2, 0
250, 2, 0
151, 1, 0
110, 1, 0
121, 1, -1
125, 1, 0
124, 1, 0
124, 1, 0
125, 1, 0
125, 1, 0
129, 1, 0
129, 1, 0
123, 1, 0
121, 1, 0
125, 2, -1
250, 2, 0
125, 1, 0
249, 2, 0
130, 1, 0
121, 1, -1
126, 1, 0
122, 1, 0
126, 1, 0
125, 1, 0
125, 1, 0
125, 1, 0
131, 1, 0
120, 1, 0
125, 2, -1
246, 2, 0
129, 1, 0
124, 1, 0
124, 1, 0
150, 1, 0
110, 1, 0
117, 1, -1
127, 1, 0
123, 2, 0
246, 1, 0
128, 2, 0
131, 1, 0
124, 1, -1
120, 1, 0
125, 1, 0
125, 1, 0
125, 1, 0
125, 1, 0
125, 2, 0
132, 0, -1
123, 1, 0
121, 2, 0
125, 1, 0
124, 1, 0
124, 1, 0
126, 1, 0
125, 1, 0
131, 1, 0
121, 1, -1
123, 1, 0
134, 1, 0
145, 1, 0
105, 2, 0
115, 1, 0
152, 1, 0
103, 1, 0
122, 1, -1
125, 1, 0
124, 1, 0
125, 1, 0
126, 2, 0
246, 1, 0
129, 2, -1
131, 1, 0
127, 1, 0
118, 1, 0
126, 1, 0
121, 1, 0
124, 1, 0
126, 1, -1
125, 2, 0
130, 1, 0
120, 1, 0
125, 1, 0
124, 1, 0
125, 1, 0
128, 1, -1
124, 1, 0
125, 1, 0
128, 2, 0
122, 1, 0
123, 1, 0
126, 1, -1
124, 1, 0
126, 1, 0
124, 1, 0
126, 1, 0
127, 1, 0
124, 2, 0
124, 1, -1
124, 1, 0
135, 1, 0
119, 1, 0
122, 1, 0
125, 2, 0
249, 1, -1
126, 2, 0
125, 1, 0
124, 1, 0
342, 1, 0
299, 1, 0
113, 5, -1
123, 1, 0
124, 1, 0
125, 1, 0
124, 1, -1
128, 1, 0
123, 1, 0
129, 1, 0
122, 1, 0
124, 2, 0
125, 1, 0
125, 1, -1
125, 1, 0
124, 1, 0
126, 1, 0
130, 1, 0
121, 2, -1
245, 2, 0
130, 1, 0
123, 1, 0
125, 1, 0
125, 1, 0
129, 1, -1
133, 1, 0
117, 1, 0
123, 1, 0
125, 2, 0
125, 1, 0
124, 1, 0
125, 1, -1
128, 1, 0
123, 1, 0
124, 1, 0
128, 1, 0
126, 2, -1
124, 1, 0
126, 1, 0
124, 1, 0
128, 1, 0
125, 1, 0
123, 1, -1
125, 1, 0
125, 1, 0
125, 2, 0
128, 1, 0
123, 1, 0
124, 1, 0
125, 1, -1
122, 1, 0
124, 1, 0
126, 1, 0
128, 1, 0
121, 1, 0
127, 1, -1
126, 2, 0
243, 2, 0
127, 1, 0
125, 1, 0
125, 1, -1
123, 1, 0
125, 1, 0
126, 1, 0
126, 1, 0
126, 1, 0
130, 2, 0
119, 0, -1
125, 2, 0
124, 1, 0
125, 1, 0
125, 1, 0
126, 1, 0
130, 1, 0
126, 1, -1
119, 1, 0
124, 1, 0
125, 1, 0
130, 1, 0
138, 1, 0
108, 1, -1
125, 2, 0
262, 1, 0
132, 2, 0
235, 2, 0
122, 1, -1
123, 1, 0
124, 1, 0
126, 1, 0
125, 1, 0
122, 1, 0
125, 1, -1
125, 1, 0
125, 1, 0
122, 1, 0
125, 1, 0
125, 1, 0
125, 1, -1
125, 1, 0
126, 2, 0
248, 2, 0
250, 2, -1
254, 1, 0
126, 2, 0
244, 2, 0
129, 0, -1
123, 2, 0
126, 1, 0
124, 1, 0
127, 1, 0
122, 1, 0
125, 1, 0
251, 2, -1
256, 2, 0
253, 2, 0
119, 0, -1
132, 2, 0
244, 1, 0
128, 1, 0
504, 1, 0
133, 4, -1
108, 1, 0
124, 1, 0
142, 1, -1
135, 1, 0
103, 1, 0
252, 1, 0
120, 1, 0
126, 1, 0
128, 1, -1
135, 1, 0
114, 1, 0
121, 1, 0
122, 1, 0
144, 1, -1
101, 1, 0
126, 1, 0
247, 1, 0
128, 1, 0
125, 1, 0
126, 1, -1
123, 1, 0
126, 1, 0
127, 1, 0
124, 1, 0
248, 1, 0
126, 1, -1
124, 1, 0
126, 1, 0
125, 1, 0
248, 1, 0
127, 1, 0
126, 1, -1
124, 1, 0
125, 1, 0
247, 1, 0
128, 1, 0
126, 1, 0
125, 1, 0
124, 0, -1
124, 1, 0
126, 1, 0
125, 1, 0
251, 2, 0
251, 1, -1
124, 1, 0
247, 1, 0
127, 1, 0
124, 1, 0
126, 1, 0
247, 1, -1
128, 1, 0
248, 1, 0
127, 1, 0
124, 1, 0
248, 1, 0
127, 1, 0
126, 0, -1
124, 1, 0
125, 1, 0
126, 1, 0
248, 1, 0
249, 1, 0
128, 1, -1
249, 1, 0
128, 1, 0
124, 1, 0
247, 1, 0
249, 1, 0
128, 1, -1
247, 1, 0
251, 1, 0
127, 1, 0
249, 1, 0
248, 1, 0
128, 1, -1
247, 1, 0
250, 1, 0
250, 1, 0
251, 1, 0
253, 1, 0
125, 0, -1
124, 1, 0
248, 1, 0
127, 1, 0
373, 1, 0
250, 1, 0
127, 0, -1
124, 1, 0
248, 1, 0
375, 1, 0
250, 1, 0
377, 1, 0
403, 1, -1
226, 1, 0
370, 1, 0
375, 1, 0
375, 1, 0
250, 1, 0
375, 0, -1
127, 1, 0
500, 1, 0
498, 1, 0
501, 1, 0
625, 1, 0
128, 0, -1
621, 1, 0
750, 1, 0
1127, 1, 0
10145, -1, 0
355, 0, -1
1527, -1, 0
1344, -1, 0
1160, -1, 0
964, -1, 0
780, -1, 0
758, -1, 0
587, -1, 0
667, -1, 0
624, -1, 0
461, -1, 0
562, -1, 0
477, -1, 0
333, -1, 0
533, -1, 0
343, -1, 0
407, -1, 0
503, -1, 0
214, -1, 0
557, -1, 0
318, -1, 0
251, -1, 0
374, -1, 0
375, -1, 0
377, -1, 0
250, -1, 0
249, -1, 0
250, -1, 0
374, -1, 0
348, -1, 0
279, -1, 0
249, -1, 0
249, -1, 0
250, -1, 0
376, -1, 0
250, -1, 0
250, -1, 0
249, -1, 0
250, -1, 0
251, -1, 0
249, -1, 0
250, -1, 0
250, -1, 0
250, -1, 0
250, -1, 0
129, -1, 0
124, 0, 1
248, -1, 0
127, -1, 0
248, -1, 0
249, -1, 0
251, -1, 0
127, -1, 0
248, -1, 0
249, -1, 1
250, -1, 0
128, -1, 0
247, -1, 0
280, -1, 0
98, -1, 0
248, -1, 0
311, -1, 0
97, -1, 1
216, -1, 0
131, -1, 0
244, -1, 0
250, -1, 0
133, -1, 0
123, -1, 0
244, -1, 1
250, -1, 0
131, -1, 0
125, -1, 0
244, -1, 0
131, -1, 0
244, -1, 0
131, -1, 0
125, 0, 1
131, -1, 0
121, -1, 0
242, -1, 0
131, -1, 0
125, -1, 0
244, -1, 0
131, -1, 0
125, 0, 1
125, -1, 0
125, -1, 0
125, -1, 0
244, -1, 0
131, -1, 0
125, -1, 0
126, 0, 1
124, -1, 0
125, -1, 0
125, -1, 0
244, -1, 0
131, -1, 0
124, -1, 0
126, -1, 0
126, 0, 1
123, -1, 0
124, -1, 0
246, -1, 0
128, -1, 0
125, -1, 0
125, -1, 0
125, -1, 1
248, -1, 0
127, -1, 0
126, -1, 0
246, -1, 1
128, -1, 0
125, -1, 0
125, -1, 0
248, -1, 0
127, -1, 0
125, -1, 1
126, -1, 0
245, -1, 0
257, -1, 0
123, -2, 0
125, -1, 1
248, -1, 0
126, -1, 0
126, -1, 0
124, -1, 0
125, -1, 0
126, 0, 1
124, -1, 0
125, -1, 0
125, -1, 0
125, -1, 0
125, -1, 0
125, -1, 1
247, -1, 0
128, -1, 0
125, -1, 0
126, -1, 0
124, -1, 1
126, -1, 0
246, -1, 0
128, -1, 0
126, -1, 0
125, -1, 1
124, -1, 0
126, -1, 0
124, -1, 0
125, -1, 0
247, -1, 0
128, -1, 1
125, -1, 0
125, -1, 0
125, -1, 0
125, -1, 0
125, -1, 1
125, -1, 0
125, -1, 0
125, -1, 0
125, -1, 0
247, -1, 1
128, -1, 0
125, -1, 0
125, -1, 0
125, -1, 0
125, -1, 0
125, -1, 1
125, -1, 0
248, -2, 0
126, -1, 0
126, 0, 1
125, -1, 0
125, -1, 0
125, -1, 0
125, -1, 0
125, -1, 0
125, -1, 1
125, -1, 0
125, -1, 0
125, -1, 0
124, -1, 0
126, -1, 0
125, -1, 1
125, -1, 0
125, -1, 0
125, -1, 0
125, -1, 1
247, -2, 0
249, -2, 0
128, -1, 0
126, -1, 1
248, -1, 0
127, -1, 0
125, -1, 0
125, -1, 0
125, -1, 1
125, -2, 0
247, -1, 0
138, -1, 0
121, -1, 1
122, -1, 0
124, -1, 0
126, -1, 0
121, -1, 0
123, -1, 0
125, -1, 1
125, -1, 0
191, -1, 0
60, -1, 0
127, -1, 0
125, -1, 1
125, -1, 0
123, -1, 0
124, -1, 0
126, -1, 0
125, -1, 0
125, -1, 1
125, -1, 0
125, -1, 0
125, -1, 0
125, -1, 0
125, -1, 1
126, -1, 0
124, -1, 0
125, -1, 0
129, -1, 0
125, -1, 0
124, -1, 1
124, -1, 0
126, -1, 0
124, -2, 0
249, -2, 1
250, -1, 0
126, -2, 0
250, -2, 1
124, -1, 0
125, -1, 0
334, -1, 0
167, -1, 0
128, -3, 1
122, -1, 0
124, -1, 0
124, -1, 0
125, -1, 1
125, -1, 0
125, -1, 0
126, -1, 0
124, -2, 0
248, -2, 1
128, -1, 0
124, -1, 0
125, -1, 0
125, -1, 0
126, -1, 1
124, -1, 0
125, -1, 0
125, -1, 0
125, -1, 1
125, -1, 0
125, -2, 0
247, -2, 0
128, -1, 0
126, -1, 0
124, -1, 1
125, -1, 0
125, -1, 0
128, -1, 0
123, -2, 0
124, 0, 1
125, -2, 0
125, -1, 0
125, -1, 0
126, -1, 0
124, -1, 0
125, -1, 1
125, -1, 0
125, -1, 0
125, -1, 0
125, -2, 0
125, 0, 1
126, -2, 0
124, -1, 0
127, -1, 0
123, -1, 0
125, -1, 0
125, -1, 1
125, -1, 0
125, -2, 0
125, -1, 0
126, -1, 0
124, -1, 1
125, -1, 0
125, -1, 0
125, -2, 0
125, -1, 0
125, 0, 1
125, -2, 0
125, -1, 0
125, -1, 0
125, -1, 0
125, -1, 0
125, -1, 1
125, -2, 0
125, -1, 0
125, -1, 0
125, -1, 0
125, -1, 0
125, -1, 1
125, -1, 0
125, -2, 0
125, -1, 0
125, -1, 0
126, -1, 0
124, -1, 1
125, -1, 0
125, -2, 0
125, -1, 0
247, -2, 1
128, -1, 0
125, -1, 0
125, -1, 0
125, -2, 0
125, 0, 1
125, -2, 0
125, -1, 0
125, -1, 0
125, -1, 0
125, -1, 0
125, -2, 1
125, -1, 0
125, -1, 0
125, -1, 0
125, -1, 0
128, -1, 0
122, -2, 1
247, -2, 0
128, -1, 0
125, -1, 0
125, -1, 1
126, -1, 0
124, -2, 0
128, -1, 0
138, -1, 0
112, -1, 0
133, -1, 1
135, -1, 0
107, -2, 0
125, -1, 0
125, -1, 0
130, -1, 0
121, -1, 1
124, -1, 0
125, -1, 0
126, -2, 0
124, -1, 0
127, -1, 1
124, -1, 0
125, -1, 0
124, -1, 0
126, -2, 0
124, -1, 0
125, -1, 1
125, -1, 0
125, -1, 0
567, -1, 0
184, -1, 0
124, -7, 1
125, -1, 0
125, -1, 1
125, -1, 0
125, -1, 0
125, -1, 0
125, -1, 0
125, -2, 0
125, -1, 1
125, -1, 0
126, -1, 0
124, -2, 0
244, -1, 1
132, -2, 0
124, -1, 0
127, -1, 0
123, -1, 0
125, -2, 0
125, 0, 1
125, -2, 0
125, -1, 0
125, -1, 0
126, -1, 0
121, -2, 0
125, -1, 1
125, -1, 0
125, -1, 0
125, -1, 0
125, -2, 0
247, -2, 1
128, -1, 0
125, -1, 0
125, -1, 0
125, -2, 0
247, -1, 1
128, -2, 0
125, -1, 0
125, -1, 0
125, -1, 0
125, -1, 0
125, -2, 0
125, -1, 1
144, -1, 0
106, -1, 0
125, -1, 0
125, -1, 0
125, -2, 0
126, -1, 1
124, -1, 0
125, -1, 0
125, -1, 0
125, -1, 0
125, -2, 0
125, -1, 1
125, -1, 0
125, -1, 0
125, -1, 0
125, -1, 0
125, -1, 0
125, -2, 1
125, -1, 0
125, -1, 0
125, -1, 0
125, -1, 0
125, -1, 0
125, -2, 1
143, -1, 0
229, -2, 0
128, -1, 0
125, -1, 0
125, -1, 0
125, -2, 1
248, -2, 0
127, -1, 0
126, -1, 0
124, -1, 0
125, -1, 0
125, -1, 1
125, -1, 0
125, -2, 0
125, -1, 0
125, -1, 0
125, -1, 1
125, -1, 0
128, -1, 0
122, -2, 0
247, -2, 0
143, -1, 0
109, -1, 0
126, -1, 1
124, -1, 0
125, -1, 0
125, -1, 0
125, -1, 0
126, -1, 0
124, -2, 1
125, -1, 0
125, -1, 0
126, -1, 0
124, -1, 0
127, -1, 0
127, -1, 0
122, -1, 1
143, -1, 0
106, -1, 0
126, -1, 0
125, -2, 0
125, -1, 0
125, -1, 0
125, -1, 0
125, -1, 0
125, -1, 1
125, -1, 0
125, -1, 0
125, -1, 0
125, -1, 0
124, -1, 0
126, -1, 0
125, -1, 0
125, -2, 1
247, -1, 0
252, -2, 0
253, -1, 0
123, -3, 0
125, -1, 1
124, -1, 0
126, -1, 0
124, -1, 0
126, -1, 0
125, -1, 0
124, -1, 0
125, -1, 0
125, -1, 0
125, -1, 1
125, -1, 0
126, -1, 0
124, -1, 0
125, -1, 0
126, -1, 0
124, -1, 0
125, -1, 0
126, -1, 0
124, -1, 1
125, -1, 0
125, -1, 0
125, -1, 0
125, -1, 0
125, -2, 0
248, -2, 0
127, 0, 1
126, -2, 0
246, -1, 0
128, -1, 0
125, -1, 0
125, -2, 0
247, -1, 0
128, -1, 0
126, -2, 1
249, -1, 0
127, -1, 0
125, -1, 0
123, -1, 0
125, -1, 0
124, -1, 0
144, -1, 1
111, -1, 0
125, -1, 0
124, -1, 0
125, -1, 0
125, -1, 0
125, -1, 0
126, -1, 0
124, -1, 0
125, -1, 0
125, -1, 0
126, -1, 1
124, -1, 0
125, -1, 0
125, -1, 0
125, -1, 0
125, -1, 0
244, -1, 0
131, -1, 0
125, -1, 0
126, -1, 1
124, -1, 0
125, -1, 0
126, -1, 0
124, -1, 0
126, -1, 0
124, -1, 0
126, -1, 0
243, -1, 0
132, -1, 1
125, -1, 0
125, -1, 0
125, -1, 0
125, -1, 0
125, -1, 0
125, -1, 0
124, -1, 0
126, -1, 0
125, -1, 0
244, -1, 1
130, -1, 0
125, -1, 0
126, -1, 0
124, -1, 0
125, -1, 0
244, -2, 0
251, -1, 0
128, -1, 0
124, -1, 0
126, -1, 1
247, -1, 0
127, -1, 0
125, -1, 0
125, -1, 0
126, -1, 0
125, -1, 0
125, -1, 0
247, -1, 0
131, -1, 0
122, -1, 0
247, -1, 0
127, -1, 0
125, -1, 0
125, -1, 1
126, -1, 0
124, -1, 0
247, -1, 0
129, -1, 0
247, -1, 0
127, -1, 0
125, -1, 0
125, -1, 0
125, -1, 0
416, -1, 0
212, -1, 0
124, -2, 1
123, -1, 0
127, -1, 0
245, -1, 0
128, -1, 0
125, -1, 0
125, -1, 0
247, -1, 0
128, -1, 0
247, -1, 0
128, -1, 0
125, -1, 0
247, -1, 0
128, -1, 0
125, 0, 1
125, -1, 0
125, -1, 0
247, -1, 0
128, -1, 0
125, -1, 0
247, -1, 0
128, -1, 0
247, -1, 0
128, -1, 0
248, -1, 0
127, -1, 0
125, -1, 0
247, -1, 0
250, -1, 0
128, -1, 1
247, -1, 0
129, -1, 0
246, -1, 0
128, -1, 0
247, -1, 0
250, -1, 0
128, -1, 0
124, -1, 0
249, -1, 0
249, -1, 0
128, -1, 0
247, -1, 0
259, -1, 0
122, -1, 0
244, -1, 0
250, -1, 0
131, -1, 1
245, -1, 0
249, -1, 0
250, -1, 0
131, -1, 0
244, -1, 0
250, -1, 0
251, -1, 0
249, -1, 0
250, -1, 0
250, -1, 0
250, -1, 0
131, -1, 0
370, -1, 0
251, -1, 0
248, -1, 0
250, -1, 1
250, -1, 0
250, -1, 0
250, -1, 0
251, -1, 0
415, -1, 0
209, -1, 0
251, -1, 0
250, -1, 0
415, -1, 0
209, -1, 0
250, -1, 0
250, -1, 0
375, -1, 0
414, -1, 0
293, -1, 0
294, -1, 0
416, -1, 0
208, -1, 0
417, -1, 0
333, -1, 0
413, -1, 0
212, -1, 0
539, -1, 0
336, -1, 0
376, -1, 0
537, -1, 0
337, -1, 0
250, 0, 1
250, -1, 0
412, -1, 0
522, -1, 0
479, -1, 0
463, -1, 0
541, -1, 0
627, -1, 0
622, -1, 0
625, -1, 0
624, -1, 0
630, -1, 0
748, -1, 0
957, -1, 0
916, -1, 0
877, -1, 0
1498, -1, 0
1585, -1, 0
3125, -1, 0
19775, 1, 0
2401, 1, 0
1876, 1, 0
874, 0, 1
338, 1, 0
1034, 1, 0
1098, 1, 0
739, 0, 1
130, 1, 0
907, 1, 0
721, 1, 0
499, 0, 1
127, 1, 0
781, 1, 0
590, 1, 0
630, 1, 1
622, 1, 0
500, 1, 0
545, 1, 0
454, 0, 1
127, 1, 0
425, 1, 0
322, 1, 0
625, 1, 0
384, 1, 0
241, 0, 1
128, 1, 0
420, 1, 0
326, 1, 0
501, 1, 0
428, 1, 0
75, 0, 1
262, 1, 0
364, 1, 0
373, 1, 0
254, 1, 0
372, 1, 0
374, 1, 0
250, 1, 1
376, 1, 0
251, 1, 0
383, 1, 0
242, 1, 0
424, 1, 0
320, 1, 0
128, 1, 0
373, 1, 0
255, 1, 1
245, 1, 0
248, 1, 0
382, 1, 0
272, 1, 0
234, 1, 0
242, 1, 0
249, 1, 0
249, 1, 0
251, 1, 0
418, 1, 0
215, 1, 0
123, 1, 0
243, 1, 0
249, 1, 0
251, 1, 0
127, 1, 0
126, 0, 1
124, 1, 0
248, 1, 0
249, 1, 0
250, 1, 0
128, 1, 0
249, 1, 0
252, 1, 0
250, 1, 0
125, 1, 0
250, 1, 0
125, 1, 0
247, 1, 0
249, 1, 0
128, 1, 0
247, 1, 0
250, 1, 0
129, 1, 0
246, 1, 0
129, 1, 0
246, 1, 0
128, 1, 0
248, 1, 0
252, 1, 0
129, 1, 0
124, 1, 0
253, 1, 0
250, 1, 0
124, 1, 0
246, 1, 0
136, 1, 0
114, 1, 0
249, 1, 0
128, 1, 0
245, 1, 0
129, 1, 0
128, 1, 0
245, 1, 0
136, 1, 0
237, 1, 0
128, 1, 0
250, 2, 0
253, 1, 0
122, 1, 0
247, 1, 0
141, 1, 0
114, 1, 0
251, 1, 0
123, 1, 0
125, 1, 0
245, 1, 0
129, 1, -1
247, 2, 0
251, 1, 0
128, 1, 0
123, 1, 0
126, 1, 0
246, 1, 0
128, 1, 0
125, 1, 0
247, 1, 0
128, 1, 0
125, 1, 0
125, 1, 0
125, 1, 0
128, 1, 0
247, 1, 0
126, 1, -1
125, 1, 0
246, 2, 0
250, 1, 0
128, 1, 0
125, 1, 0
125, 1, 0
126, 1, 0
124, 1, 0
125, 1, 0
247, 1, -1
128, 1, 0
125, 1, 0
125, 1, 0
125, 1, 0
125, 1, 0
247, 2, 0
465, 1, 0
172, 1, 0
120, 3, 0
137, 1, 0
109, 1, -1
125, 1, 0
125, 1, 0
125, 1, 0
247, 2, 0
251, 1, 0
127, 1, 0
126, 1, 0
124, 1, 0
125, 1, 0
125, 1, -1
125, 1, 0
125, 1, 0
126, 1, 0
124, 1, 0
125, 1, 0
125, 1, 0
125, 1, 0
125, 1, 0
125, 1, -1
125, 1, 0
137, 1, 0
114, 1, 0
124, 1, 0
125, 1, 0
125, 1, 0
125, 1, 0
124, 1, 0
126, 1, -1
125, 1, 0
125, 1, 0
125, 1, 0
129, 1, 0
124, 1, 0
125, 1, 0
123, 1, 0
124, 1, 0
125, 1, -1
126, 1, 0
124, 1, 0
125, 1, 0
125, 1, 0
125, 1, 0
125, 1, 0
125, 1, -1
124, 1, 0
128, 1, 0
124, 1, 0
127, 1, 0
122, 1, 0
125, 1, 0
125, 1, -1
125, 1, 0
125, 1, 0
125, 1, 0
125, 1, 0
125, 2, 0
248, 2, -1
127, 1, 0
125, 1, 0
125, 1, 0
125, 1, 0
125, 1, 0
125, 1, -1
124, 1, 0
125, 1, 0
126, 2, 0
247, 2, 0
128, 1, 0
125, 1, -1
125, 1, 0
125, 1, 0
125, 1, 0
127, 1, 0
123, 1, 0
125, 1, 0
125, 1, -1
125, 1, 0
126, 2, 0
124, 1, 0
125, 1, 0
125, 1, 0
125, 1, -1
125, 1, 0
125, 2, 0
126, 1, 0
129, 1, 0
127, 1, -1
138, 1, 0
114, 1, 0
122, 1, 0
120, 2, 0
248, 2, -1
126, 1, 0
125, 1, 0
125, 1, 0
125, 2, 0
125, 0, -1
133, 2, 0
118, 1, 0
124, 1, 0
125, 1, 0
125, 1, 0
126, 2, -1
124, 1, 0
124, 1, 0
126, 1, 0
125, 1, 0
124, 1, -1
125, 1, 0
126, 2, 0
126, 1, 0
124, 1, 0
125, 1, 0
125, 2, -1
125, 1, 0
124, 1, 0
125, 1, 0
126, 2, -1
133, 1, 0
120, 1, 0
125, 1, 0
360, 1, 0
271, 1, -1
118, 5, 0
127, 1, -1
123, 2, 0
124, 1, 0
126, 1, 0
123, 1, 0
126, 1, -1
125, 2, 0
125, 1, 0
124, 1, 0
125, 1, 0
126, 2, -1
124, 1, 0
126, 1, 0
123, 1, 0
126, 1, 0
125, 2, -1
125, 1, 0
125, 1, 0
125, 1, 0
126, 2, -1
125, 1, 0
123, 1, 0
126, 1, 0
126, 2, 0
128, 1, -1
121, 1, 0
125, 1, 0
124, 1, 0
127, 2, 0
124, 1, -1
125, 2, 0
126, 1, 0
124, 1, 0
124, 1, 0
126, 1, -1
125, 2, 0
125, 1, 0
125, 1, 0
125, 1, 0
125, 2, -1
125, 1, 0
124, 1, 0
125, 1, 0
127, 2, -1
124, 1, 0
125, 1, 0
125, 1, 0
125, 2, 0
125, 1, -1
125, 1, 0
139, 2, 0
113, 1, 0
123, 1, -1
126, 1, 0
125, 2, 0
124, 1, 0
124, 1, -1
126, 1, 0
125, 2, 0
125, 1, 0
126, 2, -1
124, 1, 0
125, 1, 0
125, 1, 0
125, 1, 0
125, 2, -1
125, 1, 0
125, 2, 0
125, 1, 0
125, 1, -1
125, 1, 0
126, 2, 0
124, 1, 0
128, 1, 0
124, 1, -1
125, 1, 0
124, 2, 0
127, 1, 0
124, 2, -1
124, 1, 0
124, 1, 0
133, 1, 0
121, 2, -1
124, 1, 0
122, 1, 0
125, 2, 0
125, 1, -1
126, 1, 0
124, 1, 0
125, 2, 0
126, 1, -1
124, 2, 0
125, 1, 0
125, 1, 0
125, 1, -1
126, 2, 0
125, 1, 0
124, 1, 0
125, 2, 0
125, 1, -1
125, 1, 0
125, 1, 0
129, 2, 0
124, 1, -1
127, 2, 0
130, 1, 0
120, 1, 0
128, 1, -1
120, 2, 0
125, 1, 0
125, 1, 0
128, 2, -1
131, 1, 0
121, 1, 0
122, 1, 0
123, 2, -1
134, 1, 0
120, 2, 0
124, 1, 0
122, 1, 0
127, 2, -1
122, 1, 0
123, 1, 0
125, 1, 0
130, 2, -1
123, 1, 0
123, 2, 0
125, 1, 0
294, 1, -1
209, 1, 0
135, 4, -1
115, 2, 0
125, 1, 0
123, 1, -1
124, 2, 0
125, 1, 0
125, 1, 0
126, 2, -1
124, 1, 0
128, 2, 0
124, 1, 0
123, 1, -1
124, 1, 0
125, 1, 0
126, 2, 0
128, 1, 0
119, 2, -1
124, 1, 0
126, 1, 0
123, 1, -1
124, 2, 0
126, 1, 0
125, 1, 0
126, 2, -1
124, 1, 0
127, 1, 0
121, 1, 0
125, 2, -1
124, 1, 0
126, 2, 0
125, 1, 0
128, 1, -1
129, 1, 0
143, 1, 0
102, 2, 0
126, 1, -1
123, 2, 0
125, 1, 0
125, 1, 0
126, 1, -1
125, 2, 0
146, 1, 0
103, 2, 0
126, 1, -1
125, 1, 0
123, 1, 0
144, 1, 0
117, 2, -1
127, 1, 0
116, 1, 0
124, 1, 0
127, 2, -1
126, 1, 0
123, 2, 0
130, 1, 0
169, 1, -1
86, 1, 0
121, 1, 0
122, 2, 0
125, 1, -1
124, 1, 0
121, 1, 0
126, 2, -1
123, 1, 0
126, 2, 0
124, 1, 0
125, 1, -1
125, 1, 0
132, 1, 0
119, 2, 0
125, 1, -1
125, 1, 0
124, 1, 0
127, 2, 0
124, 1, -1
124, 2, 0
132, 1, 0
123, 1, 0
140, 1, -1
112, 1, 0
125, 2, 0
123, 1, 0
126, 1, -1
124, 1, 0
125, 2, 0
125, 1, 0
125, 1, -1
125, 1, 0
125, 2, 0
127, 1, 0
127, 1, -1
161, 1, 0
102, 1, 0
123, 2, 0
134, 1, -1
125, 1, 0
107, 1, 0
152, 2, -1
121, 1, 0
79, 1, 0
126, 1, 0
125, 2, -1
124, 1, 0
125, 1, 0
125, 1, 0
126, 1, -1
125, 2, 0
246, 2, 0
128, 1, -1
125, 1, 0
125, 1, 0
126, 2, -1
126, 1, 0
123, 1, 0
125, 1, 0
125, 1, 0
154, 1, -1
103, 1, 0
122, 2, 0
125, 1, -1
124, 1, 0
135, 1, 0
115, 2, 0
125, 0, -1
125, 2, 0
125, 1, 0
125, 1, 0
125, 1, -1
306, 1, 0
197, 1, 0
122, 4, -1
125, 1, 0
126, 1, 0
124, 1, -1
125, 1, 0
123, 1, 0
124, 2, 0
125, 1, 0
125, 1, -1
125, 1, 0
125, 1, 0
125, 1, -1
125, 1, 0
125, 1, 0
125, 2, 0
248, 1, -1
127, 2, 0
248, 2, 0
127, 1, -1
125, 1, 0
125, 1, 0
125, 1, -1
125, 1, 0
126, 1, 0
125, 1, 0
125, 1, 0
124, 1, -1
125, 1, 0
125, 1, 0
125, 1, -1
125, 1, 0
125, 1, 0
126, 2, 0
246, 1, -1
129, 1, 0
124, 1, 0
125, 1, 0
125, 1, -1
126, 1, 0
124, 1, 0
125, 1, 0
125, 1, 0
125, 1, -1
125, 1, 0
125, 1, 0
125, 1, -1
125, 1, 0
125, 1, 0
126, 1, 0
130, 1, 0
122, 1, -1
125, 1, 0
125, 1, 0
125, 1, 0
125, 0, -1
125, 2, 0
249, 1, 0
126, 1, 0
125, 1, -1
125, 1, 0
125, 1, 0
125, 1, 0
125, 1, 0
125, 1, -1
247, 1, 0
128, 1, 0
125, 1, -1
125, 1, 0
125, 1, 0
126, 1, 0
246, 1, -1
128, 1, 0
125, 1, 0
248, 2, 0
127, 0, -1
125, 1, 0
125, 1, 0
247, 1, 0
127, 1, -1
126, 1, 0
125, 1, 0
247, 1, 0
128, 1, -1
125, 1, 0
125, 1, 0
247, 1, 0
128, 1, -1
247, 1, 0
128, 1, 0
125, 1, 0
249, 1, -1
126, 1, 0
250, 1, 0
125, 1, 0
125, 0, -1
124, 1, 0
126, 1, 0
247, 1, 0
128, 1, 0
125, 0, -1
125, 1, 0
125, 1, 0
247, 1, 0
250, 1, 0
128, 0, -1
124, 1, 0
125, 1, 0
248, 1, 0
250, 1, -1
128, 1, 0
712, 1, 0
185, 1, 0
112, 2, -1
235, 1, 0
268, 1, 0
114, 0, -1
124, 1, 0
247, 1, 0
374, 1, 0
129, 0, -1
125, 1, 0
244, 1, 0
376, 1, 0
250, 1, 0
130, 0, -1
245, 1, 0
381, 1, 0
377, 1, 0
126, 0, -1
370, 1, 0
373, 1, 0
375, 1, 0
375, 0, -1
253, 1, 0
495, 1, 0
750, 1, 0
376, 0, -1
498, 1, 0
1292, 1, 0
7021, 0, -1
317, -1, 0
1777, -1, 0
1346, -1, 0
903, -1, 0
865, -1, 0
248, 0, -1
485, -1, 0
653, -1, 0
751, -1, 0
472, -1, 0
623, -1, 0
372, -1, 0
502, -1, 0
527, -1, 0
102, 0, -1
245, -1, 0
530, -1, 0
219, -1, 0
531, -1, 0
220, -1, 0
499, -1, 0
405, -1, 0
221, -1, 0
375, -1, 0
250, -1, 0
374, -1, 0
250, -1, 0
376, -1, 0
251, -1, 0
250, -1, 0
375, -1, 0
249, -1, 0
249, -1, 0
250, -1, 0
250, -1, 0
250, -1, 0
295, -1, 0
206, -1, 0
249, -1, 0
250, -1, 0
250, -1, 0
128, -1, 0
247, -1, 0
250, -1, 0
250, -1, 0
128, -1, 0
247, -1, 0
250, -1, 1
250, -1, 0
128, -1, 0
247, -1, 0
251, -1, 0
127, -1, 0
125, -1, 0
247, -1, 0
250, -1, 0
128, -1, 1
247, -1, 0
250, -1, 0
128, -1, 0
144, -1, 0
228, -1, 0
130, -1, 0
125, -1, 0
245, -1, 1
249, -1, 0
132, -1, 0
124, -1, 0
245, -1, 0
131, -1, 0
244, -1, 0
131, -1, 1
130, -1, 0
121, -1, 0
243, -1, 0
131, -1, 0
124, -1, 0
245, -1, 1
130, -1, 0
125, -1, 0
245, -1, 0
132, -1, 0
124, -1, 0
125, -1, 1
244, -1, 0
131, -1, 0
124, -1, 0
126, -1, 0
125, -1, 0
244, -2, 1
249, -1, 0
132, -1, 0
125, -1, 0
125, -1, 1
243, -1, 0
132, -1, 0
124, -1, 0
125, -1, 0
125, -1, 1
124, -1, 0
246, -1, 0
128, -1, 0
124, -1, 0
127, -1, 0
125, -1, 1
124, -1, 0
124, -1, 0
126, -1, 0
125, -1, 0
125, -1, 1
125, -1, 0
247, -1, 0
128, -1, 0
125, -1, 0
125, -1, 1
132, -1, 0
118, -1, 0
125, -1, 0
125, -1, 1
124, -1, 0
126, -1, 0
124, -1, 0
125, -1, 0
126, -1, 0
125, -1, 1
125, -1, 0
124, -1, 0
125, -1, 0
126, -1, 1
125, -1, 0
124, -1, 0
125, -1, 0
126, -1, 0
125, -1, 1
125, -1, 0
125, -1, 0
124, -1, 0
126, -1, 1
125, -1, 0
375, -1, 0
125, -3, 1
125, -1, 0
125, -1, 0
125, -1, 0
125, -1, 1
124, -1, 0
126, -1, 0
125, -2, 0
247, -2, 1
128, -1, 0
125, -1, 0
125, -1, 0
125, -1, 1
125, -1, 0
125, -1, 0
125, -1, 0
125, -1, 1
125, -2, 0
247, -2, 1
128, -1, 0
124, -1, 0
125, -1, 0
126, -1, 0
125, -1, 1
125, -1, 0
124, -1, 0
126, -1, 0
125, -2, 1
126, -1, 0
124, -1, 0
125, -1, 0
125, -1, 1
125, -1, 0
124, -1, 0
126, -1, 0
125, -1, 1
124, -2, 0
125, -1, 0
126, -1, 1
125, -1, 0
125, -1, 0
124, -2, 0
126, -1, 1
125, -1, 0
125, -1, 0
125, -1, 1
125, -1, 0
124, -2, 0
126, -1, 0
125, -1, 1
125, -1, 0
124, -1, 0
126, -1, 1
187, -2, 0
80, -1, 0
111, -1, 0
124, -1, 0
125, -2, 1
125, -1, 0
125, -1, 0
126, -1, 1
124, -1, 0
125, -2, 0
125, 0, 1
125, -2, 0
125, -1, 0
125, -1, 0
125, -1, 1
125, -2, 0
125, -1, 0
125, -1, 0
126, -1, 1
124, -1, 0
125, -2, 0
125, -1, 1
125, -1, 0
125, -1, 0
132, -2, 1
118, -1, 0
125, -1, 0
125, -1, 0
125, -2, 0
126, -1, 1
124, -1, 0
125, -2, 0
125, -1, 1
125, -1, 0
125, -1, 0
125, -2, 0
125, -1, 1
127, -1, 0
123, -1, 0
125, -1, 1
125, -2, 0
126, -1, 0
124, -1, 1
126, -1, 0
124, -2, 0
125, -1, 0
125, -2, 1
126, -1, 0
127, -1, 0
127, -1, 1
123, -2, 0
121, -1, 0
125, -1, 0
124, -2, 1
125, -1, 0
126, -1, 0
127, -1, 0
124, -2, 1
126, -1, 0
124, -1, 0
124, -1, 1
126, -2, 0
128, -1, 0
123, -1, 1
123, -2, 0
125, -1, 0
124, -1, 0
125, -2, 1
124, -1, 0
128, -1, 0
124, -2, 1
124, -1, 0
124, -1, 0
127, -2, 0
134, -1, 1
247, -1, 0
249, -1, 0
120, -5, 1
124, -1, 0
126, -1, 1
124, -2, 0
125, -1, 0
126, -1, 1
124, -1, 0
125, -2, 0
125, -1, 0
126, -2, 1
124, -1, 0
125, -2, 0
125, -1, 0
126, -1, 1
125, -1, 0
124, -2, 0
125, -1, 1
125, -1, 0
126, -2, 0
124, -1, 0
125, -2, 1
125, -1, 0
125, -1, 0
125, -1, 1
125, -2, 0
125, -1, 0
126, -2, 1
124, -1, 0
125, -2, 0
125, -1, 0
125, -1, 1
125, -2, 0
125, -1, 0
125, -1, 0
125, -1, 0
126, -2, 1
124, -1, 0
125, -2, 1
125, -1, 0
126, -2, 0
125, -1, 0
124, -1, 1
125, -1, 0
126, -2, 0
124, -1, 1
125, -2, 0
125, -1, 0
125, -1, 0
125, -2, 1
126, -1, 0
124, -2, 0
125, -1, 1
126, -1, 0
124, -2, 0
125, -1, 0
125, -2, 1
125, -1, 0
125, -1, 0
125, -2, 0
125, -1, 1
125, -1, 0
125, -2, 0
125, -1, 0
125, -2, 1
125, -1, 0
125, -1, 0
125, -2, 1
125, -1, 0
126, -2, 0
124, -1, 0
125, -2, 1
125, -1, 0
125, -1, 0
125, -2, 1
125, -1, 0
125, -2, 0
125, -1, 0
126, -1, 1
125, -1, 0
124, -2, 0
125, -1, 0
125, -2, 1
125, -1, 0
125, -2, 0
125, -1, 1
125, -2, 0
125, -1, 0
124, -1, 0
126, -2, 1
126, -1, 0
124, -2, 0
125, -1, 0
125, -2, 1
125, -1, 0
125, -1, 0
125, -2, 0
125, -1, 1
125, -1, 0
125, -2, 0
124, -1, 1
126, -1, 0
125, -2, 0
125, -1, 0
125, -2, 1
124, -1, 0
126, -2, 0
125, -1, 0
125, -2, 1
126, -1, 0
124, -2, 0
126, -1, 0
125, -1, 1
123, -1, 0
126, -2, 0
125, -1, 1
165, -2, 0
87, -1, 0
125, -1, 0
144, -2, 1
108, -1, 0
125, -2, 0
125, -1, 0
125, -1, 0
125, -2, 1
142, -1, 0
108, -2, 0
127, -1, 0
124, -2, 1
123, -1, 0
554, -1, 0
197, -2, 1
124, -6, 1
126, -2, 0
125, -1, 0
124, -2, 0
126, -1, 1
124, -2, 0
125, -1, 0
126, -1, 0
125, -2, 1
124, -1, 0
127, -1, 0
124, -2, 0
125, -1, 1
125, -1, 0
125, -2, 0
124, -1, 0
126, -2, 0
125, -1, 1
125, -2, 0
124, -1, 0
126, -1, 0
125, -2, 1
124, -1, 0
126, -2, 0
125, -1, 0
125, -1, 1
125, -1, 0
125, -2, 0
124, -1, 0
126, -2, 1
124, -1, 0
123, -1, 0
125, -2, 0
125, -1, 0
126, -1, 1
123, -1, 0
125, -2, 0
125, -1, 0
125, -2, 0
126, -1, 1
124, -1, 0
125, -2, 0
126, -1, 1
125, -1, 0
124, -2, 0
125, -1, 0
125, -1, 0
125, -2, 0
125, -1, 1
125, -1, 0
126, -1, 0
125, -2, 0
125, -1, 1
124, -2, 0
125, -1, 0
125, -1, 0
125, -2, 0
126, -1, 1
125, -1, 0
125, -1, 0
125, -2, 0
125, -1, 1
125, -1, 0
125, -2, 0
125, -1, 0
125, -1, 0
125, -2, 1
125, -1, 0
124, -1, 0
126, -1, 0
125, -2, 0
128, -1, 0
122, -1, 1
125, -2, 0
125, -1, 0
126, -1, 0
123, -1, 1
126, -2, 0
125, -1, 0
124, -1, 0
126, -1, 0
124, -2, 0
125, -1, 1
126, -1, 0
124, -2, 0
125, -1, 0
125, -1, 0
125, -1, 1
125, -2, 0
125, -1, 0
125, -1, 0
125, -1, 0
126, -1, 0
124, -2, 1
125, -1, 0
125, -1, 0
125, -1, 0
125, -2, 0
125, -1, 0
125, -1, 1
125, -1, 0
125, -2, 0
125, -1, 0
126, -1, 0
124, -1, 1
125, -1, 0
125, -2, 0
125, -1, 0
125, -1, 0
125, -1, 0
125, -2, 1
247, -2, 0
128, -1, 0
125, -1, 0
125, -1, 1
125, -1, 0
125, -2, 0
126, -1, 0
124, -1, 0
126, -1, 0
124, -1, 1
125, -1, 0
125, -2, 0
127, -1, 0
123, -1, 0
125, -1, 0
327, -1, 0
173, -2, 1
125, -3, 0
123, -1, 0
126, -1, 0
125, -2, 1
247, -2, 0
128, -1, 0
124, -1, 0
125, -1, 0
126, -1, 0
125, -1, 1
125, -1, 0
124, -2, 0
249, -2, 0
127, -1, 0
125, -1, 0
125, -1, 1
125, -1, 0
125, -1, 0
125, -1, 0
124, -1, 0
126, -1, 0
125, -1, 0
125, -2, 1
125, -1, 0
125, -1, 0
125, -1, 0
125, -1, 0
247, -2, 0
128, -1, 0
125, -1, 1
125, -1, 0
125, -1, 0
124, -1, 0
131, -1, 0
123, -1, 0
126, -1, 0
125, -1, 0
126, -1, 0
134, -1, 1
117, -1, 0
124, -1, 0
123, -1, 0
125, -1, 0
125, -1, 0
125, -1, 0
125, -1, 0
125, -1, 0
125, -1, 1
125, -1, 0
127, -1, 0
129, -1, 0
119, -1, 0
125, -1, 0
125, -1, 0
125, -1, 0
125, -1, 0
125, -1, 0
125, -1, 0
125, -1, 1
244, -1, 0
131, -1, 0
125, -2, 0
246, -1, 0
129, -1, 0
125, -1, 0
125, -1, 0
125, -1, 1
125, -1, 0
244, -2, 0
250, -1, 0
131, -1, 0
125, -1, 0
125, -1, 0
124, -1, 0
126, -1, 0
125, -1, 1
245, -2, 0
249, -1, 0
132, -1, 0
121, -1, 0
125, -1, 0
247, -2, 0
251, -1, 0
129, -1, 0
126, -1, 0
122, -1, 0
247, -1, 1
128, -1, 0
125, -1, 0
125, -1, 0
125, -1, 0
247, -1, 0
128, -1, 0
125, -1, 0
125, -1, 0
248, -1, 0
127, -1, 0
125, -1, 0
126, 0, 1
124, -1, 0
125, -1, 0
125, -1, 0
125, -1, 0
125, -1, 0
247, -1, 0
128, -1, 0
247, -1, 0
129, -1, 0
124, -1, 0
247, -1, 0
128, -1, 0
125, -1, 0
411, -1, 0
215, -1, 0
124, -2, 0
125, -1, 0
247, -1, 1
128, -1, 0
125, -1, 0
247, -1, 0
128, -1, 0
247, -1, 0
128, -1, 0
247, -1, 0
128, -1, 0
247, -1, 0
128, -1, 0
247, -1, 0
250, -1, 0
128, -1, 0
247, -1, 0
128, -1, 0
247, -1, 0
128, 0, 1
125, -1, 0
126, -1, 0
248, -1, 0
248, -1, 0
250, -1, 0
128, -1, 0
305, -1, 0
192, -1, 0
130, -1, 0
370, -1, 0
131, -1, 0
244, -1, 0
250, -1, 0
250, -1, 0
249, -1, 0
251, -1, 0
250, -1, 0
249, -1, 0
251, -1, 0
250, -1, 0
250, -1, 0
249, -1, 0
251, -1, 0
375, -1, 0
250, -1, 1
249, -1, 0
251, -1, 0
410, -1, 0
215, -1, 0
250, -1, 0
408, -1, 0
217, -1, 0
408, -1, 0
342, -1, 0
250, -1, 0
408, -1, 0
342, -1, 0
250, -1, 0
411, -1, 0
497, -1, 0
342, -1, 0
408, -1, 0
500, -1, 0
467, -1, 0
386, -1, 0
489, -1, 0
652, -1, 0
524, -1, 0
501, -1, 0
727, -1, 0
596, -1, 0
780, -1, 0
1001, -1, 0
844, -1, 0
1680, -1, 0
2104, -1, 0
889, 0, -1
17614, 1, 0
2509, 1, 0
754, 0, 1
714, 1, 0
1379, 1, 0
1002, 1, 0
243, 0, 1
750, 1, 0
915, 1, 0
875, 1, 0
214, 0, 1
502, 1, 0
655, 1, 0
752, 1, 0
467, 1, 1
784, 1, 0
469, 1, 0
496, 1, 0
523, 1, 0
109, 0, 1
368, 1, 0
539, 1, 0
338, 1, 0
529, 1, 0
471, 1, 0
380, 1, 0
371, 0, 1
123, 1, 0
245, 1, 0
535, 1, 0
343, 1, 0
247, 1, 0
537, 1, 0
214, 1, 0
373, 1, 0
376, 1, 0
251, 1, 0
375, 1, 1
428, 1, 0
399, 1, 0
178, 1, 0
253, 1, 0
241, 1, 0
251, 1, 0
374, 1, 0
250, 1, 0
429, 1, 0
196, 1, 0
251, 1, 0
266, 1, 0
243, 1, 0
252, 1, 0
264, 1, 0
234, 1, 0
248, 1, 0
249, 1, 0
249, 1, 0
247, 1, 0
251, 1, 0
249, 1, 0
250, 1, 0
251, 1, 0
249, 1, 0
250, 1, 0
251, 1, 0
250, 1, 0
251, 1, 0
127, 1, 0
247, 1, 0
250, 1, 0
258, 1, 0
117, 1, 0
246, 1, 0
128, 1, 0
247, 1, 0
251, 1, 0
126, 1, 0
248, 1, 0
250, 1, 0
127, 1, 0
248, 1, 0
128, 1, 0
248, 1, 0
251, 1, 0
125, 1, 0
248, 1, 0
128, 1, 0
247, 1, 0
128, 1, 0
247, 1, 0
128, 1, 0
247, 1, 0
128, 1, 0
247, 1, 0
128, 1, 0
247, 1, 0
129, 1, 0
246, 1, 0
127, 1, 0
125, 1, 0
249, 1, 0
127, 1, 0
247, 1, 0
128, 1, -1
125, 1, 0
247, 1, 0
128, 1, 0
125, 1, 0
247, 1, 0
249, 1, 0
129, 1, 0
125, 1, 0
247, 1, 0
127, 1, 0
126, 1, -1
125, 1, 0
246, 1, 0
368, 1, 0
264, 1, 0
136, 3, 0
233, 1, 0
128, 1, 0
125, 1, -1
125, 1, 0
255, 1, 0
124, 1, 0
121, 1, 0
247, 2, 0
251, 1, 0
127, 1, 0
124, 1, 0
126, 1, -1
125, 1, 0
246, 1, 0
128, 1, 0
248, 1, 0
127, 1, 0
126, 1, 0
127, 1, 0
122, 1, -1
126, 1, 0
124, 1, 0
248, 1, 0
128, 1, 0
125, 1, 0
125, 1, 0
261, 2, 0
236, 1, -1
128, 1, 0
125, 1, 0
125, 1, 0
125, 1, 0
125, 1, 0
246, 1, 0
140, 1, 0
141, 1, -1
101, 1, 0
128, 1, 0
121, 1, 0
131, 1, 0
137, 1, 0
112, 1, 0
120, 1, 0
253, 1, -1
127, 1, 0
129, 1, 0
120, 1, 0
127, 1, 0
129, 1, 0
121, 1, 0
117, 1, 0
125, 1, 0
125, 1, -1
125, 1, 0
125, 1, 0
125, 1, 0
124, 1, 0
248, 2, 0
251, 2, -1
249, 1, 0
128, 1, 0
125, 1, 0
125, 1, 0
128, 1, 0
133, 1, 0
115, 1, -1
124, 1, 0
125, 1, 0
124, 1, 0
125, 1, 0
125, 1, 0
125, 1, 0
132, 1, -1
125, 1, 0
125, 1, 0
126, 1, 0
129, 1, 0
117, 1, 0
122, 1, 0
124, 1, -1
126, 1, 0
126, 2, 0
246, 2, 0
127, 1, 0
125, 1, -1
125, 1, 0
126, 1, 0
124, 1, 0
125, 1, 0
128, 1, 0
122, 1, 0
126, 1, -1
125, 1, 0
125, 1, 0
124, 1, 0
139, 1, 0
117, 1, 0
129, 1, -1
133, 1, 0
113, 1, 0
120, 2, 0
247, 2, 0
128, 1, -1
125, 1, 0
125, 1, 0
125, 1, 0
125, 1, 0
125, 1, 0
127, 1, 0
125, 1, -1
125, 2, 0
123, 1, 0
291, 1, 0
219, 1, 0
130, 3, -1
109, 1, 0
126, 1, 0
125, 2, 0
247, 2, -1
128, 1, 0
124, 1, 0
125, 1, 0
125, 1, -1
126, 1, 0
124, 2, 0
248, 1, 0
128, 2, -1
124, 1, 0
125, 1, 0
125, 1, 0
125, 1, 0
126, 1, -1
124, 2, 0
126, 1, 0
125, 1, 0
124, 1, 0
125, 1, 0
128, 1, -1
122, 1, 0
127, 2, 0
245, 2, 0
129, 1, -1
127, 1, 0
122, 1, 0
126, 2, 0
124, 1, 0
126, 0, -1
125, 2, 0
124, 1, 0
127, 1, 0
129, 1, 0
134, 2, -1
124, 1, 0
125, 1, 0
222, 1, 0
37, 2, -1
117, 1, 0
123, 1, 0
125, 1, 0
140, 1, 0
133, 1, -1
101, 1, 0
116, 2, 0
126, 1, 0
122, 1, 0
124, 1, -1
125, 2, 0
126, 1, 0
125, 1, 0
125, 1, -1
125, 1, 0
124, 2, 0
126, 1, 0
124, 1, 0
125, 1, 0
126, 2, -1
125, 1, 0
124, 1, 0
111, 1, 0
125, 2, -1
125, 1, 0
248, 2, 0
127, 1, 0
126, 2, -1
247, 2, 0
128, 1, 0
125, 1, -1
127, 1, 0
122, 2, 0
126, 1, 0
124, 1, -1
126, 1, 0
125, 1, 0
125, 2, 0
125, 1, -1
125, 2, 0
125, 1, 0
125, 1, 0
124, 1, 0
127, 2, -1
123, 1, 0
125, 1, 0
125, 1, 0
125, 1, -1
125, 2, 0
126, 1, 0
125, 1, -1
125, 1, 0
124, 2, 0
125, 1, 0
125, 2, 0
125, 1, 0
125, 1, -1
125, 1, 0
125, 1, 0
125, 2, -1
125, 1, 0
125, 1, 0
125, 1, 0
125, 2, -1
125, 1, 0
127, 1, 0
127, 1, -1
122, 2, 0
124, 1, 0
125, 1, 0
125, 2, 0
125, 1, 0
126, 1, -1
124, 1, 0
126, 2, 0
124, 1, -1
125, 2, 0
125, 1, 0
125, 1, 0
125, 1, 0
125, 1, -1
125, 2, 0
300, 1, 0
206, 2, -1
121, 3, 0
124, 2, -1
124, 1, 0
125, 1, 0
125, 2, 0
125, 1, 0
125, 1, -1
125, 1, 0
125, 2, 0
125, 1, 0
125, 1, -1
125, 2, 0
126, 1, 0
124, 1, 0
125, 2, -1
125, 1, 0
125, 2, 0
125, 1, 0
125, 1, -1
125, 1, 0
125, 1, 0
130, 2, 0
120, 1, -1
126, 2, 0
125, 1, 0
125, 1, 0
124, 1, -1
125, 2, 0
125, 1, 0
125, 1, 0
125, 2, -1
125, 1, 0
125, 2, 0
125, 1, 0
125, 1, 0
125, 1, -1
125, 2, 0
125, 1, 0
125, 2, -1
125, 1, 0
125, 1, 0
125, 1, 0
125, 1, -1
125, 2, 0
125, 1, 0
125, 2, 0
126, 1, -1
124, 2, 0
125, 1, 0
125, 1, 0
125, 1, -1
125, 1, 0
125, 2, 0
125, 1, 0
125, 2, -1
125, 1, 0
125, 2, 0
125, 1, 0
125, 1, -1
125, 1, 0
125, 2, 0
125, 1, 0
126, 1, -1
124, 2, 0
125, 1, 0
125, 2, -1
125, 1, 0
125, 1, 0
125, 1, 0
125, 2, -1
125, 1, 0
125, 2, 0
125, 1, 0
125, 1, 0
125, 2, -1
125, 1, 0
125, 1, 0
125, 2, 0
125, 1, -1
125, 1, 0
158, 2, 0
112, 1, -1
108, 2, 0
126, 1, 0
124, 1, 0
125, 2, -1
124, 1, 0
130, 1, 0
121, 2, 0
125, 1, -1
124, 1, 0
137, 2, 0
114, 1, 0
135, 2, -1
117, 1, 0
126, 2, 0
122, 1, 0
127, 1, -1
124, 2, 0
127, 1, 0
146, 1, -1
102, 1, 0
127, 2, 0
138, 1, 0
114, 2, -1
125, 1, 0
138, 2, 0
111, 1, 0
124, 1, -1
123, 2, 0
126, 1, 0
125, 1, -1
124, 2, 0
125, 1, 0
126, 1, 0
124, 2, -1
125, 1, 0
125, 2, 0
125, 1, 0
126, 1, -1
125, 2, 0
124, 1, 0
125, 2, -1
125, 1, 0
126, 1, 0
124, 2, 0
126, 1, -1
124, 1, 0
125, 2, 0
435, 1, 0
189, 2, -1
123, 5, -1
125, 1, 0
125, 1, 0
126, 2, -1
124, 1, 0
125, 2, 0
125, 1, 0
126, 2, -1
125, 1, 0
124, 1, 0
125, 2, 0
125, 1, -1
125, 1, 0
125, 2, 0
125, 1, -1
125, 1, 0
125, 2, 0
125, 1, 0
125, 2, -1
125, 1, 0
125, 1, 0
125, 2, 0
125, 1, 0
125, 1, -1
125, 2, 0
126, 1, 0
128, 1, -1
121, 2, 0
125, 1, 0
125, 2, 0
125, 1, -1
125, 1, 0
125, 2, 0
248, 2, -1
127, 1, 0
125, 2, 0
125, 1, -1
125, 2, 0
125, 1, 0
125, 2, 0
125, 1, -1
125, 1, 0
125, 1, 0
125, 1, 0
125, 2, -1
125, 1, 0
125, 2, 0
124, 1, 0
125, 2, -1
125, 1, 0
130, 1, 0
121, 1, -1
125, 2, 0
124, 1, 0
125, 1, 0
125, 2, -1
126, 1, 0
128, 1, 0
124, 2, 0
124, 1, -1
124, 1, 0
126, 2, 0
125, 1, -1
124, 1, 0
125, 2, 0
125, 1, 0
125, 1, -1
125, 1, 0
125, 2, 0
125, 1, -1
125, 2, 0
124, 1, 0
126, 1, 0
125, 2, -1
125, 1, 0
125, 1, 0
125, 1, -1
126, 2, 0
124, 1, 0
125, 1, -1
125, 2, 0
125, 1, 0
125, 1, 0
125, 2, -1
125, 1, 0
125, 1, 0
125, 1, -1
125, 1, 0
125, 2, 0
126, 1, 0
125, 1, -1
124, 2, 0
125, 1, 0
125, 1, 0
128, 2, -1
123, 1, 0
125, 1, 0
124, 1, -1
125, 1, 0
125, 2, 0
125, 1, 0
125, 1, -1
125, 1, 0
125, 2, 0
126, 1, 0
125, 2, -1
124, 1, 0
125, 1, 0
125, 1, 0
126, 1, -1
124, 1, 0
125, 1, 0
125, 2, -1
125, 1, 0
125, 1, 0
125, 1, 0
126, 2, -1
124, 1, 0
125, 1, 0
125, 1, 0
125, 1, -1
125, 2, 0
248, 2, 0
127, 1, -1
125, 1, 0
125, 1, 0
125, 2, -1
254, 1, 0
248, 1, 0
124, 3, -1
123, 1, 0
125, 2, 0
125, 1, -1
126, 1, 0
124, 1, 0
125, 1, 0
125, 1, 0
126, 2, -1
247, 2, 0
129, 1, -1
124, 1, 0
125, 1, 0
124, 1, 0
125, 1, -1
125, 1, 0
125, 2, 0
247, 2, -1
128, 1, 0
125, 1, 0
125, 1, 0
125, 1, 0
126, 1, -1
124, 1, 0
125, 1, 0
125, 1, 0
125, 1, -1
125, 1, 0
125, 1, 0
125, 1, 0
125, 1, -1
125, 1, 0
125, 1, 0
126, 1, -1
124, 1, 0
125, 1, 0
126, 1, 0
124, 1, 0
126, 1, -1
125, 1, 0
125, 1, 0
124, 1, 0
125, 1, -1
125, 1, 0
126, 1, 0
124, 1, 0
125, 1, 0
125, 1, -1
126, 1, 0
124, 1, 0
126, 1, 0
124, 1, -1
125, 1, 0
248, 2, 0
250, 1, -1
127, 1, 0
125, 1, 0
126, 1, 0
125, 1, 0
124, 1, -1
126, 1, 0
124, 1, 0
248, 1, 0
128, 1, -1
124, 1, 0
125, 1, 0
125, 1, 0
125, 1, 0
125, 0, -1
125, 1, 0
126, 1, 0
124, 1, 0
253, 1, -1
123, 1, 0
125, 1, 0
124, 1, 0
125, 1, 0
125, 0, -1
125, 1, 0
125, 1, 0
248, 2, 0
250, 1, -1
128, 1, 0
248, 1, 0
127, 1, 0
124, 1, 0
125, 0, -1
126, 1, 0
123, 1, 0
248, 1, 0
128, 1, 0
125, 1, -1
247, 1, 0
262, 1, 0
116, 1, 0
125, 1, -1
247, 1, 0
249, 1, 0
128, 1, -1
256, 1, 0
286, 1, 0
90, 1, 0
242, 1, -1
250, 1, 0
131, 1, 0
243, 1, 0
250, 1, 0
250, 1, 0
699, 0, -1
183, 1, 0
124, 3, -1
244, 1, 0
375, 1, 0
249, 1, 0
132, 0, -1
244, 1, 0
250, 1, 0
376, 1, 0
402, 1, 0
222, 1, -1
509, 1, 0
370, 1, 0
498, 1, 0
126, 0, -1
372, 1, 0
500, 1, 0
783, 1, 0
593, 0, -1
249, 1, 0
1540, 1, 0
8212, -1, 0
2658, -1, 0
1498, -1, 0
801, 0, -1
292, -1, 0
1127, -1, 0
753, -1, 0
781, -1, 0
600, -1, 0
501, -1, 0
626, -1, 0
248, 0, -1
376, -1, 0
249, -1, 0
625, -1, 0
502, -1, 0
249, -1, 0
532, -1, 0
478, -1, 0
353, -1, 0
253, -1, 0
559, -1, 0
188, -1, 0
392, -1, 0
254, -1, 0
382, -1, 0
400, -1, 0
196, -1, 0
499, -1, 0
257, -1, 0
123, -1, 0
404, -1, 0
217, -1, 0
250, -1, 0
249, -1, 0
251, -1, 0
402, -1, 0
223, -1, 0
250, -1, 0
127, -1, 0
247, -1, 0
250, -1, 0
251, -1, 0
250, -1, 0
250, -1, 0
249, -1, 0
251, -1, 0
250, -1, 0
128, -1, 0
250, -1, 0
247, -1, 0
249, -1, 0
251, -1, 0
130, -1, 0
245, -1, 0
250, -1, 1
250, -1, 0
138, -1, 0
118, -1, 0
244, -1, 0
250, -1, 0
249, -1, 0
131, -1, 0
244, -1, 0
132, -1, 1
244, -1, 0
130, -1, 0
244, -1, 0
250, -1, 0
132, -1, 0
243, -1, 0
131, -1, 0
244, -1, 0
132, -1, 1
244, -1, 0
131, -1, 0
124, -1, 0
245, -1, 0
133, -1, 0
243, -1, 1
131, -1, 0
122, -1, 0
247, -1, 0
127, -1, 0
125, -1, 0
247, -1, 0
128, -1, 0
248, -1, 0
127, -1, 1
125, -1, 0
247, -1, 0
128, -1, 0
125, -1, 0
125, -1, 0
126, -1, 0
124, 0, 1
125, -1, 0
125, -1, 0
247, -1, 0
128, -1, 0
125, -1, 0
248, -1, 1
127, -1, 0
125, -1, 0
125, -1, 0
125, -1, 0
247, -1, 0
128, -1, 0
126, -1, 0
124, -1, 0
125, 0, 1
125, -1, 0
125, -1, 0
125, -1, 0
125, -1, 0
286, -1, 0
293, -1, 1
45, -2, 0
126, -1, 0
124, -1, 0
125, -1, 0
125, 0, 1
125, -1, 0
125, -1, 0
125, -1, 0
125, -1, 0
125, -1, 0
125, -1, 0
248, -1, 1
127, -1, 0
125, -1, 0
125, -1, 0
125, -1, 0
125, -1, 0
125, -1, 1
125, -1, 0
247, -1, 0
128, -1, 0
125, -1, 0
125, -1, 1
129, -1, 0
121, -1, 0
125, -1, 0
125, -1, 0
125, -1, 1
247, -1, 0
128, -1, 0
125, -1, 0
125, -1, 0
125, -1, 1
125, -1, 0
125, -1, 0
125, -1, 0
125, -1, 0
125, -1, 0
125, -1, 1
125, -1, 0
125, -1, 0
125, -1, 0
125, -1, 0
125, -1, 0
125, -1, 1
247, -2, 0
250, -2, 0
129, -1, 0
124, 0, 1
125, -1, 0
125, -1, 0
126, -1, 0
131, -1, 0
122, -1, 1
125, -1, 0
125, -1, 0
125, -1, 0
125, -1, 0
125, -1, 0
125, -1, 1
125, -1, 0
124, -1, 0
126, -1, 0
125, -1, 0
125, -1, 1
125, -1, 0
125, -1, 0
125, -1, 0
125, -1, 1
125, -1, 0
125, -1, 0
125, -1, 0
125, -1, 0
125, -1, 1
125, -1, 0
125, -1, 0
125, -1, 0
125, -1, 0
125, -1, 1
125, -1, 0
125, -1, 0
125, -2, 0
244, -1, 1
131, -1, 0
125, -1, 0
125, -2, 0
244, -2, 1
131, -1, 0
125, -1, 0
125, -1, 0
125, -1, 0
125, -1, 1
125, -1, 0
125, -1, 0
125, -1, 0
125, -1, 0
125, -1, 1
125, -1, 0
130, -1, 0
121, -2, 0
244, -2, 1
127, -1, 0
125, -1, 0
125, -1, 0
125, -1, 1
125, -1, 0
125, -1, 0
125, -1, 0
125, -1, 0
125, -1, 1
125, -1, 0
125, -2, 0
247, -2, 1
128, -1, 0
247, -2, 0
128, -1, 0
125, -1, 1
125, -1, 0
125, -1, 0
336, -1, 0
174, -1, 0
115, -3, 1
125, -1, 0
124, -2, 1
125, -1, 0
126, -1, 0
124, -1, 0
125, -1, 0
125, -1, 1
125, -2, 0
247, -2, 0
128, -1, 0
125, -1, 1
125, -1, 0
125, -1, 0
125, -1, 0
125, -1, 1
125, -2, 0
125, -1, 0
125, -1, 0
125, -1, 0
125, -1, 1
125, -1, 0
125, -1, 0
125, -2, 0
125, -1, 1
126, -1, 0
124, -1, 0
125, -1, 0
127, -1, 0
124, -2, 1
124, -1, 0
125, -1, 0
125, -1, 0
125, -1, 1
126, -1, 0
124, -1, 0
125, -2, 0
125, -1, 0
125, -1, 1
128, -1, 0
122, -2, 0
125, -1, 0
125, -1, 1
125, -1, 0
125, -1, 0
125, -1, 0
125, -1, 0
125, -2, 1
125, -1, 0
125, -1, 0
126, -1, 0
127, -2, 1
122, -1, 0
125, -1, 0
125, -1, 0
125, -2, 1
125, -1, 0
247, -2, 0
128, -1, 0
125, -1, 1
125, -1, 0
125, -2, 0
125, -1, 0
125, -1, 1
125, -1, 0
125, -2, 0
125, -1, 0
125, -1, 0
125, -1, 1
125, -1, 0
125, -2, 0
125, -1, 0
125, -1, 1
125, -1, 0
125, -2, 0
125, -1, 1
125, -1, 0
125, -2, 0
247, -2, 0
129, -1, 1
124, -1, 0
125, -2, 0
125, -1, 0
125, -1, 1
125, -2, 0
125, -1, 0
125, -1, 0
125, -1, 1
125, -1, 0
125, -2, 0
125, -1, 0
125, -1, 1
126, -1, 0
123, -2, 0
125, -1, 0
125, -1, 1
126, -1, 0
125, -2, 0
124, -1, 0
126, -2, 1
125, -1, 0
246, -2, 0
138, -1, 0
143, -2, 1
99, -1, 0
124, -1, 0
126, -1, 0
128, -2, 1
122, -1, 0
123, -1, 0
126, -1, 0
128, -1, 1
126, -2, 0
122, -1, 0
123, -1, 0
126, -1, 1
125, -2, 0
124, -1, 0
127, -1, 1
127, -1, 0
126, -2, 0
122, -1, 0
125, -2, 1
125, -1, 0
125, -1, 0
125, -1, 0
240, -1, 0
261, -2, 1
123, -3, 0
126, -2, 1
124, -1, 0
125, -2, 0
125, -1, 0
125, -1, 1
125, -1, 0
128, -1, 0
125, -2, 0
123, -1, 1
124, -1, 0
125, -1, 0
127, -2, 0
123, -1, 1
125, -1, 0
124, -1, 0
126, -1, 0
125, -2, 1
125, -1, 0
124, -2, 0
248, -2, 1
128, -1, 0
124, -2, 0
126, -1, 0
125, -1, 1
124, -1, 0
125, -1, 0
125, -2, 0
126, -1, 0
125, -2, 1
125, -1, 0
124, -1, 0
125, -1, 1
125, -2, 0
126, -1, 0
124, -1, 0
125, -1, 0
125, -2, 1
125, -1, 0
125, -1, 0
126, -1, 0
125, -2, 1
124, -1, 0
125, -1, 0
126, -2, 0
124, -1, 1
126, -1, 0
124, -1, 0
125, -2, 0
125, -1, 0
126, -1, 1
125, -1, 0
124, -2, 0
126, -1, 0
125, -1, 1
125, -2, 0
125, -1, 0
124, -1, 0
126, -1, 1
124, -2, 0
125, -1, 0
127, -1, 0
124, -1, 0
125, -1, 1
124, -2, 0
125, -1, 0
125, -2, 0
126, 0, 1
125, -2, 0
124, -1, 0
126, -2, 0
124, -1, 0
126, -1, 1
125, -1, 0
124, -1, 0
126, -2, 0
124, -1, 0
129, -1, 1
121, -1, 0
126, -2, 0
125, -1, 0
124, -1, 1
125, -1, 0
125, -1, 0
125, -2, 0
125, -1, 0
125, -1, 1
125, -1, 0
125, -2, 0
125, -1, 0
126, -1, 0
124, -1, 1
125, -2, 0
125, -1, 0
126, -1, 0
127, -1, 0
123, -1, 1
124, -2, 0
125, -1, 0
125, -1, 0
125, -1, 0
125, -2, 0
126, -1, 1
124, -1, 0
126, -1, 0
124, -2, 0
125, -1, 0
125, -1, 1
125, -1, 0
125, -1, 0
125, -2, 0
125, -1, 0
125, -1, 1
125, -1, 0
125, -2, 0
125, -1, 0
125, -1, 0
125, -1, 1
125, -1, 0
125, -2, 0
125, -1, 0
126, -1, 0
128, -1, 0
126, -1, 1
145, -1, 0
104, -2, 0
125, -1, 0
124, -1, 1
552, -1, 0
198, -1, 0
125, -7, 1
125, -1, 0
125, -1, 0
131, -1, 0
119, -1, 0
125, -1, 1
130, -2, 0
123, -1, 0
124, -1, 0
125, -1, 0
154, -1, 0
102, -1, 1
117, -1, 0
125, -2, 0
125, -1, 0
125, -1, 0
125, -1, 0
125, -1, 1
125, -1, 0
125, -1, 0
125, -2, 0
125, -1, 0
125, -1, 0
126, -1, 1
124, -1, 0
125, -1, 0
125, -2, 0
125, -1, 0
126, -1, 1
124, -1, 0
125, -1, 0
126, -1, 0
125, -1, 0
126, -2, 0
126, -1, 0
125, -1, 1
132, -1, 0
119, -1, 0
123, -1, 0
122, -2, 0
124, -1, 0
124, 0, 1
126, -2, 0
125, -1, 0
125, -1, 0
125, -1, 0
125, -1, 0
125, -1, 0
125, -2, 0
125, -1, 1
125, -1, 0
125, -1, 0
125, -1, 0
125, -1, 0
125, -1, 0
125, -1, 1
125, -1, 0
125, -1, 0
127, -1, 0
124, -2, 0
124, -1, 0
125, -1, 0
125, -1, 0
125, -1, 1
125, -1, 0
125, -1, 0
125, -1, 0
124, -1, 0
125, -1, 0
125, -1, 0
126, -2, 1
247, -2, 0
128, -1, 0
125, -1, 0
124, -1, 0
125, -1, 0
126, -1, 0
124, -1, 0
125, -1, 1
125, -1, 0
125, -1, 0
147, -1, 0
103, -1, 0
126, -1, 0
125, -2, 0
247, -1, 1
128, -1, 0
125, -1, 0
124, -2, 0
247, -2, 0
251, -2, 0
128, -1, 1
124, -1, 0
125, -1, 0
125, -1, 0
126, -1, 0
124, -1, 0
125, -1, 0
127, -1, 0
126, -1, 0
123, -1, 0
125, -1, 1
125, -1, 0
126, -1, 0
124, -1, 0
125, -1, 0
125, -1, 0
247, -2, 0
251, -2, 0
127, 0, 1
125, -2, 0
247, -2, 0
250, -1, 0
127, -1, 0
126, -1, 0
125, -1, 0
125, -1, 0
125, -1, 0
125, -1, 1
330, -1, 0
172, -1, 0
123, -3, 0
124, -1, 0
247, -1, 0
129, -1, 0
124, -1, 1
125, -1, 0
125, -1, 0
125, -1, 0
125, -1, 0
125, -1, 0
125, -1, 0
125, -1, 0
126, -1, 0
248, -1, 0
126, -1, 0
125, -1, 0
125, -1, 0
125, -1, 1
125, -1, 0
125, -1, 0
125, -1, 0
247, -1, 0
128, -1, 0
125, -1, 0
125, -1, 0
125, -1, 0
125, -1, 0
247, -1, 0
128, -1, 0
125, -1, 0
125, -1, 0
125, -1, 0
125, 0, 1
125, -1, 0
125, -1, 0
125, -1, 0
125, -1, 0
247, -1, 0
128, -1, 0
125, -1, 0
125, -1, 0
125, -1, 0
247, -1, 0
128, -1, 0
125, -1, 0
125, -1, 0
247, -1, 0
128, -1, 1
126, -1, 0
251, -1, 0
133, -1, 0
120, -1, 0
127, -1, 0
242, -1, 0
130, -1, 0
124, -1, 0
246, -1, 0
131, -1, 0
125, -1, 0
244, -1, 0
131, -1, 0
245, -1, 0
130, -1, 0
124, -1, 0
127, 0, 1
125, -1, 0
124, -1, 0
148, -1, 0
222, -1, 0
130, -1, 0
244, -1, 0
131, -1, 0
244, -1, 0
131, -1, 0
245, -1, 0
130, -1, 0
125, -1, 0
245, -1, 0
249, -1, 0
131, -1, 0
245, -1, 0
250, -1, 0
130, -1, 0
126, -1, 0
245, -1, 1
250, -1, 0
130, -1, 0
245, -1, 0
249, -1, 0
128, -1, 0
251, -1, 0
246, -1, 0
127, -1, 0
248, -1, 0
251, -1, 0
251, -1, 0
126, -1, 0
247, -1, 0
250, -1, 0
259, -1, 0
244, -1, 0
124, -1, 0
247, -1, 0
249, -1, 0
250, -1, 0
250, -1, 0
250, -1, 0
249, -1, 0
250, -1, 0
250, -1, 0
251, -1, 0
249, -1, 0
251, -1, 0
250, -1, 0
250, -1, 0
375, -1, 0
250, -1, 0
249, -1, 0
404, -1, 0
221, -1, 0
405, -1, 0
220, -1, 0
404, -1, 0
221, -1, 0
405, -1, 0
221, -1, 0
404, -1, 0
346, -1, 0
375, -1, 0
375, -1, 0
375, -1, 0
374, -1, 0
376, -1, 0
403, -1, 0
348, -1, 0
501, -1, 0
540, -1, 0
333, -1, 0
502, -1, 0
564, -1, 0
558, -1, 0
543, -1, 0
617, -1, 0
630, -1, 0
748, -1, 0
994, -1, 0
471, -1, 0
907, -1, 0
1001, -1, 0
1107, 0, -1
236, -1, 0
1528, -1, 0
2637, -1, 0
16483, 1, 0
2019, 1, 0
1094, 1, 0
1179, 1, 0
854, 1, 0
876, 1, 0
718, 1, 0
656, 1, 0
749, 1, 0
658, 1, 0
84, 0, 1
495, 1, 0
493, 1, 0
619, 1, 0
505, 1, 0
480, 1, 0
374, 1, 0
498, 1, 0
499, 1, 0
375, 1, 0
501, 1, 1
372, 1, 0
409, 1, 0
341, 1, 0
375, 1, 0
375, 1, 0
407, 1, 0
343, 1, 0
250, 1, 0
250, 0, 1
128, 1, 0
372, 1, 0
250, 1, 0
407, 1, 0
218, 1, 0
407, 1, 0
343, 1, 0
250, 1, 0
409, 1, 0
216, 1, 0
250, 1, 0
250, 1, 0
406, 1, 0
219, 1, 0
250, 1, 1
250, 1, 0
249, 1, 0
250, 1, 0
251, 1, 0
250, 1, 0
249, 1, 0
129, 1, 0
247, 1, 0
250, 1, 0
250, 1, 0
249, 1, 0
251, 1, 0
250, 1, 0
128, 1, 0
247, 1, 0
249, 1, 0
415, 1, 0
214, 1, 0
125, 1, 0
124, 1, 0
248, 1, 0
127, 1, 0
252, 1, 0
251, 1, 0
125, 1, 0
125, 0, 1
125, 1, 0
125, 1, 0
248, 1, 0
248, 1, 0
127, 1, 0
249, 1, 0
126, 1, 0
247, 1, 0
129, 1, 0
248, 1, 0
127, 1, 0
247, 1, 0
127, 1, 0
248, 1, 0
127, 1, 0
248, 1, 0
127, 1, 0
125, 1, 0
247, 1, 0
128, 1, 0
247, 1, 0
128, 1, 0
125, 1, 0
247, 1, 0
128, 1, 0
247, 1, 0
128, 1, 0
124, 1, 0
126, 1, 0
247, 1, 0
130, 1, 0
246, 1, 0
127, 1, 0
125, 1, 0
247, 1, 0
129, 1, 0
124, 1, 0
125, 1, 0
247, 1, 0
128, 1, 0
125, 1, 0
247, 1, 0
128, 1, 0
125, 1, 0
125, 1, 0
125, 1, 0
248, 1, 0
127, 1, 0
125, 1, 0
125, 1, 0
247, 1, 0
128, 1, 0
125, 1, 0
125, 1, 0
125, 1, 0
247, 1, 0
128, 1, 0
125, 1, 0
125, 1, 0
125, 1, 0
125, 1, 0
125, 0, -1
125, 1, 0
125, 1, 0
125, 1, 0
125, 1, 0
125, 1, 0
125, 1, 0
247, 2, 0
250, 1, 0
128, 1, 0
125, 1, 0
126, 1, 0
126, 1, 0
124, 1, 0
124, 1, 0
248, 2, 0
251, 1, 0
126, 1, -1
124, 1, 0
125, 1, 0
125, 1, 0
125, 1, 0
126, 1, 0
125, 1, 0
124, 1, 0
126, 1, 0
124, 1, 0
125, 1, 0
125, 1, 0
248, 2, 0
249, 2, 0
334, 0, -1
171, 1, 0
124, 3, 0
125, 1, 0
124, 1, 0
125, 1, 0
125, 1, 0
125, 1, 0
125, 1, 0
125, 1, 0
125, 1, 0
125, 1, 0
125, 1, 0
125, 1, 0
125, 1, -1
125, 1, 0
125, 1, 0
125, 1, 0
125, 1, 0
125, 1, 0
125, 1, 0
125, 1, 0
125, 1, 0
125, 1, 0
125, 1, 0
125, 2, 0
125, 0, -1
125, 1, 0
126, 2, 0
246, 2, 0
251, 2, 0
128, 1, 0
124, 1, 0
126, 1, -1
127, 1, 0
123, 1, 0
124, 1, 0
125, 1, 0
125, 1, 0
125, 1, 0
125, 1, 0
125, 1, 0
125, 1, 0
125, 2, -1
247, 2, 0
128, 1, 0
125, 1, 0
125, 1, 0
125, 1, 0
125, 1, 0
125, 1, 0
126, 1, 0
124, 1, 0
126, 2, -1
124, 1, 0
125, 1, 0
125, 1, 0
125, 1, 0
125, 1, 0
125, 1, 0
125, 1, 0
125, 1, 0
125, 2, -1
125, 1, 0
125, 1, 0
125, 1, 0
125, 1, 0
125, 1, 0
125, 2, 0
247, 1, 0
128, 2, -1
126, 1, 0
125, 1, 0
125, 1, 0
126, 1, 0
125, 1, 0
124, 2, 0
126, 1, -1
123, 1, 0
126, 1, 0
149, 1, 0
103, 1, 0
125, 1, 0
125, 2, 0
125, 1, 0
125, 1, -1
125, 1, 0
125, 2, 0
244, 2, 0
131, 1, 0
125, 1, 0
125, 1, -1
125, 1, 0
125, 2, 0
126, 1, 0
125, 1, 0
124, 1, 0
125, 2, -1
125, 1, 0
125, 1, 0
125, 1, 0
125, 1, 0
125, 1, 0
125, 1, 0
125, 2, 0
125, 1, -1
124, 1, 0
126, 1, 0
125, 2, 0
131, 1, 0
119, 1, 0
125, 1, 0
125, 2, -1
125, 1, 0
125, 1, 0
125, 1, 0
125, 1, 0
125, 2, -1
125, 1, 0
125, 1, 0
125, 1, 0
125, 2, 0
125, 1, 0
125, 1, -1
125, 1, 0
125, 1, 0
125, 2, 0
368, 1, 0
255, 1, 0
124, 5, -1
125, 1, 0
125, 2, 0
125, 1, -1
125, 1, 0
125, 2, 0
125, 1, 0
125, 1, 0
125, 1, 0
125, 2, -1
125, 1, 0
125, 1, 0
126, 1, 0
124, 2, 0
125, 1, 0
125, 1, -1
125, 1, 0
125, 1, 0
125, 2, 0
125, 1, 0
125, 2, -1
125, 1, 0
125, 1, 0
125, 1, 0
126, 2, 0
125, 1, 0
125, 1, -1
124, 1, 0
125, 1, 0
125, 2, 0
125, 1, 0
125, 2, -1
125, 1, 0
125, 1, 0
125, 1, 0
125, 2, 0
125, 1, -1
125, 1, 0
125, 2, 0
125, 1, 0
125, 1, 0
125, 1, 0
125, 2, -1
125, 1, 0
125, 2, 0
125, 1, 0
125, 2, -1
247, 1, 0
128, 2, 0
125, 1, 0
125, 2, -1
125, 1, 0
125, 2, 0
125, 1, 0
125, 1, 0
125, 1, -1
125, 2, 0
125, 1, 0
125, 1, 0
125, 2, 0
125, 1, -1
125, 1, 0
125, 2, 0
125, 1, 0
125, 1, 0
125, 2, -1
125, 1, 0
124, 1, 0
125, 2, 0
126, 1, -1
125, 1, 0
124, 1, 0
126, 2, 0
125, 1, 0
125, 2, 0
125, 1, -1
126, 1, 0
124, 1, 0
125, 2, 0
125, 1, 0
125, 2, -1
125, 1, 0
125, 1, 0
125, 2, 0
125, 1, -1
125, 1, 0
125, 2, 0
125, 1, 0
125, 1, 0
125, 2, -1
124, 1, 0
126, 2, 0
125, 1, 0
125, 1, 0
125, 1, -1
125, 2, 0
125, 1, 0
124, 1, 0
125, 2, 0
126, 1, -1
124, 2, 0
125, 1, 0
126, 2, 0
125, 1, 0
125, 1, -1
124, 1, 0
126, 2, 0
125, 1, 0
124, 1, -1
125, 2, 0
125, 1, 0
129, 2, 0
121, 1, 0
125, 2, -1
125, 1, 0
135, 1, 0
122, 1, 0
122, 2, -1
124, 1, 0
125, 1, 0
125, 2, 0
132, 1, -1
119, 2, 0
125, 1, 0
132, 1, 0
117, 2, 0
126, 1, -1
282, 1, 0
216, 1, 0
124, 5, -1
125, 1, 0
125, 2, 0
125, 1, 0
125, 1, -1
125, 2, 0
125, 1, 0
125, 1, 0
125, 2, 0
125, 1, -1
125, 1, 0
125, 2, 0
127, 1, 0
123, 2, -1
125, 1, 0
125, 1, 0
125, 1, 0
125, 2, -1
125, 1, 0
124, 2, 0
126, 1, 0
125, 1, -1
125, 2, 0
124, 1, 0
126, 2, 0
126, 1, -1
124, 2, 0
125, 1, 0
125, 1, 0
125, 2, -1
124, 1, 0
126, 1, 0
125, 1, 0
125, 2, 0
125, 1, -1
125, 2, 0
124, 1, 0
125, 2, 0
126, 1, -1
124, 2, 0
125, 1, 0
125, 1, 0
126, 1, -1
125, 1, 0
124, 2, 0
125, 1, 0
125, 2, -1
125, 1, 0
125, 2, 0
125, 1, 0
125, 2, -1
126, 1, 0
124, 1, 0
126, 1, 0
124, 1, -1
125, 2, 0
125, 1, 0
125, 2, 0
125, 1, -1
125, 2, 0
125, 1, 0
125, 1, 0
126, 2, -1
126, 1, 0
124, 1, 0
125, 1, 0
125, 2, -1
125, 1, 0
125, 2, 0
124, 1, 0
125, 1, -1
126, 2, 0
125, 1, 0
124, 1, 0
125, 2, -1
125, 1, 0
126, 1, 0
124, 2, 0
126, 1, -1
125, 2, 0
125, 1, 0
125, 1, 0
125, 1, -1
125, 2, 0
125, 1, 0
125, 2, -1
124, 1, 0
126, 1, 0
124, 1, 0
126, 1, -1
125, 2, 0
124, 1, 0
126, 2, 0
125, 1, -1
124, 1, 0
126, 1, 0
124, 2, 0
126, 1, -1
127, 2, 0
123, 1, 0
124, 1, 0
125, 1, -1
125, 2, 0
125, 1, 0
125, 1, 0
127, 2, -1
127, 1, 0
122, 1, 0
126, 1, 0
124, 2, -1
125, 1, 0
124, 1, 0
127, 2, 0
124, 1, -1
125, 1, 0
124, 1, 0
125, 2, 0
125, 1, -1
126, 2, 0
124, 1, 0
125, 1, -1
125, 1, 0
125, 1, 0
125, 2, 0
125, 1, -1
127, 1, 0
126, 1, 0
124, 2, 0
126, 1, -1
352, 1, 0
150, 1, 0
123, 4, -1
126, 1, 0
124, 1, 0
124, 1, -1
125, 2, 0
124, 1, 0
126, 1, -1
125, 2, 0
246, 2, 0
129, 1, -1
125, 2, 0
124, 1, 0
276, 2, -1
104, 1, 0
128, 1, 0
144, 1, 0
104, 2, -1
129, 1, 0
123, 1, 0
123, 1, 0
125, 2, -1
245, 1, 0
128, 2, 0
128, 1, -1
124, 1, 0
124, 1, 0
126, 1, -1
124, 1, 0
125, 2, 0
126, 1, 0
123, 1, -1
124, 1, 0
125, 1, 0
125, 1, 0
126, 1, -1
125, 1, 0
143, 1, 0
107, 2, 0
127, 1, -1
126, 1, 0
127, 1, 0
123, 1, 0
124, 1, -1
124, 1, 0
130, 1, 0
137, 1, 0
119, 1, -1
114, 1, 0
127, 1, 0
133, 1, 0
121, 2, -1
243, 2, 0
131, 1, 0
123, 1, -1
124, 1, 0
245, 2, 0
251, 2, -1
248, 2, 0
254, 2, -1
245, 2, 0
249, 1, 0
128, 1, -1
125, 1, 0
128, 1, 0
126, 1, 0
123, 1, -1
124, 1, 0
124, 1, 0
125, 1, 0
125, 1, 0
125, 1, -1
247, 1, 0
137, 1, 0
123, 1, -1
121, 1, 0
122, 1, 0
125, 1, 0
125, 1, -1
248, 1, 0
132, 1, 0
123, 1, 0
128, 1, 0
126, 1, -1
121, 1, 0
249, 1, 0
124, 1, -1
127, 1, 0
129, 1, 0
122, 1, 0
247, 1, -1
126, 1, 0
248, 1, 0
127, 1, 0
124, 1, 0
127, 1, -1
250, 1, 0
125, 1, 0
248, 1, -1
126, 1, 0
125, 1, 0
248, 1, 0
127, 1, -1
249, 1, 0
130, 1, 0
125, 1, 0
243, 1, -1
253, 1, 0
125, 1, 0
400, 1, 0
226, 1, -1
122, 1, 0
125, 1, 0
123, 1, 0
255, 1, -1
248, 1, 0
252, 1, 0
122, 0, -1
125, 1, 0
247, 1, 0
251, 1, 0
257, 1, -1
248, 1, 0
245, 1, 0
249, 1, 0
136, 0, -1
247, 1, 0
251, 1, 0
375, 1, 0
123, 0, -1
245, 1, 0
248, 1, 0
378, 1, 0
381, 1, -1
367, 1, 0
501, 1, 0
499, 1, -1
647, 1, 0
600, 1, 0
796, 0, -1
203, 1, 0
1626, 1, 0
6261, -1, 0
2124, 0, -1
240, -1, 0
1415, -1, 0
1119, -1, 0
846, -1, -1
877, -1, 0
701, -1, 0
668, -1, -1
539, -1, 0
510, -1, 0
487, -1, 0
464, -1, 0
249, 0, -1
250, -1, 0
375, -1, 0
532, -1, 0
343, -1, 0
250, -1, 0
408, -1, 0
95, 0, -1
247, -1, 0
379, -1, 0
246, -1, 0
404, -1, 0
348, -1, 0
248, -1, 0
250, -1, 0
374, -1, 0
250, -1, 0
251, -1, -1
128, -1, 0
403, -1, 0
303, -1, 0
167, -1, 0
248, -1, 0
251, -1, 0
249, -1, 0
250, -1, 0
250, -1, 0
128, -1, 0
247, -1, 0
250, -1, 0
250, -1, 0
250, -1, 0
128, -1, 0
249, -1, 0
248, -1, 0
128, -1, 0
259, -1, 0
239, -1, 0
127, -1, 0
247, -1, 0
128, -1, 0
247, -1, 0
128, -1, 0
247, -1, 0
128, -1, 0
247, -1, 0
128, -1, 0
125, -1, 0
247, -1, 0
250, -1, 0
135, -1, 0
121, -1, 0
244, -1, 0
131, -1, 0
245, -1, 0
130, -1, 0
125, -1, 1
125, -1, 0
244, -1, 0
131, -1, 0
125, -1, 0
125, -1, 0
244, -1, 0
131, -1, 0
244, -1, 0
131, -1, 0
125, -1, 0
125, -1, 0
125, -1, 1
125, -1, 0
125, -1, 0
244, -1, 0
131, -1, 0
244, -2, 0
251, -1, 0
130, -1, 1
131, -1, 0
123, -1, 0
123, -1, 0
124, -1, 0
245, -1, 0
131, -1, 0
123, -1, 0
125, -1, 0
125, -1, 1
125, -1, 0
126, -1, 0
124, -1, 0
125, -1, 0
245, -1, 0
127, -1, 0
125, -1, 1
125, -1, 0
125, -1, 0
125, -1, 0
125, -1, 0
125, -1, 0
125, -1, 1
125, -1, 0
126, -1, 0
124, -1, 0
125, -1, 0
125, -1, 0
125, -1, 0
125, -1, 0
125, -1, 1
125, -1, 0
125, -1, 0
126, -1, 0
126, -1, 0
124, -1, 1
124, -1, 0
125, -1, 0
125, -1, 0
125, -1, 0
125, -1, 0
125, -1, 0
125, -1, 1
125, -1, 0
125, -1, 0
125, -2, 0
125, -1, 0
125, -1, 1
234, -1, 0
20, -1, 0
154, -1, 0
96, -1, 0
123, -1, 1
126, -1, 0
125, -1, 0
125, -1, 0
125, -2, 0
124, -1, 0
126, -1, 1
125, -1, 0
125, -1, 0
125, -1, 0
125, -1, 0
124, -1, 0
126, -1, 1
124, -2, 0
126, -1, 0
125, -1, 0
124, -1, 1
129, -1, 0
123, -1, 0
124, -1, 0
125, -2, 1
247, -2, 0
128, -1, 0
125, -1, 0
125, -1, 0
125, -2, 1
125, -1, 0
125, -1, 0
125, -1, 1
125, -1, 0
125, -1, 0
125, -2, 0
125, -1, 1
125, -1, 0
124, -1, 0
126, -1, 0
125, -2, 0
124, -1, 1
126, -1, 0
125, -1, 0
128, -2, 0
129, -1, 1
123, -1, 0
126, -1, 0
125, -1, 0
207, -2, 1
65, -1, 0
106, -1, 0
125, -1, 0
128, -2, 1
117, -1, 0
123, -1, 0
123, -1, 0
125, -1, 1
125, -2, 0
125, -1, 0
125, -1, 0
130, -1, 1
123, -2, 0
124, -1, 0
126, -2, 0
124, 0, 1
125, -2, 0
125, -1, 0
125, -1, 1
125, -2, 0
125, -1, 0
126, -1, 0
124, -1, 1
125, -2, 0
125, -1, 0
126, -2, 0
124, -1, 1
125, -1, 0
126, -1, 0
124, -1, 0
125, -2, 1
129, -1, 0
122, -2, 0
124, -1, 0
126, -1, 1
124, -1, 0
125, -2, 0
126, -1, 1
125, -2, 0
124, -1, 0
125, -2, 1
125, -1, 0
125, -1, 0
125, -1, 0
125, -2, 1
125, -1, 0
125, -1, 0
125, -2, 1
125, -1, 0
125, -2, 0
135, -1, 0
111, -1, 1
124, -2, 0
125, -1, 0
125, -1, 0
125, -2, 1
125, -1, 0
125, -1, 0
126, -2, 1
124, -1, 0
125, -2, 0
125, -1, 0
125, -2, 1
125, -1, 0
125, -1, 0
126, -2, 1
125, -1, 0
123, -1, 0
126, -2, 1
125, -1, 0
124, -2, 0
126, -1, 1
125, -1, 0
125, -2, 0
125, -1, 0
125, -2, 1
125, -1, 0
125, -1, 0
125, -2, 1
125, -1, 0
125, -2, 0
125, -1, 0
278, -2, 1
223, -1, 0
124, -5, 1
125, -1, 0
125, -1, 1
125, -2, 0
125, -1, 0
125, -2, 1
125, -1, 0
125, -2, 0
126, -1, 0
124, -2, 1
125, -1, 0
125, -2, 0
126, -1, 1
124, -1, 0
125, -2, 0
125, -1, 1
125, -2, 0
125, -1, 0
125, -2, 1
125, -1, 0
125, -2, 0
125, -1, 1
125, -2, 0
125, -1, 0
125, -2, 0
128, -1, 1
122, -1, 0
125, -2, 0
125, -1, 1
125, -2, 0
125, -1, 0
125, -2, 1
125, -1, 0
125, -2, 0
125, -1, 1
129, -2, 0
123, -1, 0
125, -1, 1
125, -2, 0
125, -1, 0
125, -2, 1
126, -1, 0
124, -2, 0
125, -1, 0
125, -2, 1
125, -1, 0
129, -2, 0
150, -1, 1
99, -2, 0
125, -2, 0
123, -1, 1
126, -2, 0
123, -1, 0
124, -2, 1
125, -1, 0
125, -2, 0
183, -1, 1
69, -2, 0
126, -1, 0
125, -1, 1
125, -2, 0
141, -1, 0
107, -2, 1
125, -1, 0
125, -2, 0
125, -2, 1
124, -1, 0
126, -1, 0
124, -2, 0
126, -2, 1
124, -1, 0
125, -2, 0
126, -1, 1
125, -2, 0
127, -1, 0
123, -2, 1
125, -1, 0
125, -2, 0
125, -1, 1
125, -2, 0
125, -1, 0
125, -2, 0
125, -1, 1
125, -2, 0
125, -1, 0
124, -2, 1
125, -1, 0
126, -2, 0
124, -2, 1
125, -1, 0
126, -2, 0
125, -1, 1
124, -2, 0
125, -1, 0
126, -1, 1
125, -2, 0
127, -1, 0
125, -2, 0
125, -1, 1
126, -2, 0
122, -1, 0
125, -2, 1
124, -1, 0
125, -2, 0
126, -1, 1
127, -2, 0
123, -1, 0
125, -2, 1
124, -1, 0
125, -2, 0
126, -2, 0
124, -1, 1
126, -2, 0
124, -1, 0
125, -2, 1
126, -1, 0
124, -2, 0
126, -1, 0
124, -1, 1
125, -2, 0
125, -1, 0
125, -2, 1
126, -1, 0
125, -2, 0
125, -1, 1
125, -2, 0
124, -1, 0
126, -2, 0
124, -1, 1
337, -1, 0
165, -2, 0
124, -4, 1
125, -2, 1
124, -1, 0
125, -2, 0
126, -1, 0
124, -2, 1
126, -1, 0
126, -2, 0
125, -1, 1
127, -2, 0
125, -1, 0
123, -2, 1
125, -1, 0
123, -1, 0
126, -2, 0
124, -1, 1
125, -2, 0
125, -1, 0
125, -2, 1
126, -1, 0
125, -1, 0
124, -2, 0
126, -1, 1
124, -2, 0
125, -1, 0
125, -2, 1
126, -1, 0
124, -2, 0
125, -1, 0
125, -2, 1
125, -1, 0
125, -2, 0
125, -1, 0
125, -1, 1
126, -2, 0
125, -1, 0
125, -2, 1
124, -1, 0
125, -2, 0
126, -1, 1
125, -2, 0
124, -1, 0
126, -1, 0
124, -2, 1
126, -1, 0
125, -1, 0
124, -2, 0
126, -1, 1
124, -2, 0
125, -1, 0
126, -1, 1
124, -2, 0
147, -1, 0
105, -2, 0
124, -1, 1
125, -1, 0
124, -2, 0
126, -1, 0
124, -2, 1
126, -1, 0
126, -1, 0
126, -2, 1
122, -1, 0
125, -1, 0
126, -2, 0
124, -1, 1
125, -1, 0
125, -2, 0
125, -1, 0
125, -2, 1
126, -1, 0
124, -1, 0
125, -2, 0
125, -1, 1
125, -1, 0
125, -2, 0
125, -1, 0
125, -1, 1
125, -2, 0
126, -1, 0
124, -2, 0
125, -1, 0
125, -1, 1
125, -2, 0
125, -1, 0
125, -1, 1
125, -2, 0
125, -1, 0
126, -1, 0
125, -2, 0
125, -1, 1
125, -1, 0
124, -1, 0
126, -2, 1
124, -1, 0
125, -1, 0
125, -1, 0
126, -2, 1
124, -1, 0
125, -2, 0
128, -1, 0
126, -1, 0
125, -1, 1
140, -1, 0
110, -2, 0
125, -1, 0
124, -2, 1
127, -1, 0
126, -1, 0
125, -1, 0
125, -2, 1
125, -1, 0
122, -1, 0
125, -1, 0
125, -1, 1
125, -2, 0
125, -1, 0
125, -1, 0
125, -1, 0
126, -2, 1
124, -1, 0
125, -1, 0
125, -1, 0
125, -2, 1
125, -1, 0
125, -1, 0
125, -1, 0
125, -1, 0
125, -2, 1
125, -1, 0
624, -1, 0
252, -1, 0
124, -7, 1
125, -1, 0
125, -2, 1
125, -1, 0
125, -1, 0
125, -1, 0
125, -2, 1
124, -1, 0
126, -1, 0
125, -1, 0
125, -1, 0
125, -1, 0
127, -1, 1
122, -2, 0
124, -1, 0
127, -1, 0
122, -1, 0
125, -1, 0
134, -1, 1
120, -2, 0
247, -1, 0
126, -2, 0
246, -2, 1
128, -1, 0
125, -1, 0
125, -1, 0
125, -1, 0
128, -1, 1
122, -2, 0
247, -1, 0
127, -2, 0
248, -2, 0
128, -1, 1
125, -1, 0
125, -1, 0
128, -1, 0
123, -1, 0
123, -1, 0
125, -1, 0
125, -1, 1
126, -1, 0
124, -1, 0
125, -1, 0
125, -1, 0
125, -1, 0
126, -1, 0
124, -1, 1
125, -1, 0
125, -1, 0
125, -1, 0
125, -1, 0
125, -1, 0
125, -1, 0
125, -1, 1
125, -1, 0
125, -1, 0
125, -1, 0
125, -1, 0
125, -1, 0
125, -1, 0
125, -1, 0
125, -1, 0
125, -1, 1
125, -1, 0
125, -1, 0
247, -2, 0
250, -2, 0
250, -2, 1
250, -1, 0
128, -1, 0
125, -1, 0
125, -1, 0
125, -1, 0
125, -1, 0
247, -2, 1
250, -1, 0
128, -1, 0
125, -1, 0
125, -1, 0
247, -2, 0
250, -1, 0
128, -1, 0
125, -1, 0
127, -1, 0
125, -1, 1
246, -1, 0
127, -1, 0
125, -1, 0
125, -1, 0
251, -1, 0
124, -1, 0
125, -1, 0
125, -1, 0
125, -1, 0
125, 0, 1
127, -1, 0
125, -1, 0
123, -1, 0
247, -1, 0
128, -1, 0
125, -1, 0
125, -1, 0
247, -1, 0
128, -1, 0
125, -1, 0
250, -1, 0
125, -1, 1
247, -1, 0
285, -1, 0
219, -1, 0
124, -2, 0
247, -1, 0
128, -1, 0
247, -1, 0
128, -1, 0
247, -1, 0
128, -1, 0
125, -1, 0
247, -1, 0
250, -1, 0
128, -1, 0
247, -1, 0
251, -1, 0
128, -1, 1
246, -1, 0
127, -1, 0
251, -1, 0
247, -1, 0
251, -1, 0
127, -1, 0
247, -1, 0
250, -1, 0
249, -1, 0
129, -1, 0
405, -1, 0
101, -1, 0
241, -1, 0
250, -1, 0
249, -1, 0
251, -1, 0
250, -1, 0
417, -1, 0
86, -1, 0
396, -1, 0
227, -1, 0
248, -1, 0
379, -1, 0
249, -1, 0
250, -1, 0
409, -1, 0
340, -1, 0
249, -1, 0
375, -1, 0
249, -1, 0
407, -1, 0
502, -1, 0
341, -1, 0
408, -1, 0
342, -1, 0
131, 0, -1
245, -1, 0
504, -1, 0
541, -1, 0
500, -1, 0
490, -1, 0
498, -1, 0
99, 0, -1
526, -1, 0
598, -1, 0
664, -1, 0
742, -1, -1
743, -1, 0
1003, -1, 0
880, -1, 0
90, 0, -1
921, -1, 0
1129, -1, 0
628, 0, -1
820, -1, 0
1657, -1, 0
967, 0, -1
1159, -1, 0
3278, 0, -1
4248, 0, -1
2637, 1, 0
727, 0, -1
749, 1, 0
1376, 1, 0
213, 0, -1
785, 1, 0
1103, 1, 0
369, 0, -1
494, 1, 0
917, 1, 0
836, 1, 0
782, 1, 0
93, 0, -1
658, 1, 0
591, 1, 0
750, 1, 0
513, 1, 0
823, 1, 0
195, 0, -1
244, 1, 0
482, 1, 0
532, 1, 0
496, 1, 0
620, 1, 0
342, 1, 0
375, 1, 0
145, 0, -1
525, 1, 0
331, 1, 0
428, 1, 0
321, 1, 0
509, 1, 0
367, 1, 0
374, 1, 0
378, 1, 0
376, 1, 0
371, 1, 0
249, 0, -1
129, 1, 0
247, 1, 0
374, 1, 0
438, 1, 0
188, 1, 0
375, 1, 0
250, 1, 0
446, 1, 0
309, 1, 0
245, 1, 0
435, 1, 0
189, 1, 0
251, 1, 0
249, 1, 0
250, 0, -1
129, 1, 0
246, 1, 0
251, 1, 0
250, 1, 0
390, 1, 0
245, 1, 0
240, 1, 0
250, 1, 0
252, 1, 0
247, 1, 0
250, 1, 0
427, 1, 0
199, 1, 0
249, 1, 0
251, 1, 0
251, 1, 0
492, 1, 0
268, 1, 0
128, 2, -1
235, 1, 0
251, 1, 0
260, 1, 0
240, 1, 0
277, 1, 0
104, 1, 0
244, 1, 0
249, 1, 0
260, 1, 0
122, 1, 0
249, 1, 0
249, 1, 0
251, 1, 0
249, 1, 0
124, 1, 0
247, 1, 0
127, 0, -1
125, 1, 0
124, 1, 0
249, 1, 0
127, 1, 0
248, 1, 0
249, 1, 0
129, 1, 0
246, 1, 0
128, 1, 0
248, 1, 0
127, 1, 0
248, 1, 0
128, 1, 0
255, 1, 0
242, 1, 0
127, 1, 0
247, 1, 0
128, 1, 0
247, 1, 0
129, 1, -1
247, 1, 0
127, 1, 0
125, 1, 0
247, 1, 0
250, 1, 0
128, 1, 0
126, 1, 0
246, 1, 0
128, 1, 0
248, 1, 0
128, 1, 0
124, 1, 0
251, 1, 0
125, 1, -1
246, 1, 0
128, 1, 0
125, 1, 0
247, 1, 0
128, 1, 0
247, 1, 0
128, 1, 0
126, 1, 0
250, 1, 0
131, 1, 0
249, 1, 0
120, 1, 0
124, 1, 0
126, 1, 0
246, 1, 0
129, 1, 0
124, 1, 0
251, 1, -1
125, 1, 0
125, 1, 0
246, 1, 0
128, 1, 0
125, 1, 0
126, 1, 0
246, 1, 0
128, 1, 0
125, 1, 0
248, 1, 0
127, 1, 0
125, 1, 0
126, 1, -1
246, 1, 0
128, 1, 0
126, 1, 0
124, 1, 0
126, 1, 0
414, 1, 0
226, 1, 0
121, 2, 0
116, 1, 0
124, 1, 0
124, 1, -1
125, 1, 0
125, 1, 0
246, 1, 0
128, 1, 0
126, 1, 0
124, 1, 0
248, 1, 0
128, 1, 0
125, 1, 0
124, 1, 0
125, 1, -1
247, 1, 0
129, 1, 0
124, 1, 0
126, 1, 0
124, 1, 0
126, 1, 0
270, 1, 0
105, 1, 0
124, 1, 0
126, 1, -1
124, 1, 0
126, 1, 0
124, 1, 0
247, 1, 0
128, 1, 0
125, 1, 0
125, 1, 0
125, 1, 0
125, 1, -1
248, 1, 0
127, 1, 0
124, 1, 0
126, 1, 0
126, 1, 0
124, 1, 0
248, 2, 0
249, 1, 0
136, 1, -1
122, 1, 0
130, 1, 0
116, 1, 0
124, 1, 0
125, 1, 0
248, 1, 0
126, 1, 0
127, 1, 0
124, 1, 0
125, 1, -1
125, 1, 0
126, 1, 0
125, 1, 0
124, 1, 0
126, 1, 0
246, 1, 0
128, 1, 0
125, 1, 0
126, 1, 0
125, 1, 0
124, 1, -1
125, 1, 0
126, 1, 0
124, 1, 0
125, 1, 0
252, 1, 0
124, 1, 0
125, 1, 0
125, 1, -1
125, 1, 0
124, 1, 0
125, 1, 0
125, 1, 0
125, 1, 0
125, 1, 0
126, 1, 0
246, 2, 0
254, 2, -1
246, 2, 0
251, 1, 0
128, 1, 0
129, 1, 0
146, 1, 0
110, 1, -1
125, 1, 0
116, 1, 0
122, 1, 0
129, 1, 0
122, 1, 0
124, 1, 0
125, 1, 0
126, 1, 0
125, 1, -1
246, 1, 0
129, 2, 0
247, 1, 0
127, 1, 0
126, 1, 0
125, 1, 0
124, 1, -1
126, 1, 0
125, 1, 0
124, 1, 0
126, 1, 0
124, 1, 0
125, 1, 0
126, 1, -1
125, 1, 0
125, 1, 0
317, 1, 0
192, 1, 0
130, 3, 0
111, 1, 0
124, 1, -1
125, 1, 0
126, 1, 0
124, 1, 0
125, 1, 0
126, 1, 0
124, 1, 0
125, 1, 0
126, 1, 0
125, 1, -1
125, 1, 0
125, 1, 0
248, 2, 0
257, 2, 0
121, 0, -1
123, 2, 0
126, 1, 0
124, 1, 0
126, 1, 0
125, 1, 0
124, 1, 0
252, 2, -1
128, 1, 0
120, 1, 0
248, 2, 0
250, 2, 0
129, 1, -1
123, 1, 0
125, 1, 0
247, 2, 0
250, 2, 0
252, 2, -1
249, 2, 0
127, 1, 0
125, 1, 0
126, 1, 0
124, 1, 0
125, 1, 0
126, 1, 0
124, 1, -1
126, 1, 0
126, 1, 0
124, 1, 0
124, 1, 0
126, 1, 0
124, 1, 0
126, 1, -1
126, 1, 0
124, 1, 0
125, 1, 0
124, 1, 0
125, 1, 0
126, 1, 0
124, 1, -1
126, 1, 0
125, 1, 0
124, 1, 0
126, 1, 0
125, 1, 0
124, 1, 0
126, 1, 0
125, 1, -1
126, 1, 0
133, 1, 0
124, 1, 0
120, 1, 0
128, 1, 0
119, 1, 0
130, 1, -1
121, 2, 0
256, 1, 0
125, 1, 0
117, 1, 0
125, 1, 0
127, 1, 0
130, 2, -1
118, 1, 0
125, 1, 0
125, 1, 0
127, 1, 0
123, 1, -1
125, 1, 0
125, 1, 0
125, 1, 0
125, 1, 0
125, 1, 0
124, 1, 0
127, 1, -1
124, 1, 0
126, 1, 0
124, 1, 0
127, 1, 0
133, 1, 0
149, 1, 0
106, 1, -1
116, 1, 0
125, 1, 0
121, 1, 0
125, 1, 0
125, 1, 0
125, 1, 0
129, 2, -1
243, 2, 0
251, 1, 0
128, 1, 0
124, 1, -1
125, 2, 0
247, 2, 0
250, 2, 0
128, 1, 0
125, 1, 0
125, 1, -1
497, 2, 0
262, 1, 0
117, 4, -1
126, 1, 0
121, 1, 0
126, 1, 0
124, 1, 0
126, 1, 0
124, 1, -1
126, 1, 0
125, 1, 0
124, 1, 0
126, 1, 0
124, 1, 0
129, 2, -1
243, 2, 0
251, 2, 0
249, 1, 0
129, 2, -1
246, 2, 0
251, 2, 0
254, 2, -1
245, 2, 0
130, 1, 0
245, 2, 0
129, 1, 0
124, 1, -1
126, 1, 0
125, 1, 0
125, 1, 0
124, 1, 0
125, 1, 0
125, 1, 0
126, 1, -1
125, 1, 0
125, 1, 0
133, 1, 0
122, 1, 0
120, 1, 0
125, 1, -1
124, 1, 0
128, 1, 0
124, 1, 0
124, 1, 0
125, 1, 0
130, 1, 0
120, 1, -1
130, 1, 0
125, 1, 0
125, 1, 0
121, 1, 0
124, 1, 0
125, 1, 0
124, 1, -1
127, 1, 0
124, 1, 0
124, 1, 0
126, 1, 0
125, 1, 0
124, 1, 0
126, 1, 0
125, 1, -1
126, 1, 0
130, 1, 0
117, 1, 0
124, 1, 0
126, 1, -1
124, 1, 0
126, 1, 0
125, 1, 0
124, 1, 0
125, 1, 0
129, 1, 0
121, 1, 0
124, 1, -1
125, 1, 0
124, 1, 0
138, 1, 0
113, 1, 0
132, 1, 0
119, 1, 0
125, 1, -1
125, 1, 0
125, 1, 0
126, 1, 0
124, 1, 0
126, 1, 0
130, 1, 0
142, 1, -1
101, 1, 0
125, 1, 0
125, 1, 0
124, 1, 0
249, 1, 0
128, 1, -1
152, 1, 0
100, 1, 0
126, 2, 0
327, 1, 0
118, 1, 0
77, 1, -1
113, 1, 0
117, 1, 0
130, 1, 0
124, 1, 0
122, 1, 0
127, 1, 0
124, 1, 0
131, 1, -1
126, 1, 0
246, 2, 0
247, 2, 0
252, 1, -1
139, 1, 0
130, 1, 0
113, 1, 0
121, 1, 0
126, 1, 0
283, 1, 0
216, 1, 0
124, 2, -1
124, 1, 0
137, 1, 0
94, 1, 0
125, 1, 0
122, 1, -1
126, 1, 0
125, 1, 0
125, 1, 0
125, 1, 0
125, 1, 0
248, 1, 0
127, 1, -1
125, 1, 0
125, 1, 0
125, 1, 0
125, 1, 0
247, 1, 0
128, 1, 0
126, 1, -1
124, 1, 0
125, 1, 0
125, 1, 0
249, 1, 0
126, 1, 0
125, 1, -1
125, 1, 0
125, 1, 0
247, 1, 0
128, 1, 0
125, 1, 0
125, 1, 0
125, 1, -1
125, 1, 0
247, 1, 0
127, 1, 0
126, 1, 0
125, 1, 0
125, 1, 0
125, 0, -1
125, 1, 0
124, 1, 0
126, 1, 0
124, 1, 0
248, 1, 0
127, 1, 0
127, 1, 0
123, 0, -1
126, 1, 0
125, 1, 0
125, 1, 0
247, 1, 0
128, 1, 0
125, 1, 0
125, 1, -1
247, 1, 0
128, 1, 0
125, 1, 0
247, 1, 0
128, 1, 0
250, 1, 0
125, 1, 0
125, 1, -1
248, 1, 0
126, 1, 0
125, 1, 0
254, 1, 0
122, 1, 0
248, 1, -1
127, 1, 0
247, 1, 0
128, 1, 0
247, 1, 0
128, 1, 0
124, 1, 0
248, 1, -1
251, 1, 0
126, 1, 0
269, 1, 0
110, 1, 0
245, 1, 0
127, 1, 0
247, 1, -1
250, 1, 0
129, 1, 0
247, 1, 0
249, 1, 0
250, 1, 0
128, 1, -1
251, 1, 0
247, 1, 0
250, 1, 0
250, 1, 0
127, 1, 0
247, 1, 0
250, 1, 0
127, 0, -1
125, 1, 0
416, 1, 0
212, 1, 0
125, 1, 0
246, 1, 0
249, 1, 0
251, 1, 0
249, 0, -1
127, 1, 0
248, 1, 0
250, 1, 0
250, 1, 0
375, 1, 0
250, 1, 0
250, 1, 0
383, 1, 0
368, 1, -1
375, 1, 0
377, 1, 0
374, 1, 0
373, 1, 0
375, 1, 0
500, 1, 0
375, 1, 0
627, 1, -1
499, 1, 0
500, 1, 0
875, 1, 0
875, 1, 0
876, 1, 0
1889, 1, 0
14419, -1, 0
1692, -1, 0
1159, 0, -1
590, -1, 0
1157, -1, 0
842, -1, 0
796, -1, 0
865, -1, 0
618, -1, 0
622, -1, 0
503, -1, 0
688, -1, 0
415, -1, 0
492, -1, 0
531, -1, 0
346, -1, 0
526, -1, 0
347, -1, 0
527, -1, 0
476, -1, 0
374, -1, 1
249, -1, 0
500, -1, 0
400, -1, 0
401, -1, 0
323, -1, 0
250, -1, 0
430, -1, 0
75, 0, 1
246, -1, 0
249, -1, 0
405, -1, 0
220, -1, 0
409, -1, 0
216, -1, 0
404, -1, 1
346, -1, 0
254, -1, 0
248, -1, 0
373, -1, 0
250, -1, 0
250, -1, 0
128, 0, 1
247, -1, 0
250, -1, 0
250, -1, 0
250, -1, 0
250, -1, 0
249, -1, 0
129, 0, 1
125, -1, 0
402, -1, 0
220, -1, 0
279, -1, 0
221, -1, 0
250, -1, 1
250, -1, 0
250, -1, 0
128, -1, 0
247, -1, 0
250, -1, 0
250, -1, 0
128, 0, 1
125, -1, 0
247, -1, 0
250, -1, 0
250, -1, 0
128, -1, 0
247, -1, 1
251, -1, 0
249, -1, 0
250, -1, 0
272, -1, 0
109, -1, 1
245, -1, 0
248, -1, 0
251, -1, 0
130, -1, 0
244, -1, 1
251, -1, 0
130, -1, 0
253, -1, 0
127, -1, 0
370, -1, 1
130, -1, 0
128, -1, 0
244, -1, 0
250, -1, 0
247, -1, 1
129, -1, 0
243, -1, 0
131, -1, 0
244, -1, 0
130, -1, 0
125, 0, 1
125, -1, 0
244, -1, 0
131, -1, 0
245, -1, 0
130, -1, 0
244, -1, 1
131, -1, 0
244, -1, 0
132, -1, 0
244, -1, 0
127, -1, 1
248, -1, 0
128, -1, 0
247, -1, 0
127, -1, 0
125, 0, 1
125, -1, 0
126, -1, 0
246, -1, 0
128, -1, 0
248, -1, 0
127, -1, 0
126, 0, 1
124, -1, 0
125, -1, 0
249, -1, 0
126, -1, 0
125, -1, 0
131, 0, 1
120, -1, 0
125, -1, 0
247, -1, 0
127, -1, 0
249, -1, 0
126, -1, 1
125, -1, 0
248, -1, 0
128, -1, 0
247, -1, 0
128, -1, 1
246, -1, 0
128, -1, 0
126, -1, 0
247, -1, 0
127, -1, 1
125, -1, 0
323, -1, 0
51, -1, 0
250, -1, 0
126, -1, 1
126, -1, 0
247, -1, 0
127, -1, 0
129, -1, 0
244, -1, 1
128, -1, 0
247, -1, 0
127, -1, 0
125, -1, 0
248, -1, 1
127, -1, 0
125, -1, 0
247, -1, 0
128, -1, 0
125, -1, 0
125, -1, 1
247, -1, 0
128, -1, 0
126, -1, 0
247, -1, 1
128, -1, 0
124, -1, 0
125, -1, 0
247, -1, 0
128, -1, 0
125, -1, 1
248, -1, 0
127, -1, 0
125, -1, 0
248, -1, 0
127, -1, 1
125, -1, 0
125, -1, 0
248, -1, 0
127, -1, 0
125, -1, 1
248, -1, 0
127, -1, 0
129, -1, 0
122, -1, 1
247, -1, 0
127, -1, 0
125, -1, 0
125, -1, 0
125, 0, 1
125, -1, 0
164, -1, 0
92, -1, 0
242, -1, 0
130, -1, 0
127, -1, 1
124, -1, 0
124, -1, 0
249, -1, 0
127, -1, 0
124, -1, 0
125, -1, 1
124, -1, 0
249, -1, 0
127, -1, 0
126, -1, 0
127, -1, 0
126, 0, 1
137, -1, 0
111, -1, 0
124, -1, 0
124, -1, 0
124, -1, 0
246, -1, 1
130, -1, 0
125, -1, 0
244, -1, 0
131, -1, 0
125, -1, 1
127, -1, 0
126, -1, 0
124, -1, 0
242, -1, 0
131, -1, 0
125, -1, 0
128, -1, 1
244, -1, 0
128, -1, 0
125, -1, 0
125, -1, 0
125, -1, 1
124, -1, 0
246, -1, 0
132, -1, 0
122, -1, 0
125, -1, 0
125, -1, 1
246, -2, 0
250, -1, 0
127, -1, 0
125, -1, 0
126, -1, 0
125, 0, 1
125, -1, 0
125, -1, 0
125, -1, 0
125, -1, 0
125, -1, 0
125, -1, 1
125, -1, 0
234, -1, 0
267, -1, 0
124, -2, 0
125, -1, 0
125, -1, 1
125, -1, 0
125, -1, 0
247, -1, 0
128, -1, 0
125, -1, 0
125, -1, 1
125, -1, 0
125, -1, 0
247, -1, 0
128, -1, 0
128, -1, 1
122, -1, 0
124, -1, 0
125, -1, 0
125, -1, 0
126, -1, 0
247, -1, 0
128, -1, 1
125, -1, 0
125, -1, 0
126, -1, 0
124, -1, 0
125, -1, 0
124, -1, 1
127, -1, 0
246, -2, 0
250, -1, 0
128, -1, 0
125, -1, 0
125, -1, 1
247, -2, 0
250, -1, 0
127, -1, 0
125, -1, 0
126, -1, 1
125, -1, 0
124, -1, 0
248, -2, 0
250, -1, 0
128, -1, 1
136, -1, 0
114, -1, 0
126, -1, 0
124, -1, 0
247, -1, 0
128, -1, 0
124, -1, 1
126, -1, 0
124, -1, 0
124, -1, 0
126, -1, 0
124, -1, 0
126, -1, 1
246, -1, 0
128, -1, 0
125, -1, 0
125, -1, 0
125, -1, 0
125, -1, 1
125, -1, 0
125, -1, 0
125, -1, 0
125, -1, 0
251, -1, 0
125, -1, 0
125, -1, 1
125, -1, 0
124, -1, 0
125, -1, 0
126, -1, 0
125, -1, 0
124, 0, 1
125, -1, 0
125, -1, 0
125, -1, 0
125, -1, 0
125, -1, 0
125, -1, 0
125, -1, 0
125, -1, 1
248, -2, 0
250, -1, 0
127, -1, 0
125, -1, 0
125, -1, 0
126, -1, 1
124, -1, 0
255, -1, 0
120, -1, 0
125, -1, 0
125, -1, 0
128, -1, 1
127, -1, 0
145, -1, 0
104, -1, 0
244, -1, 0
131, -1, 0
127, -1, 0
124, -1, 0
126, -1, 1
123, -1, 0
124, -1, 0
125, -1, 0
125, -1, 0
245, -1, 0
130, -1, 0
125, -1, 1
126, -1, 0
125, -1, 0
660, -1, 0
215, -1, 0
124, -5, 1
125, -1, 0
126, -1, 0
246, -2, 0
248, -1, 1
130, -1, 0
125, -1, 0
127, -1, 0
123, -1, 0
126, -1, 0
243, -1, 0
132, -1, 0
124, -1, 0
126, -1, 0
124, -1, 1
125, -1, 0
126, -1, 0
244, -2, 0
251, -1, 0
127, -1, 0
125, -1, 1
124, -1, 0
248, -2, 0
250, -1, 0
128, -1, 0
124, -1, 0
125, -1, 0
125, -1, 0
125, -1, 1
248, -1, 0
128, -1, 0
125, -1, 0
124, -1, 0
125, -1, 0
248, -1, 1
128, -1, 0
125, -1, 0
125, -1, 0
125, -1, 0
125, -1, 0
247, -1, 0
127, -1, 0
125, -1, 0
125, -1, 0
126, -1, 1
124, -1, 0
125, -1, 0
247, -1, 0
128, -1, 0
125, -1, 0
125, -1, 0
125, -1, 0
125, -1, 0
248, -1, 1
127, -1, 0
125, -1, 0
125, -1, 0
126, -1, 0
247, -1, 0
127, -1, 0
125, -1, 0
125, -1, 0
248, -1, 0
128, -1, 1
124, -1, 0
125, -1, 0
125, -1, 0
247, -1, 0
128, -1, 0
125, -1, 0
125, -1, 0
247, -1, 1
128, -1, 0
125, -1, 0
125, -1, 0
125, -1, 0
247, -1, 0
128, -1, 0
125, -1, 0
125, -1, 0
247, -1, 0
128, -1, 0
125, -1, 1
125, -1, 0
127, -1, 0
246, -1, 0
127, -1, 0
125, -1, 0
248, -1, 0
128, -1, 0
127, -1, 0
122, -1, 0
247, -1, 0
128, -1, 0
125, -1, 0
125, -1, 1
247, -1, 0
128, -1, 0
125, -1, 0
247, -1, 0
128, -1, 0
125, -1, 0
125, -1, 0
318, -1, 0
57, -1, 0
126, -1, 0
246, -1, 1
128, -1, 0
125, -1, 0
247, -1, 0
128, -1, 0
125, -1, 0
247, -1, 0
128, -1, 0
247, -1, 0
128, -1, 0
125, -1, 0
125, -1, 0
247, -1, 0
128, -1, 0
247, -1, 0
128, -1, 1
125, -1, 0
247, -1, 0
128, -1, 0
125, -1, 0
247, -1, 0
128, -1, 0
247, -1, 0
128, -1, 0
247, -1, 0
128, -1, 0
125, -1, 0
247, -1, 0
128, -1, 0
124, -1, 0
248, -1, 0
128, -1, 0
247, -1, 0
128, -1, 0
140, -1, 1
232, -1, 0
250, -1, 0
135, -1, 0
121, -1, 0
244, -1, 0
250, -1, 0
131, -1, 0
244, -1, 0
131, -1, 0
125, -1, 0
244, -1, 0
250, -1, 0
131, -1, 0
243, -1, 0
132, -1, 0
243, -1, 0
131, -1, 0
245, -1, 0
250, -1, 0
131, -1, 0
244, -1, 0
250, -1, 0
131, -1, 0
244, -1, 0
130, -1, 0
244, -1, 0
251, -1, 0
130, -1, 0
245, -1, 0
249, -1, 0
250, -1, 0
129, -1, 0
247, -1, 0
250, -1, 0
249, -1, 0
128, -1, 0
249, -1, 0
249, -1, 0
128, -1, 0
124, 0, 1
248, -1, 0
127, -1, 0
372, -1, 0
128, -1, 0
248, -1, 0
249, -1, 0
251, -1, 0
249, -1, 0
250, -1, 0
359, -1, 0
22, -1, 0
246, -1, 0
249, -1, 0
250, -1, 0
376, -1, 0
127, -1, 0
404, -1, 0
217, -1, 0
250, -1, 0
250, -1, 0
251, -1, 0
249, -1, 0
408, -1, 0
218, -1, 0
250, -1, 0
376, -1, 0
249, -1, 0
253, -1, 0
425, -1, 0
197, -1, 0
410, -1, 0
215, -1, 0
251, -1, 0
375, -1, 0
375, -1, 0
378, -1, 0
128, 0, -1
142, -1, 0
388, -1, 0
339, -1, 0
374, -1, 0
250, -1, 0
500, -1, 0
413, -1, 0
340, -1, 0
373, -1, 0
447, -1, 0
177, 0, -1
250, -1, 0
500, -1, 0
413, -1, 0
523, -1, 0
494, -1, 0
321, 0, -1
127, -1, 0
536, -1, 0
461, -1, 0
668, -1, 0
620, -1, 0
683, -1, -1
579, -1, 0
700, -1, 0
789, -1, 0
876, -1, -1
962, -1, 0
910, -1, 0
1249, -1, 0
623, 0, -1
1139, -1, 0
1707, -1, 0
1375, 0, -1
10760, 1, 0
491, 0, -1
872, 1, 0
1430, 1, 0
695, 1, 0
932, 1, 0
733, 1, 0
332, 0, -1
414, 1, 0
499, 1, 0
624, 1, 0
499, 1, 0
626, 1, 0
464, 1, 0
413, 1, 0
461, 1, 0
537, 1, 0
340, 1, 0
373, 1, 0
414, 1, 0
460, 1, 0
252, 1, 0
375, 1, 0
412, 1, 0
337, 1, 0
250, 1, 0
411, 1, 0
213, 1, 0
377, 1, 0
249, 1, 0
127, 0, -1
248, 1, 0
251, 1, 0
412, 1, 0
212, 1, 0
250, 1, 0
250, 1, 0
250, 1, 0
250, 1, 0
250, 1, 0
250, 1, 0
250, 1, 0
249, 1, 0
250, 1, 0
250, 1, 0
251, 1, 0
250, 1, 0
250, 1, 0
250, 1, 0
127, 1, 0
248, 1, 0
250, 1, 0
250, 1, 0
127, 1, 0
248, 1, 0
250, 1, 0
127, 1, 0
372, 1, 0
128, 1, 0
247, 1, 0
129, 1, 0
247, 1, 0
250, 1, 0
128, 1, 0
247, 1, 0
128, 1, 0
246, 1, 0
128, 1, -1
247, 1, 0
128, 1, 0
247, 1, 0
251, 1, 0
128, 1, 0
247, 1, 0
127, 1, 0
247, 1, 0
128, 1, 0
125, 1, 0
248, 1, 0
127, 1, 0
247, 1, 0
128, 1, 0
247, 1, 0
128, 1, 0
125, 1, 0
247, 1, 0
128, 1, 0
125, 1, 0
247, 1, 0
128, 1, 0
125, 1, 0
247, 1, 0
128, 1, 0
125, 1, 0
247, 1, 0
275, 1, 0
229, 1, 0
125, 2, 0
124, 1, 0
125, 1, 0
125, 0, -1
125, 1, 0
125, 1, 0
125, 1, 0
125, 1, 0
247, 1, 0
128, 1, 0
125, 1, 0
125, 1, 0
125, 1, 0
247, 1, 0
127, 1, 0
126, 1, 0
127, 1, 0
245, 1, 0
127, 1, 0
126, 1, 0
125, 1, 0
125, 1, 0
126, 1, -1
124, 1, 0
247, 1, 0
128, 1, 0
125, 1, 0
125, 1, 0
125, 1, 0
125, 1, 0
125, 1, 0
125, 1, 0
247, 1, 0
128, 1, 0
125, 1, 0
125, 1, 0
125, 1, 0
125, 1, 0
125, 1, 0
125, 1, 0
247, 2, 0
250, 1, -1
128, 1, 0
125, 1, 0
125, 1, 0
125, 1, 0
125, 1, 0
125, 1, 0
125, 1, 0
125, 1, 0
125, 1, 0
125, 1, 0
125, 1, 0
125, 1, 0
125, 1, 0
125, 1, 0
125, 1, 0
247, 1, 0
128, 1, 0
125, 1, -1
128, 1, 0
122, 1, 0
125, 1, 0
125, 1, 0
125, 1, 0
125, 1, 0
125, 1, 0
125, 1, 0
125, 1, 0
125, 1, 0
125, 1, 0
125, 1, 0
125, 1, 0
125, 1, 0
125, 1, 0
124, 1, 0
126, 1, -1
124, 1, 0
125, 1, 0
125, 1, 0
126, 1, 0
124, 1, 0
125, 1, 0
125, 1, 0
126, 1, 0
124, 1, 0
126, 2, 0
247, 2, 0
250, 2, -1
127, 1, 0
125, 1, 0
125, 1, 0
125, 1, 0
125, 1, 0
126, 1, 0
125, 1, 0
125, 1, 0
124, 1, 0
125, 1, 0
125, 1, 0
125, 1, 0
125, 1, -1
126, 1, 0
124, 1, 0
126, 1, 0
125, 1, 0
125, 2, 0
247, 2, 0
127, 1, 0
125, 1, 0
125, 1, 0
125, 1, 0
125, 1, -1
125, 1, 0
125, 1, 0
125, 1, 0
125, 1, 0
125, 1, 0
313, 2, 0
199, 1, 0
114, 3, 0
125, 1, -1
124, 1, 0
125, 1, 0
125, 1, 0
125, 2, 0
247, 2, 0
128, 1, 0
125, 1, 0
125, 1, 0
125, 1, 0
125, 1, -1
125, 2, 0
126, 1, 0
246, 2, 0
129, 1, 0
125, 1, 0
124, 1, 0
125, 1, 0
125, 1, -1
125, 2, 0
125, 1, 0
125, 1, 0
125, 1, 0
126, 1, 0
124, 1, 0
125, 1, 0
125, 2, 0
126, 1, 0
125, 1, -1
124, 1, 0
125, 1, 0
125, 1, 0
125, 2, 0
125, 1, 0
125, 1, 0
125, 1, 0
125, 1, 0
125, 1, 0
125, 1, -1
127, 2, 0
124, 1, 0
125, 1, 0
126, 1, 0
124, 1, 0
125, 1, 0
124, 2, 0
126, 1, 0
124, 1, -1
125, 1, 0
128, 1, 0
123, 1, 0
124, 1, 0
126, 2, 0
124, 1, 0
125, 1, 0
125, 1, 0
126, 2, -1
124, 1, 0
247, 2, 0
128, 1, 0
125, 1, 0
125, 1, 0
125, 2, 0
125, 1, 0
125, 1, 0
125, 1, -1
125, 2, 0
125, 1, 0
125, 1, 0
125, 1, 0
127, 1, 0
125, 1, 0
124, 1, 0
125, 2, -1
124, 1, 0
126, 1, 0
125, 1, 0
125, 2, 0
124, 1, 0
125, 1, 0
125, 1, 0
125, 1, -1
125, 2, 0
125, 1, 0
125, 1, 0
125, 1, 0
125, 1, 0
125, 1, 0
125, 2, 0
125, 1, -1
125, 1, 0
125, 1, 0
125, 1, 0
125, 2, 0
125, 1, 0
125, 1, 0
125, 1, 0
125, 2, 0
125, 1, -1
125, 1, 0
125, 1, 0
125, 2, 0
126, 1, 0
124, 1, 0
125, 1, -1
125, 1, 0
125, 1, 0
125, 2, 0
125, 1, 0
125, 1, 0
125, 1, 0
125, 1, 0
125, 2, 0
125, 1, -1
125, 1, 0
125, 1, 0
125, 1, 0
125, 2, 0
125, 1, 0
125, 1, 0
125, 1, 0
125, 2, -1
125, 1, 0
125, 1, 0
125, 1, 0
125, 1, 0
226, 2, 0
26, 1, 0
133, 1, 0
115, 1, -1
125, 2, 0
126, 1, 0
124, 1, 0
125, 1, 0
125, 2, 0
125, 1, 0
125, 1, 0
125, 1, -1
125, 1, 0
125, 2, 0
125, 1, 0
125, 1, 0
125, 1, 0
126, 2, -1
124, 1, 0
125, 1, 0
125, 1, 0
125, 2, 0
125, 1, 0
125, 1, 0
125, 1, -1
125, 2, 0
125, 1, 0
125, 1, 0
125, 2, 0
126, 1, 0
124, 1, -1
125, 1, 0
125, 2, 0
248, 1, 0
127, 2, 0
125, 1, 0
125, 2, 0
125, 1, 0
125, 1, -1
125, 1, 0
126, 2, 0
124, 1, 0
124, 1, 0
125, 1, 0
127, 1, -1
124, 2, 0
252, 2, 0
127, 1, 0
124, 2, 0
125, 1, 0
125, 1, -1
126, 1, 0
141, 2, 0
109, 1, 0
124, 1, 0
123, 1, 0
125, 1, 0
125, 2, -1
125, 1, 0
127, 1, 0
122, 1, 0
126, 2, 0
125, 1, 0
124, 1, 0
125, 1, -1
125, 2, 0
126, 1, 0
124, 1, 0
128, 1, 0
123, 1, 0
125, 2, -1
125, 1, 0
125, 1, 0
125, 1, 0
125, 2, 0
125, 1, 0
124, 1, 0
126, 1, -1
125, 1, 0
129, 2, 0
127, 1, 0
119, 1, 0
125, 1, 0
125, 2, 0
125, 1, -1
125, 1, 0
125, 1, 0
125, 2, 0
125, 1, 0
125, 1, 0
125, 1, -1
125, 1, 0
125, 2, 0
125, 1, 0
124, 1, 0
125, 1, 0
125, 2, 0
125, 1, -1
126, 1, 0
125, 1, 0
124, 2, 0
126, 1, 0
125, 1, 0
128, 1, 0
123, 1, -1
124, 2, 0
125, 1, 0
125, 1, 0
126, 1, 0
123, 2, -1
126, 1, 0
124, 1, 0
125, 1, 0
125, 1, 0
126, 2, 0
125, 1, 0
125, 1, -1
124, 1, 0
125, 1, 0
125, 1, 0
125, 2, 0
125, 1, 0
125, 1, 0
125, 1, -1
125, 1, 0
126, 2, 0
125, 1, 0
124, 1, 0
125, 1, 0
125, 1, -1
126, 1, 0
279, 2, 0
221, 1, 0
125, 4, 0
125, 1, -1
127, 1, 0
123, 1, 0
124, 1, 0
125, 1, 0
125, 1, 0
126, 2, -1
124, 1, 0
125, 1, 0
125, 1, 0
125, 2, 0
126, 1, 0
124, 1, 0
125, 1, -1
125, 1, 0
125, 1, 0
125, 1, 0
125, 2, 0
125, 1, -1
125, 1, 0
125, 1, 0
125, 1, 0
125, 1, 0
125, 1, 0
131, 2, 0
119, 1, -1
125, 1, 0
126, 1, 0
124, 1, 0
125, 1, 0
125, 2, -1
125, 1, 0
125, 1, 0
125, 1, 0
125, 1, 0
125, 1, 0
126, 1, 0
124, 1, -1
125, 1, 0
125, 2, 0
247, 2, 0
129, 1, 0
124, 1, -1
125, 1, 0
126, 1, 0
124, 1, 0
125, 1, 0
125, 1, 0
125, 1, 0
125, 2, -1
248, 2, 0
127, 1, 0
125, 1, 0
126, 1, 0
124, 1, -1
125, 1, 0
125, 1, 0
125, 1, 0
125, 1, 0
125, 1, -1
125, 1, 0
125, 2, 0
247, 2, 0
129, 1, 0
124, 1, 0
125, 1, -1
125, 1, 0
129, 1, 0
132, 1, 0
127, 1, 0
117, 1, -1
126, 1, 0
135, 1, 0
112, 1, 0
124, 1, 0
126, 1, 0
125, 1, -1
126, 1, 0
126, 1, 0
124, 1, 0
126, 1, 0
124, 1, 0
124, 1, 0
125, 1, -1
125, 1, 0
124, 1, 0
126, 1, 0
125, 1, 0
130, 1, 0
120, 1, -1
125, 1, 0
145, 1, 0
105, 1, 0
125, 1, 0
125, 1, 0
125, 1, 0
247, 2, -1
249, 1, 0
130, 1, 0
130, 1, 0
120, 1, -1
125, 1, 0
124, 1, 0
125, 1, 0
125, 1, 0
125, 1, 0
125, 1, -1
125, 1, 0
125, 1, 0
126, 1, 0
243, 1, 0
131, 1, 0
125, 1, -1
125, 1, 0
125, 1, 0
123, 1, 0
124, 1, 0
248, 2, 0
128, 0, -1
124, 1, 0
126, 1, 0
321, 1, 0
182, 1, 0
124, 2, 0
124, 1, -1
125, 1, 0
125, 1, 0
125, 1, 0
247, 1, 0
128, 1, 0
125, 1, -1
125, 1, 0
125, 1, 0
247, 1, 0
128, 1, 0
124, 1, 0
248, 1, 0
127, 1, -1
125, 1, 0
125, 1, 0
248, 1, 0
251, 2, -1
250, 1, 0
128, 1, 0
247, 1, 0
127, 1, 0
247, 1, 0
126, 1, 0
125, 0, -1
125, 1, 0
124, 1, 0
127, 1, 0
246, 1, 0
127, 1, 0
248, 1, -1
250, 1, 0
127, 1, 0
248, 1, 0
127, 1, 0
248, 1, 0
250, 1, -1
135, 1, 0
240, 1, 0
250, 1, 0
250, 1, 0
127, 1, 0
248, 1, -1
250, 1, 0
250, 1, 0
250, 1, 0
250, 1, 0
250, 1, -1
249, 1, 0
251, 1, 0
249, 1, 0
251, 1, 0
403, 1, 0
222, 1, -1
249, 1, 0
403, 1, 0
223, 1, 0
404, 1, 0
373, 1, 0
105, 0, -1
243, 1, 0
252, 1, 0
376, 1, 0
372, 1, 0
501, 1, 0
403, 0, -1
102, 1, 0
400, 1, 0
633, 1, 0
588, 1, 0
625, 1, 0
623, 0, -1
250, 1, 0
1001, 1, 0
1736, 1, 0
5768, 0, -1
5788, -1, 0
1334, -1, 0
249, 0, -1
1029, -1, 0
1018, -1, 0
627, -1, 0
345, 0, -1
502, -1, 0
620, -1, 0
770, -1, 0
389, 0, -1
213, -1, 0
661, -1, 0
527, -1, 0
437, -1, 0
501, -1, 0
534, -1, 0
341, 0, -1
130, -1, 0
421, -1, 0
448, -1, 0
375, -1, 0
523, -1, 0
353, -1, 0
429, -1, 0
336, -1, 0
360, -1, 0
531, -1, 0
220, -1, 0
384, -1, 0
371, -1, 0
244, -1, 0
428, -1, 0
321, -1, 0
250, -1, 0
250, -1, 0
429, -1, 0
196, -1, 0
250, -1, 0
470, -1, 0
170, -1, 0
221, -1, 0
375, -1, 0
250, -1, 0
250, -1, 0
249, -1, 0
251, -1, 0
403, -1, 0
221, -1, 0
251, -1, 0
250, -1, 0
249, -1, 0
250, -1, 0
251, -1, 0
250, -1, 0
128, 0, 1
124, -1, 0
247, -1, 0
251, -1, 0
249, -1, 0
129, -1, 0
246, -1, 0
250, -1, 0
250, -1, 0
128, 0, 1
126, -1, 0
246, -1, 0
250, -1, 0
130, -1, 0
247, -1, 0
249, -1, 0
250, -1, 0
128, -1, 1
247, -1, 0
249, -1, 0
131, -1, 0
244, -1, 0
250, -1, 0
131, -1, 0
125, 0, 1
125, -1, 0
125, -1, 0
244, -1, 0
250, -1, 0
131, -1, 0
244, -1, 0
132, -1, 1
243, -1, 0
250, -1, 0
131, -1, 0
244, -1, 0
131, -1, 0
125, 0, 1
125, -1, 0
125, -1, 0
244, -1, 0
131, -1, 0
244, -1, 0
131, 0, 1
125, -1, 0
125, -1, 0
125, -1, 0
244, -1, 0
131, -1, 0
244, -1, 0
131, -1, 1
244, -1, 0
131, -1, 0
245, -1, 0
127, -1, 0
125, -1, 1
247, -1, 0
128, -1, 0
125, -1, 0
247, -1, 0
128, -1, 1
247, -1, 0
128, -1, 0
125, -1, 0
247, -1, 0
128, -1, 0
125, -1, 1
247, -1, 0
235, -1, 0
151, -1, 0
117, -1, 1
125, -1, 0
248, -1, 0
128, -1, 0
125, -1, 0
246, -1, 1
128, -1, 0
248, -1, 0
127, -1, 0
125, -1, 0
249, -1, 1
126, -1, 0
125, -1, 0
125, -1, 0
125, -1, 0
247, -1, 1
128, -1, 0
247, -1, 0
128, -1, 0
125, -1, 0
127, -1, 0
124, -1, 1
246, -1, 0
128, -1, 0
125, -1, 0
125, -1, 0
125, 0, 1
125, -1, 0
125, -1, 0
125, -1, 0
125, -1, 0
125, -1, 0
125, 0, 1
125, -1, 0
125, -1, 0
125, -1, 0
125, -1, 0
247, -1, 0
128, -1, 1
125, -1, 0
125, -1, 0
125, -1, 0
247, -1, 0
128, -1, 1
126, -1, 0
124, -1, 0
247, -1, 0
128, -1, 0
125, -1, 1
125, -1, 0
125, -1, 0
247, -2, 0
250, -1, 1
128, -1, 0
125, -1, 0
125, -1, 0
247, -1, 0
128, -1, 1
125, -1, 0
125, -1, 0
125, -1, 0
125, -1, 0
125, -1, 1
248, -1, 0
127, -1, 0
127, -1, 0
124, -1, 0
124, -1, 0
125, -1, 1
125, -1, 0
126, -1, 0
246, -1, 0
129, -1, 0
124, -1, 1
126, -1, 0
124, -1, 0
124, -1, 0
125, -1, 0
158, -1, 0
96, 0, 1
127, -1, 0
125, -1, 0
125, -1, 0
140, -1, 0
107, -1, 1
125, -1, 0
125, -1, 0
135, -1, 0
258, -2, 0
112, 0, 1
124, -1, 0
122, -1, 0
124, -1, 0
125, -1, 0
127, -1, 0
126, -1, 1
124, -1, 0
126, -1, 0
124, -1, 0
126, -1, 0
248, -1, 1
126, -1, 0
125, -1, 0
125, -1, 0
125, -1, 0
125, -1, 1
126, -1, 0
124, -1, 0
125, -1, 0
125, -1, 0
125, 0, 1
125, -2, 0
438, -1, 0
187, -1, 0
123, -3, 1
125, -1, 0
125, -1, 0
125, -1, 0
126, -1, 1
127, -1, 0
122, -1, 0
125, -1, 0
125, -1, 0
125, -1, 1
125, -1, 0
125, -1, 0
248, -1, 0
127, -1, 0
125, -1, 1
125, -1, 0
125, -1, 0
125, -1, 0
125, -1, 0
125, -1, 1
125, -1, 0
125, -1, 0
125, -1, 0
125, -1, 0
128, -1, 0
123, -1, 1
124, -1, 0
125, -1, 0
125, -1, 0
125, -1, 0
125, -1, 1
125, -1, 0
125, -1, 0
125, -1, 0
125, -1, 0
125, -1, 0
247, -2, 1
128, -1, 0
125, -1, 0
248, -2, 1
250, -2, 0
250, -2, 0
249, -1, 0
128, -1, 1
125, -1, 0
125, -1, 0
125, -1, 0
124, -1, 0
126, -1, 1
125, -1, 0
125, -1, 0
124, -1, 0
126, -1, 0
125, -1, 0
124, -1, 1
126, -1, 0
124, -1, 0
126, -1, 0
124, -1, 0
127, -1, 0
124, -1, 1
125, -1, 0
125, -1, 0
125, -1, 0
125, -1, 0
125, -1, 0
125, -1, 1
125, -1, 0
125, -1, 0
125, -1, 0
124, -1, 0
126, -1, 1
124, -1, 0
126, -1, 0
125, -1, 0
126, -1, 0
124, -1, 0
125, -1, 1
125, -1, 0
125, -1, 0
125, -1, 0
124, -1, 0
125, -1, 0
125, -1, 1
126, -1, 0
124, -1, 0
126, -1, 0
124, -1, 0
126, -1, 0
125, -1, 1
125, -1, 0
125, -1, 0
125, -1, 0
125, -1, 0
124, -1, 0
126, -1, 1
124, -1, 0
126, -1, 0
125, -1, 0
127, -1, 0
123, -1, 0
125, -1, 1
126, -1, 0
157, -1, 0
96, -1, 0
146, -1, 0
105, -1, 0
127, -1, 1
123, -1, 0
124, -1, 0
123, -1, 0
125, -1, 0
125, -1, 0
127, -1, 0
126, -1, 1
122, -1, 0
125, -1, 0
139, -1, 0
114, -1, 0
126, -1, 1
125, -1, 0
125, -1, 0
123, -1, 0
739, -2, 0
276, -1, 0
109, -6, 1
125, -1, 1
125, -1, 0
125, -1, 0
125, -1, 0
243, -2, 0
250, -2, 1
251, -2, 0
250, -2, 0
251, -2, 1
131, -1, 0
244, -2, 0
251, -2, 0
249, -2, 1
284, -2, 0
216, -2, 0
251, -1, 0
126, -1, 0
125, -1, 1
126, -1, 0
125, -1, 0
124, -1, 0
125, -1, 0
125, -1, 0
138, -1, 1
133, -1, 0
105, -1, 0
125, -1, 0
125, -1, 0
125, -1, 0
124, -1, 0
125, -1, 1
124, -1, 0
126, -1, 0
125, -1, 0
124, -1, 0
126, -1, 0
127, -1, 0
123, -1, 0
126, -1, 1
124, -1, 0
124, -1, 0
125, -1, 0
126, -1, 0
125, -1, 0
125, -1, 0
124, -1, 0
125, -1, 1
126, -1, 0
124, -1, 0
126, -1, 0
125, -1, 0
125, -1, 0
125, -1, 0
124, -1, 1
248, -2, 0
250, -2, 0
250, -2, 0
251, -1, 0
127, -1, 1
126, -1, 0
124, -1, 0
145, -1, 0
105, -1, 0
125, -1, 0
125, -1, 0
124, -1, 1
124, -1, 0
124, -1, 0
128, -1, 0
122, -1, 0
125, -1, 0
126, -1, 0
125, -1, 0
132, -1, 0
119, -1, 1
124, -1, 0
247, -2, 0
250, -1, 0
127, -1, 0
126, -1, 0
125, -1, 1
126, -1, 0
125, -1, 0
125, -1, 0
124, -1, 0
124, -1, 0
125, -1, 0
125, -1, 0
125, -1, 1
125, -1, 0
247, -2, 0
250, -1, 0
128, -1, 0
125, -1, 0
127, -1, 0
123, -1, 0
125, -1, 0
126, -1, 1
124, -1, 0
126, -1, 0
124, -1, 0
247, -2, 0
250, -1, 0
128, -1, 0
232, -1, 1
21, -1, 0
127, -1, 0
121, -1, 0
125, -1, 0
125, -1, 0
246, -1, 0
128, -1, 0
125, -1, 0
125, -1, 0
125, -1, 0
125, -1, 1
125, -1, 0
125, -1, 0
125, -1, 0
247, -1, 0
128, -1, 0
125, -1, 0
196, -1, 0
59, -1, 0
127, -1, 1
260, -1, 0
111, -1, 0
126, -1, 0
146, -1, 0
104, -1, 0
130, -1, 0
121, -1, 0
124, -1, 0
245, -1, 0
137, -1, 0
139, -1, 0
103, -1, 1
126, -1, 0
125, -1, 0
125, -1, 0
243, -1, 0
132, -1, 0
125, -1, 0
153, -1, 0
218, -1, 0
129, -1, 0
126, -1, 0
126, -1, 1
155, -1, 0
215, -1, 0
129, -1, 0
124, -1, 0
126, -1, 0
246, -1, 0
169, -1, 0
90, -1, 0
120, -1, 0
127, -1, 0
244, -1, 0
132, -1, 1
123, -1, 0
123, -1, 0
244, -1, 0
131, -1, 0
125, -1, 0
245, -1, 0
127, -1, 0
125, -1, 0
125, -1, 0
248, -1, 0
127, -1, 0
125, -1, 0
126, -1, 0
124, -1, 0
247, -1, 0
128, -1, 1
125, -1, 0
247, -1, 0
128, -1, 0
247, -1, 0
128, -1, 0
125, -1, 0
125, -1, 0
248, -1, 0
128, -1, 0
124, -1, 0
247, -1, 0
128, -1, 0
125, -1, 0
247, -1, 0
128, -1, 0
125, -1, 0
247, -1, 0
128, -1, 0
248, -1, 0
127, -1, 0
125, -1, 0
125, 0, 1
125, -1, 0
125, -1, 0
247, -1, 0
130, -1, 0
123, -1, 0
248, -1, 0
249, -1, 0
127, -1, 0
125, -1, 0
247, -1, 0
128, -1, 0
247, -1, 0
128, -1, 0
431, -1, 0
200, -1, 0
121, -2, 0
246, -1, 0
128, -1, 0
246, -1, 0
128, -1, 0
247, -1, 0
128, -1, 0
247, -1, 0
129, -1, 0
246, -1, 0
250, -1, 0
128, -1, 0
247, -1, 0
250, -1, 0
128, -1, 0
250, -1, 0
135, -1, 0
238, -1, 0
290, -1, 0
106, -1, 0
233, -1, 0
252, -1, 0
247, -1, 0
129, -1, 0
247, -1, 0
247, -1, 0
249, -1, 0
131, -1, 0
244, -1, 0
250, -1, 0
250, -1, 0
250, -1, 0
250, -1, 0
132, -1, 0
243, -1, 0
251, -1, 0
249, -1, 0
251, -1, 0
250, -1, 0
249, -1, 0
250, -1, 0
251, -1, 0
249, -1, 0
250, -1, 0
250, -1, 0
250, -1, 0
251, -1, 0
403, -1, 0
221, -1, 0
250, -1, 0
250, -1, 0
250, -1, 0
416, -1, 0
209, -1, -1
250, -1, 0
250, -1, 0
379, -1, 0
247, -1, 0
414, -1, 0
210, -1, 0
250, -1, 0
377, -1, -1
376, -1, 0
427, -1, 0
195, -1, 0
375, -1, 0
444, -1, 0
307, -1, -1
375, -1, 0
250, -1, 0
410, -1, 0
400, -1, 0
315, 0, -1
127, -1, 0
405, -1, 0
408, -1, 0
360, -1, 0
325, -1, 0
292, 0, -1
207, -1, 0
416, -1, 0
334, -1, 0
500, -1, 0
539, -1, 0
92, 0, -1
369, -1, 0
511, -1, 0
497, -1, 0
425, 0, -1
74, -1, 0
619, -1, 0
540, -1, 0
459, -1, 0
131, 0, -1
538, -1, 0
638, -1, 0
758, -1, 0
63, 0, -1
529, -1, 0
717, -1, 0
626, 0, -1
127, -1, 0
901, -1, 0
876, -1, -1
754, -1, 0
1375, -1, 0
216, 0, -1
750, -1, 0
1282, -1, 0
218, 0, -1
1408, -1, 0
1125, 0, -1
843, -1, 0
1536, 0, -1
2498, 0, -1
2344, 0, -1
2049, 1, 0
197, 0, -1
1304, 1, 0
1231, 1, 0
92, 0, -1
1124, 1, 0
1032, 1, 0
717, 0, -1
250, 1, 0
1039, 1, 0
1028, 1, 0
708, 1, 0
225, 0, -1
657, 1, 0
626, 1, 0
717, 1, 0
657, 1, 0
751, 1, 0
503, 1, 0
622, 1, 0
593, 1, 0
656, 1, 0
468, 1, 0
407, 1, -1
593, 1, 0
502, 1, 0
404, 1, 0
500, 1, 0
531, 1, 0
313, 1, 0
407, 1, 0
344, 1, 0
407, 1, 0
390, 1, 0
452, 1, 0
407, 1, 0
217, 1, 0
376, 1, 0
375, 1, 0
407, 1, 0
343, 1, 0
250, 1, 0
380, 1, 0
370, 1, 0
250, 1, 0
404, 1, 0
220, 1, 0
407, 1, 0
219, 1, 0
407, 1, 0
218, 1, 0
250, 1, 0
375, 1, 0
250, 1, 0
250, 1, 0
249, 1, 0
250, 1, 0
401, 1, 0
225, 1, 0
128, 0, 1
128, 1, 0
244, 1, 0
249, 1, 0
409, 1, 0
216, 1, 0
250, 1, 0
250, 1, 0
250, 1, 0
250, 1, 0
250, 1, 0
250, 1, 0
250, 1, 0
250, 1, 0
252, 1, 0
249, 1, 0
250, 1, 0
249, 1, 0
250, 1, 0
128, 1, 0
247, 1, 0
250, 1, 0
250, 1, 0
250, 1, 0
250, 1, 0
128, 1, 0
247, 1, 0
250, 1, 0
252, 1, 0
135, 0, 1
117, 1, 0
246, 1, 0
128, 1, 0
247, 1, 0
128, 1, 0
247, 1, 0
250, 1, 0
250, 1, 0
128, 1, 0
247, 1, 0
251, 1, 0
127, 1, 0
247, 1, 0
250, 1, 0
250, 1, 0
128, 1, 0
125, 1, 0
247, 1, 0
250, 1, 0
250, 1, 0
128, 1, 0
247, 1, 0
128, 1, 0
247, 1, 0
128, 1, 0
247, 1, 0
250, 1, 0
128, 1, 0
247, 1, 0
128, 1, 0
247, 1, 0
128, 1, 0
247, 1, 0
128, 1, 0
247, 1, 0
250, 1, 0
128, 1, 0
125, 1, 0
247, 1, 0
128, 1, 0
247, 1, 0
128, 1, 0
247, 1, 1
128, 1, 0
247, 1, 0
128, 1, 0
125, 1, 0
247, 1, 0
250, 1, 0
128, 1, 0
126, 1, 0
246, 1, 0
128, 1, 0
247, 1, 0
128, 1, 0
247, 1, 0
128, 1, 0
125, 1, 0
247, 1, 0
128, 1, 0
125, 1, 0
247, 1, 0
128, 1, 0
125, 1, 0
247, 1, 0
128, 1, 0
247, 1, 0
128, 1, 0
125, 1, 0
247, 1, 0
128, 1, 0
125, 1, 0
247, 1, 0
128, 1, 0
247, 1, 0
128, 1, 0
125, 1, 0
247, 1, 0
127, 1, 0
125, 1, 0
247, 1, 0
128, 1, 0
125, 1, 0
248, 1, 0
127, 1, 0
248, 1, 0
127, 1, 0
125, 1, 0
266, 1, 0
113, 1, 0
122, 1, 0
125, 1, 0
247, 1, 0
128, 1, 0
125, 1, 0
246, 1, 0
128, 1, 0
125, 1, 0
126, 1, 0
247, 1, 0
128, 1, 0
124, 1, 0
248, 1, 0
127, 1, 0
126, 1, 0
246, 1, 0
128, 1, 0
126, 1, 0
124, 1, 0
248, 1, 0
131, 1, 0
122, 1, 0
247, 1, 0
127, 1, 0
125, 1, 0
125, 1, 0
247, 1, 0
128, 1, 0
125, 1, 0
247, 1, 0
128, 1, 0
126, 1, 0
124, 1, 0
130, 1, 0
245, 1, 0
126, 1, 0
125, 1, 0
247, 1, 0
128, 1, 0
126, 1, 0
124, 1, 0
248, 1, 0
131, 1, 0
122, 1, 0
125, 1, 0
247, 1, 0
128, 1, 0
124, 1, 0
126, 1, 0
124, 1, 0
248, 1, 0
127, 1, 0
126, 1, 0
125, 1, 0
247, 1, 0
127, 1, 0
125, 1, 0
248, 2, 0
250, 1, 0
128, 1, -1
125, 1, 0
247, 1, 0
128, 1, 0
125, 1, 0
125, 1, 0
247, 1, 0
127, 1, 0
125, 1, 0
125, 1, 0
126, 1, 0
124, 1, 0
247, 1, 0
128, 1, 0
126, 1, 0
247, 2, 0
250, 1, 0
127, 1, 0
125, 1, 0
125, 1, 0
248, 1, 0
127, 1, 0
125, 1, 0
126, 1, 0
127, 1, 0
245, 1, 0
128, 1, 0
124, 1, 0
125, 1, 0
248, 1, 0
127, 1, 0
125, 1, 0
125, 1, -1
125, 1, 0
125, 1, 0
125, 1, 0
248, 1, 0
127, 1, 0
125, 1, 0
125, 1, 0
247, 1, 0
128, 1, 0
125, 1, 0
125, 1, 0
311, 1, 0
202, 2, 0
112, 1, 0
124, 1, 0
125, 1, 0
125, 1, 0
247, 1, 0
128, 1, 0
125, 1, 0
125, 1, 0
125, 1, 0
247, 1, 0
128, 1, 0
125, 1, 0
125, 1, 0
125, 1, -1
125, 1, 0
247, 1, 0
128, 1, 0
125, 1, 0
125, 1, 0
125, 1, 0
247, 1, 0
128, 1, 0
125, 1, 0
125, 1, 0
125, 1, 0
125, 1, 0
247, 1, 0
129, 1, 0
124, 1, 0
125, 1, 0
125, 1, 0
128, 1, 0
244, 1, 0
128, 1, -1
125, 1, 0
125, 1, 0
125, 1, 0
247, 1, 0
128, 1, 0
125, 1, 0
125, 1, 0
247, 1, 0
128, 1, 0
125, 1, 0
128, 1, 0
122, 1, 0
125, 1, 0
125, 1, 0
247, 1, 0
128, 1, 0
125, 1, -1
125, 1, 0
125, 1, 0
125, 1, 0
247, 1, 0
128, 1, 0
125, 1, 0
125, 1, 0
247, 1, 0
128, 1, 0
125, 1, 0
126, 1, 0
124, 1, 0
247, 1, 0
128, 1, 0
125, 1, -1
125, 1, 0
125, 1, 0
247, 1, 0
128, 1, 0
125, 1, 0
125, 1, 0
125, 1, 0
125, 1, 0
247, 1, 0
128, 1, 0
125, 1, 0
125, 1, 0
125, 0, -1
125, 1, 0
125, 1, 0
125, 1, 0
125, 1, 0
125, 1, 0
247, 1, 0
128, 1, 0
125, 1, 0
125, 1, 0
125, 1, 0
247, 1, 0
130, 1, 0
123, 1, 0
125, 1, 0
125, 0, -1
126, 2, 0
246, 1, 0
133, 1, 0
246, 1, 0
126, 1, 0
124, 1, 0
128, 1, 0
125, 1, 0
247, 1, 0
127, 1, -1
125, 1, 0
125, 1, 0
248, 1, 0
127, 1, 0
125, 1, 0
125, 1, 0
234, 1, 0
268, 1, 0
123, 2, 0
126, 0, -1
124, 1, 0
125, 1, 0
125, 1, 0
125, 1, 0
247, 1, 0
128, 1, 0
125, 1, 0
125, 1, 0
125, 1, 0
247, 1, 0
128, 1, -1
247, 1, 0
128, 1, 0
125, 1, 0
247, 1, 0
128, 1, 0
125, 1, 0
125, 1, 0
248, 1, 0
127, 1, 0
125, 1, 0
125, 0, -1
125, 1, 0
125, 1, 0
125, 1, 0
248, 1, 0
127, 1, 0
125, 1, 0
247, 1, 0
128, 1, 0
247, 1, 0
128, 1, 0
125, 1, 0
248, 1, -1
127, 1, 0
125, 1, 0
247, 1, 0
128, 1, 0
248, 1, 0
127, 1, 0
125, 1, 0
247, 1, 0
128, 1, 0
125, 1, -1
247, 1, 0
128, 1, 0
247, 1, 0
128, 1, 0
247, 1, 0
128, 1, 0
247, 1, 0
128, 1, 0
125, 1, 0
125, 0, -1
125, 1, 0
125, 1, 0
247, 1, 0
128, 1, 0
250, 1, 0
125, 1, 0
247, 1, 0
128, 1, 0
247, 1, 0
251, 1, 0
127, 1, 0
125, 1, 0
125, 0, -1
125, 1, 0
247, 1, 0
128, 1, 0
247, 1, 0
250, 1, 0
128, 1, 0
248, 1, 0
128, 1, 0
247, 1, 0
126, 0, -1
127, 1, 0
123, 1, 0
247, 1, 0
251, 1, 0
127, 1, 0
247, 1, 0
251, 1, 0
127, 1, 0
248, 1, 0
249, 1, 0
250, 1, 0
128, 1, -1
248, 1, 0
249, 1, 0
455, 1, 0
175, 1, 0
123, 1, 0
124, 1, 0
248, 1, 0
250, 1, 0
250, 1, 0
378, 1, 0
133, 1, 0
365, 1, -1
249, 1, 0
251, 1, 0
250, 1, 0
250, 1, 0
250, 1, 0
251, 1, 0
250, 1, 0
375, 1, 0
249, 1, 0
250, 1, 0
375, 1, 0
250, 1, 0
375, 1, 0
250, 1, 0
375, 1, -1
375, 1, 0
376, 1, 0
249, 1, 0
500, 1, 0
251, 1, 0
375, 1, 0
501, 1, 0
249, 1, 0
547, 1, 0
451, 1, 0
499, 1, 0
565, 1, 0
601, 1, 0
502, 1, 0
621, 1, 0
711, 1, 0
750, 1, 0
875, 1, 0
1314, 1, 0
1482, 1, 0
19859, -1, 0
1157, 0, -1
205, -1, 0
1378, -1, 0
1128, -1, 0
907, -1, 0
732, -1, 0
1022, -1, 0
591, -1, 0
657, -1, 0
874, -1, 0
470, -1, 0
747, -1, 0
603, -1, 0
546, -1, 0
626, -1, 0
463, -1, 0
668, -1, 0
493, -1, 0
497, -1, 0
518, -1, 0
607, -1, 0
332, -1, 0
506, -1, 0
537, -1, 0
457, -1, 0
416, -1, 0
459, -1, 0
544, -1, 0
331, -1, 0
375, -1, 0
419, -1, 0
206, 0, 1
129, -1, 0
543, -1, 0
328, -1, 0
375, -1, 0
416, -1, 0
209, -1, 0
374, -1, 0
379, -1, 0
129, 0, 1
243, -1, 0
375, -1, 0
250, -1, 0
421, -1, 0
205, -1, 0
416, -1, 0
207, -1, 1
532, -1, 0
218, -1, 0
251, -1, 0
250, -1, 0
250, -1, 0
249, -1, 0
128, 0, 1
247, -1, 0
250, -1, 0
251, -1, 0
249, -1, 0
250, -1, 0
128, 0, 1
247, -1, 0
250, -1, 0
435, -1, 0
193, -1, 0
125, -1, 0
372, -1, 1
128, -1, 0
247, -1, 0
250, -1, 0
375, -1, 0
128, -1, 0
247, -1, 1
250, -1, 0
250, -1, 0
250, -1, 0
250, -1, 0
250, -1, 1
250, -1, 0
128, -1, 0
247, -1, 0
250, -1, 0
250, -1, 0
250, -1, 1
250, -1, 0
128, -1, 0
247, -1, 0
250, -1, 1
250, -1, 0
128, -1, 0
247, -1, 0
250, -1, 0
250, -1, 0
132, -1, 1
243, -1, 0
127, -1, 0
248, -1, 0
249, -1, 0
128, -1, 0
126, 0, 1
124, -1, 0
125, -1, 0
248, -1, 0
128, -1, 0
247, -1, 1
249, -1, 0
128, -1, 0
247, -1, 0
129, -1, 0
247, -1, 1
127, -1, 0
249, -1, 0
128, -1, 0
248, -1, 0
248, -1, 1
128, -1, 0
125, -1, 0
247, -1, 0
128, -1, 0
247, -1, 1
128, -1, 0
247, -1, 0
128, -1, 0
247, -1, 0
127, -1, 0
126, -1, 1
247, -1, 0
127, -1, 0
125, -1, 0
247, -1, 0
129, -1, 0
124, 0, 1
125, -1, 0
125, -1, 0
125, -1, 0
247, -1, 0
128, -1, 1
125, -1, 0
247, -1, 0
128, -1, 0
247, -1, 0
128, -1, 0
125, -1, 0
125, 0, 1
125, -1, 0
125, -1, 0
125, -1, 0
247, -1, 0
128, -1, 0
125, -1, 1
220, -1, 0
164, -1, 0
117, -1, 0
124, -1, 0
248, -1, 1
127, -1, 0
125, -1, 0
125, -1, 0
247, -1, 0
128, -1, 0
125, -1, 1
125, -1, 0
125, -1, 0
248, -1, 0
126, -1, 0
125, -1, 0
127, -1, 0
124, 0, 1
124, -1, 0
125, -1, 0
132, -1, 0
122, -1, 0
123, -1, 0
248, -1, 1
130, -1, 0
123, -1, 0
125, -1, 0
125, -1, 0
245, -1, 0
128, -1, 1
125, -1, 0
125, -1, 0
247, -1, 0
128, -1, 0
125, -1, 0
125, -1, 1
125, -1, 0
125, -1, 0
125, -1, 0
247, -1, 0
128, -1, 0
125, -1, 1
125, -1, 0
247, -2, 0
251, -1, 0
128, -1, 1
125, -1, 0
125, -1, 0
125, -1, 0
125, -1, 0
247, -2, 0
252, -1, 1
125, -1, 0
125, -1, 0
125, -1, 0
125, -1, 0
247, -1, 1
128, -1, 0
125, -1, 0
125, -1, 0
125, -1, 0
125, -1, 0
125, -1, 0
125, -1, 1
125, -1, 0
125, -1, 0
247, -1, 0
130, -1, 0
123, -1, 0
125, -1, 1
125, -1, 0
125, -1, 0
125, -1, 0
125, -1, 0
247, -1, 0
128, -1, 0
125, -1, 1
125, -1, 0
125, -1, 0
125, -1, 0
125, -1, 0
125, -1, 0
125, -1, 0
125, -1, 1
247, -1, 0
128, -1, 0
126, -1, 0
125, -1, 0
124, -1, 0
125, -1, 0
125, -1, 0
126, -1, 1
124, -1, 0
128, -1, 0
250, -2, 0
249, -1, 1
126, -1, 0
123, -1, 0
126, -1, 0
125, -1, 0
124, -1, 0
125, -1, 0
125, -1, 0
247, -1, 1
128, -1, 0
126, -1, 0
124, -1, 0
125, -1, 0
125, -1, 0
125, -1, 0
126, -1, 1
125, -1, 0
124, -1, 0
402, -2, 0
224, -2, 0
124, -1, 1
126, -1, 0
125, -1, 0
124, -1, 0
125, -1, 0
125, -1, 0
129, -1, 0
122, -1, 1
125, -1, 0
125, -1, 0
124, -1, 0
123, -1, 0
247, -2, 0
128, 0, 1
125, -1, 0
125, -1, 0
125, -1, 0
125, -1, 0
125, -1, 0
125, -1, 0
125, -1, 0
125, -1, 0
125, -1, 0
125, -1, 1
248, -1, 0
130, -1, 0
122, -1, 0
125, -1, 0
125, -1, 0
125, -1, 0
125, -1, 1
125, -1, 0
125, -1, 0
125, -1, 0
247, -2, 0
250, -1, 0
128, -1, 0
125, -1, 1
125, -1, 0
125, -1, 0
125, -1, 0
125, -1, 0
125, -1, 0
125, -1, 0
125, -1, 0
125, 0, 1
125, -1, 0
125, -1, 0
125, -1, 0
125, -1, 0
125, -1, 0
125, -1, 0
125, -1, 0
142, -1, 0
111, -1, 1
145, -1, 0
105, -1, 0
125, -1, 0
246, -1, 0
129, -1, 0
126, -1, 0
124, -1, 0
125, -1, 0
126, -1, 1
125, -1, 0
125, -1, 0
125, -1, 0
125, -1, 0
243, -1, 0
131, -1, 0
125, -1, 0
125, -1, 1
125, -1, 0
125, -1, 0
125, -1, 0
125, -1, 0
244, -2, 0
251, -1, 0
130, -1, 0
125, -1, 0
125, -1, 1
125, -1, 0
125, -1, 0
246, -2, 0
248, -1, 0
131, -1, 0
125, -1, 0
125, -1, 0
126, -1, 0
124, -1, 1
244, -2, 0
250, -1, 0
131, -1, 0
128, -1, 0
123, -1, 0
125, -1, 0
148, -1, 0
223, -1, 1
127, -1, 0
126, -1, 0
124, -1, 0
125, -1, 0
125, -1, 0
126, -1, 0
246, -2, 0
250, -1, 0
128, -1, 0
125, -1, 0
125, -1, 0
125, 0, 1
125, -1, 0
125, -1, 0
125, -1, 0
125, -1, 0
307, -1, 0
194, -1, 0
125, -2, 0
124, -1, 0
125, -1, 0
125, -1, 0
125, -1, 0
125, -1, 0
125, 0, 1
125, -1, 0
125, -1, 0
125, -1, 0
125, -1, 0
125, -1, 0
247, -1, 0
128, -1, 0
125, -1, 0
125, -1, 0
125, -1, 0
125, -1, 0
247, -1, 0
129, -1, 1
124, -1, 0
125, -1, 0
247, -1, 0
128, -1, 0
125, -1, 0
125, -1, 0
247, -1, 0
128, -1, 0
125, -1, 0
125, -1, 0
247, -1, 0
128, -1, 0
125, -1, 0
125, -1, 0
248, -1, 0
128, -1, 0
124, -1, 0
125, 0, 1
125, -1, 0
125, -1, 0
125, -1, 0
125, -1, 0
248, -1, 0
127, -1, 0
125, -1, 0
248, -1, 0
127, -1, 0
125, -1, 0
125, -1, 0
125, -1, 0
248, -1, 0
127, -1, 0
247, -1, 0
128, -1, 0
125, -1, 0
247, -1, 0
128, -1, 0
125, -1, 0
247, -1, 0
128, -1, 0
125, -1, 0
247, -1, 0
128, -1, 0
125, -1, 0
247, -1, 0
128, -1, 0
247, -1, 0
128, -1, 0
248, -1, 0
127, -1, 0
125, -1, 1
248, -1, 0
127, -1, 0
271, -1, 0
107, -1, 0
246, -1, 0
129, -1, 0
125, -1, 0
244, -1, 0
132, -1, 0
244, -1, 0
130, -1, 0
243, -1, 0
132, -1, 0
247, -1, 0
128, -1, 0
244, -1, 0
250, -1, 0
131, -1, 0
125, -1, 0
244, -1, 0
250, -1, 0
131, -1, 0
245, -1, 0
249, -1, 0
131, -1, 0
244, -1, 0
131, -1, 0
244, -1, 0
460, -1, 0
172, -1, 0
124, -1, 0
125, -1, 0
243, -1, 0
251, -1, 0
130, -1, 0
246, -1, 0
249, -1, 0
128, -1, 0
248, -1, 0
249, -1, 0
129, 0, -1
124, -1, 0
247, -1, 0
250, -1, 0
128, -1, 0
247, -1, 0
250, -1, 0
250, -1, 0
252, -1, 0
251, -1, 0
251, -1, 0
246, -1, -1
249, -1, 0
251, -1, 0
128, -1, 0
372, -1, 0
250, -1, 0
250, -1, 0
250, -1, 0
251, -1, 0
127, 0, -1
125, -1, 0
247, -1, 0
250, -1, 0
375, -1, 0
250, -1, 0
404, -1, 0
221, -1, -1
254, -1, 0
402, -1, 0
219, -1, 0
250, -1, 0
378, -1, -1
410, -1, 0
213, -1, 0
374, -1, 0
250, -1, 0
434, -1, -1
375, -1, 0
368, -1, 0
198, -1, 0
411, -1, 0
214, 0, -1
128, -1, 0
403, -1, 0
344, -1, 0
250, 0, -1
128, -1, 0
372, -1, 0
408, -1, 0
499, -1, 0
100, 0, -1
262, -1, 0
358, -1, 0
407, -1, 0
502, -1, -1
405, -1, 0
470, -1, 0
400, -1, -1
473, -1, 0
616, -1, -1
386, -1, 0
498, -1, 0
626, -1, -1
498, -1, 0
502, -1, 0
215, 0, -1
250, -1, 0
661, -1, 0
375, 0, -1
214, -1, 0
537, -1, 0
499, 0, -1
213, -1, 0
536, -1, 0
340, 0, -1
250, -1, 0
786, -1, 0
99, 0, -1
776, -1, 0
339, -1, 0
250, 0, -1
781, -1, 0
467, 0, -1
384, -1, 0
677, -1, 0
69, 0, -1
907, -1, 0
405, 0, -1
570, -1, 0
782, 0, -1
209, -1, 0
783, 0, -1
716, -1, 0
407, 0, -1
1007, 0, -1
211, -1, 0
800, 0, -1
861, 0, -1
1007, 0, -1
869, 0, -1
838, 0, -1
1000, 0, -1
533, 1, 0
217, 0, -1
785, 0, -1
340, 1, 0
677, 0, -1
198, 1, 0
625, 0, -1
385, 1, 0
490, 0, -1
250, 1, 0
625, 0, -1
250, 1, 0
625, 1, 0
127, 0, -1
498, 1, 0
501, 0, -1
250, 1, 0
624, 1, 0
127, 0, -1
406, 1, 0
622, 1, 0
220, 0, -1
249, 1, 0
531, 1, 0
345, 0, -1
128, 1, 0
404, 1, 0
468, 1, -1
531, 1, 0
344, 1, 0
249, 0, -1
251, 1, 0
406, 1, 0
344, 1, 0
379, 1, -1
374, 1, 0
374, 1, 0
249, 1, 0
374, 1, -1
379, 1, 0
371, 1, 0
249, 1, 0
250, 1, 0
127, 0, -1
247, 1, 0
250, 1, 0
376, 1, 0
250, 1, 0
375, 1, -1
249, 1, 0
251, 1, 0
249, 1, 0
250, 1, 0
250, 1, 0
250, 1, 0
128, 0, -1
125, 1, 0
248, 1, 0
251, 1, 0
250, 1, 0
249, 1, 0
250, 1, 0
259, 1, -1
243, 1, 0
128, 1, 0
248, 1, 0
248, 1, 0
250, 1, 0
250, 1, 0
253, 1, 0
126, 1, 0
249, 1, 0
321, 0, -1
181, 1, 0
122, 2, 0
127, 1, 0
256, 1, 0
119, 1, 0
251, 1, 0
248, 1, 0
143, 1, 0
233, 1, 0
125, 1, 0
125, 0, -1
127, 1, 0
250, 1, 0
126, 1, 0
245, 1, 0
125, 1, 0
129, 1, 0
250, 1, 0
124, 1, 0
254, 1, 0
121, 1, 0
253, 1, 0
122, 1, 0
248, 1, 0
128, 1, 0
123, 1, 0
257, 1, 0
127, 1, 0
120, 1, -1
246, 1, 0
125, 1, 0
251, 1, 0
123, 1, 0
126, 1, 0
254, 1, 0
122, 1, 0
125, 1, 0
247, 1, 0
127, 1, 0
126, 1, 0
124, 1, 0
246, 1, 0
134, 1, 0
122, 1, 0
248, 2, 0
250, 1, 0
125, 1, -1
249, 1, 0
127, 1, 0
122, 1, 0
126, 1, 0
125, 1, 0
249, 2, 0
250, 1, 0
126, 1, 0
127, 1, 0
123, 1, 0
246, 1, 0
133, 1, 0
122, 1, 0
124, 1, 0
125, 1, 0
126, 1, 0
127, 1, 0
249, 1, 0
126, 1, 0
125, 1, 0
125, 1, 0
124, 1, 0
124, 1, 0
247, 2, 0
257, 1, -1
122, 1, 0
122, 1, 0
132, 1, 0
129, 1, 0
115, 1, 0
125, 1, 0
124, 1, 0
255, 2, 0
246, 1, 0
130, 1, 0
124, 1, 0
123, 1, 0
125, 1, 0
126, 1, 0
123, 1, 0
125, 1, 0
127, 1, 0
125, 1, 0
247, 2, 0
248, 2, 0
250, 2, 0
252, 2, 0
249, 1, 0
130, 1, 0
123, 1, 0
136, 1, 0
331, 1, 0
163, 1, 0
129, 3, -1
119, 1, 0
123, 1, 0
124, 1, 0
125, 1, 0
125, 1, 0
125, 1, 0
124, 1, 0
125, 1, 0
125, 1, 0
126, 1, 0
126, 1, 0
133, 1, 0
115, 1, 0
125, 1, 0
124, 1, 0
125, 1, 0
125, 1, 0
124, 1, 0
127, 1, 0
124, 1, 0
125, 1, 0
124, 1, 0
125, 2, 0
246, 2, 0
253, 1, 0
128, 2, 0
245, 2, 0
250, 2, 0
127, 1, 0
125, 1, 0
125, 1, 0
128, 1, 0
121, 1, 0
126, 1, 0
125, 1, 0
124, 1, 0
125, 1, 0
125, 1, 0
126, 1, -1
124, 1, 0
126, 2, 0
247, 2, 0
128, 1, 0
124, 1, 0
125, 1, 0
125, 1, 0
125, 1, 0
126, 1, 0
124, 1, 0
125, 1, 0
126, 1, 0
124, 1, 0
125, 2, 0
125, 1, 0
125, 1, 0
127, 1, 0
124, 1, 0
124, 1, 0
126, 1, 0
124, 1, 0
125, 1, 0
125, 1, 0
125, 1, 0
125, 2, 0
248, 2, 0
128, 1, 0
125, 1, 0
124, 1, 0
125, 1, 0
128, 1, 0
124, 1, 0
124, 1, 0
125, 1, -1
124, 1, 0
125, 1, 0
125, 2, 0
125, 1, 0
125, 1, 0
125, 1, 0
125, 1, 0
125, 1, 0
125, 1, 0
125, 1, 0
125, 1, 0
125, 2, 0
125, 1, 0
125, 1, 0
126, 1, 0
124, 1, 0
125, 1, 0
125, 1, 0
125, 1, 0
125, 1, 0
126, 2, 0
125, 1, 0
124, 1, 0
125, 1, 0
126, 1, 0
126, 1, 0
133, 2, 0
239, 2, -1
126, 1, 0
126, 1, 0
125, 1, 0
125, 1, 0
126, 1, 0
123, 1, 0
126, 2, 0
248, 2, 0
126, 1, 0
125, 1, 0
136, 1, 0
114, 1, 0
125, 1, 0
125, 1, 0
126, 2, 0
124, 1, 0
125, 1, 0
126, 1, 0
124, 1, 0
126, 1, 0
238, 2, 0
264, 2, -1
123, 2, 0
125, 1, 0
125, 1, 0
124, 1, 0
126, 1, 0
124, 2, 0
248, 2, 0
128, 1, 0
124, 1, 0
125, 1, 0
125, 1, 0
125, 1, 0
125, 1, 0
125, 2, 0
125, 1, 0
125, 1, 0
125, 1, 0
126, 1, 0
125, 1, 0
125, 2, 0
247, 1, 0
127, 2, 0
125, 1, 0
127, 1, -1
128, 1, 0
121, 1, 0
125, 1, 0
124, 2, 0
126, 1, 0
125, 1, 0
126, 1, 0
123, 1, 0
125, 1, 0
125, 1, 0
126, 1, 0
125, 1, 0
125, 2, 0
124, 1, 0
133, 1, 0
120, 1, 0
127, 1, 0
123, 1, 0
125, 2, 0
247, 1, -1
127, 2, 0
127, 1, 0
124, 1, 0
125, 1, 0
122, 1, 0
129, 1, 0
121, 1, 0
125, 1, 0
125, 2, 0
125, 1, 0
125, 1, 0
125, 1, 0
125, 1, 0
125, 1, 0
125, 1, 0
125, 1, 0
125, 1, 0
125, 2, 0
125, 1, 0
125, 1, -1
125, 1, 0
126, 1, 0
125, 1, 0
124, 1, 0
125, 2, 0
126, 1, 0
124, 1, 0
125, 1, 0
125, 1, 0
125, 1, 0
126, 2, 0
249, 2, 0
126, 1, 0
126, 1, 0
125, 1, 0
124, 1, 0
125, 1, 0
125, 1, 0
125, 2, -1
247, 2, 0
127, 1, 0
125, 1, 0
125, 1, 0
125, 1, 0
125, 1, 0
126, 1, 0
124, 2, 0
248, 2, 0
127, 1, 0
125, 1, 0
125, 1, 0
125, 1, 0
125, 1, 0
125, 2, 0
125, 1, -1
249, 2, 0
126, 1, 0
125, 1, 0
125, 1, 0
125, 1, 0
125, 1, 0
125, 2, 0
247, 2, 0
128, 1, 0
125, 1, 0
125, 1, 0
125, 1, -1
125, 1, 0
125, 1, 0
125, 1, 0
125, 1, 0
125, 2, 0
125, 1, 0
125, 1, 0
125, 1, 0
125, 1, 0
125, 1, 0
282, 1, 0
218, 1, 0
148, 3, 0
112, 2, -1
118, 1, 0
125, 1, 0
126, 1, 0
124, 1, 0
124, 1, 0
125, 1, 0
125, 1, 0
125, 1, 0
125, 2, 0
245, 2, 0
132, 1, 0
123, 1, 0
126, 1, 0
124, 1, 0
125, 1, 0
125, 1, -1
125, 1, 0
126, 1, 0
125, 2, 0
252, 2, 0
128, 1, 0
126, 1, 0
124, 1, 0
125, 1, 0
140, 1, 0
107, 1, 0
126, 1, 0
124, 1, 0
125, 2, 0
244, 2, -1
250, 2, 0
131, 1, 0
125, 1, 0
124, 1, 0
125, 1, 0
125, 1, 0
126, 1, 0
124, 1, 0
132, 1, 0
119, 1, 0
125, 1, 0
125, 1, 0
125, 1, 0
125, 2, 0
149, 0, -1
98, 2, 0
136, 1, 0
118, 1, 0
121, 1, 0
125, 1, 0
125, 1, 0
125, 1, 0
125, 1, 0
125, 1, 0
125, 1, 0
125, 1, 0
124, 1, 0
126, 1, 0
125, 1, 0
125, 1, 0
125, 1, -1
125, 1, 0
125, 1, 0
127, 1, 0
123, 1, 0
126, 1, 0
124, 1, 0
126, 1, 0
123, 1, 0
125, 1, 0
126, 1, 0
125, 2, 0
248, 1, 0
127, 2, -1
247, 1, 0
128, 1, 0
125, 2, 0
250, 1, 0
126, 1, 0
126, 2, 0
246, 1, 0
128, 1, 0
124, 1, 0
126, 1, 0
125, 1, 0
125, 1, -1
125, 1, 0
125, 1, 0
125, 1, 0
125, 1, 0
125, 1, 0
125, 1, 0
124, 1, 0
126, 1, 0
125, 1, 0
132, 1, 0
118, 1, 0
124, 1, 0
126, 1, 0
125, 1, 0
125, 1, 0
125, 1, 0
125, 1, -1
129, 1, 0
240, 1, 0
127, 1, 0
125, 1, 0
125, 1, 0
125, 1, 0
125, 1, 0
126, 1, 0
125, 1, 0
125, 1, 0
125, 1, 0
124, 1, -1
126, 1, 0
247, 2, 0
323, 1, 0
57, 1, 0
124, 1, 0
124, 1, 0
125, 1, 0
125, 1, 0
125, 1, 0
247, 1, 0
128, 1, 0
125, 1, -1
125, 1, 0
124, 1, 0
126, 1, 0
124, 1, 0
126, 1, 0
124, 1, 0
126, 1, 0
247, 1, 0
128, 1, 0
125, 1, 0
125, 1, 0
248, 2, 0
249, 1, 0
128, 1, 0
124, 1, -1
126, 1, 0
128, 1, 0
244, 1, 0
128, 1, 0
125, 1, 0
125, 1, 0
247, 1, 0
130, 1, 0
123, 1, 0
247, 2, 0
250, 1, 0
128, 1, 0
124, 1, 0
257, 1, 0
128, 1, 0
126, 1, 0
126, 1, -1
241, 1, 0
126, 1, 0
124, 1, 0
245, 1, 0
130, 1, 0
250, 1, 0
128, 1, 0
125, 1, 0
246, 1, 0
131, 1, 0
123, 1, 0
242, 1, 0
130, 1, 0
244, 1, 0
131, 1, -1
244, 1, 0
132, 1, 0
244, 1, 0
130, 1, 0
245, 1, 0
131, 1, 0
245, 1, 0
131, 1, 0
244, 1, 0
250, 1, 0
130, 1, 0
244, 1, 0
130, 1, 0
245, 1, 0
252, 1, 0
129, 1, 0
248, 1, 0
272, 1, 0
105, 1, -1
246, 1, 0
248, 1, 0
250, 1, 0
128, 1, 0
248, 1, 0
249, 1, 0
250, 1, 0
129, 1, 0
371, 1, 0
250, 1, 0
250, 1, 0
252, 1, 0
249, 1, 0
250, 1, 0
249, 1, 0
487, 1, 0
268, 1, 0
123, 1, 0
247, 1, 0
377, 1, 0
248, 1, 0
250, 1, 0
375, 1, 0
376, 1, 0
376, 1, 0
374, 1, 0
374, 1, 0
376, 1, 0
499, 1, 0
375, 1, 0
500, 1, 0
500, 1, 0
500, 1, 0
625, 1, 0
752, 1, 0
749, 1, 0
875, 1, 0
1630, 1, 0
13133, -1, 0
1364, 0, -1
128, -1, 0
869, -1, 0
882, -1, 0
745, -1, 0
499, 0, -1
249, -1, 0
500, -1, 0
752, -1, 0
502, -1, 0
372, -1, 0
500, -1, 0
250, 0, -1
127, -1, 0
498, -1, 0
500, -1, 0
375, -1, 0
384, -1, 0
366, -1, 0
374, -1, 0
375, -1, 0
376, -1, 0
376, -1, 0
373, -1, 0
250, -1, 0
385, -1, 0
246, -1, -1
374, -1, 0
247, -1, 0
250, -1, 0
376, -1, 0
250, -1, 0
406, -1, 0
218, -1, 0
275, -1, 0
224, -1, 0
251, -1, 0
249, -1, 0
409, -1, 0
217, -1, 0
130, -1, 0
245, -1, 0
249, -1, 0
250, -1, 0
250, -1, 0
250, -1, 0
250, -1, 0
251, -1, 0
249, -1, 0
131, -1, 0
245, -1, 0
249, -1, 0
250, -1, 0
132, -1, 0
243, -1, 0
131, -1, 0
244, -1, 0
250, -1, 0
131, 0, 1
125, -1, 0
125, -1, 0
244, -1, 0
131, -1, 0
245, -1, 0
127, -1, 0
247, -1, 0
250, -1, 0
128, -1, 0
247, -1, 0
128, -1, 0
247, -1, 1
128, -1, 0
248, -1, 0
127, -1, 0
125, -1, 0
247, -1, 0
127, -1, 0
249, -1, 0
127, -1, 0
124, -1, 0
247, -1, 0
251, -1, 1
128, -1, 0
125, -1, 0
247, -1, 0
128, -1, 0
125, -1, 0
125, -1, 0
247, -1, 0
221, -1, 0
32, -1, 0
248, -1, 1
127, -1, 0
125, -1, 0
125, -1, 0
247, -1, 0
128, -1, 0
125, -1, 0
125, -1, 0
246, -1, 0
129, -1, 1
125, -1, 0
247, -1, 0
127, -1, 0
125, -1, 0
126, -1, 0
125, -1, 0
125, -1, 0
125, -1, 0
125, 0, 1
125, -1, 0
125, -1, 0
125, -1, 0
124, -1, 0
248, -2, 0
250, -1, 1
128, -1, 0
124, -1, 0
126, -1, 0
125, -1, 0
125, -1, 0
125, -1, 0
247, -1, 0
128, -1, 1
127, -1, 0
123, -1, 0
124, -1, 0
126, -1, 0
125, -1, 0
126, -1, 0
125, -1, 0
125, -1, 0
125, 0, 1
125, -2, 0
247, -1, 0
127, -1, 0
126, -1, 0
125, -1, 0
125, -1, 1
128, -1, 0
120, -1, 0
126, -1, 0
125, -1, 0
126, -1, 0
128, -1, 0
123, -1, 0
123, -1, 1
250, -2, 0
138, -1, 0
114, -1, 0
123, -1, 0
124, -1, 0
126, -1, 1
125, -1, 0
125, -1, 0
130, -1, 0
121, -1, 0
255, -2, 0
119, -1, 1
125, -1, 0
125, -1, 0
124, -1, 0
127, -1, 0
124, -1, 0
126, -1, 0
124, -1, 1
141, -1, 0
110, -1, 0
124, -1, 0
125, -1, 0
125, -1, 1
125, -1, 0
125, -1, 0
126, -1, 0
124, -1, 0
125, -1, 0
125, -2, 0
126, 0, 1
124, -2, 0
125, -1, 0
247, -2, 0
129, -1, 0
124, -1, 1
125, -1, 0
125, -1, 0
125, -1, 0
125, -1, 0
126, -1, 0
125, -2, 0
124, 0, 1
125, -1, 0
125, -2, 0
125, -1, 0
126, -1, 0
124, -1, 0
125, -1, 0
126, -1, 1
124, -2, 0
247, -2, 0
127, -1, 0
126, -1, 0
125, -1, 1
125, -1, 0
125, -1, 0
125, -1, 0
125, -1, 0
126, -1, 1
124, -2, 0
125, -1, 0
125, -1, 0
280, -1, 0
222, -1, 1
124, -4, 0
247, -2, 0
127, -1, 0
125, -1, 1
125, -1, 0
125, -2, 0
247, -2, 0
128, -1, 0
125, -1, 1
125, -1, 0
125, -1, 0
125, -2, 0
247, -2, 0
129, -1, 1
124, -1, 0
125, -1, 0
125, -2, 0
124, -1, 0
126, -1, 1
125, -1, 0
125, -1, 0
125, -1, 0
125, -1, 0
125, -2, 0
125, -1, 1
125, -1, 0
125, -1, 0
125, -2, 0
125, -1, 0
125, -1, 0
125, -1, 1
125, -1, 0
125, -1, 0
125, -1, 0
125, -2, 0
125, -1, 1
125, -1, 0
125, -1, 0
125, -2, 0
126, -1, 0
137, -1, 0
116, -1, 1
128, -2, 0
147, -1, 0
101, -1, 0
123, -1, 0
124, -1, 0
126, -2, 1
125, -1, 0
126, -1, 0
124, -1, 0
125, -2, 0
126, -1, 0
124, -1, 1
125, -1, 0
125, -2, 0
126, -1, 0
125, -1, 0
124, -1, 0
125, -1, 1
125, -2, 0
128, -1, 0
122, -1, 0
125, -1, 0
124, -2, 0
126, -1, 1
124, -1, 0
125, -1, 0
126, -1, 0
131, -2, 0
118, -1, 0
123, -2, 1
125, -1, 0
125, -1, 0
130, -1, 0
122, -2, 0
128, -1, 1
133, -1, 0
115, -1, 0
129, -2, 0
122, -1, 0
129, -1, 0
121, -2, 0
128, -1, 1
122, -1, 0
124, -1, 0
125, -2, 0
125, -1, 0
126, -1, 1
125, -1, 0
122, -2, 0
124, -1, 0
125, -1, 0
125, -2, 0
125, -1, 0
126, -1, 1
124, -1, 0
125, -2, 0
125, -1, 0
126, -1, 1
125, -2, 0
129, -1, 0
120, -1, 0
127, -2, 0
127, -1, 0
122, -1, 1
126, -1, 0
123, -2, 0
126, -1, 0
123, -1, 0
126, -2, 0
124, -1, 0
126, -1, 1
125, -1, 0
125, -2, 0
124, -1, 0
126, -1, 0
127, -2, 1
124, -1, 0
126, -1, 0
124, -1, 0
124, -2, 0
126, -1, 1
125, -2, 0
125, -1, 0
124, -1, 0
337, -1, 0
165, -2, 0
124, -4, 1
124, -1, 0
126, -1, 0
125, -1, 0
124, -2, 0
124, -1, 1
126, -2, 0
125, -1, 0
124, -1, 0
126, -2, 0
125, 0, 1
125, -2, 0
125, -1, 0
124, -2, 0
125, -1, 0
125, -1, 0
127, -1, 1
124, -2, 0
125, -1, 0
125, -2, 0
125, -1, 0
125, -1, 1
125, -1, 0
125, -2, 0
126, -1, 0
125, -1, 0
125, -2, 0
124, -1, 1
125, -1, 0
125, -2, 0
127, -1, 0
123, -1, 0
125, -2, 1
125, -1, 0
125, -1, 0
126, -1, 0
127, -2, 0
124, -1, 0
123, -1, 0
126, -2, 1
124, -1, 0
125, -2, 0
248, -2, 0
127, -1, 0
126, -1, 0
125, -2, 1
124, -1, 0
126, -2, 0
124, -1, 0
126, -1, 0
130, -1, 1
118, -2, 0
128, -1, 0
123, -2, 0
125, -1, 0
125, -1, 0
125, -1, 1
125, -1, 0
125, -2, 0
124, -1, 0
126, -2, 0
124, -1, 0
125, -1, 0
126, -1, 1
125, -2, 0
124, -1, 0
125, -1, 0
126, -1, 0
124, -2, 0
126, -1, 1
124, -1, 0
125, -2, 0
126, -1, 0
125, -1, 0
125, -1, 0
125, -2, 1
125, -1, 0
124, -2, 0
126, -1, 0
126, -1, 0
124, -1, 0
126, -2, 0
124, -1, 1
125, -1, 0
124, -2, 0
126, -1, 0
124, -1, 0
126, -1, 0
125, -2, 1
124, -1, 0
125, -1, 0
129, -2, 0
125, -1, 0
135, -1, 0
114, -1, 0
126, -2, 0
124, -1, 1
126, -1, 0
125, -1, 0
124, -2, 0
125, -1, 0
125, -2, 0
126, -1, 0
125, -1, 1
125, -1, 0
126, -1, 0
125, -2, 0
125, -1, 0
125, -1, 0
124, -1, 0
125, -2, 1
125, -1, 0
124, -1, 0
127, -1, 0
123, -2, 0
125, -1, 0
125, -2, 0
245, -1, 1
131, -2, 0
125, -1, 0
125, -2, 0
124, -1, 0
126, -1, 0
125, -1, 0
124, -2, 1
126, -1, 0
124, -1, 0
126, -1, 0
634, -1, 0
116, -7, 1
125, -1, 0
124, -1, 0
126, -1, 0
124, -2, 0
126, -1, 0
124, -1, 0
123, -1, 0
126, -1, 1
127, -2, 0
121, -1, 0
125, -1, 0
126, -1, 0
124, -2, 0
125, -1, 0
126, -1, 0
124, -1, 1
125, -2, 0
125, -1, 0
126, -1, 0
125, -1, 0
125, -1, 0
125, -2, 0
125, -1, 0
126, -1, 1
129, -1, 0
120, -2, 0
248, -2, 0
127, -1, 0
124, -1, 0
126, -1, 0
124, -1, 0
126, -2, 0
124, -1, 1
125, -1, 0
127, -1, 0
124, -1, 0
124, -1, 0
125, -2, 0
126, -1, 0
124, -1, 0
126, -1, 0
124, -2, 0
126, -1, 0
124, -1, 0
126, -1, 1
125, -1, 0
124, -1, 0
125, -1, 0
125, -1, 0
126, -2, 0
125, -1, 0
124, -1, 0
126, -1, 0
125, -1, 0
124, -1, 0
126, -2, 0
247, -2, 1
128, -1, 0
124, -1, 0
125, -1, 0
126, -1, 0
124, -2, 0
125, -1, 0
248, -2, 0
128, -1, 0
124, -1, 0
125, -1, 0
125, -1, 0
125, -1, 0
125, -1, 0
125, -2, 0
125, 0, 1
125, -2, 0
126, -1, 0
125, -1, 0
125, -1, 0
125, -1, 0
125, -1, 0
125, -1, 0
124, -1, 0
126, -1, 0
125, -2, 0
124, -1, 0
124, -1, 0
124, -1, 0
125, -1, 0
125, -1, 1
125, -1, 0
125, -1, 0
125, -1, 0
125, -1, 0
125, -1, 0
125, -1, 0
125, -1, 0
125, -1, 0
125, -1, 0
125, -1, 0
125, -1, 0
125, -2, 0
248, -1, 0
127, -2, 0
251, -2, 0
248, -2, 0
126, -1, 0
125, -1, 0
127, -1, 0
123, -1, 0
125, -1, 0
125, -1, 0
125, -1, 1
247, -2, 0
250, -2, 0
128, -1, 0
125, -1, 0
247, -2, 0
250, -2, 0
128, -1, 0
277, -1, 0
110, -1, 0
114, -1, 0
124, -1, 0
129, -1, 0
122, -1, 0
127, -1, 0
124, -1, 0
127, -1, 0
122, -1, 0
126, -1, 0
124, -1, 0
125, -1, 0
124, -1, 0
248, -1, 0
128, -1, 0
125, -1, 0
125, -1, 0
125, -1, 0
125, -1, 0
125, -1, 0
125, -1, 0
247, -1, 0
128, -1, 0
125, -1, 0
125, -1, 0
125, -1, 0
126, -1, 0
124, -1, 0
247, -2, 0
250, -1, 0
129, -1, 0
124, -1, 0
125, -1, 0
247, -1, 0
128, -1, 0
125, -1, 0
125, -1, 0
125, -1, 0
247, -1, 0
190, -1, 0
80, -1, 0
111, -1, 0
244, -1, 0
131, -1, 0
125, -1, 0
125, -1, 0
125, -1, 0
244, -1, 0
131, -1, 0
244, -1, 0
131, -1, 0
125, -1, 0
244, -1, 0
131, -1, 0
124, -1, 0
126, -1, 0
125, -1, 0
245, -1, 0
130, -1, 0
245, -1, 0
130, -1, 0
245, -1, -1
130, -1, 0
125, -1, 0
244, -1, 0
131, -1, 0
245, -1, 0
131, -1, 0
244, -1, 0
130, -1, 0
126, -1, 0
245, -1, 0
247, -1, -1
132, -1, 0
244, -1, 0
131, -1, 0
247, -1, 0
125, -1, 0
247, -1, 0
250, -1, 0
128, -1, 0
125, -1, 0
374, -1, -1
126, -1, 0
251, -1, 0
247, -1, 0
127, -1, 0
247, -1, 0
250, -1, 0
250, -1, 0
128, -1, 0
125, 0, -1
125, -1, 0
247, -1, 0
262, -1, 0
238, -1, 0
250, -1, 0
251, -1, 0
218, 0, -1
36, -1, 0
247, -1, 0
249, -1, 0
251, -1, 0
249, -1, 0
250, -1, 0
127, 0, -1
125, -1, 0
247, -1, 0
251, -1, 0
383, -1, 0
242, -1, 0
128, 0, -1
124, -1, 0
375, -1, 0
251, -1, 0
247, -1, 0
374, -1, -1
374, -1, 0
250, -1, 0
250, -1, 0
378, -1, 0
126, 0, -1
248, -1, 0
250, -1, 0
376, -1, 0
374, -1, -1
376, -1, 0
250, -1, 0
375, -1, 0
129, 0, -1
245, -1, 0
500, -1, 0
375, -1, 0
130, 0, -1
245, -1, 0
375, -1, 0
526, -1, -1
350, -1, 0
375, -1, 0
500, -1, -1
500, -1, 0
500, -1, -1
375, -1, 0
499, -1, 0
377, 0, -1
250, -1, 0
373, -1, 0
626, -1, -1
625, -1, 0
499, -1, 0
250, 0, -1
253, -1, 0
500, -1, 0
247, 0, -1
535, -1, 0
463, -1, 0
250, 0, -1
500, -1, 0
656, -1, 0
97, 0, -1
566, -1, 0
592, 0, -1
92, -1, 0
781, -1, 0
501, 0, -1
215, -1, 0
876, -1, 0
127, 0, -1
627, -1, 0
623, 0, -1
248, -1, 0
876, -1, 0
249, 0, -1
876, -1, 0
501, 0, -1
499, -1, 0
625, 0, -1
500, -1, 0
624, 0, -1
1001, -1, 0
128, 0, -1
1124, 0, -1
1187, 0, -1
569, -1, 0
246, 0, -1
877, 0, -1
870, 0, -1
999, 0, -1
750, 0, -1
250, 1, 0
625, 0, -1
874, 1, 0
128, 0, -1
873, 0, -1
127, 1, 0
754, 0, -1
122, 1, 0
747, 0, -1
249, 1, 0
626, 1, -1
759, 1, 0
244, 0, -1
501, 1, 0
501, 0, -1
126, 1, 0
624, 1, 0
125, 0, -1
373, 1, 0
499, 1, 0
251, 0, -1
251, 1, 0
499, 1, -1
500, 1, 0
375, 1, 0
250, 0, -1
250, 1, 0
375, 1, 0
461, 0, -1
166, 1, 0
139, 1, 0
483, 1, 0
127, 0, -1
248, 1, 0
375, 1, 0
250, 0, -1
127, 1, 0
248, 1, 0
376, 1, 0
126, 0, -1
125, 1, 0
374, 1, 0
250, 1, 0
375, 1, -1
249, 1, 0
376, 1, 0
249, 1, 0
249, 1, -1
251, 1, 0
250, 1, 0
375, 1, -1
127, 1, 0
374, 1, 0
127, 1, 0
248, 1, 0
250, 1, 0
127, 0, -1
125, 1, 0
246, 1, 0
251, 1, 0
251, 1, 0
249, 1, -1
249, 1, 0
129, 1, 0
246, 1, 0
250, 1, 0
128, 1, 0
125, 0, -1
125, 1, 0
249, 1, 0
249, 1, 0
128, 1, 0
248, 1, 0
126, 1, -1
249, 1, 0
249, 1, 0
128, 1, 0
247, 1, 0
128, 1, 0
124, 1, -1
249, 1, 0
127, 1, 0
249, 1, 0
249, 1, 0
127, 1, 0
124, 1, -1
248, 1, 0
128, 1, 0
125, 1, 0
248, 1, 0
128, 1, 0
130, 1, 0
119, 0, -1
125, 1, 0
124, 1, 0
248, 1, 0
128, 1, 0
125, 1, 0
248, 1, 0
127, 1, 0
125, 1, -1
125, 1, 0
248, 1, 0
127, 1, 0
125, 1, 0
126, 1, 0
124, 1, 0
249, 1, -1
125, 1, 0
126, 1, 0
249, 1, 0
126, 1, 0
136, 1, 0
114, 1, 0
125, 1, 0
125, 1, -1
247, 2, 0
250, 1, 0
128, 1, 0
125, 1, 0
125, 1, 0
248, 2, -1
249, 1, 0
127, 1, 0
125, 1, 0
125, 1, 0
125, 1, 0
125, 1, 0
125, 1, 0
125, 1, 0
140, 1, -1
111, 1, 0
249, 2, 0
249, 1, 0
127, 1, 0
125, 1, 0
125, 1, -1
125, 1, 0
124, 1, 0
125, 2, 0
249, 1, 0
126, 1, 0
125, 1, 0
125, 1, 0
125, 1, -1
126, 1, 0
190, 1, 0
63, 1, 0
123, 1, 0
127, 1, 0
121, 1, 0
125, 1, 0
133, 1, 0
118, 1, -1
125, 1, 0
125, 1, 0
124, 2, 0
249, 2, 0
127, 1, 0
124, 1, 0
125, 1, 0
125, 1, -1
125, 1, 0
124, 1, 0
126, 1, 0
125, 1, 0
125, 1, 0
125, 1, 0
125, 1, 0
125, 1, 0
125, 2, -1
125, 1, 0
125, 1, 0
125, 1, 0
125, 1, 0
125, 1, 0
124, 1, 0
126, 1, 0
125, 1, 0
125, 2, 0
125, 0, -1
126, 2, 0
129, 1, 0
120, 1, 0
127, 1, 0
123, 1, 0
125, 1, 0
125, 1, 0
125, 2, 0
248, 2, -1
127, 1, 0
125, 1, 0
125, 1, 0
125, 2, 0
125, 1, 0
125, 1, 0
125, 1, 0
124, 1, 0
126, 1, 0
126, 1, -1
123, 2, 0
125, 1, 0
124, 1, 0
125, 1, 0
125, 1, 0
126, 1, 0
125, 2, 0
125, 1, 0
125, 1, 0
125, 1, 0
125, 1, -1
125, 2, 0
125, 1, 0
124, 1, 0
128, 1, 0
123, 2, 0
124, 1, 0
125, 1, 0
126, 1, 0
125, 2, -1
125, 1, 0
125, 1, 0
125, 1, 0
125, 1, 0
125, 2, 0
126, 1, 0
124, 1, 0
125, 1, 0
126, 2, -1
124, 1, 0
126, 1, 0
124, 1, 0
125, 2, 0
282, 1, 0
222, 1, 0
122, 4, -1
124, 1, 0
126, 1, 0
125, 2, 0
124, 1, 0
138, 1, 0
112, 2, 0
126, 1, 0
125, 1, 0
125, 1, -1
126, 1, 0
126, 2, 0
124, 1, 0
127, 2, 0
121, 1, 0
129, 1, 0
124, 1, 0
124, 2, 0
124, 1, 0
123, 1, -1
126, 1, 0
125, 1, 0
125, 2, 0
125, 1, 0
125, 2, 0
126, 1, 0
125, 1, 0
124, 1, -1
125, 2, 0
125, 1, 0
125, 2, 0
125, 1, 0
126, 1, 0
124, 2, 0
125, 1, 0
128, 1, -1
122, 1, 0
125, 2, 0
125, 1, 0
125, 2, 0
126, 1, 0
124, 1, 0
126, 2, 0
124, 1, 0
125, 1, -1
126, 1, 0
124, 2, 0
125, 1, 0
125, 2, 0
125, 1, 0
125, 1, 0
125, 1, -1
126, 2, 0
126, 1, 0
125, 2, 0
123, 1, 0
125, 1, 0
125, 2, 0
125, 1, 0
125, 1, -1
125, 2, 0
125, 1, 0
125, 1, 0
125, 2, 0
126, 1, 0
124, 2, 0
125, 1, 0
125, 1, -1
127, 2, 0
127, 1, 0
126, 1, 0
141, 1, 0
109, 2, 0
128, 1, 0
139, 2, -1
119, 1, 0
117, 2, 0
120, 1, 0
126, 1, 0
126, 1, 0
125, 2, 0
124, 1, 0
124, 1, -1
129, 2, 0
134, 1, 0
120, 2, 0
118, 1, 0
128, 2, 0
121, 1, 0
125, 1, -1
126, 1, 0
124, 2, 0
126, 1, 0
125, 2, 0
124, 1, 0
126, 1, 0
124, 2, 0
125, 1, -1
125, 2, 0
125, 1, 0
125, 2, 0
125, 1, 0
125, 1, 0
124, 2, 0
125, 1, -1
133, 1, 0
120, 2, 0
123, 1, 0
125, 1, 0
129, 2, 0
122, 1, 0
124, 2, -1
124, 1, 0
126, 2, 0
125, 1, 0
125, 1, 0
125, 2, 0
125, 1, -1
125, 1, 0
124, 2, 0
126, 1, 0
124, 1, 0
124, 2, 0
125, 1, 0
123, 2, -1
126, 1, 0
125, 2, 0
125, 1, 0
124, 1, 0
305, 2, 0
203, 1, -1
118, 5, 0
124, 1, 0
124, 1, 0
125, 2, 0
125, 1, 0
125, 1, -1
125, 2, 0
125, 1, 0
125, 1, 0
125, 2, 0
125, 1, 0
125, 2, -1
125, 1, 0
125, 2, 0
125, 1, 0
125, 1, 0
125, 1, 0
125, 2, 0
125, 1, -1
125, 1, 0
125, 2, 0
125, 1, 0
125, 2, 0
125, 1, 0
125, 2, 0
124, 1, -1
126, 2, 0
125, 1, 0
125, 2, 0
125, 1, 0
124, 1, 0
125, 1, -1
125, 1, 0
126, 2, 0
125, 1, 0
125, 2, 0
125, 1, 0
125, 2, 0
125, 1, -1
124, 2, 0
125, 1, 0
145, 1, 0
110, 1, 0
127, 2, 0
124, 1, -1
122, 1, 0
124, 2, 0
126, 1, 0
125, 2, 0
126, 1, 0
126, 2, 0
123, 1, -1
124, 2, 0
126, 1, 0
127, 1, 0
132, 1, 0
122, 2, 0
121, 1, 0
125, 1, -1
126, 2, 0
124, 1, 0
125, 2, 0
135, 1, 0
123, 2, 0
118, 1, 0
124, 1, 0
125, 1, -1
125, 2, 0
125, 1, 0
125, 1, 0
125, 2, 0
125, 1, 0
125, 2, -1
125, 1, 0
125, 1, 0
125, 1, 0
125, 2, 0
124, 1, 0
126, 2, 0
126, 1, -1
124, 1, 0
125, 2, 0
125, 1, 0
125, 1, 0
125, 1, 0
125, 2, -1
125, 1, 0
126, 2, 0
128, 1, 0
120, 2, 0
124, 1, 0
125, 1, -1
123, 2, 0
125, 1, 0
124, 1, 0
126, 1, 0
124, 2, 0
125, 1, 0
125, 2, -1
125, 1, 0
125, 1, 0
125, 1, 0
125, 2, 0
125, 1, -1
125, 1, 0
125, 2, 0
126, 1, 0
124, 2, 0
125, 1, 0
125, 1, 0
125, 1, -1
125, 2, 0
126, 1, 0
124, 2, 0
125, 1, 0
125, 1, 0
125, 1, 0
125, 2, -1
125, 1, 0
125, 1, 0
125, 2, 0
125, 1, 0
126, 2, 0
124, 1, -1
125, 1, 0
126, 1, 0
126, 2, 0
123, 1, 0
125, 1, 0
125, 2, -1
220, 1, 0
32, 1, 0
125, 1, 0
124, 2, 0
123, 1, 0
126, 2, 0
125, 1, -1
125, 1, 0
125, 2, 0
124, 1, 0
125, 1, 0
127, 1, 0
124, 2, 0
125, 1, -1
124, 1, 0
126, 1, 0
125, 2, 0
124, 1, 0
126, 2, 0
124, 1, 0
125, 1, -1
125, 1, 0
125, 1, 0
125, 2, 0
126, 1, 0
126, 1, 0
123, 1, -1
126, 2, 0
124, 1, 0
126, 2, 0
124, 1, 0
126, 1, 0
125, 1, -1
125, 2, 0
125, 1, 0
124, 1, 0
126, 1, 0
124, 1, 0
125, 2, 0
125, 1, 0
125, 2, -1
126, 1, 0
124, 1, 0
126, 1, 0
125, 2, 0
125, 1, 0
125, 1, 0
125, 1, -1
125, 1, 0
125, 2, 0
125, 1, 0
125, 1, 0
124, 1, 0
126, 2, 0
125, 1, 0
126, 1, -1
126, 1, 0
123, 2, 0
125, 1, 0
125, 1, 0
125, 1, 0
125, 1, -1
125, 2, 0
128, 1, 0
122, 1, 0
125, 1, 0
127, 1, 0
127, 2, 0
129, 1, -1
141, 1, 0
118, 2, 0
234, 1, 0
132, 2, 0
126, 1, 0
121, 1, 0
126, 1, -1
124, 2, 0
127, 1, 0
123, 1, 0
124, 1, 0
126, 2, 0
124, 1, 0
126, 1, 0
124, 1, -1
125, 1, 0
126, 1, 0
125, 1, 0
124, 2, 0
129, 1, 0
122, 1, 0
125, 1, 0
125, 2, -1
244, 2, 0
131, 1, 0
125, 1, 0
125, 1, 0
125, 1, 0
124, 2, 0
126, 0, -1
124, 2, 0
125, 1, 0
125, 1, 0
125, 1, 0
125, 2, 0
245, 2, 0
130, 1, 0
126, 1, -1
126, 1, 0
125, 1, 0
125, 1, 0
124, 1, 0
125, 2, 0
125, 1, 0
125, 1, -1
125, 1, 0
124, 1, 0
124, 1, 0
124, 1, 0
125, 2, 0
125, 1, 0
125, 1, 0
125, 1, 0
125, 1, -1
125, 1, 0
125, 1, 0
127, 1, 0
125, 1, 0
124, 1, 0
124, 1, 0
127, 2, 0
277, 2, -1
108, 1, 0
113, 1, 0
125, 1, 0
124, 1, 0
126, 1, 0
125, 1, 0
124, 1, 0
126, 2, -1
247, 1, 0
127, 2, 0
248, 2, 0
127, 1, 0
126, 1, 0
125, 1, 0
124, 1, -1
125, 1, 0
125, 1, 0
125, 1, 0
125, 1, 0
126, 1, 0
124, 1, 0
125, 1, 0
126, 1, -1
124, 1, 0
125, 1, 0
126, 1, 0
126, 1, 0
124, 1, 0
125, 1, 0
125, 1, 0
125, 1, 0
125, 1, -1
124, 1, 0
126, 1, 0
124, 1, 0
126, 1, 0
124, 1, 0
126, 1, 0
125, 1, 0
125, 1, 0
125, 1, 0
125, 1, 0
125, 1, 0
125, 1, -1
125, 1, 0
158, 1, 0
110, 1, 0
113, 1, 0
122, 1, 0
125, 1, 0
124, 1, 0
125, 1, 0
124, 1, 0
125, 1, -1
125, 1, 0
245, 2, 0
250, 2, 0
250, 1, 0
130, 1, -1
125, 1, 0
125, 1, 0
125, 1, 0
125, 1, 0
125, 1, 0
125, 1, 0
244, 1, 0
131, 1, 0
125, 1, 0
125, 1, -1
125, 1, 0
125, 1, 0
125, 1, 0
125, 1, 0
125, 1, 0
245, 1, 0
130, 1, 0
125, 1, 0
125, 1, 0
125, 1, -1
125, 1, 0
244, 1, 0
131, 1, 0
125, 1, 0
125, 1, 0
125, 1, 0
125, 1, 0
244, 1, 0
131, 1, 0
125, 1, -1
125, 1, 0
245, 1, 0
127, 1, 0
125, 1, 0
125, 1, 0
247, 1, 0
128, 1, 0
125, 1, 0
126, 1, -1
247, 1, 0
128, 1, 0
126, 1, 0
246, 1, 0
127, 1, 0
126, 1, 0
246, 1, 0
127, 1, 0
126, 1, -1
247, 1, 0
127, 1, 0
248, 1, 0
128, 1, 0
124, 1, 0
247, 1, 0
129, 1, 0
304, 1, 0
70, 1, 0
249, 1, -1
127, 1, 0
247, 1, 0
128, 1, 0
247, 1, 0
128, 1, 0
247, 1, 0
127, 1, 0
248, 1, 0
127, 0, -1
125, 1, 0
125, 1, 0
247, 1, 0
251, 1, 0
128, 1, 0
247, 1, 0
250, 1, 0
127, 1, 0
248, 1, -1
250, 1, 0
249, 1, 0
251, 1, 0
128, 1, 0
372, 1, 0
127, 1, 0
249, 1, 0
374, 1, 0
250, 1, 0
127, 1, 0
248, 0, -1
128, 1, 0
250, 1, 0
247, 1, 0
250, 1, 0
250, 1, 0
374, 1, 0
253, 1, 0
374, 1, 0
374, 1, 0
375, 1, -1
250, 1, 0
375, 1, 0
377, 1, 0
373, 1, 0
500, 1, 0
250, 1, 0
625, 1, 0
375, 1, 0
625, 1, 0
501, 1, 0
663, 1, 0
747, 1, 0
839, 1, -1
1377, 1, 0
2290, 1, 0
9007, -1, 0
2827, -1, 0
1042, 0, -1
332, -1, 0
1126, -1, 0
874, -1, 0
912, -1, 0
713, -1, -1
750, -1, 0
817, -1, 0
472, -1, 0
613, -1, 0
637, -1, 0
336, -1, 0
691, -1, 0
61, 0, -1
247, -1, 0
665, -1, 0
335, -1, 0
542, -1, 0
333, -1, 0
376, -1, 0
499, -1, 0
250, -1, 0
376, -1, 0
537, -1, 0
212, -1, 0
415, -1, 0
495, -1, 0
215, -1, 0
250, -1, 0
410, -1, 0
341, -1, 0
249, -1, 0
376, -1, 0
249, -1, 0
250, -1, 0
413, -1, 0
212, -1, 0
250, -1, 0
250, -1, 0
414, -1, 0
273, -1, 0
189, -1, 0
249, -1, 0
250, -1, 0
250, -1, 0
250, -1, 0
250, -1, 0
250, -1, 0
250, -1, 0
250, -1, 0
250, -1, 0
250, -1, 0
250, -1, 0
250, -1, 0
250, -1, 0
128, -1, 0
125, 0, 1
125, -1, 0
247, -1, 0
128, -1, 0
247, -1, 0
250, -1, 0
250, -1, 0
250, -1, 0
128, -1, 0
247, -1, 0
250, -1, 0
128, -1, 0
125, -1, 1
373, -1, 0
128, -1, 0
246, -1, 0
128, -1, 0
247, -1, 0
128, -1, 0
131, -1, 0
241, -1, 0
250, -1, 1
128, -1, 0
247, -1, 0
128, -1, 0
247, -1, 0
128, -1, 0
247, -1, 0
128, -1, 0
125, -1, 0
247, -1, 0
128, -1, 1
247, -1, 0
128, -1, 0
125, -1, 0
247, -1, 0
128, -1, 0
125, -1, 0
247, -1, 1
128, -1, 0
247, -1, 0
127, -1, 0
125, -1, 0
248, -1, 0
127, -1, 0
126, -1, 0
247, -1, 0
127, -1, 0
126, -1, 1
125, -1, 0
247, -1, 0
127, -1, 0
126, -1, 0
124, -1, 0
125, -1, 0
126, 0, 1
125, -1, 0
125, -1, 0
248, -1, 0
127, -1, 0
124, -1, 0
125, -1, 0
125, -1, 0
126, -1, 0
125, -1, 1
246, -1, 0
128, -1, 0
126, -1, 0
124, -1, 0
248, -1, 0
128, -1, 1
129, -1, 0
123, -1, 0
125, -1, 0
125, -1, 0
125, -1, 0
249, -1, 0
139, -1, 0
113, -1, 1
124, -1, 0
125, -1, 0
125, -1, 0
247, -1, 0
128, -1, 0
125, -1, 0
125, -1, 0
125, -1, 1
125, -1, 0
125, -1, 0
125, -1, 0
247, -2, 0
251, -1, 0
127, -1, 1
125, -1, 0
125, -1, 0
125, -1, 0
125, -1, 0
125, -1, 0
127, -1, 0
123, -1, 1
124, -1, 0
126, -1, 0
124, -1, 0
125, -1, 0
125, -1, 0
125, -1, 0
125, -1, 0
125, 0, 1
125, -2, 0
125, -1, 0
126, -1, 0
124, -1, 0
247, -1, 0
128, -1, 0
125, -1, 1
125, -1, 0
125, -1, 0
125, -1, 0
125, -1, 0
125, -1, 0
125, -1, 0
125, -1, 1
125, -1, 0
125, -1, 0
125, -1, 0
125, -1, 0
125, -1, 0
125, -1, 1
125, -1, 0
125, -1, 0
125, -1, 0
126, -2, 0
245, -1, 0
127, -1, 1
125, -1, 0
125, -2, 0
125, -1, 0
125, -1, 0
125, -1, 0
125, -1, 0
125, -1, 1
125, -1, 0
125, -1, 0
125, -1, 0
125, -1, 0
125, -1, 0
125, -1, 0
125, -1, 0
125, -1, 1
125, -1, 0
127, -2, 0
246, -2, 0
128, -1, 1
124, -1, 0
125, -1, 0
125, -1, 0
124, -1, 0
126, -1, 0
125, -1, 1
126, -1, 0
124, -2, 0
247, -2, 0
128, -1, 0
125, -1, 1
125, -1, 0
125, -1, 0
125, -1, 0
125, -1, 0
125, -1, 0
125, -1, 0
125, -2, 0
125, -1, 1
125, -1, 0
125, -1, 0
125, -1, 0
125, -1, 0
125, -2, 0
125, -1, 1
125, -1, 0
125, -1, 0
125, -1, 0
125, -1, 0
125, -1, 0
125, -2, 1
125, -1, 0
125, -1, 0
125, -1, 0
125, -2, 0
125, -1, 0
247, -2, 1
128, -1, 0
125, -1, 0
125, -1, 0
125, -2, 0
125, -1, 0
125, -1, 1
125, -1, 0
125, -2, 0
247, -2, 0
262, -1, 0
243, -1, 1
123, -4, 0
125, -1, 0
125, -1, 0
125, -1, 1
126, -2, 0
124, -1, 0
125, -1, 0
125, -1, 0
125, -1, 1
125, -1, 0
125, -2, 0
125, -1, 0
128, -1, 0
122, -2, 0
125, -1, 0
125, -1, 1
125, -1, 0
125, -1, 0
125, -2, 0
247, -2, 1
128, -1, 0
125, -2, 0
125, -1, 0
125, -1, 0
125, -1, 1
125, -2, 0
125, -1, 0
125, -1, 0
125, -1, 0
125, -2, 0
125, -1, 1
125, -1, 0
125, -1, 0
125, -1, 0
125, -2, 0
125, -1, 1
125, -1, 0
125, -1, 0
125, -2, 0
125, -1, 0
125, -2, 0
125, -1, 1
125, -1, 0
125, -1, 0
125, -1, 0
125, -2, 1
125, -1, 0
125, -2, 0
125, -1, 0
125, -1, 0
125, -1, 0
125, -2, 0
125, -1, 1
125, -1, 0
125, -2, 0
125, -1, 0
125, -1, 0
125, -1, 0
125, -2, 1
125, -1, 0
125, -1, 0
125, -2, 0
125, -1, 1
125, -1, 0
125, -2, 0
125, -1, 0
125, -1, 0
125, -2, 0
125, -1, 1
125, -2, 0
247, -2, 0
128, -1, 0
125, -2, 1
125, -1, 0
125, -2, 0
125, -1, 0
125, -1, 0
126, -1, 1
124, -1, 0
125, -2, 0
125, -1, 0
125, -2, 1
125, -1, 0
125, -2, 0
124, -1, 0
125, -1, 0
126, -1, 0
125, -2, 1
124, -1, 0
126, -1, 0
124, -2, 0
126, -1, 0
125, -1, 1
125, -2, 0
125, -1, 0
125, -1, 0
124, -2, 0
125, -1, 0
126, -2, 1
125, -1, 0
125, -1, 0
125, -1, 0
125, -2, 0
125, -1, 1
127, -2, 0
122, -1, 0
125, -1, 0
125, -2, 0
125, -1, 0
126, -2, 1
125, -1, 0
124, -1, 0
126, -2, 0
125, -1, 1
135, -1, 0
115, -2, 0
125, -1, 0
124, -1, 0
126, -2, 0
125, -1, 1
124, -2, 0
126, -1, 0
124, -1, 0
125, -2, 0
125, -1, 1
125, -1, 0
125, -1, 0
296, -2, 0
205, -1, 0
125, -5, 1
124, -1, 0
126, -1, 1
124, -2, 0
125, -1, 0
127, -1, 0
124, -2, 0
125, -1, 0
125, -1, 1
125, -2, 0
125, -1, 0
125, -2, 0
125, -1, 0
126, -2, 1
126, -1, 0
125, -1, 0
124, -1, 0
130, -2, 0
123, -1, 1
134, -2, 0
116, -1, 0
123, -1, 0
124, -2, 0
126, -1, 0
125, -2, 1
125, -1, 0
125, -2, 0
124, -1, 0
125, -1, 0
125, -2, 0
126, -1, 1
124, -1, 0
126, -1, 0
124, -2, 0
126, -1, 1
124, -2, 0
125, -1, 0
125, -2, 0
125, -1, 0
125, -2, 0
126, -1, 1
124, -1, 0
126, -1, 0
124, -2, 0
125, -1, 1
125, -1, 0
125, -2, 0
126, -1, 0
124, -2, 0
125, -1, 0
125, -2, 1
125, -1, 0
125, -1, 0
126, -2, 0
124, -1, 0
125, -1, 1
125, -1, 0
125, -2, 0
125, -1, 0
125, -2, 0
125, -1, 0
125, -2, 1
125, -1, 0
125, -2, 0
125, -1, 0
125, -1, 0
125, -2, 1
125, -1, 0
125, -2, 0
125, -1, 0
125, -1, 0
125, -1, 0
126, -2, 1
124, -1, 0
126, -2, 0
124, -1, 0
126, -1, 0
124, -2, 1
125, -1, 0
125, -2, 0
126, -1, 0
124, -1, 0
125, -1, 0
125, -2, 0
125, -1, 1
125, -2, 0
125, -1, 0
125, -1, 0
125, -2, 0
125, -1, 0
125, -2, 1
126, -1, 0
125, -2, 0
124, -1, 0
126, -1, 1
124, -1, 0
125, -2, 0
126, -1, 0
126, -2, 0
123, -1, 0
125, -1, 1
125, -2, 0
125, -1, 0
125, -1, 0
125, -2, 0
125, -1, 0
126, -1, 1
125, -2, 0
124, -1, 0
125, -2, 0
125, -1, 0
125, -1, 1
126, -2, 0
125, -1, 0
124, -1, 0
125, -2, 0
125, -1, 0
126, -1, 1
124, -2, 0
125, -1, 0
125, -2, 0
125, -1, 0
125, -1, 0
125, -2, 0
125, -1, 1
125, -1, 0
125, -1, 0
125, -2, 0
125, -1, 0
125, -2, 1
220, -1, 0
33, -1, 0
123, -2, 0
124, -1, 0
125, -1, 0
127, -1, 0
123, -2, 1
126, -1, 0
127, -2, 0
122, -1, 0
125, -1, 0
125, -1, 0
124, -2, 1
126, -1, 0
125, -1, 0
125, -2, 0
125, -1, 0
125, -1, 0
125, -1, 1
126, -2, 0
124, -1, 0
125, -1, 0
125, -1, 0
125, -2, 0
125, -1, 1
125, -2, 0
125, -1, 0
125, -1, 0
126, -1, 0
132, -1, 0
118, -2, 0
124, -1, 0
125, -1, 1
125, -1, 0
125, -2, 0
125, -1, 0
125, -2, 0
329, -2, 1
46, -1, 0
125, -1, 0
125, -2, 0
125, -1, 0
125, -1, 0
125, -1, 0
125, -2, 1
128, -1, 0
122, -1, 0
125, -1, 0
125, -2, 0
125, -1, 0
125, -1, 0
125, -1, 1
125, -1, 0
125, -2, 0
125, -1, 0
123, -1, 0
130, -1, 0
122, -2, 0
125, -1, 0
149, -1, 1
105, -1, 0
146, -2, 0
103, -1, 0
125, -1, 0
125, -1, 0
127, -1, 0
127, -2, 1
245, -2, 0
126, -1, 0
124, -1, 0
126, -1, 0
125, -2, 0
125, -1, 0
125, -1, 1
125, -1, 0
125, -1, 0
126, -2, 0
243, -2, 0
137, -1, 0
119, -1, 0
125, -1, 0
125, -1, 1
125, -1, 0
125, -2, 0
124, -1, 0
128, -1, 0
161, -1, 0
89, -1, 0
127, -1, 0
121, -1, 0
125, -2, 1
125, -1, 0
125, -1, 0
126, -1, 0
127, -1, 0
123, -1, 0
124, -1, 0
125, -1, 0
125, -1, 0
126, -2, 1
124, -1, 0
126, -1, 0
124, -1, 0
125, -1, 0
125, -1, 0
125, -1, 0
126, -1, 0
124, -1, 0
123, -1, 1
125, -1, 0
124, -1, 0
129, -1, 0
122, -2, 0
125, -1, 0
125, -1, 0
125, -1, 0
124, -1, 0
126, -1, 0
125, -1, 0
125, -1, 0
124, -1, 1
125, -1, 0
125, -1, 0
139, -1, 0
111, -1, 0
125, -1, 0
125, -1, 0
126, -1, 0
124, -1, 0
125, -1, 0
277, -1, 0
225, -1, 0
123, -3, 1
126, -1, 0
124, -1, 0
125, -1, 0
125, -1, 0
125, -1, 0
125, -1, 0
125, -1, 0
125, -1, 0
125, -1, 0
248, -1, 1
127, -1, 0
125, -1, 0
125, -1, 0
125, -1, 0
125, -1, 0
125, -1, 0
125, -1, 0
125, -1, 0
125, -1, 0
125, -1, 0
125, -1, 0
248, -2, 0
250, -1, 1
127, -1, 0
129, -1, 0
121, -1, 0
125, -1, 0
125, -1, 0
125, -1, 0
248, -1, 0
127, -1, 0
125, -1, 0
125, -1, 0
247, -1, 0
128, -1, 0
125, -1, 0
125, -1, 0
125, -1, 0
125, 0, 1
125, -1, 0
125, -1, 0
125, -1, 0
125, -1, 0
247, -1, 0
128, -1, 0
125, -1, 0
247, -1, 0
128, -1, 0
125, -1, 0
124, -1, 0
248, -1, 0
128, -1, 0
125, -1, 0
247, -1, 0
127, -1, 0
125, -1, 0
249, -1, 1
127, -1, 0
247, -1, 0
130, -1, 0
246, -1, 0
148, -1, 0
226, -1, 0
131, -1, 0
125, -1, 0
244, -1, 0
250, -1, 0
131, -1, 0
244, -1, 0
131, -1, 0
244, -1, 0
131, -1, 0
245, -1, 0
249, -1, 0
131, -1, 0
244, -1, 0
250, -1, 0
250, -1, 0
131, -1, 0
244, -1, 0
250, -1, 0
251, -1, 0
249, -1, 0
131, -1, 0
245, -1, 0
250, -1, 0
250, -1, 0
251, -1, 0
248, -1, 0
249, -1, 0
251, -1, 0
251, -1, 0
568, -1, 0
186, -1, 0
123, -1, 0
247, -1, 0
376, -1, 0
249, -1, 0
376, -1, 0
375, -1, 0
249, -1, 0
375, -1, 0
376, -1, 0
374, -1, 0
252, -1, 0
499, -1, 0
374, -1, 0
375, -1, 0
375, -1, 0
626, -1, 0
501, -1, 0
498, -1, 0
411, 0, -1
212, -1, 0
756, -1, 0
620, -1, 0
874, -1, 0
411, 0, -1
590, -1, 0
908, -1, 0
1750, -1, 0
97, 0, -1
1915, -1, 0
4956, 0, -1
6179, 1, 0
1118, 0, -1
470, 1, 0
871, 1, 0
877, 1, 0
375, 0, -1
372, 1, 0
750, 1, 0
658, 1, 0
217, 0, -1
265, 1, 0
522, 1, 0
481, 1, 0
488, 1, -1
391, 1, 0
370, 1, 0
470, 1, 0
406, 1, -1
343, 1, 0
250, 1, 0
536, 1, 0
214, 1, 0
250, 1, -1
411, 1, 0
214, 1, 0
414, 1, 0
212, 1, 0
249, 1, -1
250, 1, 0
375, 1, 0
250, 1, 0
250, 1, 0
250, 1, 0
128, 0, -1
125, 1, 0
247, 1, 0
250, 1, 0
250, 1, 0
128, 1, 0
247, 1, 0
250, 1, -1
251, 1, 0
248, 1, 0
135, 1, 0
246, 1, 0
245, 1, 0
143, 1, 0
110, 0, -1
124, 1, 0
126, 1, 0
247, 1, 0
250, 1, 0
129, 1, 0
247, 1, 0
127, 1, 0
247, 1, -1
128, 1, 0
247, 1, 0
250, 1, 0
128, 1, 0
126, 1, 0
246, 1, 0
128, 1, 0
125, 0, -1
125, 1, 0
125, 1, 0
125, 1, 0
247, 1, 0
128, 1, 0
247, 1, 0
128, 1, 0
124, 1, -1
126, 1, 0
125, 1, 0
248, 1, 0
127, 1, 0
128, 1, 0
245, 1, 0
131, 1, 0
122, 1, 0
125, 1, 0
124, 0, -1
125, 1, 0
124, 1, 0
127, 1, 0
124, 1, 0
125, 1, 0
125, 1, 0
125, 1, 0
429, 1, 0
197, 1, 0
125, 3, -1
124, 1, 0
246, 1, 0
129, 1, 0
124, 1, 0
125, 1, 0
126, 1, -1
124, 1, 0
126, 1, 0
125, 1, 0
247, 2, 0
250, 1, 0
127, 1, 0
146, 1, 0
110, 1, 0
124, 1, -1
139, 1, 0
111, 1, 0
127, 1, 0
122, 1, 0
125, 1, 0
125, 1, 0
125, 1, 0
125, 1, 0
126, 1, 0
124, 1, -1
126, 1, 0
124, 1, 0
125, 1, 0
126, 1, 0
124, 1, 0
125, 1, 0
125, 1, 0
125, 1, 0
125, 1, 0
125, 1, 0
125, 1, -1
126, 2, 0
243, 2, 0
132, 1, 0
243, 2, 0
131, 1, 0
124, 1, 0
126, 1, 0
125, 1, -1
124, 1, 0
127, 1, 0
123, 1, 0
126, 2, 0
125, 1, 0
125, 1, 0
124, 1, 0
126, 1, 0
124, 1, -1
126, 1, 0
124, 1, 0
125, 1, 0
126, 2, 0
125, 1, 0
124, 1, 0
125, 1, 0
125, 1, 0
125, 1, 0
123, 1, 0
125, 2, -1
125, 1, 0
125, 1, 0
125, 1, 0
125, 2, 0
247, 2, 0
128, 1, 0
125, 1, 0
125, 1, 0
125, 2, -1
125, 1, 0
125, 1, 0
125, 1, 0
125, 1, 0
125, 2, 0
125, 1, 0
125, 1, 0
125, 1, 0
125, 2, 0
125, 1, 0
125, 1, -1
124, 1, 0
126, 1, 0
125, 2, 0
125, 1, 0
125, 1, 0
125, 1, 0
125, 2, 0
125, 1, 0
125, 1, -1
125, 2, 0
125, 1, 0
125, 1, 0
125, 2, 0
125, 1, 0
125, 1, 0
125, 1, 0
125, 1, 0
125, 2, -1
125, 1, 0
125, 2, 0
125, 1, 0
125, 1, 0
125, 1, 0
125, 2, 0
125, 1, 0
124, 1, 0
126, 2, -1
125, 1, 0
125, 1, 0
125, 1, 0
125, 2, 0
125, 1, 0
125, 2, 0
125, 1, 0
125, 1, -1
124, 2, 0
126, 1, 0
125, 2, 0
125, 1, 0
213, 1, 0
38, 1, 0
124, 2, 0
125, 1, 0
125, 2, -1
125, 1, 0
125, 2, 0
125, 1, 0
124, 1, 0
125, 2, 0
125, 1, 0
125, 1, 0
125, 2, -1
125, 1, 0
125, 1, 0
125, 2, 0
125, 1, 0
125, 2, 0
125, 1, 0
125, 2, -1
138, 1, 0
116, 2, 0
126, 1, 0
124, 1, 0
124, 2, 0
126, 1, 0
124, 2, 0
126, 1, -1
124, 2, 0
125, 1, 0
126, 2, 0
125, 1, 0
124, 1, 0
125, 2, 0
126, 1, 0
124, 1, -1
125, 2, 0
125, 1, 0
126, 2, 0
125, 2, 0
125, 1, 0
124, 1, -1
125, 2, 0
125, 1, 0
125, 2, 0
126, 1, 0
130, 2, 0
120, 1, 0
124, 2, -1
125, 1, 0
125, 2, 0
126, 1, 0
124, 2, 0
125, 1, 0
125, 2, 0
127, 1, -1
124, 2, 0
125, 1, 0
125, 1, 0
124, 2, 0
126, 1, 0
125, 2, -1
124, 1, 0
126, 2, 0
124, 1, 0
125, 2, 0
126, 1, 0
124, 2, 0
126, 1, -1
124, 2, 0
125, 1, 0
122, 1, 0
126, 2, 0
125, 1, 0
125, 2, -1
124, 1, 0
125, 2, 0
125, 1, 0
125, 2, 0
126, 2, 0
125, 1, 0
124, 2, 0
126, 1, -1
125, 2, 0
125, 1, 0
124, 2, 0
126, 1, 0
124, 2, 0
126, 1, 0
124, 2, -1
125, 1, 0
126, 2, 0
124, 1, 0
125, 2, 0
125, 1, 0
125, 1, -1
125, 2, 0
125, 2, 0
125, 1, 0
125, 2, 0
133, 2, 0
117, 1, 0
125, 2, -1
125, 1, 0
126, 2, 0
124, 1, 0
125, 1, 0
125, 2, -1
125, 1, 0
125, 2, 0
125, 1, 0
125, 2, 0
126, 2, -1
124, 1, 0
126, 2, 0
125, 2, 0
124, 1, 0
125, 2, 0
128, 1, -1
122, 1, 0
125, 2, 0
125, 1, 0
125, 2, 0
125, 2, 0
125, 1, -1
125, 2, 0
125, 2, 0
125, 1, 0
125, 2, 0
126, 1, 0
124, 1, -1
125, 2, 0
125, 1, 0
248, 2, 0
253, 1, 0
125, 5, -1
124, 1, 0
125, 2, 0
125, 2, -1
125, 2, 0
125, 1, 0
125, 1, 0
125, 2, 0
125, 1, 0
125, 2, -1
125, 1, 0
125, 2, 0
125, 2, 0
143, 1, 0
107, 2, -1
125, 1, 0
125, 2, 0
125, 2, 0
125, 1, 0
125, 1, 0
125, 2, -1
125, 1, 0
125, 2, 0
125, 1, 0
125, 2, 0
124, 2, 0
126, 1, -1
181, 2, 0
88, 2, 0
109, 1, 0
125, 2, 0
124, 1, -1
125, 1, 0
132, 2, 0
119, 1, 0
124, 2, 0
125, 1, 0
126, 2, -1
128, 1, 0
132, 2, 0
118, 2, 0
124, 1, 0
125, 2, -1
126, 2, 0
125, 1, 0
132, 1, 0
116, 2, 0
125, 1, -1
124, 2, 0
125, 1, 0
125, 2, 0
125, 2, 0
126, 1, -1
128, 2, 0
121, 1, 0
125, 2, 0
125, 1, 0
125, 2, 0
125, 1, -1
126, 2, 0
124, 1, 0
124, 2, 0
125, 1, 0
126, 2, -1
125, 1, 0
125, 2, 0
125, 2, 0
125, 1, 0
125, 2, 0
125, 1, -1
125, 2, 0
125, 1, 0
124, 2, 0
126, 1, 0
125, 2, -1
125, 1, 0
125, 2, 0
125, 1, 0
141, 2, 0
107, 1, -1
124, 2, 0
126, 1, 0
124, 2, 0
125, 2, 0
125, 1, -1
125, 2, 0
125, 1, 0
125, 2, 0
125, 1, 0
125, 2, -1
125, 1, 0
125, 2, 0
125, 1, 0
126, 1, 0
125, 2, -1
124, 1, 0
125, 2, 0
125, 1, 0
125, 2, 0
125, 1, 0
125, 2, -1
125, 2, 0
125, 1, 0
125, 2, 0
125, 1, -1
125, 2, 0
125, 1, 0
125, 2, 0
125, 1, 0
125, 2, -1
124, 1, 0
126, 2, 0
125, 1, 0
126, 2, 0
123, 1, -1
126, 2, 0
125, 1, 0
125, 1, 0
125, 2, 0
126, 1, -1
124, 2, 0
125, 1, 0
125, 2, 0
125, 1, 0
125, 2, -1
125, 1, 0
125, 2, 0
125, 1, 0
125, 1, 0
298, 2, -1
204, 1, 0
123, 5, 0
125, 1, -1
125, 2, 0
125, 1, 0
125, 2, 0
125, 1, 0
125, 2, -1
125, 1, 0
125, 1, 0
124, 2, 0
126, 1, 0
125, 2, -1
125, 1, 0
125, 2, 0
125, 1, 0
125, 2, 0
125, 1, -1
124, 2, 0
126, 1, 0
125, 1, 0
125, 2, 0
125, 1, -1
124, 2, 0
126, 1, 0
125, 2, 0
124, 1, 0
126, 2, -1
125, 1, 0
124, 1, 0
164, 2, 0
92, 1, 0
135, 2, -1
147, 1, 0
93, 2, 0
124, 1, 0
132, 1, 0
118, 1, -1
127, 2, 0
123, 1, 0
124, 2, 0
125, 1, 0
125, 2, 0
125, 1, -1
125, 1, 0
125, 2, 0
125, 1, 0
125, 2, -1
125, 1, 0
125, 1, 0
126, 2, 0
124, 1, 0
125, 1, 0
125, 2, -1
126, 1, 0
124, 2, 0
125, 1, 0
124, 1, 0
126, 2, -1
125, 1, 0
125, 1, 0
125, 2, 0
125, 1, 0
125, 1, -1
125, 2, 0
125, 1, 0
125, 2, 0
135, 1, 0
118, 1, -1
124, 1, 0
128, 1, 0
121, 2, 0
124, 1, 0
125, 2, -1
125, 1, 0
125, 2, 0
125, 1, 0
125, 1, 0
125, 1, 0
125, 2, -1
126, 1, 0
122, 1, 0
125, 2, 0
124, 1, 0
125, 1, -1
126, 1, 0
125, 2, 0
125, 1, 0
124, 2, 0
125, 1, -1
125, 1, 0
125, 1, 0
125, 2, 0
126, 1, 0
124, 1, -1
127, 2, 0
124, 1, 0
124, 1, 0
125, 1, 0
125, 2, 0
125, 1, -1
125, 1, 0
126, 1, 0
124, 2, 0
125, 1, 0
125, 2, -1
125, 1, 0
126, 1, 0
124, 1, 0
125, 1, 0
126, 2, 0
124, 1, 0
126, 1, -1
125, 1, 0
125, 2, 0
124, 1, 0
125, 1, -1
125, 1, 0
126, 1, 0
124, 2, 0
125, 1, 0
125, 1, 0
125, 1, 0
125, 2, -1
125, 1, 0
125, 1, 0
126, 1, 0
124, 2, -1
125, 1, 0
247, 2, 0
219, 1, 0
37, 2, 0
262, 2, -1
109, 1, 0
125, 1, 0
125, 1, 0
125, 2, 0
125, 1, 0
125, 1, 0
125, 1, -1
125, 1, 0
125, 1, 0
125, 1, 0
125, 2, 0
125, 1, -1
126, 1, 0
124, 1, 0
125, 1, 0
125, 1, 0
125, 2, 0
125, 1, -1
125, 1, 0
125, 1, 0
125, 1, 0
125, 1, 0
125, 1, 0
125, 2, -1
125, 1, 0
126, 1, 0
124, 1, 0
125, 1, 0
125, 1, 0
125, 1, -1
125, 1, 0
160, 1, 0
105, 2, 0
115, 1, 0
131, 1, 0
118, 1, -1
125, 1, 0
125, 1, 0
125, 1, 0
125, 1, 0
125, 1, -1
126, 1, 0
125, 1, 0
125, 1, 0
126, 1, 0
125, 1, 0
135, 1, -1
116, 1, 0
123, 1, 0
125, 2, 0
243, 2, 0
135, 0, -1
122, 2, 0
124, 1, 0
244, 2, 0
250, 2, 0
132, 0, -1
124, 2, 0
244, 2, 0
250, 1, 0
131, 1, -1
125, 1, 0
125, 1, 0
125, 1, 0
124, 1, 0
126, 1, 0
125, 1, -1
125, 1, 0
125, 1, 0
125, 1, 0
124, 1, 0
125, 1, 0
126, 1, -1
244, 1, 0
131, 1, 0
125, 1, 0
121, 1, 0
126, 1, 0
125, 1, 0
125, 1, -1
125, 1, 0
124, 1, 0
126, 1, 0
247, 1, 0
128, 1, -1
125, 1, 0
125, 1, 0
247, 1, 0
128, 1, 0
124, 1, 0
126, 1, 0
124, 1, -1
126, 1, 0
247, 1, 0
129, 1, 0
124, 1, 0
248, 1, 0
127, 1, -1
125, 1, 0
247, 1, 0
128, 1, 0
125, 1, 0
125, 0, -1
125, 1, 0
127, 1, 0
124, 1, 0
249, 1, 0
125, 1, 0
125, 1, 0
247, 1, -1
128, 1, 0
247, 1, 0
128, 1, 0
125, 1, 0
411, 1, 0
215, 1, -1
124, 1, 0
125, 1, 0
124, 1, 0
125, 1, 0
248, 1, 0
128, 0, -1
124, 1, 0
248, 1, 0
128, 1, 0
247, 1, 0
250, 1, -1
250, 1, 0
128, 1, 0
247, 1, 0
249, 1, 0
250, 1, 0
250, 1, -1
251, 1, 0
250, 1, 0
250, 1, 0
403, 1, -1
221, 1, 0
250, 1, 0
251, 1, 0
375, 1, 0
258, 1, 0
242, 0, -1
135, 1, 0
366, 1, 0
449, 1, 0
300, 1, 0
405, 1, 0
345, 0, -1
131, 1, 0
495, 1, 0
667, 1, 0
616, 1, -1
751, 1, 0
1216, 1, 0
7429, -1, 0
195, 0, -1
1408, -1, 0
1093, -1, 0
1251, -1, 0
554, 0, -1
194, -1, 0
789, -1, 0
740, -1, 0
633, -1, 0
463, -1, 0
664, -1, 0
92, 0, -1
369, -1, 0
388, -1, 0
535, -1, 0
492, -1, 0
210, -1, 0
500, -1, 0
376, -1, 0
409, -1, 0
93, 0, -1
247, -1, 0
412, -1, 0
213, -1, 0
375, -1, 0
375, -1, 0
250, -1, 0
250, -1, 0
411, -1, 0
213, -1, 0
250, -1, 0
250, -1, 0
250, -1, 0
403, -1, 0
222, -1, 0
250, -1, 0
250, -1, 0
250, -1, 0
128, -1, 0
247, -1, 0
250, -1, 0
250, -1, 0
251, -1, 0
250, -1, 0
127, -1, 0
247, -1, 0
250, -1, 0
250, -1, 0
128, -1, 0
247, -1, 0
128, -1, 0
247, -1, 0
250, -1, 0
128, -1, 0
247, -1, 0
282, -1, 0
106, -1, 0
118, -1, 0
245, -1, 0
131, -1, 0
244, -1, 0
131, -1, 0
243, -1, 0
132, -1, 0
243, -1, 0
131, -1, 1
125, -1, 0
244, -1, 0
131, -1, 0
125, -1, 0
244, -1, 0
131, -1, 0
125, -1, 0
244, -1, 0
131, -1, 0
125, -1, 0
125, -1, 0
244, -1, 1
132, -1, 0
243, -1, 0
132, -1, 0
125, -1, 0
125, -1, 0
124, -1, 0
244, -1, 0
131, -1, 0
125, -1, 1
125, -1, 0
125, -1, 0
244, -1, 0
131, -1, 0
125, -1, 0
125, -1, 0
125, -1, 0
133, -1, 0
236, -1, 0
128, -1, 0
125, -1, 1
125, -1, 0
125, -1, 0
126, -1, 0
247, -2, 0
250, -1, 0
128, -1, 1
125, -1, 0
125, -1, 0
124, -1, 0
125, -1, 0
125, -1, 0
125, -1, 0
125, -1, 0
125, -1, 1
247, -2, 0
257, -2, 0
243, -2, 0
138, -1, 0
115, -1, 1
247, -1, 0
267, -1, 0
238, -1, 0
124, -3, 1
124, -1, 0
125, -2, 0
247, -1, 0
128, -1, 0
125, -2, 1
247, -1, 0
128, -2, 0
247, -2, 0
128, -1, 0
125, -1, 1
125, -1, 0
125, -1, 0
125, -1, 0
125, -1, 0
125, -1, 0
125, -2, 1
247, -1, 0
128, -2, 0
247, -2, 0
128, -1, 1
125, -1, 0
125, -1, 0
125, -1, 0
125, -1, 0
125, -2, 0
125, -1, 1
247, -2, 0
128, -1, 0
125, -1, 0
125, -1, 1
125, -1, 0
125, -2, 0
125, -1, 0
125, -1, 0
126, -1, 0
124, -1, 0
125, -2, 1
125, -1, 0
125, -1, 0
127, -1, 0
124, -1, 0
125, -1, 1
125, -1, 0
125, -2, 0
124, -1, 0
126, -1, 0
125, -1, 1
125, -2, 0
126, -1, 0
124, -1, 0
124, -1, 0
126, -1, 1
124, -1, 0
126, -1, 0
124, -2, 0
125, -1, 0
125, -2, 1
125, -1, 0
125, -1, 0
125, -1, 0
126, -2, 0
124, -1, 1
125, -1, 0
125, -1, 0
125, -1, 0
125, -2, 0
125, -1, 1
125, -1, 0
126, -1, 0
124, -2, 0
125, -1, 0
125, -1, 1
126, -1, 0
128, -2, 0
121, -1, 0
125, -1, 1
126, -2, 0
124, -1, 0
125, -1, 0
125, -2, 0
125, -1, 1
125, -1, 0
125, -2, 0
125, -1, 0
126, -1, 1
124, -1, 0
125, -2, 0
125, -1, 0
125, -1, 1
125, -2, 0
125, -1, 0
125, -1, 0
125, -2, 1
125, -1, 0
125, -1, 0
125, -2, 0
125, -1, 1
125, -1, 0
125, -2, 0
125, -1, 0
126, -2, 1
124, -1, 0
125, -1, 0
125, -2, 0
125, -1, 1
125, -1, 0
125, -2, 0
126, -1, 0
125, -2, 1
124, -1, 0
125, -1, 0
125, -2, 0
125, -1, 1
125, -2, 0
125, -1, 0
125, -1, 0
125, -2, 1
125, -1, 0
125, -1, 0
125, -2, 0
125, -1, 1
125, -1, 0
294, -2, 0
207, -1, 0
125, -5, 1
124, -1, 0
125, -2, 1
125, -1, 0
125, -2, 0
125, -1, 0
127, -2, 1
124, -1, 0
123, -1, 0
126, -2, 1
125, -1, 0
125, -2, 0
127, -1, 0
122, -2, 1
125, -1, 0
126, -2, 0
125, -1, 0
125, -2, 1
124, -1, 0
125, -1, 0
125, -2, 0
126, -1, 1
124, -2, 0
126, -1, 0
125, -2, 0
125, -2, 1
125, -1, 0
125, -2, 0
124, -1, 0
125, -2, 1
125, -1, 0
126, -2, 0
125, -1, 1
124, -2, 0
125, -1, 0
125, -2, 0
126, -1, 1
124, -2, 0
125, -1, 0
125, -2, 0
126, -1, 1
124, -2, 0
125, -1, 0
125, -1, 1
125, -2, 0
125, -2, 0
125, -1, 0
125, -2, 1
126, -2, 0
125, -1, 0
124, -2, 0
125, -1, 1
125, -2, 0
126, -1, 0
124, -2, 1
125, -1, 0
126, -1, 0
124, -2, 0
125, -2, 1
126, -2, 0
124, -1, 0
125, -2, 1
125, -1, 0
125, -2, 0
126, -1, 0
125, -2, 1
124, -2, 0
125, -2, 0
125, -1, 0
125, -1, 1
125, -2, 0
125, -1, 0
126, -2, 1
124, -2, 0
125, -2, 0
125, -1, 0
125, -2, 1
125, -1, 0
125, -2, 0
125, -1, 0
126, -2, 1
125, -2, 0
124, -1, 0
125, -2, 1
125, -1, 0
125, -2, 0
125, -1, 0
125, -2, 1
125, -2, 0
126, -2, 0
124, -1, 1
125, -2, 0
125, -1, 0
125, -2, 0
125, -2, 1
125, -1, 0
125, -2, 0
126, -1, 1
124, -2, 0
125, -2, 0
125, -2, 0
125, -1, 1
125, -2, 0
125, -1, 0
126, -2, 1
124, -2, 0
126, -1, 0
124, -2, 0
125, -1, 1
125, -2, 0
125, -2, 0
125, -2, 1
125, -1, 0
127, -2, 0
124, -1, 0
125, -3, 1
125, -1, 0
125, -1, 0
125, -2, 1
125, -2, 0
125, -2, 0
125, -1, 0
125, -2, 1
126, -1, 0
124, -2, 0
125, -2, 1
140, -2, 0
111, -1, 0
124, -2, 1
125, -2, 0
264, -3, 1
118, -1, 0
119, -2, 0
124, -2, 0
127, -2, 1
123, -1, 0
125, -2, 0
128, -2, 0
124, -1, 1
124, -2, 0
123, -1, 0
125, -2, 1
125, -2, 0
125, -2, 0
125, -1, 0
125, -2, 1
126, -2, 0
125, -2, 0
125, -1, 1
125, -2, 0
125, -1, 0
125, -3, 1
125, -1, 0
126, -1, 0
124, -2, 0
125, -2, 1
125, -2, 0
125, -1, 0
125, -2, 1
126, -2, 0
125, -2, 0
124, -1, 0
126, -2, 1
124, -2, 0
125, -2, 0
125, -1, 1
126, -1, 0
125, -2, 0
125, -2, 1
124, -2, 0
126, -1, 0
140, -2, 1
109, -2, 0
125, -2, 0
125, -1, 0
126, -2, 1
125, -2, 0
124, -1, 0
126, -2, 0
124, -2, 1
126, -2, 0
124, -1, 0
125, -2, 1
131, -2, 0
119, -2, 0
126, -1, 0
124, -2, 1
146, -1, 0
104, -3, 0
126, -1, 1
124, -1, 0
125, -2, 0
126, -2, 0
124, -2, 1
125, -1, 0
125, -2, 0
125, -2, 1
125, -2, 0
125, -1, 0
125, -2, 1
125, -2, 0
125, -1, 0
125, -2, 0
127, -2, 1
123, -2, 0
125, -1, 0
125, -2, 0
125, -2, 1
125, -2, 0
125, -1, 0
125, -2, 1
124, -1, 0
132, -3, 0
119, -1, 0
125, -1, 1
124, -2, 0
126, -2, 0
125, -2, 1
125, -1, 0
125, -3, 0
124, -1, 0
125, -2, 1
126, -1, 0
126, -2, 0
124, -2, 1
125, -1, 0
125, -2, 0
124, -2, 0
125, -2, 0
126, -1, 1
125, -2, 0
125, -2, 0
125, -2, 1
125, -1, 0
125, -2, 0
125, -2, 0
126, -2, 1
125, -1, 0
125, -2, 0
124, -2, 0
125, -1, 1
125, -2, 0
125, -1, 0
125, -3, 1
124, -1, 0
125, -2, 0
126, -1, 0
127, -3, 1
122, -1, 0
125, -1, 0
125, -2, 1
125, -2, 0
125, -2, 0
125, -1, 0
125, -2, 1
125, -2, 0
125, -2, 0
125, -1, 0
125, -2, 1
125, -2, 0
125, -2, 0
125, -1, 0
262, -1, 1
241, -2, 0
123, -5, 1
124, -2, 0
128, -2, 0
122, -2, 1
125, -1, 0
125, -2, 0
125, -1, 0
125, -3, 1
125, -1, 0
125, -1, 0
125, -2, 0
125, -2, 1
125, -2, 0
125, -1, 0
125, -2, 0
126, -1, 1
149, -2, 0
112, -2, 0
138, -2, 0
134, -1, 1
97, -2, 0
124, -2, 0
123, -1, 0
125, -2, 1
126, -1, 0
126, -2, 0
124, -2, 0
125, -2, 1
125, -1, 0
142, -2, 0
107, -1, 0
125, -2, 1
125, -2, 0
125, -1, 0
125, -2, 0
126, -1, 0
125, -2, 1
125, -2, 0
124, -2, 0
125, -1, 0
126, -2, 1
126, -1, 0
125, -2, 0
123, -2, 0
125, -2, 1
126, -1, 0
124, -1, 0
125, -2, 0
125, -1, 0
125, -2, 1
125, -2, 0
125, -2, 0
126, -1, 0
125, -2, 1
127, -1, 0
123, -2, 0
125, -1, 0
124, -2, 1
125, -2, 0
126, -1, 0
124, -2, 0
126, -1, 0
124, -2, 1
127, -1, 0
124, -2, 0
124, -2, 0
131, -1, 1
128, -2, 0
117, -2, 0
122, -1, 0
128, -1, 0
124, -2, 1
124, -1, 0
125, -2, 0
125, -2, 0
132, -1, 0
121, -2, 1
133, -2, 0
114, -1, 0
126, -2, 0
124, -1, 0
125, -1, 1
126, -2, 0
125, -1, 0
125, -2, 0
124, -1, 0
127, -2, 1
123, -2, 0
126, -1, 0
125, -1, 0
124, -2, 0
126, -2, 1
125, -1, 0
124, -2, 0
125, -1, 0
125, -2, 0
125, -1, 1
126, -2, 0
125, -1, 0
124, -2, 0
126, -1, 0
124, -2, 0
125, -1, 1
126, -2, 0
125, -1, 0
125, -2, 0
125, -1, 1
124, -1, 0
126, -2, 0
128, -1, 0
124, -2, 0
124, -1, 0
126, -2, 1
124, -1, 0
125, -2, 0
123, -1, 0
125, -1, 0
125, -2, 1
125, -1, 0
125, -2, 0
125, -1, 0
125, -1, 0
125, -2, 0
125, -1, 1
125, -1, 0
124, -2, 0
127, -1, 0
125, -2, 0
124, -1, 0
317, -2, 1
186, -1, 0
123, -4, 0
125, -1, 0
124, -2, 1
125, -1, 0
125, -1, 0
125, -2, 0
124, -1, 0
126, -2, 0
125, -1, 0
125, -1, 0
125, -1, 1
125, -2, 0
125, -1, 0
125, -1, 0
125, -2, 0
125, -1, 0
125, -1, 0
125, -1, 1
125, -2, 0
125, -1, 0
147, -2, 0
108, -1, 0
126, -1, 0
142, -1, 1
110, -1, 0
120, -2, 0
125, -1, 0
124, -2, 0
125, -1, 0
126, -1, 1
124, -1, 0
126, -2, 0
125, -1, 0
125, -1, 0
125, -1, 0
125, -1, 0
125, -2, 0
125, -1, 0
125, -1, 1
124, -1, 0
126, -1, 0
124, -1, 0
126, -2, 0
125, -1, 0
125, -1, 0
124, -1, 0
126, -1, 0
126, -2, 1
124, -1, 0
126, -1, 0
123, -1, 0
126, -1, 0
125, -1, 0
126, -2, 0
124, -1, 0
127, -1, 0
123, -1, 0
125, -1, 1
127, -1, 0
123, -1, 0
125, -2, 0
244, -2, 0
131, -1, 0
125, -1, 0
125, -1, 0
125, -1, 0
125, -1, 1
125, -2, 0
244, -1, 0
128, -1, 0
125, -1, 0
125, -2, 0
125, -1, 0
125, -1, 0
125, -1, 0
125, -1, 0
125, -1, 0
126, -1, 0
124, -1, 0
125, -1, 1
125, -1, 0
126, -1, 0
124, -1, 0
125, -1, 0
124, -1, 0
127, -1, 0
124, -1, 0
125, -1, 0
124, -1, 0
125, -1, 0
125, -1, 0
126, -1, 0
124, 0, 1
126, -2, 0
247, -2, 0
250, -1, 0
127, -1, 0
125, -1, 0
125, -1, 0
126, -1, 0
124, -1, 0
127, -1, 0
126, -1, 0
122, -1, 0
125, -1, 0
247, -1, 0
128, -1, 0
125, -1, 1
125, -1, 0
126, -1, 0
124, -1, 0
126, -1, 0
125, -1, 0
247, -1, 0
128, -1, 0
125, -1, 0
125, -1, 0
125, -1, 0
247, -1, 0
128, -1, 0
125, -1, 0
124, -1, 0
126, -1, 0
254, -1, 0
120, -1, 0
249, -1, 0
129, -1, 0
123, -1, 0
247, -1, 0
128, -1, 0
124, -1, 0
248, -1, 0
128, -1, 0
124, -1, 0
248, -1, 0
128, -1, 0
247, -1, 0
127, -1, 0
125, -1, 0
247, -1, 0
128, -1, 0
248, -1, 0
249, -1, 0
129, -1, 0
137, -1, 0
235, -1, 0
249, -1, 0
128, -1, 0
248, -1, 0
251, -1, 0
127, -1, 0
247, -1, 0
249, -1, 0
126, -1, 0
248, -1, 0
249, -1, 0
250, -1, 0
250, -1, 0
250, -1, 0
251, -1, 0
250, -1, 0
250, -1, 0
249, -1, 0
251, -1, 0
249, -1, 0
251, -1, 0
249, -1, 0
375, -1, 0
250, -1, 0
250, -1, 0
409, -1, 0
217, -1, 0
408, -1, 0
341, -1, 0
250, -1, 0
381, -1, 0
244, 0, -1
131, -1, 0
401, -1, 0
502, -1, 0
341, -1, 0
376, -1, 0
500, -1, 0
128, 0, -1
373, -1, 0
533, -1, 0
466, -1, 0
500, 0, -1
127, -1, 0
750, -1, 0
528, -1, 0
750, -1, 0
220, 0, -1
530, -1, 0
1000, -1, 0
629, 0, -1
499, -1, 0
1120, -1, 0
878, 0, -1
970, -1, 0
2288, -1, 0
494, 0, -1
3647, 0, -1
3763, 0, -1
965, 1, 0
1123, 1, -1
1007, 1, 0
212, 0, -1
660, 1, 0
591, 1, 0
127, 0, -1
622, 1, 0
629, 1, -1
496, 1, 0
535, 1, -1
466, 1, 0
408, 1, 0
217, 0, -1
250, 1, 0
405, 1, 0
507, 1, -1
213, 1, 0
376, 1, 0
374, 1, -1
374, 1, 0
251, 1, 0
375, 1, -1
249, 1, 0
406, 1, 0
220, 1, 0
127, 0, -1
248, 1, 0
251, 1, 0
249, 1, 0
251, 1, -1
397, 1, 0
105, 1, 0
247, 0, -1
128, 1, 0
125, 1, 0
247, 1, 0
250, 1, 0
128, 0, -1
125, 1, 0
247, 1, 0
252, 1, 0
249, 1, 0
130, 0, -1
122, 1, 0
125, 1, 0
248, 1, 0
127, 1, 0
247, 1, -1
250, 1, 0
128, 1, 0
248, 1, 0
251, 1, -1
127, 1, 0
247, 1, 0
250, 1, 0
128, 1, 0
125, 0, -1
124, 1, 0
126, 1, 0
247, 1, 0
128, 1, 0
126, 1, 0
124, 0, -1
126, 1, 0
124, 1, 0
246, 1, 0
128, 1, 0
125, 1, 0
248, 1, -1
128, 1, 0
125, 1, 0
247, 1, 0
128, 1, 0
125, 0, -1
125, 1, 0
124, 1, 0
125, 1, 0
247, 1, 0
128, 1, 0
126, 1, -1
158, 1, 0
234, 1, 0
118, 1, 0
121, 1, 0
246, 2, -1
253, 1, 0
124, 1, 0
124, 1, 0
122, 1, 0
125, 1, 0
247, 1, -1
128, 1, 0
125, 1, 0
125, 1, 0
125, 1, 0
125, 1, 0
125, 1, 0
125, 0, -1
125, 1, 0
125, 1, 0
125, 1, 0
125, 1, 0
125, 1, 0
127, 1, 0
123, 1, -1
125, 1, 0
125, 1, 0
126, 1, 0
124, 1, 0
125, 1, 0
125, 1, -1
125, 1, 0
125, 1, 0
247, 2, 0
129, 1, 0
250, 2, 0
122, 0, -1
126, 2, 0
246, 2, 0
249, 2, -1
128, 1, 0
125, 1, 0
125, 1, 0
125, 1, 0
125, 1, 0
126, 1, 0
124, 1, -1
125, 1, 0
126, 1, 0
125, 1, 0
124, 1, 0
125, 1, 0
125, 1, -1
125, 1, 0
125, 1, 0
125, 1, 0
130, 1, 0
125, 2, 0
246, 2, 0
129, 1, -1
124, 1, 0
124, 1, 0
125, 1, 0
125, 1, 0
124, 2, 0
126, 1, 0
125, 1, -1
125, 1, 0
125, 1, 0
125, 1, 0
125, 1, 0
125, 2, 0
251, 2, -1
122, 1, 0
125, 1, 0
124, 1, 0
126, 2, 0
124, 1, 0
125, 1, 0
125, 1, 0
126, 1, -1
124, 1, 0
125, 2, 0
125, 1, 0
125, 1, 0
125, 1, 0
125, 1, -1
125, 2, 0
125, 1, 0
125, 2, 0
125, 1, 0
247, 2, -1
128, 1, 0
125, 2, 0
125, 1, 0
125, 1, 0
128, 1, 0
122, 2, -1
126, 1, 0
124, 1, 0
125, 1, 0
125, 1, 0
125, 2, 0
128, 1, 0
122, 2, 0
125, 1, -1
125, 1, 0
125, 2, 0
125, 1, 0
125, 1, 0
125, 2, -1
125, 1, 0
125, 1, 0
125, 1, 0
125, 2, 0
125, 1, 0
125, 1, 0
125, 2, -1
125, 1, 0
125, 2, 0
125, 1, 0
125, 2, 0
125, 1, 0
125, 1, -1
125, 1, 0
125, 2, 0
125, 1, 0
147, 1, 0
103, 2, 0
125, 1, -1
125, 2, 0
125, 1, 0
125, 2, 0
125, 1, 0
125, 2, -1
125, 1, 0
125, 1, 0
125, 2, 0
125, 1, 0
128, 1, 0
128, 2, -1
132, 1, 0
115, 2, 0
148, 1, 0
102, 2, 0
125, 1, 0
125, 1, 0
125, 2, -1
125, 1, 0
126, 2, 0
124, 1, 0
131, 2, 0
120, 1, -1
125, 2, 0
125, 1, 0
124, 1, 0
125, 2, 0
126, 2, 0
124, 1, -1
126, 2, 0
124, 1, 0
125, 2, 0
125, 1, 0
125, 2, 0
125, 1, -1
125, 2, 0
125, 1, 0
125, 2, 0
125, 1, 0
126, 2, -1
124, 1, 0
125, 2, 0
125, 1, 0
125, 2, 0
125, 1, 0
126, 2, -1
124, 1, 0
125, 2, 0
125, 2, 0
125, 1, 0
125, 2, -1
125, 1, 0
125, 2, 0
125, 1, 0
125, 2, 0
125, 1, -1
125, 2, 0
125, 1, 0
125, 2, 0
140, 2, 0
108, 1, -1
124, 2, 0
124, 1, 0
126, 2, 0
125, 1, 0
125, 2, -1
125, 1, 0
125, 3, 0
125, 1, 0
145, 2, 0
107, 1, -1
123, 1, 0
126, 2, 0
294, 2, 0
207, 2, 0
123, 4, -1
125, 2, 0
125, 1, 0
125, 2, -1
125, 2, 0
125, 1, 0
125, 2, 0
126, 1, -1
125, 2, 0
124, 2, 0
125, 2, 0
125, 1, 0
125, 2, -1
125, 1, 0
125, 2, 0
125, 1, 0
125, 2, 0
125, 2, -1
125, 1, 0
125, 2, 0
125, 1, 0
125, 2, 0
125, 2, -1
125, 2, 0
125, 1, 0
125, 2, 0
125, 1, 0
125, 2, -1
125, 2, 0
125, 1, 0
125, 2, 0
125, 1, -1
125, 2, 0
124, 2, 0
126, 2, 0
124, 1, 0
126, 2, -1
125, 2, 0
125, 2, 0
125, 1, 0
125, 2, 0
125, 1, -1
125, 2, 0
125, 2, 0
125, 1, 0
125, 2, -1
125, 1, 0
125, 3, 0
125, 1, 0
124, 2, -1
140, 1, 0
115, 2, 0
124, 2, 0
125, 2, -1
124, 1, 0
125, 1, 0
126, 3, 0
124, 1, 0
126, 2, -1
124, 1, 0
125, 2, 0
125, 2, 0
126, 2, -1
124, 1, 0
125, 2, 0
126, 2, 0
124, 1, 0
126, 2, -1
125, 2, 0
124, 2, 0
126, 1, 0
124, 2, -1
125, 1, 0
126, 3, 0
124, 1, 0
126, 2, -1
124, 2, 0
125, 1, 0
125, 2, 0
126, 1, 0
125, 2, -1
124, 2, 0
127, 2, 0
123, 1, 0
125, 2, -1
125, 2, 0
131, 2, 0
122, 1, -1
125, 2, 0
125, 2, 0
125, 2, 0
126, 1, -1
123, 2, 0
124, 2, 0
127, 1, 0
125, 2, -1
125, 1, 0
123, 2, 0
125, 2, 0
125, 2, -1
122, 1, 0
124, 2, 0
125, 2, 0
125, 1, 0
126, 2, -1
124, 2, 0
126, 2, 0
126, 1, -1
124, 2, 0
125, 2, 0
125, 2, 0
125, 1, -1
125, 2, 0
125, 1, 0
125, 3, 0
125, 1, -1
125, 1, 0
125, 2, 0
125, 2, 0
124, 2, -1
126, 1, 0
125, 2, 0
125, 2, -1
125, 2, 0
125, 1, 0
124, 2, 0
127, 2, -1
125, 1, 0
124, 2, 0
125, 2, 0
310, 2, -1
191, 1, 0
123, 5, -1
126, 2, 0
125, 2, 0
124, 1, 0
126, 2, -1
124, 2, 0
126, 1, 0
125, 2, 0
125, 2, -1
125, 2, 0
124, 1, 0
126, 2, 0
126, 2, -1
124, 2, 0
129, 1, 0
162, 2, -1
88, 2, 0
128, 1, 0
138, 2, 0
115, 1, -1
118, 2, 0
127, 2, 0
124, 2, 0
125, 1, -1
124, 2, 0
125, 2, 0
125, 2, 0
125, 1, -1
125, 2, 0
125, 2, 0
124, 1, -1
126, 2, 0
125, 2, 0
124, 1, 0
126, 2, -1
126, 2, 0
130, 1, 0
124, 2, -1
125, 2, 0
127, 2, 0
119, 1, 0
125, 1, 0
134, 2, -1
115, 2, 0
124, 2, 0
130, 1, 0
120, 2, -1
125, 2, 0
126, 2, 0
124, 1, -1
125, 2, 0
126, 1, 0
127, 2, -1
124, 2, 0
125, 1, 0
125, 2, 0
125, 2, -1
124, 2, 0
124, 1, 0
126, 2, 0
125, 2, -1
124, 1, 0
125, 2, 0
125, 2, -1
125, 1, 0
126, 2, 0
122, 2, 0
125, 1, -1
124, 2, 0
125, 1, 0
126, 2, 0
125, 2, -1
125, 2, 0
125, 1, 0
125, 2, -1
125, 2, 0
125, 2, 0
125, 1, 0
124, 1, -1
126, 2, 0
125, 2, 0
125, 2, 0
125, 1, -1
125, 2, 0
124, 1, 0
126, 2, 0
125, 2, -1
124, 2, 0
125, 1, 0
125, 1, 0
126, 3, -1
124, 1, 0
126, 2, 0
124, 1, -1
125, 2, 0
125, 2, 0
126, 2, -1
124, 1, 0
126, 2, 0
125, 1, 0
124, 1, 0
126, 3, -1
124, 1, 0
125, 2, 0
125, 1, -1
126, 2, 0
124, 1, 0
126, 2, 0
124, 2, -1
126, 2, 0
124, 1, 0
126, 2, -1
124, 1, 0
125, 2, 0
126, 2, 0
125, 1, -1
131, 2, 0
123, 1, 0
123, 2, 0
125, 2, -1
125, 2, 0
125, 1, 0
125, 2, -1
125, 1, 0
125, 2, 0
125, 1, 0
125, 2, 0
125, 2, -1
125, 1, 0
244, 2, 0
255, 1, -1
124, 6, 0
125, 1, -1
125, 1, 0
125, 2, 0
125, 2, 0
125, 1, -1
125, 2, 0
126, 2, 0
124, 1, -1
126, 2, 0
123, 1, 0
125, 2, 0
126, 1, -1
124, 2, 0
125, 2, 0
126, 1, 0
158, 2, -1
113, 1, 0
107, 2, 0
124, 1, 0
126, 2, -1
125, 1, 0
124, 2, 0
125, 2, -1
126, 2, 0
124, 1, 0
128, 1, 0
124, 2, 0
126, 1, -1
124, 2, 0
125, 1, 0
124, 2, -1
125, 2, 0
125, 2, 0
125, 1, -1
125, 2, 0
125, 1, 0
124, 2, 0
126, 1, -1
125, 1, 0
125, 2, 0
125, 2, 0
124, 1, -1
126, 2, 0
125, 2, 0
125, 1, 0
125, 2, -1
125, 1, 0
125, 2, 0
127, 1, -1
125, 1, 0
125, 2, 0
134, 1, 0
114, 2, -1
125, 1, 0
126, 2, 0
124, 1, 0
125, 2, -1
125, 2, 0
124, 1, 0
126, 2, 0
124, 1, 0
125, 2, -1
126, 1, 0
125, 2, 0
126, 1, -1
125, 2, 0
122, 1, 0
124, 2, 0
125, 1, 0
125, 2, -1
125, 1, 0
126, 2, 0
124, 1, -1
124, 1, 0
126, 2, 0
124, 1, 0
125, 2, 0
125, 1, -1
126, 2, 0
124, 1, 0
125, 2, 0
126, 1, -1
124, 2, 0
125, 1, 0
125, 1, 0
126, 2, -1
124, 1, 0
125, 2, 0
125, 1, 0
125, 2, -1
125, 1, 0
125, 2, 0
125, 1, 0
126, 2, -1
124, 1, 0
125, 2, 0
125, 1, 0
125, 1, 0
125, 2, -1
125, 1, 0
125, 2, 0
125, 1, 0
125, 2, -1
125, 1, 0
125, 1, 0
125, 2, 0
126, 1, -1
125, 1, 0
124, 1, 0
125, 2, 0
125, 1, 0
125, 2, -1
126, 1, 0
124, 2, 0
125, 1, 0
126, 2, -1
125, 1, 0
124, 1, 0
125, 2, 0
126, 1, 0
124, 1, -1
125, 1, 0
125, 2, 0
125, 1, 0
139, 2, -1
111, 1, 0
125, 2, 0
125, 1, 0
293, 1, -1
209, 1, 0
126, 5, 0
122, 1, -1
125, 1, 0
125, 2, 0
125, 1, 0
125, 1, -1
125, 1, 0
129, 2, 0
121, 1, 0
125, 2, 0
125, 1, -1
125, 1, 0
125, 2, 0
125, 1, 0
125, 1, 0
125, 1, -1
126, 2, 0
124, 1, 0
125, 1, 0
125, 2, -1
125, 1, 0
125, 1, 0
125, 2, 0
125, 1, 0
125, 1, -1
125, 1, 0
125, 1, 0
125, 2, 0
170, 1, -1
103, 2, 0
224, 2, 0
145, 1, 0
111, 1, -1
125, 1, 0
125, 2, 0
125, 1, 0
125, 1, 0
125, 1, -1
125, 1, 0
125, 2, 0
125, 1, 0
125, 1, -1
125, 2, 0
125, 1, 0
125, 1, 0
125, 1, 0
125, 1, -1
125, 2, 0
125, 1, 0
125, 1, 0
125, 1, -1
125, 1, 0
125, 2, 0
125, 1, 0
125, 1, 0
125, 1, -1
125, 2, 0
245, 2, 0
131, 1, 0
125, 1, -1
124, 1, 0
125, 1, 0
125, 1, 0
125, 1, 0
125, 2, -1
125, 1, 0
125, 1, 0
125, 1, 0
125, 1, -1
125, 1, 0
125, 2, 0
244, 1, 0
131, 2, -1
125, 1, 0
125, 1, 0
125, 1, 0
125, 1, 0
123, 1, 0
124, 1, -1
125, 1, 0
125, 2, 0
247, 1, -1
128, 2, 0
247, 2, 0
250, 2, -1
128, 1, 0
125, 1, 0
127, 1, 0
125, 1, 0
125, 1, -1
130, 1, 0
122, 1, 0
125, 1, 0
125, 1, 0
124, 1, -1
125, 1, 0
125, 1, 0
125, 1, 0
125, 1, 0
125, 1, -1
125, 1, 0
125, 1, 0
124, 1, 0
248, 2, -1
250, 2, 0
251, 1, 0
127, 1, 0
125, 1, -1
125, 1, 0
124, 1, 0
125, 1, 0
125, 1, 0
126, 1, -1
125, 1, 0
125, 1, 0
247, 1, 0
128, 1, 0
125, 1, -1
124, 1, 0
398, 1, 0
104, 1, 0
125, 2, -1
124, 1, 0
125, 1, 0
125, 1, 0
125, 1, 0
125, 1, -1
247, 1, 0
129, 1, 0
124, 1, 0
125, 1, 0
125, 1, -1
247, 1, 0
128, 1, 0
247, 1, 0
129, 1, -1
124, 1, 0
247, 1, 0
127, 1, 0
126, 1, -1
124, 1, 0
126, 1, 0
247, 1, 0
250, 1, 0
168, 1, -1
106, 1, 0
226, 1, 0
131, 1, 0
243, 1, 0
131, 0, -1
125, 1, 0
126, 1, 0
124, 1, 0
244, 1, 0
132, 1, -1
244, 1, 0
249, 1, 0
131, 1, 0
244, 1, -1
250, 1, 0
131, 1, 0
245, 1, 0
252, 1, 0
129, 0, -1
125, 1, 0
244, 1, 0
131, 1, 0
402, 1, -1
97, 1, 0
244, 1, 0
407, 1, 0
219, 1, -1
250, 1, 0
249, 1, 0
250, 1, 0
379, 1, 0
125, 0, -1
247, 1, 0
250, 1, 0
410, 1, 0
340, 1, 0
252, 1, -1
531, 1, 0
342, 1, 0
249, 0, -1
128, 1, 0
498, 1, 0
659, 1, 0
591, 1, 0
128, 0, -1
621, 1, 0
981, 1, 0
1457, 1, 0
1598, 0, -1
3963, -1, 0
1910, -1, 0
1271, -1, 0
978, 0, -1
94, -1, 0
1033, -1, 0
746, -1, 0
593, -1, 0
752, -1, 0
540, -1, -1
707, -1, 0
408, -1, 0
592, -1, 0
537, -1, 0
338, -1, 0
533, -1, 0
342, -1, 0
500, -1, 0
376, -1, 0
425, -1, 0
198, -1, 0
251, 0, -1
250, -1, 0
249, -1, 0
375, -1, 0
409, -1, 0
341, -1, 0
250, -1, 0
250, -1, 0
409, -1, 0
216, -1, 0
376, -1, 0
250, -1, 0
250, -1, 0
374, -1, 0
250, -1, 0
251, -1, 0
250, -1, 0
249, -1, 0
250, -1, 0
250, -1, 0
250, -1, 0
250, -1, 0
250, -1, 0
250, -1, 0
251, -1, 0
249, -1, 1
250, -1, 0
250, -1, 0
250, -1, 0
128, -1, 0
247, -1, 0
250, -1, 0
250, -1, 0
128, -1, 0
247, -1, 0
128, -1, 0
247, 0, 1
128, -1, 0
125, -1, 0
247, -1, 0
129, -1, 0
246, -1, 0
250, -1, 0
128, -1, 0
248, -1, 0
127, -1, 1
247, -1, 0
131, -1, 0
244, -1, 0
128, -1, 0
247, -1, 0
128, -1, 0
247, -1, 0
128, -1, 0
247, -1, 0
333, -1, 1
45, -1, 0
134, -1, 0
239, -1, 0
127, -1, 0
125, -1, 0
247, -1, 0
128, -1, 0
125, 0, 1
125, -1, 0
125, -1, 0
125, -1, 0
247, -1, 0
129, -1, 0
124, -1, 0
247, -1, 0
128, -1, 1
247, -1, 0
128, -1, 0
125, -1, 0
125, -1, 0
125, -1, 0
247, -1, 0
128, -1, 1
125, -1, 0
247, -1, 0
128, -1, 0
125, -1, 0
125, -1, 0
247, -1, 1
128, -1, 0
125, -1, 0
247, -2, 0
250, -1, 0
128, -1, 0
247, -1, 1
128, -1, 0
126, -1, 0
126, -1, 0
124, -1, 0
247, -2, 0
249, -1, 1
128, -1, 0
125, -1, 0
125, -1, 0
247, -1, 0
128, -1, 0
125, -1, 1
125, -1, 0
125, -1, 0
125, -1, 0
125, -1, 0
247, -2, 0
250, -1, 1
128, -1, 0
125, -1, 0
125, -1, 0
125, -1, 0
125, -1, 0
125, -1, 0
125, -1, 1
247, -1, 0
128, -1, 0
125, -1, 0
125, -1, 0
125, -1, 0
125, -1, 0
125, -1, 1
125, -1, 0
125, -1, 0
125, -1, 0
125, -1, 1
125, -1, 0
125, -1, 0
125, -1, 0
247, -1, 0
128, -1, 1
125, -1, 0
125, -1, 0
125, -1, 0
125, -1, 0
125, -1, 0
125, -1, 0
125, -1, 0
125, -1, 1
125, -1, 0
125, -1, 0
125, -1, 0
125, -1, 0
125, -1, 0
125, -1, 1
125, -1, 0
125, -1, 0
125, -1, 0
125, -1, 0
125, -1, 0
125, -1, 1
125, -1, 0
125, -1, 0
125, -1, 0
125, -1, 0
125, -1, 0
125, -1, 1
125, -1, 0
125, -1, 0
125, -1, 0
125, -1, 0
125, -1, 0
125, -1, 1
125, -1, 0
125, -1, 0
125, -1, 0
125, -1, 0
125, -1, 0
125, -1, 0
240, -1, 1
260, -1, 0
125, -3, 1
125, -1, 0
125, -1, 0
125, -1, 0
125, -1, 0
125, -2, 0
247, -2, 1
128, -1, 0
125, -1, 0
125, -1, 0
125, -1, 0
125, -1, 1
125, -1, 0
125, -1, 0
125, -1, 0
125, -1, 0
125, -1, 0
125, -2, 0
125, -1, 1
124, -1, 0
126, -1, 0
125, -1, 0
125, -1, 0
125, -1, 1
125, -1, 0
125, -2, 0
125, -1, 0
125, -1, 0
125, -1, 0
125, -1, 0
125, -1, 1
125, -1, 0
125, -1, 0
125, -1, 0
125, -1, 1
124, -1, 0
126, -2, 0
125, -1, 0
125, -1, 0
125, -1, 0
125, -1, 1
125, -1, 0
125, -1, 0
125, -2, 0
247, -2, 1
128, -1, 0
124, -1, 0
125, -1, 0
126, -2, 0
247, -2, 1
128, -1, 0
124, -1, 0
126, -1, 0
125, -1, 0
125, -1, 1
124, -1, 0
126, -2, 0
125, -1, 0
125, -1, 0
125, -1, 1
125, -1, 0
125, -1, 0
125, -1, 0
125, -2, 0
124, -1, 0
125, -1, 1
126, -1, 0
125, -1, 0
124, -1, 0
126, -2, 0
125, -1, 0
126, -1, 1
124, -1, 0
125, -2, 0
125, -1, 0
124, -1, 0
126, -1, 1
125, -1, 0
124, -1, 0
125, -1, 0
126, -2, 0
125, -1, 1
124, -1, 0
125, -1, 0
125, -2, 0
126, -1, 0
125, -1, 1
125, -1, 0
125, -1, 0
125, -2, 0
125, -1, 0
124, -1, 1
125, -1, 0
126, -2, 0
247, -2, 0
128, -1, 0
124, -1, 1
125, -2, 0
248, -2, 0
128, -1, 0
125, -1, 1
124, -1, 0
126, -2, 0
124, -1, 0
125, -1, 0
125, -1, 0
126, -2, 1
124, -1, 0
125, -1, 0
126, -1, 0
125, -1, 0
125, -2, 1
124, -1, 0
126, -1, 0
124, -1, 0
126, -2, 1
124, -1, 0
125, -1, 0
125, -2, 0
125, -1, 0
126, -1, 0
124, -1, 0
125, -2, 1
412, -2, 0
216, -1, 0
123, -4, 1
124, -1, 0
125, -2, 0
126, -1, 1
124, -1, 0
128, -1, 0
122, -1, 0
125, -2, 0
126, -1, 0
124, -1, 1
125, -1, 0
125, -2, 0
125, -1, 0
125, -2, 0
125, -1, 1
125, -1, 0
125, -1, 0
125, -2, 0
125, -1, 0
132, -1, 1
122, -1, 0
124, -1, 0
125, -2, 0
125, -1, 0
125, -2, 1
129, -1, 0
123, -1, 0
125, -1, 0
125, -2, 0
126, -1, 1
124, -1, 0
124, -1, 0
125, -1, 0
125, -2, 0
130, -1, 1
123, -2, 0
126, -1, 0
123, -1, 0
126, -1, 0
127, -2, 1
125, -1, 0
124, -2, 0
124, -1, 0
127, -1, 0
123, -1, 0
124, -1, 1
125, -2, 0
125, -1, 0
125, -2, 0
125, -1, 0
125, -1, 1
126, -1, 0
124, -2, 0
127, -1, 0
127, -1, 1
124, -2, 0
125, -1, 0
125, -1, 0
124, -1, 0
127, -2, 0
124, -1, 1
122, -2, 0
125, -1, 0
127, -1, 0
124, -1, 0
124, -2, 1
125, -1, 0
126, -2, 0
124, -1, 0
126, -1, 0
128, -1, 0
125, -1, 1
121, -2, 0
122, -1, 0
125, -2, 0
125, -1, 0
125, -1, 1
126, -1, 0
124, -2, 0
126, -1, 0
125, -2, 0
125, -1, 0
124, -1, 1
126, -1, 0
127, -1, 0
127, -2, 0
126, -1, 1
121, -2, 0
124, -1, 0
125, -1, 0
125, -2, 0
127, -1, 0
124, -1, 1
124, -1, 0
128, -2, 0
128, -1, 0
125, -2, 0
125, -1, 0
125, -1, 1
122, -1, 0
127, -2, 0
124, -1, 0
121, -2, 0
128, -1, 1
136, -1, 0
111, -1, 0
140, -1, 0
111, -2, 0
123, -1, 1
123, -2, 0
125, -1, 0
130, -1, 0
169, -1, 0
84, -2, 0
123, -1, 1
124, -2, 0
123, -1, 0
127, -1, 0
139, -1, 0
115, -2, 0
117, -1, 1
129, -1, 0
123, -2, 0
126, -1, 0
124, -1, 0
125, -2, 1
122, -1, 0
125, -1, 0
127, -2, 0
352, -1, 0
153, -1, 0
122, -4, 1
125, -1, 0
124, -2, 0
125, -1, 1
125, -2, 0
124, -1, 0
126, -1, 0
123, -1, 0
129, -1, 0
124, -2, 1
125, -1, 0
123, -2, 0
126, -1, 0
125, -1, 0
123, -1, 0
129, -2, 1
124, -1, 0
126, -2, 0
124, -1, 0
128, -1, 0
125, -1, 1
118, -1, 0
125, -2, 0
132, -1, 0
121, -2, 0
124, -1, 0
131, -1, 1
119, -1, 0
126, -2, 0
124, -1, 0
125, -1, 0
125, -1, 1
125, -2, 0
129, -1, 0
123, -1, 0
123, -2, 0
125, -1, 0
124, -1, 1
128, -1, 0
121, -2, 0
125, -1, 0
128, -1, 0
124, -2, 0
126, -1, 1
125, -1, 0
125, -1, 0
124, -2, 0
125, -1, 0
128, -1, 0
124, -1, 1
130, -2, 0
118, -1, 0
131, -2, 0
120, -1, 0
125, -1, 0
124, -1, 1
125, -1, 0
126, -2, 0
124, -1, 0
124, -1, 0
124, -1, 0
125, -2, 1
125, -1, 0
135, -2, 0
117, -1, 0
128, -1, 0
124, -1, 0
125, -1, 1
139, -2, 0
116, -1, 0
125, -1, 0
122, -1, 0
127, -2, 0
124, -1, 0
126, -1, 0
126, -2, 1
124, -1, 0
125, -1, 0
124, -2, 0
249, -2, 0
128, -1, 1
123, -1, 0
123, -2, 0
248, -2, 0
128, -1, 0
124, -1, 1
125, -2, 0
125, -1, 0
126, -1, 0
135, -1, 0
116, -2, 0
127, -1, 0
122, -1, 0
174, -1, 1
75, -2, 0
128, -1, 0
129, -1, 0
144, -1, 0
100, -2, 0
125, -1, 0
124, -1, 0
130, -1, 1
122, -1, 0
123, -2, 0
126, -1, 0
124, -1, 0
125, -1, 0
125, -2, 0
245, -2, 1
130, -1, 0
125, -1, 0
126, -1, 0
124, -1, 0
125, -2, 0
125, -1, 0
125, -1, 0
125, -1, 0
125, -2, 1
125, -1, 0
125, -1, 0
127, -1, 0
123, -1, 0
125, -1, 0
126, -1, 0
124, -2, 0
125, -1, 0
125, -1, 0
636, -1, 1
237, -2, 0
131, -6, 0
119, -2, 1
137, -1, 0
113, -1, 0
124, -1, 0
126, -1, 0
125, -1, 0
124, -2, 0
252, -2, 0
121, -1, 0
125, -1, 1
125, -1, 0
125, -1, 0
125, -1, 0
125, -1, 0
125, -2, 0
125, -1, 0
125, -1, 0
125, -1, 0
125, -1, 0
125, -1, 0
125, -1, 1
126, -1, 0
125, -1, 0
124, -1, 0
125, -1, 0
125, -2, 0
125, -1, 0
125, -1, 0
125, -1, 0
125, -1, 0
125, -1, 0
125, -1, 1
130, -1, 0
123, -2, 0
247, -1, 0
128, -2, 0
247, -2, 0
128, -1, 0
125, -1, 0
125, -1, 0
125, -1, 0
125, -1, 1
125, -1, 0
130, -1, 0
119, -1, 0
124, -1, 0
142, -1, 0
108, -1, 0
124, -1, 0
124, -1, 0
126, -1, 0
124, -1, 0
126, -1, 0
125, -2, 1
247, -1, 0
127, -1, 0
125, -1, 0
125, -1, 0
126, -1, 0
125, -1, 0
124, -1, 0
125, -2, 0
247, -2, 0
251, -1, 0
127, -1, 0
126, -1, 1
124, -1, 0
125, -1, 0
126, -1, 0
132, -1, 0
121, -1, 0
124, -1, 0
125, -1, 0
125, -1, 0
125, -1, 0
126, -1, 0
124, -1, 0
125, -1, 0
125, -1, 0
125, -1, 0
247, -2, 0
128, 0, 1
127, -2, 0
247, -1, 0
127, -1, 0
124, -1, 0
126, -1, 0
125, -1, 0
125, -1, 0
125, -1, 0
125, -1, 0
247, -2, 0
253, -1, 0
125, -1, 0
125, -1, 0
124, -1, 0
248, -1, 0
127, -1, 0
126, -1, 1
126, -1, 0
121, -1, 0
125, -1, 0
124, -1, 0
248, -1, 0
128, -1, 0
124, -1, 0
125, -1, 0
247, -2, 0
251, -1, 0
127, -1, 0
125, -1, 0
304, -1, 0
72, -1, 0
126, -1, 0
123, -1, 0
248, -1, 0
127, -1, 0
125, -1, 0
248, -1, 0
127, -1, 0
126, -1, 0
125, -1, 0
247, -1, 0
128, -1, 0
124, -1, 0
248, -1, 0
127, -1, 0
126, -1, 0
247, -1, 1
127, -1, 0
126, -1, 0
247, -1, 0
250, -1, 0
130, -1, 0
125, -1, 0
248, -1, 0
126, -1, 0
247, -1, 0
127, -1, 0
247, -1, 0
128, -1, 0
247, -1, 0
127, -1, 0
247, -1, 0
129, -1, 0
247, -1, 0
128, -1, 0
247, -1, 0
249, -1, 0
135, -1, 0
240, -1, 0
251, -1, 0
130, -1, 0
244, -1, 0
250, -1, 0
250, -1, 0
131, -1, 0
244, -1, 0
250, -1, 0
250, -1, 0
131, -1, 0
400, -1, 0
219, -1, 0
131, -1, 0
244, -1, 0
251, -1, 0
249, -1, 0
251, -1, 0
249, -1, 0
250, -1, 0
250, -1, 0
250, -1, 0
446, -1, 0
179, -1, 0
250, -1, 0
376, -1, 0
407, -1, 0
220, -1, 0
248, -1, 0
405, -1, 0
97, 0, -1
125, -1, 0
400, -1, 0
348, -1, 0
403, -1, 0
346, -1, 0
408, -1, 0
344, -1, 0
499, -1, 0
403, -1, 0
374, -1, 0
100, 0, -1
402, -1, 0
595, -1, 0
530, -1, 0
498, -1, 0
507, 0, -1
93, -1, 0
649, -1, 0
754, -1, 0
740, -1, 0
634, 0, -1
222, -1, 0
1040, -1, 0
1242, -1, 0
341, 0, -1
1286, -1, 0
3751, -1, 0
7768, 1, 0
2735, 1, 0
1727, 1, 0
1278, 1, 0
988, 1, 0
894, 1, 0
760, 1, 0
704, 1, 0
633, 1, 0
617, 1, 0
635, 1, 0
494, 1, 0
516, 1, 0
478, 1, 0
374, 1, 0
627, 1, 0
249, 1, 0
502, 1, 0
374, 1, 0
374, 1, 0
375, 1, 0
374, 1, 0
376, 1, 0
375, 1, 0
249, 1, 0
250, 1, 0
377, 1, 0
373, 1, 0
253, 1, 0
375, 1, 1
249, 1, 0
249, 1, 0
375, 1, 0
249, 1, 0
250, 1, 0
250, 1, 0
250, 1, 0
375, 1, 0
251, 1, 0
252, 1, 0
248, 1, 0
250, 1, 0
249, 1, 0
251, 1, 0
250, 1, 0
251, 1, 0
129, 1, 0
244, 1, 0
251, 1, 0
250, 1, 0
250, 1, 0
127, 1, 0
248, 1, 0
249, 1, 0
252, 1, 0
249, 1, 0
128, 1, 0
251, 1, 0
262, 1, 0
114, 1, 0
258, 1, 0
123, 1, 0
245, 1, 0
250, 1, 0
122, 1, 0
247, 1, 0
250, 1, 0
127, 1, 0
366, 1, 0
273, 1, 0
113, 2, 0
247, 1, 0
128, 1, 0
125, 1, 0
246, 1, 0
249, 1, 0
128, 1, 0
125, 1, 0
248, 1, 0
127, 1, 0
248, 1, 0
128, 1, 0
124, 1, 0
247, 1, 0
128, 1, 0
126, 1, 0
247, 1, 0
128, 1, 0
248, 1, 0
127, 1, 0
125, 1, 0
246, 1, 0
130, 1, 0
123, 1, 0
247, 1, 0
129, 1, 0
124, 1, 0
125, 1, 0
247, 1, 0
129, 1, 0
124, 1, 0
137, 1, 0
119, 1, 0
242, 1, 0
127, 1, 0
124, 1, 0
251, 1, 0
125, 1, 0
125, 1, 0
128, 1, 0
246, 1, 0
128, 1, 0
125, 1, 0
124, 1, 0
124, 1, 0
125, 1, 0
247, 1, 0
128, 1, 0
125, 1, 0
125, 1, 0
126, 1, 0
246, 1, 0
128, 1, 0
125, 1, 0
125, 1, 0
125, 1, 0
125, 1, 0
248, 1, 0
127, 1, 0
125, 1, 0
125, 1, 0
125, 1, 0
126, 1, 0
125, 1, 0
124, 1, 0
126, 1, 0
125, 1, 0
246, 2, 0
253, 1, 0
128, 1, 0
122, 1, 0
125, 1, 0
125, 1, 0
125, 1, 0
125, 1, 0
125, 1, 0
133, 1, -1
119, 1, 0
123, 1, 0
125, 1, 0
125, 1, 0
125, 1, 0
248, 2, 0
250, 2, 0
252, 1, 0
128, 1, 0
123, 1, 0
126, 1, 0
124, 1, 0
125, 1, 0
124, 1, 0
126, 1, 0
124, 1, 0
126, 1, 0
124, 1, 0
125, 2, 0
247, 1, 0
128, 1, 0
125, 1, 0
126, 1, -1
125, 1, 0
125, 1, 0
125, 1, 0
124, 2, 0
247, 2, 0
287, 2, 0
91, 1, 0
129, 1, 0
127, 1, 0
242, 2, 0
129, 1, 0
124, 1, 0
124, 1, 0
129, 1, 0
127, 1, 0
125, 1, 0
142, 1, -1
115, 1, 0
116, 1, 0
125, 1, 0
120, 1, 0
126, 1, 0
127, 2, 0
261, 2, 0
121, 1, 0
124, 1, 0
121, 1, 0
122, 1, 0
125, 1, 0
130, 1, 0
127, 1, 0
144, 1, -1
101, 1, 0
123, 1, 0
125, 2, 0
247, 2, 0
129, 1, 0
124, 1, 0
124, 1, 0
125, 1, 0
125, 1, 0
125, 2, 0
126, 1, 0
124, 1, 0
126, 1, 0
124, 1, 0
125, 1, 0
126, 1, -1
124, 2, 0
247, 2, 0
129, 1, 0
125, 1, 0
124, 1, 0
125, 1, 0
125, 1, 0
125, 1, 0
127, 2, 0
123, 1, 0
125, 1, 0
125, 1, 0
126, 1, 0
124, 1, 0
126, 2, -1
124, 1, 0
125, 1, 0
125, 1, 0
125, 1, 0
125, 1, 0
126, 1, 0
124, 2, 0
126, 1, 0
125, 1, -1
124, 1, 0
126, 2, 0
125, 1, 0
125, 1, 0
124, 1, 0
126, 1, 0
124, 1, 0
129, 1, 0
121, 2, 0
125, 1, 0
125, 1, 0
126, 1, -1
124, 1, 0
126, 2, 0
125, 1, 0
124, 1, 0
125, 1, 0
125, 1, 0
126, 2, 0
124, 1, 0
125, 1, 0
125, 1, 0
125, 1, 0
125, 2, -1
125, 1, 0
125, 1, 0
125, 1, 0
126, 2, 0
124, 1, 0
126, 1, 0
124, 1, 0
125, 1, 0
125, 2, -1
247, 2, 0
129, 1, 0
124, 1, 0
125, 2, 0
128, 1, 0
122, 1, 0
125, 1, 0
125, 1, 0
126, 2, -1
124, 1, 0
125, 1, 0
125, 2, 0
262, 2, 0
129, 1, 0
120, 2, 0
117, 1, 0
125, 1, 0
124, 1, -1
125, 2, 0
125, 1, 0
124, 1, 0
125, 1, 0
125, 1, 0
124, 2, 0
124, 1, 0
125, 1, 0
325, 1, 0
179, 2, -1
121, 3, 0
128, 2, 0
127, 1, 0
122, 1, 0
124, 1, 0
125, 2, -1
124, 1, 0
125, 1, 0
125, 2, 0
128, 1, 0
122, 1, 0
125, 1, 0
126, 2, 0
124, 1, 0
125, 1, -1
125, 1, 0
125, 2, 0
128, 1, 0
123, 1, 0
125, 2, 0
124, 1, 0
125, 1, 0
125, 1, 0
126, 2, -1
124, 1, 0
126, 1, 0
126, 2, 0
246, 2, 0
128, 1, 0
125, 2, 0
125, 1, 0
124, 1, -1
126, 1, 0
125, 2, 0
127, 1, 0
130, 1, 0
133, 1, 0
112, 2, 0
125, 1, 0
121, 1, -1
126, 2, 0
130, 1, 0
125, 1, 0
120, 2, 0
124, 1, 0
125, 1, 0
125, 2, -1
125, 1, 0
125, 1, 0
124, 1, 0
126, 1, 0
125, 2, 0
128, 1, 0
124, 2, -1
123, 1, 0
125, 1, 0
126, 1, 0
124, 2, 0
125, 1, 0
125, 1, -1
125, 2, 0
247, 2, 0
127, 1, 0
126, 2, 0
124, 1, 0
126, 1, -1
125, 1, 0
125, 2, 0
130, 1, 0
125, 2, 0
128, 1, 0
116, 1, 0
124, 1, 0
125, 1, -1
125, 2, 0
126, 1, 0
124, 2, 0
131, 1, 0
119, 1, 0
125, 1, 0
125, 2, -1
126, 1, 0
125, 2, 0
124, 1, 0
126, 1, 0
125, 1, 0
136, 1, 0
116, 2, 0
122, 1, -1
126, 1, 0
124, 2, 0
125, 1, 0
125, 1, 0
125, 2, 0
125, 1, 0
125, 1, -1
126, 1, 0
127, 1, 0
122, 2, 0
133, 1, 0
121, 2, 0
128, 1, 0
124, 1, 0
125, 1, -1
126, 2, 0
120, 1, 0
126, 2, 0
273, 2, 0
108, 1, 0
125, 1, -1
120, 2, 0
123, 1, 0
125, 1, 0
126, 1, 0
124, 2, 0
125, 1, 0
126, 2, -1
124, 1, 0
125, 1, 0
125, 1, 0
126, 2, 0
124, 1, 0
126, 1, -1
124, 2, 0
125, 1, 0
125, 1, 0
366, 1, 0
269, 2, 0
124, 5, -1
117, 1, 0
125, 1, 0
122, 2, 0
115, 1, -1
126, 1, 0
124, 2, 0
125, 1, 0
125, 1, 0
125, 1, 0
125, 1, 0
125, 2, -1
127, 1, 0
123, 2, 0
125, 1, 0
125, 1, 0
126, 1, 0
124, 1, -1
125, 2, 0
126, 1, 0
125, 1, 0
125, 1, 0
124, 2, 0
125, 1, 0
125, 1, -1
125, 1, 0
126, 1, 0
126, 2, 0
123, 1, 0
125, 1, 0
125, 1, -1
125, 2, 0
126, 1, 0
124, 2, 0
125, 1, 0
125, 1, 0
125, 1, 0
125, 2, -1
125, 1, 0
126, 1, 0
124, 1, 0
125, 1, 0
147, 2, 0
103, 1, 0
125, 1, -1
125, 1, 0
126, 2, 0
124, 1, 0
125, 1, 0
125, 1, -1
125, 2, 0
126, 1, 0
124, 1, 0
125, 1, 0
125, 1, 0
125, 2, 0
125, 1, -1
125, 1, 0
125, 1, 0
125, 2, 0
125, 1, 0
125, 1, 0
125, 1, 0
126, 1, -1
125, 2, 0
125, 1, 0
124, 1, 0
126, 1, 0
123, 2, 0
126, 1, 0
125, 1, -1
125, 1, 0
125, 2, 0
125, 1, 0
125, 1, 0
125, 1, 0
125, 1, 0
126, 2, -1
124, 1, 0
125, 1, 0
125, 1, 0
125, 1, 0
125, 1, 0
129, 2, 0
122, 1, -1
124, 1, 0
125, 1, 0
125, 1, 0
125, 2, 0
127, 1, 0
124, 1, 0
124, 1, 0
126, 2, -1
124, 1, 0
125, 1, 0
125, 1, 0
125, 1, 0
125, 1, 0
125, 1, 0
126, 2, -1
124, 1, 0
125, 1, 0
125, 1, 0
125, 1, 0
125, 1, 0
136, 2, 0
114, 1, -1
125, 1, 0
126, 1, 0
124, 1, 0
125, 1, 0
125, 1, 0
125, 2, 0
249, 2, -1
127, 1, 0
124, 1, 0
125, 1, 0
125, 1, 0
125, 1, 0
126, 2, 0
124, 1, 0
125, 1, -1
125, 1, 0
125, 1, 0
125, 1, 0
128, 1, 0
122, 1, 0
125, 1, 0
244, 2, 0
257, 1, -1
124, 3, 0
125, 1, 0
125, 1, 0
125, 1, 0
125, 1, 0
125, 2, -1
247, 2, 0
250, 2, 0
128, 1, 0
125, 1, 0
125, 1, 0
142, 1, -1
107, 1, 0
126, 1, 0
125, 1, 0
124, 1, 0
125, 1, 0
126, 1, 0
125, 1, 0
124, 1, 0
125, 1, -1
125, 1, 0
125, 2, 0
248, 2, 0
128, 1, 0
247, 2, 0
128, 1, 0
125, 1, -1
124, 1, 0
125, 1, 0
125, 1, 0
126, 1, 0
125, 1, 0
124, 1, 0
126, 1, 0
124, 1, 0
125, 1, -1
125, 1, 0
126, 1, 0
124, 1, 0
126, 1, 0
124, 1, 0
125, 1, 0
125, 1, 0
126, 1, 0
124, 1, -1
125, 1, 0
125, 1, 0
248, 2, 0
250, 2, 0
274, 1, 0
107, 1, 0
145, 1, -1
105, 1, 0
138, 1, 0
113, 1, 0
124, 1, 0
125, 1, 0
125, 1, 0
125, 1, 0
125, 1, 0
125, 1, 0
125, 0, -1
125, 1, 0
125, 1, 0
125, 1, 0
125, 1, 0
125, 1, 0
125, 1, 0
125, 1, 0
125, 1, -1
245, 1, 0
129, 1, 0
125, 1, 0
125, 1, 0
125, 1, 0
125, 1, 0
125, 1, 0
244, 1, 0
131, 1, 0
125, 1, -1
125, 1, 0
246, 1, 0
155, 1, 0
100, 1, 0
126, 1, 0
124, 1, 0
249, 1, 0
126, 1, 0
126, 1, -1
137, 1, 0
231, 1, 0
133, 1, 0
122, 1, 0
245, 1, 0
127, 1, 0
126, 1, -1
124, 1, 0
247, 1, 0
128, 1, 0
125, 1, 0
247, 1, 0
128, 1, 0
247, 1, 0
131, 1, 0
245, 1, 0
127, 1, -1
125, 1, 0
247, 1, 0
128, 1, 0
462, 1, 0
166, 1, 0
125, 2, 0
264, 1, 0
110, 1, 0
125, 0, -1
124, 1, 0
248, 1, 0
127, 1, 0
125, 1, 0
247, 1, 0
250, 1, 0
250, 1, 0
128, 1, 0
247, 1, 0
130, 0, -1
124, 1, 0
247, 1, 0
127, 1, 0
247, 1, 0
251, 1, 0
250, 1, 0
249, 1, 0
250, 1, 0
250, 1, 0
250, 1, 0
251, 1, -1
249, 1, 0
250, 1, 0
411, 1, 0
214, 1, 0
250, 1, 0
252, 1, 0
375, 1, 0
408, 1, 0
244, 1, 0
347, 1, 0
418, 1, 0
498, 1, 0
90, 0, -1
244, 1, 0
412, 1, 0
464, 1, 0
539, 1, 0
460, 1, 0
790, 1, 0
624, 1, 0
836, 1, 0
1679, 1, 0
10997, -1, 0
2719, -1, 0
1523, -1, 0
1501, -1, 0
1126, -1, 0
852, -1, 0
911, -1, 0
845, -1, 0
497, -1, 0
642, -1, 0
731, -1, 0
532, -1, 0
462, -1, 0
536, -1, 0
499, -1, 0
340, -1, 0
504, -1, 0
372, -1, 0
533, -1, 0
342, -1, 0
374, -1, 0
375, -1, 0
375, -1, 0
262, -1, 0
497, -1, 0
245, -1, 0
373, -1, 0
249, -1, 0
374, -1, 0
250, -1, 0
375, -1, 0
249, -1, 0
376, -1, 0
249, -1, 0
250, -1, 0
251, -1, 0
377, -1, 0
248, -1, 0
249, -1, 0
251, -1, 0
380, -1, 0
127, 0, 1
121, -1, 0
246, -1, 0
251, -1, 0
249, -1, 0
251, -1, 0
456, -1, 0
187, -1, 0
115, -1, 0
242, -1, 0
251, -1, 0
128, -1, 0
246, -1, 1
249, -1, 0
250, -1, 0
250, -1, 0
251, -1, 0
127, -1, 0
247, -1, 0
250, -1, 0
129, 0, 1
125, -1, 0
247, -1, 0
127, -1, 0
251, -1, 0
126, -1, 0
371, -1, 0
129, -1, 0
246, -1, 0
128, -1, 0
246, -1, 0
128, 0, 1
125, -1, 0
125, -1, 0
248, -1, 0
127, -1, 0
248, -1, 0
127, -1, 0
247, -1, 1
129, -1, 0
247, -1, 0
139, -1, 0
237, -1, 0
248, -1, 0
128, -1, 0
247, -1, 0
129, -1, 1
124, -1, 0
247, -1, 0
128, -1, 0
248, -1, 0
127, -1, 0
247, -1, 1
128, -1, 0
247, -1, 0
128, -1, 0
125, -1, 0
247, -1, 0
128, -1, 0
251, -1, 0
126, -1, 0
124, -1, 0
125, 0, 1
125, -1, 0
124, -1, 0
125, -1, 0
247, -1, 0
128, -1, 0
125, -1, 0
247, -1, 0
129, -1, 1
250, -1, 0
123, -1, 0
124, -1, 0
247, -1, 0
130, -1, 0
123, -1, 0
125, -1, 0
126, 0, 1
124, -1, 0
126, -1, 0
124, -1, 0
126, -1, 0
124, -1, 0
247, -1, 0
132, -1, 0
121, -1, 0
247, -1, 1
128, -1, 0
125, -1, 0
127, -1, 0
245, -1, 0
128, -1, 0
125, -1, 0
126, -1, 1
124, -1, 0
125, -1, 0
248, -1, 0
127, -1, 0
126, -1, 0
124, -1, 0
365, -1, 0
266, -1, 1
121, -3, 0
125, -1, 0
124, -1, 0
248, -1, 0
138, -1, 0
114, -1, 0
125, -1, 1
124, -1, 0
126, -1, 0
124, -1, 0
251, -1, 0
125, -1, 0
124, -1, 0
125, -1, 1
125, -1, 0
126, -1, 0
124, -1, 0
125, -1, 0
125, -1, 0
125, -1, 0
247, -2, 0
128, 0, 1
133, -2, 0
240, -1, 0
128, -1, 0
125, -1, 0
124, -1, 0
125, -1, 0
125, -1, 0
125, -1, 0
126, -1, 1
124, -1, 0
125, -1, 0
124, -1, 0
126, -1, 0
126, -1, 0
124, -1, 0
125, -1, 0
126, 0, 1
124, -2, 0
248, -2, 0
249, -2, 0
250, -2, 0
128, 0, 1
125, -2, 0
129, -1, 0
244, -2, 0
249, -2, 0
128, 0, 1
125, -2, 0
126, -1, 0
124, -1, 0
125, -1, 0
125, -1, 0
125, -1, 0
125, -1, 0
126, -1, 1
124, -1, 0
125, -1, 0
126, -1, 0
129, -1, 0
124, -1, 0
121, -2, 0
256, -2, 1
133, -1, 0
117, -1, 0
121, -1, 0
127, -1, 0
122, -1, 0
126, -1, 0
124, -1, 0
131, -1, 1
123, -1, 0
120, -1, 0
129, -2, 0
122, -1, 0
124, -1, 0
134, -1, 0
133, -1, 1
113, -1, 0
123, -1, 0
124, -1, 0
126, -2, 0
124, -1, 0
125, -1, 0
127, -1, 1
123, -1, 0
125, -1, 0
125, -1, 0
125, -2, 0
125, -1, 0
126, -1, 0
124, -1, 1
129, -1, 0
121, -1, 0
151, -1, 0
103, -2, 0
123, -1, 0
125, -1, 0
125, -1, 1
123, -2, 0
128, -1, 0
123, -1, 0
124, -1, 0
125, -1, 0
125, -1, 0
125, -1, 1
125, -2, 0
126, -1, 0
123, -1, 0
128, -1, 0
123, -2, 0
126, -1, 1
124, -1, 0
125, -1, 0
125, -1, 0
126, -1, 0
124, -1, 0
134, -2, 1
284, -1, 0
219, -2, 0
140, -3, 1
107, -2, 0
242, -2, 0
128, -1, 0
122, -1, 0
124, -2, 1
125, -1, 0
124, -1, 0
126, -1, 0
126, -2, 0
124, -1, 1
126, -1, 0
124, -1, 0
125, -2, 0
125, -1, 0
125, -1, 0
125, -1, 1
126, -1, 0
123, -2, 0
129, -1, 0
122, -2, 0
125, -1, 0
126, -1, 1
124, -1, 0
141, -2, 0
112, -1, 0
123, -1, 0
128, -1, 1
121, -1, 0
125, -2, 0
125, -1, 0
126, -2, 0
124, -1, 0
126, -1, 0
125, -1, 1
127, -2, 0
124, -1, 0
123, -2, 0
125, -1, 0
125, -1, 0
126, -1, 1
125, -1, 0
124, -2, 0
125, -1, 0
128, -1, 0
123, -2, 1
124, -1, 0
125, -1, 0
125, -2, 0
125, -1, 0
126, -2, 1
130, -1, 0
125, -1, 0
121, -2, 0
125, -1, 0
124, -1, 1
124, -1, 0
125, -2, 0
125, -1, 0
125, -2, 0
127, -1, 0
124, -1, 1
124, -2, 0
125, -1, 0
125, -1, 0
124, -1, 0
126, -2, 1
125, -1, 0
129, -2, 0
121, -1, 0
125, -1, 0
125, -2, 1
125, -1, 0
125, -1, 0
124, -2, 0
125, -1, 0
130, -1, 0
122, -2, 1
126, -1, 0
123, -2, 0
125, -1, 0
128, -1, 0
122, -1, 1
125, -2, 0
131, -1, 0
122, -2, 0
122, -1, 0
124, -2, 0
125, -1, 1
125, -1, 0
126, -2, 0
124, -1, 0
125, -2, 0
130, -1, 1
121, -1, 0
128, -1, 0
133, -2, 0
110, -1, 0
124, -2, 1
123, -1, 0
125, -2, 0
126, -1, 0
124, -1, 0
125, -2, 0
126, -1, 1
127, -1, 0
122, -2, 0
125, -1, 0
140, -1, 0
115, -2, 1
125, -1, 0
123, -2, 0
131, -1, 0
127, -1, 0
136, -2, 0
115, -1, 1
118, -2, 0
124, -1, 0
126, -2, 0
125, -1, 0
124, -1, 0
128, -1, 1
123, -2, 0
124, -1, 0
125, -2, 0
126, -1, 0
125, -1, 1
125, -2, 0
370, -1, 0
266, -2, 0
121, -6, 1
123, -1, 0
126, -1, 0
124, -1, 0
236, -2, 1
274, -1, 0
116, -4, 0
125, -2, 1
127, -1, 0
138, -2, 0
113, -1, 0
117, -1, 0
124, -1, 1
130, -2, 0
124, -1, 0
123, -1, 0
124, -2, 0
125, -1, 0
125, -2, 1
125, -1, 0
140, -2, 0
115, -1, 0
123, -2, 0
132, -1, 0
121, -1, 1
124, -1, 0
122, -2, 0
142, -1, 0
110, -1, 0
124, -2, 1
105, -1, 0
127, -2, 0
123, -1, 0
125, -2, 0
125, -1, 1
125, -2, 0
125, -1, 0
125, -1, 0
125, -1, 0
125, -1, 1
125, -2, 0
125, -1, 0
125, -2, 0
125, -1, 0
125, -2, 0
125, -1, 1
125, -2, 0
125, -1, 0
125, -1, 0
125, -1, 0
126, -2, 1
124, -1, 0
125, -1, 0
125, -2, 0
125, -1, 0
125, -2, 1
125, -1, 0
125, -1, 0
125, -2, 0
125, -1, 0
125, -1, 0
146, -2, 1
104, -1, 0
125, -1, 0
124, -2, 0
126, -1, 0
125, -1, 0
125, -2, 1
124, -1, 0
125, -1, 0
126, -2, 0
125, -1, 0
125, -2, 1
125, -1, 0
125, -1, 0
125, -1, 0
125, -1, 0
125, -2, 0
124, -1, 0
126, -2, 1
125, -1, 0
124, -1, 0
126, -2, 0
124, -1, 0
126, -1, 1
125, -1, 0
125, -2, 0
124, -1, 0
125, -1, 0
126, -2, 0
125, -1, 1
125, -1, 0
124, -2, 0
126, -1, 0
125, -1, 0
125, -2, 0
125, -1, 0
125, -1, 1
125, -1, 0
125, -2, 0
124, -1, 0
126, -2, 0
124, -1, 0
126, -1, 1
125, -1, 0
125, -2, 0
126, -1, 0
124, -1, 0
125, -1, 0
125, -1, 1
124, -2, 0
125, -1, 0
126, -1, 0
125, -1, 0
125, -2, 0
125, -1, 0
125, -2, 1
124, -1, 0
126, -1, 0
124, -1, 0
125, -1, 0
125, -2, 0
126, -1, 0
124, -1, 1
125, -1, 0
125, -2, 0
329, -1, 0
175, -1, 0
126, -4, 1
124, -1, 0
123, -1, 0
124, -1, 0
124, -2, 0
124, -1, 0
126, -1, 1
125, -1, 0
125, -2, 0
125, -1, 0
125, -1, 0
125, -1, 0
125, -1, 0
126, -2, 1
124, -1, 0
125, -1, 0
125, -1, 0
125, -2, 0
125, -1, 0
125, -1, 0
125, -1, 1
125, -2, 0
125, -1, 0
125, -1, 0
125, -1, 0
125, -1, 0
126, -1, 0
150, -1, 0
99, -2, 1
125, -1, 0
125, -1, 0
125, -1, 0
125, -1, 0
125, -1, 0
125, -2, 1
142, -1, 0
109, -1, 0
124, -1, 0
125, -1, 0
125, -1, 0
125, -1, 0
125, -2, 0
125, -1, 1
133, -1, 0
117, -1, 0
125, -1, 0
125, -1, 0
125, -1, 0
125, -1, 0
125, -1, 0
125, -2, 0
145, -1, 0
105, -1, 1
125, -1, 0
125, -1, 0
125, -1, 0
125, -2, 0
247, -2, 0
150, -1, 0
226, -2, 1
131, -1, 0
124, -1, 0
125, -1, 0
125, -1, 0
125, -1, 0
125, -1, 0
125, -1, 1
125, -1, 0
125, -1, 0
125, -1, 0
125, -1, 0
125, -1, 0
125, -1, 0
139, -1, 0
111, -1, 0
126, -1, 0
124, -2, 1
246, -2, 0
135, -1, 0
119, -1, 0
125, -1, 0
125, -1, 0
125, -1, 0
245, -2, 0
130, -1, 0
125, -1, 1
125, -1, 0
148, -1, 0
102, -1, 0
125, -1, 0
125, -1, 0
245, -2, 0
130, -1, 0
125, 0, 1
127, -1, 0
123, -2, 0
244, -2, 0
250, -1, 0
131, -1, 0
125, -1, 0
126, -1, 0
125, -1, 0
122, -1, 1
125, -1, 0
125, -1, 0
126, -1, 0
124, -1, 0
247, -2, 0
249, -2, 0
250, -1, 0
128, -1, 1
126, -1, 0
124, -1, 0
125, -1, 0
126, -1, 0
247, -1, 0
127, -1, 0
125, -1, 0
125, -1, 0
237, -1, 0
264, -1, 0
124, -2, 1
125, -1, 0
125, -1, 0
127, -1, 0
245, -1, 0
128, -1, 0
125, -1, 0
125, -1, 0
247, -1, 1
128, -1, 0
125, -1, 0
125, -1, 0
125, -1, 0
247, -1, 0
128, -1, 0
125, -1, 0
125, -1, 0
247, -1, 0
128, -1, 0
125, -1, 0
126, -1, 1
125, -1, 0
247, -1, 0
127, -1, 0
125, -1, 0
247, -1, 0
128, -1, 0
247, -1, 0
128, -1, 0
125, -1, 0
247, -1, 0
128, -1, 1
125, -1, 0
247, -1, 0
128, -1, 0
268, -1, 0
107, -1, 0
247, -1, 0
127, -1, 0
248, -1, 0
132, -1, 0
124, -1, 0
244, -1, 0
250, -1, 0
131, -1, 0
244, -1, 1
131, -1, 0
244, -1, 0
131, -1, 0
244, -1, 0
250, -1, 0
131, -1, 0
244, -1, 0
250, -1, 0
250, -1, 0
131, -1, 0
244, -1, 0
131, -1, 0
244, -1, 1
250, -1, 0
250, -1, 0
251, -1, 0
249, -1, 0
250, -1, 0
250, -1, 0
250, -1, 0
250, -1, 0
250, -1, 0
250, -1, 0
251, -1, 0
375, -1, 1
249, -1, 0
250, -1, 0
376, -1, 0
249, -1, 0
376, -1, 0
249, -1, 0
408, -1, 0
217, -1, 0
415, -1, 0
346, -1, 0
365, -1, 0
415, -1, 0
397, -1, 0
468, -1, 0
502, -1, 0
372, -1, 0
626, -1, 0
470, -1, 0
532, -1, 0
749, -1, 0
749, -1, 0
876, -1, 0
1145, -1, 0
1740, -1, 0
10510, 1, 0
2584, 1, 0
1408, 1, 0
1367, 1, 0
502, 0, 1
619, 1, 0
868, 1, 0
749, 1, 0
748, 1, 0
624, 1, 0
619, 1, 0
661, 1, 0
217, 0, 1
249, 1, 0
514, 1, 0
486, 1, 0
497, 1, 0
375, 1, 0
382, 1, 0
495, 1, 0
373, 1, 0
428, 1, 0
325, 1, 0
423, 1, 0
199, 1, 0
375, 1, 0
249, 1, 0
434, 1, 0
318, 1, 0
249, 1, 0
250, 1, 0
251, 1, 0
375, 1, 0
249, 1, 0
250, 1, 0
250, 1, 0
250, 1, 0
374, 1, 0
251, 1, 0
249, 1, 0
129, 1, 0
247, 1, 0
250, 1, 0
251, 1, 0
249, 1, 0
250, 1, 0
250, 1, 0
128, 1, 0
247, 1, 0
249, 1, 0
250, 1, 0
128, 1, 0
248, 1, 0
128, 1, 0
244, 1, 0
252, 1, 0
127, 1, 0
247, 1, 0
250, 1, 0
131, 1, 0
124, 1, 0
247, 1, 0
127, 1, 0
248, 1, 0
127, 1, 0
247, 1, 0
128, 1, 0
247, 1, 0
128, 1, -1
126, 1, 0
246, 1, 0
128, 1, 0
125, 1, 0
247, 1, 0
130, 1, 0
247, 1, 0
127, 1, 0
125, 1, 0
247, 1, 0
127, 1, 0
125, 1, 0
247, 1, 0
128, 1, -1
127, 1, 0
125, 1, 0
245, 1, 0
128, 1, 0
125, 1, 0
128, 1, 0
125, 1, 0
245, 1, 0
127, 1, 0
314, 1, 0
196, 0, -1
148, 3, 0
94, 1, 0
122, 1, 0
125, 1, 0
246, 1, 0
128, 1, 0
125, 1, 0
139, 1, 0
113, 1, 0
125, 1, 0
125, 1, 0
126, 1, -1
246, 1, 0
128, 1, 0
125, 1, 0
126, 1, 0
124, 1, 0
125, 1, 0
125, 1, 0
125, 1, 0
125, 1, 0
125, 1, 0
248, 2, -1
251, 2, 0
250, 1, 0
127, 1, 0
138, 1, 0
117, 1, 0
124, 1, 0
125, 1, 0
124, 1, 0
127, 1, 0
122, 1, -1
131, 1, 0
119, 1, 0
124, 1, 0
125, 1, 0
127, 1, 0
124, 1, 0
127, 1, 0
123, 1, 0
124, 1, 0
125, 1, 0
125, 1, -1
125, 1, 0
125, 1, 0
127, 2, 0
247, 2, 0
126, 1, 0
125, 1, 0
125, 1, -1
125, 1, 0
125, 1, 0
126, 1, 0
127, 1, 0
123, 1, 0
124, 1, 0
125, 1, 0
125, 1, 0
125, 1, 0
125, 2, 0
126, 1, 0
128, 1, 0
122, 1, -1
124, 1, 0
125, 1, 0
125, 1, 0
125, 1, 0
125, 1, 0
126, 2, 0
247, 2, 0
127, 1, 0
139, 1, -1
111, 1, 0
124, 2, 0
125, 1, 0
247, 2, 0
128, 1, 0
125, 1, -1
125, 1, 0
123, 2, 0
127, 1, 0
122, 1, 0
125, 1, 0
126, 1, 0
124, 1, 0
125, 2, -1
125, 1, 0
127, 1, 0
125, 1, 0
125, 1, 0
125, 2, 0
125, 1, 0
126, 1, 0
124, 1, 0
126, 2, -1
124, 1, 0
125, 1, 0
127, 1, 0
124, 1, 0
125, 1, 0
126, 2, 0
124, 1, 0
124, 1, -1
125, 2, 0
125, 1, 0
124, 1, 0
126, 1, 0
131, 2, 0
126, 1, 0
120, 1, 0
129, 1, -1
120, 1, 0
124, 2, 0
125, 1, 0
125, 1, 0
125, 1, 0
126, 2, 0
125, 1, -1
125, 2, 0
124, 1, 0
356, 1, 0
275, 1, 0
126, 6, -1
120, 1, 0
123, 1, 0
125, 1, 0
125, 2, 0
137, 1, 0
121, 2, 0
131, 1, -1
123, 1, 0
128, 1, 0
119, 1, 0
120, 2, 0
124, 1, 0
133, 2, 0
117, 1, -1
125, 2, 0
123, 1, 0
132, 1, 0
121, 1, 0
128, 2, -1
123, 1, 0
120, 1, 0
125, 2, 0
133, 1, 0
123, 2, 0
125, 1, 0
123, 1, -1
124, 1, 0
125, 2, 0
126, 1, 0
124, 2, 0
125, 1, 0
124, 1, -1
129, 2, 0
121, 1, 0
126, 2, 0
124, 1, 0
125, 2, 0
125, 1, -1
125, 1, 0
125, 1, 0
127, 2, 0
123, 1, 0
126, 2, 0
124, 1, 0
125, 1, -1
125, 2, 0
125, 1, 0
125, 2, 0
127, 1, 0
121, 2, 0
125, 1, -1
127, 2, 0
122, 1, 0
126, 2, 0
124, 1, 0
125, 1, 0
125, 2, -1
130, 1, 0
124, 2, 0
126, 1, 0
123, 2, 0
125, 1, 0
125, 2, -1
128, 1, 0
123, 1, 0
126, 2, 0
124, 1, 0
125, 1, 0
124, 2, -1
125, 2, 0
124, 1, 0
126, 1, 0
125, 2, 0
127, 1, -1
124, 2, 0
124, 1, 0
126, 2, 0
124, 1, 0
128, 2, 0
122, 1, -1
125, 2, 0
129, 1, 0
122, 2, 0
124, 1, 0
126, 2, -1
124, 1, 0
125, 2, 0
125, 1, 0
125, 2, 0
128, 1, 0
122, 1, 0
125, 2, -1
126, 1, 0
124, 2, 0
125, 1, 0
125, 2, 0
125, 1, -1
126, 2, 0
131, 1, 0
121, 2, 0
122, 1, 0
126, 2, -1
123, 1, 0
126, 2, 0
128, 1, 0
124, 2, 0
128, 1, 0
122, 2, -1
125, 2, 0
124, 1, 0
124, 2, 0
125, 1, 0
125, 1, -1
124, 2, 0
127, 2, 0
125, 1, 0
124, 1, 0
125, 2, 0
126, 1, -1
124, 2, 0
125, 1, 0
125, 2, 0
127, 1, 0
123, 2, -1
125, 1, 0
125, 2, 0
126, 1, 0
125, 2, 0
281, 1, -1
228, 2, 0
124, 5, 0
122, 1, 0
122, 2, -1
123, 1, 0
124, 2, 0
125, 1, 0
125, 2, 0
128, 1, 0
122, 1, -1
125, 2, 0
124, 1, 0
127, 2, 0
124, 2, -1
125, 2, 0
125, 1, 0
127, 2, 0
123, 1, 0
125, 2, -1
124, 1, 0
127, 1, 0
124, 2, 0
125, 1, 0
125, 2, -1
129, 1, 0
133, 2, 0
112, 1, 0
123, 2, 0
125, 2, -1
124, 1, 0
125, 2, 0
124, 2, 0
125, 1, 0
125, 1, 0
126, 2, -1
125, 1, 0
125, 2, 0
125, 1, 0
125, 2, -1
125, 2, 0
125, 2, 0
125, 1, 0
143, 2, 0
120, 1, -1
117, 1, 0
123, 2, 0
128, 1, 0
123, 2, 0
124, 1, 0
125, 2, -1
124, 1, 0
126, 2, 0
126, 1, 0
128, 2, -1
123, 2, 0
118, 2, 0
125, 1, 0
125, 1, 0
125, 2, 0
125, 1, -1
126, 2, 0
125, 1, 0
126, 2, 0
125, 1, -1
124, 2, 0
141, 1, 0
164, 2, 0
79, 2, 0
128, 2, -1
118, 1, 0
122, 1, 0
124, 2, 0
127, 1, 0
123, 2, -1
125, 1, 0
130, 2, 0
123, 1, 0
124, 2, -1
125, 2, 0
123, 1, 0
130, 2, 0
122, 1, 0
122, 2, -1
135, 1, 0
117, 2, 0
123, 1, 0
126, 2, 0
116, 1, 0
124, 2, -1
124, 1, 0
126, 2, 0
125, 1, 0
125, 2, -1
125, 1, 0
125, 2, 0
124, 2, 0
125, 1, 0
126, 2, 0
124, 1, -1
125, 2, 0
125, 1, 0
125, 2, 0
125, 1, 0
126, 2, -1
125, 1, 0
125, 1, 0
125, 2, 0
125, 1, 0
125, 2, -1
125, 2, 0
125, 1, 0
124, 2, 0
125, 1, -1
125, 2, 0
125, 2, 0
125, 1, 0
125, 2, 0
126, 1, 0
126, 1, -1
124, 2, 0
124, 1, 0
126, 2, 0
125, 1, 0
125, 2, -1
125, 1, 0
125, 2, 0
124, 1, 0
125, 2, 0
126, 1, -1
124, 2, 0
285, 1, 0
217, 1, 0
124, 5, -1
124, 2, 0
125, 1, 0
125, 2, 0
126, 1, -1
124, 1, 0
125, 2, 0
126, 2, 0
124, 1, 0
125, 2, -1
125, 1, 0
125, 2, 0
125, 1, 0
125, 2, 0
125, 1, -1
126, 2, 0
124, 1, 0
125, 2, 0
126, 1, 0
124, 1, 0
125, 2, -1
126, 1, 0
124, 2, 0
126, 1, 0
125, 2, 0
127, 1, -1
121, 2, 0
125, 1, 0
125, 2, 0
124, 1, 0
126, 2, -1
124, 1, 0
125, 1, 0
125, 2, 0
125, 1, 0
125, 2, 0
125, 1, -1
125, 2, 0
125, 1, 0
126, 2, 0
124, 1, 0
125, 2, 0
125, 1, -1
125, 1, 0
125, 2, 0
125, 1, 0
126, 2, 0
124, 1, -1
125, 1, 0
125, 2, 0
125, 1, 0
125, 1, 0
125, 2, 0
126, 1, -1
124, 2, 0
126, 1, 0
146, 1, 0
103, 2, 0
125, 1, -1
125, 2, 0
125, 1, 0
125, 2, 0
127, 1, 0
126, 2, -1
130, 1, 0
120, 2, 0
122, 1, 0
130, 1, 0
123, 1, -1
124, 1, 0
126, 2, 0
124, 1, 0
125, 2, 0
126, 1, 0
124, 2, -1
125, 1, 0
126, 2, 0
124, 1, 0
125, 2, 0
126, 1, 0
145, 1, -1
105, 1, 0
124, 2, 0
126, 1, 0
124, 1, 0
125, 2, -1
126, 1, 0
125, 2, 0
124, 1, 0
126, 2, 0
124, 1, 0
125, 1, -1
125, 1, 0
130, 2, 0
144, 1, 0
104, 1, 0
139, 2, 0
112, 1, -1
124, 2, 0
125, 1, 0
126, 1, 0
124, 1, 0
125, 2, 0
125, 1, -1
126, 1, 0
124, 2, 0
126, 1, 0
124, 2, 0
125, 1, 0
126, 1, -1
124, 1, 0
126, 2, 0
124, 1, 0
125, 2, 0
126, 1, 0
125, 1, -1
125, 1, 0
124, 1, 0
125, 2, 0
125, 1, 0
125, 2, -1
125, 1, 0
125, 1, 0
125, 1, 0
125, 2, 0
126, 1, 0
124, 1, -1
125, 1, 0
126, 2, 0
702, 1, 0
173, 1, 0
124, 8, -1
125, 1, 0
125, 1, -1
125, 2, 0
125, 1, 0
126, 1, 0
125, 1, 0
124, 1, 0
142, 2, -1
105, 1, 0
125, 1, 0
125, 1, 0
126, 2, 0
125, 1, 0
124, 1, 0
125, 1, -1
125, 1, 0
128, 2, 0
122, 1, 0
126, 1, 0
124, 1, 0
125, 1, 0
125, 1, -1
125, 2, 0
127, 1, 0
123, 1, 0
124, 1, 0
129, 2, 0
121, 1, 0
125, 1, 0
124, 1, -1
125, 1, 0
125, 2, 0
247, 2, 0
128, 1, -1
125, 1, 0
125, 1, 0
125, 2, 0
125, 1, 0
125, 1, 0
125, 1, 0
125, 1, 0
125, 1, -1
125, 1, 0
125, 1, 0
125, 1, 0
125, 2, 0
125, 1, 0
125, 1, -1
126, 1, 0
124, 1, 0
125, 1, 0
125, 1, 0
125, 1, 0
125, 1, 0
125, 1, 0
126, 1, 0
124, 2, -1
247, 2, 0
128, 1, 0
125, 1, 0
125, 1, 0
125, 1, 0
125, 1, -1
125, 1, 0
125, 1, 0
125, 1, 0
125, 1, 0
125, 1, 0
125, 2, 0
247, 2, -1
128, 1, 0
125, 1, 0
125, 1, 0
247, 2, 0
250, 2, 0
250, 2, -1
128, 1, 0
125, 1, 0
125, 1, 0
125, 1, 0
125, 1, 0
125, 1, 0
125, 1, 0
126, 0, -1
124, 2, 0
247, 1, 0
128, 1, 0
125, 1, 0
125, 1, 0
125, 1, 0
125, 1, 0
125, 1, 0
125, 1, 0
125, 1, -1
125, 1, 0
126, 1, 0
124, 1, 0
125, 1, 0
125, 1, 0
247, 1, 0
128, 1, 0
125, 1, -1
125, 1, 0
125, 1, 0
126, 1, 0
124, 1, 0
127, 1, 0
250, 2, 0
248, 1, 0
136, 1, 0
116, 1, 0
125, 1, -1
125, 1, 0
247, 1, 0
128, 1, 0
262, 1, 0
239, 1, 0
124, 2, 0
125, 1, 0
125, 1, -1
125, 1, 0
247, 1, 0
128, 1, 0
125, 1, 0
125, 1, 0
247, 1, 0
128, 1, 0
125, 1, 0
247, 1, 0
128, 1, -1
125, 1, 0
247, 1, 0
128, 1, 0
125, 1, 0
125, 1, 0
247, 1, 0
128, 1, 0
125, 1, 0
247, 1, 0
128, 1, -1
247, 1, 0
250, 1, 0
128, 1, 0
125, 1, 0
247, 1, 0
129, 1, 0
247, 1, 0
128, 1, 0
246, 1, 0
128, 1, 0
247, 1, -1
250, 1, 0
128, 1, 0
247, 1, 0
128, 1, 0
249, 1, 0
249, 1, 0
285, 1, 0
107, 1, 0
232, 1, 0
250, 1, 0
249, 1, 0
250, 1, 0
251, 1, 0
131, 0, -1
124, 1, 0
244, 1, 0
250, 1, 0
251, 1, 0
250, 1, 0
251, 1, 0
249, 1, 0
250, 1, 0
405, 1, 0
219, 1, 0
409, 1, 0
342, 1, 0
249, 1, 0
409, 1, 0
342, 1, 0
375, 1, 0
376, 1, 0
405, 1, 0
502, 1, 0
471, 1, 0
498, 1, 0
847, 1, 0
277, 1, 0
779, 1, 0
1003, 1, 0
1000, 1, 0
2016, 1, 0
14357, -1, 0
2526, -1, 0
1487, -1, 0
1129, -1, 0
846, -1, 0
869, -1, 0
640, -1, 0
774, -1, 0
468, -1, 0
622, -1, 0
499, -1, 0
501, -1, 0
504, -1, 0
371, -1, 0
497, -1, 0
502, -1, 0
373, -1, 0
378, -1, 0
373, -1, 0
536, -1, 0
220, 0, 1
118, -1, 0
254, -1, 0
248, -1, 0
501, -1, 0
373, -1, 0
249, -1, 0
377, -1, 0
249, -1, 1
248, -1, 0
375, -1, 0
379, -1, 0
248, -1, 0
249, -1, 0
254, -1, 0
373, -1, 1
247, -1, 0
250, -1, 0
256, -1, 0
245, -1, 0
249, -1, 0
250, -1, 0
130, 0, 1
127, -1, 0
245, -1, 0
250, -1, 0
248, -1, 0
254, -1, 0
247, -1, 0
251, -1, 1
248, -1, 0
254, -1, 0
128, -1, 0
244, -1, 0
250, -1, 0
249, -1, 1
130, -1, 0
248, -1, 0
128, -1, 0
372, -1, 0
126, -1, 0
252, -1, 1
125, -1, 0
244, -1, 0
250, -1, 0
129, -1, 0
250, -1, 0
127, -1, 1
244, -1, 0
130, -1, 0
245, -1, 0
255, -1, 0
125, -1, 0
126, -1, 0
124, 0, 1
125, -1, 0
126, -1, 0
245, -1, 0
133, -1, 0
243, -1, 0
129, -1, 1
246, -1, 0
127, -1, 0
126, -1, 0
247, -1, 0
128, -1, 1
253, -1, 0
121, -1, 0
131, -1, 0
242, -1, 0
130, -1, 0
128, -1, 1
241, -1, 0
130, -1, 0
127, -1, 0
316, -1, 0
214, -1, 1
89, -2, 0
135, -1, 0
245, -1, 0
126, -1, 0
124, -1, 1
125, -1, 0
245, -1, 0
131, -1, 0
124, -1, 0
125, -1, 0
126, -1, 1
125, -1, 0
245, -1, 0
129, -1, 0
125, -1, 0
126, -1, 1
243, -1, 0
130, -1, 0
126, -1, 0
125, -1, 0
127, -1, 1
123, -1, 0
125, -1, 0
125, -1, 0
126, -1, 0
243, -1, 0
130, -1, 1
128, -1, 0
121, -1, 0
128, -1, 0
124, -1, 0
245, -2, 1
252, -1, 0
128, -1, 0
123, -1, 0
124, -1, 0
125, -1, 0
125, -1, 1
126, -1, 0
123, -1, 0
125, -1, 0
128, -1, 0
124, 0, 1
124, -2, 0
246, -2, 0
253, -1, 0
127, -1, 1
126, -1, 0
127, -1, 0
122, -1, 0
123, -1, 0
126, -1, 1
125, -1, 0
125, -1, 0
125, -1, 0
128, -1, 0
128, -1, 1
120, -1, 0
123, -1, 0
126, -1, 0
130, -1, 0
120, -1, 0
124, -1, 1
142, -1, 0
115, -1, 0
126, -1, 0
125, -1, 0
122, -1, 1
122, -1, 0
122, -1, 0
141, -1, 0
117, -1, 0
119, -1, 1
128, -1, 0
127, -1, 0
124, -1, 0
118, -2, 0
257, -2, 1
120, -1, 0
125, -1, 0
123, -1, 0
125, -1, 1
125, -1, 0
126, -1, 0
124, -1, 0
126, -1, 0
125, -1, 1
126, -1, 0
125, -2, 0
124, -1, 0
124, -1, 0
127, -1, 0
124, -1, 1
124, -1, 0
125, -1, 0
126, -1, 0
129, -1, 1
122, -2, 0
123, -1, 0
125, -1, 0
126, -1, 0
126, -1, 1
124, -1, 0
125, -1, 0
125, -1, 0
125, -1, 1
125, -2, 0
124, -1, 0
126, -1, 0
125, -1, 0
125, -1, 1
125, -1, 0
127, -2, 0
122, -1, 0
126, -1, 0
127, -1, 1
122, -1, 0
126, -2, 0
124, -1, 0
369, -1, 1
265, -1, 0
120, -5, 1
123, -1, 0
124, -1, 0
124, -1, 0
126, -2, 0
125, 0, 1
125, -2, 0
125, -1, 0
123, -1, 0
127, -1, 0
128, -2, 1
122, -1, 0
125, -2, 0
252, -1, 1
127, -2, 0
122, -1, 0
124, -1, 0
125, -2, 0
125, -1, 1
124, -1, 0
127, -1, 0
124, -2, 0
125, -1, 1
125, -1, 0
133, -2, 0
117, -1, 0
124, -1, 0
126, -1, 1
125, -1, 0
125, -2, 0
124, -1, 1
126, -1, 0
124, -1, 0
126, -2, 0
124, -1, 1
125, -2, 0
125, -1, 0
249, -2, 1
127, -1, 0
125, -2, 0
125, -1, 0
125, -1, 0
125, -1, 1
124, -2, 0
126, -1, 0
125, -2, 0
124, -1, 1
125, -1, 0
125, -1, 0
125, -1, 0
130, -2, 0
121, -1, 1
125, -2, 0
125, -1, 0
125, -1, 0
124, -1, 0
126, -2, 1
124, -1, 0
125, -2, 0
125, -1, 0
126, -1, 1
125, -2, 0
125, -1, 0
126, -1, 1
124, -1, 0
124, -2, 0
125, -1, 0
126, -2, 0
125, -1, 1
124, -2, 0
126, -1, 0
125, -1, 0
126, -1, 1
123, -2, 0
126, -1, 0
125, -1, 0
125, -2, 0
128, -1, 1
123, -2, 0
125, -1, 0
124, -1, 0
125, -2, 1
124, -1, 0
126, -1, 0
124, -1, 0
125, -2, 1
126, -1, 0
125, -2, 0
125, -1, 0
124, -2, 1
126, -1, 0
124, -2, 0
126, -1, 0
124, -1, 0
126, -1, 1
125, -2, 0
125, -1, 0
127, -1, 0
123, -2, 1
124, -1, 0
126, -2, 0
126, -1, 0
124, -2, 1
130, -1, 0
121, -2, 0
124, -1, 0
125, -2, 1
124, -1, 0
126, -1, 0
125, -2, 0
125, -1, 1
124, -2, 0
126, -1, 0
124, -2, 0
126, -1, 1
125, -1, 0
127, -2, 0
123, -1, 0
127, -2, 1
126, -1, 0
126, -1, 0
127, -1, 0
123, -2, 1
121, -1, 0
125, -2, 0
125, -1, 0
126, -2, 1
280, -1, 0
226, -2, 0
118, -4, 1
126, -1, 0
124, -2, 0
124, -1, 1
125, -2, 0
125, -1, 0
126, -2, 1
125, -1, 0
125, -2, 0
125, -1, 0
125, -2, 1
125, -1, 0
125, -1, 0
125, -2, 0
125, -1, 0
125, -2, 1
124, -1, 0
125, -2, 0
126, -1, 0
124, -2, 1
125, -1, 0
125, -2, 0
126, -1, 0
127, -2, 1
123, -1, 0
124, -1, 0
128, -2, 0
124, -1, 1
123, -2, 0
125, -1, 0
125, -2, 0
126, -1, 1
134, -2, 0
117, -1, 0
124, -2, 0
132, -1, 0
118, -1, 1
125, -2, 0
124, -1, 0
125, -2, 0
128, -1, 1
122, -2, 0
125, -1, 0
126, -2, 0
125, -1, 1
124, -2, 0
126, -1, 0
125, -2, 0
126, -1, 1
123, -1, 0
125, -2, 0
125, -1, 0
140, -2, 1
117, -1, 0
118, -2, 0
122, -1, 0
127, -2, 1
124, -1, 0
125, -2, 0
125, -1, 0
125, -1, 0
123, -2, 1
125, -1, 0
126, -2, 0
125, -1, 0
125, -2, 1
125, -1, 0
131, -2, 0
127, -1, 0
127, -2, 1
121, -1, 0
125, -2, 0
125, -1, 0
121, -2, 1
126, -1, 0
122, -2, 0
126, -1, 0
131, -2, 1
108, -1, 0
140, -2, 0
110, -1, 0
127, -2, 0
122, -1, 1
124, -2, 0
128, -1, 0
123, -2, 0
124, -1, 0
126, -2, 1
124, -1, 0
126, -2, 0
124, -1, 0
126, -2, 1
124, -1, 0
125, -2, 0
125, -1, 0
125, -2, 1
125, -1, 0
125, -1, 0
125, -2, 0
125, -1, 0
128, -2, 1
130, -1, 0
117, -2, 0
125, -1, 0
127, -2, 1
123, -1, 0
126, -2, 0
124, -1, 0
126, -1, 1
124, -2, 0
126, -1, 0
124, -2, 0
125, -1, 0
125, -2, 1
125, -1, 0
125, -2, 0
125, -1, 0
125, -2, 1
125, -1, 0
126, -2, 0
124, -1, 0
125, -1, 0
125, -2, 1
125, -1, 0
125, -2, 0
125, -1, 0
125, -2, 0
125, -1, 0
131, -2, 1
281, -1, 0
216, -2, 0
125, -4, 1
123, -1, 0
124, -2, 0
126, -1, 0
124, -2, 1
125, -1, 0
125, -2, 0
126, -1, 0
124, -2, 0
125, -1, 1
125, -2, 0
125, -1, 0
125, -1, 0
125, -2, 0
125, -1, 0
125, -2, 1
125, -1, 0
125, -2, 0
125, -1, 0
125, -2, 1
125, -1, 0
125, -1, 0
125, -2, 0
125, -1, 0
125, -2, 0
125, -1, 1
126, -1, 0
124, -2, 0
125, -1, 0
127, -1, 0
124, -2, 1
125, -1, 0
124, -2, 0
125, -1, 0
125, -2, 0
125, -1, 0
125, -1, 1
125, -2, 0
125, -1, 0
125, -2, 0
125, -1, 0
125, -2, 0
125, -1, 1
125, -2, 0
125, -1, 0
125, -1, 0
125, -2, 0
125, -1, 1
125, -1, 0
125, -1, 0
125, -2, 0
125, -1, 0
125, -2, 1
125, -1, 0
125, -2, 0
125, -1, 0
125, -2, 0
125, -1, 0
125, -1, 1
125, -1, 0
125, -1, 0
125, -2, 0
125, -1, 0
125, -2, 0
125, -1, 1
125, -2, 0
125, -1, 0
125, -2, 0
125, -1, 0
127, -1, 0
123, -1, 0
125, -1, 1
125, -2, 0
125, -1, 0
125, -2, 0
125, -1, 0
125, -1, 1
125, -1, 0
125, -2, 0
125, -1, 0
125, -2, 0
125, -1, 0
125, -1, 0
125, -2, 0
125, 0, 1
125, -2, 0
125, -1, 0
125, -2, 0
125, -1, 0
125, -1, 0
125, -1, 0
126, -2, 1
126, -1, 0
123, -2, 0
125, -1, 0
128, -1, 0
123, -1, 0
128, -1, 0
125, -2, 1
146, -1, 0
106, -1, 0
123, -1, 0
128, -2, 0
122, -1, 0
125, -2, 0
124, -1, 0
126, -1, 1
125, -1, 0
124, -1, 0
125, -2, 0
125, -1, 0
131, -1, 0
120, -1, 1
125, -2, 0
124, -1, 0
125, -1, 0
125, -1, 0
125, -2, 0
126, -1, 0
125, -1, 0
125, -1, 0
124, -1, 1
125, -2, 0
125, -1, 0
125, -1, 0
125, -1, 0
125, -2, 0
125, -1, 0
126, -1, 0
697, -1, 0
178, -2, 1
124, -6, 0
126, -2, 0
124, -1, 0
125, -1, 0
125, -1, 0
125, -1, 1
125, -1, 0
125, -2, 0
126, -1, 0
125, -1, 0
125, -1, 0
124, -1, 0
123, -1, 0
124, -1, 0
125, -1, 0
125, -2, 1
125, -1, 0
126, -1, 0
124, -1, 0
125, -1, 0
130, -1, 0
121, -1, 0
124, -1, 0
126, -2, 0
247, -2, 1
127, -1, 0
125, -1, 0
125, -1, 0
126, -1, 0
125, -1, 0
125, -1, 0
124, -1, 0
126, -1, 0
125, -1, 0
124, -1, 0
125, -1, 0
126, -1, 0
124, -2, 0
248, -2, 0
128, -1, 1
125, -1, 0
124, -1, 0
128, -1, 0
123, -1, 0
126, -1, 0
125, -1, 0
125, -1, 0
123, -1, 0
128, -1, 0
122, -1, 0
125, -1, 0
125, -1, 0
125, -1, 0
125, -1, 0
125, -1, 0
125, -1, 1
126, -1, 0
124, -1, 0
125, -1, 0
125, -1, 0
125, -1, 0
247, -2, 0
251, -2, 0
249, -1, 0
128, -1, 0
125, -1, 0
125, -1, 0
125, -1, 0
125, -1, 0
125, -1, 0
125, -1, 0
125, -1, 0
125, -1, 0
251, -2, 1
247, -1, 0
128, -1, 0
124, -1, 0
125, -1, 0
125, -1, 0
125, -1, 0
247, -2, 0
250, -1, 0
128, -1, 0
125, -1, 0
125, -1, 0
247, -1, 0
128, -1, 0
125, -1, 0
125, -1, 0
125, -1, 0
248, -1, 0
127, -1, 0
126, -1, 0
124, -1, 0
247, -1, 0
128, -1, 0
125, -1, 0
125, -1, 0
126, -1, 0
246, -1, 0
128, -1, 0
125, -1, 0
247, -1, 0
129, -1, 0
248, -1, 0
126, -1, 0
125, -1, 0
248, -1, 0
129, -1, 0
124, -1, 0
380, -1, 0
249, -1, 0
121, -2, 0
247, -1, 0
127, -1, 0
247, -1, 0
128, -1, 0
247, -1, 0
128, -1, 0
247, -1, 0
128, -1, 0
248, -1, 0
249, -1, 0
128, -1, 0
247, -1, 0
128, -1, 0
247, -1, 0
250, -1, 0
128, -1, 0
247, -1, 0
250, -1, 0
250, -1, 0
250, -1, 0
128, -1, 0
247, -1, 0
250, -1, 0
250, -1, 0
250, -1, 0
250, -1, 0
250, -1, 0
375, -1, 0
128, -1, 0
253, 0, -1
125, -1, 0
247, -1, 0
248, -1, 0
374, -1, 0
250, -1, 0
250, -1, 0
375, -1, 0
375, -1, 0
250, -1, 0
375, -1, 0
128, 0, -1
247, -1, 0
424, -1, 0
326, -1, 0
375, -1, 0
379, -1, 0
248, 0, -1
248, -1, 0
501, -1, 0
500, -1, 0
500, -1, 0
499, -1, -1
625, -1, 0
625, -1, 0
876, -1, 0
130, 0, -1
621, -1, 0
752, -1, 0
1248, -1, -1
1625, -1, 0
2003, -1, 0
370, 0, -1
9379, 1, 0
2248, 1, 0
1623, 1, 0
1001, 1, -1
874, 1, 0
1000, 1, 0
625, 1, 0
625, 1, 0
752, 1, 0
499, 1, 0
499, 1, 0
500, 1, -1
500, 1, 0
375, 1, 0
500, 1, 0
375, 1, 0
500, 1, 0
375, 1, 0
375, 1, 0
374, 1, 0
251, 1, 0
500, 1, 0
250, 1, 0
377, 1, 0
250, 1, -1
374, 1, 0
248, 1, 0
376, 1, 0
374, 1, 0
128, 1, 0
372, 1, 0
250, 1, 0
252, 1, 0
376, 1, 0
126, 1, 0
374, 1, 0
248, 1, 0
250, 1, 0
250, 1, 0
250, 1, 0
250, 1, 0
250, 1, 0
250, 1, -1
250, 1, 0
250, 1, 0
250, 1, 0
250, 1, 0
127, 1, 0
248, 1, 0
250, 1, 0
250, 1, 0
250, 1, 0
128, 1, 0
247, 1, 0
128, 1, 0
247, 1, 0
250, 1, 0
129, 1, 0
249, 1, 0
253, 1, 0
245, 1, 0
127, 1, 0
247, 1, -1
250, 1, 0
186, 1, 0
189, 1, 0
131, 1, 0
243, 1, 0
132, 1, 0
244, 1, 0
249, 1, 0
131, 1, 0
125, 1, 0
245, 1, 0
130, 1, 0
244, 1, 0
132, 1, 0
244, 1, 0
130, 1, 0
246, 1, 0
130, 1, 0
125, 1, -1
244, 1, 0
131, 1, 0
124, 1, 0
245, 1, 0
130, 1, 0
244, 1, 0
131, 1, 0
125, 1, 0
245, 1, 0
130, 1, 0
125, 1, 0
244, 1, 0
131, 1, 0
244, 1, 0
132, 1, 0
124, 1, 0
245, 2, 0
250, 1, -1
127, 1, 0
125, 1, 0
247, 1, 0
128, 1, 0
125, 1, 0
247, 1, 0
128, 1, 0
125, 1, 0
125, 1, 0
248, 1, 0
127, 1, 0
125, 1, 0
125, 1, 0
247, 1, 0
128, 1, 0
125, 1, -1
125, 1, 0
275, 1, 0
226, 1, 0
124, 2, 0
125, 1, 0
247, 2, 0
253, 1, 0
129, 1, 0
122, 1, 0
124, 1, 0
125, 1, 0
125, 1, 0
125, 1, 0
248, 1, 0
127, 1, -1
125, 1, 0
125, 1, 0
126, 1, 0
124, 1, 0
125, 1, 0
125, 1, 0
125, 1, 0
125, 1, 0
249, 1, 0
126, 1, 0
126, 1, 0
124, 1, 0
248, 2, 0
128, 0, -1
124, 2, 0
247, 1, 0
128, 1, 0
125, 1, 0
125, 1, 0
126, 1, 0
125, 1, 0
247, 2, 0
249, 1, 0
128, 1, 0
125, 1, 0
125, 1, 0
125, 1, 0
125, 1, 0
125, 1, -1
128, 1, 0
128, 1, 0
119, 1, 0
125, 1, 0
125, 1, 0
125, 1, 0
125, 1, 0
125, 1, 0
125, 1, 0
125, 1, 0
247, 2, 0
128, 0, -1
125, 2, 0
247, 1, 0
128, 1, 0
125, 1, 0
125, 1, 0
125, 2, 0
247, 1, 0
128, 1, 0
125, 1, 0
125, 1, 0
125, 1, 0
126, 1, 0
124, 1, -1
125, 1, 0
126, 1, 0
125, 1, 0
124, 1, 0
125, 1, 0
125, 1, 0
125, 1, 0
125, 1, 0
125, 1, 0
125, 1, 0
125, 1, 0
125, 1, -1
125, 1, 0
125, 1, 0
125, 1, 0
125, 1, 0
125, 1, 0
125, 1, 0
125, 1, 0
125, 1, 0
125, 1, 0
125, 1, 0
125, 1, 0
125, 1, 0
125, 1, -1
125, 1, 0
125, 1, 0
125, 1, 0
125, 1, 0
125, 1, 0
126, 1, 0
124, 1, 0
125, 1, 0
125, 1, 0
125, 1, 0
125, 1, -1
125, 1, 0
125, 2, 0
247, 2, 0
128, 1, 0
125, 1, 0
126, 1, 0
247, 2, 0
127, 1, 0
125, 1, 0
126, 1, 0
124, 1, -1
125, 1, 0
125, 1, 0
125, 1, 0
317, 1, 0
183, 1, 0
139, 3, 0
111, 2, 0
125, 1, 0
125, 1, 0
125, 1, -1
125, 1, 0
125, 1, 0
125, 1, 0
125, 1, 0
125, 1, 0
125, 1, 0
125, 1, 0
125, 1, 0
127, 1, 0
123, 2, 0
247, 2, -1
128, 1, 0
125, 1, 0
125, 1, 0
125, 1, 0
125, 1, 0
125, 1, 0
125, 1, 0
125, 1, 0
125, 1, 0
125, 1, -1
125, 2, 0
125, 1, 0
125, 1, 0
125, 1, 0
125, 1, 0
128, 1, 0
122, 1, 0
125, 1, 0
126, 1, 0
124, 1, 0
125, 1, -1
125, 2, 0
247, 2, 0
128, 1, 0
125, 1, 0
125, 1, 0
125, 1, 0
125, 1, 0
125, 1, -1
125, 1, 0
125, 1, 0
127, 2, 0
123, 1, 0
125, 1, 0
125, 1, 0
125, 1, 0
125, 1, 0
125, 2, 0
125, 0, -1
125, 1, 0
125, 2, 0
125, 1, 0
125, 1, 0
127, 1, 0
123, 1, 0
125, 1, 0
129, 1, 0
121, 1, 0
125, 2, -1
125, 1, 0
125, 1, 0
125, 1, 0
125, 1, 0
125, 1, 0
125, 1, 0
125, 2, 0
247, 2, 0
128, 1, -1
125, 1, 0
125, 1, 0
125, 1, 0
125, 1, 0
128, 1, 0
122, 2, 0
125, 1, 0
125, 1, 0
125, 1, -1
125, 1, 0
125, 1, 0
125, 2, 0
125, 1, 0
125, 1, 0
125, 1, 0
125, 1, 0
125, 1, 0
125, 1, 0
125, 2, -1
125, 1, 0
125, 1, 0
125, 1, 0
125, 1, 0
125, 1, 0
125, 2, 0
125, 1, 0
125, 1, -1
125, 1, 0
125, 1, 0
125, 1, 0
125, 1, 0
125, 2, 0
125, 1, 0
125, 1, 0
125, 1, -1
124, 1, 0
126, 1, 0
125, 2, 0
125, 1, 0
125, 1, 0
125, 1, 0
125, 1, 0
125, 1, 0
125, 1, -1
125, 2, 0
125, 1, 0
125, 1, 0
125, 1, 0
125, 1, 0
125, 1, 0
125, 2, 0
125, 0, -1
125, 1, 0
229, 2, 0
21, 1, 0
125, 1, 0
125, 1, 0
125, 2, 0
247, 2, 0
128, 1, -1
125, 1, 0
125, 1, 0
125, 1, 0
125, 2, 0
247, 2, 0
128, 1, 0
125, 1, -1
125, 1, 0
125, 1, 0
125, 1, 0
125, 2, 0
125, 1, 0
125, 1, 0
125, 1, 0
125, 1, 0
125, 1, -1
125, 1, 0
125, 2, 0
125, 1, 0
125, 1, 0
125, 1, 0
125, 2, -1
247, 2, 0
128, 1, 0
124, 1, 0
126, 1, 0
125, 1, 0
125, 1, -1
125, 1, 0
125, 2, 0
125, 1, 0
125, 1, 0
124, 1, 0
125, 1, 0
125, 1, 0
126, 2, -1
125, 1, 0
247, 2, 0
128, 1, 0
125, 1, 0
124, 1, 0
126, 2, -1
247, 2, 0
128, 1, 0
125, 1, 0
125, 1, 0
124, 1, 0
126, 1, -1
124, 1, 0
146, 2, 0
227, 2, 0
134, 1, 0
126, 1, 0
123, 1, -1
125, 1, 0
123, 1, 0
126, 2, 0
123, 1, 0
125, 1, 0
125, 1, 0
125, 1, -1
125, 1, 0
125, 1, 0
126, 2, 0
243, 2, 0
132, 1, 0
125, 1, -1
124, 1, 0
125, 1, 0
128, 1, 0
127, 1, 0
122, 1, 0
125, 1, 0
125, 2, 0
126, 1, -1
135, 1, 0
115, 1, 0
136, 1, 0
111, 1, 0
125, 1, 0
125, 1, 0
125, 1, -1
126, 2, 0
243, 2, 0
131, 1, 0
125, 1, 0
125, 1, 0
126, 1, -1
124, 1, 0
125, 2, 0
126, 1, 0
125, 1, 0
124, 1, 0
125, 1, 0
125, 1, 0
126, 1, 0
124, 1, -1
122, 1, 0
125, 1, 0
125, 1, 0
126, 2, 0
246, 2, -1
128, 1, 0
247, 2, 0
129, 1, 0
124, 1, 0
126, 1, 0
126, 1, 0
124, 1, 0
125, 1, -1
125, 1, 0
125, 1, 0
125, 1, 0
125, 2, 0
247, 2, 0
279, 1, 0
225, 0, -1
146, 4, 0
102, 1, 0
126, 1, 0
125, 1, 0
124, 1, -1
126, 1, 0
124, 1, 0
125, 1, 0
126, 1, 0
125, 1, 0
124, 1, 0
126, 1, -1
124, 1, 0
126, 1, 0
124, 1, 0
126, 2, 0
246, 2, 0
128, 1, 0
248, 2, -1
249, 2, 0
251, 2, 0
127, 1, 0
126, 1, 0
124, 1, 0
126, 1, -1
125, 1, 0
125, 1, 0
125, 1, 0
124, 1, 0
125, 1, 0
125, 1, 0
126, 1, 0
124, 1, 0
125, 1, -1
125, 1, 0
125, 1, 0
125, 1, 0
125, 1, 0
125, 1, 0
125, 1, 0
125, 1, 0
125, 1, -1
125, 1, 0
125, 1, 0
125, 1, 0
125, 1, 0
125, 1, 0
126, 1, 0
124, 1, 0
126, 1, 0
127, 1, -1
122, 1, 0
247, 1, 0
128, 1, 0
125, 1, 0
125, 1, 0
125, 1, 0
126, 1, -1
124, 1, 0
125, 1, 0
125, 1, 0
125, 1, 0
126, 1, 0
124, 1, 0
125, 1, 0
125, 1, -1
125, 1, 0
126, 1, 0
125, 1, 0
124, 1, 0
247, 2, 0
250, 1, 0
129, 1, 0
125, 1, -1
124, 1, 0
125, 1, 0
125, 1, 0
126, 1, 0
124, 1, 0
248, 2, 0
254, 1, -1
124, 1, 0
128, 1, 0
121, 1, 0
126, 1, 0
157, 1, 0
95, 1, 0
141, 1, 0
229, 1, 0
130, 1, -1
125, 1, 0
126, 1, 0
124, 1, 0
126, 1, 0
244, 1, 0
131, 1, 0
124, 1, 0
126, 1, -1
124, 1, 0
125, 1, 0
126, 1, 0
243, 1, 0
132, 1, 0
124, 1, 0
125, 1, 0
244, 1, -1
131, 1, 0
126, 1, 0
124, 1, 0
126, 1, 0
243, 1, 0
131, 1, 0
125, 1, 0
125, 1, 0
675, 1, -1
201, 1, 0
125, 4, 0
132, 1, 0
117, 1, 0
244, 1, -1
131, 1, 0
125, 1, 0
125, 1, 0
244, 1, 0
129, 1, 0
126, 1, 0
246, 1, 0
127, 1, -1
126, 1, 0
247, 1, 0
128, 1, 0
246, 1, 0
128, 1, 0
125, 1, 0
249, 1, 0
127, 1, 0
125, 1, -1
246, 1, 0
128, 1, 0
247, 1, 0
128, 1, 0
126, 1, 0
246, 1, 0
128, 1, 0
247, 1, -1
250, 1, 0
141, 1, 0
112, 1, 0
247, 1, 0
128, 1, 0
247, 1, 0
128, 1, 0
247, 1, -1
128, 1, 0
247, 1, 0
250, 1, 0
128, 1, 0
247, 1, 0
129, 1, 0
246, 1, 0
250, 1, 0
128, 1, 0
125, 0, -1
125, 1, 0
247, 1, 0
128, 1, 0
247, 1, 0
250, 1, 0
128, 1, 0
430, 1, 0
192, 1, 0
128, 1, 0
247, 1, -1
250, 1, 0
250, 1, 0
250, 1, 0
250, 1, 0
250, 1, 0
250, 1, 0
128, 0, -1
125, 1, 0
247, 1, 0
250, 1, 0
250, 1, 0
250, 1, 0
250, 1, 0
250, 1, 0
250, 1, 0
407, 1, 0
218, 1, 0
379, 1, -1
248, 1, 0
405, 1, 0
218, 1, 0
551, 1, 0
203, 1, 0
246, 1, 0
407, 1, 0
344, 1, 0
404, 1, 0
395, 1, 0
326, 1, 0
405, 1, 0
373, 1, -1
503, 1, 0
500, 1, 0
499, 1, 0
501, 1, 0
626, 1, 0
625, 1, 0
597, 1, 0
907, 1, 0
622, 1, 0
999, 1, 0
1218, 1, 0
783, 0, -1
999, 1, 0
17178, -1, 0
2080, -1, 0
1621, -1, 0
916, -1, 0
1052, -1, 0
935, -1, 0
970, -1, 0
593, -1, 0
657, -1, 0
599, -1, 0
682, -1, 0
562, -1, 0
533, -1, 0
515, -1, 0
499, -1, 0
623, -1, 0
342, -1, 0
549, -1, 0
488, -1, 0
214, -1, 0
535, -1, 0
339, -1, 0
374, -1, 0
380, -1, 0
496, -1, 0
375, -1, 0
258, -1, 1
370, -1, 0
247, -1, 0
375, -1, 0
374, -1, 0
250, -1, 0
386, -1, 0
242, -1, 0
126, 0, 1
124, -1, 0
372, -1, 0
384, -1, 0
258, -1, 0
234, -1, 0
249, -1, 0
128, 0, 1
246, -1, 0
254, -1, 0
247, -1, 0
250, -1, 0
251, -1, 0
249, -1, 0
249, -1, 0
129, 0, 1
125, -1, 0
247, -1, 0
250, -1, 0
249, -1, 0
251, -1, 0
129, 0, 1
124, -1, 0
247, -1, 0
249, -1, 0
129, -1, 0
247, -1, 0
250, -1, 0
127, 0, 1
125, -1, 0
247, -1, 0
250, -1, 0
129, -1, 0
246, -1, 0
129, 0, 1
124, -1, 0
126, -1, 0
247, -1, 0
250, -1, 0
127, -1, 0
247, -1, 1
251, -1, 0
249, -1, 0
129, -1, 0
124, -1, 0
248, -1, 1
249, -1, 0
143, -1, 0
235, -1, 0
127, -1, 0
246, -1, 1
128, -1, 0
252, -1, 0
124, -1, 0
246, -1, 0
254, -1, 1
124, -1, 0
124, -1, 0
248, -1, 0
127, -1, 0
248, -1, 0
127, -1, 1
125, -1, 0
245, -1, 0
129, -1, 0
246, -1, 0
129, -1, 1
124, -1, 0
247, -1, 0
128, -1, 0
125, -1, 0
248, -1, 1
130, -1, 0
124, -1, 0
246, -1, 0
128, -1, 0
125, -1, 0
125, 0, 1
125, -1, 0
125, -1, 0
247, -2, 0
249, -1, 0
129, -1, 1
125, -1, 0
246, -1, 0
129, -1, 0
127, -1, 0
122, -1, 0
126, -1, 1
248, -1, 0
305, -1, 0
212, -1, 0
122, -2, 1
117, -1, 0
128, -1, 0
121, -1, 0
124, -1, 0
124, 0, 1
126, -1, 0
128, -1, 0
123, -1, 0
123, -1, 0
126, -1, 0
125, -1, 1
246, -1, 0
128, -1, 0
129, -1, 0
123, -1, 0
123, -1, 0
125, -1, 1
248, -2, 0
250, -1, 0
131, -1, 0
123, -1, 1
123, -1, 0
130, -1, 0
121, -1, 0
125, -1, 0
125, -1, 0
247, -2, 1
252, -1, 0
126, -1, 0
124, -1, 0
125, -1, 0
126, -1, 1
125, -1, 0
124, -1, 0
127, -1, 0
125, -1, 0
124, -1, 1
125, -1, 0
124, -1, 0
125, -1, 0
126, -1, 0
124, -1, 0
129, -1, 1
123, -1, 0
125, -1, 0
123, -1, 0
125, -1, 0
129, -1, 1
122, -1, 0
125, -1, 0
248, -2, 0
250, -2, 1
127, -1, 0
125, -1, 0
124, -1, 0
125, -1, 0
129, -1, 0
123, -1, 1
123, -1, 0
126, -1, 0
124, -1, 0
247, -2, 1
253, -2, 0
132, -1, 0
122, -1, 0
125, -1, 1
127, -1, 0
123, -1, 0
124, -1, 0
157, -1, 0
116, -1, 0
109, -1, 1
121, -1, 0
123, -1, 0
124, -1, 0
125, -1, 1
125, -1, 0
125, -2, 0
249, -2, 0
131, -1, 0
122, -1, 1
123, -1, 0
125, -1, 0
124, -1, 0
126, -1, 0
125, -1, 0
127, -1, 1
123, -1, 0
153, -1, 0
103, -2, 0
250, -2, 1
125, -1, 0
118, -1, 0
124, -1, 0
136, -1, 0
125, -1, 1
126, -1, 0
120, -1, 0
140, -1, 0
107, -2, 0
129, 0, 1
130, -2, 0
115, -1, 0
123, -1, 0
124, -1, 1
125, -1, 0
124, -1, 0
126, -1, 0
124, -2, 0
125, -1, 0
125, -1, 1
126, -1, 0
124, -1, 0
126, -1, 0
124, -2, 1
125, -1, 0
123, -1, 0
354, -1, 0
283, -1, 0
114, -4, 1
125, -2, 0
126, -1, 1
125, -1, 0
125, -1, 0
125, -1, 0
125, -1, 0
125, -1, 1
125, -2, 0
125, -1, 0
139, -1, 0
109, -1, 1
125, -1, 0
125, -1, 0
126, -2, 0
125, -1, 0
125, -1, 1
124, -1, 0
125, -2, 0
125, -1, 0
125, -1, 0
125, -1, 1
125, -1, 0
125, -1, 0
127, -1, 0
128, -2, 0
120, -1, 1
125, -1, 0
125, -1, 0
125, -2, 0
126, 0, 1
126, -2, 0
122, -1, 0
125, -1, 0
124, -1, 1
125, -1, 0
125, -2, 0
132, -1, 0
121, -1, 0
123, -1, 1
124, -1, 0
126, -1, 0
125, -2, 0
124, -1, 0
126, -1, 1
127, -1, 0
125, -1, 0
128, -2, 0
122, -1, 0
122, -1, 1
126, -1, 0
124, -2, 0
127, -1, 0
124, -1, 1
125, -1, 0
124, -2, 0
126, -1, 0
124, -1, 1
126, -1, 0
125, -1, 0
134, -2, 0
118, -1, 0
124, -1, 0
127, -1, 1
123, -2, 0
124, -1, 0
127, -1, 0
127, -1, 1
139, -2, 0
135, -1, 0
105, -1, 0
122, -1, 1
127, -1, 0
120, -2, 0
125, -1, 0
125, -1, 0
126, -1, 0
126, -2, 1
123, -1, 0
127, -1, 0
127, -1, 0
128, -2, 0
131, -1, 1
120, -1, 0
124, -1, 0
133, -1, 0
112, -2, 1
247, -2, 0
126, -1, 0
127, -2, 0
112, -1, 1
124, -1, 0
125, -1, 0
125, -1, 0
125, -2, 0
125, -1, 0
125, -1, 1
136, -1, 0
114, -2, 0
125, -1, 0
125, -1, 1
125, -1, 0
125, -2, 0
125, -1, 0
126, -1, 0
124, -1, 1
125, -1, 0
126, -2, 0
124, -1, 0
125, -1, 0
125, -1, 1
125, -2, 0
125, -1, 0
125, -1, 0
125, -1, 0
125, -2, 1
125, -1, 0
125, -1, 0
125, -1, 0
127, -1, 0
124, -2, 1
123, -1, 0
125, -1, 0
125, -1, 0
125, -2, 0
127, -1, 1
126, -1, 0
124, -1, 0
238, -2, 0
265, -1, 0
121, -3, 1
124, -2, 0
126, -1, 0
124, -1, 0
126, -1, 1
125, -2, 0
124, -1, 0
126, -1, 0
128, -2, 0
126, -1, 1
126, -1, 0
120, -1, 0
124, -2, 0
126, -1, 0
125, -1, 1
124, -1, 0
125, -1, 0
126, -2, 0
124, -1, 0
126, -1, 1
124, -2, 0
142, -1, 0
108, -1, 0
125, -1, 0
125, -1, 0
125, -1, 0
126, -1, 1
125, -2, 0
130, -1, 0
120, -2, 0
124, -1, 0
125, -1, 1
125, -1, 0
125, -2, 0
248, -2, 0
128, -1, 0
124, -1, 1
125, -1, 0
125, -1, 0
126, -2, 0
124, -1, 0
125, -1, 0
125, -1, 1
126, -2, 0
129, -1, 0
120, -1, 0
125, -1, 1
125, -1, 0
125, -2, 0
127, -1, 0
125, -1, 0
125, -1, 0
124, -2, 0
125, -1, 1
125, -1, 0
124, -1, 0
125, -1, 0
125, -1, 0
125, -1, 0
125, -2, 0
125, -1, 1
125, -1, 0
125, -1, 0
125, -2, 0
125, -1, 0
125, -1, 0
125, -1, 1
125, -1, 0
125, -1, 0
125, -2, 0
125, -1, 0
125, -1, 0
125, -1, 1
125, -1, 0
125, -2, 0
125, -1, 0
125, -1, 0
125, -1, 0
126, -1, 1
124, -1, 0
125, -2, 0
125, -1, 0
126, -1, 0
124, -1, 0
126, -1, 1
124, -1, 0
125, -1, 0
125, -2, 0
125, -1, 0
125, -1, 0
125, -1, 0
125, -2, 1
247, -2, 0
128, -1, 0
125, -1, 0
129, -1, 0
125, -1, 0
140, -1, 1
110, -1, 0
124, -2, 0
125, -1, 0
125, -1, 0
125, -1, 0
130, -1, 1
120, -1, 0
125, -1, 0
125, -2, 0
244, -2, 0
131, -1, 0
127, -1, 0
123, -1, 1
125, -1, 0
125, -1, 0
126, -2, 0
124, -1, 0
125, -1, 0
126, -1, 0
125, -1, 0
125, -1, 0
125, -1, 1
125, -1, 0
126, -1, 0
123, -1, 0
126, -1, 0
124, -2, 0
125, -1, 1
681, -1, 0
195, -1, 0
124, -6, 1
125, -1, 0
126, -2, 0
243, -2, 0
131, -1, 0
125, -1, 0
125, -1, 0
125, -1, 0
125, -1, 1
126, -1, 0
124, -1, 0
129, -1, 0
119, -1, 0
124, -1, 0
125, -1, 0
125, -1, 0
126, -1, 1
124, -1, 0
126, -1, 0
125, -1, 0
125, -1, 0
125, -1, 0
125, -1, 0
124, -1, 0
126, -1, 0
125, -2, 0
247, -2, 1
251, -2, 0
127, -1, 0
247, -2, 0
250, -2, 0
250, -2, 0
250, -2, 0
128, 0, 1
125, -2, 0
247, -2, 0
253, -1, 0
125, -1, 0
125, -1, 0
125, -1, 0
125, -1, 0
125, -1, 0
125, -1, 0
125, -1, 1
134, -1, 0
116, -1, 0
125, -1, 0
124, -1, 0
126, -1, 0
124, -1, 0
125, -1, 0
125, -1, 0
125, -1, 0
247, -2, 0
250, -1, 1
129, -1, 0
124, -1, 0
125, -1, 0
125, -1, 0
125, -1, 0
125, -1, 0
125, -1, 0
125, -1, 0
127, -1, 0
247, -2, 0
250, -1, 0
130, -1, 0
121, -1, 0
125, -1, 0
247, -2, 1
250, -1, 0
128, -1, 0
125, -1, 0
125, -1, 0
125, -1, 0
247, -2, 0
250, -1, 0
128, -1, 0
125, -1, 0
125, -1, 0
247, -1, 0
128, -1, 0
125, -1, 0
126, -1, 0
125, -1, 0
246, -1, 0
128, -1, 0
125, -1, 1
125, -1, 0
247, -1, 0
128, -1, 0
125, -1, 0
125, -1, 0
125, -1, 0
247, -1, 0
128, -1, 0
249, -1, 0
128, -1, 0
124, -1, 0
124, -1, 0
248, -1, 0
127, -1, 0
126, -1, 0
319, -1, 0
58, -1, 0
123, -1, 0
246, -1, 0
130, -1, 0
123, -1, 0
247, -1, 0
128, -1, 0
125, -1, 0
247, -1, 0
128, -1, 0
247, -1, 0
130, -1, 0
245, -1, 0
128, -1, 1
247, -1, 0
128, -1, 0
125, -1, 0
247, -1, 0
250, -1, 0
128, -1, 0
247, -1, 0
128, -1, 0
247, -1, 0
128, -1, 0
247, -1, 0
128, -1, 0
247, -1, 0
250, -1, 0
250, -1, 0
128, -1, 0
125, -1, 0
247, -1, 0
250, -1, 0
250, -1, 0
250, -1, 0
132, -1, 0
247, -1, 0
247, -1, 0
271, -1, 0
109, -1, 0
244, -1, 0
250, -1, 0
250, -1, 0
250, -1, 0
250, -1, 0
250, -1, 0
250, -1, 0
250, -1, 0
250, -1, 0
249, -1, 0
251, -1, 0
250, -1, 0
383, -1, 0
123, 0, -1
124, -1, 0
245, -1, 0
408, -1, 0
216, -1, 0
408, -1, 0
217, -1, 0
385, -1, 0
413, -1, 0
204, -1, 0
128, 0, -1
245, -1, 0
409, -1, 0
421, -1, 0
296, -1, 0
408, -1, 0
342, -1, 0
376, -1, -1
499, -1, 0
375, -1, 0
500, -1, 0
531, -1, 0
219, 0, -1
250, -1, 0
655, -1, 0
645, -1, 0
450, 0, -1
128, -1, 0
655, -1, 0
748, -1, 0
877, -1, -1
756, -1, 0
1092, -1, 0
744, 0, -1
534, -1, 0
1341, -1, 0
934, 0, -1
1103, -1, 0
4465, 0, -1
10020, 1, 0
529, 0, -1
1122, 1, 0
1249, 1, 0
600, 0, -1
503, 1, 0
1008, 1, 0
614, 1, 0
657, 0, -1
232, 1, 0
605, 1, 0
626, 1, 0
534, 1, 0
97, 0, -1
496, 1, 0
536, 1, 0
473, 1, 0
500, 1, -1
488, 1, 0
375, 1, 0
502, 1, 0
373, 1, 0
374, 1, -1
505, 1, 0
247, 1, 0
531, 1, 0
341, 1, 0
250, 1, -1
374, 1, 0
376, 1, 0
374, 1, 0
250, 1, 0
375, 1, 0
129, 0, -1
248, 1, 0
248, 1, 0
375, 1, 0
251, 1, 0
249, 1, 0
250, 1, 0
128, 0, -1
247, 1, 0
251, 1, 0
249, 1, 0
375, 1, 0
251, 1, 0
249, 1, 0
251, 1, 0
249, 1, -1
251, 1, 0
249, 1, 0
251, 1, 0
249, 1, 0
375, 1, 0
129, 1, 0
124, 0, -1
125, 1, 0
247, 1, 0
250, 1, 0
251, 1, 0
280, 1, 0
227, 1, 0
243, 1, -1
127, 1, 0
248, 1, 0
250, 1, 0
249, 1, 0
250, 1, 0
131, 1, 0
247, 1, 0
261, 1, 0
124, 1, 0
121, 0, -1
120, 1, 0
247, 1, 0
127, 1, 0
247, 1, 0
250, 1, 0
252, 1, 0
127, 1, 0
246, 1, -1
250, 1, 0
128, 1, 0
125, 1, 0
247, 1, 0
250, 1, 0
128, 1, 0
247, 1, 0
128, 1, 0
247, 1, -1
129, 1, 0
246, 1, 0
128, 1, 0
247, 1, 0
129, 1, 0
249, 1, 0
125, 1, 0
247, 1, 0
129, 1, 0
246, 1, -1
128, 1, 0
248, 1, 0
127, 1, 0
125, 1, 0
247, 1, 0
131, 1, 0
244, 1, 0
128, 1, 0
247, 1, 0
128, 1, -1
125, 1, 0
125, 1, 0
247, 1, 0
129, 1, 0
247, 1, 0
127, 1, 0
125, 1, 0
125, 0, -1
125, 1, 0
128, 1, 0
120, 1, 0
250, 1, 0
125, 1, 0
247, 1, 0
128, 1, 0
125, 1, 0
125, 1, 0
125, 1, 0
247, 1, -1
128, 1, 0
125, 1, 0
249, 1, 0
128, 1, 0
126, 1, 0
124, 1, 0
249, 1, 0
126, 1, 0
126, 1, -1
124, 1, 0
125, 1, 0
247, 1, 0
128, 1, 0
125, 1, 0
125, 1, 0
247, 1, 0
128, 1, -1
125, 1, 0
125, 1, 0
125, 1, 0
247, 1, 0
128, 1, 0
128, 1, 0
124, 1, 0
245, 1, 0
310, 1, 0
208, 1, -1
109, 3, 0
128, 1, 0
245, 1, 0
129, 1, 0
124, 1, 0
125, 1, 0
247, 1, -1
128, 1, 0
125, 1, 0
124, 1, 0
126, 1, 0
125, 1, 0
125, 1, 0
247, 2, 0
130, 0, -1
123, 1, 0
125, 1, 0
125, 1, 0
125, 1, 0
125, 1, 0
125, 1, 0
125, 1, 0
125, 1, 0
249, 1, -1
126, 1, 0
126, 1, 0
124, 1, 0
125, 1, 0
138, 1, 0
131, 1, 0
122, 1, 0
250, 1, 0
134, 1, -1
109, 1, 0
123, 1, 0
133, 1, 0
140, 1, 0
111, 1, 0
127, 1, 0
125, 1, 0
119, 1, 0
124, 0, -1
125, 1, 0
134, 1, 0
122, 1, 0
123, 1, 0
126, 1, 0
147, 1, 0
101, 1, 0
121, 1, -1
125, 1, 0
124, 1, 0
125, 1, 0
125, 1, 0
130, 1, 0
125, 1, 0
243, 2, 0
128, 0, -1
124, 1, 0
125, 1, 0
125, 1, 0
127, 1, 0
127, 1, 0
123, 1, 0
124, 1, 0
125, 1, -1
125, 1, 0
124, 1, 0
125, 1, 0
127, 1, 0
127, 1, 0
122, 1, 0
124, 1, 0
249, 2, -1
249, 2, 0
252, 2, 0
247, 1, 0
129, 1, 0
125, 1, -1
125, 1, 0
124, 1, 0
125, 1, 0
131, 1, 0
120, 1, 0
123, 1, 0
125, 1, 0
126, 1, -1
125, 1, 0
124, 1, 0
126, 1, 0
128, 1, 0
126, 1, 0
123, 1, 0
124, 1, -1
124, 1, 0
126, 1, 0
128, 1, 0
121, 1, 0
128, 1, 0
126, 1, 0
123, 1, 0
123, 1, 0
125, 1, -1
125, 1, 0
126, 1, 0
125, 1, 0
125, 1, 0
128, 1, 0
121, 1, 0
125, 1, 0
125, 1, -1
129, 1, 0
130, 1, 0
118, 1, 0
124, 1, 0
117, 1, 0
123, 1, 0
125, 1, 0
125, 1, 0
361, 1, -1
272, 1, 0
131, 4, 0
115, 1, 0
121, 1, 0
125, 1, -1
125, 1, 0
125, 1, 0
125, 1, 0
125, 1, 0
125, 1, 0
125, 1, 0
124, 1, -1
126, 1, 0
126, 1, 0
124, 1, 0
125, 2, 0
247, 2, 0
130, 0, -1
123, 2, 0
128, 1, 0
122, 1, 0
124, 1, 0
126, 1, 0
125, 1, 0
124, 1, -1
135, 1, 0
116, 1, 0
124, 1, 0
126, 1, 0
125, 1, 0
124, 1, 0
126, 2, -1
247, 2, 0
250, 2, 0
250, 1, 0
128, 2, 0
125, 1, -1
125, 1, 0
125, 1, 0
126, 1, 0
124, 1, 0
125, 1, 0
125, 1, -1
125, 1, 0
125, 1, 0
125, 1, 0
126, 1, 0
124, 1, 0
125, 2, 0
128, 1, 0
123, 1, -1
124, 1, 0
125, 1, 0
133, 1, 0
126, 1, 0
124, 1, 0
125, 1, -1
123, 1, 0
126, 1, 0
125, 2, 0
248, 2, 0
127, 1, 0
124, 1, -1
126, 1, 0
124, 1, 0
125, 1, 0
126, 1, 0
124, 1, 0
125, 2, -1
125, 1, 0
125, 1, 0
125, 1, 0
126, 1, 0
124, 1, 0
126, 1, 0
129, 1, -1
120, 1, 0
126, 2, 0
246, 2, 0
130, 1, 0
123, 1, -1
126, 1, 0
124, 1, 0
126, 1, 0
124, 1, 0
126, 2, 0
125, 0, -1
125, 2, 0
124, 1, 0
125, 1, 0
125, 1, 0
125, 1, 0
125, 1, 0
125, 1, 0
126, 1, -1
124, 1, 0
126, 2, 0
125, 1, 0
125, 1, 0
137, 1, 0
159, 1, -1
93, 1, 0
117, 1, 0
137, 2, 0
117, 1, 0
123, 1, -1
124, 1, 0
125, 1, 0
124, 1, 0
132, 1, 0
117, 1, 0
123, 1, -1
126, 1, 0
124, 2, 0
127, 1, 0
124, 1, 0
124, 1, 0
125, 1, -1
130, 1, 0
121, 1, 0
123, 2, 0
247, 2, -1
128, 1, 0
462, 1, 0
171, 1, 0
128, 5, -1
239, 2, 0
127, 1, 0
124, 1, 0
124, 1, -1
131, 2, 0
241, 2, 0
128, 1, 0
126, 1, 0
124, 1, -1
125, 1, 0
125, 1, 0
135, 1, 0
117, 2, 0
125, 0, -1
124, 2, 0
125, 1, 0
124, 1, 0
126, 1, 0
125, 1, 0
129, 1, -1
123, 2, 0
122, 1, 0
250, 2, 0
126, 1, 0
124, 1, -1
125, 1, 0
129, 1, 0
123, 1, 0
124, 2, 0
124, 1, 0
124, 1, -1
125, 1, 0
126, 1, 0
125, 1, 0
129, 1, 0
122, 1, -1
124, 1, 0
125, 2, 0
128, 1, 0
123, 1, 0
123, 1, 0
127, 2, -1
247, 2, 0
128, 1, 0
124, 1, 0
124, 1, 0
142, 1, -1
111, 1, 0
125, 1, 0
139, 2, 0
106, 1, 0
121, 1, -1
124, 1, 0
125, 1, 0
126, 1, 0
125, 2, 0
124, 1, 0
125, 0, -1
125, 2, 0
127, 1, 0
126, 1, 0
126, 1, 0
121, 1, 0
125, 1, -1
126, 2, 0
124, 1, 0
125, 1, 0
135, 1, 0
123, 1, 0
138, 1, -1
107, 1, 0
122, 2, 0
126, 1, 0
127, 1, 0
124, 1, -1
124, 1, 0
126, 1, 0
123, 2, 0
248, 2, 0
131, 1, -1
125, 1, 0
130, 1, 0
122, 1, 0
155, 1, 0
99, 1, -1
125, 2, 0
122, 1, 0
124, 1, 0
125, 1, 0
123, 1, 0
148, 1, -1
113, 1, 0
125, 1, 0
127, 1, 0
119, 2, 0
125, 1, -1
126, 1, 0
124, 1, 0
125, 1, 0
136, 1, 0
115, 1, 0
124, 1, -1
129, 2, 0
122, 1, 0
239, 2, 0
126, 1, 0
131, 1, -1
119, 1, 0
125, 1, 0
124, 1, 0
125, 1, 0
125, 1, -1
126, 2, 0
127, 1, 0
248, 2, 0
124, 1, 0
125, 1, -1
137, 1, 0
128, 1, 0
113, 1, 0
314, 2, 0
201, 0, -1
171, 3, 0
48, 2, 0
130, 1, -1
140, 1, 0
108, 1, 0
124, 1, 0
125, 1, 0
124, 1, 0
124, 1, -1
127, 2, 0
247, 2, 0
126, 1, 0
125, 0, -1
125, 2, 0
125, 1, 0
124, 1, 0
125, 1, 0
125, 1, 0
127, 1, -1
124, 1, 0
125, 1, 0
126, 1, 0
127, 1, 0
125, 1, -1
123, 2, 0
247, 2, 0
251, 2, 0
127, 1, -1
125, 1, 0
126, 1, 0
126, 1, 0
123, 1, 0
131, 1, 0
119, 1, -1
125, 1, 0
124, 1, 0
126, 1, 0
125, 1, 0
135, 1, 0
117, 1, -1
123, 1, 0
124, 1, 0
130, 1, 0
121, 1, 0
133, 1, 0
118, 1, -1
126, 1, 0
123, 1, 0
124, 1, 0
124, 1, 0
127, 1, -1
126, 1, 0
123, 2, 0
247, 2, 0
251, 1, -1
125, 1, 0
219, 1, 0
30, 1, 0
130, 1, 0
125, 1, -1
124, 1, 0
123, 1, 0
129, 1, 0
123, 1, 0
121, 1, 0
130, 1, -1
124, 1, 0
122, 1, 0
125, 1, 0
131, 1, 0
120, 1, 0
126, 1, 0
125, 1, -1
123, 1, 0
132, 1, 0
136, 1, 0
109, 1, 0
123, 1, -1
124, 1, 0
126, 1, 0
249, 1, 0
125, 1, 0
130, 1, -1
124, 1, 0
125, 1, 0
123, 1, 0
125, 1, 0
123, 1, -1
125, 1, 0
126, 1, 0
251, 1, 0
127, 1, 0
123, 1, 0
127, 1, -1
123, 1, 0
123, 1, 0
127, 1, 0
251, 2, 0
126, 0, -1
128, 1, 0
122, 1, 0
126, 1, 0
123, 1, 0
248, 1, -1
125, 1, 0
125, 1, 0
128, 1, 0
125, 1, 0
124, 1, 0
126, 0, -1
125, 1, 0
125, 1, 0
129, 1, 0
245, 2, 0
125, 0, -1
127, 1, 0
121, 1, 0
124, 1, 0
469, 1, 0
162, 1, 0
120, 2, -1
123, 1, 0
125, 1, 0
125, 1, 0
253, 1, 0
132, 1, -1
121, 1, 0
248, 1, 0
122, 1, 0
246, 1, -1
128, 1, 0
126, 1, 0
253, 1, 0
133, 1, 0
247, 1, 0
124, 1, -1
245, 1, 0
125, 1, 0
249, 1, 0
132, 1, 0
119, 0, -1
125, 1, 0
123, 1, 0
248, 1, 0
127, 1, 0
248, 1, 0
251, 1, -1
128, 1, 0
124, 1, 0
247, 1, 0
249, 1, 0
250, 1, -1
128, 1, 0
246, 1, 0
251, 1, 0
261, 1, 0
122, 1, 0
244, 1, 0
125, 0, -1
125, 1, 0
247, 1, 0
250, 1, 0
251, 1, 0
249, 1, 0
250, 1, -1
250, 1, 0
250, 1, 0
309, 1, 0
192, 1, 0
250, 1, 0
130, 0, -1
245, 1, 0
250, 1, 0
250, 1, 0
410, 1, 0
408, 1, 0
181, 1, -1
411, 1, 0
413, 1, 0
426, 1, 0
412, 1, 0
339, 1, 0
374, 0, -1
131, 1, 0
531, 1, 0
516, 1, 0
462, 1, 0
779, 1, 0
710, 1, 0
1248, 1, 0
16063, -1, 0
590, 0, -1
1647, -1, 0
1593, -1, 0
1378, -1, 0
1125, -1, 0
1033, -1, 0
712, -1, 0
875, -1, 0
671, -1, 0
688, -1, 0
505, -1, 0
656, -1, 0
463, -1, 0
534, -1, 0
591, -1, 0
250, 0, 1
249, -1, 0
501, -1, 0
406, -1, 0
504, -1, 0
528, -1, 0
313, -1, 0
373, -1, 0
436, -1, 0
189, 0, 1
128, -1, 0
401, -1, 0
386, -1, 0
361, -1, 0
224, -1, 0
375, -1, 0
426, -1, 0
80, 0, 1
244, -1, 0
401, -1, 0
224, -1, 0
403, -1, 0
222, -1, 0
376, -1, 1
249, -1, 0
251, -1, 0
410, -1, 0
214, -1, 0
250, -1, 0
412, -1, 1
213, -1, 0
250, -1, 0
411, -1, 0
214, -1, 0
250, -1, 0
250, -1, 1
251, -1, 0
249, -1, 0
250, -1, 0
250, -1, 0
250, -1, 1
251, -1, 0
249, -1, 0
250, -1, 0
252, -1, 0
248, -1, 1
131, -1, 0
370, -1, 0
127, -1, 0
248, -1, 0
249, -1, 0
136, 0, 1
117, -1, 0
247, -1, 0
250, -1, 0
128, -1, 0
253, -1, 0
122, -1, 1
247, -1, 0
250, -1, 0
250, -1, 0
128, -1, 0
247, -1, 0
128, 0, 1
125, -1, 0
247, -1, 0
128, -1, 0
247, -1, 0
250, -1, 1
128, -1, 0
248, -1, 0
223, -1, 0
170, -1, 0
233, -1, 1
126, -1, 0
247, -1, 0
250, -1, 0
128, -1, 0
126, -1, 0
125, 0, 1
123, -1, 0
248, -1, 0
128, -1, 0
125, -1, 0
247, -1, 0
128, 0, 1
125, -1, 0
125, -1, 0
247, -1, 0
128, -1, 0
125, -1, 0
125, 0, 1
125, -1, 0
125, -1, 0
248, -1, 0
127, -1, 0
125, 0, 1
125, -1, 0
125, -1, 0
247, -1, 0
128, -1, 0
125, -1, 0
125, 0, 1
125, -1, 0
125, -1, 0
125, -1, 0
247, -1, 0
128, -1, 0
125, 0, 1
125, -1, 0
125, -1, 0
125, -1, 0
247, -1, 1
128, -1, 0
125, -1, 0
250, -1, 0
125, -1, 0
125, -1, 0
125, 0, 1
125, -1, 0
125, -1, 0
125, -1, 0
125, -1, 0
247, -1, 1
128, -1, 0
247, -1, 0
128, -1, 0
125, -1, 0
125, -1, 1
125, -1, 0
248, -1, 0
128, -1, 0
124, -1, 0
248, -1, 1
127, -1, 0
125, -1, 0
125, -1, 0
248, -1, 0
128, -1, 1
124, -1, 0
125, -1, 0
125, -1, 0
247, -1, 0
128, -1, 1
125, -1, 0
247, -1, 0
128, -1, 0
125, -1, 0
125, -1, 1
125, -1, 0
125, -1, 0
248, -1, 0
128, -1, 1
124, -1, 0
125, -1, 0
247, -1, 0
128, -1, 0
124, -1, 1
126, -1, 0
125, -1, 0
125, -1, 0
125, -1, 0
247, -1, 1
128, -1, 0
125, -1, 0
125, -1, 0
125, -1, 0
125, -1, 0
125, 0, 1
125, -1, 0
125, -1, 0
125, -1, 0
125, -1, 0
125, -1, 1
125, -1, 0
125, -1, 0
247, -1, 0
128, -1, 0
125, -1, 1
125, -1, 0
125, -1, 0
269, -1, 0
236, -2, 1
120, -1, 0
125, -1, 0
125, -1, 0
125, -1, 0
125, -1, 1
125, -1, 0
247, -2, 0
250, -1, 1
128, -1, 0
124, -1, 0
126, -1, 0
125, -1, 0
125, -1, 1
247, -2, 0
250, -2, 0
250, -1, 1
128, -1, 0
125, -1, 0
125, -1, 0
125, -1, 0
125, -1, 0
125, -1, 1
125, -1, 0
247, -2, 0
251, -1, 1
127, -1, 0
125, -1, 0
125, -1, 0
125, -1, 0
125, -1, 1
125, -1, 0
124, -1, 0
126, -1, 0
124, -1, 0
126, -1, 0
125, -1, 1
125, -1, 0
128, -1, 0
122, -1, 0
125, -1, 1
247, -2, 0
250, -2, 0
250, -1, 0
129, -1, 1
124, -1, 0
125, -1, 0
125, -1, 0
125, -1, 0
125, -1, 1
125, -1, 0
125, -1, 0
125, -1, 0
125, -1, 0
125, -1, 1
125, -1, 0
247, -2, 0
250, -2, 0
128, 0, 1
125, -2, 0
247, -2, 0
250, -2, 0
127, 0, 1
125, -1, 0
125, -1, 0
125, -1, 0
129, -1, 0
122, -1, 0
125, -1, 1
125, -1, 0
125, -1, 0
124, -1, 0
125, -1, 0
126, -1, 1
125, -1, 0
143, -1, 0
107, -1, 0
124, -1, 0
125, -1, 0
125, -1, 1
125, -1, 0
126, -1, 0
124, -1, 0
125, -1, 0
125, -1, 0
126, -1, 1
125, -1, 0
124, -1, 0
126, -1, 0
125, -1, 0
125, -1, 1
249, -2, 0
127, -1, 0
125, -1, 0
249, -2, 1
251, -2, 0
248, -2, 0
251, -1, 1
133, -1, 0
141, -1, 0
101, -1, 0
125, -1, 0
143, -1, 0
107, -1, 1
126, -1, 0
124, -1, 0
125, -1, 0
125, -1, 0
125, -1, 1
125, -1, 0
128, -1, 0
314, -1, 0
185, -1, 0
123, -3, 1
124, -1, 0
125, -1, 0
125, -1, 0
125, -1, 1
125, -1, 0
125, -1, 0
125, -1, 0
125, -1, 0
125, -1, 0
125, -1, 1
146, -1, 0
104, -1, 0
141, -1, 0
109, -1, 0
126, -1, 0
124, -1, 0
125, -1, 1
125, -1, 0
247, -1, 0
128, -1, 0
125, -1, 1
125, -1, 0
125, -1, 0
125, -1, 0
129, -1, 0
121, -1, 0
125, -2, 1
247, -1, 0
128, -1, 0
125, -1, 0
125, -1, 0
125, -1, 1
125, -1, 0
125, -1, 0
125, -1, 0
125, -1, 0
125, -1, 0
125, -1, 1
125, -1, 0
125, -1, 0
125, -1, 0
125, -1, 0
125, -1, 0
125, -1, 0
125, 0, 1
125, -2, 0
247, -2, 0
250, -2, 1
250, -2, 0
250, -1, 0
128, -1, 0
125, -1, 0
125, -1, 1
125, -1, 0
125, -1, 0
125, -1, 0
125, -1, 0
125, -1, 0
125, -1, 0
125, -1, 1
125, -1, 0
124, -1, 0
126, -1, 0
125, -1, 0
125, -1, 0
125, -1, 1
247, -2, 0
251, -2, 0
249, -1, 1
128, -1, 0
125, -1, 0
125, -1, 0
125, -1, 0
125, -1, 0
125, -1, 0
126, -1, 1
124, -1, 0
125, -1, 0
125, -1, 0
125, -1, 0
247, -1, 0
128, -1, 1
125, -1, 0
125, -1, 0
124, -1, 0
126, -1, 0
125, -1, 0
125, -1, 0
125, -1, 0
126, -1, 1
124, -1, 0
247, -2, 0
250, -2, 0
250, -1, 1
128, -1, 0
125, -1, 0
125, -1, 0
125, -1, 0
125, -1, 0
125, -1, 1
125, -1, 0
247, -2, 0
250, -1, 0
128, -1, 0
125, -1, 0
125, -1, 0
125, -1, 0
125, -1, 1
125, -1, 0
125, -1, 0
247, -2, 0
250, -1, 0
230, -1, 1
22, -1, 0
126, -1, 0
126, -1, 0
124, -1, 0
125, -1, 0
247, -1, 0
128, -1, 1
125, -1, 0
125, -1, 0
125, -1, 0
125, -1, 0
247, -1, 0
127, -1, 0
126, -1, 1
124, -1, 0
125, -1, 0
126, -1, 0
247, -2, 0
250, -1, 0
128, -1, 0
127, -1, 1
124, -1, 0
125, -1, 0
249, -1, 0
127, -1, 0
160, -1, 0
92, -1, 0
303, -2, 1
193, -1, 0
143, -1, 0
113, -1, 0
124, -1, 0
125, -1, 0
243, -1, 0
134, -1, 1
122, -1, 0
125, -1, 0
244, -1, 0
131, -1, 0
125, -1, 0
124, -1, 0
125, -1, 0
244, -1, 0
132, -1, 1
124, -1, 0
127, -1, 0
243, -1, 0
130, -1, 0
125, -1, 0
245, -1, 0
130, -1, 0
125, -1, 0
126, -1, 1
124, -1, 0
244, -1, 0
131, -1, 0
245, -1, 0
130, -1, 0
126, -1, 0
124, -1, 0
125, -1, 0
244, -1, 0
131, -1, 0
125, -1, 1
245, -1, 0
130, -1, 0
245, -1, 0
127, -1, 0
125, -1, 0
248, -1, 0
127, -1, 0
126, -1, 0
125, 0, 1
124, -1, 0
125, -1, 0
126, -1, 0
124, -1, 0
248, -1, 0
128, -1, 0
125, -1, 0
247, -1, 0
249, -1, 0
128, -1, 0
248, -1, 0
127, -1, 1
126, -1, 0
247, -1, 0
135, -1, 0
240, -1, 0
128, -1, 0
247, -1, 0
127, -1, 0
247, -1, 0
128, -1, 0
247, -1, 0
129, -1, 0
246, -1, 0
128, -1, 0
247, -1, 0
128, 0, 1
125, -1, 0
125, -1, 0
394, -1, 0
250, -1, 0
106, -2, 0
247, -1, 0
250, -1, 0
128, -1, 0
247, -1, 0
127, -1, 0
248, -1, 0
249, -1, 0
128, -1, 0
247, -1, 0
250, -1, 0
251, -1, 1
127, -1, 0
247, -1, 0
128, -1, 0
247, -1, 0
252, -1, 0
249, -1, 0
250, -1, 0
250, -1, 0
127, -1, 0
248, -1, 0
249, -1, 0
250, -1, 0
250, -1, 0
250, -1, 0
250, -1, 0
250, -1, 0
250, -1, 0
251, -1, 0
250, -1, 0
339, -1, 0
163, -1, 0
249, -1, 0
415, -1, 0
209, -1, 0
250, -1, 0
251, -1, 0
249, -1, 0
415, -1, 0
210, -1, 0
378, -1, 0
247, -1, 0
376, -1, 0
250, -1, 0
403, -1, 0
221, -1, 0
376, -1, 0
414, -1, 0
335, -1, 0
251, -1, 0
413, -1, 0
211, -1, 0
376, -1, 0
418, -1, 0
496, -1, 0
337, -1, 0
248, 0, -1
251, -1, 0
249, -1, 0
644, -1, 0
235, -1, 0
496, -1, 0
529, -1, 0
105, 0, -1
245, -1, 0
524, -1, 0
507, -1, 0
496, -1, 0
469, -1, 0
659, -1, 0
401, 0, -1
68, -1, 0
655, -1, 0
625, -1, 0
717, -1, 0
128, 0, -1
530, -1, 0
719, -1, 0
789, -1, 0
759, -1, -1
826, -1, 0
1000, -1, 0
248, 0, -1
412, -1, 0
1224, -1, 0
871, 0, -1
244, -1, 0
1125, -1, 0
1252, -1, 0
248, 0, -1
1042, -1, 0
1499, 0, -1
209, -1, 0
1672, -1, 0
1579, 0, -1
500, -1, 0
2169, -1, 0
1205, 0, -1
1793, -1, 0
1709, 0, -1
3004, -1, 0
672, 0, -1
3323, 0, -1
2418, 1, 0
751, 0, -1
1999, 1, 0
2004, 0, -1
81, 1, 0
2186, 1, 0
2104, 1, 0
1332, 0, -1
249, 1, 0
1418, 1, 0
1480, 1, 0
1270, 1, 0
999, 1, 0
1000, 1, 0
1133, 1, 0
868, 1, 0
749, 1, 0
713, 1, 0
908, 1, 0
627, 1, 0
834, 1, 0
661, 1, 0
758, 1, 0
469, 1, 0
779, 1, 0
459, 1, 0
541, 1, 0
584, 1, 0
539, 1, 0
460, 1, 0
539, 1, 0
461, 1, 0
500, 1, 0
500, 1, 0
375, 1, 0
502, 1, 0
501, 1, 0
415, 1, 0
457, 1, 0
412, 1, 0
463, 1, 0
413, 1, 0
337, 1, 0
375, 1, 0
412, 1, 0
337, 1, 0
567, 1, 0
185, 1, 0
421, 1, 0
329, 1, 0
419, 1, 0
331, 1, 0
427, 1, 0
323, 1, 0
249, 1, 0
376, 1, 0
424, 1, 0
326, 1, 0
249, 1, 0
421, 1, 0
205, 1, 0
375, 1, 0
423, 1, 0
201, 1, 0
376, 1, 0
249, 1, 0
424, 1, 0
327, 1, 0
249, 1, 0
250, 1, 0
385, 1, 0
241, 1, 0
250, 1, 0
421, 1, 0
205, 1, 0
249, 1, 0
419, 1, 0
205, 1, 0
376, 1, 0
249, 1, 0
250, 1, 0
250, 1, 0
399, 1, 0
227, 1, 0
250, 1, 0
250, 1, 0
249, 1, 0
250, 1, 0
419, 1, 0
206, 1, 0
250, 1, 0
250, 1, 0
250, 1, 0
250, 1, 0
250, 1, 0
250, 1, 0
250, 1, 0
376, 1, 0
249, 1, 0
128, 1, 0
247, 1, 0
250, 1, 0
250, 1, 0
376, 1, 0
127, 1, 0
404, 1, 0
218, 1, 0
250, 1, 0
130, 1, 0
245, 1, 0
250, 1, 0
251, 1, 0
249, 1, 0
250, 1, 0
250, 1, 0
250, 1, 0
250, 1, 0
128, 1, 0
425, 1, 0
76, 1, 0
246, 1, 0
250, 1, 0
251, 1, 0
249, 1, 0
250, 1, 0
128, 1, 0
247, 1, 0
250, 1, 0
250, 1, 0
250, 1, 0
128, 1, 0
247, 1, 0
251, 1, 0
249, 1, 0
249, 1, 0
310, 1, 0
192, 1, 0
126, 1, 0
125, 1, 0
247, 1, 0
250, 1, 0
127, 1, 0
248, 1, 0
250, 1, 0
128, 1, 0
247, 1, 0
250, 1, 0
250, 1, 0
128, 1, 0
247, 1, 0
128, 1, 0
414, 1, 0
86, 1, 0
126, 1, 0
246, 1, 0
250, 1, 0
128, 1, 0
247, 1, 0
250, 1, 0
250, 1, 0
128, 1, 0
247, 1, -1
127, 1, 0
248, 1, 0
128, 1, 0
247, 1, 0
250, 1, 0
128, 1, 0
247, 1, 0
127, 1, 0
248, 1, 0
128, 1, 0
247, 1, 0
250, 1, 0
128, 1, 0
124, 1, 0
248, 1, 0
250, 1, 0
127, 1, 0
126, 1, 0
247, 1, 0
127, 1, 0
248, 1, 0
250, 1, 0
128, 1, 0
125, 1, 0
246, 1, 0
251, 1, 0
127, 1, 0
248, 1, 0
128, 1, 0
124, 1, 0
250, 1, 0
127, 1, -1
247, 1, 0
127, 1, 0
247, 1, 0
127, 1, 0
248, 1, 0
128, 1, 0
247, 1, 0
128, 1, 0
247, 1, 0
128, 1, 0
125, 1, 0
251, 1, 0
129, 1, 0
244, 1, 0
127, 1, 0
125, 1, 0
247, 1, 0
128, 1, 0
125, 1, 0
247, 1, 0
128, 1, 0
247, 1, 0
128, 1, 0
125, 1, -1
247, 1, 0
128, 1, 0
125, 1, 0
247, 1, 0
128, 1, 0
249, 1, 0
135, 1, 0
115, 1, 0
247, 1, 0
128, 1, 0
247, 1, 0
128, 1, 0
125, 1, 0
248, 1, 0
127, 1, 0
247, 1, 0
128, 1, 0
125, 1, 0
247, 1, 0
128, 1, 0
125, 1, 0
125, 1, 0
247, 1, 0
128, 1, -1
247, 1, 0
128, 1, 0
125, 1, 0
247, 1, 0
128, 1, 0
125, 1, 0
247, 1, 0
128, 1, 0
125, 1, 0
247, 1, 0
128, 1, 0
125, 1, 0
247, 1, 0
128, 1, 0
125, 1, 0
125, 1, -1
247, 1, 0
128, 1, 0
247, 1, 0
128, 1, 0
125, 1, 0
247, 1, 0
128, 1, 0
125, 1, 0
247, 1, 0
128, 1, 0
125, 1, 0
247, 1, 0
128, 1, 0
125, 1, 0
125, 1, 0
247, 1, -1
128, 1, 0
125, 1, 0
247, 1, 0
128, 1, 0
125, 1, 0
247, 1, 0
128, 1, 0
125, 1, 0
125, 1, 0
247, 1, 0
128, 1, 0
157, 1, 0
240, 1, 0
103, 1, 0
125, 1, 0
125, 1, -1
247, 1, 0
128, 1, 0
125, 1, 0
247, 1, 0
128, 1, 0
125, 1, 0
124, 1, 0
248, 1, 0
128, 1, 0
125, 1, 0
247, 1, 0
128, 1, 0
125, 1, 0
125, 1, 0
247, 1, 0
128, 1, 0
125, 1, 0
247, 1, -1
128, 1, 0
125, 1, 0
247, 1, 0
128, 1, 0
125, 1, 0
125, 1, 0
125, 1, 0
246, 1, 0
129, 1, 0
246, 1, 0
129, 1, 0
125, 1, 0
130, 1, 0
124, 1, -1
246, 1, 0
128, 1, 0
266, 1, 0
234, 1, 0
122, 2, 0
125, 1, 0
247, 1, 0
128, 1, 0
125, 1, 0
247, 1, 0
128, 1, 0
124, 1, 0
125, 1, 0
248, 1, 0
128, 1, 0
125, 1, 0
125, 0, -1
125, 1, 0
124, 1, 0
125, 1, 0
248, 2, 0
250, 1, 0
128, 1, 0
247, 1, 0
128, 1, 0
125, 1, 0
247, 1, 0
128, 1, 0
125, 1, 0
125, 1, 0
124, 1, 0
126, 0, -1
124, 1, 0
125, 1, 0
248, 1, 0
127, 1, 0
125, 1, 0
135, 1, 0
240, 1, 0
125, 1, 0
127, 1, 0
247, 1, 0
129, 1, 0
123, 1, 0
246, 1, 0
129, 1, -1
128, 1, 0
244, 1, 0
128, 1, 0
125, 1, 0
247, 1, 0
128, 1, 0
125, 1, 0
247, 1, 0
127, 1, 0
248, 1, 0
128, 1, 0
125, 1, 0
246, 1, 0
129, 1, -1
125, 1, 0
264, 1, 0
111, 1, 0
125, 1, 0
247, 1, 0
128, 1, 0
125, 1, 0
247, 1, 0
127, 1, 0
248, 1, 0
128, 1, 0
247, 1, 0
127, 1, 0
126, 1, -1
246, 1, 0
129, 1, 0
144, 1, 0
227, 1, 0
250, 1, 0
128, 1, 0
125, 1, 0
247, 1, 0
128, 1, 0
125, 1, 0
247, 1, 0
250, 1, 0
128, 1, 0
125, 1, 0
125, 0, -1
125, 1, 0
125, 1, 0
247, 1, 0
128, 1, 0
247, 1, 0
128, 1, 0
247, 1, 0
128, 1, 0
247, 1, 0
128, 1, 0
247, 1, 0
441, 1, 0
188, 1, -1
145, 2, 0
227, 1, 0
128, 1, 0
247, 1, 0
130, 1, 0
244, 1, 0
128, 1, 0
252, 1, 0
257, 1, 0
118, 1, 0
247, 1, 0
251, 1, 0
252, 1, 0
130, 1, 0
241, 1, 0
131, 0, -1
125, 1, 0
245, 1, 0
249, 1, 0
131, 1, 0
244, 1, 0
250, 1, 0
130, 1, 0
403, 1, 0
217, 1, 0
131, 1, 0
256, 1, 0
238, 1, 0
250, 1, 0
250, 1, 0
249, 1, 0
250, 1, 0
251, 1, 0
250, 1, 0
249, 1, 0
131, 0, -1
125, 1, 0
244, 1, 0
251, 1, 0
407, 1, 0
233, 1, 0
235, 1, 0
374, 1, 0
250, 1, 0
250, 1, 0
257, 1, 0
372, 1, 0
399, 1, 0
225, 1, 0
375, 1, 0
405, 1, 0
220, 1, 0
375, 1, 0
407, 1, 0
469, 1, 0
410, 1, 0
389, 1, 0
325, 1, 0
537, 1, 0
499, 1, 0
513, 1, 0
452, 1, 0
555, 1, 0
601, 1, 0
766, 1, 0
724, 1, 0
796, 1, 0
972, 1, 0
1384, 1, 0
2240, 1, 0
20529, -1, 0
2585, -1, 0
1743, -1, 0
1381, -1, 0
1153, -1, 0
994, -1, 1
844, -1, 0
911, -1, 0
593, -1, 0
656, -1, 0
715, -1, 0
658, -1, 0
507, -1, 0
582, -1, 0
538, -1, 0
499, -1, 0
505, -1, 0
331, -1, 0
500, -1, 0
538, -1, 0
340, -1, 0
375, -1, 0
513, -1, 0
370, -1, 0
242, 0, 1
153, -1, 0
483, -1, 0
242, -1, 0
374, -1, 0
497, -1, 0
250, -1, 0
434, -1, 0
317, -1, 0
522, -1, 0
232, -1, 0
255, -1, 0
242, -1, 1
375, -1, 0
250, -1, 0
374, -1, 0
263, -1, 0
363, -1, 0
248, -1, 0
252, -1, 0
246, -1, 0
452, -1, 0
178, -1, 0
127, 0, 1
126, -1, 0
243, -1, 0
250, -1, 0
382, -1, 0
245, -1, 0
249, -1, 0
247, -1, 0
254, -1, 0
249, -1, 0
127, 0, 1
127, -1, 0
244, -1, 0
255, -1, 0
246, -1, 0
129, -1, 0
433, -1, 0
66, -1, 0
371, -1, 0
251, -1, 1
127, -1, 0
250, -1, 0
250, -1, 0
124, -1, 0
248, -1, 0
250, -1, 0
252, -1, 0
129, -1, 0
250, -1, 1
248, -1, 0
249, -1, 0
250, -1, 0
127, -1, 0
245, -1, 0
249, -1, 0
129, -1, 0
249, -1, 0
126, -1, 0
131, 0, 1
120, -1, 0
246, -1, 0
131, -1, 0
243, -1, 0
251, -1, 0
131, -1, 0
249, -1, 0
128, 0, 1
121, -1, 0
123, -1, 0
251, -1, 0
124, -1, 0
250, -1, 0
129, -1, 0
246, -1, 0
128, -1, 0
247, -1, 0
247, -1, 0
132, -1, 0
246, -1, 1
128, -1, 0
245, -1, 0
319, -1, 0
202, -1, 0
128, -1, 0
107, -1, 0
125, -1, 0
125, -1, 0
124, 0, 1
123, -1, 0
247, -1, 0
128, -1, 0
125, -1, 0
247, -1, 0
129, -1, 0
246, -1, 0
128, -1, 0
125, -1, 0
126, 0, 1
128, -1, 0
123, -1, 0
124, -1, 0
246, -1, 0
131, -1, 0
122, -1, 0
250, -1, 0
131, -1, 1
244, -1, 0
127, -1, 0
124, -1, 0
246, -1, 0
127, -1, 0
128, -1, 0
247, -1, 0
125, -1, 1
247, -1, 0
128, -1, 0
125, -1, 0
128, -1, 0
245, -1, 0
132, -1, 0
136, -1, 0
111, -1, 1
245, -1, 0
128, -1, 0
252, -1, 0
137, -1, 0
112, -1, 0
125, -1, 0
125, -1, 0
251, -1, 0
123, -1, 1
124, -1, 0
126, -1, 0
272, -1, 0
100, -1, 0
148, -1, 0
108, -1, 0
243, -1, 0
124, -1, 1
125, -1, 0
127, -1, 0
256, -1, 0
120, -1, 0
124, -1, 0
125, -1, 0
259, -2, 0
118, 0, 1
124, -1, 0
126, -1, 0
126, -1, 0
125, -1, 0
247, -1, 0
130, -1, 0
213, -1, 0
49, -1, 0
118, -1, 1
248, -2, 0
243, -1, 0
128, -1, 0
127, -1, 0
126, -1, 0
243, -1, 0
127, -1, 1
126, -1, 0
123, -1, 0
127, -1, 0
123, -1, 0
125, -1, 0
250, -2, 0
256, -1, 0
121, -1, 1
124, -1, 0
126, -1, 0
110, -1, 0
124, -1, 0
248, -2, 0
250, -1, 0
128, -1, 1
125, -1, 0
124, -1, 0
125, -1, 0
125, -1, 0
248, -1, 0
127, -1, 0
126, -1, 1
124, -1, 0
312, -1, 0
189, -1, 0
126, -3, 0
246, -1, 0
128, -1, 0
125, -1, 0
125, -1, 1
124, -1, 0
126, -1, 0
124, -1, 0
125, -1, 0
126, -1, 0
124, -1, 0
126, -1, 0
124, -1, 1
247, -1, 0
128, -1, 0
126, -1, 0
124, -1, 0
125, -1, 0
127, -1, 0
126, -1, 1
123, -1, 0
125, -1, 0
125, -1, 0
250, -1, 0
125, -1, 0
125, -1, 0
126, -1, 0
124, -1, 0
125, -1, 1
125, -1, 0
124, -1, 0
125, -1, 0
125, -1, 0
125, -1, 0
125, -1, 0
248, -1, 0
127, -1, 1
125, -1, 0
125, -1, 0
125, -1, 0
125, -1, 0
125, -1, 0
125, -1, 0
125, -1, 0
125, -1, 0
125, -1, 0
125, -1, 0
126, -1, 1
249, -2, 0
248, -2, 0
250, -2, 0
128, 0, 1
124, -2, 0
248, -1, 0
127, -1, 0
125, -1, 0
125, -1, 0
126, -1, 0
124, -1, 0
125, -1, 0
125, -1, 1
125, -1, 0
125, -1, 0
125, -1, 0
125, -1, 0
125, -1, 0
125, -1, 0
125, -1, 0
248, -1, 0
127, -1, 1
126, -2, 0
247, -1, 0
128, -1, 0
125, -1, 0
125, -1, 0
124, -1, 1
125, -1, 0
125, -1, 0
126, -1, 0
124, -1, 0
125, -1, 0
125, -1, 0
126, -1, 0
124, -1, 0
125, -1, 0
125, -1, 0
126, -1, 1
125, -1, 0
124, -1, 0
125, -1, 0
247, -2, 0
128, -1, 0
125, -1, 0
248, -2, 1
249, -1, 0
128, -1, 0
125, -1, 0
125, -1, 0
125, -1, 0
125, -1, 0
125, -1, 0
125, -1, 0
126, -1, 1
178, -1, 0
74, -1, 0
126, -1, 0
147, -1, 0
102, -1, 0
126, -1, 0
124, -1, 0
125, -1, 0
125, -1, 0
133, -1, 0
122, 0, 1
124, -2, 0
243, -2, 0
464, -2, 0
166, -1, 0
123, -2, 0
125, -1, 0
125, -1, 1
125, -1, 0
125, -1, 0
125, -1, 0
125, -1, 0
125, -1, 0
125, -1, 0
125, -1, 0
125, -1, 0
125, -1, 0
125, -1, 0
125, -1, 0
125, -1, 1
125, -1, 0
125, -1, 0
125, -1, 0
125, -1, 0
125, -1, 0
125, -1, 0
125, -1, 0
125, -1, 0
125, -1, 0
244, -1, 0
131, -1, 1
125, -1, 0
125, -1, 0
130, -1, 0
123, -1, 0
125, -1, 0
123, -1, 0
122, -1, 0
124, -1, 0
125, -1, 0
125, -1, 0
126, -1, 1
125, -1, 0
124, -1, 0
125, -1, 0
125, -1, 0
125, -1, 0
125, -1, 0
125, -1, 0
248, -2, 0
251, -1, 0
128, -1, 1
123, -1, 0
128, -1, 0
123, -1, 0
124, -1, 0
128, -1, 0
122, -1, 0
125, -1, 0
125, -1, 0
125, -1, 0
125, -1, 0
125, -1, 0
125, -1, 1
125, -1, 0
247, -2, 0
250, -2, 0
250, -1, 0
128, -1, 0
125, -1, 0
125, -1, 0
126, -1, 0
124, -1, 0
125, -1, 1
125, -1, 0
247, -2, 0
251, -2, 0
127, -1, 0
125, -1, 0
248, -1, 0
127, -1, 0
125, -1, 0
125, -1, 0
125, -1, 1
125, -1, 0
125, -1, 0
125, -1, 0
125, -1, 0
137, -1, 0
235, -2, 0
251, -1, 0
127, -1, 0
125, -1, 0
125, -1, 0
143, -1, 0
107, -1, 0
125, -1, 1
125, -1, 0
247, -2, 0
250, -1, 0
128, -1, 0
125, -1, 0
125, -1, 0
125, -1, 0
125, -1, 0
125, -1, 0
125, -1, 0
125, -1, 0
125, -1, 0
125, -1, 1
125, -1, 0
247, -1, 0
128, -1, 0
125, -1, 0
125, -1, 0
125, -1, 0
125, -1, 0
125, -1, 0
125, -1, 0
262, -1, 0
113, -1, 0
126, -1, 0
124, -1, 0
125, -1, 0
125, -1, 1
247, -1, 0
128, -1, 0
125, -1, 0
125, -1, 0
125, -1, 0
125, -1, 0
125, -1, 0
125, -1, 0
247, -1, 0
128, -1, 0
126, -1, 0
133, -1, 0
116, -1, 0
125, -1, 1
125, -1, 0
247, -1, 0
128, -1, 0
125, -1, 0
144, -1, 0
106, -1, 0
125, -1, 0
247, -1, 0
128, -1, 0
125, -1, 0
125, -1, 0
148, -1, 0
224, -1, 0
128, -1, 0
125, -1, 0
125, -1, 0
125, -1, 0
125, -1, 0
247, -1, 1
127, -1, 0
126, -1, 0
125, -1, 0
124, -1, 0
248, -1, 0
128, -1, 0
125, -1, 0
125, -1, 0
246, -1, 0
129, -1, 0
125, -1, 0
204, -1, 0
87, -1, 0
206, -1, 0
130, -1, 0
125, -1, 0
126, -1, 0
243, -1, 0
132, -1, 0
124, -1, 0
125, -1, 0
244, -1, 1
131, -1, 0
125, -1, 0
244, -1, 0
132, -1, 0
124, -1, 0
125, -1, 0
127, -1, 0
250, -1, 0
132, -1, 0
121, -1, 0
243, -1, 0
131, -1, 0
125, -1, 0
124, -1, 0
244, -1, 0
131, -1, 0
125, -1, 0
244, -1, 0
131, -1, 0
125, -1, 0
244, -1, 0
131, -1, 1
125, -1, 0
244, -1, 0
132, -1, 0
125, -1, 0
244, -1, 0
130, -1, 0
126, -1, 0
245, -1, 0
249, -1, 0
128, -1, 0
125, -1, 0
246, -1, 0
128, -1, 0
125, -1, 0
247, -1, 0
128, -1, 0
247, -1, 0
128, -1, 0
125, -1, 0
247, -1, 0
128, -1, 0
248, -1, 0
127, -1, 0
316, -1, 0
59, -1, 0
246, -1, 0
127, -1, 0
247, -1, 0
127, -1, 0
247, -1, 0
128, -1, 0
248, -1, 0
127, -1, 0
248, -1, 0
127, -1, 0
248, -1, 0
250, -1, 0
127, -1, 0
125, -1, 0
247, -1, 0
250, -1, 0
129, -1, 0
247, -1, 0
250, -1, 0
127, -1, 0
248, -1, 0
250, -1, 0
250, -1, 0
128, -1, 0
247, -1, 0
249, -1, 0
129, -1, 0
247, -1, 0
249, -1, 0
250, -1, 0
128, -1, 0
247, -1, 0
250, -1, 0
251, -1, 0
249, -1, 0
169, -1, 0
206, -1, 0
250, -1, 0
251, -1, 0
249, -1, 0
250, -1, 0
250, -1, 0
250, -1, 0
250, -1, 0
250, -1, 0
250, -1, 0
250, -1, 0
250, -1, 0
251, -1, 0
249, -1, 0
250, -1, 0
251, -1, 0
411, -1, 0
213, -1, 0
251, -1, 0
249, -1, 0
251, -1, 0
409, -1, 0
217, -1, 0
377, -1, 0
247, -1, 0
412, -1, 0
213, -1, 0
375, -1, 0
250, -1, 0
409, -1, 0
216, -1, 0
375, -1, 0
403, -1, 0
223, -1, 0
539, -1, 0
335, -1, 0
250, -1, 0
435, -1, 0
191, 0, -1
249, -1, 0
525, -1, 0
243, -1, 0
482, -1, 0
500, -1, 0
500, -1, 0
658, -1, 0
501, -1, 0
341, 0, -1
250, -1, 0
670, -1, 0
621, -1, 0
620, -1, 0
875, -1, 0
999, -1, 0
340, 0, -1
664, -1, 0
1249, -1, 0
1753, -1, 0
871, 0, -1
16777, 1, 0
2094, 1, 0
1639, 1, 0
1127, 1, 0
1099, 1, 0
997, 1, 0
994, 1, 1
940, 1, 0
686, 1, 0
785, 1, 0
602, 1, 0
617, 1, 0
662, 1, 0
465, 1, 0
655, 1, 0
484, 1, 0
486, 1, 1
373, 1, 0
557, 1, 0
478, 1, 0
339, 1, 0
530, 1, 0
345, 1, 0
434, 1, 0
313, 1, 0
733, 1, 0
31, 1, 0
363, 1, 0
372, 1, 0
429, 1, 0
196, 1, 0
375, 1, 0
429, 1, 0
320, 1, 0
250, 1, 0
251, 1, 0
375, 1, 0
377, 1, 0
249, 1, 0
375, 1, 0
248, 1, 0
250, 1, 1
376, 1, 0
249, 1, 0
249, 1, 0
250, 1, 0
251, 1, 0
374, 1, 0
251, 1, 0
250, 1, 0
252, 1, 0
273, 1, 0
231, 1, 0
372, 1, 0
248, 1, 0
252, 1, 0
251, 1, 0
140, 1, 0
359, 1, 0
130, 1, 0
244, 1, 0
256, 1, 0
246, 1, 0
249, 1, 0
252, 1, 0
250, 1, 0
250, 1, 0
247, 1, 0
128, 1, 0
250, 1, 0
250, 1, 0
253, 1, 0
245, 1, 0
130, 1, 0
245, 1, 0
252, 1, 0
252, 1, 0
245, 1, 0
129, 1, 0
246, 1, 0
250, 1, 0
131, 1, 0
247, 1, 0
249, 1, 0
130, 1, 0
243, 1, 0
256, 1, 0
126, 1, 0
246, 1, 0
437, 1, 0
197, 1, 0
132, 2, 0
230, 1, 0
248, 1, 0
129, 1, 0
247, 1, 0
247, 1, 0
128, 1, 0
125, 1, 0
247, 1, 0
250, 1, 0
128, 1, 0
247, 1, 0
250, 1, 0
128, 1, 0
126, 1, 0
247, 1, 0
250, 1, 0
127, 1, 0
247, 1, 0
129, 1, 0
247, 1, 0
128, 1, 0
246, 1, 0
128, 1, 0
126, 1, 0
247, 1, 0
127, 1, 0
247, 1, 0
250, 1, 0
128, 1, 0
125, 1, 0
248, 1, 0
127, 1, 0
125, 1, 0
247, 1, 0
129, 1, 0
246, 1, 0
129, 1, 0
246, 1, 0
129, 1, 0
246, 1, 0
129, 1, 0
124, 1, 0
248, 1, 0
127, 1, 0
247, 1, 0
128, 1, 0
125, 1, 0
248, 1, 0
128, 1, 0
124, 1, 0
247, 1, 0
128, 1, 0
253, 1, 0
122, 1, 0
125, 1, 0
248, 1, 0
127, 1, 0
125, 1, 0
261, 1, 0
131, 1, 0
242, 1, 0
119, 1, 0
125, 1, 0
246, 1, 0
128, 1, 0
144, 1, 0
234, 1, 0
121, 1, -1
124, 1, 0
125, 1, 0
247, 1, 0
129, 1, 0
132, 1, 0
246, 1, 0
123, 1, 0
125, 1, 0
248, 1, 0
127, 1, 0
125, 1, 0
248, 1, 0
127, 1, 0
125, 1, 0
248, 1, 0
127, 1, 0
125, 1, 0
125, 1, 0
248, 1, 0
127, 1, 0
135, 1, 0
243, 1, 0
344, 1, -1
154, 1, 0
124, 2, 0
124, 1, 0
124, 1, 0
126, 1, 0
246, 1, 0
129, 1, 0
125, 1, 0
246, 1, 0
128, 1, 0
126, 1, 0
124, 1, 0
125, 1, 0
248, 1, 0
127, 1, 0
126, 1, 0
125, 1, 0
132, 0, -1
120, 1, 0
125, 1, 0
126, 1, 0
125, 1, 0
124, 1, 0
260, 1, 0
120, 1, 0
123, 1, 0
122, 1, 0
247, 1, 0
130, 1, 0
123, 1, 0
124, 1, 0
128, 1, 0
246, 1, 0
139, 1, -1
121, 1, 0
246, 1, 0
128, 1, 0
129, 1, 0
129, 1, 0
120, 1, 0
115, 1, 0
245, 1, 0
128, 1, 0
145, 1, 0
127, 1, 0
245, 1, 0
114, 1, 0
125, 1, 0
124, 1, 0
122, 1, -1
247, 1, 0
128, 1, 0
130, 1, 0
121, 1, 0
250, 1, 0
127, 1, 0
125, 1, 0
125, 1, 0
110, 1, 0
123, 1, 0
248, 1, 0
131, 1, 0
122, 1, 0
125, 1, 0
125, 1, -1
247, 1, 0
128, 1, 0
125, 1, 0
125, 1, 0
125, 1, 0
125, 1, 0
125, 1, 0
247, 1, 0
128, 1, 0
125, 1, 0
125, 1, 0
247, 1, -1
127, 1, 0
126, 1, 0
124, 1, 0
126, 1, 0
125, 1, 0
125, 1, 0
247, 1, 0
127, 1, 0
126, 1, 0
124, 1, 0
248, 1, -1
128, 1, 0
125, 1, 0
127, 1, 0
123, 1, 0
125, 1, 0
125, 1, 0
247, 1, 0
128, 1, 0
124, 1, 0
126, 1, 0
125, 1, 0
125, 1, -1
247, 1, 0
127, 1, 0
126, 1, 0
125, 1, 0
127, 1, 0
141, 1, 0
107, 1, 0
246, 1, 0
127, 1, 0
125, 1, 0
125, 1, -1
234, 1, 0
267, 1, 0
125, 2, 0
127, 1, 0
124, 1, 0
125, 1, 0
123, 1, 0
247, 1, 0
128, 1, 0
126, 1, -1
125, 1, 0
124, 1, 0
125, 1, 0
125, 1, 0
249, 2, 0
248, 1, 0
128, 1, 0
125, 1, 0
125, 1, 0
125, 1, -1
125, 1, 0
247, 1, 0
129, 1, 0
124, 1, 0
125, 1, 0
125, 1, 0
125, 1, 0
247, 1, 0
128, 1, 0
125, 1, 0
125, 1, 0
125, 1, -1
125, 1, 0
125, 1, 0
247, 1, 0
128, 1, 0
125, 1, 0
125, 1, 0
125, 1, 0
125, 1, 0
248, 1, -1
127, 1, 0
125, 1, 0
125, 1, 0
125, 1, 0
125, 1, 0
249, 2, 0
248, 1, 0
128, 1, 0
125, 1, 0
131, 1, 0
143, 1, -1
226, 2, 0
249, 1, 0
141, 1, 0
114, 1, 0
125, 1, 0
245, 2, 0
250, 1, -1
131, 1, 0
124, 1, 0
126, 1, 0
124, 1, 0
125, 1, 0
126, 1, 0
255, 1, 0
119, 1, 0
126, 1, 0
126, 1, 0
124, 1, -1
125, 1, 0
244, 2, 0
250, 1, 0
131, 1, 0
125, 1, 0
124, 1, 0
246, 2, -1
249, 1, 0
131, 1, 0
124, 1, 0
126, 1, 0
124, 1, 0
125, 1, 0
125, 1, 0
245, 1, 0
131, 1, 0
125, 1, 0
125, 1, -1
124, 1, 0
126, 1, 0
243, 1, 0
131, 1, 0
122, 1, 0
126, 1, 0
125, 1, 0
125, 1, -1
247, 1, 0
128, 1, 0
125, 1, 0
124, 1, 0
125, 1, 0
126, 1, 0
125, 1, 0
247, 2, 0
129, 0, -1
124, 1, 0
125, 1, 0
124, 1, 0
125, 1, 0
260, 1, 0
114, 1, 0
128, 1, 0
122, 1, 0
126, 1, 0
124, 1, 0
126, 0, -1
124, 1, 0
125, 1, 0
125, 1, 0
125, 1, 0
140, 1, 0
235, 2, 0
254, 1, 0
126, 1, -1
122, 1, 0
124, 1, 0
127, 1, 0
122, 1, 0
248, 1, 0
128, 1, 0
125, 1, 0
124, 1, 0
125, 1, 0
125, 1, 0
126, 1, -1
248, 1, 0
127, 1, 0
124, 1, 0
126, 1, 0
125, 1, 0
124, 1, 0
248, 1, 0
128, 1, 0
125, 1, 0
125, 1, 0
125, 1, -1
247, 1, 0
127, 1, 0
126, 1, 0
124, 1, 0
248, 2, 0
250, 1, 0
128, 1, -1
124, 1, 0
125, 1, 0
265, 1, 0
116, 1, 0
125, 1, 0
124, 1, 0
134, 1, 0
234, 1, 0
131, 1, 0
125, 1, 0
125, 1, 0
125, 1, -1
126, 1, 0
244, 1, 0
130, 1, 0
125, 1, 0
125, 1, 0
125, 1, 0
244, 1, 0
150, 1, 0
106, 1, 0
125, 1, -1
244, 2, 0
250, 1, 0
133, 1, 0
124, 1, 0
122, 1, 0
125, 1, 0
248, 1, -1
128, 1, 0
124, 1, 0
125, 1, 0
250, 1, 0
127, 1, 0
124, 1, 0
125, 1, 0
145, 1, 0
225, 1, 0
143, 1, 0
113, 1, -1
124, 1, 0
244, 1, 0
131, 1, 0
142, 1, 0
106, 1, 0
124, 1, 0
248, 1, 0
127, 1, 0
147, 1, 0
104, 0, -1
125, 1, 0
126, 1, 0
127, 1, 0
121, 1, 0
248, 1, 0
127, 1, 0
126, 1, 0
124, 1, 0
125, 1, 0
248, 1, -1
127, 1, 0
126, 1, 0
247, 1, 0
127, 1, 0
126, 1, 0
124, 1, 0
309, 1, 0
67, 1, 0
128, 1, 0
124, 1, -1
127, 1, 0
244, 1, 0
127, 1, 0
246, 1, 0
128, 1, 0
125, 1, 0
125, 1, 0
269, 1, 0
106, 1, -1
134, 1, 0
238, 1, 0
128, 1, 0
125, 1, 0
247, 1, 0
132, 1, 0
134, 1, 0
256, 1, 0
109, 1, 0
127, 1, -1
244, 1, 0
138, 1, 0
238, 1, 0
129, 1, 0
125, 1, 0
245, 1, 0
129, 1, 0
125, 1, -1
245, 1, 0
131, 1, 0
244, 1, 0
130, 1, 0
126, 1, 0
245, 1, 0
131, 1, 0
124, 1, -1
244, 1, 0
131, 1, 0
243, 1, 0
132, 1, 0
244, 1, 0
130, 1, 0
244, 1, 0
131, 1, 0
125, 1, -1
244, 1, 0
131, 1, 0
245, 1, 0
249, 1, 0
131, 1, 0
125, 1, 0
245, 1, 0
250, 1, 0
128, 1, -1
246, 1, 0
128, 1, 0
248, 1, 0
128, 1, 0
246, 1, 0
128, 1, 0
247, 1, 0
129, 1, 0
246, 1, 0
251, 1, -1
127, 1, 0
247, 1, 0
250, 1, 0
251, 1, 0
128, 1, 0
246, 1, 0
250, 1, 0
128, 1, 0
248, 1, 0
271, 1, -1
117, 1, 0
236, 1, 0
250, 1, 0
250, 1, 0
250, 1, 0
250, 1, 0
128, 1, 0
248, 1, 0
249, 1, 0
135, 0, -1
240, 1, 0
128, 1, 0
249, 1, 0
250, 1, 0
249, 1, 0
249, 1, 0
402, 1, 0
223, 1, 0
250, 1, 0
250, 1, 0
250, 1, 0
128, 0, -1
125, 1, 0
373, 1, 0
130, 1, 0
406, 1, 0
214, 1, 0
384, 1, 0
240, 1, 0
414, 1, 0
211, 1, 0
375, 1, 0
379, 1, 0
246, 1, 0
375, 1, 0
250, 0, -1
131, 1, 0
407, 1, 0
348, 1, 0
402, 1, 0
337, 1, 0
423, 1, 0
460, 1, 0
495, 1, 0
535, 1, 0
462, 1, 0
501, 1, 0
625, 1, 0
625, 1, 0
750, 1, 0
876, 1, 0
750, 1, 0
1249, 1, 0
1752, 1, 0
21509, -1, 0
3619, -1, 0
2125, -1, 0
1624, -1, 0
1375, -1, 0
1124, -1, 0
881, -1, 0
999, -1, 0
745, -1, 0
750, -1, 0
751, -1, 0
749, -1, 0
626, -1, 0
498, -1, 0
625, -1, 0
500, -1, 0
500, -1, 0
500, -1, 0
502, -1, 0
497, -1, 0
501, -1, 0
499, -1, 0
375, -1, 0
375, -1, 0
250, 0, 1
128, -1, 0
497, -1, 0
375, -1, 0
375, -1, 0
375, -1, 0
249, -1, 0
376, -1, 0
375, -1, 0
375, -1, 0
250, -1, 0
250, 0, 1
250, -1, 0
250, -1, 0
250, -1, 0
374, -1, 0
250, -1, 0
376, -1, 0
249, -1, 0
375, -1, 0
250, -1, 0
250, 0, 1
129, -1, 0
262, -1, 0
238, -1, 0
246, -1, 0
250, -1, 0
375, -1, 0
249, -1, 0
250, -1, 0
251, -1, 0
250, -1, 0
127, 0, 1
125, -1, 0
247, -1, 0
250, -1, 0
251, -1, 0
249, -1, 0
251, -1, 0
249, -1, 0
251, -1, 1
249, -1, 0
250, -1, 0
251, -1, 0
127, -1, 0
247, -1, 0
250, -1, 0
250, -1, 0
250, -1, 1
250, -1, 0
250, -1, 0
128, -1, 0
247, -1, 0
250, -1, 0
250, -1, 0
128, -1, 0
247, -1, 1
250, -1, 0
128, -1, 0
372, -1, 0
128, -1, 0
247, -1, 0
128, -1, 0
125, 0, 1
125, -1, 0
247, -1, 0
128, -1, 0
247, -1, 0
250, -1, 0
129, -1, 0
246, -1, 0
128, -1, 1
247, -1, 0
250, -1, 0
128, -1, 0
247, -1, 0
250, -1, 0
128, -1, 0
125, -1, 0
125, 0, 1
125, -1, 0
247, -1, 0
128, -1, 0
247, -1, 0
128, -1, 0
247, -1, 0
131, -1, 1
244, -1, 0
128, -1, 0
247, -1, 0
128, -1, 0
247, -1, 0
128, -1, 0
248, -1, 1
127, -1, 0
125, -1, 0
247, -1, 0
128, -1, 0
247, -1, 0
128, -1, 0
247, -1, 0
128, -1, 1
247, -1, 0
302, -1, 0
201, -1, 0
126, -2, 0
246, -1, 0
128, -1, 1
125, -1, 0
247, -1, 0
128, -1, 0
125, -1, 0
247, -1, 0
128, -1, 0
125, -1, 0
125, 0, 1
125, -1, 0
125, -1, 0
247, -1, 0
128, -1, 0
125, -1, 0
247, -1, 0
128, -1, 1
125, -1, 0
247, -1, 0
130, -1, 0
245, -1, 0
128, -1, 0
125, -1, 1
247, -1, 0
128, -1, 0
125, -1, 0
247, -2, 0
250, -1, 0
128, -1, 1
247, -1, 0
128, -1, 0
125, -1, 0
247, -1, 0
128, -1, 0
128, -1, 0
123, -1, 1
247, -1, 0
134, -1, 0
120, -1, 0
260, -1, 0
119, -1, 0
121, -1, 0
125, -1, 1
125, -1, 0
247, -1, 0
130, -1, 0
123, -1, 0
124, -1, 0
257, -1, 1
123, -1, 0
120, -1, 0
248, -2, 0
257, -1, 0
124, -1, 0
247, -1, 1
124, -1, 0
146, -1, 0
105, -1, 0
125, -1, 0
247, -1, 0
126, -1, 0
125, -1, 1
148, -1, 0
102, -1, 0
247, -1, 0
128, -1, 0
125, -1, 0
125, -1, 1
247, -1, 0
128, -1, 0
125, -1, 0
125, -1, 0
125, -1, 0
247, -1, 0
128, -1, 1
125, -1, 0
125, -1, 0
125, -1, 0
125, -1, 0
247, -1, 0
127, -1, 0
128, -1, 1
123, -1, 0
125, -1, 0
248, -1, 0
128, -1, 0
124, -1, 0
125, -1, 0
125, -1, 0
125, -1, 1
247, -1, 0
127, -1, 0
126, -1, 0
125, -1, 0
125, -1, 0
125, -1, 0
125, 0, 1
125, -1, 0
124, -1, 0
126, -1, 0
125, -1, 0
126, -1, 0
124, -1, 0
222, -1, 1
153, -1, 0
126, -1, 0
123, -1, 0
125, -1, 0
125, -1, 0
125, -1, 0
248, -1, 1
127, -1, 0
125, -1, 0
125, -1, 0
125, -1, 0
125, -1, 0
248, -1, 1
127, -1, 0
125, -1, 0
125, -1, 0
125, -1, 0
125, -1, 0
125, -1, 0
126, 0, 1
125, -2, 0
248, -1, 0
126, -1, 0
125, -1, 0
125, -1, 0
126, -1, 0
125, -1, 0
124, 0, 1
125, -2, 0
247, -1, 0
128, -1, 0
125, -1, 0
125, -1, 0
125, -1, 0
125, -1, 1
247, -1, 0
128, -1, 0
125, -1, 0
125, -1, 0
125, -1, 0
125, -1, 0
125, -1, 1
247, -1, 0
128, -1, 0
125, -1, 0
125, -1, 0
125, -1, 0
125, -1, 1
127, -1, 0
123, -1, 0
247, -1, 0
128, -1, 0
125, -1, 0
125, -1, 0
125, -1, 0
125, -1, 1
247, -1, 0
128, -1, 0
125, -1, 0
125, -1, 0
125, -1, 0
125, -1, 0
125, -1, 1
125, -1, 0
125, -1, 0
125, -1, 0
247, -1, 0
128, -1, 0
127, -1, 1
125, -1, 0
124, -1, 0
125, -1, 0
126, -1, 0
246, -1, 0
127, -1, 1
125, -1, 0
125, -1, 0
125, -1, 0
125, -1, 0
249, -1, 0
131, -1, 0
126, -1, 0
154, -1, 0
94, -1, 1
126, -1, 0
125, -1, 0
124, -1, 0
244, -1, 0
131, -1, 0
125, -1, 0
124, -1, 1
125, -1, 0
126, -1, 0
124, -1, 0
245, -1, 0
132, -1, 0
123, -1, 0
126, -1, 0
124, -1, 0
125, -1, 1
245, -2, 0
250, -1, 0
130, -1, 0
125, -1, 0
125, -1, 0
126, -1, 1
124, -1, 0
244, -1, 0
131, -1, 0
125, -1, 0
125, -1, 0
126, -1, 0
124, -1, 0
125, -1, 1
623, -1, 0
253, -1, 0
124, -4, 1
125, -1, 0
125, -1, 0
125, -1, 0
125, -1, 0
123, -1, 0
124, -1, 0
125, -1, 0
125, 0, 1
125, -1, 0
125, -1, 0
126, -1, 0
124, -1, 0
125, -1, 0
125, -1, 0
247, -1, 0
128, -1, 1
125, -1, 0
125, -1, 0
125, -1, 0
125, -1, 0
248, -1, 0
128, -1, 0
125, -1, 0
124, -1, 0
125, -1, 1
248, -1, 0
127, -1, 0
125, -1, 0
125, -1, 0
125, -1, 0
125, -1, 0
247, -1, 0
128, -1, 0
125, -1, 1
125, -1, 0
125, -1, 0
247, -1, 0
128, -1, 0
125, -1, 0
125, -1, 0
247, -1, 1
128, -1, 0
125, -1, 0
125, -1, 0
125, -1, 0
125, -1, 0
247, -1, 0
128, -1, 0
125, -1, 0
247, -1, 1
128, -1, 0
125, -1, 0
125, -1, 0
125, -1, 0
247, -1, 0
128, -1, 0
125, -1, 0
125, -1, 0
247, -1, 0
128, -1, 1
125, -1, 0
125, -1, 0
247, -1, 0
128, -1, 0
125, -1, 0
125, -1, 0
247, -1, 0
128, -1, 0
125, -1, 1
125, -1, 0
247, -1, 0
128, -1, 0
125, -1, 0
125, -1, 0
125, -1, 0
247, -1, 0
128, -1, 0
247, -1, 0
128, -1, 0
125, -1, 1
247, -1, 0
128, -1, 0
125, -1, 0
125, -1, 0
125, -1, 0
247, -1, 0
129, -1, 0
247, -1, 0
127, -1, 0
125, -1, 0
125, -1, 0
125, 0, 1
125, -1, 0
125, -1, 0
125, -1, 0
247, -1, 0
128, -1, 0
125, -1, 0
247, -1, 0
128, -1, 0
125, -1, 0
125, -1, 0
247, -1, 0
128, -1, 1
125, -1, 0
300, -1, 0
94, -1, 0
230, -1, 0
126, -1, 0
125, -1, 0
247, -1, 0
128, -1, 0
125, -1, 0
124, 0, 1
125, -1, 0
125, -1, 0
125, -1, 0
247, -1, 0
128, -1, 0
248, -1, 0
127, -1, 0
247, -1, 0
128, -1, 0
126, -1, 0
246, -1, 0
128, -1, 0
248, -1, 1
131, -1, 0
122, -1, 0
247, -1, 0
127, -1, 0
248, -1, 0
127, -1, 0
247, -1, 0
128, -1, 0
247, -1, 0
128, -1, 0
125, -1, 1
247, -1, 0
149, -1, 0
226, -1, 0
250, -1, 0
128, -1, 0
247, -1, 0
128, -1, 0
247, -1, 0
128, -1, 0
127, -1, 0
247, -1, 0
249, -1, 0
131, -1, 0
125, 0, 1
125, -1, 0
124, -1, 0
244, -1, 0
131, -1, 0
244, -1, 0
250, -1, 0
131, -1, 0
244, -1, 0
251, -1, 0
131, -1, 0
244, -1, 0
130, -1, 0
245, -1, 0
131, -1, 0
125, 0, 1
125, -1, 0
244, -1, 0
250, -1, 0
130, -1, 0
244, -1, 0
131, -1, 0
407, -1, 0
93, -1, 0
244, -1, 0
251, -1, 0
130, -1, 0
244, -1, 0
250, -1, 0
255, -1, 0
246, -1, 1
249, -1, 0
128, -1, 0
248, -1, 0
250, -1, 0
249, -1, 0
250, -1, 0
250, -1, 0
250, -1, 0
250, -1, 0
250, -1, 0
130, -1, 0
245, -1, 0
378, -1, 0
252, -1, 0
245, -1, 1
251, -1, 0
249, -1, 0
250, -1, 0
250, -1, 0
250, -1, 0
406, -1, 0
219, -1, 0
250, -1, 0
251, -1, 0
374, -1, 0
250, -1, 0
250, -1, 0
250, -1, 0
406, -1, 0
219, -1, 0
406, -1, 0
219, -1, 0
405, -1, 0
375, -1, 0
220, -1, 0
376, -1, 0
406, -1, 0
346, -1, 0
373, -1, 0
249, -1, 0
416, -1, 0
497, -1, 1
337, -1, 0
405, -1, 0
345, -1, 0
541, -1, 0
334, -1, 0
540, -1, 0
335, -1, 0
538, -1, 0
508, -1, 0
455, -1, 0
625, -1, 0
664, -1, 0
585, -1, 0
666, -1, 0
713, -1, 0
809, -1, 0
940, -1, 0
906, -1, 0
1095, -1, 0
1785, -1, 0
3127, -1, 0
13891, 1, 0
4015, 1, 0
2480, 1, 0
1498, 1, 0
1471, 1, 0
1250, 1, 0
1155, 1, 0
342, 0, 1
502, 1, 0
1000, 1, 0
627, 1, 0
745, 1, 0
748, 1, 0
625, 1, 0
631, 0, 1
127, 1, 0
623, 1, 0
667, 1, 0
459, 1, 0
688, 1, 0
435, 1, 0
564, 1, 0
310, 1, 0
130, 0, 1
370, 1, 0
497, 1, 0
377, 1, 0
499, 1, 0
536, 1, 0
337, 1, 0
381, 1, 0
398, 1, 0
506, 1, 0
341, 1, 0
380, 1, 0
369, 1, 0
375, 1, 0
253, 1, 0
128, 0, 1
436, 1, 0
216, 1, 0
224, 1, 0
372, 1, 0
373, 1, 0
411, 1, 0
224, 1, 0
367, 1, 0
247, 1, 0
249, 1, 0
410, 1, 0
220, 1, 0
377, 1, 0
245, 1, 0
249, 1, 0
413, 1, 0
212, 1, 0
251, 1, 0
251, 1, 0
247, 1, 0
413, 1, 0
212, 1, 0
252, 1, 0
249, 1, 0
254, 1, 0
247, 1, 0
249, 1, 0
251, 1, 0
253, 1, 0
246, 1, 0
250, 1, 0
249, 1, 0
250, 1, 0
252, 1, 0
235, 1, 0
250, 1, 0
251, 1, 0
130, 1, 0
246, 1, 0
249, 1, 0
250, 1, 0
250, 1, 0
250, 1, 0
249, 1, 0
131, 1, 0
244, 1, 0
249, 1, 0
252, 1, 0
130, 1, 0
244, 1, 0
249, 1, 0
251, 1, 0
252, 1, 0
129, 1, 0
244, 1, 0
251, 1, 0
130, 1, 0
248, 1, 0
129, 1, 0
245, 1, 0
247, 1, 0
249, 1, 0
129, 1, 0
247, 1, 0
250, 1, 0
128, 1, 0
426, 1, 0
196, 1, 0
126, 1, 0
124, 1, 0
125, 1, 0
247, 1, 0
128, 1, 0
247, 1, 0
128, 1, 0
247, 1, 0
250, 1, 0
128, 1, 0
247, 1, 0
128, 1, 0
125, 1, 0
247, 1, 0
250, 1, 0
128, 1, 0
247, 1, 0
128, 1, 0
126, 1, 0
246, 1, 0
250, 1, -1
128, 1, 0
125, 1, 0
247, 1, 0
128, 1, 0
247, 1, 0
250, 1, 0
128, 1, 0
125, 1, 0
247, 1, 0
128, 1, 0
247, 1, 0
128, 1, 0
247, 1, 0
128, 1, 0
174, 1, 0
198, 1, 0
131, 1, 0
244, 1, 0
131, 1, 0
244, 1, -1
131, 1, 0
124, 1, 0
245, 1, 0
130, 1, 0
245, 1, 0
131, 1, 0
125, 1, 0
244, 1, 0
131, 1, 0
244, 1, 0
131, 1, 0
244, 1, 0
131, 1, 0
125, 1, 0
244, 1, 0
131, 1, -1
244, 1, 0
131, 1, 0
125, 1, 0
244, 1, 0
131, 1, 0
125, 1, 0
124, 1, 0
245, 1, 0
131, 1, 0
125, 1, 0
244, 1, 0
131, 1, 0
125, 1, 0
243, 1, 0
131, 1, 0
124, 1, 0
124, 0, -1
125, 1, 0
125, 1, 0
247, 1, 0
128, 1, 0
125, 1, 0
247, 1, 0
128, 1, 0
125, 1, 0
247, 1, 0
128, 1, 0
125, 1, 0
125, 1, 0
247, 1, 0
128, 1, 0
125, 1, -1
247, 1, 0
128, 1, 0
125, 1, 0
247, 1, 0
128, 1, 0
248, 1, 0
127, 1, 0
131, 1, 0
119, 1, 0
125, 1, 0
247, 1, 0
128, 1, 0
125, 0, -1
125, 1, 0
126, 1, 0
125, 1, 0
125, 1, 0
125, 1, 0
246, 1, 0
128, 1, 0
125, 1, 0
247, 1, 0
128, 1, 0
125, 1, -1
247, 1, 0
128, 1, 0
125, 1, 0
125, 1, 0
247, 1, 0
129, 1, 0
124, 1, 0
125, 1, 0
247, 1, 0
128, 1, -1
125, 1, 0
247, 1, 0
128, 1, 0
125, 1, 0
125, 1, 0
125, 1, 0
247, 1, 0
128, 1, 0
247, 1, 0
128, 1, 0
125, 1, -1
125, 1, 0
125, 1, 0
247, 1, 0
128, 1, 0
125, 1, 0
125, 1, 0
247, 1, -1
128, 1, 0
161, 1, 0
112, 1, 0
104, 1, 0
245, 1, 0
130, 1, 0
125, 1, 0
126, 1, 0
124, 1, 0
244, 1, 0
132, 1, 0
125, 1, -1
125, 1, 0
243, 1, 0
132, 1, 0
124, 1, 0
125, 1, 0
244, 1, 0
131, 1, 0
125, 1, -1
126, 1, 0
124, 1, 0
245, 1, 0
130, 1, 0
125, 1, 0
136, 1, 0
114, 1, 0
244, 1, 0
131, 1, 0
125, 1, 0
126, 1, -1
243, 1, 0
131, 1, 0
125, 1, 0
125, 1, 0
125, 1, 0
244, 1, 0
131, 1, 0
125, 1, -1
125, 1, 0
244, 1, 0
132, 1, 0
124, 1, 0
122, 1, 0
126, 1, 0
247, 1, 0
128, 1, -1
124, 1, 0
125, 1, 0
247, 1, 0
128, 1, 0
125, 1, 0
125, 1, 0
125, 1, 0
125, 1, 0
125, 1, -1
248, 1, 0
127, 1, 0
125, 1, 0
125, 1, 0
247, 1, 0
250, 1, 0
256, 1, 0
143, 2, -1
105, 1, 0
125, 1, 0
125, 1, 0
124, 1, 0
125, 1, 0
125, 1, -1
255, 1, 0
120, 1, 0
125, 1, 0
125, 1, 0
125, 1, 0
247, 1, 0
128, 1, 0
136, 1, -1
114, 1, 0
247, 2, 0
250, 1, 0
128, 1, 0
125, 1, -1
125, 1, 0
125, 1, 0
247, 1, 0
128, 1, 0
125, 1, 0
125, 1, 0
247, 1, -1
128, 1, 0
125, 1, 0
125, 1, 0
126, 1, 0
126, 1, 0
247, 1, 0
126, 1, 0
125, 1, 0
126, 1, -1
124, 1, 0
248, 1, 0
127, 1, 0
125, 1, 0
125, 1, 0
247, 1, 0
129, 1, -1
124, 1, 0
126, 1, 0
124, 1, 0
247, 1, 0
128, 1, 0
125, 1, -1
125, 1, 0
125, 1, 0
125, 1, 0
247, 1, 0
128, 1, 0
125, 1, 0
125, 1, -1
125, 1, 0
247, 1, 0
128, 1, 0
125, 1, 0
125, 1, 0
247, 1, 0
128, 1, 0
125, 1, 0
125, 1, -1
125, 1, 0
247, 1, 0
128, 1, 0
125, 1, 0
125, 1, 0
247, 1, -1
128, 1, 0
125, 1, 0
125, 1, 0
125, 1, 0
247, 1, 0
128, 1, 0
125, 1, 0
126, 1, -1
125, 1, 0
246, 1, 0
128, 1, 0
125, 1, 0
125, 1, 0
247, 1, -1
128, 1, 0
125, 1, 0
125, 1, 0
126, 1, 0
124, 1, 0
247, 1, 0
128, 1, 0
125, 1, 0
125, 0, -1
125, 1, 0
125, 1, 0
125, 1, 0
125, 1, 0
125, 1, 0
247, 1, 0
129, 1, -1
246, 1, 0
128, 1, 0
125, 1, 0
125, 1, 0
125, 1, 0
247, 1, 0
300, 1, 0
203, 1, -1
125, 2, 0
125, 1, 0
125, 1, 0
247, 1, 0
128, 1, 0
126, 1, -1
124, 1, 0
247, 1, 0
130, 1, 0
123, 1, 0
247, 1, 0
132, 1, 0
131, 1, 0
118, 0, -1
125, 1, 0
125, 1, 0
153, 1, 0
96, 1, 0
248, 1, 0
128, 1, 0
125, 1, 0
137, 0, -1
116, 1, 0
122, 1, 0
125, 1, 0
248, 1, 0
127, 1, 0
143, 1, 0
231, 1, -1
137, 1, 0
237, 1, 0
128, 1, 0
124, 1, 0
249, 1, 0
126, 1, 0
125, 1, 0
125, 0, -1
125, 1, 0
125, 1, 0
249, 1, 0
126, 1, 0
127, 1, 0
248, 1, -1
126, 1, 0
124, 1, 0
247, 1, 0
128, 1, 0
124, 1, 0
248, 1, 0
128, 0, -1
124, 1, 0
126, 1, 0
247, 1, 0
131, 1, 0
124, 1, 0
245, 1, 0
128, 1, 0
125, 0, -1
125, 1, 0
125, 1, 0
266, 1, 0
108, 1, 0
248, 1, 0
127, 1, 0
127, 0, -1
124, 1, 0
125, 1, 0
247, 1, 0
128, 1, 0
247, 1, 0
250, 1, 0
128, 1, 0
125, 0, -1
125, 1, 0
124, 1, 0
248, 1, 0
250, 1, 0
128, 1, 0
247, 1, 0
128, 1, -1
247, 1, 0
128, 1, 0
249, 1, 0
248, 1, 0
250, 1, 0
127, 1, 0
248, 1, -1
250, 1, 0
249, 1, 0
128, 1, 0
247, 1, 0
251, 1, 0
250, 1, -1
249, 1, 0
129, 1, 0
248, 1, 0
250, 1, 0
249, 1, 0
251, 1, 0
247, 1, -1
250, 1, 0
249, 1, 0
250, 1, 0
251, 1, 0
249, 1, 0
250, 1, 0
257, 1, 0
129, 0, -1
243, 1, 0
130, 1, 0
369, 1, 0
251, 1, 0
250, 1, 0
375, 1, 0
249, 1, -1
250, 1, 0
376, 1, 0
251, 1, 0
375, 1, 0
406, 1, 0
217, 1, 0
406, 1, 0
105, 0, -1
240, 1, 0
249, 1, 0
407, 1, 0
343, 1, 0
532, 1, 0
344, 1, 0
386, 1, 0
394, 1, 0
594, 1, -1
408, 1, 0
499, 1, 0
624, 1, 0
595, 1, 0
658, 1, 0
718, 1, 0
657, 1, 0
1257, 1, 0
1461, 1, 0
1425, 0, -1
14978, -1, 0
2643, -1, 0
1844, -1, 0
1758, -1, 0
1369, -1, 0
1246, -1, 0
905, -1, 0
979, -1, 0
744, -1, 0
874, -1, 0
784, -1, 0
574, -1, 0
658, -1, 0
624, -1, 0
593, -1, 0
766, -1, 0
357, -1, 0
408, -1, 0
466, -1, 0
536, -1, 0
464, -1, 0
377, -1, 0
539, -1, 0
334, -1, 0
430, -1, 0
446, -1, 0
374, -1, 0
407, -1, 0
343, -1, 0
408, -1, 0
217, -1, 0
500, -1, 0
253, -1, 0
405, -1, 0
217, -1, 0
409, -1, 0
341, -1, 1
250, -1, 0
409, -1, 0
216, -1, 0
250, -1, 0
376, -1, 0
249, -1, 0
250, -1, 0
408, -1, 0
97, 0, 1
123, -1, 0
247, -1, 0
378, -1, 0
125, -1, 0
407, -1, 0
215, -1, 0
250, -1, 0
128, 0, 1
124, -1, 0
248, -1, 0
250, -1, 0
250, -1, 0
250, -1, 0
250, -1, 0
250, -1, 0
128, -1, 0
247, -1, 1
250, -1, 0
250, -1, 0
250, -1, 0
249, -1, 0
250, -1, 0
129, -1, 0
247, -1, 0
128, 0, 1
250, -1, 0
254, -1, 0
121, -1, 0
124, -1, 0
248, -1, 0
128, -1, 0
247, -1, 1
250, -1, 0
127, -1, 0
248, -1, 0
250, -1, 0
127, -1, 0
247, -1, 0
129, -1, 1
246, -1, 0
250, -1, 0
128, -1, 0
247, -1, 0
250, -1, 0
128, -1, 1
125, -1, 0
247, -1, 0
128, -1, 0
248, -1, 0
249, -1, 0
128, -1, 1
131, -1, 0
245, -1, 0
249, -1, 0
128, -1, 0
247, -1, 0
128, -1, 1
128, -1, 0
248, -1, 0
125, -1, 0
246, -1, 0
128, -1, 0
249, -1, 1
126, -1, 0
125, -1, 0
247, -1, 0
128, -1, 0
247, -1, 0
128, -1, 0
125, -1, 1
125, -1, 0
247, -1, 0
128, -1, 0
125, -1, 0
247, -1, 0
128, -1, 0
125, -1, 1
247, -1, 0
128, -1, 0
125, -1, 0
247, -1, 0
131, -1, 1
245, -1, 0
127, -1, 0
125, -1, 0
125, -1, 0
127, -1, 0
245, -1, 1
128, -1, 0
128, -1, 0
125, -1, 0
244, -1, 0
144, -1, 0
112, -1, 0
124, -1, 1
126, -1, 0
244, -1, 0
128, -1, 0
131, -1, 0
119, -1, 0
126, 0, 1
124, -1, 0
125, -1, 0
125, -1, 0
249, -1, 0
126, -1, 0
125, -1, 1
127, -1, 0
124, -1, 0
124, -1, 0
125, -1, 0
248, -1, 0
127, -1, 1
125, -1, 0
125, -1, 0
248, -2, 0
250, -1, 0
129, -1, 1
123, -1, 0
127, -1, 0
126, -1, 0
124, -1, 0
424, -1, 1
197, -1, 0
125, -3, 0
124, -1, 0
126, -1, 0
125, 0, 1
124, -1, 0
125, -1, 0
125, -1, 0
125, -1, 0
126, -1, 0
124, -1, 0
125, 0, 1
125, -2, 0
247, -1, 0
220, -1, 0
41, -1, 1
129, -1, 0
139, -1, 0
112, -1, 0
118, -1, 0
125, -1, 0
245, -1, 1
131, -1, 0
124, -1, 0
125, -1, 0
132, -1, 0
116, -1, 0
125, -1, 1
125, -1, 0
124, -1, 0
125, -1, 0
244, -2, 1
250, -2, 0
251, -1, 0
131, -1, 0
125, -1, 0
125, -1, 1
125, -1, 0
124, -1, 0
125, -1, 0
125, -1, 0
125, -1, 0
125, -1, 0
125, -1, 1
125, -1, 0
125, -1, 0
125, -1, 0
125, -1, 0
125, -1, 1
126, -1, 0
135, -1, 0
122, -1, 0
243, -2, 0
250, -2, 1
249, -1, 0
131, -1, 0
123, -1, 0
126, -1, 1
151, -1, 0
93, -1, 0
124, -1, 0
125, -1, 0
125, -1, 0
126, -1, 1
124, -1, 0
125, -1, 0
125, -1, 0
125, -1, 0
125, -1, 0
125, -1, 1
125, -1, 0
126, -1, 0
124, -1, 0
126, -1, 0
124, -1, 1
125, -1, 0
125, -1, 0
125, -1, 0
125, -1, 0
130, -1, 1
125, -1, 0
123, -1, 0
125, -1, 0
125, -1, 0
125, -1, 0
126, -1, 1
124, -1, 0
125, -1, 0
126, -1, 0
125, -1, 0
124, -1, 0
125, -1, 1
125, -1, 0
125, -1, 0
125, -1, 0
129, -1, 0
126, -1, 1
122, -1, 0
128, -1, 0
138, -1, 0
113, -1, 0
123, -1, 0
126, -1, 1
124, -1, 0
125, -2, 0
249, -1, 0
126, -1, 1
123, -1, 0
126, -2, 0
246, -2, 0
251, -2, 1
127, -1, 0
126, -1, 0
124, -1, 0
126, -1, 0
128, -1, 0
123, -1, 1
126, -1, 0
124, -1, 0
466, -2, 0
162, -1, 1
122, -3, 0
126, -1, 1
120, -1, 0
127, -1, 0
123, -1, 0
126, -1, 0
126, -1, 0
126, -1, 1
122, -1, 0
124, -1, 0
125, -1, 0
129, -1, 0
125, -1, 1
126, -1, 0
120, -1, 0
125, -1, 0
181, -1, 0
89, -1, 1
108, -1, 0
125, -1, 0
124, -1, 0
123, -1, 0
126, -1, 0
130, -2, 1
253, -2, 0
246, -2, 0
129, -1, 0
135, 0, 1
115, -2, 0
245, -2, 0
130, -1, 0
121, -1, 1
250, -2, 0
127, -1, 0
126, -1, 0
126, -1, 0
245, -2, 1
130, -1, 0
122, -1, 0
133, -1, 0
114, -1, 1
127, -1, 0
125, -1, 0
122, -1, 0
131, -1, 0
120, -1, 0
125, -1, 1
129, -1, 0
121, -1, 0
125, -1, 0
123, -1, 0
128, -1, 0
124, -1, 1
125, -1, 0
123, -1, 0
124, -1, 0
125, -1, 0
126, -1, 0
131, -1, 1
123, -1, 0
130, -1, 0
121, -1, 0
125, -1, 0
119, -1, 0
127, -1, 1
122, -1, 0
126, -1, 0
126, -1, 0
127, -1, 0
122, -1, 0
123, -1, 1
129, -1, 0
125, -1, 0
123, -1, 0
124, -1, 0
124, -1, 1
138, -1, 0
128, -1, 0
117, -1, 0
123, -1, 0
127, -1, 0
124, -1, 0
121, -1, 1
123, -1, 0
125, -1, 0
126, -1, 0
126, -1, 0
127, -1, 1
123, -1, 0
132, -1, 0
121, -1, 0
126, -1, 0
125, -1, 0
125, -1, 0
126, -1, 1
125, -1, 0
128, -1, 0
120, -1, 0
123, -1, 0
125, -1, 0
125, -1, 1
125, -1, 0
124, -1, 0
124, -1, 0
128, -1, 0
123, -1, 0
125, -1, 1
127, -1, 0
124, -1, 0
123, -1, 0
124, -1, 0
132, -1, 0
120, -1, 1
127, -1, 0
124, -1, 0
141, -1, 0
114, -1, 0
123, -1, 0
124, -1, 0
126, -1, 0
125, -1, 1
123, -1, 0
124, -1, 0
125, -1, 0
275, -1, 0
238, -1, 0
110, -3, 1
122, -1, 0
126, -1, 0
249, -2, 0
127, -1, 1
123, -1, 0
248, -2, 0
250, -1, 0
127, -1, 0
125, -2, 1
247, -1, 0
128, -1, 0
137, -1, 0
114, -1, 0
125, -1, 0
124, -1, 1
127, -1, 0
123, -1, 0
125, -1, 0
126, -1, 0
137, -1, 0
116, -1, 1
125, -1, 0
246, -2, 0
251, -1, 0
127, -1, 0
125, -1, 0
125, -1, 1
126, -1, 0
164, -1, 0
92, -1, 0
138, -1, 0
247, -2, 0
114, 0, 1
126, -1, 0
124, -1, 0
124, -1, 0
124, -1, 0
129, -1, 0
124, -1, 0
123, -1, 0
125, -1, 1
125, -1, 0
126, -1, 0
243, -1, 0
131, -1, 0
125, -1, 0
125, -1, 1
124, -1, 0
125, -1, 0
126, -1, 0
125, -1, 0
124, -1, 0
244, -1, 0
131, -1, 0
126, -1, 1
124, -1, 0
125, -1, 0
126, -1, 0
124, -1, 0
126, -1, 0
244, -2, 1
250, -1, 0
130, -1, 0
127, -1, 0
133, -1, 0
235, -2, 0
250, -1, 0
131, -1, 0
125, -1, 1
125, -1, 0
243, -1, 0
131, -1, 0
122, -1, 0
142, -1, 0
107, -1, 1
125, -1, 0
124, -1, 0
249, -1, 0
127, -1, 0
125, -1, 0
128, -1, 0
244, -1, 0
128, -1, 0
125, -1, 0
125, -1, 1
125, -1, 0
247, -1, 0
128, -1, 0
248, -1, 0
136, -1, 0
122, -1, 0
125, -1, 0
126, -1, 1
247, -1, 0
128, -1, 0
125, -1, 0
122, -1, 0
123, -1, 0
251, -1, 0
125, -1, 0
245, -1, 0
129, -1, 1
126, -1, 0
124, -1, 0
124, -1, 0
247, -1, 0
310, -1, 0
198, -1, 0
119, -2, 0
246, -1, 0
130, -1, 1
123, -1, 0
247, -1, 0
128, -1, 0
125, -1, 0
125, -1, 0
247, -1, 0
128, -1, 0
126, -1, 1
246, -1, 0
128, -1, 0
126, -1, 0
247, -1, 0
127, -1, 0
248, -1, 0
128, -1, 0
247, -1, 0
132, -1, 0
243, -1, 1
127, -1, 0
126, -1, 0
246, -1, 0
128, -1, 0
247, -1, 0
129, -1, 0
247, -1, 0
128, -1, 0
246, -1, 0
128, -1, 0
248, -1, 0
128, -1, 0
246, -1, 0
128, -1, 1
301, -1, 0
80, -1, 0
272, -1, 0
101, -1, 0
244, -1, 0
249, -1, 0
129, -1, 0
244, -1, 0
250, -1, 0
131, -1, 0
244, -1, 0
250, -1, 0
131, -1, 0
244, -1, 0
131, -1, 0
125, 0, 1
125, -1, 0
244, -1, 0
250, -1, 0
131, -1, 0
245, -1, 0
249, -1, 0
250, -1, 0
131, -1, 0
247, -1, 0
248, -1, 0
250, -1, 0
251, -1, 0
129, -1, 0
244, -1, 0
262, -1, 0
239, -1, 0
249, -1, 0
250, -1, 0
251, -1, 0
127, -1, 1
247, -1, 0
250, -1, 0
250, -1, 0
250, -1, 0
250, -1, 0
250, -1, 0
250, -1, 0
251, -1, 0
249, -1, 0
414, -1, 0
280, -1, 0
184, -1, 0
247, -1, 0
403, -1, 0
221, -1, 0
250, -1, 0
251, -1, 0
396, -1, 0
229, -1, 0
403, -1, 0
222, -1, 0
401, -1, 0
223, -1, 0
259, -1, 0
430, -1, 0
317, -1, 0
375, -1, 0
249, -1, 0
425, -1, 0
326, -1, 0
423, -1, 0
327, -1, 0
374, -1, 0
449, -1, 0
384, -1, 0
462, -1, 0
330, -1, 0
421, -1, 0
498, -1, 0
503, -1, 0
454, -1, 0
500, -1, 0
500, -1, 0
676, -1, 0
622, -1, 0
629, -1, 0
727, -1, 0
898, -1, 0
749, -1, 0
948, -1, 0
1419, -1, 0
1703, -1, 0
3286, 0, -1
16651, 1, 0
2991, 1, 0
1839, 1, 0
1628, 1, 0
1410, 1, 0
1091, 1, 0
1301, 1, 0
862, 1, 0
960, 1, 0
783, 1, 0
715, 1, 0
883, 1, 0
784, 1, 0
743, 1, 0
591, 1, 0
751, 1, 0
625, 1, 0
627, 1, 0
656, 1, 0
715, 1, 0
524, 1, 0
477, 1, 0
659, 1, 0
624, 1, 0
499, 1, 0
625, 1, 0
470, 1, 0
534, 1, 0
467, 1, 0
499, 1, 0
372, 1, 0
628, 1, 0
543, 1, 0
334, 1, 0
496, 1, 0
499, 1, 0
373, 1, 0
499, 1, 0
378, 1, 0
534, 1, 0
341, 1, 0
372, 1, 0
527, 1, 0
349, 1, 0
373, 1, 0
504, 1, 0
248, 1, 0
534, 1, 0
341, 1, 0
377, 1, 0
375, 1, 0
378, 1, 0
371, 1, 0
377, 1, 0
249, 1, 0
557, 1, 0
187, 1, 0
377, 1, 0
378, 1, 0
376, 1, 0
250, 1, 0
372, 1, 0
375, 1, 0
253, 1, 0
373, 1, 0
248, 1, 0
378, 1, 0
373, 1, 0
253, 1, 0
376, 1, 0
249, 1, 0
373, 1, 0
250, 1, 0
377, 1, 0
248, 1, 0
248, 1, 0
379, 1, 0
255, 1, 0
320, 1, 0
329, 1, 0
220, 1, 0
250, 1, 0
374, 1, 0
250, 1, 0
252, 1, 0
247, 1, 0
399, 1, 0
244, 1, 0
246, 1, 0
247, 1, 0
249, 1, 0
268, 1, 0
360, 1, 0
250, 1, 0
249, 1, 0
255, 1, 0
244, 1, 0
249, 1, 0
249, 1, 0
252, 1, 0
251, 1, 0
248, 1, 0
250, 1, 0
128, 1, 0
507, 1, 0
243, 1, 0
124, 1, 0
269, 1, 0
117, 1, 0
241, 1, 0
247, 1, 0
249, 1, 0
259, 1, 0
243, 1, 0
245, 1, 0
250, 1, 0
250, 1, 0
134, 1, 0
244, 1, 0
251, 1, 0
248, 1, 0
257, 1, 0
247, 1, 0
246, 1, 0
129, 1, 0
245, 1, 0
257, 1, 0
244, 1, 0
128, 1, 0
245, 1, 0
250, 1, 0
254, 1, 0
125, 1, 0
272, 1, 0
226, 1, 0
126, 1, -1
374, 1, 0
126, 1, 0
250, 1, 0
129, 1, 0
244, 1, 0
253, 1, 0
125, 1, 0
246, 1, 0
250, 1, 0
257, 1, 0
129, 1, 0
377, 1, 0
240, 1, 0
120, 1, -1
127, 1, 0
125, 1, 0
244, 1, 0
249, 1, 0
127, 1, 0
126, 1, 0
249, 1, 0
248, 1, 0
247, 1, 0
128, 1, 0
247, 1, 0
132, 1, 0
244, 1, 0
152, 1, 0
225, 1, -1
128, 1, 0
253, 1, 0
247, 1, 0
125, 1, 0
126, 1, 0
246, 1, 0
254, 1, 0
145, 1, 0
117, 1, 0
247, 1, 0
131, 1, 0
242, 1, -1
257, 1, 0
122, 1, 0
123, 1, 0
247, 1, 0
250, 1, 0
127, 1, 0
277, 1, 0
108, 1, 0
123, 1, 0
243, 1, 0
127, 1, 0
125, 0, -1
130, 1, 0
122, 1, 0
244, 1, 0
127, 1, 0
248, 1, 0
127, 1, 0
124, 1, 0
249, 1, 0
127, 1, 0
125, 1, 0
247, 1, 0
128, 1, -1
253, 1, 0
245, 1, 0
130, 1, 0
124, 1, 0
247, 1, 0
128, 1, 0
249, 1, 0
124, 1, 0
125, 1, -1
246, 1, 0
128, 1, 0
125, 1, 0
255, 1, 0
121, 1, 0
126, 1, 0
245, 1, 0
129, 1, -1
247, 1, 0
134, 1, 0
119, 1, 0
247, 1, 0
128, 1, 0
251, 1, 0
125, 1, 0
133, 1, 0
242, 1, 0
126, 1, -1
122, 1, 0
248, 1, 0
127, 1, 0
132, 1, 0
242, 1, 0
127, 1, 0
124, 1, 0
247, 1, 0
128, 1, -1
134, 1, 0
241, 1, 0
126, 1, 0
299, 1, 0
217, 1, 0
138, 2, 0
234, 1, -1
120, 1, 0
119, 1, 0
125, 1, 0
244, 1, 0
128, 1, 0
132, 1, 0
121, 1, 0
245, 1, 0
127, 1, -1
248, 1, 0
127, 1, 0
133, 1, 0
241, 1, 0
126, 1, 0
125, 1, 0
125, 1, 0
125, 1, -1
247, 1, 0
139, 1, 0
240, 1, 0
127, 1, 0
124, 1, 0
247, 2, 0
259, 1, -1
121, 1, 0
123, 1, 0
245, 1, 0
128, 1, 0
244, 1, 0
128, 1, 0
132, 1, 0
118, 1, -1
125, 1, 0
248, 1, 0
127, 1, 0
247, 1, 0
135, 1, 0
118, 1, 0
127, 1, 0
123, 1, -1
247, 1, 0
129, 1, 0
124, 1, 0
249, 2, 0
249, 1, 0
127, 1, 0
125, 0, -1
125, 1, 0
125, 1, 0
132, 1, 0
242, 2, 0
250, 1, 0
153, 1, -1
222, 1, 0
136, 1, 0
121, 1, 0
123, 1, 0
124, 1, 0
247, 1, 0
126, 1, 0
124, 1, -1
250, 1, 0
126, 1, 0
132, 1, 0
120, 1, 0
244, 1, 0
128, 1, -1
125, 1, 0
131, 1, 0
120, 1, 0
246, 1, 0
128, 1, 0
125, 1, 0
125, 1, 0
247, 1, 0
135, 1, 0
119, 1, -1
246, 1, 0
128, 1, 0
125, 1, 0
127, 1, 0
255, 1, 0
121, 1, 0
124, 1, 0
123, 1, -1
125, 1, 0
247, 1, 0
128, 1, 0
131, 1, 0
243, 1, 0
126, 1, 0
125, 1, 0
125, 1, -1
247, 1, 0
134, 1, 0
121, 1, 0
124, 1, 0
124, 1, 0
334, 1, 0
33, 1, -1
256, 1, 0
125, 1, 0
121, 1, 0
123, 1, 0
125, 1, 0
247, 1, 0
128, 1, 0
125, 1, -1
249, 1, 0
126, 1, 0
125, 1, 0
125, 1, 0
246, 1, 0
129, 1, 0
129, 1, -1
122, 1, 0
246, 1, 0
127, 1, 0
125, 1, 0
248, 1, 0
130, 1, 0
135, 1, 0
237, 1, -1
127, 1, 0
125, 1, 0
125, 1, 0
246, 1, 0
131, 1, 0
123, 1, 0
246, 1, -1
127, 1, 0
126, 1, 0
125, 1, 0
125, 1, 0
251, 1, 0
124, 1, 0
247, 1, 0
128, 1, -1
125, 1, 0
247, 1, 0
129, 1, 0
124, 1, 0
126, 1, 0
125, 1, 0
247, 1, 0
127, 1, -1
252, 1, 0
123, 1, 0
123, 1, 0
249, 1, 0
126, 1, 0
125, 1, 0
125, 1, 0
127, 0, -1
128, 1, 0
121, 1, 0
124, 1, 0
247, 1, 0
133, 1, 0
124, 1, 0
249, 1, -1
129, 1, 0
119, 1, 0
250, 1, 0
126, 1, 0
247, 1, 0
127, 1, 0
126, 1, -1
248, 1, 0
125, 1, 0
248, 1, 0
127, 1, 0
128, 1, 0
278, 1, 0
263, 1, 0
129, 1, 0
98, 1, -1
252, 1, 0
123, 1, 0
121, 1, 0
249, 1, 0
127, 1, 0
248, 1, -1
127, 1, 0
123, 1, 0
250, 1, 0
128, 1, 0
246, 1, 0
127, 1, 0
222, 1, -1
129, 1, 0
247, 1, 0
126, 1, 0
247, 1, 0
128, 1, 0
247, 1, 0
128, 1, -1
553, 2, 0
74, 1, 0
123, 1, 0
245, 1, 0
128, 1, 0
248, 1, -1
127, 1, 0
403, 1, 0
107, 1, 0
115, 1, 0
247, 1, 0
250, 1, 0
128, 1, 0
125, 0, -1
125, 1, 0
125, 1, 0
247, 1, 0
250, 1, 0
128, 1, 0
247, 1, 0
252, 1, -1
248, 1, 0
128, 1, 0
247, 1, 0
250, 1, 0
127, 1, 0
248, 1, 0
250, 1, 0
250, 1, 0
128, 1, -1
402, 1, 0
220, 1, 0
128, 1, 0
247, 1, 0
250, 1, 0
250, 1, 0
250, 1, -1
250, 1, 0
250, 1, 0
250, 1, 0
250, 1, 0
250, 1, 0
251, 1, 0
249, 1, 0
250, 1, 0
250, 1, -1
250, 1, 0
250, 1, 0
250, 1, 0
250, 1, 0
583, 1, 0
171, 1, 0
124, 1, 0
247, 1, 0
128, 0, -1
247, 1, 0
407, 1, 0
218, 1, 0
250, 1, 0
405, 1, 0
220, 1, 0
407, 1, 0
402, 1, 0
191, 1, 0
407, 1, 0
218, 0, -1
128, 1, 0
372, 1, 0
405, 1, 0
476, 1, 0
249, 1, 0
398, 1, 0
480, 1, 0
367, 1, 0
375, 1, 0
501, 1, 0
507, 1, -1
493, 1, 0
501, 1, 0
498, 1, 0
658, 1, 0
624, 1, 0
627, 1, 0
716, 1, 0
919, 1, 0
990, 1, 0
1124, 1, 0
1882, 1, 0
33557, -1, 0
5984, -1, 0
167, 0, -1
4414, -1, 0
3878, -1, 0
3020, -1, 0
2382, -1, 0
1123, 0, -1
1499, -1, 0
2363, -1, 0
1874, -1, 0
1371, 0, -1
726, -1, 0
2282, -1, 0
1879, -1, 0
1334, 0, -1
757, -1, 0
1787, -1, 0
2113, -1, 0
1726, 0, -1
491, -1, 0
2172, -1, 0
1702, -1, 0
1533, 0, -1
1002, -1, 0
2494, -1, 0
2501, -1, 0
750, 0, -1
2109, -1, 0
3487, -1, 0
1155, 0, -1
1770, -1, 0
4244, -1, 0
880, 0, -1
3607, -1, 0
3260, 0, -1
1231, -1, 0
5270, 0, -1
4495, 0, -1
3871, 0, -1
3145, 0, -1
3087, 0, -1
3258, 0, -1
2757, 0, -1
339, 1, 0
2631, 0, -1
1504, 1, 0
1527, 0, -1
2215, 0, -1
498, 1, 0
2540, 0, -1
465, 1, 0
1887, 0, -1
994, 1, 0
1626, 0, -1
777, 1, 0
1217, 0, -1
909, 1, 0
1213, 0, -1
916, 1, 0
1243, 0, -1
598, 1, 0
1400, 0, -1
342, 1, 0
1371, 1, -1
1669, 1, 0
332, 0, -1
1127, 1, 0
660, 0, -1
875, 1, 0
998, 0, -1
216, 1, 0
1383, 0, -1
120, 1, 0
1389, 1, 0
490, 0, -1
622, 1, 0
1003, 0, -1
284, 1, 0
1374, 1, -1
1269, 1, 0
694, 0, -1
375, 1, 0
1160, 1, -1
1342, 1, 0
500, 0, -1
498, 1, 0
1126, 1, 0
249, 0, -1
879, 1, 0
998, 1, 0
126, 0, -1
1123, 1, 0
249, 0, -1
526, 1, 0
1105, 1, 0
245, 0, -1
876, 1, 0
999, 1, -1
1004, 1, 0
535, 0, -1
593, 1, 0
1124, 1, 0
123, 0, -1
1000, 1, 0
655, 0, -1
219, 1, 0
1035, 1, 0
338, 0, -1
798, 1, 0
985, 1, 0
340, 0, -1
531, 1, 0
1252, 1, -1
1001, 1, 0
876, 0, -1
94, 1, 0
1033, 1, 0
840, 0, -1
261, 1, 0
897, 1, 0
865, 0, -1
225, 1, 0
1135, 1, 0
870, 0, -1
245, 1, 0
1039, 1, 0
963, 0, -1
122, 1, 0
1128, 1, 0
1162, 1, 0
90, 0, -1
998, 1, 0
1253, 1, 0
246, 0, -1
785, 1, 0
1217, 1, 0
656, 0, -1
467, 1, 0
1126, 1, 0
749, 0, -1
535, 1, 0
1249, 1, 0
1262, 1, 0
84, 0, -1
1031, 1, 0
1218, 1, 0
903, 0, -1
218, 1, 0
1409, 1, 0
841, 0, -1
374, 1, 0
1285, 1, 0
1340, 1, 0
375, 0, -1
901, 1, 0
1509, 1, 0
504, 0, -1
879, 1, 0
1381, 1, 0
1734, 0, -1
106, 1, 0
1374, 1, 0
1908, 1, 0
1624, 0, -1
462, 1, 0
2662, 1, 0
2250, 1, -1
4221, 1, 0
59782, 1, 0
339, 0, -1
5122, 1, 0
2760, 0, -1
880, 1, 0
2801, 1, 0
172, 0, -1
2165, 1, 0
1746, 0, -1
335, 1, 0
1915, 1, 0
980, 0, -1
1143, 1, 0
1485, 0, -1
496, 1, 0
1746, 1, 0
372, 0, -1
1251, 1, 0
1385, 0, -1
855, 1, 0
1999, 1, -1
2054, 1, 0
446, 0, -1
1913, 1, 0
624, 0, -1
1713, 1, 0
786, 0, -1
1590, 1, 0
665, 0, -1
1979, 1, 0
1516, 0, -1
1514, 1, 0
893, 0, -1
1818, 1, 0
908, 0, -1
2339, 1, 0
780, 0, -1
2876, 1, 0
517, 0, -1
2326, 1, -1
3519, 1, 0
233, 0, -1
2501, 1, 0
406, 0, -1
2466, 1, -1
2790, 1, 0
338, 0, -1
1910, 1, 0
873, 0, -1
1375, 1, 0
1002, 0, -1
1091, 1, 0
1786, 0, -1
100, 1, 0
2110, 1, 0
499, 0, -1
1414, 1, 0
1511, 0, -1
483, 1, 0
1751, 1, 0
465, 0, -1
1410, 1, 0
1625, 1, -1
2097, 1, 0
792, 0, -1
825, 1, 0
1983, 1, 0
539, 0, -1
1755, 1, 0
1247, 0, -1
498, 1, 0
2121, 1, 0
1389, 0, -1
993, 1, 0
2502, 1, 0
621, 0, -1
1752, 1, 0
2514, 1, 0
71, 0, -1
4074, 1, 0
2475, 0, -1
1252, 1, 0
5505, 1, 0
2853, 0, -1
14241, 1, 0
12373, 1, 0
6880, 1, 0
2659, 0, -1
3329, 1, 0
4159, 1, 0
5914, 1, 0
3085, 0, -1
8755, 0, 0
113152, 0, 0
